QTSP continuous window-size and Werner-parameter update.
Main run: one continuous QTSP simulation, updated at each source T_W boundary.
Update rule: W_next = W + gamma * (target_tp - observed_tp).
Update rule: w_next = w + gamma * ((tp_plus - tp_minus) / (w_plus - w_minus)).
Werner plus/minus probes are independent one-window QTSP runs; the main run is not restarted.
Werner parameter is clamped to [1.0e-6, 0.999999].

Initial update parameters:
  target_tp = 1.0
  iterations = 2000
  sim_time = 600000.0
  window_stats_interval = 300.0
  initial_window_size = 10
  initial_werner_w = 0.35360344272300837
  max_window_size = 100
  min_window_size = 1.0
  werner_bounds = [1.0e-6, 0.999999]
  rng_seed = 42
  parallel_within_iteration = true
  julia_threads = 1
  probe_repeats = 1
  gamma(1) = 0.03953438965034929
  delta(1) = 0.027722633142456987

Default simulation parameters before run overrides:
  flow_uuid = 4001
  werner_w = 0.75
  chi = 30.0
  send_rate = nothing
  distance_km = 25.0
  a_eta = 1.0
  beta_per_km = 0.046
  detector_a_p = 0.9
  detection_prob = nothing
  initial_window_size = 10
  max_window_size = 100
  memory_slots = nothing
  classical_delay = 0.0
  edge_classical_delays = nothing
  quantum_delay = 1.0
  initial_delay = 0.0
  source_ack_timeout = 10.0
  window_stats_interval = 1000.0

Run simulation parameters:
  source_node = 22
  destination_node = 9
  flow_uuid = 4001
  chi = 30.0
  send_rate = nothing
  distance_km = 25.0
  a_eta = 1.0
  beta_per_km = 0.046
  detector_a_p = 0.9
  detection_prob = nothing
  memory_slots = nothing
  classical_delay_fallback = 0.0
  edge_classical_delays = provided (68 edges; min=1.449228e-05, max=0.000561314176, mean=0.000157884802)
  quantum_delay = 1.0
  initial_delay = 0.0
  source_ack_timeout = 10.0

iter |    start |      end |    gamma |    delta |      W_est |  W_run |        w |   target |       tp |  tp_plus | tp_minus |     w_grad |     sent |    acked |  timeout |     W_next | Wrun_n |   w_next |   rate_n
-----------------------------------------------------------------------------------------------------------------------------------------------------------------------------------------------------------------------
   1 | 0.000000 | 300.0000 | 0.039534 | 0.027723 |  10.000000 |     10 | 0.353603 | 1.000000 | 0.550000 | 0.533333 | 0.470000 |   1.142268 |      356 |      165 |      181 |  10.017790 |     11 | 0.398762 | 15.22437
   2 | 300.0000 | 600.0000 | 0.039263 | 0.027642 |  10.017790 |     11 | 0.398762 | 1.000000 | 0.636667 | 0.700000 | 0.646667 |   0.964715 |      387 |      191 |      195 |  10.032056 |     11 | 0.436640 | 14.26525
   3 | 600.0000 | 900.0000 | 0.038995 | 0.027563 |  10.032056 |     11 | 0.436640 | 1.000000 | 0.676667 | 0.756667 | 0.680000 |   1.390746 |      391 |      203 |      188 |  10.044664 |     11 | 0.490872 | 12.89198
   4 | 900.0000 | 1200.000 | 0.038733 | 0.027486 |  10.044664 |     11 | 0.490872 | 1.000000 | 0.683333 | 0.756667 | 0.710000 |   0.848918 |      391 |      205 |      186 |  10.056930 |     11 | 0.523753 | 12.05938
   5 | 1200.000 | 1500.000 | 0.038474 | 0.027410 |  10.056930 |     11 | 0.523753 | 1.000000 | 0.726667 | 0.786667 | 0.720000 |   1.216083 |      394 |      218 |      176 |  10.067446 |     11 | 0.570541 | 10.87464
   6 | 1500.000 | 1800.000 | 0.038220 | 0.027336 |  10.067446 |     11 | 0.570541 | 1.000000 | 0.760000 | 0.850000 | 0.773333 |   1.402280 |      400 |      228 |      172 |  10.076619 |     11 | 0.624135 | 9.517539
   7 | 1800.000 | 2100.000 | 0.037969 | 0.027264 |  10.076619 |     11 | 0.624135 | 1.000000 | 0.813333 | 0.913333 | 0.896667 |   0.305654 |      404 |      244 |      160 |  10.083706 |     11 | 0.635741 | 9.223670
   8 | 2100.000 | 2400.000 | 0.037723 | 0.027193 |  10.083706 |     11 | 0.635741 | 1.000000 | 0.880000 | 0.960000 | 0.850000 |   2.022585 |      408 |      264 |      144 |  10.088233 |     11 | 0.712038 | 7.291686
   9 | 2400.000 | 2700.000 | 0.037480 | 0.027123 |  10.088233 |     11 | 0.712038 | 1.000000 | 0.946667 | 1.036667 | 1.020000 |   0.307239 |      414 |      284 |      130 |  10.090232 |     11 | 0.723554 | 7.000097
  10 | 2700.000 | 3000.000 | 0.037241 | 0.027055 |  10.090232 |     11 | 0.723554 | 1.000000 | 0.923333 | 0.943333 | 1.010000 |  -1.232059 |      413 |      277 |      136 |  10.093087 |     11 | 0.677670 | 8.161946
  11 | 3000.000 | 3300.000 | 0.037006 | 0.026988 |  10.093087 |     11 | 0.677670 | 1.000000 | 0.936667 | 1.030000 | 0.863333 |   3.087793 |      416 |      281 |      135 |  10.095431 |     11 | 0.791937 | 5.268501
  12 | 3300.000 | 3600.000 | 0.036775 | 0.026922 |  10.095431 |     11 | 0.791937 | 1.000000 | 1.013333 | 1.106667 | 1.043333 |   1.176227 |      421 |      304 |      117 |  10.094941 |     11 | 0.835193 | 4.173204
  13 | 3600.000 | 3900.000 | 0.036546 | 0.026858 |  10.094941 |     11 | 0.835193 | 1.000000 | 1.086667 | 1.150000 | 1.040000 |   2.047829 |      426 |      326 |      100 |  10.091773 |     11 | 0.910034 | 2.278105
  14 | 3900.000 | 4200.000 | 0.036322 | 0.026794 |  10.091773 |     11 | 0.910034 | 1.000000 | 1.243333 | 1.193333 | 1.136667 |   1.057437 |      438 |      373 |       65 |  10.082935 |     11 | 0.948442 | 1.305549
  15 | 4200.000 | 4500.000 | 0.036100 | 0.026732 |  10.082935 |     11 | 0.948442 | 1.000000 | 1.126667 | 0.546667 | 1.143333 | -11.160118 |      387 |      338 |       51 |  10.078362 |     11 | 0.545557 | 11.50727
  16 | 4500.000 | 4800.000 | 0.035882 | 0.026671 |  10.078362 |     11 | 0.545557 | 1.000000 | 0.736667 | 0.776667 | 0.716667 |   1.124820 |      395 |      221 |      172 |  10.087811 |     11 | 0.585918 | 10.48526
  17 | 4800.000 | 5100.000 | 0.035667 | 0.026611 |  10.087811 |     11 | 0.585918 | 1.000000 | 0.843333 | 0.856667 | 0.856667 |   0.000000 |      408 |      253 |      155 |  10.093399 |     11 | 0.585918 | 10.48526
  18 | 5100.000 | 5400.000 | 0.035455 | 0.026552 |  10.093399 |     11 | 0.585918 | 1.000000 | 0.876667 | 0.786667 | 0.806667 |  -0.376623 |      409 |      263 |      146 |  10.097772 |     11 | 0.572565 | 10.82338
  19 | 5400.000 | 5700.000 | 0.035247 | 0.026494 |  10.097772 |     11 | 0.572565 | 1.000000 | 0.786667 | 0.893333 | 0.770000 |   2.327597 |      401 |      236 |      165 |  10.105291 |     11 | 0.654605 | 8.745998
  20 | 5700.000 | 6000.000 | 0.035041 | 0.026437 |  10.105291 |     11 | 0.654605 | 1.000000 | 0.946667 | 0.916667 | 0.926667 |  -0.189132 |      414 |      284 |      130 |  10.107160 |     11 | 0.647978 | 8.913813
  21 | 6000.000 | 6300.000 | 0.034838 | 0.026380 |  10.107160 |     11 | 0.647978 | 1.000000 | 0.960000 | 0.993333 | 0.883333 |   2.084882 |      417 |      288 |      129 |  10.108553 |     11 | 0.720610 | 7.074631
  22 | 6300.000 | 6600.000 | 0.034638 | 0.026325 |  10.108553 |     11 | 0.720610 | 1.000000 | 0.946667 | 1.083333 | 0.983333 |   1.899328 |      413 |      284 |      129 |  10.110401 |     11 | 0.786398 | 5.408761
  23 | 6600.000 | 6900.000 | 0.034440 | 0.026271 |  10.110401 |     11 | 0.786398 | 1.000000 | 1.046667 | 1.096667 | 1.103333 |  -0.126884 |      426 |      314 |      112 |  10.108794 |     11 | 0.782028 | 5.519414
  24 | 6900.000 | 7200.000 | 0.034246 | 0.026217 |  10.108794 |     11 | 0.782028 | 1.000000 | 1.143333 | 1.116667 | 1.040000 |   1.462148 |      434 |      343 |       91 |  10.103885 |     11 | 0.832101 | 4.251502
  25 | 7200.000 | 7500.000 | 0.034054 | 0.026164 |  10.103885 |     11 | 0.832101 | 1.000000 | 1.093333 | 1.140000 | 1.106667 |   0.636998 |      427 |      328 |       99 |  10.100707 |     11 | 0.853793 | 3.702221
  26 | 7500.000 | 7800.000 | 0.033864 | 0.026112 |  10.100707 |     11 | 0.853793 | 1.000000 | 1.183333 | 1.166667 | 1.143333 |   0.446785 |      435 |      355 |       80 |  10.094498 |     11 | 0.868923 | 3.319103
  27 | 7800.000 | 8100.000 | 0.033677 | 0.026061 |  10.094498 |     11 | 0.868923 | 1.000000 | 1.196667 | 1.143333 | 1.150000 |  -0.127903 |      437 |      359 |       78 |  10.087875 |     11 | 0.864615 | 3.428175
  28 | 8100.000 | 8400.000 | 0.033493 | 0.026011 |  10.087875 |     11 | 0.864615 | 1.000000 | 1.186667 | 1.183333 | 1.103333 |   1.537815 |      435 |      356 |       79 |  10.081623 |     11 | 0.916121 | 2.123957
  29 | 8400.000 | 8700.000 | 0.033311 | 0.025961 |  10.081623 |     11 | 0.916121 | 1.000000 | 1.213333 | 1.173333 | 1.176667 |  -0.064198 |      436 |      364 |       72 |  10.074517 |     11 | 0.913983 | 2.178107
  30 | 8700.000 | 9000.000 | 0.033131 | 0.025912 |  10.074517 |     11 | 0.913983 | 1.000000 | 1.256667 | 1.176667 | 1.236667 |  -1.157750 |      438 |      377 |       61 |  10.066013 |     11 | 0.875625 | 3.149394
  31 | 9000.000 | 9300.000 | 0.032954 | 0.025864 |  10.066013 |     11 | 0.875625 | 1.000000 | 1.140000 | 1.190000 | 1.173333 |   0.322197 |      430 |      342 |       88 |  10.061399 |     11 | 0.886243 | 2.880535
  32 | 9300.000 | 9600.000 | 0.032779 | 0.025817 |  10.061399 |     11 | 0.886243 | 1.000000 | 1.133333 | 1.163333 | 1.116667 |   0.903814 |      431 |      340 |       91 |  10.057029 |     11 | 0.915869 | 2.130347
  33 | 9600.000 | 9900.000 | 0.032606 | 0.025770 |  10.057029 |     11 | 0.915869 | 1.000000 | 1.206667 | 1.193333 | 1.126667 |   1.293512 |      433 |      362 |       71 |  10.050290 |     11 | 0.958046 | 1.062356
  34 | 9900.000 | 10200.00 | 0.032436 | 0.025723 |  10.050290 |     11 | 0.958046 | 1.000000 | 0.923333 | 0.353333 | 1.230000 | -17.040267 |      318 |      277 |       44 |  10.052777 |     11 | 0.405328 | 15.05810
  35 | 10200.00 | 10500.00 | 0.032268 | 0.025678 |  10.052777 |     11 | 0.405328 | 1.000000 | 0.650000 | 0.666667 | 0.700000 |  -0.649070 |      390 |      195 |      192 |  10.064071 |     11 | 0.384384 | 15.58844
  36 | 10500.00 | 10800.00 | 0.032101 | 0.025633 |  10.064071 |     11 | 0.384384 | 1.000000 | 0.576667 | 0.580000 | 0.563333 |   0.325105 |      381 |      173 |      208 |  10.077660 |     11 | 0.394821 | 15.32417
  37 | 10800.00 | 11100.00 | 0.031937 | 0.025588 |  10.077660 |     11 | 0.394821 | 1.000000 | 0.656667 | 0.610000 | 0.620000 |  -0.195401 |      390 |      197 |      193 |  10.088625 |     11 | 0.388580 | 15.48220
  38 | 11100.00 | 11400.00 | 0.031775 | 0.025545 |  10.088625 |     11 | 0.388580 | 1.000000 | 0.556667 | 0.650000 | 0.600000 |   0.978684 |      379 |      167 |      212 |  10.102712 |     11 | 0.419678 | 14.69475
  39 | 11400.00 | 11700.00 | 0.031615 | 0.025501 |  10.102712 |     11 | 0.419678 | 1.000000 | 0.686667 | 0.723333 | 0.670000 |   1.045700 |      392 |      206 |      186 |  10.112618 |     11 | 0.452737 | 13.85763
  40 | 11700.00 | 12000.00 | 0.031456 | 0.025459 |  10.112618 |     11 | 0.452737 | 1.000000 | 0.766667 | 0.703333 | 0.710000 |  -0.130932 |      399 |      230 |      169 |  10.119958 |     11 | 0.448619 | 13.96192
  41 | 12000.00 | 12300.00 | 0.031300 | 0.025416 |  10.119958 |     11 | 0.448619 | 1.000000 | 0.650000 | 0.743333 | 0.723333 |   0.393447 |      388 |      195 |      193 |  10.130913 |     11 | 0.460934 | 13.65008
  42 | 12300.00 | 12600.00 | 0.031146 | 0.025375 |  10.130913 |     11 | 0.460934 | 1.000000 | 0.696667 | 0.723333 | 0.693333 |   0.591139 |      393 |      209 |      184 |  10.140361 |     11 | 0.479345 | 13.18387
  43 | 12600.00 | 12900.00 | 0.030993 | 0.025334 |  10.140361 |     11 | 0.479345 | 1.000000 | 0.733333 | 0.786667 | 0.740000 |   0.921042 |      397 |      220 |      177 |  10.148625 |     11 | 0.507891 | 12.46104
  44 | 12900.00 | 13200.00 | 0.030842 | 0.025293 |  10.148625 |     11 | 0.507891 | 1.000000 | 0.750000 | 0.830000 | 0.673333 |   3.097033 |      397 |      225 |      172 |  10.156336 |     11 | 0.603411 | 10.04232
  45 | 13200.00 | 13500.00 | 0.030693 | 0.025253 |  10.156336 |     11 | 0.603411 | 1.000000 | 0.840000 | 0.893333 | 0.810000 |   1.649975 |      405 |      252 |      153 |  10.161247 |     11 | 0.654054 | 8.759959
  46 | 13500.00 | 13800.00 | 0.030546 | 0.025213 |  10.161247 |     11 | 0.654054 | 1.000000 | 0.960000 | 0.903333 | 0.833333 |   1.388157 |      416 |      288 |      128 |  10.162469 |     11 | 0.696456 | 7.686254
  47 | 13800.00 | 14100.00 | 0.030400 | 0.025174 |  10.162469 |     11 | 0.696456 | 1.000000 | 1.063333 | 0.990000 | 0.900000 |   1.787550 |      427 |      319 |      108 |  10.160543 |     11 | 0.750798 | 6.310219
  48 | 14100.00 | 14400.00 | 0.030256 | 0.025135 |  10.160543 |     11 | 0.750798 | 1.000000 | 1.040000 | 1.036667 | 1.033333 |   0.066308 |      423 |      312 |      111 |  10.159333 |     11 | 0.752804 | 6.259418
  49 | 14400.00 | 14700.00 | 0.030114 | 0.025097 |  10.159333 |     11 | 0.752804 | 1.000000 | 1.083333 | 1.106667 | 0.986667 |   2.390708 |      427 |      325 |      102 |  10.156824 |     11 | 0.824798 | 4.436407
  50 | 14700.00 | 15000.00 | 0.029973 | 0.025059 |  10.156824 |     11 | 0.824798 | 1.000000 | 1.113333 | 1.123333 | 1.080000 |   0.864614 |      428 |      334 |       94 |  10.153427 |     11 | 0.850714 | 3.780184
  51 | 15000.00 | 15300.00 | 0.029834 | 0.025022 |  10.153427 |     11 | 0.850714 | 1.000000 | 1.106667 | 1.200000 | 1.076667 |   2.464499 |      429 |      332 |       97 |  10.150244 |     11 | 0.924240 | 1.918363
  52 | 15300.00 | 15600.00 | 0.029697 | 0.024985 |  10.150244 |     11 | 0.924240 | 1.000000 | 1.266667 | 1.070000 | 1.270000 |  -4.002396 |      440 |      380 |       60 |  10.142325 |     11 | 0.805382 | 4.928059
  53 | 15600.00 | 15900.00 | 0.029561 | 0.024948 |  10.142325 |     11 | 0.805382 | 1.000000 | 1.083333 | 1.100000 | 1.033333 |   1.336086 |      427 |      325 |      102 |  10.139862 |     11 | 0.844878 | 3.927959
  54 | 15900.00 | 16200.00 | 0.029426 | 0.024912 |  10.139862 |     11 | 0.844878 | 1.000000 | 1.160000 | 1.130000 | 1.113333 |   0.334506 |      433 |      348 |       85 |  10.135153 |     11 | 0.854721 | 3.678711
  55 | 16200.00 | 16500.00 | 0.029293 | 0.024877 |  10.135153 |     11 | 0.854721 | 1.000000 | 1.183333 | 1.170000 | 1.180000 |  -0.200992 |      437 |      355 |       82 |  10.129783 |     11 | 0.848833 | 3.827798
  56 | 16500.00 | 16800.00 | 0.029162 | 0.024841 |  10.129783 |     11 | 0.848833 | 1.000000 | 1.143333 | 1.193333 | 1.080000 |   2.281148 |      429 |      343 |       86 |  10.125603 |     11 | 0.915356 | 2.143342
  57 | 16800.00 | 17100.00 | 0.029032 | 0.024806 |  10.125603 |     11 | 0.915356 | 1.000000 | 1.193333 | 1.206667 | 1.146667 |   1.209369 |      435 |      358 |       78 |  10.119990 |     11 | 0.950465 | 1.254300
  58 | 17100.00 | 17400.00 | 0.028903 | 0.024772 |  10.119990 |     11 | 0.950465 | 1.000000 | 1.140000 | 0.550000 | 1.240000 | -13.927163 |      376 |      342 |       35 |  10.115944 |     11 | 0.547931 | 11.44715
  59 | 17400.00 | 17700.00 | 0.028775 | 0.024738 |  10.115944 |     11 | 0.547931 | 1.000000 | 0.770000 | 0.793333 | 0.780000 |   0.269496 |      400 |      231 |      167 |  10.122562 |     11 | 0.555686 | 11.25078
  60 | 17700.00 | 18000.00 | 0.028649 | 0.024704 |  10.122562 |     11 | 0.555686 | 1.000000 | 0.803333 | 0.863333 | 0.793333 |   1.416795 |      401 |      241 |      160 |  10.128197 |     11 | 0.596277 | 10.22297
  61 | 18000.00 | 18300.00 | 0.028525 | 0.024670 |  10.128197 |     11 | 0.596277 | 1.000000 | 0.863333 | 0.910000 | 0.803333 |   2.161858 |      407 |      259 |      148 |  10.132095 |     11 | 0.657943 | 8.661471
  62 | 18300.00 | 18600.00 | 0.028401 | 0.024637 |  10.132095 |     11 | 0.657943 | 1.000000 | 0.933333 | 0.926667 | 0.853333 |   1.488278 |      416 |      280 |      136 |  10.133989 |     11 | 0.700212 | 7.591143
  63 | 18600.00 | 18900.00 | 0.028279 | 0.024604 |  10.133989 |     11 | 0.700212 | 1.000000 | 0.993333 | 1.000000 | 0.946667 |   1.083828 |      420 |      298 |      122 |  10.134177 |     11 | 0.730862 | 6.815035
  64 | 18900.00 | 19200.00 | 0.028158 | 0.024572 |  10.134177 |     11 | 0.730862 | 1.000000 | 1.030000 | 1.013333 | 0.950000 |   1.288748 |      422 |      309 |      113 |  10.133332 |     11 | 0.767151 | 5.896130
  65 | 19200.00 | 19500.00 | 0.028039 | 0.024539 |  10.133332 |     11 | 0.767151 | 1.000000 | 1.050000 | 1.056667 | 1.060000 |  -0.067918 |      424 |      315 |      109 |  10.131930 |     11 | 0.765247 | 5.944351
  66 | 19500.00 | 19800.00 | 0.027921 | 0.024508 |  10.131930 |     11 | 0.765247 | 1.000000 | 1.120000 | 0.986667 | 1.030000 |  -0.884078 |      431 |      336 |       95 |  10.128580 |     11 | 0.740563 | 6.569392
  67 | 19800.00 | 20100.00 | 0.027803 | 0.024476 |  10.128580 |     11 | 0.740563 | 1.000000 | 0.996667 | 1.046667 | 0.920000 |   2.587559 |      419 |      299 |      120 |  10.128673 |     11 | 0.812506 | 4.747671
  68 | 20100.00 | 20400.00 | 0.027687 | 0.024445 |  10.128673 |     11 | 0.812506 | 1.000000 | 1.133333 | 1.110000 | 1.053333 |   1.159071 |      431 |      340 |       91 |  10.124981 |     11 | 0.844598 | 3.935052
  69 | 20400.00 | 20700.00 | 0.027573 | 0.024414 |  10.124981 |     11 | 0.844598 | 1.000000 | 1.126667 | 1.173333 | 1.106667 |   1.365340 |      431 |      338 |       93 |  10.121488 |     11 | 0.882244 | 2.981788
  70 | 20700.00 | 21000.00 | 0.027459 | 0.024383 |  10.121488 |     11 | 0.882244 | 1.000000 | 1.180000 | 1.210000 | 1.130000 |   1.640466 |      434 |      354 |       80 |  10.116546 |     11 | 0.927290 | 1.841154
  71 | 21000.00 | 21300.00 | 0.027347 | 0.024353 |  10.116546 |     11 | 0.927290 | 1.000000 | 1.216667 | 1.073333 | 1.190000 |  -2.395326 |      431 |      365 |       69 |  10.110621 |     11 | 0.861786 | 3.499826
  72 | 21300.00 | 21600.00 | 0.027235 | 0.024323 |  10.110621 |     11 | 0.861786 | 1.000000 | 1.176667 | 1.106667 | 1.116667 |  -0.205567 |      437 |      353 |       81 |  10.105809 |     11 | 0.856187 | 3.641594
  73 | 21600.00 | 21900.00 | 0.027125 | 0.024293 |  10.105809 |     11 | 0.856187 | 1.000000 | 1.183333 | 1.153333 | 1.123333 |   0.617457 |      436 |      355 |       81 |  10.100836 |     11 | 0.872935 | 3.217494
  74 | 21900.00 | 22200.00 | 0.027016 | 0.024264 |  10.100836 |     11 | 0.872935 | 1.000000 | 1.083333 | 1.173333 | 1.193333 |  -0.412139 |      425 |      325 |      100 |  10.098585 |     11 | 0.861801 | 3.499431
  75 | 22200.00 | 22500.00 | 0.026908 | 0.024234 |  10.098585 |     11 | 0.861801 | 1.000000 | 1.110000 | 1.190000 | 1.116667 |   1.512997 |      429 |      333 |       96 |  10.095625 |     11 | 0.902512 | 2.468560
  76 | 22500.00 | 22800.00 | 0.026800 | 0.024206 |  10.095625 |     11 | 0.902512 | 1.000000 | 1.203333 | 1.226667 | 1.153333 |   1.514806 |      434 |      361 |       73 |  10.090176 |     11 | 0.943110 | 1.440564
  77 | 22800.00 | 23100.00 | 0.026694 | 0.024177 |  10.090176 |     11 | 0.943110 | 1.000000 | 1.223333 | 0.716667 | 1.230000 | -10.616223 |      420 |      367 |       54 |  10.084214 |     11 | 0.659717 | 8.616556
  78 | 23100.00 | 23400.00 | 0.026589 | 0.024148 |  10.084214 |     11 | 0.659717 | 1.000000 | 0.910000 | 0.900000 | 0.963333 |  -1.311336 |      412 |      273 |      138 |  10.086607 |     11 | 0.624849 | 9.499459
  79 | 23400.00 | 23700.00 | 0.026485 | 0.024120 |  10.086607 |     11 | 0.624849 | 1.000000 | 0.896667 | 0.903333 | 0.826667 |   1.589260 |      409 |      269 |      140 |  10.089344 |     11 | 0.666941 | 8.433621
  80 | 23700.00 | 24000.00 | 0.026382 | 0.024092 |  10.089344 |     11 | 0.666941 | 1.000000 | 0.866667 | 0.993333 | 0.913333 |   1.660281 |      410 |      260 |      150 |  10.092861 |     11 | 0.710743 | 7.324487
  81 | 24000.00 | 24300.00 | 0.026280 | 0.024065 |  10.092861 |     11 | 0.710743 | 1.000000 | 0.996667 | 1.026667 | 0.903333 |   2.562543 |      418 |      299 |      119 |  10.092949 |     11 | 0.778086 | 5.619232
  82 | 24300.00 | 24600.00 | 0.026179 | 0.024037 |  10.092949 |     11 | 0.778086 | 1.000000 | 1.063333 | 1.106667 | 0.953333 |   3.189500 |      428 |      319 |      109 |  10.091291 |     11 | 0.861584 | 3.504936
  83 | 24600.00 | 24900.00 | 0.026079 | 0.024010 |  10.091291 |     11 | 0.861584 | 1.000000 | 1.156667 | 1.156667 | 1.140000 |   0.347078 |      431 |      347 |       85 |  10.087205 |     11 | 0.870635 | 3.275742
  84 | 24900.00 | 25200.00 | 0.025979 | 0.023983 |  10.087205 |     11 | 0.870635 | 1.000000 | 1.213333 | 1.233333 | 1.123333 |   2.293287 |      437 |      364 |       72 |  10.081663 |     11 | 0.930213 | 1.767124
  85 | 25200.00 | 25500.00 | 0.025881 | 0.023956 |  10.081663 |     11 | 0.930213 | 1.000000 | 1.190000 | 0.943333 | 1.233333 |  -6.052685 |      430 |      357 |       73 |  10.076746 |     11 | 0.773564 | 5.733748
  86 | 25500.00 | 25800.00 | 0.025783 | 0.023930 |  10.076746 |     11 | 0.773564 | 1.000000 | 1.033333 | 1.053333 | 1.080000 |  -0.557185 |      422 |      310 |      112 |  10.075886 |     11 | 0.759198 | 6.097524
  87 | 25800.00 | 26100.00 | 0.025687 | 0.023904 |  10.075886 |     11 | 0.759198 | 1.000000 | 1.126667 | 1.066667 | 1.000000 |   1.394495 |      432 |      338 |       94 |  10.072633 |     11 | 0.795018 | 5.190495
  88 | 26100.00 | 26400.00 | 0.025591 | 0.023877 |  10.072633 |     11 | 0.795018 | 1.000000 | 1.146667 | 1.083333 | 1.046667 |   0.767809 |      432 |      344 |       88 |  10.068879 |     11 | 0.814667 | 4.692946
  89 | 26400.00 | 26700.00 | 0.025496 | 0.023852 |  10.068879 |     11 | 0.814667 | 1.000000 | 1.126667 | 1.063333 | 1.066667 |  -0.069876 |      433 |      338 |       95 |  10.065650 |     11 | 0.812886 | 4.738059
  90 | 26700.00 | 27000.00 | 0.025402 | 0.023826 |  10.065650 |     11 | 0.812886 | 1.000000 | 1.093333 | 1.090000 | 1.046667 |   0.909371 |      426 |      328 |       98 |  10.063279 |     11 | 0.835986 | 4.153125
  91 | 27000.00 | 27300.00 | 0.025309 | 0.023801 |  10.063279 |     11 | 0.835986 | 1.000000 | 1.120000 | 1.130000 | 1.060000 |   1.470554 |      431 |      336 |       95 |  10.060242 |     11 | 0.873204 | 3.210692
  92 | 27300.00 | 27600.00 | 0.025217 | 0.023775 |  10.060242 |     11 | 0.873204 | 1.000000 | 1.193333 | 1.196667 | 1.203333 |  -0.140201 |      437 |      358 |       79 |  10.055367 |     11 | 0.869669 | 3.300215
  93 | 27600.00 | 27900.00 | 0.025125 | 0.023750 |  10.055367 |     11 | 0.869669 | 1.000000 | 1.180000 | 1.163333 | 1.126667 |   0.771919 |      434 |      354 |       80 |  10.050844 |     11 | 0.889063 | 2.809109
  94 | 27900.00 | 28200.00 | 0.025034 | 0.023726 |  10.050844 |     11 | 0.889063 | 1.000000 | 1.206667 | 1.203333 | 1.100000 |   2.177684 |      437 |      362 |       75 |  10.045670 |     11 | 0.943580 | 1.428639
  95 | 28200.00 | 28500.00 | 0.024945 | 0.023701 |  10.045670 |     11 | 0.943580 | 1.000000 | 1.206667 | 0.696667 | 1.216667 | -10.970048 |      415 |      362 |       54 |  10.040515 |     11 | 0.669937 | 8.357750
  96 | 28500.00 | 28800.00 | 0.024855 | 0.023676 |  10.040515 |     11 | 0.669937 | 1.000000 | 0.936667 | 0.970000 | 0.866667 |   2.182194 |      414 |      281 |      132 |  10.042089 |     11 | 0.724177 | 6.984318
  97 | 28800.00 | 29100.00 | 0.024767 | 0.023652 |  10.042089 |     11 | 0.724177 | 1.000000 | 0.993333 | 0.960000 | 0.993333 |  -0.704655 |      419 |      298 |      121 |  10.042254 |     11 | 0.706725 | 7.426237
  98 | 29100.00 | 29400.00 | 0.024679 | 0.023628 |  10.042254 |     11 | 0.706725 | 1.000000 | 0.946667 | 1.006667 | 0.870000 |   2.892024 |      415 |      284 |      131 |  10.043571 |     11 | 0.778098 | 5.618941
  99 | 29400.00 | 29700.00 | 0.024593 | 0.023604 |  10.043571 |     11 | 0.778098 | 1.000000 | 1.076667 | 1.110000 | 1.103333 |   0.141217 |      427 |      323 |      104 |  10.041685 |     11 | 0.781571 | 5.531002
 100 | 29700.00 | 30000.00 | 0.024506 | 0.023581 |  10.041685 |     11 | 0.781571 | 1.000000 | 1.070000 | 1.086667 | 1.040000 |   0.989511 |      426 |      321 |      105 |  10.039970 |     11 | 0.805820 | 4.916967
 101 | 30000.00 | 30300.00 | 0.024421 | 0.023557 |  10.039970 |     11 | 0.805820 | 1.000000 | 1.133333 | 1.150000 | 1.106667 |   0.919748 |      433 |      340 |       93 |  10.036714 |     11 | 0.828281 | 4.348213
 102 | 30300.00 | 30600.00 | 0.024336 | 0.023534 |  10.036714 |     11 | 0.828281 | 1.000000 | 1.116667 | 1.160000 | 1.030000 |   2.761976 |      429 |      335 |       94 |  10.033874 |     11 | 0.895497 | 2.646183
 103 | 30600.00 | 30900.00 | 0.024252 | 0.023511 |  10.033874 |     11 | 0.895497 | 1.000000 | 1.196667 | 1.160000 | 1.113333 |   0.992454 |      435 |      359 |       76 |  10.029105 |     11 | 0.919567 | 2.036708
 104 | 30900.00 | 31200.00 | 0.024169 | 0.023488 |  10.029105 |     11 | 0.919567 | 1.000000 | 1.216667 | 1.096667 | 1.180000 |  -1.773972 |      436 |      365 |       71 |  10.023868 |     11 | 0.876692 | 3.122380
 105 | 31200.00 | 31500.00 | 0.024086 | 0.023465 |  10.023868 |     11 | 0.876692 | 1.000000 | 1.176667 | 1.196667 | 1.170000 |   0.568223 |      434 |      353 |       81 |  10.019613 |     11 | 0.890378 | 2.775816
 106 | 31500.00 | 31800.00 | 0.024005 | 0.023442 |  10.019613 |     11 | 0.890378 | 1.000000 | 1.176667 | 1.200000 | 1.156667 |   0.924253 |      433 |      353 |       80 |  10.015372 |     11 | 0.912564 | 2.214022
 107 | 31800.00 | 32100.00 | 0.023923 | 0.023420 |  10.015372 |     11 | 0.912564 | 1.000000 | 1.166667 | 1.203333 | 1.246667 |  -0.925139 |      430 |      350 |       80 |  10.011385 |     11 | 0.890432 | 2.774452
 108 | 32100.00 | 32400.00 | 0.023843 | 0.023398 |  10.011385 |     11 | 0.890432 | 1.000000 | 1.180000 | 1.220000 | 1.130000 |   1.923274 |      436 |      354 |       82 |  10.007093 |     11 | 0.936288 | 1.613297
 109 | 32400.00 | 32700.00 | 0.023763 | 0.023375 |  10.007093 |     11 | 0.936288 | 1.000000 | 1.243333 | 0.896667 | 1.210000 |  -6.702181 |      429 |      373 |       56 |  10.001311 |     11 | 0.777025 | 5.646100
 110 | 32700.00 | 33000.00 | 0.023684 | 0.023354 |  10.001311 |     11 | 0.777025 | 1.000000 | 1.093333 | 1.060000 | 0.993333 |   1.427338 |      427 |      328 |       99 |   9.999100 |     10 | 0.810830 | 4.790114
 111 | 33000.00 | 33300.00 | 0.023605 | 0.023332 |   9.999100 |     10 | 0.810830 | 1.000000 | 1.000000 | 1.070000 | 0.993333 |   1.642973 |      390 |      300 |       91 |   9.999100 |     10 | 0.849612 | 3.808082
 112 | 33300.00 | 33600.00 | 0.023527 | 0.023310 |   9.999100 |     10 | 0.849612 | 1.000000 | 1.046667 | 1.056667 | 1.010000 |   1.001000 |      393 |      314 |       79 |   9.998002 |     10 | 0.873162 | 3.211744
 113 | 33600.00 | 33900.00 | 0.023450 | 0.023289 |   9.998002 |     10 | 0.873162 | 1.000000 | 1.096667 | 1.033333 | 1.013333 |   0.429396 |      399 |      329 |       70 |   9.995736 |     10 | 0.883232 | 2.956776
 114 | 33900.00 | 34200.00 | 0.023373 | 0.023267 |   9.995736 |     10 | 0.883232 | 1.000000 | 1.086667 | 1.116667 | 1.080000 |   0.787949 |      396 |      326 |       70 |   9.993710 |     10 | 0.901648 | 2.490437
 115 | 34200.00 | 34500.00 | 0.023297 | 0.023246 |   9.993710 |     10 | 0.901648 | 1.000000 | 1.103333 | 1.073333 | 1.076667 |  -0.071697 |      399 |      331 |       68 |   9.991303 |     10 | 0.899978 | 2.532732
 116 | 34500.00 | 34800.00 | 0.023221 | 0.023225 |   9.991303 |     10 | 0.899978 | 1.000000 | 1.086667 | 1.126667 | 1.093333 |   0.717621 |      396 |      326 |       70 |   9.989290 |     10 | 0.916642 | 2.110773
 117 | 34800.00 | 35100.00 | 0.023146 | 0.023204 |   9.989290 |     10 | 0.916642 | 1.000000 | 1.126667 | 1.153333 | 1.073333 |   1.723842 |      399 |      338 |       61 |   9.986358 |     10 | 0.956542 | 1.100430
 118 | 35100.00 | 35400.00 | 0.023072 | 0.023183 |   9.986358 |     10 | 0.956542 | 1.000000 | 0.976667 | 0.463333 | 1.056667 | -12.796616 |      328 |      293 |       36 |   9.986897 |     10 | 0.661302 | 8.576421
 119 | 35400.00 | 35700.00 | 0.022998 | 0.023163 |   9.986897 |     10 | 0.661302 | 1.000000 | 0.830000 | 0.933333 | 0.820000 |   2.446474 |      376 |      249 |      126 |   9.990806 |     10 | 0.717566 | 7.151723
 120 | 35700.00 | 36000.00 | 0.022925 | 0.023142 |   9.990806 |     10 | 0.717566 | 1.000000 | 0.946667 | 0.956667 | 0.843333 |   2.448640 |      384 |      284 |      100 |   9.992029 |     10 | 0.773700 | 5.730303
 121 | 36000.00 | 36300.00 | 0.022852 | 0.023122 |   9.992029 |     10 | 0.773700 | 1.000000 | 0.990000 | 0.926667 | 0.843333 |   1.802056 |      389 |      297 |       92 |   9.992258 |     10 | 0.814881 | 4.687537
 122 | 36300.00 | 36600.00 | 0.022780 | 0.023102 |   9.992258 |     10 | 0.814881 | 1.000000 | 0.946667 | 1.000000 | 0.966667 |   0.721453 |      385 |      284 |      101 |   9.993472 |     10 | 0.831315 | 4.271383
 123 | 36600.00 | 36900.00 | 0.022708 | 0.023081 |   9.993472 |     10 | 0.831315 | 1.000000 | 1.063333 | 1.086667 | 0.936667 |   3.249363 |      396 |      319 |       77 |   9.992034 |     10 | 0.905103 | 2.402948
 124 | 36900.00 | 37200.00 | 0.022637 | 0.023062 |   9.992034 |     10 | 0.905103 | 1.000000 | 1.156667 | 1.126667 | 1.070000 |   1.228599 |      402 |      347 |       55 |   9.988488 |     10 | 0.932916 | 1.698694
 125 | 37200.00 | 37500.00 | 0.022567 | 0.023042 |   9.988488 |     10 | 0.932916 | 1.000000 | 1.140000 | 0.950000 | 1.123333 |  -3.761298 |      395 |      342 |       53 |   9.985328 |     10 | 0.848035 | 3.848025
 126 | 37500.00 | 37800.00 | 0.022497 | 0.023022 |   9.985328 |     10 | 0.848035 | 1.000000 | 1.070000 | 1.043333 | 1.043333 |   0.000000 |      397 |      321 |       76 |   9.983754 |     10 | 0.848035 | 3.848025
 127 | 37800.00 | 38100.00 | 0.022428 | 0.023002 |   9.983754 |     10 | 0.848035 | 1.000000 | 1.066667 | 1.033333 | 0.976667 |   1.231753 |      395 |      320 |       75 |   9.982258 |     10 | 0.875660 | 3.148507
 128 | 38100.00 | 38400.00 | 0.022359 | 0.022983 |   9.982258 |     10 | 0.875660 | 1.000000 | 1.123333 | 1.056667 | 1.016667 |   0.870208 |      400 |      337 |       63 |   9.979501 |     10 | 0.895117 | 2.655830
 129 | 38400.00 | 38700.00 | 0.022290 | 0.022964 |   9.979501 |     10 | 0.895117 | 1.000000 | 1.126667 | 1.093333 | 1.146667 |  -1.161253 |      401 |      338 |       63 |   9.976677 |     10 | 0.869232 | 3.311273
 130 | 38700.00 | 39000.00 | 0.022222 | 0.022945 |   9.976677 |     10 | 0.869232 | 1.000000 | 1.063333 | 1.056667 | 1.056667 |   0.000000 |      394 |      319 |       75 |   9.975270 |     10 | 0.869232 | 3.311273
 131 | 39000.00 | 39300.00 | 0.022155 | 0.022925 |   9.975270 |     10 | 0.869232 | 1.000000 | 1.060000 | 1.100000 | 1.063333 |   0.799693 |      395 |      318 |       77 |   9.973941 |     10 | 0.886949 | 2.862644
 132 | 39300.00 | 39600.00 | 0.022088 | 0.022907 |   9.973941 |     10 | 0.886949 | 1.000000 | 1.043333 | 1.003333 | 1.066667 |  -1.382430 |      393 |      313 |       80 |   9.972984 |     10 | 0.856414 | 3.635849
 133 | 39600.00 | 39900.00 | 0.022022 | 0.022888 |   9.972984 |     10 | 0.856414 | 1.000000 | 1.083333 | 1.070000 | 0.960000 |   2.403036 |      398 |      325 |       73 |   9.971148 |     10 | 0.909333 | 2.295850
 134 | 39900.00 | 40200.00 | 0.021956 | 0.022869 |   9.971148 |     10 | 0.909333 | 1.000000 | 1.163333 | 1.043333 | 1.083333 |  -0.874546 |      401 |      349 |       52 |   9.967562 |     10 | 0.890131 | 2.782061
 135 | 40200.00 | 40500.00 | 0.021890 | 0.022850 |   9.967562 |     10 | 0.890131 | 1.000000 | 1.090000 | 1.080000 | 1.050000 |   0.656443 |      397 |      327 |       70 |   9.965592 |     10 | 0.904501 | 2.418194
 136 | 40500.00 | 40800.00 | 0.021825 | 0.022832 |   9.965592 |     10 | 0.904501 | 1.000000 | 1.126667 | 1.106667 | 1.120000 |  -0.291988 |      400 |      338 |       63 |   9.962828 |     10 | 0.898128 | 2.579563
 137 | 40800.00 | 41100.00 | 0.021761 | 0.022814 |   9.962828 |     10 | 0.898128 | 1.000000 | 1.116667 | 1.083333 | 1.103333 |  -0.438335 |      399 |      335 |       63 |   9.960289 |     10 | 0.888590 | 2.821096
 138 | 41100.00 | 41400.00 | 0.021697 | 0.022795 |   9.960289 |     10 | 0.888590 | 1.000000 | 1.073333 | 1.080000 | 1.076667 |   0.073114 |      395 |      322 |       73 |   9.958698 |     10 | 0.890176 | 2.780927
 139 | 41400.00 | 41700.00 | 0.021633 | 0.022777 |   9.958698 |     10 | 0.890176 | 1.000000 | 1.020000 | 1.176667 | 1.036667 |   3.073246 |      390 |      306 |       84 |   9.958265 |     10 | 0.956660 | 1.097431
 140 | 41700.00 | 42000.00 | 0.021570 | 0.022759 |   9.958265 |     10 | 0.956660 | 1.000000 | 0.956667 | 0.440000 | 1.093333 | -14.353171 |      327 |      287 |       42 |   9.959200 |     10 | 0.647061 | 8.937018
 141 | 42000.00 | 42300.00 | 0.021507 | 0.022741 |   9.959200 |     10 | 0.647061 | 1.000000 | 0.823333 | 0.833333 | 0.763333 |   1.539051 |      376 |      247 |      127 |   9.962999 |     10 | 0.680162 | 8.098844
 142 | 42300.00 | 42600.00 | 0.021445 | 0.022723 |   9.962999 |     10 | 0.680162 | 1.000000 | 0.850000 | 0.800000 | 0.810000 |  -0.220037 |      376 |      255 |      121 |   9.966216 |     10 | 0.675443 | 8.218330
 143 | 42600.00 | 42900.00 | 0.021383 | 0.022706 |   9.966216 |     10 | 0.675443 | 1.000000 | 0.820000 | 0.913333 | 0.770000 |   3.156318 |      373 |      246 |      127 |   9.970065 |     10 | 0.742936 | 6.509300
 144 | 42900.00 | 43200.00 | 0.021322 | 0.022688 |   9.970065 |     10 | 0.742936 | 1.000000 | 0.973333 | 1.000000 | 0.933333 |   1.469194 |      388 |      292 |       96 |   9.970634 |     10 | 0.774262 | 5.716070
 145 | 43200.00 | 43500.00 | 0.021261 | 0.022671 |   9.970634 |     10 | 0.774262 | 1.000000 | 0.926667 | 0.976667 | 0.920000 |   1.249778 |      383 |      278 |      105 |   9.972193 |     10 | 0.800834 | 5.043233
 146 | 43500.00 | 43800.00 | 0.021200 | 0.022653 |   9.972193 |     10 | 0.800834 | 1.000000 | 1.040000 | 1.030000 | 0.973333 |   1.250737 |      393 |      312 |       81 |   9.971345 |     10 | 0.827350 | 4.371797
 147 | 43800.00 | 44100.00 | 0.021140 | 0.022636 |   9.971345 |     10 | 0.827350 | 1.000000 | 0.993333 | 1.106667 | 0.926667 |   3.975964 |      390 |      298 |       92 |   9.971486 |     10 | 0.911403 | 2.243424
 148 | 44100.00 | 44400.00 | 0.021081 | 0.022619 |   9.971486 |     10 | 0.911403 | 1.000000 | 1.160000 | 1.083333 | 1.056667 |   0.589479 |      402 |      348 |       55 |   9.968113 |     10 | 0.923830 | 1.928761
 149 | 44400.00 | 44700.00 | 0.021021 | 0.022602 |   9.968113 |     10 | 0.923830 | 1.000000 | 1.133333 | 1.073333 | 1.070000 |   0.073741 |      397 |      340 |       56 |   9.965310 |     10 | 0.925380 | 1.889509
 150 | 44700.00 | 45000.00 | 0.020962 | 0.022585 |   9.965310 |     10 | 0.925380 | 1.000000 | 1.063333 | 1.053333 | 1.113333 |  -1.328329 |      390 |      319 |       71 |   9.963982 |     10 | 0.897535 | 2.594593
 151 | 45000.00 | 45300.00 | 0.020904 | 0.022568 |   9.963982 |     10 | 0.897535 | 1.000000 | 1.080000 | 1.093333 | 1.060000 |   0.738513 |      396 |      324 |       72 |   9.962310 |     10 | 0.912973 | 2.203681
 152 | 45300.00 | 45600.00 | 0.020846 | 0.022551 |   9.962310 |     10 | 0.912973 | 1.000000 | 1.126667 | 1.066667 | 1.053333 |   0.295625 |      397 |      338 |       59 |   9.959670 |     10 | 0.919135 | 2.047634
 153 | 45600.00 | 45900.00 | 0.020788 | 0.022534 |   9.959670 |     10 | 0.919135 | 1.000000 | 1.176667 | 1.123333 | 1.143333 |  -0.443766 |      403 |      353 |       51 |   9.955997 |     10 | 0.909910 | 2.281229
 154 | 45900.00 | 46200.00 | 0.020731 | 0.022518 |   9.955997 |     10 | 0.909910 | 1.000000 | 1.080000 | 1.120000 | 1.080000 |   0.888187 |      395 |      324 |       70 |   9.954339 |     10 | 0.928323 | 1.814984
 155 | 46200.00 | 46500.00 | 0.020674 | 0.022501 |   9.954339 |     10 | 0.928323 | 1.000000 | 1.166667 | 1.053333 | 1.100000 |  -1.036979 |      400 |      350 |       51 |   9.950893 |     10 | 0.906885 | 2.357840
 156 | 46500.00 | 46800.00 | 0.020617 | 0.022485 |   9.950893 |     10 | 0.906885 | 1.000000 | 1.106667 | 1.170000 | 1.080000 |   2.001348 |      398 |      332 |       65 |   9.948694 |     10 | 0.948147 | 1.313005
 157 | 46800.00 | 47100.00 | 0.020561 | 0.022469 |   9.948694 |     10 | 0.948147 | 1.000000 | 1.116667 | 0.640000 | 1.116667 | -10.607434 |      378 |      335 |       44 |   9.946295 |     10 | 0.730046 | 6.835691
 158 | 47100.00 | 47400.00 | 0.020505 | 0.022452 |   9.946295 |     10 | 0.730046 | 1.000000 | 0.886667 | 0.950000 | 0.903333 |   1.039241 |      380 |      266 |      113 |   9.948619 |     10 | 0.751356 | 6.296086
 159 | 47400.00 | 47700.00 | 0.020450 | 0.022436 |   9.948619 |     10 | 0.751356 | 1.000000 | 0.950000 | 0.940000 | 0.910000 |   0.668564 |      386 |      285 |      101 |   9.949641 |     10 | 0.765028 | 5.949887
 160 | 47700.00 | 48000.00 | 0.020395 | 0.022420 |   9.949641 |     10 | 0.765028 | 1.000000 | 0.973333 | 0.946667 | 0.913333 |   0.743381 |      386 |      292 |       94 |   9.950185 |     10 | 0.780189 | 5.565982
 161 | 48000.00 | 48300.00 | 0.020340 | 0.022404 |   9.950185 |     10 | 0.780189 | 1.000000 | 1.003333 | 1.003333 | 0.920000 |   1.859778 |      390 |      301 |       89 |   9.950117 |     10 | 0.818017 | 4.608113
 162 | 48300.00 | 48600.00 | 0.020286 | 0.022388 |   9.950117 |     10 | 0.818017 | 1.000000 | 0.990000 | 1.030000 | 0.960000 |   1.563322 |      389 |      297 |       92 |   9.950320 |     10 | 0.849730 | 3.805085
 163 | 48600.00 | 48900.00 | 0.020232 | 0.022372 |   9.950320 |     10 | 0.849730 | 1.000000 | 1.050000 | 1.110000 | 1.006667 |   2.309391 |      395 |      315 |       80 |   9.949309 |     10 | 0.896453 | 2.621985
 164 | 48900.00 | 49200.00 | 0.020178 | 0.022357 |   9.949309 |     10 | 0.896453 | 1.000000 | 1.063333 | 1.136667 | 1.053333 |   1.863721 |      393 |      319 |       74 |   9.948031 |     10 | 0.934059 | 1.669734
 165 | 49200.00 | 49500.00 | 0.020125 | 0.022341 |   9.948031 |     10 | 0.934059 | 1.000000 | 1.096667 | 0.933333 | 1.116667 |  -4.103054 |      392 |      329 |       63 |   9.946085 |     10 | 0.851487 | 3.760610
 166 | 49500.00 | 49800.00 | 0.020072 | 0.022326 |   9.946085 |     10 | 0.851487 | 1.000000 | 1.056667 | 1.066667 | 1.006667 |   1.343753 |      396 |      317 |       79 |   9.944948 |     10 | 0.878458 | 3.077650
 167 | 49800.00 | 50100.00 | 0.020019 | 0.022310 |   9.944948 |     10 | 0.878458 | 1.000000 | 1.120000 | 1.123333 | 1.096667 |   0.597637 |      400 |      336 |       64 |   9.942546 |     10 | 0.890422 | 2.774699
 168 | 50100.00 | 50400.00 | 0.019967 | 0.022295 |   9.942546 |     10 | 0.890422 | 1.000000 | 1.113333 | 1.060000 | 1.040000 |   0.448537 |      400 |      334 |       66 |   9.940283 |     10 | 0.899378 | 2.547923
 169 | 50400.00 | 50700.00 | 0.019915 | 0.022279 |   9.940283 |     10 | 0.899378 | 1.000000 | 1.120000 | 1.083333 | 1.060000 |   0.523653 |      398 |      336 |       62 |   9.937893 |     10 | 0.909806 | 2.283858
 170 | 50700.00 | 51000.00 | 0.019863 | 0.022264 |   9.937893 |     10 | 0.909806 | 1.000000 | 1.150000 | 1.120000 | 1.056667 |   1.422315 |      403 |      345 |       58 |   9.934914 |     10 | 0.938058 | 1.568482
 171 | 51000.00 | 51300.00 | 0.019812 | 0.022249 |   9.934914 |     10 | 0.938058 | 1.000000 | 1.130000 | 0.846667 | 1.040000 |  -4.344758 |      393 |      339 |       54 |   9.932338 |     10 | 0.851981 | 3.748100
 172 | 51300.00 | 51600.00 | 0.019761 | 0.022234 |   9.932338 |     10 | 0.851981 | 1.000000 | 0.983333 | 1.050000 | 1.006667 |   0.974485 |      388 |      295 |       93 |   9.932667 |     10 | 0.871237 | 3.260493
 173 | 51600.00 | 51900.00 | 0.019710 | 0.022219 |   9.932667 |     10 | 0.871237 | 1.000000 | 1.130000 | 1.106667 | 0.993333 |   2.550371 |      400 |      339 |       61 |   9.930105 |     10 | 0.921505 | 1.987626
 174 | 51900.00 | 52200.00 | 0.019660 | 0.022204 |   9.930105 |     10 | 0.921505 | 1.000000 | 1.126667 | 1.043333 | 1.096667 |  -1.200980 |      398 |      338 |       60 |   9.927615 |     10 | 0.897894 | 2.585492
 175 | 52200.00 | 52500.00 | 0.019610 | 0.022189 |   9.927615 |     10 | 0.897894 | 1.000000 | 1.076667 | 1.163333 | 1.056667 |   2.403566 |      394 |      323 |       71 |   9.926112 |     10 | 0.945027 | 1.392009
 176 | 52500.00 | 52800.00 | 0.019560 | 0.022174 |   9.926112 |     10 | 0.945027 | 1.000000 | 1.120000 | 0.703333 | 1.123333 |  -9.470340 |      385 |      336 |       50 |   9.923764 |     10 | 0.759789 | 6.082544
 177 | 52800.00 | 53100.00 | 0.019510 | 0.022160 |   9.923764 |     10 | 0.759789 | 1.000000 | 0.916667 | 0.963333 | 0.910000 |   1.203379 |      382 |      275 |      106 |   9.925390 |     10 | 0.783268 | 5.488033
 178 | 53100.00 | 53400.00 | 0.019461 | 0.022145 |   9.925390 |     10 | 0.783268 | 1.000000 | 0.993333 | 0.940000 | 0.933333 |   0.150522 |      388 |      298 |       90 |   9.925520 |     10 | 0.786197 | 5.413857
 179 | 53400.00 | 53700.00 | 0.019412 | 0.022131 |   9.925520 |     10 | 0.786197 | 1.000000 | 0.983333 | 0.950000 | 0.986667 |  -0.828413 |      390 |      295 |       95 |   9.925844 |     10 | 0.770116 | 5.821066
 180 | 53700.00 | 54000.00 | 0.019364 | 0.022116 |   9.925844 |     10 | 0.770116 | 1.000000 | 0.970000 | 0.963333 | 0.953333 |   0.226078 |      388 |      291 |       97 |   9.926424 |     10 | 0.774493 | 5.710214
 181 | 54000.00 | 54300.00 | 0.019315 | 0.022102 |   9.926424 |     10 | 0.774493 | 1.000000 | 1.003333 | 1.030000 | 0.983333 |   1.055720 |      390 |      301 |       89 |   9.926360 |     10 | 0.794885 | 5.193861
 182 | 54300.00 | 54600.00 | 0.019268 | 0.022088 |   9.926360 |     10 | 0.794885 | 1.000000 | 0.980000 | 0.990000 | 0.976667 |   0.301830 |      386 |      294 |       92 |   9.926745 |     10 | 0.800701 | 5.046602
 183 | 54600.00 | 54900.00 | 0.019220 | 0.022073 |   9.926745 |     10 | 0.800701 | 1.000000 | 0.970000 | 0.986667 | 0.956667 |   0.679555 |      389 |      291 |       98 |   9.927322 |     10 | 0.813762 | 4.715877
 184 | 54900.00 | 55200.00 | 0.019172 | 0.022059 |   9.927322 |     10 | 0.813762 | 1.000000 | 1.000000 | 1.010000 | 0.930000 |   1.813311 |      389 |      300 |       89 |   9.927322 |     10 | 0.848527 | 3.835552
 185 | 55200.00 | 55500.00 | 0.019125 | 0.022045 |   9.927322 |     10 | 0.848527 | 1.000000 | 1.056667 | 1.010000 | 1.066667 |  -1.285251 |      394 |      317 |       77 |   9.926238 |     10 | 0.823946 | 4.457981
 186 | 55500.00 | 55800.00 | 0.019078 | 0.022031 |   9.926238 |     10 | 0.823946 | 1.000000 | 0.970000 | 0.983333 | 1.073333 |  -2.042581 |      388 |      291 |       97 |   9.926811 |     10 | 0.784977 | 5.444752
 187 | 55800.00 | 56100.00 | 0.019032 | 0.022017 |   9.926811 |     10 | 0.784977 | 1.000000 | 1.040000 | 0.986667 | 0.933333 |   1.211186 |      393 |      312 |       81 |   9.926049 |     10 | 0.808028 | 4.861056
 188 | 56100.00 | 56400.00 | 0.018986 | 0.022003 |   9.926049 |     10 | 0.808028 | 1.000000 | 0.993333 | 1.023333 | 0.973333 |   1.136205 |      390 |      298 |       92 |   9.926176 |     10 | 0.829600 | 4.314826
 189 | 56400.00 | 56700.00 | 0.018940 | 0.021989 |   9.926176 |     10 | 0.829600 | 1.000000 | 0.963333 | 1.053333 | 1.003333 |   1.136919 |      386 |      289 |       97 |   9.926870 |     10 | 0.851133 | 3.769578
 190 | 56700.00 | 57000.00 | 0.018894 | 0.021975 |   9.926870 |     10 | 0.851133 | 1.000000 | 1.073333 | 1.070000 | 1.073333 |  -0.075842 |      394 |      322 |       72 |   9.925485 |     10 | 0.849700 | 3.805863
 191 | 57000.00 | 57300.00 | 0.018848 | 0.021962 |   9.925485 |     10 | 0.849700 | 1.000000 | 1.056667 | 1.070000 | 1.063333 |   0.151779 |      397 |      317 |       80 |   9.924417 |     10 | 0.852560 | 3.733423
 192 | 57300.00 | 57600.00 | 0.018803 | 0.021948 |   9.924417 |     10 | 0.852560 | 1.000000 | 1.040000 | 1.000000 | 1.006667 |  -0.151873 |      392 |      312 |       80 |   9.923665 |     10 | 0.849705 | 3.805734
 193 | 57600.00 | 57900.00 | 0.018758 | 0.021935 |   9.923665 |     10 | 0.849705 | 1.000000 | 1.036667 | 1.050000 | 1.000000 |   1.139754 |      392 |      311 |       81 |   9.922977 |     10 | 0.871085 | 3.264361
 194 | 57900.00 | 58200.00 | 0.018714 | 0.021921 |   9.922977 |     10 | 0.871085 | 1.000000 | 1.073333 | 1.056667 | 1.006667 |   1.140456 |      396 |      322 |       74 |   9.921604 |     10 | 0.892427 | 2.723944
 195 | 58200.00 | 58500.00 | 0.018669 | 0.021908 |   9.921604 |     10 | 0.892427 | 1.000000 | 1.090000 | 1.153333 | 1.040000 |   2.586620 |      398 |      327 |       71 |   9.919924 |     10 | 0.940717 | 1.501159
 196 | 58500.00 | 58800.00 | 0.018625 | 0.021894 |   9.919924 |     10 | 0.940717 | 1.000000 | 1.120000 | 0.790000 | 1.063333 |  -6.242131 |      390 |      336 |       54 |   9.917689 |     10 | 0.824457 | 4.445050
 197 | 58800.00 | 59100.00 | 0.018581 | 0.021881 |   9.917689 |     10 | 0.824457 | 1.000000 | 1.006667 | 1.050000 | 0.933333 |   2.665946 |      390 |      302 |       88 |   9.917565 |     10 | 0.873993 | 3.190711
 198 | 59100.00 | 59400.00 | 0.018537 | 0.021868 |   9.917565 |     10 | 0.873993 | 1.000000 | 1.073333 | 1.086667 | 0.986667 |   2.286482 |      395 |      322 |       73 |   9.916206 |     10 | 0.916379 | 2.117440
 199 | 59400.00 | 59700.00 | 0.018494 | 0.021854 |   9.916206 |     10 | 0.916379 | 1.000000 | 1.073333 | 1.123333 | 1.103333 |   0.457572 |      395 |      322 |       73 |   9.914850 |     10 | 0.924841 | 1.903159
 200 | 59700.00 | 60000.00 | 0.018451 | 0.021841 |   9.914850 |     10 | 0.924841 | 1.000000 | 1.116667 | 1.066667 | 1.083333 |  -0.381540 |      396 |      335 |       61 |   9.912697 |     10 | 0.917801 | 2.081417
 201 | 60000.00 | 60300.00 | 0.018408 | 0.021828 |   9.912697 |     10 | 0.917801 | 1.000000 | 1.150000 | 1.126667 | 1.103333 |   0.534476 |      400 |      345 |       55 |   9.909936 |     10 | 0.927640 | 1.832288
 202 | 60300.00 | 60600.00 | 0.018365 | 0.021815 |   9.909936 |     10 | 0.927640 | 1.000000 | 1.090000 | 1.076667 | 1.060000 |   0.381996 |      393 |      327 |       67 |   9.908283 |     10 | 0.934655 | 1.654645
 203 | 60600.00 | 60900.00 | 0.018323 | 0.021802 |   9.908283 |     10 | 0.934655 | 1.000000 | 1.106667 | 0.930000 | 1.073333 |  -3.287118 |      392 |      332 |       59 |   9.906329 |     10 | 0.874426 | 3.179746
 204 | 60900.00 | 61200.00 | 0.018281 | 0.021789 |   9.906329 |     10 | 0.874426 | 1.000000 | 1.040000 | 1.053333 | 1.070000 |  -0.382449 |      392 |      312 |       80 |   9.905597 |     10 | 0.867435 | 3.356780
 205 | 61200.00 | 61500.00 | 0.018239 | 0.021777 |   9.905597 |     10 | 0.867435 | 1.000000 | 1.126667 | 1.133333 | 0.980000 |   3.520607 |      401 |      338 |       63 |   9.903287 |     10 | 0.931646 | 1.730853
 206 | 61500.00 | 61800.00 | 0.018197 | 0.021764 |   9.903287 |     10 | 0.931646 | 1.000000 | 1.130000 | 1.006667 | 1.130000 |  -2.833456 |      396 |      339 |       57 |   9.900922 |     10 | 0.880086 | 3.036437
 207 | 61800.00 | 62100.00 | 0.018155 | 0.021751 |   9.900922 |     10 | 0.880086 | 1.000000 | 1.116667 | 1.050000 | 1.030000 |   0.459748 |      400 |      335 |       65 |   9.898804 |     10 | 0.888433 | 2.825080
 208 | 62100.00 | 62400.00 | 0.018114 | 0.021738 |   9.898804 |     10 | 0.888433 | 1.000000 | 1.100000 | 1.013333 | 1.053333 |  -0.920032 |      397 |      330 |       67 |   9.896992 |     10 | 0.871767 | 3.247078
 209 | 62400.00 | 62700.00 | 0.018073 | 0.021726 |   9.896992 |     10 | 0.871767 | 1.000000 | 1.086667 | 1.113333 | 1.053333 |   1.380849 |      397 |      326 |       71 |   9.895426 |     10 | 0.896723 | 2.615149
 210 | 62700.00 | 63000.00 | 0.018032 | 0.021713 |   9.895426 |     10 | 0.896723 | 1.000000 | 1.080000 | 1.086667 | 1.020000 |   1.535164 |      396 |      324 |       72 |   9.893983 |     10 | 0.924405 | 1.914186
 211 | 63000.00 | 63300.00 | 0.017992 | 0.021701 |   9.893983 |     10 | 0.924405 | 1.000000 | 1.183333 | 1.086667 | 1.120000 |  -0.768024 |      401 |      355 |       46 |   9.890685 |     10 | 0.910587 | 2.264080
 212 | 63300.00 | 63600.00 | 0.017951 | 0.021688 |   9.890685 |     10 | 0.910587 | 1.000000 | 1.126667 | 1.046667 | 1.073333 |  -0.614772 |      398 |      338 |       62 |   9.888411 |     10 | 0.899552 | 2.543526
 213 | 63600.00 | 63900.00 | 0.017911 | 0.021676 |   9.888411 |     10 | 0.899552 | 1.000000 | 1.056667 | 1.123333 | 1.093333 |   0.692014 |      393 |      317 |       74 |   9.887396 |     10 | 0.911946 | 2.229673
 214 | 63900.00 | 64200.00 | 0.017871 | 0.021664 |   9.887396 |     10 | 0.911946 | 1.000000 | 1.063333 | 1.113333 | 1.096667 |   0.384671 |      393 |      319 |       74 |   9.886264 |     10 | 0.918821 | 2.055600
 215 | 64200.00 | 64500.00 | 0.017831 | 0.021651 |   9.886264 |     10 | 0.918821 | 1.000000 | 1.150000 | 1.060000 | 1.130000 |  -1.616534 |      400 |      345 |       55 |   9.883590 |     10 | 0.889996 | 2.785495
 216 | 64500.00 | 64800.00 | 0.017792 | 0.021639 |   9.883590 |     10 | 0.889996 | 1.000000 | 1.090000 | 1.070000 | 1.073333 |  -0.077021 |      397 |      327 |       70 |   9.881988 |     10 | 0.888625 | 2.820195
 217 | 64800.00 | 65100.00 | 0.017752 | 0.021627 |   9.881988 |     10 | 0.888625 | 1.000000 | 1.120000 | 1.120000 | 1.066667 |   1.233035 |      400 |      336 |       64 |   9.879858 |     10 | 0.910515 | 2.265917
 218 | 65100.00 | 65400.00 | 0.017713 | 0.021615 |   9.879858 |     10 | 0.910515 | 1.000000 | 1.100000 | 1.116667 | 0.980000 |   3.161425 |      396 |      330 |       66 |   9.878087 |     10 | 0.966514 | 0.847915
 219 | 65400.00 | 65700.00 | 0.017674 | 0.021603 |   9.878087 |     10 | 0.966514 | 1.000000 | 0.730000 | 0.253333 | 1.063333 | -18.747694 |      254 |      219 |       38 |   9.882859 |     10 | 0.635159 | 9.238410
 220 | 65700.00 | 66000.00 | 0.017636 | 0.021591 |   9.882859 |     10 | 0.635159 | 1.000000 | 0.810000 | 0.833333 | 0.770000 |   1.466685 |      374 |      243 |      128 |   9.886210 |     10 | 0.661025 | 8.583434
 221 | 66000.00 | 66300.00 | 0.017597 | 0.021579 |   9.886210 |     10 | 0.661025 | 1.000000 | 0.816667 | 0.823333 | 0.786667 |   0.849605 |      373 |      245 |      128 |   9.889436 |     10 | 0.675976 | 8.204855
 222 | 66300.00 | 66600.00 | 0.017559 | 0.021567 |   9.889436 |     10 | 0.675976 | 1.000000 | 0.856667 | 0.870000 | 0.843333 |   0.618236 |      379 |      257 |      122 |   9.891953 |     10 | 0.686831 | 7.929972
 223 | 66600.00 | 66900.00 | 0.017521 | 0.021555 |   9.891953 |     10 | 0.686831 | 1.000000 | 0.883333 | 0.876667 | 0.840000 |   0.850542 |      380 |      265 |      115 |   9.893997 |     10 | 0.701734 | 7.552619
 224 | 66900.00 | 67200.00 | 0.017483 | 0.021543 |   9.893997 |     10 | 0.701734 | 1.000000 | 0.860000 | 0.910000 | 0.846667 |   1.469924 |      376 |      258 |      118 |   9.896444 |     10 | 0.727432 | 6.901881
 225 | 67200.00 | 67500.00 | 0.017445 | 0.021531 |   9.896444 |     10 | 0.727432 | 1.000000 | 0.960000 | 0.946667 | 0.883333 |   1.470728 |      387 |      288 |       99 |   9.897142 |     10 | 0.753090 | 6.252189
 226 | 67500.00 | 67800.00 | 0.017408 | 0.021520 |   9.897142 |     10 | 0.753090 | 1.000000 | 0.960000 | 0.996667 | 0.930000 |   1.548977 |      387 |      288 |       99 |   9.897838 |     10 | 0.780054 | 5.569401
 227 | 67800.00 | 68100.00 | 0.017371 | 0.021508 |   9.897838 |     10 | 0.780054 | 1.000000 | 0.970000 | 0.953333 | 0.960000 |  -0.154982 |      387 |      291 |       96 |   9.898360 |     10 | 0.777362 | 5.637571
 228 | 68100.00 | 68400.00 | 0.017334 | 0.021496 |   9.898360 |     10 | 0.777362 | 1.000000 | 0.900000 | 0.996667 | 0.940000 |   1.318058 |      380 |      270 |      110 |   9.900093 |     10 | 0.800209 | 5.059054
 229 | 68400.00 | 68700.00 | 0.017297 | 0.021485 |   9.900093 |     10 | 0.800209 | 1.000000 | 0.940000 | 0.946667 | 0.976667 |  -0.698171 |      384 |      282 |      102 |   9.901131 |     10 | 0.788133 | 5.364840
 230 | 68700.00 | 69000.00 | 0.017260 | 0.021473 |   9.901131 |     10 | 0.788133 | 1.000000 | 1.010000 | 1.010000 | 0.936667 |   1.707557 |      392 |      303 |       89 |   9.900958 |     10 | 0.817605 | 4.618549
 231 | 69000.00 | 69300.00 | 0.017223 | 0.021462 |   9.900958 |     10 | 0.817605 | 1.000000 | 1.080000 | 0.990000 | 1.026667 |  -0.854235 |      395 |      324 |       71 |   9.899580 |     10 | 0.802892 | 4.991104
 232 | 69300.00 | 69600.00 | 0.017187 | 0.021450 |   9.899580 |     10 | 0.802892 | 1.000000 | 0.990000 | 0.963333 | 0.906667 |   1.320885 |      388 |      297 |       91 |   9.899752 |     10 | 0.825595 | 4.416245
 233 | 69600.00 | 69900.00 | 0.017151 | 0.021439 |   9.899752 |     10 | 0.825595 | 1.000000 | 1.003333 | 1.003333 | 1.026667 |  -0.544183 |      392 |      301 |       91 |   9.899695 |     10 | 0.816261 | 4.652579
 234 | 69900.00 | 70200.00 | 0.017115 | 0.021428 |   9.899695 |     10 | 0.816261 | 1.000000 | 1.046667 | 1.013333 | 1.010000 |   0.077782 |      394 |      314 |       80 |   9.898896 |     10 | 0.817593 | 4.618870
 235 | 70200.00 | 70500.00 | 0.017079 | 0.021416 |   9.898896 |     10 | 0.817593 | 1.000000 | 1.003333 | 1.003333 | 1.026667 |  -0.544758 |      389 |      301 |       88 |   9.898839 |     10 | 0.808288 | 4.854465
 236 | 70500.00 | 70800.00 | 0.017044 | 0.021405 |   9.898839 |     10 | 0.808288 | 1.000000 | 1.026667 | 0.976667 | 0.980000 |  -0.077863 |      393 |      308 |       85 |   9.898385 |     10 | 0.806961 | 4.888069
 237 | 70800.00 | 71100.00 | 0.017008 | 0.021394 |   9.898385 |     10 | 0.806961 | 1.000000 | 0.930000 | 0.946667 | 0.963333 |  -0.389521 |      382 |      279 |      103 |   9.899575 |     10 | 0.800336 | 5.055827
 238 | 71100.00 | 71400.00 | 0.016973 | 0.021383 |   9.899575 |     10 | 0.800336 | 1.000000 | 0.983333 | 1.006667 | 0.923333 |   1.948622 |      389 |      295 |       94 |   9.899858 |     10 | 0.833410 | 4.218338
 239 | 71400.00 | 71700.00 | 0.016938 | 0.021372 |   9.899858 |     10 | 0.833410 | 1.000000 | 0.956667 | 0.973333 | 1.003333 |  -0.701869 |      384 |      287 |       97 |   9.900592 |     10 | 0.821522 | 4.519367
 240 | 71700.00 | 72000.00 | 0.016903 | 0.021360 |   9.900592 |     10 | 0.821522 | 1.000000 | 1.090000 | 1.016667 | 1.020000 |  -0.078026 |      400 |      327 |       73 |   9.899071 |     10 | 0.820203 | 4.552764
 241 | 72000.00 | 72300.00 | 0.016868 | 0.021349 |   9.899071 |     10 | 0.820203 | 1.000000 | 0.993333 | 1.080000 | 0.983333 |   2.263918 |      388 |      298 |       90 |   9.899183 |     10 | 0.858392 | 3.585765
 242 | 72300.00 | 72600.00 | 0.016834 | 0.021338 |   9.899183 |     10 | 0.858392 | 1.000000 | 1.053333 | 1.086667 | 1.033333 |   1.249701 |      394 |      316 |       78 |   9.898286 |     10 | 0.879429 | 3.053067
 243 | 72600.00 | 72900.00 | 0.016799 | 0.021327 |   9.898286 |     10 | 0.879429 | 1.000000 | 1.073333 | 1.050000 | 1.060000 |  -0.234439 |      397 |      322 |       75 |   9.897054 |     10 | 0.875490 | 3.152795
 244 | 72900.00 | 73200.00 | 0.016765 | 0.021317 |   9.897054 |     10 | 0.875490 | 1.000000 | 1.080000 | 1.116667 | 1.043333 |   1.720099 |      396 |      324 |       72 |   9.895712 |     10 | 0.904328 | 2.422572
 245 | 73200.00 | 73500.00 | 0.016731 | 0.021306 |   9.895712 |     10 | 0.904328 | 1.000000 | 1.130000 | 1.150000 | 1.073333 |   1.799202 |      400 |      339 |       61 |   9.893537 |     10 | 0.934431 | 1.660318
 246 | 73500.00 | 73800.00 | 0.016697 | 0.021295 |   9.893537 |     10 | 0.934431 | 1.000000 | 1.166667 | 0.950000 | 1.060000 |  -2.582774 |      398 |      350 |       48 |   9.890754 |     10 | 0.891306 | 2.752327
 247 | 73800.00 | 74100.00 | 0.016664 | 0.021284 |   9.890754 |     10 | 0.891306 | 1.000000 | 1.116667 | 1.050000 | 1.086667 |  -0.861360 |      400 |      335 |       65 |   9.888810 |     10 | 0.876952 | 3.115779
 248 | 74100.00 | 74400.00 | 0.016630 | 0.021273 |   9.888810 |     10 | 0.876952 | 1.000000 | 0.976667 | 1.073333 | 1.046667 |   0.626760 |      386 |      293 |       93 |   9.889198 |     10 | 0.887375 | 2.851849
 249 | 74400.00 | 74700.00 | 0.016597 | 0.021263 |   9.889198 |     10 | 0.887375 | 1.000000 | 1.090000 | 1.093333 | 1.110000 |  -0.391922 |      397 |      327 |       70 |   9.887705 |     10 | 0.880871 | 3.016557
 250 | 74700.00 | 75000.00 | 0.016564 | 0.021252 |   9.887705 |     10 | 0.880871 | 1.000000 | 1.100000 | 1.110000 | 1.013333 |   2.274285 |      399 |      330 |       69 |   9.886048 |     10 | 0.918541 | 2.062684
 251 | 75000.00 | 75300.00 | 0.016530 | 0.021241 |   9.886048 |     10 | 0.918541 | 1.000000 | 1.103333 | 1.093333 | 1.060000 |   0.784628 |      396 |      331 |       65 |   9.884340 |     10 | 0.931511 | 1.734255
 252 | 75300.00 | 75600.00 | 0.016498 | 0.021231 |   9.884340 |     10 | 0.931511 | 1.000000 | 1.136667 | 0.993333 | 1.063333 |  -1.648538 |      395 |      341 |       54 |   9.882086 |     10 | 0.904314 | 2.422927
 253 | 75600.00 | 75900.00 | 0.016465 | 0.021220 |   9.882086 |     10 | 0.904314 | 1.000000 | 1.073333 | 1.113333 | 1.040000 |   1.727897 |      393 |      322 |       71 |   9.880878 |     10 | 0.932764 | 1.702535
 254 | 75900.00 | 76200.00 | 0.016432 | 0.021210 |   9.880878 |     10 | 0.932764 | 1.000000 | 1.060000 | 0.976667 | 1.153333 |  -4.164719 |      387 |      318 |       70 |   9.879892 |     10 | 0.864328 | 3.435448
 255 | 76200.00 | 76500.00 | 0.016400 | 0.021199 |   9.879892 |     10 | 0.864328 | 1.000000 | 1.093333 | 1.096667 | 1.003333 |   2.201313 |      398 |      328 |       69 |   9.878362 |     10 | 0.900429 | 2.521303
 256 | 76500.00 | 76800.00 | 0.016368 | 0.021189 |   9.878362 |     10 | 0.900429 | 1.000000 | 1.080000 | 1.106667 | 1.073333 |   0.786569 |      393 |      324 |       69 |   9.877052 |     10 | 0.913304 | 2.195304
 257 | 76800.00 | 77100.00 | 0.016335 | 0.021179 |   9.877052 |     10 | 0.913304 | 1.000000 | 1.160000 | 1.100000 | 1.063333 |   0.865650 |      403 |      348 |       55 |   9.874438 |     10 | 0.927444 | 1.837235
 258 | 77100.00 | 77400.00 | 0.016304 | 0.021168 |   9.874438 |     10 | 0.927444 | 1.000000 | 1.086667 | 1.083333 | 1.103333 |  -0.472403 |      394 |      326 |       68 |   9.873025 |     10 | 0.919742 | 2.032258
 259 | 77400.00 | 77700.00 | 0.016272 | 0.021158 |   9.873025 |     10 | 0.919742 | 1.000000 | 1.173333 | 1.076667 | 1.043333 |   0.787721 |      402 |      352 |       50 |   9.870205 |     10 | 0.932560 | 1.707695
 260 | 77700.00 | 78000.00 | 0.016240 | 0.021148 |   9.870205 |     10 | 0.932560 | 1.000000 | 1.150000 | 0.986667 | 1.130000 |  -3.388843 |      398 |      345 |       53 |   9.867769 |     10 | 0.877525 | 3.101278
 261 | 78000.00 | 78300.00 | 0.016209 | 0.021138 |   9.867769 |     10 | 0.877525 | 1.000000 | 1.163333 | 1.063333 | 0.993333 |   1.655816 |      404 |      349 |       55 |   9.865122 |     10 | 0.904363 | 2.421683
 262 | 78300.00 | 78600.00 | 0.016177 | 0.021127 |   9.865122 |     10 | 0.904363 | 1.000000 | 1.173333 | 1.126667 | 1.043333 |   1.972159 |      403 |      352 |       51 |   9.862318 |     10 | 0.936267 | 1.613817
 263 | 78600.00 | 78900.00 | 0.016146 | 0.021117 |   9.862318 |     10 | 0.936267 | 1.000000 | 1.186667 | 0.963333 | 1.113333 |  -3.551591 |      402 |      356 |       46 |   9.859304 |     10 | 0.878923 | 3.065867
 264 | 78900.00 | 79200.00 | 0.016115 | 0.021107 |   9.859304 |     10 | 0.878923 | 1.000000 | 1.050000 | 1.113333 | 0.980000 |   3.158480 |      392 |      315 |       77 |   9.858498 |     10 | 0.929822 | 1.777023
 265 | 79200.00 | 79500.00 | 0.016084 | 0.021097 |   9.858498 |     10 | 0.929822 | 1.000000 | 1.123333 | 1.033333 | 1.073333 |  -0.947996 |      396 |      337 |       59 |   9.856514 |     10 | 0.914575 | 2.163118
 266 | 79500.00 | 79800.00 | 0.016053 | 0.021087 |   9.856514 |     10 | 0.914575 | 1.000000 | 1.090000 | 1.153333 | 1.120000 |   0.790372 |      395 |      327 |       68 |   9.855069 |     10 | 0.927263 | 1.841835
 267 | 79800.00 | 80100.00 | 0.016023 | 0.021077 |   9.855069 |     10 | 0.927263 | 1.000000 | 1.203333 | 1.080000 | 1.030000 |   1.186121 |      405 |      361 |       45 |   9.851811 |     10 | 0.946267 | 1.360602
 268 | 80100.00 | 80400.00 | 0.015992 | 0.021067 |   9.851811 |     10 | 0.946267 | 1.000000 | 1.100000 | 0.706667 | 1.126667 |  -9.968122 |      382 |      330 |       52 |   9.850212 |     10 | 0.786856 | 5.397177
 269 | 80400.00 | 80700.00 | 0.015962 | 0.021057 |   9.850212 |     10 | 0.786856 | 1.000000 | 1.016667 | 0.963333 | 0.926667 |   0.870643 |      392 |      305 |       86 |   9.849946 |     10 | 0.800753 | 5.045281
 270 | 80700.00 | 81000.00 | 0.015932 | 0.021047 |   9.849946 |     10 | 0.800753 | 1.000000 | 1.020000 | 1.013333 | 0.923333 |   2.138036 |      391 |      306 |       85 |   9.849628 |     10 | 0.834815 | 4.182765
 271 | 81000.00 | 81300.00 | 0.015902 | 0.021038 |   9.849628 |     10 | 0.834815 | 1.000000 | 0.993333 | 1.000000 | 1.010000 |  -0.237671 |      388 |      298 |       90 |   9.849734 |     10 | 0.831036 | 4.278464
 272 | 81300.00 | 81600.00 | 0.015872 | 0.021028 |   9.849734 |     10 | 0.831036 | 1.000000 | 1.016667 | 1.043333 | 1.066667 |  -0.554824 |      393 |      305 |       88 |   9.849469 |     10 | 0.822230 | 4.501445
 273 | 81600.00 | 81900.00 | 0.015842 | 0.021018 |   9.849469 |     10 | 0.822230 | 1.000000 | 0.983333 | 0.976667 | 0.930000 |   1.110164 |      387 |      295 |       92 |   9.849733 |     10 | 0.839817 | 4.056113
 274 | 81900.00 | 82200.00 | 0.015812 | 0.021008 |   9.849733 |     10 | 0.839817 | 1.000000 | 1.020000 | 1.043333 | 1.096667 |  -1.269347 |      391 |      306 |       85 |   9.849417 |     10 | 0.819746 | 4.564347
 275 | 82200.00 | 82500.00 | 0.015783 | 0.020998 |   9.849417 |     10 | 0.819746 | 1.000000 | 0.973333 | 0.986667 | 1.060000 |  -1.746160 |      387 |      292 |       95 |   9.849838 |     10 | 0.792187 | 5.262186
 276 | 82500.00 | 82800.00 | 0.015753 | 0.020989 |   9.849838 |     10 | 0.792187 | 1.000000 | 0.980000 | 0.943333 | 0.946667 |  -0.079407 |      387 |      294 |       93 |   9.850153 |     10 | 0.790936 | 5.293861
 277 | 82800.00 | 83100.00 | 0.015724 | 0.020979 |   9.850153 |     10 | 0.790936 | 1.000000 | 0.953333 | 1.056667 | 1.003333 |   1.271103 |      387 |      286 |      101 |   9.850887 |     10 | 0.810923 | 4.787763
 278 | 83100.00 | 83400.00 | 0.015695 | 0.020970 |   9.850887 |     10 | 0.810923 | 1.000000 | 1.010000 | 1.080000 | 1.030000 |   1.192205 |      390 |      303 |       87 |   9.850730 |     10 | 0.829634 | 4.313957
 279 | 83400.00 | 83700.00 | 0.015666 | 0.020960 |   9.850730 |     10 | 0.829634 | 1.000000 | 1.043333 | 1.110000 | 1.030000 |   1.908400 |      393 |      313 |       80 |   9.850051 |     10 | 0.859531 | 3.556924
 280 | 83700.00 | 84000.00 | 0.015637 | 0.020950 |   9.850051 |     10 | 0.859531 | 1.000000 | 1.070000 | 1.016667 | 0.970000 |   1.113740 |      396 |      321 |       75 |   9.848956 |     10 | 0.876946 | 3.115934
 281 | 84000.00 | 84300.00 | 0.015608 | 0.020941 |   9.848956 |     10 | 0.876946 | 1.000000 | 1.130000 | 1.130000 | 1.053333 |   1.830547 |      403 |      339 |       64 |   9.846927 |     10 | 0.905518 | 2.392454
 282 | 84300.00 | 84600.00 | 0.015580 | 0.020931 |   9.846927 |     10 | 0.905518 | 1.000000 | 1.140000 | 1.046667 | 1.103333 |  -1.353625 |      400 |      342 |       58 |   9.844746 |     10 | 0.884429 | 2.926461
 283 | 84600.00 | 84900.00 | 0.015551 | 0.020922 |   9.844746 |     10 | 0.884429 | 1.000000 | 1.050000 | 1.083333 | 1.023333 |   1.433897 |      393 |      315 |       78 |   9.843968 |     10 | 0.906727 | 2.361821
 284 | 84900.00 | 85200.00 | 0.015523 | 0.020913 |   9.843968 |     10 | 0.906727 | 1.000000 | 1.143333 | 1.043333 | 1.060000 |  -0.398484 |      400 |      343 |       57 |   9.841744 |     10 | 0.900542 | 2.518450
 285 | 85200.00 | 85500.00 | 0.015494 | 0.020903 |   9.841744 |     10 | 0.900542 | 1.000000 | 1.096667 | 1.133333 | 1.090000 |   1.036523 |      398 |      329 |       69 |   9.840246 |     10 | 0.916602 | 2.111773
 286 | 85500.00 | 85800.00 | 0.015466 | 0.020894 |   9.840246 |     10 | 0.916602 | 1.000000 | 1.093333 | 1.086667 | 1.010000 |   1.834668 |      395 |      328 |       67 |   9.838802 |     10 | 0.944978 | 1.393252
 287 | 85800.00 | 86100.00 | 0.015438 | 0.020885 |   9.838802 |     10 | 0.944978 | 1.000000 | 1.056667 | 0.750000 | 1.120000 |  -8.858215 |      381 |      317 |       64 |   9.837927 |     10 | 0.808221 | 4.856166
 288 | 86100.00 | 86400.00 | 0.015411 | 0.020875 |   9.837927 |     10 | 0.808221 | 1.000000 | 1.033333 | 1.063333 | 0.976667 |   2.075820 |      393 |      310 |       83 |   9.837414 |     10 | 0.840211 | 4.046137
 289 | 86400.00 | 86700.00 | 0.015383 | 0.020866 |   9.837414 |     10 | 0.840211 | 1.000000 | 0.986667 | 1.090000 | 0.993333 |   2.316363 |      387 |      296 |       91 |   9.837619 |     10 | 0.875843 | 3.143870
 290 | 86700.00 | 87000.00 | 0.015355 | 0.020857 |   9.837619 |     10 | 0.875843 | 1.000000 | 1.073333 | 1.083333 | 1.086667 |  -0.079910 |      397 |      322 |       75 |   9.836493 |     10 | 0.874616 | 3.174940
 291 | 87000.00 | 87300.00 | 0.015328 | 0.020848 |   9.836493 |     10 | 0.874616 | 1.000000 | 1.116667 | 1.120000 | 1.010000 |   2.638189 |      399 |      335 |       64 |   9.834704 |     10 | 0.915053 | 2.150998
 292 | 87300.00 | 87600.00 | 0.015300 | 0.020838 |   9.834704 |     10 | 0.915053 | 1.000000 | 1.160000 | 1.096667 | 1.080000 |   0.399901 |      402 |      348 |       56 |   9.832256 |     10 | 0.921172 | 1.996065
 293 | 87600.00 | 87900.00 | 0.015273 | 0.020829 |   9.832256 |     10 | 0.921172 | 1.000000 | 1.050000 | 1.096667 | 1.096667 |   0.000000 |      390 |      315 |       73 |   9.831493 |     10 | 0.921172 | 1.996065
 294 | 87900.00 | 88200.00 | 0.015246 | 0.020820 |   9.831493 |     10 | 0.921172 | 1.000000 | 1.126667 | 1.090000 | 1.093333 |  -0.080050 |      399 |      338 |       61 |   9.829562 |     10 | 0.919951 | 2.026968
 295 | 88200.00 | 88500.00 | 0.015219 | 0.020811 |   9.829562 |     10 | 0.919951 | 1.000000 | 1.170000 | 1.126667 | 1.110000 |   0.400425 |      402 |      351 |       51 |   9.826974 |     10 | 0.926045 | 1.872657
 296 | 88500.00 | 88800.00 | 0.015192 | 0.020802 |   9.826974 |     10 | 0.926045 | 1.000000 | 1.150000 | 1.083333 | 1.050000 |   0.801199 |      398 |      345 |       53 |   9.824696 |     10 | 0.938217 | 1.564447
 297 | 88800.00 | 89100.00 | 0.015165 | 0.020793 |   9.824696 |     10 | 0.938217 | 1.000000 | 1.126667 | 0.930000 | 1.096667 |  -4.007727 |      392 |      338 |       56 |   9.822775 |     10 | 0.877439 | 3.103445
 298 | 89100.00 | 89400.00 | 0.015138 | 0.020784 |   9.822775 |     10 | 0.877439 | 1.000000 | 1.053333 | 1.026667 | 1.020000 |   0.160378 |      394 |      316 |       76 |   9.821967 |     10 | 0.879867 | 3.041967
 299 | 89400.00 | 89700.00 | 0.015112 | 0.020775 |   9.821967 |     10 | 0.879867 | 1.000000 | 1.070000 | 1.060000 | 1.056667 |   0.080224 |      397 |      321 |       76 |   9.820910 |     10 | 0.881080 | 3.011269
 300 | 89700.00 | 90000.00 | 0.015085 | 0.020766 |   9.820910 |     10 | 0.881080 | 1.000000 | 1.063333 | 1.063333 | 1.080000 |  -0.401291 |      391 |      319 |       72 |   9.819954 |     10 | 0.875026 | 3.164557
 301 | 90000.00 | 90300.00 | 0.015059 | 0.020757 |   9.819954 |     10 | 0.875026 | 1.000000 | 1.073333 | 1.026667 | 1.023333 |   0.080292 |      397 |      322 |       75 |   9.818850 |     10 | 0.876235 | 3.133940
 302 | 90300.00 | 90600.00 | 0.015033 | 0.020749 |   9.818850 |     10 | 0.876235 | 1.000000 | 1.113333 | 1.010000 | 1.073333 |  -1.526208 |      400 |      334 |       66 |   9.817146 |     10 | 0.853292 | 3.714903
 303 | 90600.00 | 90900.00 | 0.015007 | 0.020740 |   9.817146 |     10 | 0.853292 | 1.000000 | 1.026667 | 1.066667 | 0.996667 |   1.687580 |      392 |      308 |       84 |   9.816746 |     10 | 0.878617 | 3.073629
 304 | 90900.00 | 91200.00 | 0.014981 | 0.020731 |   9.816746 |     10 | 0.878617 | 1.000000 | 1.123333 | 1.060000 | 0.983333 |   1.849086 |      400 |      337 |       63 |   9.814898 |     10 | 0.906318 | 2.372201
 305 | 91200.00 | 91500.00 | 0.014955 | 0.020722 |   9.814898 |     10 | 0.906318 | 1.000000 | 1.036667 | 1.110000 | 1.096667 |   0.321716 |      390 |      311 |       80 |   9.814350 |     10 | 0.911129 | 2.250373
 306 | 91500.00 | 91800.00 | 0.014929 | 0.020713 |   9.814350 |     10 | 0.911129 | 1.000000 | 1.103333 | 1.056667 | 1.130000 |  -1.770186 |      398 |      331 |       66 |   9.812807 |     10 | 0.884702 | 2.919554
 307 | 91800.00 | 92100.00 | 0.014903 | 0.020705 |   9.812807 |     10 | 0.884702 | 1.000000 | 1.096667 | 1.086667 | 1.013333 |   1.770931 |      398 |      329 |       69 |   9.811367 |     10 | 0.911094 | 2.251243
 308 | 92100.00 | 92400.00 | 0.014878 | 0.020696 |   9.811367 |     10 | 0.911094 | 1.000000 | 1.160000 | 1.113333 | 1.103333 |   0.241592 |      401 |      348 |       53 |   9.808986 |     10 | 0.914689 | 2.160228
 309 | 92400.00 | 92700.00 | 0.014852 | 0.020687 |   9.808986 |     10 | 0.914689 | 1.000000 | 1.133333 | 1.063333 | 1.076667 |  -0.322257 |      400 |      340 |       60 |   9.807006 |     10 | 0.909902 | 2.281424
 310 | 92700.00 | 93000.00 | 0.014827 | 0.020679 |   9.807006 |     10 | 0.909902 | 1.000000 | 1.123333 | 1.126667 | 1.090000 |   0.886578 |      398 |      337 |       61 |   9.805177 |     10 | 0.923048 | 1.948564
 311 | 93000.00 | 93300.00 | 0.014802 | 0.020670 |   9.805177 |     10 | 0.923048 | 1.000000 | 1.166667 | 1.106667 | 1.140000 |  -0.806315 |      402 |      350 |       52 |   9.802710 |     10 | 0.911113 | 2.250774
 312 | 93300.00 | 93600.00 | 0.014777 | 0.020662 |   9.802710 |     10 | 0.911113 | 1.000000 | 1.116667 | 1.136667 | 1.053333 |   2.016625 |      397 |      335 |       62 |   9.800986 |     10 | 0.940912 | 1.496221
 313 | 93600.00 | 93900.00 | 0.014751 | 0.020653 |   9.800986 |     10 | 0.940912 | 1.000000 | 1.080000 | 0.866667 | 1.063333 |  -4.761204 |      388 |      324 |       64 |   9.799806 |     10 | 0.870677 | 3.274684
 314 | 93900.00 | 94200.00 | 0.014727 | 0.020645 |   9.799806 |     10 | 0.870677 | 1.000000 | 0.990000 | 1.093333 | 1.073333 |   0.484390 |      387 |      297 |       90 |   9.799953 |     10 | 0.877810 | 3.094055
 315 | 94200.00 | 94500.00 | 0.014702 | 0.020636 |   9.799953 |     10 | 0.877810 | 1.000000 | 1.073333 | 1.066667 | 1.040000 |   0.646119 |      397 |      322 |       75 |   9.798875 |     10 | 0.887309 | 2.853523
 316 | 94500.00 | 94800.00 | 0.014677 | 0.020628 |   9.798875 |     10 | 0.887309 | 1.000000 | 1.086667 | 1.116667 | 1.060000 |   1.373567 |      395 |      326 |       69 |   9.797603 |     10 | 0.907469 | 2.343044
 317 | 94800.00 | 95100.00 | 0.014652 | 0.020619 |   9.797603 |     10 | 0.907469 | 1.000000 | 1.096667 | 1.153333 | 1.030000 |   2.990752 |      398 |      329 |       70 |   9.796187 |     10 | 0.951290 | 1.233414
 318 | 95100.00 | 95400.00 | 0.014628 | 0.020611 |   9.796187 |     10 | 0.951290 | 1.000000 | 1.030000 | 0.600000 | 1.140000 | -13.099989 |      360 |      309 |       51 |   9.795748 |     10 | 0.759667 | 6.085636
 319 | 95400.00 | 95700.00 | 0.014603 | 0.020602 |   9.795748 |     10 | 0.759667 | 1.000000 | 0.970000 | 1.016667 | 0.926667 |   2.184220 |      387 |      291 |       95 |   9.796186 |     10 | 0.791564 | 5.277955
 320 | 95700.00 | 96000.00 | 0.014579 | 0.020594 |   9.796186 |     10 | 0.791564 | 1.000000 | 0.990000 | 1.056667 | 0.983333 |   1.780458 |      389 |      297 |       92 |   9.796332 |     10 | 0.817521 | 4.620676
 321 | 96000.00 | 96300.00 | 0.014555 | 0.020586 |   9.796332 |     10 | 0.817521 | 1.000000 | 1.030000 | 1.036667 | 1.050000 |  -0.323851 |      392 |      309 |       83 |   9.795895 |     10 | 0.812808 | 4.740031
 322 | 96300.00 | 96600.00 | 0.014531 | 0.020577 |   9.795895 |     10 | 0.812808 | 1.000000 | 0.953333 | 1.026667 | 1.013333 |   0.323981 |      385 |      286 |       99 |   9.796573 |     10 | 0.817515 | 4.620826
 323 | 96600.00 | 96900.00 | 0.014506 | 0.020569 |   9.796573 |     10 | 0.817515 | 1.000000 | 1.013333 | 1.033333 | 0.970000 |   1.539532 |      392 |      304 |       88 |   9.796380 |     10 | 0.839849 | 4.055311
 324 | 96900.00 | 97200.00 | 0.014483 | 0.020561 |   9.796380 |     10 | 0.839849 | 1.000000 | 1.030000 | 1.060000 | 1.000000 |   1.459090 |      393 |      309 |       84 |   9.795946 |     10 | 0.860980 | 3.520231
 325 | 97200.00 | 97500.00 | 0.014459 | 0.020553 |   9.795946 |     10 | 0.860980 | 1.000000 | 1.066667 | 1.143333 | 1.070000 |   1.784046 |      394 |      320 |       74 |   9.794982 |     10 | 0.886775 | 2.867060
 326 | 97500.00 | 97800.00 | 0.014435 | 0.020544 |   9.794982 |     10 | 0.886775 | 1.000000 | 1.163333 | 1.130000 | 1.026667 |   2.514888 |      405 |      349 |       56 |   9.792624 |     10 | 0.923077 | 1.947828
 327 | 97800.00 | 98100.00 | 0.014411 | 0.020536 |   9.792624 |     10 | 0.923077 | 1.000000 | 1.126667 | 1.036667 | 1.046667 |  -0.243473 |      397 |      338 |       59 |   9.790799 |     10 | 0.919568 | 2.036675
 328 | 98100.00 | 98400.00 | 0.014388 | 0.020528 |   9.790799 |     10 | 0.919568 | 1.000000 | 1.123333 | 1.086667 | 1.070000 |   0.405950 |      397 |      337 |       60 |   9.789024 |     10 | 0.925409 | 1.888780
 329 | 98400.00 | 98700.00 | 0.014364 | 0.020520 |   9.789024 |     10 | 0.925409 | 1.000000 | 1.073333 | 1.103333 | 1.083333 |   0.487333 |      392 |      322 |       70 |   9.787971 |     10 | 0.932409 | 1.711524
 330 | 98700.00 | 99000.00 | 0.014341 | 0.020512 |   9.787971 |     10 | 0.932409 | 1.000000 | 1.170000 | 1.006667 | 1.113333 |  -2.600137 |      401 |      351 |       50 |   9.785533 |     10 | 0.895121 | 2.655719
 331 | 99000.00 | 99300.00 | 0.014317 | 0.020504 |   9.785533 |     10 | 0.895121 | 1.000000 | 1.136667 | 1.130000 | 1.056667 |   1.788299 |      399 |      341 |       58 |   9.783576 |     10 | 0.920725 | 2.007384
 332 | 99300.00 | 99600.00 | 0.014294 | 0.020496 |   9.783576 |     10 | 0.920725 | 1.000000 | 1.146667 | 1.080000 | 1.090000 |  -0.243955 |      401 |      344 |       57 |   9.781480 |     10 | 0.917238 | 2.095685
 333 | 99600.00 | 99900.00 | 0.014271 | 0.020488 |   9.781480 |     10 | 0.917238 | 1.000000 | 1.076667 | 1.103333 | 1.043333 |   1.464303 |      394 |      323 |       71 |   9.780385 |     10 | 0.938135 | 1.566530
 334 | 99900.00 | 100200.0 | 0.014248 | 0.020480 |   9.780385 |     10 | 0.938135 | 1.000000 | 1.123333 | 0.896667 | 1.086667 |  -4.638775 |      393 |      337 |       56 |   9.778628 |     10 | 0.872041 | 3.240138
 335 | 100200.0 | 100500.0 | 0.014225 | 0.020472 |   9.778628 |     10 | 0.872041 | 1.000000 | 1.073333 | 1.130000 | 1.050000 |   1.953930 |      396 |      322 |       74 |   9.777585 |     10 | 0.899836 | 2.536321
 336 | 100500.0 | 100800.0 | 0.014202 | 0.020464 |   9.777585 |     10 | 0.899836 | 1.000000 | 1.106667 | 1.053333 | 1.046667 |   0.162891 |      398 |      332 |       66 |   9.776070 |     10 | 0.902150 | 2.477741
 337 | 100800.0 | 101100.0 | 0.014180 | 0.020456 |   9.776070 |     10 | 0.902150 | 1.000000 | 1.073333 | 1.083333 | 1.073333 |   0.244431 |      394 |      322 |       72 |   9.775030 |     10 | 0.905616 | 2.389977
 338 | 101100.0 | 101400.0 | 0.014157 | 0.020448 |   9.775030 |     10 | 0.905616 | 1.000000 | 1.170000 | 1.140000 | 1.060000 |   1.956207 |      402 |      351 |       52 |   9.772624 |     10 | 0.933309 | 1.688722
 339 | 101400.0 | 101700.0 | 0.014134 | 0.020440 |   9.772624 |     10 | 0.933309 | 1.000000 | 1.150000 | 1.040000 | 1.073333 |  -0.815401 |      398 |      345 |       52 |   9.770503 |     10 | 0.921784 | 1.980559
 340 | 101700.0 | 102000.0 | 0.014112 | 0.020432 |   9.770503 |     10 | 0.921784 | 1.000000 | 1.113333 | 1.086667 | 1.096667 |  -0.244714 |      398 |      334 |       64 |   9.768904 |     10 | 0.918331 | 2.068004
 341 | 102000.0 | 102300.0 | 0.014089 | 0.020424 |   9.768904 |     10 | 0.918331 | 1.000000 | 1.113333 | 1.096667 | 1.106667 |  -0.244809 |      397 |      334 |       63 |   9.767307 |     10 | 0.914882 | 2.155344
 342 | 102300.0 | 102600.0 | 0.014067 | 0.020416 |   9.767307 |     10 | 0.914882 | 1.000000 | 1.166667 | 1.116667 | 1.060000 |   1.387780 |      402 |      350 |       52 |   9.764963 |     10 | 0.934404 | 1.661012
 343 | 102600.0 | 102900.0 | 0.014045 | 0.020409 |   9.764963 |     10 | 0.934404 | 1.000000 | 1.086667 | 0.966667 | 1.060000 |  -2.286629 |      390 |      326 |       64 |   9.763746 |     10 | 0.902288 | 2.474229
 344 | 102900.0 | 103200.0 | 0.014023 | 0.020401 |   9.763746 |     10 | 0.902288 | 1.000000 | 1.133333 | 1.106667 | 1.103333 |   0.081696 |      400 |      340 |       61 |   9.761876 |     10 | 0.903434 | 2.445220
 345 | 103200.0 | 103500.0 | 0.014001 | 0.020393 |   9.761876 |     10 | 0.903434 | 1.000000 | 1.116667 | 1.113333 | 1.156667 |  -1.062458 |      400 |      335 |       64 |   9.760242 |     10 | 0.888559 | 2.821883
 346 | 103500.0 | 103800.0 | 0.013979 | 0.020385 |   9.760242 |     10 | 0.888559 | 1.000000 | 1.056667 | 1.073333 | 1.053333 |   0.490551 |      392 |      317 |       75 |   9.759450 |     10 | 0.895416 | 2.648246
 347 | 103800.0 | 104100.0 | 0.013957 | 0.020378 |   9.759450 |     10 | 0.895416 | 1.000000 | 1.056667 | 1.163333 | 1.076667 |   2.126526 |      394 |      317 |       77 |   9.758659 |     10 | 0.925095 | 1.896712
 348 | 104100.0 | 104400.0 | 0.013935 | 0.020370 |   9.758659 |     10 | 0.925095 | 1.000000 | 1.130000 | 1.113333 | 1.056667 |   1.390946 |      396 |      339 |       58 |   9.756848 |     10 | 0.944478 | 1.405907
 349 | 104400.0 | 104700.0 | 0.013913 | 0.020362 |   9.756848 |     10 | 0.944478 | 1.000000 | 1.130000 | 0.743333 | 1.053333 |  -7.612155 |      388 |      339 |       48 |   9.755039 |     10 | 0.838569 | 4.087719
 350 | 104700.0 | 105000.0 | 0.013892 | 0.020355 |   9.755039 |     10 | 0.838569 | 1.000000 | 1.020000 | 1.056667 | 0.986667 |   1.719519 |      392 |      306 |       86 |   9.754761 |     10 | 0.862455 | 3.482864
 351 | 105000.0 | 105300.0 | 0.013870 | 0.020347 |   9.754761 |     10 | 0.862455 | 1.000000 | 1.070000 | 1.053333 | 1.036667 |   0.409563 |      396 |      321 |       75 |   9.753790 |     10 | 0.868136 | 3.339021
 352 | 105300.0 | 105600.0 | 0.013849 | 0.020339 |   9.753790 |     10 | 0.868136 | 1.000000 | 1.036667 | 1.086667 | 1.013333 |   1.802749 |      392 |      311 |       81 |   9.753283 |     10 | 0.893101 | 2.706854
 353 | 105600.0 | 105900.0 | 0.013827 | 0.020332 |   9.753283 |     10 | 0.893101 | 1.000000 | 1.163333 | 1.133333 | 1.030000 |   2.541184 |      403 |      349 |       54 |   9.751024 |     10 | 0.928239 | 1.817119
 354 | 105900.0 | 106200.0 | 0.013806 | 0.020324 |   9.751024 |     10 | 0.928239 | 1.000000 | 1.153333 | 1.046667 | 1.033333 |   0.328017 |      399 |      346 |       53 |   9.748907 |     10 | 0.932767 | 1.702449
 355 | 106200.0 | 106500.0 | 0.013785 | 0.020317 |   9.748907 |     10 | 0.932767 | 1.000000 | 1.076667 | 1.000000 | 1.100000 |  -2.461038 |      390 |      323 |       68 |   9.747851 |     10 | 0.898843 | 2.561469
 356 | 106500.0 | 106800.0 | 0.013763 | 0.020309 |   9.747851 |     10 | 0.898843 | 1.000000 | 1.113333 | 1.086667 | 1.110000 |  -0.574455 |      399 |      334 |       64 |   9.746291 |     10 | 0.890937 | 2.761674
 357 | 106800.0 | 107100.0 | 0.013742 | 0.020302 |   9.746291 |     10 | 0.890937 | 1.000000 | 1.086667 | 1.086667 | 1.023333 |   1.559809 |      396 |      326 |       70 |   9.745100 |     10 | 0.912372 | 2.218894
 358 | 107100.0 | 107400.0 | 0.013721 | 0.020294 |   9.745100 |     10 | 0.912372 | 1.000000 | 1.146667 | 1.073333 | 1.126667 |  -1.314007 |      401 |      344 |       57 |   9.743087 |     10 | 0.894342 | 2.675441
 359 | 107400.0 | 107700.0 | 0.013700 | 0.020287 |   9.743087 |     10 | 0.894342 | 1.000000 | 1.130000 | 1.063333 | 1.070000 |  -0.164311 |      401 |      339 |       62 |   9.741306 |     10 | 0.892091 | 2.732443
 360 | 107700.0 | 108000.0 | 0.013679 | 0.020279 |   9.741306 |     10 | 0.892091 | 1.000000 | 1.140000 | 1.076667 | 1.053333 |   0.575300 |      401 |      342 |       59 |   9.739391 |     10 | 0.899961 | 2.533166
 361 | 108000.0 | 108300.0 | 0.013659 | 0.020272 |   9.739391 |     10 | 0.899961 | 1.000000 | 1.110000 | 1.100000 | 1.046667 |   1.315452 |      398 |      333 |       65 |   9.737889 |     10 | 0.917928 | 2.078202
 362 | 108300.0 | 108600.0 | 0.013638 | 0.020264 |   9.737889 |     10 | 0.917928 | 1.000000 | 1.126667 | 1.073333 | 1.203333 |  -3.207583 |      399 |      338 |       61 |   9.736161 |     10 | 0.874183 | 3.185901
 363 | 108600.0 | 108900.0 | 0.013617 | 0.020257 |   9.736161 |     10 | 0.874183 | 1.000000 | 1.093333 | 1.110000 | 0.986667 |   3.044199 |      397 |      328 |       69 |   9.734890 |     10 | 0.915637 | 2.136214
 364 | 108900.0 | 109200.0 | 0.013597 | 0.020250 |   9.734890 |     10 | 0.915637 | 1.000000 | 1.093333 | 1.096667 | 1.043333 |   1.316888 |      394 |      328 |       66 |   9.733621 |     10 | 0.933543 | 1.682817
 365 | 109200.0 | 109500.0 | 0.013576 | 0.020242 |   9.733621 |     10 | 0.933543 | 1.000000 | 1.146667 | 1.013333 | 1.120000 |  -2.634729 |      399 |      344 |       55 |   9.731630 |     10 | 0.897773 | 2.588574
 366 | 109500.0 | 109800.0 | 0.013556 | 0.020235 |   9.731630 |     10 | 0.897773 | 1.000000 | 1.043333 | 1.046667 | 1.126667 |  -1.976760 |      392 |      313 |       79 |   9.731042 |     10 | 0.870976 | 3.267117
 367 | 109800.0 | 110100.0 | 0.013536 | 0.020228 |   9.731042 |     10 | 0.870976 | 1.000000 | 1.033333 | 1.070000 | 1.020000 |   1.235920 |      392 |      310 |       82 |   9.730591 |     10 | 0.887705 | 2.843511
 368 | 110100.0 | 110400.0 | 0.013515 | 0.020221 |   9.730591 |     10 | 0.887705 | 1.000000 | 1.096667 | 1.130000 | 1.013333 |   2.884850 |      398 |      329 |       69 |   9.729285 |     10 | 0.926694 | 1.856222
 369 | 110400.0 | 110700.0 | 0.013495 | 0.020213 |   9.729285 |     10 | 0.926694 | 1.000000 | 1.093333 | 1.020000 | 1.056667 |  -0.906992 |      394 |      328 |       66 |   9.728025 |     10 | 0.914454 | 2.166161
 370 | 110700.0 | 111000.0 | 0.013475 | 0.020206 |   9.728025 |     10 | 0.914454 | 1.000000 | 1.100000 | 1.093333 | 1.063333 |   0.742350 |      397 |      330 |       68 |   9.726678 |     10 | 0.924458 | 1.912862
 371 | 111000.0 | 111300.0 | 0.013455 | 0.020199 |   9.726678 |     10 | 0.924458 | 1.000000 | 1.156667 | 1.090000 | 1.053333 |   0.907640 |      400 |      347 |       53 |   9.724570 |     10 | 0.936670 | 1.603624
 372 | 111300.0 | 111600.0 | 0.013435 | 0.020192 |   9.724570 |     10 | 0.936670 | 1.000000 | 1.103333 | 0.936667 | 1.110000 |  -4.292190 |      389 |      331 |       57 |   9.723182 |     10 | 0.879004 | 3.063826
 373 | 111600.0 | 111900.0 | 0.013415 | 0.020185 |   9.723182 |     10 | 0.879004 | 1.000000 | 1.026667 | 1.093333 | 1.033333 |   1.486286 |      392 |      308 |       84 |   9.722824 |     10 | 0.898943 | 2.558940
 374 | 111900.0 | 112200.0 | 0.013395 | 0.020177 |   9.722824 |     10 | 0.898943 | 1.000000 | 1.136667 | 1.093333 | 1.063333 |   0.743406 |      401 |      341 |       60 |   9.720993 |     10 | 0.908901 | 2.306781
 375 | 112200.0 | 112500.0 | 0.013376 | 0.020170 |   9.720993 |     10 | 0.908901 | 1.000000 | 1.066667 | 1.030000 | 1.080000 |  -1.239448 |      392 |      320 |       72 |   9.720101 |     10 | 0.892323 | 2.726575
 376 | 112500.0 | 112800.0 | 0.013356 | 0.020163 |   9.720101 |     10 | 0.892323 | 1.000000 | 1.163333 | 1.106667 | 1.040000 |   1.653180 |      406 |      349 |       57 |   9.717920 |     10 | 0.914402 | 2.167476
 377 | 112800.0 | 113100.0 | 0.013336 | 0.020156 |   9.717920 |     10 | 0.914402 | 1.000000 | 1.140000 | 1.096667 | 1.150000 |  -1.323009 |      398 |      342 |       56 |   9.716053 |     10 | 0.896758 | 2.614256
 378 | 113100.0 | 113400.0 | 0.013317 | 0.020149 |   9.716053 |     10 | 0.896758 | 1.000000 | 1.100000 | 1.153333 | 1.040000 |   2.812381 |      397 |      330 |       67 |   9.714721 |     10 | 0.934210 | 1.665908
 379 | 113400.0 | 113700.0 | 0.013297 | 0.020142 |   9.714721 |     10 | 0.934210 | 1.000000 | 1.086667 | 0.933333 | 1.113333 |  -4.468287 |      391 |      326 |       65 |   9.713569 |     10 | 0.874794 | 3.170433
 380 | 113700.0 | 114000.0 | 0.013278 | 0.020135 |   9.713569 |     10 | 0.874794 | 1.000000 | 1.023333 | 1.070000 | 0.990000 |   1.986599 |      391 |      307 |       84 |   9.713259 |     10 | 0.901172 | 2.502497
 381 | 114000.0 | 114300.0 | 0.013259 | 0.020128 |   9.713259 |     10 | 0.901172 | 1.000000 | 1.123333 | 1.120000 | 1.023333 |   2.401311 |      400 |      337 |       63 |   9.711624 |     10 | 0.933010 | 1.696302
 382 | 114300.0 | 114600.0 | 0.013239 | 0.020121 |   9.711624 |     10 | 0.933010 | 1.000000 | 1.120000 | 1.040000 | 1.096667 |  -1.408154 |      392 |      336 |       57 |   9.710035 |     10 | 0.914367 | 2.168377
 383 | 114600.0 | 114900.0 | 0.013220 | 0.020114 |   9.710035 |     10 | 0.914367 | 1.000000 | 1.123333 | 1.080000 | 1.123333 |  -1.077197 |      400 |      337 |       62 |   9.708404 |     10 | 0.900126 | 2.528977
 384 | 114900.0 | 115200.0 | 0.013201 | 0.020107 |   9.708404 |     10 | 0.900126 | 1.000000 | 1.160000 | 1.110000 | 1.000000 |   2.735370 |      402 |      348 |       54 |   9.706292 |     10 | 0.936236 | 1.614616
 385 | 115200.0 | 115500.0 | 0.013182 | 0.020100 |   9.706292 |     10 | 0.936236 | 1.000000 | 1.110000 | 0.963333 | 1.056667 |  -2.321722 |      392 |      333 |       59 |   9.704842 |     10 | 0.905631 | 2.389584
 386 | 115500.0 | 115800.0 | 0.013163 | 0.020093 |   9.704842 |     10 | 0.905631 | 1.000000 | 1.056667 | 1.050000 | 1.066667 |  -0.414736 |      392 |      317 |       75 |   9.704096 |     10 | 0.900172 | 2.527820
 387 | 115800.0 | 116100.0 | 0.013144 | 0.020086 |   9.704096 |     10 | 0.900172 | 1.000000 | 1.110000 | 1.123333 | 1.036667 |   2.157368 |      399 |      333 |       66 |   9.702650 |     10 | 0.928528 | 1.809782
 388 | 116100.0 | 116400.0 | 0.013125 | 0.020079 |   9.702650 |     10 | 0.928528 | 1.000000 | 1.150000 | 1.086667 | 1.073333 |   0.332017 |      397 |      345 |       52 |   9.700682 |     10 | 0.932886 | 1.699436
 389 | 116400.0 | 116700.0 | 0.013106 | 0.020072 |   9.700682 |     10 | 0.932886 | 1.000000 | 1.120000 | 1.000000 | 1.003333 |  -0.083033 |      395 |      336 |       59 |   9.699109 |     10 | 0.931798 | 1.726992
 390 | 116700.0 | 117000.0 | 0.013088 | 0.020066 |   9.699109 |     10 | 0.931798 | 1.000000 | 1.160000 | 1.016667 | 1.003333 |   0.332244 |      399 |      348 |       51 |   9.697015 |     10 | 0.936146 | 1.616886
 391 | 117000.0 | 117300.0 | 0.013069 | 0.020059 |   9.697015 |     10 | 0.936146 | 1.000000 | 1.073333 | 0.973333 | 1.083333 |  -2.741943 |      389 |      322 |       67 |   9.696057 |     10 | 0.900312 | 2.524277
 392 | 117300.0 | 117600.0 | 0.013050 | 0.020052 |   9.696057 |     10 | 0.900312 | 1.000000 | 1.153333 | 1.100000 | 1.043333 |   1.412996 |      402 |      346 |       56 |   9.694055 |     10 | 0.918752 | 2.057340
 393 | 117600.0 | 117900.0 | 0.013032 | 0.020045 |   9.694055 |     10 | 0.918752 | 1.000000 | 1.133333 | 1.106667 | 1.126667 |  -0.498874 |      400 |      340 |       60 |   9.692318 |     10 | 0.912251 | 2.221963
 394 | 117900.0 | 118200.0 | 0.013013 | 0.020038 |   9.692318 |     10 | 0.912251 | 1.000000 | 1.106667 | 1.100000 | 1.086667 |   0.332695 |      397 |      332 |       65 |   9.690930 |     10 | 0.916580 | 2.112333
 395 | 118200.0 | 118500.0 | 0.012995 | 0.020032 |   9.690930 |     10 | 0.916580 | 1.000000 | 1.106667 | 1.106667 | 1.040000 |   1.664036 |      395 |      332 |       63 |   9.689544 |     10 | 0.938204 | 1.564772
 396 | 118500.0 | 118800.0 | 0.012977 | 0.020025 |   9.689544 |     10 | 0.938204 | 1.000000 | 1.200000 | 0.873333 | 1.103333 |  -5.742858 |      400 |      360 |       40 |   9.686948 |     10 | 0.863681 | 3.451825
 397 | 118800.0 | 119100.0 | 0.012958 | 0.020018 |   9.686948 |     10 | 0.863681 | 1.000000 | 1.043333 | 1.096667 | 1.023333 |   1.831671 |      393 |      313 |       80 |   9.686387 |     10 | 0.887417 | 2.850802
 398 | 119100.0 | 119400.0 | 0.012940 | 0.020011 |   9.686387 |     10 | 0.887417 | 1.000000 | 1.060000 | 1.106667 | 1.013333 |   2.332000 |      395 |      318 |       77 |   9.685610 |     10 | 0.917593 | 2.086682
 399 | 119400.0 | 119700.0 | 0.012922 | 0.020005 |   9.685610 |     10 | 0.917593 | 1.000000 | 1.116667 | 1.070000 | 1.073333 |  -0.083314 |      397 |      335 |       62 |   9.684103 |     10 | 0.916517 | 2.113943
 400 | 119700.0 | 120000.0 | 0.012904 | 0.019998 |   9.684103 |     10 | 0.916517 | 1.000000 | 1.156667 | 1.076667 | 1.056667 |   0.500048 |      401 |      347 |       54 |   9.682081 |     10 | 0.922969 | 1.950553
 401 | 120000.0 | 120300.0 | 0.012886 | 0.019991 |   9.682081 |     10 | 0.922969 | 1.000000 | 1.120000 | 1.120000 | 1.023333 |   2.417705 |      397 |      336 |       61 |   9.680535 |     10 | 0.954123 | 1.161675
 402 | 120300.0 | 120600.0 | 0.012868 | 0.019985 |   9.680535 |     10 | 0.954123 | 1.000000 | 0.990000 | 0.566667 | 1.060000 | -12.342730 |      346 |      297 |       51 |   9.680664 |     10 | 0.795298 | 5.183394
 403 | 120600.0 | 120900.0 | 0.012850 | 0.019978 |   9.680664 |     10 | 0.795298 | 1.000000 | 1.013333 | 1.013333 | 0.923333 |   2.252461 |      392 |      304 |       86 |   9.680492 |     10 | 0.824243 | 4.450481
 404 | 120900.0 | 121200.0 | 0.012832 | 0.019972 |   9.680492 |     10 | 0.824243 | 1.000000 | 1.020000 | 1.080000 | 0.980000 |   2.503562 |      391 |      306 |       85 |   9.680236 |     10 | 0.856369 | 3.636995
 405 | 121200.0 | 121500.0 | 0.012814 | 0.019965 |   9.680236 |     10 | 0.856369 | 1.000000 | 0.996667 | 1.066667 | 1.000000 |   1.669592 |      390 |      299 |       91 |   9.680278 |     10 | 0.877763 | 3.095244
 406 | 121500.0 | 121800.0 | 0.012797 | 0.019958 |   9.680278 |     10 | 0.877763 | 1.000000 | 1.066667 | 1.063333 | 1.036667 |   0.668057 |      394 |      320 |       74 |   9.679425 |     10 | 0.886312 | 2.878772
 407 | 121800.0 | 122100.0 | 0.012779 | 0.019952 |   9.679425 |     10 | 0.886312 | 1.000000 | 1.060000 | 1.130000 | 1.030000 |   2.506037 |      394 |      318 |       76 |   9.678658 |     10 | 0.918337 | 2.067857
 408 | 122100.0 | 122400.0 | 0.012761 | 0.019945 |   9.678658 |     10 | 0.918337 | 1.000000 | 1.096667 | 1.176667 | 1.096667 |   2.005487 |      396 |      329 |       67 |   9.677425 |     10 | 0.943929 | 1.419808
 409 | 122400.0 | 122700.0 | 0.012744 | 0.019939 |   9.677425 |     10 | 0.943929 | 1.000000 | 1.156667 | 0.793333 | 1.103333 |  -7.773804 |      390 |      347 |       44 |   9.675428 |     10 | 0.844862 | 3.928367
 410 | 122700.0 | 123000.0 | 0.012726 | 0.019932 |   9.675428 |     10 | 0.844862 | 1.000000 | 1.020000 | 1.113333 | 1.030000 |   2.090415 |      392 |      306 |       85 |   9.675174 |     10 | 0.871465 | 3.254729
 411 | 123000.0 | 123300.0 | 0.012709 | 0.019926 |   9.675174 |     10 | 0.871465 | 1.000000 | 1.080000 | 1.066667 | 1.056667 |   0.250931 |      395 |      324 |       71 |   9.674157 |     10 | 0.874654 | 3.173977
 412 | 123300.0 | 123600.0 | 0.012691 | 0.019919 |   9.674157 |     10 | 0.874654 | 1.000000 | 1.093333 | 1.043333 | 1.066667 |  -0.585697 |      399 |      328 |       71 |   9.672973 |     10 | 0.867221 | 3.362202
 413 | 123600.0 | 123900.0 | 0.012674 | 0.019913 |   9.672973 |     10 | 0.867221 | 1.000000 | 1.160000 | 1.096667 | 1.043333 |   1.339171 |      404 |      348 |       56 |   9.670945 |     10 | 0.884193 | 2.932421
 414 | 123900.0 | 124200.0 | 0.012657 | 0.019906 |   9.670945 |     10 | 0.884193 | 1.000000 | 1.103333 | 1.103333 | 0.996667 |   2.679208 |      397 |      331 |       67 |   9.669637 |     10 | 0.918104 | 2.073753
 415 | 124200.0 | 124500.0 | 0.012640 | 0.019900 |   9.669637 |     10 | 0.918104 | 1.000000 | 1.150000 | 1.103333 | 1.080000 |   0.586266 |      401 |      345 |       55 |   9.667741 |     10 | 0.925514 | 1.886114
 416 | 124500.0 | 124800.0 | 0.012622 | 0.019894 |   9.667741 |     10 | 0.925514 | 1.000000 | 1.140000 | 1.113333 | 1.020000 |   2.345820 |      398 |      342 |       56 |   9.665974 |     10 | 0.955124 | 1.136335
 417 | 124800.0 | 125100.0 | 0.012605 | 0.019887 |   9.665974 |     10 | 0.955124 | 1.000000 | 0.976667 | 0.543333 | 1.110000 | -14.247058 |      339 |      293 |       48 |   9.666268 |     10 | 0.775534 | 5.683859
 418 | 125100.0 | 125400.0 | 0.012588 | 0.019881 |   9.666268 |     10 | 0.775534 | 1.000000 | 1.016667 | 0.940000 | 1.006667 |  -1.676662 |      392 |      305 |       85 |   9.666058 |     10 | 0.754428 | 6.218310
 419 | 125400.0 | 125700.0 | 0.012571 | 0.019874 |   9.666058 |     10 | 0.754428 | 1.000000 | 0.906667 | 0.943333 | 0.903333 |   1.006320 |      381 |      272 |      109 |   9.667231 |     10 | 0.767079 | 5.897970
 420 | 125700.0 | 126000.0 | 0.012554 | 0.019868 |   9.667231 |     10 | 0.767079 | 1.000000 | 1.003333 | 0.983333 | 0.910000 |   1.845509 |      391 |      301 |       90 |   9.667190 |     10 | 0.790248 | 5.311282
 421 | 126000.0 | 126300.0 | 0.012538 | 0.019862 |   9.667190 |     10 | 0.790248 | 1.000000 | 1.050000 | 0.970000 | 0.880000 |   2.265665 |      393 |      315 |       78 |   9.666563 |     10 | 0.818654 | 4.591995
 422 | 126300.0 | 126600.0 | 0.012521 | 0.019855 |   9.666563 |     10 | 0.818654 | 1.000000 | 1.056667 | 1.026667 | 1.020000 |   0.167880 |      396 |      317 |       79 |   9.665853 |     10 | 0.820756 | 4.538769
 423 | 126600.0 | 126900.0 | 0.012504 | 0.019849 |   9.665853 |     10 | 0.820756 | 1.000000 | 0.983333 | 1.023333 | 0.966667 |   1.427437 |      388 |      295 |       93 |   9.666062 |     10 | 0.838605 | 4.086810
 424 | 126900.0 | 127200.0 | 0.012487 | 0.019843 |   9.666062 |     10 | 0.838605 | 1.000000 | 1.013333 | 1.050000 | 0.966667 |   2.099837 |      391 |      304 |       87 |   9.665895 |     10 | 0.864826 | 3.422842
 425 | 127200.0 | 127500.0 | 0.012471 | 0.019837 |   9.665895 |     10 | 0.864826 | 1.000000 | 1.076667 | 1.033333 | 1.040000 |  -0.168040 |      396 |      323 |       73 |   9.664939 |     10 | 0.862730 | 3.475906
 426 | 127500.0 | 127800.0 | 0.012454 | 0.019830 |   9.664939 |     10 | 0.862730 | 1.000000 | 1.083333 | 1.056667 | 1.033333 |   0.588326 |      397 |      325 |       72 |   9.663901 |     10 | 0.870057 | 3.290373
 427 | 127800.0 | 128100.0 | 0.012437 | 0.019824 |   9.663901 |     10 | 0.870057 | 1.000000 | 1.056667 | 1.116667 | 1.050000 |   1.681460 |      395 |      317 |       78 |   9.663196 |     10 | 0.890970 | 2.760816
 428 | 128100.0 | 128400.0 | 0.012421 | 0.019818 |   9.663196 |     10 | 0.890970 | 1.000000 | 1.100000 | 1.113333 | 1.023333 |   2.270684 |      397 |      330 |       67 |   9.661954 |     10 | 0.919175 | 2.046639
 429 | 128400.0 | 128700.0 | 0.012405 | 0.019812 |   9.661954 |     10 | 0.919175 | 1.000000 | 1.133333 | 1.143333 | 1.043333 |   2.523773 |      398 |      340 |       58 |   9.660300 |     10 | 0.950481 | 1.253910
 430 | 128700.0 | 129000.0 | 0.012388 | 0.019805 |   9.660300 |     10 | 0.950481 | 1.000000 | 1.016667 | 0.640000 | 1.043333 | -10.182403 |      363 |      305 |       59 |   9.660094 |     10 | 0.824340 | 4.448024
 431 | 129000.0 | 129300.0 | 0.012372 | 0.019799 |   9.660094 |     10 | 0.824340 | 1.000000 | 1.080000 | 1.056667 | 1.020000 |   0.925962 |      397 |      324 |       72 |   9.659104 |     10 | 0.835795 | 4.157943
 432 | 129300.0 | 129600.0 | 0.012356 | 0.019793 |   9.659104 |     10 | 0.835795 | 1.000000 | 1.026667 | 1.003333 | 0.976667 |   0.673637 |      393 |      308 |       85 |   9.658775 |     10 | 0.844119 | 3.947186
 433 | 129600.0 | 129900.0 | 0.012339 | 0.019787 |   9.658775 |     10 | 0.844119 | 1.000000 | 1.120000 | 1.063333 | 1.023333 |   1.010769 |      400 |      336 |       64 |   9.657294 |     10 | 0.856591 | 3.631369
 434 | 129900.0 | 130200.0 | 0.012323 | 0.019781 |   9.657294 |     10 | 0.856591 | 1.000000 | 1.070000 | 1.063333 | 1.076667 |  -0.337028 |      396 |      321 |       75 |   9.656431 |     10 | 0.852438 | 3.736536
 435 | 130200.0 | 130500.0 | 0.012307 | 0.019775 |   9.656431 |     10 | 0.852438 | 1.000000 | 1.063333 | 1.016667 | 1.040000 |  -0.589981 |      394 |      319 |       76 |   9.655652 |     10 | 0.845177 | 3.920394
 436 | 130500.0 | 130800.0 | 0.012291 | 0.019769 |   9.655652 |     10 | 0.845177 | 1.000000 | 1.096667 | 1.033333 | 1.003333 |   0.758781 |      398 |      329 |       68 |   9.654464 |     10 | 0.854503 | 3.684241
 437 | 130800.0 | 131100.0 | 0.012275 | 0.019762 |   9.654464 |     10 | 0.854503 | 1.000000 | 1.043333 | 1.020000 | 1.030000 |  -0.253005 |      395 |      313 |       82 |   9.653932 |     10 | 0.851397 | 3.762880
 438 | 131100.0 | 131400.0 | 0.012259 | 0.019756 |   9.653932 |     10 | 0.851397 | 1.000000 | 1.023333 | 1.053333 | 1.056667 |  -0.084361 |      390 |      307 |       83 |   9.653646 |     10 | 0.850363 | 3.789067
 439 | 131400.0 | 131700.0 | 0.012243 | 0.019750 |   9.653646 |     10 | 0.850363 | 1.000000 | 1.046667 | 1.033333 | 1.056667 |  -0.590708 |      394 |      314 |       80 |   9.653074 |     10 | 0.843131 | 3.972195
 440 | 131700.0 | 132000.0 | 0.012227 | 0.019744 |   9.653074 |     10 | 0.843131 | 1.000000 | 1.040000 | 1.046667 | 0.963333 |   2.110319 |      391 |      312 |       79 |   9.652585 |     10 | 0.868934 | 3.318815
 441 | 132000.0 | 132300.0 | 0.012211 | 0.019738 |   9.652585 |     10 | 0.868934 | 1.000000 | 1.053333 | 1.046667 | 1.076667 |  -0.759947 |      395 |      316 |       79 |   9.651934 |     10 | 0.859654 | 3.553799
 442 | 132300.0 | 132600.0 | 0.012196 | 0.019732 |   9.651934 |     10 | 0.859654 | 1.000000 | 1.046667 | 1.113333 | 1.010000 |   2.618395 |      394 |      314 |       80 |   9.651365 |     10 | 0.891587 | 2.745208
 443 | 132600.0 | 132900.0 | 0.012180 | 0.019726 |   9.651365 |     10 | 0.891587 | 1.000000 | 0.990000 | 1.116667 | 1.033333 |   2.112252 |      387 |      297 |       90 |   9.651487 |     10 | 0.917314 | 2.093761
 444 | 132900.0 | 133200.0 | 0.012164 | 0.019720 |   9.651487 |     10 | 0.917314 | 1.000000 | 1.063333 | 1.116667 | 1.120000 |  -0.084516 |      391 |      319 |       72 |   9.650716 |     10 | 0.916286 | 2.119793
 445 | 133200.0 | 133500.0 | 0.012148 | 0.019714 |   9.650716 |     10 | 0.916286 | 1.000000 | 1.076667 | 1.133333 | 1.183333 |  -1.268121 |      395 |      323 |       72 |   9.649785 |     10 | 0.900880 | 2.509894
 446 | 133500.0 | 133800.0 | 0.012133 | 0.019708 |   9.649785 |     10 | 0.900880 | 1.000000 | 1.123333 | 1.033333 | 1.040000 |  -0.169134 |      399 |      337 |       62 |   9.648289 |     10 | 0.898828 | 2.561856
 447 | 133800.0 | 134100.0 | 0.012117 | 0.019702 |   9.648289 |     10 | 0.898828 | 1.000000 | 1.080000 | 1.063333 | 1.040000 |   0.592148 |      396 |      324 |       72 |   9.647319 |     10 | 0.906003 | 2.380166
 448 | 134100.0 | 134400.0 | 0.012102 | 0.019696 |   9.647319 |     10 | 0.906003 | 1.000000 | 1.093333 | 1.123333 | 1.053333 |   1.776980 |      397 |      328 |       69 |   9.646190 |     10 | 0.927508 | 1.835626
 449 | 134400.0 | 134700.0 | 0.012086 | 0.019690 |   9.646190 |     10 | 0.927508 | 1.000000 | 1.120000 | 1.096667 | 1.046667 |   1.269653 |      395 |      336 |       59 |   9.644739 |     10 | 0.942853 | 1.447049
 450 | 134700.0 | 135000.0 | 0.012071 | 0.019685 |   9.644739 |     10 | 0.942853 | 1.000000 | 1.126667 | 0.836667 | 1.120000 |  -7.196862 |      387 |      338 |       50 |   9.643210 |     10 | 0.855980 | 3.646845
 451 | 135000.0 | 135300.0 | 0.012056 | 0.019679 |   9.643210 |     10 | 0.855980 | 1.000000 | 1.083333 | 1.040000 | 1.026667 |   0.338777 |      397 |      325 |       71 |   9.642206 |     10 | 0.860064 | 3.543426
 452 | 135300.0 | 135600.0 | 0.012040 | 0.019673 |   9.642206 |     10 | 0.860064 | 1.000000 | 1.033333 | 1.093333 | 1.036667 |   1.440235 |      392 |      310 |       82 |   9.641804 |     10 | 0.877405 | 3.104320
 453 | 135600.0 | 135900.0 | 0.012025 | 0.019667 |   9.641804 |     10 | 0.877405 | 1.000000 | 1.063333 | 1.103333 | 0.973333 |   3.305054 |      395 |      319 |       76 |   9.641043 |     10 | 0.917149 | 2.097935
 454 | 135900.0 | 136200.0 | 0.012010 | 0.019661 |   9.641043 |     10 | 0.917149 | 1.000000 | 1.140000 | 1.123333 | 1.090000 |   0.847702 |      400 |      342 |       58 |   9.639361 |     10 | 0.927330 | 1.840137
 455 | 136200.0 | 136500.0 | 0.011995 | 0.019655 |   9.639361 |     10 | 0.927330 | 1.000000 | 1.140000 | 1.020000 | 1.083333 |  -1.611113 |      398 |      342 |       56 |   9.637682 |     10 | 0.908005 | 2.329481
 456 | 136500.0 | 136800.0 | 0.011980 | 0.019649 |   9.637682 |     10 | 0.908005 | 1.000000 | 1.146667 | 1.113333 | 1.103333 |   0.254462 |      400 |      344 |       56 |   9.635925 |     10 | 0.911053 | 2.252291
 457 | 136800.0 | 137100.0 | 0.011965 | 0.019643 |   9.635925 |     10 | 0.911053 | 1.000000 | 1.150000 | 1.116667 | 1.043333 |   1.866606 |      402 |      345 |       58 |   9.634130 |     10 | 0.933386 | 1.686772
 458 | 137100.0 | 137400.0 | 0.011950 | 0.019638 |   9.634130 |     10 | 0.933386 | 1.000000 | 1.123333 | 1.003333 | 1.093333 |  -2.291512 |      395 |      337 |       57 |   9.632656 |     10 | 0.906004 | 2.380152
 459 | 137400.0 | 137700.0 | 0.011935 | 0.019632 |   9.632656 |     10 | 0.906004 | 1.000000 | 1.076667 | 1.063333 | 1.046667 |   0.424479 |      393 |      323 |       70 |   9.631741 |     10 | 0.911070 | 2.251871
 460 | 137700.0 | 138000.0 | 0.011920 | 0.019626 |   9.631741 |     10 | 0.911070 | 1.000000 | 1.183333 | 1.116667 | 1.056667 |   1.528575 |      405 |      355 |       50 |   9.629556 |     10 | 0.929290 | 1.790502
 461 | 138000.0 | 138300.0 | 0.011905 | 0.019620 |   9.629556 |     10 | 0.929290 | 1.000000 | 1.090000 | 1.020000 | 1.103333 |  -2.123645 |      394 |      327 |       67 |   9.628485 |     10 | 0.904008 | 2.430681
 462 | 138300.0 | 138600.0 | 0.011890 | 0.019615 |   9.628485 |     10 | 0.904008 | 1.000000 | 1.123333 | 1.140000 | 1.043333 |   2.464151 |      400 |      337 |       63 |   9.627018 |     10 | 0.933307 | 1.688781
 463 | 138600.0 | 138900.0 | 0.011875 | 0.019609 |   9.627018 |     10 | 0.933307 | 1.000000 | 1.110000 | 1.010000 | 1.050000 |  -1.019947 |      391 |      333 |       58 |   9.625712 |     10 | 0.921195 | 1.995482
 464 | 138900.0 | 139200.0 | 0.011861 | 0.019603 |   9.625712 |     10 | 0.921195 | 1.000000 | 1.130000 | 1.100000 | 1.040000 |   1.530367 |      398 |      339 |       59 |   9.624170 |     10 | 0.939346 | 1.535868
 465 | 139200.0 | 139500.0 | 0.011846 | 0.019597 |   9.624170 |     10 | 0.939346 | 1.000000 | 1.143333 | 0.846667 | 1.113333 |  -6.803616 |      394 |      343 |       51 |   9.622472 |     10 | 0.858751 | 3.576661
 466 | 139500.0 | 139800.0 | 0.011831 | 0.019592 |   9.622472 |     10 | 0.858751 | 1.000000 | 1.020000 | 1.030000 | 1.063333 |  -0.850700 |      390 |      306 |       84 |   9.622236 |     10 | 0.848686 | 3.831519
 467 | 139800.0 | 140100.0 | 0.011817 | 0.019586 |   9.622236 |     10 | 0.848686 | 1.000000 | 1.130000 | 1.046667 | 1.056667 |  -0.255284 |      402 |      339 |       63 |   9.620699 |     10 | 0.845670 | 3.907904
 468 | 140100.0 | 140400.0 | 0.011802 | 0.019580 |   9.620699 |     10 | 0.845670 | 1.000000 | 1.013333 | 0.980000 | 1.013333 |  -0.851193 |      390 |      304 |       86 |   9.620542 |     10 | 0.835624 | 4.162281
 469 | 140400.0 | 140700.0 | 0.011787 | 0.019575 |   9.620542 |     10 | 0.835624 | 1.000000 | 1.060000 | 1.016667 | 0.976667 |   1.021728 |      396 |      318 |       78 |   9.619835 |     10 | 0.847668 | 3.857316
 470 | 140700.0 | 141000.0 | 0.011773 | 0.019569 |   9.619835 |     10 | 0.847668 | 1.000000 | 1.073333 | 1.050000 | 0.960000 |   2.299551 |      397 |      322 |       75 |   9.618972 |     10 | 0.874740 | 3.171790
 471 | 141000.0 | 141300.0 | 0.011759 | 0.019563 |   9.618972 |     10 | 0.874740 | 1.000000 | 1.123333 | 1.020000 | 1.046667 |  -0.681545 |      399 |      337 |       62 |   9.617521 |     10 | 0.866726 | 3.374719
 472 | 141300.0 | 141600.0 | 0.011744 | 0.019558 |   9.617521 |     10 | 0.866726 | 1.000000 | 1.116667 | 1.093333 | 1.050000 |   1.107829 |      400 |      335 |       65 |   9.616151 |     10 | 0.879737 | 3.045269
 473 | 141600.0 | 141900.0 | 0.011730 | 0.019552 |   9.616151 |     10 | 0.879737 | 1.000000 | 1.083333 | 1.110000 | 0.980000 |   3.324441 |      396 |      325 |       71 |   9.615174 |     10 | 0.918732 | 2.057846
 474 | 141900.0 | 142200.0 | 0.011716 | 0.019547 |   9.615174 |     10 | 0.918732 | 1.000000 | 1.150000 | 1.070000 | 1.126667 |  -1.449531 |      401 |      345 |       56 |   9.613416 |     10 | 0.901750 | 2.487859
 475 | 142200.0 | 142500.0 | 0.011701 | 0.019541 |   9.613416 |     10 | 0.901750 | 1.000000 | 1.116667 | 1.086667 | 1.060000 |   0.682327 |      400 |      335 |       65 |   9.612051 |     10 | 0.909734 | 2.285688
 476 | 142500.0 | 142800.0 | 0.011687 | 0.019535 |   9.612051 |     10 | 0.909734 | 1.000000 | 1.143333 | 1.170000 | 1.106667 |   1.620990 |      401 |      343 |       58 |   9.610376 |     10 | 0.928679 | 1.805980
 477 | 142800.0 | 143100.0 | 0.011673 | 0.019530 |   9.610376 |     10 | 0.928679 | 1.000000 | 1.063333 | 1.103333 | 1.153333 |  -1.280093 |      388 |      319 |       69 |   9.609637 |     10 | 0.913736 | 2.184345
 478 | 143100.0 | 143400.0 | 0.011659 | 0.019524 |   9.609637 |     10 | 0.913736 | 1.000000 | 1.140000 | 1.100000 | 1.096667 |   0.085364 |      400 |      342 |       58 |   9.608005 |     10 | 0.914732 | 2.159144
 479 | 143400.0 | 143700.0 | 0.011645 | 0.019519 |   9.608005 |     10 | 0.914732 | 1.000000 | 1.176667 | 1.130000 | 1.053333 |   1.963925 |      403 |      353 |       50 |   9.605947 |     10 | 0.937601 | 1.580058
 480 | 143700.0 | 144000.0 | 0.011631 | 0.019513 |   9.605947 |     10 | 0.937601 | 1.000000 | 1.130000 | 0.946667 | 1.120000 |  -4.441437 |      393 |      339 |       54 |   9.604435 |     10 | 0.885944 | 2.888086
 481 | 144000.0 | 144300.0 | 0.011617 | 0.019508 |   9.604435 |     10 | 0.885944 | 1.000000 | 1.060000 | 1.090000 | 1.056667 |   0.854364 |      394 |      318 |       76 |   9.603738 |     10 | 0.895869 | 2.636775
 482 | 144300.0 | 144600.0 | 0.011603 | 0.019502 |   9.603738 |     10 | 0.895869 | 1.000000 | 1.083333 | 1.093333 | 1.106667 |  -0.341842 |      396 |      325 |       71 |   9.602771 |     10 | 0.891903 | 2.737207
 483 | 144600.0 | 144900.0 | 0.011589 | 0.019497 |   9.602771 |     10 | 0.891903 | 1.000000 | 1.026667 | 1.056667 | 1.060000 |  -0.085485 |      392 |      308 |       84 |   9.602462 |     10 | 0.890912 | 2.762292
 484 | 144900.0 | 145200.0 | 0.011575 | 0.019491 |   9.602462 |     10 | 0.890912 | 1.000000 | 1.096667 | 1.073333 | 1.033333 |   1.026104 |      396 |      329 |       67 |   9.601344 |     10 | 0.902789 | 2.461549
 485 | 145200.0 | 145500.0 | 0.011561 | 0.019486 |   9.601344 |     10 | 0.902789 | 1.000000 | 1.123333 | 1.133333 | 1.056667 |   1.967250 |      402 |      337 |       65 |   9.599918 |     10 | 0.925532 | 1.885653
 486 | 145500.0 | 145800.0 | 0.011547 | 0.019480 |   9.599918 |     10 | 0.925532 | 1.000000 | 1.096667 | 1.106667 | 1.066667 |   1.026679 |      393 |      329 |       64 |   9.598801 |     10 | 0.937387 | 1.585461
 487 | 145800.0 | 146100.0 | 0.011533 | 0.019475 |   9.598801 |     10 | 0.937387 | 1.000000 | 1.100000 | 0.906667 | 1.156667 |  -6.418539 |      390 |      330 |       60 |   9.597648 |     10 | 0.863360 | 3.459949
 488 | 146100.0 | 146400.0 | 0.011520 | 0.019469 |   9.597648 |     10 | 0.863360 | 1.000000 | 1.026667 | 1.130000 | 1.033333 |   2.482528 |      390 |      308 |       82 |   9.597341 |     10 | 0.891958 | 2.735808
 489 | 146400.0 | 146700.0 | 0.011506 | 0.019464 |   9.597341 |     10 | 0.891958 | 1.000000 | 1.130000 | 1.113333 | 1.070000 |   1.113167 |      402 |      339 |       63 |   9.595845 |     10 | 0.904766 | 2.411489
 490 | 146700.0 | 147000.0 | 0.011492 | 0.019459 |   9.595845 |     10 | 0.904766 | 1.000000 | 1.113333 | 1.110000 | 1.006667 |   2.655214 |      397 |      334 |       63 |   9.594543 |     10 | 0.935280 | 1.638815
 491 | 147000.0 | 147300.0 | 0.011479 | 0.019453 |   9.594543 |     10 | 0.935280 | 1.000000 | 1.120000 | 0.970000 | 1.170000 |  -5.140550 |      394 |      336 |       58 |   9.593165 |     10 | 0.876274 | 3.132955
 492 | 147300.0 | 147600.0 | 0.011465 | 0.019448 |   9.593165 |     10 | 0.876274 | 1.000000 | 1.090000 | 1.056667 | 1.066667 |  -0.257099 |      398 |      327 |       71 |   9.592133 |     10 | 0.873326 | 3.207595
 493 | 147600.0 | 147900.0 | 0.011451 | 0.019442 |   9.592133 |     10 | 0.873326 | 1.000000 | 1.120000 | 1.053333 | 1.016667 |   0.942956 |      400 |      336 |       65 |   9.590759 |     10 | 0.884125 | 2.934165
 494 | 147900.0 | 148200.0 | 0.011438 | 0.019437 |   9.590759 |     10 | 0.884125 | 1.000000 | 1.126667 | 1.116667 | 1.023333 |   2.400914 |      399 |      338 |       60 |   9.589310 |     10 | 0.911586 | 2.238789
 495 | 148200.0 | 148500.0 | 0.011425 | 0.019432 |   9.589310 |     10 | 0.911586 | 1.000000 | 1.110000 | 1.126667 | 1.073333 |   1.372329 |      398 |      333 |       65 |   9.588054 |     10 | 0.927264 | 1.841790
 496 | 148500.0 | 148800.0 | 0.011411 | 0.019426 |   9.588054 |     10 | 0.927264 | 1.000000 | 1.186667 | 1.040000 | 1.096667 |  -1.458500 |      403 |      356 |       47 |   9.585924 |     10 | 0.910621 | 2.263222
 497 | 148800.0 | 149100.0 | 0.011398 | 0.019421 |   9.585924 |     10 | 0.910621 | 1.000000 | 1.050000 | 1.100000 | 1.073333 |   0.686542 |      391 |      315 |       76 |   9.585354 |     10 | 0.918446 | 2.065079
 498 | 149100.0 | 149400.0 | 0.011384 | 0.019416 |   9.585354 |     10 | 0.918446 | 1.000000 | 1.126667 | 1.146667 | 1.096667 |   1.287618 |      398 |      338 |       60 |   9.583912 |     10 | 0.933105 | 1.693895
 499 | 149400.0 | 149700.0 | 0.011371 | 0.019410 |   9.583912 |     10 | 0.933105 | 1.000000 | 1.190000 | 1.023333 | 1.076667 |  -1.373835 |      402 |      357 |       47 |   9.581751 |     10 | 0.917483 | 2.089470
 500 | 149700.0 | 150000.0 | 0.011358 | 0.019405 |   9.581751 |     10 | 0.917483 | 1.000000 | 1.070000 | 1.086667 | 1.136667 |  -1.288322 |      392 |      321 |       69 |   9.580956 |     10 | 0.902851 | 2.459990
 501 | 150000.0 | 150300.0 | 0.011345 | 0.019400 |   9.580956 |     10 | 0.902851 | 1.000000 | 1.090000 | 1.123333 | 1.076667 |   1.202762 |      396 |      327 |       69 |   9.579935 |     10 | 0.916495 | 2.114480
 502 | 150300.0 | 150600.0 | 0.011331 | 0.019395 |   9.579935 |     10 | 0.916495 | 1.000000 | 1.110000 | 1.050000 | 1.076667 |  -0.687479 |      399 |      333 |       66 |   9.578689 |     10 | 0.908705 | 2.311739
 503 | 150600.0 | 150900.0 | 0.011318 | 0.019389 |   9.578689 |     10 | 0.908705 | 1.000000 | 1.113333 | 1.103333 | 1.080000 |   0.601708 |      398 |      334 |       64 |   9.577406 |     10 | 0.915516 | 2.139291
 504 | 150900.0 | 151200.0 | 0.011305 | 0.019384 |   9.577406 |     10 | 0.915516 | 1.000000 | 1.070000 | 1.136667 | 1.076667 |   1.547668 |      394 |      321 |       73 |   9.576615 |     10 | 0.933012 | 1.696249
 505 | 151200.0 | 151500.0 | 0.011292 | 0.019379 |   9.576615 |     10 | 0.933012 | 1.000000 | 1.140000 | 0.990000 | 1.060000 |  -1.806101 |      392 |      342 |       50 |   9.575034 |     10 | 0.912618 | 2.212673
 506 | 151500.0 | 151800.0 | 0.011279 | 0.019374 |   9.575034 |     10 | 0.912618 | 1.000000 | 1.123333 | 1.130000 | 1.110000 |   0.516168 |      401 |      337 |       64 |   9.573643 |     10 | 0.918439 | 2.065254
 507 | 151800.0 | 152100.0 | 0.011266 | 0.019368 |   9.573643 |     10 | 0.918439 | 1.000000 | 1.060000 | 1.093333 | 1.103333 |  -0.258154 |      392 |      318 |       74 |   9.572967 |     10 | 0.915531 | 2.138899
 508 | 152100.0 | 152400.0 | 0.011253 | 0.019363 |   9.572967 |     10 | 0.915531 | 1.000000 | 1.123333 | 1.086667 | 1.090000 |  -0.086074 |      398 |      337 |       61 |   9.571579 |     10 | 0.914562 | 2.163425
 509 | 152400.0 | 152700.0 | 0.011240 | 0.019358 |   9.571579 |     10 | 0.914562 | 1.000000 | 1.083333 | 1.093333 | 1.086667 |   0.172195 |      395 |      325 |       70 |   9.570642 |     10 | 0.916498 | 2.114415
 510 | 152700.0 | 153000.0 | 0.011227 | 0.019353 |   9.570642 |     10 | 0.916498 | 1.000000 | 1.130000 | 1.086667 | 1.050000 |   0.947326 |      399 |      339 |       60 |   9.569183 |     10 | 0.927134 | 1.845099
 511 | 153000.0 | 153300.0 | 0.011214 | 0.019348 |   9.569183 |     10 | 0.927134 | 1.000000 | 1.126667 | 1.076667 | 1.100000 |  -0.603005 |      396 |      338 |       58 |   9.567762 |     10 | 0.920371 | 2.016332
 512 | 153300.0 | 153600.0 | 0.011201 | 0.019342 |   9.567762 |     10 | 0.920371 | 1.000000 | 1.090000 | 1.100000 | 1.073333 |   0.689333 |      396 |      327 |       70 |   9.566754 |     10 | 0.928093 | 1.820809
 513 | 153600.0 | 153900.0 | 0.011189 | 0.019337 |   9.566754 |     10 | 0.928093 | 1.000000 | 1.166667 | 1.046667 | 1.130000 |  -2.154741 |      399 |      350 |       48 |   9.564889 |     10 | 0.903984 | 2.431282
 514 | 153900.0 | 154200.0 | 0.011176 | 0.019332 |   9.564889 |     10 | 0.903984 | 1.000000 | 1.116667 | 1.076667 | 1.043333 |   0.862126 |      399 |      335 |       64 |   9.563586 |     10 | 0.913619 | 2.187306
 515 | 154200.0 | 154500.0 | 0.011163 | 0.019327 |   9.563586 |     10 | 0.913619 | 1.000000 | 1.163333 | 1.086667 | 1.096667 |  -0.258706 |      403 |      349 |       54 |   9.561762 |     10 | 0.910731 | 2.260435
 516 | 154500.0 | 154800.0 | 0.011150 | 0.019322 |   9.561762 |     10 | 0.910731 | 1.000000 | 1.156667 | 1.106667 | 1.063333 |   1.121359 |      403 |      347 |       57 |   9.560015 |     10 | 0.923235 | 1.943820
 517 | 154800.0 | 155100.0 | 0.011138 | 0.019317 |   9.560015 |     10 | 0.923235 | 1.000000 | 1.146667 | 1.020000 | 1.096667 |  -1.984468 |      400 |      344 |       55 |   9.558382 |     10 | 0.901132 | 2.503497
 518 | 155100.0 | 155400.0 | 0.011125 | 0.019312 |   9.558382 |     10 | 0.901132 | 1.000000 | 1.070000 | 1.133333 | 1.036667 |   2.502816 |      393 |      321 |       72 |   9.557603 |     10 | 0.928977 | 1.798430
 519 | 155400.0 | 155700.0 | 0.011113 | 0.019306 |   9.557603 |     10 | 0.928977 | 1.000000 | 1.113333 | 1.016667 | 1.106667 |  -2.330823 |      395 |      334 |       61 |   9.556344 |     10 | 0.903075 | 2.454302
 520 | 155700.0 | 156000.0 | 0.011100 | 0.019301 |   9.556344 |     10 | 0.903075 | 1.000000 | 1.073333 | 1.030000 | 1.086667 |  -1.467942 |      396 |      322 |       74 |   9.555530 |     10 | 0.886781 | 2.866901
 521 | 156000.0 | 156300.0 | 0.011088 | 0.019296 |   9.555530 |     10 | 0.886781 | 1.000000 | 1.030000 | 1.110000 | 1.046667 |   1.641072 |      391 |      309 |       82 |   9.555197 |     10 | 0.904976 | 2.406160
 522 | 156300.0 | 156600.0 | 0.011075 | 0.019291 |   9.555197 |     10 | 0.904976 | 1.000000 | 1.203333 | 1.090000 | 1.056667 |   0.863949 |      407 |      361 |       46 |   9.552945 |     10 | 0.914545 | 2.163874
 523 | 156600.0 | 156900.0 | 0.011063 | 0.019286 |   9.552945 |     10 | 0.914545 | 1.000000 | 1.106667 | 1.113333 | 1.180000 |  -1.728351 |      397 |      332 |       65 |   9.551765 |     10 | 0.895425 | 2.648028
 524 | 156900.0 | 157200.0 | 0.011050 | 0.019281 |   9.551765 |     10 | 0.895425 | 1.000000 | 1.093333 | 1.113333 | 1.130000 |  -0.432201 |      397 |      328 |       69 |   9.550734 |     10 | 0.890649 | 2.768963
 525 | 157200.0 | 157500.0 | 0.011038 | 0.019276 |   9.550734 |     10 | 0.890649 | 1.000000 | 1.106667 | 1.113333 | 1.056667 |   1.469866 |      398 |      332 |       66 |   9.549556 |     10 | 0.906873 | 2.358139
 526 | 157500.0 | 157800.0 | 0.011025 | 0.019271 |   9.549556 |     10 | 0.906873 | 1.000000 | 1.123333 | 1.073333 | 0.993333 |   2.075646 |      398 |      337 |       62 |   9.548196 |     10 | 0.929758 | 1.778651
 527 | 157800.0 | 158100.0 | 0.011013 | 0.019266 |   9.548196 |     10 | 0.929758 | 1.000000 | 1.110000 | 1.100000 | 1.126667 |  -0.692062 |      395 |      333 |       61 |   9.546985 |     10 | 0.922136 | 1.971648
 528 | 158100.0 | 158400.0 | 0.011001 | 0.019261 |   9.546985 |     10 | 0.922136 | 1.000000 | 1.083333 | 1.123333 | 1.026667 |   2.509377 |      393 |      325 |       68 |   9.546068 |     10 | 0.949741 | 1.272632
 529 | 158400.0 | 158700.0 | 0.010989 | 0.019256 |   9.546068 |     10 | 0.949741 | 1.000000 | 1.093333 | 0.676667 | 1.106667 | -11.165296 |      373 |      328 |       46 |   9.545043 |     10 | 0.827050 | 4.379394
 530 | 158700.0 | 159000.0 | 0.010976 | 0.019251 |   9.545043 |     10 | 0.827050 | 1.000000 | 1.040000 | 1.036667 | 0.996667 |   1.038901 |      393 |      312 |       80 |   9.544604 |     10 | 0.838453 | 4.090639
 531 | 159000.0 | 159300.0 | 0.010964 | 0.019246 |   9.544604 |     10 | 0.838453 | 1.000000 | 1.040000 | 1.033333 | 0.953333 |   2.078339 |      394 |      312 |       82 |   9.544165 |     10 | 0.861241 | 3.513622
 532 | 159300.0 | 159600.0 | 0.010952 | 0.019241 |   9.544165 |     10 | 0.861241 | 1.000000 | 1.026667 | 1.103333 | 0.980000 |   3.204933 |      392 |      308 |       84 |   9.543873 |     10 | 0.896342 | 2.624809
 533 | 159600.0 | 159900.0 | 0.010940 | 0.019236 |   9.543873 |     10 | 0.896342 | 1.000000 | 1.090000 | 1.086667 | 1.053333 |   0.866421 |      395 |      327 |       68 |   9.542888 |     10 | 0.905820 | 2.384794
 534 | 159900.0 | 160200.0 | 0.010928 | 0.019231 |   9.542888 |     10 | 0.905820 | 1.000000 | 1.113333 | 1.123333 | 1.113333 |   0.259993 |      400 |      334 |       66 |   9.541650 |     10 | 0.908661 | 2.312850
 535 | 160200.0 | 160500.0 | 0.010916 | 0.019226 |   9.541650 |     10 | 0.908661 | 1.000000 | 1.080000 | 1.096667 | 1.046667 |   1.300299 |      395 |      324 |       71 |   9.540777 |     10 | 0.922855 | 1.953436
 536 | 160500.0 | 160800.0 | 0.010904 | 0.019221 |   9.540777 |     10 | 0.922855 | 1.000000 | 1.090000 | 1.080000 | 1.080000 |   0.000000 |      394 |      327 |       67 |   9.539795 |     10 | 0.922855 | 1.953436
 537 | 160800.0 | 161100.0 | 0.010892 | 0.019216 |   9.539795 |     10 | 0.922855 | 1.000000 | 1.153333 | 1.103333 | 1.066667 |   0.954041 |      399 |      346 |       53 |   9.538125 |     10 | 0.933247 | 1.690311
 538 | 161100.0 | 161400.0 | 0.010880 | 0.019212 |   9.538125 |     10 | 0.933247 | 1.000000 | 1.133333 | 0.976667 | 1.106667 |  -3.383374 |      394 |      340 |       54 |   9.536674 |     10 | 0.896436 | 2.622424
 539 | 161400.0 | 161700.0 | 0.010868 | 0.019207 |   9.536674 |     10 | 0.896436 | 1.000000 | 1.090000 | 1.113333 | 1.100000 |   0.347101 |      397 |      327 |       70 |   9.535696 |     10 | 0.900208 | 2.526903
 540 | 161700.0 | 162000.0 | 0.010856 | 0.019202 |   9.535696 |     10 | 0.900208 | 1.000000 | 1.080000 | 1.100000 | 1.080000 |   0.520784 |      395 |      324 |       71 |   9.534828 |     10 | 0.905862 | 2.383742
 541 | 162000.0 | 162300.0 | 0.010844 | 0.019197 |   9.534828 |     10 | 0.905862 | 1.000000 | 1.093333 | 1.073333 | 1.080000 |  -0.173639 |      397 |      328 |       70 |   9.533816 |     10 | 0.903979 | 2.431422
 542 | 162300.0 | 162600.0 | 0.010832 | 0.019192 |   9.533816 |     10 | 0.903979 | 1.000000 | 1.093333 | 1.103333 | 1.056667 |   1.215780 |      396 |      328 |       67 |   9.532805 |     10 | 0.917149 | 2.097939
 543 | 162600.0 | 162900.0 | 0.010821 | 0.019187 |   9.532805 |     10 | 0.917149 | 1.000000 | 1.116667 | 1.086667 | 1.026667 |   1.563542 |      397 |      335 |       62 |   9.531542 |     10 | 0.934067 | 1.669534
 544 | 162900.0 | 163200.0 | 0.010809 | 0.019182 |   9.531542 |     10 | 0.934067 | 1.000000 | 1.200000 | 1.003333 | 1.063333 |  -1.563937 |      404 |      360 |       44 |   9.529381 |     10 | 0.917163 | 2.097582
 545 | 163200.0 | 163500.0 | 0.010797 | 0.019178 |   9.529381 |     10 | 0.917163 | 1.000000 | 1.130000 | 1.146667 | 1.076667 |   1.825053 |      398 |      339 |       59 |   9.527977 |     10 | 0.936868 | 1.598609
 546 | 163500.0 | 163800.0 | 0.010785 | 0.019173 |   9.527977 |     10 | 0.936868 | 1.000000 | 1.170000 | 0.966667 | 1.130000 |  -4.259531 |      398 |      351 |       47 |   9.526143 |     10 | 0.890927 | 2.761910
 547 | 163800.0 | 164100.0 | 0.010774 | 0.019168 |   9.526143 |     10 | 0.890927 | 1.000000 | 1.103333 | 1.100000 | 1.000000 |   2.608532 |      398 |      331 |       67 |   9.525030 |     10 | 0.919031 | 2.050276
 548 | 164100.0 | 164400.0 | 0.010762 | 0.019163 |   9.525030 |     10 | 0.919031 | 1.000000 | 1.116667 | 1.116667 | 1.093333 |   0.608810 |      397 |      335 |       62 |   9.523775 |     10 | 0.925583 | 1.884366
 549 | 164400.0 | 164700.0 | 0.010751 | 0.019158 |   9.523775 |     10 | 0.925583 | 1.000000 | 1.120000 | 1.070000 | 1.093333 |  -0.608963 |      396 |      336 |       60 |   9.522484 |     10 | 0.919036 | 2.050139
 550 | 164700.0 | 165000.0 | 0.010739 | 0.019153 |   9.522484 |     10 | 0.919036 | 1.000000 | 1.126667 | 1.020000 | 1.086667 |  -1.740329 |      397 |      338 |       59 |   9.521124 |     10 | 0.900347 | 2.523383
 551 | 165000.0 | 165300.0 | 0.010727 | 0.019149 |   9.521124 |     10 | 0.900347 | 1.000000 | 1.140000 | 1.096667 | 1.063333 |   0.870382 |      401 |      342 |       59 |   9.519622 |     10 | 0.909684 | 2.286957
 552 | 165300.0 | 165600.0 | 0.010716 | 0.019144 |   9.519622 |     10 | 0.909684 | 1.000000 | 1.136667 | 1.100000 | 1.010000 |   2.350618 |      402 |      341 |       61 |   9.518158 |     10 | 0.934873 | 1.649131
 553 | 165600.0 | 165900.0 | 0.010704 | 0.019139 |   9.518158 |     10 | 0.934873 | 1.000000 | 1.146667 | 0.973333 | 1.060000 |  -2.264121 |      396 |      344 |       52 |   9.516588 |     10 | 0.910637 | 2.262828
 554 | 165900.0 | 166200.0 | 0.010693 | 0.019134 |   9.516588 |     10 | 0.910637 | 1.000000 | 1.043333 | 1.146667 | 1.126667 |   0.522619 |      392 |      313 |       79 |   9.516125 |     10 | 0.916225 | 2.121322
 555 | 166200.0 | 166500.0 | 0.010681 | 0.019130 |   9.516125 |     10 | 0.916225 | 1.000000 | 1.120000 | 1.083333 | 1.106667 |  -0.609874 |      398 |      336 |       62 |   9.514843 |     10 | 0.909711 | 2.286276
 556 | 166500.0 | 166800.0 | 0.010670 | 0.019125 |   9.514843 |     10 | 0.909711 | 1.000000 | 1.120000 | 1.130000 | 1.106667 |   0.610025 |      399 |      336 |       63 |   9.513562 |     10 | 0.916220 | 2.121457
 557 | 166800.0 | 167100.0 | 0.010659 | 0.019120 |   9.513562 |     10 | 0.916220 | 1.000000 | 1.100000 | 1.066667 | 1.116667 |  -1.307520 |      396 |      330 |       66 |   9.512496 |     10 | 0.902283 | 2.474352
 558 | 167100.0 | 167400.0 | 0.010647 | 0.019115 |   9.512496 |     10 | 0.902283 | 1.000000 | 1.136667 | 1.100000 | 1.100000 |   0.000000 |      401 |      341 |       60 |   9.511041 |     10 | 0.902283 | 2.474352
 559 | 167400.0 | 167700.0 | 0.010636 | 0.019111 |   9.511041 |     10 | 0.902283 | 1.000000 | 1.153333 | 1.093333 | 1.100000 |  -0.174422 |      401 |      346 |       56 |   9.509410 |     10 | 0.900428 | 2.521328
 560 | 167700.0 | 168000.0 | 0.010625 | 0.019106 |   9.509410 |     10 | 0.900428 | 1.000000 | 1.096667 | 1.190000 | 1.093333 |   2.529742 |      398 |      329 |       68 |   9.508383 |     10 | 0.927306 | 1.840733
 561 | 168000.0 | 168300.0 | 0.010614 | 0.019101 |   9.508383 |     10 | 0.927306 | 1.000000 | 1.110000 | 1.063333 | 1.096667 |  -0.872539 |      394 |      333 |       61 |   9.507216 |     10 | 0.918045 | 2.075230
 562 | 168300.0 | 168600.0 | 0.010602 | 0.019097 |   9.507216 |     10 | 0.918045 | 1.000000 | 1.170000 | 1.140000 | 1.060000 |   2.094608 |      402 |      351 |       51 |   9.505414 |     10 | 0.940253 | 1.512895
 563 | 168600.0 | 168900.0 | 0.010591 | 0.019092 |   9.505414 |     10 | 0.940253 | 1.000000 | 1.146667 | 0.863333 | 1.130000 |  -6.983736 |      394 |      344 |       50 |   9.503860 |     10 | 0.866288 | 3.385825
 564 | 168900.0 | 169200.0 | 0.010580 | 0.019087 |   9.503860 |     10 | 0.866288 | 1.000000 | 0.993333 | 1.030000 | 1.086667 |  -1.484407 |      387 |      298 |       89 |   9.503931 |     10 | 0.850583 | 3.783500
 565 | 169200.0 | 169500.0 | 0.010569 | 0.019083 |   9.503931 |     10 | 0.850583 | 1.000000 | 1.010000 | 1.103333 | 1.006667 |   2.532841 |      390 |      303 |       87 |   9.503825 |     10 | 0.877352 | 3.105662
 566 | 169500.0 | 169800.0 | 0.010558 | 0.019078 |   9.503825 |     10 | 0.877352 | 1.000000 | 1.050000 | 1.100000 | 1.023333 |   2.009295 |      395 |      315 |       80 |   9.503297 |     10 | 0.898565 | 2.568500
 567 | 169800.0 | 170100.0 | 0.010547 | 0.019073 |   9.503297 |     10 | 0.898565 | 1.000000 | 1.093333 | 1.140000 | 1.040000 |   2.621457 |      396 |      328 |       68 |   9.502313 |     10 | 0.926213 | 1.868420
 568 | 170100.0 | 170400.0 | 0.010536 | 0.019069 |   9.502313 |     10 | 0.926213 | 1.000000 | 1.106667 | 1.053333 | 1.146667 |  -2.447288 |      397 |      332 |       65 |   9.501189 |     10 | 0.900429 | 2.521302
 569 | 170400.0 | 170700.0 | 0.010525 | 0.019064 |   9.501189 |     10 | 0.900429 | 1.000000 | 1.066667 | 1.093333 | 1.043333 |   1.311365 |      393 |      320 |       73 |   9.500487 |     10 | 0.914231 | 2.171825
 570 | 170700.0 | 171000.0 | 0.010514 | 0.019059 |   9.500487 |     10 | 0.914231 | 1.000000 | 1.053333 | 1.073333 | 1.053333 |   0.524673 |      391 |      316 |       75 |   9.499927 |     10 | 0.919747 | 2.032146
 571 | 171000.0 | 171300.0 | 0.010503 | 0.019055 |   9.499927 |     10 | 0.919747 | 1.000000 | 1.213333 | 1.143333 | 1.036667 |   2.798933 |      406 |      364 |       42 |   9.497686 |     10 | 0.949143 | 1.287792
 572 | 171300.0 | 171600.0 | 0.010492 | 0.019050 |   9.497686 |     10 | 0.949143 | 1.000000 | 1.120000 | 0.703333 | 1.066667 |  -9.536166 |      377 |      336 |       41 |   9.496427 |     10 | 0.849093 | 3.821219
 573 | 171600.0 | 171900.0 | 0.010481 | 0.019046 |   9.496427 |     10 | 0.849093 | 1.000000 | 0.936667 | 0.983333 | 1.000000 |  -0.437544 |      384 |      281 |      103 |   9.497091 |     10 | 0.844507 | 3.937339
 574 | 171900.0 | 172200.0 | 0.010470 | 0.019041 |   9.497091 |     10 | 0.844507 | 1.000000 | 1.036667 | 1.020000 | 1.056667 |  -0.962829 |      393 |      311 |       82 |   9.496707 |     10 | 0.834427 | 4.192597
 575 | 172200.0 | 172500.0 | 0.010459 | 0.019037 |   9.496707 |     10 | 0.834427 | 1.000000 | 1.110000 | 1.090000 | 1.016667 |   1.926120 |      399 |      333 |       66 |   9.495557 |     10 | 0.854572 | 3.682487
 576 | 172500.0 | 172800.0 | 0.010448 | 0.019032 |   9.495557 |     10 | 0.854572 | 1.000000 | 1.113333 | 1.080000 | 1.010000 |   1.839010 |      400 |      334 |       66 |   9.494372 |     10 | 0.873786 | 3.195951
 577 | 172800.0 | 173100.0 | 0.010437 | 0.019027 |   9.494372 |     10 | 0.873786 | 1.000000 | 1.040000 | 1.030000 | 1.003333 |   0.700743 |      393 |      312 |       81 |   9.493955 |     10 | 0.881100 | 3.010752
 578 | 173100.0 | 173400.0 | 0.010427 | 0.019023 |   9.493955 |     10 | 0.881100 | 1.000000 | 1.070000 | 1.053333 | 1.023333 |   0.788525 |      395 |      321 |       74 |   9.493225 |     10 | 0.889322 | 2.802568
 579 | 173400.0 | 173700.0 | 0.010416 | 0.019018 |   9.493225 |     10 | 0.889322 | 1.000000 | 1.153333 | 1.160000 | 1.040000 |   3.154851 |      403 |      346 |       57 |   9.491628 |     10 | 0.922182 | 1.970491
 580 | 173700.0 | 174000.0 | 0.010405 | 0.019014 |   9.491628 |     10 | 0.922182 | 1.000000 | 1.113333 | 1.086667 | 1.070000 |   0.438278 |      396 |      334 |       62 |   9.490449 |     10 | 0.926742 | 1.855017
 581 | 174000.0 | 174300.0 | 0.010394 | 0.019009 |   9.490449 |     10 | 0.926742 | 1.000000 | 1.106667 | 1.050000 | 1.076667 |  -0.701412 |      395 |      332 |       63 |   9.489340 |     10 | 0.919451 | 2.039630
 582 | 174300.0 | 174600.0 | 0.010384 | 0.019005 |   9.489340 |     10 | 0.919451 | 1.000000 | 1.156667 | 1.070000 | 1.026667 |   1.140065 |      402 |      347 |       55 |   9.487713 |     10 | 0.931289 | 1.739870
 583 | 174600.0 | 174900.0 | 0.010373 | 0.019000 |   9.487713 |     10 | 0.931289 | 1.000000 | 1.116667 | 1.053333 | 1.083333 |  -0.789463 |      395 |      335 |       60 |   9.486503 |     10 | 0.923100 | 1.947233
 584 | 174900.0 | 175200.0 | 0.010362 | 0.018996 |   9.486503 |     10 | 0.923100 | 1.000000 | 1.136667 | 1.106667 | 1.090000 |   0.438694 |      398 |      341 |       57 |   9.485087 |     10 | 0.927646 | 1.832122
 585 | 175200.0 | 175500.0 | 0.010352 | 0.018991 |   9.485087 |     10 | 0.927646 | 1.000000 | 1.043333 | 1.090000 | 1.096667 |  -0.175519 |      388 |      313 |       75 |   9.484638 |     10 | 0.925829 | 1.878130
 586 | 175500.0 | 175800.0 | 0.010341 | 0.018987 |   9.484638 |     10 | 0.925829 | 1.000000 | 1.106667 | 1.073333 | 1.050000 |   0.614462 |      394 |      332 |       62 |   9.483535 |     10 | 0.932184 | 1.717228
 587 | 175800.0 | 176100.0 | 0.010331 | 0.018982 |   9.483535 |     10 | 0.932184 | 1.000000 | 1.153333 | 1.033333 | 1.100000 |  -1.756021 |      398 |      346 |       52 |   9.481951 |     10 | 0.914043 | 2.176588
 588 | 176100.0 | 176400.0 | 0.010320 | 0.018978 |   9.481951 |     10 | 0.914043 | 1.000000 | 1.140000 | 1.150000 | 1.120000 |   0.790395 |      400 |      342 |       58 |   9.480506 |     10 | 0.922200 | 1.970038
 589 | 176400.0 | 176700.0 | 0.010310 | 0.018973 |   9.480506 |     10 | 0.922200 | 1.000000 | 1.103333 | 1.066667 | 1.056667 |   0.263527 |      396 |      331 |       65 |   9.479441 |     10 | 0.924917 | 1.901241
 590 | 176700.0 | 177000.0 | 0.010299 | 0.018969 |   9.479441 |     10 | 0.924917 | 1.000000 | 1.126667 | 1.103333 | 1.066667 |   0.966492 |      397 |      338 |       59 |   9.478136 |     10 | 0.934871 | 1.649185
 591 | 177000.0 | 177300.0 | 0.010289 | 0.018964 |   9.478136 |     10 | 0.934871 | 1.000000 | 1.160000 | 0.973333 | 1.083333 |  -2.900156 |      396 |      348 |       48 |   9.476490 |     10 | 0.905032 | 2.404764
 592 | 177300.0 | 177600.0 | 0.010278 | 0.018960 |   9.476490 |     10 | 0.905032 | 1.000000 | 1.123333 | 1.123333 | 1.090000 |   0.879041 |      400 |      337 |       63 |   9.475223 |     10 | 0.914067 | 2.175979
 593 | 177600.0 | 177900.0 | 0.010268 | 0.018956 |   9.475223 |     10 | 0.914067 | 1.000000 | 1.123333 | 1.126667 | 1.083333 |   1.143020 |      399 |      337 |       62 |   9.473956 |     10 | 0.925803 | 1.878790
 594 | 177900.0 | 178200.0 | 0.010258 | 0.018951 |   9.473956 |     10 | 0.925803 | 1.000000 | 1.093333 | 1.103333 | 1.080000 |   0.615616 |      393 |      328 |       65 |   9.472999 |     10 | 0.932118 | 1.718889
 595 | 178200.0 | 178500.0 | 0.010247 | 0.018947 |   9.472999 |     10 | 0.932118 | 1.000000 | 1.063333 | 1.020000 | 1.123333 |  -2.726933 |      386 |      319 |       67 |   9.472350 |     10 | 0.904174 | 2.426473
 596 | 178500.0 | 178800.0 | 0.010237 | 0.018942 |   9.472350 |     10 | 0.904174 | 1.000000 | 1.160000 | 1.133333 | 1.056667 |   2.023678 |      405 |      348 |       57 |   9.470712 |     10 | 0.924891 | 1.901897
 597 | 178800.0 | 179100.0 | 0.010227 | 0.018938 |   9.470712 |     10 | 0.924891 | 1.000000 | 1.156667 | 1.060000 | 1.033333 |   0.704051 |      399 |      347 |       52 |   9.469110 |     10 | 0.932091 | 1.719577
 598 | 179100.0 | 179400.0 | 0.010216 | 0.018934 |   9.469110 |     10 | 0.932091 | 1.000000 | 1.076667 | 1.016667 | 1.076667 |  -1.584483 |      391 |      323 |       68 |   9.468326 |     10 | 0.915903 | 2.129481
 599 | 179400.0 | 179700.0 | 0.010206 | 0.018929 |   9.468326 |     10 | 0.915903 | 1.000000 | 1.110000 | 1.106667 | 1.083333 |   0.616330 |      397 |      333 |       64 |   9.467204 |     10 | 0.922193 | 1.970197
 600 | 179700.0 | 180000.0 | 0.010196 | 0.018925 |   9.467204 |     10 | 0.922193 | 1.000000 | 1.076667 | 1.036667 | 1.066667 |  -0.792608 |      392 |      323 |       69 |   9.466422 |     10 | 0.914112 | 2.174833
 601 | 180000.0 | 180300.0 | 0.010186 | 0.018921 |   9.466422 |     10 | 0.914112 | 1.000000 | 1.093333 | 1.160000 | 1.103333 |   1.497493 |      394 |      328 |       66 |   9.465471 |     10 | 0.929365 | 1.788595
 602 | 180300.0 | 180600.0 | 0.010176 | 0.018916 |   9.465471 |     10 | 0.929365 | 1.000000 | 1.136667 | 1.010000 | 1.076667 |  -1.762162 |      398 |      341 |       57 |   9.464081 |     10 | 0.911434 | 2.242644
 603 | 180600.0 | 180900.0 | 0.010166 | 0.018912 |   9.464081 |     10 | 0.911434 | 1.000000 | 1.110000 | 1.080000 | 1.116667 |  -0.969412 |      396 |      333 |       63 |   9.462962 |     10 | 0.901579 | 2.492180
 604 | 180900.0 | 181200.0 | 0.010155 | 0.018907 |   9.462962 |     10 | 0.901579 | 1.000000 | 1.106667 | 1.170000 | 1.096667 |   1.939269 |      398 |      332 |       66 |   9.461879 |     10 | 0.921274 | 1.993490
 605 | 181200.0 | 181500.0 | 0.010145 | 0.018903 |   9.461879 |     10 | 0.921274 | 1.000000 | 1.146667 | 1.113333 | 1.056667 |   1.498870 |      399 |      344 |       55 |   9.460391 |     10 | 0.936480 | 1.608433
 606 | 181500.0 | 181800.0 | 0.010135 | 0.018899 |   9.460391 |     10 | 0.936480 | 1.000000 | 1.026667 | 0.926667 | 1.076667 |  -3.968504 |      385 |      308 |       77 |   9.460121 |     10 | 0.896258 | 2.626923
 607 | 181800.0 | 182100.0 | 0.010125 | 0.018894 |   9.460121 |     10 | 0.896258 | 1.000000 | 1.130000 | 1.080000 | 1.123333 |  -1.146719 |      402 |      339 |       63 |   9.458805 |     10 | 0.884647 | 2.920930
 608 | 182100.0 | 182400.0 | 0.010115 | 0.018890 |   9.458805 |     10 | 0.884647 | 1.000000 | 1.046667 | 1.110000 | 1.040000 |   1.852814 |      394 |      314 |       80 |   9.458333 |     10 | 0.903389 | 2.446358
 609 | 182400.0 | 182700.0 | 0.010105 | 0.018886 |   9.458333 |     10 | 0.903389 | 1.000000 | 1.133333 | 1.090000 | 1.130000 |  -1.058992 |      398 |      340 |       58 |   9.456985 |     10 | 0.892688 | 2.717336
 610 | 182700.0 | 183000.0 | 0.010095 | 0.018882 |   9.456985 |     10 | 0.892688 | 1.000000 | 1.023333 | 1.056667 | 1.050000 |   0.176539 |      390 |      307 |       83 |   9.456750 |     10 | 0.894470 | 2.672207
 611 | 183000.0 | 183300.0 | 0.010085 | 0.018877 |   9.456750 |     10 | 0.894470 | 1.000000 | 1.110000 | 1.070000 | 1.056667 |   0.353158 |      400 |      333 |       67 |   9.455640 |     10 | 0.898031 | 2.582018
 612 | 183300.0 | 183600.0 | 0.010075 | 0.018873 |   9.455640 |     10 | 0.898031 | 1.000000 | 1.093333 | 1.120000 | 1.063333 |   1.501262 |      397 |      328 |       69 |   9.454700 |     10 | 0.913157 | 2.199005
 613 | 183600.0 | 183900.0 | 0.010066 | 0.018869 |   9.454700 |     10 | 0.913157 | 1.000000 | 1.083333 | 1.143333 | 1.093333 |   1.324943 |      393 |      325 |       68 |   9.453861 |     10 | 0.926494 | 1.861308
 614 | 183900.0 | 184200.0 | 0.010056 | 0.018864 |   9.453861 |     10 | 0.926494 | 1.000000 | 1.130000 | 1.076667 | 1.076667 |   0.000000 |      397 |      339 |       58 |   9.452554 |     10 | 0.926494 | 1.861308
 615 | 184200.0 | 184500.0 | 0.010046 | 0.018860 |   9.452554 |     10 | 0.926494 | 1.000000 | 1.110000 | 1.096667 | 1.090000 |   0.176739 |      395 |      333 |       62 |   9.451449 |     10 | 0.928269 | 1.816349
 616 | 184500.0 | 184800.0 | 0.010036 | 0.018856 |   9.451449 |     10 | 0.928269 | 1.000000 | 1.123333 | 1.076667 | 0.996667 |   2.121344 |      397 |      337 |       60 |   9.450211 |     10 | 0.949559 | 1.277254
 617 | 184800.0 | 185100.0 | 0.010026 | 0.018852 |   9.450211 |     10 | 0.949559 | 1.000000 | 1.123333 | 0.676667 | 1.080000 | -10.697517 |      376 |      337 |       40 |   9.448975 |     10 | 0.842303 | 3.993148
 618 | 185100.0 | 185400.0 | 0.010016 | 0.018847 |   9.448975 |     10 | 0.842303 | 1.000000 | 1.116667 | 1.040000 | 1.010000 |   0.795862 |      400 |      335 |       64 |   9.447806 |     10 | 0.850275 | 3.791291
 619 | 185400.0 | 185700.0 | 0.010007 | 0.018843 |   9.447806 |     10 | 0.850275 | 1.000000 | 1.063333 | 1.120000 | 1.013333 |   2.830366 |      394 |      319 |       76 |   9.447172 |     10 | 0.878598 | 3.074115
 620 | 185700.0 | 186000.0 | 0.009997 | 0.018839 |   9.447172 |     10 | 0.878598 | 1.000000 | 1.056667 | 1.080000 | 1.053333 |   0.707750 |      396 |      317 |       78 |   9.446606 |     10 | 0.885673 | 2.894956
 621 | 186000.0 | 186300.0 | 0.009987 | 0.018835 |   9.446606 |     10 | 0.885673 | 1.000000 | 1.110000 | 1.153333 | 1.030000 |   3.274077 |      397 |      333 |       64 |   9.445507 |     10 | 0.918372 | 2.066961
 622 | 186300.0 | 186600.0 | 0.009978 | 0.018831 |   9.445507 |     10 | 0.918372 | 1.000000 | 1.116667 | 1.086667 | 1.090000 |  -0.088508 |      397 |      335 |       62 |   9.444343 |     10 | 0.917489 | 2.089323
 623 | 186600.0 | 186900.0 | 0.009968 | 0.018826 |   9.444343 |     10 | 0.917489 | 1.000000 | 1.133333 | 1.113333 | 1.146667 |  -0.885281 |      401 |      340 |       61 |   9.443014 |     10 | 0.908665 | 2.312771
 624 | 186900.0 | 187200.0 | 0.009958 | 0.018822 |   9.443014 |     10 | 0.908665 | 1.000000 | 1.073333 | 1.086667 | 1.066667 |   0.531287 |      393 |      322 |       71 |   9.442284 |     10 | 0.913955 | 2.178802
 625 | 187200.0 | 187500.0 | 0.009949 | 0.018818 |   9.442284 |     10 | 0.913955 | 1.000000 | 1.116667 | 1.100000 | 1.080000 |   0.531405 |      397 |      335 |       63 |   9.441123 |     10 | 0.919242 | 2.044932
 626 | 187500.0 | 187800.0 | 0.009939 | 0.018814 |   9.441123 |     10 | 0.919242 | 1.000000 | 1.166667 | 1.103333 | 1.036667 |   1.771743 |      403 |      350 |       52 |   9.439467 |     10 | 0.936851 | 1.599032
 627 | 187800.0 | 188100.0 | 0.009929 | 0.018810 |   9.439467 |     10 | 0.936851 | 1.000000 | 1.126667 | 0.920000 | 1.140000 |  -5.848049 |      392 |      338 |       54 |   9.438209 |     10 | 0.878783 | 3.069413
 628 | 188100.0 | 188400.0 | 0.009920 | 0.018806 |   9.438209 |     10 | 0.878783 | 1.000000 | 1.096667 | 1.073333 | 1.026667 |   1.240770 |      398 |      329 |       69 |   9.437250 |     10 | 0.891092 | 2.757745
 629 | 188400.0 | 188700.0 | 0.009910 | 0.018801 |   9.437250 |     10 | 0.891092 | 1.000000 | 1.086667 | 1.113333 | 1.086667 |   0.709168 |      397 |      326 |       71 |   9.436391 |     10 | 0.898120 | 2.579781
 630 | 188700.0 | 189000.0 | 0.009901 | 0.018797 |   9.436391 |     10 | 0.898120 | 1.000000 | 1.110000 | 1.053333 | 0.993333 |   1.595981 |      398 |      333 |       65 |   9.435302 |     10 | 0.913921 | 2.179657
 631 | 189000.0 | 189300.0 | 0.009891 | 0.018793 |   9.435302 |     10 | 0.913921 | 1.000000 | 1.116667 | 1.090000 | 1.133333 |  -1.152907 |      397 |      335 |       62 |   9.434148 |     10 | 0.902518 | 2.468422
 632 | 189300.0 | 189600.0 | 0.009882 | 0.018789 |   9.434148 |     10 | 0.902518 | 1.000000 | 1.090000 | 1.163333 | 1.046667 |   3.104663 |      396 |      327 |       69 |   9.433259 |     10 | 0.933198 | 1.691549
 633 | 189600.0 | 189900.0 | 0.009873 | 0.018785 |   9.433259 |     10 | 0.933198 | 1.000000 | 1.126667 | 1.040000 | 1.076667 |  -0.975966 |      394 |      338 |       56 |   9.432008 |     10 | 0.923562 | 1.935530
 634 | 189900.0 | 190200.0 | 0.009863 | 0.018781 |   9.432008 |     10 | 0.923562 | 1.000000 | 1.126667 | 1.103333 | 1.093333 |   0.266231 |      398 |      338 |       60 |   9.430759 |     10 | 0.926188 | 1.869038
 635 | 190200.0 | 190500.0 | 0.009854 | 0.018777 |   9.430759 |     10 | 0.926188 | 1.000000 | 1.140000 | 1.096667 | 1.133333 |  -0.976394 |      399 |      342 |       57 |   9.429379 |     10 | 0.916567 | 2.112661
 636 | 190500.0 | 190800.0 | 0.009844 | 0.018772 |   9.429379 |     10 | 0.916567 | 1.000000 | 1.120000 | 1.083333 | 1.066667 |   0.443912 |      399 |      336 |       63 |   9.428198 |     10 | 0.920937 | 2.002004
 637 | 190800.0 | 191100.0 | 0.009835 | 0.018768 |   9.428198 |     10 | 0.920937 | 1.000000 | 1.190000 | 1.096667 | 1.126667 |  -0.799217 |      404 |      357 |       47 |   9.426329 |     10 | 0.913077 | 2.201040
 638 | 191100.0 | 191400.0 | 0.009826 | 0.018764 |   9.426329 |     10 | 0.913077 | 1.000000 | 1.100000 | 1.093333 | 1.080000 |   0.355285 |      397 |      330 |       68 |   9.425347 |     10 | 0.916568 | 2.112644
 639 | 191400.0 | 191700.0 | 0.009816 | 0.018760 |   9.425347 |     10 | 0.916568 | 1.000000 | 1.143333 | 1.146667 | 1.043333 |   2.754060 |      399 |      343 |       55 |   9.423940 |     10 | 0.943603 | 1.428078
 640 | 191700.0 | 192000.0 | 0.009807 | 0.018756 |   9.423940 |     10 | 0.943603 | 1.000000 | 1.096667 | 0.796667 | 1.153333 |  -9.508016 |      387 |      329 |       58 |   9.422992 |     10 | 0.850357 | 3.789214
 641 | 192000.0 | 192300.0 | 0.009798 | 0.018752 |   9.422992 |     10 | 0.850357 | 1.000000 | 1.080000 | 1.023333 | 1.000000 |   0.622155 |      397 |      324 |       73 |   9.422208 |     10 | 0.856453 | 3.634859
 642 | 192300.0 | 192600.0 | 0.009789 | 0.018748 |   9.422208 |     10 | 0.856453 | 1.000000 | 1.060000 | 1.126667 | 1.043333 |   2.222464 |      394 |      318 |       76 |   9.421620 |     10 | 0.878208 | 3.083994
 643 | 192600.0 | 192900.0 | 0.009779 | 0.018744 |   9.421620 |     10 | 0.878208 | 1.000000 | 1.070000 | 1.066667 | 1.050000 |   0.444589 |      395 |      321 |       74 |   9.420936 |     10 | 0.882555 | 2.973901
 644 | 192900.0 | 193200.0 | 0.009770 | 0.018740 |   9.420936 |     10 | 0.882555 | 1.000000 | 1.073333 | 1.056667 | 0.996667 |   1.600867 |      397 |      322 |       75 |   9.420219 |     10 | 0.898196 | 2.577854
 645 | 193200.0 | 193500.0 | 0.009761 | 0.018736 |   9.420219 |     10 | 0.898196 | 1.000000 | 1.080000 | 1.090000 | 1.006667 |   2.223906 |      395 |      324 |       71 |   9.419439 |     10 | 0.919903 | 2.028186
 646 | 193500.0 | 193800.0 | 0.009752 | 0.018732 |   9.419439 |     10 | 0.919903 | 1.000000 | 1.100000 | 1.086667 | 1.083333 |   0.088975 |      395 |      330 |       66 |   9.418463 |     10 | 0.920771 | 2.006215
 647 | 193800.0 | 194100.0 | 0.009743 | 0.018728 |   9.418463 |     10 | 0.920771 | 1.000000 | 1.103333 | 1.126667 | 1.066667 |   1.601903 |      396 |      331 |       64 |   9.417457 |     10 | 0.936378 | 1.611026
 648 | 194100.0 | 194400.0 | 0.009733 | 0.018724 |   9.417457 |     10 | 0.936378 | 1.000000 | 1.163333 | 0.990000 | 1.113333 |  -3.293508 |      397 |      349 |       48 |   9.415867 |     10 | 0.904320 | 2.422773
 649 | 194400.0 | 194700.0 | 0.009724 | 0.018720 |   9.415867 |     10 | 0.904320 | 1.000000 | 1.046667 | 1.103333 | 1.136667 |  -0.890329 |      391 |      314 |       77 |   9.415413 |     10 | 0.895662 | 2.642006
 650 | 194700.0 | 195000.0 | 0.009715 | 0.018716 |   9.415413 |     10 | 0.895662 | 1.000000 | 1.136667 | 1.100000 | 1.106667 |  -0.178104 |      402 |      341 |       61 |   9.414085 |     10 | 0.893932 | 2.685822
 651 | 195000.0 | 195300.0 | 0.009706 | 0.018712 |   9.414085 |     10 | 0.893932 | 1.000000 | 1.083333 | 1.070000 | 1.076667 |  -0.178142 |      396 |      325 |       71 |   9.413276 |     10 | 0.892203 | 2.729605
 652 | 195300.0 | 195600.0 | 0.009697 | 0.018708 |   9.413276 |     10 | 0.892203 | 1.000000 | 1.123333 | 1.103333 | 1.046667 |   1.514531 |      399 |      337 |       62 |   9.412080 |     10 | 0.906890 | 2.357711
 653 | 195600.0 | 195900.0 | 0.009688 | 0.018704 |   9.412080 |     10 | 0.906890 | 1.000000 | 1.130000 | 1.123333 | 1.126667 |  -0.089109 |      400 |      339 |       61 |   9.410821 |     10 | 0.906026 | 2.379572
 654 | 195900.0 | 196200.0 | 0.009679 | 0.018700 |   9.410821 |     10 | 0.906026 | 1.000000 | 1.156667 | 1.140000 | 1.060000 |   2.139074 |      402 |      347 |       55 |   9.409305 |     10 | 0.926731 | 1.855297
 655 | 196200.0 | 196500.0 | 0.009670 | 0.018696 |   9.409305 |     10 | 0.926731 | 1.000000 | 1.100000 | 1.093333 | 1.140000 |  -1.248059 |      393 |      330 |       63 |   9.408338 |     10 | 0.914662 | 2.160905
 656 | 196500.0 | 196800.0 | 0.009661 | 0.018692 |   9.408338 |     10 | 0.914662 | 1.000000 | 1.133333 | 1.110000 | 1.010000 |   2.674981 |      400 |      340 |       60 |   9.407049 |     10 | 0.940506 | 1.506497
 657 | 196800.0 | 197100.0 | 0.009652 | 0.018688 |   9.407049 |     10 | 0.940506 | 1.000000 | 1.123333 | 0.886667 | 1.143333 |  -6.867242 |      391 |      337 |       55 |   9.405859 |     10 | 0.874221 | 3.184948
 658 | 197100.0 | 197400.0 | 0.009643 | 0.018684 |   9.405859 |     10 | 0.874221 | 1.000000 | 1.113333 | 1.083333 | 1.080000 |   0.089204 |      401 |      334 |       66 |   9.404766 |     10 | 0.875081 | 3.163165
 659 | 197400.0 | 197700.0 | 0.009635 | 0.018680 |   9.404766 |     10 | 0.875081 | 1.000000 | 1.120000 | 1.156667 | 1.040000 |   3.122797 |      399 |      336 |       63 |   9.403610 |     10 | 0.905168 | 2.401318
 660 | 197700.0 | 198000.0 | 0.009626 | 0.018676 |   9.403610 |     10 | 0.905168 | 1.000000 | 1.086667 | 1.080000 | 1.016667 |   1.695591 |      395 |      326 |       69 |   9.402776 |     10 | 0.921489 | 1.988038
 661 | 198000.0 | 198300.0 | 0.009617 | 0.018672 |   9.402776 |     10 | 0.921489 | 1.000000 | 1.076667 | 1.046667 | 1.103333 |  -1.517428 |      394 |      323 |       71 |   9.402038 |     10 | 0.906896 | 2.357553
 662 | 198300.0 | 198600.0 | 0.009608 | 0.018668 |   9.402038 |     10 | 0.906896 | 1.000000 | 1.130000 | 1.153333 | 1.090000 |   1.696307 |      399 |      339 |       60 |   9.400789 |     10 | 0.923194 | 1.944858
 663 | 198600.0 | 198900.0 | 0.009599 | 0.018664 |   9.400789 |     10 | 0.923194 | 1.000000 | 1.120000 | 1.116667 | 1.073333 |   1.160875 |      398 |      336 |       62 |   9.399637 |     10 | 0.934337 | 1.662687
 664 | 198900.0 | 199200.0 | 0.009590 | 0.018660 |   9.399637 |     10 | 0.934337 | 1.000000 | 1.143333 | 0.963333 | 1.070000 |  -2.858140 |      396 |      343 |       53 |   9.398263 |     10 | 0.906927 | 2.356770
 665 | 199200.0 | 199500.0 | 0.009582 | 0.018656 |   9.398263 |     10 | 0.906927 | 1.000000 | 1.153333 | 1.103333 | 1.076667 |   0.714685 |      402 |      346 |       56 |   9.396794 |     10 | 0.913775 | 2.183372
 666 | 199500.0 | 199800.0 | 0.009573 | 0.018652 |   9.396794 |     10 | 0.913775 | 1.000000 | 1.083333 | 1.063333 | 1.076667 |  -0.357417 |      395 |      325 |       70 |   9.395996 |     10 | 0.910353 | 2.270010
 667 | 199800.0 | 200100.0 | 0.009564 | 0.018648 |   9.395996 |     10 | 0.910353 | 1.000000 | 1.120000 | 1.103333 | 1.120000 |  -0.446865 |      398 |      336 |       63 |   9.394848 |     10 | 0.906079 | 2.378231
 668 | 200100.0 | 200400.0 | 0.009555 | 0.018645 |   9.394848 |     10 | 0.906079 | 1.000000 | 1.156667 | 1.073333 | 1.086667 |  -0.357567 |      403 |      347 |       55 |   9.393351 |     10 | 0.902663 | 2.464748
 669 | 200400.0 | 200700.0 | 0.009547 | 0.018641 |   9.393351 |     10 | 0.902663 | 1.000000 | 1.156667 | 1.080000 | 1.136667 |  -1.519977 |      403 |      347 |       56 |   9.391856 |     10 | 0.888152 | 2.832184
 670 | 200700.0 | 201000.0 | 0.009538 | 0.018637 |   9.391856 |     10 | 0.888152 | 1.000000 | 1.110000 | 1.096667 | 1.010000 |   2.325155 |      397 |      333 |       64 |   9.390806 |     10 | 0.910329 | 2.270617
 671 | 201000.0 | 201300.0 | 0.009529 | 0.018633 |   9.390806 |     10 | 0.910329 | 1.000000 | 1.046667 | 1.056667 | 1.076667 |  -0.536686 |      391 |      314 |       77 |   9.390362 |     10 | 0.905215 | 2.400118
 672 | 201300.0 | 201600.0 | 0.009521 | 0.018629 |   9.390362 |     10 | 0.905215 | 1.000000 | 1.150000 | 1.096667 | 1.040000 |   1.520927 |      403 |      345 |       58 |   9.388934 |     10 | 0.919695 | 2.033453
 673 | 201600.0 | 201900.0 | 0.009512 | 0.018625 |   9.388934 |     10 | 0.919695 | 1.000000 | 1.113333 | 1.103333 | 1.076667 |   0.715879 |      397 |      334 |       63 |   9.387856 |     10 | 0.926505 | 1.861026
 674 | 201900.0 | 202200.0 | 0.009503 | 0.018621 |   9.387856 |     10 | 0.926505 | 1.000000 | 1.143333 | 1.086667 | 1.073333 |   0.358014 |      397 |      343 |       54 |   9.386493 |     10 | 0.929907 | 1.774872
 675 | 202200.0 | 202500.0 | 0.009495 | 0.018617 |   9.386493 |     10 | 0.929907 | 1.000000 | 1.150000 | 1.103333 | 1.093333 |   0.268566 |      397 |      345 |       53 |   9.385069 |     10 | 0.932457 | 1.710302
 676 | 202500.0 | 202800.0 | 0.009486 | 0.018614 |   9.385069 |     10 | 0.932457 | 1.000000 | 1.166667 | 1.020000 | 1.083333 |  -1.701268 |      400 |      350 |       49 |   9.383488 |     10 | 0.916318 | 2.118962
 677 | 202800.0 | 203100.0 | 0.009478 | 0.018610 |   9.383488 |     10 | 0.916318 | 1.000000 | 1.143333 | 1.130000 | 1.030000 |   2.686768 |      400 |      343 |       57 |   9.382130 |     10 | 0.941783 | 1.474157
 678 | 203100.0 | 203400.0 | 0.009469 | 0.018606 |   9.382130 |     10 | 0.941783 | 1.000000 | 1.116667 | 0.843333 | 1.140000 |  -7.972389 |      388 |      335 |       53 |   9.381025 |     10 | 0.866291 | 3.385752
 679 | 203400.0 | 203700.0 | 0.009461 | 0.018602 |   9.381025 |     10 | 0.866291 | 1.000000 | 1.063333 | 1.100000 | 0.996667 |   2.777471 |      394 |      319 |       75 |   9.380426 |     10 | 0.892567 | 2.720377
 680 | 203700.0 | 204000.0 | 0.009452 | 0.018598 |   9.380426 |     10 | 0.892567 | 1.000000 | 1.103333 | 1.126667 | 1.053333 |   1.971514 |      398 |      331 |       67 |   9.379449 |     10 | 0.911203 | 2.248502
 681 | 204000.0 | 204300.0 | 0.009444 | 0.018594 |   9.379449 |     10 | 0.911203 | 1.000000 | 1.046667 | 1.066667 | 1.060000 |   0.179265 |      393 |      314 |       79 |   9.379008 |     10 | 0.912896 | 2.205634
 682 | 204300.0 | 204600.0 | 0.009435 | 0.018591 |   9.379008 |     10 | 0.912896 | 1.000000 | 1.120000 | 1.120000 | 1.093333 |   0.717208 |      398 |      336 |       62 |   9.377876 |     10 | 0.919663 | 2.034280
 683 | 204600.0 | 204900.0 | 0.009427 | 0.018587 |   9.377876 |     10 | 0.919663 | 1.000000 | 1.100000 | 1.103333 | 1.083333 |   0.538016 |      394 |      330 |       64 |   9.376933 |     10 | 0.924734 | 1.905854
 684 | 204900.0 | 205200.0 | 0.009418 | 0.018583 |   9.376933 |     10 | 0.924734 | 1.000000 | 1.100000 | 1.113333 | 1.083333 |   0.807190 |      395 |      330 |       65 |   9.375991 |     10 | 0.932337 | 1.713346
 685 | 205200.0 | 205500.0 | 0.009410 | 0.018579 |   9.375991 |     10 | 0.932337 | 1.000000 | 1.170000 | 1.040000 | 1.130000 |  -2.422064 |      398 |      351 |       47 |   9.374392 |     10 | 0.909545 | 2.290471
 686 | 205500.0 | 205800.0 | 0.009402 | 0.018575 |   9.374392 |     10 | 0.909545 | 1.000000 | 1.086667 | 1.133333 | 1.060000 |   1.973936 |      395 |      326 |       69 |   9.373577 |     10 | 0.928103 | 1.820544
 687 | 205800.0 | 206100.0 | 0.009393 | 0.018572 |   9.373577 |     10 | 0.928103 | 1.000000 | 1.096667 | 1.126667 | 1.076667 |   1.346140 |      393 |      329 |       64 |   9.372669 |     10 | 0.940748 | 1.500359
 688 | 206100.0 | 206400.0 | 0.009385 | 0.018568 |   9.372669 |     10 | 0.940748 | 1.000000 | 1.070000 | 0.913333 | 1.083333 |  -4.577806 |      385 |      321 |       64 |   9.372012 |     10 | 0.897786 | 2.588242
 689 | 206400.0 | 206700.0 | 0.009377 | 0.018564 |   9.372012 |     10 | 0.897786 | 1.000000 | 1.086667 | 1.093333 | 1.050000 |   1.167129 |      396 |      326 |       70 |   9.371199 |     10 | 0.908729 | 2.311128
 690 | 206700.0 | 207000.0 | 0.009368 | 0.018560 |   9.371199 |     10 | 0.908729 | 1.000000 | 1.093333 | 1.076667 | 1.093333 |  -0.448987 |      395 |      328 |       67 |   9.370325 |     10 | 0.904523 | 2.417638
 691 | 207000.0 | 207300.0 | 0.009360 | 0.018557 |   9.370325 |     10 | 0.904523 | 1.000000 | 1.113333 | 1.076667 | 1.040000 |   0.987971 |      401 |      334 |       67 |   9.369264 |     10 | 0.913771 | 2.183477
 692 | 207300.0 | 207600.0 | 0.009352 | 0.018553 |   9.369264 |     10 | 0.913771 | 1.000000 | 1.160000 | 1.000000 | 1.040000 |  -1.078005 |      400 |      348 |       53 |   9.367768 |     10 | 0.903689 | 2.438751
 693 | 207600.0 | 207900.0 | 0.009343 | 0.018549 |   9.367768 |     10 | 0.903689 | 1.000000 | 1.110000 | 1.016667 | 1.070000 |  -1.437630 |      399 |      333 |       65 |   9.366740 |     10 | 0.890257 | 2.778884
 694 | 207900.0 | 208200.0 | 0.009335 | 0.018545 |   9.366740 |     10 | 0.890257 | 1.000000 | 1.123333 | 1.096667 | 1.136667 |  -1.078440 |      400 |      337 |       63 |   9.365589 |     10 | 0.880189 | 3.033811
 695 | 208200.0 | 208500.0 | 0.009327 | 0.018542 |   9.365589 |     10 | 0.880189 | 1.000000 | 1.110000 | 1.126667 | 1.033333 |   2.516867 |      399 |      333 |       66 |   9.364563 |     10 | 0.903664 | 2.439386
 696 | 208500.0 | 208800.0 | 0.009319 | 0.018538 |   9.364563 |     10 | 0.903664 | 1.000000 | 1.126667 | 1.073333 | 1.063333 |   0.269719 |      399 |      338 |       61 |   9.363382 |     10 | 0.906178 | 2.375741
 697 | 208800.0 | 209100.0 | 0.009311 | 0.018534 |   9.363382 |     10 | 0.906178 | 1.000000 | 1.050000 | 1.116667 | 1.060000 |   1.528712 |      392 |      315 |       78 |   9.362917 |     10 | 0.920411 | 2.015330
 698 | 209100.0 | 209400.0 | 0.009302 | 0.018530 |   9.362917 |     10 | 0.920411 | 1.000000 | 1.113333 | 1.146667 | 1.073333 |   1.978731 |      398 |      334 |       63 |   9.361863 |     10 | 0.938818 | 1.549232
 699 | 209400.0 | 209700.0 | 0.009294 | 0.018527 |   9.361863 |     10 | 0.938818 | 1.000000 | 1.120000 | 0.910000 | 1.103333 |  -5.217699 |      390 |      336 |       54 |   9.360747 |     10 | 0.890323 | 2.777206
 700 | 209700.0 | 210000.0 | 0.009286 | 0.018523 |   9.360747 |     10 | 0.890323 | 1.000000 | 1.160000 | 1.066667 | 1.036667 |   0.809805 |      403 |      348 |       55 |   9.359262 |     10 | 0.897843 | 2.586787
 701 | 210000.0 | 210300.0 | 0.009278 | 0.018519 |   9.359262 |     10 | 0.897843 | 1.000000 | 1.140000 | 1.116667 | 1.070000 |   1.259948 |      402 |      342 |       60 |   9.357963 |     10 | 0.909533 | 2.290779
 702 | 210300.0 | 210600.0 | 0.009270 | 0.018516 |   9.357963 |     10 | 0.909533 | 1.000000 | 1.073333 | 1.043333 | 1.083333 |  -1.080171 |      393 |      322 |       71 |   9.357283 |     10 | 0.899520 | 2.544330
 703 | 210600.0 | 210900.0 | 0.009262 | 0.018512 |   9.357283 |     10 | 0.899520 | 1.000000 | 1.156667 | 1.080000 | 1.063333 |   0.450161 |      403 |      347 |       56 |   9.355832 |     10 | 0.903689 | 2.438755
 704 | 210900.0 | 211200.0 | 0.009254 | 0.018508 |   9.355832 |     10 | 0.903689 | 1.000000 | 1.136667 | 1.100000 | 1.063333 |   0.990552 |      401 |      341 |       60 |   9.354567 |     10 | 0.912856 | 2.206646
 705 | 211200.0 | 211500.0 | 0.009246 | 0.018505 |   9.354567 |     10 | 0.912856 | 1.000000 | 1.073333 | 1.133333 | 1.096667 |   0.990749 |      395 |      322 |       73 |   9.353889 |     10 | 0.922016 | 1.974693
 706 | 211500.0 | 211800.0 | 0.009238 | 0.018501 |   9.353889 |     10 | 0.922016 | 1.000000 | 1.083333 | 1.113333 | 1.090000 |   0.630602 |      392 |      325 |       67 |   9.353119 |     10 | 0.927841 | 1.827186
 707 | 211800.0 | 212100.0 | 0.009230 | 0.018497 |   9.353119 |     10 | 0.927841 | 1.000000 | 1.136667 | 1.073333 | 1.060000 |   0.360415 |      398 |      341 |       58 |   9.351858 |     10 | 0.931168 | 1.742953
 708 | 212100.0 | 212400.0 | 0.009222 | 0.018494 |   9.351858 |     10 | 0.931168 | 1.000000 | 1.113333 | 1.060000 | 1.090000 |  -0.811095 |      393 |      334 |       58 |   9.350813 |     10 | 0.923688 | 1.932351
 709 | 212400.0 | 212700.0 | 0.009214 | 0.018490 |   9.350813 |     10 | 0.923688 | 1.000000 | 1.086667 | 1.073333 | 1.116667 |  -1.171813 |      394 |      326 |       68 |   9.350014 |     10 | 0.912891 | 2.205744
 710 | 212700.0 | 213000.0 | 0.009206 | 0.018486 |   9.350014 |     10 | 0.912891 | 1.000000 | 1.100000 | 1.130000 | 1.060000 |   1.893303 |      397 |      330 |       67 |   9.349094 |     10 | 0.930321 | 1.764404
 711 | 213000.0 | 213300.0 | 0.009198 | 0.018483 |   9.349094 |     10 | 0.930321 | 1.000000 | 1.106667 | 1.066667 | 1.043333 |   0.631225 |      394 |      332 |       62 |   9.348113 |     10 | 0.936126 | 1.617388
 712 | 213300.0 | 213600.0 | 0.009190 | 0.018479 |   9.348113 |     10 | 0.936126 | 1.000000 | 1.110000 | 0.956667 | 1.136667 |  -4.870413 |      392 |      333 |       59 |   9.347102 |     10 | 0.891368 | 2.750753
 713 | 213600.0 | 213900.0 | 0.009182 | 0.018475 |   9.347102 |     10 | 0.891368 | 1.000000 | 1.096667 | 1.090000 | 1.063333 |   0.721685 |      398 |      329 |       69 |   9.346214 |     10 | 0.897994 | 2.582959
 714 | 213900.0 | 214200.0 | 0.009174 | 0.018472 |   9.346214 |     10 | 0.897994 | 1.000000 | 1.120000 | 1.133333 | 1.070000 |   1.714338 |      399 |      336 |       63 |   9.345113 |     10 | 0.913722 | 2.184712
 715 | 214200.0 | 214500.0 | 0.009166 | 0.018468 |   9.345113 |     10 | 0.913722 | 1.000000 | 1.083333 | 1.053333 | 1.116667 |  -1.714674 |      395 |      325 |       70 |   9.344349 |     10 | 0.898005 | 2.582695
 716 | 214500.0 | 214800.0 | 0.009158 | 0.018464 |   9.344349 |     10 | 0.898005 | 1.000000 | 1.096667 | 1.103333 | 1.066667 |   0.992901 |      397 |      329 |       68 |   9.343464 |     10 | 0.907098 | 2.352436
 717 | 214800.0 | 215100.0 | 0.009150 | 0.018461 |   9.343464 |     10 | 0.907098 | 1.000000 | 1.090000 | 1.150000 | 1.106667 |   1.173658 |      397 |      327 |       70 |   9.342640 |     10 | 0.917838 | 2.080493
 718 | 215100.0 | 215400.0 | 0.009143 | 0.018457 |   9.342640 |     10 | 0.917838 | 1.000000 | 1.096667 | 1.136667 | 1.110000 |   0.722392 |      394 |      329 |       65 |   9.341757 |     10 | 0.924442 | 1.913253
 719 | 215400.0 | 215700.0 | 0.009135 | 0.018454 |   9.341757 |     10 | 0.924442 | 1.000000 | 1.143333 | 1.113333 | 1.096667 |   0.451583 |      399 |      343 |       56 |   9.340447 |     10 | 0.928567 | 1.808797
 720 | 215700.0 | 216000.0 | 0.009127 | 0.018450 |   9.340447 |     10 | 0.928567 | 1.000000 | 1.170000 | 1.083333 | 1.066667 |   0.451671 |      399 |      351 |       48 |   9.338896 |     10 | 0.932690 | 1.704410
 721 | 216000.0 | 216300.0 | 0.009119 | 0.018446 |   9.338896 |     10 | 0.932690 | 1.000000 | 1.130000 | 1.030000 | 1.160000 |  -3.523721 |      395 |      339 |       56 |   9.337710 |     10 | 0.900556 | 2.518092
 722 | 216300.0 | 216600.0 | 0.009111 | 0.018443 |   9.337710 |     10 | 0.900556 | 1.000000 | 1.090000 | 1.106667 | 1.100000 |   0.180739 |      395 |      327 |       68 |   9.336890 |     10 | 0.902203 | 2.476392
 723 | 216600.0 | 216900.0 | 0.009104 | 0.018439 |   9.336890 |     10 | 0.902203 | 1.000000 | 1.093333 | 1.030000 | 1.086667 |  -1.536578 |      398 |      328 |       70 |   9.336040 |     10 | 0.888214 | 2.830608
 724 | 216900.0 | 217200.0 | 0.009096 | 0.018436 |   9.336040 |     10 | 0.888214 | 1.000000 | 1.120000 | 1.120000 | 1.050000 |   1.898494 |      399 |      336 |       63 |   9.334949 |     10 | 0.905483 | 2.393334
 725 | 217200.0 | 217500.0 | 0.009088 | 0.018432 |   9.334949 |     10 | 0.905483 | 1.000000 | 1.130000 | 1.073333 | 1.093333 |  -0.542532 |      399 |      339 |       60 |   9.333767 |     10 | 0.900552 | 2.518188
 726 | 217500.0 | 217800.0 | 0.009081 | 0.018429 |   9.333767 |     10 | 0.900552 | 1.000000 | 1.113333 | 1.086667 | 1.093333 |  -0.180879 |      400 |      334 |       66 |   9.332738 |     10 | 0.898910 | 2.559778
 727 | 217800.0 | 218100.0 | 0.009073 | 0.018425 |   9.332738 |     10 | 0.898910 | 1.000000 | 1.063333 | 1.096667 | 1.073333 |   0.633199 |      394 |      319 |       75 |   9.332164 |     10 | 0.904655 | 2.414306
 728 | 218100.0 | 218400.0 | 0.009065 | 0.018421 |   9.332164 |     10 | 0.904655 | 1.000000 | 1.140000 | 1.136667 | 1.016667 |   3.257078 |      400 |      342 |       58 |   9.330895 |     10 | 0.934181 | 1.666653
 729 | 218400.0 | 218700.0 | 0.009058 | 0.018418 |   9.330895 |     10 | 0.934181 | 1.000000 | 1.150000 | 1.016667 | 1.046667 |  -0.814426 |      397 |      345 |       54 |   9.329536 |     10 | 0.926804 | 1.853445
 730 | 218700.0 | 219000.0 | 0.009050 | 0.018414 |   9.329536 |     10 | 0.926804 | 1.000000 | 1.076667 | 1.066667 | 1.130000 |  -1.719676 |      391 |      323 |       66 |   9.328842 |     10 | 0.911241 | 2.247525
 731 | 219000.0 | 219300.0 | 0.009042 | 0.018411 |   9.328842 |     10 | 0.911241 | 1.000000 | 1.130000 | 1.113333 | 1.060000 |   1.448426 |      399 |      339 |       60 |   9.327667 |     10 | 0.924338 | 1.915884
 732 | 219300.0 | 219600.0 | 0.009035 | 0.018407 |   9.327667 |     10 | 0.924338 | 1.000000 | 1.180000 | 1.116667 | 1.120000 |  -0.090544 |      403 |      354 |       49 |   9.326040 |     10 | 0.923520 | 1.936598
 733 | 219600.0 | 219900.0 | 0.009027 | 0.018404 |   9.326040 |     10 | 0.923520 | 1.000000 | 1.146667 | 1.156667 | 1.076667 |   2.173473 |      400 |      344 |       56 |   9.324716 |     10 | 0.943140 | 1.439782
 734 | 219900.0 | 220200.0 | 0.009020 | 0.018400 |   9.324716 |     10 | 0.943140 | 1.000000 | 1.156667 | 0.846667 | 1.083333 |  -6.431089 |      393 |      347 |       47 |   9.323303 |     10 | 0.885135 | 2.908578
 735 | 220200.0 | 220500.0 | 0.009012 | 0.018397 |   9.323303 |     10 | 0.885135 | 1.000000 | 1.070000 | 1.073333 | 1.053333 |   0.543576 |      395 |      321 |       73 |   9.322673 |     10 | 0.890034 | 2.784534
 736 | 220500.0 | 220800.0 | 0.009004 | 0.018393 |   9.322673 |     10 | 0.890034 | 1.000000 | 1.106667 | 1.076667 | 1.033333 |   1.177973 |      400 |      332 |       68 |   9.321712 |     10 | 0.900641 | 2.515948
 737 | 220800.0 | 221100.0 | 0.008997 | 0.018390 |   9.321712 |     10 | 0.900641 | 1.000000 | 1.130000 | 1.030000 | 1.070000 |  -1.087567 |      399 |      339 |       60 |   9.320542 |     10 | 0.890856 | 2.763714
 738 | 221100.0 | 221400.0 | 0.008989 | 0.018386 |   9.320542 |     10 | 0.890856 | 1.000000 | 1.030000 | 1.080000 | 1.020000 |   1.631662 |      391 |      309 |       82 |   9.320273 |     10 | 0.905524 | 2.392305
 739 | 221400.0 | 221700.0 | 0.008982 | 0.018383 |   9.320273 |     10 | 0.905524 | 1.000000 | 1.093333 | 1.113333 | 1.103333 |   0.271995 |      396 |      328 |       68 |   9.319434 |     10 | 0.907967 | 2.330443
 740 | 221700.0 | 222000.0 | 0.008974 | 0.018379 |   9.319434 |     10 | 0.907967 | 1.000000 | 1.116667 | 1.140000 | 1.073333 |   1.813647 |      399 |      335 |       64 |   9.318387 |     10 | 0.924243 | 1.918297
 741 | 222000.0 | 222300.0 | 0.008967 | 0.018376 |   9.318387 |     10 | 0.924243 | 1.000000 | 1.120000 | 1.093333 | 1.056667 |   0.997695 |      396 |      336 |       60 |   9.317311 |     10 | 0.933189 | 1.691763
 742 | 222300.0 | 222600.0 | 0.008959 | 0.018372 |   9.317311 |     10 | 0.933189 | 1.000000 | 1.090000 | 1.083333 | 1.063333 |   0.544301 |      392 |      327 |       65 |   9.316505 |     10 | 0.938066 | 1.568278
 743 | 222600.0 | 222900.0 | 0.008952 | 0.018369 |   9.316505 |     10 | 0.938066 | 1.000000 | 1.180000 | 0.973333 | 1.130000 |  -4.264495 |      399 |      354 |       46 |   9.314894 |     10 | 0.899890 | 2.534956
 744 | 222900.0 | 223200.0 | 0.008945 | 0.018365 |   9.314894 |     10 | 0.899890 | 1.000000 | 1.066667 | 1.106667 | 1.016667 |   2.450279 |      394 |      320 |       73 |   9.314297 |     10 | 0.921807 | 1.979986
 745 | 223200.0 | 223500.0 | 0.008937 | 0.018362 |   9.314297 |     10 | 0.921807 | 1.000000 | 1.150000 | 1.123333 | 1.100000 |   0.635378 |      401 |      345 |       56 |   9.312957 |     10 | 0.927485 | 1.836197
 746 | 223500.0 | 223800.0 | 0.008930 | 0.018358 |   9.312957 |     10 | 0.927485 | 1.000000 | 1.163333 | 1.100000 | 1.036667 |   1.724921 |      399 |      349 |       50 |   9.311498 |     10 | 0.942888 | 1.446163
 747 | 223800.0 | 224100.0 | 0.008922 | 0.018355 |   9.311498 |     10 | 0.942888 | 1.000000 | 1.066667 | 0.853333 | 1.126667 |  -7.445800 |      383 |      320 |       63 |   9.310903 |     10 | 0.876454 | 3.128396
 748 | 224100.0 | 224400.0 | 0.008915 | 0.018351 |   9.310903 |     10 | 0.876454 | 1.000000 | 0.990000 | 1.076667 | 1.050000 |   0.726556 |      387 |      297 |       90 |   9.310993 |     10 | 0.882931 | 2.964380
 749 | 224400.0 | 224700.0 | 0.008908 | 0.018348 |   9.310993 |     10 | 0.882931 | 1.000000 | 1.146667 | 1.066667 | 1.066667 |   0.000000 |      404 |      344 |       60 |   9.309686 |     10 | 0.882931 | 2.964380
 750 | 224700.0 | 225000.0 | 0.008900 | 0.018345 |   9.309686 |     10 | 0.882931 | 1.000000 | 1.183333 | 1.086667 | 1.013333 |   1.998780 |      405 |      355 |       50 |   9.308054 |     10 | 0.900721 | 2.513911
 751 | 225000.0 | 225300.0 | 0.008893 | 0.018341 |   9.308054 |     10 | 0.900721 | 1.000000 | 1.096667 | 1.086667 | 1.070000 |   0.454353 |      398 |      329 |       69 |   9.307195 |     10 | 0.904762 | 2.411597
 752 | 225300.0 | 225600.0 | 0.008886 | 0.018338 |   9.307195 |     10 | 0.904762 | 1.000000 | 1.113333 | 1.073333 | 1.060000 |   0.363551 |      397 |      334 |       63 |   9.306188 |     10 | 0.907992 | 2.329797
 753 | 225600.0 | 225900.0 | 0.008878 | 0.018334 |   9.306188 |     10 | 0.907992 | 1.000000 | 1.106667 | 1.113333 | 1.066667 |   1.272665 |      396 |      332 |       67 |   9.305241 |     10 | 0.919291 | 2.043681
 754 | 225900.0 | 226200.0 | 0.008871 | 0.018331 |   9.305241 |     10 | 0.919291 | 1.000000 | 1.073333 | 1.063333 | 1.016667 |   1.272903 |      393 |      322 |       68 |   9.304590 |     10 | 0.930583 | 1.757745
 755 | 226200.0 | 226500.0 | 0.008864 | 0.018327 |   9.304590 |     10 | 0.930583 | 1.000000 | 1.110000 | 1.083333 | 1.106667 |  -0.636570 |      395 |      333 |       63 |   9.303615 |     10 | 0.924941 | 1.900623
 756 | 226500.0 | 226800.0 | 0.008857 | 0.018324 |   9.303615 |     10 | 0.924941 | 1.000000 | 1.160000 | 1.126667 | 1.083333 |   1.182422 |      401 |      348 |       52 |   9.302198 |     10 | 0.935413 | 1.635447
 757 | 226800.0 | 227100.0 | 0.008849 | 0.018321 |   9.302198 |     10 | 0.935413 | 1.000000 | 1.173333 | 0.963333 | 1.086667 |  -3.365980 |      396 |      352 |       45 |   9.300664 |     10 | 0.905626 | 2.389702
 758 | 227100.0 | 227400.0 | 0.008842 | 0.018317 |   9.300664 |     10 | 0.905626 | 1.000000 | 1.073333 | 1.140000 | 1.030000 |   3.002648 |      396 |      322 |       73 |   9.300016 |     10 | 0.932176 | 1.717412
 759 | 227400.0 | 227700.0 | 0.008835 | 0.018314 |   9.300016 |     10 | 0.932176 | 1.000000 | 1.130000 | 1.030000 | 1.090000 |  -1.638112 |      394 |      339 |       55 |   9.298867 |     10 | 0.917704 | 2.083885
 760 | 227700.0 | 228000.0 | 0.008828 | 0.018310 |   9.298867 |     10 | 0.917704 | 1.000000 | 1.113333 | 1.140000 | 1.083333 |   1.547392 |      397 |      334 |       63 |   9.297867 |     10 | 0.931364 | 1.737989
 761 | 228000.0 | 228300.0 | 0.008821 | 0.018307 |   9.297867 |     10 | 0.931364 | 1.000000 | 1.133333 | 1.026667 | 1.070000 |  -1.183519 |      394 |      340 |       54 |   9.296691 |     10 | 0.920924 | 2.002331
 762 | 228300.0 | 228600.0 | 0.008813 | 0.018304 |   9.296691 |     10 | 0.920924 | 1.000000 | 1.143333 | 1.073333 | 1.086667 |  -0.364227 |      399 |      343 |       56 |   9.295427 |     10 | 0.917714 | 2.083616
 763 | 228600.0 | 228900.0 | 0.008806 | 0.018300 |   9.295427 |     10 | 0.917714 | 1.000000 | 1.116667 | 1.106667 | 1.083333 |   0.637515 |      398 |      335 |       63 |   9.294400 |     10 | 0.923328 | 1.941457
 764 | 228900.0 | 229200.0 | 0.008799 | 0.018297 |   9.294400 |     10 | 0.923328 | 1.000000 | 1.113333 | 1.130000 | 1.073333 |   1.548536 |      397 |      334 |       63 |   9.293403 |     10 | 0.936954 | 1.596428
 765 | 229200.0 | 229500.0 | 0.008792 | 0.018293 |   9.293403 |     10 | 0.936954 | 1.000000 | 1.103333 | 0.956667 | 1.176667 |  -6.013071 |      389 |      331 |       59 |   9.292494 |     10 | 0.884087 | 2.935113
 766 | 229500.0 | 229800.0 | 0.008785 | 0.018290 |   9.292494 |     10 | 0.884087 | 1.000000 | 1.106667 | 1.043333 | 1.093333 |  -1.366858 |      397 |      332 |       64 |   9.291557 |     10 | 0.872079 | 3.239169
 767 | 229800.0 | 230100.0 | 0.008778 | 0.018287 |   9.291557 |     10 | 0.872079 | 1.000000 | 1.070000 | 1.090000 | 1.070000 |   0.546844 |      397 |      321 |       76 |   9.290943 |     10 | 0.876880 | 3.117622
 768 | 230100.0 | 230400.0 | 0.008771 | 0.018283 |   9.290943 |     10 | 0.876880 | 1.000000 | 1.126667 | 1.086667 | 1.053333 |   0.911574 |      400 |      338 |       62 |   9.289832 |     10 | 0.884875 | 2.915171
 769 | 230400.0 | 230700.0 | 0.008764 | 0.018280 |   9.289832 |     10 | 0.884875 | 1.000000 | 1.113333 | 1.063333 | 1.086667 |  -0.638218 |      399 |      334 |       65 |   9.288839 |     10 | 0.879282 | 3.056799
 770 | 230700.0 | 231000.0 | 0.008757 | 0.018277 |   9.288839 |     10 | 0.879282 | 1.000000 | 1.050000 | 1.130000 | 1.076667 |   1.459052 |      393 |      315 |       78 |   9.288401 |     10 | 0.892058 | 2.733279
 771 | 231000.0 | 231300.0 | 0.008750 | 0.018273 |   9.288401 |     10 | 0.892058 | 1.000000 | 1.150000 | 1.060000 | 1.103333 |  -1.185697 |      403 |      345 |       59 |   9.287088 |     10 | 0.881684 | 2.995976
 772 | 231300.0 | 231600.0 | 0.008743 | 0.018270 |   9.287088 |     10 | 0.881684 | 1.000000 | 1.106667 | 1.110000 | 1.043333 |   1.824482 |      399 |      332 |       66 |   9.286156 |     10 | 0.897634 | 2.592078
 773 | 231600.0 | 231900.0 | 0.008736 | 0.018267 |   9.286156 |     10 | 0.897634 | 1.000000 | 1.133333 | 1.076667 | 1.096667 |  -0.547444 |      399 |      340 |       59 |   9.284991 |     10 | 0.892852 | 2.713172
 774 | 231900.0 | 232200.0 | 0.008729 | 0.018263 |   9.284991 |     10 | 0.892852 | 1.000000 | 1.146667 | 1.123333 | 1.050000 |   2.007662 |      401 |      344 |       57 |   9.283711 |     10 | 0.910376 | 2.269435
 775 | 232200.0 | 232500.0 | 0.008722 | 0.018260 |   9.283711 |     10 | 0.910376 | 1.000000 | 1.120000 | 1.053333 | 1.070000 |  -0.456370 |      399 |      336 |       63 |   9.282664 |     10 | 0.906396 | 2.370222
 776 | 232500.0 | 232800.0 | 0.008715 | 0.018257 |   9.282664 |     10 | 0.906396 | 1.000000 | 1.093333 | 1.150000 | 1.120000 |   0.821615 |      397 |      328 |       69 |   9.281851 |     10 | 0.913556 | 2.188918
 777 | 232800.0 | 233100.0 | 0.008708 | 0.018253 |   9.281851 |     10 | 0.913556 | 1.000000 | 1.146667 | 1.116667 | 1.110000 |   0.182614 |      400 |      344 |       56 |   9.280574 |     10 | 0.915146 | 2.148653
 778 | 233100.0 | 233400.0 | 0.008701 | 0.018250 |   9.280574 |     10 | 0.915146 | 1.000000 | 1.133333 | 1.083333 | 1.100000 |  -0.456618 |      399 |      340 |       60 |   9.279414 |     10 | 0.911173 | 2.249253
 779 | 233400.0 | 233700.0 | 0.008694 | 0.018247 |   9.279414 |     10 | 0.911173 | 1.000000 | 1.033333 | 1.096667 | 1.076667 |   0.548041 |      390 |      310 |       79 |   9.279124 |     10 | 0.915938 | 2.128607
 780 | 233700.0 | 234000.0 | 0.008687 | 0.018244 |   9.279124 |     10 | 0.915938 | 1.000000 | 1.133333 | 1.163333 | 1.193333 |  -0.822210 |      400 |      340 |       60 |   9.277966 |     10 | 0.908795 | 2.309465
 781 | 234000.0 | 234300.0 | 0.008680 | 0.018240 |   9.277966 |     10 | 0.908795 | 1.000000 | 1.080000 | 1.123333 | 1.153333 |  -0.822359 |      396 |      324 |       72 |   9.277271 |     10 | 0.901657 | 2.490212
 782 | 234300.0 | 234600.0 | 0.008673 | 0.018237 |   9.277271 |     10 | 0.901657 | 1.000000 | 1.136667 | 1.136667 | 1.100000 |   1.005287 |      400 |      341 |       59 |   9.276086 |     10 | 0.910376 | 2.269435
 783 | 234600.0 | 234900.0 | 0.008666 | 0.018234 |   9.276086 |     10 | 0.910376 | 1.000000 | 1.103333 | 1.063333 | 1.070000 |  -0.182812 |      396 |      331 |       65 |   9.275190 |     10 | 0.908792 | 2.309551
 784 | 234900.0 | 235200.0 | 0.008659 | 0.018230 |   9.275190 |     10 | 0.908792 | 1.000000 | 1.143333 | 1.106667 | 1.040000 |   1.828452 |      402 |      343 |       59 |   9.273949 |     10 | 0.924625 | 1.908629
 785 | 235200.0 | 235500.0 | 0.008652 | 0.018227 |   9.273949 |     10 | 0.924625 | 1.000000 | 1.130000 | 1.133333 | 1.063333 |   1.920220 |      395 |      339 |       56 |   9.272824 |     10 | 0.941239 | 1.487918
 786 | 235500.0 | 235800.0 | 0.008646 | 0.018224 |   9.272824 |     10 | 0.941239 | 1.000000 | 1.146667 | 0.850000 | 1.100000 |  -6.859160 |      393 |      344 |       49 |   9.271556 |     10 | 0.881938 | 2.989540
 787 | 235800.0 | 236100.0 | 0.008639 | 0.018221 |   9.271556 |     10 | 0.881938 | 1.000000 | 1.060000 | 1.080000 | 1.066667 |   0.365887 |      394 |      318 |       76 |   9.271038 |     10 | 0.885099 | 2.909502
 788 | 236100.0 | 236400.0 | 0.008632 | 0.018217 |   9.271038 |     10 | 0.885099 | 1.000000 | 1.093333 | 1.066667 | 1.103333 |  -1.006371 |      399 |      328 |       71 |   9.270232 |     10 | 0.876412 | 3.129471
 789 | 236400.0 | 236700.0 | 0.008625 | 0.018214 |   9.270232 |     10 | 0.876412 | 1.000000 | 1.093333 | 1.063333 | 1.003333 |   1.647083 |      396 |      328 |       68 |   9.269427 |     10 | 0.890618 | 2.769741
 790 | 236700.0 | 237000.0 | 0.008618 | 0.018211 |   9.269427 |     10 | 0.890618 | 1.000000 | 1.060000 | 1.083333 | 1.100000 |  -0.457605 |      395 |      318 |       77 |   9.268910 |     10 | 0.886674 | 2.869605
 791 | 237000.0 | 237300.0 | 0.008612 | 0.018208 |   9.268910 |     10 | 0.886674 | 1.000000 | 1.016667 | 1.110000 | 1.116667 |  -0.183075 |      390 |      305 |       85 |   9.268767 |     10 | 0.885098 | 2.909527
 792 | 237300.0 | 237600.0 | 0.008605 | 0.018204 |   9.268767 |     10 | 0.885098 | 1.000000 | 1.123333 | 1.086667 | 1.086667 |   0.000000 |      401 |      337 |       64 |   9.267705 |     10 | 0.885098 | 2.909527
 793 | 237600.0 | 237900.0 | 0.008598 | 0.018201 |   9.267705 |     10 | 0.885098 | 1.000000 | 1.120000 | 1.073333 | 1.073333 |   0.000000 |      400 |      336 |       64 |   9.266674 |     10 | 0.885098 | 2.909527
 794 | 237900.0 | 238200.0 | 0.008591 | 0.018198 |   9.266674 |     10 | 0.885098 | 1.000000 | 1.120000 | 1.106667 | 1.030000 |   2.106483 |      398 |      336 |       62 |   9.265643 |     10 | 0.903195 | 2.451264
 795 | 238200.0 | 238500.0 | 0.008585 | 0.018195 |   9.265643 |     10 | 0.903195 | 1.000000 | 1.123333 | 1.123333 | 1.020000 |   2.839677 |      400 |      337 |       63 |   9.264584 |     10 | 0.927573 | 1.833978
 796 | 238500.0 | 238800.0 | 0.008578 | 0.018191 |   9.264584 |     10 | 0.927573 | 1.000000 | 1.120000 | 1.083333 | 1.120000 |  -1.007806 |      394 |      336 |       58 |   9.263555 |     10 | 0.918928 | 2.052883
 797 | 238800.0 | 239100.0 | 0.008571 | 0.018188 |   9.263555 |     10 | 0.918928 | 1.000000 | 1.120000 | 1.133333 | 1.053333 |   2.199239 |      398 |      336 |       63 |   9.262526 |     10 | 0.937778 | 1.575561
 798 | 239100.0 | 239400.0 | 0.008565 | 0.018185 |   9.262526 |     10 | 0.937778 | 1.000000 | 1.126667 | 0.910000 | 1.180000 |  -7.423747 |      392 |      338 |       53 |   9.261441 |     10 | 0.874197 | 3.185550
 799 | 239400.0 | 239700.0 | 0.008558 | 0.018182 |   9.261441 |     10 | 0.874197 | 1.000000 | 1.096667 | 1.056667 | 1.046667 |   0.275002 |      398 |      329 |       69 |   9.260614 |     10 | 0.876550 | 3.125957
 800 | 239700.0 | 240000.0 | 0.008551 | 0.018178 |   9.260614 |     10 | 0.876550 | 1.000000 | 1.076667 | 1.100000 | 1.086667 |   0.366734 |      395 |      323 |       72 |   9.259958 |     10 | 0.879686 | 3.046547
 801 | 240000.0 | 240300.0 | 0.008545 | 0.018175 |   9.259958 |     10 | 0.879686 | 1.000000 | 1.040000 | 1.083333 | 0.983333 |   2.750993 |      393 |      312 |       81 |   9.259617 |     10 | 0.903193 | 2.451330
 802 | 240300.0 | 240600.0 | 0.008538 | 0.018172 |   9.259617 |     10 | 0.903193 | 1.000000 | 1.106667 | 1.080000 | 1.076667 |   0.091716 |      399 |      332 |       67 |   9.258706 |     10 | 0.903976 | 2.431501
 803 | 240600.0 | 240900.0 | 0.008531 | 0.018169 |   9.258706 |     10 | 0.903976 | 1.000000 | 1.086667 | 1.133333 | 1.080000 |   1.467713 |      395 |      326 |       69 |   9.257966 |     10 | 0.916497 | 2.114433
 804 | 240900.0 | 241200.0 | 0.008525 | 0.018166 |   9.257966 |     10 | 0.916497 | 1.000000 | 1.153333 | 1.136667 | 1.073333 |   1.743215 |      402 |      346 |       56 |   9.256659 |     10 | 0.931358 | 1.738140
 805 | 241200.0 | 241500.0 | 0.008518 | 0.018162 |   9.256659 |     10 | 0.931358 | 1.000000 | 1.126667 | 1.066667 | 1.120000 |  -1.468228 |      394 |      338 |       56 |   9.255580 |     10 | 0.918851 | 2.054829
 806 | 241500.0 | 241800.0 | 0.008512 | 0.018159 |   9.255580 |     10 | 0.918851 | 1.000000 | 1.136667 | 1.090000 | 1.056667 |   0.917804 |      399 |      341 |       58 |   9.254417 |     10 | 0.926663 | 1.857016
 807 | 241800.0 | 242100.0 | 0.008505 | 0.018156 |   9.254417 |     10 | 0.926663 | 1.000000 | 1.166667 | 1.126667 | 1.090000 |   1.009761 |      402 |      350 |       52 |   9.253000 |     10 | 0.935251 | 1.639553
 808 | 242100.0 | 242400.0 | 0.008498 | 0.018153 |   9.253000 |     10 | 0.935251 | 1.000000 | 1.116667 | 1.010000 | 1.046667 |  -1.009938 |      391 |      335 |       56 |   9.252008 |     10 | 0.926668 | 1.856887
 809 | 242400.0 | 242700.0 | 0.008492 | 0.018150 |   9.252008 |     10 | 0.926668 | 1.000000 | 1.116667 | 1.096667 | 1.073333 |   0.642800 |      396 |      335 |       61 |   9.251017 |     10 | 0.932127 | 1.718666
 810 | 242700.0 | 243000.0 | 0.008485 | 0.018147 |   9.251017 |     10 | 0.932127 | 1.000000 | 1.166667 | 1.036667 | 1.120000 |  -2.296114 |      398 |      350 |       48 |   9.249603 |     10 | 0.912643 | 2.212019
 811 | 243000.0 | 243300.0 | 0.008479 | 0.018143 |   9.249603 |     10 | 0.912643 | 1.000000 | 1.156667 | 1.133333 | 1.106667 |   0.734885 |      403 |      347 |       56 |   9.248275 |     10 | 0.918874 | 2.054239
 812 | 243300.0 | 243600.0 | 0.008472 | 0.018140 |   9.248275 |     10 | 0.918874 | 1.000000 | 1.060000 | 1.073333 | 1.080000 |  -0.183753 |      392 |      318 |       74 |   9.247766 |     10 | 0.917318 | 2.093661
 813 | 243600.0 | 243900.0 | 0.008466 | 0.018137 |   9.247766 |     10 | 0.917318 | 1.000000 | 1.106667 | 1.086667 | 1.070000 |   0.459463 |      396 |      332 |       64 |   9.246863 |     10 | 0.921207 | 1.995166
 814 | 243900.0 | 244200.0 | 0.008459 | 0.018134 |   9.246863 |     10 | 0.921207 | 1.000000 | 1.133333 | 1.050000 | 1.073333 |  -0.643360 |      398 |      340 |       58 |   9.245736 |     10 | 0.915765 | 2.132977
 815 | 244200.0 | 244500.0 | 0.008453 | 0.018131 |   9.245736 |     10 | 0.915765 | 1.000000 | 1.133333 | 1.093333 | 1.063333 |   0.827320 |      400 |      340 |       60 |   9.244608 |     10 | 0.922758 | 1.955896
 816 | 244500.0 | 244800.0 | 0.008446 | 0.018128 |   9.244608 |     10 | 0.922758 | 1.000000 | 1.103333 | 1.166667 | 1.123333 |   1.195225 |      395 |      331 |       64 |   9.243736 |     10 | 0.932854 | 1.700263
 817 | 244800.0 | 245100.0 | 0.008440 | 0.018125 |   9.243736 |     10 | 0.932854 | 1.000000 | 1.176667 | 1.046667 | 1.170000 |  -3.402384 |      401 |      353 |       48 |   9.242245 |     10 | 0.904137 | 2.427403
 818 | 245100.0 | 245400.0 | 0.008434 | 0.018121 |   9.242245 |     10 | 0.904137 | 1.000000 | 1.110000 | 1.133333 | 1.080000 |   1.471556 |      398 |      333 |       65 |   9.241317 |     10 | 0.916548 | 2.113150
 819 | 245400.0 | 245700.0 | 0.008427 | 0.018118 |   9.241317 |     10 | 0.916548 | 1.000000 | 1.110000 | 1.096667 | 1.116667 |  -0.551929 |      397 |      333 |       64 |   9.240390 |     10 | 0.911897 | 2.230926
 820 | 245700.0 | 246000.0 | 0.008421 | 0.018115 |   9.240390 |     10 | 0.911897 | 1.000000 | 1.153333 | 1.053333 | 1.133333 |  -2.208096 |      401 |      346 |       55 |   9.239099 |     10 | 0.893303 | 2.701751
 821 | 246000.0 | 246300.0 | 0.008414 | 0.018112 |   9.239099 |     10 | 0.893303 | 1.000000 | 1.113333 | 1.106667 | 1.010000 |   2.668575 |      398 |      334 |       64 |   9.238145 |     10 | 0.915757 | 2.133172
 822 | 246300.0 | 246600.0 | 0.008408 | 0.018109 |   9.238145 |     10 | 0.915757 | 1.000000 | 1.113333 | 1.090000 | 1.083333 |   0.184071 |      399 |      334 |       65 |   9.237192 |     10 | 0.917305 | 2.093982
 823 | 246600.0 | 246900.0 | 0.008402 | 0.018106 |   9.237192 |     10 | 0.917305 | 1.000000 | 1.193333 | 1.046667 | 1.080000 |  -0.920515 |      405 |      358 |       47 |   9.235568 |     10 | 0.909571 | 2.289814
 824 | 246900.0 | 247200.0 | 0.008395 | 0.018103 |   9.235568 |     10 | 0.909571 | 1.000000 | 1.066667 | 1.090000 | 1.056667 |   0.920673 |      391 |      320 |       71 |   9.235008 |     10 | 0.917300 | 2.094097
 825 | 247200.0 | 247500.0 | 0.008389 | 0.018100 |   9.235008 |     10 | 0.917300 | 1.000000 | 1.150000 | 1.050000 | 1.053333 |  -0.092083 |      401 |      345 |       56 |   9.233750 |     10 | 0.916528 | 2.113657
 826 | 247500.0 | 247800.0 | 0.008382 | 0.018096 |   9.233750 |     10 | 0.916528 | 1.000000 | 1.143333 | 1.110000 | 1.090000 |   0.552593 |      401 |      343 |       58 |   9.232548 |     10 | 0.921160 | 1.996364
 827 | 247800.0 | 248100.0 | 0.008376 | 0.018093 |   9.232548 |     10 | 0.921160 | 1.000000 | 1.143333 | 1.073333 | 1.120000 |  -1.289605 |      398 |      343 |       55 |   9.231348 |     10 | 0.910358 | 2.269888
 828 | 248100.0 | 248400.0 | 0.008370 | 0.018090 |   9.231348 |     10 | 0.910358 | 1.000000 | 1.163333 | 1.043333 | 1.050000 |  -0.184261 |      403 |      349 |       54 |   9.229981 |     10 | 0.908816 | 2.308940
 829 | 248400.0 | 248700.0 | 0.008364 | 0.018087 |   9.229981 |     10 | 0.908816 | 1.000000 | 1.100000 | 1.116667 | 1.143333 |  -0.737169 |      396 |      330 |       66 |   9.229144 |     10 | 0.902651 | 2.465056
 830 | 248700.0 | 249000.0 | 0.008357 | 0.018084 |   9.229144 |     10 | 0.902651 | 1.000000 | 1.150000 | 1.090000 | 1.030000 |   1.658913 |      403 |      345 |       58 |   9.227891 |     10 | 0.916514 | 2.113998
 831 | 249000.0 | 249300.0 | 0.008351 | 0.018081 |   9.227891 |     10 | 0.916514 | 1.000000 | 1.130000 | 1.126667 | 1.110000 |   0.460888 |      397 |      339 |       58 |   9.226805 |     10 | 0.920363 | 2.016539
 832 | 249300.0 | 249600.0 | 0.008345 | 0.018078 |   9.226805 |     10 | 0.920363 | 1.000000 | 1.093333 | 1.060000 | 1.120000 |  -1.659478 |      397 |      328 |       70 |   9.226026 |     10 | 0.906515 | 2.367189
 833 | 249600.0 | 249900.0 | 0.008338 | 0.018075 |   9.226026 |     10 | 0.906515 | 1.000000 | 1.083333 | 1.090000 | 1.146667 |  -1.567551 |      394 |      325 |       68 |   9.225332 |     10 | 0.893445 | 2.698166
 834 | 249900.0 | 250200.0 | 0.008332 | 0.018072 |   9.225332 |     10 | 0.893445 | 1.000000 | 1.143333 | 1.063333 | 1.006667 |   1.567817 |      402 |      343 |       59 |   9.224137 |     10 | 0.906508 | 2.367381
 835 | 250200.0 | 250500.0 | 0.008326 | 0.018069 |   9.224137 |     10 | 0.906508 | 1.000000 | 1.033333 | 1.093333 | 1.080000 |   0.368961 |      390 |      310 |       80 |   9.223860 |     10 | 0.909580 | 2.289594
 836 | 250500.0 | 250800.0 | 0.008320 | 0.018066 |   9.223860 |     10 | 0.909580 | 1.000000 | 1.110000 | 1.143333 | 1.040000 |   2.859931 |      398 |      333 |       65 |   9.222945 |     10 | 0.933374 | 1.687096
 837 | 250800.0 | 251100.0 | 0.008313 | 0.018063 |   9.222945 |     10 | 0.933374 | 1.000000 | 1.103333 | 1.036667 | 1.116667 |  -2.214515 |      391 |      331 |       60 |   9.222086 |     10 | 0.914963 | 2.153276
 838 | 251100.0 | 251400.0 | 0.008307 | 0.018060 |   9.222086 |     10 | 0.914963 | 1.000000 | 1.130000 | 1.113333 | 1.080000 |   0.922870 |      399 |      339 |       60 |   9.221006 |     10 | 0.922630 | 1.959147
 839 | 251400.0 | 251700.0 | 0.008301 | 0.018057 |   9.221006 |     10 | 0.922630 | 1.000000 | 1.153333 | 1.096667 | 1.080000 |   0.461513 |      400 |      346 |       54 |   9.219733 |     10 | 0.926461 | 1.862138
 840 | 251700.0 | 252000.0 | 0.008295 | 0.018054 |   9.219733 |     10 | 0.926461 | 1.000000 | 1.103333 | 1.083333 | 1.063333 |   0.553909 |      395 |      331 |       64 |   9.218876 |     10 | 0.931055 | 1.745794
 841 | 252000.0 | 252300.0 | 0.008289 | 0.018050 |   9.218876 |     10 | 0.931055 | 1.000000 | 1.113333 | 1.060000 | 1.100000 |  -1.108005 |      392 |      334 |       58 |   9.217936 |     10 | 0.921872 | 1.978347
 842 | 252300.0 | 252600.0 | 0.008283 | 0.018047 |   9.217936 |     10 | 0.921872 | 1.000000 | 1.116667 | 1.153333 | 1.120000 |   0.923493 |      396 |      335 |       61 |   9.216970 |     10 | 0.929520 | 1.784665
 843 | 252600.0 | 252900.0 | 0.008276 | 0.018044 |   9.216970 |     10 | 0.929520 | 1.000000 | 1.176667 | 1.066667 | 1.140000 |  -2.032025 |      402 |      353 |       49 |   9.215508 |     10 | 0.912703 | 2.210522
 844 | 252900.0 | 253200.0 | 0.008270 | 0.018041 |   9.215508 |     10 | 0.912703 | 1.000000 | 1.106667 | 1.116667 | 1.096667 |   0.554282 |      397 |      332 |       65 |   9.214626 |     10 | 0.917287 | 2.094446
 845 | 253200.0 | 253500.0 | 0.008264 | 0.018038 |   9.214626 |     10 | 0.917287 | 1.000000 | 1.080000 | 1.056667 | 1.063333 |  -0.184792 |      394 |      324 |       70 |   9.213964 |     10 | 0.915759 | 2.133116
 846 | 253500.0 | 253800.0 | 0.008258 | 0.018035 |   9.213964 |     10 | 0.915759 | 1.000000 | 1.043333 | 1.160000 | 1.076667 |   2.310282 |      391 |      313 |       78 |   9.213607 |     10 | 0.934838 | 1.650019
 847 | 253800.0 | 254100.0 | 0.008252 | 0.018032 |   9.213607 |     10 | 0.934838 | 1.000000 | 1.120000 | 1.003333 | 1.103333 |  -2.772802 |      394 |      336 |       59 |   9.212616 |     10 | 0.911957 | 2.229403
 848 | 254100.0 | 254400.0 | 0.008246 | 0.018029 |   9.212616 |     10 | 0.911957 | 1.000000 | 1.103333 | 1.120000 | 1.026667 |   2.588381 |      397 |      331 |       65 |   9.211764 |     10 | 0.933300 | 1.688953
 849 | 254400.0 | 254700.0 | 0.008240 | 0.018026 |   9.211764 |     10 | 0.933300 | 1.000000 | 1.076667 | 1.013333 | 1.106667 |  -2.588813 |      386 |      323 |       63 |   9.211133 |     10 | 0.911969 | 2.229095
 850 | 254700.0 | 255000.0 | 0.008234 | 0.018023 |   9.211133 |     10 | 0.911969 | 1.000000 | 1.163333 | 1.056667 | 1.043333 |   0.369892 |      402 |      349 |       53 |   9.209788 |     10 | 0.915015 | 2.151976
 851 | 255000.0 | 255300.0 | 0.008228 | 0.018020 |   9.209788 |     10 | 0.915015 | 1.000000 | 1.110000 | 1.023333 | 1.093333 |  -1.942257 |      396 |      333 |       64 |   9.208883 |     10 | 0.899034 | 2.556620
 852 | 255300.0 | 255600.0 | 0.008222 | 0.018017 |   9.208883 |     10 | 0.899034 | 1.000000 | 1.100000 | 1.126667 | 1.026667 |   2.775115 |      397 |      330 |       66 |   9.208061 |     10 | 0.921850 | 1.978886
 853 | 255600.0 | 255900.0 | 0.008216 | 0.018014 |   9.208061 |     10 | 0.921850 | 1.000000 | 1.100000 | 1.163333 | 1.073333 |   2.498019 |      394 |      330 |       64 |   9.207239 |     10 | 0.942373 | 1.459220
 854 | 255900.0 | 256200.0 | 0.008209 | 0.018011 |   9.207239 |     10 | 0.942373 | 1.000000 | 1.136667 | 0.836667 | 1.100000 |  -7.310231 |      391 |      341 |       50 |   9.206117 |     10 | 0.882360 | 2.978859
 855 | 256200.0 | 256500.0 | 0.008203 | 0.018008 |   9.206117 |     10 | 0.882360 | 1.000000 | 1.093333 | 1.150000 | 1.023333 |   3.516897 |      398 |      328 |       70 |   9.205351 |     10 | 0.911210 | 2.248308
 856 | 256500.0 | 256800.0 | 0.008197 | 0.018005 |   9.205351 |     10 | 0.911210 | 1.000000 | 1.150000 | 1.140000 | 1.100000 |   1.110783 |      402 |      345 |       57 |   9.204122 |     10 | 0.920316 | 2.017739
 857 | 256800.0 | 257100.0 | 0.008191 | 0.018002 |   9.204122 |     10 | 0.920316 | 1.000000 | 1.166667 | 1.126667 | 1.130000 |  -0.092581 |      401 |      350 |       51 |   9.202757 |     10 | 0.919558 | 2.036942
 858 | 257100.0 | 257400.0 | 0.008185 | 0.017999 |   9.202757 |     10 | 0.919558 | 1.000000 | 1.053333 | 1.036667 | 1.146667 |  -3.055664 |      393 |      316 |       77 |   9.202320 |     10 | 0.894545 | 2.670291
 859 | 257400.0 | 257700.0 | 0.008180 | 0.017996 |   9.202320 |     10 | 0.894545 | 1.000000 | 1.103333 | 1.076667 | 1.093333 |  -0.463056 |      397 |      331 |       66 |   9.201475 |     10 | 0.890758 | 2.766199
 860 | 257700.0 | 258000.0 | 0.008174 | 0.017993 |   9.201475 |     10 | 0.890758 | 1.000000 | 1.046667 | 1.073333 | 1.013333 |   1.667276 |      393 |      314 |       79 |   9.201093 |     10 | 0.904385 | 2.421126
 861 | 258000.0 | 258300.0 | 0.008168 | 0.017990 |   9.201093 |     10 | 0.904385 | 1.000000 | 1.046667 | 1.106667 | 1.040000 |   1.852834 |      391 |      314 |       77 |   9.200712 |     10 | 0.919519 | 2.037928
 862 | 258300.0 | 258600.0 | 0.008162 | 0.017987 |   9.200712 |     10 | 0.919519 | 1.000000 | 1.156667 | 1.100000 | 1.136667 |  -1.019226 |      401 |      347 |       54 |   9.199434 |     10 | 0.911200 | 2.248568
 863 | 258600.0 | 258900.0 | 0.008156 | 0.017985 |   9.199434 |     10 | 0.911200 | 1.000000 | 1.096667 | 1.083333 | 1.053333 |   0.834050 |      397 |      329 |       68 |   9.198645 |     10 | 0.918002 | 2.076323
 864 | 258900.0 | 259200.0 | 0.008150 | 0.017982 |   9.198645 |     10 | 0.918002 | 1.000000 | 1.130000 | 1.093333 | 1.070000 |   0.648812 |      398 |      339 |       60 |   9.197586 |     10 | 0.923290 | 1.942430
 865 | 259200.0 | 259500.0 | 0.008144 | 0.017979 |   9.197586 |     10 | 0.923290 | 1.000000 | 1.130000 | 1.093333 | 1.133333 |  -1.112431 |      398 |      339 |       58 |   9.196527 |     10 | 0.914230 | 2.171832
 866 | 259500.0 | 259800.0 | 0.008138 | 0.017976 |   9.196527 |     10 | 0.914230 | 1.000000 | 1.180000 | 1.130000 | 1.113333 |   0.463589 |      403 |      354 |       49 |   9.195062 |     10 | 0.918003 | 2.076301
 867 | 259800.0 | 260100.0 | 0.008132 | 0.017973 |   9.195062 |     10 | 0.918003 | 1.000000 | 1.080000 | 1.123333 | 1.113333 |   0.278199 |      395 |      324 |       71 |   9.194412 |     10 | 0.920265 | 2.019015
 868 | 260100.0 | 260400.0 | 0.008126 | 0.017970 |   9.194412 |     10 | 0.920265 | 1.000000 | 1.156667 | 1.080000 | 1.080000 |   0.000000 |      399 |      347 |       52 |   9.193138 |     10 | 0.920265 | 2.019015
 869 | 260400.0 | 260700.0 | 0.008120 | 0.017967 |   9.193138 |     10 | 0.920265 | 1.000000 | 1.156667 | 1.100000 | 1.143333 |  -1.205923 |      402 |      347 |       55 |   9.191866 |     10 | 0.910473 | 2.266978
 870 | 260700.0 | 261000.0 | 0.008114 | 0.017964 |   9.191866 |     10 | 0.910473 | 1.000000 | 1.150000 | 1.110000 | 1.113333 |  -0.092778 |      399 |      345 |       54 |   9.190649 |     10 | 0.909720 | 2.286041
 871 | 261000.0 | 261300.0 | 0.008109 | 0.017961 |   9.190649 |     10 | 0.909720 | 1.000000 | 1.083333 | 1.073333 | 1.063333 |   0.278381 |      395 |      325 |       70 |   9.189973 |     10 | 0.911977 | 2.228883
 872 | 261300.0 | 261600.0 | 0.008103 | 0.017958 |   9.189973 |     10 | 0.911977 | 1.000000 | 1.203333 | 1.103333 | 1.086667 |   0.464043 |      407 |      361 |       46 |   9.188326 |     10 | 0.915737 | 2.133672
 873 | 261600.0 | 261900.0 | 0.008097 | 0.017955 |   9.188326 |     10 | 0.915737 | 1.000000 | 1.083333 | 1.093333 | 1.110000 |  -0.464119 |      396 |      325 |       71 |   9.187651 |     10 | 0.911980 | 2.228830
 874 | 261900.0 | 262200.0 | 0.008091 | 0.017952 |   9.187651 |     10 | 0.911980 | 1.000000 | 1.140000 | 1.076667 | 1.100000 |  -0.649872 |      399 |      342 |       57 |   9.186518 |     10 | 0.906721 | 2.361976
 875 | 262200.0 | 262500.0 | 0.008085 | 0.017949 |   9.186518 |     10 | 0.906721 | 1.000000 | 1.076667 | 1.060000 | 1.053333 |   0.185708 |      395 |      323 |       72 |   9.185898 |     10 | 0.908223 | 2.323955
 876 | 262500.0 | 262800.0 | 0.008080 | 0.017946 |   9.185898 |     10 | 0.908223 | 1.000000 | 1.126667 | 1.080000 | 1.116667 |  -1.021558 |      400 |      338 |       62 |   9.184875 |     10 | 0.899969 | 2.532953
 877 | 262800.0 | 263100.0 | 0.008074 | 0.017944 |   9.184875 |     10 | 0.899969 | 1.000000 | 1.100000 | 1.100000 | 0.993333 |   2.972287 |      396 |      330 |       66 |   9.184068 |     10 | 0.923967 | 1.925297
 878 | 263100.0 | 263400.0 | 0.008068 | 0.017941 |   9.184068 |     10 | 0.923967 | 1.000000 | 1.190000 | 1.110000 | 1.113333 |  -0.092899 |      405 |      357 |       48 |   9.182535 |     10 | 0.923217 | 1.944276
 879 | 263400.0 | 263700.0 | 0.008062 | 0.017938 |   9.182535 |     10 | 0.923217 | 1.000000 | 1.080000 | 1.106667 | 1.070000 |   1.022054 |      392 |      324 |       68 |   9.181890 |     10 | 0.931457 | 1.735626
 880 | 263700.0 | 264000.0 | 0.008056 | 0.017935 |   9.181890 |     10 | 0.931457 | 1.000000 | 1.133333 | 1.070000 | 1.096667 |  -0.743432 |      395 |      340 |       57 |   9.180816 |     10 | 0.925468 | 1.887287
 881 | 264000.0 | 264300.0 | 0.008051 | 0.017932 |   9.180816 |     10 | 0.925468 | 1.000000 | 1.110000 | 1.126667 | 1.090000 |   1.022384 |      395 |      333 |       60 |   9.179930 |     10 | 0.933699 | 1.678868
 882 | 264300.0 | 264600.0 | 0.008045 | 0.017929 |   9.179930 |     10 | 0.933699 | 1.000000 | 1.053333 | 1.013333 | 1.150000 |  -3.811316 |      386 |      316 |       70 |   9.179501 |     10 | 0.903037 | 2.455276
 883 | 264600.0 | 264900.0 | 0.008039 | 0.017926 |   9.179501 |     10 | 0.903037 | 1.000000 | 1.116667 | 1.073333 | 1.036667 |   1.022713 |      400 |      335 |       65 |   9.178563 |     10 | 0.911259 | 2.247086
 884 | 264900.0 | 265200.0 | 0.008033 | 0.017923 |   9.178563 |     10 | 0.911259 | 1.000000 | 1.100000 | 1.093333 | 1.116667 |  -0.650922 |      396 |      330 |       66 |   9.177760 |     10 | 0.906029 | 2.379498
 885 | 265200.0 | 265500.0 | 0.008028 | 0.017920 |   9.177760 |     10 | 0.906029 | 1.000000 | 1.160000 | 1.116667 | 1.060000 |   1.581064 |      404 |      348 |       57 |   9.176475 |     10 | 0.918722 | 2.058104
 886 | 265500.0 | 265800.0 | 0.008022 | 0.017918 |   9.176475 |     10 | 0.918722 | 1.000000 | 1.093333 | 1.096667 | 1.003333 |   2.604523 |      395 |      328 |       66 |   9.175727 |     10 | 0.939615 | 1.529041
 887 | 265800.0 | 266100.0 | 0.008016 | 0.017915 |   9.175727 |     10 | 0.939615 | 1.000000 | 1.086667 | 0.930000 | 1.043333 |  -3.163141 |      387 |      326 |       61 |   9.175032 |     10 | 0.914259 | 2.171122
 888 | 266100.0 | 266400.0 | 0.008011 | 0.017912 |   9.175032 |     10 | 0.914259 | 1.000000 | 1.120000 | 1.110000 | 1.150000 |  -1.116581 |      399 |      336 |       63 |   9.174071 |     10 | 0.905314 | 2.397614
 889 | 266400.0 | 266700.0 | 0.008005 | 0.017909 |   9.174071 |     10 | 0.905314 | 1.000000 | 1.116667 | 1.113333 | 0.983333 |   3.629470 |      400 |      335 |       65 |   9.173137 |     10 | 0.934368 | 1.661917
 890 | 266700.0 | 267000.0 | 0.007999 | 0.017906 |   9.173137 |     10 | 0.934368 | 1.000000 | 1.143333 | 0.976667 | 1.126667 |  -4.188518 |      395 |      343 |       52 |   9.171990 |     10 | 0.900862 | 2.510334
 891 | 267000.0 | 267300.0 | 0.007994 | 0.017903 |   9.171990 |     10 | 0.900862 | 1.000000 | 1.100000 | 1.070000 | 1.063333 |   0.186186 |      398 |      330 |       68 |   9.171191 |     10 | 0.902351 | 2.472647
 892 | 267300.0 | 267600.0 | 0.007988 | 0.017900 |   9.171191 |     10 | 0.902351 | 1.000000 | 1.160000 | 1.140000 | 1.120000 |   0.558647 |      403 |      348 |       55 |   9.169913 |     10 | 0.906813 | 2.359648
 893 | 267600.0 | 267900.0 | 0.007982 | 0.017898 |   9.169913 |     10 | 0.906813 | 1.000000 | 1.100000 | 1.043333 | 1.096667 |  -1.489963 |      396 |      330 |       66 |   9.169114 |     10 | 0.894920 | 2.660813
 894 | 267900.0 | 268200.0 | 0.007977 | 0.017895 |   9.169114 |     10 | 0.894920 | 1.000000 | 1.160000 | 1.120000 | 1.046667 |   2.049025 |      403 |      348 |       55 |   9.167838 |     10 | 0.911264 | 2.246937
 895 | 268200.0 | 268500.0 | 0.007971 | 0.017892 |   9.167838 |     10 | 0.911264 | 1.000000 | 1.123333 | 1.153333 | 1.103333 |   1.397284 |      399 |      337 |       62 |   9.166855 |     10 | 0.922402 | 1.964903
 896 | 268500.0 | 268800.0 | 0.007966 | 0.017889 |   9.166855 |     10 | 0.922402 | 1.000000 | 1.140000 | 1.070000 | 1.086667 |  -0.465835 |      399 |      342 |       57 |   9.165740 |     10 | 0.918692 | 2.058863
 897 | 268800.0 | 269100.0 | 0.007960 | 0.017886 |   9.165740 |     10 | 0.918692 | 1.000000 | 1.100000 | 1.093333 | 1.066667 |   0.745455 |      395 |      330 |       65 |   9.164944 |     10 | 0.924626 | 1.908609
 898 | 269100.0 | 269400.0 | 0.007954 | 0.017883 |   9.164944 |     10 | 0.924626 | 1.000000 | 1.106667 | 1.116667 | 1.093333 |   0.652376 |      396 |      332 |       64 |   9.164095 |     10 | 0.929815 | 1.777207
 899 | 269400.0 | 269700.0 | 0.007949 | 0.017881 |   9.164095 |     10 | 0.929815 | 1.000000 | 1.176667 | 1.083333 | 1.126667 |  -1.211747 |      398 |      353 |       47 |   9.162691 |     10 | 0.920183 | 2.021106
 900 | 269700.0 | 270000.0 | 0.007943 | 0.017878 |   9.162691 |     10 | 0.920183 | 1.000000 | 1.120000 | 1.100000 | 1.120000 |  -0.559356 |      398 |      336 |       60 |   9.161738 |     10 | 0.915740 | 2.133614
 901 | 270000.0 | 270300.0 | 0.007938 | 0.017875 |   9.161738 |     10 | 0.915740 | 1.000000 | 1.090000 | 1.093333 | 1.090000 |   0.093241 |      395 |      327 |       68 |   9.161023 |     10 | 0.916480 | 2.114873
 902 | 270300.0 | 270600.0 | 0.007932 | 0.017872 |   9.161023 |     10 | 0.916480 | 1.000000 | 1.150000 | 1.096667 | 1.096667 |   0.000000 |      401 |      345 |       56 |   9.159834 |     10 | 0.916480 | 2.114873
 903 | 270600.0 | 270900.0 | 0.007927 | 0.017869 |   9.159834 |     10 | 0.916480 | 1.000000 | 1.073333 | 1.110000 | 1.133333 |  -0.652891 |      394 |      322 |       72 |   9.159252 |     10 | 0.911305 | 2.245918
 904 | 270900.0 | 271200.0 | 0.007921 | 0.017866 |   9.159252 |     10 | 0.911305 | 1.000000 | 1.156667 | 1.060000 | 1.113333 |  -1.492557 |      403 |      347 |       56 |   9.158011 |     10 | 0.899482 | 2.545290
 905 | 271200.0 | 271500.0 | 0.007916 | 0.017864 |   9.158011 |     10 | 0.899482 | 1.000000 | 1.060000 | 1.103333 | 1.103333 |   0.000000 |      393 |      318 |       76 |   9.157536 |     10 | 0.899482 | 2.545290
 906 | 271500.0 | 271800.0 | 0.007910 | 0.017861 |   9.157536 |     10 | 0.899482 | 1.000000 | 1.103333 | 1.063333 | 1.070000 |  -0.186628 |      397 |      331 |       65 |   9.156719 |     10 | 0.898006 | 2.582671
 907 | 271800.0 | 272100.0 | 0.007905 | 0.017858 |   9.156719 |     10 | 0.898006 | 1.000000 | 1.110000 | 1.040000 | 1.053333 |  -0.373315 |      399 |      333 |       66 |   9.155849 |     10 | 0.895055 | 2.657393
 908 | 272100.0 | 272400.0 | 0.007899 | 0.017855 |   9.155849 |     10 | 0.895055 | 1.000000 | 1.120000 | 1.070000 | 1.020000 |   1.400151 |      400 |      336 |       64 |   9.154902 |     10 | 0.906115 | 2.377336
 909 | 272400.0 | 272700.0 | 0.007894 | 0.017852 |   9.154902 |     10 | 0.906115 | 1.000000 | 1.086667 | 1.126667 | 1.080000 |   1.307012 |      396 |      326 |       70 |   9.154217 |     10 | 0.916432 | 2.116091
 910 | 272700.0 | 273000.0 | 0.007888 | 0.017850 |   9.154217 |     10 | 0.916432 | 1.000000 | 1.120000 | 1.133333 | 1.106667 |   0.746981 |      398 |      336 |       62 |   9.153271 |     10 | 0.922324 | 1.966888
 911 | 273000.0 | 273300.0 | 0.007883 | 0.017847 |   9.153271 |     10 | 0.922324 | 1.000000 | 1.170000 | 1.040000 | 1.103333 |  -1.774356 |      402 |      351 |       51 |   9.151931 |     10 | 0.908337 | 2.321055
 912 | 273300.0 | 273600.0 | 0.007877 | 0.017844 |   9.151931 |     10 | 0.908337 | 1.000000 | 1.126667 | 1.163333 | 1.010000 |   4.296480 |      400 |      338 |       62 |   9.150933 |     10 | 0.942182 | 1.464057
 913 | 273600.0 | 273900.0 | 0.007872 | 0.017841 |   9.150933 |     10 | 0.942182 | 1.000000 | 1.186667 | 0.856667 | 1.093333 |  -6.632558 |      399 |      356 |       43 |   9.149464 |     10 | 0.889972 | 2.786106
 914 | 273900.0 | 274200.0 | 0.007866 | 0.017839 |   9.149464 |     10 | 0.889972 | 1.000000 | 1.066667 | 1.070000 | 1.043333 |   0.747447 |      394 |      320 |       75 |   9.148939 |     10 | 0.895851 | 2.637223
 915 | 274200.0 | 274500.0 | 0.007861 | 0.017836 |   9.148939 |     10 | 0.895851 | 1.000000 | 1.096667 | 1.103333 | 1.030000 |   2.055798 |      397 |      329 |       67 |   9.148179 |     10 | 0.912012 | 2.228012
 916 | 274500.0 | 274800.0 | 0.007856 | 0.017833 |   9.148179 |     10 | 0.912012 | 1.000000 | 1.120000 | 1.160000 | 1.076667 |   2.336498 |      399 |      336 |       63 |   9.147237 |     10 | 0.930366 | 1.763247
 917 | 274800.0 | 275100.0 | 0.007850 | 0.017830 |   9.147237 |     10 | 0.930366 | 1.000000 | 1.126667 | 1.113333 | 1.160000 |  -1.308642 |      395 |      338 |       57 |   9.146242 |     10 | 0.920093 | 2.023377
 918 | 275100.0 | 275400.0 | 0.007845 | 0.017827 |   9.146242 |     10 | 0.920093 | 1.000000 | 1.136667 | 1.123333 | 1.096667 |   0.747911 |      399 |      341 |       58 |   9.145170 |     10 | 0.925960 | 1.874810
 919 | 275400.0 | 275700.0 | 0.007839 | 0.017825 |   9.145170 |     10 | 0.925960 | 1.000000 | 1.153333 | 1.103333 | 1.086667 |   0.467517 |      400 |      346 |       54 |   9.143968 |     10 | 0.929625 | 1.782006
 920 | 275700.0 | 276000.0 | 0.007834 | 0.017822 |   9.143968 |     10 | 0.929625 | 1.000000 | 1.123333 | 1.033333 | 1.050000 |  -0.467589 |      394 |      337 |       57 |   9.143002 |     10 | 0.925962 | 1.874761
 921 | 276000.0 | 276300.0 | 0.007829 | 0.017819 |   9.143002 |     10 | 0.925962 | 1.000000 | 1.120000 | 1.073333 | 1.073333 |   0.000000 |      398 |      336 |       62 |   9.142063 |     10 | 0.925962 | 1.874761
 922 | 276300.0 | 276600.0 | 0.007823 | 0.017816 |   9.142063 |     10 | 0.925962 | 1.000000 | 1.100000 | 1.100000 | 1.133333 |  -0.935467 |      393 |      330 |       64 |   9.141280 |     10 | 0.918644 | 2.060074
 923 | 276600.0 | 276900.0 | 0.007818 | 0.017814 |   9.141280 |     10 | 0.918644 | 1.000000 | 1.070000 | 1.096667 | 1.083333 |   0.374245 |      395 |      321 |       73 |   9.140733 |     10 | 0.921570 | 1.985988
 924 | 276900.0 | 277200.0 | 0.007813 | 0.017811 |   9.140733 |     10 | 0.921570 | 1.000000 | 1.103333 | 1.120000 | 1.073333 |   1.310058 |      394 |      331 |       63 |   9.139926 |     10 | 0.931805 | 1.726825
 925 | 277200.0 | 277500.0 | 0.007807 | 0.017808 |   9.139926 |     10 | 0.931805 | 1.000000 | 1.113333 | 1.013333 | 1.060000 |  -1.310260 |      394 |      334 |       60 |   9.139041 |     10 | 0.921575 | 1.985851
 926 | 277500.0 | 277800.0 | 0.007802 | 0.017805 |   9.139041 |     10 | 0.921575 | 1.000000 | 1.093333 | 1.153333 | 1.070000 |   2.340110 |      395 |      328 |       67 |   9.138313 |     10 | 0.939832 | 1.523549
 927 | 277800.0 | 278100.0 | 0.007797 | 0.017803 |   9.138313 |     10 | 0.939832 | 1.000000 | 1.143333 | 0.913333 | 1.103333 |  -5.336270 |      393 |      343 |       51 |   9.137195 |     10 | 0.898228 | 2.577042
 928 | 278100.0 | 278400.0 | 0.007791 | 0.017800 |   9.137195 |     10 | 0.898228 | 1.000000 | 1.086667 | 1.113333 | 1.070000 |   1.217231 |      397 |      326 |       70 |   9.136520 |     10 | 0.907712 | 2.336898
 929 | 278400.0 | 278700.0 | 0.007786 | 0.017797 |   9.136520 |     10 | 0.907712 | 1.000000 | 1.126667 | 1.096667 | 1.076667 |   0.561885 |      398 |      338 |       60 |   9.135534 |     10 | 0.912086 | 2.226121
 930 | 278700.0 | 279000.0 | 0.007781 | 0.017795 |   9.135534 |     10 | 0.912086 | 1.000000 | 1.080000 | 1.066667 | 1.066667 |   0.000000 |      395 |      324 |       71 |   9.134911 |     10 | 0.912086 | 2.226121
 931 | 279000.0 | 279300.0 | 0.007775 | 0.017792 |   9.134911 |     10 | 0.912086 | 1.000000 | 1.146667 | 1.083333 | 1.096667 |  -0.374705 |      402 |      344 |       58 |   9.133771 |     10 | 0.909173 | 2.299895
 932 | 279300.0 | 279600.0 | 0.007770 | 0.017789 |   9.133771 |     10 | 0.909173 | 1.000000 | 1.096667 | 1.100000 | 1.066667 |   0.936905 |      396 |      329 |       67 |   9.133020 |     10 | 0.916453 | 2.115557
 933 | 279600.0 | 279900.0 | 0.007765 | 0.017786 |   9.133020 |     10 | 0.916453 | 1.000000 | 1.186667 | 1.160000 | 1.083333 |   2.155210 |      403 |      356 |       47 |   9.131570 |     10 | 0.933188 | 1.691805
 934 | 279900.0 | 280200.0 | 0.007760 | 0.017784 |   9.131570 |     10 | 0.933188 | 1.000000 | 1.090000 | 1.026667 | 1.063333 |  -1.030910 |      391 |      327 |       64 |   9.130872 |     10 | 0.925188 | 1.894363
 935 | 280200.0 | 280500.0 | 0.007754 | 0.017781 |   9.130872 |     10 | 0.925188 | 1.000000 | 1.120000 | 1.116667 | 1.110000 |   0.187467 |      396 |      336 |       61 |   9.129942 |     10 | 0.926642 | 1.857553
 936 | 280500.0 | 280800.0 | 0.007749 | 0.017778 |   9.129942 |     10 | 0.926642 | 1.000000 | 1.090000 | 1.116667 | 1.036667 |   2.249943 |      392 |      327 |       64 |   9.129244 |     10 | 0.944077 | 1.416071
 937 | 280800.0 | 281100.0 | 0.007744 | 0.017776 |   9.129244 |     10 | 0.944077 | 1.000000 | 1.116667 | 0.823333 | 1.126667 |  -8.532331 |      388 |      335 |       54 |   9.128341 |     10 | 0.878004 | 3.089148
 938 | 281100.0 | 281400.0 | 0.007739 | 0.017773 |   9.128341 |     10 | 0.878004 | 1.000000 | 1.053333 | 1.106667 | 0.993333 |   3.188388 |      394 |      316 |       77 |   9.127928 |     10 | 0.902678 | 2.464369
 939 | 281400.0 | 281700.0 | 0.007733 | 0.017770 |   9.127928 |     10 | 0.902678 | 1.000000 | 1.093333 | 1.050000 | 1.043333 |   0.187581 |      396 |      328 |       68 |   9.127206 |     10 | 0.904128 | 2.427637
 940 | 281700.0 | 282000.0 | 0.007728 | 0.017767 |   9.127206 |     10 | 0.904128 | 1.000000 | 1.100000 | 1.120000 | 1.036667 |   2.345114 |      397 |      330 |       68 |   9.126433 |     10 | 0.922252 | 1.968720
 941 | 282000.0 | 282300.0 | 0.007723 | 0.017765 |   9.126433 |     10 | 0.922252 | 1.000000 | 1.066667 | 1.133333 | 1.093333 |   1.125825 |      391 |      320 |       70 |   9.125918 |     10 | 0.930946 | 1.748555
 942 | 282300.0 | 282600.0 | 0.007718 | 0.017762 |   9.125918 |     10 | 0.930946 | 1.000000 | 1.090000 | 1.063333 | 1.110000 |  -1.313662 |      392 |      327 |       65 |   9.125224 |     10 | 0.920808 | 2.005280
 943 | 282600.0 | 282900.0 | 0.007713 | 0.017759 |   9.125224 |     10 | 0.920808 | 1.000000 | 1.133333 | 1.110000 | 1.056667 |   1.501555 |      399 |      340 |       59 |   9.124196 |     10 | 0.932389 | 1.712032
 944 | 282900.0 | 283200.0 | 0.007707 | 0.017757 |   9.124196 |     10 | 0.932389 | 1.000000 | 1.120000 | 0.980000 | 1.120000 |  -3.942176 |      392 |      336 |       56 |   9.123271 |     10 | 0.902005 | 2.481408
 945 | 283200.0 | 283500.0 | 0.007702 | 0.017754 |   9.123271 |     10 | 0.902005 | 1.000000 | 1.146667 | 1.110000 | 1.013333 |   2.722389 |      401 |      344 |       57 |   9.122141 |     10 | 0.922973 | 1.950448
 946 | 283500.0 | 283800.0 | 0.007697 | 0.017751 |   9.122141 |     10 | 0.922973 | 1.000000 | 1.146667 | 1.106667 | 0.996667 |   3.098358 |      400 |      344 |       56 |   9.121012 |     10 | 0.946822 | 1.346566
 947 | 283800.0 | 284100.0 | 0.007692 | 0.017749 |   9.121012 |     10 | 0.946822 | 1.000000 | 1.070000 | 0.763333 | 1.070000 |  -8.639147 |      378 |      321 |       57 |   9.120474 |     10 | 0.880370 | 3.029245
 948 | 284100.0 | 284400.0 | 0.007687 | 0.017746 |   9.120474 |     10 | 0.880370 | 1.000000 | 1.110000 | 1.100000 | 1.083333 |   0.469589 |      398 |      333 |       65 |   9.119628 |     10 | 0.883979 | 2.937842
 949 | 284400.0 | 284700.0 | 0.007682 | 0.017743 |   9.119628 |     10 | 0.883979 | 1.000000 | 1.113333 | 1.086667 | 1.113333 |  -0.751456 |      401 |      334 |       67 |   9.118757 |     10 | 0.878207 | 3.084011
 950 | 284700.0 | 285000.0 | 0.007677 | 0.017741 |   9.118757 |     10 | 0.878207 | 1.000000 | 1.040000 | 1.060000 | 1.086667 |  -0.751569 |      392 |      312 |       80 |   9.118450 |     10 | 0.872437 | 3.230104
 951 | 285000.0 | 285300.0 | 0.007671 | 0.017738 |   9.118450 |     10 | 0.872437 | 1.000000 | 1.076667 | 1.036667 | 0.993333 |   1.221482 |      396 |      323 |       73 |   9.117862 |     10 | 0.881808 | 2.992825
 952 | 285300.0 | 285600.0 | 0.007666 | 0.017735 |   9.117862 |     10 | 0.881808 | 1.000000 | 1.060000 | 1.090000 | 1.040000 |   1.409614 |      394 |      318 |       76 |   9.117402 |     10 | 0.892615 | 2.719183
 953 | 285600.0 | 285900.0 | 0.007661 | 0.017733 |   9.117402 |     10 | 0.892615 | 1.000000 | 1.036667 | 1.063333 | 1.066667 |  -0.093988 |      393 |      311 |       82 |   9.117121 |     10 | 0.891895 | 2.737417
 954 | 285900.0 | 286200.0 | 0.007656 | 0.017730 |   9.117121 |     10 | 0.891895 | 1.000000 | 1.150000 | 1.133333 | 1.063333 |   1.974050 |      402 |      345 |       57 |   9.115973 |     10 | 0.907008 | 2.354713
 955 | 286200.0 | 286500.0 | 0.007651 | 0.017727 |   9.115973 |     10 | 0.907008 | 1.000000 | 1.076667 | 1.090000 | 1.050000 |   1.128197 |      394 |      323 |       71 |   9.115386 |     10 | 0.915640 | 2.136138
 956 | 286500.0 | 286800.0 | 0.007646 | 0.017725 |   9.115386 |     10 | 0.915640 | 1.000000 | 1.116667 | 1.060000 | 1.030000 |   0.846274 |      397 |      335 |       62 |   9.114494 |     10 | 0.922111 | 1.972290
 957 | 286800.0 | 287100.0 | 0.007641 | 0.017722 |   9.114494 |     10 | 0.922111 | 1.000000 | 1.123333 | 1.113333 | 1.116667 |  -0.094044 |      399 |      337 |       62 |   9.113552 |     10 | 0.921392 | 1.990486
 958 | 287100.0 | 287400.0 | 0.007636 | 0.017719 |   9.113552 |     10 | 0.921392 | 1.000000 | 1.133333 | 1.100000 | 1.140000 |  -1.128701 |      398 |      340 |       58 |   9.112534 |     10 | 0.912773 | 2.208725
 959 | 287400.0 | 287700.0 | 0.007631 | 0.017717 |   9.112534 |     10 | 0.912773 | 1.000000 | 1.130000 | 1.106667 | 1.083333 |   0.658507 |      400 |      339 |       61 |   9.111542 |     10 | 0.917798 | 2.081484
 960 | 287700.0 | 288000.0 | 0.007626 | 0.017714 |   9.111542 |     10 | 0.917798 | 1.000000 | 1.100000 | 1.160000 | 1.120000 |   1.129037 |      395 |      330 |       65 |   9.110779 |     10 | 0.926408 | 1.863469
 961 | 288000.0 | 288300.0 | 0.007621 | 0.017712 |   9.110779 |     10 | 0.926408 | 1.000000 | 1.200000 | 1.106667 | 1.046667 |   1.693807 |      405 |      360 |       45 |   9.109255 |     10 | 0.939316 | 1.536613
 962 | 288300.0 | 288600.0 | 0.007616 | 0.017709 |   9.109255 |     10 | 0.939316 | 1.000000 | 1.083333 | 0.940000 | 1.133333 |  -5.458632 |      388 |      325 |       64 |   9.108620 |     10 | 0.897745 | 2.589277
 963 | 288600.0 | 288900.0 | 0.007611 | 0.017706 |   9.108620 |     10 | 0.897745 | 1.000000 | 1.163333 | 1.113333 | 1.070000 |   1.223668 |      404 |      349 |       54 |   9.107377 |     10 | 0.907058 | 2.353456
 964 | 288900.0 | 289200.0 | 0.007606 | 0.017704 |   9.107377 |     10 | 0.907058 | 1.000000 | 1.150000 | 1.100000 | 1.043333 |   1.600418 |      401 |      345 |       56 |   9.106237 |     10 | 0.919230 | 2.045231
 965 | 289200.0 | 289500.0 | 0.007601 | 0.017701 |   9.106237 |     10 | 0.919230 | 1.000000 | 1.056667 | 1.166667 | 1.116667 |   1.412342 |      390 |      317 |       73 |   9.105806 |     10 | 0.929965 | 1.773407
 966 | 289500.0 | 289800.0 | 0.007596 | 0.017698 |   9.105806 |     10 | 0.929965 | 1.000000 | 1.123333 | 1.110000 | 1.116667 |  -0.188340 |      397 |      337 |       60 |   9.104869 |     10 | 0.928534 | 1.809631
 967 | 289800.0 | 290100.0 | 0.007591 | 0.017696 |   9.104869 |     10 | 0.928534 | 1.000000 | 1.146667 | 1.056667 | 1.080000 |  -0.659288 |      400 |      344 |       56 |   9.103756 |     10 | 0.923530 | 1.936354
 968 | 290100.0 | 290400.0 | 0.007586 | 0.017693 |   9.103756 |     10 | 0.923530 | 1.000000 | 1.110000 | 1.066667 | 1.076667 |  -0.282593 |      395 |      333 |       62 |   9.102921 |     10 | 0.921386 | 1.990636
 969 | 290400.0 | 290700.0 | 0.007581 | 0.017691 |   9.102921 |     10 | 0.921386 | 1.000000 | 1.073333 | 1.110000 | 1.100000 |   0.282635 |      393 |      322 |       71 |   9.102365 |     10 | 0.923529 | 1.936381
 970 | 290700.0 | 291000.0 | 0.007576 | 0.017688 |   9.102365 |     10 | 0.923529 | 1.000000 | 1.106667 | 1.143333 | 1.113333 |   0.848030 |      396 |      332 |       64 |   9.101557 |     10 | 0.929953 | 1.773701
 971 | 291000.0 | 291300.0 | 0.007571 | 0.017685 |   9.101557 |     10 | 0.929953 | 1.000000 | 1.146667 | 1.123333 | 1.083333 |   1.130873 |      397 |      344 |       53 |   9.100447 |     10 | 0.938515 | 1.556903
 972 | 291300.0 | 291600.0 | 0.007566 | 0.017683 |   9.100447 |     10 | 0.938515 | 1.000000 | 1.140000 | 0.960000 | 1.106667 |  -4.147143 |      394 |      342 |       52 |   9.099388 |     10 | 0.907138 | 2.351425
 973 | 291600.0 | 291900.0 | 0.007561 | 0.017680 |   9.099388 |     10 | 0.907138 | 1.000000 | 1.173333 | 1.153333 | 1.046667 |   3.016547 |      405 |      352 |       53 |   9.098077 |     10 | 0.929946 | 1.773883
 974 | 291900.0 | 292200.0 | 0.007556 | 0.017678 |   9.098077 |     10 | 0.929946 | 1.000000 | 1.083333 | 0.970000 | 1.086667 |  -3.299832 |      391 |      325 |       66 |   9.097447 |     10 | 0.905012 | 2.405250
 975 | 292200.0 | 292500.0 | 0.007551 | 0.017675 |   9.097447 |     10 | 0.905012 | 1.000000 | 1.113333 | 1.123333 | 1.070000 |   1.508715 |      398 |      334 |       64 |   9.096592 |     10 | 0.916405 | 2.116771
 976 | 292500.0 | 292800.0 | 0.007546 | 0.017672 |   9.096592 |     10 | 0.916405 | 1.000000 | 1.090000 | 1.160000 | 1.140000 |   0.565851 |      395 |      327 |       68 |   9.095912 |     10 | 0.920675 | 2.008646
 977 | 292800.0 | 293100.0 | 0.007541 | 0.017670 |   9.095912 |     10 | 0.920675 | 1.000000 | 1.143333 | 1.093333 | 1.016667 |   2.169413 |      398 |      343 |       55 |   9.094831 |     10 | 0.937035 | 1.594375
 978 | 293100.0 | 293400.0 | 0.007536 | 0.017667 |   9.094831 |     10 | 0.937035 | 1.000000 | 1.053333 | 1.000000 | 1.153333 |  -4.339459 |      387 |      316 |       71 |   9.094430 |     10 | 0.904331 | 2.422499
 979 | 293400.0 | 293700.0 | 0.007532 | 0.017665 |   9.094430 |     10 | 0.904331 | 1.000000 | 1.126667 | 1.090000 | 1.103333 |  -0.377399 |      401 |      338 |       63 |   9.093476 |     10 | 0.901489 | 2.494474
 980 | 293700.0 | 294000.0 | 0.007527 | 0.017662 |   9.093476 |     10 | 0.901489 | 1.000000 | 1.063333 | 1.076667 | 1.146667 |  -1.981635 |      392 |      319 |       73 |   9.092999 |     10 | 0.886574 | 2.872151
 981 | 294000.0 | 294300.0 | 0.007522 | 0.017660 |   9.092999 |     10 | 0.886574 | 1.000000 | 1.130000 | 1.080000 | 1.006667 |   2.076301 |      402 |      339 |       63 |   9.092021 |     10 | 0.902191 | 2.476688
 982 | 294300.0 | 294600.0 | 0.007517 | 0.017657 |   9.092021 |     10 | 0.902191 | 1.000000 | 1.046667 | 1.150000 | 1.100000 |   1.415865 |      390 |      314 |       76 |   9.091670 |     10 | 0.912834 | 2.207190
 983 | 294600.0 | 294900.0 | 0.007512 | 0.017654 |   9.091670 |     10 | 0.912834 | 1.000000 | 1.113333 | 1.143333 | 1.120000 |   0.660833 |      399 |      334 |       65 |   9.090819 |     10 | 0.917798 | 2.081487
 984 | 294900.0 | 295200.0 | 0.007507 | 0.017652 |   9.090819 |     10 | 0.917798 | 1.000000 | 1.090000 | 1.143333 | 1.166667 |  -0.660929 |      395 |      327 |       68 |   9.090143 |     10 | 0.912837 | 2.207127
 985 | 295200.0 | 295500.0 | 0.007502 | 0.017649 |   9.090143 |     10 | 0.912837 | 1.000000 | 1.096667 | 1.093333 | 1.036667 |   1.605346 |      397 |      329 |       68 |   9.089418 |     10 | 0.924881 | 1.902154
 986 | 295500.0 | 295800.0 | 0.007498 | 0.017647 |   9.089418 |     10 | 0.924881 | 1.000000 | 1.150000 | 1.143333 | 1.093333 |   1.416687 |      399 |      345 |       54 |   9.088293 |     10 | 0.935502 | 1.633195
 987 | 295800.0 | 296100.0 | 0.007493 | 0.017644 |   9.088293 |     10 | 0.935502 | 1.000000 | 1.173333 | 0.986667 | 1.156667 |  -4.817434 |      400 |      352 |       48 |   9.086995 |     10 | 0.899407 | 2.547199
 988 | 296100.0 | 296400.0 | 0.007488 | 0.017642 |   9.086995 |     10 | 0.899407 | 1.000000 | 1.123333 | 1.053333 | 1.090000 |  -1.039205 |      399 |      337 |       63 |   9.086071 |     10 | 0.891625 | 2.744239
 989 | 296400.0 | 296700.0 | 0.007483 | 0.017639 |   9.086071 |     10 | 0.891625 | 1.000000 | 1.106667 | 1.103333 | 1.103333 |   0.000000 |      399 |      332 |       66 |   9.085273 |     10 | 0.891625 | 2.744239
 990 | 296700.0 | 297000.0 | 0.007478 | 0.017637 |   9.085273 |     10 | 0.891625 | 1.000000 | 1.093333 | 1.056667 | 1.053333 |   0.094500 |      396 |      328 |       68 |   9.084575 |     10 | 0.892332 | 2.726344
 991 | 297000.0 | 297300.0 | 0.007473 | 0.017634 |   9.084575 |     10 | 0.892332 | 1.000000 | 1.090000 | 1.086667 | 1.026667 |   1.701253 |      398 |      327 |       71 |   9.083902 |     10 | 0.905046 | 2.404397
 992 | 297300.0 | 297600.0 | 0.007469 | 0.017632 |   9.083902 |     10 | 0.905046 | 1.000000 | 1.080000 | 1.083333 | 1.096667 |  -0.378111 |      395 |      324 |       71 |   9.083305 |     10 | 0.902222 | 2.475905
 993 | 297600.0 | 297900.0 | 0.007464 | 0.017629 |   9.083305 |     10 | 0.902222 | 1.000000 | 1.013333 | 1.113333 | 1.086667 |   0.756330 |      390 |      304 |       86 |   9.083205 |     10 | 0.907867 | 2.332960
 994 | 297900.0 | 298200.0 | 0.007459 | 0.017626 |   9.083205 |     10 | 0.907867 | 1.000000 | 1.096667 | 1.113333 | 1.150000 |  -1.040103 |      395 |      329 |       67 |   9.082484 |     10 | 0.900109 | 2.529412
 995 | 298200.0 | 298500.0 | 0.007454 | 0.017624 |   9.082484 |     10 | 0.900109 | 1.000000 | 1.090000 | 1.116667 | 1.010000 |   3.026190 |      397 |      327 |       69 |   9.081813 |     10 | 0.922667 | 1.958197
 996 | 298500.0 | 298800.0 | 0.007450 | 0.017621 |   9.081813 |     10 | 0.922667 | 1.000000 | 1.170000 | 1.146667 | 1.136667 |   0.283746 |      401 |      351 |       50 |   9.080547 |     10 | 0.924781 | 1.904673
 997 | 298800.0 | 299100.0 | 0.007445 | 0.017619 |   9.080547 |     10 | 0.924781 | 1.000000 | 1.183333 | 1.053333 | 1.033333 |   0.567573 |      403 |      355 |       48 |   9.079182 |     10 | 0.929007 | 1.797676
 998 | 299100.0 | 299400.0 | 0.007440 | 0.017616 |   9.079182 |     10 | 0.929007 | 1.000000 | 1.153333 | 1.010000 | 1.096667 |  -2.459837 |      398 |      346 |       52 |   9.078041 |     10 | 0.910705 | 2.261099
 999 | 299400.0 | 299700.0 | 0.007435 | 0.017614 |   9.078041 |     10 | 0.910705 | 1.000000 | 1.123333 | 1.066667 | 1.010000 |   1.608585 |      400 |      337 |       63 |   9.077124 |     10 | 0.922666 | 1.958241
1000 | 299700.0 | 300000.0 | 0.007431 | 0.017611 |   9.077124 |     10 | 0.922666 | 1.000000 | 1.083333 | 1.043333 | 1.110000 |  -1.892723 |      393 |      325 |       70 |   9.076505 |     10 | 0.908601 | 2.314369
1001 | 300000.0 | 300300.0 | 0.007426 | 0.017609 |   9.076505 |     10 | 0.908601 | 1.000000 | 1.133333 | 1.046667 | 1.073333 |  -0.757197 |      401 |      340 |       59 |   9.075515 |     10 | 0.902979 | 2.456749
1002 | 300300.0 | 300600.0 | 0.007421 | 0.017606 |   9.075515 |     10 | 0.902979 | 1.000000 | 1.090000 | 1.063333 | 1.033333 |   0.851969 |      397 |      327 |       70 |   9.074847 |     10 | 0.909301 | 2.296650
1003 | 300600.0 | 300900.0 | 0.007416 | 0.017604 |   9.074847 |     10 | 0.909301 | 1.000000 | 1.123333 | 1.056667 | 1.030000 |   0.757413 |      398 |      337 |       61 |   9.073932 |     10 | 0.914919 | 2.154410
1004 | 300900.0 | 301200.0 | 0.007412 | 0.017601 |   9.073932 |     10 | 0.914919 | 1.000000 | 1.160000 | 1.096667 | 1.046667 |   1.420352 |      402 |      348 |       54 |   9.072746 |     10 | 0.925446 | 1.887840
1005 | 301200.0 | 301500.0 | 0.007407 | 0.017599 |   9.072746 |     10 | 0.925446 | 1.000000 | 1.113333 | 1.136667 | 1.120000 |   0.473518 |      395 |      334 |       61 |   9.071907 |     10 | 0.928953 | 1.799027
1006 | 301500.0 | 301800.0 | 0.007402 | 0.017596 |   9.071907 |     10 | 0.928953 | 1.000000 | 1.156667 | 1.030000 | 1.110000 |  -2.273210 |      399 |      347 |       52 |   9.070747 |     10 | 0.912126 | 2.225120
1007 | 301800.0 | 302100.0 | 0.007398 | 0.017594 |   9.070747 |     10 | 0.912126 | 1.000000 | 1.083333 | 1.070000 | 0.996667 |   2.084072 |      394 |      325 |       69 |   9.070131 |     10 | 0.927543 | 1.834726
1008 | 302100.0 | 302400.0 | 0.007393 | 0.017591 |   9.070131 |     10 | 0.927543 | 1.000000 | 1.113333 | 1.076667 | 1.090000 |  -0.378976 |      394 |      334 |       60 |   9.069293 |     10 | 0.924742 | 1.905672
1009 | 302400.0 | 302700.0 | 0.007388 | 0.017589 |   9.069293 |     10 | 0.924742 | 1.000000 | 1.130000 | 1.033333 | 1.120000 |  -2.463692 |      399 |      339 |       60 |   9.068332 |     10 | 0.906539 | 2.366594
1010 | 302700.0 | 303000.0 | 0.007384 | 0.017586 |   9.068332 |     10 | 0.906539 | 1.000000 | 1.106667 | 1.076667 | 1.096667 |  -0.568625 |      397 |      332 |       65 |   9.067545 |     10 | 0.902340 | 2.472909
1011 | 303000.0 | 303300.0 | 0.007379 | 0.017584 |   9.067545 |     10 | 0.902340 | 1.000000 | 1.150000 | 1.076667 | 1.026667 |   1.421763 |      403 |      345 |       58 |   9.066438 |     10 | 0.912832 | 2.207252
1012 | 303300.0 | 303600.0 | 0.007374 | 0.017581 |   9.066438 |     10 | 0.912832 | 1.000000 | 1.160000 | 1.100000 | 1.130000 |  -0.853179 |      402 |      348 |       54 |   9.065258 |     10 | 0.906540 | 2.366568
1013 | 303600.0 | 303900.0 | 0.007370 | 0.017579 |   9.065258 |     10 | 0.906540 | 1.000000 | 1.146667 | 1.060000 | 1.013333 |   1.327354 |      401 |      344 |       57 |   9.064177 |     10 | 0.916322 | 2.118864
1014 | 303900.0 | 304200.0 | 0.007365 | 0.017576 |   9.064177 |     10 | 0.916322 | 1.000000 | 1.070000 | 1.123333 | 1.096667 |   0.758595 |      392 |      321 |       71 |   9.063662 |     10 | 0.921909 | 1.977388
1015 | 304200.0 | 304500.0 | 0.007361 | 0.017574 |   9.063662 |     10 | 0.921909 | 1.000000 | 1.103333 | 1.113333 | 1.110000 |   0.094838 |      395 |      331 |       64 |   9.062901 |     10 | 0.922607 | 1.959712
1016 | 304500.0 | 304800.0 | 0.007356 | 0.017571 |   9.062901 |     10 | 0.922607 | 1.000000 | 1.150000 | 1.053333 | 1.096667 |  -1.233064 |      401 |      345 |       56 |   9.061798 |     10 | 0.913537 | 2.189387
1017 | 304800.0 | 305100.0 | 0.007351 | 0.017569 |   9.061798 |     10 | 0.913537 | 1.000000 | 1.143333 | 1.116667 | 1.106667 |   0.284593 |      401 |      343 |       58 |   9.060744 |     10 | 0.915629 | 2.136411
1018 | 305100.0 | 305400.0 | 0.007347 | 0.017566 |   9.060744 |     10 | 0.915629 | 1.000000 | 1.110000 | 1.090000 | 1.136667 |  -1.328289 |      397 |      333 |       65 |   9.059936 |     10 | 0.905871 | 2.383513
1019 | 305400.0 | 305700.0 | 0.007342 | 0.017564 |   9.059936 |     10 | 0.905871 | 1.000000 | 1.140000 | 1.046667 | 1.130000 |  -2.372277 |      400 |      342 |       57 |   9.058908 |     10 | 0.888453 | 2.824552
1020 | 305700.0 | 306000.0 | 0.007337 | 0.017562 |   9.058908 |     10 | 0.888453 | 1.000000 | 1.090000 | 1.093333 | 1.076667 |   0.474522 |      397 |      327 |       70 |   9.058247 |     10 | 0.891935 | 2.736387
1021 | 306000.0 | 306300.0 | 0.007333 | 0.017559 |   9.058247 |     10 | 0.891935 | 1.000000 | 1.113333 | 1.166667 | 1.080000 |   2.467860 |      399 |      334 |       66 |   9.057416 |     10 | 0.910032 | 2.278151
1022 | 306300.0 | 306600.0 | 0.007328 | 0.017557 |   9.057416 |     10 | 0.910032 | 1.000000 | 1.103333 | 1.020000 | 1.066667 |  -1.329034 |      397 |      331 |       65 |   9.056659 |     10 | 0.900292 | 2.524774
1023 | 306600.0 | 306900.0 | 0.007324 | 0.017554 |   9.056659 |     10 | 0.900292 | 1.000000 | 1.093333 | 1.080000 | 1.060000 |   0.569666 |      397 |      328 |       69 |   9.055976 |     10 | 0.904464 | 2.419129
1024 | 306900.0 | 307200.0 | 0.007319 | 0.017552 |   9.055976 |     10 | 0.904464 | 1.000000 | 1.063333 | 1.100000 | 1.066667 |   0.949575 |      394 |      319 |       76 |   9.055512 |     10 | 0.911414 | 2.243140
1025 | 307200.0 | 307500.0 | 0.007315 | 0.017549 |   9.055512 |     10 | 0.911414 | 1.000000 | 1.130000 | 1.130000 | 1.150000 |  -0.569825 |      400 |      339 |       60 |   9.054561 |     10 | 0.907246 | 2.348683
1026 | 307500.0 | 307800.0 | 0.007310 | 0.017547 |   9.054561 |     10 | 0.907246 | 1.000000 | 1.110000 | 1.143333 | 1.060000 |   2.374601 |      398 |      333 |       65 |   9.053757 |     10 | 0.924605 | 1.909134
1027 | 307800.0 | 308100.0 | 0.007306 | 0.017544 |   9.053757 |     10 | 0.924605 | 1.000000 | 1.120000 | 1.060000 | 1.103333 |  -1.234964 |      395 |      336 |       59 |   9.052880 |     10 | 0.915583 | 2.137589
1028 | 308100.0 | 308400.0 | 0.007301 | 0.017542 |   9.052880 |     10 | 0.915583 | 1.000000 | 1.176667 | 1.136667 | 1.080000 |   1.615178 |      404 |      353 |       51 |   9.051591 |     10 | 0.927375 | 1.838984
1029 | 308400.0 | 308700.0 | 0.007296 | 0.017539 |   9.051591 |     10 | 0.927375 | 1.000000 | 1.146667 | 1.146667 | 1.160000 |  -0.380095 |      399 |      344 |       55 |   9.050520 |     10 | 0.924602 | 1.909210
1030 | 308700.0 | 309000.0 | 0.007292 | 0.017537 |   9.050520 |     10 | 0.924602 | 1.000000 | 1.100000 | 1.120000 | 1.106667 |   0.380148 |      394 |      330 |       65 |   9.049791 |     10 | 0.927374 | 1.839018
1031 | 309000.0 | 309300.0 | 0.007287 | 0.017535 |   9.049791 |     10 | 0.927374 | 1.000000 | 1.136667 | 1.160000 | 1.100000 |   1.710902 |      400 |      341 |       58 |   9.048795 |     10 | 0.939842 | 1.523303
1032 | 309300.0 | 309600.0 | 0.007283 | 0.017532 |   9.048795 |     10 | 0.939842 | 1.000000 | 1.143333 | 0.916667 | 1.126667 |  -5.988987 |      393 |      343 |       50 |   9.047751 |     10 | 0.896225 | 2.627774
1033 | 309600.0 | 309900.0 | 0.007278 | 0.017530 |   9.047751 |     10 | 0.896225 | 1.000000 | 1.113333 | 1.083333 | 1.046667 |   1.045841 |      398 |      334 |       64 |   9.046926 |     10 | 0.903837 | 2.435022
1034 | 309900.0 | 310200.0 | 0.007274 | 0.017527 |   9.046926 |     10 | 0.903837 | 1.000000 | 1.133333 | 1.106667 | 1.073333 |   0.950896 |      400 |      340 |       60 |   9.045957 |     10 | 0.910753 | 2.259877
1035 | 310200.0 | 310500.0 | 0.007269 | 0.017525 |   9.045957 |     10 | 0.910753 | 1.000000 | 1.113333 | 1.133333 | 1.073333 |   1.711850 |      397 |      334 |       63 |   9.045133 |     10 | 0.923198 | 1.944768
1036 | 310500.0 | 310800.0 | 0.007265 | 0.017522 |   9.045133 |     10 | 0.923198 | 1.000000 | 1.136667 | 1.176667 | 1.113333 |   1.807203 |      399 |      341 |       58 |   9.044140 |     10 | 0.936327 | 1.612311
1037 | 310800.0 | 311100.0 | 0.007261 | 0.017520 |   9.044140 |     10 | 0.936327 | 1.000000 | 1.180000 | 0.993333 | 1.086667 |  -2.663614 |      398 |      354 |       44 |   9.042833 |     10 | 0.916988 | 2.102013
1038 | 311100.0 | 311400.0 | 0.007256 | 0.017518 |   9.042833 |     10 | 0.916988 | 1.000000 | 1.073333 | 1.136667 | 1.076667 |   1.712559 |      393 |      322 |       71 |   9.042301 |     10 | 0.929414 | 1.787355
1039 | 311400.0 | 311700.0 | 0.007252 | 0.017515 |   9.042301 |     10 | 0.929414 | 1.000000 | 1.106667 | 1.116667 | 1.106667 |   0.285466 |      394 |      332 |       62 |   9.041527 |     10 | 0.931484 | 1.734937
1040 | 311700.0 | 312000.0 | 0.007247 | 0.017513 |   9.041527 |     10 | 0.931484 | 1.000000 | 1.100000 | 1.096667 | 1.056667 |   1.142021 |      392 |      330 |       62 |   9.040803 |     10 | 0.939761 | 1.525365
1041 | 312000.0 | 312300.0 | 0.007243 | 0.017510 |   9.040803 |     10 | 0.939761 | 1.000000 | 1.103333 | 0.883333 | 1.113333 |  -6.567522 |      388 |      331 |       57 |   9.040054 |     10 | 0.892194 | 2.729831
1042 | 312300.0 | 312600.0 | 0.007238 | 0.017508 |   9.040054 |     10 | 0.892194 | 1.000000 | 1.083333 | 1.136667 | 0.986667 |   4.283755 |      397 |      325 |       72 |   9.039451 |     10 | 0.923201 | 1.944683
1043 | 312600.0 | 312900.0 | 0.007234 | 0.017506 |   9.039451 |     10 | 0.923201 | 1.000000 | 1.026667 | 1.130000 | 1.126667 |   0.095208 |      387 |      308 |       79 |   9.039258 |     10 | 0.923890 | 1.927244
1044 | 312900.0 | 313200.0 | 0.007229 | 0.017503 |   9.039258 |     10 | 0.923890 | 1.000000 | 1.186667 | 1.080000 | 1.093333 |  -0.380883 |      404 |      356 |       48 |   9.037909 |     10 | 0.921136 | 1.996968
1045 | 313200.0 | 313500.0 | 0.007225 | 0.017501 |   9.037909 |     10 | 0.921136 | 1.000000 | 1.090000 | 1.146667 | 1.123333 |   0.666636 |      393 |      327 |       66 |   9.037258 |     10 | 0.925953 | 1.875008
1046 | 313500.0 | 313800.0 | 0.007221 | 0.017498 |   9.037258 |     10 | 0.925953 | 1.000000 | 1.153333 | 1.096667 | 1.090000 |   0.190494 |      399 |      346 |       53 |   9.036151 |     10 | 0.927328 | 1.840179
1047 | 313800.0 | 314100.0 | 0.007216 | 0.017496 |   9.036151 |     10 | 0.927328 | 1.000000 | 1.143333 | 1.120000 | 1.046667 |   2.095716 |      399 |      343 |       56 |   9.035117 |     10 | 0.942451 | 1.457238
1048 | 314100.0 | 314400.0 | 0.007212 | 0.017494 |   9.035117 |     10 | 0.942451 | 1.000000 | 1.126667 | 0.856667 | 1.093333 |  -6.764371 |      388 |      338 |       51 |   9.034203 |     10 | 0.893668 | 2.692507
1049 | 314400.0 | 314700.0 | 0.007207 | 0.017491 |   9.034203 |     10 | 0.893668 | 1.000000 | 1.126667 | 1.086667 | 1.083333 |   0.095286 |      401 |      338 |       62 |   9.033290 |     10 | 0.894355 | 2.675117
1050 | 314700.0 | 315000.0 | 0.007203 | 0.017489 |   9.033290 |     10 | 0.894355 | 1.000000 | 1.123333 | 1.093333 | 1.073333 |   0.571793 |      400 |      337 |       63 |   9.032402 |     10 | 0.898473 | 2.570827
1051 | 315000.0 | 315300.0 | 0.007199 | 0.017486 |   9.032402 |     10 | 0.898473 | 1.000000 | 1.106667 | 1.156667 | 1.046667 |   3.145291 |      397 |      332 |       65 |   9.031634 |     10 | 0.921115 | 1.997501
1052 | 315300.0 | 315600.0 | 0.007194 | 0.017484 |   9.031634 |     10 | 0.921115 | 1.000000 | 1.080000 | 1.140000 | 1.096667 |   1.239223 |      391 |      324 |       67 |   9.031059 |     10 | 0.930030 | 1.771752
1053 | 315600.0 | 315900.0 | 0.007190 | 0.017482 |   9.031059 |     10 | 0.930030 | 1.000000 | 1.106667 | 1.043333 | 1.020000 |   0.667365 |      395 |      332 |       63 |   9.030292 |     10 | 0.934829 | 1.650252
1054 | 315900.0 | 316200.0 | 0.007185 | 0.017479 |   9.030292 |     10 | 0.934829 | 1.000000 | 1.150000 | 1.000000 | 1.046667 |  -1.334910 |      397 |      345 |       52 |   9.029214 |     10 | 0.925237 | 1.893138
1055 | 316200.0 | 316500.0 | 0.007181 | 0.017477 |   9.029214 |     10 | 0.925237 | 1.000000 | 1.150000 | 1.136667 | 1.126667 |   0.286091 |      396 |      345 |       51 |   9.028137 |     10 | 0.927291 | 1.841115
1056 | 316500.0 | 316800.0 | 0.007177 | 0.017475 |   9.028137 |     10 | 0.927291 | 1.000000 | 1.183333 | 1.036667 | 1.036667 |   0.000000 |      402 |      355 |       48 |   9.026821 |     10 | 0.927291 | 1.841115
1057 | 316800.0 | 317100.0 | 0.007172 | 0.017472 |   9.026821 |     10 | 0.927291 | 1.000000 | 1.120000 | 1.053333 | 1.053333 |   0.000000 |      396 |      336 |       59 |   9.025960 |     10 | 0.927291 | 1.841115
1058 | 317100.0 | 317400.0 | 0.007168 | 0.017470 |   9.025960 |     10 | 0.927291 | 1.000000 | 1.136667 | 1.093333 | 1.043333 |   1.431037 |      398 |      341 |       57 |   9.024981 |     10 | 0.937549 | 1.581370
1059 | 317400.0 | 317700.0 | 0.007164 | 0.017467 |   9.024981 |     10 | 0.937549 | 1.000000 | 1.073333 | 0.960000 | 1.080000 |  -3.434954 |      389 |      322 |       67 |   9.024455 |     10 | 0.912942 | 2.204467
1060 | 317700.0 | 318000.0 | 0.007159 | 0.017465 |   9.024455 |     10 | 0.912942 | 1.000000 | 1.076667 | 1.146667 | 1.060000 |   2.481136 |      395 |      323 |       72 |   9.023907 |     10 | 0.930705 | 1.754663
1061 | 318000.0 | 318300.0 | 0.007155 | 0.017463 |   9.023907 |     10 | 0.930705 | 1.000000 | 1.153333 | 1.100000 | 1.093333 |   0.190882 |      395 |      346 |       49 |   9.022809 |     10 | 0.932071 | 1.720079
1062 | 318300.0 | 318600.0 | 0.007151 | 0.017460 |   9.022809 |     10 | 0.932071 | 1.000000 | 1.110000 | 1.046667 | 1.106667 |  -1.718173 |      393 |      333 |       60 |   9.022023 |     10 | 0.919785 | 2.031190
1063 | 318600.0 | 318900.0 | 0.007147 | 0.017458 |   9.022023 |     10 | 0.919785 | 1.000000 | 1.106667 | 1.113333 | 1.066667 |   1.336537 |      396 |      332 |       64 |   9.021261 |     10 | 0.929336 | 1.789328
1064 | 318900.0 | 319200.0 | 0.007142 | 0.017456 |   9.021261 |     10 | 0.929336 | 1.000000 | 1.093333 | 1.043333 | 1.090000 |  -1.336717 |      390 |      328 |       62 |   9.020594 |     10 | 0.919789 | 2.031077
1065 | 319200.0 | 319500.0 | 0.007138 | 0.017453 |   9.020594 |     10 | 0.919789 | 1.000000 | 1.156667 | 1.066667 | 1.106667 |  -1.145912 |      402 |      347 |       56 |   9.019476 |     10 | 0.911610 | 2.238195
1066 | 319500.0 | 319800.0 | 0.007134 | 0.017451 |   9.019476 |     10 | 0.911610 | 1.000000 | 1.016667 | 1.066667 | 1.110000 |  -1.241571 |      388 |      305 |       83 |   9.019357 |     10 | 0.902753 | 2.462467
1067 | 319800.0 | 320100.0 | 0.007129 | 0.017449 |   9.019357 |     10 | 0.902753 | 1.000000 | 1.076667 | 1.086667 | 1.103333 |  -0.477592 |      395 |      323 |       71 |   9.018810 |     10 | 0.899348 | 2.548686
1068 | 320100.0 | 320400.0 | 0.007125 | 0.017446 |   9.018810 |     10 | 0.899348 | 1.000000 | 1.090000 | 1.163333 | 1.076667 |   2.483810 |      395 |      327 |       68 |   9.018169 |     10 | 0.917045 | 2.100558
1069 | 320400.0 | 320700.0 | 0.007121 | 0.017444 |   9.018169 |     10 | 0.917045 | 1.000000 | 1.106667 | 1.070000 | 1.070000 |   0.000000 |      397 |      332 |       65 |   9.017409 |     10 | 0.917045 | 2.100558
1070 | 320700.0 | 321000.0 | 0.007117 | 0.017442 |   9.017409 |     10 | 0.917045 | 1.000000 | 1.160000 | 1.110000 | 1.080000 |   0.860011 |      401 |      348 |       53 |   9.016271 |     10 | 0.923166 | 1.945581
1071 | 321000.0 | 321300.0 | 0.007112 | 0.017439 |   9.016271 |     10 | 0.923166 | 1.000000 | 1.170000 | 1.080000 | 1.100000 |  -0.573417 |      403 |      351 |       52 |   9.015062 |     10 | 0.919087 | 2.048851
1072 | 321300.0 | 321600.0 | 0.007108 | 0.017437 |   9.015062 |     10 | 0.919087 | 1.000000 | 1.110000 | 1.080000 | 1.096667 |  -0.477912 |      396 |      333 |       63 |   9.014280 |     10 | 0.915690 | 2.134870
1073 | 321600.0 | 321900.0 | 0.007104 | 0.017435 |   9.014280 |     10 | 0.915690 | 1.000000 | 1.116667 | 1.063333 | 1.086667 |  -0.669166 |      396 |      335 |       61 |   9.013451 |     10 | 0.910937 | 2.255240
1074 | 321900.0 | 322200.0 | 0.007100 | 0.017432 |   9.013451 |     10 | 0.910937 | 1.000000 | 1.053333 | 1.150000 | 1.093333 |   1.625334 |      392 |      316 |       76 |   9.013072 |     10 | 0.922476 | 1.963048
1075 | 322200.0 | 322500.0 | 0.007095 | 0.017430 |   9.013072 |     10 | 0.922476 | 1.000000 | 1.166667 | 1.120000 | 1.083333 |   1.051827 |      401 |      350 |       51 |   9.011890 |     10 | 0.929939 | 1.774070
1076 | 322500.0 | 322800.0 | 0.007091 | 0.017428 |   9.011890 |     10 | 0.929939 | 1.000000 | 1.120000 | 1.036667 | 1.110000 |  -2.103934 |      395 |      336 |       59 |   9.011039 |     10 | 0.915020 | 2.151851
1077 | 322800.0 | 323100.0 | 0.007087 | 0.017425 |   9.011039 |     10 | 0.915020 | 1.000000 | 1.216667 | 1.080000 | 1.043333 |   1.052107 |      407 |      365 |       42 |   9.009503 |     10 | 0.922476 | 1.963048
1078 | 323100.0 | 323400.0 | 0.007083 | 0.017423 |   9.009503 |     10 | 0.922476 | 1.000000 | 1.096667 | 1.130000 | 1.110000 |   0.573953 |      394 |      329 |       65 |   9.008819 |     10 | 0.926541 | 1.860112
1079 | 323400.0 | 323700.0 | 0.007078 | 0.017421 |   9.008819 |     10 | 0.926541 | 1.000000 | 1.143333 | 1.110000 | 1.066667 |   1.243730 |      400 |      343 |       57 |   9.007804 |     10 | 0.935345 | 1.637186
1080 | 323700.0 | 324000.0 | 0.007074 | 0.017418 |   9.007804 |     10 | 0.935345 | 1.000000 | 1.156667 | 1.030000 | 1.083333 |  -1.530948 |      398 |      347 |       51 |   9.006696 |     10 | 0.924514 | 1.911430
1081 | 324000.0 | 324300.0 | 0.007070 | 0.017416 |   9.006696 |     10 | 0.924514 | 1.000000 | 1.083333 | 1.120000 | 1.126667 |  -0.191394 |      393 |      325 |       68 |   9.006107 |     10 | 0.923161 | 1.945694
1082 | 324300.0 | 324600.0 | 0.007066 | 0.017414 |   9.006107 |     10 | 0.923161 | 1.000000 | 1.130000 | 1.136667 | 1.096667 |   1.148516 |      398 |      339 |       59 |   9.005188 |     10 | 0.931276 | 1.740201
1083 | 324600.0 | 324900.0 | 0.007062 | 0.017411 |   9.005188 |     10 | 0.931276 | 1.000000 | 1.156667 | 1.043333 | 1.133333 |  -2.584503 |      399 |      347 |       52 |   9.004082 |     10 | 0.913025 | 2.202349
1084 | 324900.0 | 325200.0 | 0.007058 | 0.017409 |   9.004082 |     10 | 0.913025 | 1.000000 | 1.096667 | 1.096667 | 1.063333 |   0.957350 |      396 |      329 |       67 |   9.003399 |     10 | 0.919782 | 2.031261
1085 | 325200.0 | 325500.0 | 0.007053 | 0.017407 |   9.003399 |     10 | 0.919782 | 1.000000 | 1.093333 | 1.056667 | 1.120000 |  -1.819205 |      394 |      328 |       67 |   9.002741 |     10 | 0.906950 | 2.356178
1086 | 325500.0 | 325800.0 | 0.007049 | 0.017405 |   9.002741 |     10 | 0.906950 | 1.000000 | 1.116667 | 1.083333 | 1.066667 |   0.478801 |      399 |      335 |       63 |   9.001919 |     10 | 0.910325 | 2.270713
1087 | 325800.0 | 326100.0 | 0.007045 | 0.017402 |   9.001919 |     10 | 0.910325 | 1.000000 | 1.063333 | 1.116667 | 1.113333 |   0.095773 |      394 |      319 |       75 |   9.001473 |     10 | 0.911000 | 2.253628
1088 | 326100.0 | 326400.0 | 0.007041 | 0.017400 |   9.001473 |     10 | 0.911000 | 1.000000 | 1.113333 | 1.080000 | 1.070000 |   0.287357 |      396 |      334 |       62 |   9.000675 |     10 | 0.913023 | 2.202395
1089 | 326400.0 | 326700.0 | 0.007037 | 0.017398 |   9.000675 |     10 | 0.913023 | 1.000000 | 1.113333 | 1.120000 | 1.090000 |   0.862184 |      399 |      334 |       65 |   8.999877 |      9 | 0.919090 | 2.048769
1090 | 326700.0 | 327000.0 | 0.007033 | 0.017395 |   8.999877 |      9 | 0.919090 | 1.000000 | 1.023333 | 1.020000 | 0.990000 |   0.862297 |      360 |      307 |       54 |   8.999713 |      9 | 0.925155 | 1.895213
1091 | 327000.0 | 327300.0 | 0.007028 | 0.017393 |   8.999713 |      9 | 0.925155 | 1.000000 | 1.036667 | 1.043333 | 1.010000 |   0.958234 |      360 |      311 |       49 |   8.999455 |      9 | 0.931890 | 1.724673
1092 | 327300.0 | 327600.0 | 0.007024 | 0.017391 |   8.999455 |      9 | 0.931890 | 1.000000 | 1.006667 | 1.033333 | 0.976667 |   1.629212 |      356 |      302 |       54 |   8.999408 |      9 | 0.943334 | 1.434887
1093 | 327600.0 | 327900.0 | 0.007020 | 0.017389 |   8.999408 |      9 | 0.943334 | 1.000000 | 1.016667 | 0.846667 | 1.006667 |  -4.600732 |      354 |      305 |       49 |   8.999291 |      9 | 0.911036 | 2.252733
1094 | 327900.0 | 328200.0 | 0.007016 | 0.017386 |   8.999291 |      9 | 0.911036 | 1.000000 | 1.000000 | 1.050000 | 0.953333 |   2.779973 |      358 |      300 |       58 |   8.999291 |      9 | 0.930540 | 1.758843
1095 | 328200.0 | 328500.0 | 0.007012 | 0.017384 |   8.999291 |      9 | 0.930540 | 1.000000 | 1.046667 | 1.006667 | 0.940000 |   1.917474 |      362 |      314 |       48 |   8.998964 |      9 | 0.943986 | 1.418383
1096 | 328500.0 | 328800.0 | 0.007008 | 0.017382 |   8.998964 |      9 | 0.943986 | 1.000000 | 1.020000 | 0.830000 | 1.016667 |  -5.369631 |      353 |      306 |       47 |   8.998824 |      9 | 0.906356 | 2.371236
1097 | 328800.0 | 329100.0 | 0.007004 | 0.017379 |   8.998824 |      9 | 0.906356 | 1.000000 | 1.053333 | 0.973333 | 0.950000 |   0.671292 |      363 |      316 |       47 |   8.998451 |      9 | 0.911057 | 2.252184
1098 | 329100.0 | 329400.0 | 0.007000 | 0.017377 |   8.998451 |      9 | 0.911057 | 1.000000 | 0.976667 | 0.943333 | 1.003333 |  -1.726404 |      356 |      293 |       63 |   8.998614 |      9 | 0.898973 | 2.558180
1099 | 329400.0 | 329700.0 | 0.006996 | 0.017375 |   8.998614 |      9 | 0.898973 | 1.000000 | 0.983333 | 1.030000 | 0.940000 |   2.589945 |      358 |      295 |       63 |   8.998730 |      9 | 0.917091 | 2.099394
1100 | 329700.0 | 330000.0 | 0.006992 | 0.017373 |   8.998730 |      9 | 0.917091 | 1.000000 | 1.003333 | 1.006667 | 0.970000 |   1.055300 |      358 |      301 |       57 |   8.998707 |      9 | 0.924469 | 1.912565
1101 | 330000.0 | 330300.0 | 0.006987 | 0.017370 |   8.998707 |      9 | 0.924469 | 1.000000 | 0.970000 | 1.086667 | 1.003333 |   2.398723 |      355 |      291 |       64 |   8.998917 |      9 | 0.941230 | 1.488148
1102 | 330300.0 | 330600.0 | 0.006983 | 0.017368 |   8.998917 |      9 | 0.941230 | 1.000000 | 1.026667 | 0.903333 | 1.000000 |  -2.782881 |      357 |      308 |       49 |   8.998731 |      9 | 0.921796 | 1.980249
1103 | 330600.0 | 330900.0 | 0.006979 | 0.017366 |   8.998731 |      9 | 0.921796 | 1.000000 | 1.003333 | 0.970000 | 0.990000 |  -0.575843 |      357 |      301 |       56 |   8.998707 |      9 | 0.917777 | 2.082018
1104 | 330900.0 | 331200.0 | 0.006975 | 0.017364 |   8.998707 |      9 | 0.917777 | 1.000000 | 0.980000 | 1.040000 | 0.953333 |   2.495646 |      357 |      294 |       63 |   8.998847 |      9 | 0.935185 | 1.641222
1105 | 331200.0 | 331500.0 | 0.006971 | 0.017361 |   8.998847 |      9 | 0.935185 | 1.000000 | 1.000000 | 1.006667 | 0.993333 |   0.383995 |      354 |      300 |       54 |   8.998847 |      9 | 0.937862 | 1.573437
1106 | 331500.0 | 331800.0 | 0.006967 | 0.017359 |   8.998847 |      9 | 0.937862 | 1.000000 | 1.026667 | 0.950000 | 0.960000 |  -0.288034 |      357 |      308 |       49 |   8.998661 |      9 | 0.935855 | 1.624253
1107 | 331800.0 | 332100.0 | 0.006963 | 0.017357 |   8.998661 |      9 | 0.935855 | 1.000000 | 1.016667 | 0.960000 | 0.940000 |   0.576143 |      357 |      305 |       53 |   8.998545 |      9 | 0.939867 | 1.522668
1108 | 332100.0 | 332400.0 | 0.006959 | 0.017355 |   8.998545 |      9 | 0.939867 | 1.000000 | 1.010000 | 0.900000 | 1.023333 |  -3.553340 |      354 |      303 |       50 |   8.998475 |      9 | 0.915139 | 2.148825
1109 | 332400.0 | 332700.0 | 0.006955 | 0.017352 |   8.998475 |      9 | 0.915139 | 1.000000 | 1.016667 | 1.010000 | 0.940000 |   2.017022 |      359 |      305 |       54 |   8.998359 |      9 | 0.929168 | 1.793598
1110 | 332700.0 | 333000.0 | 0.006951 | 0.017350 |   8.998359 |      9 | 0.929168 | 1.000000 | 1.006667 | 1.020000 | 1.023333 |  -0.096061 |      356 |      302 |       55 |   8.998313 |      9 | 0.928500 | 1.810506
1111 | 333000.0 | 333300.0 | 0.006947 | 0.017348 |   8.998313 |      9 | 0.928500 | 1.000000 | 1.056667 | 0.980000 | 0.980000 |   0.000000 |      362 |      317 |       44 |   8.997919 |      9 | 0.928500 | 1.810506
1112 | 333300.0 | 333600.0 | 0.006943 | 0.017346 |   8.997919 |      9 | 0.928500 | 1.000000 | 1.000000 | 0.983333 | 1.010000 |  -0.768687 |      356 |      300 |       57 |   8.997919 |      9 | 0.923163 | 1.945648
1113 | 333600.0 | 333900.0 | 0.006939 | 0.017343 |   8.997919 |      9 | 0.923163 | 1.000000 | 0.983333 | 0.990000 | 0.980000 |   0.288295 |      356 |      295 |       60 |   8.998035 |      9 | 0.925163 | 1.894993
1114 | 333900.0 | 334200.0 | 0.006935 | 0.017341 |   8.998035 |      9 | 0.925163 | 1.000000 | 1.023333 | 0.926667 | 0.993333 |  -1.922214 |      360 |      307 |       53 |   8.997873 |      9 | 0.911833 | 2.232546
1115 | 334200.0 | 334500.0 | 0.006931 | 0.017339 |   8.997873 |      9 | 0.911833 | 1.000000 | 0.953333 | 0.983333 | 1.003333 |  -0.576738 |      354 |      286 |       68 |   8.998197 |      9 | 0.907835 | 2.333766
1116 | 334500.0 | 334800.0 | 0.006927 | 0.017337 |   8.998197 |      9 | 0.907835 | 1.000000 | 1.083333 | 0.963333 | 0.946667 |   0.480677 |      367 |      325 |       42 |   8.997619 |      9 | 0.911165 | 2.249454
1117 | 334800.0 | 335100.0 | 0.006923 | 0.017334 |   8.997619 |      9 | 0.911165 | 1.000000 | 0.980000 | 1.046667 | 1.010000 |   1.057626 |      356 |      294 |       62 |   8.997758 |      9 | 0.918487 | 2.064048
1118 | 335100.0 | 335400.0 | 0.006919 | 0.017332 |   8.997758 |      9 | 0.918487 | 1.000000 | 0.993333 | 1.013333 | 0.976667 |   1.057762 |      358 |      298 |       60 |   8.997804 |      9 | 0.925806 | 1.878726
1119 | 335400.0 | 335700.0 | 0.006915 | 0.017330 |   8.997804 |      9 | 0.925806 | 1.000000 | 0.986667 | 1.003333 | 0.966667 |   1.057898 |      354 |      296 |       59 |   8.997896 |      9 | 0.933121 | 1.693486
1120 | 335700.0 | 336000.0 | 0.006911 | 0.017328 |   8.997896 |      9 | 0.933121 | 1.000000 | 1.030000 | 1.036667 | 1.010000 |   0.769479 |      360 |      309 |       50 |   8.997689 |      9 | 0.938439 | 1.558826
1121 | 336000.0 | 336300.0 | 0.006907 | 0.017326 |   8.997689 |      9 | 0.938439 | 1.000000 | 1.023333 | 0.933333 | 0.973333 |  -1.154366 |      356 |      307 |       49 |   8.997528 |      9 | 0.930466 | 1.760726
1122 | 336300.0 | 336600.0 | 0.006903 | 0.017323 |   8.997528 |      9 | 0.930466 | 1.000000 | 1.006667 | 0.980000 | 0.993333 |  -0.384838 |      357 |      302 |       55 |   8.997482 |      9 | 0.927809 | 1.827996
1123 | 336600.0 | 336900.0 | 0.006899 | 0.017321 |   8.997482 |      9 | 0.927809 | 1.000000 | 1.043333 | 1.036667 | 1.030000 |   0.192444 |      361 |      313 |       48 |   8.997183 |      9 | 0.929137 | 1.794376
1124 | 336900.0 | 337200.0 | 0.006895 | 0.017319 |   8.997183 |      9 | 0.929137 | 1.000000 | 1.046667 | 1.033333 | 0.960000 |   2.117150 |      361 |      314 |       47 |   8.996861 |      9 | 0.943735 | 1.424720
1125 | 337200.0 | 337500.0 | 0.006891 | 0.017317 |   8.996861 |      9 | 0.943735 | 1.000000 | 1.020000 | 0.843333 | 0.940000 |  -2.791145 |      355 |      306 |       49 |   8.996723 |      9 | 0.924500 | 1.911778
1126 | 337500.0 | 337800.0 | 0.006887 | 0.017314 |   8.996723 |      9 | 0.924500 | 1.000000 | 0.980000 | 1.016667 | 1.013333 |   0.096259 |      354 |      294 |       61 |   8.996861 |      9 | 0.925163 | 1.894990
1127 | 337800.0 | 338100.0 | 0.006883 | 0.017312 |   8.996861 |      9 | 0.925163 | 1.000000 | 0.993333 | 0.953333 | 1.043333 |  -2.599315 |      357 |      298 |       58 |   8.996907 |      9 | 0.907271 | 2.348055
1128 | 338100.0 | 338400.0 | 0.006880 | 0.017310 |   8.996907 |      9 | 0.907271 | 1.000000 | 0.966667 | 1.046667 | 1.033333 |   0.385133 |      356 |      290 |       66 |   8.997136 |      9 | 0.909921 | 2.280964
1129 | 338400.0 | 338700.0 | 0.006876 | 0.017308 |   8.997136 |      9 | 0.909921 | 1.000000 | 1.000000 | 0.950000 | 1.013333 |  -1.829614 |      357 |      300 |       57 |   8.997136 |      9 | 0.897341 | 2.599506
1130 | 338700.0 | 339000.0 | 0.006872 | 0.017306 |   8.997136 |      9 | 0.897341 | 1.000000 | 1.000000 | 0.976667 | 0.960000 |   0.481539 |      360 |      300 |       60 |   8.997136 |      9 | 0.900650 | 2.515716
1131 | 339000.0 | 339300.0 | 0.006868 | 0.017303 |   8.997136 |      9 | 0.900650 | 1.000000 | 0.990000 | 0.990000 | 0.976667 |   0.385280 |      358 |      297 |       61 |   8.997205 |      9 | 0.903296 | 2.448714
1132 | 339300.0 | 339600.0 | 0.006864 | 0.017301 |   8.997205 |      9 | 0.903296 | 1.000000 | 1.036667 | 0.960000 | 0.976667 |  -0.481661 |      362 |      311 |       51 |   8.996953 |      9 | 0.899990 | 2.532430
1133 | 339600.0 | 339900.0 | 0.006860 | 0.017299 |   8.996953 |      9 | 0.899990 | 1.000000 | 0.980000 | 1.076667 | 0.983333 |   2.697643 |      357 |      294 |       64 |   8.997090 |      9 | 0.918496 | 2.063829
1134 | 339900.0 | 340200.0 | 0.006856 | 0.017297 |   8.997090 |      9 | 0.918496 | 1.000000 | 1.033333 | 1.000000 | 0.993333 |   0.192713 |      361 |      310 |       50 |   8.996862 |      9 | 0.919817 | 2.030372
1135 | 340200.0 | 340500.0 | 0.006852 | 0.017295 |   8.996862 |      9 | 0.919817 | 1.000000 | 0.983333 | 0.976667 | 0.933333 |   1.252795 |      356 |      295 |       61 |   8.996976 |      9 | 0.928401 | 1.812999
1136 | 340500.0 | 340800.0 | 0.006848 | 0.017292 |   8.996976 |      9 | 0.928401 | 1.000000 | 0.976667 | 1.020000 | 0.980000 |   1.156572 |      354 |      293 |       61 |   8.997136 |      9 | 0.936322 | 1.612435
1137 | 340800.0 | 341100.0 | 0.006844 | 0.017290 |   8.997136 |      9 | 0.936322 | 1.000000 | 1.020000 | 0.963333 | 0.953333 |   0.289180 |      357 |      306 |       51 |   8.996999 |      9 | 0.938301 | 1.562316
1138 | 341100.0 | 341400.0 | 0.006841 | 0.017288 |   8.996999 |      9 | 0.938301 | 1.000000 | 1.030000 | 0.953333 | 1.026667 |  -2.120918 |      357 |      309 |       48 |   8.996794 |      9 | 0.923793 | 1.929693
1139 | 341400.0 | 341700.0 | 0.006837 | 0.017286 |   8.996794 |      9 | 0.923793 | 1.000000 | 1.013333 | 0.993333 | 0.976667 |   0.482088 |      358 |      304 |       54 |   8.996702 |      9 | 0.927089 | 1.846235
1140 | 341700.0 | 342000.0 | 0.006833 | 0.017284 |   8.996702 |      9 | 0.927089 | 1.000000 | 0.973333 | 1.033333 | 0.993333 |   1.157156 |      352 |      292 |       60 |   8.996885 |      9 | 0.934996 | 1.646023
1141 | 342000.0 | 342300.0 | 0.006829 | 0.017282 |   8.996885 |      9 | 0.934996 | 1.000000 | 1.016667 | 0.986667 | 1.013333 |  -0.771535 |      355 |      305 |       50 |   8.996771 |      9 | 0.929727 | 1.779439
1142 | 342300.0 | 342600.0 | 0.006825 | 0.017279 |   8.996771 |      9 | 0.929727 | 1.000000 | 1.020000 | 0.996667 | 0.950000 |   1.350356 |      360 |      306 |       54 |   8.996634 |      9 | 0.938943 | 1.546063
1143 | 342600.0 | 342900.0 | 0.006821 | 0.017277 |   8.996634 |      9 | 0.938943 | 1.000000 | 1.023333 | 0.976667 | 0.990000 |  -0.385864 |      355 |      307 |       48 |   8.996475 |      9 | 0.936311 | 1.612713
1144 | 342900.0 | 343200.0 | 0.006818 | 0.017275 |   8.996475 |      9 | 0.936311 | 1.000000 | 1.070000 | 0.940000 | 0.996667 |  -1.640130 |      361 |      321 |       40 |   8.995998 |      9 | 0.925129 | 1.895850
1145 | 343200.0 | 343500.0 | 0.006814 | 0.017273 |   8.995998 |      9 | 0.925129 | 1.000000 | 0.996667 | 1.026667 | 1.026667 |   0.000000 |      357 |      299 |       58 |   8.996021 |      9 | 0.925129 | 1.895850
1146 | 343500.0 | 343800.0 | 0.006810 | 0.017271 |   8.996021 |      9 | 0.925129 | 1.000000 | 1.010000 | 0.940000 | 1.026667 |  -2.509064 |      358 |      303 |       55 |   8.995953 |      9 | 0.908043 | 2.328506
1147 | 343800.0 | 344100.0 | 0.006806 | 0.017269 |   8.995953 |      9 | 0.908043 | 1.000000 | 1.036667 | 0.926667 | 0.900000 |   0.772117 |      362 |      311 |       51 |   8.995703 |      9 | 0.913298 | 2.195439
1148 | 344100.0 | 344400.0 | 0.006802 | 0.017266 |   8.995703 |      9 | 0.913298 | 1.000000 | 1.023333 | 1.006667 | 0.943333 |   1.834006 |      361 |      307 |       54 |   8.995544 |      9 | 0.925773 | 1.879543
1149 | 344400.0 | 344700.0 | 0.006798 | 0.017264 |   8.995544 |      9 | 0.925773 | 1.000000 | 1.003333 | 0.966667 | 0.980000 |  -0.386155 |      357 |      301 |       57 |   8.995522 |      9 | 0.923148 | 1.946019
1150 | 344700.0 | 345000.0 | 0.006795 | 0.017262 |   8.995522 |      9 | 0.923148 | 1.000000 | 1.016667 | 0.993333 | 0.963333 |   0.868957 |      360 |      305 |       54 |   8.995408 |      9 | 0.929052 | 1.796514
1151 | 345000.0 | 345300.0 | 0.006791 | 0.017260 |   8.995408 |      9 | 0.929052 | 1.000000 | 1.013333 | 0.953333 | 0.956667 |  -0.096563 |      357 |      304 |       53 |   8.995318 |      9 | 0.928397 | 1.813118
1152 | 345300.0 | 345600.0 | 0.006787 | 0.017258 |   8.995318 |      9 | 0.928397 | 1.000000 | 1.043333 | 0.960000 | 0.950000 |   0.289725 |      360 |      313 |       47 |   8.995024 |      9 | 0.930363 | 1.763327
1153 | 345600.0 | 345900.0 | 0.006783 | 0.017256 |   8.995024 |      9 | 0.930363 | 1.000000 | 1.016667 | 0.976667 | 0.996667 |  -0.579522 |      358 |      305 |       53 |   8.994911 |      9 | 0.926432 | 1.862867
1154 | 345900.0 | 346200.0 | 0.006779 | 0.017253 |   8.994911 |      9 | 0.926432 | 1.000000 | 1.030000 | 1.020000 | 0.993333 |   0.772792 |      360 |      309 |       51 |   8.994707 |      9 | 0.931671 | 1.730204
1155 | 346200.0 | 346500.0 | 0.006776 | 0.017251 |   8.994707 |      9 | 0.931671 | 1.000000 | 1.013333 | 1.016667 | 1.006667 |   0.289833 |      358 |      304 |       55 |   8.994617 |      9 | 0.933635 | 1.680478
1156 | 346500.0 | 346800.0 | 0.006772 | 0.017249 |   8.994617 |      9 | 0.933635 | 1.000000 | 1.066667 | 1.006667 | 0.936667 |   2.029085 |      361 |      320 |       40 |   8.994166 |      9 | 0.947376 | 1.332541
1157 | 346800.0 | 347100.0 | 0.006768 | 0.017247 |   8.994166 |      9 | 0.947376 | 1.000000 | 1.043333 | 0.756667 | 0.963333 |  -5.991375 |      355 |      313 |       42 |   8.993872 |      9 | 0.906825 | 2.359339
1158 | 347100.0 | 347400.0 | 0.006764 | 0.017245 |   8.993872 |      9 | 0.906825 | 1.000000 | 0.990000 | 0.973333 | 0.953333 |   0.579883 |      359 |      297 |       62 |   8.993940 |      9 | 0.910748 | 2.260014
1159 | 347400.0 | 347700.0 | 0.006761 | 0.017243 |   8.993940 |      9 | 0.910748 | 1.000000 | 1.036667 | 0.980000 | 0.963333 |   0.483295 |      361 |      311 |       50 |   8.993692 |      9 | 0.914015 | 2.177279
1160 | 347700.0 | 348000.0 | 0.006757 | 0.017241 |   8.993692 |      9 | 0.914015 | 1.000000 | 0.996667 | 0.983333 | 1.020000 |  -1.063382 |      358 |      299 |       60 |   8.993715 |      9 | 0.906830 | 2.359217
1161 | 348000.0 | 348300.0 | 0.006753 | 0.017238 |   8.993715 |      9 | 0.906830 | 1.000000 | 1.026667 | 0.990000 | 1.020000 |  -0.870147 |      361 |      308 |       52 |   8.993534 |      9 | 0.900954 | 2.508011
1162 | 348300.0 | 348600.0 | 0.006749 | 0.017236 |   8.993534 |      9 | 0.900954 | 1.000000 | 0.993333 | 1.003333 | 0.936667 |   1.933901 |      358 |      298 |       60 |   8.993579 |      9 | 0.914007 | 2.177500
1163 | 348600.0 | 348900.0 | 0.006746 | 0.017234 |   8.993579 |      9 | 0.914007 | 1.000000 | 1.030000 | 1.020000 | 0.950000 |   2.030847 |      361 |      309 |       52 |   8.993377 |      9 | 0.927706 | 1.830613
1164 | 348900.0 | 349200.0 | 0.006742 | 0.017232 |   8.993377 |      9 | 0.927706 | 1.000000 | 1.040000 | 0.990000 | 1.046667 |  -1.644222 |      361 |      312 |       49 |   8.993107 |      9 | 0.916621 | 2.111306
1165 | 349200.0 | 349500.0 | 0.006738 | 0.017230 |   8.993107 |      9 | 0.916621 | 1.000000 | 1.016667 | 0.996667 | 0.970000 |   0.773847 |      358 |      305 |       53 |   8.992995 |      9 | 0.921835 | 1.979272
1166 | 349500.0 | 349800.0 | 0.006734 | 0.017228 |   8.992995 |      9 | 0.921835 | 1.000000 | 1.020000 | 0.986667 | 0.956667 |   0.870685 |      360 |      306 |       54 |   8.992860 |      9 | 0.927699 | 1.830798
1167 | 349800.0 | 350100.0 | 0.006731 | 0.017226 |   8.992860 |      9 | 0.927699 | 1.000000 | 1.056667 | 0.996667 | 1.026667 |  -0.870793 |      362 |      317 |       45 |   8.992479 |      9 | 0.921838 | 1.979208
1168 | 350100.0 | 350400.0 | 0.006727 | 0.017224 |   8.992479 |      9 | 0.921838 | 1.000000 | 1.013333 | 0.946667 | 1.016667 |  -2.032100 |      358 |      304 |       54 |   8.992389 |      9 | 0.908168 | 2.325351
1169 | 350400.0 | 350700.0 | 0.006723 | 0.017221 |   8.992389 |      9 | 0.908168 | 1.000000 | 0.933333 | 1.020000 | 0.980000 |   1.161343 |      353 |      280 |       73 |   8.992838 |      9 | 0.915976 | 2.127640
1170 | 350700.0 | 351000.0 | 0.006720 | 0.017219 |   8.992838 |      9 | 0.915976 | 1.000000 | 1.026667 | 1.003333 | 1.000000 |   0.096790 |      361 |      308 |       53 |   8.992658 |      9 | 0.916626 | 2.111171
1171 | 351000.0 | 351300.0 | 0.006716 | 0.017217 |   8.992658 |      9 | 0.916626 | 1.000000 | 1.000000 | 0.963333 | 0.946667 |   0.484012 |      357 |      300 |       57 |   8.992658 |      9 | 0.919877 | 2.028862
1172 | 351300.0 | 351600.0 | 0.006712 | 0.017215 |   8.992658 |      9 | 0.919877 | 1.000000 | 0.996667 | 0.996667 | 1.003333 |  -0.193629 |      357 |      299 |       58 |   8.992681 |      9 | 0.918577 | 2.061771
1173 | 351600.0 | 351900.0 | 0.006708 | 0.017213 |   8.992681 |      9 | 0.918577 | 1.000000 | 0.973333 | 0.993333 | 0.963333 |   0.871435 |      355 |      292 |       63 |   8.992860 |      9 | 0.924423 | 1.913742
1174 | 351900.0 | 352200.0 | 0.006705 | 0.017211 |   8.992860 |      9 | 0.924423 | 1.000000 | 1.010000 | 1.016667 | 0.993333 |   0.677866 |      359 |      303 |       56 |   8.992793 |      9 | 0.928968 | 1.798657
1175 | 352200.0 | 352500.0 | 0.006701 | 0.017209 |   8.992793 |      9 | 0.928968 | 1.000000 | 1.036667 | 1.010000 | 0.940000 |   2.033848 |      359 |      311 |       49 |   8.992547 |      9 | 0.942597 | 1.453549
1176 | 352500.0 | 352800.0 | 0.006697 | 0.017207 |   8.992547 |      9 | 0.942597 | 1.000000 | 1.040000 | 0.836667 | 1.026667 |  -5.521120 |      357 |      312 |       44 |   8.992279 |      9 | 0.905620 | 2.389871
1177 | 352800.0 | 353100.0 | 0.006694 | 0.017205 |   8.992279 |      9 | 0.905620 | 1.000000 | 1.053333 | 0.980000 | 0.953333 |   0.774989 |      364 |      316 |       48 |   8.991922 |      9 | 0.910807 | 2.258513
1178 | 353100.0 | 353400.0 | 0.006690 | 0.017202 |   8.991922 |      9 | 0.910807 | 1.000000 | 1.003333 | 0.950000 | 0.926667 |   0.678198 |      358 |      301 |       57 |   8.991900 |      9 | 0.915344 | 2.143624
1179 | 353400.0 | 353700.0 | 0.006686 | 0.017200 |   8.991900 |      9 | 0.915344 | 1.000000 | 1.053333 | 0.950000 | 0.970000 |  -0.581384 |      365 |      316 |       49 |   8.991543 |      9 | 0.911457 | 2.242058
1180 | 353700.0 | 354000.0 | 0.006683 | 0.017198 |   8.991543 |      9 | 0.911457 | 1.000000 | 0.983333 | 1.006667 | 0.986667 |   0.581455 |      354 |      295 |       59 |   8.991654 |      9 | 0.915343 | 2.143666
1181 | 354000.0 | 354300.0 | 0.006679 | 0.017196 |   8.991654 |      9 | 0.915343 | 1.000000 | 1.026667 | 0.980000 | 0.990000 |  -0.290763 |      362 |      308 |       54 |   8.991476 |      9 | 0.913401 | 2.192841
1182 | 354300.0 | 354600.0 | 0.006675 | 0.017194 |   8.991476 |      9 | 0.913401 | 1.000000 | 1.060000 | 0.990000 | 0.980000 |   0.290798 |      364 |      318 |       46 |   8.991076 |      9 | 0.915342 | 2.143687
1183 | 354600.0 | 354900.0 | 0.006672 | 0.017192 |   8.991076 |      9 | 0.915342 | 1.000000 | 0.956667 | 0.946667 | 0.950000 |  -0.096945 |      354 |      287 |       67 |   8.991365 |      9 | 0.914695 | 2.160065
1184 | 354900.0 | 355200.0 | 0.006668 | 0.017190 |   8.991365 |      9 | 0.914695 | 1.000000 | 0.946667 | 0.980000 | 1.023333 |  -1.260432 |      352 |      284 |       68 |   8.991721 |      9 | 0.906290 | 2.372887
1185 | 355200.0 | 355500.0 | 0.006665 | 0.017188 |   8.991721 |      9 | 0.906290 | 1.000000 | 1.096667 | 0.956667 | 1.006667 |  -1.454521 |      369 |      329 |       40 |   8.991076 |      9 | 0.896597 | 2.618347
1186 | 355500.0 | 355800.0 | 0.006661 | 0.017186 |   8.991076 |      9 | 0.896597 | 1.000000 | 0.986667 | 1.036667 | 0.963333 |   2.133557 |      358 |      296 |       62 |   8.991165 |      9 | 0.910808 | 2.258491
1187 | 355800.0 | 356100.0 | 0.006657 | 0.017184 |   8.991165 |      9 | 0.910808 | 1.000000 | 0.973333 | 0.956667 | 0.926667 |   0.872925 |      356 |      292 |       64 |   8.991343 |      9 | 0.916619 | 2.111340
1188 | 356100.0 | 356400.0 | 0.006654 | 0.017182 |   8.991343 |      9 | 0.916619 | 1.000000 | 1.050000 | 0.963333 | 1.030000 |  -1.940067 |      362 |      315 |       47 |   8.991010 |      9 | 0.903711 | 2.438205
1189 | 356400.0 | 356700.0 | 0.006650 | 0.017179 |   8.991010 |      9 | 0.903711 | 1.000000 | 0.926667 | 1.013333 | 1.000000 |   0.388060 |      352 |      278 |       74 |   8.991498 |      9 | 0.906292 | 2.372860
1190 | 356700.0 | 357000.0 | 0.006646 | 0.017177 |   8.991498 |      9 | 0.906292 | 1.000000 | 1.006667 | 1.006667 | 0.983333 |   0.679188 |      358 |      302 |       56 |   8.991453 |      9 | 0.910806 | 2.258553
1191 | 357000.0 | 357300.0 | 0.006643 | 0.017175 |   8.991453 |      9 | 0.910806 | 1.000000 | 1.010000 | 1.043333 | 0.943333 |   2.911158 |      361 |      303 |       58 |   8.991387 |      9 | 0.930144 | 1.768875
1192 | 357300.0 | 357600.0 | 0.006639 | 0.017173 |   8.991387 |      9 | 0.930144 | 1.000000 | 1.023333 | 0.963333 | 0.943333 |   0.582302 |      357 |      307 |       51 |   8.991232 |      9 | 0.934010 | 1.670981
1193 | 357600.0 | 357900.0 | 0.006636 | 0.017171 |   8.991232 |      9 | 0.934010 | 1.000000 | 1.000000 | 0.990000 | 0.986667 |   0.097062 |      356 |      300 |       55 |   8.991232 |      9 | 0.934654 | 1.654672
1194 | 357900.0 | 358200.0 | 0.006632 | 0.017169 |   8.991232 |      9 | 0.934654 | 1.000000 | 1.010000 | 0.970000 | 0.990000 |  -0.582442 |      355 |      303 |       52 |   8.991166 |      9 | 0.930791 | 1.752484
1195 | 358200.0 | 358500.0 | 0.006628 | 0.017167 |   8.991166 |      9 | 0.930791 | 1.000000 | 1.086667 | 0.960000 | 0.966667 |  -0.194171 |      367 |      326 |       41 |   8.990591 |      9 | 0.929504 | 1.785074
1196 | 358500.0 | 358800.0 | 0.006625 | 0.017165 |   8.990591 |      9 | 0.929504 | 1.000000 | 1.006667 | 1.063333 | 1.010000 |   1.553554 |      357 |      302 |       55 |   8.990547 |      9 | 0.939796 | 1.524461
1197 | 358800.0 | 359100.0 | 0.006621 | 0.017163 |   8.990547 |      9 | 0.939796 | 1.000000 | 1.000000 | 0.953333 | 1.033333 |  -2.330612 |      353 |      300 |       53 |   8.990547 |      9 | 0.924365 | 1.915217
1198 | 359100.0 | 359400.0 | 0.006618 | 0.017161 |   8.990547 |      9 | 0.924365 | 1.000000 | 1.066667 | 0.976667 | 0.963333 |   0.388482 |      362 |      320 |       42 |   8.990106 |      9 | 0.926936 | 1.850118
1199 | 359400.0 | 359700.0 | 0.006614 | 0.017159 |   8.990106 |      9 | 0.926936 | 1.000000 | 1.076667 | 1.026667 | 1.010000 |   0.485661 |      365 |      323 |       42 |   8.989599 |      9 | 0.930148 | 1.768779
1200 | 359700.0 | 360000.0 | 0.006611 | 0.017157 |   8.989599 |      9 | 0.930148 | 1.000000 | 1.063333 | 0.926667 | 0.963333 |  -1.068582 |      363 |      319 |       44 |   8.989180 |      9 | 0.923084 | 1.947650
1201 | 360000.0 | 360300.0 | 0.006607 | 0.017155 |   8.989180 |      9 | 0.923084 | 1.000000 | 1.013333 | 1.000000 | 1.006667 |  -0.194311 |      358 |      304 |       54 |   8.989092 |      9 | 0.921800 | 1.980159
1202 | 360300.0 | 360600.0 | 0.006603 | 0.017153 |   8.989092 |      9 | 0.921800 | 1.000000 | 1.050000 | 0.966667 | 1.013333 |  -1.360340 |      363 |      315 |       48 |   8.988762 |      9 | 0.912817 | 2.207623
1203 | 360600.0 | 360900.0 | 0.006600 | 0.017151 |   8.988762 |      9 | 0.912817 | 1.000000 | 0.976667 | 1.006667 | 0.960000 |   1.360503 |      355 |      293 |       63 |   8.988916 |      9 | 0.921796 | 1.980254
1204 | 360900.0 | 361200.0 | 0.006596 | 0.017148 |   8.988916 |      9 | 0.921796 | 1.000000 | 1.040000 | 0.990000 | 0.956667 |   0.971904 |      363 |      312 |       50 |   8.988652 |      9 | 0.928207 | 1.817915
1205 | 361200.0 | 361500.0 | 0.006593 | 0.017146 |   8.988652 |      9 | 0.928207 | 1.000000 | 0.963333 | 1.020000 | 1.006667 |   0.388808 |      352 |      289 |       63 |   8.988894 |      9 | 0.930771 | 1.753007
1206 | 361500.0 | 361800.0 | 0.006589 | 0.017144 |   8.988894 |      9 | 0.930771 | 1.000000 | 0.993333 | 0.980000 | 1.026667 |  -1.360991 |      355 |      298 |       57 |   8.988938 |      9 | 0.921803 | 1.980091
1207 | 361800.0 | 362100.0 | 0.006586 | 0.017142 |   8.988938 |      9 | 0.921803 | 1.000000 | 1.060000 | 1.000000 | 0.973333 |   0.777802 |      364 |      318 |       46 |   8.988543 |      9 | 0.926925 | 1.850383
1208 | 362100.0 | 362400.0 | 0.006582 | 0.017140 |   8.988543 |      9 | 0.926925 | 1.000000 | 1.033333 | 0.996667 | 0.993333 |   0.097237 |      360 |      310 |       51 |   8.988323 |      9 | 0.927565 | 1.834176
1209 | 362400.0 | 362700.0 | 0.006579 | 0.017138 |   8.988323 |      9 | 0.927565 | 1.000000 | 0.993333 | 1.006667 | 0.976667 |   0.875236 |      354 |      298 |       55 |   8.988367 |      9 | 0.933323 | 1.688375
1210 | 362700.0 | 363000.0 | 0.006575 | 0.017136 |   8.988367 |      9 | 0.933323 | 1.000000 | 0.976667 | 0.976667 | 1.013333 |  -1.069860 |      354 |      293 |       61 |   8.988520 |      9 | 0.926288 | 1.866502
1211 | 363000.0 | 363300.0 | 0.006572 | 0.017134 |   8.988520 |      9 | 0.926288 | 1.000000 | 0.966667 | 1.040000 | 1.010000 |   0.875444 |      352 |      290 |       62 |   8.988739 |      9 | 0.932042 | 1.720822
1212 | 363300.0 | 363600.0 | 0.006568 | 0.017132 |   8.988739 |      9 | 0.932042 | 1.000000 | 1.003333 | 1.016667 | 1.016667 |   0.000000 |      355 |      301 |       54 |   8.988718 |      9 | 0.932042 | 1.720822
1213 | 363600.0 | 363900.0 | 0.006565 | 0.017130 |   8.988718 |      9 | 0.932042 | 1.000000 | 1.026667 | 0.993333 | 0.996667 |  -0.097295 |      359 |      308 |       51 |   8.988542 |      9 | 0.931403 | 1.736995
1214 | 363900.0 | 364200.0 | 0.006561 | 0.017128 |   8.988542 |      9 | 0.931403 | 1.000000 | 1.040000 | 0.946667 | 0.943333 |   0.097306 |      359 |      312 |       47 |   8.988280 |      9 | 0.932041 | 1.720829
1215 | 364200.0 | 364500.0 | 0.006558 | 0.017126 |   8.988280 |      9 | 0.932041 | 1.000000 | 1.060000 | 1.003333 | 1.043333 |  -1.167814 |      362 |      318 |       44 |   8.987887 |      9 | 0.924383 | 1.914747
1216 | 364500.0 | 364800.0 | 0.006554 | 0.017124 |   8.987887 |      9 | 0.924383 | 1.000000 | 1.040000 | 1.026667 | 0.993333 |   0.973293 |      362 |      312 |       50 |   8.987624 |      9 | 0.930762 | 1.753215
1217 | 364800.0 | 365100.0 | 0.006551 | 0.017122 |   8.987624 |      9 | 0.930762 | 1.000000 | 1.020000 | 0.946667 | 0.993333 |  -1.362772 |      356 |      306 |       51 |   8.987493 |      9 | 0.921835 | 1.979266
1218 | 365100.0 | 365400.0 | 0.006547 | 0.017120 |   8.987493 |      9 | 0.921835 | 1.000000 | 1.056667 | 1.013333 | 0.980000 |   0.973524 |      365 |      317 |       48 |   8.987122 |      9 | 0.928209 | 1.817868
1219 | 365400.0 | 365700.0 | 0.006544 | 0.017118 |   8.987122 |      9 | 0.928209 | 1.000000 | 1.030000 | 0.990000 | 1.023333 |  -0.973639 |      359 |      309 |       49 |   8.986926 |      9 | 0.921838 | 1.979200
1220 | 365700.0 | 366000.0 | 0.006540 | 0.017116 |   8.986926 |      9 | 0.921838 | 1.000000 | 0.993333 | 0.980000 | 0.996667 |  -0.486877 |      358 |      298 |       60 |   8.986970 |      9 | 0.918654 | 2.059832
1221 | 366000.0 | 366300.0 | 0.006537 | 0.017114 |   8.986970 |      9 | 0.918654 | 1.000000 | 1.053333 | 0.993333 | 0.956667 |   1.071256 |      361 |      316 |       45 |   8.986621 |      9 | 0.925656 | 1.882514
1222 | 366300.0 | 366600.0 | 0.006533 | 0.017112 |   8.986621 |      9 | 0.925656 | 1.000000 | 1.036667 | 1.026667 | 0.996667 |   0.876586 |      361 |      311 |       51 |   8.986381 |      9 | 0.931383 | 1.737494
1223 | 366600.0 | 366900.0 | 0.006530 | 0.017110 |   8.986381 |      9 | 0.931383 | 1.000000 | 1.050000 | 1.013333 | 0.953333 |   1.753378 |      361 |      315 |       45 |   8.986055 |      9 | 0.942833 | 1.447575
1224 | 366900.0 | 367200.0 | 0.006526 | 0.017108 |   8.986055 |      9 | 0.942833 | 1.000000 | 1.040000 | 0.783333 | 0.956667 |  -5.065910 |      356 |      312 |       44 |   8.985794 |      9 | 0.909770 | 2.284775
1225 | 367200.0 | 367500.0 | 0.006523 | 0.017106 |   8.985794 |      9 | 0.909770 | 1.000000 | 1.013333 | 1.013333 | 0.960000 |   1.558925 |      359 |      304 |       56 |   8.985707 |      9 | 0.919939 | 2.027281
1226 | 367500.0 | 367800.0 | 0.006520 | 0.017104 |   8.985707 |      9 | 0.919939 | 1.000000 | 1.023333 | 1.040000 | 1.016667 |   0.682110 |      360 |      307 |       52 |   8.985555 |      9 | 0.924386 | 1.914674
1227 | 367800.0 | 368100.0 | 0.006516 | 0.017102 |   8.985555 |      9 | 0.924386 | 1.000000 | 1.073333 | 1.023333 | 0.960000 |   1.851659 |      363 |      322 |       41 |   8.985077 |      9 | 0.936452 | 1.609150
1228 | 368100.0 | 368400.0 | 0.006513 | 0.017100 |   8.985077 |      9 | 0.936452 | 1.000000 | 1.010000 | 0.966667 | 0.983333 |  -0.487336 |      357 |      303 |       54 |   8.985012 |      9 | 0.933278 | 1.689518
1229 | 368400.0 | 368700.0 | 0.006509 | 0.017098 |   8.985012 |      9 | 0.933278 | 1.000000 | 1.056667 | 0.950000 | 0.976667 |  -0.779829 |      361 |      317 |       44 |   8.984643 |      9 | 0.928202 | 1.818054
1230 | 368700.0 | 369000.0 | 0.006506 | 0.017096 |   8.984643 |      9 | 0.928202 | 1.000000 | 1.030000 | 0.993333 | 1.023333 |  -0.877410 |      360 |      309 |       52 |   8.984448 |      9 | 0.922493 | 1.962598
1231 | 369000.0 | 369300.0 | 0.006502 | 0.017094 |   8.984448 |      9 | 0.922493 | 1.000000 | 0.970000 | 0.963333 | 1.020000 |  -1.657525 |      355 |      291 |       63 |   8.984643 |      9 | 0.911716 | 2.235514
1232 | 369300.0 | 369600.0 | 0.006499 | 0.017092 |   8.984643 |      9 | 0.911716 | 1.000000 | 0.986667 | 0.983333 | 0.960000 |   0.682590 |      357 |      296 |       61 |   8.984730 |      9 | 0.916152 | 2.123183
1233 | 369600.0 | 369900.0 | 0.006496 | 0.017090 |   8.984730 |      9 | 0.916152 | 1.000000 | 0.990000 | 0.970000 | 0.973333 |  -0.097524 |      356 |      297 |       59 |   8.984794 |      9 | 0.915518 | 2.139223
1234 | 369900.0 | 370200.0 | 0.006492 | 0.017088 |   8.984794 |      9 | 0.915518 | 1.000000 | 0.966667 | 0.986667 | 0.986667 |   0.000000 |      355 |      290 |       65 |   8.985011 |      9 | 0.915518 | 2.139223
1235 | 370200.0 | 370500.0 | 0.006489 | 0.017086 |   8.985011 |      9 | 0.915518 | 1.000000 | 1.013333 | 1.080000 | 0.920000 |   4.682259 |      360 |      304 |       56 |   8.984924 |      9 | 0.945900 | 1.369895
1236 | 370500.0 | 370800.0 | 0.006485 | 0.017084 |   8.984924 |      9 | 0.945900 | 1.000000 | 1.016667 | 0.776667 | 1.003333 |  -6.633975 |      351 |      305 |       47 |   8.984816 |      9 | 0.902877 | 2.459333
1237 | 370800.0 | 371100.0 | 0.006482 | 0.017082 |   8.984816 |      9 | 0.902877 | 1.000000 | 1.003333 | 0.960000 | 0.970000 |  -0.292709 |      361 |      301 |       59 |   8.984795 |      9 | 0.900979 | 2.507377
1238 | 371100.0 | 371400.0 | 0.006479 | 0.017080 |   8.984795 |      9 | 0.900979 | 1.000000 | 0.976667 | 0.980000 | 0.956667 |   0.683068 |      355 |      293 |       62 |   8.984946 |      9 | 0.905405 | 2.395320
1239 | 371400.0 | 371700.0 | 0.006475 | 0.017078 |   8.984946 |      9 | 0.905405 | 1.000000 | 0.973333 | 0.993333 | 0.930000 |   1.854259 |      357 |      292 |       65 |   8.985119 |      9 | 0.917411 | 2.091290
1240 | 371700.0 | 372000.0 | 0.006472 | 0.017076 |   8.985119 |      9 | 0.917411 | 1.000000 | 0.966667 | 1.003333 | 1.000000 |   0.097604 |      354 |      290 |       64 |   8.985334 |      9 | 0.918043 | 2.075294
1241 | 372000.0 | 372300.0 | 0.006468 | 0.017074 |   8.985334 |      9 | 0.918043 | 1.000000 | 1.073333 | 1.040000 | 0.980000 |   1.757075 |      365 |      322 |       43 |   8.984860 |      9 | 0.929408 | 1.787499
1242 | 372300.0 | 372600.0 | 0.006465 | 0.017072 |   8.984860 |      9 | 0.929408 | 1.000000 | 1.020000 | 0.943333 | 0.980000 |  -1.073892 |      359 |      306 |       53 |   8.984731 |      9 | 0.922466 | 1.963303
1243 | 372600.0 | 372900.0 | 0.006462 | 0.017070 |   8.984731 |      9 | 0.922466 | 1.000000 | 0.993333 | 1.026667 | 1.036667 |  -0.292914 |      355 |      298 |       57 |   8.984774 |      9 | 0.920573 | 2.011230
1244 | 372900.0 | 373200.0 | 0.006458 | 0.017068 |   8.984774 |      9 | 0.920573 | 1.000000 | 0.953333 | 1.000000 | 0.993333 |   0.195298 |      356 |      286 |       70 |   8.985075 |      9 | 0.921834 | 1.979291
1245 | 373200.0 | 373500.0 | 0.006455 | 0.017066 |   8.985075 |      9 | 0.921834 | 1.000000 | 1.033333 | 0.956667 | 0.970000 |  -0.390642 |      360 |      310 |       50 |   8.984860 |      9 | 0.919313 | 2.043142
1246 | 373500.0 | 373800.0 | 0.006452 | 0.017064 |   8.984860 |      9 | 0.919313 | 1.000000 | 1.020000 | 0.980000 | 0.993333 |  -0.390687 |      361 |      306 |       55 |   8.984731 |      9 | 0.916792 | 2.106967
1247 | 373800.0 | 374100.0 | 0.006448 | 0.017062 |   8.984731 |      9 | 0.916792 | 1.000000 | 1.056667 | 1.010000 | 1.030000 |  -0.586099 |      362 |      317 |       45 |   8.984365 |      9 | 0.913013 | 2.202666
1248 | 374100.0 | 374400.0 | 0.006445 | 0.017060 |   8.984365 |      9 | 0.913013 | 1.000000 | 1.016667 | 0.986667 | 0.920000 |   1.953889 |      361 |      305 |       56 |   8.984258 |      9 | 0.925605 | 1.883799
1249 | 374400.0 | 374700.0 | 0.006442 | 0.017058 |   8.984258 |      9 | 0.925605 | 1.000000 | 1.036667 | 0.943333 | 0.973333 |  -0.879352 |      360 |      311 |       49 |   8.984022 |      9 | 0.919941 | 2.027231
1250 | 374700.0 | 375000.0 | 0.006438 | 0.017056 |   8.984022 |      9 | 0.919941 | 1.000000 | 1.026667 | 1.000000 | 0.970000 |   0.879453 |      362 |      308 |       54 |   8.983850 |      9 | 0.925603 | 1.883857
1251 | 375000.0 | 375300.0 | 0.006435 | 0.017054 |   8.983850 |      9 | 0.925603 | 1.000000 | 1.013333 | 1.000000 | 0.983333 |   0.488641 |      357 |      304 |       53 |   8.983764 |      9 | 0.928747 | 1.804236
1252 | 375300.0 | 375600.0 | 0.006432 | 0.017052 |   8.983764 |      9 | 0.928747 | 1.000000 | 1.040000 | 1.026667 | 0.986667 |   1.172875 |      360 |      312 |       48 |   8.983507 |      9 | 0.936291 | 1.613224
1253 | 375600.0 | 375900.0 | 0.006428 | 0.017050 |   8.983507 |      9 | 0.936291 | 1.000000 | 1.016667 | 0.983333 | 0.970000 |   0.391003 |      357 |      305 |       52 |   8.983400 |      9 | 0.938804 | 1.549579
1254 | 375900.0 | 376200.0 | 0.006425 | 0.017048 |   8.983400 |      9 | 0.938804 | 1.000000 | 1.070000 | 0.906667 | 0.993333 |  -2.541814 |      361 |      321 |       40 |   8.982950 |      9 | 0.922473 | 1.963106
1255 | 376200.0 | 376500.0 | 0.006422 | 0.017046 |   8.982950 |      9 | 0.922473 | 1.000000 | 1.036667 | 1.036667 | 1.013333 |   0.684413 |      362 |      311 |       51 |   8.982715 |      9 | 0.926868 | 1.851816
1256 | 376500.0 | 376800.0 | 0.006418 | 0.017044 |   8.982715 |      9 | 0.926868 | 1.000000 | 0.956667 | 0.973333 | 1.023333 |  -1.466768 |      353 |      287 |       66 |   8.982993 |      9 | 0.917454 | 2.090198
1257 | 376800.0 | 377100.0 | 0.006415 | 0.017042 |   8.982993 |      9 | 0.917454 | 1.000000 | 1.016667 | 1.053333 | 1.036667 |   0.488979 |      358 |      305 |       53 |   8.982886 |      9 | 0.920591 | 2.010769
1258 | 377100.0 | 377400.0 | 0.006412 | 0.017040 |   8.982886 |      9 | 0.920591 | 1.000000 | 1.060000 | 1.003333 | 0.926667 |   2.249561 |      364 |      318 |       46 |   8.982501 |      9 | 0.935015 | 1.645544
1259 | 377400.0 | 377700.0 | 0.006408 | 0.017038 |   8.982501 |      9 | 0.935015 | 1.000000 | 1.010000 | 0.996667 | 0.963333 |   0.978182 |      356 |      303 |       53 |   8.982437 |      9 | 0.941283 | 1.486814
1260 | 377700.0 | 378000.0 | 0.006405 | 0.017036 |   8.982437 |      9 | 0.941283 | 1.000000 | 0.993333 | 0.906667 | 1.003333 |  -2.837053 |      353 |      298 |       55 |   8.982480 |      9 | 0.923112 | 1.946947
1261 | 378000.0 | 378300.0 | 0.006402 | 0.017035 |   8.982480 |      9 | 0.923112 | 1.000000 | 1.003333 | 1.016667 | 0.973333 |   1.271928 |      359 |      301 |       58 |   8.982459 |      9 | 0.931254 | 1.740763
1262 | 378300.0 | 378600.0 | 0.006398 | 0.017033 |   8.982459 |      9 | 0.931254 | 1.000000 | 1.030000 | 1.013333 | 1.010000 |   0.097852 |      357 |      309 |       48 |   8.982267 |      9 | 0.931880 | 1.724909
1263 | 378600.0 | 378900.0 | 0.006395 | 0.017031 |   8.982267 |      9 | 0.931880 | 1.000000 | 1.003333 | 1.026667 | 1.023333 |   0.097863 |      356 |      301 |       55 |   8.982245 |      9 | 0.932506 | 1.709061
1264 | 378900.0 | 379200.0 | 0.006392 | 0.017029 |   8.982245 |      9 | 0.932506 | 1.000000 | 1.063333 | 1.013333 | 0.960000 |   1.565987 |      363 |      319 |       44 |   8.981840 |      9 | 0.942516 | 1.455600
1265 | 379200.0 | 379500.0 | 0.006389 | 0.017027 |   8.981840 |      9 | 0.942516 | 1.000000 | 0.933333 | 0.870000 | 0.966667 |  -2.838675 |      344 |      280 |       65 |   8.982266 |      9 | 0.924381 | 1.914815
1266 | 379500.0 | 379800.0 | 0.006385 | 0.017025 |   8.982266 |      9 | 0.924381 | 1.000000 | 0.986667 | 0.990000 | 0.950000 |   1.174758 |      356 |      296 |       59 |   8.982352 |      9 | 0.931882 | 1.724871
1267 | 379800.0 | 380100.0 | 0.006382 | 0.017023 |   8.982352 |      9 | 0.931882 | 1.000000 | 1.033333 | 1.000000 | 0.940000 |   1.762338 |      360 |      310 |       50 |   8.982139 |      9 | 0.943129 | 1.440068
1268 | 380100.0 | 380400.0 | 0.006379 | 0.017021 |   8.982139 |      9 | 0.943129 | 1.000000 | 1.010000 | 0.860000 | 1.023333 |  -4.798021 |      354 |      303 |       52 |   8.982075 |      9 | 0.912523 | 2.215056
1269 | 380400.0 | 380700.0 | 0.006376 | 0.017019 |   8.982075 |      9 | 0.912523 | 1.000000 | 1.030000 | 0.966667 | 0.936667 |   0.881369 |      362 |      309 |       52 |   8.981884 |      9 | 0.918143 | 2.072768
1270 | 380700.0 | 381000.0 | 0.006372 | 0.017017 |   8.981884 |      9 | 0.918143 | 1.000000 | 1.053333 | 0.976667 | 1.033333 |  -1.664998 |      363 |      316 |       47 |   8.981544 |      9 | 0.907533 | 2.341428
1271 | 381000.0 | 381300.0 | 0.006369 | 0.017015 |   8.981544 |      9 | 0.907533 | 1.000000 | 1.016667 | 0.940000 | 0.973333 |  -0.979522 |      361 |      305 |       56 |   8.981438 |      9 | 0.901294 | 2.499400
1272 | 381300.0 | 381600.0 | 0.006366 | 0.017013 |   8.981438 |      9 | 0.901294 | 1.000000 | 1.036667 | 1.006667 | 0.963333 |   1.273523 |      362 |      311 |       51 |   8.981204 |      9 | 0.909401 | 2.294117
1273 | 381600.0 | 381900.0 | 0.006363 | 0.017011 |   8.981204 |      9 | 0.909401 | 1.000000 | 1.093333 | 1.010000 | 0.943333 |   1.959488 |      366 |      328 |       38 |   8.980610 |      9 | 0.921869 | 1.978423
1274 | 381900.0 | 382200.0 | 0.006359 | 0.017009 |   8.980610 |      9 | 0.921869 | 1.000000 | 1.046667 | 0.990000 | 0.990000 |   0.000000 |      363 |      314 |       49 |   8.980314 |      9 | 0.921869 | 1.978423
1275 | 382200.0 | 382500.0 | 0.006356 | 0.017007 |   8.980314 |      9 | 0.921869 | 1.000000 | 1.003333 | 1.006667 | 0.996667 |   0.293990 |      357 |      301 |       56 |   8.980293 |      9 | 0.923737 | 1.931107
1276 | 382500.0 | 382800.0 | 0.006353 | 0.017005 |   8.980293 |      9 | 0.923737 | 1.000000 | 0.993333 | 1.000000 | 0.963333 |   1.078085 |      355 |      298 |       57 |   8.980335 |      9 | 0.930586 | 1.757681
1277 | 382800.0 | 383100.0 | 0.006350 | 0.017004 |   8.980335 |      9 | 0.930586 | 1.000000 | 1.020000 | 0.996667 | 1.026667 |  -0.882169 |      359 |      306 |       53 |   8.980208 |      9 | 0.924985 | 1.899519
1278 | 383100.0 | 383400.0 | 0.006346 | 0.017002 |   8.980208 |      9 | 0.924985 | 1.000000 | 0.970000 | 0.993333 | 0.983333 |   0.294090 |      354 |      291 |       63 |   8.980398 |      9 | 0.926851 | 1.852258
1279 | 383400.0 | 383700.0 | 0.006343 | 0.017000 |   8.980398 |      9 | 0.926851 | 1.000000 | 1.020000 | 0.996667 | 1.066667 |  -2.058860 |      358 |      306 |       52 |   8.980271 |      9 | 0.913791 | 2.182951
1280 | 383700.0 | 384000.0 | 0.006340 | 0.016998 |   8.980271 |      9 | 0.913791 | 1.000000 | 0.993333 | 0.976667 | 1.000000 |  -0.686364 |      358 |      298 |       61 |   8.980314 |      9 | 0.909440 | 2.293139
1281 | 384000.0 | 384300.0 | 0.006337 | 0.016996 |   8.980314 |      9 | 0.909440 | 1.000000 | 1.080000 | 1.070000 | 0.996667 |   2.157387 |      367 |      324 |       42 |   8.979807 |      9 | 0.923111 | 1.946971
1282 | 384300.0 | 384600.0 | 0.006334 | 0.016994 |   8.979807 |      9 | 0.923111 | 1.000000 | 1.010000 | 0.993333 | 0.950000 |   1.274963 |      358 |      303 |       55 |   8.979743 |      9 | 0.931186 | 1.742499
1283 | 384600.0 | 384900.0 | 0.006330 | 0.016992 |   8.979743 |      9 | 0.931186 | 1.000000 | 0.986667 | 1.036667 | 1.030000 |   0.196170 |      354 |      296 |       58 |   8.979828 |      9 | 0.932427 | 1.711054
1284 | 384900.0 | 385200.0 | 0.006327 | 0.016990 |   8.979828 |      9 | 0.932427 | 1.000000 | 1.043333 | 0.960000 | 0.946667 |   0.392385 |      362 |      313 |       50 |   8.979554 |      9 | 0.934910 | 1.648189
1285 | 385200.0 | 385500.0 | 0.006324 | 0.016988 |   8.979554 |      9 | 0.934910 | 1.000000 | 1.033333 | 0.933333 | 0.990000 |  -1.667823 |      360 |      310 |       49 |   8.979343 |      9 | 0.924363 | 1.915261
1286 | 385500.0 | 385800.0 | 0.006321 | 0.016986 |   8.979343 |      9 | 0.924363 | 1.000000 | 0.983333 | 0.980000 | 0.946667 |   0.981182 |      353 |      295 |       58 |   8.979448 |      9 | 0.930565 | 1.758221
1287 | 385800.0 | 386100.0 | 0.006318 | 0.016984 |   8.979448 |      9 | 0.930565 | 1.000000 | 1.070000 | 1.000000 | 0.966667 |   0.981292 |      364 |      321 |       43 |   8.979006 |      9 | 0.936764 | 1.601243
1288 | 386100.0 | 386400.0 | 0.006314 | 0.016982 |   8.979006 |      9 | 0.936764 | 1.000000 | 0.943333 | 0.973333 | 0.993333 |  -0.588842 |      346 |      283 |       64 |   8.979364 |      9 | 0.933046 | 1.695393
1289 | 386400.0 | 386700.0 | 0.006311 | 0.016981 |   8.979364 |      9 | 0.933046 | 1.000000 | 1.023333 | 0.946667 | 1.023333 |  -2.257479 |      358 |      307 |       51 |   8.979217 |      9 | 0.918799 | 2.056159
1290 | 386700.0 | 387000.0 | 0.006308 | 0.016979 |   8.979217 |      9 | 0.918799 | 1.000000 | 0.996667 | 0.983333 | 0.996667 |  -0.392649 |      357 |      299 |       57 |   8.979238 |      9 | 0.916322 | 2.118876
1291 | 387000.0 | 387300.0 | 0.006305 | 0.016977 |   8.979238 |      9 | 0.916322 | 1.000000 | 1.006667 | 0.986667 | 0.980000 |   0.196346 |      358 |      302 |       57 |   8.979195 |      9 | 0.917560 | 2.087530
1292 | 387300.0 | 387600.0 | 0.006302 | 0.016975 |   8.979195 |      9 | 0.917560 | 1.000000 | 0.993333 | 1.013333 | 0.926667 |   2.552789 |      357 |      298 |       58 |   8.979238 |      9 | 0.933646 | 1.680186
1293 | 387600.0 | 387900.0 | 0.006298 | 0.016973 |   8.979238 |      9 | 0.933646 | 1.000000 | 1.050000 | 0.976667 | 0.993333 |  -0.490976 |      360 |      315 |       45 |   8.978923 |      9 | 0.930554 | 1.758491
1294 | 387900.0 | 388200.0 | 0.006295 | 0.016971 |   8.978923 |      9 | 0.930554 | 1.000000 | 1.023333 | 1.033333 | 0.980000 |   1.571298 |      359 |      307 |       52 |   8.978776 |      9 | 0.940446 | 1.508014
1295 | 388200.0 | 388500.0 | 0.006292 | 0.016969 |   8.978776 |      9 | 0.940446 | 1.000000 | 0.993333 | 0.906667 | 0.970000 |  -1.866125 |      353 |      298 |       56 |   8.978818 |      9 | 0.928704 | 1.805339
1296 | 388500.0 | 388800.0 | 0.006289 | 0.016967 |   8.978818 |      9 | 0.928704 | 1.000000 | 0.970000 | 0.920000 | 0.906667 |   0.392912 |      353 |      291 |       61 |   8.979006 |      9 | 0.931175 | 1.742769
1297 | 388800.0 | 389100.0 | 0.006286 | 0.016965 |   8.979006 |      9 | 0.931175 | 1.000000 | 1.020000 | 1.006667 | 1.023333 |  -0.491195 |      357 |      306 |       51 |   8.978881 |      9 | 0.928087 | 1.820951
1298 | 389100.0 | 389400.0 | 0.006283 | 0.016964 |   8.978881 |      9 | 0.928087 | 1.000000 | 1.016667 | 0.983333 | 1.003333 |  -0.589500 |      358 |      305 |       53 |   8.978776 |      9 | 0.924384 | 1.914734
1299 | 389400.0 | 389700.0 | 0.006280 | 0.016962 |   8.978776 |      9 | 0.924384 | 1.000000 | 1.013333 | 1.003333 | 0.986667 |   0.491304 |      360 |      304 |       56 |   8.978692 |      9 | 0.927469 | 1.836612
1300 | 389700.0 | 390000.0 | 0.006276 | 0.016960 |   8.978692 |      9 | 0.927469 | 1.000000 | 1.033333 | 1.016667 | 1.010000 |   0.196544 |      360 |      310 |       50 |   8.978483 |      9 | 0.928702 | 1.805376
1301 | 390000.0 | 390300.0 | 0.006273 | 0.016958 |   8.978483 |      9 | 0.928702 | 1.000000 | 1.033333 | 0.973333 | 0.960000 |   0.393131 |      359 |      310 |       49 |   8.978274 |      9 | 0.931169 | 1.742927
1302 | 390300.0 | 390600.0 | 0.006270 | 0.016956 |   8.978274 |      9 | 0.931169 | 1.000000 | 1.043333 | 0.950000 | 0.980000 |  -0.884642 |      361 |      313 |       48 |   8.978002 |      9 | 0.925622 | 1.883382
1303 | 390600.0 | 390900.0 | 0.006267 | 0.016954 |   8.978002 |      9 | 0.925622 | 1.000000 | 0.990000 | 1.063333 | 0.990000 |   2.162699 |      355 |      297 |       60 |   8.978065 |      9 | 0.939176 | 1.540181
1304 | 390900.0 | 391200.0 | 0.006264 | 0.016952 |   8.978065 |      9 | 0.939176 | 1.000000 | 1.040000 | 0.910000 | 1.046667 |  -4.030931 |      357 |      312 |       43 |   8.977814 |      9 | 0.913926 | 2.179535
1305 | 391200.0 | 391500.0 | 0.006261 | 0.016950 |   8.977814 |      9 | 0.913926 | 1.000000 | 1.040000 | 1.023333 | 0.983333 |   1.179915 |      363 |      312 |       51 |   8.977564 |      9 | 0.921313 | 1.992480
1306 | 391500.0 | 391800.0 | 0.006258 | 0.016948 |   8.977564 |      9 | 0.921313 | 1.000000 | 0.990000 | 1.010000 | 0.933333 |   2.261755 |      356 |      297 |       59 |   8.977626 |      9 | 0.935467 | 1.634095
1307 | 391800.0 | 392100.0 | 0.006255 | 0.016947 |   8.977626 |      9 | 0.935467 | 1.000000 | 1.026667 | 0.960000 | 0.983333 |  -0.688436 |      358 |      308 |       50 |   8.977460 |      9 | 0.931161 | 1.743127
1308 | 392100.0 | 392400.0 | 0.006251 | 0.016945 |   8.977460 |      9 | 0.931161 | 1.000000 | 0.953333 | 0.976667 | 1.046667 |  -2.065537 |      352 |      286 |       66 |   8.977751 |      9 | 0.918248 | 2.070094
1309 | 392400.0 | 392700.0 | 0.006248 | 0.016943 |   8.977751 |      9 | 0.918248 | 1.000000 | 1.013333 | 0.983333 | 1.013333 |  -0.885328 |      360 |      304 |       56 |   8.977668 |      9 | 0.912716 | 2.210169
1310 | 392700.0 | 393000.0 | 0.006245 | 0.016941 |   8.977668 |      9 | 0.912716 | 1.000000 | 0.980000 | 1.006667 | 0.946667 |   1.770851 |      356 |      294 |       62 |   8.977793 |      9 | 0.923776 | 1.930127
1311 | 393000.0 | 393300.0 | 0.006242 | 0.016939 |   8.977793 |      9 | 0.923776 | 1.000000 | 0.996667 | 0.946667 | 1.026667 |  -2.361395 |      356 |      299 |       57 |   8.977814 |      9 | 0.909036 | 2.303372
1312 | 393300.0 | 393600.0 | 0.006239 | 0.016937 |   8.977814 |      9 | 0.909036 | 1.000000 | 0.976667 | 0.950000 | 0.996667 |  -1.377632 |      356 |      293 |       63 |   8.977959 |      9 | 0.900441 | 2.521013
1313 | 393600.0 | 393900.0 | 0.006236 | 0.016935 |   8.977959 |      9 | 0.900441 | 1.000000 | 0.993333 | 0.993333 | 0.906667 |   2.558742 |      359 |      298 |       62 |   8.978001 |      9 | 0.916397 | 2.116977
1314 | 393900.0 | 394200.0 | 0.006233 | 0.016934 |   8.978001 |      9 | 0.916397 | 1.000000 | 1.023333 | 0.983333 | 0.956667 |   0.787392 |      360 |      307 |       52 |   8.977855 |      9 | 0.921304 | 1.992706
1315 | 394200.0 | 394500.0 | 0.006230 | 0.016932 |   8.977855 |      9 | 0.921304 | 1.000000 | 1.053333 | 1.046667 | 1.020000 |   0.787478 |      362 |      316 |       46 |   8.977523 |      9 | 0.926210 | 1.868483
1316 | 394500.0 | 394800.0 | 0.006227 | 0.016930 |   8.977523 |      9 | 0.926210 | 1.000000 | 0.963333 | 1.050000 | 0.930000 |   3.544042 |      354 |      289 |       65 |   8.977752 |      9 | 0.948278 | 1.309694
1317 | 394800.0 | 395100.0 | 0.006224 | 0.016928 |   8.977752 |      9 | 0.948278 | 1.000000 | 0.986667 | 0.753333 | 0.980000 |  -6.695036 |      348 |      296 |       52 |   8.977834 |      9 | 0.906611 | 2.364779
1318 | 395100.0 | 395400.0 | 0.006221 | 0.016926 |   8.977834 |      9 | 0.906611 | 1.000000 | 1.003333 | 1.020000 | 0.926667 |   2.757082 |      359 |      301 |       58 |   8.977814 |      9 | 0.923761 | 1.930499
1319 | 395400.0 | 395700.0 | 0.006217 | 0.016924 |   8.977814 |      9 | 0.923761 | 1.000000 | 0.943333 | 0.926667 | 1.006667 |  -2.363472 |      350 |      283 |       67 |   8.978166 |      9 | 0.909066 | 2.302596
1320 | 395700.0 | 396000.0 | 0.006214 | 0.016922 |   8.978166 |      9 | 0.909066 | 1.000000 | 0.980000 | 0.983333 | 0.923333 |   1.772798 |      356 |      294 |       62 |   8.978290 |      9 | 0.920083 | 2.023630
1321 | 396000.0 | 396300.0 | 0.006211 | 0.016921 |   8.978290 |      9 | 0.920083 | 1.000000 | 1.040000 | 0.993333 | 1.010000 |  -0.492498 |      362 |      312 |       50 |   8.978042 |      9 | 0.917024 | 2.101091
1322 | 396300.0 | 396600.0 | 0.006208 | 0.016919 |   8.978042 |      9 | 0.917024 | 1.000000 | 1.033333 | 0.970000 | 1.040000 |  -2.068717 |      362 |      310 |       52 |   8.977835 |      9 | 0.904181 | 2.426302
1323 | 396600.0 | 396900.0 | 0.006205 | 0.016917 |   8.977835 |      9 | 0.904181 | 1.000000 | 1.036667 | 0.996667 | 0.910000 |   2.561549 |      362 |      311 |       51 |   8.977607 |      9 | 0.920076 | 2.023814
1324 | 396900.0 | 397200.0 | 0.006202 | 0.016915 |   8.977607 |      9 | 0.920076 | 1.000000 | 1.040000 | 1.013333 | 1.053333 |  -1.182383 |      362 |      312 |       50 |   8.977359 |      9 | 0.912743 | 2.209507
1325 | 397200.0 | 397500.0 | 0.006199 | 0.016913 |   8.977359 |      9 | 0.912743 | 1.000000 | 1.053333 | 0.980000 | 1.006667 |  -0.788341 |      363 |      316 |       47 |   8.977029 |      9 | 0.907856 | 2.333254
1326 | 397500.0 | 397800.0 | 0.006196 | 0.016911 |   8.977029 |      9 | 0.907856 | 1.000000 | 0.986667 | 0.986667 | 0.920000 |   1.971068 |      356 |      296 |       60 |   8.977111 |      9 | 0.920068 | 2.024003
1327 | 397800.0 | 398100.0 | 0.006193 | 0.016909 |   8.977111 |      9 | 0.920068 | 1.000000 | 1.003333 | 1.020000 | 0.986667 |   0.985641 |      359 |      301 |       59 |   8.977091 |      9 | 0.926173 | 1.869437
1328 | 398100.0 | 398400.0 | 0.006190 | 0.016908 |   8.977091 |      9 | 0.926173 | 1.000000 | 1.053333 | 0.996667 | 1.040000 |  -1.281473 |      363 |      316 |       46 |   8.976761 |      9 | 0.918240 | 2.070297
1329 | 398400.0 | 398700.0 | 0.006187 | 0.016906 |   8.976761 |      9 | 0.918240 | 1.000000 | 0.970000 | 1.020000 | 0.953333 |   1.971712 |      355 |      291 |       65 |   8.976946 |      9 | 0.930439 | 1.761399
1330 | 398700.0 | 399000.0 | 0.006184 | 0.016904 |   8.976946 |      9 | 0.930439 | 1.000000 | 0.996667 | 0.983333 | 0.963333 |   0.591578 |      356 |      299 |       56 |   8.976967 |      9 | 0.934097 | 1.668765
1331 | 399000.0 | 399300.0 | 0.006181 | 0.016902 |   8.976967 |      9 | 0.934097 | 1.000000 | 1.053333 | 1.023333 | 0.973333 |   1.479105 |      360 |      316 |       44 |   8.976637 |      9 | 0.943240 | 1.437269
1332 | 399300.0 | 399600.0 | 0.006178 | 0.016900 |   8.976637 |      9 | 0.943240 | 1.000000 | 1.043333 | 0.870000 | 0.976667 |  -3.155767 |      357 |      313 |       44 |   8.976369 |      9 | 0.923744 | 1.930940
1333 | 399600.0 | 399900.0 | 0.006175 | 0.016898 |   8.976369 |      9 | 0.923744 | 1.000000 | 1.013333 | 0.986667 | 1.040000 |  -1.578055 |      359 |      304 |       55 |   8.976287 |      9 | 0.913999 | 2.177682
1334 | 399900.0 | 400200.0 | 0.006172 | 0.016897 |   8.976287 |      9 | 0.913999 | 1.000000 | 1.096667 | 0.983333 | 0.916667 |   1.972782 |      367 |      329 |       38 |   8.975691 |      9 | 0.926175 | 1.869372
1335 | 400200.0 | 400500.0 | 0.006169 | 0.016895 |   8.975691 |      9 | 0.926175 | 1.000000 | 1.026667 | 1.070000 | 0.970000 |   2.959494 |      360 |      308 |       52 |   8.975526 |      9 | 0.944432 | 1.407082
1336 | 400500.0 | 400800.0 | 0.006166 | 0.016893 |   8.975526 |      9 | 0.944432 | 1.000000 | 0.976667 | 0.850000 | 0.936667 |  -2.565173 |      348 |      293 |       55 |   8.975670 |      9 | 0.928615 | 1.807581
1337 | 400800.0 | 401100.0 | 0.006163 | 0.016891 |   8.975670 |      9 | 0.928615 | 1.000000 | 1.040000 | 0.993333 | 0.960000 |   0.986712 |      361 |      312 |       49 |   8.975423 |      9 | 0.934696 | 1.653602
1338 | 401100.0 | 401400.0 | 0.006160 | 0.016889 |   8.975423 |      9 | 0.934696 | 1.000000 | 0.993333 | 0.973333 | 0.996667 |  -0.690773 |      355 |      298 |       57 |   8.975464 |      9 | 0.930441 | 1.761347
1339 | 401400.0 | 401700.0 | 0.006157 | 0.016887 |   8.975464 |      9 | 0.930441 | 1.000000 | 1.036667 | 0.986667 | 0.970000 |   0.493462 |      360 |      311 |       49 |   8.975239 |      9 | 0.933479 | 1.684415
1340 | 401700.0 | 402000.0 | 0.006154 | 0.016886 |   8.975239 |      9 | 0.933479 | 1.000000 | 0.996667 | 0.983333 | 0.993333 |  -0.296109 |      354 |      299 |       55 |   8.975259 |      9 | 0.931657 | 1.730557
1341 | 402000.0 | 402300.0 | 0.006151 | 0.016884 |   8.975259 |      9 | 0.931657 | 1.000000 | 0.986667 | 0.990000 | 1.003333 |  -0.394855 |      353 |      296 |       58 |   8.975341 |      9 | 0.929229 | 1.792055
1342 | 402300.0 | 402600.0 | 0.006148 | 0.016882 |   8.975341 |      9 | 0.929229 | 1.000000 | 0.990000 | 0.950000 | 0.996667 |  -1.382142 |      356 |      297 |       58 |   8.975403 |      9 | 0.920731 | 2.007220
1343 | 402600.0 | 402900.0 | 0.006145 | 0.016880 |   8.975403 |      9 | 0.920731 | 1.000000 | 1.036667 | 0.966667 | 1.010000 |  -1.283556 |      362 |      311 |       51 |   8.975177 |      9 | 0.912844 | 2.206940
1344 | 402900.0 | 403200.0 | 0.006142 | 0.016878 |   8.975177 |      9 | 0.912844 | 1.000000 | 1.013333 | 1.003333 | 0.976667 |   0.789966 |      359 |      304 |       55 |   8.975095 |      9 | 0.917696 | 2.084081
1345 | 403200.0 | 403500.0 | 0.006139 | 0.016877 |   8.975095 |      9 | 0.917696 | 1.000000 | 1.030000 | 0.980000 | 0.970000 |   0.296269 |      360 |      309 |       51 |   8.974911 |      9 | 0.919515 | 2.038027
1346 | 403500.0 | 403800.0 | 0.006136 | 0.016875 |   8.974911 |      9 | 0.919515 | 1.000000 | 1.026667 | 0.993333 | 0.956667 |   1.086436 |      361 |      308 |       53 |   8.974748 |      9 | 0.926181 | 1.869224
1347 | 403800.0 | 404100.0 | 0.006133 | 0.016873 |   8.974748 |      9 | 0.926181 | 1.000000 | 1.000000 | 1.000000 | 1.010000 |  -0.296333 |      357 |      300 |       57 |   8.974748 |      9 | 0.924364 | 1.915244
1348 | 404100.0 | 404400.0 | 0.006130 | 0.016871 |   8.974748 |      9 | 0.924364 | 1.000000 | 1.013333 | 1.043333 | 0.966667 |   2.272127 |      360 |      304 |       56 |   8.974666 |      9 | 0.938292 | 1.562558
1349 | 404400.0 | 404700.0 | 0.006127 | 0.016869 |   8.974666 |      9 | 0.938292 | 1.000000 | 1.010000 | 0.926667 | 0.990000 |  -1.877176 |      353 |      303 |       50 |   8.974605 |      9 | 0.926790 | 1.853798
1350 | 404700.0 | 405000.0 | 0.006124 | 0.016868 |   8.974605 |      9 | 0.926790 | 1.000000 | 0.996667 | 1.026667 | 0.976667 |   1.482140 |      356 |      299 |       57 |   8.974625 |      9 | 0.935867 | 1.623958
1351 | 405000.0 | 405300.0 | 0.006121 | 0.016866 |   8.974625 |      9 | 0.935867 | 1.000000 | 0.956667 | 0.916667 | 1.030000 |  -3.359877 |      351 |      287 |       64 |   8.974890 |      9 | 0.915301 | 2.144732
1352 | 405300.0 | 405600.0 | 0.006118 | 0.016864 |   8.974890 |      9 | 0.915301 | 1.000000 | 1.016667 | 1.023333 | 1.040000 |  -0.494152 |      360 |      305 |       56 |   8.974788 |      9 | 0.912277 | 2.221288
1353 | 405600.0 | 405900.0 | 0.006115 | 0.016862 |   8.974788 |      9 | 0.912277 | 1.000000 | 1.020000 | 1.023333 | 0.980000 |   1.284934 |      360 |      306 |       53 |   8.974666 |      9 | 0.920135 | 2.022318
1354 | 405900.0 | 406200.0 | 0.006112 | 0.016860 |   8.974666 |      9 | 0.920135 | 1.000000 | 1.026667 | 0.986667 | 1.003333 |  -0.494258 |      360 |      308 |       52 |   8.974503 |      9 | 0.917114 | 2.098816
1355 | 406200.0 | 406500.0 | 0.006109 | 0.016858 |   8.974503 |      9 | 0.917114 | 1.000000 | 1.026667 | 1.036667 | 1.000000 |   1.087484 |      360 |      308 |       52 |   8.974340 |      9 | 0.923758 | 1.930583
1356 | 406500.0 | 406800.0 | 0.006106 | 0.016857 |   8.974340 |      9 | 0.923758 | 1.000000 | 1.063333 | 1.070000 | 0.996667 |   2.175200 |      363 |      319 |       45 |   8.973953 |      9 | 0.937041 | 1.594242
1357 | 406800.0 | 407100.0 | 0.006103 | 0.016855 |   8.973953 |      9 | 0.937041 | 1.000000 | 0.996667 | 1.006667 | 1.000000 |   0.197767 |      354 |      299 |       54 |   8.973974 |      9 | 0.938248 | 1.563677
1358 | 407100.0 | 407400.0 | 0.006101 | 0.016853 |   8.973974 |      9 | 0.938248 | 1.000000 | 1.003333 | 0.910000 | 1.023333 |  -3.362390 |      355 |      301 |       54 |   8.973953 |      9 | 0.917735 | 2.083088
1359 | 407400.0 | 407700.0 | 0.006098 | 0.016851 |   8.973953 |      9 | 0.917735 | 1.000000 | 0.996667 | 0.990000 | 0.966667 |   0.692330 |      357 |      299 |       58 |   8.973974 |      9 | 0.921957 | 1.976190
1360 | 407700.0 | 408000.0 | 0.006095 | 0.016850 |   8.973974 |      9 | 0.921957 | 1.000000 | 1.016667 | 1.026667 | 0.956667 |   2.077212 |      359 |      305 |       54 |   8.973872 |      9 | 0.934617 | 1.655617
1361 | 408000.0 | 408300.0 | 0.006092 | 0.016848 |   8.973872 |      9 | 0.934617 | 1.000000 | 1.003333 | 1.026667 | 1.046667 |  -0.593552 |      355 |      301 |       54 |   8.973852 |      9 | 0.931001 | 1.747175
1362 | 408300.0 | 408600.0 | 0.006089 | 0.016846 |   8.973852 |      9 | 0.931001 | 1.000000 | 1.043333 | 0.986667 | 0.956667 |   0.890423 |      359 |      313 |       46 |   8.973588 |      9 | 0.936423 | 1.609889
1363 | 408600.0 | 408900.0 | 0.006086 | 0.016844 |   8.973588 |      9 | 0.936423 | 1.000000 | 0.996667 | 0.950000 | 0.996667 |  -1.385250 |      355 |      299 |       56 |   8.973608 |      9 | 0.927992 | 1.823366
1364 | 408900.0 | 409200.0 | 0.006083 | 0.016842 |   8.973608 |      9 | 0.927992 | 1.000000 | 0.996667 | 0.946667 | 1.043333 |  -2.869751 |      355 |      299 |       56 |   8.973629 |      9 | 0.910535 | 2.265403
1365 | 409200.0 | 409500.0 | 0.006080 | 0.016841 |   8.973629 |      9 | 0.910535 | 1.000000 | 1.020000 | 0.963333 | 0.960000 |   0.098967 |      360 |      306 |       54 |   8.973507 |      9 | 0.911137 | 2.250166
1366 | 409500.0 | 409800.0 | 0.006077 | 0.016839 |   8.973507 |      9 | 0.911137 | 1.000000 | 1.006667 | 1.013333 | 0.936667 |   2.276492 |      360 |      302 |       58 |   8.973466 |      9 | 0.924972 | 1.899845
1367 | 409800.0 | 410100.0 | 0.006074 | 0.016837 |   8.973466 |      9 | 0.924972 | 1.000000 | 1.043333 | 0.993333 | 0.976667 |   0.494942 |      361 |      313 |       48 |   8.973203 |      9 | 0.927978 | 1.823717
1368 | 410100.0 | 410400.0 | 0.006071 | 0.016835 |   8.973203 |      9 | 0.927978 | 1.000000 | 1.003333 | 0.996667 | 0.930000 |   1.979977 |      358 |      301 |       57 |   8.973183 |      9 | 0.939999 | 1.519317
1369 | 410400.0 | 410700.0 | 0.006069 | 0.016833 |   8.973183 |      9 | 0.939999 | 1.000000 | 1.043333 | 0.916667 | 1.033333 |  -3.465326 |      358 |      313 |       45 |   8.972920 |      9 | 0.918970 | 2.051820
1370 | 410700.0 | 411000.0 | 0.006066 | 0.016832 |   8.972920 |      9 | 0.918970 | 1.000000 | 1.020000 | 0.950000 | 0.996667 |  -1.386277 |      360 |      306 |       54 |   8.972799 |      9 | 0.910561 | 2.264742
1371 | 411000.0 | 411300.0 | 0.006063 | 0.016830 |   8.972799 |      9 | 0.910561 | 1.000000 | 1.006667 | 1.010000 | 0.976667 |   0.990302 |      359 |      302 |       57 |   8.972758 |      9 | 0.916565 | 2.112711
1372 | 411300.0 | 411600.0 | 0.006060 | 0.016828 |   8.972758 |      9 | 0.916565 | 1.000000 | 1.003333 | 1.010000 | 1.010000 |   0.000000 |      357 |      301 |       56 |   8.972738 |      9 | 0.916565 | 2.112711
1373 | 411600.0 | 411900.0 | 0.006057 | 0.016826 |   8.972738 |      9 | 0.916565 | 1.000000 | 1.060000 | 0.973333 | 1.000000 |  -0.792409 |      366 |      318 |       48 |   8.972375 |      9 | 0.911766 | 2.234246
1374 | 411900.0 | 412200.0 | 0.006054 | 0.016825 |   8.972375 |      9 | 0.911766 | 1.000000 | 1.016667 | 0.990000 | 0.996667 |  -0.198123 |      360 |      305 |       55 |   8.972274 |      9 | 0.910566 | 2.264618
1375 | 412200.0 | 412500.0 | 0.006051 | 0.016823 |   8.972274 |      9 | 0.910566 | 1.000000 | 0.986667 | 0.950000 | 0.940000 |   0.297216 |      356 |      296 |       60 |   8.972354 |      9 | 0.912365 | 2.219076
1376 | 412500.0 | 412800.0 | 0.006048 | 0.016821 |   8.972354 |      9 | 0.912365 | 1.000000 | 0.966667 | 1.013333 | 0.983333 |   0.891742 |      356 |      290 |       66 |   8.972556 |      9 | 0.917758 | 2.082501
1377 | 412800.0 | 413100.0 | 0.006046 | 0.016819 |   8.972556 |      9 | 0.917758 | 1.000000 | 0.980000 | 0.993333 | 0.933333 |   1.783671 |      356 |      294 |       62 |   8.972677 |      9 | 0.928542 | 1.809451
1378 | 413100.0 | 413400.0 | 0.006043 | 0.016817 |   8.972677 |      9 | 0.928542 | 1.000000 | 0.990000 | 0.963333 | 0.993333 |  -0.891929 |      354 |      297 |       57 |   8.972737 |      9 | 0.923152 | 1.945926
1379 | 413400.0 | 413700.0 | 0.006040 | 0.016816 |   8.972737 |      9 | 0.923152 | 1.000000 | 1.013333 | 0.983333 | 0.973333 |   0.297341 |      358 |      304 |       54 |   8.972657 |      9 | 0.924948 | 1.900451
1380 | 413700.0 | 414000.0 | 0.006037 | 0.016814 |   8.972657 |      9 | 0.924948 | 1.000000 | 1.026667 | 0.963333 | 0.976667 |  -0.396496 |      359 |      308 |       51 |   8.972496 |      9 | 0.922554 | 1.961062
1381 | 414000.0 | 414300.0 | 0.006034 | 0.016812 |   8.972496 |      9 | 0.922554 | 1.000000 | 1.003333 | 0.996667 | 0.940000 |   1.685286 |      359 |      301 |       58 |   8.972476 |      9 | 0.932723 | 1.703561
1382 | 414300.0 | 414600.0 | 0.006031 | 0.016810 |   8.972476 |      9 | 0.932723 | 1.000000 | 0.960000 | 1.006667 | 1.023333 |  -0.495724 |      352 |      288 |       64 |   8.972717 |      9 | 0.929733 | 1.779269
1383 | 414600.0 | 414900.0 | 0.006028 | 0.016809 |   8.972717 |      9 | 0.929733 | 1.000000 | 0.976667 | 0.960000 | 0.966667 |  -0.198310 |      353 |      293 |       60 |   8.972858 |      9 | 0.928538 | 1.809541
1384 | 414900.0 | 415200.0 | 0.006026 | 0.016807 |   8.972858 |      9 | 0.928538 | 1.000000 | 1.020000 | 0.970000 | 0.983333 |  -0.396662 |      359 |      306 |       53 |   8.972737 |      9 | 0.926148 | 1.870062
1385 | 415200.0 | 415500.0 | 0.006023 | 0.016805 |   8.972737 |      9 | 0.926148 | 1.000000 | 1.026667 | 0.960000 | 1.013333 |  -1.586816 |      358 |      308 |       50 |   8.972577 |      9 | 0.916591 | 2.112060
1386 | 415500.0 | 415800.0 | 0.006020 | 0.016803 |   8.972577 |      9 | 0.916591 | 1.000000 | 1.003333 | 0.980000 | 0.956667 |   0.694304 |      359 |      301 |       58 |   8.972557 |      9 | 0.920771 | 2.006225
1387 | 415800.0 | 416100.0 | 0.006017 | 0.016802 |   8.972557 |      9 | 0.920771 | 1.000000 | 1.016667 | 1.006667 | 0.953333 |   1.587147 |      359 |      305 |       54 |   8.972456 |      9 | 0.930321 | 1.764405
1388 | 416100.0 | 416400.0 | 0.006014 | 0.016800 |   8.972456 |      9 | 0.930321 | 1.000000 | 1.040000 | 0.946667 | 1.023333 |  -2.281762 |      360 |      312 |       48 |   8.972216 |      9 | 0.916598 | 2.111894
1389 | 416400.0 | 416700.0 | 0.006011 | 0.016798 |   8.972216 |      9 | 0.916598 | 1.000000 | 0.966667 | 0.953333 | 1.023333 |  -2.083566 |      354 |      290 |       64 |   8.972416 |      9 | 0.904072 | 2.429051
1390 | 416700.0 | 417000.0 | 0.006009 | 0.016796 |   8.972416 |      9 | 0.904072 | 1.000000 | 0.976667 | 0.993333 | 0.986667 |   0.198455 |      357 |      293 |       64 |   8.972556 |      9 | 0.905265 | 2.398857
1391 | 417000.0 | 417300.0 | 0.006006 | 0.016795 |   8.972556 |      9 | 0.905265 | 1.000000 | 0.946667 | 0.940000 | 0.966667 |  -0.793905 |      355 |      284 |       71 |   8.972877 |      9 | 0.900497 | 2.519590
1392 | 417300.0 | 417600.0 | 0.006003 | 0.016793 |   8.972877 |      9 | 0.900497 | 1.000000 | 0.960000 | 1.023333 | 0.940000 |   2.481210 |      356 |      288 |       68 |   8.973117 |      9 | 0.915391 | 2.142436
1393 | 417600.0 | 417900.0 | 0.006000 | 0.016791 |   8.973117 |      9 | 0.915391 | 1.000000 | 0.976667 | 1.006667 | 0.926667 |   2.382209 |      356 |      293 |       63 |   8.973257 |      9 | 0.929685 | 1.780500
1394 | 417900.0 | 418200.0 | 0.005997 | 0.016789 |   8.973257 |      9 | 0.929685 | 1.000000 | 0.960000 | 1.000000 | 0.980000 |   0.595614 |      352 |      288 |       65 |   8.973497 |      9 | 0.933257 | 1.690050
1395 | 418200.0 | 418500.0 | 0.005994 | 0.016788 |   8.973497 |      9 | 0.933257 | 1.000000 | 0.963333 | 0.983333 | 0.990000 |  -0.198559 |      351 |      289 |       61 |   8.973716 |      9 | 0.932067 | 1.720189
1396 | 418500.0 | 418800.0 | 0.005992 | 0.016786 |   8.973716 |      9 | 0.932067 | 1.000000 | 0.986667 | 0.956667 | 0.933333 |   0.695028 |      355 |      296 |       59 |   8.973796 |      9 | 0.936231 | 1.614740
1397 | 418800.0 | 419100.0 | 0.005989 | 0.016784 |   8.973796 |      9 | 0.936231 | 1.000000 | 1.050000 | 1.003333 | 0.980000 |   0.695100 |      360 |      315 |       45 |   8.973497 |      9 | 0.940394 | 1.509329
1398 | 419100.0 | 419400.0 | 0.005986 | 0.016782 |   8.973497 |      9 | 0.940394 | 1.000000 | 1.000000 | 0.896667 | 0.993333 |  -2.879997 |      353 |      300 |       53 |   8.973497 |      9 | 0.923154 | 1.945872
1399 | 419400.0 | 419700.0 | 0.005983 | 0.016781 |   8.973497 |      9 | 0.923154 | 1.000000 | 1.000000 | 0.990000 | 0.960000 |   0.893885 |      358 |      300 |       58 |   8.973497 |      9 | 0.928502 | 1.810442
1400 | 419700.0 | 420000.0 | 0.005980 | 0.016779 |   8.973497 |      9 | 0.928502 | 1.000000 | 1.043333 | 1.003333 | 0.986667 |   0.496654 |      361 |      313 |       48 |   8.973238 |      9 | 0.931473 | 1.735231
1401 | 420000.0 | 420300.0 | 0.005978 | 0.016777 |   8.973238 |      9 | 0.931473 | 1.000000 | 1.033333 | 0.993333 | 0.900000 |   2.781550 |      360 |      310 |       50 |   8.973038 |      9 | 0.948100 | 1.314200
1402 | 420300.0 | 420600.0 | 0.005975 | 0.016775 |   8.973038 |      9 | 0.948100 | 1.000000 | 0.986667 | 0.760000 | 0.990000 |  -6.855243 |      345 |      296 |       49 |   8.973118 |      9 | 0.907140 | 2.351364
1403 | 420600.0 | 420900.0 | 0.005972 | 0.016774 |   8.973118 |      9 | 0.907140 | 1.000000 | 0.976667 | 1.020000 | 0.950000 |   2.086594 |      356 |      293 |       63 |   8.973257 |      9 | 0.919602 | 2.035820
1404 | 420900.0 | 421200.0 | 0.005969 | 0.016772 |   8.973257 |      9 | 0.919602 | 1.000000 | 1.030000 | 1.003333 | 0.970000 |   0.993719 |      362 |      309 |       53 |   8.973078 |      9 | 0.925534 | 1.885615
1405 | 421200.0 | 421500.0 | 0.005967 | 0.016770 |   8.973078 |      9 | 0.925534 | 1.000000 | 0.956667 | 0.926667 | 0.976667 |  -1.490732 |      352 |      287 |       65 |   8.973337 |      9 | 0.916639 | 2.110840
1406 | 421500.0 | 421800.0 | 0.005964 | 0.016769 |   8.973337 |      9 | 0.916639 | 1.000000 | 1.033333 | 1.046667 | 1.023333 |   0.695746 |      362 |      310 |       52 |   8.973138 |      9 | 0.920788 | 2.005773
1407 | 421800.0 | 422100.0 | 0.005961 | 0.016767 |   8.973138 |      9 | 0.920788 | 1.000000 | 1.083333 | 1.043333 | 0.993333 |   1.491039 |      365 |      325 |       40 |   8.972641 |      9 | 0.929677 | 1.780711
1408 | 422100.0 | 422400.0 | 0.005958 | 0.016765 |   8.972641 |      9 | 0.929677 | 1.000000 | 1.006667 | 0.930000 | 0.966667 |  -1.093541 |      357 |      302 |       55 |   8.972602 |      9 | 0.923161 | 1.945697
1409 | 422400.0 | 422700.0 | 0.005955 | 0.016763 |   8.972602 |      9 | 0.923161 | 1.000000 | 0.983333 | 1.043333 | 1.060000 |  -0.497115 |      355 |      295 |       60 |   8.972701 |      9 | 0.920200 | 2.020664
1410 | 422700.0 | 423000.0 | 0.005953 | 0.016762 |   8.972701 |      9 | 0.920200 | 1.000000 | 1.016667 | 1.006667 | 0.893333 |   3.380731 |      360 |      305 |       56 |   8.972602 |      9 | 0.940325 | 1.511075
1411 | 423000.0 | 423300.0 | 0.005950 | 0.016760 |   8.972602 |      9 | 0.940325 | 1.000000 | 1.030000 | 0.940000 | 0.970000 |  -0.894991 |      355 |      309 |       46 |   8.972423 |      9 | 0.935000 | 1.645917
1412 | 423300.0 | 423600.0 | 0.005947 | 0.016758 |   8.972423 |      9 | 0.935000 | 1.000000 | 1.040000 | 0.936667 | 1.020000 |  -2.486342 |      360 |      312 |       47 |   8.972185 |      9 | 0.920213 | 2.020345
1413 | 423600.0 | 423900.0 | 0.005944 | 0.016757 |   8.972185 |      9 | 0.920213 | 1.000000 | 1.006667 | 0.930000 | 0.986667 |  -1.690886 |      358 |      302 |       56 |   8.972146 |      9 | 0.910162 | 2.274864
1414 | 423900.0 | 424200.0 | 0.005942 | 0.016755 |   8.972146 |      9 | 0.910162 | 1.000000 | 1.023333 | 1.013333 | 0.960000 |   1.591585 |      361 |      307 |       54 |   8.972007 |      9 | 0.919618 | 2.035403
1415 | 424200.0 | 424500.0 | 0.005939 | 0.016753 |   8.972007 |      9 | 0.919618 | 1.000000 | 0.973333 | 0.956667 | 1.036667 |  -2.387622 |      354 |      292 |       62 |   8.972165 |      9 | 0.905438 | 2.394465
1416 | 424500.0 | 424800.0 | 0.005936 | 0.016751 |   8.972165 |      9 | 0.905438 | 1.000000 | 1.016667 | 1.036667 | 0.943333 |   2.785845 |      361 |      305 |       56 |   8.972066 |      9 | 0.921976 | 1.975710
1417 | 424800.0 | 425100.0 | 0.005933 | 0.016750 |   8.972066 |      9 | 0.921976 | 1.000000 | 1.010000 | 0.986667 | 1.000000 |  -0.398018 |      359 |      303 |       56 |   8.972007 |      9 | 0.919614 | 2.035510
1418 | 425100.0 | 425400.0 | 0.005931 | 0.016748 |   8.972007 |      9 | 0.919614 | 1.000000 | 1.013333 | 0.986667 | 0.973333 |   0.398059 |      360 |      304 |       56 |   8.971928 |      9 | 0.921975 | 1.975731
1419 | 425400.0 | 425700.0 | 0.005928 | 0.016746 |   8.971928 |      9 | 0.921975 | 1.000000 | 1.026667 | 1.070000 | 0.986667 |   2.488124 |      359 |      308 |       51 |   8.971770 |      9 | 0.936724 | 1.602245
1420 | 425700.0 | 426000.0 | 0.005925 | 0.016745 |   8.971770 |      9 | 0.936724 | 1.000000 | 0.970000 | 0.940000 | 1.030000 |  -2.687448 |      351 |      291 |       60 |   8.971948 |      9 | 0.920801 | 2.005465
1421 | 426000.0 | 426300.0 | 0.005923 | 0.016743 |   8.971948 |      9 | 0.920801 | 1.000000 | 1.020000 | 1.003333 | 0.990000 |   0.398181 |      360 |      306 |       54 |   8.971829 |      9 | 0.923159 | 1.945750
1422 | 426300.0 | 426600.0 | 0.005920 | 0.016741 |   8.971829 |      9 | 0.923159 | 1.000000 | 1.050000 | 0.986667 | 0.983333 |   0.099555 |      362 |      315 |       47 |   8.971533 |      9 | 0.923748 | 1.930827
1423 | 426600.0 | 426900.0 | 0.005917 | 0.016739 |   8.971533 |      9 | 0.923748 | 1.000000 | 1.063333 | 0.993333 | 0.963333 |   0.896090 |      363 |      319 |       44 |   8.971158 |      9 | 0.929050 | 1.796564
1424 | 426900.0 | 427200.0 | 0.005914 | 0.016738 |   8.971158 |      9 | 0.929050 | 1.000000 | 1.010000 | 1.006667 | 0.996667 |   0.298727 |      358 |      303 |       55 |   8.971099 |      9 | 0.930817 | 1.751826
1425 | 427200.0 | 427500.0 | 0.005912 | 0.016736 |   8.971099 |      9 | 0.930817 | 1.000000 | 1.003333 | 0.970000 | 1.000000 |  -0.896272 |      358 |      301 |       57 |   8.971080 |      9 | 0.925519 | 1.885993
1426 | 427500.0 | 427800.0 | 0.005909 | 0.016734 |   8.971080 |      9 | 0.925519 | 1.000000 | 1.026667 | 1.000000 | 1.000000 |   0.000000 |      359 |      308 |       51 |   8.970922 |      9 | 0.925519 | 1.885993
1427 | 427800.0 | 428100.0 | 0.005906 | 0.016733 |   8.970922 |      9 | 0.925519 | 1.000000 | 1.053333 | 0.966667 | 0.960000 |   0.199212 |      362 |      316 |       46 |   8.970607 |      9 | 0.926695 | 1.856199
1428 | 428100.0 | 428400.0 | 0.005904 | 0.016731 |   8.970607 |      9 | 0.926695 | 1.000000 | 1.013333 | 0.950000 | 1.006667 |  -1.693475 |      357 |      304 |       53 |   8.970528 |      9 | 0.916698 | 2.109354
1429 | 428400.0 | 428700.0 | 0.005901 | 0.016729 |   8.970528 |      9 | 0.916698 | 1.000000 | 0.990000 | 0.980000 | 1.003333 |  -0.697384 |      357 |      297 |       60 |   8.970587 |      9 | 0.912583 | 2.213557
1430 | 428700.0 | 429000.0 | 0.005898 | 0.016727 |   8.970587 |      9 | 0.912583 | 1.000000 | 1.036667 | 0.970000 | 0.993333 |  -0.697455 |      362 |      311 |       51 |   8.970371 |      9 | 0.908469 | 2.317723
1431 | 429000.0 | 429300.0 | 0.005895 | 0.016726 |   8.970371 |      9 | 0.908469 | 1.000000 | 1.043333 | 0.956667 | 0.950000 |   0.199293 |      363 |      313 |       50 |   8.970116 |      9 | 0.909644 | 2.287971
1432 | 429300.0 | 429600.0 | 0.005893 | 0.016724 |   8.970116 |      9 | 0.909644 | 1.000000 | 1.016667 | 0.986667 | 0.963333 |   0.697596 |      359 |      305 |       55 |   8.970017 |      9 | 0.913755 | 2.183880
1433 | 429600.0 | 429900.0 | 0.005890 | 0.016722 |   8.970017 |      9 | 0.913755 | 1.000000 | 0.943333 | 0.950000 | 1.043333 |  -2.790667 |      353 |      283 |       70 |   8.970351 |      9 | 0.897317 | 2.600098
1434 | 429900.0 | 430200.0 | 0.005887 | 0.016721 |   8.970351 |      9 | 0.897317 | 1.000000 | 0.990000 | 0.990000 | 0.936667 |   1.594828 |      358 |      297 |       60 |   8.970410 |      9 | 0.906707 | 2.362344
1435 | 430200.0 | 430500.0 | 0.005885 | 0.016719 |   8.970410 |      9 | 0.906707 | 1.000000 | 0.963333 | 0.966667 | 0.986667 |  -0.598121 |      356 |      289 |       67 |   8.970626 |      9 | 0.903187 | 2.451470
1436 | 430500.0 | 430800.0 | 0.005882 | 0.016717 |   8.970626 |      9 | 0.903187 | 1.000000 | 1.006667 | 0.973333 | 0.950000 |   0.697878 |      359 |      302 |       57 |   8.970587 |      9 | 0.907292 | 2.347526
1437 | 430800.0 | 431100.0 | 0.005879 | 0.016716 |   8.970587 |      9 | 0.907292 | 1.000000 | 1.063333 | 0.956667 | 0.963333 |  -0.199414 |      364 |      319 |       45 |   8.970214 |      9 | 0.906120 | 2.377214
1438 | 431100.0 | 431400.0 | 0.005877 | 0.016714 |   8.970214 |      9 | 0.906120 | 1.000000 | 0.953333 | 0.936667 | 0.966667 |  -0.897453 |      355 |      286 |       69 |   8.970489 |      9 | 0.900846 | 2.510761
1439 | 431400.0 | 431700.0 | 0.005874 | 0.016712 |   8.970489 |      9 | 0.900846 | 1.000000 | 0.953333 | 1.003333 | 0.966667 |   1.096997 |      354 |      286 |       68 |   8.970763 |      9 | 0.907289 | 2.347595
1440 | 431700.0 | 432000.0 | 0.005871 | 0.016711 |   8.970763 |      9 | 0.907289 | 1.000000 | 0.986667 | 0.993333 | 0.980000 |   0.398948 |      357 |      296 |       61 |   8.970841 |      9 | 0.909632 | 2.288282
1441 | 432000.0 | 432300.0 | 0.005869 | 0.016709 |   8.970841 |      9 | 0.909632 | 1.000000 | 0.996667 | 1.016667 | 0.933333 |   2.493678 |      359 |      299 |       60 |   8.970860 |      9 | 0.924266 | 1.917711
1442 | 432300.0 | 432600.0 | 0.005866 | 0.016707 |   8.970860 |      9 | 0.924266 | 1.000000 | 1.023333 | 1.013333 | 1.023333 |  -0.299271 |      358 |      307 |       51 |   8.970724 |      9 | 0.922511 | 1.962164
1443 | 432600.0 | 432900.0 | 0.005863 | 0.016706 |   8.970724 |      9 | 0.922511 | 1.000000 | 0.950000 | 0.993333 | 1.003333 |  -0.299302 |      353 |      285 |       68 |   8.971017 |      9 | 0.920756 | 2.006601
1444 | 432900.0 | 433200.0 | 0.005861 | 0.016704 |   8.971017 |      9 | 0.920756 | 1.000000 | 1.060000 | 0.980000 | 1.013333 |  -0.997772 |      363 |      318 |       45 |   8.970665 |      9 | 0.914908 | 2.154672
1445 | 433200.0 | 433500.0 | 0.005858 | 0.016702 |   8.970665 |      9 | 0.914908 | 1.000000 | 0.960000 | 1.033333 | 1.000000 |   0.997872 |      355 |      288 |       67 |   8.970899 |      9 | 0.920754 | 2.006653
1446 | 433500.0 | 433800.0 | 0.005855 | 0.016701 |   8.970899 |      9 | 0.920754 | 1.000000 | 1.070000 | 1.020000 | 0.973333 |   1.397161 |      364 |      321 |       43 |   8.970490 |      9 | 0.928935 | 1.799499
1447 | 433800.0 | 434100.0 | 0.005853 | 0.016699 |   8.970490 |      9 | 0.928935 | 1.000000 | 1.043333 | 1.040000 | 1.030000 |   0.299422 |      362 |      313 |       49 |   8.970236 |      9 | 0.930687 | 1.755125
1448 | 434100.0 | 434400.0 | 0.005850 | 0.016697 |   8.970236 |      9 | 0.930687 | 1.000000 | 0.996667 | 0.996667 | 1.020000 |  -0.698721 |      356 |      299 |       57 |   8.970255 |      9 | 0.926599 | 1.858629
1449 | 434400.0 | 434700.0 | 0.005847 | 0.016696 |   8.970255 |      9 | 0.926599 | 1.000000 | 1.046667 | 0.966667 | 0.943333 |   0.698791 |      360 |      314 |       46 |   8.969983 |      9 | 0.930686 | 1.755161
1450 | 434700.0 | 435000.0 | 0.005845 | 0.016694 |   8.969983 |      9 | 0.930686 | 1.000000 | 1.006667 | 0.990000 | 0.993333 |  -0.099837 |      358 |      302 |       56 |   8.969944 |      9 | 0.930102 | 1.769937
1451 | 435000.0 | 435300.0 | 0.005842 | 0.016692 |   8.969944 |      9 | 0.930102 | 1.000000 | 1.086667 | 0.983333 | 0.950000 |   0.998472 |      365 |      326 |       39 |   8.969437 |      9 | 0.935935 | 1.622230
1452 | 435300.0 | 435600.0 | 0.005840 | 0.016691 |   8.969437 |      9 | 0.935935 | 1.000000 | 1.023333 | 0.990000 | 1.033333 |  -1.298143 |      357 |      307 |       50 |   8.969301 |      9 | 0.928355 | 1.814182
1453 | 435600.0 | 435900.0 | 0.005837 | 0.016689 |   8.969301 |      9 | 0.928355 | 1.000000 | 0.986667 | 0.960000 | 0.973333 |  -0.399469 |      355 |      296 |       60 |   8.969379 |      9 | 0.926023 | 1.873223
1454 | 435900.0 | 436200.0 | 0.005834 | 0.016687 |   8.969379 |      9 | 0.926023 | 1.000000 | 1.013333 | 0.950000 | 0.966667 |  -0.499385 |      358 |      304 |       53 |   8.969301 |      9 | 0.923110 | 1.946999
1455 | 436200.0 | 436500.0 | 0.005832 | 0.016686 |   8.969301 |      9 | 0.923110 | 1.000000 | 1.003333 | 1.040000 | 0.990000 |   1.498306 |      356 |      301 |       56 |   8.969282 |      9 | 0.931847 | 1.725749
1456 | 436500.0 | 436800.0 | 0.005829 | 0.016684 |   8.969282 |      9 | 0.931847 | 1.000000 | 1.063333 | 1.006667 | 0.936667 |   2.097837 |      363 |      319 |       43 |   8.968912 |      9 | 0.944075 | 1.416108
1457 | 436800.0 | 437100.0 | 0.005826 | 0.016682 |   8.968912 |      9 | 0.944075 | 1.000000 | 1.033333 | 0.843333 | 1.020000 |  -5.295069 |      353 |      310 |       43 |   8.968718 |      9 | 0.913224 | 2.197309
1458 | 437100.0 | 437400.0 | 0.005824 | 0.016681 |   8.968718 |      9 | 0.913224 | 1.000000 | 1.003333 | 0.953333 | 0.953333 |   0.000000 |      359 |      301 |       58 |   8.968699 |      9 | 0.913224 | 2.197309
1459 | 437400.0 | 437700.0 | 0.005821 | 0.016679 |   8.968699 |      9 | 0.913224 | 1.000000 | 0.993333 | 0.896667 | 0.963333 |  -1.998537 |      359 |      298 |       61 |   8.968738 |      9 | 0.901591 | 2.491896
1460 | 437700.0 | 438000.0 | 0.005819 | 0.016677 |   8.968738 |      9 | 0.901591 | 1.000000 | 0.976667 | 0.976667 | 1.010000 |  -0.999368 |      354 |      293 |       61 |   8.968873 |      9 | 0.895776 | 2.639138
1461 | 438000.0 | 438300.0 | 0.005816 | 0.016676 |   8.968873 |      9 | 0.895776 | 1.000000 | 0.933333 | 0.956667 | 0.966667 |  -0.299840 |      354 |      280 |       74 |   8.969261 |      9 | 0.894032 | 2.683295
1462 | 438300.0 | 438600.0 | 0.005813 | 0.016674 |   8.969261 |      9 | 0.894032 | 1.000000 | 0.946667 | 0.940000 | 0.923333 |   0.499783 |      354 |      284 |       70 |   8.969571 |      9 | 0.896937 | 2.609725
1463 | 438600.0 | 438900.0 | 0.005811 | 0.016672 |   8.969571 |      9 | 0.896937 | 1.000000 | 1.043333 | 0.976667 | 0.986667 |  -0.299900 |      364 |      313 |       51 |   8.969319 |      9 | 0.895195 | 2.653852
1464 | 438900.0 | 439200.0 | 0.005808 | 0.016671 |   8.969319 |      9 | 0.895195 | 1.000000 | 1.016667 | 0.943333 | 0.963333 |  -0.599859 |      360 |      305 |       55 |   8.969223 |      9 | 0.891711 | 2.742073
1465 | 439200.0 | 439500.0 | 0.005806 | 0.016669 |   8.969223 |      9 | 0.891711 | 1.000000 | 0.953333 | 0.986667 | 0.876667 |   3.299549 |      355 |      286 |       69 |   8.969494 |      9 | 0.910866 | 2.257022
1466 | 439500.0 | 439800.0 | 0.005803 | 0.016667 |   8.969494 |      9 | 0.910866 | 1.000000 | 1.026667 | 1.016667 | 0.956667 |   1.799932 |      361 |      308 |       53 |   8.969339 |      9 | 0.921311 | 1.992541
1467 | 439800.0 | 440100.0 | 0.005800 | 0.016666 |   8.969339 |      9 | 0.921311 | 1.000000 | 1.020000 | 1.023333 | 1.026667 |  -0.100006 |      359 |      306 |       53 |   8.969223 |      9 | 0.920731 | 2.007229
1468 | 440100.0 | 440400.0 | 0.005798 | 0.016664 |   8.969223 |      9 | 0.920731 | 1.000000 | 0.943333 | 1.006667 | 1.003333 |   0.100016 |      351 |      283 |       68 |   8.969551 |      9 | 0.921311 | 1.992546
1469 | 440400.0 | 440700.0 | 0.005795 | 0.016662 |   8.969551 |      9 | 0.921311 | 1.000000 | 0.996667 | 1.000000 | 0.933333 |   2.000518 |      357 |      299 |       59 |   8.969571 |      9 | 0.932904 | 1.698984
1470 | 440700.0 | 441000.0 | 0.005793 | 0.016661 |   8.969571 |      9 | 0.932904 | 1.000000 | 1.010000 | 0.976667 | 0.970000 |   0.200072 |      357 |      303 |       53 |   8.969513 |      9 | 0.934063 | 1.669638
1471 | 441000.0 | 441300.0 | 0.005790 | 0.016659 |   8.969513 |      9 | 0.934063 | 1.000000 | 1.040000 | 0.990000 | 0.990000 |   0.000000 |      361 |      312 |       49 |   8.969281 |      9 | 0.934063 | 1.669638
1472 | 441300.0 | 441600.0 | 0.005787 | 0.016657 |   8.969281 |      9 | 0.934063 | 1.000000 | 0.960000 | 0.996667 | 0.926667 |   2.101165 |      351 |      288 |       63 |   8.969513 |      9 | 0.946223 | 1.361719
1473 | 441600.0 | 441900.0 | 0.005785 | 0.016656 |   8.969513 |      9 | 0.946223 | 1.000000 | 0.986667 | 0.790000 | 1.053333 |  -7.905163 |      348 |      296 |       54 |   8.969590 |      9 | 0.900493 | 2.519680
1474 | 441900.0 | 442200.0 | 0.005782 | 0.016654 |   8.969590 |      9 | 0.900493 | 1.000000 | 0.970000 | 0.963333 | 1.036667 |  -2.201655 |      356 |      291 |       63 |   8.969763 |      9 | 0.887763 | 2.842038
1475 | 442200.0 | 442500.0 | 0.005780 | 0.016653 |   8.969763 |      9 | 0.887763 | 1.000000 | 0.983333 | 0.966667 | 0.943333 |   0.700595 |      358 |      295 |       63 |   8.969860 |      9 | 0.891812 | 2.739505
1476 | 442500.0 | 442800.0 | 0.005777 | 0.016651 |   8.969860 |      9 | 0.891812 | 1.000000 | 0.970000 | 1.010000 | 0.976667 |   1.000949 |      357 |      291 |       66 |   8.970033 |      9 | 0.897595 | 2.593080
1477 | 442800.0 | 443100.0 | 0.005775 | 0.016649 |   8.970033 |      9 | 0.897595 | 1.000000 | 1.023333 | 0.990000 | 0.970000 |   0.600628 |      362 |      307 |       55 |   8.969898 |      9 | 0.901063 | 2.505255
1478 | 443100.0 | 443400.0 | 0.005772 | 0.016648 |   8.969898 |      9 | 0.901063 | 1.000000 | 0.983333 | 0.983333 | 0.976667 |   0.200229 |      357 |      295 |       62 |   8.969994 |      9 | 0.902219 | 2.475991
1479 | 443400.0 | 443700.0 | 0.005769 | 0.016646 |   8.969994 |      9 | 0.902219 | 1.000000 | 0.970000 | 0.933333 | 0.933333 |   0.000000 |      354 |      291 |       63 |   8.970167 |      9 | 0.902219 | 2.475991
1480 | 443700.0 | 444000.0 | 0.005767 | 0.016644 |   8.970167 |      9 | 0.902219 | 1.000000 | 1.046667 | 1.026667 | 0.920000 |   3.204295 |      363 |      314 |       49 |   8.969898 |      9 | 0.920697 | 2.008077
1481 | 444000.0 | 444300.0 | 0.005764 | 0.016643 |   8.969898 |      9 | 0.920697 | 1.000000 | 0.943333 | 0.973333 | 0.960000 |   0.400576 |      353 |      283 |       70 |   8.970225 |      9 | 0.923006 | 1.949608
1482 | 444300.0 | 444600.0 | 0.005762 | 0.016641 |   8.970225 |      9 | 0.923006 | 1.000000 | 1.050000 | 1.026667 | 0.976667 |   1.502307 |      363 |      315 |       48 |   8.969937 |      9 | 0.931662 | 1.730425
1483 | 444600.0 | 444900.0 | 0.005759 | 0.016639 |   8.969937 |      9 | 0.931662 | 1.000000 | 1.006667 | 0.973333 | 1.040000 |  -2.003273 |      357 |      302 |       55 |   8.969898 |      9 | 0.920125 | 2.022568
1484 | 444900.0 | 445200.0 | 0.005757 | 0.016638 |   8.969898 |      9 | 0.920125 | 1.000000 | 0.996667 | 0.976667 | 0.933333 |   1.302255 |      358 |      299 |       59 |   8.969918 |      9 | 0.927622 | 1.832740
1485 | 445200.0 | 445500.0 | 0.005754 | 0.016636 |   8.969918 |      9 | 0.927622 | 1.000000 | 1.000000 | 0.976667 | 0.986667 |  -0.300550 |      357 |      300 |       57 |   8.969918 |      9 | 0.925892 | 1.876532
1486 | 445500.0 | 445800.0 | 0.005752 | 0.016635 |   8.969918 |      9 | 0.925892 | 1.000000 | 1.020000 | 1.030000 | 0.950000 |   2.404632 |      357 |      306 |       51 |   8.969803 |      9 | 0.939723 | 1.526321
1487 | 445800.0 | 446100.0 | 0.005749 | 0.016633 |   8.969803 |      9 | 0.939723 | 1.000000 | 1.033333 | 0.940000 | 1.036667 |  -2.905881 |      359 |      310 |       49 |   8.969611 |      9 | 0.923017 | 1.949347
1488 | 446100.0 | 446400.0 | 0.005747 | 0.016631 |   8.969611 |      9 | 0.923017 | 1.000000 | 1.073333 | 1.026667 | 0.976667 |   1.503189 |      364 |      322 |       43 |   8.969190 |      9 | 0.931655 | 1.730615
1489 | 446400.0 | 446700.0 | 0.005744 | 0.016630 |   8.969190 |      9 | 0.931655 | 1.000000 | 1.013333 | 0.993333 | 0.933333 |   1.804002 |      356 |      304 |       52 |   8.969113 |      9 | 0.942017 | 1.468228
1490 | 446700.0 | 447000.0 | 0.005741 | 0.016628 |   8.969113 |      9 | 0.942017 | 1.000000 | 0.996667 | 0.900000 | 0.993333 |  -2.806499 |      352 |      299 |       53 |   8.969132 |      9 | 0.925904 | 1.876246
1491 | 447000.0 | 447300.0 | 0.005739 | 0.016626 |   8.969132 |      9 | 0.925904 | 1.000000 | 0.993333 | 0.993333 | 1.003333 |  -0.300726 |      356 |      298 |       57 |   8.969170 |      9 | 0.924178 | 1.919948
1492 | 447300.0 | 447600.0 | 0.005736 | 0.016625 |   8.969170 |      9 | 0.924178 | 1.000000 | 1.016667 | 0.920000 | 1.056667 |  -4.110316 |      359 |      305 |       54 |   8.969075 |      9 | 0.900599 | 2.516994
1493 | 447600.0 | 447900.0 | 0.005734 | 0.016623 |   8.969075 |      9 | 0.900599 | 1.000000 | 0.983333 | 1.013333 | 0.983333 |   0.902352 |      357 |      295 |       62 |   8.969170 |      9 | 0.905773 | 2.385980
1494 | 447900.0 | 448200.0 | 0.005731 | 0.016622 |   8.969170 |      9 | 0.905773 | 1.000000 | 0.966667 | 0.946667 | 0.983333 |  -1.102982 |      355 |      290 |       65 |   8.969361 |      9 | 0.899452 | 2.546054
1495 | 448200.0 | 448500.0 | 0.005729 | 0.016620 |   8.969361 |      9 | 0.899452 | 1.000000 | 0.980000 | 0.993333 | 0.983333 |   0.300843 |      358 |      294 |       64 |   8.969476 |      9 | 0.901175 | 2.502412
1496 | 448500.0 | 448800.0 | 0.005726 | 0.016618 |   8.969476 |      9 | 0.901175 | 1.000000 | 1.010000 | 1.006667 | 0.976667 |   0.902615 |      360 |      303 |       57 |   8.969419 |      9 | 0.906344 | 2.371533
1497 | 448800.0 | 449100.0 | 0.005724 | 0.016617 |   8.969419 |      9 | 0.906344 | 1.000000 | 1.003333 | 0.970000 | 0.920000 |   1.504505 |      358 |      301 |       57 |   8.969400 |      9 | 0.914955 | 2.153474
1498 | 449100.0 | 449400.0 | 0.005721 | 0.016615 |   8.969400 |      9 | 0.914955 | 1.000000 | 1.033333 | 1.010000 | 0.973333 |   1.103410 |      362 |      310 |       52 |   8.969209 |      9 | 0.921268 | 1.993619
1499 | 449400.0 | 449700.0 | 0.005719 | 0.016614 |   8.969209 |      9 | 0.921268 | 1.000000 | 0.990000 | 1.043333 | 1.016667 |   0.802558 |      355 |      297 |       58 |   8.969266 |      9 | 0.925858 | 1.877400
1500 | 449700.0 | 450000.0 | 0.005716 | 0.016612 |   8.969266 |      9 | 0.925858 | 1.000000 | 1.050000 | 1.013333 | 0.986667 |   0.802636 |      363 |      315 |       48 |   8.968980 |      9 | 0.930446 | 1.761221
1501 | 450000.0 | 450300.0 | 0.005714 | 0.016610 |   8.968980 |      9 | 0.930446 | 1.000000 | 1.016667 | 0.993333 | 0.990000 |   0.100339 |      355 |      305 |       51 |   8.968885 |      9 | 0.931020 | 1.746704
1502 | 450300.0 | 450600.0 | 0.005711 | 0.016609 |   8.968885 |      9 | 0.931020 | 1.000000 | 0.996667 | 0.993333 | 1.006667 |  -0.401395 |      356 |      299 |       57 |   8.968904 |      9 | 0.928727 | 1.804754
1503 | 450600.0 | 450900.0 | 0.005709 | 0.016607 |   8.968904 |      9 | 0.928727 | 1.000000 | 0.953333 | 1.060000 | 0.953333 |   3.211474 |      352 |      286 |       65 |   8.969170 |      9 | 0.947061 | 1.340512
1504 | 450900.0 | 451200.0 | 0.005706 | 0.016606 |   8.969170 |      9 | 0.947061 | 1.000000 | 1.013333 | 0.810000 | 1.010000 |  -6.022096 |      351 |      304 |       47 |   8.969094 |      9 | 0.912697 | 2.210669
1505 | 451200.0 | 451500.0 | 0.005704 | 0.016604 |   8.969094 |      9 | 0.912697 | 1.000000 | 1.076667 | 0.996667 | 0.963333 |   1.003779 |      365 |      323 |       43 |   8.968657 |      9 | 0.918422 | 2.065692
1506 | 451500.0 | 451800.0 | 0.005701 | 0.016602 |   8.968657 |      9 | 0.918422 | 1.000000 | 1.003333 | 1.043333 | 0.996667 |   1.405427 |      358 |      301 |       56 |   8.968638 |      9 | 0.926435 | 1.862794
1507 | 451800.0 | 452100.0 | 0.005699 | 0.016601 |   8.968638 |      9 | 0.926435 | 1.000000 | 1.020000 | 0.960000 | 1.030000 |  -2.108343 |      360 |      306 |       54 |   8.968524 |      9 | 0.914420 | 2.167038
1508 | 452100.0 | 452400.0 | 0.005696 | 0.016599 |   8.968524 |      9 | 0.914420 | 1.000000 | 1.010000 | 1.013333 | 1.000000 |   0.401628 |      358 |      303 |       55 |   8.968467 |      9 | 0.916708 | 2.109107
1509 | 452400.0 | 452700.0 | 0.005694 | 0.016598 |   8.968467 |      9 | 0.916708 | 1.000000 | 0.986667 | 1.043333 | 0.983333 |   1.807499 |      358 |      296 |       62 |   8.968543 |      9 | 0.926999 | 1.848502
1510 | 452700.0 | 453000.0 | 0.005691 | 0.016596 |   8.968543 |      9 | 0.926999 | 1.000000 | 1.053333 | 0.970000 | 0.980000 |  -0.301279 |      362 |      316 |       46 |   8.968239 |      9 | 0.925285 | 1.891921
1511 | 453000.0 | 453300.0 | 0.005689 | 0.016594 |   8.968239 |      9 | 0.925285 | 1.000000 | 1.000000 | 0.980000 | 0.920000 |   1.807847 |      357 |      300 |       57 |   8.968239 |      9 | 0.935569 | 1.631493
1512 | 453300.0 | 453600.0 | 0.005686 | 0.016593 |   8.968239 |      9 | 0.935569 | 1.000000 | 1.046667 | 0.926667 | 1.033333 |  -3.214259 |      358 |      314 |       44 |   8.967974 |      9 | 0.917292 | 2.094320
1513 | 453600.0 | 453900.0 | 0.005684 | 0.016591 |   8.967974 |      9 | 0.917292 | 1.000000 | 0.980000 | 0.966667 | 1.056667 |  -2.712291 |      356 |      294 |       62 |   8.968088 |      9 | 0.901875 | 2.484698
1514 | 453900.0 | 454200.0 | 0.005682 | 0.016590 |   8.968088 |      9 | 0.901875 | 1.000000 | 0.990000 | 1.006667 | 0.930000 |   2.310692 |      357 |      297 |       60 |   8.968145 |      9 | 0.915003 | 2.152266
1515 | 454200.0 | 454500.0 | 0.005679 | 0.016588 |   8.968145 |      9 | 0.915003 | 1.000000 | 1.036667 | 1.006667 | 0.953333 |   1.607592 |      362 |      311 |       51 |   8.967936 |      9 | 0.924133 | 1.921087
1516 | 454500.0 | 454800.0 | 0.005677 | 0.016586 |   8.967936 |      9 | 0.924133 | 1.000000 | 1.030000 | 0.976667 | 0.963333 |   0.401937 |      360 |      309 |       51 |   8.967766 |      9 | 0.926414 | 1.863312
1517 | 454800.0 | 455100.0 | 0.005674 | 0.016585 |   8.967766 |      9 | 0.926414 | 1.000000 | 1.006667 | 0.983333 | 1.013333 |  -0.904444 |      357 |      302 |       55 |   8.967728 |      9 | 0.921282 | 1.993263
1518 | 455100.0 | 455400.0 | 0.005672 | 0.016583 |   8.967728 |      9 | 0.921282 | 1.000000 | 1.010000 | 1.056667 | 1.013333 |   1.306544 |      357 |      303 |       54 |   8.967672 |      9 | 0.928693 | 1.805620
1519 | 455400.0 | 455700.0 | 0.005669 | 0.016582 |   8.967672 |      9 | 0.928693 | 1.000000 | 1.003333 | 1.043333 | 0.990000 |   1.608208 |      356 |      301 |       55 |   8.967653 |      9 | 0.937810 | 1.574752
1520 | 455700.0 | 456000.0 | 0.005667 | 0.016580 |   8.967653 |      9 | 0.937810 | 1.000000 | 1.080000 | 0.966667 | 1.010000 |  -1.306794 |      364 |      324 |       40 |   8.967199 |      9 | 0.930405 | 1.762269
1521 | 456000.0 | 456300.0 | 0.005664 | 0.016578 |   8.967199 |      9 | 0.930405 | 1.000000 | 1.066667 | 1.003333 | 0.986667 |   0.502661 |      362 |      320 |       42 |   8.966822 |      9 | 0.933252 | 1.690171
1522 | 456300.0 | 456600.0 | 0.005662 | 0.016577 |   8.966822 |      9 | 0.933252 | 1.000000 | 1.080000 | 0.980000 | 0.976667 |   0.100542 |      365 |      324 |       41 |   8.966369 |      9 | 0.933821 | 1.675757
1523 | 456600.0 | 456900.0 | 0.005659 | 0.016575 |   8.966369 |      9 | 0.933821 | 1.000000 | 1.026667 | 0.993333 | 0.963333 |   0.904962 |      357 |      308 |       50 |   8.966218 |      9 | 0.938943 | 1.546068
1524 | 456900.0 | 457200.0 | 0.005657 | 0.016574 |   8.966218 |      9 | 0.938943 | 1.000000 | 1.050000 | 0.973333 | 0.990000 |  -0.502805 |      356 |      315 |       40 |   8.965935 |      9 | 0.936099 | 1.618093
1525 | 457200.0 | 457500.0 | 0.005655 | 0.016572 |   8.965935 |      9 | 0.936099 | 1.000000 | 0.983333 | 0.926667 | 0.986667 |  -1.810270 |      353 |      295 |       58 |   8.966029 |      9 | 0.925862 | 1.877296
1526 | 457500.0 | 457800.0 | 0.005652 | 0.016571 |   8.966029 |      9 | 0.925862 | 1.000000 | 1.040000 | 0.990000 | 0.956667 |   1.005801 |      361 |      312 |       50 |   8.965803 |      9 | 0.931547 | 1.733343
1527 | 457800.0 | 458100.0 | 0.005650 | 0.016569 |   8.965803 |      9 | 0.931547 | 1.000000 | 0.960000 | 1.010000 | 1.030000 |  -0.603538 |      354 |      288 |       65 |   8.966029 |      9 | 0.928137 | 1.819686
1528 | 458100.0 | 458400.0 | 0.005647 | 0.016567 |   8.966029 |      9 | 0.928137 | 1.000000 | 1.053333 | 1.033333 | 1.003333 |   0.905393 |      360 |      316 |       44 |   8.965728 |      9 | 0.933250 | 1.690215
1529 | 458400.0 | 458700.0 | 0.005645 | 0.016566 |   8.965728 |      9 | 0.933250 | 1.000000 | 1.036667 | 0.976667 | 0.943333 |   1.006088 |      359 |      311 |       48 |   8.965521 |      9 | 0.938930 | 1.546406
1530 | 458700.0 | 459000.0 | 0.005642 | 0.016564 |   8.965521 |      9 | 0.938930 | 1.000000 | 1.036667 | 0.890000 | 1.026667 |  -4.125353 |      357 |      311 |       46 |   8.965314 |      9 | 0.915653 | 2.135824
1531 | 459000.0 | 459300.0 | 0.005640 | 0.016563 |   8.965314 |      9 | 0.915653 | 1.000000 | 1.016667 | 1.026667 | 0.956667 |   2.113186 |      359 |      305 |       54 |   8.965220 |      9 | 0.927571 | 1.834028
1532 | 459300.0 | 459600.0 | 0.005638 | 0.016561 |   8.965220 |      9 | 0.927571 | 1.000000 | 1.036667 | 1.043333 | 0.960000 |   2.515937 |      360 |      311 |       49 |   8.965013 |      9 | 0.941755 | 1.474867
1533 | 459600.0 | 459900.0 | 0.005635 | 0.016560 |   8.965013 |      9 | 0.941755 | 1.000000 | 1.030000 | 0.906667 | 0.996667 |  -2.717469 |      355 |      309 |       46 |   8.964844 |      9 | 0.926441 | 1.862631
1534 | 459900.0 | 460200.0 | 0.005633 | 0.016558 |   8.964844 |      9 | 0.926441 | 1.000000 | 1.016667 | 1.000000 | 1.006667 |  -0.201313 |      358 |      305 |       53 |   8.964750 |      9 | 0.925307 | 1.891345
1535 | 460200.0 | 460500.0 | 0.005630 | 0.016556 |   8.964750 |      9 | 0.925307 | 1.000000 | 0.960000 | 0.926667 | 1.013333 |  -2.617318 |      353 |      288 |       65 |   8.964976 |      9 | 0.910571 | 2.264498
1536 | 460500.0 | 460800.0 | 0.005628 | 0.016555 |   8.964976 |      9 | 0.910571 | 1.000000 | 1.010000 | 1.003333 | 0.933333 |   2.114188 |      361 |      303 |       58 |   8.964919 |      9 | 0.922470 | 1.963205
1537 | 460800.0 | 461100.0 | 0.005626 | 0.016553 |   8.964919 |      9 | 0.922470 | 1.000000 | 1.053333 | 1.006667 | 0.976667 |   0.906166 |      360 |      316 |       44 |   8.964619 |      9 | 0.927567 | 1.834123
1538 | 461100.0 | 461400.0 | 0.005623 | 0.016552 |   8.964619 |      9 | 0.927567 | 1.000000 | 1.003333 | 1.003333 | 0.970000 |   1.006946 |      358 |      301 |       57 |   8.964601 |      9 | 0.933229 | 1.690746
1539 | 461400.0 | 461700.0 | 0.005621 | 0.016550 |   8.964601 |      9 | 0.933229 | 1.000000 | 0.993333 | 0.976667 | 0.976667 |   0.000000 |      353 |      298 |       55 |   8.964638 |      9 | 0.933229 | 1.690746
1540 | 461700.0 | 462000.0 | 0.005618 | 0.016549 |   8.964638 |      9 | 0.933229 | 1.000000 | 1.016667 | 0.970000 | 1.016667 |  -1.409991 |      357 |      305 |       52 |   8.964544 |      9 | 0.925308 | 1.891340
1541 | 462000.0 | 462300.0 | 0.005616 | 0.016547 |   8.964544 |      9 | 0.925308 | 1.000000 | 1.040000 | 1.020000 | 0.983333 |   1.107955 |      360 |      312 |       48 |   8.964320 |      9 | 0.931530 | 1.733783
1542 | 462300.0 | 462600.0 | 0.005614 | 0.016545 |   8.964320 |      9 | 0.931530 | 1.000000 | 1.040000 | 0.996667 | 1.023333 |  -0.805861 |      360 |      312 |       48 |   8.964095 |      9 | 0.927006 | 1.848332
1543 | 462600.0 | 462900.0 | 0.005611 | 0.016544 |   8.964095 |      9 | 0.927006 | 1.000000 | 1.050000 | 0.973333 | 1.000000 |  -0.805937 |      360 |      315 |       45 |   8.963815 |      9 | 0.922484 | 1.962843
1544 | 462900.0 | 463200.0 | 0.005609 | 0.016542 |   8.963815 |      9 | 0.922484 | 1.000000 | 0.996667 | 1.040000 | 0.973333 |   2.015032 |      358 |      299 |       60 |   8.963833 |      9 | 0.933786 | 1.676660
1545 | 463200.0 | 463500.0 | 0.005606 | 0.016541 |   8.963833 |      9 | 0.933786 | 1.000000 | 1.060000 | 0.970000 | 1.043333 |  -2.216744 |      360 |      318 |       41 |   8.963497 |      9 | 0.921358 | 1.991357
1546 | 463500.0 | 463800.0 | 0.005604 | 0.016539 |   8.963497 |      9 | 0.921358 | 1.000000 | 1.000000 | 1.013333 | 1.003333 |   0.302312 |      358 |      300 |       58 |   8.963497 |      9 | 0.923052 | 1.948458
1547 | 463800.0 | 464100.0 | 0.005602 | 0.016538 |   8.963497 |      9 | 0.923052 | 1.000000 | 0.956667 | 0.983333 | 0.973333 |   0.302340 |      353 |      287 |       66 |   8.963740 |      9 | 0.924745 | 1.905573
1548 | 464100.0 | 464400.0 | 0.005599 | 0.016536 |   8.963740 |      9 | 0.924745 | 1.000000 | 1.070000 | 0.993333 | 0.986667 |   0.201579 |      364 |      321 |       43 |   8.963348 |      9 | 0.925874 | 1.876993
1549 | 464400.0 | 464700.0 | 0.005597 | 0.016535 |   8.963348 |      9 | 0.925874 | 1.000000 | 1.020000 | 1.050000 | 1.020000 |   0.907191 |      360 |      306 |       54 |   8.963236 |      9 | 0.930952 | 1.748424
1550 | 464700.0 | 465000.0 | 0.005594 | 0.016533 |   8.963236 |      9 | 0.930952 | 1.000000 | 1.026667 | 1.003333 | 0.996667 |   0.201617 |      358 |      308 |       50 |   8.963087 |      9 | 0.932080 | 1.719862
1551 | 465000.0 | 465300.0 | 0.005592 | 0.016531 |   8.963087 |      9 | 0.932080 | 1.000000 | 1.023333 | 0.986667 | 1.000000 |  -0.403271 |      358 |      307 |       51 |   8.962956 |      9 | 0.929824 | 1.776966
1552 | 465300.0 | 465600.0 | 0.005590 | 0.016530 |   8.962956 |      9 | 0.929824 | 1.000000 | 1.060000 | 0.963333 | 0.973333 |  -0.302482 |      362 |      318 |       45 |   8.962621 |      9 | 0.928134 | 1.819780
1553 | 465600.0 | 465900.0 | 0.005587 | 0.016528 |   8.962621 |      9 | 0.928134 | 1.000000 | 0.966667 | 1.013333 | 0.980000 |   1.008367 |      353 |      290 |       62 |   8.962807 |      9 | 0.933768 | 1.677114
1554 | 465900.0 | 466200.0 | 0.005585 | 0.016527 |   8.962807 |      9 | 0.933768 | 1.000000 | 0.970000 | 0.980000 | 0.973333 |   0.201692 |      353 |      291 |       62 |   8.962975 |      9 | 0.934894 | 1.648590
1555 | 466200.0 | 466500.0 | 0.005583 | 0.016525 |   8.962975 |      9 | 0.934894 | 1.000000 | 0.993333 | 0.983333 | 1.003333 |  -0.605134 |      355 |      298 |       57 |   8.963012 |      9 | 0.931516 | 1.734134
1556 | 466500.0 | 466800.0 | 0.005580 | 0.016524 |   8.963012 |      9 | 0.931516 | 1.000000 | 1.040000 | 1.080000 | 1.036667 |   1.311245 |      361 |      312 |       50 |   8.962789 |      9 | 0.938833 | 1.548851
1557 | 466800.0 | 467100.0 | 0.005578 | 0.016522 |   8.962789 |      9 | 0.938833 | 1.000000 | 1.033333 | 0.923333 | 0.960000 |  -1.109619 |      358 |      310 |       47 |   8.962603 |      9 | 0.932644 | 1.705577
1558 | 467100.0 | 467400.0 | 0.005576 | 0.016521 |   8.962603 |      9 | 0.932644 | 1.000000 | 1.040000 | 0.986667 | 1.020000 |  -1.008839 |      359 |      312 |       47 |   8.962380 |      9 | 0.927019 | 1.848008
1559 | 467400.0 | 467700.0 | 0.005573 | 0.016519 |   8.962380 |      9 | 0.927019 | 1.000000 | 0.990000 | 1.026667 | 1.006667 |   0.605360 |      355 |      297 |       58 |   8.962435 |      9 | 0.930393 | 1.762578
1560 | 467700.0 | 468000.0 | 0.005571 | 0.016518 |   8.962435 |      9 | 0.930393 | 1.000000 | 1.000000 | 1.020000 | 0.983333 |   1.109929 |      356 |      300 |       56 |   8.962435 |      9 | 0.936576 | 1.606006
1561 | 468000.0 | 468300.0 | 0.005569 | 0.016516 |   8.962435 |      9 | 0.936576 | 1.000000 | 1.003333 | 1.010000 | 1.023333 |  -0.403648 |      355 |      301 |       54 |   8.962417 |      9 | 0.934328 | 1.662923
1562 | 468300.0 | 468600.0 | 0.005566 | 0.016514 |   8.962417 |      9 | 0.934328 | 1.000000 | 1.006667 | 0.963333 | 1.016667 |  -1.614743 |      355 |      302 |       53 |   8.962380 |      9 | 0.925340 | 1.890513
1563 | 468600.0 | 468900.0 | 0.005564 | 0.016513 |   8.962380 |      9 | 0.925340 | 1.000000 | 1.003333 | 1.016667 | 1.000000 |   0.504654 |      359 |      301 |       58 |   8.962361 |      9 | 0.928148 | 1.819415
1564 | 468900.0 | 469200.0 | 0.005562 | 0.016511 |   8.962361 |      9 | 0.928148 | 1.000000 | 1.000000 | 0.960000 | 1.000000 |  -1.211283 |      357 |      300 |       57 |   8.962361 |      9 | 0.921412 | 1.989996
1565 | 469200.0 | 469500.0 | 0.005559 | 0.016510 |   8.962361 |      9 | 0.921412 | 1.000000 | 1.026667 | 0.970000 | 1.013333 |  -1.312345 |      359 |      308 |       51 |   8.962213 |      9 | 0.914116 | 2.174732
1566 | 469500.0 | 469800.0 | 0.005557 | 0.016508 |   8.962213 |      9 | 0.914116 | 1.000000 | 1.020000 | 0.986667 | 0.943333 |   1.312467 |      360 |      306 |       54 |   8.962102 |      9 | 0.921409 | 1.990056
1567 | 469800.0 | 470100.0 | 0.005555 | 0.016507 |   8.962102 |      9 | 0.921409 | 1.000000 | 1.023333 | 0.960000 | 0.986667 |  -0.807747 |      359 |      307 |       52 |   8.961972 |      9 | 0.916922 | 2.103666
1568 | 470100.0 | 470400.0 | 0.005552 | 0.016505 |   8.961972 |      9 | 0.916922 | 1.000000 | 1.006667 | 1.036667 | 0.983333 |   1.615643 |      358 |      302 |       56 |   8.961935 |      9 | 0.925893 | 1.876521
1569 | 470400.0 | 470700.0 | 0.005550 | 0.016504 |   8.961935 |      9 | 0.925893 | 1.000000 | 1.036667 | 1.000000 | 1.003333 |  -0.100987 |      361 |      311 |       50 |   8.961732 |      9 | 0.925332 | 1.890713
1570 | 470700.0 | 471000.0 | 0.005548 | 0.016502 |   8.961732 |      9 | 0.925332 | 1.000000 | 0.993333 | 0.956667 | 0.956667 |   0.000000 |      358 |      298 |       60 |   8.961769 |      9 | 0.925332 | 1.890713
1571 | 471000.0 | 471300.0 | 0.005545 | 0.016501 |   8.961769 |      9 | 0.925332 | 1.000000 | 1.056667 | 1.013333 | 1.016667 |  -0.101006 |      363 |      317 |       46 |   8.961454 |      9 | 0.924772 | 1.904896
1572 | 471300.0 | 471600.0 | 0.005543 | 0.016499 |   8.961454 |      9 | 0.924772 | 1.000000 | 1.003333 | 1.003333 | 1.000000 |   0.101015 |      357 |      301 |       56 |   8.961436 |      9 | 0.925332 | 1.890718
1573 | 471600.0 | 471900.0 | 0.005541 | 0.016498 |   8.961436 |      9 | 0.925332 | 1.000000 | 1.090000 | 1.013333 | 1.020000 |  -0.202049 |      365 |      327 |       38 |   8.960937 |      9 | 0.924213 | 1.919065
1574 | 471900.0 | 472200.0 | 0.005538 | 0.016496 |   8.960937 |      9 | 0.924213 | 1.000000 | 1.016667 | 0.970000 | 0.993333 |  -0.707237 |      359 |      305 |       54 |   8.960845 |      9 | 0.920296 | 2.018246
1575 | 472200.0 | 472500.0 | 0.005536 | 0.016495 |   8.960845 |      9 | 0.920296 | 1.000000 | 1.033333 | 1.080000 | 0.960000 |   3.637552 |      361 |      310 |       51 |   8.960660 |      9 | 0.940433 | 1.508338
1576 | 472500.0 | 472800.0 | 0.005534 | 0.016493 |   8.960660 |      9 | 0.940433 | 1.000000 | 1.040000 | 0.930000 | 0.973333 |  -1.313682 |      359 |      312 |       47 |   8.960439 |      9 | 0.933164 | 1.692411
1577 | 472800.0 | 473100.0 | 0.005531 | 0.016492 |   8.960439 |      9 | 0.933164 | 1.000000 | 1.063333 | 1.003333 | 0.983333 |   0.606371 |      362 |      319 |       43 |   8.960089 |      9 | 0.936518 | 1.607482
1578 | 473100.0 | 473400.0 | 0.005529 | 0.016490 |   8.960089 |      9 | 0.936518 | 1.000000 | 1.023333 | 0.973333 | 0.980000 |  -0.202142 |      357 |      307 |       50 |   8.959960 |      9 | 0.935400 | 1.635782
1579 | 473400.0 | 473700.0 | 0.005527 | 0.016489 |   8.959960 |      9 | 0.935400 | 1.000000 | 0.996667 | 1.000000 | 0.933333 |   2.021608 |      352 |      299 |       54 |   8.959978 |      9 | 0.946573 | 1.352868
1580 | 473700.0 | 474000.0 | 0.005524 | 0.016487 |   8.959978 |      9 | 0.946573 | 1.000000 | 0.983333 | 0.753333 | 0.960000 |  -6.267561 |      347 |      295 |       51 |   8.960070 |      9 | 0.911948 | 2.229617
1581 | 474000.0 | 474300.0 | 0.005522 | 0.016485 |   8.960070 |      9 | 0.911948 | 1.000000 | 1.073333 | 0.996667 | 0.866667 |   3.942861 |      367 |      322 |       45 |   8.959665 |      9 | 0.933721 | 1.678293
1582 | 474300.0 | 474600.0 | 0.005520 | 0.016484 |   8.959665 |      9 | 0.933721 | 1.000000 | 0.976667 | 0.930000 | 1.030000 |  -3.033249 |      352 |      293 |       59 |   8.959794 |      9 | 0.916978 | 2.102251
1583 | 474600.0 | 474900.0 | 0.005517 | 0.016482 |   8.959794 |      9 | 0.916978 | 1.000000 | 1.020000 | 1.000000 | 1.023333 |  -0.707823 |      361 |      306 |       55 |   8.959684 |      9 | 0.913073 | 2.201142
1584 | 474900.0 | 475200.0 | 0.005515 | 0.016481 |   8.959684 |      9 | 0.913073 | 1.000000 | 0.980000 | 0.976667 | 0.993333 |  -0.505634 |      357 |      294 |       63 |   8.959794 |      9 | 0.910284 | 2.271756
1585 | 475200.0 | 475500.0 | 0.005513 | 0.016479 |   8.959794 |      9 | 0.910284 | 1.000000 | 1.013333 | 1.010000 | 0.946667 |   1.921587 |      358 |      304 |       54 |   8.959721 |      9 | 0.920878 | 2.003510
1586 | 475500.0 | 475800.0 | 0.005511 | 0.016478 |   8.959721 |      9 | 0.920878 | 1.000000 | 1.020000 | 0.960000 | 1.006667 |  -1.416036 |      360 |      306 |       54 |   8.959610 |      9 | 0.913075 | 2.201101
1587 | 475800.0 | 476100.0 | 0.005508 | 0.016476 |   8.959610 |      9 | 0.913075 | 1.000000 | 0.970000 | 1.043333 | 1.060000 |  -0.505773 |      354 |      291 |       63 |   8.959776 |      9 | 0.910289 | 2.271647
1588 | 476100.0 | 476400.0 | 0.005506 | 0.016475 |   8.959776 |      9 | 0.910289 | 1.000000 | 1.040000 | 1.050000 | 1.003333 |   1.416295 |      363 |      312 |       51 |   8.959555 |      9 | 0.918087 | 2.074183
1589 | 476400.0 | 476700.0 | 0.005504 | 0.016473 |   8.959555 |      9 | 0.918087 | 1.000000 | 1.073333 | 1.016667 | 1.020000 |  -0.101173 |      366 |      322 |       44 |   8.959152 |      9 | 0.917530 | 2.088283
1590 | 476700.0 | 477000.0 | 0.005501 | 0.016472 |   8.959152 |      9 | 0.917530 | 1.000000 | 1.020000 | 0.993333 | 1.000000 |  -0.202365 |      359 |      306 |       53 |   8.959042 |      9 | 0.916417 | 2.116474
1591 | 477000.0 | 477300.0 | 0.005499 | 0.016470 |   8.959042 |      9 | 0.916417 | 1.000000 | 0.993333 | 1.016667 | 0.976667 |   1.214301 |      357 |      298 |       59 |   8.959078 |      9 | 0.923094 | 1.947384
1592 | 477300.0 | 477600.0 | 0.005497 | 0.016469 |   8.959078 |      9 | 0.923094 | 1.000000 | 1.010000 | 1.020000 | 1.033333 |  -0.404804 |      357 |      303 |       54 |   8.959023 |      9 | 0.920869 | 2.003729
1593 | 477600.0 | 477900.0 | 0.005495 | 0.016467 |   8.959023 |      9 | 0.920869 | 1.000000 | 1.023333 | 0.980000 | 1.020000 |  -1.214523 |      360 |      307 |       53 |   8.958895 |      9 | 0.914196 | 2.172711
1594 | 477900.0 | 478200.0 | 0.005492 | 0.016466 |   8.958895 |      9 | 0.914196 | 1.000000 | 1.003333 | 0.976667 | 0.930000 |   1.417072 |      358 |      301 |       57 |   8.958877 |      9 | 0.921979 | 1.975629
1595 | 478200.0 | 478500.0 | 0.005490 | 0.016464 |   8.958877 |      9 | 0.921979 | 1.000000 | 1.046667 | 1.030000 | 0.973333 |   1.720888 |      363 |      314 |       49 |   8.958621 |      9 | 0.931427 | 1.736393
1596 | 478500.0 | 478800.0 | 0.005488 | 0.016463 |   8.958621 |      9 | 0.931427 | 1.000000 | 1.050000 | 0.980000 | 1.010000 |  -0.911141 |      361 |      315 |       46 |   8.958346 |      9 | 0.926427 | 1.863007
1597 | 478800.0 | 479100.0 | 0.005486 | 0.016461 |   8.958346 |      9 | 0.926427 | 1.000000 | 1.030000 | 0.883333 | 0.980000 |  -2.936167 |      360 |      309 |       51 |   8.958182 |      9 | 0.910320 | 2.270853
1598 | 479100.0 | 479400.0 | 0.005483 | 0.016460 |   8.958182 |      9 | 0.910320 | 1.000000 | 1.000000 | 0.973333 | 0.946667 |   0.810051 |      357 |      300 |       57 |   8.958182 |      9 | 0.914762 | 2.158380
1599 | 479400.0 | 479700.0 | 0.005481 | 0.016458 |   8.958182 |      9 | 0.914762 | 1.000000 | 1.040000 | 1.000000 | 0.976667 |   0.708859 |      363 |      312 |       51 |   8.957962 |      9 | 0.918647 | 2.059997
1600 | 479700.0 | 480000.0 | 0.005479 | 0.016457 |   8.957962 |      9 | 0.918647 | 1.000000 | 0.990000 | 0.976667 | 1.020000 |  -1.316572 |      355 |      297 |       58 |   8.958017 |      9 | 0.911434 | 2.242649
1601 | 480000.0 | 480300.0 | 0.005477 | 0.016455 |   8.958017 |      9 | 0.911434 | 1.000000 | 0.980000 | 1.070000 | 0.940000 |   3.950076 |      357 |      294 |       63 |   8.958127 |      9 | 0.933067 | 1.694870
1602 | 480300.0 | 480600.0 | 0.005474 | 0.016454 |   8.958127 |      9 | 0.933067 | 1.000000 | 1.076667 | 0.953333 | 0.986667 |  -1.012932 |      364 |      323 |       41 |   8.957707 |      9 | 0.927521 | 1.835281
1603 | 480600.0 | 480900.0 | 0.005472 | 0.016452 |   8.957707 |      9 | 0.927521 | 1.000000 | 0.966667 | 1.006667 | 0.986667 |   0.607814 |      353 |      290 |       63 |   8.957889 |      9 | 0.930847 | 1.751061
1604 | 480900.0 | 481200.0 | 0.005470 | 0.016451 |   8.957889 |      9 | 0.930847 | 1.000000 | 1.030000 | 1.006667 | 0.980000 |   0.810493 |      360 |      309 |       51 |   8.957725 |      9 | 0.935281 | 1.638804
1605 | 481200.0 | 481500.0 | 0.005468 | 0.016449 |   8.957725 |      9 | 0.935281 | 1.000000 | 1.043333 | 0.996667 | 0.986667 |   0.303962 |      358 |      313 |       45 |   8.957488 |      9 | 0.936943 | 1.596721
1606 | 481500.0 | 481800.0 | 0.005465 | 0.016448 |   8.957488 |      9 | 0.936943 | 1.000000 | 1.040000 | 0.993333 | 0.996667 |  -0.101330 |      359 |      312 |       47 |   8.957270 |      9 | 0.936389 | 1.610744
1607 | 481800.0 | 482100.0 | 0.005463 | 0.016446 |   8.957270 |      9 | 0.936389 | 1.000000 | 1.013333 | 0.933333 | 0.913333 |   0.608035 |      357 |      304 |       53 |   8.957197 |      9 | 0.939711 | 1.526632
1608 | 482100.0 | 482400.0 | 0.005461 | 0.016445 |   8.957197 |      9 | 0.939711 | 1.000000 | 1.076667 | 0.953333 | 0.983333 |  -0.912135 |      362 |      323 |       39 |   8.956778 |      9 | 0.934730 | 1.652760
1609 | 482400.0 | 482700.0 | 0.005459 | 0.016443 |   8.956778 |      9 | 0.934730 | 1.000000 | 1.010000 | 0.970000 | 0.950000 |   0.608145 |      356 |      303 |       53 |   8.956724 |      9 | 0.938049 | 1.568702
1610 | 482700.0 | 483000.0 | 0.005456 | 0.016442 |   8.956724 |      9 | 0.938049 | 1.000000 | 1.030000 | 0.943333 | 0.966667 |  -0.709566 |      357 |      309 |       48 |   8.956560 |      9 | 0.934178 | 1.666739
1611 | 483000.0 | 483300.0 | 0.005454 | 0.016440 |   8.956560 |      9 | 0.934178 | 1.000000 | 1.036667 | 1.026667 | 0.973333 |   1.622012 |      359 |      311 |       48 |   8.956360 |      9 | 0.943024 | 1.442726
1612 | 483300.0 | 483600.0 | 0.005452 | 0.016439 |   8.956360 |      9 | 0.943024 | 1.000000 | 1.006667 | 0.863333 | 0.986667 |  -3.751242 |      352 |      302 |       50 |   8.956324 |      9 | 0.922573 | 1.960590
1613 | 483600.0 | 483900.0 | 0.005450 | 0.016438 |   8.956324 |      9 | 0.922573 | 1.000000 | 1.060000 | 0.993333 | 0.930000 |   1.926487 |      365 |      318 |       47 |   8.955997 |      9 | 0.933072 | 1.694745
1614 | 483900.0 | 484200.0 | 0.005447 | 0.016436 |   8.955997 |      9 | 0.933072 | 1.000000 | 1.060000 | 0.980000 | 1.040000 |  -1.825258 |      361 |      318 |       43 |   8.955670 |      9 | 0.923129 | 1.946518
1615 | 484200.0 | 484500.0 | 0.005445 | 0.016435 |   8.955670 |      9 | 0.923129 | 1.000000 | 1.023333 | 0.996667 | 1.016667 |  -0.608474 |      360 |      307 |       53 |   8.955543 |      9 | 0.919815 | 2.030416
1616 | 484500.0 | 484800.0 | 0.005443 | 0.016433 |   8.955543 |      9 | 0.919815 | 1.000000 | 0.990000 | 1.033333 | 0.963333 |   2.129851 |      355 |      297 |       58 |   8.955597 |      9 | 0.931408 | 1.736867
1617 | 484800.0 | 485100.0 | 0.005441 | 0.016432 |   8.955597 |      9 | 0.931408 | 1.000000 | 1.026667 | 0.983333 | 0.956667 |   0.811445 |      360 |      308 |       52 |   8.955452 |      9 | 0.935823 | 1.625074
1618 | 485100.0 | 485400.0 | 0.005439 | 0.016430 |   8.955452 |      9 | 0.935823 | 1.000000 | 1.046667 | 0.933333 | 0.936667 |  -0.101440 |      360 |      314 |       46 |   8.955198 |      9 | 0.935271 | 1.639044
1619 | 485400.0 | 485700.0 | 0.005436 | 0.016429 |   8.955198 |      9 | 0.935271 | 1.000000 | 1.010000 | 0.940000 | 1.050000 |  -3.347813 |      355 |      303 |       52 |   8.955144 |      9 | 0.917071 | 2.099896
1620 | 485700.0 | 486000.0 | 0.005434 | 0.016427 |   8.955144 |      9 | 0.917071 | 1.000000 | 1.030000 | 1.030000 | 0.983333 |   1.420412 |      362 |      309 |       53 |   8.954981 |      9 | 0.924790 | 1.904445
1621 | 486000.0 | 486300.0 | 0.005432 | 0.016426 |   8.954981 |      9 | 0.924790 | 1.000000 | 0.973333 | 1.016667 | 0.986667 |   0.913204 |      354 |      292 |       62 |   8.955126 |      9 | 0.929751 | 1.778838
1622 | 486300.0 | 486600.0 | 0.005430 | 0.016424 |   8.955126 |      9 | 0.929751 | 1.000000 | 1.066667 | 1.000000 | 0.963333 |   1.116238 |      363 |      320 |       43 |   8.954764 |      9 | 0.935811 | 1.625366
1623 | 486600.0 | 486900.0 | 0.005428 | 0.016423 |   8.954764 |      9 | 0.935811 | 1.000000 | 1.056667 | 0.983333 | 0.976667 |   0.202971 |      360 |      317 |       43 |   8.954456 |      9 | 0.936913 | 1.597471
1624 | 486900.0 | 487200.0 | 0.005425 | 0.016421 |   8.954456 |      9 | 0.936913 | 1.000000 | 1.023333 | 0.970000 | 0.993333 |  -0.710461 |      356 |      307 |       49 |   8.954330 |      9 | 0.933059 | 1.695073
1625 | 487200.0 | 487500.0 | 0.005423 | 0.016420 |   8.954330 |      9 | 0.933059 | 1.000000 | 1.013333 | 0.956667 | 1.006667 |  -1.522552 |      358 |      304 |       54 |   8.954257 |      9 | 0.924802 | 1.904153
1626 | 487500.0 | 487800.0 | 0.005421 | 0.016418 |   8.954257 |      9 | 0.924802 | 1.000000 | 1.003333 | 0.993333 | 0.986667 |   0.203025 |      356 |      301 |       55 |   8.954239 |      9 | 0.925902 | 1.876285
1627 | 487800.0 | 488100.0 | 0.005419 | 0.016417 |   8.954239 |      9 | 0.925902 | 1.000000 | 1.080000 | 0.976667 | 1.040000 |  -1.928912 |      366 |      324 |       42 |   8.953806 |      9 | 0.915450 | 2.140952
1628 | 488100.0 | 488400.0 | 0.005417 | 0.016415 |   8.953806 |      9 | 0.915450 | 1.000000 | 1.023333 | 0.976667 | 0.960000 |   0.507654 |      361 |      307 |       54 |   8.953679 |      9 | 0.918200 | 2.071325
1629 | 488400.0 | 488700.0 | 0.005414 | 0.016414 |   8.953679 |      9 | 0.918200 | 1.000000 | 1.023333 | 0.990000 | 0.976667 |   0.406159 |      359 |      307 |       53 |   8.953553 |      9 | 0.920399 | 2.015641
1630 | 488700.0 | 489000.0 | 0.005412 | 0.016412 |   8.953553 |      9 | 0.920399 | 1.000000 | 1.020000 | 1.003333 | 0.933333 |   2.132526 |      361 |      306 |       54 |   8.953445 |      9 | 0.931940 | 1.723390
1631 | 489000.0 | 489300.0 | 0.005410 | 0.016411 |   8.953445 |      9 | 0.931940 | 1.000000 | 0.993333 | 0.953333 | 1.026667 |  -2.234275 |      355 |      298 |       57 |   8.953481 |      9 | 0.919853 | 2.029461
1632 | 489300.0 | 489600.0 | 0.005408 | 0.016410 |   8.953481 |      9 | 0.919853 | 1.000000 | 0.996667 | 0.970000 | 0.963333 |   0.203134 |      357 |      299 |       58 |   8.953499 |      9 | 0.920951 | 2.001645
1633 | 489600.0 | 489900.0 | 0.005406 | 0.016408 |   8.953499 |      9 | 0.920951 | 1.000000 | 1.006667 | 0.986667 | 0.990000 |  -0.101576 |      358 |      302 |       56 |   8.953463 |      9 | 0.920402 | 2.015549
1634 | 489900.0 | 490200.0 | 0.005403 | 0.016407 |   8.953463 |      9 | 0.920402 | 1.000000 | 0.983333 | 0.983333 | 1.020000 |  -1.117436 |      356 |      295 |       61 |   8.953553 |      9 | 0.914364 | 2.168440
1635 | 490200.0 | 490500.0 | 0.005401 | 0.016405 |   8.953553 |      9 | 0.914364 | 1.000000 | 0.993333 | 0.993333 | 0.986667 |   0.203188 |      359 |      298 |       61 |   8.953589 |      9 | 0.915462 | 2.140650
1636 | 490500.0 | 490800.0 | 0.005399 | 0.016404 |   8.953589 |      9 | 0.915462 | 1.000000 | 1.020000 | 0.953333 | 0.950000 |   0.101603 |      360 |      306 |       54 |   8.953481 |      9 | 0.916010 | 2.126759
1637 | 490800.0 | 491100.0 | 0.005397 | 0.016402 |   8.953481 |      9 | 0.916010 | 1.000000 | 1.063333 | 0.970000 | 0.956667 |   0.406449 |      365 |      319 |       46 |   8.953139 |      9 | 0.918204 | 2.071215
1638 | 491100.0 | 491400.0 | 0.005395 | 0.016401 |   8.953139 |      9 | 0.918204 | 1.000000 | 1.013333 | 1.033333 | 1.010000 |   0.711349 |      358 |      304 |       54 |   8.953067 |      9 | 0.922041 | 1.974043
1639 | 491400.0 | 491700.0 | 0.005393 | 0.016399 |   8.953067 |      9 | 0.922041 | 1.000000 | 0.973333 | 0.963333 | 0.970000 |  -0.203261 |      354 |      292 |       62 |   8.953211 |      9 | 0.920945 | 2.001798
1640 | 491700.0 | 492000.0 | 0.005390 | 0.016398 |   8.953211 |      9 | 0.920945 | 1.000000 | 1.030000 | 0.993333 | 1.006667 |  -0.406557 |      362 |      309 |       53 |   8.953049 |      9 | 0.918754 | 2.057290
1641 | 492000.0 | 492300.0 | 0.005388 | 0.016396 |   8.953049 |      9 | 0.918754 | 1.000000 | 0.983333 | 1.030000 | 1.010000 |   0.609890 |      356 |      295 |       61 |   8.953139 |      9 | 0.922040 | 1.974078
1642 | 492300.0 | 492600.0 | 0.005386 | 0.016395 |   8.953139 |      9 | 0.922040 | 1.000000 | 1.000000 | 0.990000 | 1.023333 |  -1.016574 |      357 |      300 |       57 |   8.953139 |      9 | 0.916565 | 2.112721
1643 | 492600.0 | 492900.0 | 0.005384 | 0.016393 |   8.953139 |      9 | 0.916565 | 1.000000 | 1.056667 | 0.986667 | 1.026667 |  -1.219996 |      364 |      317 |       47 |   8.952834 |      9 | 0.909997 | 2.279041
1644 | 492900.0 | 493200.0 | 0.005382 | 0.016392 |   8.952834 |      9 | 0.909997 | 1.000000 | 1.023333 | 0.953333 | 1.006667 |  -1.626806 |      360 |      307 |       53 |   8.952709 |      9 | 0.901242 | 2.500731
1645 | 493200.0 | 493500.0 | 0.005380 | 0.016391 |   8.952709 |      9 | 0.901242 | 1.000000 | 1.006667 | 1.020000 | 1.010000 |   0.305053 |      359 |      302 |       57 |   8.952673 |      9 | 0.902883 | 2.459177
1646 | 493500.0 | 493800.0 | 0.005377 | 0.016389 |   8.952673 |      9 | 0.902883 | 1.000000 | 0.976667 | 1.016667 | 0.920000 |   2.949108 |      358 |      293 |       65 |   8.952798 |      9 | 0.918741 | 2.057615
1647 | 493800.0 | 494100.0 | 0.005375 | 0.016388 |   8.952798 |      9 | 0.918741 | 1.000000 | 1.020000 | 0.970000 | 0.960000 |   0.305107 |      359 |      306 |       53 |   8.952691 |      9 | 0.920381 | 2.016087
1648 | 494100.0 | 494400.0 | 0.005373 | 0.016386 |   8.952691 |      9 | 0.920381 | 1.000000 | 1.026667 | 0.990000 | 0.990000 |   0.000000 |      361 |      308 |       53 |   8.952547 |      9 | 0.920381 | 2.016087
1649 | 494400.0 | 494700.0 | 0.005371 | 0.016385 |   8.952547 |      9 | 0.920381 | 1.000000 | 1.026667 | 1.016667 | 1.040000 |  -0.712042 |      360 |      308 |       52 |   8.952404 |      9 | 0.916557 | 2.112925
1650 | 494700.0 | 495000.0 | 0.005369 | 0.016383 |   8.952404 |      9 | 0.916557 | 1.000000 | 1.033333 | 1.020000 | 0.950000 |   2.136315 |      360 |      310 |       52 |   8.952225 |      9 | 0.928026 | 1.822501
1651 | 495000.0 | 495300.0 | 0.005367 | 0.016382 |   8.952225 |      9 | 0.928026 | 1.000000 | 1.000000 | 0.950000 | 0.976667 |  -0.813906 |      358 |      300 |       56 |   8.952225 |      9 | 0.923658 | 1.933104
1652 | 495300.0 | 495600.0 | 0.005364 | 0.016380 |   8.952225 |      9 | 0.923658 | 1.000000 | 1.013333 | 0.980000 | 1.026667 |  -1.424461 |      358 |      304 |       54 |   8.952154 |      9 | 0.916017 | 2.126600
1653 | 495600.0 | 495900.0 | 0.005362 | 0.016379 |   8.952154 |      9 | 0.916017 | 1.000000 | 0.976667 | 0.966667 | 0.970000 |  -0.101756 |      355 |      293 |       62 |   8.952279 |      9 | 0.915471 | 2.140416
1654 | 495900.0 | 496200.0 | 0.005360 | 0.016378 |   8.952279 |      9 | 0.915471 | 1.000000 | 1.046667 | 1.016667 | 0.976667 |   1.221182 |      363 |      314 |       49 |   8.952029 |      9 | 0.922017 | 1.974667
1655 | 496200.0 | 496500.0 | 0.005358 | 0.016376 |   8.952029 |      9 | 0.922017 | 1.000000 | 1.016667 | 0.963333 | 0.943333 |   0.610645 |      358 |      305 |       53 |   8.951939 |      9 | 0.925289 | 1.891817
1656 | 496500.0 | 496800.0 | 0.005356 | 0.016375 |   8.951939 |      9 | 0.925289 | 1.000000 | 0.963333 | 1.010000 | 1.010000 |   0.000000 |      355 |      289 |       66 |   8.952136 |      9 | 0.925289 | 1.891817
1657 | 496800.0 | 497100.0 | 0.005354 | 0.016373 |   8.952136 |      9 | 0.925289 | 1.000000 | 1.003333 | 1.036667 | 0.993333 |   1.323296 |      356 |      301 |       55 |   8.952118 |      9 | 0.932373 | 1.712423
1658 | 497100.0 | 497400.0 | 0.005352 | 0.016372 |   8.952118 |      9 | 0.932373 | 1.000000 | 0.970000 | 0.960000 | 1.010000 |  -1.527015 |      352 |      291 |       61 |   8.952278 |      9 | 0.924201 | 1.919352
1659 | 497400.0 | 497700.0 | 0.005350 | 0.016370 |   8.952278 |      9 | 0.924201 | 1.000000 | 1.020000 | 1.043333 | 1.003333 |   1.221719 |      358 |      306 |       52 |   8.952171 |      9 | 0.930737 | 1.753860
1660 | 497700.0 | 498000.0 | 0.005347 | 0.016369 |   8.952171 |      9 | 0.930737 | 1.000000 | 1.053333 | 1.023333 | 1.020000 |   0.101819 |      362 |      316 |       46 |   8.951886 |      9 | 0.931281 | 1.740073
1661 | 498000.0 | 498300.0 | 0.005345 | 0.016368 |   8.951886 |      9 | 0.931281 | 1.000000 | 1.023333 | 1.003333 | 1.046667 |  -1.323761 |      357 |      307 |       50 |   8.951762 |      9 | 0.924206 | 1.919246
1662 | 498300.0 | 498600.0 | 0.005343 | 0.016366 |   8.951762 |      9 | 0.924206 | 1.000000 | 0.956667 | 0.996667 | 0.996667 |   0.000000 |      354 |      287 |       67 |   8.951993 |      9 | 0.924206 | 1.919246
1663 | 498600.0 | 498900.0 | 0.005341 | 0.016365 |   8.951993 |      9 | 0.924206 | 1.000000 | 1.013333 | 0.976667 | 0.973333 |   0.101846 |      358 |      304 |       55 |   8.951922 |      9 | 0.924750 | 1.905472
1664 | 498900.0 | 499200.0 | 0.005339 | 0.016363 |   8.951922 |      9 | 0.924750 | 1.000000 | 1.036667 | 0.963333 | 0.943333 |   0.611127 |      360 |      311 |       48 |   8.951726 |      9 | 0.928012 | 1.822853
1665 | 499200.0 | 499500.0 | 0.005337 | 0.016362 |   8.951726 |      9 | 0.928012 | 1.000000 | 0.993333 | 0.960000 | 1.040000 |  -2.444723 |      355 |      298 |       57 |   8.951762 |      9 | 0.914965 | 2.153224
1666 | 499500.0 | 499800.0 | 0.005335 | 0.016360 |   8.951762 |      9 | 0.914965 | 1.000000 | 1.023333 | 0.970000 | 0.980000 |  -0.305617 |      363 |      307 |       56 |   8.951637 |      9 | 0.913335 | 2.194508
1667 | 499800.0 | 500100.0 | 0.005333 | 0.016359 |   8.951637 |      9 | 0.913335 | 1.000000 | 1.016667 | 0.960000 | 0.973333 |  -0.407525 |      359 |      305 |       54 |   8.951548 |      9 | 0.911162 | 2.249535
1668 | 500100.0 | 500400.0 | 0.005330 | 0.016357 |   8.951548 |      9 | 0.911162 | 1.000000 | 1.050000 | 0.976667 | 0.986667 |  -0.305670 |      362 |      315 |       47 |   8.951282 |      9 | 0.909532 | 2.290793
1669 | 500400.0 | 500700.0 | 0.005328 | 0.016356 |   8.951282 |      9 | 0.909532 | 1.000000 | 0.983333 | 1.030000 | 1.020000 |   0.305697 |      357 |      295 |       63 |   8.951371 |      9 | 0.911161 | 2.249548
1670 | 500700.0 | 501000.0 | 0.005326 | 0.016355 |   8.951371 |      9 | 0.911161 | 1.000000 | 0.943333 | 0.966667 | 0.966667 |   0.000000 |      352 |      283 |       68 |   8.951672 |      9 | 0.911161 | 2.249548
1671 | 501000.0 | 501300.0 | 0.005324 | 0.016353 |   8.951672 |      9 | 0.911161 | 1.000000 | 0.943333 | 1.010000 | 0.993333 |   0.509584 |      355 |      283 |       72 |   8.951974 |      9 | 0.913874 | 2.180848
1672 | 501300.0 | 501600.0 | 0.005322 | 0.016352 |   8.951974 |      9 | 0.913874 | 1.000000 | 0.920000 | 0.983333 | 0.990000 |  -0.203851 |      350 |      276 |       74 |   8.952400 |      9 | 0.912790 | 2.208320
1673 | 501600.0 | 501900.0 | 0.005320 | 0.016350 |   8.952400 |      9 | 0.912790 | 1.000000 | 1.043333 | 0.993333 | 0.970000 |   0.713542 |      364 |      313 |       51 |   8.952169 |      9 | 0.916585 | 2.112199
1674 | 501900.0 | 502200.0 | 0.005318 | 0.016349 |   8.952169 |      9 | 0.916585 | 1.000000 | 1.013333 | 1.023333 | 0.963333 |   1.834982 |      358 |      304 |       55 |   8.952098 |      9 | 0.926344 | 1.865108
1675 | 502200.0 | 502500.0 | 0.005316 | 0.016348 |   8.952098 |      9 | 0.926344 | 1.000000 | 1.010000 | 0.953333 | 1.016667 |  -1.937094 |      356 |      303 |       52 |   8.952045 |      9 | 0.916047 | 2.125846
1676 | 502500.0 | 502800.0 | 0.005314 | 0.016346 |   8.952045 |      9 | 0.916047 | 1.000000 | 0.960000 | 1.003333 | 0.990000 |   0.407845 |      355 |      288 |       67 |   8.952258 |      9 | 0.918214 | 2.070971
1677 | 502800.0 | 503100.0 | 0.005312 | 0.016345 |   8.952258 |      9 | 0.918214 | 1.000000 | 1.020000 | 0.983333 | 1.093333 |  -3.365011 |      358 |      306 |       53 |   8.952152 |      9 | 0.900340 | 2.523554
1678 | 503100.0 | 503400.0 | 0.005309 | 0.016343 |   8.952152 |      9 | 0.900340 | 1.000000 | 1.033333 | 0.993333 | 1.010000 |  -0.509894 |      363 |      310 |       52 |   8.951975 |      9 | 0.897633 | 2.592106
1679 | 503400.0 | 503700.0 | 0.005307 | 0.016342 |   8.951975 |      9 | 0.897633 | 1.000000 | 0.983333 | 0.993333 | 0.963333 |   0.917890 |      357 |      295 |       62 |   8.952063 |      9 | 0.902505 | 2.468750
1680 | 503700.0 | 504000.0 | 0.005305 | 0.016340 |   8.952063 |      9 | 0.902505 | 1.000000 | 0.970000 | 0.960000 | 0.953333 |   0.203993 |      356 |      291 |       65 |   8.952222 |      9 | 0.903587 | 2.441346
1681 | 504000.0 | 504300.0 | 0.005303 | 0.016339 |   8.952222 |      9 | 0.903587 | 1.000000 | 1.006667 | 0.976667 | 0.970000 |   0.204011 |      359 |      302 |       57 |   8.952187 |      9 | 0.904669 | 2.413950
1682 | 504300.0 | 504600.0 | 0.005301 | 0.016338 |   8.952187 |      9 | 0.904669 | 1.000000 | 0.966667 | 1.023333 | 1.010000 |   0.408057 |      356 |      290 |       66 |   8.952364 |      9 | 0.906832 | 2.359176
1683 | 504600.0 | 504900.0 | 0.005299 | 0.016336 |   8.952364 |      9 | 0.906832 | 1.000000 | 1.010000 | 0.976667 | 0.956667 |   0.612139 |      359 |      303 |       56 |   8.952311 |      9 | 0.910076 | 2.277039
1684 | 504900.0 | 505200.0 | 0.005297 | 0.016335 |   8.952311 |      9 | 0.910076 | 1.000000 | 1.076667 | 0.953333 | 0.910000 |   1.326415 |      365 |      323 |       42 |   8.951904 |      9 | 0.917102 | 2.099131
1685 | 505200.0 | 505500.0 | 0.005295 | 0.016333 |   8.951904 |      9 | 0.917102 | 1.000000 | 0.966667 | 0.970000 | 0.996667 |  -0.816326 |      355 |      290 |       65 |   8.952081 |      9 | 0.912779 | 2.208580
1686 | 505500.0 | 505800.0 | 0.005293 | 0.016332 |   8.952081 |      9 | 0.912779 | 1.000000 | 1.006667 | 1.046667 | 1.020000 |   0.816397 |      358 |      302 |       56 |   8.952046 |      9 | 0.917100 | 2.099164
1687 | 505800.0 | 506100.0 | 0.005291 | 0.016331 |   8.952046 |      9 | 0.917100 | 1.000000 | 0.950000 | 1.080000 | 0.943333 |   4.184394 |      355 |      285 |       70 |   8.952310 |      9 | 0.939239 | 1.538583
1688 | 506100.0 | 506400.0 | 0.005289 | 0.016329 |   8.952310 |      9 | 0.939239 | 1.000000 | 0.986667 | 0.923333 | 1.020000 |  -2.959949 |      350 |      296 |       54 |   8.952381 |      9 | 0.923585 | 1.934971
1689 | 506400.0 | 506700.0 | 0.005287 | 0.016328 |   8.952381 |      9 | 0.923585 | 1.000000 | 1.043333 | 1.026667 | 0.940000 |   2.653976 |      363 |      313 |       50 |   8.952152 |      9 | 0.937615 | 1.579697
1690 | 506700.0 | 507000.0 | 0.005284 | 0.016326 |   8.952152 |      9 | 0.937615 | 1.000000 | 0.973333 | 0.916667 | 0.936667 |  -0.612509 |      349 |      292 |       58 |   8.952293 |      9 | 0.934378 | 1.661658
1691 | 507000.0 | 507300.0 | 0.005282 | 0.016325 |   8.952293 |      9 | 0.934378 | 1.000000 | 0.996667 | 0.886667 | 1.026667 |  -4.287932 |      355 |      299 |       55 |   8.952310 |      9 | 0.911727 | 2.235212
1692 | 507300.0 | 507600.0 | 0.005280 | 0.016323 |   8.952310 |      9 | 0.911727 | 1.000000 | 1.010000 | 0.983333 | 0.970000 |   0.408410 |      360 |      303 |       57 |   8.952257 |      9 | 0.913884 | 2.180605
1693 | 507600.0 | 507900.0 | 0.005278 | 0.016322 |   8.952257 |      9 | 0.913884 | 1.000000 | 1.016667 | 0.990000 | 0.940000 |   1.531668 |      359 |      305 |       54 |   8.952169 |      9 | 0.921969 | 1.975889
1694 | 507900.0 | 508200.0 | 0.005276 | 0.016321 |   8.952169 |      9 | 0.921969 | 1.000000 | 1.020000 | 1.006667 | 1.003333 |   0.102120 |      360 |      306 |       54 |   8.952064 |      9 | 0.922507 | 1.962245
1695 | 508200.0 | 508500.0 | 0.005274 | 0.016319 |   8.952064 |      9 | 0.922507 | 1.000000 | 1.010000 | 0.973333 | 0.923333 |   1.531931 |      359 |      303 |       56 |   8.952011 |      9 | 0.930587 | 1.757654
1696 | 508500.0 | 508800.0 | 0.005272 | 0.016318 |   8.952011 |      9 | 0.930587 | 1.000000 | 0.983333 | 0.893333 | 0.966667 |  -2.247026 |      353 |      295 |       58 |   8.952099 |      9 | 0.918741 | 2.057630
1697 | 508800.0 | 509100.0 | 0.005270 | 0.016316 |   8.952099 |      9 | 0.918741 | 1.000000 | 0.990000 | 1.023333 | 1.026667 |  -0.102146 |      357 |      297 |       60 |   8.952152 |      9 | 0.918202 | 2.071261
1698 | 509100.0 | 509400.0 | 0.005268 | 0.016315 |   8.952152 |      9 | 0.918202 | 1.000000 | 1.003333 | 1.046667 | 1.010000 |   1.123706 |      359 |      301 |       58 |   8.952134 |      9 | 0.924122 | 1.921364
1699 | 509400.0 | 509700.0 | 0.005266 | 0.016314 |   8.952134 |      9 | 0.924122 | 1.000000 | 0.990000 | 1.010000 | 0.996667 |   0.408655 |      356 |      297 |       59 |   8.952187 |      9 | 0.926274 | 1.866873
1700 | 509700.0 | 510000.0 | 0.005264 | 0.016312 |   8.952187 |      9 | 0.926274 | 1.000000 | 1.010000 | 1.000000 | 0.976667 |   0.715208 |      357 |      303 |       54 |   8.952134 |      9 | 0.930039 | 1.771541
1701 | 510000.0 | 510300.0 | 0.005262 | 0.016311 |   8.952134 |      9 | 0.930039 | 1.000000 | 1.060000 | 0.936667 | 0.960000 |  -0.715270 |      362 |      318 |       44 |   8.951818 |      9 | 0.926275 | 1.866844
1702 | 510300.0 | 510600.0 | 0.005260 | 0.016309 |   8.951818 |      9 | 0.926275 | 1.000000 | 1.003333 | 0.953333 | 0.990000 |  -1.124091 |      357 |      301 |       56 |   8.951801 |      9 | 0.920362 | 2.016559
1703 | 510600.0 | 510900.0 | 0.005258 | 0.016308 |   8.951801 |      9 | 0.920362 | 1.000000 | 1.020000 | 0.940000 | 1.030000 |  -2.759369 |      360 |      306 |       54 |   8.951696 |      9 | 0.905854 | 2.383931
1704 | 510900.0 | 511200.0 | 0.005256 | 0.016307 |   8.951696 |      9 | 0.905854 | 1.000000 | 1.050000 | 1.006667 | 0.933333 |   2.248567 |      364 |      315 |       49 |   8.951433 |      9 | 0.917672 | 2.084681
1705 | 511200.0 | 511500.0 | 0.005254 | 0.016305 |   8.951433 |      9 | 0.917672 | 1.000000 | 0.986667 | 0.976667 | 0.990000 |  -0.408865 |      356 |      296 |       60 |   8.951503 |      9 | 0.915524 | 2.139074
1706 | 511500.0 | 511800.0 | 0.005252 | 0.016304 |   8.951503 |      9 | 0.915524 | 1.000000 | 0.990000 | 1.006667 | 0.963333 |   1.328926 |      357 |      297 |       60 |   8.951556 |      9 | 0.922503 | 1.962352
1707 | 511800.0 | 512100.0 | 0.005250 | 0.016303 |   8.951556 |      9 | 0.922503 | 1.000000 | 1.010000 | 0.963333 | 1.040000 |  -2.351377 |      359 |      303 |       56 |   8.951503 |      9 | 0.910159 | 2.274920
1708 | 512100.0 | 512400.0 | 0.005248 | 0.016301 |   8.951503 |      9 | 0.910159 | 1.000000 | 1.023333 | 0.953333 | 0.920000 |   1.022425 |      362 |      307 |       55 |   8.951381 |      9 | 0.915525 | 2.139062
1709 | 512400.0 | 512700.0 | 0.005246 | 0.016300 |   8.951381 |      9 | 0.915525 | 1.000000 | 0.983333 | 1.000000 | 0.943333 |   1.738271 |      357 |      295 |       62 |   8.951468 |      9 | 0.924643 | 1.908172
1710 | 512700.0 | 513000.0 | 0.005244 | 0.016298 |   8.951468 |      9 | 0.924643 | 1.000000 | 1.046667 | 1.033333 | 1.040000 |  -0.204520 |      363 |      314 |       49 |   8.951223 |      9 | 0.923570 | 1.935328
1711 | 513000.0 | 513300.0 | 0.005242 | 0.016297 |   8.951223 |      9 | 0.923570 | 1.000000 | 0.970000 | 0.943333 | 0.950000 |  -0.204537 |      352 |      291 |       61 |   8.951381 |      9 | 0.922498 | 1.962475
1712 | 513300.0 | 513600.0 | 0.005239 | 0.016296 |   8.951381 |      9 | 0.922498 | 1.000000 | 1.043333 | 1.050000 | 0.940000 |   3.375154 |      363 |      313 |       50 |   8.951154 |      9 | 0.940182 | 1.514683
1713 | 513600.0 | 513900.0 | 0.005237 | 0.016294 |   8.951154 |      9 | 0.940182 | 1.000000 | 1.066667 | 0.910000 | 0.990000 |  -2.454866 |      362 |      320 |       42 |   8.950804 |      9 | 0.927325 | 1.840252
1714 | 513900.0 | 514200.0 | 0.005235 | 0.016293 |   8.950804 |      9 | 0.927325 | 1.000000 | 1.046667 | 0.996667 | 0.980000 |   0.511474 |      361 |      314 |       47 |   8.950560 |      9 | 0.930003 | 1.772445
1715 | 514200.0 | 514500.0 | 0.005233 | 0.016291 |   8.950560 |      9 | 0.930003 | 1.000000 | 1.016667 | 0.953333 | 1.010000 |  -1.739159 |      357 |      305 |       52 |   8.950473 |      9 | 0.920901 | 2.002918
1716 | 514500.0 | 514800.0 | 0.005231 | 0.016290 |   8.950473 |      9 | 0.920901 | 1.000000 | 1.003333 | 1.006667 | 0.970000 |   1.125434 |      360 |      301 |       59 |   8.950455 |      9 | 0.926789 | 1.853833
1717 | 514800.0 | 515100.0 | 0.005229 | 0.016289 |   8.950455 |      9 | 0.926789 | 1.000000 | 1.006667 | 1.013333 | 0.993333 |   0.613925 |      356 |      302 |       55 |   8.950421 |      9 | 0.929999 | 1.772539
1718 | 515100.0 | 515400.0 | 0.005227 | 0.016287 |   8.950421 |      9 | 0.929999 | 1.000000 | 1.023333 | 0.970000 | 1.006667 |  -1.125625 |      359 |      307 |       51 |   8.950299 |      9 | 0.924115 | 1.921534
1719 | 515400.0 | 515700.0 | 0.005225 | 0.016286 |   8.950299 |      9 | 0.924115 | 1.000000 | 0.966667 | 1.000000 | 1.030000 |  -0.921044 |      353 |      290 |       63 |   8.950473 |      9 | 0.919302 | 2.043402
1720 | 515700.0 | 516000.0 | 0.005223 | 0.016284 |   8.950473 |      9 | 0.919302 | 1.000000 | 1.026667 | 0.963333 | 1.020000 |  -1.739897 |      362 |      308 |       54 |   8.950333 |      9 | 0.910214 | 2.273529
1721 | 516000.0 | 516300.0 | 0.005221 | 0.016283 |   8.950333 |      9 | 0.910214 | 1.000000 | 1.030000 | 0.980000 | 0.966667 |   0.409422 |      361 |      309 |       52 |   8.950177 |      9 | 0.912352 | 2.219398
1722 | 516300.0 | 516600.0 | 0.005219 | 0.016282 |   8.950177 |      9 | 0.912352 | 1.000000 | 1.006667 | 1.016667 | 0.990000 |   0.818914 |      358 |      302 |       56 |   8.950142 |      9 | 0.916626 | 2.111168
1723 | 516600.0 | 516900.0 | 0.005217 | 0.016280 |   8.950142 |      9 | 0.916626 | 1.000000 | 0.986667 | 0.953333 | 0.956667 |  -0.102373 |      357 |      296 |       61 |   8.950212 |      9 | 0.916092 | 2.124692
1724 | 516900.0 | 517200.0 | 0.005215 | 0.016279 |   8.950212 |      9 | 0.916092 | 1.000000 | 0.966667 | 1.003333 | 1.023333 |  -0.614289 |      355 |      290 |       65 |   8.950385 |      9 | 0.912888 | 2.205816
1725 | 517200.0 | 517500.0 | 0.005213 | 0.016278 |   8.950385 |      9 | 0.912888 | 1.000000 | 1.026667 | 0.956667 | 0.976667 |  -0.614341 |      361 |      308 |       53 |   8.950246 |      9 | 0.909686 | 2.286916
1726 | 517500.0 | 517800.0 | 0.005211 | 0.016276 |   8.950246 |      9 | 0.909686 | 1.000000 | 1.003333 | 0.990000 | 0.956667 |   1.023989 |      358 |      301 |       57 |   8.950229 |      9 | 0.915022 | 2.151790
1727 | 517800.0 | 518100.0 | 0.005209 | 0.016275 |   8.950229 |      9 | 0.915022 | 1.000000 | 1.010000 | 0.973333 | 0.940000 |   1.024075 |      358 |      303 |       55 |   8.950177 |      9 | 0.920357 | 2.016705
1728 | 518100.0 | 518400.0 | 0.005207 | 0.016273 |   8.950177 |      9 | 0.920357 | 1.000000 | 1.006667 | 1.013333 | 0.923333 |   2.765236 |      359 |      302 |       57 |   8.950142 |      9 | 0.934756 | 1.652083
1729 | 518400.0 | 518700.0 | 0.005205 | 0.016272 |   8.950142 |      9 | 0.934756 | 1.000000 | 1.020000 | 0.990000 | 1.040000 |  -1.536372 |      357 |      306 |       51 |   8.950038 |      9 | 0.926759 | 1.854590
1730 | 518700.0 | 519000.0 | 0.005203 | 0.016271 |   8.950038 |      9 | 0.926759 | 1.000000 | 0.963333 | 1.046667 | 0.966667 |   2.458402 |      352 |      289 |       65 |   8.950229 |      9 | 0.939551 | 1.530676
1731 | 519000.0 | 519300.0 | 0.005201 | 0.016269 |   8.950229 |      9 | 0.939551 | 1.000000 | 0.990000 | 0.963333 | 0.940000 |   0.717094 |      352 |      297 |       53 |   8.950281 |      9 | 0.943281 | 1.436229
1732 | 519300.0 | 519600.0 | 0.005199 | 0.016268 |   8.950281 |      9 | 0.943281 | 1.000000 | 1.010000 | 0.856667 | 0.976667 |  -3.688225 |      354 |      303 |       52 |   8.950229 |      9 | 0.924104 | 1.921811
1733 | 519600.0 | 519900.0 | 0.005197 | 0.016267 |   8.950229 |      9 | 0.924104 | 1.000000 | 0.966667 | 1.090000 | 1.010000 |   2.459024 |      352 |      290 |       61 |   8.950402 |      9 | 0.936885 | 1.598186
1734 | 519900.0 | 520200.0 | 0.005195 | 0.016265 |   8.950402 |      9 | 0.936885 | 1.000000 | 0.996667 | 0.956667 | 1.000000 |  -1.332083 |      355 |      299 |       56 |   8.950419 |      9 | 0.929964 | 1.773431
1735 | 520200.0 | 520500.0 | 0.005193 | 0.016264 |   8.950419 |      9 | 0.929964 | 1.000000 | 1.000000 | 1.006667 | 1.023333 |  -0.512383 |      357 |      300 |       57 |   8.950419 |      9 | 0.927303 | 1.840813
1736 | 520500.0 | 520800.0 | 0.005191 | 0.016263 |   8.950419 |      9 | 0.927303 | 1.000000 | 1.046667 | 0.946667 | 0.986667 |  -1.229822 |      361 |      314 |       47 |   8.950177 |      9 | 0.920918 | 2.002481
1737 | 520800.0 | 521100.0 | 0.005189 | 0.016261 |   8.950177 |      9 | 0.920918 | 1.000000 | 0.993333 | 1.043333 | 1.016667 |   0.819950 |      358 |      298 |       60 |   8.950212 |      9 | 0.925174 | 1.894734
1738 | 521100.0 | 521400.0 | 0.005188 | 0.016260 |   8.950212 |      9 | 0.925174 | 1.000000 | 1.013333 | 1.003333 | 0.990000 |   0.410009 |      356 |      304 |       52 |   8.950143 |      9 | 0.927300 | 1.840877
1739 | 521400.0 | 521700.0 | 0.005186 | 0.016258 |   8.950143 |      9 | 0.927300 | 1.000000 | 1.000000 | 0.993333 | 0.950000 |   1.332642 |      357 |      300 |       57 |   8.950143 |      9 | 0.934211 | 1.665892
1740 | 521700.0 | 522000.0 | 0.005184 | 0.016257 |   8.950143 |      9 | 0.934211 | 1.000000 | 1.020000 | 0.916667 | 0.963333 |  -1.435274 |      356 |      306 |       50 |   8.950039 |      9 | 0.926771 | 1.854281
1741 | 522000.0 | 522300.0 | 0.005182 | 0.016256 |   8.950039 |      9 | 0.926771 | 1.000000 | 1.040000 | 1.010000 | 1.003333 |   0.205056 |      361 |      312 |       49 |   8.949832 |      9 | 0.927834 | 1.827376
1742 | 522300.0 | 522600.0 | 0.005180 | 0.016254 |   8.949832 |      9 | 0.927834 | 1.000000 | 1.033333 | 1.053333 | 0.990000 |   1.948198 |      361 |      310 |       51 |   8.949659 |      9 | 0.937925 | 1.571857
1743 | 522600.0 | 522900.0 | 0.005178 | 0.016253 |   8.949659 |      9 | 0.937925 | 1.000000 | 1.040000 | 0.993333 | 1.016667 |  -0.717817 |      358 |      312 |       46 |   8.949452 |      9 | 0.934208 | 1.665968
1744 | 522900.0 | 523200.0 | 0.005176 | 0.016252 |   8.949452 |      9 | 0.934208 | 1.000000 | 1.033333 | 0.963333 | 0.993333 |  -0.922985 |      358 |      310 |       48 |   8.949279 |      9 | 0.929431 | 1.786932
1745 | 523200.0 | 523500.0 | 0.005174 | 0.016250 |   8.949279 |      9 | 0.929431 | 1.000000 | 1.053333 | 0.976667 | 0.970000 |   0.205125 |      362 |      316 |       46 |   8.949004 |      9 | 0.930492 | 1.760059
1746 | 523500.0 | 523800.0 | 0.005172 | 0.016249 |   8.949004 |      9 | 0.930492 | 1.000000 | 1.016667 | 0.946667 | 0.983333 |  -1.128281 |      357 |      305 |       52 |   8.948917 |      9 | 0.924657 | 1.907816
1747 | 523800.0 | 524100.0 | 0.005170 | 0.016248 |   8.948917 |      9 | 0.924657 | 1.000000 | 1.016667 | 0.980000 | 1.006667 |  -0.820637 |      358 |      305 |       53 |   8.948831 |      9 | 0.920414 | 2.015244
1748 | 524100.0 | 524400.0 | 0.005168 | 0.016246 |   8.948831 |      9 | 0.920414 | 1.000000 | 1.006667 | 1.040000 | 0.983333 |   1.743999 |      358 |      302 |       56 |   8.948797 |      9 | 0.929427 | 1.787027
1749 | 524400.0 | 524700.0 | 0.005166 | 0.016245 |   8.948797 |      9 | 0.929427 | 1.000000 | 0.990000 | 0.983333 | 0.943333 |   1.231160 |      356 |      297 |       59 |   8.948848 |      9 | 0.935787 | 1.625980
1750 | 524700.0 | 525000.0 | 0.005164 | 0.016243 |   8.948848 |      9 | 0.935787 | 1.000000 | 0.996667 | 1.040000 | 0.963333 |   2.359921 |      355 |      299 |       56 |   8.948866 |      9 | 0.947974 | 1.317398
1751 | 525000.0 | 525300.0 | 0.005162 | 0.016242 |   8.948866 |      9 | 0.947974 | 1.000000 | 0.963333 | 0.790000 | 0.996667 |  -6.362056 |      343 |      289 |       57 |   8.949055 |      9 | 0.915133 | 2.148982
1752 | 525300.0 | 525600.0 | 0.005160 | 0.016241 |   8.949055 |      9 | 0.915133 | 1.000000 | 1.010000 | 0.993333 | 1.043333 |  -1.539335 |      360 |      303 |       54 |   8.949003 |      9 | 0.907190 | 2.350113
1753 | 525600.0 | 525900.0 | 0.005158 | 0.016239 |   8.949003 |      9 | 0.907190 | 1.000000 | 1.026667 | 0.946667 | 0.973333 |  -0.821047 |      361 |      308 |       53 |   8.948866 |      9 | 0.902955 | 2.457351
1754 | 525900.0 | 526200.0 | 0.005156 | 0.016238 |   8.948866 |      9 | 0.902955 | 1.000000 | 1.053333 | 1.060000 | 0.910000 |   4.618774 |      364 |      316 |       48 |   8.948591 |      9 | 0.926770 | 1.854315
1755 | 526200.0 | 526500.0 | 0.005154 | 0.016237 |   8.948591 |      9 | 0.926770 | 1.000000 | 1.030000 | 0.983333 | 0.996667 |  -0.410592 |      359 |      309 |       50 |   8.948436 |      9 | 0.924654 | 1.907902
1756 | 526500.0 | 526800.0 | 0.005152 | 0.016235 |   8.948436 |      9 | 0.924654 | 1.000000 | 0.983333 | 1.016667 | 1.010000 |   0.205313 |      355 |      295 |       60 |   8.948522 |      9 | 0.925711 | 1.881116
1757 | 526800.0 | 527100.0 | 0.005150 | 0.016234 |   8.948522 |      9 | 0.925711 | 1.000000 | 1.006667 | 0.973333 | 0.973333 |   0.000000 |      358 |      302 |       56 |   8.948488 |      9 | 0.925711 | 1.881116
1758 | 527100.0 | 527400.0 | 0.005148 | 0.016233 |   8.948488 |      9 | 0.925711 | 1.000000 | 1.086667 | 0.963333 | 1.006667 |  -1.334756 |      364 |      326 |       38 |   8.948041 |      9 | 0.918840 | 2.055122
1759 | 527400.0 | 527700.0 | 0.005146 | 0.016231 |   8.948041 |      9 | 0.918840 | 1.000000 | 1.033333 | 0.953333 | 0.980000 |  -0.821456 |      361 |      310 |       51 |   8.947870 |      9 | 0.914612 | 2.162171
1760 | 527700.0 | 528000.0 | 0.005144 | 0.016230 |   8.947870 |      9 | 0.914612 | 1.000000 | 0.993333 | 0.980000 | 0.990000 |  -0.308072 |      359 |      298 |       61 |   8.947904 |      9 | 0.913027 | 2.202302
1761 | 528000.0 | 528300.0 | 0.005143 | 0.016229 |   8.947904 |      9 | 0.913027 | 1.000000 | 0.983333 | 1.053333 | 0.993333 |   1.848583 |      357 |      295 |       62 |   8.947990 |      9 | 0.922534 | 1.961584
1762 | 528300.0 | 528600.0 | 0.005141 | 0.016227 |   8.947990 |      9 | 0.922534 | 1.000000 | 1.026667 | 1.006667 | 0.920000 |   2.670397 |      360 |      308 |       52 |   8.947853 |      9 | 0.936261 | 1.613981
1763 | 528600.0 | 528900.0 | 0.005139 | 0.016226 |   8.947853 |      9 | 0.936261 | 1.000000 | 1.006667 | 0.960000 | 1.030000 |  -2.157038 |      354 |      302 |       52 |   8.947819 |      9 | 0.925177 | 1.894655
1764 | 528900.0 | 529200.0 | 0.005137 | 0.016225 |   8.947819 |      9 | 0.925177 | 1.000000 | 1.080000 | 1.003333 | 0.976667 |   0.821797 |      365 |      324 |       41 |   8.947408 |      9 | 0.929398 | 1.787763
1765 | 529200.0 | 529500.0 | 0.005135 | 0.016223 |   8.947408 |      9 | 0.929398 | 1.000000 | 0.950000 | 1.073333 | 0.973333 |   3.081992 |      352 |      285 |       67 |   8.947664 |      9 | 0.945224 | 1.387035
1766 | 529500.0 | 529800.0 | 0.005133 | 0.016222 |   8.947664 |      9 | 0.945224 | 1.000000 | 0.990000 | 0.830000 | 1.036667 |  -6.369976 |      349 |      297 |       52 |   8.947716 |      9 | 0.912527 | 2.214964
1767 | 529800.0 | 530100.0 | 0.005131 | 0.016221 |   8.947716 |      9 | 0.912527 | 1.000000 | 0.973333 | 1.053333 | 0.990000 |   1.952251 |      356 |      292 |       64 |   8.947852 |      9 | 0.922544 | 1.961318
1768 | 530100.0 | 530400.0 | 0.005129 | 0.016219 |   8.947852 |      9 | 0.922544 | 1.000000 | 0.983333 | 1.010000 | 0.993333 |   0.513793 |      353 |      295 |       58 |   8.947938 |      9 | 0.925179 | 1.894588
1769 | 530400.0 | 530700.0 | 0.005127 | 0.016218 |   8.947938 |      9 | 0.925179 | 1.000000 | 1.053333 | 0.973333 | 1.040000 |  -2.055340 |      364 |      316 |       48 |   8.947665 |      9 | 0.914641 | 2.161428
1770 | 530700.0 | 531000.0 | 0.005125 | 0.016217 |   8.947665 |      9 | 0.914641 | 1.000000 | 1.016667 | 1.020000 | 0.990000 |   0.924979 |      359 |      305 |       54 |   8.947579 |      9 | 0.919382 | 2.041385
1771 | 531000.0 | 531300.0 | 0.005123 | 0.016215 |   8.947579 |      9 | 0.919382 | 1.000000 | 0.986667 | 1.056667 | 1.003333 |   1.644543 |      357 |      296 |       61 |   8.947647 |      9 | 0.927808 | 1.828038
1772 | 531300.0 | 531600.0 | 0.005121 | 0.016214 |   8.947647 |      9 | 0.927808 | 1.000000 | 1.023333 | 1.013333 | 0.963333 |   1.541886 |      360 |      307 |       53 |   8.947528 |      9 | 0.935704 | 1.628083
1773 | 531600.0 | 531900.0 | 0.005119 | 0.016213 |   8.947528 |      9 | 0.935704 | 1.000000 | 1.016667 | 0.966667 | 1.016667 |  -1.542013 |      357 |      305 |       52 |   8.947443 |      9 | 0.927810 | 1.827980
1774 | 531900.0 | 532200.0 | 0.005118 | 0.016211 |   8.947443 |      9 | 0.927810 | 1.000000 | 1.026667 | 1.013333 | 1.000000 |   0.411237 |      359 |      308 |       51 |   8.947306 |      9 | 0.929914 | 1.774690
1775 | 532200.0 | 532500.0 | 0.005116 | 0.016210 |   8.947306 |      9 | 0.929914 | 1.000000 | 1.006667 | 1.036667 | 0.926667 |   3.392986 |      357 |      302 |       55 |   8.947272 |      9 | 0.947272 | 1.335174
1776 | 532500.0 | 532800.0 | 0.005114 | 0.016209 |   8.947272 |      9 | 0.947272 | 1.000000 | 1.040000 | 0.810000 | 0.993333 |  -5.655442 |      354 |      312 |       42 |   8.947067 |      9 | 0.918351 | 2.067487
1777 | 532800.0 | 533100.0 | 0.005112 | 0.016207 |   8.947067 |      9 | 0.918351 | 1.000000 | 1.016667 | 1.043333 | 1.006667 |   1.131181 |      360 |      305 |       55 |   8.946982 |      9 | 0.924134 | 1.921067
1778 | 533100.0 | 533400.0 | 0.005110 | 0.016206 |   8.946982 |      9 | 0.924134 | 1.000000 | 0.966667 | 0.950000 | 0.976667 |  -0.822745 |      353 |      290 |       63 |   8.947153 |      9 | 0.919929 | 2.027523
1779 | 533400.0 | 533700.0 | 0.005108 | 0.016205 |   8.947153 |      9 | 0.919929 | 1.000000 | 1.046667 | 0.993333 | 0.986667 |   0.205703 |      363 |      314 |       50 |   8.946914 |      9 | 0.920980 | 2.000917
1780 | 533700.0 | 534000.0 | 0.005106 | 0.016203 |   8.946914 |      9 | 0.920980 | 1.000000 | 0.980000 | 1.030000 | 0.960000 |   2.160059 |      356 |      294 |       61 |   8.947016 |      9 | 0.932010 | 1.721631
1781 | 534000.0 | 534300.0 | 0.005104 | 0.016202 |   8.947016 |      9 | 0.932010 | 1.000000 | 1.006667 | 1.010000 | 1.013333 |  -0.102868 |      358 |      302 |       56 |   8.946982 |      9 | 0.931485 | 1.734927
1782 | 534300.0 | 534600.0 | 0.005102 | 0.016201 |   8.946982 |      9 | 0.931485 | 1.000000 | 1.046667 | 1.000000 | 0.970000 |   0.925891 |      361 |      314 |       47 |   8.946744 |      9 | 0.936209 | 1.615302
1783 | 534600.0 | 534900.0 | 0.005100 | 0.016199 |   8.946744 |      9 | 0.936209 | 1.000000 | 1.006667 | 0.953333 | 0.950000 |   0.102885 |      357 |      302 |       55 |   8.946710 |      9 | 0.936734 | 1.602015
1784 | 534900.0 | 535200.0 | 0.005099 | 0.016198 |   8.946710 |      9 | 0.936734 | 1.000000 | 0.996667 | 1.010000 | 1.013333 |  -0.102894 |      355 |      299 |       56 |   8.946727 |      9 | 0.936209 | 1.615299
1785 | 535200.0 | 535500.0 | 0.005097 | 0.016197 |   8.946727 |      9 | 0.936209 | 1.000000 | 1.046667 | 0.923333 | 0.963333 |  -1.234825 |      360 |      314 |       46 |   8.946489 |      9 | 0.929916 | 1.774659
1786 | 535500.0 | 535800.0 | 0.005095 | 0.016195 |   8.946489 |      9 | 0.929916 | 1.000000 | 1.033333 | 1.040000 | 0.956667 |   2.572762 |      360 |      310 |       50 |   8.946320 |      9 | 0.943023 | 1.442754
1787 | 535800.0 | 536100.0 | 0.005093 | 0.016194 |   8.946320 |      9 | 0.943023 | 1.000000 | 1.000000 | 0.903333 | 1.023333 |  -3.705080 |      349 |      300 |       49 |   8.946320 |      9 | 0.924154 | 1.920559
1788 | 536100.0 | 536400.0 | 0.005091 | 0.016193 |   8.946320 |      9 | 0.924154 | 1.000000 | 1.033333 | 1.026667 | 1.046667 |  -0.617564 |      359 |      310 |       49 |   8.946150 |      9 | 0.921010 | 2.000170
1789 | 536400.0 | 536700.0 | 0.005089 | 0.016191 |   8.946150 |      9 | 0.921010 | 1.000000 | 0.936667 | 1.000000 | 0.953333 |   1.441100 |      352 |      281 |       71 |   8.946472 |      9 | 0.928344 | 1.814465
1790 | 536700.0 | 537000.0 | 0.005087 | 0.016190 |   8.946472 |      9 | 0.928344 | 1.000000 | 1.016667 | 1.010000 | 0.993333 |   0.514720 |      358 |      305 |       53 |   8.946387 |      9 | 0.930962 | 1.748160
1791 | 537000.0 | 537300.0 | 0.005085 | 0.016189 |   8.946387 |      9 | 0.930962 | 1.000000 | 0.996667 | 0.936667 | 1.006667 |  -2.162002 |      357 |      299 |       58 |   8.946404 |      9 | 0.919968 | 2.026558
1792 | 537300.0 | 537600.0 | 0.005083 | 0.016187 |   8.946404 |      9 | 0.919968 | 1.000000 | 1.073333 | 1.063333 | 0.993333 |   2.162178 |      365 |      322 |       43 |   8.946032 |      9 | 0.930959 | 1.748241
1793 | 537600.0 | 537900.0 | 0.005082 | 0.016186 |   8.946032 |      9 | 0.930959 | 1.000000 | 1.026667 | 1.003333 | 0.943333 |   1.853446 |      357 |      308 |       49 |   8.945896 |      9 | 0.940377 | 1.509752
1794 | 537900.0 | 538200.0 | 0.005080 | 0.016185 |   8.945896 |      9 | 0.940377 | 1.000000 | 1.043333 | 0.956667 | 1.003333 |  -1.441687 |      359 |      313 |       46 |   8.945676 |      9 | 0.933054 | 1.695190
1795 | 538200.0 | 538500.0 | 0.005078 | 0.016183 |   8.945676 |      9 | 0.933054 | 1.000000 | 1.043333 | 0.983333 | 0.976667 |   0.205972 |      359 |      313 |       46 |   8.945456 |      9 | 0.934100 | 1.668706
1796 | 538500.0 | 538800.0 | 0.005076 | 0.016182 |   8.945456 |      9 | 0.934100 | 1.000000 | 1.053333 | 1.030000 | 0.980000 |   1.544916 |      361 |      316 |       46 |   8.945185 |      9 | 0.941942 | 1.470137
1797 | 538800.0 | 539100.0 | 0.005074 | 0.016181 |   8.945185 |      9 | 0.941942 | 1.000000 | 1.053333 | 0.843333 | 1.020000 |  -5.459145 |      358 |      316 |       43 |   8.944915 |      9 | 0.914242 | 2.171545
1798 | 539100.0 | 539400.0 | 0.005072 | 0.016179 |   8.944915 |      9 | 0.914242 | 1.000000 | 0.983333 | 1.070000 | 0.943333 |   3.914422 |      358 |      295 |       61 |   8.944999 |      9 | 0.934096 | 1.668794
1799 | 539400.0 | 539700.0 | 0.005070 | 0.016178 |   8.944999 |      9 | 0.934096 | 1.000000 | 1.003333 | 0.953333 | 1.013333 |  -1.854350 |      355 |      301 |       54 |   8.944982 |      9 | 0.924694 | 1.906871
1800 | 539700.0 | 540000.0 | 0.005068 | 0.016177 |   8.944982 |      9 | 0.924694 | 1.000000 | 1.003333 | 1.036667 | 0.966667 |   2.163584 |      358 |      301 |       57 |   8.944965 |      9 | 0.935660 | 1.629194
1801 | 540000.0 | 540300.0 | 0.005067 | 0.016176 |   8.944965 |      9 | 0.935660 | 1.000000 | 1.033333 | 0.983333 | 0.976667 |   0.206072 |      358 |      310 |       48 |   8.944796 |      9 | 0.936704 | 1.602756
1802 | 540300.0 | 540600.0 | 0.005065 | 0.016174 |   8.944796 |      9 | 0.936704 | 1.000000 | 0.990000 | 0.916667 | 0.963333 |  -1.442623 |      353 |      297 |       56 |   8.944847 |      9 | 0.929398 | 1.787768
1803 | 540600.0 | 540900.0 | 0.005063 | 0.016173 |   8.944847 |      9 | 0.929398 | 1.000000 | 1.053333 | 0.990000 | 0.936667 |   1.648846 |      362 |      316 |       46 |   8.944577 |      9 | 0.937746 | 1.576387
1804 | 540900.0 | 541200.0 | 0.005061 | 0.016172 |   8.944577 |      9 | 0.937746 | 1.000000 | 0.976667 | 0.960000 | 0.990000 |  -0.927551 |      352 |      293 |       60 |   8.944695 |      9 | 0.933051 | 1.695254
1805 | 541200.0 | 541500.0 | 0.005059 | 0.016170 |   8.944695 |      9 | 0.933051 | 1.000000 | 1.050000 | 1.023333 | 1.046667 |  -0.721487 |      362 |      315 |       46 |   8.944442 |      9 | 0.929401 | 1.787681
1806 | 541500.0 | 541800.0 | 0.005057 | 0.016169 |   8.944442 |      9 | 0.929401 | 1.000000 | 1.020000 | 1.063333 | 0.956667 |   3.298492 |      358 |      306 |       52 |   8.944341 |      9 | 0.946083 | 1.365282
1807 | 541800.0 | 542100.0 | 0.005055 | 0.016168 |   8.944341 |      9 | 0.946083 | 1.000000 | 0.993333 | 0.796667 | 1.030000 |  -7.216034 |      349 |      298 |       51 |   8.944375 |      9 | 0.909603 | 2.289014
1808 | 542100.0 | 542400.0 | 0.005054 | 0.016166 |   8.944375 |      9 | 0.909603 | 1.000000 | 1.010000 | 1.010000 | 1.046667 |  -1.134040 |      360 |      303 |       57 |   8.944324 |      9 | 0.903872 | 2.434131
1809 | 542400.0 | 542700.0 | 0.005052 | 0.016165 |   8.944324 |      9 | 0.903872 | 1.000000 | 1.013333 | 1.046667 | 0.940000 |   3.299291 |      360 |      304 |       56 |   8.944257 |      9 | 0.920539 | 2.012095
1810 | 542700.0 | 543000.0 | 0.005050 | 0.016164 |   8.944257 |      9 | 0.920539 | 1.000000 | 1.020000 | 1.040000 | 0.963333 |   2.371557 |      359 |      306 |       53 |   8.944156 |      9 | 0.932515 | 1.708843
1811 | 543000.0 | 543300.0 | 0.005048 | 0.016162 |   8.944156 |      9 | 0.932515 | 1.000000 | 0.983333 | 1.023333 | 1.013333 |   0.309358 |      355 |      295 |       60 |   8.944240 |      9 | 0.934076 | 1.669300
1812 | 543300.0 | 543600.0 | 0.005046 | 0.016161 |   8.944240 |      9 | 0.934076 | 1.000000 | 1.053333 | 0.976667 | 1.016667 |  -1.237533 |      359 |      316 |       43 |   8.943971 |      9 | 0.927832 | 1.827428
1813 | 543600.0 | 543900.0 | 0.005044 | 0.016160 |   8.943971 |      9 | 0.927832 | 1.000000 | 1.040000 | 0.953333 | 0.996667 |  -1.340769 |      362 |      312 |       50 |   8.943769 |      9 | 0.921068 | 1.998684
1814 | 543900.0 | 544200.0 | 0.005042 | 0.016159 |   8.943769 |      9 | 0.921068 | 1.000000 | 0.980000 | 0.996667 | 0.980000 |   0.515722 |      355 |      294 |       61 |   8.943870 |      9 | 0.923669 | 1.932835
1815 | 544200.0 | 544500.0 | 0.005041 | 0.016157 |   8.943870 |      9 | 0.923669 | 1.000000 | 0.946667 | 1.000000 | 1.023333 |  -0.722069 |      352 |      284 |       68 |   8.944139 |      9 | 0.920029 | 2.024997
1816 | 544500.0 | 544800.0 | 0.005039 | 0.016156 |   8.944139 |      9 | 0.920029 | 1.000000 | 1.080000 | 0.990000 | 0.950000 |   1.237932 |      366 |      324 |       42 |   8.943736 |      9 | 0.926267 | 1.867050
1817 | 544800.0 | 545100.0 | 0.005037 | 0.016155 |   8.943736 |      9 | 0.926267 | 1.000000 | 1.096667 | 0.996667 | 0.980000 |   0.515846 |      366 |      329 |       37 |   8.943249 |      9 | 0.928865 | 1.801257
1818 | 545100.0 | 545400.0 | 0.005035 | 0.016153 |   8.943249 |      9 | 0.928865 | 1.000000 | 0.986667 | 0.950000 | 1.016667 |  -2.063551 |      353 |      296 |       57 |   8.943316 |      9 | 0.918475 | 2.064353
1819 | 545400.0 | 545700.0 | 0.005033 | 0.016152 |   8.943316 |      9 | 0.918475 | 1.000000 | 1.043333 | 0.973333 | 0.973333 |   0.000000 |      363 |      313 |       50 |   8.943098 |      9 | 0.918475 | 2.064353
1820 | 545700.0 | 546000.0 | 0.005031 | 0.016151 |   8.943098 |      9 | 0.918475 | 1.000000 | 1.030000 | 1.066667 | 0.986667 |   2.476659 |      359 |      309 |       50 |   8.942947 |      9 | 0.930936 | 1.748817
1821 | 546000.0 | 546300.0 | 0.005030 | 0.016149 |   8.942947 |      9 | 0.930936 | 1.000000 | 1.023333 | 0.966667 | 0.946667 |   0.619214 |      360 |      307 |       53 |   8.942829 |      9 | 0.934050 | 1.669956
1822 | 546300.0 | 546600.0 | 0.005028 | 0.016148 |   8.942829 |      9 | 0.934050 | 1.000000 | 1.053333 | 1.006667 | 1.023333 |  -0.516053 |      360 |      316 |       44 |   8.942561 |      9 | 0.931456 | 1.735655
1823 | 546600.0 | 546900.0 | 0.005026 | 0.016147 |   8.942561 |      9 | 0.931456 | 1.000000 | 1.010000 | 0.980000 | 0.916667 |   1.961160 |      358 |      303 |       55 |   8.942511 |      9 | 0.941312 | 1.486069
1824 | 546900.0 | 547200.0 | 0.005024 | 0.016146 |   8.942511 |      9 | 0.941312 | 1.000000 | 1.050000 | 0.876667 | 0.940000 |  -1.961317 |      357 |      315 |       42 |   8.942260 |      9 | 0.931459 | 1.735584
1825 | 547200.0 | 547500.0 | 0.005022 | 0.016144 |   8.942260 |      9 | 0.931459 | 1.000000 | 1.056667 | 0.960000 | 0.946667 |   0.412942 |      361 |      317 |       44 |   8.941975 |      9 | 0.933533 | 1.683070
1826 | 547500.0 | 547800.0 | 0.005020 | 0.016143 |   8.941975 |      9 | 0.933533 | 1.000000 | 0.970000 | 0.990000 | 0.976667 |   0.412975 |      353 |      291 |       62 |   8.942126 |      9 | 0.935606 | 1.630570
1827 | 547800.0 | 548100.0 | 0.005019 | 0.016142 |   8.942126 |      9 | 0.935606 | 1.000000 | 1.003333 | 0.966667 | 0.966667 |   0.000000 |      356 |      301 |       55 |   8.942109 |      9 | 0.935606 | 1.630570
1828 | 548100.0 | 548400.0 | 0.005017 | 0.016140 |   8.942109 |      9 | 0.935606 | 1.000000 | 1.026667 | 0.960000 | 0.993333 |  -1.032602 |      357 |      308 |       49 |   8.941975 |      9 | 0.930426 | 1.761745
1829 | 548400.0 | 548700.0 | 0.005015 | 0.016139 |   8.941975 |      9 | 0.930426 | 1.000000 | 1.010000 | 0.966667 | 1.040000 |  -2.271906 |      356 |      303 |       53 |   8.941925 |      9 | 0.919032 | 2.050248
1830 | 548700.0 | 549000.0 | 0.005013 | 0.016138 |   8.941925 |      9 | 0.919032 | 1.000000 | 1.016667 | 0.950000 | 0.970000 |  -0.619660 |      359 |      305 |       54 |   8.941842 |      9 | 0.915926 | 2.128909
1831 | 549000.0 | 549300.0 | 0.005011 | 0.016137 |   8.941842 |      9 | 0.915926 | 1.000000 | 0.976667 | 1.056667 | 0.950000 |   3.305119 |      354 |      293 |       61 |   8.941959 |      9 | 0.932489 | 1.709505
1832 | 549300.0 | 549600.0 | 0.005010 | 0.016135 |   8.941959 |      9 | 0.932489 | 1.000000 | 1.063333 | 0.923333 | 0.963333 |  -1.239518 |      363 |      319 |       44 |   8.941641 |      9 | 0.926279 | 1.866737
1833 | 549600.0 | 549900.0 | 0.005008 | 0.016134 |   8.941641 |      9 | 0.926279 | 1.000000 | 0.983333 | 1.000000 | 1.020000 |  -0.619809 |      355 |      295 |       60 |   8.941725 |      9 | 0.923175 | 1.945331
1834 | 549900.0 | 550200.0 | 0.005006 | 0.016133 |   8.941725 |      9 | 0.923175 | 1.000000 | 0.980000 | 1.016667 | 0.973333 |   1.343025 |      356 |      294 |       63 |   8.941825 |      9 | 0.929898 | 1.775092
1835 | 550200.0 | 550500.0 | 0.005004 | 0.016131 |   8.941825 |      9 | 0.929898 | 1.000000 | 1.053333 | 1.006667 | 0.936667 |   2.169675 |      360 |      316 |       43 |   8.941558 |      9 | 0.940756 | 1.500169
1836 | 550500.0 | 550800.0 | 0.005002 | 0.016130 |   8.941558 |      9 | 0.940756 | 1.000000 | 0.940000 | 0.906667 | 1.020000 |  -3.513087 |      348 |      282 |       66 |   8.941858 |      9 | 0.923182 | 1.945157
1837 | 550800.0 | 551100.0 | 0.005000 | 0.016129 |   8.941858 |      9 | 0.923182 | 1.000000 | 1.046667 | 0.973333 | 0.996667 |  -0.723340 |      361 |      314 |       47 |   8.941625 |      9 | 0.919565 | 2.036746
1838 | 551100.0 | 551400.0 | 0.004999 | 0.016128 |   8.941625 |      9 | 0.919565 | 1.000000 | 1.016667 | 0.953333 | 0.940000 |   0.413370 |      361 |      305 |       56 |   8.941542 |      9 | 0.921632 | 1.984424
1839 | 551400.0 | 551700.0 | 0.004997 | 0.016126 |   8.941542 |      9 | 0.921632 | 1.000000 | 1.026667 | 1.006667 | 0.936667 |   2.170365 |      359 |      308 |       51 |   8.941408 |      9 | 0.932476 | 1.709811
1840 | 551700.0 | 552000.0 | 0.004995 | 0.016125 |   8.941408 |      9 | 0.932476 | 1.000000 | 1.076667 | 0.973333 | 1.023333 |  -1.550384 |      364 |      323 |       41 |   8.941025 |      9 | 0.924732 | 1.905908
1841 | 552000.0 | 552300.0 | 0.004993 | 0.016124 |   8.941025 |      9 | 0.924732 | 1.000000 | 0.990000 | 1.026667 | 0.940000 |   2.687545 |      355 |      297 |       58 |   8.941075 |      9 | 0.938152 | 1.566102
1842 | 552300.0 | 552600.0 | 0.004991 | 0.016122 |   8.941075 |      9 | 0.938152 | 1.000000 | 1.006667 | 0.950000 | 1.033333 |  -2.584383 |      356 |      302 |       54 |   8.941042 |      9 | 0.925252 | 1.892747
1843 | 552600.0 | 552900.0 | 0.004990 | 0.016121 |   8.941042 |      9 | 0.925252 | 1.000000 | 0.986667 | 1.036667 | 0.973333 |   1.964287 |      357 |      296 |       61 |   8.941108 |      9 | 0.935053 | 1.644567
1844 | 552900.0 | 553200.0 | 0.004988 | 0.016120 |   8.941108 |      9 | 0.935053 | 1.000000 | 1.046667 | 0.946667 | 1.000000 |  -1.654267 |      359 |      314 |       45 |   8.940876 |      9 | 0.926802 | 1.853502
1845 | 553200.0 | 553500.0 | 0.004986 | 0.016119 |   8.940876 |      9 | 0.926802 | 1.000000 | 1.010000 | 0.970000 | 1.000000 |  -0.930599 |      357 |      303 |       55 |   8.940826 |      9 | 0.922162 | 1.970995
1846 | 553500.0 | 553800.0 | 0.004984 | 0.016117 |   8.940826 |      9 | 0.922162 | 1.000000 | 1.006667 | 1.023333 | 1.033333 |  -0.310224 |      358 |      302 |       55 |   8.940793 |      9 | 0.920616 | 2.010148
1847 | 553800.0 | 554100.0 | 0.004982 | 0.016116 |   8.940793 |      9 | 0.920616 | 1.000000 | 1.036667 | 0.963333 | 0.963333 |   0.000000 |      360 |      311 |       49 |   8.940610 |      9 | 0.920616 | 2.010148
1848 | 554100.0 | 554400.0 | 0.004981 | 0.016115 |   8.940610 |      9 | 0.920616 | 1.000000 | 1.036667 | 1.006667 | 0.933333 |   2.275338 |      360 |      311 |       49 |   8.940427 |      9 | 0.931948 | 1.723185
1849 | 554400.0 | 554700.0 | 0.004979 | 0.016114 |   8.940427 |      9 | 0.931948 | 1.000000 | 0.970000 | 0.923333 | 0.990000 |  -2.068652 |      351 |      291 |       60 |   8.940577 |      9 | 0.921649 | 1.983988
1850 | 554700.0 | 555000.0 | 0.004977 | 0.016112 |   8.940577 |      9 | 0.921649 | 1.000000 | 0.983333 | 1.013333 | 0.983333 |   0.930967 |      358 |      295 |       63 |   8.940660 |      9 | 0.926282 | 1.866659
1851 | 555000.0 | 555300.0 | 0.004975 | 0.016111 |   8.940660 |      9 | 0.926282 | 1.000000 | 1.013333 | 1.020000 | 0.933333 |   2.689673 |      357 |      304 |       53 |   8.940593 |      9 | 0.939664 | 1.527805
1852 | 555300.0 | 555600.0 | 0.004974 | 0.016110 |   8.940593 |      9 | 0.939664 | 1.000000 | 1.043333 | 0.963333 | 0.980000 |  -0.517286 |      358 |      313 |       45 |   8.940378 |      9 | 0.937092 | 1.592951
1853 | 555600.0 | 555900.0 | 0.004972 | 0.016108 |   8.940378 |      9 | 0.937092 | 1.000000 | 1.036667 | 0.920000 | 0.923333 |  -0.103465 |      357 |      311 |       46 |   8.940195 |      9 | 0.936577 | 1.605977
1854 | 555900.0 | 556200.0 | 0.004970 | 0.016107 |   8.940195 |      9 | 0.936577 | 1.000000 | 1.020000 | 1.013333 | 1.010000 |   0.103473 |      356 |      306 |       52 |   8.940096 |      9 | 0.937091 | 1.592955
1855 | 556200.0 | 556500.0 | 0.004968 | 0.016106 |   8.940096 |      9 | 0.937091 | 1.000000 | 0.990000 | 0.990000 | 0.990000 |   0.000000 |      354 |      297 |       55 |   8.940146 |      9 | 0.937091 | 1.592955
1856 | 556500.0 | 556800.0 | 0.004966 | 0.016105 |   8.940146 |      9 | 0.937091 | 1.000000 | 1.016667 | 0.966667 | 0.993333 |  -0.827918 |      354 |      305 |       49 |   8.940063 |      9 | 0.932980 | 1.697072
1857 | 556800.0 | 557100.0 | 0.004965 | 0.016103 |   8.940063 |      9 | 0.932980 | 1.000000 | 1.000000 | 1.030000 | 0.960000 |   2.173455 |      356 |      300 |       56 |   8.940063 |      9 | 0.943770 | 1.423841
1858 | 557100.0 | 557400.0 | 0.004963 | 0.016102 |   8.940063 |      9 | 0.943770 | 1.000000 | 1.006667 | 0.876667 | 1.033333 |  -4.864782 |      351 |      302 |       49 |   8.940030 |      9 | 0.919627 | 2.035188
1859 | 557400.0 | 557700.0 | 0.004961 | 0.016101 |   8.940030 |      9 | 0.919627 | 1.000000 | 1.033333 | 1.000000 | 0.966667 |   1.035141 |      362 |      310 |       52 |   8.939865 |      9 | 0.924762 | 1.905150
1860 | 557700.0 | 558000.0 | 0.004959 | 0.016100 |   8.939865 |      9 | 0.924762 | 1.000000 | 1.050000 | 1.003333 | 0.936667 |   2.070445 |      361 |      315 |       48 |   8.939617 |      9 | 0.935030 | 1.645148
1861 | 558000.0 | 558300.0 | 0.004958 | 0.016098 |   8.939617 |      9 | 0.935030 | 1.000000 | 1.056667 | 0.986667 | 1.033333 |  -1.449425 |      361 |      317 |       43 |   8.939336 |      9 | 0.927845 | 1.827099
1862 | 558300.0 | 558600.0 | 0.004956 | 0.016097 |   8.939336 |      9 | 0.927845 | 1.000000 | 1.060000 | 1.000000 | 1.016667 |  -0.517693 |      364 |      318 |       45 |   8.939038 |      9 | 0.925279 | 1.892063
1863 | 558600.0 | 558900.0 | 0.004954 | 0.016096 |   8.939038 |      9 | 0.925279 | 1.000000 | 1.050000 | 0.993333 | 1.040000 |  -1.449653 |      361 |      315 |       46 |   8.938791 |      9 | 0.918097 | 2.073913
1864 | 558900.0 | 559200.0 | 0.004952 | 0.016095 |   8.938791 |      9 | 0.918097 | 1.000000 | 1.006667 | 1.023333 | 0.986667 |   1.139102 |      358 |      302 |       56 |   8.938758 |      9 | 0.923739 | 1.931071
1865 | 559200.0 | 559500.0 | 0.004950 | 0.016093 |   8.938758 |      9 | 0.923739 | 1.000000 | 1.023333 | 1.070000 | 0.990000 |   2.485509 |      361 |      307 |       54 |   8.938642 |      9 | 0.936043 | 1.619501
1866 | 559500.0 | 559800.0 | 0.004949 | 0.016092 |   8.938642 |      9 | 0.936043 | 1.000000 | 1.043333 | 0.956667 | 1.003333 |  -1.449994 |      359 |      313 |       46 |   8.938428 |      9 | 0.928867 | 1.801200
1867 | 559800.0 | 560100.0 | 0.004947 | 0.016091 |   8.938428 |      9 | 0.928867 | 1.000000 | 1.073333 | 0.936667 | 0.973333 |  -1.139370 |      363 |      322 |       41 |   8.938065 |      9 | 0.923231 | 1.943923
1868 | 560100.0 | 560400.0 | 0.004945 | 0.016090 |   8.938065 |      9 | 0.923231 | 1.000000 | 1.003333 | 1.016667 | 1.026667 |  -0.310762 |      357 |      301 |       56 |   8.938048 |      9 | 0.921694 | 1.982837
1869 | 560400.0 | 560700.0 | 0.004943 | 0.016088 |   8.938048 |      9 | 0.921694 | 1.000000 | 1.063333 | 0.963333 | 0.990000 |  -0.828762 |      365 |      319 |       46 |   8.937735 |      9 | 0.917597 | 2.086578
1870 | 560700.0 | 561000.0 | 0.004942 | 0.016087 |   8.937735 |      9 | 0.917597 | 1.000000 | 0.993333 | 1.030000 | 0.933333 |   3.004498 |      357 |      298 |       59 |   8.937768 |      9 | 0.932445 | 1.710620
1871 | 561000.0 | 561300.0 | 0.004940 | 0.016086 |   8.937768 |      9 | 0.932445 | 1.000000 | 1.030000 | 1.016667 | 0.986667 |   0.932503 |      359 |      309 |       50 |   8.937620 |      9 | 0.937051 | 1.593976
1872 | 561300.0 | 561600.0 | 0.004938 | 0.016084 |   8.937620 |      9 | 0.937051 | 1.000000 | 1.013333 | 0.923333 | 1.010000 |  -2.694109 |      356 |      304 |       53 |   8.937554 |      9 | 0.923747 | 1.930855
1873 | 561600.0 | 561900.0 | 0.004936 | 0.016083 |   8.937554 |      9 | 0.923747 | 1.000000 | 1.060000 | 0.973333 | 0.993333 |  -0.621766 |      362 |      318 |       43 |   8.937258 |      9 | 0.920678 | 2.008575
1874 | 561900.0 | 562200.0 | 0.004935 | 0.016082 |   8.937258 |      9 | 0.920678 | 1.000000 | 1.026667 | 1.010000 | 1.016667 |  -0.207271 |      361 |      308 |       53 |   8.937126 |      9 | 0.919655 | 2.034474
1875 | 562200.0 | 562500.0 | 0.004933 | 0.016081 |   8.937126 |      9 | 0.919655 | 1.000000 | 1.036667 | 1.010000 | 0.973333 |   1.140082 |      361 |      311 |       50 |   8.936946 |      9 | 0.925279 | 1.892067
1876 | 562500.0 | 562800.0 | 0.004931 | 0.016079 |   8.936946 |      9 | 0.925279 | 1.000000 | 1.026667 | 0.956667 | 0.976667 |  -0.621911 |      360 |      308 |       52 |   8.936814 |      9 | 0.922212 | 1.969722
1877 | 562800.0 | 563100.0 | 0.004929 | 0.016078 |   8.936814 |      9 | 0.922212 | 1.000000 | 0.973333 | 0.973333 | 1.006667 |  -1.036600 |      354 |      292 |       62 |   8.936945 |      9 | 0.917102 | 2.099112
1878 | 563100.0 | 563400.0 | 0.004928 | 0.016077 |   8.936945 |      9 | 0.917102 | 1.000000 | 1.030000 | 1.006667 | 1.006667 |   0.000000 |      360 |      309 |       51 |   8.936798 |      9 | 0.917102 | 2.099112
1879 | 563400.0 | 563700.0 | 0.004926 | 0.016076 |   8.936798 |      9 | 0.917102 | 1.000000 | 1.053333 | 1.003333 | 0.933333 |   2.177198 |      363 |      316 |       47 |   8.936535 |      9 | 0.927827 | 1.827543
1880 | 563700.0 | 564000.0 | 0.004924 | 0.016074 |   8.936535 |      9 | 0.927827 | 1.000000 | 1.053333 | 0.983333 | 0.970000 |   0.414737 |      361 |      316 |       45 |   8.936272 |      9 | 0.929869 | 1.775830
1881 | 564000.0 | 564300.0 | 0.004922 | 0.016073 |   8.936272 |      9 | 0.929869 | 1.000000 | 0.946667 | 1.036667 | 0.986667 |   1.555383 |      352 |      284 |       68 |   8.936535 |      9 | 0.937526 | 1.581960
1882 | 564300.0 | 564600.0 | 0.004921 | 0.016072 |   8.936535 |      9 | 0.937526 | 1.000000 | 1.060000 | 0.973333 | 1.016667 |  -1.348103 |      359 |      318 |       41 |   8.936240 |      9 | 0.930892 | 1.749935
1883 | 564600.0 | 564900.0 | 0.004919 | 0.016071 |   8.936240 |      9 | 0.930892 | 1.000000 | 1.043333 | 0.960000 | 1.046667 |  -2.696416 |      360 |      313 |       47 |   8.936026 |      9 | 0.917628 | 2.085791
1884 | 564900.0 | 565200.0 | 0.004917 | 0.016069 |   8.936026 |      9 | 0.917628 | 1.000000 | 1.053333 | 1.010000 | 0.990000 |   0.622298 |      363 |      316 |       47 |   8.935764 |      9 | 0.920688 | 2.008307
1885 | 565200.0 | 565500.0 | 0.004915 | 0.016068 |   8.935764 |      9 | 0.920688 | 1.000000 | 1.020000 | 1.026667 | 1.010000 |   0.518622 |      359 |      306 |       53 |   8.935666 |      9 | 0.923238 | 1.943755
1886 | 565500.0 | 565800.0 | 0.004914 | 0.016067 |   8.935666 |      9 | 0.923238 | 1.000000 | 0.950000 | 1.000000 | 0.980000 |   0.622395 |      354 |      285 |       69 |   8.935912 |      9 | 0.926296 | 1.866314
1887 | 565800.0 | 566100.0 | 0.004912 | 0.016066 |   8.935912 |      9 | 0.926296 | 1.000000 | 1.040000 | 0.973333 | 1.010000 |  -1.141145 |      361 |      312 |       49 |   8.935715 |      9 | 0.920691 | 2.008250
1888 | 566100.0 | 566400.0 | 0.004910 | 0.016064 |   8.935715 |      9 | 0.920691 | 1.000000 | 0.970000 | 0.990000 | 0.996667 |  -0.207497 |      354 |      291 |       63 |   8.935862 |      9 | 0.919672 | 2.034050
1889 | 566400.0 | 566700.0 | 0.004909 | 0.016063 |   8.935862 |      9 | 0.919672 | 1.000000 | 1.016667 | 1.050000 | 1.040000 |   0.311270 |      359 |      305 |       54 |   8.935781 |      9 | 0.921200 | 1.995361
1890 | 566700.0 | 567000.0 | 0.004907 | 0.016062 |   8.935781 |      9 | 0.921200 | 1.000000 | 1.003333 | 0.976667 | 0.920000 |   1.763997 |      357 |      301 |       56 |   8.935764 |      9 | 0.929855 | 1.776185
1891 | 567000.0 | 567300.0 | 0.004905 | 0.016061 |   8.935764 |      9 | 0.929855 | 1.000000 | 0.986667 | 0.976667 | 1.003333 |  -0.830181 |      356 |      296 |       61 |   8.935830 |      9 | 0.925783 | 1.879298
1892 | 567300.0 | 567600.0 | 0.004903 | 0.016060 |   8.935830 |      9 | 0.925783 | 1.000000 | 1.043333 | 1.020000 | 1.006667 |   0.415122 |      362 |      313 |       48 |   8.935617 |      9 | 0.927819 | 1.827756
1893 | 567600.0 | 567900.0 | 0.004902 | 0.016058 |   8.935617 |      9 | 0.927819 | 1.000000 | 0.953333 | 1.000000 | 0.993333 |   0.207577 |      350 |      286 |       64 |   8.935846 |      9 | 0.928836 | 1.801991
1894 | 567900.0 | 568200.0 | 0.004900 | 0.016057 |   8.935846 |      9 | 0.928836 | 1.000000 | 1.013333 | 0.973333 | 0.970000 |   0.103797 |      358 |      304 |       54 |   8.935781 |      9 | 0.929345 | 1.789113
1895 | 568200.0 | 568500.0 | 0.004898 | 0.016056 |   8.935781 |      9 | 0.929345 | 1.000000 | 1.036667 | 1.016667 | 1.020000 |  -0.103805 |      360 |      311 |       49 |   8.935601 |      9 | 0.928836 | 1.801988
1896 | 568500.0 | 568800.0 | 0.004897 | 0.016055 |   8.935601 |      9 | 0.928836 | 1.000000 | 0.960000 | 1.056667 | 1.016667 |   1.245751 |      353 |      288 |       65 |   8.935797 |      9 | 0.934936 | 1.647529
1897 | 568800.0 | 569100.0 | 0.004895 | 0.016053 |   8.935797 |      9 | 0.934936 | 1.000000 | 1.043333 | 0.990000 | 0.993333 |  -0.103821 |      360 |      313 |       47 |   8.935585 |      9 | 0.934428 | 1.660397
1898 | 569100.0 | 569400.0 | 0.004893 | 0.016052 |   8.935585 |      9 | 0.934428 | 1.000000 | 0.930000 | 0.960000 | 0.960000 |   0.000000 |      350 |      279 |       72 |   8.935927 |      9 | 0.934428 | 1.660397
1899 | 569400.0 | 569700.0 | 0.004891 | 0.016051 |   8.935927 |      9 | 0.934428 | 1.000000 | 1.036667 | 1.013333 | 1.016667 |  -0.103837 |      359 |      311 |       47 |   8.935748 |      9 | 0.933920 | 1.673258
1900 | 569700.0 | 570000.0 | 0.004890 | 0.016050 |   8.935748 |      9 | 0.933920 | 1.000000 | 0.980000 | 0.980000 | 0.963333 |   0.519223 |      354 |      294 |       60 |   8.935846 |      9 | 0.936459 | 1.608971
1901 | 570000.0 | 570300.0 | 0.004888 | 0.016048 |   8.935846 |      9 | 0.936459 | 1.000000 | 0.986667 | 0.983333 | 1.040000 |  -1.765494 |      353 |      296 |       57 |   8.935911 |      9 | 0.927829 | 1.827489
1902 | 570300.0 | 570600.0 | 0.004886 | 0.016047 |   8.935911 |      9 | 0.927829 | 1.000000 | 0.990000 | 0.976667 | 1.000000 |  -0.727024 |      355 |      297 |       58 |   8.935960 |      9 | 0.924277 | 1.917442
1903 | 570600.0 | 570900.0 | 0.004885 | 0.016046 |   8.935960 |      9 | 0.924277 | 1.000000 | 0.963333 | 1.040000 | 1.010000 |   0.934817 |      354 |      289 |       65 |   8.936139 |      9 | 0.928843 | 1.801819
1904 | 570900.0 | 571200.0 | 0.004883 | 0.016045 |   8.936139 |      9 | 0.928843 | 1.000000 | 1.016667 | 1.003333 | 0.906667 |   3.012419 |      358 |      305 |       53 |   8.936057 |      9 | 0.943552 | 1.429359
1905 | 571200.0 | 571500.0 | 0.004881 | 0.016043 |   8.936057 |      9 | 0.943552 | 1.000000 | 1.053333 | 0.843333 | 0.986667 |  -4.467034 |      357 |      316 |       41 |   8.935797 |      9 | 0.921748 | 1.981477
1906 | 571500.0 | 571800.0 | 0.004879 | 0.016042 |   8.935797 |      9 | 0.921748 | 1.000000 | 1.066667 | 1.000000 | 1.010000 |  -0.311677 |      364 |      320 |       44 |   8.935472 |      9 | 0.920227 | 2.019987
1907 | 571800.0 | 572100.0 | 0.004878 | 0.016041 |   8.935472 |      9 | 0.920227 | 1.000000 | 1.053333 | 0.980000 | 0.976667 |   0.103900 |      364 |      316 |       48 |   8.935212 |      9 | 0.920734 | 2.007154
1908 | 572100.0 | 572400.0 | 0.004876 | 0.016040 |   8.935212 |      9 | 0.920734 | 1.000000 | 0.986667 | 0.953333 | 1.020000 |  -2.078168 |      357 |      296 |       61 |   8.935277 |      9 | 0.910601 | 2.263743
1909 | 572400.0 | 572700.0 | 0.004874 | 0.016039 |   8.935277 |      9 | 0.910601 | 1.000000 | 1.030000 | 0.960000 | 0.983333 |  -0.727414 |      360 |      309 |       51 |   8.935130 |      9 | 0.907055 | 2.353525
1910 | 572700.0 | 573000.0 | 0.004873 | 0.016037 |   8.935130 |      9 | 0.907055 | 1.000000 | 0.983333 | 1.023333 | 0.970000 |   1.662789 |      358 |      295 |       63 |   8.935212 |      9 | 0.915157 | 2.148365
1911 | 573000.0 | 573300.0 | 0.004871 | 0.016036 |   8.935212 |      9 | 0.915157 | 1.000000 | 0.946667 | 1.023333 | 0.986667 |   1.143255 |      353 |      284 |       69 |   8.935471 |      9 | 0.920726 | 2.007356
1912 | 573300.0 | 573600.0 | 0.004869 | 0.016035 |   8.935471 |      9 | 0.920726 | 1.000000 | 0.986667 | 1.003333 | 1.013333 |  -0.311821 |      356 |      296 |       60 |   8.935536 |      9 | 0.919208 | 2.045802
1913 | 573600.0 | 573900.0 | 0.004868 | 0.016034 |   8.935536 |      9 | 0.919208 | 1.000000 | 1.013333 | 0.990000 | 0.990000 |   0.000000 |      359 |      304 |       55 |   8.935471 |      9 | 0.919208 | 2.045802
1914 | 573900.0 | 574200.0 | 0.004866 | 0.016032 |   8.935471 |      9 | 0.919208 | 1.000000 | 0.993333 | 0.983333 | 0.916667 |   2.079122 |      358 |      298 |       60 |   8.935504 |      9 | 0.929324 | 1.789631
1915 | 574200.0 | 574500.0 | 0.004864 | 0.016031 |   8.935504 |      9 | 0.929324 | 1.000000 | 0.980000 | 1.016667 | 1.003333 |   0.415856 |      354 |      294 |       60 |   8.935601 |      9 | 0.931347 | 1.738410
1916 | 574500.0 | 574800.0 | 0.004862 | 0.016030 |   8.935601 |      9 | 0.931347 | 1.000000 | 1.046667 | 1.030000 | 1.003333 |   0.831776 |      359 |      314 |       45 |   8.935374 |      9 | 0.935392 | 1.635997
1917 | 574800.0 | 575100.0 | 0.004861 | 0.016029 |   8.935374 |      9 | 0.935392 | 1.000000 | 1.036667 | 0.910000 | 0.996667 |  -2.703477 |      358 |      311 |       48 |   8.935196 |      9 | 0.922251 | 1.968750
1918 | 575100.0 | 575400.0 | 0.004859 | 0.016028 |   8.935196 |      9 | 0.922251 | 1.000000 | 1.033333 | 0.950000 | 1.020000 |  -2.183744 |      360 |      310 |       49 |   8.935034 |      9 | 0.911640 | 2.237439
1919 | 575400.0 | 575700.0 | 0.004857 | 0.016026 |   8.935034 |      9 | 0.911640 | 1.000000 | 1.010000 | 1.060000 | 0.933333 |   3.951839 |      360 |      303 |       57 |   8.934986 |      9 | 0.930835 | 1.751371
1920 | 575700.0 | 576000.0 | 0.004856 | 0.016025 |   8.934986 |      9 | 0.930835 | 1.000000 | 0.973333 | 0.996667 | 0.953333 |   1.352048 |      353 |      292 |       61 |   8.935115 |      9 | 0.937400 | 1.585129
1921 | 576000.0 | 576300.0 | 0.004854 | 0.016024 |   8.935115 |      9 | 0.937400 | 1.000000 | 1.046667 | 0.953333 | 0.943333 |   0.312035 |      359 |      314 |       46 |   8.934888 |      9 | 0.938915 | 1.546776
1922 | 576300.0 | 576600.0 | 0.004852 | 0.016023 |   8.934888 |      9 | 0.938915 | 1.000000 | 1.050000 | 0.956667 | 0.956667 |   0.000000 |      360 |      315 |       44 |   8.934646 |      9 | 0.938915 | 1.546776
1923 | 576600.0 | 576900.0 | 0.004851 | 0.016021 |   8.934646 |      9 | 0.938915 | 1.000000 | 1.006667 | 0.956667 | 1.016667 |  -1.872493 |      355 |      302 |       53 |   8.934614 |      9 | 0.929832 | 1.776770
1924 | 576900.0 | 577200.0 | 0.004849 | 0.016020 |   8.934614 |      9 | 0.929832 | 1.000000 | 1.070000 | 1.066667 | 1.060000 |   0.208071 |      363 |      321 |       42 |   8.934274 |      9 | 0.930841 | 1.751222
1925 | 577200.0 | 577500.0 | 0.004847 | 0.016019 |   8.934274 |      9 | 0.930841 | 1.000000 | 0.996667 | 0.896667 | 0.973333 |  -2.392994 |      355 |      299 |       56 |   8.934290 |      9 | 0.919241 | 2.044945
1926 | 577500.0 | 577800.0 | 0.004846 | 0.016018 |   8.934290 |      9 | 0.919241 | 1.000000 | 1.006667 | 0.943333 | 0.993333 |  -1.560767 |      359 |      302 |       57 |   8.934258 |      9 | 0.911679 | 2.236452
1927 | 577800.0 | 578100.0 | 0.004844 | 0.016017 |   8.934258 |      9 | 0.911679 | 1.000000 | 1.033333 | 1.043333 | 0.956667 |   2.705535 |      359 |      310 |       49 |   8.934096 |      9 | 0.924784 | 1.904596
1928 | 578100.0 | 578400.0 | 0.004842 | 0.016015 |   8.934096 |      9 | 0.924784 | 1.000000 | 1.053333 | 0.963333 | 0.993333 |  -0.936602 |      362 |      316 |       46 |   8.933838 |      9 | 0.920249 | 2.019438
1929 | 578400.0 | 578700.0 | 0.004841 | 0.016014 |   8.933838 |      9 | 0.920249 | 1.000000 | 0.986667 | 0.986667 | 0.983333 |   0.104075 |      357 |      296 |       61 |   8.933903 |      9 | 0.920753 | 2.006682
1930 | 578700.0 | 579000.0 | 0.004839 | 0.016013 |   8.933903 |      9 | 0.920753 | 1.000000 | 1.070000 | 1.016667 | 0.950000 |   2.081654 |      364 |      321 |       44 |   8.933564 |      9 | 0.930826 | 1.751614
1931 | 579000.0 | 579300.0 | 0.004837 | 0.016012 |   8.933564 |      9 | 0.930826 | 1.000000 | 1.020000 | 0.970000 | 1.026667 |  -1.769540 |      359 |      306 |       52 |   8.933467 |      9 | 0.922266 | 1.968363
1932 | 579300.0 | 579600.0 | 0.004836 | 0.016010 |   8.933467 |      9 | 0.922266 | 1.000000 | 1.070000 | 1.036667 | 0.926667 |   3.435249 |      364 |      321 |       43 |   8.933129 |      9 | 0.938877 | 1.547729
1933 | 579600.0 | 579900.0 | 0.004834 | 0.016009 |   8.933129 |      9 | 0.938877 | 1.000000 | 1.040000 | 0.973333 | 1.053333 |  -2.498552 |      358 |      312 |       46 |   8.932935 |      9 | 0.926800 | 1.853562
1934 | 579900.0 | 580200.0 | 0.004832 | 0.016008 |   8.932935 |      9 | 0.926800 | 1.000000 | 0.990000 | 1.006667 | 0.986667 |   0.624685 |      356 |      297 |       59 |   8.932984 |      9 | 0.929818 | 1.777125
1935 | 580200.0 | 580500.0 | 0.004831 | 0.016007 |   8.932984 |      9 | 0.929818 | 1.000000 | 0.970000 | 0.973333 | 1.010000 |  -1.145343 |      353 |      291 |       62 |   8.933129 |      9 | 0.924285 | 1.917223
1936 | 580500.0 | 580800.0 | 0.004829 | 0.016006 |   8.933129 |      9 | 0.924285 | 1.000000 | 1.006667 | 0.973333 | 0.993333 |  -0.624780 |      358 |      302 |       56 |   8.933096 |      9 | 0.921268 | 1.993620
1937 | 580800.0 | 581100.0 | 0.004827 | 0.016004 |   8.933096 |      9 | 0.921268 | 1.000000 | 1.026667 | 1.016667 | 1.010000 |   0.208276 |      360 |      308 |       52 |   8.932968 |      9 | 0.922274 | 1.968161
1938 | 581100.0 | 581400.0 | 0.004826 | 0.016003 |   8.932968 |      9 | 0.922274 | 1.000000 | 1.076667 | 0.996667 | 0.990000 |   0.208291 |      366 |      323 |       43 |   8.932598 |      9 | 0.923279 | 1.942709
1939 | 581400.0 | 581700.0 | 0.004824 | 0.016002 |   8.932598 |      9 | 0.923279 | 1.000000 | 1.023333 | 0.990000 | 1.003333 |  -0.416614 |      360 |      307 |       53 |   8.932485 |      9 | 0.921269 | 1.993600
1940 | 581700.0 | 582000.0 | 0.004822 | 0.016001 |   8.932485 |      9 | 0.921269 | 1.000000 | 0.993333 | 1.030000 | 1.020000 |   0.312484 |      356 |      298 |       58 |   8.932517 |      9 | 0.922776 | 1.955442
1941 | 582000.0 | 582300.0 | 0.004821 | 0.016000 |   8.932517 |      9 | 0.922776 | 1.000000 | 0.966667 | 1.023333 | 0.910000 |   3.541754 |      354 |      290 |       64 |   8.932678 |      9 | 0.939850 | 1.523106
1942 | 582300.0 | 582600.0 | 0.004819 | 0.015998 |   8.932678 |      9 | 0.939850 | 1.000000 | 1.006667 | 0.953333 | 1.033333 |  -2.500250 |      352 |      302 |       52 |   8.932646 |      9 | 0.927801 | 1.828203
1943 | 582600.0 | 582900.0 | 0.004817 | 0.015997 |   8.932646 |      9 | 0.927801 | 1.000000 | 1.020000 | 0.940000 | 1.000000 |  -1.875328 |      359 |      306 |       51 |   8.932550 |      9 | 0.918767 | 2.056964
1944 | 582900.0 | 583200.0 | 0.004816 | 0.015996 |   8.932550 |      9 | 0.918767 | 1.000000 | 1.013333 | 1.020000 | 0.996667 |   0.729349 |      359 |      304 |       55 |   8.932485 |      9 | 0.922279 | 1.968025
1945 | 583200.0 | 583500.0 | 0.004814 | 0.015995 |   8.932485 |      9 | 0.922279 | 1.000000 | 1.013333 | 0.986667 | 0.973333 |   0.416802 |      359 |      304 |       55 |   8.932421 |      9 | 0.924286 | 1.917216
1946 | 583500.0 | 583800.0 | 0.004812 | 0.015994 |   8.932421 |      9 | 0.924286 | 1.000000 | 1.086667 | 1.043333 | 0.973333 |   2.188377 |      367 |      326 |       41 |   8.932004 |      9 | 0.934817 | 1.650542
1947 | 583800.0 | 584100.0 | 0.004811 | 0.015992 |   8.932004 |      9 | 0.934817 | 1.000000 | 0.986667 | 0.990000 | 0.983333 |   0.208433 |      352 |      296 |       56 |   8.932068 |      9 | 0.935820 | 1.625151
1948 | 584100.0 | 584400.0 | 0.004809 | 0.015991 |   8.932068 |      9 | 0.935820 | 1.000000 | 1.006667 | 0.963333 | 1.020000 |  -1.771809 |      356 |      302 |       54 |   8.932036 |      9 | 0.927299 | 1.840915
1949 | 584400.0 | 584700.0 | 0.004808 | 0.015990 |   8.932036 |      9 | 0.927299 | 1.000000 | 1.043333 | 0.963333 | 0.986667 |  -0.729623 |      361 |      313 |       48 |   8.931828 |      9 | 0.923791 | 1.929736
1950 | 584700.0 | 585000.0 | 0.004806 | 0.015989 |   8.931828 |      9 | 0.923791 | 1.000000 | 0.946667 | 0.980000 | 0.990000 |  -0.312719 |      353 |      284 |       69 |   8.932084 |      9 | 0.922288 | 1.967791
1951 | 585000.0 | 585300.0 | 0.004804 | 0.015988 |   8.932084 |      9 | 0.922288 | 1.000000 | 0.990000 | 0.956667 | 0.960000 |  -0.104248 |      355 |      297 |       58 |   8.932132 |      9 | 0.921788 | 1.980473
1952 | 585300.0 | 585600.0 | 0.004803 | 0.015986 |   8.932132 |      9 | 0.921788 | 1.000000 | 1.036667 | 0.976667 | 0.940000 |   1.146809 |      362 |      311 |       51 |   8.931956 |      9 | 0.927295 | 1.841010
1953 | 585600.0 | 585900.0 | 0.004801 | 0.015985 |   8.931956 |      9 | 0.927295 | 1.000000 | 1.026667 | 1.023333 | 1.080000 |  -1.772474 |      359 |      308 |       51 |   8.931828 |      9 | 0.918786 | 2.056487
1954 | 585900.0 | 586200.0 | 0.004799 | 0.015984 |   8.931828 |      9 | 0.918786 | 1.000000 | 0.996667 | 1.026667 | 1.013333 |   0.417084 |      358 |      299 |       59 |   8.931844 |      9 | 0.920787 | 2.005800
1955 | 586200.0 | 586500.0 | 0.004798 | 0.015983 |   8.931844 |      9 | 0.920787 | 1.000000 | 1.033333 | 1.000000 | 1.000000 |   0.000000 |      361 |      310 |       51 |   8.931684 |      9 | 0.920787 | 2.005800
1956 | 586500.0 | 586800.0 | 0.004796 | 0.015982 |   8.931684 |      9 | 0.920787 | 1.000000 | 1.010000 | 0.933333 | 0.946667 |  -0.417146 |      358 |      303 |       55 |   8.931636 |      9 | 0.918787 | 2.056460
1957 | 586800.0 | 587100.0 | 0.004794 | 0.015980 |   8.931636 |      9 | 0.918787 | 1.000000 | 1.010000 | 1.006667 | 0.976667 |   0.938649 |      357 |      303 |       54 |   8.931588 |      9 | 0.923287 | 1.942505
1958 | 587100.0 | 587400.0 | 0.004793 | 0.015979 |   8.931588 |      9 | 0.923287 | 1.000000 | 1.033333 | 1.036667 | 0.916667 |   3.754878 |      361 |      310 |       51 |   8.931429 |      9 | 0.941283 | 1.486807
1959 | 587400.0 | 587700.0 | 0.004791 | 0.015978 |   8.931429 |      9 | 0.941283 | 1.000000 | 1.073333 | 0.903333 | 1.050000 |  -4.589638 |      361 |      322 |       39 |   8.931077 |      9 | 0.919294 | 2.043624
1960 | 587700.0 | 588000.0 | 0.004790 | 0.015977 |   8.931077 |      9 | 0.919294 | 1.000000 | 0.993333 | 0.960000 | 1.013333 |  -1.669084 |      357 |      298 |       59 |   8.931109 |      9 | 0.911300 | 2.246049
1961 | 588000.0 | 588300.0 | 0.004788 | 0.015976 |   8.931109 |      9 | 0.911300 | 1.000000 | 0.973333 | 0.980000 | 0.980000 |   0.000000 |      356 |      292 |       64 |   8.931237 |      9 | 0.911300 | 2.246049
1962 | 588300.0 | 588600.0 | 0.004786 | 0.015974 |   8.931237 |      9 | 0.911300 | 1.000000 | 0.956667 | 0.993333 | 0.910000 |   2.608332 |      352 |      287 |       65 |   8.931444 |      9 | 0.923784 | 1.929927
1963 | 588600.0 | 588900.0 | 0.004785 | 0.015973 |   8.931444 |      9 | 0.923784 | 1.000000 | 0.976667 | 1.070000 | 0.970000 |   3.130232 |      355 |      293 |       64 |   8.931556 |      9 | 0.938761 | 1.550682
1964 | 588900.0 | 589200.0 | 0.004783 | 0.015972 |   8.931556 |      9 | 0.938761 | 1.000000 | 1.010000 | 0.933333 | 0.993333 |  -1.878279 |      355 |      303 |       50 |   8.931508 |      9 | 0.929777 | 1.778169
1965 | 589200.0 | 589500.0 | 0.004781 | 0.015971 |   8.931508 |      9 | 0.929777 | 1.000000 | 1.063333 | 0.933333 | 1.020000 |  -2.713272 |      363 |      319 |       44 |   8.931205 |      9 | 0.916804 | 2.106674
1966 | 589500.0 | 589800.0 | 0.004780 | 0.015970 |   8.931205 |      9 | 0.916804 | 1.000000 | 1.080000 | 0.966667 | 0.983333 |  -0.521822 |      364 |      324 |       40 |   8.930823 |      9 | 0.914309 | 2.169831
1967 | 589800.0 | 590100.0 | 0.004778 | 0.015968 |   8.930823 |      9 | 0.914309 | 1.000000 | 1.006667 | 0.970000 | 0.980000 |  -0.313116 |      361 |      302 |       59 |   8.930791 |      9 | 0.912813 | 2.207716
1968 | 590100.0 | 590400.0 | 0.004777 | 0.015967 |   8.930791 |      9 | 0.912813 | 1.000000 | 1.030000 | 1.026667 | 0.936667 |   2.818258 |      361 |      309 |       52 |   8.930648 |      9 | 0.926275 | 1.866846
1969 | 590400.0 | 590700.0 | 0.004775 | 0.015966 |   8.930648 |      9 | 0.926275 | 1.000000 | 1.010000 | 1.040000 | 1.046667 |  -0.208775 |      358 |      303 |       55 |   8.930600 |      9 | 0.925278 | 1.892089
1970 | 590700.0 | 591000.0 | 0.004773 | 0.015965 |   8.930600 |      9 | 0.925278 | 1.000000 | 1.010000 | 0.976667 | 1.020000 |  -1.357140 |      358 |      303 |       55 |   8.930552 |      9 | 0.918800 | 2.056125
1971 | 591000.0 | 591300.0 | 0.004772 | 0.015964 |   8.930552 |      9 | 0.918800 | 1.000000 | 0.983333 | 1.023333 | 0.986667 |   1.148435 |      357 |      295 |       62 |   8.930632 |      9 | 0.924280 | 1.917362
1972 | 591300.0 | 591600.0 | 0.004770 | 0.015963 |   8.930632 |      9 | 0.924280 | 1.000000 | 1.020000 | 1.043333 | 1.023333 |   0.626466 |      358 |      306 |       52 |   8.930536 |      9 | 0.927268 | 1.841693
1973 | 591600.0 | 591900.0 | 0.004768 | 0.015961 |   8.930536 |      9 | 0.927268 | 1.000000 | 1.000000 | 0.963333 | 0.983333 |  -0.626512 |      359 |      300 |       59 |   8.930536 |      9 | 0.924281 | 1.917342
1974 | 591900.0 | 592200.0 | 0.004767 | 0.015960 |   8.930536 |      9 | 0.924281 | 1.000000 | 1.026667 | 0.953333 | 1.063333 |  -3.446071 |      358 |      308 |       51 |   8.930409 |      9 | 0.907854 | 2.333302
1975 | 592200.0 | 592500.0 | 0.004765 | 0.015959 |   8.930409 |      9 | 0.907854 | 1.000000 | 0.996667 | 1.013333 | 0.966667 |   1.462078 |      357 |      299 |       57 |   8.930425 |      9 | 0.914821 | 2.156880
1976 | 592500.0 | 592800.0 | 0.004764 | 0.015958 |   8.930425 |      9 | 0.914821 | 1.000000 | 0.993333 | 0.983333 | 0.990000 |  -0.208884 |      358 |      298 |       60 |   8.930457 |      9 | 0.913826 | 2.182077
1977 | 592800.0 | 593100.0 | 0.004762 | 0.015957 |   8.930457 |      9 | 0.913826 | 1.000000 | 1.060000 | 1.026667 | 1.026667 |   0.000000 |      365 |      318 |       47 |   8.930171 |      9 | 0.913826 | 2.182077
1978 | 593100.0 | 593400.0 | 0.004760 | 0.015955 |   8.930171 |      9 | 0.913826 | 1.000000 | 1.060000 | 0.960000 | 0.886667 |   2.298061 |      363 |      318 |       45 |   8.929885 |      9 | 0.924766 | 1.905062
1979 | 593400.0 | 593700.0 | 0.004759 | 0.015954 |   8.929885 |      9 | 0.924766 | 1.000000 | 1.050000 | 0.973333 | 1.036667 |  -1.984836 |      362 |      315 |       47 |   8.929648 |      9 | 0.915320 | 2.144239
1980 | 593700.0 | 594000.0 | 0.004757 | 0.015953 |   8.929648 |      9 | 0.915320 | 1.000000 | 1.003333 | 0.996667 | 0.966667 |   0.940255 |      359 |      301 |       58 |   8.929632 |      9 | 0.919793 | 2.030975
1981 | 594000.0 | 594300.0 | 0.004756 | 0.015952 |   8.929632 |      9 | 0.919793 | 1.000000 | 1.006667 | 1.053333 | 0.953333 |   3.134415 |      358 |      302 |       56 |   8.929600 |      9 | 0.934699 | 1.653525
1982 | 594300.0 | 594600.0 | 0.004754 | 0.015951 |   8.929600 |      9 | 0.934699 | 1.000000 | 1.040000 | 1.020000 | 0.960000 |   1.880788 |      359 |      312 |       48 |   8.929410 |      9 | 0.943641 | 1.427114
1983 | 594600.0 | 594900.0 | 0.004752 | 0.015950 |   8.929410 |      9 | 0.943641 | 1.000000 | 1.003333 | 0.866667 | 0.970000 |  -3.239374 |      354 |      301 |       52 |   8.929394 |      9 | 0.928246 | 1.816941
1984 | 594900.0 | 595200.0 | 0.004751 | 0.015948 |   8.929394 |      9 | 0.928246 | 1.000000 | 1.006667 | 1.006667 | 0.926667 |   2.508087 |      357 |      302 |       55 |   8.929362 |      9 | 0.940161 | 1.515219
1985 | 595200.0 | 595500.0 | 0.004749 | 0.015947 |   8.929362 |      9 | 0.940161 | 1.000000 | 1.060000 | 0.936667 | 1.010000 |  -2.299249 |      361 |      318 |       43 |   8.929077 |      9 | 0.929242 | 1.791725
1986 | 595500.0 | 595800.0 | 0.004748 | 0.015946 |   8.929077 |      9 | 0.929242 | 1.000000 | 1.026667 | 0.983333 | 0.973333 |   0.313557 |      360 |      308 |       52 |   8.928951 |      9 | 0.930730 | 1.754030
1987 | 595800.0 | 596100.0 | 0.004746 | 0.015945 |   8.928951 |      9 | 0.930730 | 1.000000 | 0.993333 | 1.006667 | 0.990000 |   0.522634 |      355 |      298 |       57 |   8.928982 |      9 | 0.933211 | 1.691220
1988 | 596100.0 | 596400.0 | 0.004744 | 0.015944 |   8.928982 |      9 | 0.933211 | 1.000000 | 1.030000 | 1.013333 | 1.013333 |   0.000000 |      359 |      309 |       50 |   8.928840 |      9 | 0.933211 | 1.691220
1989 | 596400.0 | 596700.0 | 0.004743 | 0.015943 |   8.928840 |      9 | 0.933211 | 1.000000 | 1.016667 | 1.006667 | 1.033333 |  -0.836337 |      356 |      305 |       51 |   8.928761 |      9 | 0.929244 | 1.791663
1990 | 596700.0 | 597000.0 | 0.004741 | 0.015941 |   8.928761 |      9 | 0.929244 | 1.000000 | 1.040000 | 0.980000 | 1.056667 |  -2.404646 |      361 |      312 |       49 |   8.928571 |      9 | 0.917843 | 2.080359
1991 | 597000.0 | 597300.0 | 0.004740 | 0.015940 |   8.928571 |      9 | 0.917843 | 1.000000 | 1.060000 | 0.993333 | 1.000000 |  -0.209115 |      364 |      318 |       46 |   8.928287 |      9 | 0.916852 | 2.105457
1992 | 597300.0 | 597600.0 | 0.004738 | 0.015939 |   8.928287 |      9 | 0.916852 | 1.000000 | 0.946667 | 1.036667 | 1.023333 |   0.418261 |      352 |      284 |       68 |   8.928540 |      9 | 0.918834 | 2.055275
1993 | 597600.0 | 597900.0 | 0.004737 | 0.015938 |   8.928540 |      9 | 0.918834 | 1.000000 | 1.023333 | 0.960000 | 1.060000 |  -3.137186 |      361 |      307 |       54 |   8.928429 |      9 | 0.903974 | 2.431541
1994 | 597900.0 | 598200.0 | 0.004735 | 0.015937 |   8.928429 |      9 | 0.903974 | 1.000000 | 0.963333 | 1.016667 | 0.960000 |   1.777869 |      356 |      289 |       67 |   8.928603 |      9 | 0.912392 | 2.218379
1995 | 598200.0 | 598500.0 | 0.004733 | 0.015936 |   8.928603 |      9 | 0.912392 | 1.000000 | 1.000000 | 0.993333 | 1.016667 |  -0.732117 |      357 |      300 |       57 |   8.928603 |      9 | 0.908927 | 2.306129
1996 | 598500.0 | 598800.0 | 0.004732 | 0.015934 |   8.928603 |      9 | 0.908927 | 1.000000 | 0.970000 | 1.030000 | 1.000000 |   0.941363 |      356 |      291 |       65 |   8.928745 |      9 | 0.913381 | 2.193337
1997 | 598800.0 | 599100.0 | 0.004730 | 0.015933 |   8.928745 |      9 | 0.913381 | 1.000000 | 0.960000 | 1.006667 | 1.003333 |   0.104604 |      353 |      288 |       65 |   8.928934 |      9 | 0.913876 | 2.180808
1998 | 599100.0 | 599400.0 | 0.004729 | 0.015932 |   8.928934 |      9 | 0.913876 | 1.000000 | 1.013333 | 0.993333 | 1.030000 |  -1.150723 |      360 |      304 |       56 |   8.928871 |      9 | 0.908435 | 2.318593
1999 | 599400.0 | 599700.0 | 0.004727 | 0.015931 |   8.928871 |      9 | 0.908435 | 1.000000 | 1.023333 | 0.983333 | 1.033333 |  -1.569283 |      360 |      307 |       53 |   8.928761 |      9 | 0.901017 | 2.506432
2000 | 599700.0 | 600000.0 | 0.004725 | 0.015930 |   8.928761 |      9 | 0.901017 | 1.000000 | 0.986667 | 0.983333 | 0.993333 |  -0.313880 |      357 |      296 |       61 |   8.928824 |      9 | 0.899533 | 2.543990
