QTSP continuous window-size and Werner-parameter update.
Main run: one continuous QTSP simulation, updated at each source T_W boundary.
Update rule: W_next = W + gamma * (target_tp - observed_tp).
Update rule: w_next = w + gamma * ((tp_plus - tp_minus) / (w_plus - w_minus)).
Werner plus/minus probes are independent one-window QTSP runs; the main run is not restarted.
Werner parameter is clamped to [1.0e-6, 0.999999].

Initial update parameters:
  target_tp = 0.6
  iterations = 3000
  sim_time = 900000.0
  window_stats_interval = 300.0
  initial_window_size = 8
  initial_werner_w = 0.8178679587436591
  max_window_size = 100
  min_window_size = 1.0
  werner_bounds = [1.0e-6, 0.999999]
  rng_seed = 42
  parallel_within_iteration = true
  julia_threads = 1
  probe_repeats = 1
  gamma(1) = 0.03953438965034929
  delta(1) = 0.027722633142456987

Default simulation parameters before run overrides:
  flow_uuid = 4001
  werner_w = 0.75
  chi = 30.0
  send_rate = nothing
  distance_km = 25.0
  a_eta = 1.0
  beta_per_km = 0.046
  detector_a_p = 0.9
  detection_prob = nothing
  initial_window_size = 10
  max_window_size = 100
  memory_slots = nothing
  classical_delay = 0.0
  edge_classical_delays = nothing
  quantum_delay = 1.0
  initial_delay = 0.0
  source_ack_timeout = 10.0
  window_stats_interval = 1000.0

Run simulation parameters:
  source_node = 22
  destination_node = 9
  flow_uuid = 4001
  chi = 30.0
  send_rate = nothing
  distance_km = 25.0
  a_eta = 1.0
  beta_per_km = 0.046
  detector_a_p = 0.9
  detection_prob = nothing
  memory_slots = nothing
  classical_delay_fallback = 0.0
  edge_classical_delays = provided (68 edges; min=1.449228e-05, max=0.000561314176, mean=0.000157884802)
  quantum_delay = 1.0
  initial_delay = 0.0
  source_ack_timeout = 10.0

iter |    start |      end |    gamma |    delta |      W_est |  W_run |        w |   target |       tp |  tp_plus | tp_minus |     w_grad |     sent |    acked |  timeout |     W_next | Wrun_n |   w_next |   rate_n
-----------------------------------------------------------------------------------------------------------------------------------------------------------------------------------------------------------------------
   1 | 0.000000 | 300.0000 | 0.039534 | 0.027723 |   8.000000 |      8 | 0.817868 | 0.600000 | 0.823333 | 0.863333 | 0.686667 |   3.186326 |      319 |      247 |       64 |   7.991171 |      8 | 0.943837 | 1.422134
   2 | 300.0000 | 600.0000 | 0.039263 | 0.027642 |   7.991171 |      8 | 0.943837 | 0.600000 | 0.883333 | 0.633333 | 0.906667 |  -4.944167 |      313 |      265 |       48 |   7.980046 |      8 | 0.749716 | 6.337616
   3 | 600.0000 | 900.0000 | 0.038995 | 0.027563 |   7.980046 |      8 | 0.749716 | 0.600000 | 0.683333 | 0.776667 | 0.773333 |   0.060467 |      301 |      205 |       96 |   7.976797 |      8 | 0.752074 | 6.277909
   4 | 900.0000 | 1200.000 | 0.038733 | 0.027486 |   7.976797 |      8 | 0.752074 | 0.600000 | 0.736667 | 0.796667 | 0.703333 |   1.697836 |      306 |      221 |       85 |   7.971503 |      8 | 0.817836 | 4.612712
   5 | 1200.000 | 1500.000 | 0.038474 | 0.027410 |   7.971503 |      8 | 0.817836 | 0.600000 | 0.800000 | 0.846667 | 0.773333 |   1.337691 |      314 |      240 |       74 |   7.963808 |      8 | 0.869302 | 3.309496
   6 | 1500.000 | 1800.000 | 0.038220 | 0.027336 |   7.963808 |      8 | 0.869302 | 0.600000 | 0.813333 | 0.856667 | 0.810000 |   0.853562 |      312 |      244 |       68 |   7.955655 |      8 | 0.901925 | 2.483431
   7 | 1800.000 | 2100.000 | 0.037969 | 0.027264 |   7.955655 |      8 | 0.901925 | 0.600000 | 0.816667 | 0.946667 | 0.856667 |   1.650531 |      313 |      245 |       68 |   7.947428 |      8 | 0.964594 | 0.896536
   8 | 2100.000 | 2400.000 | 0.037723 | 0.027193 |   7.947428 |      8 | 0.964594 | 0.600000 | 0.783333 | 0.193333 | 0.896667 | -12.932289 |      267 |      235 |       32 |   7.940512 |      8 | 0.476753 | 13.24952
   9 | 2400.000 | 2700.000 | 0.037480 | 0.027123 |   7.940512 |      8 | 0.476753 | 0.600000 | 0.486667 | 0.570000 | 0.533333 |   0.675926 |      284 |      146 |      138 |   7.944760 |      8 | 0.502086 | 12.60802
  10 | 2700.000 | 3000.000 | 0.037241 | 0.027055 |   7.944760 |      8 | 0.502086 | 0.600000 | 0.583333 | 0.563333 | 0.573333 |  -0.184809 |      293 |      175 |      118 |   7.945381 |      8 | 0.495204 | 12.78230
  11 | 3000.000 | 3300.000 | 0.037006 | 0.026988 |   7.945381 |      8 | 0.495204 | 0.600000 | 0.500000 | 0.590000 | 0.503333 |   1.605653 |      284 |      150 |      134 |   7.949081 |      8 | 0.554623 | 11.27771
  12 | 3300.000 | 3600.000 | 0.036775 | 0.026922 |   7.949081 |      8 | 0.554623 | 0.600000 | 0.586667 | 0.590000 | 0.533333 |   1.052414 |      294 |      176 |      118 |   7.949572 |      8 | 0.593325 | 10.29770
  13 | 3600.000 | 3900.000 | 0.036546 | 0.026858 |   7.949572 |      8 | 0.593325 | 0.600000 | 0.550000 | 0.663333 | 0.546667 |   2.171940 |      288 |      165 |      123 |   7.951399 |      8 | 0.672702 | 8.287755
  14 | 3900.000 | 4200.000 | 0.036322 | 0.026794 |   7.951399 |      8 | 0.672702 | 0.600000 | 0.660000 | 0.750000 | 0.593333 |   2.923503 |      300 |      198 |      102 |   7.949220 |      8 | 0.778888 | 5.598925
  15 | 4200.000 | 4500.000 | 0.036100 | 0.026732 |   7.949220 |      8 | 0.778888 | 0.600000 | 0.726667 | 0.793333 | 0.733333 |   1.122246 |      306 |      218 |       88 |   7.944647 |      8 | 0.819402 | 4.573054
  16 | 4500.000 | 4800.000 | 0.035882 | 0.026671 |   7.944647 |      8 | 0.819402 | 0.600000 | 0.803333 | 0.790000 | 0.736667 |   0.999840 |      311 |      241 |       70 |   7.937351 |      8 | 0.855278 | 3.664600
  17 | 4800.000 | 5100.000 | 0.035667 | 0.026611 |   7.937351 |      8 | 0.855278 | 0.600000 | 0.803333 | 0.870000 | 0.876667 |  -0.125262 |      312 |      241 |       71 |   7.930099 |      8 | 0.850811 | 3.777731
  18 | 5100.000 | 5400.000 | 0.035455 | 0.026552 |   7.930099 |      8 | 0.850811 | 0.600000 | 0.843333 | 0.810000 | 0.810000 |   0.000000 |      316 |      253 |       63 |   7.921471 |      8 | 0.850811 | 3.777731
  19 | 5400.000 | 5700.000 | 0.035247 | 0.026494 |   7.921471 |      8 | 0.850811 | 0.600000 | 0.833333 | 0.873333 | 0.830000 |   0.817804 |      315 |      250 |       65 |   7.913247 |      8 | 0.879635 | 3.047837
  20 | 5700.000 | 6000.000 | 0.035041 | 0.026437 |   7.913247 |      8 | 0.879635 | 0.600000 | 0.870000 | 0.916667 | 0.860000 |   1.071747 |      318 |      261 |       57 |   7.903786 |      8 | 0.917190 | 2.096885
  21 | 6000.000 | 6300.000 | 0.034838 | 0.026380 |   7.903786 |      8 | 0.917190 | 0.600000 | 0.863333 | 0.930000 | 0.870000 |   1.137208 |      317 |      259 |       58 |   7.894612 |      8 | 0.956808 | 1.093694
  22 | 6300.000 | 6600.000 | 0.034638 | 0.026325 |   7.894612 |      8 | 0.956808 | 0.600000 | 0.823333 | 0.396667 | 0.900000 |  -9.559949 |      298 |      247 |       51 |   7.886876 |      8 | 0.625674 | 9.478575
  23 | 6600.000 | 6900.000 | 0.034440 | 0.026271 |   7.886876 |      8 | 0.625674 | 0.600000 | 0.683333 | 0.710000 | 0.660000 |   0.951631 |      300 |      205 |       95 |   7.884006 |      8 | 0.658449 | 8.648670
  24 | 6900.000 | 7200.000 | 0.034246 | 0.026217 |   7.884006 |      8 | 0.658449 | 0.600000 | 0.663333 | 0.660000 | 0.690000 |  -0.572145 |      299 |      199 |      100 |   7.881837 |      8 | 0.638855 | 9.144810
  25 | 7200.000 | 7500.000 | 0.034054 | 0.026164 |   7.881837 |      8 | 0.638855 | 0.600000 | 0.620000 | 0.626667 | 0.623333 |   0.063700 |      297 |      186 |      111 |   7.881156 |      8 | 0.641024 | 9.089882
  26 | 7500.000 | 7800.000 | 0.033864 | 0.026112 |   7.881156 |      8 | 0.641024 | 0.600000 | 0.636667 | 0.630000 | 0.670000 |  -0.765918 |      297 |      191 |      106 |   7.879915 |      8 | 0.615087 | 9.746656
  27 | 7800.000 | 8100.000 | 0.033677 | 0.026061 |   7.879915 |      8 | 0.615087 | 0.600000 | 0.680000 | 0.660000 | 0.613333 |   0.895324 |      301 |      204 |       97 |   7.877220 |      8 | 0.645239 | 8.983152
  28 | 8100.000 | 8400.000 | 0.033493 | 0.026011 |   7.877220 |      8 | 0.645239 | 0.600000 | 0.710000 | 0.673333 | 0.636667 |   0.704832 |      303 |      213 |       90 |   7.873536 |      8 | 0.668846 | 8.385386
  29 | 8400.000 | 8700.000 | 0.033311 | 0.025961 |   7.873536 |      8 | 0.668846 | 0.600000 | 0.670000 | 0.730000 | 0.626667 |   1.990144 |      302 |      201 |      101 |   7.871204 |      8 | 0.735140 | 6.706717
  30 | 8700.000 | 9000.000 | 0.033131 | 0.025912 |   7.871204 |      8 | 0.735140 | 0.600000 | 0.676667 | 0.720000 | 0.753333 |  -0.643194 |      300 |      203 |       97 |   7.868664 |      8 | 0.713830 | 7.246321
  31 | 9000.000 | 9300.000 | 0.032954 | 0.025864 |   7.868664 |      8 | 0.713830 | 0.600000 | 0.723333 | 0.743333 | 0.736667 |   0.128879 |      306 |      217 |       89 |   7.864600 |      8 | 0.718077 | 7.138778
  32 | 9300.000 | 9600.000 | 0.032779 | 0.025817 |   7.864600 |      8 | 0.718077 | 0.600000 | 0.766667 | 0.723333 | 0.670000 |   1.032930 |      309 |      230 |       79 |   7.859137 |      8 | 0.751936 | 6.281419
  33 | 9600.000 | 9900.000 | 0.032606 | 0.025770 |   7.859137 |      8 | 0.751936 | 0.600000 | 0.753333 | 0.786667 | 0.703333 |   1.616890 |      307 |      226 |       81 |   7.854137 |      8 | 0.804657 | 4.946431
  34 | 9900.000 | 10200.00 | 0.032436 | 0.025723 |   7.854137 |      8 | 0.804657 | 0.600000 | 0.800000 | 0.876667 | 0.730000 |   2.850843 |      312 |      240 |       72 |   7.847650 |      8 | 0.897126 | 2.604937
  35 | 10200.00 | 10500.00 | 0.032268 | 0.025678 |   7.847650 |      8 | 0.897126 | 0.600000 | 0.883333 | 0.843333 | 0.876667 |  -0.649070 |      320 |      265 |       55 |   7.838507 |      8 | 0.876182 | 3.135273
  36 | 10500.00 | 10800.00 | 0.032101 | 0.025633 |   7.838507 |      8 | 0.876182 | 0.600000 | 0.876667 | 0.843333 | 0.846667 |  -0.065021 |      317 |      263 |       54 |   7.829626 |      8 | 0.874095 | 3.188126
  37 | 10800.00 | 11100.00 | 0.031937 | 0.025588 |   7.829626 |      8 | 0.874095 | 0.600000 | 0.856667 | 0.860000 | 0.860000 |   0.000000 |      317 |      257 |       60 |   7.821429 |      8 | 0.874095 | 3.188126
  38 | 11100.00 | 11400.00 | 0.031775 | 0.025545 |   7.821429 |      8 | 0.874095 | 0.600000 | 0.863333 | 0.826667 | 0.830000 |  -0.065246 |      318 |      259 |       59 |   7.813062 |      8 | 0.872022 | 3.240622
  39 | 11400.00 | 11700.00 | 0.031615 | 0.025501 |   7.813062 |      8 | 0.872022 | 0.600000 | 0.820000 | 0.926667 | 0.853333 |   1.437838 |      313 |      246 |       67 |   7.806106 |      8 | 0.917479 | 2.089576
  40 | 11700.00 | 12000.00 | 0.031456 | 0.025459 |   7.806106 |      8 | 0.917479 | 0.600000 | 0.916667 | 0.933333 | 0.883333 |   0.981988 |      322 |      275 |       47 |   7.796145 |      8 | 0.948369 | 1.307390
  41 | 12000.00 | 12300.00 | 0.031300 | 0.025416 |   7.796145 |      8 | 0.948369 | 0.600000 | 0.930000 | 0.580000 | 0.920000 |  -6.688598 |      317 |      279 |       38 |   7.785816 |      8 | 0.739015 | 6.608599
  42 | 12300.00 | 12600.00 | 0.031146 | 0.025375 |   7.785816 |      8 | 0.739015 | 0.600000 | 0.736667 | 0.756667 | 0.726667 |   0.591139 |      306 |      221 |       85 |   7.781559 |      8 | 0.757426 | 6.142390
  43 | 12600.00 | 12900.00 | 0.030993 | 0.025334 |   7.781559 |      8 | 0.757426 | 0.600000 | 0.683333 | 0.813333 | 0.713333 |   1.973660 |      300 |      205 |       95 |   7.778977 |      8 | 0.818596 | 4.593465
  44 | 12900.00 | 13200.00 | 0.030842 | 0.025293 |   7.778977 |      8 | 0.818596 | 0.600000 | 0.793333 | 0.856667 | 0.773333 |   1.647358 |      313 |      238 |       75 |   7.773014 |      8 | 0.869404 | 3.306913
  45 | 13200.00 | 13500.00 | 0.030693 | 0.025253 |   7.773014 |      8 | 0.869404 | 0.600000 | 0.836667 | 0.863333 | 0.816667 |   0.923986 |      315 |      251 |       64 |   7.765750 |      8 | 0.897764 | 2.588786
  46 | 13500.00 | 13800.00 | 0.030546 | 0.025213 |   7.765750 |      8 | 0.897764 | 0.600000 | 0.886667 | 0.880000 | 0.876667 |   0.066103 |      319 |      266 |       53 |   7.756993 |      8 | 0.899783 | 2.537657
  47 | 13800.00 | 14100.00 | 0.030400 | 0.025174 |   7.756993 |      8 | 0.899783 | 0.600000 | 0.856667 | 0.856667 | 0.873333 |  -0.331028 |      316 |      257 |       59 |   7.749191 |      8 | 0.889720 | 2.792479
  48 | 14100.00 | 14400.00 | 0.030256 | 0.025135 |   7.749191 |      8 | 0.889720 | 0.600000 | 0.890000 | 0.880000 | 0.870000 |   0.198923 |      319 |      267 |       52 |   7.740416 |      8 | 0.895739 | 2.640075
  49 | 14400.00 | 14700.00 | 0.030114 | 0.025097 |   7.740416 |      8 | 0.895739 | 0.600000 | 0.880000 | 0.933333 | 0.860000 |   1.460988 |      319 |      264 |       55 |   7.731984 |      8 | 0.939735 | 1.526013
  50 | 14700.00 | 15000.00 | 0.029973 | 0.025059 |   7.731984 |      8 | 0.939735 | 0.600000 | 0.886667 | 0.776667 | 0.850000 |  -1.463192 |      316 |      266 |       50 |   7.723392 |      8 | 0.895878 | 2.636544
  51 | 15000.00 | 15300.00 | 0.029834 | 0.025022 |   7.723392 |      8 | 0.895878 | 0.600000 | 0.913333 | 0.883333 | 0.836667 |   0.932513 |      321 |      274 |       47 |   7.714044 |      8 | 0.923699 | 1.932071
  52 | 15300.00 | 15600.00 | 0.029697 | 0.024985 |   7.714044 |      8 | 0.923699 | 0.600000 | 0.900000 | 0.866667 | 0.913333 |  -0.933892 |      320 |      270 |       50 |   7.705135 |      8 | 0.895965 | 2.634334
  53 | 15600.00 | 15900.00 | 0.029561 | 0.024948 |   7.705135 |      8 | 0.895965 | 0.600000 | 0.873333 | 0.900000 | 0.863333 |   0.734847 |      319 |      262 |       57 |   7.697055 |      8 | 0.917688 | 2.084279
  54 | 15900.00 | 16200.00 | 0.029426 | 0.024912 |   7.697055 |      8 | 0.917688 | 0.600000 | 0.870000 | 0.853333 | 0.860000 |  -0.133802 |      315 |      261 |       54 |   7.689110 |      8 | 0.913751 | 2.183978
  55 | 16200.00 | 16500.00 | 0.029293 | 0.024877 |   7.689110 |      8 | 0.913751 | 0.600000 | 0.913333 | 0.890000 | 0.916667 |  -0.535978 |      321 |      274 |       47 |   7.679931 |      8 | 0.898050 | 2.581543
  56 | 16500.00 | 16800.00 | 0.029162 | 0.024841 |   7.679931 |      8 | 0.898050 | 0.600000 | 0.893333 | 0.890000 | 0.840000 |   1.006389 |      321 |      268 |       53 |   7.671377 |      8 | 0.927398 | 1.838401
  57 | 16800.00 | 17100.00 | 0.029032 | 0.024806 |   7.671377 |      8 | 0.927398 | 0.600000 | 0.933333 | 0.900000 | 0.853333 |   0.940620 |      322 |      280 |       42 |   7.661700 |      8 | 0.954706 | 1.146924
  58 | 17100.00 | 17400.00 | 0.028903 | 0.024772 |   7.661700 |      8 | 0.954706 | 0.600000 | 0.900000 | 0.453333 | 0.906667 |  -9.150213 |      311 |      270 |       41 |   7.653029 |      8 | 0.690239 | 7.843679
  59 | 17400.00 | 17700.00 | 0.028775 | 0.024738 |   7.653029 |      8 | 0.690239 | 0.600000 | 0.716667 | 0.690000 | 0.696667 |  -0.134748 |      304 |      215 |       89 |   7.649672 |      8 | 0.686362 | 7.941863
  60 | 17700.00 | 18000.00 | 0.028649 | 0.024704 |   7.649672 |      8 | 0.686362 | 0.600000 | 0.686667 | 0.746667 | 0.693333 |   1.079463 |      301 |      206 |       95 |   7.647189 |      8 | 0.717288 | 7.158764
  61 | 18000.00 | 18300.00 | 0.028525 | 0.024670 |   7.647189 |      8 | 0.717288 | 0.600000 | 0.793333 | 0.713333 | 0.723333 |  -0.202674 |      312 |      238 |       74 |   7.641674 |      8 | 0.711506 | 7.305154
  62 | 18300.00 | 18600.00 | 0.028401 | 0.024637 |   7.641674 |      8 | 0.711506 | 0.600000 | 0.776667 | 0.700000 | 0.676667 |   0.473543 |      311 |      233 |       78 |   7.636657 |      8 | 0.724956 | 6.964595
  63 | 18600.00 | 18900.00 | 0.028279 | 0.024604 |   7.636657 |      8 | 0.724956 | 0.600000 | 0.726667 | 0.726667 | 0.690000 |   0.745132 |      306 |      218 |       88 |   7.633075 |      8 | 0.746027 | 6.431021
  64 | 18900.00 | 19200.00 | 0.028158 | 0.024572 |   7.633075 |      8 | 0.746027 | 0.600000 | 0.776667 | 0.746667 | 0.693333 |   1.085262 |      307 |      233 |       74 |   7.628100 |      8 | 0.776587 | 5.657206
  65 | 19200.00 | 19500.00 | 0.028039 | 0.024539 |   7.628100 |      8 | 0.776587 | 0.600000 | 0.783333 | 0.776667 | 0.773333 |   0.067918 |      312 |      235 |       77 |   7.622959 |      8 | 0.778491 | 5.608985
  66 | 19500.00 | 19800.00 | 0.027921 | 0.024508 |   7.622959 |      8 | 0.778491 | 0.600000 | 0.796667 | 0.730000 | 0.780000 |  -1.020090 |      312 |      239 |       73 |   7.617468 |      8 | 0.750010 | 6.330186
  67 | 19800.00 | 20100.00 | 0.027803 | 0.024476 |   7.617468 |      8 | 0.750010 | 0.600000 | 0.686667 | 0.750000 | 0.706667 |   0.885217 |      301 |      206 |       95 |   7.615059 |      8 | 0.774622 | 5.706966
  68 | 20100.00 | 20400.00 | 0.027687 | 0.024445 |   7.615059 |      8 | 0.774622 | 0.600000 | 0.763333 | 0.793333 | 0.726667 |   1.363613 |      310 |      229 |       81 |   7.610536 |      8 | 0.812377 | 4.750944
  69 | 20400.00 | 20700.00 | 0.027573 | 0.024414 |   7.610536 |      8 | 0.812377 | 0.600000 | 0.816667 | 0.836667 | 0.756667 |   1.638408 |      314 |      245 |       69 |   7.604562 |      8 | 0.857552 | 3.607027
  70 | 20700.00 | 21000.00 | 0.027459 | 0.024383 |   7.604562 |      8 | 0.857552 | 0.600000 | 0.840000 | 0.890000 | 0.800000 |   1.845524 |      314 |      252 |       62 |   7.597972 |      8 | 0.908228 | 2.323814
  71 | 21000.00 | 21300.00 | 0.027347 | 0.024353 |   7.597972 |      8 | 0.908228 | 0.600000 | 0.876667 | 0.946667 | 0.863333 |   1.710947 |      317 |      263 |       54 |   7.590406 |      8 | 0.955017 | 1.139048
  72 | 21300.00 | 21600.00 | 0.027235 | 0.024323 |   7.590406 |      8 | 0.955017 | 0.600000 | 0.933333 | 0.463333 | 0.876667 |  -8.496781 |      314 |      280 |       35 |   7.581328 |      8 | 0.723606 | 6.998779
  73 | 21600.00 | 21900.00 | 0.027125 | 0.024293 |   7.581328 |      8 | 0.723606 | 0.600000 | 0.766667 | 0.706667 | 0.653333 |   1.097702 |      309 |      230 |       78 |   7.576807 |      8 | 0.753381 | 6.244825
  74 | 21900.00 | 22200.00 | 0.027016 | 0.024264 |   7.576807 |      8 | 0.753381 | 0.600000 | 0.780000 | 0.763333 | 0.733333 |   0.618208 |      311 |      234 |       77 |   7.571944 |      8 | 0.770082 | 5.821919
  75 | 22200.00 | 22500.00 | 0.026908 | 0.024234 |   7.571944 |      8 | 0.770082 | 0.600000 | 0.763333 | 0.813333 | 0.723333 |   1.856859 |      308 |      229 |       79 |   7.567549 |      8 | 0.820045 | 4.556759
  76 | 22500.00 | 22800.00 | 0.026800 | 0.024206 |   7.567549 |      8 | 0.820045 | 0.600000 | 0.773333 | 0.820000 | 0.796667 |   0.481984 |      308 |      232 |       76 |   7.562904 |      8 | 0.832963 | 4.229669
  77 | 22800.00 | 23100.00 | 0.026694 | 0.024177 |   7.562904 |      8 | 0.832963 | 0.600000 | 0.876667 | 0.850000 | 0.830000 |   0.413619 |      321 |      263 |       58 |   7.555519 |      8 | 0.844004 | 3.950085
  78 | 23100.00 | 23400.00 | 0.026589 | 0.024148 |   7.555519 |      8 | 0.844004 | 0.600000 | 0.796667 | 0.793333 | 0.846667 |  -1.104283 |      311 |      239 |       72 |   7.550289 |      8 | 0.814642 | 4.693582
  79 | 23400.00 | 23700.00 | 0.026485 | 0.024120 |   7.550289 |      8 | 0.814642 | 0.600000 | 0.823333 | 0.770000 | 0.750000 |   0.414590 |      314 |      247 |       67 |   7.544374 |      8 | 0.825623 | 4.415538
  80 | 23700.00 | 24000.00 | 0.026382 | 0.024092 |   7.544374 |      8 | 0.825623 | 0.600000 | 0.860000 | 0.826667 | 0.826667 |   0.000000 |      318 |      258 |       60 |   7.537515 |      8 | 0.825623 | 4.415538
  81 | 24000.00 | 24300.00 | 0.026280 | 0.024065 |   7.537515 |      8 | 0.825623 | 0.600000 | 0.856667 | 0.820000 | 0.770000 |   1.038869 |      316 |      257 |       59 |   7.530770 |      8 | 0.852924 | 3.724218
  82 | 24300.00 | 24600.00 | 0.026179 | 0.024037 |   7.530770 |      8 | 0.852924 | 0.600000 | 0.870000 | 0.876667 | 0.730000 |   3.050827 |      318 |      261 |       57 |   7.523701 |      8 | 0.932791 | 1.701848
  83 | 24600.00 | 24900.00 | 0.026079 | 0.024010 |   7.523701 |      8 | 0.932791 | 0.600000 | 0.910000 | 0.863333 | 0.870000 |  -0.138831 |      318 |      273 |       45 |   7.515617 |      8 | 0.929170 | 1.793525
  84 | 24900.00 | 25200.00 | 0.025979 | 0.023983 |   7.515617 |      8 | 0.929170 | 0.600000 | 0.916667 | 0.923333 | 0.890000 |   0.694935 |      319 |      275 |       44 |   7.507390 |      8 | 0.947224 | 1.336369
  85 | 25200.00 | 25500.00 | 0.025881 | 0.023956 |   7.507390 |      8 | 0.947224 | 0.600000 | 0.893333 | 0.616667 | 0.920000 |  -6.330969 |      313 |      268 |       46 |   7.499799 |      8 | 0.783373 | 5.485366
  86 | 25500.00 | 25800.00 | 0.025783 | 0.023930 |   7.499799 |      8 | 0.783373 | 0.600000 | 0.786667 | 0.776667 | 0.773333 |   0.069648 |      311 |      236 |       74 |   7.494986 |      8 | 0.785169 | 5.439894
  87 | 25800.00 | 26100.00 | 0.025687 | 0.023904 |   7.494986 |      8 | 0.785169 | 0.600000 | 0.836667 | 0.830000 | 0.753333 |   1.603669 |      315 |      251 |       64 |   7.488906 |      8 | 0.826362 | 4.396812
  88 | 26100.00 | 26400.00 | 0.025591 | 0.023877 |   7.488906 |      8 | 0.826362 | 0.600000 | 0.813333 | 0.806667 | 0.786667 |   0.418805 |      313 |      244 |       69 |   7.483447 |      8 | 0.837080 | 4.125421
  89 | 26400.00 | 26700.00 | 0.025496 | 0.023852 |   7.483447 |      8 | 0.837080 | 0.600000 | 0.826667 | 0.780000 | 0.786667 |  -0.139753 |      313 |      248 |       65 |   7.477668 |      8 | 0.833517 | 4.215647
  90 | 26700.00 | 27000.00 | 0.025402 | 0.023826 |   7.477668 |      8 | 0.833517 | 0.600000 | 0.840000 | 0.836667 | 0.800000 |   0.769468 |      317 |      252 |       65 |   7.471571 |      8 | 0.853063 | 3.720703
  91 | 27000.00 | 27300.00 | 0.025309 | 0.023801 |   7.471571 |      8 | 0.853063 | 0.600000 | 0.860000 | 0.860000 | 0.806667 |   1.120422 |      317 |      258 |       59 |   7.464991 |      8 | 0.881420 | 3.002658
  92 | 27300.00 | 27600.00 | 0.025217 | 0.023775 |   7.464991 |      8 | 0.881420 | 0.600000 | 0.823333 | 0.873333 | 0.880000 |  -0.140201 |      313 |      247 |       66 |   7.459359 |      8 | 0.877884 | 3.092181
  93 | 27600.00 | 27900.00 | 0.025125 | 0.023750 |   7.459359 |      8 | 0.877884 | 0.600000 | 0.870000 | 0.813333 | 0.823333 |  -0.210523 |      318 |      261 |       57 |   7.452575 |      8 | 0.872595 | 3.226119
  94 | 27900.00 | 28200.00 | 0.025034 | 0.023726 |   7.452575 |      8 | 0.872595 | 0.600000 | 0.843333 | 0.850000 | 0.786667 |   1.334709 |      315 |      253 |       62 |   7.446484 |      8 | 0.906009 | 2.380025
  95 | 28200.00 | 28500.00 | 0.024945 | 0.023701 |   7.446484 |      8 | 0.906009 | 0.600000 | 0.880000 | 0.890000 | 0.870000 |   0.421925 |      318 |      264 |       54 |   7.439499 |      8 | 0.916533 | 2.113520
  96 | 28500.00 | 28800.00 | 0.024855 | 0.023676 |   7.439499 |      8 | 0.916533 | 0.600000 | 0.870000 | 0.850000 | 0.886667 |  -0.774327 |      317 |      261 |       56 |   7.432788 |      8 | 0.897287 | 2.600867
  97 | 28800.00 | 29100.00 | 0.024767 | 0.023652 |   7.432788 |      8 | 0.897287 | 0.600000 | 0.883333 | 0.870000 | 0.853333 |   0.352327 |      319 |      265 |       54 |   7.425771 |      8 | 0.906013 | 2.379908
  98 | 29100.00 | 29400.00 | 0.024679 | 0.023628 |   7.425771 |      8 | 0.906013 | 0.600000 | 0.850000 | 0.916667 | 0.830000 |   1.833966 |      316 |      255 |       61 |   7.419601 |      8 | 0.951274 | 1.233817
  99 | 29400.00 | 29700.00 | 0.024593 | 0.023604 |   7.419601 |      8 | 0.951274 | 0.600000 | 0.873333 | 0.526667 | 0.933333 |  -8.614231 |      309 |      262 |       47 |   7.412879 |      8 | 0.739429 | 6.598111
 100 | 29700.00 | 30000.00 | 0.024506 | 0.023581 |   7.412879 |      8 | 0.739429 | 0.600000 | 0.670000 | 0.696667 | 0.713333 |  -0.353397 |      300 |      201 |       99 |   7.411164 |      8 | 0.730768 | 6.817409
 101 | 30000.00 | 30300.00 | 0.024421 | 0.023557 |   7.411164 |      8 | 0.730768 | 0.600000 | 0.710000 | 0.813333 | 0.690000 |   2.617743 |      304 |      213 |       91 |   7.408477 |      8 | 0.794696 | 5.198647
 102 | 30300.00 | 30600.00 | 0.024336 | 0.023534 |   7.408477 |      8 | 0.794696 | 0.600000 | 0.823333 | 0.810000 | 0.683333 |   2.691156 |      314 |      247 |       67 |   7.403042 |      8 | 0.860189 | 3.540259
 103 | 30600.00 | 30900.00 | 0.024252 | 0.023511 |   7.403042 |      8 | 0.860189 | 0.600000 | 0.793333 | 0.793333 | 0.810000 |  -0.354448 |      312 |      238 |       74 |   7.398353 |      8 | 0.851593 | 3.757929
 104 | 30900.00 | 31200.00 | 0.024169 | 0.023488 |   7.398353 |      8 | 0.851593 | 0.600000 | 0.880000 | 0.813333 | 0.803333 |   0.212877 |      318 |      264 |       54 |   7.391586 |      8 | 0.856738 | 3.627648
 105 | 31200.00 | 31500.00 | 0.024086 | 0.023465 |   7.391586 |      8 | 0.856738 | 0.600000 | 0.840000 | 0.846667 | 0.806667 |   0.852334 |      316 |      252 |       64 |   7.385805 |      8 | 0.877267 | 3.107802
 106 | 31500.00 | 31800.00 | 0.024005 | 0.023442 |   7.385805 |      8 | 0.877267 | 0.600000 | 0.813333 | 0.853333 | 0.850000 |   0.071096 |      313 |      244 |       69 |   7.380684 |      8 | 0.878974 | 3.064587
 107 | 31800.00 | 32100.00 | 0.023923 | 0.023420 |   7.380684 |      8 | 0.878974 | 0.600000 | 0.870000 | 0.853333 | 0.886667 |  -0.711645 |      316 |      261 |       55 |   7.374225 |      8 | 0.861949 | 3.495687
 108 | 32100.00 | 32400.00 | 0.023843 | 0.023398 |   7.374225 |      8 | 0.861949 | 0.600000 | 0.863333 | 0.860000 | 0.776667 |   1.780809 |      317 |      259 |       58 |   7.367947 |      8 | 0.904408 | 2.420544
 109 | 32400.00 | 32700.00 | 0.023763 | 0.023375 |   7.367947 |      8 | 0.904408 | 0.600000 | 0.886667 | 0.946667 | 0.870000 |   1.639895 |      320 |      266 |       54 |   7.361135 |      8 | 0.943377 | 1.433794
 110 | 32700.00 | 33000.00 | 0.023684 | 0.023354 |   7.361135 |      8 | 0.943377 | 0.600000 | 0.883333 | 0.730000 | 0.843333 |  -2.426474 |      315 |      265 |       51 |   7.354424 |      8 | 0.885909 | 2.888970
 111 | 33000.00 | 33300.00 | 0.023605 | 0.023332 |   7.354424 |      8 | 0.885909 | 0.600000 | 0.930000 | 0.920000 | 0.866667 |   1.142938 |      324 |      279 |       44 |   7.346635 |      8 | 0.912888 | 2.205816
 112 | 33300.00 | 33600.00 | 0.023527 | 0.023310 |   7.346635 |      8 | 0.912888 | 0.600000 | 0.903333 | 0.890000 | 0.860000 |   0.643500 |      320 |      271 |       49 |   7.339498 |      8 | 0.928028 | 1.822457
 113 | 33600.00 | 33900.00 | 0.023450 | 0.023289 |   7.339498 |      8 | 0.928028 | 0.600000 | 0.873333 | 0.846667 | 0.863333 |  -0.357830 |      315 |      262 |       53 |   7.333089 |      8 | 0.919637 | 2.034930
 114 | 33900.00 | 34200.00 | 0.023373 | 0.023267 |   7.333089 |      8 | 0.919637 | 0.600000 | 0.846667 | 0.896667 | 0.913333 |  -0.358159 |      316 |      254 |       62 |   7.327323 |      8 | 0.911266 | 2.246902
 115 | 34200.00 | 34500.00 | 0.023297 | 0.023246 |   7.327323 |      8 | 0.911266 | 0.600000 | 0.910000 | 0.886667 | 0.896667 |  -0.215091 |      320 |      273 |       47 |   7.320101 |      8 | 0.906255 | 2.373787
 116 | 34500.00 | 34800.00 | 0.023221 | 0.023225 |   7.320101 |      8 | 0.906255 | 0.600000 | 0.920000 | 0.913333 | 0.890000 |   0.502334 |      321 |      276 |       45 |   7.312671 |      8 | 0.917920 | 2.078415
 117 | 34800.00 | 35100.00 | 0.023146 | 0.023204 |   7.312671 |      8 | 0.917920 | 0.600000 | 0.930000 | 0.940000 | 0.870000 |   1.508362 |      324 |      279 |       45 |   7.305032 |      8 | 0.952832 | 1.194365
 118 | 35100.00 | 35400.00 | 0.023072 | 0.023183 |   7.305032 |      8 | 0.952832 | 0.600000 | 0.916667 | 0.550000 | 0.856667 |  -6.613981 |      313 |      275 |       39 |   7.297726 |      8 | 0.800236 | 5.058360
 119 | 35400.00 | 35700.00 | 0.022998 | 0.023163 |   7.297726 |      8 | 0.800236 | 0.600000 | 0.773333 | 0.866667 | 0.793333 |   1.583013 |      309 |      232 |       76 |   7.293740 |      8 | 0.836642 | 4.136497
 120 | 35700.00 | 36000.00 | 0.022925 | 0.023142 |   7.293740 |      8 | 0.836642 | 0.600000 | 0.800000 | 0.860000 | 0.736667 |   2.664697 |      312 |      240 |       72 |   7.289155 |      8 | 0.897730 | 2.589658
 121 | 36000.00 | 36300.00 | 0.022852 | 0.023122 |   7.289155 |      8 | 0.897730 | 0.600000 | 0.893333 | 0.856667 | 0.813333 |   0.937069 |      319 |      268 |       51 |   7.282452 |      8 | 0.919144 | 2.047420
 122 | 36300.00 | 36600.00 | 0.022780 | 0.023102 |   7.282452 |      8 | 0.919144 | 0.600000 | 0.863333 | 0.896667 | 0.880000 |   0.360726 |      316 |      259 |       58 |   7.276453 |      8 | 0.927361 | 1.839342
 123 | 36600.00 | 36900.00 | 0.022708 | 0.023081 |   7.276453 |      8 | 0.927361 | 0.600000 | 0.896667 | 0.913333 | 0.876667 |   0.794289 |      320 |      269 |       50 |   7.269716 |      8 | 0.945398 | 1.382614
 124 | 36900.00 | 37200.00 | 0.022637 | 0.023062 |   7.269716 |      8 | 0.945398 | 0.600000 | 0.930000 | 0.663333 | 0.903333 |  -5.203477 |      319 |      279 |       40 |   7.262246 |      8 | 0.827605 | 4.365339
 125 | 37200.00 | 37500.00 | 0.022567 | 0.023042 |   7.262246 |      8 | 0.827605 | 0.600000 | 0.813333 | 0.796667 | 0.813333 |  -0.361663 |      313 |      244 |       69 |   7.257432 |      8 | 0.819443 | 4.572005
 126 | 37500.00 | 37800.00 | 0.022497 | 0.023022 |   7.257432 |      8 | 0.819443 | 0.600000 | 0.803333 | 0.800000 | 0.776667 |   0.506762 |      312 |      241 |       71 |   7.252857 |      8 | 0.830844 | 4.283322
 127 | 37800.00 | 38100.00 | 0.022428 | 0.023002 |   7.252857 |      8 | 0.830844 | 0.600000 | 0.856667 | 0.836667 | 0.783333 |   1.159297 |      318 |      257 |       61 |   7.247101 |      8 | 0.856844 | 3.624953
 128 | 38100.00 | 38400.00 | 0.022359 | 0.022983 |   7.247101 |      8 | 0.856844 | 0.600000 | 0.840000 | 0.813333 | 0.813333 |   0.000000 |      314 |      252 |       62 |   7.241735 |      8 | 0.856844 | 3.624953
 129 | 38400.00 | 38700.00 | 0.022290 | 0.022964 |   7.241735 |      8 | 0.856844 | 0.600000 | 0.890000 | 0.880000 | 0.853333 |   0.580626 |      320 |      267 |       53 |   7.235271 |      8 | 0.869786 | 3.297231
 130 | 38700.00 | 39000.00 | 0.022222 | 0.022945 |   7.235271 |      8 | 0.869786 | 0.600000 | 0.886667 | 0.836667 | 0.840000 |  -0.072639 |      320 |      266 |       54 |   7.228900 |      8 | 0.868172 | 3.338106
 131 | 39000.00 | 39300.00 | 0.022155 | 0.022925 |   7.228900 |      8 | 0.868172 | 0.600000 | 0.843333 | 0.896667 | 0.846667 |   1.090490 |      315 |      253 |       62 |   7.223509 |      8 | 0.892332 | 2.726338
 132 | 39300.00 | 39600.00 | 0.022088 | 0.022907 |   7.223509 |      8 | 0.892332 | 0.600000 | 0.863333 | 0.803333 | 0.860000 |  -1.236911 |      317 |      259 |       58 |   7.217693 |      8 | 0.865011 | 3.418153
 133 | 39600.00 | 39900.00 | 0.022022 | 0.022888 |   7.217693 |      8 | 0.865011 | 0.600000 | 0.826667 | 0.850000 | 0.780000 |   1.529205 |      313 |      248 |       65 |   7.212701 |      8 | 0.898687 | 2.565427
 134 | 39900.00 | 40200.00 | 0.021956 | 0.022869 |   7.212701 |      8 | 0.898687 | 0.600000 | 0.900000 | 0.816667 | 0.853333 |  -0.801667 |      322 |      270 |       52 |   7.206114 |      8 | 0.881085 | 3.011120
 135 | 40200.00 | 40500.00 | 0.021890 | 0.022850 |   7.206114 |      8 | 0.881085 | 0.600000 | 0.880000 | 0.866667 | 0.833333 |   0.729381 |      318 |      264 |       54 |   7.199985 |      8 | 0.897052 | 2.606823
 136 | 40500.00 | 40800.00 | 0.021825 | 0.022832 |   7.199985 |      8 | 0.897052 | 0.600000 | 0.896667 | 0.886667 | 0.893333 |  -0.145994 |      320 |      269 |       51 |   7.193510 |      8 | 0.893866 | 2.687508
 137 | 40800.00 | 41100.00 | 0.021761 | 0.022814 |   7.193510 |      8 | 0.893866 | 0.600000 | 0.896667 | 0.876667 | 0.896667 |  -0.438335 |      320 |      269 |       51 |   7.187054 |      8 | 0.884327 | 2.929040
 138 | 41100.00 | 41400.00 | 0.021697 | 0.022795 |   7.187054 |      8 | 0.884327 | 0.600000 | 0.866667 | 0.883333 | 0.873333 |   0.219343 |      315 |      260 |       55 |   7.181269 |      8 | 0.889086 | 2.808533
 139 | 41400.00 | 41700.00 | 0.021633 | 0.022777 |   7.181269 |      8 | 0.889086 | 0.600000 | 0.863333 | 0.943333 | 0.843333 |   2.195176 |      319 |      259 |       60 |   7.175572 |      8 | 0.936575 | 1.606036
 140 | 41700.00 | 42000.00 | 0.021570 | 0.022759 |   7.175572 |      8 | 0.936575 | 0.600000 | 0.873333 | 0.850000 | 0.850000 |   0.000000 |      314 |      262 |       52 |   7.169676 |      8 | 0.936575 | 1.606036
 141 | 42000.00 | 42300.00 | 0.021507 | 0.022741 |   7.169676 |      8 | 0.936575 | 0.600000 | 0.880000 | 0.850000 | 0.906667 |  -1.245899 |      317 |      264 |       53 |   7.163654 |      8 | 0.909779 | 2.284558
 142 | 42300.00 | 42600.00 | 0.021445 | 0.022723 |   7.163654 |      8 | 0.909779 | 0.600000 | 0.873333 | 0.846667 | 0.870000 |  -0.513419 |      317 |      262 |       55 |   7.157792 |      8 | 0.898768 | 2.563359
 143 | 42600.00 | 42900.00 | 0.021383 | 0.022706 |   7.157792 |      8 | 0.898768 | 0.600000 | 0.860000 | 0.926667 | 0.813333 |   2.495694 |      317 |      258 |       59 |   7.152233 |      8 | 0.952135 | 1.212034
 144 | 42900.00 | 43200.00 | 0.021322 | 0.022688 |   7.152233 |      8 | 0.952135 | 0.600000 | 0.876667 | 0.560000 | 0.923333 |  -8.007105 |      310 |      263 |       47 |   7.146334 |      8 | 0.781407 | 5.535139
 145 | 43200.00 | 43500.00 | 0.021261 | 0.022671 |   7.146334 |      8 | 0.781407 | 0.600000 | 0.803333 | 0.773333 | 0.746667 |   0.588131 |      312 |      241 |       71 |   7.142010 |      8 | 0.793912 | 5.218510
 146 | 43500.00 | 43800.00 | 0.021200 | 0.022653 |   7.142010 |      8 | 0.793912 | 0.600000 | 0.840000 | 0.793333 | 0.736667 |   1.250737 |      315 |      252 |       63 |   7.136922 |      8 | 0.820428 | 4.547074
 147 | 43800.00 | 44100.00 | 0.021140 | 0.022636 |   7.136922 |      8 | 0.820428 | 0.600000 | 0.833333 | 0.880000 | 0.733333 |   3.239674 |      315 |      250 |       65 |   7.131990 |      8 | 0.888916 | 2.812844
 148 | 44100.00 | 44400.00 | 0.021081 | 0.022619 |   7.131990 |      8 | 0.888916 | 0.600000 | 0.863333 | 0.880000 | 0.833333 |   1.031589 |      318 |      259 |       59 |   7.126438 |      8 | 0.910662 | 2.262184
 149 | 44400.00 | 44700.00 | 0.021021 | 0.022602 |   7.126438 |      8 | 0.910662 | 0.600000 | 0.926667 | 0.893333 | 0.843333 |   1.106109 |      321 |      278 |       43 |   7.119571 |      8 | 0.933914 | 1.673406
 150 | 44700.00 | 45000.00 | 0.020962 | 0.022585 |   7.119571 |      8 | 0.933914 | 0.600000 | 0.903333 | 0.846667 | 0.893333 |  -1.033145 |      319 |      271 |       48 |   7.113213 |      8 | 0.912257 | 2.221804
 151 | 45000.00 | 45300.00 | 0.020904 | 0.022568 |   7.113213 |      8 | 0.912257 | 0.600000 | 0.920000 | 0.890000 | 0.876667 |   0.295405 |      322 |      276 |       46 |   7.106524 |      8 | 0.918432 | 2.065439
 152 | 45300.00 | 45600.00 | 0.020846 | 0.022551 |   7.106524 |      8 | 0.918432 | 0.600000 | 0.883333 | 0.853333 | 0.850000 |   0.073906 |      317 |      265 |       52 |   7.100617 |      8 | 0.919973 | 2.026428
 153 | 45600.00 | 45900.00 | 0.020788 | 0.022534 |   7.100617 |      8 | 0.919973 | 0.600000 | 0.896667 | 0.893333 | 0.926667 |  -0.739611 |      321 |      269 |       52 |   7.094450 |      8 | 0.904598 | 2.415752
 154 | 45900.00 | 46200.00 | 0.020731 | 0.022518 |   7.094450 |      8 | 0.904598 | 0.600000 | 0.913333 | 0.910000 | 0.836667 |   1.628343 |      321 |      274 |       47 |   7.087954 |      8 | 0.938354 | 1.560970
 155 | 46200.00 | 46500.00 | 0.020674 | 0.022501 |   7.087954 |      8 | 0.938354 | 0.600000 | 0.906667 | 0.846667 | 0.886667 |  -0.888839 |      317 |      272 |       45 |   7.081614 |      8 | 0.919979 | 2.026276
 156 | 46500.00 | 46800.00 | 0.020617 | 0.022485 |   7.081614 |      8 | 0.919979 | 0.600000 | 0.886667 | 0.943333 | 0.863333 |   1.778976 |      318 |      266 |       52 |   7.075704 |      8 | 0.956656 | 1.097533
 157 | 46800.00 | 47100.00 | 0.020561 | 0.022469 |   7.075704 |      8 | 0.956656 | 0.600000 | 0.930000 | 0.453333 | 0.923333 | -10.459078 |      310 |      279 |       31 |   7.068919 |      8 | 0.741606 | 6.542979
 158 | 47100.00 | 47400.00 | 0.020505 | 0.022452 |   7.068919 |      8 | 0.741606 | 0.600000 | 0.733333 | 0.783333 | 0.723333 |   1.336167 |      306 |      220 |       86 |   7.066185 |      8 | 0.769005 | 5.849201
 159 | 47400.00 | 47700.00 | 0.020450 | 0.022436 |   7.066185 |      8 | 0.769005 | 0.600000 | 0.796667 | 0.770000 | 0.706667 |   1.411414 |      312 |      239 |       73 |   7.062163 |      8 | 0.797868 | 5.118335
 160 | 47700.00 | 48000.00 | 0.020395 | 0.022420 |   7.062163 |      8 | 0.797868 | 0.600000 | 0.823333 | 0.780000 | 0.743333 |   0.817719 |      313 |      247 |       66 |   7.057608 |      8 | 0.814545 | 4.696040
 161 | 48000.00 | 48300.00 | 0.020340 | 0.022404 |   7.057608 |      8 | 0.814545 | 0.600000 | 0.833333 | 0.833333 | 0.766667 |   1.487822 |      315 |      250 |       65 |   7.052862 |      8 | 0.844807 | 3.929745
 162 | 48300.00 | 48600.00 | 0.020286 | 0.022388 |   7.052862 |      8 | 0.844807 | 0.600000 | 0.763333 | 0.893333 | 0.783333 |   2.456649 |      308 |      229 |       79 |   7.049549 |      8 | 0.894642 | 2.667844
 163 | 48600.00 | 48900.00 | 0.020232 | 0.022372 |   7.049549 |      8 | 0.894642 | 0.600000 | 0.913333 | 0.930000 | 0.843333 |   1.936908 |      322 |      274 |       48 |   7.043210 |      8 | 0.933829 | 1.675566
 164 | 48900.00 | 49200.00 | 0.020178 | 0.022357 |   7.043210 |      8 | 0.933829 | 0.600000 | 0.936667 | 0.913333 | 0.860000 |   1.192781 |      321 |      281 |       41 |   7.036416 |      8 | 0.957897 | 1.066126
 165 | 49200.00 | 49500.00 | 0.020125 | 0.022341 |   7.036416 |      8 | 0.957897 | 0.600000 | 0.896667 | 0.413333 | 0.886667 | -10.593339 |      303 |      269 |       33 |   7.030446 |      8 | 0.744710 | 6.464388
 166 | 49500.00 | 49800.00 | 0.020072 | 0.022326 |   7.030446 |      8 | 0.744710 | 0.600000 | 0.726667 | 0.800000 | 0.736667 |   1.418406 |      305 |      218 |       87 |   7.027904 |      8 | 0.773179 | 5.743485
 167 | 49800.00 | 50100.00 | 0.020019 | 0.022310 |   7.027904 |      8 | 0.773179 | 0.600000 | 0.810000 | 0.796667 | 0.790000 |   0.149409 |      314 |      243 |       71 |   7.023700 |      8 | 0.776171 | 5.667747
 168 | 50100.00 | 50400.00 | 0.019967 | 0.022295 |   7.023700 |      8 | 0.776171 | 0.600000 | 0.793333 | 0.796667 | 0.746667 |   1.121343 |      310 |      238 |       72 |   7.019840 |      8 | 0.798560 | 5.100807
 169 | 50400.00 | 50700.00 | 0.019915 | 0.022279 |   7.019840 |      8 | 0.798560 | 0.600000 | 0.816667 | 0.773333 | 0.753333 |   0.448845 |      314 |      245 |       69 |   7.015525 |      8 | 0.807499 | 4.874466
 170 | 50700.00 | 51000.00 | 0.019863 | 0.022264 |   7.015525 |      8 | 0.807499 | 0.600000 | 0.833333 | 0.796667 | 0.760000 |   0.823445 |      315 |      250 |       65 |   7.010890 |      8 | 0.823855 | 4.460301
 171 | 51000.00 | 51300.00 | 0.019812 | 0.022249 |   7.010890 |      8 | 0.823855 | 0.600000 | 0.806667 | 0.800000 | 0.753333 |   1.048735 |      312 |      242 |       70 |   7.006796 |      8 | 0.844632 | 3.934187
 172 | 51300.00 | 51600.00 | 0.019761 | 0.022234 |   7.006796 |      8 | 0.844632 | 0.600000 | 0.840000 | 0.836667 | 0.773333 |   1.424247 |      315 |      252 |       63 |   7.002053 |      8 | 0.872776 | 3.221530
 173 | 51600.00 | 51900.00 | 0.019710 | 0.022219 |   7.002053 |      8 | 0.872776 | 0.600000 | 0.826667 | 0.873333 | 0.800000 |   1.650240 |      314 |      248 |       66 |   6.997585 |      7 | 0.905302 | 2.397911
 174 | 51900.00 | 52200.00 | 0.019660 | 0.022204 |   6.997585 |      7 | 0.905302 | 0.600000 | 0.750000 | 0.723333 | 0.786667 |  -1.426164 |      276 |      225 |       52 |   6.994636 |      7 | 0.877264 | 3.107877
 175 | 52200.00 | 52500.00 | 0.019610 | 0.022189 |   6.994636 |      7 | 0.877264 | 0.600000 | 0.730000 | 0.836667 | 0.700000 |   3.079569 |      275 |      219 |       56 |   6.992087 |      7 | 0.937653 | 1.578726
 176 | 52500.00 | 52800.00 | 0.019560 | 0.022174 |   6.992087 |      7 | 0.937653 | 0.600000 | 0.820000 | 0.773333 | 0.796667 |  -0.526130 |      281 |      246 |       35 |   6.987784 |      7 | 0.927362 | 1.839311
 177 | 52800.00 | 53100.00 | 0.019510 | 0.022160 |   6.987784 |      7 | 0.927362 | 0.600000 | 0.810000 | 0.796667 | 0.730000 |   1.504224 |      282 |      243 |       39 |   6.983687 |      7 | 0.956710 | 1.096172
 178 | 53100.00 | 53400.00 | 0.019461 | 0.022145 |   6.983687 |      7 | 0.956710 | 0.600000 | 0.840000 | 0.450000 | 0.786667 |  -7.601343 |      279 |      252 |       27 |   6.979016 |      7 | 0.808779 | 4.842038
 179 | 53400.00 | 53700.00 | 0.019412 | 0.022131 |   6.979016 |      7 | 0.808779 | 0.600000 | 0.710000 | 0.686667 | 0.700000 |  -0.301241 |      275 |      213 |       62 |   6.976881 |      7 | 0.802931 | 4.990114
 180 | 53700.00 | 54000.00 | 0.019364 | 0.022116 |   6.976881 |      7 | 0.802931 | 0.600000 | 0.740000 | 0.676667 | 0.713333 |  -0.828954 |      276 |      222 |       54 |   6.974170 |      7 | 0.786880 | 5.396569
 181 | 54000.00 | 54300.00 | 0.019315 | 0.022102 |   6.974170 |      7 | 0.786880 | 0.600000 | 0.656667 | 0.703333 | 0.693333 |   0.226226 |      270 |      197 |       73 |   6.973075 |      7 | 0.791249 | 5.285922
 182 | 54300.00 | 54600.00 | 0.019268 | 0.022088 |   6.973075 |      7 | 0.791249 | 0.600000 | 0.720000 | 0.686667 | 0.700000 |  -0.301830 |      274 |      216 |       58 |   6.970763 |      7 | 0.785434 | 5.433181
 183 | 54600.00 | 54900.00 | 0.019220 | 0.022073 |   6.970763 |      7 | 0.785434 | 0.600000 | 0.673333 | 0.690000 | 0.663333 |   0.604049 |      271 |      202 |       69 |   6.969354 |      7 | 0.797044 | 5.139203
 184 | 54900.00 | 55200.00 | 0.019172 | 0.022059 |   6.969354 |      7 | 0.797044 | 0.600000 | 0.603333 | 0.710000 | 0.616667 |   2.115530 |      263 |      181 |       82 |   6.969290 |      7 | 0.837604 | 4.112158
 185 | 55200.00 | 55500.00 | 0.019125 | 0.022045 |   6.969290 |      7 | 0.837604 | 0.600000 | 0.716667 | 0.686667 | 0.730000 |  -0.982839 |      276 |      215 |       61 |   6.967059 |      7 | 0.818806 | 4.588133
 186 | 55500.00 | 55800.00 | 0.019078 | 0.022031 |   6.967059 |      7 | 0.818806 | 0.600000 | 0.716667 | 0.653333 | 0.756667 |  -2.345186 |      274 |      215 |       59 |   6.964833 |      7 | 0.774064 | 5.721092
 187 | 55800.00 | 56100.00 | 0.019032 | 0.022017 |   6.964833 |      7 | 0.774064 | 0.600000 | 0.650000 | 0.696667 | 0.680000 |   0.378496 |      268 |      195 |       73 |   6.963881 |      7 | 0.781267 | 5.538687
 188 | 56100.00 | 56400.00 | 0.018986 | 0.022003 |   6.963881 |      7 | 0.781267 | 0.600000 | 0.713333 | 0.686667 | 0.650000 |   0.833217 |      274 |      214 |       60 |   6.961730 |      7 | 0.797087 | 5.138118
 189 | 56400.00 | 56700.00 | 0.018940 | 0.021989 |   6.961730 |      7 | 0.797087 | 0.600000 | 0.676667 | 0.716667 | 0.660000 |   1.288509 |      272 |      203 |       69 |   6.960277 |      7 | 0.821490 | 4.520170
 190 | 56700.00 | 57000.00 | 0.018894 | 0.021975 |   6.960277 |      7 | 0.821490 | 0.600000 | 0.683333 | 0.746667 | 0.773333 |  -0.606737 |      271 |      205 |       66 |   6.958703 |      7 | 0.810027 | 4.810449
 191 | 57000.00 | 57300.00 | 0.018848 | 0.021962 |   6.958703 |      7 | 0.810027 | 0.600000 | 0.746667 | 0.730000 | 0.680000 |   1.138341 |      276 |      224 |       52 |   6.955939 |      7 | 0.831483 | 4.267148
 192 | 57300.00 | 57600.00 | 0.018803 | 0.021948 |   6.955939 |      7 | 0.831483 | 0.600000 | 0.710000 | 0.686667 | 0.706667 |  -0.455619 |      274 |      213 |       61 |   6.953870 |      7 | 0.822916 | 4.484082
 193 | 57600.00 | 57900.00 | 0.018758 | 0.021935 |   6.953870 |      7 | 0.822916 | 0.600000 | 0.690000 | 0.716667 | 0.666667 |   1.139754 |      272 |      207 |       65 |   6.952182 |      7 | 0.844295 | 3.942708
 194 | 57900.00 | 58200.00 | 0.018714 | 0.021921 |   6.952182 |      7 | 0.844295 | 0.600000 | 0.776667 | 0.736667 | 0.656667 |   1.824729 |      280 |      233 |       47 |   6.948876 |      7 | 0.878443 | 3.078042
 195 | 58200.00 | 58500.00 | 0.018669 | 0.021908 |   6.948876 |      7 | 0.878443 | 0.600000 | 0.776667 | 0.820000 | 0.736667 |   1.901926 |      280 |      233 |       47 |   6.945578 |      7 | 0.913950 | 2.178935
 196 | 58500.00 | 58800.00 | 0.018625 | 0.021894 |   6.945578 |      7 | 0.913950 | 0.600000 | 0.806667 | 0.773333 | 0.720000 |   1.217977 |      282 |      242 |       40 |   6.941729 |      7 | 0.936635 | 1.604517
 197 | 58800.00 | 59100.00 | 0.018581 | 0.021881 |   6.941729 |      7 | 0.936635 | 0.600000 | 0.820000 | 0.813333 | 0.753333 |   1.371058 |      282 |      246 |       36 |   6.937641 |      7 | 0.962110 | 0.959428
 198 | 59100.00 | 59400.00 | 0.018537 | 0.021868 |   6.937641 |      7 | 0.962110 | 0.600000 | 0.790000 | 0.343333 | 0.760000 |  -9.527008 |      267 |      237 |       31 |   6.934119 |      7 | 0.785505 | 5.431392
 199 | 59400.00 | 59700.00 | 0.018494 | 0.021854 |   6.934119 |      7 | 0.785505 | 0.600000 | 0.666667 | 0.720000 | 0.630000 |   2.059076 |      269 |      200 |       68 |   6.932886 |      7 | 0.823585 | 4.467129
 200 | 59700.00 | 60000.00 | 0.018451 | 0.021841 |   6.932886 |      7 | 0.823585 | 0.600000 | 0.700000 | 0.733333 | 0.686667 |   1.068311 |      275 |      210 |       65 |   6.931041 |      7 | 0.843296 | 3.968008
 201 | 60000.00 | 60300.00 | 0.018408 | 0.021828 |   6.931041 |      7 | 0.843296 | 0.600000 | 0.666667 | 0.746667 | 0.703333 |   0.992597 |      269 |      200 |       69 |   6.929813 |      7 | 0.861568 | 3.505339
 202 | 60300.00 | 60600.00 | 0.018365 | 0.021815 |   6.929813 |      7 | 0.861568 | 0.600000 | 0.730000 | 0.763333 | 0.713333 |   1.145988 |      275 |      219 |       56 |   6.927426 |      7 | 0.882614 | 2.972411
 203 | 60600.00 | 60900.00 | 0.018323 | 0.021802 |   6.927426 |      7 | 0.882614 | 0.600000 | 0.800000 | 0.743333 | 0.716667 |   0.611557 |      283 |      240 |       43 |   6.923761 |      7 | 0.893820 | 2.688672
 204 | 60900.00 | 61200.00 | 0.018281 | 0.021789 |   6.923761 |      7 | 0.893820 | 0.600000 | 0.813333 | 0.760000 | 0.736667 |   0.535429 |      282 |      244 |       38 |   6.919862 |      7 | 0.903607 | 2.440825
 205 | 61200.00 | 61500.00 | 0.018239 | 0.021777 |   6.919862 |      7 | 0.903607 | 0.600000 | 0.773333 | 0.793333 | 0.746667 |   1.071489 |      279 |      232 |       47 |   6.916700 |      7 | 0.923150 | 1.945978
 206 | 61500.00 | 61800.00 | 0.018197 | 0.021764 |   6.916700 |      7 | 0.923150 | 0.600000 | 0.790000 | 0.816667 | 0.780000 |   0.842379 |      279 |      237 |       42 |   6.913243 |      7 | 0.938478 | 1.557831
 207 | 61800.00 | 62100.00 | 0.018155 | 0.021751 |   6.913243 |      7 | 0.938478 | 0.600000 | 0.850000 | 0.746667 | 0.790000 |  -0.996121 |      286 |      255 |       31 |   6.908704 |      7 | 0.920394 | 2.015771
 208 | 62100.00 | 62400.00 | 0.018114 | 0.021738 |   6.908704 |      7 | 0.920394 | 0.600000 | 0.743333 | 0.730000 | 0.746667 |  -0.383347 |      276 |      223 |       53 |   6.906108 |      7 | 0.913450 | 2.191603
 209 | 62400.00 | 62700.00 | 0.018073 | 0.021726 |   6.906108 |      7 | 0.913450 | 0.600000 | 0.823333 | 0.813333 | 0.760000 |   1.227421 |      283 |      247 |       36 |   6.902071 |      7 | 0.935633 | 1.629889
 210 | 62700.00 | 63000.00 | 0.018032 | 0.021713 |   6.902071 |      7 | 0.935633 | 0.600000 | 0.810000 | 0.756667 | 0.750000 |   0.153516 |      281 |      243 |       38 |   6.898285 |      7 | 0.938401 | 1.559792
 211 | 63000.00 | 63300.00 | 0.017992 | 0.021701 |   6.898285 |      7 | 0.938401 | 0.600000 | 0.800000 | 0.776667 | 0.820000 |  -0.998431 |      280 |      240 |       40 |   6.894686 |      7 | 0.920438 | 2.014654
 212 | 63300.00 | 63600.00 | 0.017951 | 0.021688 |   6.894686 |      7 | 0.920438 | 0.600000 | 0.796667 | 0.753333 | 0.776667 |  -0.537925 |      280 |      239 |       41 |   6.891156 |      7 | 0.910781 | 2.259170
 213 | 63600.00 | 63900.00 | 0.017911 | 0.021676 |   6.891156 |      7 | 0.910781 | 0.600000 | 0.793333 | 0.780000 | 0.790000 |  -0.230671 |      281 |      238 |       43 |   6.887693 |      7 | 0.906650 | 2.363787
 214 | 63900.00 | 64200.00 | 0.017871 | 0.021664 |   6.887693 |      7 | 0.906650 | 0.600000 | 0.803333 | 0.790000 | 0.740000 |   1.154013 |      282 |      241 |       41 |   6.884059 |      7 | 0.927273 | 1.841568
 215 | 64200.00 | 64500.00 | 0.017831 | 0.021651 |   6.884059 |      7 | 0.927273 | 0.600000 | 0.846667 | 0.740000 | 0.790000 |  -1.154667 |      285 |      254 |       31 |   6.879661 |      7 | 0.906684 | 2.362922
 216 | 64500.00 | 64800.00 | 0.017792 | 0.021639 |   6.879661 |      7 | 0.906684 | 0.600000 | 0.810000 | 0.780000 | 0.760000 |   0.462128 |      282 |      243 |       39 |   6.875925 |      7 | 0.914906 | 2.154725
 217 | 64800.00 | 65100.00 | 0.017752 | 0.021627 |   6.875925 |      7 | 0.914906 | 0.600000 | 0.780000 | 0.816667 | 0.763333 |   1.233035 |      280 |      234 |       46 |   6.872729 |      7 | 0.936795 | 1.600448
 218 | 65100.00 | 65400.00 | 0.017713 | 0.021615 |   6.872729 |      7 | 0.936795 | 0.600000 | 0.826667 | 0.763333 | 0.723333 |   0.925295 |      283 |      248 |       35 |   6.868714 |      7 | 0.953186 | 1.185422
 219 | 65400.00 | 65700.00 | 0.017674 | 0.021603 |   6.868714 |      7 | 0.953186 | 0.600000 | 0.790000 | 0.546667 | 0.756667 |  -4.860513 |      275 |      237 |       38 |   6.865356 |      7 | 0.867279 | 3.360736
 220 | 65700.00 | 66000.00 | 0.017636 | 0.021591 |   6.865356 |      7 | 0.867279 | 0.600000 | 0.716667 | 0.773333 | 0.740000 |   0.771940 |      273 |      215 |       58 |   6.863299 |      7 | 0.880892 | 3.016012
 221 | 66000.00 | 66300.00 | 0.017597 | 0.021579 |   6.863299 |      7 | 0.880892 | 0.600000 | 0.780000 | 0.776667 | 0.716667 |   1.390262 |      282 |      234 |       48 |   6.860131 |      7 | 0.905357 | 2.396519
 222 | 66300.00 | 66600.00 | 0.017559 | 0.021567 |   6.860131 |      7 | 0.905357 | 0.600000 | 0.763333 | 0.773333 | 0.736667 |   0.850074 |      277 |      229 |       48 |   6.857263 |      7 | 0.920284 | 2.018555
 223 | 66600.00 | 66900.00 | 0.017521 | 0.021555 |   6.857263 |      7 | 0.920284 | 0.600000 | 0.820000 | 0.800000 | 0.760000 |   0.927864 |      284 |      246 |       38 |   6.853408 |      7 | 0.936541 | 1.606897
 224 | 66900.00 | 67200.00 | 0.017483 | 0.021543 |   6.853408 |      7 | 0.936541 | 0.600000 | 0.796667 | 0.740000 | 0.790000 |  -1.160466 |      279 |      239 |       40 |   6.849970 |      7 | 0.916252 | 2.120638
 225 | 67200.00 | 67500.00 | 0.017445 | 0.021531 |   6.849970 |      7 | 0.916252 | 0.600000 | 0.823333 | 0.810000 | 0.753333 |   1.315914 |      283 |      247 |       36 |   6.846074 |      7 | 0.939209 | 1.539336
 226 | 67500.00 | 67800.00 | 0.017408 | 0.021520 |   6.846074 |      7 | 0.939209 | 0.600000 | 0.800000 | 0.800000 | 0.790000 |   0.232347 |      281 |      240 |       41 |   6.842592 |      7 | 0.943254 | 1.436917
 227 | 67800.00 | 68100.00 | 0.017371 | 0.021508 |   6.842592 |      7 | 0.943254 | 0.600000 | 0.846667 | 0.726667 | 0.806667 |  -1.859782 |      284 |      254 |       30 |   6.838308 |      7 | 0.910948 | 2.254952
 228 | 68100.00 | 68400.00 | 0.017334 | 0.021496 |   6.838308 |      7 | 0.910948 | 0.600000 | 0.793333 | 0.800000 | 0.773333 |   0.620262 |      280 |      238 |       42 |   6.834956 |      7 | 0.921699 | 1.982709
 229 | 68400.00 | 68700.00 | 0.017297 | 0.021485 |   6.834956 |      7 | 0.921699 | 0.600000 | 0.776667 | 0.750000 | 0.793333 |  -1.008469 |      279 |      233 |       46 |   6.831901 |      7 | 0.904256 | 2.424400
 230 | 68700.00 | 69000.00 | 0.017260 | 0.021473 |   6.831901 |      7 | 0.904256 | 0.600000 | 0.803333 | 0.776667 | 0.733333 |   1.009011 |      282 |      241 |       42 |   6.828391 |      7 | 0.921672 | 1.983410
 231 | 69000.00 | 69300.00 | 0.017223 | 0.021462 |   6.828391 |      7 | 0.921672 | 0.600000 | 0.743333 | 0.800000 | 0.780000 |   0.465946 |      276 |      223 |       52 |   6.825922 |      7 | 0.929697 | 1.780198
 232 | 69300.00 | 69600.00 | 0.017187 | 0.021450 |   6.825922 |      7 | 0.929697 | 0.600000 | 0.850000 | 0.763333 | 0.743333 |   0.466195 |      285 |      255 |       30 |   6.821626 |      7 | 0.937709 | 1.577306
 233 | 69600.00 | 69900.00 | 0.017151 | 0.021439 |   6.821626 |      7 | 0.937709 | 0.600000 | 0.826667 | 0.760000 | 0.783333 |  -0.544183 |      283 |      248 |       35 |   6.817738 |      7 | 0.928376 | 1.813640
 234 | 69900.00 | 70200.00 | 0.017115 | 0.021428 |   6.817738 |      7 | 0.928376 | 0.600000 | 0.786667 | 0.770000 | 0.756667 |   0.311126 |      278 |      236 |       42 |   6.814543 |      7 | 0.933701 | 1.678804
 235 | 70200.00 | 70500.00 | 0.017079 | 0.021416 |   6.814543 |      7 | 0.933701 | 0.600000 | 0.756667 | 0.766667 | 0.790000 |  -0.544758 |      278 |      227 |       51 |   6.811868 |      7 | 0.924397 | 1.914399
 236 | 70500.00 | 70800.00 | 0.017044 | 0.021405 |   6.811868 |      7 | 0.924397 | 0.600000 | 0.826667 | 0.760000 | 0.810000 |  -1.167952 |      283 |      248 |       35 |   6.808004 |      7 | 0.904491 | 2.418457
 237 | 70800.00 | 71100.00 | 0.017008 | 0.021394 |   6.808004 |      7 | 0.904491 | 0.600000 | 0.746667 | 0.740000 | 0.763333 |  -0.545330 |      276 |      224 |       52 |   6.805510 |      7 | 0.895216 | 2.653318
 238 | 71100.00 | 71400.00 | 0.016973 | 0.021383 |   6.805510 |      7 | 0.895216 | 0.600000 | 0.740000 | 0.776667 | 0.736667 |   0.935339 |      277 |      222 |       55 |   6.803134 |      7 | 0.911091 | 2.251323
 239 | 71400.00 | 71700.00 | 0.016938 | 0.021372 |   6.803134 |      7 | 0.911091 | 0.600000 | 0.820000 | 0.760000 | 0.760000 |   0.000000 |      284 |      246 |       38 |   6.799407 |      7 | 0.911091 | 2.251323
 240 | 71700.00 | 72000.00 | 0.016903 | 0.021360 |   6.799407 |      7 | 0.911091 | 0.600000 | 0.753333 | 0.783333 | 0.766667 |   0.390129 |      275 |      226 |       49 |   6.796815 |      7 | 0.917686 | 2.084343
 241 | 72000.00 | 72300.00 | 0.016868 | 0.021349 |   6.796815 |      7 | 0.917686 | 0.600000 | 0.736667 | 0.793333 | 0.743333 |   1.170992 |      276 |      221 |       55 |   6.794510 |      7 | 0.937438 | 1.584171
 242 | 72300.00 | 72600.00 | 0.016834 | 0.021338 |   6.794510 |      7 | 0.937438 | 0.600000 | 0.770000 | 0.773333 | 0.753333 |   0.468638 |      276 |      231 |       45 |   6.791648 |      7 | 0.945327 | 1.384409
 243 | 72600.00 | 72900.00 | 0.016799 | 0.021327 |   6.791648 |      7 | 0.945327 | 0.600000 | 0.813333 | 0.703333 | 0.770000 |  -1.562928 |      281 |      244 |       37 |   6.788064 |      7 | 0.919071 | 2.049263
 244 | 72900.00 | 73200.00 | 0.016765 | 0.021317 |   6.788064 |      7 | 0.919071 | 0.600000 | 0.810000 | 0.803333 | 0.776667 |   0.625491 |      282 |      243 |       39 |   6.784544 |      7 | 0.929557 | 1.783727
 245 | 73200.00 | 73500.00 | 0.016731 | 0.021306 |   6.784544 |      7 | 0.929557 | 0.600000 | 0.766667 | 0.820000 | 0.780000 |   0.938714 |      277 |      230 |       47 |   6.781755 |      7 | 0.945263 | 1.386029
 246 | 73500.00 | 73800.00 | 0.016697 | 0.021295 |   6.781755 |      7 | 0.945263 | 0.600000 | 0.796667 | 0.703333 | 0.743333 |  -0.939191 |      279 |      239 |       40 |   6.778471 |      7 | 0.929581 | 1.783124
 247 | 73800.00 | 74100.00 | 0.016664 | 0.021284 |   6.778471 |      7 | 0.929581 | 0.600000 | 0.810000 | 0.746667 | 0.783333 |  -0.861360 |      282 |      243 |       39 |   6.774972 |      7 | 0.915228 | 2.146576
 248 | 74100.00 | 74400.00 | 0.016630 | 0.021273 |   6.774972 |      7 | 0.915228 | 0.600000 | 0.763333 | 0.783333 | 0.743333 |   0.940140 |      277 |      229 |       48 |   6.772256 |      7 | 0.930862 | 1.750681
 249 | 74400.00 | 74700.00 | 0.016597 | 0.021263 |   6.772256 |      7 | 0.930862 | 0.600000 | 0.806667 | 0.793333 | 0.830000 |  -0.862228 |      281 |      242 |       40 |   6.768826 |      7 | 0.916552 | 2.113039
 250 | 74700.00 | 75000.00 | 0.016564 | 0.021252 |   6.768826 |      7 | 0.916552 | 0.600000 | 0.763333 | 0.816667 | 0.703333 |   2.666403 |      278 |      229 |       48 |   6.766120 |      7 | 0.960717 | 0.994705
 251 | 75000.00 | 75300.00 | 0.016530 | 0.021241 |   6.766120 |      7 | 0.960717 | 0.600000 | 0.766667 | 0.380000 | 0.776667 |  -9.337071 |      270 |      230 |       41 |   6.763365 |      7 | 0.806371 | 4.903014
 252 | 75300.00 | 75600.00 | 0.016498 | 0.021231 |   6.763365 |      7 | 0.806371 | 0.600000 | 0.763333 | 0.723333 | 0.676667 |   1.099026 |      279 |      229 |       49 |   6.760671 |      7 | 0.824502 | 4.443899
 253 | 75600.00 | 75900.00 | 0.016465 | 0.021220 |   6.760671 |      7 | 0.824502 | 0.600000 | 0.716667 | 0.743333 | 0.683333 |   1.413734 |      275 |      215 |       60 |   6.758750 |      7 | 0.847779 | 3.854488
 254 | 75900.00 | 76200.00 | 0.016432 | 0.021210 |   6.758750 |      7 | 0.847779 | 0.600000 | 0.676667 | 0.763333 | 0.756667 |   0.157159 |      270 |      203 |       67 |   6.757490 |      7 | 0.850362 | 3.789095
 255 | 76200.00 | 76500.00 | 0.016400 | 0.021199 |   6.757490 |      7 | 0.850362 | 0.600000 | 0.733333 | 0.783333 | 0.696667 |   2.044076 |      276 |      220 |       56 |   6.755303 |      7 | 0.883884 | 2.940246
 256 | 76500.00 | 76800.00 | 0.016368 | 0.021189 |   6.755303 |      7 | 0.883884 | 0.600000 | 0.790000 | 0.770000 | 0.750000 |   0.471942 |      280 |      237 |       43 |   6.752194 |      7 | 0.891609 | 2.744647
 257 | 76800.00 | 77100.00 | 0.016335 | 0.021179 |   6.752194 |      7 | 0.891609 | 0.600000 | 0.756667 | 0.753333 | 0.716667 |   0.865650 |      279 |      227 |       52 |   6.749634 |      7 | 0.905750 | 2.386577
 258 | 77100.00 | 77400.00 | 0.016304 | 0.021168 |   6.749634 |      7 | 0.905750 | 0.600000 | 0.786667 | 0.786667 | 0.766667 |   0.472403 |      279 |      236 |       43 |   6.746591 |      7 | 0.913452 | 2.191554
 259 | 77400.00 | 77700.00 | 0.016272 | 0.021158 |   6.746591 |      7 | 0.913452 | 0.600000 | 0.810000 | 0.770000 | 0.736667 |   0.787721 |      282 |      243 |       39 |   6.743174 |      7 | 0.926269 | 1.866990
 260 | 77700.00 | 78000.00 | 0.016240 | 0.021148 |   6.743174 |      7 | 0.926269 | 0.600000 | 0.776667 | 0.780000 | 0.803333 |  -0.551672 |      279 |      233 |       46 |   6.740305 |      7 | 0.917310 | 2.093852
 261 | 78000.00 | 78300.00 | 0.016209 | 0.021138 |   6.740305 |      7 | 0.917310 | 0.600000 | 0.813333 | 0.793333 | 0.726667 |   1.576968 |      282 |      244 |       38 |   6.736847 |      7 | 0.942870 | 1.446619
 262 | 78300.00 | 78600.00 | 0.016177 | 0.021127 |   6.736847 |      7 | 0.942870 | 0.600000 | 0.783333 | 0.733333 | 0.780000 |  -1.104409 |      278 |      235 |       43 |   6.733881 |      7 | 0.925004 | 1.899024
 263 | 78600.00 | 78900.00 | 0.016146 | 0.021117 |   6.733881 |      7 | 0.925004 | 0.600000 | 0.780000 | 0.836667 | 0.790000 |   1.104939 |      278 |      234 |       44 |   6.730975 |      7 | 0.942845 | 1.447275
 264 | 78900.00 | 79200.00 | 0.016115 | 0.021107 |   6.730975 |      7 | 0.942845 | 0.600000 | 0.806667 | 0.790000 | 0.763333 |   0.631696 |      279 |      242 |       37 |   6.727645 |      7 | 0.953024 | 1.189506
 265 | 79200.00 | 79500.00 | 0.016084 | 0.021097 |   6.727645 |      7 | 0.953024 | 0.600000 | 0.793333 | 0.566667 | 0.760000 |  -4.581981 |      277 |      238 |       39 |   6.724535 |      7 | 0.879328 | 3.055635
 266 | 79500.00 | 79800.00 | 0.016053 | 0.021087 |   6.724535 |      7 | 0.879328 | 0.600000 | 0.773333 | 0.766667 | 0.766667 |   0.000000 |      279 |      232 |       48 |   6.721752 |      7 | 0.879328 | 3.055635
 267 | 79800.00 | 80100.00 | 0.016023 | 0.021077 |   6.721752 |      7 | 0.879328 | 0.600000 | 0.736667 | 0.763333 | 0.683333 |   1.897793 |      275 |      221 |       53 |   6.719563 |      7 | 0.909735 | 2.285661
 268 | 80100.00 | 80400.00 | 0.015992 | 0.021067 |   6.719563 |      7 | 0.909735 | 0.600000 | 0.786667 | 0.783333 | 0.796667 |  -0.316448 |      281 |      236 |       45 |   6.716577 |      7 | 0.904674 | 2.413806
 269 | 80400.00 | 80700.00 | 0.015962 | 0.021057 |   6.716577 |      7 | 0.904674 | 0.600000 | 0.733333 | 0.743333 | 0.760000 |  -0.395747 |      276 |      220 |       56 |   6.714449 |      7 | 0.898358 | 2.573759
 270 | 80700.00 | 81000.00 | 0.015932 | 0.021047 |   6.714449 |      7 | 0.898358 | 0.600000 | 0.786667 | 0.783333 | 0.776667 |   0.158373 |      280 |      236 |       44 |   6.711475 |      7 | 0.900881 | 2.509869
 271 | 81000.00 | 81300.00 | 0.015902 | 0.021038 |   6.711475 |      7 | 0.900881 | 0.600000 | 0.770000 | 0.746667 | 0.776667 |  -0.713012 |      279 |      231 |       48 |   6.708772 |      7 | 0.889543 | 2.796966
 272 | 81300.00 | 81600.00 | 0.015872 | 0.021028 |   6.708772 |      7 | 0.889543 | 0.600000 | 0.776667 | 0.780000 | 0.793333 |  -0.317042 |      279 |      233 |       46 |   6.705968 |      7 | 0.884511 | 2.924384
 273 | 81600.00 | 81900.00 | 0.015842 | 0.021018 |   6.705968 |      7 | 0.884511 | 0.600000 | 0.736667 | 0.716667 | 0.696667 |   0.475785 |      277 |      221 |       56 |   6.703803 |      7 | 0.892048 | 2.733527
 274 | 81900.00 | 82200.00 | 0.015812 | 0.021008 |   6.703803 |      7 | 0.892048 | 0.600000 | 0.746667 | 0.776667 | 0.803333 |  -0.634674 |      276 |      224 |       52 |   6.701484 |      7 | 0.882013 | 2.987644
 275 | 82200.00 | 82500.00 | 0.015783 | 0.020998 |   6.701484 |      7 | 0.882013 | 0.600000 | 0.716667 | 0.710000 | 0.780000 |  -1.666789 |      274 |      215 |       59 |   6.699643 |      7 | 0.855706 | 3.653763
 276 | 82500.00 | 82800.00 | 0.015753 | 0.020989 |   6.699643 |      7 | 0.855706 | 0.600000 | 0.720000 | 0.706667 | 0.716667 |  -0.238222 |      275 |      216 |       59 |   6.697752 |      7 | 0.851954 | 3.748789
 277 | 82800.00 | 83100.00 | 0.015724 | 0.020979 |   6.697752 |      7 | 0.851954 | 0.600000 | 0.763333 | 0.776667 | 0.766667 |   0.238332 |      278 |      229 |       49 |   6.695184 |      7 | 0.855701 | 3.653896
 278 | 83100.00 | 83400.00 | 0.015695 | 0.020970 |   6.695184 |      7 | 0.855701 | 0.600000 | 0.816667 | 0.763333 | 0.733333 |   0.715323 |      285 |      245 |       40 |   6.691783 |      7 | 0.866928 | 3.369613
 279 | 83400.00 | 83700.00 | 0.015666 | 0.020960 |   6.691783 |      7 | 0.866928 | 0.600000 | 0.750000 | 0.786667 | 0.756667 |   0.715650 |      276 |      225 |       51 |   6.689434 |      7 | 0.878139 | 3.085725
 280 | 83700.00 | 84000.00 | 0.015637 | 0.020950 |   6.689434 |      7 | 0.878139 | 0.600000 | 0.803333 | 0.730000 | 0.703333 |   0.636423 |      283 |      241 |       42 |   6.686254 |      7 | 0.888091 | 2.833731
 281 | 84000.00 | 84300.00 | 0.015608 | 0.020941 |   6.686254 |      7 | 0.888091 | 0.600000 | 0.733333 | 0.820000 | 0.743333 |   1.830547 |      275 |      220 |       55 |   6.684173 |      7 | 0.916662 | 2.110251
 282 | 84300.00 | 84600.00 | 0.015580 | 0.020931 |   6.684173 |      7 | 0.916662 | 0.600000 | 0.810000 | 0.740000 | 0.776667 |  -0.875875 |      283 |      243 |       40 |   6.680901 |      7 | 0.903017 | 2.455785
 283 | 84600.00 | 84900.00 | 0.015551 | 0.020922 |   6.680901 |      7 | 0.903017 | 0.600000 | 0.773333 | 0.763333 | 0.740000 |   0.557627 |      278 |      232 |       46 |   6.678206 |      7 | 0.911688 | 2.236203
 284 | 84900.00 | 85200.00 | 0.015523 | 0.020913 |   6.678206 |      7 | 0.911688 | 0.600000 | 0.766667 | 0.743333 | 0.743333 |   0.000000 |      278 |      230 |       48 |   6.675619 |      7 | 0.911688 | 2.236203
 285 | 85200.00 | 85500.00 | 0.015494 | 0.020903 |   6.675619 |      7 | 0.911688 | 0.600000 | 0.776667 | 0.793333 | 0.753333 |   0.956790 |      279 |      233 |       46 |   6.672881 |      7 | 0.926513 | 1.860809
 286 | 85500.00 | 85800.00 | 0.015466 | 0.020894 |   6.672881 |      7 | 0.926513 | 0.600000 | 0.843333 | 0.790000 | 0.713333 |   1.834668 |      286 |      253 |       34 |   6.669118 |      7 | 0.954889 | 1.142288
 287 | 85800.00 | 86100.00 | 0.015438 | 0.020885 |   6.669118 |      7 | 0.954889 | 0.600000 | 0.830000 | 0.530000 | 0.803333 |  -6.543906 |      279 |      249 |       29 |   6.665567 |      7 | 0.853862 | 3.700476
 288 | 86100.00 | 86400.00 | 0.015411 | 0.020875 |   6.665567 |      7 | 0.853862 | 0.600000 | 0.733333 | 0.780000 | 0.723333 |   1.357267 |      274 |      220 |       54 |   6.663512 |      7 | 0.874778 | 3.170842
 289 | 86400.00 | 86700.00 | 0.015383 | 0.020866 |   6.663512 |      7 | 0.874778 | 0.600000 | 0.720000 | 0.803333 | 0.733333 |   1.677367 |      276 |      216 |       60 |   6.661666 |      7 | 0.900580 | 2.517476
 290 | 86700.00 | 87000.00 | 0.015355 | 0.020857 |   6.661666 |      7 | 0.900580 | 0.600000 | 0.760000 | 0.733333 | 0.770000 |  -0.879009 |      278 |      228 |       50 |   6.659209 |      7 | 0.887083 | 2.859252
 291 | 87000.00 | 87300.00 | 0.015328 | 0.020848 |   6.659209 |      7 | 0.887083 | 0.600000 | 0.793333 | 0.796667 | 0.716667 |   1.918683 |      281 |      238 |       43 |   6.656246 |      7 | 0.916492 | 2.114567
 292 | 87300.00 | 87600.00 | 0.015300 | 0.020838 |   6.656246 |      7 | 0.916492 | 0.600000 | 0.763333 | 0.790000 | 0.750000 |   0.959763 |      277 |      229 |       48 |   6.653747 |      7 | 0.931177 | 1.742726
 293 | 87600.00 | 87900.00 | 0.015273 | 0.020829 |   6.653747 |      7 | 0.931177 | 0.600000 | 0.816667 | 0.773333 | 0.790000 |  -0.400076 |      283 |      245 |       38 |   6.650438 |      7 | 0.925066 | 1.897452
 294 | 87900.00 | 88200.00 | 0.015246 | 0.020820 |   6.650438 |      7 | 0.925066 | 0.600000 | 0.810000 | 0.813333 | 0.773333 |   0.960603 |      281 |      243 |       38 |   6.647236 |      7 | 0.939711 | 1.526609
 295 | 88200.00 | 88500.00 | 0.015219 | 0.020811 |   6.647236 |      7 | 0.939711 | 0.600000 | 0.793333 | 0.820000 | 0.783333 |   0.880936 |      279 |      238 |       41 |   6.644294 |      7 | 0.953118 | 1.187125
 296 | 88500.00 | 88800.00 | 0.015192 | 0.020802 |   6.644294 |      7 | 0.953118 | 0.600000 | 0.810000 | 0.583333 | 0.740000 |  -3.765633 |      279 |      243 |       36 |   6.641104 |      7 | 0.895911 | 2.635712
 297 | 88800.00 | 89100.00 | 0.015165 | 0.020793 |   6.641104 |      7 | 0.895911 | 0.600000 | 0.743333 | 0.803333 | 0.736667 |   1.603091 |      277 |      223 |       54 |   6.638930 |      7 | 0.920222 | 2.020113
 298 | 89100.00 | 89400.00 | 0.015138 | 0.020784 |   6.638930 |      7 | 0.920222 | 0.600000 | 0.773333 | 0.743333 | 0.740000 |   0.080189 |      277 |      232 |       45 |   6.636306 |      7 | 0.921436 | 1.989374
 299 | 89400.00 | 89700.00 | 0.015112 | 0.020775 |   6.636306 |      7 | 0.921436 | 0.600000 | 0.766667 | 0.776667 | 0.780000 |  -0.080224 |      278 |      230 |       48 |   6.633787 |      7 | 0.920224 | 2.020072
 300 | 89700.00 | 90000.00 | 0.015085 | 0.020766 |   6.633787 |      7 | 0.920224 | 0.600000 | 0.830000 | 0.776667 | 0.793333 |  -0.401291 |      283 |      249 |       34 |   6.630318 |      7 | 0.914170 | 2.173361
 301 | 90000.00 | 90300.00 | 0.015059 | 0.020757 |   6.630318 |      7 | 0.914170 | 0.600000 | 0.773333 | 0.723333 | 0.770000 |  -1.124095 |      279 |      232 |       47 |   6.627707 |      7 | 0.897242 | 2.602003
 302 | 90300.00 | 90600.00 | 0.015033 | 0.020749 |   6.627707 |      7 | 0.897242 | 0.600000 | 0.786667 | 0.730000 | 0.786667 |  -1.365555 |      281 |      236 |       45 |   6.624901 |      7 | 0.876714 | 3.121812
 303 | 90600.00 | 90900.00 | 0.015007 | 0.020740 |   6.624901 |      7 | 0.876714 | 0.600000 | 0.780000 | 0.773333 | 0.726667 |   1.125053 |      280 |      234 |       46 |   6.622200 |      7 | 0.893597 | 2.694296
 304 | 90900.00 | 91200.00 | 0.014981 | 0.020731 |   6.622200 |      7 | 0.893597 | 0.600000 | 0.736667 | 0.770000 | 0.676667 |   2.251061 |      276 |      221 |       55 |   6.620153 |      7 | 0.927320 | 1.840383
 305 | 91200.00 | 91500.00 | 0.014955 | 0.020722 |   6.620153 |      7 | 0.927320 | 0.600000 | 0.790000 | 0.803333 | 0.806667 |  -0.080429 |      278 |      237 |       41 |   6.617311 |      7 | 0.926117 | 1.870840
 306 | 91500.00 | 91800.00 | 0.014929 | 0.020713 |   6.617311 |      7 | 0.926117 | 0.600000 | 0.830000 | 0.770000 | 0.823333 |  -1.287408 |      286 |      249 |       37 |   6.613878 |      7 | 0.906897 | 2.357518
 307 | 91800.00 | 92100.00 | 0.014903 | 0.020705 |   6.613878 |      7 | 0.906897 | 0.600000 | 0.786667 | 0.783333 | 0.713333 |   1.690434 |      280 |      236 |       44 |   6.611096 |      7 | 0.932091 | 1.719584
 308 | 92100.00 | 92400.00 | 0.014878 | 0.020696 |   6.611096 |      7 | 0.932091 | 0.600000 | 0.800000 | 0.813333 | 0.776667 |   0.885837 |      280 |      240 |       40 |   6.608120 |      7 | 0.945270 | 1.385862
 309 | 92400.00 | 92700.00 | 0.014852 | 0.020687 |   6.608120 |      7 | 0.945270 | 0.600000 | 0.763333 | 0.726667 | 0.800000 |  -1.772416 |      276 |      229 |       47 |   6.605694 |      7 | 0.918945 | 2.052442
 310 | 92700.00 | 93000.00 | 0.014827 | 0.020679 |   6.605694 |      7 | 0.918945 | 0.600000 | 0.773333 | 0.823333 | 0.780000 |   1.047774 |      279 |      232 |       47 |   6.603124 |      7 | 0.934481 | 1.659063
 311 | 93000.00 | 93300.00 | 0.014802 | 0.020670 |   6.603124 |      7 | 0.934481 | 0.600000 | 0.800000 | 0.770000 | 0.820000 |  -1.209473 |      279 |      240 |       39 |   6.600164 |      7 | 0.916578 | 2.112378
 312 | 93300.00 | 93600.00 | 0.014777 | 0.020662 |   6.600164 |      7 | 0.916578 | 0.600000 | 0.800000 | 0.826667 | 0.736667 |   2.177954 |      281 |      240 |       41 |   6.597209 |      7 | 0.948761 | 1.297459
 313 | 93600.00 | 93900.00 | 0.014751 | 0.020653 |   6.597209 |      7 | 0.948761 | 0.600000 | 0.853333 | 0.693333 | 0.750000 |  -1.371872 |      284 |      256 |       28 |   6.593472 |      7 | 0.928524 | 1.809898
 314 | 93900.00 | 94200.00 | 0.014727 | 0.020645 |   6.593472 |      7 | 0.928524 | 0.600000 | 0.786667 | 0.823333 | 0.810000 |   0.322927 |      279 |      236 |       43 |   6.590723 |      7 | 0.933279 | 1.689479
 315 | 94200.00 | 94500.00 | 0.014702 | 0.020636 |   6.590723 |      7 | 0.933279 | 0.600000 | 0.820000 | 0.773333 | 0.783333 |  -0.242295 |      283 |      246 |       38 |   6.587488 |      7 | 0.929717 | 1.779678
 316 | 94500.00 | 94800.00 | 0.014677 | 0.020628 |   6.587488 |      7 | 0.929717 | 0.600000 | 0.766667 | 0.790000 | 0.770000 |   0.484788 |      277 |      230 |       46 |   6.585042 |      7 | 0.936833 | 1.599509
 317 | 94800.00 | 95100.00 | 0.014652 | 0.020619 |   6.585042 |      7 | 0.936833 | 0.600000 | 0.830000 | 0.826667 | 0.766667 |   1.454960 |      283 |      249 |       34 |   6.581672 |      7 | 0.958151 | 1.059689
 318 | 95100.00 | 95400.00 | 0.014628 | 0.020611 |   6.581672 |      7 | 0.958151 | 0.600000 | 0.786667 | 0.463333 | 0.796667 |  -8.086413 |      274 |      236 |       39 |   6.578942 |      7 | 0.839865 | 4.054888
 319 | 95400.00 | 95700.00 | 0.014603 | 0.020602 |   6.578942 |      7 | 0.839865 | 0.600000 | 0.730000 | 0.780000 | 0.690000 |   2.184220 |      276 |      219 |       56 |   6.577043 |      7 | 0.871762 | 3.247207
 320 | 95700.00 | 96000.00 | 0.014579 | 0.020594 |   6.577043 |      7 | 0.871762 | 0.600000 | 0.793333 | 0.786667 | 0.770000 |   0.404650 |      282 |      238 |       44 |   6.574225 |      7 | 0.877661 | 3.097825
 321 | 96000.00 | 96300.00 | 0.014555 | 0.020586 |   6.574225 |      7 | 0.877661 | 0.600000 | 0.736667 | 0.766667 | 0.766667 |   0.000000 |      276 |      221 |       55 |   6.572235 |      7 | 0.877661 | 3.097825
 322 | 96300.00 | 96600.00 | 0.014531 | 0.020577 |   6.572235 |      7 | 0.877661 | 0.600000 | 0.716667 | 0.740000 | 0.780000 |  -0.971944 |      274 |      215 |       59 |   6.570540 |      7 | 0.863538 | 3.455440
 323 | 96600.00 | 96900.00 | 0.014506 | 0.020569 |   6.570540 |      7 | 0.863538 | 0.600000 | 0.716667 | 0.773333 | 0.710000 |   1.539532 |      273 |      215 |       58 |   6.568848 |      7 | 0.885872 | 2.889926
 324 | 96900.00 | 97200.00 | 0.014483 | 0.020561 |   6.568848 |      7 | 0.885872 | 0.600000 | 0.750000 | 0.780000 | 0.773333 |   0.162121 |      278 |      225 |       53 |   6.566675 |      7 | 0.888220 | 2.830473
 325 | 97200.00 | 97500.00 | 0.014459 | 0.020553 |   6.566675 |      7 | 0.888220 | 0.600000 | 0.743333 | 0.813333 | 0.790000 |   0.567651 |      276 |      223 |       53 |   6.564603 |      7 | 0.896427 | 2.622645
 326 | 97500.00 | 97800.00 | 0.014435 | 0.020544 |   6.564603 |      7 | 0.896427 | 0.600000 | 0.790000 | 0.813333 | 0.760000 |   1.298007 |      281 |      237 |       44 |   6.561860 |      7 | 0.915164 | 2.148203
 327 | 97800.00 | 98100.00 | 0.014411 | 0.020536 |   6.561860 |      7 | 0.915164 | 0.600000 | 0.766667 | 0.760000 | 0.706667 |   1.298524 |      278 |      230 |       48 |   6.559458 |      7 | 0.933877 | 1.674350
 328 | 98100.00 | 98400.00 | 0.014388 | 0.020528 |   6.559458 |      7 | 0.933877 | 0.600000 | 0.743333 | 0.800000 | 0.730000 |   1.704990 |      275 |      223 |       52 |   6.557396 |      7 | 0.958408 | 1.053189
 329 | 98400.00 | 98700.00 | 0.014364 | 0.020520 |   6.557396 |      7 | 0.958408 | 0.600000 | 0.796667 | 0.483333 | 0.780000 |  -7.228774 |      273 |      239 |       34 |   6.554571 |      7 | 0.854573 | 3.682474
 330 | 98700.00 | 99000.00 | 0.014341 | 0.020512 |   6.554571 |      7 | 0.854573 | 0.600000 | 0.730000 | 0.763333 | 0.683333 |   1.950103 |      274 |      219 |       55 |   6.552707 |      7 | 0.882538 | 2.974328
 331 | 99000.00 | 99300.00 | 0.014317 | 0.020504 |   6.552707 |      7 | 0.882538 | 0.600000 | 0.763333 | 0.780000 | 0.736667 |   1.056722 |      279 |      229 |       50 |   6.550368 |      7 | 0.897668 | 2.591221
 332 | 99300.00 | 99600.00 | 0.014294 | 0.020496 |   6.550368 |      7 | 0.897668 | 0.600000 | 0.760000 | 0.780000 | 0.746667 |   0.813183 |      277 |      228 |       49 |   6.548081 |      7 | 0.909292 | 2.296886
 333 | 99600.00 | 99900.00 | 0.014271 | 0.020488 |   6.548081 |      7 | 0.909292 | 0.600000 | 0.796667 | 0.790000 | 0.753333 |   0.894852 |      283 |      239 |       44 |   6.545275 |      7 | 0.922062 | 1.973513
 334 | 99900.00 | 100200.0 | 0.014248 | 0.020480 |   6.545275 |      7 | 0.922062 | 0.600000 | 0.860000 | 0.793333 | 0.766667 |   0.651056 |      286 |      258 |       28 |   6.541570 |      7 | 0.931339 | 1.738621
 335 | 100200.0 | 100500.0 | 0.014225 | 0.020472 |   6.541570 |      7 | 0.931339 | 0.600000 | 0.803333 | 0.826667 | 0.770000 |   1.384034 |      280 |      241 |       39 |   6.538678 |      7 | 0.951027 | 1.240084
 336 | 100500.0 | 100800.0 | 0.014202 | 0.020464 |   6.538678 |      7 | 0.951027 | 0.600000 | 0.776667 | 0.626667 | 0.780000 |  -3.746491 |      275 |      233 |       42 |   6.536169 |      7 | 0.897818 | 2.587424
 337 | 100800.0 | 101100.0 | 0.014180 | 0.020456 |   6.536169 |      7 | 0.897818 | 0.600000 | 0.700000 | 0.753333 | 0.726667 |   0.651817 |      272 |      210 |       62 |   6.534751 |      7 | 0.907060 | 2.353389
 338 | 101100.0 | 101400.0 | 0.014157 | 0.020448 |   6.534751 |      7 | 0.907060 | 0.600000 | 0.756667 | 0.820000 | 0.743333 |   1.874698 |      277 |      227 |       50 |   6.532533 |      7 | 0.933600 | 1.681353
 339 | 101400.0 | 101700.0 | 0.014134 | 0.020440 |   6.532533 |      7 | 0.933600 | 0.600000 | 0.823333 | 0.850000 | 0.750000 |   2.446203 |      283 |      247 |       36 |   6.529376 |      7 | 0.968176 | 0.805844
 340 | 101700.0 | 102000.0 | 0.014112 | 0.020432 |   6.529376 |      7 | 0.968176 | 0.600000 | 0.693333 | 0.243333 | 0.800000 | -13.622440 |      239 |      208 |       32 |   6.528059 |      7 | 0.775938 | 5.673627
 341 | 102000.0 | 102300.0 | 0.014089 | 0.020424 |   6.528059 |      7 | 0.775938 | 0.600000 | 0.610000 | 0.683333 | 0.610000 |   1.795262 |      265 |      183 |       81 |   6.527918 |      7 | 0.801233 | 5.033135
 342 | 102300.0 | 102600.0 | 0.014067 | 0.020416 |   6.527918 |      7 | 0.801233 | 0.600000 | 0.716667 | 0.743333 | 0.693333 |   1.224512 |      275 |      215 |       60 |   6.526277 |      7 | 0.818458 | 4.596960
 343 | 102600.0 | 102900.0 | 0.014045 | 0.020409 |   6.526277 |      7 | 0.818458 | 0.600000 | 0.696667 | 0.733333 | 0.630000 |   2.531625 |      271 |      209 |       62 |   6.524919 |      7 | 0.854014 | 3.696613
 344 | 102900.0 | 103200.0 | 0.014023 | 0.020401 |   6.524919 |      7 | 0.854014 | 0.600000 | 0.750000 | 0.740000 | 0.730000 |   0.245089 |      279 |      225 |       54 |   6.522816 |      7 | 0.857451 | 3.609587
 345 | 103200.0 | 103500.0 | 0.014001 | 0.020393 |   6.522816 |      7 | 0.857451 | 0.600000 | 0.730000 | 0.723333 | 0.806667 |  -2.043188 |      275 |      219 |       56 |   6.520996 |      7 | 0.828845 | 4.333939
 346 | 103500.0 | 103800.0 | 0.013979 | 0.020385 |   6.520996 |      7 | 0.828845 | 0.600000 | 0.663333 | 0.700000 | 0.690000 |   0.245276 |      269 |      199 |       70 |   6.520111 |      7 | 0.832274 | 4.247120
 347 | 103800.0 | 104100.0 | 0.013957 | 0.020378 |   6.520111 |      7 | 0.832274 | 0.600000 | 0.700000 | 0.760000 | 0.726667 |   0.817895 |      274 |      210 |       64 |   6.518715 |      7 | 0.843689 | 3.958068
 348 | 104100.0 | 104400.0 | 0.013935 | 0.020370 |   6.518715 |      7 | 0.843689 | 0.600000 | 0.736667 | 0.730000 | 0.683333 |   1.145485 |      275 |      221 |       54 |   6.516810 |      7 | 0.859651 | 3.553876
 349 | 104400.0 | 104700.0 | 0.013913 | 0.020362 |   6.516810 |      7 | 0.859651 | 0.600000 | 0.763333 | 0.706667 | 0.710000 |  -0.081851 |      279 |      229 |       50 |   6.514538 |      7 | 0.858512 | 3.582713
 350 | 104700.0 | 105000.0 | 0.013892 | 0.020355 |   6.514538 |      7 | 0.858512 | 0.600000 | 0.790000 | 0.790000 | 0.686667 |   2.538338 |      281 |      237 |       44 |   6.511899 |      7 | 0.893774 | 2.689831
 351 | 105000.0 | 105300.0 | 0.013870 | 0.020347 |   6.511899 |      7 | 0.893774 | 0.600000 | 0.723333 | 0.760000 | 0.760000 |   0.000000 |      275 |      217 |       58 |   6.510188 |      7 | 0.893774 | 2.689831
 352 | 105300.0 | 105600.0 | 0.013849 | 0.020339 |   6.510188 |      7 | 0.893774 | 0.600000 | 0.786667 | 0.796667 | 0.710000 |   2.130522 |      281 |      236 |       45 |   6.507603 |      7 | 0.923278 | 1.942725
 353 | 105600.0 | 105900.0 | 0.013827 | 0.020332 |   6.507603 |      7 | 0.923278 | 0.600000 | 0.833333 | 0.823333 | 0.760000 |   1.557500 |      283 |      250 |       33 |   6.504376 |      7 | 0.944814 | 1.397404
 354 | 105900.0 | 106200.0 | 0.013806 | 0.020324 |   6.504376 |      7 | 0.944814 | 0.600000 | 0.823333 | 0.743333 | 0.736667 |   0.164008 |      282 |      247 |       35 |   6.501293 |      7 | 0.947078 | 1.340069
 355 | 106200.0 | 106500.0 | 0.013785 | 0.020317 |   6.501293 |      7 | 0.947078 | 0.600000 | 0.810000 | 0.713333 | 0.766667 |  -1.312553 |      279 |      243 |       36 |   6.498398 |      7 | 0.928985 | 1.798213
 356 | 106500.0 | 106800.0 | 0.013763 | 0.020309 |   6.498398 |      7 | 0.928985 | 0.600000 | 0.830000 | 0.766667 | 0.773333 |  -0.164130 |      284 |      249 |       35 |   6.495233 |      7 | 0.926726 | 1.855414
 357 | 106800.0 | 107100.0 | 0.013742 | 0.020302 |   6.495233 |      7 | 0.926726 | 0.600000 | 0.820000 | 0.783333 | 0.786667 |  -0.082095 |      283 |      246 |       37 |   6.492210 |      7 | 0.925598 | 1.883982
 358 | 107100.0 | 107400.0 | 0.013721 | 0.020294 |   6.492210 |      7 | 0.925598 | 0.600000 | 0.873333 | 0.743333 | 0.836667 |  -2.299513 |      288 |      262 |       26 |   6.488459 |      7 | 0.894046 | 2.682938
 359 | 107400.0 | 107700.0 | 0.013700 | 0.020287 |   6.488459 |      7 | 0.894046 | 0.600000 | 0.816667 | 0.736667 | 0.740000 |  -0.082156 |      282 |      245 |       37 |   6.485491 |      7 | 0.892920 | 2.711439
 360 | 107700.0 | 108000.0 | 0.013679 | 0.020279 |   6.485491 |      7 | 0.892920 | 0.600000 | 0.753333 | 0.756667 | 0.760000 |  -0.082186 |      278 |      226 |       52 |   6.483393 |      7 | 0.891796 | 2.739907
 361 | 108000.0 | 108300.0 | 0.013659 | 0.020272 |   6.483393 |      7 | 0.891796 | 0.600000 | 0.763333 | 0.756667 | 0.726667 |   0.739942 |      279 |      229 |       50 |   6.481162 |      7 | 0.901903 | 2.483990
 362 | 108300.0 | 108600.0 | 0.013638 | 0.020264 |   6.481162 |      7 | 0.901903 | 0.600000 | 0.776667 | 0.780000 | 0.860000 |  -1.973897 |      278 |      233 |       45 |   6.478753 |      7 | 0.874983 | 3.165651
 363 | 108600.0 | 108900.0 | 0.013617 | 0.020257 |   6.478753 |      7 | 0.874983 | 0.600000 | 0.766667 | 0.770000 | 0.696667 |   1.810064 |      280 |      230 |       50 |   6.476483 |      7 | 0.899631 | 2.541513
 364 | 108900.0 | 109200.0 | 0.013597 | 0.020250 |   6.476483 |      7 | 0.899631 | 0.600000 | 0.780000 | 0.780000 | 0.713333 |   1.646110 |      280 |      234 |       46 |   6.474036 |      7 | 0.922013 | 1.974766
 365 | 109200.0 | 109500.0 | 0.013576 | 0.020242 |   6.474036 |      7 | 0.922013 | 0.600000 | 0.820000 | 0.823333 | 0.793333 |   0.741018 |      282 |      246 |       36 |   6.471049 |      7 | 0.932073 | 1.720021
 366 | 109500.0 | 109800.0 | 0.013556 | 0.020235 |   6.471049 |      7 | 0.932073 | 0.600000 | 0.826667 | 0.726667 | 0.803333 |  -1.894395 |      283 |      248 |       35 |   6.467976 |      7 | 0.906393 | 2.370291
 367 | 109800.0 | 110100.0 | 0.013536 | 0.020228 |   6.467976 |      7 | 0.906393 | 0.600000 | 0.793333 | 0.793333 | 0.756667 |   0.906341 |      280 |      238 |       42 |   6.465360 |      7 | 0.918661 | 2.059647
 368 | 110100.0 | 110400.0 | 0.013515 | 0.020221 |   6.465360 |      7 | 0.918661 | 0.600000 | 0.820000 | 0.810000 | 0.750000 |   1.483637 |      284 |      246 |       38 |   6.462386 |      7 | 0.938713 | 1.551898
 369 | 110400.0 | 110700.0 | 0.013495 | 0.020213 |   6.462386 |      7 | 0.938713 | 0.600000 | 0.793333 | 0.740000 | 0.766667 |  -0.659631 |      279 |      238 |       41 |   6.459777 |      7 | 0.929811 | 1.777308
 370 | 110700.0 | 111000.0 | 0.013475 | 0.020206 |   6.459777 |      7 | 0.929811 | 0.600000 | 0.800000 | 0.780000 | 0.760000 |   0.494900 |      280 |      240 |       40 |   6.457082 |      7 | 0.936480 | 1.608442
 371 | 111000.0 | 111300.0 | 0.013455 | 0.020199 |   6.457082 |      7 | 0.936480 | 0.600000 | 0.763333 | 0.790000 | 0.743333 |   1.155178 |      278 |      229 |       49 |   6.454884 |      7 | 0.952023 | 1.214867
 372 | 111300.0 | 111600.0 | 0.013435 | 0.020192 |   6.454884 |      7 | 0.952023 | 0.600000 | 0.783333 | 0.630000 | 0.803333 |  -4.292190 |      274 |      235 |       39 |   6.452421 |      7 | 0.894357 | 2.675069
 373 | 111600.0 | 111900.0 | 0.013415 | 0.020185 |   6.452421 |      7 | 0.894357 | 0.600000 | 0.726667 | 0.776667 | 0.736667 |   0.990857 |      276 |      218 |       58 |   6.450722 |      7 | 0.907649 | 2.338478
 374 | 111900.0 | 112200.0 | 0.013395 | 0.020177 |   6.450722 |      7 | 0.907649 | 0.600000 | 0.756667 | 0.773333 | 0.773333 |   0.000000 |      277 |      227 |       50 |   6.448623 |      7 | 0.907649 | 2.338478
 375 | 112200.0 | 112500.0 | 0.013376 | 0.020170 |   6.448623 |      7 | 0.907649 | 0.600000 | 0.753333 | 0.763333 | 0.753333 |   0.247890 |      277 |      226 |       51 |   6.446572 |      7 | 0.910965 | 2.254520
 376 | 112500.0 | 112800.0 | 0.013356 | 0.020163 |   6.446572 |      7 | 0.910965 | 0.600000 | 0.750000 | 0.790000 | 0.750000 |   0.991908 |      277 |      225 |       52 |   6.444569 |      7 | 0.924213 | 1.919060
 377 | 112800.0 | 113100.0 | 0.013336 | 0.020156 |   6.444569 |      7 | 0.924213 | 0.600000 | 0.756667 | 0.753333 | 0.823333 |  -1.736450 |      277 |      227 |       50 |   6.442480 |      7 | 0.901055 | 2.505459
 378 | 113100.0 | 113400.0 | 0.013317 | 0.020149 |   6.442480 |      7 | 0.901055 | 0.600000 | 0.763333 | 0.826667 | 0.726667 |   2.481513 |      277 |      229 |       48 |   6.440305 |      7 | 0.934101 | 1.668681
 379 | 113400.0 | 113700.0 | 0.013297 | 0.020142 |   6.440305 |      7 | 0.934101 | 0.600000 | 0.783333 | 0.736667 | 0.783333 |  -1.158445 |      279 |      235 |       44 |   6.437867 |      7 | 0.918697 | 2.058743
 380 | 113700.0 | 114000.0 | 0.013278 | 0.020135 |   6.437867 |      7 | 0.918697 | 0.600000 | 0.793333 | 0.756667 | 0.756667 |   0.000000 |      281 |      238 |       43 |   6.435300 |      7 | 0.918697 | 2.058743
 381 | 114000.0 | 114300.0 | 0.013259 | 0.020128 |   6.435300 |      7 | 0.918697 | 0.600000 | 0.796667 | 0.833333 | 0.736667 |   2.401311 |      282 |      239 |       43 |   6.432692 |      7 | 0.950535 | 1.252548
 382 | 114300.0 | 114600.0 | 0.013239 | 0.020121 |   6.432692 |      7 | 0.950535 | 0.600000 | 0.803333 | 0.666667 | 0.796667 |  -3.230472 |      277 |      241 |       36 |   6.430000 |      7 | 0.907765 | 2.335542
 383 | 114600.0 | 114900.0 | 0.013220 | 0.020114 |   6.430000 |      7 | 0.907765 | 0.600000 | 0.806667 | 0.773333 | 0.830000 |  -1.408643 |      282 |      242 |       40 |   6.427268 |      7 | 0.889143 | 2.807096
 384 | 114900.0 | 115200.0 | 0.013201 | 0.020107 |   6.427268 |      7 | 0.889143 | 0.600000 | 0.780000 | 0.773333 | 0.690000 |   2.072250 |      279 |      234 |       45 |   6.424892 |      7 | 0.916499 | 2.114398
 385 | 115200.0 | 115500.0 | 0.013182 | 0.020100 |   6.424892 |      7 | 0.916499 | 0.600000 | 0.790000 | 0.806667 | 0.730000 |   1.907129 |      281 |      237 |       44 |   6.422387 |      7 | 0.941638 | 1.477817
 386 | 115500.0 | 115800.0 | 0.013163 | 0.020093 |   6.422387 |      7 | 0.941638 | 0.600000 | 0.856667 | 0.723333 | 0.793333 |  -1.741891 |      286 |      257 |       29 |   6.419009 |      7 | 0.918710 | 2.058406
 387 | 115800.0 | 116100.0 | 0.013144 | 0.020086 |   6.419009 |      7 | 0.918710 | 0.600000 | 0.743333 | 0.816667 | 0.756667 |   1.493563 |      275 |      223 |       52 |   6.417125 |      7 | 0.938341 | 1.561303
 388 | 116100.0 | 116400.0 | 0.013125 | 0.020079 |   6.417125 |      7 | 0.938341 | 0.600000 | 0.820000 | 0.810000 | 0.776667 |   0.830042 |      283 |      246 |       37 |   6.414237 |      7 | 0.949236 | 1.285436
 389 | 116400.0 | 116700.0 | 0.013106 | 0.020072 |   6.414237 |      7 | 0.949236 | 0.600000 | 0.773333 | 0.676667 | 0.723333 |  -1.162456 |      274 |      232 |       42 |   6.411965 |      7 | 0.934000 | 1.671228
 390 | 116700.0 | 117000.0 | 0.013088 | 0.020066 |   6.411965 |      7 | 0.934000 | 0.600000 | 0.810000 | 0.776667 | 0.710000 |   1.661218 |      282 |      243 |       39 |   6.409217 |      7 | 0.955742 | 1.120696
 391 | 117000.0 | 117300.0 | 0.013069 | 0.020059 |   6.409217 |      7 | 0.955742 | 0.600000 | 0.810000 | 0.576667 | 0.770000 |  -4.819173 |      277 |      243 |       34 |   6.406473 |      7 | 0.892760 | 2.715505
 392 | 117300.0 | 117600.0 | 0.013050 | 0.020052 |   6.406473 |      7 | 0.892760 | 0.600000 | 0.723333 | 0.786667 | 0.723333 |   1.579231 |      275 |      217 |       58 |   6.404863 |      7 | 0.913369 | 2.193634
 393 | 117600.0 | 117900.0 | 0.013032 | 0.020045 |   6.404863 |      7 | 0.913369 | 0.600000 | 0.766667 | 0.800000 | 0.793333 |   0.166291 |      278 |      230 |       48 |   6.402691 |      7 | 0.915537 | 2.138760
 394 | 117900.0 | 118200.0 | 0.013013 | 0.020038 |   6.402691 |      7 | 0.915537 | 0.600000 | 0.836667 | 0.760000 | 0.783333 |  -0.582216 |      284 |      251 |       33 |   6.399611 |      7 | 0.907960 | 2.330613
 395 | 118200.0 | 118500.0 | 0.012995 | 0.020032 |   6.399611 |      7 | 0.907960 | 0.600000 | 0.793333 | 0.780000 | 0.720000 |   1.497632 |      281 |      238 |       43 |   6.397099 |      7 | 0.927422 | 1.837808
 396 | 118500.0 | 118800.0 | 0.012977 | 0.020025 |   6.397099 |      7 | 0.927422 | 0.600000 | 0.816667 | 0.750000 | 0.793333 |  -1.081988 |      283 |      245 |       38 |   6.394287 |      7 | 0.913381 | 2.193340
 397 | 118800.0 | 119100.0 | 0.012958 | 0.020018 |   6.394287 |      7 | 0.913381 | 0.600000 | 0.766667 | 0.803333 | 0.753333 |   1.248867 |      277 |      230 |       47 |   6.392127 |      7 | 0.929564 | 1.783551
 398 | 119100.0 | 119400.0 | 0.012940 | 0.020011 |   6.392127 |      7 | 0.929564 | 0.600000 | 0.803333 | 0.796667 | 0.730000 |   1.665714 |      282 |      241 |       41 |   6.389496 |      7 | 0.951119 | 1.237752
 399 | 119400.0 | 119700.0 | 0.012922 | 0.020005 |   6.389496 |      7 | 0.951119 | 0.600000 | 0.813333 | 0.630000 | 0.796667 |  -4.165678 |      279 |      244 |       35 |   6.386740 |      7 | 0.897290 | 2.600792
 400 | 119700.0 | 120000.0 | 0.012904 | 0.019998 |   6.386740 |      7 | 0.897290 | 0.600000 | 0.776667 | 0.760000 | 0.720000 |   1.000096 |      279 |      233 |       46 |   6.384460 |      7 | 0.910195 | 2.274011
 401 | 120000.0 | 120300.0 | 0.012886 | 0.019991 |   6.384460 |      7 | 0.910195 | 0.600000 | 0.730000 | 0.813333 | 0.736667 |   1.917490 |      275 |      219 |       56 |   6.382785 |      7 | 0.934904 | 1.648349
 402 | 120300.0 | 120600.0 | 0.012868 | 0.019985 |   6.382785 |      7 | 0.934904 | 0.600000 | 0.810000 | 0.766667 | 0.730000 |   0.917365 |      281 |      243 |       38 |   6.380083 |      7 | 0.946708 | 1.349437
 403 | 120600.0 | 120900.0 | 0.012850 | 0.019978 |   6.380083 |      7 | 0.946708 | 0.600000 | 0.823333 | 0.726667 | 0.773333 |  -1.167943 |      280 |      247 |       33 |   6.377213 |      7 | 0.931700 | 1.729467
 404 | 120900.0 | 121200.0 | 0.012832 | 0.019972 |   6.377213 |      7 | 0.931700 | 0.600000 | 0.830000 | 0.756667 | 0.756667 |   0.000000 |      284 |      249 |       35 |   6.374261 |      7 | 0.931700 | 1.729467
 405 | 121200.0 | 121500.0 | 0.012814 | 0.019965 |   6.374261 |      7 | 0.931700 | 0.600000 | 0.830000 | 0.800000 | 0.743333 |   1.419154 |      284 |      249 |       35 |   6.371314 |      7 | 0.949886 | 1.268978
 406 | 121500.0 | 121800.0 | 0.012797 | 0.019958 |   6.371314 |      7 | 0.949886 | 0.600000 | 0.780000 | 0.650000 | 0.760000 |  -2.755735 |      274 |      234 |       40 |   6.369011 |      7 | 0.914622 | 2.161925
 407 | 121800.0 | 122100.0 | 0.012779 | 0.019952 |   6.369011 |      7 | 0.914622 | 0.600000 | 0.816667 | 0.803333 | 0.723333 |   2.004829 |      281 |      245 |       36 |   6.366242 |      7 | 0.940241 | 1.513193
 408 | 122100.0 | 122400.0 | 0.012761 | 0.019945 |   6.366242 |      7 | 0.940241 | 0.600000 | 0.783333 | 0.826667 | 0.793333 |   0.835620 |      280 |      235 |       45 |   6.363902 |      7 | 0.950905 | 1.243172
 409 | 122400.0 | 122700.0 | 0.012744 | 0.019939 |   6.363902 |      7 | 0.950905 | 0.600000 | 0.800000 | 0.633333 | 0.793333 |  -4.012286 |      278 |      240 |       38 |   6.361354 |      7 | 0.899773 | 2.537912
 410 | 122700.0 | 123000.0 | 0.012726 | 0.019932 |   6.361354 |      7 | 0.899773 | 0.600000 | 0.760000 | 0.846667 | 0.766667 |   2.006798 |      277 |      228 |       49 |   6.359317 |      7 | 0.925312 | 1.891220
 411 | 123000.0 | 123300.0 | 0.012709 | 0.019926 |   6.359317 |      7 | 0.925312 | 0.600000 | 0.786667 | 0.796667 | 0.750000 |   1.171014 |      280 |      236 |       44 |   6.356945 |      7 | 0.940195 | 1.514377
 412 | 123300.0 | 123600.0 | 0.012691 | 0.019919 |   6.356945 |      7 | 0.940195 | 0.600000 | 0.750000 | 0.800000 | 0.800000 |   0.000000 |      275 |      225 |       50 |   6.355041 |      7 | 0.940195 | 1.514377
 413 | 123600.0 | 123900.0 | 0.012674 | 0.019913 |   6.355041 |      7 | 0.940195 | 0.600000 | 0.803333 | 0.813333 | 0.776667 |   0.920680 |      280 |      241 |       39 |   6.352464 |      7 | 0.951863 | 1.218903
 414 | 123900.0 | 124200.0 | 0.012657 | 0.019906 |   6.352464 |      7 | 0.951863 | 0.600000 | 0.876667 | 0.613333 | 0.786667 |  -4.353713 |      285 |      263 |       23 |   6.348962 |      7 | 0.896759 | 2.614239
 415 | 124200.0 | 124500.0 | 0.012640 | 0.019900 |   6.348962 |      7 | 0.896759 | 0.600000 | 0.743333 | 0.756667 | 0.753333 |   0.083752 |      277 |      223 |       53 |   6.347151 |      7 | 0.897818 | 2.587433
 416 | 124500.0 | 124800.0 | 0.012622 | 0.019894 |   6.347151 |      7 | 0.897818 | 0.600000 | 0.806667 | 0.796667 | 0.710000 |   2.178261 |      282 |      242 |       40 |   6.344542 |      7 | 0.925313 | 1.891210
 417 | 124800.0 | 125100.0 | 0.012605 | 0.019887 |   6.344542 |      7 | 0.925313 | 0.600000 | 0.800000 | 0.770000 | 0.790000 |  -0.502837 |      281 |      240 |       41 |   6.342021 |      7 | 0.918974 | 2.051711
 418 | 125100.0 | 125400.0 | 0.012588 | 0.019881 |   6.342021 |      7 | 0.918974 | 0.600000 | 0.740000 | 0.793333 | 0.796667 |  -0.083833 |      276 |      222 |       54 |   6.340259 |      7 | 0.917919 | 2.078434
 419 | 125400.0 | 125700.0 | 0.012571 | 0.019874 |   6.340259 |      7 | 0.917919 | 0.600000 | 0.750000 | 0.806667 | 0.753333 |   1.341759 |      275 |      225 |       50 |   6.338373 |      7 | 0.934787 | 1.651313
 420 | 125700.0 | 126000.0 | 0.012554 | 0.019868 |   6.338373 |      7 | 0.934787 | 0.600000 | 0.840000 | 0.796667 | 0.790000 |   0.167774 |      285 |      252 |       33 |   6.335360 |      7 | 0.936893 | 1.597978
 421 | 126000.0 | 126300.0 | 0.012538 | 0.019862 |   6.335360 |      7 | 0.936893 | 0.600000 | 0.783333 | 0.780000 | 0.756667 |   0.587395 |      278 |      235 |       43 |   6.333061 |      7 | 0.944258 | 1.411496
 422 | 126300.0 | 126600.0 | 0.012521 | 0.019855 |   6.333061 |      7 | 0.944258 | 0.600000 | 0.830000 | 0.770000 | 0.793333 |  -0.587581 |      282 |      249 |       33 |   6.330182 |      7 | 0.936901 | 1.597787
 423 | 126600.0 | 126900.0 | 0.012504 | 0.019849 |   6.330182 |      7 | 0.936901 | 0.600000 | 0.823333 | 0.800000 | 0.766667 |   0.839669 |      281 |      247 |       34 |   6.327389 |      7 | 0.947400 | 1.331929
 424 | 126900.0 | 127200.0 | 0.012487 | 0.019843 |   6.327389 |      7 | 0.947400 | 0.600000 | 0.816667 | 0.706667 | 0.790000 |  -2.099837 |      280 |      245 |       35 |   6.324683 |      7 | 0.921178 | 1.995896
 425 | 127200.0 | 127500.0 | 0.012471 | 0.019837 |   6.324683 |      7 | 0.921178 | 0.600000 | 0.790000 | 0.766667 | 0.763333 |   0.084020 |      281 |      237 |       44 |   6.322314 |      7 | 0.922226 | 1.969364
 426 | 127500.0 | 127800.0 | 0.012454 | 0.019830 |   6.322314 |      7 | 0.922226 | 0.600000 | 0.840000 | 0.796667 | 0.746667 |   1.260698 |      284 |      252 |       32 |   6.319325 |      7 | 0.937927 | 1.571794
 427 | 127800.0 | 128100.0 | 0.012437 | 0.019824 |   6.319325 |      7 | 0.937927 | 0.600000 | 0.813333 | 0.810000 | 0.830000 |  -0.504438 |      281 |      244 |       37 |   6.316672 |      7 | 0.931653 | 1.730661
 428 | 128100.0 | 128400.0 | 0.012421 | 0.019818 |   6.316672 |      7 | 0.931653 | 0.600000 | 0.790000 | 0.806667 | 0.750000 |   1.429690 |      280 |      237 |       43 |   6.314312 |      7 | 0.949411 | 1.280993
 429 | 128400.0 | 128700.0 | 0.012405 | 0.019812 |   6.314312 |      7 | 0.949411 | 0.600000 | 0.780000 | 0.690000 | 0.763333 |  -1.850767 |      275 |      234 |       41 |   6.312079 |      7 | 0.926453 | 1.862328
 430 | 128700.0 | 129000.0 | 0.012388 | 0.019805 |   6.312079 |      7 | 0.926453 | 0.600000 | 0.786667 | 0.780000 | 0.726667 |   1.346434 |      280 |      236 |       44 |   6.309766 |      7 | 0.943133 | 1.439966
 431 | 129000.0 | 129300.0 | 0.012372 | 0.019799 |   6.309766 |      7 | 0.943133 | 0.600000 | 0.743333 | 0.793333 | 0.843333 |  -1.262676 |      274 |      223 |       51 |   6.307993 |      7 | 0.927512 | 1.835531
 432 | 129300.0 | 129600.0 | 0.012356 | 0.019793 |   6.307993 |      7 | 0.927512 | 0.600000 | 0.780000 | 0.766667 | 0.756667 |   0.252614 |      279 |      234 |       45 |   6.305769 |      7 | 0.930633 | 1.756498
 433 | 129600.0 | 129900.0 | 0.012339 | 0.019787 |   6.305769 |      7 | 0.930633 | 0.600000 | 0.806667 | 0.850000 | 0.763333 |   2.190000 |      282 |      242 |       40 |   6.303219 |      7 | 0.957656 | 1.072227
 434 | 129900.0 | 130200.0 | 0.012323 | 0.019781 |   6.303219 |      7 | 0.957656 | 0.600000 | 0.813333 | 0.480000 | 0.820000 |  -8.594205 |      277 |      244 |       34 |   6.300590 |      7 | 0.851748 | 3.753987
 435 | 130200.0 | 130500.0 | 0.012307 | 0.019775 |   6.300590 |      7 | 0.851748 | 0.600000 | 0.733333 | 0.710000 | 0.753333 |  -1.095679 |      275 |      220 |       54 |   6.298949 |      7 | 0.838264 | 4.095439
 436 | 130500.0 | 130800.0 | 0.012291 | 0.019769 |   6.298949 |      7 | 0.838264 | 0.600000 | 0.750000 | 0.733333 | 0.686667 |   1.180327 |      277 |      225 |       52 |   6.297106 |      7 | 0.852771 | 3.728089
 437 | 130800.0 | 131100.0 | 0.012275 | 0.019762 |   6.297106 |      7 | 0.852771 | 0.600000 | 0.720000 | 0.720000 | 0.746667 |  -0.674680 |      276 |      216 |       60 |   6.295633 |      7 | 0.844489 | 3.937794
 438 | 131100.0 | 131400.0 | 0.012259 | 0.019756 |   6.295633 |      7 | 0.844489 | 0.600000 | 0.746667 | 0.730000 | 0.773333 |  -1.096693 |      276 |      224 |       52 |   6.293835 |      7 | 0.831045 | 4.278226
 439 | 131400.0 | 131700.0 | 0.012243 | 0.019750 |   6.293835 |      7 | 0.831045 | 0.600000 | 0.696667 | 0.683333 | 0.726667 |  -1.097030 |      272 |      209 |       63 |   6.292651 |      7 | 0.817614 | 4.618321
 440 | 131700.0 | 132000.0 | 0.012227 | 0.019744 |   6.292651 |      7 | 0.817614 | 0.600000 | 0.766667 | 0.726667 | 0.646667 |   2.025907 |      280 |      230 |       50 |   6.290613 |      7 | 0.842385 | 3.991076
 441 | 132000.0 | 132300.0 | 0.012211 | 0.019738 |   6.290613 |      7 | 0.842385 | 0.600000 | 0.680000 | 0.726667 | 0.776667 |  -1.266579 |      271 |      204 |       67 |   6.289636 |      7 | 0.826919 | 4.382716
 442 | 132300.0 | 132600.0 | 0.012196 | 0.019732 |   6.289636 |      7 | 0.826919 | 0.600000 | 0.710000 | 0.746667 | 0.710000 |   0.929108 |      274 |      213 |       61 |   6.288295 |      7 | 0.838250 | 4.095797
 443 | 132600.0 | 132900.0 | 0.012180 | 0.019726 |   6.288295 |      7 | 0.838250 | 0.600000 | 0.683333 | 0.746667 | 0.703333 |   1.098371 |      271 |      205 |       66 |   6.287280 |      7 | 0.851628 | 3.757044
 444 | 132900.0 | 133200.0 | 0.012164 | 0.019720 |   6.287280 |      7 | 0.851628 | 0.600000 | 0.750000 | 0.736667 | 0.730000 |   0.169032 |      278 |      225 |       53 |   6.285455 |      7 | 0.853684 | 3.704980
 445 | 133200.0 | 133500.0 | 0.012148 | 0.019714 |   6.285455 |      7 | 0.853684 | 0.600000 | 0.733333 | 0.746667 | 0.766667 |  -0.507249 |      275 |      220 |       55 |   6.283835 |      7 | 0.847521 | 3.861020
 446 | 133500.0 | 133800.0 | 0.012133 | 0.019708 |   6.283835 |      7 | 0.847521 | 0.600000 | 0.723333 | 0.716667 | 0.696667 |   0.507402 |      276 |      217 |       59 |   6.282339 |      7 | 0.853678 | 3.705133
 447 | 133800.0 | 134100.0 | 0.012117 | 0.019702 |   6.282339 |      7 | 0.853678 | 0.600000 | 0.790000 | 0.683333 | 0.743333 |  -1.522666 |      281 |      237 |       44 |   6.280037 |      7 | 0.835227 | 4.172337
 448 | 134100.0 | 134400.0 | 0.012102 | 0.019696 |   6.280037 |      7 | 0.835227 | 0.600000 | 0.760000 | 0.746667 | 0.706667 |   1.015417 |      278 |      228 |       50 |   6.278100 |      7 | 0.847515 | 3.861172
 449 | 134400.0 | 134700.0 | 0.012086 | 0.019690 |   6.278100 |      7 | 0.847515 | 0.600000 | 0.710000 | 0.756667 | 0.690000 |   1.692871 |      273 |      213 |       60 |   6.276771 |      7 | 0.867976 | 3.343068
 450 | 134700.0 | 135000.0 | 0.012071 | 0.019685 |   6.276771 |      7 | 0.867976 | 0.600000 | 0.770000 | 0.753333 | 0.760000 |  -0.169338 |      279 |      231 |       48 |   6.274719 |      7 | 0.865932 | 3.394828
 451 | 135000.0 | 135300.0 | 0.012056 | 0.019679 |   6.274719 |      7 | 0.865932 | 0.600000 | 0.756667 | 0.723333 | 0.696667 |   0.677555 |      278 |      227 |       51 |   6.272830 |      7 | 0.874101 | 3.187990
 452 | 135300.0 | 135600.0 | 0.012040 | 0.019673 |   6.272830 |      7 | 0.874101 | 0.600000 | 0.726667 | 0.766667 | 0.746667 |   0.508318 |      274 |      218 |       56 |   6.271305 |      7 | 0.880221 | 3.033011
 453 | 135600.0 | 135900.0 | 0.012025 | 0.019667 |   6.271305 |      7 | 0.880221 | 0.600000 | 0.756667 | 0.770000 | 0.690000 |   2.033879 |      279 |      227 |       52 |   6.269421 |      7 | 0.904679 | 2.413697
 454 | 135900.0 | 136200.0 | 0.012010 | 0.019661 |   6.269421 |      7 | 0.904679 | 0.600000 | 0.820000 | 0.783333 | 0.786667 |  -0.084770 |      283 |      246 |       37 |   6.266779 |      7 | 0.903661 | 2.439477
 455 | 136200.0 | 136500.0 | 0.011995 | 0.019655 |   6.266779 |      7 | 0.903661 | 0.600000 | 0.806667 | 0.726667 | 0.683333 |   1.102341 |      282 |      242 |       40 |   6.264300 |      7 | 0.916883 | 2.104663
 456 | 136500.0 | 136800.0 | 0.011980 | 0.019649 |   6.264300 |      7 | 0.916883 | 0.600000 | 0.810000 | 0.810000 | 0.746667 |   1.611591 |      282 |      243 |       40 |   6.261784 |      7 | 0.936190 | 1.615790
 457 | 136800.0 | 137100.0 | 0.011965 | 0.019643 |   6.261784 |      7 | 0.936190 | 0.600000 | 0.763333 | 0.803333 | 0.746667 |   1.442377 |      276 |      229 |       46 |   6.259830 |      7 | 0.953447 | 1.178798
 458 | 137100.0 | 137400.0 | 0.011950 | 0.019638 |   6.259830 |      7 | 0.953447 | 0.600000 | 0.786667 | 0.603333 | 0.796667 |  -4.922506 |      275 |      236 |       39 |   6.257599 |      7 | 0.894625 | 2.668281
 459 | 137400.0 | 137700.0 | 0.011935 | 0.019632 |   6.257599 |      7 | 0.894625 | 0.600000 | 0.793333 | 0.756667 | 0.736667 |   0.509375 |      280 |      238 |       42 |   6.255292 |      7 | 0.900704 | 2.514345
 460 | 137700.0 | 138000.0 | 0.011920 | 0.019626 |   6.255292 |      7 | 0.900704 | 0.600000 | 0.730000 | 0.766667 | 0.723333 |   1.103971 |      276 |      219 |       57 |   6.253742 |      7 | 0.913863 | 2.181134
 461 | 138000.0 | 138300.0 | 0.011905 | 0.019620 |   6.253742 |      7 | 0.913863 | 0.600000 | 0.800000 | 0.753333 | 0.773333 |  -0.509675 |      282 |      240 |       42 |   6.251361 |      7 | 0.907795 | 2.334776
 462 | 138300.0 | 138600.0 | 0.011890 | 0.019615 |   6.251361 |      7 | 0.907795 | 0.600000 | 0.800000 | 0.806667 | 0.763333 |   1.104619 |      280 |      240 |       40 |   6.248983 |      7 | 0.920930 | 2.002201
 463 | 138600.0 | 138900.0 | 0.011875 | 0.019609 |   6.248983 |      7 | 0.920930 | 0.600000 | 0.810000 | 0.783333 | 0.726667 |   1.444925 |      283 |      243 |       40 |   6.246490 |      7 | 0.938088 | 1.567708
 464 | 138900.0 | 139200.0 | 0.011861 | 0.019603 |   6.246490 |      7 | 0.938088 | 0.600000 | 0.763333 | 0.773333 | 0.770000 |   0.085020 |      276 |      229 |       47 |   6.244552 |      7 | 0.939097 | 1.542174
 465 | 139200.0 | 139500.0 | 0.011846 | 0.019597 |   6.244552 |      7 | 0.939097 | 0.600000 | 0.836667 | 0.716667 | 0.796667 |  -2.041085 |      285 |      251 |       34 |   6.241749 |      7 | 0.914918 | 2.154412
 466 | 139500.0 | 139800.0 | 0.011831 | 0.019592 |   6.241749 |      7 | 0.914918 | 0.600000 | 0.813333 | 0.770000 | 0.776667 |  -0.170140 |      283 |      244 |       39 |   6.239225 |      7 | 0.912905 | 2.205384
 467 | 139800.0 | 140100.0 | 0.011817 | 0.019586 |   6.239225 |      7 | 0.912905 | 0.600000 | 0.766667 | 0.760000 | 0.800000 |  -1.021136 |      277 |      230 |       47 |   6.237255 |      7 | 0.900839 | 2.510924
 468 | 140100.0 | 140400.0 | 0.011802 | 0.019580 |   6.237255 |      7 | 0.900839 | 0.600000 | 0.806667 | 0.760000 | 0.753333 |   0.170239 |      282 |      242 |       40 |   6.234816 |      7 | 0.902848 | 2.460049
 469 | 140400.0 | 140700.0 | 0.011787 | 0.019575 |   6.234816 |      7 | 0.902848 | 0.600000 | 0.773333 | 0.770000 | 0.706667 |   1.617735 |      279 |      232 |       47 |   6.232773 |      7 | 0.921917 | 1.977188
 470 | 140700.0 | 141000.0 | 0.011773 | 0.019569 |   6.232773 |      7 | 0.921917 | 0.600000 | 0.800000 | 0.800000 | 0.776667 |   0.596180 |      282 |      240 |       42 |   6.230419 |      7 | 0.928936 | 1.799459
 471 | 141000.0 | 141300.0 | 0.011759 | 0.019563 |   6.230419 |      7 | 0.928936 | 0.600000 | 0.813333 | 0.740000 | 0.726667 |   0.340772 |      283 |      244 |       39 |   6.227910 |      7 | 0.932943 | 1.697995
 472 | 141300.0 | 141600.0 | 0.011744 | 0.019558 |   6.227910 |      7 | 0.932943 | 0.600000 | 0.766667 | 0.823333 | 0.793333 |   0.766958 |      277 |      230 |       47 |   6.225953 |      7 | 0.941950 | 1.469914
 473 | 141600.0 | 141900.0 | 0.011730 | 0.019552 |   6.225953 |      7 | 0.941950 | 0.600000 | 0.816667 | 0.780000 | 0.743333 |   0.937663 |      282 |      245 |       37 |   6.223411 |      7 | 0.952949 | 1.191410
 474 | 141900.0 | 142200.0 | 0.011716 | 0.019547 |   6.223411 |      7 | 0.952949 | 0.600000 | 0.800000 | 0.626667 | 0.833333 |  -5.286523 |      276 |      240 |       36 |   6.221068 |      7 | 0.891015 | 2.759695
 475 | 142200.0 | 142500.0 | 0.011701 | 0.019541 |   6.221068 |      7 | 0.891015 | 0.600000 | 0.800000 | 0.770000 | 0.743333 |   0.682327 |      283 |      240 |       43 |   6.218728 |      7 | 0.898999 | 2.557525
 476 | 142500.0 | 142800.0 | 0.011687 | 0.019535 |   6.218728 |      7 | 0.898999 | 0.600000 | 0.720000 | 0.810000 | 0.723333 |   2.218196 |      273 |      216 |       57 |   6.217325 |      7 | 0.924923 | 1.901081
 477 | 142800.0 | 143100.0 | 0.011673 | 0.019530 |   6.217325 |      7 | 0.924923 | 0.600000 | 0.786667 | 0.816667 | 0.803333 |   0.341358 |      280 |      236 |       44 |   6.215146 |      7 | 0.928908 | 1.800183
 478 | 143100.0 | 143400.0 | 0.011659 | 0.019524 |   6.215146 |      7 | 0.928908 | 0.600000 | 0.790000 | 0.786667 | 0.820000 |  -0.853638 |      279 |      237 |       42 |   6.212931 |      7 | 0.918955 | 2.052193
 479 | 143400.0 | 143700.0 | 0.011645 | 0.019519 |   6.212931 |      7 | 0.918955 | 0.600000 | 0.793333 | 0.790000 | 0.746667 |   1.110045 |      281 |      238 |       43 |   6.210680 |      7 | 0.931881 | 1.724884
 480 | 143700.0 | 144000.0 | 0.011631 | 0.019513 |   6.210680 |      7 | 0.931881 | 0.600000 | 0.820000 | 0.816667 | 0.773333 |   1.110359 |      282 |      246 |       36 |   6.208121 |      7 | 0.944795 | 1.397877
 481 | 144000.0 | 144300.0 | 0.011617 | 0.019508 |   6.208121 |      7 | 0.944795 | 0.600000 | 0.793333 | 0.763333 | 0.803333 |  -1.025237 |      277 |      238 |       39 |   6.205875 |      7 | 0.932886 | 1.699451
 482 | 144300.0 | 144600.0 | 0.011603 | 0.019502 |   6.205875 |      7 | 0.932886 | 0.600000 | 0.810000 | 0.806667 | 0.816667 |  -0.256382 |      282 |      243 |       39 |   6.203439 |      7 | 0.929911 | 1.774775
 483 | 144600.0 | 144900.0 | 0.011589 | 0.019497 |   6.203439 |      7 | 0.929911 | 0.600000 | 0.796667 | 0.766667 | 0.773333 |  -0.170969 |      279 |      239 |       40 |   6.201160 |      7 | 0.927930 | 1.824945
 484 | 144900.0 | 145200.0 | 0.011575 | 0.019491 |   6.201160 |      7 | 0.927930 | 0.600000 | 0.816667 | 0.766667 | 0.733333 |   0.855086 |      283 |      245 |       38 |   6.198652 |      7 | 0.937827 | 1.574326
 485 | 145200.0 | 145500.0 | 0.011561 | 0.019486 |   6.198652 |      7 | 0.937827 | 0.600000 | 0.746667 | 0.793333 | 0.753333 |   1.026392 |      276 |      224 |       52 |   6.196956 |      7 | 0.949693 | 1.273859
 486 | 145500.0 | 145800.0 | 0.011547 | 0.019480 |   6.196956 |      7 | 0.949693 | 0.600000 | 0.850000 | 0.690000 | 0.786667 |  -2.481141 |      281 |      255 |       26 |   6.194070 |      7 | 0.921043 | 1.999323
 487 | 145800.0 | 146100.0 | 0.011533 | 0.019475 |   6.194070 |      7 | 0.921043 | 0.600000 | 0.820000 | 0.740000 | 0.823333 |  -2.139513 |      285 |      246 |       39 |   6.191532 |      7 | 0.896368 | 2.624153
 488 | 146100.0 | 146400.0 | 0.011520 | 0.019469 |   6.191532 |      7 | 0.896368 | 0.600000 | 0.800000 | 0.816667 | 0.740000 |   1.968901 |      281 |      240 |       41 |   6.189228 |      7 | 0.919048 | 2.049834
 489 | 146400.0 | 146700.0 | 0.011506 | 0.019464 |   6.189228 |      7 | 0.919048 | 0.600000 | 0.760000 | 0.810000 | 0.773333 |   0.941911 |      278 |      228 |       50 |   6.187387 |      7 | 0.929886 | 1.775410
 490 | 146700.0 | 147000.0 | 0.011492 | 0.019459 |   6.187387 |      7 | 0.929886 | 0.600000 | 0.813333 | 0.796667 | 0.726667 |   1.798693 |      282 |      244 |       38 |   6.184936 |      7 | 0.950557 | 1.251986
 491 | 147000.0 | 147300.0 | 0.011479 | 0.019453 |   6.184936 |      7 | 0.950557 | 0.600000 | 0.806667 | 0.643333 | 0.820000 |  -4.540819 |      277 |      242 |       35 |   6.182564 |      7 | 0.898435 | 2.571810
 492 | 147300.0 | 147600.0 | 0.011465 | 0.019448 |   6.182564 |      7 | 0.898435 | 0.600000 | 0.780000 | 0.753333 | 0.756667 |  -0.085700 |      280 |      234 |       46 |   6.180500 |      7 | 0.897452 | 2.596690
 493 | 147600.0 | 147900.0 | 0.011451 | 0.019442 |   6.180500 |      7 | 0.897452 | 0.600000 | 0.790000 | 0.753333 | 0.690000 |   1.628742 |      281 |      237 |       44 |   6.178324 |      7 | 0.916104 | 2.124401
 494 | 147900.0 | 148200.0 | 0.011438 | 0.019437 |   6.178324 |      7 | 0.916104 | 0.600000 | 0.833333 | 0.783333 | 0.790000 |  -0.171494 |      285 |      250 |       35 |   6.175655 |      7 | 0.914142 | 2.174071
 495 | 148200.0 | 148500.0 | 0.011425 | 0.019432 |   6.175655 |      7 | 0.914142 | 0.600000 | 0.816667 | 0.813333 | 0.766667 |   1.200788 |      283 |      245 |       38 |   6.173180 |      7 | 0.927860 | 1.826697
 496 | 148500.0 | 148800.0 | 0.011411 | 0.019426 |   6.173180 |      7 | 0.927860 | 0.600000 | 0.793333 | 0.750000 | 0.790000 |  -1.029530 |      281 |      238 |       43 |   6.170974 |      7 | 0.916112 | 2.124178
 497 | 148800.0 | 149100.0 | 0.011398 | 0.019421 |   6.170974 |      7 | 0.916112 | 0.600000 | 0.780000 | 0.806667 | 0.750000 |   1.458901 |      278 |      234 |       44 |   6.168922 |      7 | 0.932741 | 1.703125
 498 | 149100.0 | 149400.0 | 0.011384 | 0.019416 |   6.168922 |      7 | 0.932741 | 0.600000 | 0.846667 | 0.820000 | 0.770000 |   1.287618 |      285 |      254 |       31 |   6.166114 |      7 | 0.947399 | 1.331941
 499 | 149400.0 | 149700.0 | 0.011371 | 0.019410 |   6.166114 |      7 | 0.947399 | 0.600000 | 0.816667 | 0.736667 | 0.786667 |  -1.287970 |      280 |      245 |       35 |   6.163650 |      7 | 0.932754 | 1.702793
 500 | 149700.0 | 150000.0 | 0.011358 | 0.019405 |   6.163650 |      7 | 0.932754 | 0.600000 | 0.793333 | 0.766667 | 0.790000 |  -0.601217 |      279 |      238 |       41 |   6.161454 |      7 | 0.925925 | 1.875702
 501 | 150000.0 | 150300.0 | 0.011345 | 0.019400 |   6.161454 |      7 | 0.925925 | 0.600000 | 0.780000 | 0.800000 | 0.766667 |   0.859115 |      279 |      234 |       45 |   6.159412 |      7 | 0.935671 | 1.628909
 502 | 150300.0 | 150600.0 | 0.011331 | 0.019395 |   6.159412 |      7 | 0.935671 | 0.600000 | 0.786667 | 0.766667 | 0.783333 |  -0.429675 |      280 |      236 |       44 |   6.157297 |      7 | 0.930803 | 1.752195
 503 | 150600.0 | 150900.0 | 0.011318 | 0.019389 |   6.157297 |      7 | 0.930803 | 0.600000 | 0.810000 | 0.820000 | 0.760000 |   1.547248 |      281 |      243 |       38 |   6.154920 |      7 | 0.948315 | 1.308759
 504 | 150900.0 | 151200.0 | 0.011305 | 0.019384 |   6.154920 |      7 | 0.948315 | 0.600000 | 0.776667 | 0.696667 | 0.793333 |  -2.493465 |      276 |      233 |       43 |   6.152923 |      7 | 0.920126 | 2.022549
 505 | 151200.0 | 151500.0 | 0.011292 | 0.019379 |   6.152923 |      7 | 0.920126 | 0.600000 | 0.733333 | 0.766667 | 0.716667 |   1.290072 |      274 |      220 |       54 |   6.151418 |      7 | 0.934693 | 1.653675
 506 | 151500.0 | 151800.0 | 0.011279 | 0.019374 |   6.151418 |      7 | 0.934693 | 0.600000 | 0.816667 | 0.816667 | 0.780000 |   0.946308 |      282 |      245 |       37 |   6.148974 |      7 | 0.945367 | 1.383407
 507 | 151800.0 | 152100.0 | 0.011266 | 0.019368 |   6.148974 |      7 | 0.945367 | 0.600000 | 0.806667 | 0.740000 | 0.830000 |  -2.323383 |      280 |      242 |       38 |   6.146645 |      7 | 0.919192 | 2.046206
 508 | 152100.0 | 152400.0 | 0.011253 | 0.019363 |   6.146645 |      7 | 0.919192 | 0.600000 | 0.773333 | 0.776667 | 0.750000 |   0.688595 |      278 |      232 |       46 |   6.144695 |      7 | 0.926940 | 1.849994
 509 | 152400.0 | 152700.0 | 0.011240 | 0.019358 |   6.144695 |      7 | 0.926940 | 0.600000 | 0.786667 | 0.756667 | 0.773333 |  -0.430487 |      279 |      236 |       43 |   6.142597 |      7 | 0.922102 | 1.972519
 510 | 152700.0 | 153000.0 | 0.011227 | 0.019353 |   6.142597 |      7 | 0.922102 | 0.600000 | 0.736667 | 0.773333 | 0.730000 |   1.119568 |      275 |      221 |       54 |   6.141062 |      7 | 0.934671 | 1.654236
 511 | 153000.0 | 153300.0 | 0.011214 | 0.019348 |   6.141062 |      7 | 0.934671 | 0.600000 | 0.806667 | 0.800000 | 0.770000 |   0.775293 |      281 |      242 |       39 |   6.138745 |      7 | 0.943366 | 1.434080
 512 | 153300.0 | 153600.0 | 0.011201 | 0.019342 |   6.138745 |      7 | 0.943366 | 0.600000 | 0.840000 | 0.743333 | 0.793333 |  -1.292500 |      282 |      252 |       30 |   6.136056 |      7 | 0.928888 | 1.800685
 513 | 153600.0 | 153900.0 | 0.011189 | 0.019337 |   6.136056 |      7 | 0.928888 | 0.600000 | 0.786667 | 0.790000 | 0.820000 |  -0.775707 |      279 |      236 |       43 |   6.133968 |      7 | 0.920209 | 2.020455
 514 | 153900.0 | 154200.0 | 0.011176 | 0.019332 |   6.133968 |      7 | 0.920209 | 0.600000 | 0.740000 | 0.776667 | 0.740000 |   0.948338 |      277 |      222 |       55 |   6.132403 |      7 | 0.930807 | 1.752082
 515 | 154200.0 | 154500.0 | 0.011163 | 0.019327 |   6.132403 |      7 | 0.930807 | 0.600000 | 0.793333 | 0.776667 | 0.773333 |   0.086235 |      279 |      238 |       41 |   6.130245 |      7 | 0.931770 | 1.727706
 516 | 154500.0 | 154800.0 | 0.011150 | 0.019322 |   6.130245 |      7 | 0.931770 | 0.600000 | 0.826667 | 0.793333 | 0.790000 |   0.086258 |      282 |      248 |       35 |   6.127718 |      7 | 0.932732 | 1.703351
 517 | 154800.0 | 155100.0 | 0.011138 | 0.019317 |   6.127718 |      7 | 0.932732 | 0.600000 | 0.800000 | 0.746667 | 0.796667 |  -1.294218 |      282 |      240 |       41 |   6.125490 |      7 | 0.918317 | 2.068358
 518 | 155100.0 | 155400.0 | 0.011125 | 0.019312 |   6.125490 |      7 | 0.918317 | 0.600000 | 0.793333 | 0.836667 | 0.773333 |   1.639776 |      280 |      238 |       42 |   6.123339 |      7 | 0.936560 | 1.606417
 519 | 155400.0 | 155700.0 | 0.011113 | 0.019306 |   6.123339 |      7 | 0.936560 | 0.600000 | 0.863333 | 0.756667 | 0.793333 |  -0.949595 |      287 |      259 |       28 |   6.120413 |      7 | 0.926007 | 1.873624
 520 | 155700.0 | 156000.0 | 0.011100 | 0.019301 |   6.120413 |      7 | 0.926007 | 0.600000 | 0.790000 | 0.733333 | 0.770000 |  -0.949845 |      279 |      237 |       42 |   6.118304 |      7 | 0.915464 | 2.140600
 521 | 156000.0 | 156300.0 | 0.011088 | 0.019296 |   6.118304 |      7 | 0.915464 | 0.600000 | 0.813333 | 0.793333 | 0.743333 |   1.295584 |      283 |      244 |       39 |   6.115939 |      7 | 0.929829 | 1.776857
 522 | 156300.0 | 156600.0 | 0.011075 | 0.019291 |   6.115939 |      7 | 0.929829 | 0.600000 | 0.766667 | 0.813333 | 0.770000 |   1.123134 |      278 |      230 |       48 |   6.114093 |      7 | 0.942268 | 1.461886
 523 | 156600.0 | 156900.0 | 0.011063 | 0.019286 |   6.114093 |      7 | 0.942268 | 0.600000 | 0.766667 | 0.800000 | 0.823333 |  -0.604923 |      275 |      230 |       45 |   6.112249 |      7 | 0.935575 | 1.631339
 524 | 156900.0 | 157200.0 | 0.011050 | 0.019281 |   6.112249 |      7 | 0.935575 | 0.600000 | 0.776667 | 0.763333 | 0.803333 |  -1.037282 |      278 |      233 |       45 |   6.110297 |      7 | 0.924113 | 1.921582
 525 | 157200.0 | 157500.0 | 0.011038 | 0.019276 |   6.110297 |      7 | 0.924113 | 0.600000 | 0.776667 | 0.810000 | 0.730000 |   2.075105 |      278 |      233 |       45 |   6.108347 |      7 | 0.947018 | 1.341596
 526 | 157500.0 | 157800.0 | 0.011025 | 0.019271 |   6.108347 |      7 | 0.947018 | 0.600000 | 0.793333 | 0.693333 | 0.736667 |  -1.124308 |      278 |      238 |       40 |   6.106215 |      7 | 0.934622 | 1.655485
 527 | 157800.0 | 158100.0 | 0.011013 | 0.019266 |   6.106215 |      7 | 0.934622 | 0.600000 | 0.813333 | 0.840000 | 0.773333 |   1.730155 |      280 |      244 |       36 |   6.103866 |      7 | 0.953676 | 1.172992
 528 | 158100.0 | 158400.0 | 0.011001 | 0.019261 |   6.103866 |      7 | 0.953676 | 0.600000 | 0.810000 | 0.603333 | 0.723333 |  -3.115089 |      278 |      243 |       35 |   6.101555 |      7 | 0.919408 | 2.040737
 529 | 158400.0 | 158700.0 | 0.010989 | 0.019256 |   6.101555 |      7 | 0.919408 | 0.600000 | 0.813333 | 0.796667 | 0.746667 |   1.298290 |      284 |      244 |       40 |   6.099211 |      7 | 0.933674 | 1.679485
 530 | 158700.0 | 159000.0 | 0.010976 | 0.019251 |   6.099211 |      7 | 0.933674 | 0.600000 | 0.826667 | 0.793333 | 0.750000 |   1.125476 |      283 |      248 |       35 |   6.096723 |      7 | 0.946028 | 1.366668
 531 | 159000.0 | 159300.0 | 0.010964 | 0.019246 |   6.096723 |      7 | 0.946028 | 0.600000 | 0.833333 | 0.736667 | 0.726667 |   0.259792 |      282 |      250 |       32 |   6.094165 |      7 | 0.948876 | 1.294541
 532 | 159300.0 | 159600.0 | 0.010952 | 0.019241 |   6.094165 |      7 | 0.948876 | 0.600000 | 0.780000 | 0.710000 | 0.753333 |  -1.126057 |      276 |      234 |       42 |   6.092193 |      7 | 0.936544 | 1.606826
 533 | 159600.0 | 159900.0 | 0.010940 | 0.019236 |   6.092193 |      7 | 0.936544 | 0.600000 | 0.750000 | 0.783333 | 0.783333 |   0.000000 |      276 |      225 |       51 |   6.090552 |      7 | 0.936544 | 1.606826
 534 | 159900.0 | 160200.0 | 0.010928 | 0.019231 |   6.090552 |      7 | 0.936544 | 0.600000 | 0.800000 | 0.800000 | 0.783333 |   0.433322 |      280 |      240 |       40 |   6.088367 |      7 | 0.941279 | 1.486920
 535 | 160200.0 | 160500.0 | 0.010916 | 0.019226 |   6.088367 |      7 | 0.941279 | 0.600000 | 0.813333 | 0.770000 | 0.783333 |  -0.346747 |      282 |      244 |       38 |   6.086038 |      7 | 0.937494 | 1.582764
 536 | 160500.0 | 160800.0 | 0.010904 | 0.019221 |   6.086038 |      7 | 0.937494 | 0.600000 | 0.816667 | 0.766667 | 0.786667 |  -0.520253 |      281 |      245 |       36 |   6.083676 |      7 | 0.931821 | 1.726408
 537 | 160800.0 | 161100.0 | 0.010892 | 0.019216 |   6.083676 |      7 | 0.931821 | 0.600000 | 0.793333 | 0.776667 | 0.763333 |   0.346924 |      280 |      238 |       42 |   6.081570 |      7 | 0.935600 | 1.630726
 538 | 161100.0 | 161400.0 | 0.010880 | 0.019212 |   6.081570 |      7 | 0.935600 | 0.600000 | 0.816667 | 0.750000 | 0.766667 |  -0.433766 |      282 |      245 |       38 |   6.079213 |      7 | 0.930880 | 1.750228
 539 | 161400.0 | 161700.0 | 0.010868 | 0.019207 |   6.079213 |      7 | 0.930880 | 0.600000 | 0.810000 | 0.770000 | 0.763333 |   0.173551 |      282 |      243 |       38 |   6.076930 |      7 | 0.932767 | 1.702467
 540 | 161700.0 | 162000.0 | 0.010856 | 0.019202 |   6.076930 |      7 | 0.932767 | 0.600000 | 0.746667 | 0.783333 | 0.766667 |   0.433987 |      274 |      224 |       50 |   6.075338 |      7 | 0.937478 | 1.583166
 541 | 162000.0 | 162300.0 | 0.010844 | 0.019197 |   6.075338 |      7 | 0.937478 | 0.600000 | 0.820000 | 0.780000 | 0.770000 |   0.260458 |      283 |      246 |       37 |   6.072952 |      7 | 0.940302 | 1.511646
 542 | 162300.0 | 162600.0 | 0.010832 | 0.019192 |   6.072952 |      7 | 0.940302 | 0.600000 | 0.850000 | 0.773333 | 0.760000 |   0.347366 |      285 |      255 |       30 |   6.070244 |      7 | 0.944065 | 1.416365
 543 | 162600.0 | 162900.0 | 0.010821 | 0.019187 |   6.070244 |      7 | 0.944065 | 0.600000 | 0.780000 | 0.766667 | 0.750000 |   0.434317 |      276 |      234 |       42 |   6.068297 |      7 | 0.948765 | 1.297363
 544 | 162900.0 | 163200.0 | 0.010809 | 0.019182 |   6.068297 |      7 | 0.948765 | 0.600000 | 0.810000 | 0.703333 | 0.750000 |  -1.216395 |      280 |      243 |       37 |   6.066027 |      7 | 0.935617 | 1.630289
 545 | 163200.0 | 163500.0 | 0.010797 | 0.019178 |   6.066027 |      7 | 0.935617 | 0.600000 | 0.776667 | 0.803333 | 0.806667 |  -0.086907 |      278 |      233 |       45 |   6.064119 |      7 | 0.934679 | 1.654050
 546 | 163500.0 | 163800.0 | 0.010785 | 0.019173 |   6.064119 |      7 | 0.934679 | 0.600000 | 0.826667 | 0.810000 | 0.783333 |   0.695434 |      283 |      248 |       36 |   6.061674 |      7 | 0.942179 | 1.464123
 547 | 163800.0 | 164100.0 | 0.010774 | 0.019168 |   6.061674 |      7 | 0.942179 | 0.600000 | 0.860000 | 0.766667 | 0.773333 |  -0.173902 |      285 |      258 |       26 |   6.058873 |      7 | 0.940306 | 1.511566
 548 | 164100.0 | 164400.0 | 0.010762 | 0.019163 |   6.058873 |      7 | 0.940306 | 0.600000 | 0.783333 | 0.790000 | 0.783333 |   0.173946 |      278 |      235 |       43 |   6.056900 |      7 | 0.942178 | 1.464163
 549 | 164400.0 | 164700.0 | 0.010751 | 0.019158 |   6.056900 |      7 | 0.942178 | 0.600000 | 0.746667 | 0.766667 | 0.773333 |  -0.173989 |      274 |      224 |       50 |   6.055324 |      7 | 0.940307 | 1.511526
 550 | 164700.0 | 165000.0 | 0.010739 | 0.019153 |   6.055324 |      7 | 0.940307 | 0.600000 | 0.813333 | 0.740000 | 0.786667 |  -1.218231 |      281 |      244 |       37 |   6.053033 |      7 | 0.927225 | 1.842797
 551 | 165000.0 | 165300.0 | 0.010727 | 0.019149 |   6.053033 |      7 | 0.927225 | 0.600000 | 0.803333 | 0.803333 | 0.763333 |   1.044458 |      281 |      241 |       40 |   6.050851 |      7 | 0.938429 | 1.559085
 552 | 165300.0 | 165600.0 | 0.010716 | 0.019144 |   6.050851 |      7 | 0.938429 | 0.600000 | 0.836667 | 0.776667 | 0.720000 |   1.480018 |      284 |      251 |       33 |   6.048315 |      7 | 0.954289 | 1.157491
 553 | 165600.0 | 165900.0 | 0.010704 | 0.019139 |   6.048315 |      7 | 0.954289 | 0.600000 | 0.796667 | 0.583333 | 0.763333 |  -4.702406 |      276 |      239 |       37 |   6.046210 |      7 | 0.903952 | 2.432092
 554 | 165900.0 | 166200.0 | 0.010693 | 0.019134 |   6.046210 |      7 | 0.903952 | 0.600000 | 0.780000 | 0.803333 | 0.763333 |   1.045239 |      280 |      234 |       46 |   6.044285 |      7 | 0.915129 | 2.149080
 555 | 166200.0 | 166500.0 | 0.010681 | 0.019130 |   6.044285 |      7 | 0.915129 | 0.600000 | 0.796667 | 0.743333 | 0.770000 |  -0.696999 |      280 |      239 |       41 |   6.042185 |      7 | 0.907684 | 2.337600
 556 | 166500.0 | 166800.0 | 0.010670 | 0.019125 |   6.042185 |      7 | 0.907684 | 0.600000 | 0.786667 | 0.786667 | 0.783333 |   0.087146 |      280 |      236 |       44 |   6.040193 |      7 | 0.908614 | 2.314054
 557 | 166800.0 | 167100.0 | 0.010659 | 0.019120 |   6.040193 |      7 | 0.908614 | 0.600000 | 0.810000 | 0.776667 | 0.790000 |  -0.348672 |      283 |      243 |       40 |   6.037955 |      7 | 0.904897 | 2.408160
 558 | 167100.0 | 167400.0 | 0.010647 | 0.019115 |   6.037955 |      7 | 0.904897 | 0.600000 | 0.776667 | 0.793333 | 0.753333 |   1.046274 |      279 |      233 |       46 |   6.036074 |      7 | 0.916038 | 2.126074
 559 | 167400.0 | 167700.0 | 0.010636 | 0.019111 |   6.036074 |      7 | 0.916038 | 0.600000 | 0.750000 | 0.770000 | 0.793333 |  -0.610477 |      277 |      225 |       52 |   6.034478 |      7 | 0.909544 | 2.290490
 560 | 167700.0 | 168000.0 | 0.010625 | 0.019106 |   6.034478 |      7 | 0.909544 | 0.600000 | 0.763333 | 0.820000 | 0.753333 |   1.744650 |      277 |      229 |       48 |   6.032743 |      7 | 0.928081 | 1.821114
 561 | 168000.0 | 168300.0 | 0.010614 | 0.019101 |   6.032743 |      7 | 0.928081 | 0.600000 | 0.776667 | 0.810000 | 0.756667 |   1.396063 |      280 |      233 |       47 |   6.030868 |      7 | 0.942898 | 1.445919
 562 | 168300.0 | 168600.0 | 0.010602 | 0.019097 |   6.030868 |      7 | 0.942898 | 0.600000 | 0.756667 | 0.806667 | 0.713333 |   2.443709 |      275 |      227 |       48 |   6.029207 |      7 | 0.968807 | 0.789861
 563 | 168600.0 | 168900.0 | 0.010591 | 0.019092 |   6.029207 |      7 | 0.968807 | 0.600000 | 0.693333 | 0.246667 | 0.820000 | -15.015032 |      234 |      208 |       27 |   6.028218 |      7 | 0.809781 | 4.816660
 564 | 168900.0 | 169200.0 | 0.010580 | 0.019087 |   6.028218 |      7 | 0.809781 | 0.600000 | 0.693333 | 0.670000 | 0.723333 |  -1.397089 |      273 |      208 |       64 |   6.027231 |      7 | 0.795000 | 5.190943
 565 | 169200.0 | 169500.0 | 0.010569 | 0.019083 |   6.027231 |      7 | 0.795000 | 0.600000 | 0.713333 | 0.713333 | 0.666667 |   1.222751 |      272 |      214 |       58 |   6.026033 |      7 | 0.807923 | 4.863711
 566 | 169500.0 | 169800.0 | 0.010558 | 0.019078 |   6.026033 |      7 | 0.807923 | 0.600000 | 0.686667 | 0.720000 | 0.630000 |   2.358738 |      273 |      206 |       67 |   6.025118 |      7 | 0.832826 | 4.233130
 567 | 169800.0 | 170100.0 | 0.010547 | 0.019073 |   6.025118 |      7 | 0.832826 | 0.600000 | 0.736667 | 0.756667 | 0.673333 |   2.184548 |      277 |      221 |       56 |   6.023677 |      7 | 0.855866 | 3.649729
 568 | 170100.0 | 170400.0 | 0.010536 | 0.019069 |   6.023677 |      7 | 0.855866 | 0.600000 | 0.793333 | 0.736667 | 0.763333 |  -0.699225 |      281 |      238 |       43 |   6.021640 |      7 | 0.848499 | 3.836267
 569 | 170400.0 | 170700.0 | 0.010525 | 0.019064 |   6.021640 |      7 | 0.848499 | 0.600000 | 0.693333 | 0.763333 | 0.706667 |   1.486214 |      272 |      208 |       64 |   6.020657 |      7 | 0.864141 | 3.440193
 570 | 170700.0 | 171000.0 | 0.010514 | 0.019059 |   6.020657 |      7 | 0.864141 | 0.600000 | 0.760000 | 0.720000 | 0.693333 |   0.699564 |      279 |      228 |       51 |   6.018975 |      7 | 0.871495 | 3.253955
 571 | 171000.0 | 171300.0 | 0.010503 | 0.019055 |   6.018975 |      7 | 0.871495 | 0.600000 | 0.833333 | 0.833333 | 0.696667 |   3.586133 |      284 |      250 |       34 |   6.016525 |      7 | 0.909159 | 2.300251
 572 | 171300.0 | 171600.0 | 0.010492 | 0.019050 |   6.016525 |      7 | 0.909159 | 0.600000 | 0.816667 | 0.820000 | 0.736667 |   2.187194 |      283 |      245 |       39 |   6.014251 |      7 | 0.932106 | 1.719190
 573 | 171600.0 | 171900.0 | 0.010481 | 0.019046 |   6.014251 |      7 | 0.932106 | 0.600000 | 0.773333 | 0.746667 | 0.780000 |  -0.875088 |      278 |      232 |       45 |   6.012435 |      7 | 0.922935 | 1.951428
 574 | 171900.0 | 172200.0 | 0.010470 | 0.019041 |   6.012435 |      7 | 0.922935 | 0.600000 | 0.840000 | 0.746667 | 0.803333 |  -1.488008 |      286 |      252 |       34 |   6.009922 |      7 | 0.907355 | 2.345919
 575 | 172200.0 | 172500.0 | 0.010459 | 0.019037 |   6.009922 |      7 | 0.907355 | 0.600000 | 0.800000 | 0.800000 | 0.780000 |   0.525306 |      281 |      240 |       41 |   6.007830 |      7 | 0.912850 | 2.206798
 576 | 172500.0 | 172800.0 | 0.010448 | 0.019032 |   6.007830 |      7 | 0.912850 | 0.600000 | 0.756667 | 0.756667 | 0.756667 |   0.000000 |      277 |      227 |       50 |   6.006193 |      7 | 0.912850 | 2.206798
 577 | 172800.0 | 173100.0 | 0.010437 | 0.019027 |   6.006193 |      7 | 0.912850 | 0.600000 | 0.790000 | 0.743333 | 0.730000 |   0.350372 |      281 |      237 |       44 |   6.004210 |      7 | 0.916507 | 2.114198
 578 | 173100.0 | 173400.0 | 0.010427 | 0.019023 |   6.004210 |      7 | 0.916507 | 0.600000 | 0.806667 | 0.773333 | 0.763333 |   0.262842 |      281 |      242 |       39 |   6.002055 |      7 | 0.919247 | 2.044803
 579 | 173400.0 | 173700.0 | 0.010416 | 0.019018 |   6.002055 |      7 | 0.919247 | 0.600000 | 0.813333 | 0.833333 | 0.760000 |   1.927964 |      283 |      244 |       40 |   5.999833 |      6 | 0.939328 | 1.536312
 580 | 173700.0 | 174000.0 | 0.010405 | 0.019014 |   5.999833 |      6 | 0.939328 | 0.600000 | 0.683333 | 0.666667 | 0.666667 |   0.000000 |      239 |      205 |       34 |   5.998966 |      6 | 0.939328 | 1.536312
 581 | 174000.0 | 174300.0 | 0.010394 | 0.019009 |   5.998966 |      6 | 0.939328 | 0.600000 | 0.720000 | 0.646667 | 0.626667 |   0.526059 |      245 |      216 |       29 |   5.997719 |      6 | 0.944796 | 1.397852
 582 | 174300.0 | 174600.0 | 0.010384 | 0.019005 |   5.997719 |      6 | 0.944796 | 0.600000 | 0.706667 | 0.636667 | 0.650000 |  -0.350789 |      242 |      212 |       30 |   5.996611 |      6 | 0.941154 | 1.490086
 583 | 174600.0 | 174900.0 | 0.010373 | 0.019000 |   5.996611 |      6 | 0.941154 | 0.600000 | 0.713333 | 0.710000 | 0.623333 |   2.280671 |      242 |      214 |       28 |   5.995436 |      6 | 0.964811 | 0.891038
 584 | 174900.0 | 175200.0 | 0.010362 | 0.018996 |   5.995436 |      6 | 0.964811 | 0.600000 | 0.676667 | 0.373333 | 0.650000 |  -7.282328 |      233 |      203 |       31 |   5.994641 |      6 | 0.889349 | 2.801878
 585 | 175200.0 | 175500.0 | 0.010352 | 0.018991 |   5.994641 |      6 | 0.889349 | 0.600000 | 0.666667 | 0.700000 | 0.633333 |   1.755193 |      241 |      200 |       40 |   5.993951 |      6 | 0.907518 | 2.341796
 586 | 175500.0 | 175800.0 | 0.010341 | 0.018987 |   5.993951 |      6 | 0.907518 | 0.600000 | 0.670000 | 0.693333 | 0.610000 |   2.194509 |      239 |      201 |       38 |   5.993227 |      6 | 0.930212 | 1.767146
 587 | 175800.0 | 176100.0 | 0.010331 | 0.018982 |   5.993227 |      6 | 0.930212 | 0.600000 | 0.686667 | 0.716667 | 0.656667 |   1.580419 |      240 |      206 |       34 |   5.992332 |      6 | 0.946539 | 1.353722
 588 | 176100.0 | 176400.0 | 0.010320 | 0.018978 |   5.992332 |      6 | 0.946539 | 0.600000 | 0.660000 | 0.706667 | 0.706667 |   0.000000 |      238 |      198 |       40 |   5.991713 |      6 | 0.946539 | 1.353722
 589 | 176400.0 | 176700.0 | 0.010310 | 0.018973 |   5.991713 |      6 | 0.946539 | 0.600000 | 0.690000 | 0.666667 | 0.653333 |   0.351369 |      241 |      207 |       34 |   5.990785 |      6 | 0.950162 | 1.261994
 590 | 176700.0 | 177000.0 | 0.010299 | 0.018969 |   5.990785 |      6 | 0.950162 | 0.600000 | 0.720000 | 0.636667 | 0.646667 |  -0.263589 |      244 |      216 |       28 |   5.989549 |      6 | 0.947447 | 1.330736
 591 | 177000.0 | 177300.0 | 0.010289 | 0.018964 |   5.989549 |      6 | 0.947447 | 0.600000 | 0.673333 | 0.630000 | 0.650000 |  -0.527301 |      238 |      202 |       36 |   5.988795 |      6 | 0.942022 | 1.468114
 592 | 177300.0 | 177600.0 | 0.010278 | 0.018960 |   5.988795 |      6 | 0.942022 | 0.600000 | 0.680000 | 0.710000 | 0.686667 |   0.615329 |      239 |      204 |       35 |   5.987972 |      6 | 0.948346 | 1.307965
 593 | 177600.0 | 177900.0 | 0.010268 | 0.018956 |   5.987972 |      6 | 0.948346 | 0.600000 | 0.660000 | 0.683333 | 0.673333 |   0.263774 |      238 |      198 |       40 |   5.987356 |      6 | 0.951055 | 1.239382
 594 | 177900.0 | 178200.0 | 0.010258 | 0.018951 |   5.987356 |      6 | 0.951055 | 0.600000 | 0.710000 | 0.653333 | 0.680000 |  -0.703561 |      242 |      213 |       29 |   5.986228 |      6 | 0.943838 | 1.422126
 595 | 178200.0 | 178500.0 | 0.010247 | 0.018947 |   5.986228 |      6 | 0.943838 | 0.600000 | 0.693333 | 0.733333 | 0.673333 |   1.583380 |      241 |      208 |       33 |   5.985271 |      6 | 0.960063 | 1.011271
 596 | 178500.0 | 178800.0 | 0.010237 | 0.018942 |   5.985271 |      6 | 0.960063 | 0.600000 | 0.713333 | 0.443333 | 0.673333 |  -6.071035 |      238 |      214 |       25 |   5.984111 |      6 | 0.897914 | 2.584998
 597 | 178800.0 | 179100.0 | 0.010227 | 0.018938 |   5.984111 |      6 | 0.897914 | 0.600000 | 0.596667 | 0.653333 | 0.610000 |   1.144084 |      235 |      179 |       55 |   5.984145 |      6 | 0.909614 | 2.288728
 598 | 179100.0 | 179400.0 | 0.010216 | 0.018934 |   5.984145 |      6 | 0.909614 | 0.600000 | 0.720000 | 0.636667 | 0.623333 |   0.352107 |      244 |      216 |       28 |   5.982919 |      6 | 0.913211 | 2.197638
 599 | 179400.0 | 179700.0 | 0.010206 | 0.018929 |   5.982919 |      6 | 0.913211 | 0.600000 | 0.683333 | 0.673333 | 0.653333 |   0.528283 |      242 |      205 |       37 |   5.982069 |      6 | 0.918603 | 2.061109
 600 | 179700.0 | 180000.0 | 0.010196 | 0.018925 |   5.982069 |      6 | 0.918603 | 0.600000 | 0.680000 | 0.640000 | 0.640000 |   0.000000 |      240 |      204 |       36 |   5.981253 |      6 | 0.918603 | 2.061109
 601 | 180000.0 | 180300.0 | 0.010186 | 0.018921 |   5.981253 |      6 | 0.918603 | 0.600000 | 0.693333 | 0.713333 | 0.696667 |   0.440439 |      241 |      208 |       33 |   5.980302 |      6 | 0.923089 | 1.947509
 602 | 180300.0 | 180600.0 | 0.010176 | 0.018916 |   5.980302 |      6 | 0.923089 | 0.600000 | 0.710000 | 0.656667 | 0.643333 |   0.352432 |      245 |      213 |       32 |   5.979183 |      6 | 0.926676 | 1.856700
 603 | 180600.0 | 180900.0 | 0.010166 | 0.018912 |   5.979183 |      6 | 0.926676 | 0.600000 | 0.686667 | 0.710000 | 0.700000 |   0.264385 |      240 |      206 |       34 |   5.978302 |      6 | 0.929363 | 1.788644
 604 | 180900.0 | 181200.0 | 0.010155 | 0.018907 |   5.978302 |      6 | 0.929363 | 0.600000 | 0.690000 | 0.726667 | 0.673333 |   1.410378 |      242 |      207 |       35 |   5.977388 |      6 | 0.943686 | 1.425961
 605 | 181200.0 | 181500.0 | 0.010145 | 0.018903 |   5.977388 |      6 | 0.943686 | 0.600000 | 0.693333 | 0.686667 | 0.653333 |   0.881688 |      241 |      208 |       33 |   5.976441 |      6 | 0.952631 | 1.199457
 606 | 181500.0 | 181800.0 | 0.010135 | 0.018899 |   5.976441 |      6 | 0.952631 | 0.600000 | 0.710000 | 0.603333 | 0.663333 |  -1.587402 |      241 |      213 |       28 |   5.975326 |      6 | 0.936543 | 1.606853
 607 | 181800.0 | 182100.0 | 0.010125 | 0.018894 |   5.975326 |      6 | 0.936543 | 0.600000 | 0.730000 | 0.686667 | 0.690000 |  -0.088209 |      245 |      219 |       26 |   5.974010 |      6 | 0.935649 | 1.629469
 608 | 182100.0 | 182400.0 | 0.010115 | 0.018890 |   5.974010 |      6 | 0.935649 | 0.600000 | 0.673333 | 0.680000 | 0.656667 |   0.617605 |      240 |      202 |       38 |   5.973268 |      6 | 0.941897 | 1.471278
 609 | 182400.0 | 182700.0 | 0.010105 | 0.018886 |   5.973268 |      6 | 0.941897 | 0.600000 | 0.690000 | 0.666667 | 0.700000 |  -0.882494 |      241 |      207 |       34 |   5.972359 |      6 | 0.932979 | 1.697093
 610 | 182700.0 | 183000.0 | 0.010095 | 0.018882 |   5.972359 |      6 | 0.932979 | 0.600000 | 0.680000 | 0.700000 | 0.646667 |   1.412311 |      240 |      204 |       36 |   5.971551 |      6 | 0.947236 | 1.336064
 611 | 183000.0 | 183300.0 | 0.010085 | 0.018877 |   5.971551 |      6 | 0.947236 | 0.600000 | 0.670000 | 0.643333 | 0.676667 |  -0.882895 |      238 |      201 |       37 |   5.970845 |      6 | 0.938332 | 1.561536
 612 | 183300.0 | 183600.0 | 0.010075 | 0.018873 |   5.970845 |      6 | 0.938332 | 0.600000 | 0.683333 | 0.680000 | 0.633333 |   1.236333 |      240 |      205 |       35 |   5.970006 |      6 | 0.950789 | 1.246113
 613 | 183600.0 | 183900.0 | 0.010066 | 0.018869 |   5.970006 |      6 | 0.950789 | 0.600000 | 0.693333 | 0.656667 | 0.683333 |  -0.706636 |      241 |      208 |       33 |   5.969066 |      6 | 0.943676 | 1.426219
 614 | 183900.0 | 184200.0 | 0.010056 | 0.018864 |   5.969066 |      6 | 0.943676 | 0.600000 | 0.703333 | 0.666667 | 0.703333 |  -0.971844 |      241 |      211 |       30 |   5.968027 |      6 | 0.933904 | 1.673676
 615 | 184200.0 | 184500.0 | 0.010046 | 0.018860 |   5.968027 |      6 | 0.933904 | 0.600000 | 0.660000 | 0.690000 | 0.666667 |   0.618586 |      238 |      198 |       40 |   5.967424 |      6 | 0.940118 | 1.516322
 616 | 184500.0 | 184800.0 | 0.010036 | 0.018856 |   5.967424 |      6 | 0.940118 | 0.600000 | 0.723333 | 0.680000 | 0.593333 |   2.298123 |      246 |      217 |       29 |   5.966187 |      6 | 0.963182 | 0.932303
 617 | 184800.0 | 185100.0 | 0.010026 | 0.018852 |   5.966187 |      6 | 0.963182 | 0.600000 | 0.686667 | 0.396667 | 0.680000 |  -7.514785 |      235 |      206 |       29 |   5.965318 |      6 | 0.887837 | 2.840162
 618 | 185100.0 | 185400.0 | 0.010016 | 0.018847 |   5.965318 |      6 | 0.887837 | 0.600000 | 0.583333 | 0.663333 | 0.633333 |   0.795862 |      232 |      175 |       57 |   5.965485 |      6 | 0.895809 | 2.638305
 619 | 185400.0 | 185700.0 | 0.010007 | 0.018843 |   5.965485 |      6 | 0.895809 | 0.600000 | 0.620000 | 0.720000 | 0.610000 |   2.918815 |      235 |      186 |       49 |   5.965284 |      6 | 0.925016 | 1.898717
 620 | 185700.0 | 186000.0 | 0.009997 | 0.018839 |   5.965284 |      6 | 0.925016 | 0.600000 | 0.670000 | 0.686667 | 0.650000 |   0.973156 |      240 |      201 |       39 |   5.964585 |      6 | 0.934745 | 1.652373
 621 | 186000.0 | 186300.0 | 0.009987 | 0.018835 |   5.964585 |      6 | 0.934745 | 0.600000 | 0.623333 | 0.716667 | 0.663333 |   1.415817 |      235 |      187 |       48 |   5.964352 |      6 | 0.948885 | 1.294321
 622 | 186300.0 | 186600.0 | 0.009978 | 0.018831 |   5.964352 |      6 | 0.948885 | 0.600000 | 0.686667 | 0.656667 | 0.693333 |  -0.973592 |      239 |      206 |       33 |   5.963487 |      6 | 0.939171 | 1.540298
 623 | 186600.0 | 186900.0 | 0.009968 | 0.018826 |   5.963487 |      6 | 0.939171 | 0.600000 | 0.676667 | 0.666667 | 0.696667 |  -0.796753 |      240 |      203 |       37 |   5.962723 |      6 | 0.931229 | 1.741401
 624 | 186900.0 | 187200.0 | 0.009958 | 0.018822 |   5.962723 |      6 | 0.931229 | 0.600000 | 0.736667 | 0.693333 | 0.636667 |   1.505312 |      245 |      221 |       24 |   5.961362 |      6 | 0.946219 | 1.361822
 625 | 187200.0 | 187500.0 | 0.009949 | 0.018818 |   5.961362 |      6 | 0.946219 | 0.600000 | 0.656667 | 0.680000 | 0.673333 |   0.177135 |      238 |      197 |       41 |   5.960798 |      6 | 0.947981 | 1.317199
 626 | 187500.0 | 187800.0 | 0.009939 | 0.018814 |   5.960798 |      6 | 0.947981 | 0.600000 | 0.673333 | 0.680000 | 0.653333 |   0.708697 |      238 |      202 |       36 |   5.960069 |      6 | 0.955025 | 1.138838
 627 | 187800.0 | 188100.0 | 0.009929 | 0.018810 |   5.960069 |      6 | 0.955025 | 0.600000 | 0.683333 | 0.553333 | 0.703333 |  -3.987306 |      238 |      205 |       33 |   5.959242 |      6 | 0.915433 | 2.141371
 628 | 188100.0 | 188400.0 | 0.009920 | 0.018806 |   5.959242 |      6 | 0.915433 | 0.600000 | 0.693333 | 0.680000 | 0.646667 |   0.886264 |      243 |      208 |       35 |   5.958316 |      6 | 0.924225 | 1.918751
 629 | 188400.0 | 188700.0 | 0.009910 | 0.018801 |   5.958316 |      6 | 0.924225 | 0.600000 | 0.680000 | 0.656667 | 0.680000 |  -0.620522 |      240 |      204 |       36 |   5.957523 |      6 | 0.918075 | 2.074470
 630 | 188700.0 | 189000.0 | 0.009901 | 0.018797 |   5.957523 |      6 | 0.918075 | 0.600000 | 0.680000 | 0.653333 | 0.620000 |   0.886656 |      241 |      204 |       37 |   5.956731 |      6 | 0.926854 | 1.852179
 631 | 189000.0 | 189300.0 | 0.009891 | 0.018793 |   5.956731 |      6 | 0.926854 | 0.600000 | 0.703333 | 0.720000 | 0.680000 |   1.064222 |      243 |      211 |       32 |   5.955709 |      6 | 0.937381 | 1.585626
 632 | 189300.0 | 189600.0 | 0.009882 | 0.018789 |   5.955709 |      6 | 0.937381 | 0.600000 | 0.700000 | 0.713333 | 0.643333 |   1.862798 |      241 |      210 |       32 |   5.954721 |      6 | 0.955789 | 1.119502
 633 | 189600.0 | 189900.0 | 0.009873 | 0.018785 |   5.954721 |      6 | 0.955789 | 0.600000 | 0.673333 | 0.560000 | 0.656667 |  -2.573000 |      238 |      202 |       36 |   5.953997 |      6 | 0.930387 | 1.762723
 634 | 189900.0 | 190200.0 | 0.009863 | 0.018781 |   5.953997 |      6 | 0.930387 | 0.600000 | 0.633333 | 0.673333 | 0.663333 |   0.266231 |      236 |      190 |       45 |   5.953668 |      6 | 0.933013 | 1.696232
 635 | 190200.0 | 190500.0 | 0.009854 | 0.018777 |   5.953668 |      6 | 0.933013 | 0.600000 | 0.673333 | 0.703333 | 0.690000 |   0.355052 |      241 |      202 |       39 |   5.952945 |      6 | 0.936511 | 1.607642
 636 | 190500.0 | 190800.0 | 0.009844 | 0.018772 |   5.952945 |      6 | 0.936511 | 0.600000 | 0.726667 | 0.680000 | 0.650000 |   0.799042 |      245 |      218 |       27 |   5.951698 |      6 | 0.944377 | 1.408461
 637 | 190800.0 | 191100.0 | 0.009835 | 0.018768 |   5.951698 |      6 | 0.944377 | 0.600000 | 0.683333 | 0.673333 | 0.660000 |   0.355208 |      238 |      205 |       33 |   5.950879 |      6 | 0.947871 | 1.320001
 638 | 191100.0 | 191400.0 | 0.009826 | 0.018764 |   5.950879 |      6 | 0.947871 | 0.600000 | 0.683333 | 0.643333 | 0.703333 |  -1.598783 |      240 |      205 |       35 |   5.950060 |      6 | 0.932162 | 1.717781
 639 | 191400.0 | 191700.0 | 0.009816 | 0.018760 |   5.950060 |      6 | 0.932162 | 0.600000 | 0.700000 | 0.716667 | 0.643333 |   1.954494 |      242 |      210 |       32 |   5.949078 |      6 | 0.951348 | 1.231960
 640 | 191700.0 | 192000.0 | 0.009807 | 0.018756 |   5.949078 |      6 | 0.951348 | 0.600000 | 0.730000 | 0.606667 | 0.713333 |  -2.843519 |      245 |      219 |       26 |   5.947803 |      6 | 0.923461 | 1.938094
 641 | 192000.0 | 192300.0 | 0.009798 | 0.018752 |   5.947803 |      6 | 0.923461 | 0.600000 | 0.676667 | 0.660000 | 0.656667 |   0.088879 |      239 |      203 |       36 |   5.947052 |      6 | 0.924332 | 1.916043
 642 | 192300.0 | 192600.0 | 0.009789 | 0.018748 |   5.947052 |      6 | 0.924332 | 0.600000 | 0.693333 | 0.726667 | 0.676667 |   1.333478 |      242 |      208 |       34 |   5.946139 |      6 | 0.937385 | 1.585524
 643 | 192600.0 | 192900.0 | 0.009779 | 0.018744 |   5.946139 |      6 | 0.937385 | 0.600000 | 0.690000 | 0.666667 | 0.690000 |  -0.622425 |      241 |      207 |       34 |   5.945258 |      6 | 0.931298 | 1.739654
 644 | 192900.0 | 193200.0 | 0.009770 | 0.018740 |   5.945258 |      6 | 0.931298 | 0.600000 | 0.656667 | 0.666667 | 0.623333 |   1.156182 |      239 |      197 |       42 |   5.944705 |      6 | 0.942594 | 1.453620
 645 | 193200.0 | 193500.0 | 0.009761 | 0.018736 |   5.944705 |      6 | 0.942594 | 0.600000 | 0.686667 | 0.680000 | 0.626667 |   1.423300 |      238 |      206 |       32 |   5.943859 |      6 | 0.956487 | 1.101833
 646 | 193500.0 | 193800.0 | 0.009752 | 0.018732 |   5.943859 |      6 | 0.956487 | 0.600000 | 0.700000 | 0.550000 | 0.686667 |  -3.647993 |      241 |      210 |       31 |   5.942884 |      6 | 0.920912 | 2.002636
 647 | 193800.0 | 194100.0 | 0.009743 | 0.018728 |   5.942884 |      6 | 0.920912 | 0.600000 | 0.693333 | 0.676667 | 0.633333 |   1.156930 |      242 |      208 |       34 |   5.941974 |      6 | 0.932184 | 1.717222
 648 | 194100.0 | 194400.0 | 0.009733 | 0.018724 |   5.941974 |      6 | 0.932184 | 0.600000 | 0.683333 | 0.726667 | 0.686667 |   1.068165 |      241 |      205 |       36 |   5.941163 |      6 | 0.942581 | 1.453952
 649 | 194400.0 | 194700.0 | 0.009724 | 0.018720 |   5.941163 |      6 | 0.942581 | 0.600000 | 0.683333 | 0.680000 | 0.683333 |  -0.089033 |      240 |      205 |       35 |   5.940353 |      6 | 0.941715 | 1.475876
 650 | 194700.0 | 195000.0 | 0.009715 | 0.018716 |   5.940353 |      6 | 0.941715 | 0.600000 | 0.686667 | 0.680000 | 0.676667 |   0.089052 |      241 |      206 |       35 |   5.939511 |      6 | 0.942580 | 1.453968
 651 | 195000.0 | 195300.0 | 0.009706 | 0.018712 |   5.939511 |      6 | 0.942580 | 0.600000 | 0.713333 | 0.656667 | 0.690000 |  -0.890710 |      243 |      214 |       29 |   5.938411 |      6 | 0.933935 | 1.672886
 652 | 195300.0 | 195600.0 | 0.009697 | 0.018708 |   5.938411 |      6 | 0.933935 | 0.600000 | 0.680000 | 0.666667 | 0.660000 |   0.178180 |      240 |      204 |       36 |   5.937635 |      6 | 0.935663 | 1.629134
 653 | 195600.0 | 195900.0 | 0.009688 | 0.018704 |   5.937635 |      6 | 0.935663 | 0.600000 | 0.670000 | 0.730000 | 0.696667 |   0.891091 |      239 |      201 |       38 |   5.936957 |      6 | 0.944296 | 1.410530
 654 | 195900.0 | 196200.0 | 0.009679 | 0.018700 |   5.936957 |      6 | 0.944296 | 0.600000 | 0.716667 | 0.710000 | 0.666667 |   1.158665 |      243 |      215 |       29 |   5.935828 |      6 | 0.955511 | 1.126547
 655 | 196200.0 | 196500.0 | 0.009670 | 0.018696 |   5.935828 |      6 | 0.955511 | 0.600000 | 0.700000 | 0.563333 | 0.690000 |  -3.387589 |      239 |      210 |       28 |   5.934861 |      6 | 0.922752 | 1.956056
 656 | 196500.0 | 196800.0 | 0.009661 | 0.018692 |   5.934861 |      6 | 0.922752 | 0.600000 | 0.673333 | 0.716667 | 0.626667 |   2.407483 |      240 |      202 |       38 |   5.934152 |      6 | 0.946011 | 1.367089
 657 | 196800.0 | 197100.0 | 0.009652 | 0.018688 |   5.934152 |      6 | 0.946011 | 0.600000 | 0.696667 | 0.656667 | 0.710000 |  -1.426959 |      242 |      209 |       33 |   5.933219 |      6 | 0.932238 | 1.715858
 658 | 197100.0 | 197400.0 | 0.009643 | 0.018684 |   5.933219 |      6 | 0.932238 | 0.600000 | 0.716667 | 0.700000 | 0.676667 |   0.624427 |      243 |      215 |       28 |   5.932094 |      6 | 0.938259 | 1.563380
 659 | 197400.0 | 197700.0 | 0.009635 | 0.018680 |   5.932094 |      6 | 0.938259 | 0.600000 | 0.720000 | 0.710000 | 0.636667 |   1.962901 |      245 |      216 |       29 |   5.930938 |      6 | 0.957171 | 1.084505
 660 | 197700.0 | 198000.0 | 0.009626 | 0.018676 |   5.930938 |      6 | 0.957171 | 0.600000 | 0.676667 | 0.526667 | 0.660000 |  -3.569665 |      237 |      203 |       34 |   5.930200 |      6 | 0.922811 | 1.954569
 661 | 198000.0 | 198300.0 | 0.009617 | 0.018672 |   5.930200 |      6 | 0.922811 | 0.600000 | 0.703333 | 0.646667 | 0.686667 |  -1.071126 |      243 |      211 |       32 |   5.929206 |      6 | 0.912510 | 2.215403
 662 | 198300.0 | 198600.0 | 0.009608 | 0.018668 |   5.929206 |      6 | 0.912510 | 0.600000 | 0.656667 | 0.696667 | 0.653333 |   1.160631 |      238 |      197 |       41 |   5.928662 |      6 | 0.923661 | 1.933033
 663 | 198600.0 | 198900.0 | 0.009599 | 0.018664 |   5.928662 |      6 | 0.923661 | 0.600000 | 0.706667 | 0.710000 | 0.646667 |   1.696664 |      243 |      212 |       31 |   5.927638 |      6 | 0.939948 | 1.520630
 664 | 198900.0 | 199200.0 | 0.009590 | 0.018660 |   5.927638 |      6 | 0.939948 | 0.600000 | 0.696667 | 0.633333 | 0.646667 |  -0.357267 |      242 |      209 |       33 |   5.926711 |      6 | 0.936521 | 1.607390
 665 | 199200.0 | 199500.0 | 0.009582 | 0.018656 |   5.926711 |      6 | 0.936521 | 0.600000 | 0.693333 | 0.673333 | 0.650000 |   0.625349 |      241 |      208 |       33 |   5.925816 |      6 | 0.942513 | 1.455667
 666 | 199500.0 | 199800.0 | 0.009573 | 0.018652 |   5.925816 |      6 | 0.942513 | 0.600000 | 0.730000 | 0.650000 | 0.640000 |   0.268063 |      245 |      219 |       26 |   5.924572 |      6 | 0.945079 | 1.390688
 667 | 199800.0 | 200100.0 | 0.009564 | 0.018648 |   5.924572 |      6 | 0.945079 | 0.600000 | 0.676667 | 0.656667 | 0.700000 |  -1.161850 |      239 |      203 |       36 |   5.923839 |      6 | 0.933967 | 1.672064
 668 | 200100.0 | 200400.0 | 0.009555 | 0.018645 |   5.923839 |      6 | 0.933967 | 0.600000 | 0.710000 | 0.676667 | 0.693333 |  -0.446959 |      244 |      213 |       31 |   5.922788 |      6 | 0.929696 | 1.780209
 669 | 200400.0 | 200700.0 | 0.009547 | 0.018641 |   5.922788 |      6 | 0.929696 | 0.600000 | 0.720000 | 0.653333 | 0.693333 |  -1.072925 |      244 |      216 |       28 |   5.921642 |      6 | 0.919454 | 2.039576
 670 | 200700.0 | 201000.0 | 0.009538 | 0.018637 |   5.921642 |      6 | 0.919454 | 0.600000 | 0.693333 | 0.660000 | 0.626667 |   0.894291 |      243 |      208 |       35 |   5.920752 |      6 | 0.927983 | 1.823588
 671 | 201000.0 | 201300.0 | 0.009529 | 0.018633 |   5.920752 |      6 | 0.927983 | 0.600000 | 0.680000 | 0.626667 | 0.663333 |  -0.983924 |      239 |      204 |       35 |   5.919989 |      6 | 0.918607 | 2.061008
 672 | 201300.0 | 201600.0 | 0.009521 | 0.018629 |   5.919989 |      6 | 0.918607 | 0.600000 | 0.723333 | 0.670000 | 0.636667 |   0.894663 |      245 |      217 |       28 |   5.918815 |      6 | 0.927125 | 1.845323
 673 | 201600.0 | 201900.0 | 0.009512 | 0.018625 |   5.918815 |      6 | 0.927125 | 0.600000 | 0.670000 | 0.646667 | 0.680000 |  -0.894848 |      240 |      201 |       39 |   5.918149 |      6 | 0.918613 | 2.060857
 674 | 201900.0 | 202200.0 | 0.009503 | 0.018621 |   5.918149 |      6 | 0.918613 | 0.600000 | 0.660000 | 0.690000 | 0.620000 |   1.879571 |      238 |      198 |       40 |   5.917579 |      6 | 0.936475 | 1.608550
 675 | 202200.0 | 202500.0 | 0.009495 | 0.018617 |   5.917579 |      6 | 0.936475 | 0.600000 | 0.663333 | 0.726667 | 0.673333 |   1.432351 |      239 |      199 |       41 |   5.916978 |      6 | 0.950075 | 1.264176
 676 | 202500.0 | 202800.0 | 0.009486 | 0.018614 |   5.916978 |      6 | 0.950075 | 0.600000 | 0.683333 | 0.650000 | 0.663333 |  -0.358162 |      240 |      205 |       34 |   5.916187 |      6 | 0.946678 | 1.350209
 677 | 202800.0 | 203100.0 | 0.009478 | 0.018610 |   5.916187 |      6 | 0.946678 | 0.600000 | 0.720000 | 0.676667 | 0.660000 |   0.447795 |      243 |      216 |       27 |   5.915050 |      6 | 0.950922 | 1.242742
 678 | 203100.0 | 203400.0 | 0.009469 | 0.018606 |   5.915050 |      6 | 0.950922 | 0.600000 | 0.746667 | 0.626667 | 0.693333 |  -1.791548 |      245 |      224 |       21 |   5.913661 |      6 | 0.933957 | 1.672314
 679 | 203400.0 | 203700.0 | 0.009461 | 0.018602 |   5.913661 |      6 | 0.933957 | 0.600000 | 0.730000 | 0.700000 | 0.633333 |   1.791917 |      246 |      219 |       27 |   5.912431 |      6 | 0.950910 | 1.243040
 680 | 203700.0 | 204000.0 | 0.009452 | 0.018598 |   5.912431 |      6 | 0.950910 | 0.600000 | 0.643333 | 0.650000 | 0.700000 |  -1.344214 |      234 |      193 |       41 |   5.912022 |      6 | 0.938204 | 1.564772
 681 | 204000.0 | 204300.0 | 0.009444 | 0.018594 |   5.912022 |      6 | 0.938204 | 0.600000 | 0.696667 | 0.636667 | 0.630000 |   0.179265 |      242 |      209 |       33 |   5.911109 |      6 | 0.939897 | 1.521904
 682 | 204300.0 | 204600.0 | 0.009435 | 0.018591 |   5.911109 |      6 | 0.939897 | 0.600000 | 0.700000 | 0.713333 | 0.670000 |   1.165464 |      241 |      210 |       31 |   5.910165 |      6 | 0.950894 | 1.243454
 683 | 204600.0 | 204900.0 | 0.009427 | 0.018587 |   5.910165 |      6 | 0.950894 | 0.600000 | 0.670000 | 0.613333 | 0.676667 |  -1.703719 |      238 |      201 |       37 |   5.909505 |      6 | 0.934833 | 1.650139
 684 | 204900.0 | 205200.0 | 0.009418 | 0.018583 |   5.909505 |      6 | 0.934833 | 0.600000 | 0.660000 | 0.686667 | 0.646667 |   1.076253 |      238 |      198 |       40 |   5.908940 |      6 | 0.944970 | 1.393462
 685 | 205200.0 | 205500.0 | 0.009410 | 0.018579 |   5.908940 |      6 | 0.944970 | 0.600000 | 0.676667 | 0.653333 | 0.683333 |  -0.807355 |      239 |      203 |       36 |   5.908219 |      6 | 0.937372 | 1.585838
 686 | 205500.0 | 205800.0 | 0.009402 | 0.018575 |   5.908219 |      6 | 0.937372 | 0.600000 | 0.693333 | 0.703333 | 0.633333 |   1.884212 |      242 |      208 |       34 |   5.907341 |      6 | 0.955087 | 1.137271
 687 | 205800.0 | 206100.0 | 0.009393 | 0.018572 |   5.907341 |      6 | 0.955087 | 0.600000 | 0.663333 | 0.566667 | 0.653333 |  -2.333309 |      236 |      199 |       37 |   5.906746 |      6 | 0.933170 | 1.692258
 688 | 206100.0 | 206400.0 | 0.009385 | 0.018568 |   5.906746 |      6 | 0.933170 | 0.600000 | 0.710000 | 0.723333 | 0.663333 |   1.615696 |      242 |      213 |       30 |   5.905714 |      6 | 0.948333 | 1.308299
 689 | 206400.0 | 206700.0 | 0.009377 | 0.018564 |   5.905714 |      6 | 0.948333 | 0.600000 | 0.643333 | 0.690000 | 0.656667 |   0.897791 |      236 |      193 |       42 |   5.905308 |      6 | 0.956751 | 1.095135
 690 | 206700.0 | 207000.0 | 0.009368 | 0.018560 |   5.905308 |      6 | 0.956751 | 0.600000 | 0.720000 | 0.536667 | 0.660000 |  -3.322502 |      241 |      216 |       25 |   5.904184 |      6 | 0.925625 | 1.883304
 691 | 207000.0 | 207300.0 | 0.009360 | 0.018557 |   5.904184 |      6 | 0.925625 | 0.600000 | 0.676667 | 0.670000 | 0.640000 |   0.808340 |      240 |      203 |       37 |   5.903466 |      6 | 0.933191 | 1.691718
 692 | 207300.0 | 207600.0 | 0.009352 | 0.018553 |   5.903466 |      6 | 0.933191 | 0.600000 | 0.626667 | 0.626667 | 0.630000 |  -0.089834 |      235 |      188 |       47 |   5.903217 |      6 | 0.932351 | 1.712991
 693 | 207600.0 | 207900.0 | 0.009343 | 0.018549 |   5.903217 |      6 | 0.932351 | 0.600000 | 0.706667 | 0.646667 | 0.700000 |  -1.437630 |      243 |      212 |       31 |   5.902220 |      6 | 0.918918 | 2.053124
 694 | 207900.0 | 208200.0 | 0.009335 | 0.018545 |   5.902220 |      6 | 0.918918 | 0.600000 | 0.693333 | 0.666667 | 0.716667 |  -1.348050 |      243 |      208 |       35 |   5.901349 |      6 | 0.906334 | 2.371782
 695 | 208200.0 | 208500.0 | 0.009327 | 0.018542 |   5.901349 |      6 | 0.906334 | 0.600000 | 0.683333 | 0.700000 | 0.626667 |   1.977538 |      241 |      205 |       36 |   5.900571 |      6 | 0.924779 | 1.904735
 696 | 208500.0 | 208800.0 | 0.009319 | 0.018538 |   5.900571 |      6 | 0.924779 | 0.600000 | 0.703333 | 0.673333 | 0.670000 |   0.089906 |      243 |      211 |       32 |   5.899608 |      6 | 0.925616 | 1.883520
 697 | 208800.0 | 209100.0 | 0.009311 | 0.018534 |   5.899608 |      6 | 0.925616 | 0.600000 | 0.663333 | 0.706667 | 0.646667 |   1.618637 |      239 |      199 |       40 |   5.899019 |      6 | 0.940687 | 1.501908
 698 | 209100.0 | 209400.0 | 0.009302 | 0.018530 |   5.899019 |      6 | 0.940687 | 0.600000 | 0.730000 | 0.670000 | 0.673333 |  -0.089942 |      245 |      219 |       26 |   5.897809 |      6 | 0.939850 | 1.523094
 699 | 209400.0 | 209700.0 | 0.009294 | 0.018527 |   5.897809 |      6 | 0.939850 | 0.600000 | 0.690000 | 0.656667 | 0.660000 |  -0.089960 |      241 |      207 |       34 |   5.896973 |      6 | 0.939014 | 1.544266
 700 | 209700.0 | 210000.0 | 0.009286 | 0.018523 |   5.896973 |      6 | 0.939014 | 0.600000 | 0.703333 | 0.673333 | 0.670000 |   0.089978 |      241 |      211 |       30 |   5.896013 |      6 | 0.939850 | 1.523109
 701 | 210000.0 | 210300.0 | 0.009278 | 0.018519 |   5.896013 |      6 | 0.939850 | 0.600000 | 0.710000 | 0.696667 | 0.690000 |   0.179993 |      244 |      213 |       31 |   5.894993 |      6 | 0.941520 | 1.480822
 702 | 210300.0 | 210600.0 | 0.009270 | 0.018516 |   5.894993 |      6 | 0.941520 | 0.600000 | 0.703333 | 0.636667 | 0.700000 |  -1.710271 |      242 |      211 |       31 |   5.894035 |      6 | 0.925666 | 1.882276
 703 | 210600.0 | 210900.0 | 0.009262 | 0.018512 |   5.894035 |      6 | 0.925666 | 0.600000 | 0.703333 | 0.666667 | 0.646667 |   0.540193 |      243 |      211 |       32 |   5.893078 |      6 | 0.930669 | 1.755586
 704 | 210900.0 | 211200.0 | 0.009254 | 0.018508 |   5.893078 |      6 | 0.930669 | 0.600000 | 0.670000 | 0.710000 | 0.636667 |   1.981103 |      239 |      201 |       38 |   5.892430 |      6 | 0.949002 | 1.291369
 705 | 211200.0 | 211500.0 | 0.009246 | 0.018505 |   5.892430 |      6 | 0.949002 | 0.600000 | 0.703333 | 0.680000 | 0.660000 |   0.540408 |      242 |      211 |       31 |   5.891475 |      6 | 0.953998 | 1.164850
 706 | 211500.0 | 211800.0 | 0.009238 | 0.018501 |   5.891475 |      6 | 0.953998 | 0.600000 | 0.736667 | 0.603333 | 0.666667 |  -1.711633 |      244 |      221 |       23 |   5.890212 |      6 | 0.938186 | 1.565227
 707 | 211800.0 | 212100.0 | 0.009230 | 0.018497 |   5.890212 |      6 | 0.938186 | 0.600000 | 0.686667 | 0.666667 | 0.650000 |   0.450519 |      240 |      206 |       34 |   5.889412 |      6 | 0.942345 | 1.459935
 708 | 212100.0 | 212400.0 | 0.009222 | 0.018494 |   5.889412 |      6 | 0.942345 | 0.600000 | 0.650000 | 0.693333 | 0.660000 |   0.901216 |      236 |      195 |       41 |   5.888951 |      6 | 0.950655 | 1.249492
 709 | 212400.0 | 212700.0 | 0.009214 | 0.018490 |   5.888951 |      6 | 0.950655 | 0.600000 | 0.720000 | 0.630000 | 0.690000 |  -1.622511 |      244 |      216 |       28 |   5.887846 |      6 | 0.935706 | 1.628036
 710 | 212700.0 | 213000.0 | 0.009206 | 0.018486 |   5.887846 |      6 | 0.935706 | 0.600000 | 0.706667 | 0.696667 | 0.643333 |   1.442516 |      243 |      212 |       31 |   5.886864 |      6 | 0.948985 | 1.291777
 711 | 213000.0 | 213300.0 | 0.009198 | 0.018483 |   5.886864 |      6 | 0.948985 | 0.600000 | 0.713333 | 0.676667 | 0.653333 |   0.631225 |      243 |      214 |       29 |   5.885821 |      6 | 0.954791 | 1.144761
 712 | 213300.0 | 213600.0 | 0.009190 | 0.018479 |   5.885821 |      6 | 0.954791 | 0.600000 | 0.703333 | 0.563333 | 0.720000 |  -4.239063 |      239 |      211 |       28 |   5.884872 |      6 | 0.915835 | 2.131208
 713 | 213600.0 | 213900.0 | 0.009182 | 0.018475 |   5.884872 |      6 | 0.915835 | 0.600000 | 0.643333 | 0.660000 | 0.680000 |  -0.541263 |      237 |      193 |       44 |   5.884474 |      6 | 0.910865 | 2.257054
 714 | 213900.0 | 214200.0 | 0.009174 | 0.018472 |   5.884474 |      6 | 0.910865 | 0.600000 | 0.673333 | 0.690000 | 0.660000 |   0.812055 |      241 |      202 |       39 |   5.883801 |      6 | 0.918315 | 2.068411
 715 | 214200.0 | 214500.0 | 0.009166 | 0.018468 |   5.883801 |      6 | 0.918315 | 0.600000 | 0.656667 | 0.660000 | 0.706667 |  -1.263444 |      239 |      197 |       42 |   5.883282 |      6 | 0.906734 | 2.361661
 716 | 214500.0 | 214800.0 | 0.009158 | 0.018464 |   5.883282 |      6 | 0.906734 | 0.600000 | 0.656667 | 0.683333 | 0.630000 |   1.444219 |      237 |      197 |       40 |   5.882763 |      6 | 0.919960 | 2.026740
 717 | 214800.0 | 215100.0 | 0.009150 | 0.018461 |   5.882763 |      6 | 0.919960 | 0.600000 | 0.690000 | 0.706667 | 0.696667 |   0.270844 |      243 |      207 |       36 |   5.881939 |      6 | 0.922439 | 1.963984
 718 | 215100.0 | 215400.0 | 0.009143 | 0.018457 |   5.881939 |      6 | 0.922439 | 0.600000 | 0.646667 | 0.706667 | 0.686667 |   0.541794 |      237 |      194 |       43 |   5.881512 |      6 | 0.927392 | 1.838554
 719 | 215400.0 | 215700.0 | 0.009135 | 0.018454 |   5.881512 |      6 | 0.927392 | 0.600000 | 0.663333 | 0.710000 | 0.693333 |   0.451583 |      239 |      199 |       40 |   5.880934 |      6 | 0.931517 | 1.734098
 720 | 215700.0 | 216000.0 | 0.009127 | 0.018450 |   5.880934 |      6 | 0.931517 | 0.600000 | 0.686667 | 0.700000 | 0.663333 |   0.993677 |      241 |      206 |       35 |   5.880143 |      6 | 0.940587 | 1.504447
 721 | 216000.0 | 216300.0 | 0.009119 | 0.018446 |   5.880143 |      6 | 0.940587 | 0.600000 | 0.713333 | 0.690000 | 0.713333 |  -0.632463 |      244 |      214 |       30 |   5.879109 |      6 | 0.934819 | 1.650493
 722 | 216300.0 | 216600.0 | 0.009111 | 0.018443 |   5.879109 |      6 | 0.934819 | 0.600000 | 0.693333 | 0.680000 | 0.666667 |   0.361478 |      240 |      208 |       32 |   5.878259 |      6 | 0.938113 | 1.567093
 723 | 216600.0 | 216900.0 | 0.009104 | 0.018439 |   5.878259 |      6 | 0.938113 | 0.600000 | 0.703333 | 0.646667 | 0.700000 |  -1.446191 |      242 |      211 |       31 |   5.877318 |      6 | 0.924947 | 1.900472
 724 | 216900.0 | 217200.0 | 0.009096 | 0.018436 |   5.877318 |      6 | 0.924947 | 0.600000 | 0.640000 | 0.710000 | 0.660000 |   1.356067 |      238 |      192 |       46 |   5.876954 |      6 | 0.937282 | 1.588134
 725 | 217200.0 | 217500.0 | 0.009088 | 0.018432 |   5.876954 |      6 | 0.937282 | 0.600000 | 0.703333 | 0.653333 | 0.700000 |  -1.265908 |      243 |      211 |       32 |   5.876015 |      6 | 0.925777 | 1.879459
 726 | 217500.0 | 217800.0 | 0.009081 | 0.018429 |   5.876015 |      6 | 0.925777 | 0.600000 | 0.660000 | 0.676667 | 0.643333 |   0.904395 |      238 |      198 |       40 |   5.875470 |      6 | 0.933989 | 1.671506
 727 | 217800.0 | 218100.0 | 0.009073 | 0.018425 |   5.875470 |      6 | 0.933989 | 0.600000 | 0.660000 | 0.686667 | 0.676667 |   0.271371 |      239 |      198 |       41 |   5.874926 |      6 | 0.936451 | 1.609161
 728 | 218100.0 | 218400.0 | 0.009065 | 0.018421 |   5.874926 |      6 | 0.936451 | 0.600000 | 0.713333 | 0.703333 | 0.653333 |   1.357116 |      243 |      214 |       29 |   5.873899 |      6 | 0.948754 | 1.297639
 729 | 218400.0 | 218700.0 | 0.009058 | 0.018418 |   5.873899 |      6 | 0.948754 | 0.600000 | 0.673333 | 0.656667 | 0.643333 |   0.361967 |      238 |      202 |       36 |   5.873234 |      6 | 0.952032 | 1.214620
 730 | 218700.0 | 219000.0 | 0.009050 | 0.018414 |   5.873234 |      6 | 0.952032 | 0.600000 | 0.686667 | 0.616667 | 0.683333 |  -1.810185 |      239 |      206 |       33 |   5.872450 |      6 | 0.935650 | 1.629442
 731 | 219000.0 | 219300.0 | 0.009042 | 0.018411 |   5.872450 |      6 | 0.935650 | 0.600000 | 0.676667 | 0.666667 | 0.676667 |  -0.271580 |      240 |      203 |       37 |   5.871757 |      6 | 0.933195 | 1.691625
 732 | 219300.0 | 219600.0 | 0.009035 | 0.018407 |   5.871757 |      6 | 0.933195 | 0.600000 | 0.673333 | 0.690000 | 0.673333 |   0.452720 |      239 |      202 |       37 |   5.871094 |      6 | 0.937285 | 1.588054
 733 | 219600.0 | 219900.0 | 0.009027 | 0.018404 |   5.871094 |      6 | 0.937285 | 0.600000 | 0.703333 | 0.710000 | 0.636667 |   1.992350 |      243 |      211 |       32 |   5.870161 |      6 | 0.955270 | 1.132639
 734 | 219900.0 | 220200.0 | 0.009020 | 0.018400 |   5.870161 |      6 | 0.955270 | 0.600000 | 0.733333 | 0.603333 | 0.683333 |  -2.173889 |      242 |      220 |       22 |   5.868959 |      6 | 0.935663 | 1.629134
 735 | 220200.0 | 220500.0 | 0.009012 | 0.018397 |   5.868959 |      6 | 0.935663 | 0.600000 | 0.696667 | 0.676667 | 0.643333 |   0.905960 |      241 |      209 |       32 |   5.868088 |      6 | 0.943827 | 1.422395
 736 | 220500.0 | 220800.0 | 0.009004 | 0.018393 |   5.868088 |      6 | 0.943827 | 0.600000 | 0.676667 | 0.680000 | 0.673333 |   0.181227 |      240 |      203 |       37 |   5.867397 |      6 | 0.945459 | 1.381074
 737 | 220800.0 | 221100.0 | 0.008997 | 0.018390 |   5.867397 |      6 | 0.945459 | 0.600000 | 0.730000 | 0.670000 | 0.673333 |  -0.090631 |      245 |      219 |       26 |   5.866228 |      6 | 0.944644 | 1.401721
 738 | 221100.0 | 221400.0 | 0.008989 | 0.018386 |   5.866228 |      6 | 0.944644 | 0.600000 | 0.720000 | 0.660000 | 0.656667 |   0.090648 |      242 |      216 |       26 |   5.865149 |      6 | 0.945458 | 1.381087
 739 | 221400.0 | 221700.0 | 0.008982 | 0.018383 |   5.865149 |      6 | 0.945458 | 0.600000 | 0.740000 | 0.673333 | 0.676667 |  -0.090665 |      245 |      222 |       23 |   5.863892 |      6 | 0.944644 | 1.401708
 740 | 221700.0 | 222000.0 | 0.008974 | 0.018379 |   5.863892 |      6 | 0.944644 | 0.600000 | 0.723333 | 0.700000 | 0.683333 |   0.453412 |      245 |      217 |       28 |   5.862785 |      6 | 0.948713 | 1.298671
 741 | 222000.0 | 222300.0 | 0.008967 | 0.018376 |   5.862785 |      6 | 0.948713 | 0.600000 | 0.686667 | 0.666667 | 0.680000 |  -0.362798 |      240 |      206 |       35 |   5.862008 |      6 | 0.945460 | 1.381047
 742 | 222300.0 | 222600.0 | 0.008959 | 0.018372 |   5.862008 |      6 | 0.945460 | 0.600000 | 0.676667 | 0.716667 | 0.636667 |   2.177202 |      239 |      203 |       35 |   5.861321 |      6 | 0.964967 | 0.887108
 743 | 222600.0 | 222900.0 | 0.008952 | 0.018369 |   5.861321 |      6 | 0.964967 | 0.600000 | 0.693333 | 0.373333 | 0.693333 |  -8.710457 |      236 |      208 |       28 |   5.860485 |      6 | 0.886990 | 2.861598
 744 | 222900.0 | 223200.0 | 0.008945 | 0.018365 |   5.860485 |      6 | 0.886990 | 0.600000 | 0.633333 | 0.700000 | 0.600000 |   2.722533 |      236 |      190 |       46 |   5.860187 |      6 | 0.911342 | 2.244965
 745 | 223200.0 | 223500.0 | 0.008937 | 0.018362 |   5.860187 |      6 | 0.911342 | 0.600000 | 0.663333 | 0.683333 | 0.650000 |   0.907682 |      240 |      199 |       41 |   5.859621 |      6 | 0.919454 | 2.039552
 746 | 223500.0 | 223800.0 | 0.008930 | 0.018358 |   5.859621 |      6 | 0.919454 | 0.600000 | 0.640000 | 0.686667 | 0.606667 |   2.178848 |      237 |      192 |       45 |   5.859264 |      6 | 0.938911 | 1.546877
 747 | 223800.0 | 224100.0 | 0.008922 | 0.018355 |   5.859264 |      6 | 0.938911 | 0.600000 | 0.670000 | 0.690000 | 0.680000 |   0.272407 |      240 |      201 |       39 |   5.858639 |      6 | 0.941342 | 1.485332
 748 | 224100.0 | 224400.0 | 0.008915 | 0.018351 |   5.858639 |      6 | 0.941342 | 0.600000 | 0.696667 | 0.663333 | 0.666667 |  -0.090820 |      240 |      209 |       31 |   5.857777 |      6 | 0.940532 | 1.505834
 749 | 224400.0 | 224700.0 | 0.008908 | 0.018348 |   5.857777 |      6 | 0.940532 | 0.600000 | 0.763333 | 0.673333 | 0.656667 |   0.454183 |      249 |      229 |       20 |   5.856323 |      6 | 0.944578 | 1.403389
 750 | 224700.0 | 225000.0 | 0.008900 | 0.018345 |   5.856323 |      6 | 0.944578 | 0.600000 | 0.690000 | 0.673333 | 0.670000 |   0.090854 |      239 |      207 |       32 |   5.855522 |      6 | 0.945386 | 1.382913
 751 | 225000.0 | 225300.0 | 0.008893 | 0.018341 |   5.855522 |      6 | 0.945386 | 0.600000 | 0.676667 | 0.686667 | 0.666667 |   0.545224 |      239 |      203 |       36 |   5.854840 |      6 | 0.950235 | 1.260136
 752 | 225300.0 | 225600.0 | 0.008886 | 0.018338 |   5.854840 |      6 | 0.950235 | 0.600000 | 0.680000 | 0.623333 | 0.683333 |  -1.635978 |      240 |      204 |       36 |   5.854129 |      6 | 0.935698 | 1.628234
 753 | 225600.0 | 225900.0 | 0.008878 | 0.018334 |   5.854129 |      6 | 0.935698 | 0.600000 | 0.730000 | 0.683333 | 0.676667 |   0.181809 |      245 |      219 |       26 |   5.852975 |      6 | 0.937312 | 1.587360
 754 | 225900.0 | 226200.0 | 0.008871 | 0.018331 |   5.852975 |      6 | 0.937312 | 0.600000 | 0.690000 | 0.686667 | 0.620000 |   1.818432 |      241 |      207 |       34 |   5.852176 |      6 | 0.953444 | 1.178881
 755 | 226200.0 | 226500.0 | 0.008864 | 0.018327 |   5.852176 |      6 | 0.953444 | 0.600000 | 0.716667 | 0.610000 | 0.670000 |  -1.636894 |      242 |      215 |       27 |   5.851142 |      6 | 0.938935 | 1.546280
 756 | 226500.0 | 226800.0 | 0.008857 | 0.018324 |   5.851142 |      6 | 0.938935 | 0.600000 | 0.663333 | 0.713333 | 0.676667 |   1.000511 |      239 |      199 |       40 |   5.850581 |      6 | 0.947796 | 1.321900
 757 | 226800.0 | 227100.0 | 0.008849 | 0.018321 |   5.850581 |      6 | 0.947796 | 0.600000 | 0.703333 | 0.633333 | 0.673333 |  -1.091669 |      242 |      211 |       31 |   5.849667 |      6 | 0.938135 | 1.566523
 758 | 227100.0 | 227400.0 | 0.008842 | 0.018317 |   5.849667 |      6 | 0.938135 | 0.600000 | 0.653333 | 0.686667 | 0.643333 |   1.182861 |      238 |      196 |       42 |   5.849195 |      6 | 0.948594 | 1.301682
 759 | 227400.0 | 227700.0 | 0.008835 | 0.018314 |   5.849195 |      6 | 0.948594 | 0.600000 | 0.653333 | 0.663333 | 0.683333 |  -0.546037 |      236 |      196 |       40 |   5.848724 |      6 | 0.943770 | 1.423839
 760 | 227700.0 | 228000.0 | 0.008828 | 0.018310 |   5.848724 |      6 | 0.943770 | 0.600000 | 0.733333 | 0.690000 | 0.696667 |  -0.182046 |      245 |      220 |       25 |   5.847547 |      6 | 0.942163 | 1.464533
 761 | 228000.0 | 228300.0 | 0.008821 | 0.018307 |   5.847547 |      6 | 0.942163 | 0.600000 | 0.693333 | 0.673333 | 0.640000 |   0.910399 |      240 |      208 |       32 |   5.846724 |      6 | 0.950193 | 1.261193
 762 | 228300.0 | 228600.0 | 0.008813 | 0.018304 |   5.846724 |      6 | 0.950193 | 0.600000 | 0.703333 | 0.613333 | 0.706667 |  -2.549589 |      240 |      211 |       29 |   5.845813 |      6 | 0.927723 | 1.830188
 763 | 228600.0 | 228900.0 | 0.008806 | 0.018300 |   5.845813 |      6 | 0.927723 | 0.600000 | 0.676667 | 0.660000 | 0.650000 |   0.273221 |      241 |      203 |       38 |   5.845138 |      6 | 0.930129 | 1.769262
 764 | 228900.0 | 229200.0 | 0.008799 | 0.018297 |   5.845138 |      6 | 0.930129 | 0.600000 | 0.693333 | 0.726667 | 0.643333 |   2.277259 |      241 |      208 |       33 |   5.844317 |      6 | 0.950167 | 1.261867
 765 | 229200.0 | 229500.0 | 0.008792 | 0.018293 |   5.844317 |      6 | 0.950167 | 0.600000 | 0.663333 | 0.633333 | 0.736667 |  -2.824321 |      236 |      199 |       37 |   5.843760 |      6 | 0.925335 | 1.890643
 766 | 229500.0 | 229800.0 | 0.008785 | 0.018290 |   5.843760 |      6 | 0.925335 | 0.600000 | 0.676667 | 0.676667 | 0.680000 |  -0.091124 |      241 |      203 |       38 |   5.843086 |      6 | 0.924535 | 1.910914
 767 | 229800.0 | 230100.0 | 0.008778 | 0.018287 |   5.843086 |      6 | 0.924535 | 0.600000 | 0.700000 | 0.700000 | 0.676667 |   0.637984 |      243 |      210 |       33 |   5.842208 |      6 | 0.930135 | 1.769109
 768 | 230100.0 | 230400.0 | 0.008771 | 0.018283 |   5.842208 |      6 | 0.930135 | 0.600000 | 0.636667 | 0.693333 | 0.683333 |   0.273472 |      236 |      191 |       45 |   5.841887 |      6 | 0.932533 | 1.708374
 769 | 230400.0 | 230700.0 | 0.008764 | 0.018280 |   5.841887 |      6 | 0.932533 | 0.600000 | 0.726667 | 0.676667 | 0.676667 |   0.000000 |      245 |      218 |       27 |   5.840777 |      6 | 0.932533 | 1.708374
 770 | 230700.0 | 231000.0 | 0.008757 | 0.018277 |   5.840777 |      6 | 0.932533 | 0.600000 | 0.673333 | 0.733333 | 0.683333 |   1.367861 |      240 |      202 |       38 |   5.840135 |      6 | 0.944511 | 1.405074
 771 | 231000.0 | 231300.0 | 0.008750 | 0.018273 |   5.840135 |      6 | 0.944511 | 0.600000 | 0.653333 | 0.666667 | 0.670000 |  -0.091207 |      237 |      196 |       41 |   5.839668 |      6 | 0.943713 | 1.425282
 772 | 231300.0 | 231600.0 | 0.008743 | 0.018270 |   5.839668 |      6 | 0.943713 | 0.600000 | 0.680000 | 0.700000 | 0.663333 |   1.003465 |      239 |      204 |       35 |   5.838969 |      6 | 0.952486 | 1.203138
 773 | 231600.0 | 231900.0 | 0.008736 | 0.018267 |   5.838969 |      6 | 0.952486 | 0.600000 | 0.723333 | 0.600000 | 0.720000 |  -3.284666 |      243 |      217 |       26 |   5.837891 |      6 | 0.923793 | 1.929703
 774 | 231900.0 | 232200.0 | 0.008729 | 0.018263 |   5.837891 |      6 | 0.923793 | 0.600000 | 0.693333 | 0.696667 | 0.663333 |   0.912573 |      242 |      208 |       34 |   5.837077 |      6 | 0.931758 | 1.728004
 775 | 232200.0 | 232500.0 | 0.008722 | 0.018260 |   5.837077 |      6 | 0.931758 | 0.600000 | 0.683333 | 0.630000 | 0.650000 |  -0.547644 |      240 |      205 |       35 |   5.836350 |      6 | 0.926982 | 1.848949
 776 | 232500.0 | 232800.0 | 0.008715 | 0.018257 |   5.836350 |      6 | 0.926982 | 0.600000 | 0.696667 | 0.726667 | 0.673333 |   1.460649 |      242 |      209 |       33 |   5.835507 |      6 | 0.939711 | 1.526630
 777 | 232800.0 | 233100.0 | 0.008708 | 0.018253 |   5.835507 |      6 | 0.939711 | 0.600000 | 0.686667 | 0.680000 | 0.680000 |   0.000000 |      241 |      206 |       35 |   5.834753 |      6 | 0.939711 | 1.526630
 778 | 233100.0 | 233400.0 | 0.008701 | 0.018250 |   5.834753 |      6 | 0.939711 | 0.600000 | 0.700000 | 0.693333 | 0.676667 |   0.456618 |      242 |      210 |       32 |   5.833883 |      6 | 0.943684 | 1.426029
 779 | 233400.0 | 233700.0 | 0.008694 | 0.018247 |   5.833883 |      6 | 0.943684 | 0.600000 | 0.620000 | 0.683333 | 0.653333 |   0.822062 |      234 |      186 |       48 |   5.833709 |      6 | 0.950830 | 1.245060
 780 | 233700.0 | 234000.0 | 0.008687 | 0.018244 |   5.833709 |      6 | 0.950830 | 0.600000 | 0.700000 | 0.666667 | 0.753333 |  -2.375275 |      241 |      210 |       31 |   5.832840 |      6 | 0.930197 | 1.767539
 781 | 234000.0 | 234300.0 | 0.008680 | 0.018240 |   5.832840 |      6 | 0.930197 | 0.600000 | 0.683333 | 0.686667 | 0.716667 |  -0.822359 |      240 |      205 |       35 |   5.832117 |      6 | 0.923059 | 1.948286
 782 | 234300.0 | 234600.0 | 0.008673 | 0.018237 |   5.832117 |      6 | 0.923059 | 0.600000 | 0.666667 | 0.713333 | 0.663333 |   1.370845 |      240 |      200 |       40 |   5.831539 |      6 | 0.934948 | 1.647226
 783 | 234600.0 | 234900.0 | 0.008666 | 0.018234 |   5.831539 |      6 | 0.934948 | 0.600000 | 0.680000 | 0.690000 | 0.640000 |   1.371092 |      240 |      204 |       36 |   5.830845 |      6 | 0.946830 | 1.346350
 784 | 234900.0 | 235200.0 | 0.008659 | 0.018230 |   5.830845 |      6 | 0.946830 | 0.600000 | 0.730000 | 0.683333 | 0.660000 |   0.639958 |      244 |      219 |       25 |   5.829720 |      6 | 0.952372 | 1.206027
 785 | 235200.0 | 235500.0 | 0.008652 | 0.018227 |   5.829720 |      6 | 0.952372 | 0.600000 | 0.740000 | 0.640000 | 0.670000 |  -0.822951 |      245 |      222 |       23 |   5.828508 |      6 | 0.945251 | 1.386332
 786 | 235500.0 | 235800.0 | 0.008646 | 0.018224 |   5.828508 |      6 | 0.945251 | 0.600000 | 0.683333 | 0.673333 | 0.680000 |  -0.182911 |      239 |      205 |       34 |   5.827788 |      6 | 0.943670 | 1.426375
 787 | 235800.0 | 236100.0 | 0.008639 | 0.018221 |   5.827788 |      6 | 0.943670 | 0.600000 | 0.750000 | 0.683333 | 0.666667 |   0.457359 |      247 |      225 |       22 |   5.826492 |      6 | 0.947621 | 1.326328
 788 | 236100.0 | 236400.0 | 0.008632 | 0.018217 |   5.826492 |      6 | 0.947621 | 0.600000 | 0.713333 | 0.656667 | 0.703333 |  -1.280836 |      244 |      214 |       30 |   5.825514 |      6 | 0.936565 | 1.606289
 789 | 236400.0 | 236700.0 | 0.008625 | 0.018214 |   5.825514 |      6 | 0.936565 | 0.600000 | 0.693333 | 0.656667 | 0.656667 |   0.000000 |      241 |      208 |       33 |   5.824709 |      6 | 0.936565 | 1.606289
 790 | 236700.0 | 237000.0 | 0.008618 | 0.018211 |   5.824709 |      6 | 0.936565 | 0.600000 | 0.703333 | 0.696667 | 0.723333 |  -0.732168 |      243 |      211 |       32 |   5.823818 |      6 | 0.930255 | 1.766072
 791 | 237000.0 | 237300.0 | 0.008612 | 0.018208 |   5.823818 |      6 | 0.930255 | 0.600000 | 0.683333 | 0.676667 | 0.716667 |  -1.098448 |      240 |      205 |       35 |   5.823100 |      6 | 0.920795 | 2.005601
 792 | 237300.0 | 237600.0 | 0.008605 | 0.018204 |   5.823100 |      6 | 0.920795 | 0.600000 | 0.666667 | 0.670000 | 0.686667 |  -0.457768 |      240 |      200 |       40 |   5.822527 |      6 | 0.916856 | 2.105344
 793 | 237600.0 | 237900.0 | 0.008598 | 0.018201 |   5.822527 |      6 | 0.916856 | 0.600000 | 0.680000 | 0.666667 | 0.700000 |  -0.915699 |      240 |      204 |       36 |   5.821839 |      6 | 0.908983 | 2.304710
 794 | 237900.0 | 238200.0 | 0.008591 | 0.018198 |   5.821839 |      6 | 0.908983 | 0.600000 | 0.693333 | 0.680000 | 0.653333 |   0.732690 |      243 |      208 |       35 |   5.821037 |      6 | 0.915278 | 2.145314
 795 | 238200.0 | 238500.0 | 0.008585 | 0.018195 |   5.821037 |      6 | 0.915278 | 0.600000 | 0.666667 | 0.683333 | 0.626667 |   1.557242 |      239 |      200 |       39 |   5.820465 |      6 | 0.928646 | 1.806803
 796 | 238500.0 | 238800.0 | 0.008578 | 0.018191 |   5.820465 |      6 | 0.928646 | 0.600000 | 0.710000 | 0.690000 | 0.716667 |  -0.732950 |      243 |      213 |       30 |   5.819521 |      6 | 0.922359 | 1.966006
 797 | 238800.0 | 239100.0 | 0.008571 | 0.018188 |   5.819521 |      6 | 0.922359 | 0.600000 | 0.723333 | 0.690000 | 0.630000 |   1.649430 |      246 |      217 |       29 |   5.818464 |      6 | 0.936497 | 1.608015
 798 | 239100.0 | 239400.0 | 0.008565 | 0.018185 |   5.818464 |      6 | 0.936497 | 0.600000 | 0.663333 | 0.646667 | 0.713333 |  -1.833024 |      237 |      199 |       38 |   5.817922 |      6 | 0.920798 | 2.005543
 799 | 239400.0 | 239700.0 | 0.008558 | 0.018182 |   5.817922 |      6 | 0.920798 | 0.600000 | 0.726667 | 0.670000 | 0.653333 |   0.458337 |      245 |      218 |       27 |   5.816838 |      6 | 0.924720 | 1.906221
 800 | 239700.0 | 240000.0 | 0.008551 | 0.018178 |   5.816838 |      6 | 0.924720 | 0.600000 | 0.670000 | 0.720000 | 0.666667 |   1.466937 |      240 |      201 |       39 |   5.816239 |      6 | 0.937264 | 1.588581
 801 | 240000.0 | 240300.0 | 0.008545 | 0.018175 |   5.816239 |      6 | 0.937264 | 0.600000 | 0.593333 | 0.696667 | 0.620000 |   2.109094 |      232 |      178 |       54 |   5.816296 |      6 | 0.955286 | 1.132248
 802 | 240300.0 | 240600.0 | 0.008538 | 0.018172 |   5.816296 |      6 | 0.955286 | 0.600000 | 0.716667 | 0.580000 | 0.696667 |  -3.210057 |      242 |      215 |       27 |   5.815300 |      6 | 0.927878 | 1.826251
 803 | 240600.0 | 240900.0 | 0.008531 | 0.018169 |   5.815300 |      6 | 0.927878 | 0.600000 | 0.690000 | 0.673333 | 0.686667 |  -0.366928 |      241 |      207 |       34 |   5.814532 |      6 | 0.924748 | 1.905518
 804 | 240900.0 | 241200.0 | 0.008525 | 0.018166 |   5.814532 |      6 | 0.924748 | 0.600000 | 0.703333 | 0.720000 | 0.656667 |   1.743215 |      243 |      211 |       32 |   5.813651 |      6 | 0.939608 | 1.529225
 805 | 241200.0 | 241500.0 | 0.008518 | 0.018162 |   5.813651 |      6 | 0.939608 | 0.600000 | 0.683333 | 0.710000 | 0.693333 |   0.458821 |      241 |      205 |       36 |   5.812941 |      6 | 0.943516 | 1.430259
 806 | 241500.0 | 241800.0 | 0.008512 | 0.018159 |   5.812941 |      6 | 0.943516 | 0.600000 | 0.670000 | 0.646667 | 0.646667 |   0.000000 |      238 |      201 |       37 |   5.812345 |      6 | 0.943516 | 1.430259
 807 | 241800.0 | 242100.0 | 0.008505 | 0.018156 |   5.812345 |      6 | 0.943516 | 0.600000 | 0.706667 | 0.683333 | 0.673333 |   0.275389 |      243 |      212 |       31 |   5.811438 |      6 | 0.945859 | 1.370951
 808 | 242100.0 | 242400.0 | 0.008498 | 0.018153 |   5.811438 |      6 | 0.945859 | 0.600000 | 0.690000 | 0.700000 | 0.663333 |   1.009938 |      239 |      207 |       32 |   5.810673 |      6 | 0.954442 | 1.153617
 809 | 242400.0 | 242700.0 | 0.008492 | 0.018150 |   5.810673 |      6 | 0.954442 | 0.600000 | 0.716667 | 0.573333 | 0.660000 |  -2.387542 |      242 |      215 |       27 |   5.809683 |      6 | 0.934167 | 1.667010
 810 | 242700.0 | 243000.0 | 0.008485 | 0.018147 |   5.809683 |      6 | 0.934167 | 0.600000 | 0.706667 | 0.673333 | 0.686667 |  -0.367378 |      243 |      212 |       31 |   5.808778 |      6 | 0.931049 | 1.745946
 811 | 243000.0 | 243300.0 | 0.008479 | 0.018143 |   5.808778 |      6 | 0.931049 | 0.600000 | 0.703333 | 0.676667 | 0.670000 |   0.183721 |      243 |      211 |       32 |   5.807901 |      6 | 0.932607 | 1.706501
 812 | 243300.0 | 243600.0 | 0.008472 | 0.018140 |   5.807901 |      6 | 0.932607 | 0.600000 | 0.660000 | 0.660000 | 0.670000 |  -0.275630 |      237 |      198 |       39 |   5.807393 |      6 | 0.930272 | 1.765633
 813 | 243600.0 | 243900.0 | 0.008466 | 0.018137 |   5.807393 |      6 | 0.930272 | 0.600000 | 0.673333 | 0.660000 | 0.640000 |   0.551355 |      240 |      202 |       38 |   5.806772 |      6 | 0.934940 | 1.647439
 814 | 243900.0 | 244200.0 | 0.008459 | 0.018134 |   5.806772 |      6 | 0.934940 | 0.600000 | 0.700000 | 0.646667 | 0.640000 |   0.183817 |      243 |      210 |       33 |   5.805926 |      6 | 0.936495 | 1.608065
 815 | 244200.0 | 244500.0 | 0.008453 | 0.018131 |   5.805926 |      6 | 0.936495 | 0.600000 | 0.733333 | 0.716667 | 0.673333 |   1.195018 |      246 |      220 |       26 |   5.804799 |      6 | 0.946596 | 1.352281
 816 | 244500.0 | 244800.0 | 0.008446 | 0.018128 |   5.804799 |      6 | 0.946596 | 0.600000 | 0.710000 | 0.720000 | 0.686667 |   0.919404 |      241 |      213 |       28 |   5.803870 |      6 | 0.954362 | 1.155641
 817 | 244800.0 | 245100.0 | 0.008440 | 0.018125 |   5.803870 |      6 | 0.954362 | 0.600000 | 0.676667 | 0.593333 | 0.720000 |  -3.494340 |      236 |      203 |       34 |   5.803223 |      6 | 0.924870 | 1.902433
 818 | 245100.0 | 245400.0 | 0.008434 | 0.018121 |   5.803223 |      6 | 0.924870 | 0.600000 | 0.640000 | 0.720000 | 0.640000 |   2.207333 |      238 |      192 |       45 |   5.802886 |      6 | 0.943485 | 1.431053
 819 | 245400.0 | 245700.0 | 0.008427 | 0.018118 |   5.802886 |      6 | 0.943485 | 0.600000 | 0.650000 | 0.680000 | 0.690000 |  -0.275964 |      236 |      195 |       41 |   5.802464 |      6 | 0.941160 | 1.489941
 820 | 245700.0 | 246000.0 | 0.008421 | 0.018115 |   5.802464 |      6 | 0.941160 | 0.600000 | 0.696667 | 0.606667 | 0.690000 |  -2.300100 |      242 |      209 |       33 |   5.801650 |      6 | 0.921791 | 1.980384
 821 | 246000.0 | 246300.0 | 0.008414 | 0.018112 |   5.801650 |      6 | 0.921791 | 0.600000 | 0.680000 | 0.653333 | 0.656667 |  -0.092020 |      240 |      204 |       36 |   5.800977 |      6 | 0.921017 | 1.999990
 822 | 246300.0 | 246600.0 | 0.008408 | 0.018109 |   5.800977 |      6 | 0.921017 | 0.600000 | 0.666667 | 0.690000 | 0.650000 |   1.104428 |      239 |      200 |       39 |   5.800417 |      6 | 0.930303 | 1.764854
 823 | 246600.0 | 246900.0 | 0.008402 | 0.018106 |   5.800417 |      6 | 0.930303 | 0.600000 | 0.696667 | 0.640000 | 0.653333 |  -0.368206 |      242 |      209 |       33 |   5.799605 |      6 | 0.927209 | 1.843186
 824 | 246900.0 | 247200.0 | 0.008395 | 0.018103 |   5.799605 |      6 | 0.927209 | 0.600000 | 0.706667 | 0.673333 | 0.626667 |   1.288942 |      242 |      212 |       30 |   5.798709 |      6 | 0.938030 | 1.569183
 825 | 247200.0 | 247500.0 | 0.008389 | 0.018100 |   5.798709 |      6 | 0.938030 | 0.600000 | 0.630000 | 0.646667 | 0.660000 |  -0.368332 |      236 |      189 |       47 |   5.798457 |      6 | 0.934940 | 1.647424
 826 | 247500.0 | 247800.0 | 0.008382 | 0.018096 |   5.798457 |      6 | 0.934940 | 0.600000 | 0.663333 | 0.680000 | 0.680000 |   0.000000 |      239 |      199 |       40 |   5.797927 |      6 | 0.934940 | 1.647424
 827 | 247800.0 | 248100.0 | 0.008376 | 0.018093 |   5.797927 |      6 | 0.934940 | 0.600000 | 0.680000 | 0.650000 | 0.680000 |  -0.829032 |      241 |      204 |       37 |   5.797256 |      6 | 0.927996 | 1.823260
 828 | 248100.0 | 248400.0 | 0.008370 | 0.018090 |   5.797256 |      6 | 0.927996 | 0.600000 | 0.640000 | 0.663333 | 0.673333 |  -0.276391 |      236 |      192 |       44 |   5.796922 |      6 | 0.925683 | 1.881838
 829 | 248400.0 | 248700.0 | 0.008364 | 0.018087 |   5.796922 |      6 | 0.925683 | 0.600000 | 0.736667 | 0.713333 | 0.683333 |   0.829315 |      246 |      221 |       25 |   5.795779 |      6 | 0.932619 | 1.706207
 830 | 248700.0 | 249000.0 | 0.008357 | 0.018084 |   5.795779 |      6 | 0.932619 | 0.600000 | 0.726667 | 0.656667 | 0.643333 |   0.368647 |      245 |      218 |       27 |   5.794720 |      6 | 0.935700 | 1.628194
 831 | 249000.0 | 249300.0 | 0.008351 | 0.018081 |   5.794720 |      6 | 0.935700 | 0.600000 | 0.690000 | 0.710000 | 0.676667 |   0.921775 |      241 |      207 |       34 |   5.793968 |      6 | 0.943397 | 1.433275
 832 | 249300.0 | 249600.0 | 0.008345 | 0.018078 |   5.793968 |      6 | 0.943397 | 0.600000 | 0.626667 | 0.653333 | 0.706667 |  -1.475092 |      236 |      188 |       48 |   5.793746 |      6 | 0.931088 | 1.744964
 833 | 249600.0 | 249900.0 | 0.008338 | 0.018075 |   5.793746 |      6 | 0.931088 | 0.600000 | 0.670000 | 0.626667 | 0.730000 |  -2.858476 |      238 |      201 |       37 |   5.793162 |      6 | 0.907253 | 2.348510
 834 | 249900.0 | 250200.0 | 0.008332 | 0.018072 |   5.793162 |      6 | 0.907253 | 0.600000 | 0.653333 | 0.643333 | 0.606667 |   1.014470 |      239 |      196 |       43 |   5.792718 |      6 | 0.915706 | 2.134473
 835 | 250200.0 | 250500.0 | 0.008326 | 0.018069 |   5.792718 |      6 | 0.915706 | 0.600000 | 0.673333 | 0.686667 | 0.630000 |   1.568083 |      239 |      202 |       37 |   5.792107 |      6 | 0.928762 | 1.803879
 836 | 250500.0 | 250800.0 | 0.008320 | 0.018066 |   5.792107 |      6 | 0.928762 | 0.600000 | 0.723333 | 0.706667 | 0.633333 |   2.029628 |      245 |      217 |       28 |   5.791081 |      6 | 0.945647 | 1.376300
 837 | 250800.0 | 251100.0 | 0.008313 | 0.018063 |   5.791081 |      6 | 0.945647 | 0.600000 | 0.703333 | 0.700000 | 0.670000 |   0.830443 |      241 |      211 |       30 |   5.790222 |      6 | 0.952551 | 1.201482
 838 | 251100.0 | 251400.0 | 0.008307 | 0.018060 |   5.790222 |      6 | 0.952551 | 0.600000 | 0.706667 | 0.613333 | 0.706667 |  -2.584037 |      241 |      212 |       29 |   5.789336 |      6 | 0.931085 | 1.745045
 839 | 251400.0 | 251700.0 | 0.008301 | 0.018057 |   5.789336 |      6 | 0.931085 | 0.600000 | 0.700000 | 0.676667 | 0.656667 |   0.553816 |      241 |      210 |       31 |   5.788506 |      6 | 0.935682 | 1.628635
 840 | 251700.0 | 252000.0 | 0.008295 | 0.018054 |   5.788506 |      6 | 0.935682 | 0.600000 | 0.690000 | 0.660000 | 0.630000 |   0.830864 |      242 |      207 |       35 |   5.787759 |      6 | 0.942574 | 1.454120
 841 | 252000.0 | 252300.0 | 0.008289 | 0.018050 |   5.787759 |      6 | 0.942574 | 0.600000 | 0.710000 | 0.690000 | 0.683333 |   0.184667 |      242 |      213 |       29 |   5.786848 |      6 | 0.944105 | 1.415361
 842 | 252300.0 | 252600.0 | 0.008283 | 0.018047 |   5.786848 |      6 | 0.944105 | 0.600000 | 0.706667 | 0.686667 | 0.713333 |  -0.738794 |      243 |      212 |       31 |   5.785964 |      6 | 0.937986 | 1.570307
 843 | 252600.0 | 252900.0 | 0.008276 | 0.018044 |   5.785964 |      6 | 0.937986 | 0.600000 | 0.726667 | 0.690000 | 0.676667 |   0.369459 |      245 |      218 |       27 |   5.784916 |      6 | 0.941044 | 1.492878
 844 | 252900.0 | 253200.0 | 0.008270 | 0.018041 |   5.784916 |      6 | 0.941044 | 0.600000 | 0.680000 | 0.680000 | 0.650000 |   0.831423 |      240 |      204 |       36 |   5.784254 |      6 | 0.947920 | 1.318764
 845 | 253200.0 | 253500.0 | 0.008264 | 0.018038 |   5.784254 |      6 | 0.947920 | 0.600000 | 0.670000 | 0.646667 | 0.660000 |  -0.369583 |      238 |      201 |       37 |   5.783676 |      6 | 0.944865 | 1.396104
 846 | 253500.0 | 253800.0 | 0.008258 | 0.018035 |   5.783676 |      6 | 0.944865 | 0.600000 | 0.706667 | 0.700000 | 0.693333 |   0.184823 |      241 |      212 |       31 |   5.782795 |      6 | 0.946392 | 1.357456
 847 | 253800.0 | 254100.0 | 0.008252 | 0.018032 |   5.782795 |      6 | 0.946392 | 0.600000 | 0.683333 | 0.676667 | 0.673333 |   0.092427 |      241 |      205 |       34 |   5.782107 |      6 | 0.947154 | 1.338143
 848 | 254100.0 | 254400.0 | 0.008246 | 0.018029 |   5.782107 |      6 | 0.947154 | 0.600000 | 0.746667 | 0.686667 | 0.656667 |   0.831980 |      246 |      224 |       22 |   5.780898 |      6 | 0.954015 | 1.164427
 849 | 254400.0 | 254700.0 | 0.008240 | 0.018026 |   5.780898 |      6 | 0.954015 | 0.600000 | 0.690000 | 0.586667 | 0.683333 |  -2.681271 |      238 |      207 |       31 |   5.780156 |      6 | 0.931922 | 1.723859
 850 | 254700.0 | 255000.0 | 0.008234 | 0.018023 |   5.780156 |      6 | 0.931922 | 0.600000 | 0.673333 | 0.630000 | 0.620000 |   0.277419 |      240 |      202 |       38 |   5.779552 |      6 | 0.934206 | 1.666020
 851 | 255000.0 | 255300.0 | 0.008228 | 0.018020 |   5.779552 |      6 | 0.934206 | 0.600000 | 0.693333 | 0.650000 | 0.683333 |  -0.924884 |      241 |      208 |       33 |   5.778785 |      6 | 0.926596 | 1.858708
 852 | 255300.0 | 255600.0 | 0.008222 | 0.018017 |   5.778785 |      6 | 0.926596 | 0.600000 | 0.633333 | 0.700000 | 0.630000 |   1.942580 |      237 |      190 |       47 |   5.778510 |      6 | 0.942567 | 1.454294
 853 | 255600.0 | 255900.0 | 0.008216 | 0.018014 |   5.778510 |      6 | 0.942567 | 0.600000 | 0.680000 | 0.716667 | 0.646667 |   1.942903 |      240 |      204 |       36 |   5.777853 |      6 | 0.958529 | 1.050110
 854 | 255900.0 | 256200.0 | 0.008209 | 0.018011 |   5.777853 |      6 | 0.958529 | 0.600000 | 0.680000 | 0.516667 | 0.703333 |  -5.181936 |      238 |      204 |       34 |   5.777196 |      6 | 0.915988 | 2.127322
 855 | 256200.0 | 256500.0 | 0.008203 | 0.018008 |   5.777196 |      6 | 0.915988 | 0.600000 | 0.673333 | 0.710000 | 0.650000 |   1.665899 |      239 |      202 |       37 |   5.776595 |      6 | 0.929654 | 1.781272
 856 | 256500.0 | 256800.0 | 0.008197 | 0.018005 |   5.776595 |      6 | 0.929654 | 0.600000 | 0.726667 | 0.700000 | 0.686667 |   0.370261 |      245 |      218 |       27 |   5.775557 |      6 | 0.932690 | 1.704415
 857 | 256800.0 | 257100.0 | 0.008191 | 0.018002 |   5.775557 |      6 | 0.932690 | 0.600000 | 0.710000 | 0.670000 | 0.690000 |  -0.555483 |      243 |      213 |       30 |   5.774655 |      6 | 0.928139 | 1.819635
 858 | 257100.0 | 257400.0 | 0.008185 | 0.017999 |   5.774655 |      6 | 0.928139 | 0.600000 | 0.666667 | 0.616667 | 0.693333 |  -2.129705 |      240 |      200 |       40 |   5.774110 |      6 | 0.910707 | 2.261059
 859 | 257400.0 | 257700.0 | 0.008180 | 0.017996 |   5.774110 |      6 | 0.910707 | 0.600000 | 0.690000 | 0.683333 | 0.666667 |   0.463056 |      242 |      207 |       35 |   5.773374 |      6 | 0.914494 | 2.165152
 860 | 257700.0 | 258000.0 | 0.008174 | 0.017993 |   5.773374 |      6 | 0.914494 | 0.600000 | 0.653333 | 0.703333 | 0.623333 |   2.223034 |      238 |      196 |       42 |   5.772938 |      6 | 0.932664 | 1.705055
 861 | 258000.0 | 258300.0 | 0.008168 | 0.017990 |   5.772938 |      6 | 0.932664 | 0.600000 | 0.693333 | 0.673333 | 0.636667 |   1.019059 |      241 |      208 |       33 |   5.772175 |      6 | 0.940988 | 1.494296
 862 | 258300.0 | 258600.0 | 0.008162 | 0.017987 |   5.772175 |      6 | 0.940988 | 0.600000 | 0.703333 | 0.683333 | 0.703333 |  -0.555942 |      242 |      211 |       31 |   5.771332 |      6 | 0.936450 | 1.609190
 863 | 258600.0 | 258900.0 | 0.008156 | 0.017985 |   5.771332 |      6 | 0.936450 | 0.600000 | 0.686667 | 0.686667 | 0.660000 |   0.741377 |      242 |      206 |       36 |   5.770625 |      6 | 0.942497 | 1.456084
 864 | 258900.0 | 259200.0 | 0.008150 | 0.017982 |   5.770625 |      6 | 0.942497 | 0.600000 | 0.713333 | 0.693333 | 0.666667 |   0.741499 |      242 |      214 |       28 |   5.769702 |      6 | 0.948540 | 1.303063
 865 | 259200.0 | 259500.0 | 0.008144 | 0.017979 |   5.769702 |      6 | 0.948540 | 0.600000 | 0.713333 | 0.680000 | 0.710000 |  -0.834323 |      243 |      214 |       29 |   5.768779 |      6 | 0.941745 | 1.475115
 866 | 259500.0 | 259800.0 | 0.008138 | 0.017976 |   5.768779 |      6 | 0.941745 | 0.600000 | 0.690000 | 0.706667 | 0.676667 |   0.834460 |      241 |      207 |       34 |   5.768046 |      6 | 0.948536 | 1.303160
 867 | 259800.0 | 260100.0 | 0.008132 | 0.017973 |   5.768046 |      6 | 0.948536 | 0.600000 | 0.660000 | 0.673333 | 0.680000 |  -0.185466 |      236 |      198 |       38 |   5.767558 |      6 | 0.947028 | 1.341350
 868 | 260100.0 | 260400.0 | 0.008126 | 0.017970 |   5.767558 |      6 | 0.947028 | 0.600000 | 0.666667 | 0.680000 | 0.643333 |   1.020229 |      237 |      200 |       38 |   5.767016 |      6 | 0.955318 | 1.131419
 869 | 260400.0 | 260700.0 | 0.008120 | 0.017967 |   5.767016 |      6 | 0.955318 | 0.600000 | 0.683333 | 0.606667 | 0.713333 |  -2.968425 |      239 |      205 |       33 |   5.766340 |      6 | 0.931214 | 1.741788
 870 | 260700.0 | 261000.0 | 0.008114 | 0.017964 |   5.766340 |      6 | 0.931214 | 0.600000 | 0.743333 | 0.673333 | 0.710000 |  -1.020562 |      246 |      223 |       23 |   5.765177 |      6 | 0.922932 | 1.951485
 871 | 261000.0 | 261300.0 | 0.008109 | 0.017961 |   5.765177 |      6 | 0.922932 | 0.600000 | 0.686667 | 0.660000 | 0.653333 |   0.185587 |      241 |      206 |       35 |   5.764474 |      6 | 0.924437 | 1.913379
 872 | 261300.0 | 261600.0 | 0.008103 | 0.017958 |   5.764474 |      6 | 0.924437 | 0.600000 | 0.713333 | 0.713333 | 0.676667 |   1.020895 |      244 |      214 |       30 |   5.763556 |      6 | 0.932709 | 1.703916
 873 | 261600.0 | 261900.0 | 0.008097 | 0.017955 |   5.763556 |      6 | 0.932709 | 0.600000 | 0.656667 | 0.670000 | 0.670000 |   0.000000 |      237 |      197 |       40 |   5.763097 |      6 | 0.932709 | 1.703916
 874 | 261900.0 | 262200.0 | 0.008091 | 0.017952 |   5.763097 |      6 | 0.932709 | 0.600000 | 0.660000 | 0.670000 | 0.693333 |  -0.649872 |      240 |      198 |       42 |   5.762611 |      6 | 0.927451 | 1.837063
 875 | 262200.0 | 262500.0 | 0.008085 | 0.017949 |   5.762611 |      6 | 0.927451 | 0.600000 | 0.663333 | 0.653333 | 0.626667 |   0.742831 |      238 |      199 |       39 |   5.762099 |      6 | 0.933457 | 1.684980
 876 | 262500.0 | 262800.0 | 0.008080 | 0.017946 |   5.762099 |      6 | 0.933457 | 0.600000 | 0.673333 | 0.656667 | 0.676667 |  -0.557214 |      240 |      202 |       38 |   5.761507 |      6 | 0.928955 | 1.798979
 877 | 262800.0 | 263100.0 | 0.008074 | 0.017944 |   5.761507 |      6 | 0.928955 | 0.600000 | 0.646667 | 0.676667 | 0.666667 |   0.278652 |      237 |      194 |       43 |   5.761130 |      6 | 0.931205 | 1.742011
 878 | 263100.0 | 263400.0 | 0.008068 | 0.017941 |   5.761130 |      6 | 0.931205 | 0.600000 | 0.713333 | 0.663333 | 0.673333 |  -0.278697 |      244 |      214 |       30 |   5.760216 |      6 | 0.928956 | 1.798947
 879 | 263400.0 | 263700.0 | 0.008062 | 0.017938 |   5.760216 |      6 | 0.928956 | 0.600000 | 0.666667 | 0.700000 | 0.643333 |   1.579538 |      240 |      200 |       40 |   5.759678 |      6 | 0.941691 | 1.476487
 880 | 263700.0 | 264000.0 | 0.008056 | 0.017935 |   5.759678 |      6 | 0.941691 | 0.600000 | 0.706667 | 0.703333 | 0.680000 |   0.650503 |      242 |      212 |       30 |   5.758819 |      6 | 0.946932 | 1.343783
 881 | 264000.0 | 264300.0 | 0.008051 | 0.017932 |   5.758819 |      6 | 0.946932 | 0.600000 | 0.720000 | 0.666667 | 0.683333 |  -0.464720 |      243 |      216 |       27 |   5.757853 |      6 | 0.943190 | 1.438520
 882 | 264300.0 | 264600.0 | 0.008045 | 0.017929 |   5.757853 |      6 | 0.943190 | 0.600000 | 0.666667 | 0.666667 | 0.680000 |  -0.371836 |      238 |      200 |       38 |   5.757316 |      6 | 0.940199 | 1.514267
 883 | 264600.0 | 264900.0 | 0.008039 | 0.017926 |   5.757316 |      6 | 0.940199 | 0.600000 | 0.686667 | 0.663333 | 0.680000 |  -0.464869 |      241 |      206 |       35 |   5.756620 |      6 | 0.936462 | 1.608898
 884 | 264900.0 | 265200.0 | 0.008033 | 0.017923 |   5.756620 |      6 | 0.936462 | 0.600000 | 0.706667 | 0.683333 | 0.706667 |  -0.650922 |      243 |      212 |       31 |   5.755763 |      6 | 0.931233 | 1.741310
 885 | 265200.0 | 265500.0 | 0.008028 | 0.017920 |   5.755763 |      6 | 0.931233 | 0.600000 | 0.713333 | 0.686667 | 0.633333 |   1.488060 |      243 |      214 |       29 |   5.754853 |      6 | 0.943178 | 1.438822
 886 | 265500.0 | 265800.0 | 0.008022 | 0.017918 |   5.754853 |      6 | 0.943178 | 0.600000 | 0.643333 | 0.683333 | 0.643333 |   1.116224 |      235 |      193 |       42 |   5.754505 |      6 | 0.952133 | 1.212080
 887 | 265800.0 | 266100.0 | 0.008016 | 0.017915 |   5.754505 |      6 | 0.952133 | 0.600000 | 0.630000 | 0.636667 | 0.630000 |   0.186067 |      234 |      189 |       45 |   5.754265 |      6 | 0.953624 | 1.174311
 888 | 266100.0 | 266400.0 | 0.008011 | 0.017912 |   5.754265 |      6 | 0.953624 | 0.600000 | 0.683333 | 0.606667 | 0.730000 |  -3.442793 |      239 |      205 |       34 |   5.753597 |      6 | 0.926045 | 1.872663
 889 | 266400.0 | 266700.0 | 0.008005 | 0.017909 |   5.753597 |      6 | 0.926045 | 0.600000 | 0.730000 | 0.680000 | 0.613333 |   1.861267 |      244 |      219 |       25 |   5.752557 |      6 | 0.940945 | 1.495382
 890 | 266700.0 | 267000.0 | 0.007999 | 0.017906 |   5.752557 |      6 | 0.940945 | 0.600000 | 0.653333 | 0.683333 | 0.683333 |   0.000000 |      238 |      196 |       42 |   5.752130 |      6 | 0.940945 | 1.495382
 891 | 267000.0 | 267300.0 | 0.007994 | 0.017903 |   5.752130 |      6 | 0.940945 | 0.600000 | 0.686667 | 0.646667 | 0.676667 |  -0.837837 |      240 |      206 |       34 |   5.751437 |      6 | 0.934247 | 1.664973
 892 | 267300.0 | 267600.0 | 0.007988 | 0.017900 |   5.751437 |      6 | 0.934247 | 0.600000 | 0.710000 | 0.683333 | 0.676667 |   0.186216 |      244 |      213 |       31 |   5.750559 |      6 | 0.935735 | 1.627306
 893 | 267600.0 | 267900.0 | 0.007982 | 0.017898 |   5.750559 |      6 | 0.935735 | 0.600000 | 0.676667 | 0.656667 | 0.683333 |  -0.744981 |      240 |      203 |       37 |   5.749947 |      6 | 0.929788 | 1.777889
 894 | 267900.0 | 268200.0 | 0.007977 | 0.017895 |   5.749947 |      6 | 0.929788 | 0.600000 | 0.676667 | 0.693333 | 0.673333 |   0.558825 |      240 |      203 |       37 |   5.749335 |      6 | 0.934246 | 1.665014
 895 | 268200.0 | 268500.0 | 0.007971 | 0.017892 |   5.749335 |      6 | 0.934246 | 0.600000 | 0.693333 | 0.700000 | 0.666667 |   0.931523 |      240 |      208 |       32 |   5.748591 |      6 | 0.941671 | 1.476991
 896 | 268500.0 | 268800.0 | 0.007966 | 0.017889 |   5.748591 |      6 | 0.941671 | 0.600000 | 0.683333 | 0.643333 | 0.623333 |   0.559002 |      241 |      205 |       36 |   5.747927 |      6 | 0.946124 | 1.364238
 897 | 268800.0 | 269100.0 | 0.007960 | 0.017886 |   5.747927 |      6 | 0.946124 | 0.600000 | 0.700000 | 0.653333 | 0.636667 |   0.465909 |      242 |      210 |       32 |   5.747131 |      6 | 0.949832 | 1.270329
 898 | 269100.0 | 269400.0 | 0.007954 | 0.017883 |   5.747131 |      6 | 0.949832 | 0.600000 | 0.700000 | 0.666667 | 0.696667 |  -0.838769 |      240 |      210 |       31 |   5.746336 |      6 | 0.943160 | 1.439274
 899 | 269400.0 | 269700.0 | 0.007949 | 0.017881 |   5.746336 |      6 | 0.943160 | 0.600000 | 0.680000 | 0.686667 | 0.673333 |   0.372845 |      240 |      204 |       36 |   5.745700 |      6 | 0.946124 | 1.364228
 900 | 269700.0 | 270000.0 | 0.007943 | 0.017878 |   5.745700 |      6 | 0.946124 | 0.600000 | 0.696667 | 0.693333 | 0.683333 |   0.279678 |      241 |      209 |       31 |   5.744932 |      6 | 0.948346 | 1.307974
 901 | 270000.0 | 270300.0 | 0.007938 | 0.017875 |   5.744932 |      6 | 0.948346 | 0.600000 | 0.660000 | 0.663333 | 0.693333 |  -0.839167 |      237 |      198 |       39 |   5.744456 |      6 | 0.941685 | 1.476644
 902 | 270300.0 | 270600.0 | 0.007932 | 0.017872 |   5.744456 |      6 | 0.941685 | 0.600000 | 0.720000 | 0.676667 | 0.623333 |   1.492087 |      243 |      216 |       27 |   5.743504 |      6 | 0.953520 | 1.176949
 903 | 270600.0 | 270900.0 | 0.007927 | 0.017869 |   5.743504 |      6 | 0.953520 | 0.600000 | 0.720000 | 0.623333 | 0.676667 |  -1.492322 |      243 |      216 |       27 |   5.742553 |      6 | 0.941691 | 1.476482
 904 | 270900.0 | 271200.0 | 0.007921 | 0.017866 |   5.742553 |      6 | 0.941691 | 0.600000 | 0.663333 | 0.630000 | 0.696667 |  -1.865697 |      238 |      199 |       39 |   5.742051 |      6 | 0.926913 | 1.850697
 905 | 271200.0 | 271500.0 | 0.007916 | 0.017864 |   5.742051 |      6 | 0.926913 | 0.600000 | 0.716667 | 0.690000 | 0.686667 |   0.093299 |      244 |      215 |       29 |   5.741128 |      6 | 0.927651 | 1.831996
 906 | 271500.0 | 271800.0 | 0.007910 | 0.017861 |   5.741128 |      6 | 0.927651 | 0.600000 | 0.730000 | 0.673333 | 0.630000 |   1.213084 |      246 |      219 |       27 |   5.740099 |      6 | 0.937247 | 1.589019
 907 | 271800.0 | 272100.0 | 0.007905 | 0.017858 |   5.740099 |      6 | 0.937247 | 0.600000 | 0.736667 | 0.630000 | 0.666667 |  -1.026616 |      245 |      221 |       24 |   5.739019 |      6 | 0.929132 | 1.794504
 908 | 272100.0 | 272400.0 | 0.007899 | 0.017855 |   5.739019 |      6 | 0.929132 | 0.600000 | 0.726667 | 0.663333 | 0.633333 |   0.840091 |      245 |      218 |       27 |   5.738018 |      6 | 0.935768 | 1.626470
 909 | 272400.0 | 272700.0 | 0.007894 | 0.017852 |   5.738018 |      6 | 0.935768 | 0.600000 | 0.650000 | 0.703333 | 0.686667 |   0.466790 |      237 |      195 |       42 |   5.737624 |      6 | 0.939452 | 1.533169
 910 | 272700.0 | 273000.0 | 0.007888 | 0.017850 |   5.737624 |      6 | 0.939452 | 0.600000 | 0.690000 | 0.690000 | 0.710000 |  -0.560236 |      241 |      207 |       34 |   5.736914 |      6 | 0.935033 | 1.645071
 911 | 273000.0 | 273300.0 | 0.007883 | 0.017847 |   5.736914 |      6 | 0.935033 | 0.600000 | 0.703333 | 0.643333 | 0.653333 |  -0.280162 |      243 |      211 |       32 |   5.736099 |      6 | 0.932825 | 1.700992
 912 | 273300.0 | 273600.0 | 0.007877 | 0.017844 |   5.736099 |      6 | 0.932825 | 0.600000 | 0.720000 | 0.740000 | 0.650000 |   2.521847 |      244 |      216 |       28 |   5.735154 |      6 | 0.952690 | 1.197972
 913 | 273600.0 | 273900.0 | 0.007872 | 0.017841 |   5.735154 |      6 | 0.952690 | 0.600000 | 0.703333 | 0.610000 | 0.673333 |  -1.774910 |      240 |      211 |       29 |   5.734341 |      6 | 0.938718 | 1.551759
 914 | 273900.0 | 274200.0 | 0.007866 | 0.017839 |   5.734341 |      6 | 0.938718 | 0.600000 | 0.633333 | 0.646667 | 0.656667 |  -0.280293 |      236 |      190 |       46 |   5.734078 |      6 | 0.936513 | 1.607591
 915 | 274200.0 | 274500.0 | 0.007861 | 0.017836 |   5.734078 |      6 | 0.936513 | 0.600000 | 0.730000 | 0.670000 | 0.670000 |   0.000000 |      244 |      219 |       25 |   5.733056 |      6 | 0.936513 | 1.607591
 916 | 274500.0 | 274800.0 | 0.007856 | 0.017833 |   5.733056 |      6 | 0.936513 | 0.600000 | 0.683333 | 0.710000 | 0.663333 |   1.308439 |      241 |      205 |       36 |   5.732402 |      6 | 0.946792 | 1.347323
 917 | 274800.0 | 275100.0 | 0.007850 | 0.017830 |   5.732402 |      6 | 0.946792 | 0.600000 | 0.673333 | 0.693333 | 0.713333 |  -0.560846 |      239 |      202 |       37 |   5.731826 |      6 | 0.942389 | 1.458807
 918 | 275100.0 | 275400.0 | 0.007845 | 0.017827 |   5.731826 |      6 | 0.942389 | 0.600000 | 0.700000 | 0.690000 | 0.643333 |   1.308845 |      241 |      210 |       31 |   5.731042 |      6 | 0.952657 | 1.198816
 919 | 275400.0 | 275700.0 | 0.007839 | 0.017825 |   5.731042 |      6 | 0.952657 | 0.600000 | 0.723333 | 0.646667 | 0.663333 |  -0.467517 |      242 |      217 |       25 |   5.730075 |      6 | 0.948992 | 1.291620
 920 | 275700.0 | 276000.0 | 0.007834 | 0.017822 |   5.730075 |      6 | 0.948992 | 0.600000 | 0.730000 | 0.650000 | 0.633333 |   0.467589 |      245 |      219 |       26 |   5.729056 |      6 | 0.952655 | 1.198865
 921 | 276000.0 | 276300.0 | 0.007829 | 0.017819 |   5.729056 |      6 | 0.952655 | 0.600000 | 0.680000 | 0.616667 | 0.676667 |  -1.683581 |      236 |      204 |       33 |   5.728430 |      6 | 0.939475 | 1.532606
 922 | 276300.0 | 276600.0 | 0.007823 | 0.017816 |   5.728430 |      6 | 0.939475 | 0.600000 | 0.706667 | 0.696667 | 0.720000 |  -0.654827 |      243 |      212 |       30 |   5.727596 |      6 | 0.934352 | 1.662325
 923 | 276600.0 | 276900.0 | 0.007818 | 0.017814 |   5.727596 |      6 | 0.934352 | 0.600000 | 0.710000 | 0.646667 | 0.666667 |  -0.561367 |      243 |      213 |       30 |   5.726736 |      6 | 0.929963 | 1.773454
 924 | 276900.0 | 277200.0 | 0.007813 | 0.017811 |   5.726736 |      6 | 0.929963 | 0.600000 | 0.656667 | 0.743333 | 0.666667 |   2.152239 |      237 |      197 |       40 |   5.726293 |      6 | 0.946777 | 1.347686
 925 | 277200.0 | 277500.0 | 0.007807 | 0.017808 |   5.726293 |      6 | 0.946777 | 0.600000 | 0.710000 | 0.633333 | 0.646667 |  -0.374360 |      242 |      213 |       29 |   5.725434 |      6 | 0.943855 | 1.421693
 926 | 277500.0 | 277800.0 | 0.007802 | 0.017805 |   5.725434 |      6 | 0.943855 | 0.600000 | 0.700000 | 0.713333 | 0.693333 |   0.561626 |      241 |      210 |       31 |   5.724654 |      6 | 0.948237 | 1.310740
 927 | 277800.0 | 278100.0 | 0.007797 | 0.017803 |   5.724654 |      6 | 0.948237 | 0.600000 | 0.713333 | 0.680000 | 0.676667 |   0.093619 |      244 |      214 |       30 |   5.723770 |      6 | 0.948966 | 1.292258
 928 | 278100.0 | 278400.0 | 0.007791 | 0.017800 |   5.723770 |      6 | 0.948966 | 0.600000 | 0.680000 | 0.710000 | 0.693333 |   0.468166 |      238 |      204 |       34 |   5.723147 |      6 | 0.952614 | 1.199895
 929 | 278400.0 | 278700.0 | 0.007786 | 0.017797 |   5.723147 |      6 | 0.952614 | 0.600000 | 0.673333 | 0.606667 | 0.670000 |  -1.779302 |      237 |      202 |       36 |   5.722576 |      6 | 0.938761 | 1.550689
 930 | 278700.0 | 279000.0 | 0.007781 | 0.017795 |   5.722576 |      6 | 0.938761 | 0.600000 | 0.686667 | 0.646667 | 0.656667 |  -0.280986 |      241 |      206 |       34 |   5.721902 |      6 | 0.936574 | 1.606049
 931 | 279000.0 | 279300.0 | 0.007775 | 0.017792 |   5.721902 |      6 | 0.936574 | 0.600000 | 0.683333 | 0.670000 | 0.643333 |   0.749409 |      239 |      205 |       34 |   5.721254 |      6 | 0.942401 | 1.458501
 932 | 279300.0 | 279600.0 | 0.007770 | 0.017789 |   5.721254 |      6 | 0.942401 | 0.600000 | 0.673333 | 0.680000 | 0.663333 |   0.468452 |      240 |      202 |       38 |   5.720684 |      6 | 0.946041 | 1.366333
 933 | 279600.0 | 279900.0 | 0.007765 | 0.017786 |   5.720684 |      6 | 0.946041 | 0.600000 | 0.716667 | 0.716667 | 0.686667 |   0.843343 |      243 |      215 |       28 |   5.719778 |      6 | 0.952589 | 1.200516
 934 | 279900.0 | 280200.0 | 0.007760 | 0.017784 |   5.719778 |      6 | 0.952589 | 0.600000 | 0.706667 | 0.640000 | 0.643333 |  -0.093719 |      240 |      212 |       28 |   5.718950 |      6 | 0.951862 | 1.218931
 935 | 280200.0 | 280500.0 | 0.007754 | 0.017781 |   5.718950 |      6 | 0.951862 | 0.600000 | 0.703333 | 0.640000 | 0.693333 |  -1.499734 |      242 |      211 |       31 |   5.718149 |      6 | 0.940233 | 1.513406
 936 | 280500.0 | 280800.0 | 0.007749 | 0.017778 |   5.718149 |      6 | 0.940233 | 0.600000 | 0.670000 | 0.696667 | 0.626667 |   1.968700 |      239 |      201 |       38 |   5.717607 |      6 | 0.955488 | 1.127110
 937 | 280800.0 | 281100.0 | 0.007744 | 0.017776 |   5.717607 |      6 | 0.955488 | 0.600000 | 0.720000 | 0.570000 | 0.686667 |  -3.281666 |      242 |      216 |       26 |   5.716677 |      6 | 0.930076 | 1.770601
 938 | 281100.0 | 281400.0 | 0.007739 | 0.017773 |   5.716677 |      6 | 0.930076 | 0.600000 | 0.726667 | 0.683333 | 0.610000 |   2.063075 |      245 |      218 |       27 |   5.715697 |      6 | 0.946041 | 1.366332
 939 | 281400.0 | 281700.0 | 0.007733 | 0.017770 |   5.715697 |      6 | 0.946041 | 0.600000 | 0.666667 | 0.656667 | 0.650000 |   0.187581 |      238 |      200 |       38 |   5.715182 |      6 | 0.947492 | 1.329599
 940 | 281700.0 | 282000.0 | 0.007728 | 0.017767 |   5.715182 |      6 | 0.947492 | 0.600000 | 0.710000 | 0.683333 | 0.660000 |   0.656632 |      242 |      213 |       29 |   5.714332 |      6 | 0.952566 | 1.201103
 941 | 282000.0 | 282300.0 | 0.007723 | 0.017765 |   5.714332 |      6 | 0.952566 | 0.600000 | 0.693333 | 0.616667 | 0.683333 |  -1.876376 |      239 |      208 |       32 |   5.713611 |      6 | 0.938075 | 1.568045
 942 | 282300.0 | 282600.0 | 0.007718 | 0.017762 |   5.713611 |      6 | 0.938075 | 0.600000 | 0.726667 | 0.686667 | 0.680000 |   0.187666 |      245 |      218 |       26 |   5.712633 |      6 | 0.939523 | 1.531370
 943 | 282600.0 | 282900.0 | 0.007713 | 0.017759 |   5.712633 |      6 | 0.939523 | 0.600000 | 0.646667 | 0.663333 | 0.656667 |   0.187694 |      237 |      194 |       43 |   5.712273 |      6 | 0.940971 | 1.494714
 944 | 282900.0 | 283200.0 | 0.007707 | 0.017757 |   5.712273 |      6 | 0.940971 | 0.600000 | 0.676667 | 0.626667 | 0.700000 |  -2.064949 |      240 |      203 |       37 |   5.711682 |      6 | 0.925056 | 1.897720
 945 | 283200.0 | 283500.0 | 0.007702 | 0.017754 |   5.711682 |      6 | 0.925056 | 0.600000 | 0.703333 | 0.670000 | 0.646667 |   0.657128 |      241 |      211 |       30 |   5.710886 |      6 | 0.930117 | 1.769558
 946 | 283500.0 | 283800.0 | 0.007697 | 0.017751 |   5.710886 |      6 | 0.930117 | 0.600000 | 0.716667 | 0.683333 | 0.603333 |   2.253351 |      245 |      215 |       30 |   5.709988 |      6 | 0.947461 | 1.330370
 947 | 283800.0 | 284100.0 | 0.007692 | 0.017749 |   5.709988 |      6 | 0.947461 | 0.600000 | 0.740000 | 0.666667 | 0.630000 |   1.032941 |      245 |      222 |       23 |   5.708912 |      6 | 0.955407 | 1.129180
 948 | 284100.0 | 284400.0 | 0.007687 | 0.017746 |   5.708912 |      6 | 0.955407 | 0.600000 | 0.643333 | 0.576667 | 0.676667 |  -2.817537 |      234 |      193 |       41 |   5.708579 |      6 | 0.933749 | 1.677596
 949 | 284400.0 | 284700.0 | 0.007682 | 0.017743 |   5.708579 |      6 | 0.933749 | 0.600000 | 0.680000 | 0.676667 | 0.716667 |  -1.127184 |      240 |      204 |       36 |   5.707964 |      6 | 0.925090 | 1.896849
 950 | 284700.0 | 285000.0 | 0.007677 | 0.017741 |   5.707964 |      6 | 0.925090 | 0.600000 | 0.673333 | 0.666667 | 0.693333 |  -0.751569 |      240 |      202 |       38 |   5.707401 |      6 | 0.919321 | 2.042942
 951 | 285000.0 | 285300.0 | 0.007671 | 0.017738 |   5.707401 |      6 | 0.919321 | 0.600000 | 0.670000 | 0.643333 | 0.610000 |   0.939602 |      240 |      201 |       39 |   5.706864 |      6 | 0.926529 | 1.860420
 952 | 285300.0 | 285600.0 | 0.007666 | 0.017735 |   5.706864 |      6 | 0.926529 | 0.600000 | 0.676667 | 0.680000 | 0.653333 |   0.751794 |      239 |      203 |       36 |   5.706276 |      6 | 0.932292 | 1.714477
 953 | 285600.0 | 285900.0 | 0.007661 | 0.017733 |   5.706276 |      6 | 0.932292 | 0.600000 | 0.663333 | 0.696667 | 0.656667 |   1.127860 |      239 |      199 |       40 |   5.705791 |      6 | 0.940933 | 1.495677
 954 | 285900.0 | 286200.0 | 0.007656 | 0.017730 |   5.705791 |      6 | 0.940933 | 0.600000 | 0.710000 | 0.710000 | 0.676667 |   0.940024 |      243 |      213 |       30 |   5.704949 |      6 | 0.948130 | 1.313437
 955 | 286200.0 | 286500.0 | 0.007651 | 0.017727 |   5.704949 |      6 | 0.948130 | 0.600000 | 0.696667 | 0.693333 | 0.666667 |   0.752131 |      241 |      209 |       32 |   5.704209 |      6 | 0.953885 | 1.167720
 956 | 286500.0 | 286800.0 | 0.007646 | 0.017725 |   5.704209 |      6 | 0.953885 | 0.600000 | 0.703333 | 0.603333 | 0.640000 |  -1.034335 |      240 |      211 |       29 |   5.703419 |      6 | 0.945976 | 1.367978
 957 | 286800.0 | 287100.0 | 0.007641 | 0.017722 |   5.703419 |      6 | 0.945976 | 0.600000 | 0.656667 | 0.686667 | 0.703333 |  -0.470222 |      236 |      197 |       40 |   5.702986 |      6 | 0.942383 | 1.458957
 958 | 287100.0 | 287400.0 | 0.007636 | 0.017719 |   5.702986 |      6 | 0.942383 | 0.600000 | 0.693333 | 0.676667 | 0.693333 |  -0.470292 |      241 |      208 |       32 |   5.702274 |      6 | 0.938792 | 1.549890
 959 | 287400.0 | 287700.0 | 0.007631 | 0.017717 |   5.702274 |      6 | 0.938792 | 0.600000 | 0.710000 | 0.693333 | 0.696667 |  -0.094072 |      244 |      213 |       31 |   5.701434 |      6 | 0.938074 | 1.568068
 960 | 287700.0 | 288000.0 | 0.007626 | 0.017714 |   5.701434 |      6 | 0.938074 | 0.600000 | 0.660000 | 0.730000 | 0.693333 |   1.034951 |      238 |      198 |       40 |   5.700977 |      6 | 0.945967 | 1.368220
 961 | 288000.0 | 288300.0 | 0.007621 | 0.017712 |   5.700977 |      6 | 0.945967 | 0.600000 | 0.703333 | 0.680000 | 0.640000 |   1.129205 |      241 |      211 |       30 |   5.700189 |      6 | 0.954572 | 1.150316
 962 | 288300.0 | 288600.0 | 0.007616 | 0.017709 |   5.700189 |      6 | 0.954572 | 0.600000 | 0.716667 | 0.603333 | 0.683333 |  -2.258744 |      243 |      215 |       28 |   5.699301 |      6 | 0.937370 | 1.585901
 963 | 288600.0 | 288900.0 | 0.007611 | 0.017706 |   5.699301 |      6 | 0.937370 | 0.600000 | 0.720000 | 0.683333 | 0.670000 |   0.376513 |      243 |      216 |       28 |   5.698387 |      6 | 0.940235 | 1.513341
 964 | 288900.0 | 289200.0 | 0.007606 | 0.017704 |   5.698387 |      6 | 0.940235 | 0.600000 | 0.686667 | 0.686667 | 0.673333 |   0.376569 |      240 |      206 |       33 |   5.697728 |      6 | 0.943100 | 1.440817
 965 | 289200.0 | 289500.0 | 0.007601 | 0.017701 |   5.697728 |      6 | 0.943100 | 0.600000 | 0.703333 | 0.726667 | 0.700000 |   0.753249 |      243 |      211 |       32 |   5.696943 |      6 | 0.948825 | 1.295844
 966 | 289500.0 | 289800.0 | 0.007596 | 0.017698 |   5.696943 |      6 | 0.948825 | 0.600000 | 0.736667 | 0.676667 | 0.670000 |   0.188340 |      244 |      221 |       23 |   5.695905 |      6 | 0.950255 | 1.259620
 967 | 289800.0 | 290100.0 | 0.007591 | 0.017696 |   5.695905 |      6 | 0.950255 | 0.600000 | 0.716667 | 0.670000 | 0.630000 |   1.130207 |      243 |      215 |       28 |   5.695019 |      6 | 0.958834 | 1.042381
 968 | 290100.0 | 290400.0 | 0.007586 | 0.017693 |   5.695019 |      6 | 0.958834 | 0.600000 | 0.666667 | 0.506667 | 0.673333 |  -4.709892 |      235 |      200 |       36 |   5.694513 |      6 | 0.923106 | 1.947081
 969 | 290400.0 | 290700.0 | 0.007581 | 0.017691 |   5.694513 |      6 | 0.923106 | 0.600000 | 0.686667 | 0.683333 | 0.636667 |   1.318964 |      240 |      206 |       33 |   5.693856 |      6 | 0.933105 | 1.693893
 970 | 290700.0 | 291000.0 | 0.007576 | 0.017688 |   5.693856 |      6 | 0.933105 | 0.600000 | 0.690000 | 0.706667 | 0.680000 |   0.753805 |      242 |      207 |       35 |   5.693175 |      6 | 0.938816 | 1.549288
 971 | 291000.0 | 291300.0 | 0.007571 | 0.017685 |   5.693175 |      6 | 0.938816 | 0.600000 | 0.693333 | 0.713333 | 0.673333 |   1.130873 |      242 |      208 |       34 |   5.692468 |      6 | 0.947378 | 1.332491
 972 | 291300.0 | 291600.0 | 0.007566 | 0.017683 |   5.692468 |      6 | 0.947378 | 0.600000 | 0.706667 | 0.700000 | 0.713333 |  -0.377013 |      241 |      212 |       29 |   5.691661 |      6 | 0.944525 | 1.404720
 973 | 291600.0 | 291900.0 | 0.007561 | 0.017680 |   5.691661 |      6 | 0.944525 | 0.600000 | 0.706667 | 0.706667 | 0.666667 |   1.131205 |      242 |      212 |       30 |   5.690854 |      6 | 0.953078 | 1.188142
 974 | 291900.0 | 292200.0 | 0.007556 | 0.017678 |   5.690854 |      6 | 0.953078 | 0.600000 | 0.716667 | 0.573333 | 0.620000 |  -1.319933 |      242 |      215 |       27 |   5.689973 |      6 | 0.943105 | 1.440689
 975 | 292200.0 | 292500.0 | 0.007551 | 0.017675 |   5.689973 |      6 | 0.943105 | 0.600000 | 0.700000 | 0.663333 | 0.666667 |  -0.094295 |      242 |      210 |       32 |   5.689218 |      6 | 0.942393 | 1.458719
 976 | 292500.0 | 292800.0 | 0.007546 | 0.017672 |   5.689218 |      6 | 0.942393 | 0.600000 | 0.640000 | 0.693333 | 0.700000 |  -0.188617 |      236 |      192 |       44 |   5.688916 |      6 | 0.940969 | 1.494760
 977 | 292800.0 | 293100.0 | 0.007541 | 0.017670 |   5.688916 |      6 | 0.940969 | 0.600000 | 0.626667 | 0.700000 | 0.643333 |   1.603479 |      237 |      188 |       49 |   5.688715 |      6 | 0.953062 | 1.188560
 978 | 293100.0 | 293400.0 | 0.007536 | 0.017667 |   5.688715 |      6 | 0.953062 | 0.600000 | 0.723333 | 0.663333 | 0.673333 |  -0.283008 |      241 |      217 |       24 |   5.687785 |      6 | 0.950929 | 1.242568
 979 | 293400.0 | 293700.0 | 0.007532 | 0.017665 |   5.687785 |      6 | 0.950929 | 0.600000 | 0.700000 | 0.646667 | 0.713333 |  -1.886996 |      241 |      210 |       31 |   5.687032 |      6 | 0.936717 | 1.602441
 980 | 293700.0 | 294000.0 | 0.007527 | 0.017662 |   5.687032 |      6 | 0.936717 | 0.600000 | 0.680000 | 0.626667 | 0.733333 |  -3.019634 |      241 |      204 |       37 |   5.686430 |      6 | 0.913989 | 2.177949
 981 | 294000.0 | 294300.0 | 0.007522 | 0.017660 |   5.686430 |      6 | 0.913989 | 0.600000 | 0.676667 | 0.646667 | 0.616667 |   0.849396 |      240 |      203 |       37 |   5.685853 |      6 | 0.920378 | 2.016169
 982 | 294300.0 | 294600.0 | 0.007517 | 0.017657 |   5.685853 |      6 | 0.920378 | 0.600000 | 0.683333 | 0.716667 | 0.686667 |   0.849519 |      241 |      205 |       36 |   5.685227 |      6 | 0.926764 | 1.854470
 983 | 294600.0 | 294900.0 | 0.007512 | 0.017654 |   5.685227 |      6 | 0.926764 | 0.600000 | 0.706667 | 0.716667 | 0.713333 |   0.094405 |      242 |      212 |       30 |   5.684426 |      6 | 0.927473 | 1.836512
 984 | 294900.0 | 295200.0 | 0.007507 | 0.017652 |   5.684426 |      6 | 0.927473 | 0.600000 | 0.716667 | 0.686667 | 0.710000 |  -0.660929 |      244 |      215 |       29 |   5.683550 |      6 | 0.922511 | 1.962152
 985 | 295200.0 | 295500.0 | 0.007502 | 0.017649 |   5.683550 |      6 | 0.922511 | 0.600000 | 0.676667 | 0.673333 | 0.626667 |   1.322050 |      241 |      203 |       38 |   5.682975 |      6 | 0.932430 | 1.710998
 986 | 295500.0 | 295800.0 | 0.007498 | 0.017647 |   5.682975 |      6 | 0.932430 | 0.600000 | 0.680000 | 0.690000 | 0.690000 |   0.000000 |      241 |      204 |       37 |   5.682375 |      6 | 0.932430 | 1.710998
 987 | 295800.0 | 296100.0 | 0.007493 | 0.017644 |   5.682375 |      6 | 0.932430 | 0.600000 | 0.716667 | 0.660000 | 0.703333 |  -1.227973 |      243 |      215 |       28 |   5.681501 |      6 | 0.923229 | 1.943979
 988 | 296100.0 | 296400.0 | 0.007488 | 0.017642 |   5.681501 |      6 | 0.923229 | 0.600000 | 0.680000 | 0.690000 | 0.673333 |   0.472366 |      241 |      204 |       37 |   5.680902 |      6 | 0.926766 | 1.854416
 989 | 296400.0 | 296700.0 | 0.007483 | 0.017639 |   5.680902 |      6 | 0.926766 | 0.600000 | 0.693333 | 0.643333 | 0.673333 |  -0.850381 |      241 |      208 |       33 |   5.680203 |      6 | 0.920402 | 2.015550
 990 | 296700.0 | 297000.0 | 0.007478 | 0.017637 |   5.680203 |      6 | 0.920402 | 0.600000 | 0.703333 | 0.660000 | 0.663333 |  -0.094500 |      244 |      211 |       33 |   5.679430 |      6 | 0.919696 | 2.033445
 991 | 297000.0 | 297300.0 | 0.007473 | 0.017634 |   5.679430 |      6 | 0.919696 | 0.600000 | 0.716667 | 0.673333 | 0.676667 |  -0.094514 |      244 |      215 |       29 |   5.678558 |      6 | 0.918989 | 2.051331
 992 | 297300.0 | 297600.0 | 0.007469 | 0.017632 |   5.678558 |      6 | 0.918989 | 0.600000 | 0.696667 | 0.666667 | 0.690000 |  -0.661694 |      242 |      209 |       33 |   5.677837 |      6 | 0.914047 | 2.176470
 993 | 297600.0 | 297900.0 | 0.007464 | 0.017629 |   5.677837 |      6 | 0.914047 | 0.600000 | 0.633333 | 0.686667 | 0.663333 |   0.661789 |      236 |      190 |       46 |   5.677588 |      6 | 0.918987 | 2.051393
 994 | 297900.0 | 298200.0 | 0.007459 | 0.017626 |   5.677588 |      6 | 0.918987 | 0.600000 | 0.666667 | 0.700000 | 0.686667 |   0.378219 |      239 |      200 |       39 |   5.677090 |      6 | 0.921808 | 1.979956
 995 | 298200.0 | 298500.0 | 0.007454 | 0.017624 |   5.677090 |      6 | 0.921808 | 0.600000 | 0.710000 | 0.696667 | 0.640000 |   1.607663 |      244 |      213 |       31 |   5.676270 |      6 | 0.933792 | 1.676498
 996 | 298500.0 | 298800.0 | 0.007450 | 0.017621 |   5.676270 |      6 | 0.933792 | 0.600000 | 0.696667 | 0.710000 | 0.700000 |   0.283746 |      241 |      209 |       32 |   5.675550 |      6 | 0.935906 | 1.622973
 997 | 298800.0 | 299100.0 | 0.007445 | 0.017619 |   5.675550 |      6 | 0.935906 | 0.600000 | 0.700000 | 0.650000 | 0.610000 |   1.135147 |      242 |      210 |       32 |   5.674806 |      6 | 0.944357 | 1.408979
 998 | 299100.0 | 299400.0 | 0.007440 | 0.017616 |   5.674806 |      6 | 0.944357 | 0.600000 | 0.706667 | 0.663333 | 0.670000 |  -0.189218 |      242 |      212 |       30 |   5.674012 |      6 | 0.942949 | 1.444627
 999 | 299400.0 | 299700.0 | 0.007435 | 0.017614 |   5.674012 |      6 | 0.942949 | 0.600000 | 0.706667 | 0.653333 | 0.633333 |   0.567736 |      242 |      212 |       30 |   5.673219 |      6 | 0.947170 | 1.337736
1000 | 299700.0 | 300000.0 | 0.007431 | 0.017611 |   5.673219 |      6 | 0.947170 | 0.600000 | 0.710000 | 0.656667 | 0.680000 |  -0.662453 |      243 |      213 |       31 |   5.672402 |      6 | 0.942248 | 1.462381
1001 | 300000.0 | 300300.0 | 0.007426 | 0.017609 |   5.672402 |      6 | 0.942248 | 0.600000 | 0.696667 | 0.596667 | 0.680000 |  -2.366242 |      240 |      209 |       30 |   5.671684 |      6 | 0.924676 | 1.907321
1002 | 300300.0 | 300600.0 | 0.007421 | 0.017606 |   5.671684 |      6 | 0.924676 | 0.600000 | 0.696667 | 0.666667 | 0.623333 |   1.230621 |      243 |      209 |       34 |   5.670967 |      6 | 0.933809 | 1.676066
1003 | 300600.0 | 300900.0 | 0.007416 | 0.017604 |   5.670967 |      6 | 0.933809 | 0.600000 | 0.720000 | 0.636667 | 0.613333 |   0.662737 |      245 |      216 |       29 |   5.670077 |      6 | 0.938724 | 1.551605
1004 | 300900.0 | 301200.0 | 0.007412 | 0.017601 |   5.670077 |      6 | 0.938724 | 0.600000 | 0.696667 | 0.670000 | 0.676667 |  -0.189380 |      241 |      209 |       32 |   5.669360 |      6 | 0.937321 | 1.587148
1005 | 301200.0 | 301500.0 | 0.007407 | 0.017599 |   5.669360 |      6 | 0.937321 | 0.600000 | 0.686667 | 0.703333 | 0.673333 |   0.852333 |      241 |      206 |       35 |   5.668718 |      6 | 0.943634 | 1.427285
1006 | 301500.0 | 301800.0 | 0.007402 | 0.017596 |   5.668718 |      6 | 0.943634 | 0.600000 | 0.713333 | 0.650000 | 0.653333 |  -0.094717 |      243 |      214 |       29 |   5.667879 |      6 | 0.942933 | 1.445039
1007 | 301800.0 | 302100.0 | 0.007398 | 0.017594 |   5.667879 |      6 | 0.942933 | 0.600000 | 0.693333 | 0.653333 | 0.666667 |  -0.378922 |      241 |      208 |       33 |   5.667189 |      6 | 0.940130 | 1.516019
1008 | 302100.0 | 302400.0 | 0.007393 | 0.017591 |   5.667189 |      6 | 0.940130 | 0.600000 | 0.680000 | 0.670000 | 0.700000 |  -0.852696 |      240 |      204 |       36 |   5.666597 |      6 | 0.933826 | 1.675647
1009 | 302400.0 | 302700.0 | 0.007388 | 0.017589 |   5.666597 |      6 | 0.933826 | 0.600000 | 0.713333 | 0.633333 | 0.656667 |  -0.663302 |      244 |      214 |       30 |   5.665760 |      6 | 0.928925 | 1.799742
1010 | 302700.0 | 303000.0 | 0.007384 | 0.017586 |   5.665760 |      6 | 0.928925 | 0.600000 | 0.643333 | 0.700000 | 0.710000 |  -0.284312 |      236 |      193 |       43 |   5.665440 |      6 | 0.926826 | 1.852899
1011 | 303000.0 | 303300.0 | 0.007379 | 0.017584 |   5.665440 |      6 | 0.926826 | 0.600000 | 0.646667 | 0.666667 | 0.630000 |   1.042626 |      237 |      194 |       43 |   5.665096 |      6 | 0.934519 | 1.658084
1012 | 303300.0 | 303600.0 | 0.007374 | 0.017581 |   5.665096 |      6 | 0.934519 | 0.600000 | 0.686667 | 0.673333 | 0.686667 |  -0.379190 |      241 |      206 |       35 |   5.664457 |      6 | 0.931723 | 1.728892
1013 | 303600.0 | 303900.0 | 0.007370 | 0.017579 |   5.664457 |      6 | 0.931723 | 0.600000 | 0.690000 | 0.636667 | 0.623333 |   0.379244 |      242 |      207 |       35 |   5.663793 |      6 | 0.934518 | 1.658119
1014 | 303900.0 | 304200.0 | 0.007365 | 0.017576 |   5.663793 |      6 | 0.934518 | 0.600000 | 0.693333 | 0.693333 | 0.686667 |   0.189649 |      241 |      208 |       33 |   5.663106 |      6 | 0.935915 | 1.622750
1015 | 304200.0 | 304500.0 | 0.007361 | 0.017574 |   5.663106 |      6 | 0.935915 | 0.600000 | 0.680000 | 0.726667 | 0.680000 |   1.327728 |      240 |      204 |       36 |   5.662517 |      6 | 0.945687 | 1.375287
1016 | 304500.0 | 304800.0 | 0.007356 | 0.017571 |   5.662517 |      6 | 0.945687 | 0.600000 | 0.696667 | 0.630000 | 0.666667 |  -1.043362 |      241 |      209 |       32 |   5.661806 |      6 | 0.938013 | 1.569627
1017 | 304800.0 | 305100.0 | 0.007351 | 0.017569 |   5.661806 |      6 | 0.938013 | 0.600000 | 0.703333 | 0.706667 | 0.686667 |   0.569187 |      242 |      211 |       32 |   5.661046 |      6 | 0.942197 | 1.463675
1018 | 305100.0 | 305400.0 | 0.007347 | 0.017566 |   5.661046 |      6 | 0.942197 | 0.600000 | 0.676667 | 0.660000 | 0.706667 |  -1.328289 |      239 |      203 |       35 |   5.660483 |      6 | 0.932438 | 1.710777
1019 | 305400.0 | 305700.0 | 0.007342 | 0.017564 |   5.660483 |      6 | 0.932438 | 0.600000 | 0.693333 | 0.630000 | 0.690000 |  -1.708039 |      242 |      208 |       34 |   5.659798 |      6 | 0.919898 | 2.028326
1020 | 305700.0 | 306000.0 | 0.007337 | 0.017562 |   5.659798 |      6 | 0.919898 | 0.600000 | 0.650000 | 0.673333 | 0.666667 |   0.189809 |      237 |      195 |       42 |   5.659431 |      6 | 0.921291 | 1.993060
1021 | 306000.0 | 306300.0 | 0.007333 | 0.017559 |   5.659431 |      6 | 0.921291 | 0.600000 | 0.673333 | 0.713333 | 0.653333 |   1.708518 |      240 |      202 |       38 |   5.658893 |      6 | 0.933819 | 1.675819
1022 | 306300.0 | 306600.0 | 0.007328 | 0.017557 |   5.658893 |      6 | 0.933819 | 0.600000 | 0.643333 | 0.636667 | 0.666667 |  -0.854379 |      237 |      193 |       44 |   5.658576 |      6 | 0.927558 | 1.834362
1023 | 306600.0 | 306900.0 | 0.007324 | 0.017554 |   5.658576 |      6 | 0.927558 | 0.600000 | 0.676667 | 0.693333 | 0.650000 |   1.234275 |      242 |      203 |       39 |   5.658014 |      6 | 0.936597 | 1.605466
1024 | 306900.0 | 307200.0 | 0.007319 | 0.017552 |   5.658014 |      6 | 0.936597 | 0.600000 | 0.646667 | 0.676667 | 0.640000 |   1.044533 |      236 |      194 |       42 |   5.657673 |      6 | 0.944242 | 1.411878
1025 | 307200.0 | 307500.0 | 0.007315 | 0.017549 |   5.657673 |      6 | 0.944242 | 0.600000 | 0.700000 | 0.703333 | 0.710000 |  -0.189942 |      241 |      210 |       31 |   5.656941 |      6 | 0.942853 | 1.447059
1026 | 307500.0 | 307800.0 | 0.007310 | 0.017547 |   5.656941 |      6 | 0.942853 | 0.600000 | 0.690000 | 0.660000 | 0.640000 |   0.569904 |      241 |      207 |       35 |   5.656283 |      6 | 0.947019 | 1.341567
1027 | 307800.0 | 308100.0 | 0.007306 | 0.017544 |   5.656283 |      6 | 0.947019 | 0.600000 | 0.700000 | 0.636667 | 0.666667 |  -0.854975 |      240 |      210 |       29 |   5.655553 |      6 | 0.940773 | 1.499728
1028 | 308100.0 | 308400.0 | 0.007301 | 0.017542 |   5.655553 |      6 | 0.940773 | 0.600000 | 0.713333 | 0.710000 | 0.710000 |   0.000000 |      243 |      214 |       29 |   5.654725 |      6 | 0.940773 | 1.499728
1029 | 308400.0 | 308700.0 | 0.007296 | 0.017539 |   5.654725 |      6 | 0.940773 | 0.600000 | 0.690000 | 0.723333 | 0.723333 |   0.000000 |      242 |      207 |       35 |   5.654069 |      6 | 0.940773 | 1.499728
1030 | 308700.0 | 309000.0 | 0.007292 | 0.017537 |   5.654069 |      6 | 0.940773 | 0.600000 | 0.713333 | 0.693333 | 0.693333 |   0.000000 |      243 |      214 |       29 |   5.653242 |      6 | 0.940773 | 1.499728
1031 | 309000.0 | 309300.0 | 0.007287 | 0.017535 |   5.653242 |      6 | 0.940773 | 0.600000 | 0.693333 | 0.700000 | 0.680000 |   0.570301 |      241 |      208 |       33 |   5.652562 |      6 | 0.944929 | 1.394490
1032 | 309300.0 | 309600.0 | 0.007283 | 0.017532 |   5.652562 |      6 | 0.944929 | 0.600000 | 0.740000 | 0.653333 | 0.650000 |   0.095063 |      245 |      222 |       23 |   5.651542 |      6 | 0.945621 | 1.376959
1033 | 309600.0 | 309900.0 | 0.007278 | 0.017530 |   5.651542 |      6 | 0.945621 | 0.600000 | 0.693333 | 0.656667 | 0.683333 |  -0.760612 |      239 |      208 |       31 |   5.650863 |      6 | 0.940085 | 1.517142
1034 | 309900.0 | 310200.0 | 0.007274 | 0.017527 |   5.650863 |      6 | 0.940085 | 0.600000 | 0.696667 | 0.683333 | 0.673333 |   0.285269 |      243 |      209 |       34 |   5.650160 |      6 | 0.942160 | 1.464598
1035 | 310200.0 | 310500.0 | 0.007269 | 0.017525 |   5.650160 |      6 | 0.942160 | 0.600000 | 0.686667 | 0.726667 | 0.640000 |   2.472672 |      240 |      206 |       34 |   5.649530 |      6 | 0.960135 | 1.009440
1036 | 310500.0 | 310800.0 | 0.007265 | 0.017522 |   5.649530 |      6 | 0.960135 | 0.600000 | 0.670000 | 0.523333 | 0.716667 |  -5.516723 |      236 |      201 |       35 |   5.649021 |      6 | 0.920056 | 2.024308
1037 | 310800.0 | 311100.0 | 0.007261 | 0.017520 |   5.649021 |      6 | 0.920056 | 0.600000 | 0.646667 | 0.683333 | 0.650000 |   0.951291 |      238 |      194 |       44 |   5.648682 |      6 | 0.926963 | 1.849414
1038 | 311100.0 | 311400.0 | 0.007256 | 0.017518 |   5.648682 |      6 | 0.926963 | 0.600000 | 0.666667 | 0.696667 | 0.663333 |   0.951422 |      239 |      200 |       39 |   5.648199 |      6 | 0.933867 | 1.674604
1039 | 311400.0 | 311700.0 | 0.007252 | 0.017515 |   5.648199 |      6 | 0.933867 | 0.600000 | 0.700000 | 0.730000 | 0.673333 |   1.617640 |      242 |      210 |       32 |   5.647474 |      6 | 0.945597 | 1.377568
1040 | 311700.0 | 312000.0 | 0.007247 | 0.017513 |   5.647474 |      6 | 0.945597 | 0.600000 | 0.716667 | 0.706667 | 0.636667 |   1.998536 |      244 |      215 |       29 |   5.646628 |      6 | 0.960081 | 1.010817
1041 | 312000.0 | 312300.0 | 0.007243 | 0.017510 |   5.646628 |      6 | 0.960081 | 0.600000 | 0.700000 | 0.470000 | 0.703333 |  -6.662704 |      238 |      210 |       28 |   5.645904 |      6 | 0.911825 | 2.232740
1042 | 312300.0 | 312600.0 | 0.007238 | 0.017508 |   5.645904 |      6 | 0.911825 | 0.600000 | 0.720000 | 0.710000 | 0.623333 |   2.475059 |      244 |      216 |       28 |   5.645035 |      6 | 0.929740 | 1.779099
1043 | 312600.0 | 312900.0 | 0.007234 | 0.017506 |   5.645035 |      6 | 0.929740 | 0.600000 | 0.683333 | 0.716667 | 0.666667 |   1.428114 |      242 |      205 |       37 |   5.644432 |      6 | 0.940071 | 1.517507
1044 | 312900.0 | 313200.0 | 0.007229 | 0.017503 |   5.644432 |      6 | 0.940071 | 0.600000 | 0.680000 | 0.663333 | 0.666667 |  -0.095221 |      239 |      204 |       35 |   5.643854 |      6 | 0.939383 | 1.534938
1045 | 313200.0 | 313500.0 | 0.007225 | 0.017501 |   5.643854 |      6 | 0.939383 | 0.600000 | 0.686667 | 0.703333 | 0.683333 |   0.571402 |      241 |      206 |       35 |   5.643228 |      6 | 0.943511 | 1.430401
1046 | 313500.0 | 313800.0 | 0.007221 | 0.017498 |   5.643228 |      6 | 0.943511 | 0.600000 | 0.710000 | 0.660000 | 0.643333 |   0.476234 |      242 |      213 |       29 |   5.642434 |      6 | 0.946950 | 1.343328
1047 | 313800.0 | 314100.0 | 0.007216 | 0.017496 |   5.642434 |      6 | 0.946950 | 0.600000 | 0.730000 | 0.706667 | 0.630000 |   2.190976 |      243 |      219 |       24 |   5.641496 |      6 | 0.962760 | 0.942981
1048 | 314100.0 | 314400.0 | 0.007212 | 0.017494 |   5.641496 |      6 | 0.962760 | 0.600000 | 0.693333 | 0.436667 | 0.656667 |  -6.288007 |      238 |      208 |       30 |   5.640822 |      6 | 0.917412 | 2.091258
1049 | 314400.0 | 314700.0 | 0.007207 | 0.017491 |   5.640822 |      6 | 0.917412 | 0.600000 | 0.643333 | 0.676667 | 0.683333 |  -0.190572 |      237 |      193 |       44 |   5.640510 |      6 | 0.916039 | 2.126038
1050 | 314700.0 | 315000.0 | 0.007203 | 0.017489 |   5.640510 |      6 | 0.916039 | 0.600000 | 0.670000 | 0.670000 | 0.653333 |   0.476494 |      240 |      201 |       39 |   5.640006 |      6 | 0.919471 | 2.039130
1051 | 315000.0 | 315300.0 | 0.007199 | 0.017486 |   5.640006 |      6 | 0.919471 | 0.600000 | 0.666667 | 0.706667 | 0.606667 |   2.859355 |      239 |      200 |       39 |   5.639526 |      6 | 0.940054 | 1.517925
1052 | 315300.0 | 315600.0 | 0.007194 | 0.017484 |   5.639526 |      6 | 0.940054 | 0.600000 | 0.643333 | 0.686667 | 0.660000 |   0.762599 |      236 |      193 |       43 |   5.639214 |      6 | 0.945541 | 1.379002
1053 | 315600.0 | 315900.0 | 0.007190 | 0.017482 |   5.639214 |      6 | 0.945541 | 0.600000 | 0.700000 | 0.656667 | 0.623333 |   0.953378 |      241 |      210 |       31 |   5.638495 |      6 | 0.952395 | 1.205431
1054 | 315900.0 | 316200.0 | 0.007185 | 0.017479 |   5.638495 |      6 | 0.952395 | 0.600000 | 0.710000 | 0.603333 | 0.683333 |  -2.288418 |      241 |      213 |       28 |   5.637705 |      6 | 0.935952 | 1.621806
1055 | 316200.0 | 316500.0 | 0.007181 | 0.017477 |   5.637705 |      6 | 0.935952 | 0.600000 | 0.676667 | 0.716667 | 0.673333 |   1.239728 |      240 |      203 |       37 |   5.637154 |      6 | 0.944855 | 1.396376
1056 | 316500.0 | 316800.0 | 0.007177 | 0.017475 |   5.637154 |      6 | 0.944855 | 0.600000 | 0.703333 | 0.643333 | 0.650000 |  -0.190753 |      242 |      211 |       31 |   5.636413 |      6 | 0.943486 | 1.431041
1057 | 316800.0 | 317100.0 | 0.007172 | 0.017472 |   5.636413 |      6 | 0.943486 | 0.600000 | 0.673333 | 0.666667 | 0.653333 |   0.381558 |      238 |      202 |       37 |   5.635887 |      6 | 0.946222 | 1.361743
1058 | 317100.0 | 317400.0 | 0.007168 | 0.017470 |   5.635887 |      6 | 0.946222 | 0.600000 | 0.663333 | 0.693333 | 0.633333 |   1.717245 |      238 |      199 |       38 |   5.635433 |      6 | 0.958532 | 1.050048
1059 | 317400.0 | 317700.0 | 0.007164 | 0.017467 |   5.635433 |      6 | 0.958532 | 0.600000 | 0.713333 | 0.516667 | 0.683333 |  -4.770770 |      242 |      214 |       28 |   5.634621 |      6 | 0.924355 | 1.915461
1060 | 317700.0 | 318000.0 | 0.007159 | 0.017465 |   5.634621 |      6 | 0.924355 | 0.600000 | 0.666667 | 0.710000 | 0.646667 |   1.813138 |      240 |      200 |       40 |   5.634144 |      6 | 0.937336 | 1.586758
1061 | 318000.0 | 318300.0 | 0.007155 | 0.017463 |   5.634144 |      6 | 0.937336 | 0.600000 | 0.693333 | 0.696667 | 0.640000 |   1.622500 |      240 |      208 |       33 |   5.633476 |      6 | 0.948945 | 1.292793
1062 | 318300.0 | 318600.0 | 0.007151 | 0.017460 |   5.633476 |      6 | 0.948945 | 0.600000 | 0.686667 | 0.640000 | 0.710000 |  -2.004536 |      240 |      206 |       33 |   5.632856 |      6 | 0.934611 | 1.655756
1063 | 318600.0 | 318900.0 | 0.007147 | 0.017458 |   5.632856 |      6 | 0.934611 | 0.600000 | 0.666667 | 0.700000 | 0.636667 |   1.813872 |      239 |      200 |       39 |   5.632380 |      6 | 0.947574 | 1.327515
1064 | 318900.0 | 319200.0 | 0.007142 | 0.017456 |   5.632380 |      6 | 0.947574 | 0.600000 | 0.683333 | 0.630000 | 0.680000 |  -1.432197 |      239 |      205 |       34 |   5.631784 |      6 | 0.937345 | 1.586532
1065 | 319200.0 | 319500.0 | 0.007138 | 0.017453 |   5.631784 |      6 | 0.937345 | 0.600000 | 0.703333 | 0.663333 | 0.663333 |   0.000000 |      242 |      211 |       31 |   5.631047 |      6 | 0.937345 | 1.586532
1066 | 319500.0 | 319800.0 | 0.007134 | 0.017451 |   5.631047 |      6 | 0.937345 | 0.600000 | 0.670000 | 0.630000 | 0.686667 |  -1.623593 |      239 |      201 |       38 |   5.630547 |      6 | 0.925763 | 1.879811
1067 | 319800.0 | 320100.0 | 0.007129 | 0.017449 |   5.630547 |      6 | 0.925763 | 0.600000 | 0.660000 | 0.660000 | 0.663333 |  -0.095518 |      238 |      198 |       40 |   5.630120 |      6 | 0.925082 | 1.897055
1068 | 320100.0 | 320400.0 | 0.007125 | 0.017446 |   5.630120 |      6 | 0.925082 | 0.600000 | 0.690000 | 0.686667 | 0.676667 |   0.286593 |      243 |      207 |       36 |   5.629478 |      6 | 0.927124 | 1.845348
1069 | 320400.0 | 320700.0 | 0.007121 | 0.017444 |   5.629478 |      6 | 0.927124 | 0.600000 | 0.693333 | 0.663333 | 0.656667 |   0.191088 |      242 |      208 |       34 |   5.628814 |      6 | 0.928485 | 1.810893
1070 | 320700.0 | 321000.0 | 0.007117 | 0.017442 |   5.628814 |      6 | 0.928485 | 0.600000 | 0.646667 | 0.690000 | 0.666667 |   0.668897 |      237 |      194 |       43 |   5.628482 |      6 | 0.933245 | 1.690355
1071 | 321000.0 | 321300.0 | 0.007112 | 0.017439 |   5.628482 |      6 | 0.933245 | 0.600000 | 0.673333 | 0.673333 | 0.666667 |   0.191139 |      239 |      202 |       37 |   5.627960 |      6 | 0.934604 | 1.655932
1072 | 321300.0 | 321600.0 | 0.007108 | 0.017437 |   5.627960 |      6 | 0.934604 | 0.600000 | 0.703333 | 0.670000 | 0.646667 |   0.669076 |      243 |      211 |       32 |   5.627226 |      6 | 0.939360 | 1.535506
1073 | 321600.0 | 321900.0 | 0.007104 | 0.017435 |   5.627226 |      6 | 0.939360 | 0.600000 | 0.690000 | 0.683333 | 0.690000 |  -0.191190 |      241 |      207 |       34 |   5.626586 |      6 | 0.938002 | 1.569897
1074 | 321900.0 | 322200.0 | 0.007100 | 0.017432 |   5.626586 |      6 | 0.938002 | 0.600000 | 0.716667 | 0.713333 | 0.653333 |   1.720942 |      244 |      215 |       29 |   5.625758 |      6 | 0.950220 | 1.260518
1075 | 322200.0 | 322500.0 | 0.007095 | 0.017430 |   5.625758 |      6 | 0.950220 | 0.600000 | 0.726667 | 0.670000 | 0.650000 |   0.573724 |      244 |      218 |       26 |   5.624859 |      6 | 0.954291 | 1.157439
1076 | 322500.0 | 322800.0 | 0.007091 | 0.017428 |   5.624859 |      6 | 0.954291 | 0.600000 | 0.690000 | 0.590000 | 0.680000 |  -2.582101 |      237 |      207 |       31 |   5.624221 |      6 | 0.935981 | 1.621079
1077 | 322800.0 | 323100.0 | 0.007087 | 0.017425 |   5.624221 |      6 | 0.935981 | 0.600000 | 0.703333 | 0.630000 | 0.620000 |   0.286938 |      243 |      211 |       31 |   5.623489 |      6 | 0.938014 | 1.569588
1078 | 323100.0 | 323400.0 | 0.007083 | 0.017423 |   5.623489 |      6 | 0.938014 | 0.600000 | 0.690000 | 0.736667 | 0.663333 |   2.104494 |      241 |      207 |       34 |   5.622851 |      6 | 0.952920 | 1.192155
1079 | 323400.0 | 323700.0 | 0.007078 | 0.017421 |   5.622851 |      6 | 0.952920 | 0.600000 | 0.666667 | 0.643333 | 0.703333 |  -1.722088 |      237 |      200 |       37 |   5.622379 |      6 | 0.940730 | 1.500821
1080 | 323700.0 | 324000.0 | 0.007074 | 0.017418 |   5.622379 |      6 | 0.940730 | 0.600000 | 0.690000 | 0.700000 | 0.636667 |   1.818001 |      241 |      207 |       34 |   5.621743 |      6 | 0.953591 | 1.175157
1081 | 324000.0 | 324300.0 | 0.007070 | 0.017416 |   5.621743 |      6 | 0.953591 | 0.600000 | 0.713333 | 0.640000 | 0.710000 |  -2.009636 |      241 |      214 |       27 |   5.620941 |      6 | 0.939383 | 1.534936
1082 | 324300.0 | 324600.0 | 0.007066 | 0.017414 |   5.620941 |      6 | 0.939383 | 0.600000 | 0.720000 | 0.706667 | 0.686667 |   0.574258 |      244 |      216 |       28 |   5.620094 |      6 | 0.943440 | 1.432189
1083 | 324600.0 | 324900.0 | 0.007062 | 0.017411 |   5.620094 |      6 | 0.943440 | 0.600000 | 0.713333 | 0.643333 | 0.680000 |  -1.052946 |      243 |      214 |       29 |   5.619293 |      6 | 0.936005 | 1.620472
1084 | 324900.0 | 325200.0 | 0.007058 | 0.017409 |   5.619293 |      6 | 0.936005 | 0.600000 | 0.676667 | 0.660000 | 0.666667 |  -0.191470 |      239 |      203 |       36 |   5.618752 |      6 | 0.934653 | 1.654689
1085 | 325200.0 | 325500.0 | 0.007053 | 0.017407 |   5.618752 |      6 | 0.934653 | 0.600000 | 0.710000 | 0.656667 | 0.683333 |  -0.765981 |      243 |      213 |       30 |   5.617976 |      6 | 0.929251 | 1.791496
1086 | 325500.0 | 325800.0 | 0.007049 | 0.017405 |   5.617976 |      6 | 0.929251 | 0.600000 | 0.656667 | 0.670000 | 0.650000 |   0.574562 |      239 |      197 |       42 |   5.617577 |      6 | 0.933301 | 1.688938
1087 | 325800.0 | 326100.0 | 0.007045 | 0.017402 |   5.617577 |      6 | 0.933301 | 0.600000 | 0.646667 | 0.663333 | 0.660000 |   0.095773 |      236 |      194 |       42 |   5.617248 |      6 | 0.933976 | 1.671853
1088 | 326100.0 | 326400.0 | 0.007041 | 0.017400 |   5.617248 |      6 | 0.933976 | 0.600000 | 0.716667 | 0.670000 | 0.626667 |   1.245212 |      244 |      215 |       29 |   5.616427 |      6 | 0.942743 | 1.449846
1089 | 326400.0 | 326700.0 | 0.007037 | 0.017398 |   5.616427 |      6 | 0.942743 | 0.600000 | 0.666667 | 0.663333 | 0.690000 |  -0.766386 |      238 |      200 |       38 |   5.615957 |      6 | 0.937350 | 1.586403
1090 | 326700.0 | 327000.0 | 0.007033 | 0.017395 |   5.615957 |      6 | 0.937350 | 0.600000 | 0.716667 | 0.696667 | 0.680000 |   0.479054 |      244 |      215 |       29 |   5.615137 |      6 | 0.940719 | 1.501094
1091 | 327000.0 | 327300.0 | 0.007028 | 0.017393 |   5.615137 |      6 | 0.940719 | 0.600000 | 0.653333 | 0.716667 | 0.670000 |   1.341528 |      237 |      196 |       42 |   5.614762 |      6 | 0.950148 | 1.262338
1092 | 327300.0 | 327600.0 | 0.007024 | 0.017391 |   5.614762 |      6 | 0.950148 | 0.600000 | 0.703333 | 0.693333 | 0.700000 |  -0.191672 |      242 |      211 |       30 |   5.614036 |      6 | 0.948802 | 1.296430
1093 | 327600.0 | 327900.0 | 0.007020 | 0.017389 |   5.614036 |      6 | 0.948802 | 0.600000 | 0.693333 | 0.653333 | 0.663333 |  -0.287546 |      241 |      208 |       33 |   5.613381 |      6 | 0.946783 | 1.347546
1094 | 327900.0 | 328200.0 | 0.007016 | 0.017386 |   5.613381 |      6 | 0.946783 | 0.600000 | 0.716667 | 0.700000 | 0.656667 |   1.246195 |      242 |      215 |       27 |   5.612563 |      6 | 0.955526 | 1.126147
1095 | 328200.0 | 328500.0 | 0.007012 | 0.017384 |   5.612563 |      6 | 0.955526 | 0.600000 | 0.706667 | 0.603333 | 0.620000 |  -0.479369 |      241 |      212 |       29 |   5.611815 |      6 | 0.952165 | 1.211261
1096 | 328500.0 | 328800.0 | 0.007008 | 0.017382 |   5.611815 |      6 | 0.952165 | 0.600000 | 0.703333 | 0.630000 | 0.680000 |  -1.438294 |      239 |      211 |       28 |   5.611090 |      6 | 0.942086 | 1.466490
1097 | 328800.0 | 329100.0 | 0.007004 | 0.017379 |   5.611090 |      6 | 0.942086 | 0.600000 | 0.726667 | 0.666667 | 0.643333 |   0.671292 |      244 |      218 |       26 |   5.610203 |      6 | 0.946787 | 1.347437
1098 | 329100.0 | 329400.0 | 0.007000 | 0.017377 |   5.610203 |      6 | 0.946787 | 0.600000 | 0.693333 | 0.630000 | 0.686667 |  -1.630493 |      241 |      208 |       33 |   5.609550 |      6 | 0.935374 | 1.636434
1099 | 329400.0 | 329700.0 | 0.006996 | 0.017375 |   5.609550 |      6 | 0.935374 | 0.600000 | 0.680000 | 0.686667 | 0.673333 |   0.383696 |      240 |      204 |       37 |   5.608990 |      6 | 0.938058 | 1.568465
1100 | 329700.0 | 330000.0 | 0.006992 | 0.017373 |   5.608990 |      6 | 0.938058 | 0.600000 | 0.640000 | 0.680000 | 0.660000 |   0.575618 |      237 |      192 |       44 |   5.608711 |      6 | 0.942083 | 1.466559
1101 | 330000.0 | 330300.0 | 0.006987 | 0.017370 |   5.608711 |      6 | 0.942083 | 0.600000 | 0.713333 | 0.720000 | 0.696667 |   0.671642 |      242 |      214 |       28 |   5.607919 |      6 | 0.946776 | 1.347722
1102 | 330300.0 | 330600.0 | 0.006983 | 0.017368 |   5.607919 |      6 | 0.946776 | 0.600000 | 0.716667 | 0.680000 | 0.676667 |   0.095961 |      242 |      215 |       27 |   5.607104 |      6 | 0.947446 | 1.330753
1103 | 330600.0 | 330900.0 | 0.006979 | 0.017366 |   5.607104 |      6 | 0.947446 | 0.600000 | 0.723333 | 0.673333 | 0.683333 |  -0.287922 |      245 |      217 |       28 |   5.606243 |      6 | 0.945437 | 1.381637
1104 | 330900.0 | 331200.0 | 0.006975 | 0.017364 |   5.606243 |      6 | 0.945437 | 0.600000 | 0.633333 | 0.696667 | 0.670000 |   0.767891 |      235 |      190 |       45 |   5.606011 |      6 | 0.950793 | 1.246008
1105 | 331200.0 | 331500.0 | 0.006971 | 0.017361 |   5.606011 |      6 | 0.950793 | 0.600000 | 0.663333 | 0.693333 | 0.730000 |  -1.055987 |      237 |      199 |       38 |   5.605569 |      6 | 0.943431 | 1.432414
1106 | 331500.0 | 331800.0 | 0.006967 | 0.017359 |   5.605569 |      6 | 0.943431 | 0.600000 | 0.710000 | 0.673333 | 0.650000 |   0.672079 |      243 |      213 |       30 |   5.604803 |      6 | 0.948114 | 1.313845
1107 | 331800.0 | 332100.0 | 0.006963 | 0.017357 |   5.604803 |      6 | 0.948114 | 0.600000 | 0.693333 | 0.680000 | 0.633333 |   1.344333 |      240 |      208 |       32 |   5.604153 |      6 | 0.957475 | 1.076815
1108 | 332100.0 | 332400.0 | 0.006959 | 0.017355 |   5.604153 |      6 | 0.957475 | 0.600000 | 0.726667 | 0.550000 | 0.703333 |  -4.417666 |      240 |      218 |       23 |   5.603271 |      6 | 0.926732 | 1.855280
1109 | 332400.0 | 332700.0 | 0.006955 | 0.017352 |   5.603271 |      6 | 0.926732 | 0.600000 | 0.676667 | 0.696667 | 0.643333 |   1.536778 |      240 |      203 |       36 |   5.602738 |      6 | 0.937420 | 1.584631
1110 | 332700.0 | 333000.0 | 0.006951 | 0.017350 |   5.602738 |      6 | 0.937420 | 0.600000 | 0.680000 | 0.693333 | 0.693333 |   0.000000 |      240 |      204 |       36 |   5.602182 |      6 | 0.937420 | 1.584631
1111 | 333000.0 | 333300.0 | 0.006947 | 0.017348 |   5.602182 |      6 | 0.937420 | 0.600000 | 0.676667 | 0.690000 | 0.653333 |   1.056808 |      240 |      203 |       37 |   5.601650 |      6 | 0.944762 | 1.398727
1112 | 333300.0 | 333600.0 | 0.006943 | 0.017346 |   5.601650 |      6 | 0.944762 | 0.600000 | 0.713333 | 0.683333 | 0.696667 |  -0.384344 |      243 |      214 |       29 |   5.600863 |      6 | 0.942093 | 1.466298
1113 | 333600.0 | 333900.0 | 0.006939 | 0.017343 |   5.600863 |      6 | 0.942093 | 0.600000 | 0.700000 | 0.676667 | 0.670000 |   0.192197 |      242 |      210 |       32 |   5.600169 |      6 | 0.943427 | 1.432528
1114 | 333900.0 | 334200.0 | 0.006935 | 0.017341 |   5.600169 |      6 | 0.943427 | 0.600000 | 0.636667 | 0.620000 | 0.663333 |  -1.249439 |      235 |      191 |       44 |   5.599914 |      6 | 0.934762 | 1.651937
1115 | 334200.0 | 334500.0 | 0.006931 | 0.017339 |   5.599914 |      6 | 0.934762 | 0.600000 | 0.696667 | 0.670000 | 0.703333 |  -0.961231 |      242 |      209 |       33 |   5.599244 |      6 | 0.928100 | 1.820638
1116 | 334500.0 | 334800.0 | 0.006927 | 0.017337 |   5.599244 |      6 | 0.928100 | 0.600000 | 0.706667 | 0.636667 | 0.670000 |  -0.961354 |      243 |      212 |       31 |   5.598506 |      6 | 0.921440 | 1.989264
1117 | 334800.0 | 335100.0 | 0.006923 | 0.017334 |   5.598506 |      6 | 0.921440 | 0.600000 | 0.720000 | 0.716667 | 0.700000 |   0.480739 |      244 |      216 |       28 |   5.597675 |      6 | 0.924769 | 1.904988
1118 | 335100.0 | 335400.0 | 0.006919 | 0.017332 |   5.597675 |      6 | 0.924769 | 0.600000 | 0.680000 | 0.683333 | 0.643333 |   1.153922 |      241 |      204 |       37 |   5.597121 |      6 | 0.932753 | 1.702819
1119 | 335400.0 | 335700.0 | 0.006915 | 0.017330 |   5.597121 |      6 | 0.932753 | 0.600000 | 0.660000 | 0.680000 | 0.653333 |   0.769380 |      238 |      198 |       40 |   5.596706 |      6 | 0.938073 | 1.568099
1120 | 335700.0 | 336000.0 | 0.006911 | 0.017328 |   5.596706 |      6 | 0.938073 | 0.600000 | 0.650000 | 0.726667 | 0.673333 |   1.538957 |      237 |      195 |       42 |   5.596361 |      6 | 0.948709 | 1.298779
1121 | 336000.0 | 336300.0 | 0.006907 | 0.017326 |   5.596361 |      6 | 0.948709 | 0.600000 | 0.640000 | 0.680000 | 0.636667 |   1.250563 |      236 |      192 |       44 |   5.596085 |      6 | 0.957347 | 1.080054
1122 | 336300.0 | 336600.0 | 0.006903 | 0.017323 |   5.596085 |      6 | 0.957347 | 0.600000 | 0.680000 | 0.536667 | 0.670000 |  -3.848379 |      237 |      204 |       33 |   5.595532 |      6 | 0.930781 | 1.752754
1123 | 336600.0 | 336900.0 | 0.006899 | 0.017321 |   5.595532 |      6 | 0.930781 | 0.600000 | 0.753333 | 0.706667 | 0.690000 |   0.481109 |      248 |      226 |       22 |   5.594474 |      6 | 0.934100 | 1.668704
1124 | 336900.0 | 337200.0 | 0.006895 | 0.017319 |   5.594474 |      6 | 0.934100 | 0.600000 | 0.740000 | 0.680000 | 0.640000 |   1.154809 |      246 |      222 |       24 |   5.593509 |      6 | 0.942063 | 1.467073
1125 | 337200.0 | 337500.0 | 0.006891 | 0.017317 |   5.593509 |      6 | 0.942063 | 0.600000 | 0.703333 | 0.650000 | 0.626667 |   0.673725 |      242 |      211 |       31 |   5.592797 |      6 | 0.946706 | 1.349508
1126 | 337500.0 | 337800.0 | 0.006887 | 0.017314 |   5.592797 |      6 | 0.946706 | 0.600000 | 0.693333 | 0.673333 | 0.703333 |  -0.866328 |      241 |      208 |       33 |   5.592154 |      6 | 0.940739 | 1.500597
1127 | 337800.0 | 338100.0 | 0.006883 | 0.017312 |   5.592154 |      6 | 0.940739 | 0.600000 | 0.693333 | 0.640000 | 0.703333 |  -1.829148 |      241 |      208 |       33 |   5.591512 |      6 | 0.928148 | 1.819420
1128 | 338100.0 | 338400.0 | 0.006880 | 0.017310 |   5.591512 |      6 | 0.928148 | 0.600000 | 0.683333 | 0.736667 | 0.730000 |   0.192566 |      241 |      205 |       36 |   5.590938 |      6 | 0.929473 | 1.785875
1129 | 338400.0 | 338700.0 | 0.006876 | 0.017308 |   5.590938 |      6 | 0.929473 | 0.600000 | 0.680000 | 0.666667 | 0.686667 |  -0.577773 |      241 |      204 |       37 |   5.590388 |      6 | 0.925500 | 1.886467
1130 | 338700.0 | 339000.0 | 0.006872 | 0.017306 |   5.590388 |      6 | 0.925500 | 0.600000 | 0.666667 | 0.680000 | 0.633333 |   1.348308 |      240 |      200 |       40 |   5.589930 |      6 | 0.934765 | 1.651856
1131 | 339000.0 | 339300.0 | 0.006868 | 0.017303 |   5.589930 |      6 | 0.934765 | 0.600000 | 0.666667 | 0.673333 | 0.680000 |  -0.192640 |      239 |      200 |       39 |   5.589472 |      6 | 0.933442 | 1.685357
1132 | 339300.0 | 339600.0 | 0.006864 | 0.017301 |   5.589472 |      6 | 0.933442 | 0.600000 | 0.690000 | 0.666667 | 0.660000 |   0.192664 |      240 |      207 |       33 |   5.588855 |      6 | 0.934765 | 1.651871
1133 | 339600.0 | 339900.0 | 0.006860 | 0.017299 |   5.588855 |      6 | 0.934765 | 0.600000 | 0.680000 | 0.723333 | 0.666667 |   1.637855 |      240 |      204 |       36 |   5.588306 |      6 | 0.946000 | 1.367363
1134 | 339900.0 | 340200.0 | 0.006856 | 0.017297 |   5.588306 |      6 | 0.946000 | 0.600000 | 0.710000 | 0.640000 | 0.683333 |  -1.252636 |      243 |      213 |       30 |   5.587552 |      6 | 0.937412 | 1.584832
1135 | 340200.0 | 340500.0 | 0.006852 | 0.017295 |   5.587552 |      6 | 0.937412 | 0.600000 | 0.723333 | 0.673333 | 0.633333 |   1.156426 |      244 |      217 |       27 |   5.586707 |      6 | 0.945336 | 1.384179
1136 | 340500.0 | 340800.0 | 0.006848 | 0.017292 |   5.586707 |      6 | 0.945336 | 0.600000 | 0.730000 | 0.686667 | 0.666667 |   0.578286 |      244 |      219 |       25 |   5.585816 |      6 | 0.949297 | 1.283897
1137 | 340800.0 | 341100.0 | 0.006844 | 0.017290 |   5.585816 |      6 | 0.949297 | 0.600000 | 0.660000 | 0.673333 | 0.660000 |   0.385573 |      238 |      198 |       40 |   5.585406 |      6 | 0.951936 | 1.217072
1138 | 341100.0 | 341400.0 | 0.006841 | 0.017288 |   5.585406 |      6 | 0.951936 | 0.600000 | 0.683333 | 0.650000 | 0.680000 |  -0.867648 |      238 |      205 |       33 |   5.584836 |      6 | 0.946000 | 1.367363
1139 | 341400.0 | 341700.0 | 0.006837 | 0.017286 |   5.584836 |      6 | 0.946000 | 0.600000 | 0.703333 | 0.666667 | 0.686667 |  -0.578505 |      242 |      211 |       31 |   5.584129 |      6 | 0.942045 | 1.467513
1140 | 341700.0 | 342000.0 | 0.006833 | 0.017284 |   5.584129 |      6 | 0.942045 | 0.600000 | 0.686667 | 0.693333 | 0.720000 |  -0.771438 |      240 |      206 |       34 |   5.583537 |      6 | 0.936774 | 1.600988
1141 | 342000.0 | 342300.0 | 0.006829 | 0.017282 |   5.583537 |      6 | 0.936774 | 0.600000 | 0.703333 | 0.710000 | 0.680000 |   0.867977 |      243 |      211 |       32 |   5.582831 |      6 | 0.942702 | 1.450894
1142 | 342300.0 | 342600.0 | 0.006825 | 0.017279 |   5.582831 |      6 | 0.942702 | 0.600000 | 0.720000 | 0.690000 | 0.643333 |   1.350356 |      244 |      216 |       28 |   5.582012 |      6 | 0.951918 | 1.217518
1143 | 342600.0 | 342900.0 | 0.006821 | 0.017277 |   5.582012 |      6 | 0.951918 | 0.600000 | 0.700000 | 0.660000 | 0.673333 |  -0.385864 |      238 |      210 |       28 |   5.581330 |      6 | 0.949286 | 1.284168
1144 | 342900.0 | 343200.0 | 0.006818 | 0.017275 |   5.581330 |      6 | 0.949286 | 0.600000 | 0.710000 | 0.676667 | 0.690000 |  -0.385913 |      243 |      213 |       30 |   5.580580 |      6 | 0.946655 | 1.350789
1145 | 343200.0 | 343500.0 | 0.006814 | 0.017273 |   5.580580 |      6 | 0.946655 | 0.600000 | 0.686667 | 0.690000 | 0.690000 |   0.000000 |      240 |      206 |       34 |   5.579990 |      6 | 0.946655 | 1.350789
1146 | 343500.0 | 343800.0 | 0.006810 | 0.017271 |   5.579990 |      6 | 0.946655 | 0.600000 | 0.676667 | 0.630000 | 0.680000 |  -1.447537 |      239 |      203 |       36 |   5.579468 |      6 | 0.936797 | 1.600398
1147 | 343800.0 | 344100.0 | 0.006806 | 0.017269 |   5.579468 |      6 | 0.936797 | 0.600000 | 0.686667 | 0.646667 | 0.620000 |   0.772117 |      241 |      206 |       35 |   5.578878 |      6 | 0.942052 | 1.467331
1148 | 344100.0 | 344400.0 | 0.006802 | 0.017266 |   5.578878 |      6 | 0.942052 | 0.600000 | 0.706667 | 0.680000 | 0.650000 |   0.868740 |      242 |      212 |       30 |   5.578152 |      6 | 0.947962 | 1.317696
1149 | 344400.0 | 344700.0 | 0.006798 | 0.017264 |   5.578152 |      6 | 0.947962 | 0.600000 | 0.663333 | 0.676667 | 0.696667 |  -0.579232 |      238 |      199 |       39 |   5.577722 |      6 | 0.944024 | 1.417409
1150 | 344700.0 | 345000.0 | 0.006795 | 0.017262 |   5.577722 |      6 | 0.944024 | 0.600000 | 0.713333 | 0.663333 | 0.640000 |   0.675856 |      243 |      214 |       29 |   5.576951 |      6 | 0.948616 | 1.301128
1151 | 345000.0 | 345300.0 | 0.006791 | 0.017260 |   5.576951 |      6 | 0.948616 | 0.600000 | 0.700000 | 0.643333 | 0.666667 |  -0.675940 |      240 |      210 |       30 |   5.576272 |      6 | 0.944026 | 1.417359
1152 | 345300.0 | 345600.0 | 0.006787 | 0.017258 |   5.576272 |      6 | 0.944026 | 0.600000 | 0.660000 | 0.660000 | 0.673333 |  -0.386300 |      239 |      198 |       41 |   5.575865 |      6 | 0.941404 | 1.483747
1153 | 345600.0 | 345900.0 | 0.006783 | 0.017256 |   5.575865 |      6 | 0.941404 | 0.600000 | 0.700000 | 0.690000 | 0.670000 |   0.579522 |      241 |      210 |       31 |   5.575187 |      6 | 0.945335 | 1.384207
1154 | 345900.0 | 346200.0 | 0.006779 | 0.017253 |   5.575187 |      6 | 0.945335 | 0.600000 | 0.700000 | 0.706667 | 0.660000 |   1.352386 |      242 |      210 |       32 |   5.574509 |      6 | 0.954504 | 1.152048
1155 | 346200.0 | 346500.0 | 0.006776 | 0.017251 |   5.574509 |      6 | 0.954504 | 0.600000 | 0.703333 | 0.613333 | 0.696667 |  -2.415276 |      239 |      211 |       28 |   5.573809 |      6 | 0.938139 | 1.566438
1156 | 346500.0 | 346800.0 | 0.006772 | 0.017249 |   5.573809 |      6 | 0.938139 | 0.600000 | 0.666667 | 0.686667 | 0.630000 |   1.642592 |      239 |      200 |       39 |   5.573357 |      6 | 0.949262 | 1.284775
1157 | 346800.0 | 347100.0 | 0.006768 | 0.017247 |   5.573357 |      6 | 0.949262 | 0.600000 | 0.696667 | 0.640000 | 0.646667 |  -0.193270 |      241 |      209 |       32 |   5.572703 |      6 | 0.947954 | 1.317898
1158 | 347100.0 | 347400.0 | 0.006764 | 0.017245 |   5.572703 |      6 | 0.947954 | 0.600000 | 0.713333 | 0.643333 | 0.656667 |  -0.386588 |      243 |      214 |       29 |   5.571936 |      6 | 0.945339 | 1.384114
1159 | 347400.0 | 347700.0 | 0.006761 | 0.017243 |   5.571936 |      6 | 0.945339 | 0.600000 | 0.736667 | 0.683333 | 0.646667 |   1.063250 |      246 |      221 |       25 |   5.571013 |      6 | 0.952527 | 1.202098
1160 | 347700.0 | 348000.0 | 0.006757 | 0.017241 |   5.571013 |      6 | 0.952527 | 0.600000 | 0.703333 | 0.623333 | 0.713333 |  -2.610119 |      240 |      211 |       29 |   5.570314 |      6 | 0.934891 | 1.648672
1161 | 348000.0 | 348300.0 | 0.006753 | 0.017238 |   5.570314 |      6 | 0.934891 | 0.600000 | 0.660000 | 0.696667 | 0.726667 |  -0.870147 |      239 |      198 |       41 |   5.569909 |      6 | 0.929015 | 1.797466
1162 | 348300.0 | 348600.0 | 0.006749 | 0.017236 |   5.569909 |      6 | 0.929015 | 0.600000 | 0.703333 | 0.693333 | 0.643333 |   1.450425 |      242 |      211 |       31 |   5.569212 |      6 | 0.938804 | 1.549583
1163 | 348600.0 | 348900.0 | 0.006746 | 0.017234 |   5.569212 |      6 | 0.938804 | 0.600000 | 0.740000 | 0.693333 | 0.643333 |   1.450605 |      246 |      222 |       24 |   5.568267 |      6 | 0.948589 | 1.301807
1164 | 348900.0 | 349200.0 | 0.006742 | 0.017232 |   5.568267 |      6 | 0.948589 | 0.600000 | 0.723333 | 0.666667 | 0.716667 |  -1.450784 |      243 |      217 |       26 |   5.567436 |      6 | 0.938808 | 1.549477
1165 | 349200.0 | 349500.0 | 0.006738 | 0.017230 |   5.567436 |      6 | 0.938808 | 0.600000 | 0.650000 | 0.700000 | 0.663333 |   1.064040 |      237 |      195 |       42 |   5.567099 |      6 | 0.945978 | 1.367930
1166 | 349500.0 | 349800.0 | 0.006734 | 0.017228 |   5.567099 |      6 | 0.945978 | 0.600000 | 0.700000 | 0.643333 | 0.670000 |  -0.773943 |      241 |      210 |       32 |   5.566425 |      6 | 0.940766 | 1.499907
1167 | 349800.0 | 350100.0 | 0.006731 | 0.017226 |   5.566425 |      6 | 0.940766 | 0.600000 | 0.710000 | 0.686667 | 0.696667 |  -0.290264 |      243 |      213 |       29 |   5.565685 |      6 | 0.938812 | 1.549377
1168 | 350100.0 | 350400.0 | 0.006727 | 0.017224 |   5.565685 |      6 | 0.938812 | 0.600000 | 0.680000 | 0.660000 | 0.676667 |  -0.483833 |      240 |      204 |       36 |   5.565147 |      6 | 0.935558 | 1.631792
1169 | 350400.0 | 350700.0 | 0.006723 | 0.017221 |   5.565147 |      6 | 0.935558 | 0.600000 | 0.683333 | 0.700000 | 0.680000 |   0.580672 |      239 |      205 |       34 |   5.564587 |      6 | 0.939462 | 1.532937
1170 | 350700.0 | 351000.0 | 0.006720 | 0.017219 |   5.564587 |      6 | 0.939462 | 0.600000 | 0.693333 | 0.660000 | 0.683333 |  -0.677533 |      242 |      208 |       34 |   5.563960 |      6 | 0.934909 | 1.648219
1171 | 351000.0 | 351300.0 | 0.006716 | 0.017217 |   5.563960 |      6 | 0.934909 | 0.600000 | 0.703333 | 0.640000 | 0.636667 |   0.096802 |      244 |      211 |       33 |   5.563266 |      6 | 0.935559 | 1.631757
1172 | 351300.0 | 351600.0 | 0.006712 | 0.017215 |   5.563266 |      6 | 0.935559 | 0.600000 | 0.630000 | 0.676667 | 0.670000 |   0.193629 |      235 |      189 |       46 |   5.563064 |      6 | 0.936859 | 1.598847
1173 | 351600.0 | 351900.0 | 0.006708 | 0.017213 |   5.563064 |      6 | 0.936859 | 0.600000 | 0.720000 | 0.693333 | 0.640000 |   1.549219 |      244 |      216 |       28 |   5.562259 |      6 | 0.947251 | 1.335684
1174 | 351900.0 | 352200.0 | 0.006705 | 0.017211 |   5.562259 |      6 | 0.947251 | 0.600000 | 0.670000 | 0.683333 | 0.660000 |   0.677866 |      238 |      201 |       37 |   5.561790 |      6 | 0.951796 | 1.220599
1175 | 352200.0 | 352500.0 | 0.006701 | 0.017209 |   5.561790 |      6 | 0.951796 | 0.600000 | 0.676667 | 0.633333 | 0.666667 |  -0.968499 |      238 |      203 |       35 |   5.561276 |      6 | 0.945306 | 1.384936
1176 | 352500.0 | 352800.0 | 0.006697 | 0.017207 |   5.561276 |      6 | 0.945306 | 0.600000 | 0.710000 | 0.646667 | 0.686667 |  -1.162341 |      242 |      213 |       29 |   5.560539 |      6 | 0.937522 | 1.582056
1177 | 352800.0 | 353100.0 | 0.006694 | 0.017205 |   5.560539 |      6 | 0.937522 | 0.600000 | 0.710000 | 0.683333 | 0.653333 |   0.871862 |      244 |      213 |       31 |   5.559803 |      6 | 0.943358 | 1.434279
1178 | 353100.0 | 353400.0 | 0.006690 | 0.017202 |   5.559803 |      6 | 0.943358 | 0.600000 | 0.666667 | 0.663333 | 0.653333 |   0.290656 |      237 |      200 |       37 |   5.559357 |      6 | 0.945302 | 1.385041
1179 | 353400.0 | 353700.0 | 0.006686 | 0.017200 |   5.559357 |      6 | 0.945302 | 0.600000 | 0.733333 | 0.656667 | 0.660000 |  -0.096897 |      245 |      220 |       25 |   5.558466 |      6 | 0.944654 | 1.401446
1180 | 353700.0 | 354000.0 | 0.006683 | 0.017198 |   5.558466 |      6 | 0.944654 | 0.600000 | 0.723333 | 0.666667 | 0.683333 |  -0.484545 |      245 |      217 |       28 |   5.557641 |      6 | 0.941416 | 1.483440
1181 | 354000.0 | 354300.0 | 0.006679 | 0.017196 |   5.557641 |      6 | 0.941416 | 0.600000 | 0.706667 | 0.656667 | 0.690000 |  -0.969209 |      242 |      212 |       30 |   5.556929 |      6 | 0.934943 | 1.647358
1182 | 354300.0 | 354600.0 | 0.006675 | 0.017194 |   5.556929 |      6 | 0.934943 | 0.600000 | 0.683333 | 0.643333 | 0.666667 |  -0.678529 |      240 |      205 |       35 |   5.556373 |      6 | 0.930413 | 1.762052
1183 | 354600.0 | 354900.0 | 0.006672 | 0.017192 |   5.556373 |      6 | 0.930413 | 0.600000 | 0.700000 | 0.663333 | 0.673333 |  -0.290834 |      244 |      210 |       34 |   5.555705 |      6 | 0.928473 | 1.811185
1184 | 354900.0 | 355200.0 | 0.006668 | 0.017190 |   5.555705 |      6 | 0.928473 | 0.600000 | 0.703333 | 0.673333 | 0.686667 |  -0.387825 |      242 |      211 |       31 |   5.555016 |      6 | 0.925887 | 1.876669
1185 | 355200.0 | 355500.0 | 0.006665 | 0.017188 |   5.555016 |      6 | 0.925887 | 0.600000 | 0.660000 | 0.646667 | 0.700000 |  -1.551489 |      238 |      198 |       41 |   5.554617 |      6 | 0.915547 | 2.138493
1186 | 355500.0 | 355800.0 | 0.006661 | 0.017186 |   5.554617 |      6 | 0.915547 | 0.600000 | 0.660000 | 0.713333 | 0.643333 |   2.036577 |      238 |      198 |       39 |   5.554217 |      6 | 0.929112 | 1.794995
1187 | 355800.0 | 356100.0 | 0.006657 | 0.017184 |   5.554217 |      6 | 0.929112 | 0.600000 | 0.673333 | 0.643333 | 0.640000 |   0.096992 |      241 |      202 |       39 |   5.553729 |      6 | 0.929758 | 1.778644
1188 | 356100.0 | 356400.0 | 0.006654 | 0.017182 |   5.553729 |      6 | 0.929758 | 0.600000 | 0.713333 | 0.710000 | 0.710000 |   0.000000 |      243 |      214 |       29 |   5.552975 |      6 | 0.929758 | 1.778644
1189 | 356400.0 | 356700.0 | 0.006650 | 0.017179 |   5.552975 |      6 | 0.929758 | 0.600000 | 0.676667 | 0.693333 | 0.676667 |   0.485076 |      240 |      203 |       37 |   5.552465 |      6 | 0.932984 | 1.696962
1190 | 356700.0 | 357000.0 | 0.006646 | 0.017177 |   5.552465 |      6 | 0.932984 | 0.600000 | 0.680000 | 0.710000 | 0.656667 |   1.552430 |      241 |      204 |       37 |   5.551933 |      6 | 0.943302 | 1.435691
1191 | 357000.0 | 357300.0 | 0.006643 | 0.017175 |   5.551933 |      6 | 0.943302 | 0.600000 | 0.586667 | 0.720000 | 0.660000 |   1.746695 |      229 |      176 |       54 |   5.552022 |      6 | 0.954905 | 1.141884
1192 | 357300.0 | 357600.0 | 0.006639 | 0.017173 |   5.552022 |      6 | 0.954905 | 0.600000 | 0.690000 | 0.573333 | 0.640000 |  -1.941006 |      239 |      207 |       31 |   5.551424 |      6 | 0.942018 | 1.468199
1193 | 357600.0 | 357900.0 | 0.006636 | 0.017171 |   5.551424 |      6 | 0.942018 | 0.600000 | 0.743333 | 0.676667 | 0.676667 |   0.000000 |      245 |      223 |       22 |   5.550473 |      6 | 0.942018 | 1.468199
1194 | 357900.0 | 358200.0 | 0.006632 | 0.017169 |   5.550473 |      6 | 0.942018 | 0.600000 | 0.733333 | 0.683333 | 0.673333 |   0.291221 |      246 |      220 |       26 |   5.549589 |      6 | 0.943950 | 1.419293
1195 | 358200.0 | 358500.0 | 0.006628 | 0.017167 |   5.549589 |      6 | 0.943950 | 0.600000 | 0.680000 | 0.616667 | 0.663333 |  -1.359196 |      239 |      204 |       35 |   5.549058 |      6 | 0.934940 | 1.647425
1196 | 358500.0 | 358800.0 | 0.006625 | 0.017165 |   5.549058 |      6 | 0.934940 | 0.600000 | 0.713333 | 0.710000 | 0.680000 |   0.873874 |      243 |      214 |       29 |   5.548308 |      6 | 0.940730 | 1.500830
1197 | 358800.0 | 359100.0 | 0.006621 | 0.017163 |   5.548308 |      6 | 0.940730 | 0.600000 | 0.733333 | 0.723333 | 0.696667 |   0.776871 |      244 |      220 |       24 |   5.547425 |      6 | 0.945873 | 1.370578
1198 | 359100.0 | 359400.0 | 0.006618 | 0.017161 |   5.547425 |      6 | 0.945873 | 0.600000 | 0.723333 | 0.646667 | 0.660000 |  -0.388482 |      245 |      217 |       28 |   5.546609 |      6 | 0.943303 | 1.435677
1199 | 359400.0 | 359700.0 | 0.006614 | 0.017159 |   5.546609 |      6 | 0.943303 | 0.600000 | 0.656667 | 0.696667 | 0.653333 |   1.262718 |      237 |      197 |       40 |   5.546234 |      6 | 0.951654 | 1.224195
1200 | 359700.0 | 360000.0 | 0.006611 | 0.017157 |   5.546234 |      6 | 0.951654 | 0.600000 | 0.700000 | 0.573333 | 0.660000 |  -2.525740 |      241 |      210 |       31 |   5.545573 |      6 | 0.934958 | 1.646982
1201 | 360000.0 | 360300.0 | 0.006607 | 0.017155 |   5.545573 |      6 | 0.934958 | 0.600000 | 0.676667 | 0.700000 | 0.676667 |   0.680088 |      240 |      203 |       37 |   5.545066 |      6 | 0.939451 | 1.533202
1202 | 360300.0 | 360600.0 | 0.006603 | 0.017153 |   5.545066 |      6 | 0.939451 | 0.600000 | 0.693333 | 0.666667 | 0.700000 |  -0.971671 |      242 |      208 |       34 |   5.544450 |      6 | 0.933035 | 1.695676
1203 | 360600.0 | 360900.0 | 0.006600 | 0.017151 |   5.544450 |      6 | 0.933035 | 0.600000 | 0.706667 | 0.686667 | 0.640000 |   1.360503 |      242 |      212 |       30 |   5.543746 |      6 | 0.942014 | 1.468307
1204 | 360900.0 | 361200.0 | 0.006596 | 0.017148 |   5.543746 |      6 | 0.942014 | 0.600000 | 0.700000 | 0.673333 | 0.643333 |   0.874714 |      242 |      210 |       32 |   5.543086 |      6 | 0.947784 | 1.322202
1205 | 361200.0 | 361500.0 | 0.006593 | 0.017146 |   5.543086 |      6 | 0.947784 | 0.600000 | 0.676667 | 0.706667 | 0.676667 |   0.874818 |      239 |      203 |       36 |   5.542581 |      6 | 0.953551 | 1.176158
1206 | 361500.0 | 361800.0 | 0.006589 | 0.017144 |   5.542581 |      6 | 0.953551 | 0.600000 | 0.710000 | 0.626667 | 0.710000 |  -2.430341 |      240 |      213 |       27 |   5.541856 |      6 | 0.937537 | 1.581667
1207 | 361800.0 | 362100.0 | 0.006586 | 0.017142 |   5.541856 |      6 | 0.937537 | 0.600000 | 0.700000 | 0.673333 | 0.633333 |   1.166703 |      242 |      210 |       32 |   5.541197 |      6 | 0.945221 | 1.387104
1208 | 362100.0 | 362400.0 | 0.006582 | 0.017140 |   5.541197 |      6 | 0.945221 | 0.600000 | 0.610000 | 0.680000 | 0.683333 |  -0.097237 |      232 |      183 |       49 |   5.541132 |      6 | 0.944581 | 1.403311
1209 | 362400.0 | 362700.0 | 0.006579 | 0.017138 |   5.541132 |      6 | 0.944581 | 0.600000 | 0.710000 | 0.703333 | 0.670000 |   0.972484 |      244 |      213 |       31 |   5.540408 |      6 | 0.950978 | 1.241310
1210 | 362700.0 | 363000.0 | 0.006575 | 0.017136 |   5.540408 |      6 | 0.950978 | 0.600000 | 0.673333 | 0.663333 | 0.693333 |  -0.875340 |      237 |      202 |       35 |   5.539926 |      6 | 0.945223 | 1.387050
1211 | 363000.0 | 363300.0 | 0.006572 | 0.017134 |   5.539926 |      6 | 0.945223 | 0.600000 | 0.656667 | 0.713333 | 0.690000 |   0.680901 |      238 |      197 |       41 |   5.539553 |      6 | 0.949698 | 1.273743
1212 | 363300.0 | 363600.0 | 0.006568 | 0.017132 |   5.539553 |      6 | 0.949698 | 0.600000 | 0.696667 | 0.713333 | 0.673333 |   1.167398 |      239 |      209 |       30 |   5.538918 |      6 | 0.957365 | 1.079584
1213 | 363600.0 | 363900.0 | 0.006565 | 0.017130 |   5.538918 |      6 | 0.957365 | 0.600000 | 0.716667 | 0.553333 | 0.660000 |  -3.113431 |      241 |      215 |       26 |   5.538153 |      6 | 0.936927 | 1.597128
1214 | 363900.0 | 364200.0 | 0.006561 | 0.017128 |   5.538153 |      6 | 0.936927 | 0.600000 | 0.693333 | 0.643333 | 0.643333 |   0.000000 |      242 |      208 |       34 |   5.537540 |      6 | 0.936927 | 1.597128
1215 | 364200.0 | 364500.0 | 0.006558 | 0.017126 |   5.537540 |      6 | 0.936927 | 0.600000 | 0.710000 | 0.706667 | 0.726667 |  -0.583907 |      243 |      213 |       30 |   5.536819 |      6 | 0.933097 | 1.694087
1216 | 364500.0 | 364800.0 | 0.006554 | 0.017124 |   5.536819 |      6 | 0.933097 | 0.600000 | 0.720000 | 0.696667 | 0.660000 |   1.070623 |      244 |      216 |       28 |   5.536032 |      6 | 0.940115 | 1.516402
1217 | 364800.0 | 365100.0 | 0.006551 | 0.017122 |   5.536032 |      6 | 0.940115 | 0.600000 | 0.640000 | 0.656667 | 0.683333 |  -0.778727 |      237 |      192 |       45 |   5.535770 |      6 | 0.935013 | 1.645574
1218 | 365100.0 | 365400.0 | 0.006547 | 0.017120 |   5.535770 |      6 | 0.935013 | 0.600000 | 0.743333 | 0.693333 | 0.686667 |   0.194705 |      246 |      223 |       23 |   5.534832 |      6 | 0.936288 | 1.613294
1219 | 365400.0 | 365700.0 | 0.006544 | 0.017118 |   5.534832 |      6 | 0.936288 | 0.600000 | 0.686667 | 0.670000 | 0.723333 |  -1.557822 |      241 |      206 |       35 |   5.534265 |      6 | 0.926094 | 1.871425
1220 | 365700.0 | 366000.0 | 0.006540 | 0.017116 |   5.534265 |      6 | 0.926094 | 0.600000 | 0.690000 | 0.680000 | 0.656667 |   0.681628 |      241 |      207 |       34 |   5.533676 |      6 | 0.930552 | 1.758539
1221 | 366000.0 | 366300.0 | 0.006537 | 0.017114 |   5.533676 |      6 | 0.930552 | 0.600000 | 0.673333 | 0.663333 | 0.653333 |   0.292161 |      240 |      202 |       38 |   5.533197 |      6 | 0.932462 | 1.710180
1222 | 366300.0 | 366600.0 | 0.006533 | 0.017112 |   5.533197 |      6 | 0.932462 | 0.600000 | 0.700000 | 0.703333 | 0.690000 |   0.389594 |      242 |      210 |       32 |   5.532543 |      6 | 0.935007 | 1.645727
1223 | 366600.0 | 366900.0 | 0.006530 | 0.017110 |   5.532543 |      6 | 0.935007 | 0.600000 | 0.723333 | 0.690000 | 0.620000 |   2.045607 |      245 |      217 |       28 |   5.531738 |      6 | 0.948365 | 1.307488
1224 | 366900.0 | 367200.0 | 0.006526 | 0.017108 |   5.531738 |      6 | 0.948365 | 0.600000 | 0.736667 | 0.610000 | 0.670000 |  -1.753584 |      244 |      221 |       23 |   5.530846 |      6 | 0.936920 | 1.597288
1225 | 367200.0 | 367500.0 | 0.006523 | 0.017106 |   5.530846 |      6 | 0.936920 | 0.600000 | 0.680000 | 0.670000 | 0.650000 |   0.584597 |      240 |      204 |       36 |   5.530324 |      6 | 0.940734 | 1.500728
1226 | 367500.0 | 367800.0 | 0.006520 | 0.017104 |   5.530324 |      6 | 0.940734 | 0.600000 | 0.666667 | 0.710000 | 0.686667 |   0.682110 |      239 |      200 |       39 |   5.529890 |      6 | 0.945181 | 1.388120
1227 | 367800.0 | 368100.0 | 0.006516 | 0.017102 |   5.529890 |      6 | 0.945181 | 0.600000 | 0.666667 | 0.696667 | 0.650000 |   1.364380 |      238 |      200 |       38 |   5.529455 |      6 | 0.954071 | 1.162998
1228 | 368100.0 | 368400.0 | 0.006513 | 0.017100 |   5.529455 |      6 | 0.954071 | 0.600000 | 0.680000 | 0.640000 | 0.710000 |  -2.046811 |      238 |      204 |       34 |   5.528934 |      6 | 0.940741 | 1.500543
1229 | 368400.0 | 368700.0 | 0.006509 | 0.017098 |   5.528934 |      6 | 0.940741 | 0.600000 | 0.733333 | 0.693333 | 0.656667 |   1.072265 |      246 |      220 |       26 |   5.528066 |      6 | 0.947721 | 1.323806
1230 | 368700.0 | 369000.0 | 0.006506 | 0.017096 |   5.528066 |      6 | 0.947721 | 0.600000 | 0.690000 | 0.680000 | 0.683333 |  -0.097490 |      240 |      207 |       33 |   5.527481 |      6 | 0.947086 | 1.339866
1231 | 369000.0 | 369300.0 | 0.006502 | 0.017094 |   5.527481 |      6 | 0.947086 | 0.600000 | 0.710000 | 0.666667 | 0.686667 |  -0.585009 |      241 |      213 |       28 |   5.526765 |      6 | 0.943282 | 1.436189
1232 | 369300.0 | 369600.0 | 0.006499 | 0.017092 |   5.526765 |      6 | 0.943282 | 0.600000 | 0.670000 | 0.683333 | 0.653333 |   0.877616 |      240 |      201 |       39 |   5.526311 |      6 | 0.948986 | 1.291764
1233 | 369600.0 | 369900.0 | 0.006496 | 0.017090 |   5.526311 |      6 | 0.948986 | 0.600000 | 0.686667 | 0.626667 | 0.690000 |  -1.852961 |      238 |      206 |       32 |   5.525748 |      6 | 0.936950 | 1.596538
1234 | 369900.0 | 370200.0 | 0.006492 | 0.017088 |   5.525748 |      6 | 0.936950 | 0.600000 | 0.720000 | 0.673333 | 0.686667 |  -0.390143 |      244 |      216 |       28 |   5.524969 |      6 | 0.934417 | 1.660675
1235 | 370200.0 | 370500.0 | 0.006489 | 0.017086 |   5.524969 |      6 | 0.934417 | 0.600000 | 0.700000 | 0.736667 | 0.653333 |   2.438677 |      243 |      210 |       33 |   5.524320 |      6 | 0.950241 | 1.259983
1236 | 370500.0 | 370800.0 | 0.006485 | 0.017084 |   5.524320 |      6 | 0.950241 | 0.600000 | 0.703333 | 0.643333 | 0.690000 |  -1.365818 |      241 |      211 |       30 |   5.523650 |      6 | 0.941383 | 1.484279
1237 | 370800.0 | 371100.0 | 0.006482 | 0.017082 |   5.523650 |      6 | 0.941383 | 0.600000 | 0.686667 | 0.643333 | 0.670000 |  -0.780559 |      240 |      206 |       34 |   5.523088 |      6 | 0.936324 | 1.612396
1238 | 371100.0 | 371400.0 | 0.006479 | 0.017080 |   5.523088 |      6 | 0.936324 | 0.600000 | 0.683333 | 0.680000 | 0.673333 |   0.195162 |      240 |      205 |       35 |   5.522548 |      6 | 0.937588 | 1.580380
1239 | 371400.0 | 371700.0 | 0.006475 | 0.017078 |   5.522548 |      6 | 0.937588 | 0.600000 | 0.690000 | 0.680000 | 0.656667 |   0.683148 |      241 |      207 |       34 |   5.521965 |      6 | 0.942011 | 1.468369
1240 | 371700.0 | 372000.0 | 0.006472 | 0.017076 |   5.521965 |      6 | 0.942011 | 0.600000 | 0.723333 | 0.686667 | 0.683333 |   0.097604 |      245 |      217 |       28 |   5.521167 |      6 | 0.942643 | 1.452374
1241 | 372000.0 | 372300.0 | 0.006468 | 0.017074 |   5.521167 |      6 | 0.942643 | 0.600000 | 0.703333 | 0.680000 | 0.720000 |  -1.171383 |      241 |      211 |       30 |   5.520498 |      6 | 0.935066 | 1.644237
1242 | 372300.0 | 372600.0 | 0.006465 | 0.017072 |   5.520498 |      6 | 0.935066 | 0.600000 | 0.696667 | 0.646667 | 0.660000 |  -0.390506 |      241 |      209 |       32 |   5.519874 |      6 | 0.932541 | 1.708165
1243 | 372600.0 | 372900.0 | 0.006462 | 0.017070 |   5.519874 |      6 | 0.932541 | 0.600000 | 0.703333 | 0.736667 | 0.706667 |   0.878741 |      244 |      211 |       33 |   5.519206 |      6 | 0.938220 | 1.564385
1244 | 372900.0 | 373200.0 | 0.006458 | 0.017068 |   5.519206 |      6 | 0.938220 | 0.600000 | 0.723333 | 0.703333 | 0.670000 |   0.976492 |      243 |      217 |       26 |   5.518409 |      6 | 0.944526 | 1.404693
1245 | 373200.0 | 373500.0 | 0.006455 | 0.017066 |   5.518409 |      6 | 0.944526 | 0.600000 | 0.700000 | 0.666667 | 0.643333 |   0.683624 |      241 |      210 |       31 |   5.517764 |      6 | 0.948939 | 1.292954
1246 | 373500.0 | 373800.0 | 0.006452 | 0.017064 |   5.517764 |      6 | 0.948939 | 0.600000 | 0.670000 | 0.626667 | 0.696667 |  -2.051109 |      239 |      201 |       38 |   5.517312 |      6 | 0.935706 | 1.628035
1247 | 373800.0 | 374100.0 | 0.006448 | 0.017062 |   5.517312 |      6 | 0.935706 | 0.600000 | 0.696667 | 0.673333 | 0.683333 |  -0.293050 |      242 |      209 |       33 |   5.516689 |      6 | 0.933816 | 1.675885
1248 | 374100.0 | 374400.0 | 0.006445 | 0.017060 |   5.516689 |      6 | 0.933816 | 0.600000 | 0.720000 | 0.670000 | 0.633333 |   1.074639 |      244 |      216 |       28 |   5.515915 |      6 | 0.940742 | 1.500508
1249 | 374400.0 | 374700.0 | 0.006442 | 0.017058 |   5.515915 |      6 | 0.940742 | 0.600000 | 0.693333 | 0.633333 | 0.613333 |   0.586234 |      242 |      208 |       34 |   5.515314 |      6 | 0.944519 | 1.404886
1250 | 374700.0 | 375000.0 | 0.006438 | 0.017056 |   5.515314 |      6 | 0.944519 | 0.600000 | 0.756667 | 0.690000 | 0.663333 |   0.781736 |      246 |      227 |       19 |   5.514306 |      6 | 0.949552 | 1.277442
1251 | 375000.0 | 375300.0 | 0.006435 | 0.017054 |   5.514306 |      6 | 0.949552 | 0.600000 | 0.683333 | 0.653333 | 0.660000 |  -0.195457 |      239 |      205 |       34 |   5.513769 |      6 | 0.948294 | 1.309290
1252 | 375300.0 | 375600.0 | 0.006432 | 0.017052 |   5.513769 |      6 | 0.948294 | 0.600000 | 0.700000 | 0.666667 | 0.700000 |  -0.977396 |      240 |      210 |       30 |   5.513126 |      6 | 0.942008 | 1.468467
1253 | 375600.0 | 375900.0 | 0.006428 | 0.017050 |   5.513126 |      6 | 0.942008 | 0.600000 | 0.700000 | 0.686667 | 0.666667 |   0.586505 |      243 |      210 |       33 |   5.512483 |      6 | 0.945778 | 1.372999
1254 | 375900.0 | 376200.0 | 0.006425 | 0.017048 |   5.512483 |      6 | 0.945778 | 0.600000 | 0.706667 | 0.660000 | 0.670000 |  -0.293286 |      242 |      212 |       31 |   5.511798 |      6 | 0.943893 | 1.420714
1255 | 376200.0 | 376500.0 | 0.006422 | 0.017046 |   5.511798 |      6 | 0.943893 | 0.600000 | 0.693333 | 0.723333 | 0.693333 |   0.879960 |      241 |      208 |       32 |   5.511199 |      6 | 0.949544 | 1.277627
1256 | 376500.0 | 376800.0 | 0.006418 | 0.017044 |   5.511199 |      6 | 0.949544 | 0.600000 | 0.730000 | 0.670000 | 0.673333 |  -0.097785 |      244 |      219 |       25 |   5.510364 |      6 | 0.948917 | 1.293519
1257 | 376800.0 | 377100.0 | 0.006415 | 0.017042 |   5.510364 |      6 | 0.948917 | 0.600000 | 0.703333 | 0.690000 | 0.716667 |  -0.782366 |      241 |      211 |       30 |   5.509701 |      6 | 0.943898 | 1.420605
1258 | 377100.0 | 377400.0 | 0.006412 | 0.017040 |   5.509701 |      6 | 0.943898 | 0.600000 | 0.706667 | 0.676667 | 0.623333 |   1.564912 |      242 |      212 |       30 |   5.509018 |      6 | 0.953931 | 1.166535
1259 | 377400.0 | 377700.0 | 0.006408 | 0.017038 |   5.509018 |      6 | 0.953931 | 0.600000 | 0.670000 | 0.643333 | 0.656667 |  -0.391273 |      237 |      201 |       37 |   5.508569 |      6 | 0.951424 | 1.230027
1260 | 377700.0 | 378000.0 | 0.006405 | 0.017036 |   5.508569 |      6 | 0.951424 | 0.600000 | 0.676667 | 0.660000 | 0.693333 |  -0.978294 |      238 |      203 |       34 |   5.508078 |      6 | 0.945158 | 1.388694
1261 | 378000.0 | 378300.0 | 0.006402 | 0.017035 |   5.508078 |      6 | 0.945158 | 0.600000 | 0.700000 | 0.683333 | 0.646667 |   1.076247 |      241 |      210 |       31 |   5.507438 |      6 | 0.952048 | 1.214231
1262 | 378300.0 | 378600.0 | 0.006398 | 0.017033 |   5.507438 |      6 | 0.952048 | 0.600000 | 0.690000 | 0.620000 | 0.686667 |  -1.957036 |      240 |      207 |       33 |   5.506862 |      6 | 0.939526 | 1.531310
1263 | 378600.0 | 378900.0 | 0.006395 | 0.017031 |   5.506862 |      6 | 0.939526 | 0.600000 | 0.723333 | 0.703333 | 0.693333 |   0.293589 |      245 |      217 |       28 |   5.506073 |      6 | 0.941403 | 1.483767
1264 | 378900.0 | 379200.0 | 0.006392 | 0.017029 |   5.506073 |      6 | 0.941403 | 0.600000 | 0.686667 | 0.703333 | 0.663333 |   1.174490 |      240 |      206 |       34 |   5.505519 |      6 | 0.948911 | 1.293671
1265 | 379200.0 | 379500.0 | 0.006389 | 0.017027 |   5.505519 |      6 | 0.948911 | 0.600000 | 0.673333 | 0.666667 | 0.680000 |  -0.391541 |      239 |      202 |       37 |   5.505051 |      6 | 0.946409 | 1.357011
1266 | 379500.0 | 379800.0 | 0.006385 | 0.017025 |   5.505051 |      6 | 0.946409 | 0.600000 | 0.673333 | 0.680000 | 0.660000 |   0.587379 |      238 |      202 |       36 |   5.504582 |      6 | 0.950160 | 1.262039
1267 | 379800.0 | 380100.0 | 0.006382 | 0.017023 |   5.504582 |      6 | 0.950160 | 0.600000 | 0.683333 | 0.720000 | 0.620000 |   2.937229 |      239 |      205 |       34 |   5.504051 |      6 | 0.968905 | 0.787368
1268 | 380100.0 | 380400.0 | 0.006379 | 0.017021 |   5.504051 |      6 | 0.968905 | 0.600000 | 0.643333 | 0.296667 | 0.690000 | -11.554418 |      221 |      193 |       28 |   5.503774 |      6 | 0.895202 | 2.653666
1269 | 380400.0 | 380700.0 | 0.006376 | 0.017019 |   5.503774 |      6 | 0.895202 | 0.600000 | 0.663333 | 0.630000 | 0.636667 |  -0.195860 |      239 |      199 |       40 |   5.503370 |      6 | 0.893953 | 2.685285
1270 | 380700.0 | 381000.0 | 0.006372 | 0.017017 |   5.503370 |      6 | 0.893953 | 0.600000 | 0.676667 | 0.636667 | 0.673333 |  -1.077352 |      240 |      203 |       37 |   5.502882 |      6 | 0.887088 | 2.859124
1271 | 381000.0 | 381300.0 | 0.006369 | 0.017015 |   5.502882 |      6 | 0.887088 | 0.600000 | 0.686667 | 0.616667 | 0.640000 |  -0.685665 |      242 |      206 |       36 |   5.502330 |      6 | 0.882721 | 2.969705
1272 | 381300.0 | 381600.0 | 0.006366 | 0.017013 |   5.502330 |      6 | 0.882721 | 0.600000 | 0.636667 | 0.660000 | 0.640000 |   0.587780 |      237 |      191 |       46 |   5.502096 |      6 | 0.886463 | 2.874959
1273 | 381600.0 | 381900.0 | 0.006363 | 0.017011 |   5.502096 |      6 | 0.886463 | 0.600000 | 0.710000 | 0.653333 | 0.596667 |   1.665565 |      244 |      213 |       31 |   5.501397 |      6 | 0.897060 | 2.606619
1274 | 381900.0 | 382200.0 | 0.006359 | 0.017009 |   5.501397 |      6 | 0.897060 | 0.600000 | 0.660000 | 0.660000 | 0.626667 |   0.979855 |      240 |      198 |       42 |   5.501015 |      6 | 0.903291 | 2.448834
1275 | 382200.0 | 382500.0 | 0.006356 | 0.017007 |   5.501015 |      6 | 0.903291 | 0.600000 | 0.660000 | 0.660000 | 0.653333 |   0.195993 |      238 |      198 |       40 |   5.500634 |      6 | 0.904537 | 2.417290
1276 | 382500.0 | 382800.0 | 0.006353 | 0.017005 |   5.500634 |      6 | 0.904537 | 0.600000 | 0.636667 | 0.676667 | 0.656667 |   0.588046 |      238 |      191 |       47 |   5.500401 |      6 | 0.908273 | 2.322694
1277 | 382800.0 | 383100.0 | 0.006350 | 0.017004 |   5.500401 |      6 | 0.908273 | 0.600000 | 0.693333 | 0.673333 | 0.630000 |   1.274244 |      242 |      208 |       34 |   5.499808 |      6 | 0.916364 | 2.117818
1278 | 383100.0 | 383400.0 | 0.006346 | 0.017002 |   5.499808 |      6 | 0.916364 | 0.600000 | 0.676667 | 0.673333 | 0.670000 |   0.098030 |      239 |      203 |       36 |   5.499322 |      6 | 0.916986 | 2.102064
1279 | 383400.0 | 383700.0 | 0.006343 | 0.017000 |   5.499322 |      6 | 0.916986 | 0.600000 | 0.680000 | 0.650000 | 0.696667 |  -1.372573 |      242 |      204 |       38 |   5.498814 |      6 | 0.908279 | 2.322526
1280 | 383700.0 | 384000.0 | 0.006340 | 0.016998 |   5.498814 |      6 | 0.908279 | 0.600000 | 0.693333 | 0.660000 | 0.663333 |  -0.098052 |      241 |      208 |       34 |   5.498222 |      6 | 0.907658 | 2.338267
1281 | 384000.0 | 384300.0 | 0.006337 | 0.016996 |   5.498222 |      6 | 0.907658 | 0.600000 | 0.626667 | 0.740000 | 0.676667 |   1.863198 |      236 |      188 |       47 |   5.498053 |      6 | 0.919464 | 2.039305
1282 | 384300.0 | 384600.0 | 0.006334 | 0.016994 |   5.498053 |      6 | 0.919464 | 0.600000 | 0.636667 | 0.693333 | 0.626667 |   1.961482 |      236 |      191 |       45 |   5.497821 |      6 | 0.931887 | 1.724731
1283 | 384600.0 | 384900.0 | 0.006330 | 0.016992 |   5.497821 |      6 | 0.931887 | 0.600000 | 0.650000 | 0.713333 | 0.686667 |   0.784681 |      239 |      195 |       44 |   5.497505 |      6 | 0.936855 | 1.598952
1284 | 384900.0 | 385200.0 | 0.006327 | 0.016990 |   5.497505 |      6 | 0.936855 | 0.600000 | 0.690000 | 0.670000 | 0.680000 |  -0.294289 |      241 |      207 |       34 |   5.496935 |      6 | 0.934993 | 1.646100
1285 | 385200.0 | 385500.0 | 0.006324 | 0.016988 |   5.496935 |      6 | 0.934993 | 0.600000 | 0.683333 | 0.653333 | 0.686667 |  -0.981072 |      240 |      205 |       35 |   5.496408 |      6 | 0.928788 | 1.803202
1286 | 385500.0 | 385800.0 | 0.006321 | 0.016986 |   5.496408 |      6 | 0.928788 | 0.600000 | 0.673333 | 0.666667 | 0.623333 |   1.275537 |      241 |      202 |       39 |   5.495945 |      6 | 0.936851 | 1.599050
1287 | 385800.0 | 386100.0 | 0.006318 | 0.016984 |   5.495945 |      6 | 0.936851 | 0.600000 | 0.656667 | 0.663333 | 0.633333 |   0.883163 |      237 |      197 |       40 |   5.495587 |      6 | 0.942430 | 1.457770
1288 | 386100.0 | 386400.0 | 0.006314 | 0.016982 |   5.495587 |      6 | 0.942430 | 0.600000 | 0.696667 | 0.656667 | 0.673333 |  -0.490701 |      241 |      209 |       32 |   5.494976 |      6 | 0.939332 | 1.536228
1289 | 386400.0 | 386700.0 | 0.006311 | 0.016981 |   5.494976 |      6 | 0.939332 | 0.600000 | 0.730000 | 0.673333 | 0.683333 |  -0.294454 |      244 |      219 |       25 |   5.494156 |      6 | 0.937473 | 1.583285
1290 | 386700.0 | 387000.0 | 0.006308 | 0.016979 |   5.494156 |      6 | 0.937473 | 0.600000 | 0.673333 | 0.676667 | 0.713333 |  -1.079785 |      241 |      202 |       39 |   5.493693 |      6 | 0.930662 | 1.755757
1291 | 387000.0 | 387300.0 | 0.006305 | 0.016977 |   5.493693 |      6 | 0.930662 | 0.600000 | 0.680000 | 0.666667 | 0.646667 |   0.589039 |      241 |      204 |       37 |   5.493189 |      6 | 0.934376 | 1.661718
1292 | 387300.0 | 387600.0 | 0.006302 | 0.016975 |   5.493189 |      6 | 0.934376 | 0.600000 | 0.693333 | 0.683333 | 0.623333 |   1.767316 |      241 |      208 |       33 |   5.492601 |      6 | 0.945513 | 1.379711
1293 | 387600.0 | 387900.0 | 0.006298 | 0.016973 |   5.492601 |      6 | 0.945513 | 0.600000 | 0.680000 | 0.666667 | 0.676667 |  -0.294586 |      240 |      204 |       36 |   5.492097 |      6 | 0.943657 | 1.426694
1294 | 387900.0 | 388200.0 | 0.006295 | 0.016971 |   5.492097 |      6 | 0.943657 | 0.600000 | 0.683333 | 0.673333 | 0.666667 |   0.196412 |      240 |      205 |       35 |   5.491572 |      6 | 0.944894 | 1.395384
1295 | 388200.0 | 388500.0 | 0.006292 | 0.016969 |   5.491572 |      6 | 0.944894 | 0.600000 | 0.703333 | 0.670000 | 0.643333 |   0.785737 |      242 |      211 |       31 |   5.490922 |      6 | 0.949838 | 1.270195
1296 | 388500.0 | 388800.0 | 0.006289 | 0.016967 |   5.490922 |      6 | 0.949838 | 0.600000 | 0.703333 | 0.633333 | 0.613333 |   0.589368 |      240 |      211 |       29 |   5.490272 |      6 | 0.953544 | 1.176339
1297 | 388800.0 | 389100.0 | 0.006286 | 0.016965 |   5.490272 |      6 | 0.953544 | 0.600000 | 0.680000 | 0.640000 | 0.696667 |  -1.670063 |      238 |      204 |       34 |   5.489769 |      6 | 0.943047 | 1.442160
1298 | 389100.0 | 389400.0 | 0.006283 | 0.016964 |   5.489769 |      6 | 0.943047 | 0.600000 | 0.683333 | 0.686667 | 0.666667 |   0.589500 |      240 |      205 |       36 |   5.489246 |      6 | 0.946750 | 1.348377
1299 | 389400.0 | 389700.0 | 0.006280 | 0.016962 |   5.489246 |      6 | 0.946750 | 0.600000 | 0.733333 | 0.666667 | 0.670000 |  -0.098261 |      243 |      220 |       22 |   5.488408 |      6 | 0.946133 | 1.364002
1300 | 389700.0 | 390000.0 | 0.006276 | 0.016960 |   5.488408 |      6 | 0.946133 | 0.600000 | 0.736667 | 0.700000 | 0.690000 |   0.294815 |      246 |      221 |       25 |   5.487551 |      6 | 0.947984 | 1.317147
1301 | 390000.0 | 390300.0 | 0.006273 | 0.016958 |   5.487551 |      6 | 0.947984 | 0.600000 | 0.710000 | 0.670000 | 0.666667 |   0.098283 |      243 |      213 |       30 |   5.486861 |      6 | 0.948600 | 1.301535
1302 | 390300.0 | 390600.0 | 0.006270 | 0.016956 |   5.486861 |      6 | 0.948600 | 0.600000 | 0.630000 | 0.680000 | 0.680000 |   0.000000 |      233 |      189 |       44 |   5.486673 |      6 | 0.948600 | 1.301535
1303 | 390600.0 | 390900.0 | 0.006267 | 0.016954 |   5.486673 |      6 | 0.948600 | 0.600000 | 0.720000 | 0.713333 | 0.673333 |   1.179654 |      243 |      216 |       27 |   5.485921 |      6 | 0.955993 | 1.114334
1304 | 390900.0 | 391200.0 | 0.006264 | 0.016952 |   5.485921 |      6 | 0.955993 | 0.600000 | 0.686667 | 0.570000 | 0.700000 |  -3.834301 |      238 |      206 |       32 |   5.485378 |      6 | 0.931975 | 1.722500
1305 | 391200.0 | 391500.0 | 0.006261 | 0.016950 |   5.485378 |      6 | 0.931975 | 0.600000 | 0.683333 | 0.716667 | 0.703333 |   0.393305 |      241 |      205 |       36 |   5.484856 |      6 | 0.934438 | 1.660148
1306 | 391500.0 | 391800.0 | 0.006258 | 0.016948 |   5.484856 |      6 | 0.934438 | 0.600000 | 0.650000 | 0.676667 | 0.623333 |   1.573395 |      237 |      195 |       42 |   5.484543 |      6 | 0.944283 | 1.410838
1307 | 391800.0 | 392100.0 | 0.006255 | 0.016947 |   5.484543 |      6 | 0.944283 | 0.600000 | 0.663333 | 0.683333 | 0.676667 |   0.196696 |      238 |      199 |       39 |   5.484147 |      6 | 0.945514 | 1.379686
1308 | 392100.0 | 392400.0 | 0.006251 | 0.016945 |   5.484147 |      6 | 0.945514 | 0.600000 | 0.680000 | 0.653333 | 0.726667 |  -2.163896 |      240 |      204 |       36 |   5.483647 |      6 | 0.931986 | 1.722223
1309 | 392400.0 | 392700.0 | 0.006248 | 0.016943 |   5.483647 |      6 | 0.931986 | 0.600000 | 0.696667 | 0.676667 | 0.680000 |  -0.098370 |      241 |      209 |       32 |   5.483043 |      6 | 0.931372 | 1.737787
1310 | 392700.0 | 393000.0 | 0.006245 | 0.016941 |   5.483043 |      6 | 0.931372 | 0.600000 | 0.646667 | 0.686667 | 0.616667 |   2.065993 |      237 |      194 |       43 |   5.482751 |      6 | 0.944274 | 1.411072
1311 | 393000.0 | 393300.0 | 0.006242 | 0.016939 |   5.482751 |      6 | 0.944274 | 0.600000 | 0.716667 | 0.673333 | 0.673333 |   0.000000 |      243 |      215 |       28 |   5.482023 |      6 | 0.944274 | 1.411072
1312 | 393300.0 | 393600.0 | 0.006239 | 0.016937 |   5.482023 |      6 | 0.944274 | 0.600000 | 0.703333 | 0.666667 | 0.673333 |  -0.196805 |      242 |      211 |       31 |   5.481378 |      6 | 0.943046 | 1.442164
1313 | 393600.0 | 393900.0 | 0.006236 | 0.016935 |   5.481378 |      6 | 0.943046 | 0.600000 | 0.673333 | 0.693333 | 0.676667 |   0.492066 |      239 |      202 |       37 |   5.480921 |      6 | 0.946115 | 1.364465
1314 | 393900.0 | 394200.0 | 0.006233 | 0.016934 |   5.480921 |      6 | 0.946115 | 0.600000 | 0.726667 | 0.653333 | 0.653333 |   0.000000 |      244 |      218 |       26 |   5.480132 |      6 | 0.946115 | 1.364465
1315 | 394200.0 | 394500.0 | 0.006230 | 0.016932 |   5.480132 |      6 | 0.946115 | 0.600000 | 0.723333 | 0.693333 | 0.706667 |  -0.393739 |      244 |      217 |       27 |   5.479363 |      6 | 0.943662 | 1.426576
1316 | 394500.0 | 394800.0 | 0.006227 | 0.016930 |   5.479363 |      6 | 0.943662 | 0.600000 | 0.696667 | 0.713333 | 0.630000 |   2.461140 |      242 |      209 |       33 |   5.478761 |      6 | 0.958987 | 1.038528
1317 | 394800.0 | 395100.0 | 0.006224 | 0.016928 |   5.478761 |      6 | 0.958987 | 0.600000 | 0.640000 | 0.523333 | 0.650000 |  -3.741344 |      233 |      192 |       41 |   5.478512 |      6 | 0.935702 | 1.628134
1318 | 395100.0 | 395400.0 | 0.006221 | 0.016926 |   5.478512 |      6 | 0.935702 | 0.600000 | 0.750000 | 0.673333 | 0.670000 |   0.098467 |      246 |      225 |       21 |   5.477579 |      6 | 0.936315 | 1.612624
1319 | 395400.0 | 395700.0 | 0.006217 | 0.016924 |   5.477579 |      6 | 0.936315 | 0.600000 | 0.680000 | 0.593333 | 0.700000 |  -3.151296 |      241 |      204 |       37 |   5.477082 |      6 | 0.916722 | 2.108753
1320 | 395700.0 | 396000.0 | 0.006214 | 0.016922 |   5.477082 |      6 | 0.916722 | 0.600000 | 0.720000 | 0.680000 | 0.623333 |   1.674310 |      245 |      216 |       29 |   5.476336 |      6 | 0.927126 | 1.845286
1321 | 396000.0 | 396300.0 | 0.006211 | 0.016921 |   5.476336 |      6 | 0.927126 | 0.600000 | 0.656667 | 0.706667 | 0.690000 |   0.492498 |      237 |      197 |       40 |   5.475984 |      6 | 0.930185 | 1.767825
1322 | 396300.0 | 396600.0 | 0.006208 | 0.016919 |   5.475984 |      6 | 0.930185 | 0.600000 | 0.750000 | 0.676667 | 0.693333 |  -0.492552 |      248 |      225 |       23 |   5.475053 |      6 | 0.927128 | 1.845256
1323 | 396600.0 | 396900.0 | 0.006205 | 0.016917 |   5.475053 |      6 | 0.927128 | 0.600000 | 0.693333 | 0.676667 | 0.640000 |   1.083732 |      242 |      208 |       34 |   5.474474 |      6 | 0.933852 | 1.674973
1324 | 396900.0 | 397200.0 | 0.006202 | 0.016915 |   5.474474 |      6 | 0.933852 | 0.600000 | 0.690000 | 0.686667 | 0.703333 |  -0.492659 |      241 |      207 |       34 |   5.473916 |      6 | 0.930797 | 1.752345
1325 | 397200.0 | 397500.0 | 0.006199 | 0.016913 |   5.473916 |      6 | 0.930797 | 0.600000 | 0.756667 | 0.683333 | 0.693333 |  -0.295628 |      248 |      227 |       21 |   5.472944 |      6 | 0.928964 | 1.798750
1326 | 397500.0 | 397800.0 | 0.006196 | 0.016911 |   5.472944 |      6 | 0.928964 | 0.600000 | 0.673333 | 0.660000 | 0.620000 |   1.182641 |      240 |      202 |       38 |   5.472490 |      6 | 0.936292 | 1.613200
1327 | 397800.0 | 398100.0 | 0.006193 | 0.016909 |   5.472490 |      6 | 0.936292 | 0.600000 | 0.676667 | 0.690000 | 0.683333 |   0.197128 |      240 |      203 |       37 |   5.472015 |      6 | 0.937513 | 1.582286
1328 | 398100.0 | 398400.0 | 0.006190 | 0.016908 |   5.472015 |      6 | 0.937513 | 0.600000 | 0.693333 | 0.660000 | 0.683333 |  -0.690024 |      241 |      208 |       33 |   5.471438 |      6 | 0.933241 | 1.690442
1329 | 398400.0 | 398700.0 | 0.006187 | 0.016906 |   5.471438 |      6 | 0.933241 | 0.600000 | 0.713333 | 0.693333 | 0.620000 |   2.168883 |      243 |      214 |       29 |   5.470736 |      6 | 0.946660 | 1.350655
1330 | 398700.0 | 399000.0 | 0.006184 | 0.016904 |   5.470736 |      6 | 0.946660 | 0.600000 | 0.680000 | 0.633333 | 0.646667 |  -0.394385 |      240 |      204 |       36 |   5.470242 |      6 | 0.944221 | 1.412411
1331 | 399000.0 | 399300.0 | 0.006181 | 0.016902 |   5.470242 |      6 | 0.944221 | 0.600000 | 0.703333 | 0.730000 | 0.640000 |   2.662389 |      242 |      211 |       31 |   5.469603 |      6 | 0.960677 | 0.995717
1332 | 399300.0 | 399600.0 | 0.006178 | 0.016900 |   5.469603 |      6 | 0.960677 | 0.600000 | 0.693333 | 0.486667 | 0.676667 |  -5.621210 |      237 |      208 |       29 |   5.469026 |      6 | 0.925950 | 1.875069
1333 | 399600.0 | 399900.0 | 0.006175 | 0.016898 |   5.469026 |      6 | 0.925950 | 0.600000 | 0.656667 | 0.676667 | 0.696667 |  -0.591771 |      238 |      197 |       41 |   5.468676 |      6 | 0.922296 | 1.967597
1334 | 399900.0 | 400200.0 | 0.006172 | 0.016897 |   5.468676 |      6 | 0.922296 | 0.600000 | 0.720000 | 0.666667 | 0.620000 |   1.380948 |      246 |      216 |       30 |   5.467936 |      6 | 0.930819 | 1.751780
1335 | 400200.0 | 400500.0 | 0.006169 | 0.016895 |   5.467936 |      6 | 0.930819 | 0.600000 | 0.730000 | 0.740000 | 0.653333 |   2.564895 |      245 |      219 |       26 |   5.467134 |      6 | 0.946641 | 1.351129
1336 | 400500.0 | 400800.0 | 0.006166 | 0.016893 |   5.467134 |      6 | 0.946641 | 0.600000 | 0.680000 | 0.673333 | 0.636667 |   1.085265 |      240 |      204 |       36 |   5.466641 |      6 | 0.953333 | 1.181687
1337 | 400800.0 | 401100.0 | 0.006163 | 0.016891 |   5.466641 |      6 | 0.953333 | 0.600000 | 0.660000 | 0.600000 | 0.690000 |  -2.664121 |      236 |      198 |       38 |   5.466271 |      6 | 0.936915 | 1.597432
1338 | 401100.0 | 401400.0 | 0.006160 | 0.016889 |   5.466271 |      6 | 0.936915 | 0.600000 | 0.680000 | 0.693333 | 0.676667 |   0.493409 |      239 |      204 |       35 |   5.465778 |      6 | 0.939954 | 1.520472
1339 | 401400.0 | 401700.0 | 0.006157 | 0.016887 |   5.465778 |      6 | 0.939954 | 0.600000 | 0.683333 | 0.696667 | 0.683333 |   0.394770 |      241 |      205 |       36 |   5.465265 |      6 | 0.942384 | 1.458926
1340 | 401700.0 | 402000.0 | 0.006154 | 0.016886 |   5.465265 |      6 | 0.942384 | 0.600000 | 0.693333 | 0.686667 | 0.663333 |   0.690922 |      241 |      208 |       33 |   5.464691 |      6 | 0.946636 | 1.351263
1341 | 402000.0 | 402300.0 | 0.006151 | 0.016884 |   5.464691 |      6 | 0.946636 | 0.600000 | 0.660000 | 0.690000 | 0.683333 |   0.197428 |      237 |      198 |       40 |   5.464322 |      6 | 0.947851 | 1.320514
1342 | 402300.0 | 402600.0 | 0.006148 | 0.016882 |   5.464322 |      6 | 0.947851 | 0.600000 | 0.653333 | 0.636667 | 0.676667 |  -1.184693 |      235 |      196 |       38 |   5.463994 |      6 | 0.940567 | 1.504940
1343 | 402600.0 | 402900.0 | 0.006145 | 0.016880 |   5.463994 |      6 | 0.940567 | 0.600000 | 0.690000 | 0.656667 | 0.673333 |  -0.493675 |      241 |      207 |       34 |   5.463441 |      6 | 0.937534 | 1.581755
1344 | 402900.0 | 403200.0 | 0.006142 | 0.016878 |   5.463441 |      6 | 0.937534 | 0.600000 | 0.710000 | 0.696667 | 0.656667 |   1.184948 |      245 |      213 |       32 |   5.462765 |      6 | 0.944811 | 1.397468
1345 | 403200.0 | 403500.0 | 0.006139 | 0.016877 |   5.462765 |      6 | 0.944811 | 0.600000 | 0.680000 | 0.650000 | 0.666667 |  -0.493782 |      238 |      204 |       34 |   5.462274 |      6 | 0.941780 | 1.474226
1346 | 403500.0 | 403800.0 | 0.006136 | 0.016875 |   5.462274 |      6 | 0.941780 | 0.600000 | 0.686667 | 0.663333 | 0.633333 |   0.888902 |      241 |      206 |       35 |   5.461742 |      6 | 0.947234 | 1.336114
1347 | 403800.0 | 404100.0 | 0.006133 | 0.016873 |   5.461742 |      6 | 0.947234 | 0.600000 | 0.743333 | 0.680000 | 0.706667 |  -0.790220 |      245 |      223 |       22 |   5.460863 |      6 | 0.942388 | 1.458834
1348 | 404100.0 | 404400.0 | 0.006130 | 0.016871 |   5.460863 |      6 | 0.942388 | 0.600000 | 0.720000 | 0.736667 | 0.640000 |   2.864856 |      244 |      216 |       28 |   5.460127 |      6 | 0.959950 | 1.014143
1349 | 404400.0 | 404700.0 | 0.006127 | 0.016869 |   5.460127 |      6 | 0.959950 | 0.600000 | 0.616667 | 0.486667 | 0.693333 |  -6.125522 |      228 |      185 |       43 |   5.460025 |      6 | 0.922418 | 1.964504
1350 | 404700.0 | 405000.0 | 0.006124 | 0.016868 |   5.460025 |      6 | 0.922418 | 0.600000 | 0.650000 | 0.703333 | 0.653333 |   1.482140 |      238 |      195 |       43 |   5.459719 |      6 | 0.931495 | 1.734664
1351 | 405000.0 | 405300.0 | 0.006121 | 0.016866 |   5.459719 |      6 | 0.931495 | 0.600000 | 0.686667 | 0.613333 | 0.680000 |  -1.976398 |      240 |      206 |       34 |   5.459189 |      6 | 0.919397 | 2.041002
1352 | 405300.0 | 405600.0 | 0.006118 | 0.016864 |   5.459189 |      6 | 0.919397 | 0.600000 | 0.683333 | 0.680000 | 0.660000 |   0.592983 |      242 |      205 |       37 |   5.458679 |      6 | 0.923025 | 1.949135
1353 | 405600.0 | 405900.0 | 0.006115 | 0.016862 |   5.458679 |      6 | 0.923025 | 0.600000 | 0.666667 | 0.670000 | 0.646667 |   0.691887 |      239 |      200 |       39 |   5.458271 |      6 | 0.927256 | 1.841997
1354 | 405900.0 | 406200.0 | 0.006112 | 0.016860 |   5.458271 |      6 | 0.927256 | 0.600000 | 0.700000 | 0.660000 | 0.663333 |  -0.098852 |      243 |      210 |       33 |   5.457660 |      6 | 0.926652 | 1.857297
1355 | 406200.0 | 406500.0 | 0.006109 | 0.016858 |   5.457660 |      6 | 0.926652 | 0.600000 | 0.693333 | 0.656667 | 0.676667 |  -0.593173 |      242 |      208 |       34 |   5.457090 |      6 | 0.923028 | 1.949060
1356 | 406500.0 | 406800.0 | 0.006106 | 0.016857 |   5.457090 |      6 | 0.923028 | 0.600000 | 0.696667 | 0.706667 | 0.683333 |   0.692109 |      243 |      209 |       34 |   5.456499 |      6 | 0.927254 | 1.842043
1357 | 406800.0 | 407100.0 | 0.006103 | 0.016855 |   5.456499 |      6 | 0.927254 | 0.600000 | 0.706667 | 0.706667 | 0.643333 |   1.878782 |      242 |      212 |       30 |   5.455848 |      6 | 0.938722 | 1.551675
1358 | 407100.0 | 407400.0 | 0.006101 | 0.016853 |   5.455848 |      6 | 0.938722 | 0.600000 | 0.706667 | 0.646667 | 0.690000 |  -1.285620 |      243 |      212 |       31 |   5.455198 |      6 | 0.930879 | 1.750274
1359 | 407400.0 | 407700.0 | 0.006098 | 0.016851 |   5.455198 |      6 | 0.930879 | 0.600000 | 0.723333 | 0.683333 | 0.656667 |   0.791235 |      245 |      217 |       28 |   5.454446 |      6 | 0.935703 | 1.628105
1360 | 407700.0 | 408000.0 | 0.006095 | 0.016850 |   5.454446 |      6 | 0.935703 | 0.600000 | 0.683333 | 0.700000 | 0.663333 |   1.088064 |      240 |      205 |       35 |   5.453938 |      6 | 0.942335 | 1.460186
1361 | 408000.0 | 408300.0 | 0.006092 | 0.016848 |   5.453938 |      6 | 0.942335 | 0.600000 | 0.706667 | 0.700000 | 0.713333 |  -0.395702 |      243 |      212 |       31 |   5.453288 |      6 | 0.939924 | 1.521224
1362 | 408300.0 | 408600.0 | 0.006089 | 0.016846 |   5.453288 |      6 | 0.939924 | 0.600000 | 0.710000 | 0.686667 | 0.626667 |   1.780846 |      242 |      213 |       29 |   5.452618 |      6 | 0.950767 | 1.246652
1363 | 408600.0 | 408900.0 | 0.006086 | 0.016844 |   5.452618 |      6 | 0.950767 | 0.600000 | 0.686667 | 0.656667 | 0.686667 |  -0.890518 |      239 |      206 |       33 |   5.452091 |      6 | 0.945348 | 1.383887
1364 | 408900.0 | 409200.0 | 0.006083 | 0.016842 |   5.452091 |      6 | 0.945348 | 0.600000 | 0.710000 | 0.666667 | 0.713333 |  -1.385397 |      242 |      213 |       29 |   5.451422 |      6 | 0.936920 | 1.597284
1365 | 409200.0 | 409500.0 | 0.006080 | 0.016841 |   5.451422 |      6 | 0.936920 | 0.600000 | 0.690000 | 0.646667 | 0.690000 |  -1.286576 |      241 |      207 |       34 |   5.450874 |      6 | 0.929098 | 1.795365
1366 | 409500.0 | 409800.0 | 0.006077 | 0.016839 |   5.450874 |      6 | 0.929098 | 0.600000 | 0.673333 | 0.696667 | 0.643333 |   1.583646 |      240 |      202 |       38 |   5.450429 |      6 | 0.938722 | 1.551664
1367 | 409800.0 | 410100.0 | 0.006074 | 0.016837 |   5.450429 |      6 | 0.938722 | 0.600000 | 0.696667 | 0.650000 | 0.660000 |  -0.296965 |      242 |      209 |       33 |   5.449841 |      6 | 0.936918 | 1.597341
1368 | 410100.0 | 410400.0 | 0.006071 | 0.016835 |   5.449841 |      6 | 0.936918 | 0.600000 | 0.686667 | 0.680000 | 0.633333 |   1.385984 |      241 |      206 |       35 |   5.449315 |      6 | 0.945333 | 1.384261
1369 | 410400.0 | 410700.0 | 0.006069 | 0.016833 |   5.449315 |      6 | 0.945333 | 0.600000 | 0.696667 | 0.690000 | 0.706667 |  -0.495047 |      241 |      209 |       32 |   5.448729 |      6 | 0.942329 | 1.460333
1370 | 410700.0 | 411000.0 | 0.006066 | 0.016832 |   5.448729 |      6 | 0.942329 | 0.600000 | 0.726667 | 0.653333 | 0.686667 |  -0.990198 |      245 |      218 |       27 |   5.447960 |      6 | 0.936323 | 1.612420
1371 | 411000.0 | 411300.0 | 0.006063 | 0.016830 |   5.447960 |      6 | 0.936323 | 0.600000 | 0.673333 | 0.686667 | 0.676667 |   0.297091 |      239 |      202 |       37 |   5.447516 |      6 | 0.938124 | 1.566811
1372 | 411300.0 | 411600.0 | 0.006060 | 0.016828 |   5.447516 |      6 | 0.938124 | 0.600000 | 0.683333 | 0.676667 | 0.713333 |  -1.089448 |      240 |      205 |       35 |   5.447011 |      6 | 0.931522 | 1.733983
1373 | 411600.0 | 411900.0 | 0.006057 | 0.016826 |   5.447011 |      6 | 0.931522 | 0.600000 | 0.680000 | 0.650000 | 0.663333 |  -0.396205 |      241 |      204 |       37 |   5.446526 |      6 | 0.929122 | 1.794750
1374 | 411900.0 | 412200.0 | 0.006054 | 0.016825 |   5.446526 |      6 | 0.929122 | 0.600000 | 0.673333 | 0.696667 | 0.680000 |   0.495308 |      240 |      202 |       38 |   5.446082 |      6 | 0.932121 | 1.718819
1375 | 412200.0 | 412500.0 | 0.006051 | 0.016823 |   5.446082 |      6 | 0.932121 | 0.600000 | 0.706667 | 0.640000 | 0.660000 |  -0.594432 |      242 |      212 |       30 |   5.445437 |      6 | 0.928524 | 1.809903
1376 | 412500.0 | 412800.0 | 0.006048 | 0.016821 |   5.445437 |      6 | 0.928524 | 0.600000 | 0.680000 | 0.680000 | 0.660000 |   0.594495 |      241 |      204 |       37 |   5.444953 |      6 | 0.932119 | 1.718853
1377 | 412800.0 | 413100.0 | 0.006046 | 0.016819 |   5.444953 |      6 | 0.932119 | 0.600000 | 0.650000 | 0.693333 | 0.633333 |   1.783671 |      238 |      195 |       43 |   5.444651 |      6 | 0.942903 | 1.445803
1378 | 413100.0 | 413400.0 | 0.006043 | 0.016817 |   5.444651 |      6 | 0.942903 | 0.600000 | 0.700000 | 0.653333 | 0.666667 |  -0.396413 |      242 |      210 |       33 |   5.444046 |      6 | 0.940507 | 1.506458
1379 | 413400.0 | 413700.0 | 0.006040 | 0.016816 |   5.444046 |      6 | 0.940507 | 0.600000 | 0.726667 | 0.666667 | 0.670000 |  -0.099114 |      244 |      218 |       25 |   5.443281 |      6 | 0.939909 | 1.521617
1380 | 413700.0 | 414000.0 | 0.006037 | 0.016814 |   5.443281 |      6 | 0.939909 | 0.600000 | 0.636667 | 0.650000 | 0.653333 |  -0.099124 |      236 |      191 |       45 |   5.443060 |      6 | 0.939310 | 1.536769
1381 | 414000.0 | 414300.0 | 0.006034 | 0.016812 |   5.443060 |      6 | 0.939310 | 0.600000 | 0.673333 | 0.703333 | 0.650000 |   1.586152 |      239 |      202 |       37 |   5.442617 |      6 | 0.948881 | 1.294416
1382 | 414300.0 | 414600.0 | 0.006031 | 0.016810 |   5.442617 |      6 | 0.948881 | 0.600000 | 0.703333 | 0.683333 | 0.690000 |  -0.198290 |      241 |      211 |       30 |   5.441994 |      6 | 0.947685 | 1.324699
1383 | 414600.0 | 414900.0 | 0.006028 | 0.016809 |   5.441994 |      6 | 0.947685 | 0.600000 | 0.716667 | 0.653333 | 0.666667 |  -0.396621 |      243 |      215 |       28 |   5.441291 |      6 | 0.945294 | 1.385243
1384 | 414900.0 | 415200.0 | 0.006026 | 0.016807 |   5.441291 |      6 | 0.945294 | 0.600000 | 0.670000 | 0.653333 | 0.643333 |   0.297497 |      238 |      201 |       37 |   5.440869 |      6 | 0.947087 | 1.339852
1385 | 415200.0 | 415500.0 | 0.006023 | 0.016805 |   5.440869 |      6 | 0.947087 | 0.600000 | 0.690000 | 0.676667 | 0.690000 |  -0.396704 |      241 |      207 |       34 |   5.440327 |      6 | 0.944698 | 1.400351
1386 | 415500.0 | 415800.0 | 0.006020 | 0.016803 |   5.440327 |      6 | 0.944698 | 0.600000 | 0.680000 | 0.656667 | 0.693333 |  -1.091050 |      240 |      204 |       36 |   5.439845 |      6 | 0.938130 | 1.566663
1387 | 415800.0 | 416100.0 | 0.006017 | 0.016802 |   5.439845 |      6 | 0.938130 | 0.600000 | 0.670000 | 0.693333 | 0.636667 |   1.686344 |      238 |      201 |       37 |   5.439424 |      6 | 0.948276 | 1.309729
1388 | 416100.0 | 416400.0 | 0.006014 | 0.016800 |   5.439424 |      6 | 0.948276 | 0.600000 | 0.716667 | 0.653333 | 0.683333 |  -0.892864 |      243 |      215 |       28 |   5.438723 |      6 | 0.942907 | 1.445703
1389 | 416400.0 | 416700.0 | 0.006011 | 0.016798 |   5.438723 |      6 | 0.942907 | 0.600000 | 0.706667 | 0.653333 | 0.706667 |  -1.587478 |      241 |      212 |       29 |   5.438081 |      6 | 0.933364 | 1.687347
1390 | 416700.0 | 417000.0 | 0.006009 | 0.016796 |   5.438081 |      6 | 0.933364 | 0.600000 | 0.700000 | 0.693333 | 0.676667 |   0.496139 |      243 |      210 |       33 |   5.437481 |      6 | 0.936345 | 1.611861
1391 | 417000.0 | 417300.0 | 0.006006 | 0.016795 |   5.437481 |      6 | 0.936345 | 0.600000 | 0.700000 | 0.650000 | 0.663333 |  -0.396952 |      242 |      210 |       32 |   5.436880 |      6 | 0.933961 | 1.672227
1392 | 417300.0 | 417600.0 | 0.006003 | 0.016793 |   5.436880 |      6 | 0.933961 | 0.600000 | 0.726667 | 0.686667 | 0.643333 |   1.290229 |      245 |      218 |       27 |   5.436120 |      6 | 0.941706 | 1.476107
1393 | 417600.0 | 417900.0 | 0.006000 | 0.016791 |   5.436120 |      6 | 0.941706 | 0.600000 | 0.710000 | 0.686667 | 0.646667 |   1.191105 |      242 |      213 |       29 |   5.435460 |      6 | 0.948853 | 1.295140
1394 | 417900.0 | 418200.0 | 0.005997 | 0.016789 |   5.435460 |      6 | 0.948853 | 0.600000 | 0.713333 | 0.670000 | 0.640000 |   0.893421 |      243 |      214 |       29 |   5.434780 |      6 | 0.954211 | 1.159463
1395 | 418200.0 | 418500.0 | 0.005994 | 0.016788 |   5.434780 |      6 | 0.954211 | 0.600000 | 0.646667 | 0.623333 | 0.643333 |  -0.595676 |      233 |      194 |       40 |   5.434500 |      6 | 0.950640 | 1.249881
1396 | 418500.0 | 418800.0 | 0.005992 | 0.016786 |   5.434500 |      6 | 0.950640 | 0.600000 | 0.686667 | 0.610000 | 0.643333 |  -0.992897 |      240 |      206 |       33 |   5.433981 |      6 | 0.944691 | 1.400523
1397 | 418800.0 | 419100.0 | 0.005989 | 0.016784 |   5.433981 |      6 | 0.944691 | 0.600000 | 0.683333 | 0.700000 | 0.666667 |   0.992999 |      240 |      205 |       35 |   5.433482 |      6 | 0.950638 | 1.249936
1398 | 419100.0 | 419400.0 | 0.005986 | 0.016782 |   5.433482 |      6 | 0.950638 | 0.600000 | 0.680000 | 0.643333 | 0.646667 |  -0.099310 |      238 |      204 |       34 |   5.433003 |      6 | 0.950043 | 1.264989
1399 | 419400.0 | 419700.0 | 0.005983 | 0.016781 |   5.433003 |      6 | 0.950043 | 0.600000 | 0.693333 | 0.656667 | 0.630000 |   0.794564 |      240 |      208 |       32 |   5.432445 |      6 | 0.954797 | 1.144607
1400 | 419700.0 | 420000.0 | 0.005980 | 0.016779 |   5.432445 |      6 | 0.954797 | 0.600000 | 0.676667 | 0.606667 | 0.693333 |  -2.582601 |      238 |      203 |       35 |   5.431986 |      6 | 0.939352 | 1.535706
1401 | 420000.0 | 420300.0 | 0.005978 | 0.016777 |   5.431986 |      6 | 0.939352 | 0.600000 | 0.700000 | 0.680000 | 0.620000 |   1.788139 |      243 |      210 |       33 |   5.431388 |      6 | 0.950041 | 1.265044
1402 | 420300.0 | 420600.0 | 0.005975 | 0.016775 |   5.431388 |      6 | 0.950041 | 0.600000 | 0.703333 | 0.666667 | 0.680000 |  -0.397405 |      240 |      211 |       30 |   5.430771 |      6 | 0.947667 | 1.325169
1403 | 420600.0 | 420900.0 | 0.005972 | 0.016774 |   5.430771 |      6 | 0.947667 | 0.600000 | 0.703333 | 0.680000 | 0.670000 |   0.298085 |      242 |      211 |       30 |   5.430154 |      6 | 0.949447 | 1.280092
1404 | 420900.0 | 421200.0 | 0.005969 | 0.016772 |   5.430154 |      6 | 0.949447 | 0.600000 | 0.693333 | 0.680000 | 0.673333 |   0.198744 |      242 |      208 |       34 |   5.429597 |      6 | 0.950633 | 1.250051
1405 | 421200.0 | 421500.0 | 0.005967 | 0.016770 |   5.429597 |      6 | 0.950633 | 0.600000 | 0.700000 | 0.603333 | 0.683333 |  -2.385171 |      240 |      210 |       30 |   5.429000 |      6 | 0.936402 | 1.610411
1406 | 421500.0 | 421800.0 | 0.005964 | 0.016769 |   5.429000 |      6 | 0.936402 | 0.600000 | 0.660000 | 0.700000 | 0.710000 |  -0.298177 |      239 |      198 |       41 |   5.428642 |      6 | 0.934624 | 1.655440
1407 | 421800.0 | 422100.0 | 0.005961 | 0.016767 |   5.428642 |      6 | 0.934624 | 0.600000 | 0.690000 | 0.706667 | 0.680000 |   0.795221 |      240 |      207 |       34 |   5.428106 |      6 | 0.939364 | 1.535407
1408 | 422100.0 | 422400.0 | 0.005958 | 0.016765 |   5.428106 |      6 | 0.939364 | 0.600000 | 0.680000 | 0.660000 | 0.640000 |   0.596477 |      239 |      204 |       34 |   5.427629 |      6 | 0.942918 | 1.445414
1409 | 422400.0 | 422700.0 | 0.005955 | 0.016763 |   5.427629 |      6 | 0.942918 | 0.600000 | 0.656667 | 0.716667 | 0.696667 |   0.596538 |      239 |      197 |       42 |   5.427291 |      6 | 0.946471 | 1.355454
1410 | 422700.0 | 423000.0 | 0.005953 | 0.016762 |   5.427291 |      6 | 0.946471 | 0.600000 | 0.676667 | 0.663333 | 0.620000 |   1.292632 |      238 |      203 |       35 |   5.426835 |      6 | 0.954165 | 1.160611
1411 | 423000.0 | 423300.0 | 0.005950 | 0.016760 |   5.426835 |      6 | 0.954165 | 0.600000 | 0.673333 | 0.643333 | 0.656667 |  -0.397774 |      238 |      202 |       36 |   5.426399 |      6 | 0.951799 | 1.220541
1412 | 423300.0 | 423600.0 | 0.005947 | 0.016758 |   5.426399 |      6 | 0.951799 | 0.600000 | 0.690000 | 0.640000 | 0.683333 |  -1.292898 |      239 |      207 |       32 |   5.425864 |      6 | 0.944109 | 1.415244
1413 | 423600.0 | 423900.0 | 0.005944 | 0.016757 |   5.425864 |      6 | 0.944109 | 0.600000 | 0.686667 | 0.640000 | 0.686667 |  -1.392494 |      240 |      206 |       34 |   5.425348 |      6 | 0.935832 | 1.624848
1414 | 423900.0 | 424200.0 | 0.005942 | 0.016755 |   5.425348 |      6 | 0.935832 | 0.600000 | 0.686667 | 0.720000 | 0.656667 |   1.890007 |      240 |      206 |       34 |   5.424833 |      6 | 0.947062 | 1.340488
1415 | 424200.0 | 424500.0 | 0.005939 | 0.016753 |   5.424833 |      6 | 0.947062 | 0.600000 | 0.690000 | 0.640000 | 0.723333 |  -2.487107 |      240 |      207 |       34 |   5.424299 |      6 | 0.932291 | 1.714511
1416 | 424500.0 | 424800.0 | 0.005936 | 0.016751 |   5.424299 |      6 | 0.932291 | 0.600000 | 0.676667 | 0.706667 | 0.650000 |   1.691406 |      240 |      203 |       36 |   5.423844 |      6 | 0.942331 | 1.460267
1417 | 424800.0 | 425100.0 | 0.005933 | 0.016750 |   5.423844 |      6 | 0.942331 | 0.600000 | 0.703333 | 0.683333 | 0.686667 |  -0.099505 |      243 |      211 |       32 |   5.423231 |      6 | 0.941741 | 1.475217
1418 | 425100.0 | 425400.0 | 0.005931 | 0.016748 |   5.423231 |      6 | 0.941741 | 0.600000 | 0.683333 | 0.673333 | 0.686667 |  -0.398059 |      240 |      205 |       35 |   5.422736 |      6 | 0.939380 | 1.534996
1419 | 425400.0 | 425700.0 | 0.005928 | 0.016746 |   5.422736 |      6 | 0.939380 | 0.600000 | 0.686667 | 0.740000 | 0.676667 |   1.890974 |      241 |      206 |       35 |   5.422223 |      6 | 0.950590 | 1.251146
1420 | 425700.0 | 426000.0 | 0.005925 | 0.016745 |   5.422223 |      6 | 0.950590 | 0.600000 | 0.693333 | 0.660000 | 0.703333 |  -1.293957 |      239 |      208 |       31 |   5.421670 |      6 | 0.942923 | 1.445290
1421 | 426000.0 | 426300.0 | 0.005923 | 0.016743 |   5.421670 |      6 | 0.942923 | 0.600000 | 0.653333 | 0.710000 | 0.696667 |   0.398181 |      237 |      196 |       41 |   5.421354 |      6 | 0.945281 | 1.385575
1422 | 426300.0 | 426600.0 | 0.005920 | 0.016741 |   5.421354 |      6 | 0.945281 | 0.600000 | 0.706667 | 0.673333 | 0.670000 |   0.099555 |      241 |      212 |       29 |   5.420722 |      6 | 0.945871 | 1.370651
1423 | 426600.0 | 426900.0 | 0.005917 | 0.016739 |   5.420722 |      6 | 0.945871 | 0.600000 | 0.710000 | 0.680000 | 0.643333 |   1.095221 |      243 |      213 |       30 |   5.420071 |      6 | 0.952351 | 1.206553
1424 | 426900.0 | 427200.0 | 0.005914 | 0.016738 |   5.420071 |      6 | 0.952351 | 0.600000 | 0.666667 | 0.656667 | 0.703333 |  -1.394060 |      237 |      200 |       37 |   5.419677 |      6 | 0.944106 | 1.415331
1425 | 427200.0 | 427500.0 | 0.005912 | 0.016736 |   5.419677 |      6 | 0.944106 | 0.600000 | 0.713333 | 0.636667 | 0.653333 |  -0.497929 |      242 |      214 |       28 |   5.419007 |      6 | 0.941162 | 1.489868
1426 | 427500.0 | 427800.0 | 0.005909 | 0.016734 |   5.419007 |      6 | 0.941162 | 0.600000 | 0.723333 | 0.693333 | 0.676667 |   0.497980 |      246 |      217 |       29 |   5.418278 |      6 | 0.944105 | 1.415357
1427 | 427800.0 | 428100.0 | 0.005906 | 0.016733 |   5.418278 |      6 | 0.944105 | 0.600000 | 0.700000 | 0.660000 | 0.650000 |   0.298818 |      241 |      210 |       31 |   5.417688 |      6 | 0.945870 | 1.370667
1428 | 428100.0 | 428400.0 | 0.005904 | 0.016731 |   5.417688 |      6 | 0.945870 | 0.600000 | 0.673333 | 0.633333 | 0.683333 |  -1.494243 |      239 |      202 |       37 |   5.417255 |      6 | 0.937049 | 1.594039
1429 | 428400.0 | 428700.0 | 0.005901 | 0.016729 |   5.417255 |      6 | 0.937049 | 0.600000 | 0.686667 | 0.670000 | 0.666667 |   0.099626 |      240 |      206 |       34 |   5.416743 |      6 | 0.937636 | 1.579153
1430 | 428700.0 | 429000.0 | 0.005898 | 0.016727 |   5.416743 |      6 | 0.937636 | 0.600000 | 0.700000 | 0.650000 | 0.693333 |  -1.295273 |      242 |      210 |       32 |   5.416154 |      6 | 0.929997 | 1.772603
1431 | 429000.0 | 429300.0 | 0.005895 | 0.016726 |   5.416154 |      6 | 0.929997 | 0.600000 | 0.640000 | 0.630000 | 0.633333 |  -0.099646 |      237 |      192 |       45 |   5.415918 |      6 | 0.929409 | 1.787479
1432 | 429300.0 | 429600.0 | 0.005893 | 0.016724 |   5.415918 |      6 | 0.929409 | 0.600000 | 0.710000 | 0.653333 | 0.660000 |  -0.199313 |      243 |      213 |       30 |   5.415270 |      6 | 0.928235 | 1.817219
1433 | 429600.0 | 429900.0 | 0.005890 | 0.016722 |   5.415270 |      6 | 0.928235 | 0.600000 | 0.660000 | 0.656667 | 0.673333 |  -0.498333 |      239 |      198 |       41 |   5.414916 |      6 | 0.925300 | 1.891544
1434 | 429900.0 | 430200.0 | 0.005887 | 0.016721 |   5.414916 |      6 | 0.925300 | 0.600000 | 0.660000 | 0.660000 | 0.633333 |   0.797414 |      239 |      198 |       41 |   5.414563 |      6 | 0.929994 | 1.772667
1435 | 430200.0 | 430500.0 | 0.005885 | 0.016719 |   5.414563 |      6 | 0.929994 | 0.600000 | 0.696667 | 0.663333 | 0.676667 |  -0.398747 |      242 |      209 |       33 |   5.413994 |      6 | 0.927648 | 1.832084
1436 | 430500.0 | 430800.0 | 0.005882 | 0.016717 |   5.413994 |      6 | 0.927648 | 0.600000 | 0.670000 | 0.636667 | 0.666667 |  -0.897272 |      240 |      201 |       39 |   5.413582 |      6 | 0.922370 | 1.965727
1437 | 430800.0 | 431100.0 | 0.005879 | 0.016716 |   5.413582 |      6 | 0.922370 | 0.600000 | 0.686667 | 0.636667 | 0.656667 |  -0.598242 |      241 |      206 |       35 |   5.413073 |      6 | 0.918853 | 2.054790
1438 | 431100.0 | 431400.0 | 0.005877 | 0.016714 |   5.413073 |      6 | 0.918853 | 0.600000 | 0.670000 | 0.646667 | 0.690000 |  -1.296321 |      239 |      201 |       38 |   5.412661 |      6 | 0.911235 | 2.247691
1439 | 431400.0 | 431700.0 | 0.005874 | 0.016712 |   5.412661 |      6 | 0.911235 | 0.600000 | 0.626667 | 0.680000 | 0.640000 |   1.196725 |      237 |      188 |       49 |   5.412505 |      6 | 0.918264 | 2.069691
1440 | 431700.0 | 432000.0 | 0.005871 | 0.016711 |   5.412505 |      6 | 0.918264 | 0.600000 | 0.663333 | 0.690000 | 0.663333 |   0.797897 |      239 |      199 |       40 |   5.412133 |      6 | 0.922949 | 1.951067
1441 | 432000.0 | 432300.0 | 0.005869 | 0.016709 |   5.412133 |      6 | 0.922949 | 0.600000 | 0.663333 | 0.710000 | 0.623333 |   2.593425 |      238 |      199 |       39 |   5.411761 |      6 | 0.938169 | 1.565672
1442 | 432300.0 | 432600.0 | 0.005866 | 0.016707 |   5.411761 |      6 | 0.938169 | 0.600000 | 0.713333 | 0.686667 | 0.706667 |  -0.598543 |      244 |      214 |       30 |   5.411096 |      6 | 0.934658 | 1.654578
1443 | 432600.0 | 432900.0 | 0.005863 | 0.016706 |   5.411096 |      6 | 0.934658 | 0.600000 | 0.700000 | 0.643333 | 0.650000 |  -0.199534 |      243 |      210 |       33 |   5.410510 |      6 | 0.933488 | 1.684203
1444 | 432900.0 | 433200.0 | 0.005861 | 0.016704 |   5.410510 |      6 | 0.933488 | 0.600000 | 0.673333 | 0.660000 | 0.680000 |  -0.598663 |      239 |      202 |       37 |   5.410080 |      6 | 0.929979 | 1.773046
1445 | 433200.0 | 433500.0 | 0.005858 | 0.016702 |   5.410080 |      6 | 0.929979 | 0.600000 | 0.723333 | 0.710000 | 0.666667 |   1.297234 |      244 |      217 |       27 |   5.409358 |      6 | 0.937578 | 1.580621
1446 | 433500.0 | 433800.0 | 0.005855 | 0.016701 |   5.409358 |      6 | 0.937578 | 0.600000 | 0.683333 | 0.716667 | 0.680000 |   1.097770 |      241 |      205 |       36 |   5.408870 |      6 | 0.944006 | 1.417857
1447 | 433800.0 | 434100.0 | 0.005853 | 0.016699 |   5.408870 |      6 | 0.944006 | 0.600000 | 0.723333 | 0.700000 | 0.700000 |   0.000000 |      244 |      217 |       27 |   5.408148 |      6 | 0.944006 | 1.417857
1448 | 434100.0 | 434400.0 | 0.005850 | 0.016697 |   5.408148 |      6 | 0.944006 | 0.600000 | 0.693333 | 0.670000 | 0.690000 |  -0.598903 |      240 |      208 |       32 |   5.407602 |      6 | 0.940503 | 1.506575
1449 | 434400.0 | 434700.0 | 0.005847 | 0.016696 |   5.407602 |      6 | 0.940503 | 0.600000 | 0.663333 | 0.663333 | 0.650000 |   0.399309 |      239 |      199 |       40 |   5.407232 |      6 | 0.942838 | 1.447450
1450 | 434700.0 | 435000.0 | 0.005845 | 0.016694 |   5.407232 |      6 | 0.942838 | 0.600000 | 0.696667 | 0.690000 | 0.670000 |   0.599023 |      242 |      209 |       33 |   5.406667 |      6 | 0.946339 | 1.358795
1451 | 435000.0 | 435300.0 | 0.005842 | 0.016692 |   5.406667 |      6 | 0.946339 | 0.600000 | 0.703333 | 0.650000 | 0.680000 |  -0.898625 |      240 |      211 |       29 |   5.406063 |      6 | 0.941089 | 1.491731
1452 | 435300.0 | 435600.0 | 0.005840 | 0.016691 |   5.406063 |      6 | 0.941089 | 0.600000 | 0.720000 | 0.703333 | 0.696667 |   0.199714 |      245 |      216 |       29 |   5.405362 |      6 | 0.942255 | 1.462200
1453 | 435600.0 | 435900.0 | 0.005837 | 0.016689 |   5.405362 |      6 | 0.942255 | 0.600000 | 0.703333 | 0.673333 | 0.646667 |   0.798937 |      241 |      211 |       30 |   5.404759 |      6 | 0.946918 | 1.344118
1454 | 435900.0 | 436200.0 | 0.005834 | 0.016687 |   5.404759 |      6 | 0.946918 | 0.600000 | 0.660000 | 0.653333 | 0.663333 |  -0.299631 |      238 |      198 |       40 |   5.404409 |      6 | 0.945170 | 1.388383
1455 | 436200.0 | 436500.0 | 0.005832 | 0.016686 |   5.404409 |      6 | 0.945170 | 0.600000 | 0.713333 | 0.703333 | 0.670000 |   0.998871 |      243 |      214 |       29 |   5.403748 |      6 | 0.950995 | 1.240883
1456 | 436500.0 | 436800.0 | 0.005829 | 0.016684 |   5.403748 |      6 | 0.950995 | 0.600000 | 0.673333 | 0.700000 | 0.646667 |   1.598352 |      236 |      202 |       34 |   5.403321 |      6 | 0.960312 | 1.004967
1457 | 436800.0 | 437100.0 | 0.005826 | 0.016682 |   5.403321 |      6 | 0.960312 | 0.600000 | 0.666667 | 0.500000 | 0.693333 |  -5.794604 |      232 |      200 |       34 |   5.402932 |      6 | 0.926551 | 1.859866
1458 | 437100.0 | 437400.0 | 0.005824 | 0.016681 |   5.402932 |      6 | 0.926551 | 0.600000 | 0.646667 | 0.656667 | 0.670000 |  -0.399668 |      237 |      194 |       41 |   5.402660 |      6 | 0.924223 | 1.918804
1459 | 437400.0 | 437700.0 | 0.005821 | 0.016679 |   5.402660 |      6 | 0.924223 | 0.600000 | 0.673333 | 0.620000 | 0.640000 |  -0.599561 |      240 |      202 |       38 |   5.402234 |      6 | 0.920733 | 2.007180
1460 | 437700.0 | 438000.0 | 0.005819 | 0.016677 |   5.402234 |      6 | 0.920733 | 0.600000 | 0.696667 | 0.660000 | 0.690000 |  -0.899431 |      242 |      209 |       33 |   5.401671 |      6 | 0.915500 | 2.139697
1461 | 438000.0 | 438300.0 | 0.005816 | 0.016676 |   5.401671 |      6 | 0.915500 | 0.600000 | 0.743333 | 0.650000 | 0.673333 |  -0.699627 |      247 |      223 |       24 |   5.400838 |      6 | 0.911431 | 2.242731
1462 | 438300.0 | 438600.0 | 0.005813 | 0.016674 |   5.400838 |      6 | 0.911431 | 0.600000 | 0.633333 | 0.660000 | 0.636667 |   0.699696 |      236 |      190 |       46 |   5.400644 |      6 | 0.915498 | 2.139733
1463 | 438600.0 | 438900.0 | 0.005811 | 0.016672 |   5.400644 |      6 | 0.915498 | 0.600000 | 0.666667 | 0.663333 | 0.676667 |  -0.399866 |      239 |      200 |       39 |   5.400256 |      6 | 0.913175 | 2.198568
1464 | 438900.0 | 439200.0 | 0.005808 | 0.016671 |   5.400256 |      6 | 0.913175 | 0.600000 | 0.676667 | 0.640000 | 0.670000 |  -0.899788 |      241 |      203 |       38 |   5.399811 |      6 | 0.907949 | 2.330901
1465 | 439200.0 | 439500.0 | 0.005806 | 0.016669 |   5.399811 |      6 | 0.907949 | 0.600000 | 0.666667 | 0.683333 | 0.593333 |   2.699631 |      240 |      200 |       40 |   5.399424 |      6 | 0.923621 | 1.934041
1466 | 439500.0 | 439800.0 | 0.005803 | 0.016667 |   5.399424 |      6 | 0.923621 | 0.600000 | 0.676667 | 0.683333 | 0.660000 |   0.699974 |      240 |      203 |       37 |   5.398979 |      6 | 0.927683 | 1.831187
1467 | 439800.0 | 440100.0 | 0.005800 | 0.016666 |   5.398979 |      6 | 0.927683 | 0.600000 | 0.703333 | 0.716667 | 0.676667 |   1.200073 |      242 |      211 |       31 |   5.398380 |      6 | 0.934644 | 1.654928
1468 | 440100.0 | 440400.0 | 0.005798 | 0.016664 |   5.398380 |      6 | 0.934644 | 0.600000 | 0.693333 | 0.673333 | 0.680000 |  -0.200032 |      242 |      208 |       34 |   5.397839 |      6 | 0.933484 | 1.684294
1469 | 440400.0 | 440700.0 | 0.005795 | 0.016662 |   5.397839 |      6 | 0.933484 | 0.600000 | 0.676667 | 0.666667 | 0.646667 |   0.600155 |      241 |      203 |       38 |   5.397394 |      6 | 0.936962 | 1.596225
1470 | 440700.0 | 441000.0 | 0.005793 | 0.016661 |   5.397394 |      6 | 0.936962 | 0.600000 | 0.663333 | 0.653333 | 0.653333 |   0.000000 |      237 |      199 |       38 |   5.397028 |      6 | 0.936962 | 1.596225
1471 | 441000.0 | 441300.0 | 0.005790 | 0.016659 |   5.397028 |      6 | 0.936962 | 0.600000 | 0.710000 | 0.690000 | 0.646667 |   1.300593 |      244 |      213 |       31 |   5.396391 |      6 | 0.944493 | 1.405543
1472 | 441300.0 | 441600.0 | 0.005787 | 0.016657 |   5.396391 |      6 | 0.944493 | 0.600000 | 0.743333 | 0.683333 | 0.626667 |   1.700943 |      245 |      223 |       22 |   5.395561 |      6 | 0.954337 | 1.156275
1473 | 441600.0 | 441900.0 | 0.005785 | 0.016656 |   5.395561 |      6 | 0.954337 | 0.600000 | 0.650000 | 0.593333 | 0.703333 |  -3.302157 |      234 |      195 |       39 |   5.395272 |      6 | 0.935234 | 1.639980
1474 | 441900.0 | 442200.0 | 0.005782 | 0.016654 |   5.395272 |      6 | 0.935234 | 0.600000 | 0.693333 | 0.670000 | 0.710000 |  -1.200902 |      242 |      208 |       34 |   5.394732 |      6 | 0.928290 | 1.815812
1475 | 442200.0 | 442500.0 | 0.005780 | 0.016653 |   5.394732 |      6 | 0.928290 | 0.600000 | 0.706667 | 0.676667 | 0.660000 |   0.500425 |      243 |      212 |       31 |   5.394116 |      6 | 0.931183 | 1.742574
1476 | 442500.0 | 442800.0 | 0.005777 | 0.016651 |   5.394116 |      6 | 0.931183 | 0.600000 | 0.720000 | 0.680000 | 0.660000 |   0.600569 |      244 |      216 |       28 |   5.393422 |      6 | 0.934652 | 1.654719
1477 | 442800.0 | 443100.0 | 0.005775 | 0.016649 |   5.393422 |      6 | 0.934652 | 0.600000 | 0.710000 | 0.690000 | 0.676667 |   0.400419 |      243 |      213 |       30 |   5.392787 |      6 | 0.936964 | 1.596169
1478 | 443100.0 | 443400.0 | 0.005772 | 0.016648 |   5.392787 |      6 | 0.936964 | 0.600000 | 0.633333 | 0.653333 | 0.683333 |  -0.901031 |      235 |      190 |       45 |   5.392595 |      6 | 0.931764 | 1.727861
1479 | 443400.0 | 443700.0 | 0.005769 | 0.016646 |   5.392595 |      6 | 0.931764 | 0.600000 | 0.670000 | 0.643333 | 0.656667 |  -0.400498 |      240 |      201 |       39 |   5.392191 |      6 | 0.929453 | 1.786370
1480 | 443700.0 | 444000.0 | 0.005767 | 0.016644 |   5.392191 |      6 | 0.929453 | 0.600000 | 0.686667 | 0.706667 | 0.650000 |   1.702282 |      240 |      206 |       34 |   5.391691 |      6 | 0.939270 | 1.537791
1481 | 444000.0 | 444300.0 | 0.005764 | 0.016643 |   5.391691 |      6 | 0.939270 | 0.600000 | 0.703333 | 0.643333 | 0.643333 |   0.000000 |      244 |      211 |       33 |   5.391096 |      6 | 0.939270 | 1.537791
1482 | 444300.0 | 444600.0 | 0.005762 | 0.016641 |   5.391096 |      6 | 0.939270 | 0.600000 | 0.680000 | 0.710000 | 0.676667 |   1.001538 |      240 |      204 |       36 |   5.390635 |      6 | 0.945041 | 1.391669
1483 | 444600.0 | 444900.0 | 0.005759 | 0.016639 |   5.390635 |      6 | 0.945041 | 0.600000 | 0.686667 | 0.676667 | 0.690000 |  -0.400655 |      240 |      206 |       34 |   5.390135 |      6 | 0.942733 | 1.450098
1484 | 444900.0 | 445200.0 | 0.005757 | 0.016638 |   5.390135 |      6 | 0.942733 | 0.600000 | 0.666667 | 0.646667 | 0.673333 |  -0.801387 |      238 |      200 |       38 |   5.389752 |      6 | 0.938120 | 1.566915
1485 | 445200.0 | 445500.0 | 0.005754 | 0.016636 |   5.389752 |      6 | 0.938120 | 0.600000 | 0.666667 | 0.683333 | 0.663333 |   0.601099 |      238 |      200 |       38 |   5.389368 |      6 | 0.941579 | 1.479332
1486 | 445500.0 | 445800.0 | 0.005752 | 0.016635 |   5.389368 |      6 | 0.941579 | 0.600000 | 0.646667 | 0.680000 | 0.640000 |   1.202316 |      238 |      194 |       44 |   5.389100 |      6 | 0.948494 | 1.304227
1487 | 445800.0 | 446100.0 | 0.005749 | 0.016633 |   5.389100 |      6 | 0.948494 | 0.600000 | 0.713333 | 0.693333 | 0.676667 |   0.501014 |      241 |      214 |       27 |   5.388448 |      6 | 0.951374 | 1.231291
1488 | 446100.0 | 446400.0 | 0.005747 | 0.016631 |   5.388448 |      6 | 0.951374 | 0.600000 | 0.713333 | 0.670000 | 0.660000 |   0.300638 |      242 |      214 |       28 |   5.387797 |      6 | 0.953102 | 1.187545
1489 | 446400.0 | 446700.0 | 0.005744 | 0.016630 |   5.387797 |      6 | 0.953102 | 0.600000 | 0.713333 | 0.636667 | 0.656667 |  -0.601334 |      241 |      214 |       27 |   5.387146 |      6 | 0.949648 | 1.275007
1490 | 446700.0 | 447000.0 | 0.005741 | 0.016628 |   5.387146 |      6 | 0.949648 | 0.600000 | 0.696667 | 0.666667 | 0.676667 |  -0.300696 |      242 |      209 |       33 |   5.386591 |      6 | 0.947921 | 1.318724
1491 | 447000.0 | 447300.0 | 0.005739 | 0.016626 |   5.386591 |      6 | 0.947921 | 0.600000 | 0.716667 | 0.660000 | 0.670000 |  -0.300726 |      241 |      215 |       26 |   5.385921 |      6 | 0.946195 | 1.362425
1492 | 447300.0 | 447600.0 | 0.005736 | 0.016625 |   5.385921 |      6 | 0.946195 | 0.600000 | 0.723333 | 0.680000 | 0.720000 |  -1.203019 |      245 |      217 |       28 |   5.385214 |      6 | 0.939294 | 1.537170
1493 | 447600.0 | 447900.0 | 0.005734 | 0.016623 |   5.385214 |      6 | 0.939294 | 0.600000 | 0.650000 | 0.683333 | 0.670000 |   0.401045 |      236 |      195 |       41 |   5.384927 |      6 | 0.941594 | 1.478942
1494 | 447900.0 | 448200.0 | 0.005731 | 0.016622 |   5.384927 |      6 | 0.941594 | 0.600000 | 0.683333 | 0.686667 | 0.673333 |   0.401084 |      240 |      205 |       35 |   5.384450 |      6 | 0.943893 | 1.420733
1495 | 448200.0 | 448500.0 | 0.005729 | 0.016620 |   5.384450 |      6 | 0.943893 | 0.600000 | 0.686667 | 0.670000 | 0.680000 |  -0.300843 |      241 |      206 |       35 |   5.383953 |      6 | 0.942169 | 1.464375
1496 | 448500.0 | 448800.0 | 0.005726 | 0.016618 |   5.383953 |      6 | 0.942169 | 0.600000 | 0.696667 | 0.656667 | 0.680000 |  -0.702034 |      242 |      209 |       33 |   5.383399 |      6 | 0.938149 | 1.566170
1497 | 448800.0 | 449100.0 | 0.005724 | 0.016617 |   5.383399 |      6 | 0.938149 | 0.600000 | 0.653333 | 0.653333 | 0.646667 |   0.200601 |      237 |      196 |       41 |   5.383094 |      6 | 0.939297 | 1.537096
1498 | 449100.0 | 449400.0 | 0.005721 | 0.016615 |   5.383094 |      6 | 0.939297 | 0.600000 | 0.696667 | 0.646667 | 0.653333 |  -0.200620 |      241 |      209 |       32 |   5.382541 |      6 | 0.938150 | 1.566160
1499 | 449400.0 | 449700.0 | 0.005719 | 0.016614 |   5.382541 |      6 | 0.938150 | 0.600000 | 0.673333 | 0.706667 | 0.680000 |   0.802558 |      239 |      202 |       37 |   5.382122 |      6 | 0.942739 | 1.449942
1500 | 449700.0 | 450000.0 | 0.005716 | 0.016612 |   5.382122 |      6 | 0.942739 | 0.600000 | 0.666667 | 0.690000 | 0.643333 |   1.404613 |      239 |      200 |       39 |   5.381741 |      6 | 0.950768 | 1.246628
1501 | 450000.0 | 450300.0 | 0.005714 | 0.016610 |   5.381741 |      6 | 0.950768 | 0.600000 | 0.653333 | 0.663333 | 0.670000 |  -0.200678 |      236 |      196 |       40 |   5.381436 |      6 | 0.949622 | 1.275663
1502 | 450300.0 | 450600.0 | 0.005711 | 0.016609 |   5.381436 |      6 | 0.949622 | 0.600000 | 0.700000 | 0.666667 | 0.693333 |  -0.802791 |      241 |      210 |       32 |   5.380865 |      6 | 0.945037 | 1.391763
1503 | 450600.0 | 450900.0 | 0.005709 | 0.016607 |   5.380865 |      6 | 0.945037 | 0.600000 | 0.673333 | 0.726667 | 0.666667 |   1.806454 |      239 |      202 |       36 |   5.380446 |      6 | 0.955350 | 1.130627
1504 | 450900.0 | 451200.0 | 0.005706 | 0.016606 |   5.380446 |      6 | 0.955350 | 0.600000 | 0.710000 | 0.613333 | 0.706667 |  -2.810311 |      241 |      213 |       28 |   5.379818 |      6 | 0.939313 | 1.536701
1505 | 451200.0 | 451500.0 | 0.005704 | 0.016604 |   5.379818 |      6 | 0.939313 | 0.600000 | 0.713333 | 0.660000 | 0.680000 |  -0.602268 |      243 |      214 |       29 |   5.379172 |      6 | 0.935878 | 1.623687
1506 | 451500.0 | 451800.0 | 0.005701 | 0.016602 |   5.379172 |      6 | 0.935878 | 0.600000 | 0.673333 | 0.686667 | 0.690000 |  -0.100388 |      240 |      202 |       38 |   5.378754 |      6 | 0.935305 | 1.638179
1507 | 451800.0 | 452100.0 | 0.005699 | 0.016601 |   5.378754 |      6 | 0.935305 | 0.600000 | 0.666667 | 0.656667 | 0.683333 |  -0.803178 |      238 |      200 |       38 |   5.378374 |      6 | 0.930728 | 1.754082
1508 | 452100.0 | 452400.0 | 0.005696 | 0.016599 |   5.378374 |      6 | 0.930728 | 0.600000 | 0.676667 | 0.696667 | 0.656667 |   1.204884 |      241 |      203 |       38 |   5.377937 |      6 | 0.937592 | 1.580287
1509 | 452400.0 | 452700.0 | 0.005694 | 0.016598 |   5.377937 |      6 | 0.937592 | 0.600000 | 0.673333 | 0.706667 | 0.636667 |   2.108749 |      240 |      202 |       38 |   5.377520 |      6 | 0.949599 | 1.276248
1510 | 452700.0 | 453000.0 | 0.005691 | 0.016596 |   5.377520 |      6 | 0.949599 | 0.600000 | 0.683333 | 0.626667 | 0.673333 |  -1.405968 |      238 |      205 |       33 |   5.377045 |      6 | 0.941597 | 1.478872
1511 | 453000.0 | 453300.0 | 0.005689 | 0.016594 |   5.377045 |      6 | 0.941597 | 0.600000 | 0.706667 | 0.660000 | 0.650000 |   0.301308 |      242 |      212 |       30 |   5.376439 |      6 | 0.943311 | 1.435467
1512 | 453300.0 | 453600.0 | 0.005686 | 0.016593 |   5.376439 |      6 | 0.943311 | 0.600000 | 0.653333 | 0.646667 | 0.696667 |  -1.506684 |      237 |      196 |       41 |   5.376135 |      6 | 0.934743 | 1.652417
1513 | 453600.0 | 453900.0 | 0.005684 | 0.016591 |   5.376135 |      6 | 0.934743 | 0.600000 | 0.720000 | 0.660000 | 0.726667 |  -2.009105 |      244 |      216 |       28 |   5.375453 |      6 | 0.923323 | 1.941586
1514 | 453900.0 | 454200.0 | 0.005682 | 0.016590 |   5.375453 |      6 | 0.923323 | 0.600000 | 0.680000 | 0.710000 | 0.640000 |   2.109762 |      240 |      204 |       36 |   5.374999 |      6 | 0.935310 | 1.638062
1515 | 454200.0 | 454500.0 | 0.005679 | 0.016588 |   5.374999 |      6 | 0.935310 | 0.600000 | 0.733333 | 0.690000 | 0.673333 |   0.502373 |      246 |      220 |       26 |   5.374241 |      6 | 0.938163 | 1.565818
1516 | 454500.0 | 454800.0 | 0.005677 | 0.016586 |   5.374241 |      6 | 0.938163 | 0.600000 | 0.700000 | 0.653333 | 0.650000 |   0.100484 |      242 |      210 |       32 |   5.373674 |      6 | 0.938733 | 1.551374
1517 | 454800.0 | 455100.0 | 0.005674 | 0.016585 |   5.373674 |      6 | 0.938733 | 0.600000 | 0.686667 | 0.660000 | 0.680000 |  -0.602963 |      240 |      206 |       34 |   5.373182 |      6 | 0.935312 | 1.638008
1518 | 455100.0 | 455400.0 | 0.005672 | 0.016583 |   5.373182 |      6 | 0.935312 | 0.600000 | 0.743333 | 0.720000 | 0.676667 |   1.306544 |      247 |      223 |       24 |   5.372369 |      6 | 0.942722 | 1.450365
1519 | 455400.0 | 455700.0 | 0.005669 | 0.016582 |   5.372369 |      6 | 0.942722 | 0.600000 | 0.683333 | 0.710000 | 0.643333 |   2.010260 |      239 |      205 |       34 |   5.371897 |      6 | 0.954119 | 1.161781
1520 | 455700.0 | 456000.0 | 0.005667 | 0.016580 |   5.371897 |      6 | 0.954119 | 0.600000 | 0.643333 | 0.613333 | 0.683333 |  -2.110975 |      235 |      193 |       42 |   5.371651 |      6 | 0.942157 | 1.464692
1521 | 456000.0 | 456300.0 | 0.005664 | 0.016578 |   5.371651 |      6 | 0.942157 | 0.600000 | 0.686667 | 0.690000 | 0.693333 |  -0.100532 |      240 |      206 |       34 |   5.371160 |      6 | 0.941587 | 1.479112
1522 | 456300.0 | 456600.0 | 0.005662 | 0.016577 |   5.371160 |      6 | 0.941587 | 0.600000 | 0.666667 | 0.693333 | 0.666667 |   0.804334 |      239 |      200 |       40 |   5.370783 |      6 | 0.946141 | 1.363795
1523 | 456600.0 | 456900.0 | 0.005659 | 0.016575 |   5.370783 |      6 | 0.946141 | 0.600000 | 0.686667 | 0.706667 | 0.643333 |   1.910476 |      240 |      206 |       33 |   5.370292 |      6 | 0.956954 | 1.090008
1524 | 456900.0 | 457200.0 | 0.005657 | 0.016574 |   5.370292 |      6 | 0.956954 | 0.600000 | 0.650000 | 0.596667 | 0.680000 |  -2.514024 |      234 |      195 |       39 |   5.370009 |      6 | 0.942732 | 1.450132
1525 | 457200.0 | 457500.0 | 0.005655 | 0.016572 |   5.370009 |      6 | 0.942732 | 0.600000 | 0.626667 | 0.656667 | 0.670000 |  -0.402282 |      234 |      188 |       46 |   5.369859 |      6 | 0.940457 | 1.507733
1526 | 457500.0 | 457800.0 | 0.005652 | 0.016571 |   5.369859 |      6 | 0.940457 | 0.600000 | 0.690000 | 0.663333 | 0.646667 |   0.502901 |      241 |      207 |       34 |   5.369350 |      6 | 0.943299 | 1.435756
1527 | 457800.0 | 458100.0 | 0.005650 | 0.016569 |   5.369350 |      6 | 0.943299 | 0.600000 | 0.693333 | 0.693333 | 0.693333 |   0.000000 |      240 |      208 |       32 |   5.368823 |      6 | 0.943299 | 1.435756
1528 | 458100.0 | 458400.0 | 0.005647 | 0.016567 |   5.368823 |      6 | 0.943299 | 0.600000 | 0.676667 | 0.716667 | 0.673333 |   1.307790 |      240 |      203 |       37 |   5.368390 |      6 | 0.950685 | 1.248743
1529 | 458400.0 | 458700.0 | 0.005645 | 0.016566 |   5.368390 |      6 | 0.950685 | 0.600000 | 0.690000 | 0.646667 | 0.626667 |   0.603653 |      240 |      207 |       33 |   5.367882 |      6 | 0.954092 | 1.162458
1530 | 458700.0 | 459000.0 | 0.005642 | 0.016564 |   5.367882 |      6 | 0.954092 | 0.600000 | 0.733333 | 0.603333 | 0.726667 |  -3.722880 |      243 |      220 |       23 |   5.367129 |      6 | 0.933086 | 1.694371
1531 | 459000.0 | 459300.0 | 0.005640 | 0.016563 |   5.367129 |      6 | 0.933086 | 0.600000 | 0.723333 | 0.690000 | 0.673333 |   0.503140 |      244 |      217 |       27 |   5.366434 |      6 | 0.935924 | 1.622515
1532 | 459300.0 | 459600.0 | 0.005638 | 0.016561 |   5.366434 |      6 | 0.935924 | 0.600000 | 0.706667 | 0.706667 | 0.636667 |   2.113387 |      243 |      212 |       31 |   5.365832 |      6 | 0.947838 | 1.320820
1533 | 459600.0 | 459900.0 | 0.005635 | 0.016560 |   5.365832 |      6 | 0.947838 | 0.600000 | 0.700000 | 0.696667 | 0.670000 |   0.805176 |      241 |      210 |       31 |   5.365269 |      6 | 0.952376 | 1.205927
1534 | 459900.0 | 460200.0 | 0.005633 | 0.016558 |   5.365269 |      6 | 0.952376 | 0.600000 | 0.713333 | 0.650000 | 0.680000 |  -0.905909 |      241 |      214 |       27 |   5.364630 |      6 | 0.947273 | 1.335138
1535 | 460200.0 | 460500.0 | 0.005630 | 0.016556 |   5.364630 |      6 | 0.947273 | 0.600000 | 0.716667 | 0.626667 | 0.690000 |  -1.912655 |      244 |      215 |       29 |   5.363974 |      6 | 0.936504 | 1.607827
1536 | 460500.0 | 460800.0 | 0.005628 | 0.016555 |   5.363974 |      6 | 0.936504 | 0.600000 | 0.640000 | 0.690000 | 0.660000 |   0.906080 |      236 |      192 |       44 |   5.363748 |      6 | 0.941603 | 1.478702
1537 | 460800.0 | 461100.0 | 0.005626 | 0.016553 |   5.363748 |      6 | 0.941603 | 0.600000 | 0.703333 | 0.686667 | 0.643333 |   1.308907 |      241 |      211 |       30 |   5.363167 |      6 | 0.948967 | 1.292250
1538 | 461100.0 | 461400.0 | 0.005623 | 0.016552 |   5.363167 |      6 | 0.948967 | 0.600000 | 0.713333 | 0.693333 | 0.643333 |   1.510419 |      243 |      214 |       29 |   5.362530 |      6 | 0.957460 | 1.077184
1539 | 461400.0 | 461700.0 | 0.005621 | 0.016550 |   5.362530 |      6 | 0.957460 | 0.600000 | 0.656667 | 0.563333 | 0.646667 |  -2.517604 |      235 |      197 |       38 |   5.362211 |      6 | 0.943309 | 1.435508
1540 | 461700.0 | 462000.0 | 0.005618 | 0.016549 |   5.362211 |      6 | 0.943309 | 0.600000 | 0.683333 | 0.673333 | 0.670000 |   0.100714 |      240 |      205 |       35 |   5.361743 |      6 | 0.943875 | 1.421179
1541 | 462000.0 | 462300.0 | 0.005616 | 0.016547 |   5.361743 |      6 | 0.943875 | 0.600000 | 0.660000 | 0.686667 | 0.700000 |  -0.402893 |      237 |      198 |       39 |   5.361406 |      6 | 0.941612 | 1.478473
1542 | 462300.0 | 462600.0 | 0.005614 | 0.016545 |   5.361406 |      6 | 0.941612 | 0.600000 | 0.723333 | 0.716667 | 0.713333 |   0.100733 |      244 |      217 |       27 |   5.360714 |      6 | 0.942178 | 1.464154
1543 | 462600.0 | 462900.0 | 0.005611 | 0.016544 |   5.360714 |      6 | 0.942178 | 0.600000 | 0.690000 | 0.633333 | 0.673333 |  -1.208906 |      241 |      207 |       34 |   5.360209 |      6 | 0.935395 | 1.635921
1544 | 462900.0 | 463200.0 | 0.005609 | 0.016542 |   5.360209 |      6 | 0.935395 | 0.600000 | 0.710000 | 0.723333 | 0.650000 |   2.216535 |      243 |      213 |       30 |   5.359592 |      6 | 0.947827 | 1.321120
1545 | 463200.0 | 463500.0 | 0.005606 | 0.016541 |   5.359592 |      6 | 0.947827 | 0.600000 | 0.676667 | 0.660000 | 0.720000 |  -1.813700 |      239 |      203 |       36 |   5.359162 |      6 | 0.937658 | 1.578599
1546 | 463500.0 | 463800.0 | 0.005604 | 0.016539 |   5.359162 |      6 | 0.937658 | 0.600000 | 0.696667 | 0.693333 | 0.700000 |  -0.201541 |      241 |      209 |       32 |   5.358620 |      6 | 0.936529 | 1.607198
1547 | 463800.0 | 464100.0 | 0.005602 | 0.016538 |   5.358620 |      6 | 0.936529 | 0.600000 | 0.726667 | 0.680000 | 0.673333 |   0.201560 |      244 |      218 |       26 |   5.357911 |      6 | 0.937658 | 1.578609
1548 | 464100.0 | 464400.0 | 0.005599 | 0.016536 |   5.357911 |      6 | 0.937658 | 0.600000 | 0.670000 | 0.653333 | 0.666667 |  -0.403158 |      240 |      201 |       39 |   5.357519 |      6 | 0.935401 | 1.635769
1549 | 464400.0 | 464700.0 | 0.005597 | 0.016535 |   5.357519 |      6 | 0.935401 | 0.600000 | 0.653333 | 0.700000 | 0.693333 |   0.201598 |      237 |      196 |       41 |   5.357220 |      6 | 0.936529 | 1.607198
1550 | 464700.0 | 465000.0 | 0.005594 | 0.016533 |   5.357220 |      6 | 0.936529 | 0.600000 | 0.706667 | 0.650000 | 0.673333 |  -0.705659 |      243 |      212 |       31 |   5.356624 |      6 | 0.932581 | 1.707164
1551 | 465000.0 | 465300.0 | 0.005592 | 0.016531 |   5.356624 |      6 | 0.932581 | 0.600000 | 0.666667 | 0.680000 | 0.666667 |   0.403271 |      240 |      200 |       40 |   5.356251 |      6 | 0.934836 | 1.650060
1552 | 465300.0 | 465600.0 | 0.005590 | 0.016530 |   5.356251 |      6 | 0.934836 | 0.600000 | 0.710000 | 0.670000 | 0.663333 |   0.201655 |      243 |      213 |       30 |   5.355636 |      6 | 0.935963 | 1.621517
1553 | 465600.0 | 465900.0 | 0.005587 | 0.016528 |   5.355636 |      6 | 0.935963 | 0.600000 | 0.693333 | 0.683333 | 0.650000 |   1.008367 |      242 |      208 |       34 |   5.355114 |      6 | 0.941598 | 1.478851
1554 | 465900.0 | 466200.0 | 0.005585 | 0.016527 |   5.355114 |      6 | 0.941598 | 0.600000 | 0.706667 | 0.676667 | 0.666667 |   0.302539 |      242 |      212 |       30 |   5.354519 |      6 | 0.943287 | 1.436065
1555 | 466200.0 | 466500.0 | 0.005583 | 0.016525 |   5.354519 |      6 | 0.943287 | 0.600000 | 0.700000 | 0.683333 | 0.653333 |   0.907700 |      242 |      210 |       32 |   5.353960 |      6 | 0.948355 | 1.307750
1556 | 466500.0 | 466800.0 | 0.005580 | 0.016524 |   5.353960 |      6 | 0.948355 | 0.600000 | 0.723333 | 0.733333 | 0.676667 |   1.714705 |      243 |      217 |       26 |   5.353272 |      6 | 0.957923 | 1.065457
1557 | 466800.0 | 467100.0 | 0.005578 | 0.016522 |   5.353272 |      6 | 0.957923 | 0.600000 | 0.736667 | 0.560000 | 0.650000 |  -2.723610 |      244 |      221 |       23 |   5.352510 |      6 | 0.942731 | 1.450149
1558 | 467100.0 | 467400.0 | 0.005576 | 0.016521 |   5.352510 |      6 | 0.942731 | 0.600000 | 0.686667 | 0.680000 | 0.680000 |   0.000000 |      239 |      206 |       33 |   5.352027 |      6 | 0.942731 | 1.450149
1559 | 467400.0 | 467700.0 | 0.005573 | 0.016519 |   5.352027 |      6 | 0.942731 | 0.600000 | 0.670000 | 0.686667 | 0.676667 |   0.302680 |      240 |      201 |       39 |   5.351637 |      6 | 0.944418 | 1.407433
1560 | 467700.0 | 468000.0 | 0.005571 | 0.016518 |   5.351637 |      6 | 0.944418 | 0.600000 | 0.696667 | 0.730000 | 0.656667 |   2.219859 |      240 |      209 |       31 |   5.351098 |      6 | 0.956785 | 1.094290
1561 | 468000.0 | 468300.0 | 0.005569 | 0.016516 |   5.351098 |      6 | 0.956785 | 0.600000 | 0.666667 | 0.603333 | 0.700000 |  -2.926450 |      236 |      200 |       36 |   5.350727 |      6 | 0.940488 | 1.506934
1562 | 468300.0 | 468600.0 | 0.005566 | 0.016514 |   5.350727 |      6 | 0.940488 | 0.600000 | 0.673333 | 0.676667 | 0.673333 |   0.100921 |      240 |      202 |       39 |   5.350319 |      6 | 0.941050 | 1.492710
1563 | 468600.0 | 468900.0 | 0.005564 | 0.016513 |   5.350319 |      6 | 0.941050 | 0.600000 | 0.713333 | 0.680000 | 0.683333 |  -0.100931 |      244 |      214 |       29 |   5.349688 |      6 | 0.940489 | 1.506930
1564 | 468900.0 | 469200.0 | 0.005562 | 0.016511 |   5.349688 |      6 | 0.940489 | 0.600000 | 0.726667 | 0.653333 | 0.680000 |  -0.807522 |      244 |      218 |       26 |   5.348984 |      6 | 0.935998 | 1.620650
1565 | 469200.0 | 469500.0 | 0.005559 | 0.016510 |   5.348984 |      6 | 0.935998 | 0.600000 | 0.690000 | 0.663333 | 0.703333 |  -1.211395 |      241 |      207 |       34 |   5.348483 |      6 | 0.929263 | 1.791176
1566 | 469500.0 | 469800.0 | 0.005557 | 0.016508 |   5.348483 |      6 | 0.929263 | 0.600000 | 0.683333 | 0.680000 | 0.596667 |   2.523974 |      241 |      205 |       36 |   5.348020 |      6 | 0.943289 | 1.436031
1567 | 469800.0 | 470100.0 | 0.005555 | 0.016507 |   5.348020 |      6 | 0.943289 | 0.600000 | 0.703333 | 0.670000 | 0.646667 |   0.706778 |      242 |      211 |       31 |   5.347446 |      6 | 0.947214 | 1.336623
1568 | 470100.0 | 470400.0 | 0.005552 | 0.016505 |   5.347446 |      6 | 0.947214 | 0.600000 | 0.706667 | 0.703333 | 0.676667 |   0.807822 |      241 |      212 |       30 |   5.346854 |      6 | 0.951700 | 1.223051
1569 | 470400.0 | 470700.0 | 0.005550 | 0.016504 |   5.346854 |      6 | 0.951700 | 0.600000 | 0.713333 | 0.623333 | 0.680000 |  -1.716780 |      243 |      214 |       28 |   5.346225 |      6 | 0.942172 | 1.464312
1570 | 470700.0 | 471000.0 | 0.005548 | 0.016502 |   5.346225 |      6 | 0.942172 | 0.600000 | 0.703333 | 0.646667 | 0.656667 |  -0.302989 |      241 |      211 |       30 |   5.345652 |      6 | 0.940491 | 1.506874
1571 | 471000.0 | 471300.0 | 0.005545 | 0.016501 |   5.345652 |      6 | 0.940491 | 0.600000 | 0.716667 | 0.700000 | 0.686667 |   0.404023 |      244 |      215 |       29 |   5.345005 |      6 | 0.942731 | 1.450144
1572 | 471300.0 | 471600.0 | 0.005543 | 0.016499 |   5.345005 |      6 | 0.942731 | 0.600000 | 0.700000 | 0.666667 | 0.683333 |  -0.505076 |      243 |      210 |       33 |   5.344450 |      6 | 0.939932 | 1.521034
1573 | 471600.0 | 471900.0 | 0.005541 | 0.016498 |   5.344450 |      6 | 0.939932 | 0.600000 | 0.696667 | 0.680000 | 0.700000 |  -0.606147 |      241 |      209 |       32 |   5.343915 |      6 | 0.936573 | 1.606074
1574 | 471900.0 | 472200.0 | 0.005538 | 0.016496 |   5.343915 |      6 | 0.936573 | 0.600000 | 0.663333 | 0.656667 | 0.680000 |  -0.707237 |      237 |      199 |       38 |   5.343564 |      6 | 0.932656 | 1.705255
1575 | 472200.0 | 472500.0 | 0.005536 | 0.016495 |   5.343564 |      6 | 0.932656 | 0.600000 | 0.690000 | 0.720000 | 0.626667 |   2.829207 |      243 |      207 |       36 |   5.343066 |      6 | 0.948319 | 1.308660
1576 | 472500.0 | 472800.0 | 0.005534 | 0.016493 |   5.343066 |      6 | 0.948319 | 0.600000 | 0.660000 | 0.700000 | 0.676667 |   0.707367 |      237 |      198 |       39 |   5.342734 |      6 | 0.952233 | 1.209543
1577 | 472800.0 | 473100.0 | 0.005531 | 0.016492 |   5.342734 |      6 | 0.952233 | 0.600000 | 0.666667 | 0.663333 | 0.710000 |  -1.414865 |      234 |      200 |       34 |   5.342365 |      6 | 0.944407 | 1.407712
1578 | 473100.0 | 473400.0 | 0.005529 | 0.016490 |   5.342365 |      6 | 0.944407 | 0.600000 | 0.730000 | 0.673333 | 0.653333 |   0.606426 |      245 |      219 |       26 |   5.341646 |      6 | 0.947760 | 1.322810
1579 | 473400.0 | 473700.0 | 0.005527 | 0.016489 |   5.341646 |      6 | 0.947760 | 0.600000 | 0.690000 | 0.690000 | 0.646667 |   1.314045 |      239 |      207 |       32 |   5.341149 |      6 | 0.955022 | 1.138916
1580 | 473700.0 | 474000.0 | 0.005524 | 0.016487 |   5.341149 |      6 | 0.955022 | 0.600000 | 0.656667 | 0.566667 | 0.650000 |  -2.527242 |      236 |      197 |       39 |   5.340836 |      6 | 0.941061 | 1.492443
1581 | 474000.0 | 474300.0 | 0.005522 | 0.016485 |   5.340836 |      6 | 0.941061 | 0.600000 | 0.740000 | 0.660000 | 0.593333 |   2.021980 |      246 |      222 |       24 |   5.340063 |      6 | 0.952226 | 1.209713
1582 | 474300.0 | 474600.0 | 0.005520 | 0.016484 |   5.340063 |      6 | 0.952226 | 0.600000 | 0.706667 | 0.626667 | 0.720000 |  -2.831032 |      240 |      212 |       28 |   5.339474 |      6 | 0.936600 | 1.605407
1583 | 474600.0 | 474900.0 | 0.005517 | 0.016482 |   5.339474 |      6 | 0.936600 | 0.600000 | 0.723333 | 0.653333 | 0.703333 |  -1.516764 |      244 |      217 |       27 |   5.338794 |      6 | 0.928231 | 1.817318
1584 | 474900.0 | 475200.0 | 0.005515 | 0.016481 |   5.338794 |      6 | 0.928231 | 0.600000 | 0.710000 | 0.650000 | 0.673333 |  -0.707888 |      243 |      213 |       30 |   5.338187 |      6 | 0.924327 | 1.916177
1585 | 475200.0 | 475500.0 | 0.005513 | 0.016479 |   5.338187 |      6 | 0.924327 | 0.600000 | 0.643333 | 0.693333 | 0.630000 |   1.921587 |      236 |      193 |       43 |   5.337948 |      6 | 0.934920 | 1.647931
1586 | 475500.0 | 475800.0 | 0.005511 | 0.016478 |   5.337948 |      6 | 0.934920 | 0.600000 | 0.690000 | 0.636667 | 0.683333 |  -1.416036 |      243 |      207 |       36 |   5.337452 |      6 | 0.927117 | 1.845522
1587 | 475800.0 | 476100.0 | 0.005508 | 0.016476 |   5.337452 |      6 | 0.927117 | 0.600000 | 0.703333 | 0.710000 | 0.690000 |   0.606928 |      243 |      211 |       32 |   5.336883 |      6 | 0.930460 | 1.760868
1588 | 476100.0 | 476400.0 | 0.005506 | 0.016475 |   5.336883 |      6 | 0.930460 | 0.600000 | 0.670000 | 0.683333 | 0.700000 |  -0.505820 |      239 |      201 |       38 |   5.336497 |      6 | 0.927675 | 1.831390
1589 | 476400.0 | 476700.0 | 0.005504 | 0.016473 |   5.336497 |      6 | 0.927675 | 0.600000 | 0.693333 | 0.676667 | 0.700000 |  -0.708213 |      242 |      208 |       34 |   5.335984 |      6 | 0.923777 | 1.930090
1590 | 476700.0 | 477000.0 | 0.005501 | 0.016472 |   5.335984 |      6 | 0.923777 | 0.600000 | 0.706667 | 0.676667 | 0.693333 |  -0.505912 |      242 |      212 |       30 |   5.335397 |      6 | 0.920994 | 2.000567
1591 | 477000.0 | 477300.0 | 0.005499 | 0.016470 |   5.335397 |      6 | 0.920994 | 0.600000 | 0.676667 | 0.673333 | 0.670000 |   0.101192 |      242 |      203 |       39 |   5.334975 |      6 | 0.921550 | 1.986476
1592 | 477300.0 | 477600.0 | 0.005497 | 0.016469 |   5.334975 |      6 | 0.921550 | 0.600000 | 0.710000 | 0.693333 | 0.693333 |   0.000000 |      243 |      213 |       30 |   5.334371 |      6 | 0.921550 | 1.986476
1593 | 477600.0 | 477900.0 | 0.005495 | 0.016467 |   5.334371 |      6 | 0.921550 | 0.600000 | 0.673333 | 0.640000 | 0.683333 |  -1.315733 |      240 |      202 |       38 |   5.333968 |      6 | 0.914321 | 2.169539
1594 | 477900.0 | 478200.0 | 0.005492 | 0.016466 |   5.333968 |      6 | 0.914321 | 0.600000 | 0.673333 | 0.680000 | 0.650000 |   0.910975 |      240 |      202 |       38 |   5.333565 |      6 | 0.919324 | 2.042844
1595 | 478200.0 | 478500.0 | 0.005490 | 0.016464 |   5.333565 |      6 | 0.919324 | 0.600000 | 0.683333 | 0.733333 | 0.650000 |   2.530717 |      241 |      205 |       36 |   5.333107 |      6 | 0.933218 | 1.691026
1596 | 478500.0 | 478800.0 | 0.005488 | 0.016463 |   5.333107 |      6 | 0.933218 | 0.600000 | 0.703333 | 0.680000 | 0.663333 |   0.506190 |      243 |      211 |       32 |   5.332540 |      6 | 0.935996 | 1.620685
1597 | 478800.0 | 479100.0 | 0.005486 | 0.016461 |   5.332540 |      6 | 0.935996 | 0.600000 | 0.710000 | 0.630000 | 0.623333 |   0.202494 |      242 |      213 |       29 |   5.331937 |      6 | 0.937107 | 1.592558
1598 | 479100.0 | 479400.0 | 0.005483 | 0.016460 |   5.331937 |      6 | 0.937107 | 0.600000 | 0.723333 | 0.690000 | 0.666667 |   0.708795 |      245 |      217 |       28 |   5.331261 |      6 | 0.940994 | 1.494144
1599 | 479400.0 | 479700.0 | 0.005481 | 0.016458 |   5.331261 |      6 | 0.940994 | 0.600000 | 0.660000 | 0.666667 | 0.690000 |  -0.708859 |      238 |      198 |       40 |   5.330932 |      6 | 0.937108 | 1.592526
1600 | 479700.0 | 480000.0 | 0.005479 | 0.016457 |   5.330932 |      6 | 0.937108 | 0.600000 | 0.693333 | 0.660000 | 0.670000 |  -0.303824 |      241 |      208 |       33 |   5.330420 |      6 | 0.935444 | 1.634677
1601 | 480000.0 | 480300.0 | 0.005477 | 0.016455 |   5.330420 |      6 | 0.935444 | 0.600000 | 0.686667 | 0.723333 | 0.620000 |   3.139804 |      241 |      206 |       35 |   5.329946 |      6 | 0.952639 | 1.199262
1602 | 480300.0 | 480600.0 | 0.005474 | 0.016454 |   5.329946 |      6 | 0.952639 | 0.600000 | 0.673333 | 0.623333 | 0.663333 |  -1.215518 |      238 |      202 |       36 |   5.329544 |      6 | 0.945985 | 1.367756
1603 | 480600.0 | 480900.0 | 0.005472 | 0.016452 |   5.329544 |      6 | 0.945985 | 0.600000 | 0.670000 | 0.683333 | 0.670000 |   0.405210 |      239 |      201 |       38 |   5.329161 |      6 | 0.948202 | 1.311609
1604 | 480900.0 | 481200.0 | 0.005470 | 0.016451 |   5.329161 |      6 | 0.948202 | 0.600000 | 0.710000 | 0.660000 | 0.646667 |   0.405246 |      241 |      213 |       28 |   5.328560 |      6 | 0.950419 | 1.255481
1605 | 481200.0 | 481500.0 | 0.005468 | 0.016449 |   5.328560 |      6 | 0.950419 | 0.600000 | 0.680000 | 0.653333 | 0.656667 |  -0.101321 |      238 |      204 |       34 |   5.328122 |      6 | 0.949865 | 1.269508
1606 | 481500.0 | 481800.0 | 0.005465 | 0.016448 |   5.328122 |      6 | 0.949865 | 0.600000 | 0.663333 | 0.680000 | 0.673333 |   0.202660 |      237 |      199 |       38 |   5.327776 |      6 | 0.950972 | 1.241462
1607 | 481800.0 | 482100.0 | 0.005463 | 0.016446 |   5.327776 |      6 | 0.950972 | 0.600000 | 0.656667 | 0.630000 | 0.636667 |  -0.202678 |      237 |      197 |       40 |   5.327467 |      6 | 0.949865 | 1.269500
1608 | 482100.0 | 482400.0 | 0.005461 | 0.016445 |   5.327467 |      6 | 0.949865 | 0.600000 | 0.683333 | 0.706667 | 0.666667 |   1.216179 |      239 |      205 |       34 |   5.327011 |      6 | 0.956507 | 1.101329
1609 | 482400.0 | 482700.0 | 0.005459 | 0.016443 |   5.327011 |      6 | 0.956507 | 0.600000 | 0.726667 | 0.590000 | 0.660000 |  -2.128507 |      242 |      218 |       24 |   5.326320 |      6 | 0.944888 | 1.395533
1610 | 482700.0 | 483000.0 | 0.005456 | 0.016442 |   5.326320 |      6 | 0.944888 | 0.600000 | 0.686667 | 0.680000 | 0.646667 |   1.013666 |      240 |      206 |       34 |   5.325847 |      6 | 0.950419 | 1.255481
1611 | 483000.0 | 483300.0 | 0.005454 | 0.016440 |   5.325847 |      6 | 0.950419 | 0.600000 | 0.676667 | 0.733333 | 0.656667 |   2.331643 |      237 |      203 |       35 |   5.325429 |      6 | 0.963136 | 0.933463
1612 | 483300.0 | 483600.0 | 0.005452 | 0.016439 |   5.325429 |      6 | 0.963136 | 0.600000 | 0.710000 | 0.446667 | 0.683333 |  -7.198330 |      238 |      213 |       24 |   5.324829 |      6 | 0.923891 | 1.927202
1613 | 483600.0 | 483900.0 | 0.005450 | 0.016438 |   5.324829 |      6 | 0.923891 | 0.600000 | 0.680000 | 0.650000 | 0.626667 |   0.709759 |      242 |      204 |       38 |   5.324393 |      6 | 0.927759 | 1.829259
1614 | 483900.0 | 484200.0 | 0.005447 | 0.016436 |   5.324393 |      6 | 0.927759 | 0.600000 | 0.713333 | 0.686667 | 0.700000 |  -0.405613 |      243 |      214 |       29 |   5.323776 |      6 | 0.925550 | 1.885208
1615 | 484200.0 | 484500.0 | 0.005445 | 0.016435 |   5.323776 |      6 | 0.925550 | 0.600000 | 0.676667 | 0.673333 | 0.680000 |  -0.202825 |      240 |      203 |       37 |   5.323358 |      6 | 0.924445 | 1.913174
1616 | 484500.0 | 484800.0 | 0.005443 | 0.016433 |   5.323358 |      6 | 0.924445 | 0.600000 | 0.686667 | 0.703333 | 0.680000 |   0.709950 |      241 |      206 |       35 |   5.322887 |      6 | 0.928310 | 1.815325
1617 | 484800.0 | 485100.0 | 0.005441 | 0.016432 |   5.322887 |      6 | 0.928310 | 0.600000 | 0.716667 | 0.676667 | 0.640000 |   1.115737 |      244 |      215 |       29 |   5.322252 |      6 | 0.934380 | 1.661610
1618 | 485100.0 | 485400.0 | 0.005439 | 0.016430 |   5.322252 |      6 | 0.934380 | 0.600000 | 0.683333 | 0.666667 | 0.623333 |   1.318717 |      241 |      205 |       36 |   5.321799 |      6 | 0.941552 | 1.480004
1619 | 485400.0 | 485700.0 | 0.005436 | 0.016429 |   5.321799 |      6 | 0.941552 | 0.600000 | 0.733333 | 0.633333 | 0.740000 |  -3.246364 |      245 |      220 |       25 |   5.321074 |      6 | 0.923904 | 1.926891
1620 | 485700.0 | 486000.0 | 0.005434 | 0.016427 |   5.321074 |      6 | 0.923904 | 0.600000 | 0.683333 | 0.706667 | 0.666667 |   1.217496 |      240 |      205 |       35 |   5.320621 |      6 | 0.930520 | 1.759362
1621 | 486000.0 | 486300.0 | 0.005432 | 0.016426 |   5.320621 |      6 | 0.930520 | 0.600000 | 0.656667 | 0.690000 | 0.656667 |   1.014671 |      238 |      197 |       41 |   5.320313 |      6 | 0.936031 | 1.619798
1622 | 486300.0 | 486600.0 | 0.005430 | 0.016424 |   5.320313 |      6 | 0.936031 | 0.600000 | 0.683333 | 0.690000 | 0.666667 |   0.710333 |      241 |      205 |       36 |   5.319861 |      6 | 0.939888 | 1.522135
1623 | 486600.0 | 486900.0 | 0.005428 | 0.016423 |   5.319861 |      6 | 0.939888 | 0.600000 | 0.666667 | 0.670000 | 0.650000 |   0.608912 |      238 |      200 |       38 |   5.319499 |      6 | 0.943193 | 1.438450
1624 | 486900.0 | 487200.0 | 0.005425 | 0.016421 |   5.319499 |      6 | 0.943193 | 0.600000 | 0.686667 | 0.690000 | 0.670000 |   0.608966 |      240 |      206 |       34 |   5.319029 |      6 | 0.946497 | 1.354791
1625 | 487200.0 | 487500.0 | 0.005423 | 0.016420 |   5.319029 |      6 | 0.946497 | 0.600000 | 0.680000 | 0.673333 | 0.710000 |  -1.116538 |      240 |      204 |       36 |   5.318595 |      6 | 0.940442 | 1.508117
1626 | 487500.0 | 487800.0 | 0.005421 | 0.016418 |   5.318595 |      6 | 0.940442 | 0.600000 | 0.703333 | 0.673333 | 0.670000 |   0.101513 |      242 |      211 |       31 |   5.318035 |      6 | 0.940992 | 1.494182
1627 | 487800.0 | 488100.0 | 0.005419 | 0.016417 |   5.318035 |      6 | 0.940992 | 0.600000 | 0.733333 | 0.673333 | 0.683333 |  -0.304565 |      244 |      220 |       24 |   5.317312 |      6 | 0.939342 | 1.535972
1628 | 488100.0 | 488400.0 | 0.005417 | 0.016415 |   5.317312 |      6 | 0.939342 | 0.600000 | 0.736667 | 0.670000 | 0.670000 |   0.000000 |      247 |      221 |       27 |   5.316572 |      6 | 0.939342 | 1.535972
1629 | 488400.0 | 488700.0 | 0.005414 | 0.016414 |   5.316572 |      6 | 0.939342 | 0.600000 | 0.713333 | 0.690000 | 0.656667 |   1.015398 |      244 |      214 |       29 |   5.315958 |      6 | 0.944839 | 1.396761
1630 | 488700.0 | 489000.0 | 0.005412 | 0.016412 |   5.315958 |      6 | 0.944839 | 0.600000 | 0.663333 | 0.670000 | 0.616667 |   1.624782 |      237 |      199 |       38 |   5.315616 |      6 | 0.953633 | 1.174094
1631 | 489000.0 | 489300.0 | 0.005410 | 0.016411 |   5.315616 |      6 | 0.953633 | 0.600000 | 0.716667 | 0.616667 | 0.726667 |  -3.351412 |      242 |      215 |       27 |   5.314984 |      6 | 0.935502 | 1.633200
1632 | 489300.0 | 489600.0 | 0.005408 | 0.016410 |   5.314984 |      6 | 0.935502 | 0.600000 | 0.666667 | 0.676667 | 0.686667 |  -0.304701 |      239 |      200 |       39 |   5.314624 |      6 | 0.933854 | 1.674924
1633 | 489600.0 | 489900.0 | 0.005406 | 0.016408 |   5.314624 |      6 | 0.933854 | 0.600000 | 0.710000 | 0.696667 | 0.650000 |   1.422065 |      243 |      213 |       30 |   5.314029 |      6 | 0.941541 | 1.480274
1634 | 489900.0 | 490200.0 | 0.005403 | 0.016407 |   5.314029 |      6 | 0.941541 | 0.600000 | 0.633333 | 0.666667 | 0.666667 |   0.000000 |      235 |      190 |       45 |   5.313849 |      6 | 0.941541 | 1.480274
1635 | 490200.0 | 490500.0 | 0.005401 | 0.016405 |   5.313849 |      6 | 0.941541 | 0.600000 | 0.670000 | 0.660000 | 0.720000 |  -1.828695 |      240 |      201 |       39 |   5.313471 |      6 | 0.931664 | 1.730381
1636 | 490500.0 | 490800.0 | 0.005399 | 0.016404 |   5.313471 |      6 | 0.931664 | 0.600000 | 0.690000 | 0.643333 | 0.630000 |   0.406413 |      241 |      207 |       34 |   5.312985 |      6 | 0.933858 | 1.674819
1637 | 490800.0 | 491100.0 | 0.005397 | 0.016402 |   5.312985 |      6 | 0.933858 | 0.600000 | 0.706667 | 0.680000 | 0.670000 |   0.304837 |      243 |      212 |       31 |   5.312410 |      6 | 0.935504 | 1.633161
1638 | 491100.0 | 491400.0 | 0.005395 | 0.016401 |   5.312410 |      6 | 0.935504 | 0.600000 | 0.696667 | 0.703333 | 0.686667 |   0.508106 |      243 |      209 |       34 |   5.311888 |      6 | 0.938245 | 1.563752
1639 | 491400.0 | 491700.0 | 0.005393 | 0.016399 |   5.311888 |      6 | 0.938245 | 0.600000 | 0.670000 | 0.673333 | 0.640000 |   1.016303 |      237 |      201 |       36 |   5.311511 |      6 | 0.943725 | 1.424979
1640 | 491700.0 | 492000.0 | 0.005390 | 0.016398 |   5.311511 |      6 | 0.943725 | 0.600000 | 0.666667 | 0.673333 | 0.713333 |  -1.219672 |      240 |      200 |       40 |   5.311151 |      6 | 0.937151 | 1.591455
1641 | 492000.0 | 492300.0 | 0.005388 | 0.016396 |   5.311151 |      6 | 0.937151 | 0.600000 | 0.680000 | 0.726667 | 0.686667 |   1.219780 |      239 |      204 |       35 |   5.310720 |      6 | 0.943723 | 1.425031
1642 | 492300.0 | 492600.0 | 0.005386 | 0.016395 |   5.310720 |      6 | 0.943723 | 0.600000 | 0.700000 | 0.660000 | 0.680000 |  -0.609944 |      242 |      210 |       32 |   5.310182 |      6 | 0.940438 | 1.508217
1643 | 492600.0 | 492900.0 | 0.005384 | 0.016393 |   5.310182 |      6 | 0.940438 | 0.600000 | 0.656667 | 0.660000 | 0.733333 |  -2.236660 |      238 |      197 |       41 |   5.309877 |      6 | 0.928396 | 1.813136
1644 | 492900.0 | 493200.0 | 0.005382 | 0.016392 |   5.309877 |      6 | 0.928396 | 0.600000 | 0.716667 | 0.623333 | 0.660000 |  -1.118429 |      244 |      215 |       29 |   5.309249 |      6 | 0.922377 | 1.965548
1645 | 493200.0 | 493500.0 | 0.005380 | 0.016391 |   5.309249 |      6 | 0.922377 | 0.600000 | 0.636667 | 0.713333 | 0.683333 |   0.915159 |      236 |      191 |       45 |   5.309051 |      6 | 0.927300 | 1.840886
1646 | 493500.0 | 493800.0 | 0.005377 | 0.016389 |   5.309051 |      6 | 0.927300 | 0.600000 | 0.623333 | 0.686667 | 0.596667 |   2.745721 |      235 |      187 |       48 |   5.308926 |      6 | 0.942065 | 1.467018
1647 | 493800.0 | 494100.0 | 0.005375 | 0.016388 |   5.308926 |      6 | 0.942065 | 0.600000 | 0.693333 | 0.636667 | 0.640000 |  -0.101702 |      241 |      208 |       33 |   5.308424 |      6 | 0.941518 | 1.480861
1648 | 494100.0 | 494400.0 | 0.005373 | 0.016386 |   5.308424 |      6 | 0.941518 | 0.600000 | 0.693333 | 0.640000 | 0.690000 |  -1.525670 |      241 |      208 |       33 |   5.307923 |      6 | 0.933321 | 1.688436
1649 | 494400.0 | 494700.0 | 0.005371 | 0.016385 |   5.307923 |      6 | 0.933321 | 0.600000 | 0.686667 | 0.683333 | 0.736667 |  -1.627525 |      240 |      206 |       34 |   5.307457 |      6 | 0.924579 | 1.909780
1650 | 494700.0 | 495000.0 | 0.005369 | 0.016383 |   5.307457 |      6 | 0.924579 | 0.600000 | 0.660000 | 0.700000 | 0.646667 |   1.627669 |      240 |      198 |       42 |   5.307135 |      6 | 0.933318 | 1.688505
1651 | 495000.0 | 495300.0 | 0.005367 | 0.016382 |   5.307135 |      6 | 0.933318 | 0.600000 | 0.676667 | 0.680000 | 0.643333 |   1.119121 |      239 |      203 |       36 |   5.306724 |      6 | 0.939324 | 1.536425
1652 | 495300.0 | 495600.0 | 0.005364 | 0.016380 |   5.306724 |      6 | 0.939324 | 0.600000 | 0.730000 | 0.636667 | 0.710000 |  -2.238439 |      245 |      219 |       26 |   5.306026 |      6 | 0.927316 | 1.840489
1653 | 495600.0 | 495900.0 | 0.005362 | 0.016379 |   5.306026 |      6 | 0.927316 | 0.600000 | 0.683333 | 0.613333 | 0.646667 |  -1.017562 |      240 |      205 |       35 |   5.305579 |      6 | 0.921859 | 1.978657
1654 | 495900.0 | 496200.0 | 0.005360 | 0.016378 |   5.305579 |      6 | 0.921859 | 0.600000 | 0.710000 | 0.690000 | 0.656667 |   1.017652 |      244 |      213 |       31 |   5.304990 |      6 | 0.927314 | 1.840532
1655 | 496200.0 | 496500.0 | 0.005358 | 0.016376 |   5.304990 |      6 | 0.927314 | 0.600000 | 0.696667 | 0.646667 | 0.636667 |   0.305322 |      242 |      209 |       33 |   5.304472 |      6 | 0.928950 | 1.799108
1656 | 496500.0 | 496800.0 | 0.005356 | 0.016375 |   5.304472 |      6 | 0.928950 | 0.600000 | 0.673333 | 0.706667 | 0.666667 |   1.221397 |      240 |      202 |       38 |   5.304079 |      6 | 0.935492 | 1.633461
1657 | 496800.0 | 497100.0 | 0.005354 | 0.016373 |   5.304079 |      6 | 0.935492 | 0.600000 | 0.696667 | 0.723333 | 0.653333 |   2.137633 |      241 |      209 |       32 |   5.303562 |      6 | 0.946936 | 1.343669
1658 | 497100.0 | 497400.0 | 0.005352 | 0.016372 |   5.303562 |      6 | 0.946936 | 0.600000 | 0.683333 | 0.646667 | 0.700000 |  -1.628816 |      240 |      205 |       35 |   5.303116 |      6 | 0.938219 | 1.564394
1659 | 497400.0 | 497700.0 | 0.005350 | 0.016370 |   5.303116 |      6 | 0.938219 | 0.600000 | 0.696667 | 0.700000 | 0.660000 |   1.221719 |      242 |      209 |       33 |   5.302599 |      6 | 0.944755 | 1.398902
1660 | 497700.0 | 498000.0 | 0.005347 | 0.016369 |   5.302599 |      6 | 0.944755 | 0.600000 | 0.696667 | 0.690000 | 0.693333 |  -0.101819 |      241 |      209 |       32 |   5.302082 |      6 | 0.944210 | 1.412689
1661 | 498000.0 | 498300.0 | 0.005345 | 0.016368 |   5.302082 |      6 | 0.944210 | 0.600000 | 0.713333 | 0.690000 | 0.730000 |  -1.221933 |      242 |      214 |       28 |   5.301476 |      6 | 0.937679 | 1.578078
1662 | 498300.0 | 498600.0 | 0.005343 | 0.016366 |   5.301476 |      6 | 0.937679 | 0.600000 | 0.690000 | 0.663333 | 0.663333 |   0.000000 |      242 |      207 |       35 |   5.300995 |      6 | 0.937679 | 1.578078
1663 | 498600.0 | 498900.0 | 0.005341 | 0.016365 |   5.300995 |      6 | 0.937679 | 0.600000 | 0.740000 | 0.666667 | 0.620000 |   1.425839 |      246 |      222 |       24 |   5.300247 |      6 | 0.945294 | 1.385243
1664 | 498900.0 | 499200.0 | 0.005339 | 0.016363 |   5.300247 |      6 | 0.945294 | 0.600000 | 0.720000 | 0.660000 | 0.646667 |   0.407418 |      243 |      216 |       27 |   5.299607 |      6 | 0.947469 | 1.330164
1665 | 499200.0 | 499500.0 | 0.005337 | 0.016362 |   5.299607 |      6 | 0.947469 | 0.600000 | 0.686667 | 0.670000 | 0.710000 |  -1.222361 |      239 |      206 |       33 |   5.299144 |      6 | 0.940946 | 1.495350
1666 | 499500.0 | 499800.0 | 0.005335 | 0.016360 |   5.299144 |      6 | 0.940946 | 0.600000 | 0.696667 | 0.633333 | 0.693333 |  -1.833702 |      242 |      209 |       33 |   5.298628 |      6 | 0.931164 | 1.743051
1667 | 499800.0 | 500100.0 | 0.005333 | 0.016359 |   5.298628 |      6 | 0.931164 | 0.600000 | 0.696667 | 0.636667 | 0.680000 |  -1.324456 |      242 |      209 |       33 |   5.298113 |      6 | 0.924101 | 1.921891
1668 | 500100.0 | 500400.0 | 0.005330 | 0.016357 |   5.298113 |      6 | 0.924101 | 0.600000 | 0.680000 | 0.663333 | 0.666667 |  -0.101890 |      240 |      204 |       36 |   5.297686 |      6 | 0.923558 | 1.935644
1669 | 500400.0 | 500700.0 | 0.005328 | 0.016356 |   5.297686 |      6 | 0.923558 | 0.600000 | 0.696667 | 0.716667 | 0.666667 |   1.528486 |      242 |      209 |       33 |   5.297171 |      6 | 0.931702 | 1.729417
1670 | 500700.0 | 501000.0 | 0.005326 | 0.016355 |   5.297171 |      6 | 0.931702 | 0.600000 | 0.633333 | 0.653333 | 0.666667 |  -0.407632 |      236 |      190 |       46 |   5.296994 |      6 | 0.929531 | 1.784394
1671 | 501000.0 | 501300.0 | 0.005324 | 0.016353 |   5.296994 |      6 | 0.929531 | 0.600000 | 0.703333 | 0.703333 | 0.693333 |   0.305750 |      242 |      211 |       31 |   5.296444 |      6 | 0.931159 | 1.743174
1672 | 501300.0 | 501600.0 | 0.005322 | 0.016352 |   5.296444 |      6 | 0.931159 | 0.600000 | 0.670000 | 0.683333 | 0.660000 |   0.713480 |      240 |      201 |       39 |   5.296071 |      6 | 0.934956 | 1.647024
1673 | 501600.0 | 501900.0 | 0.005320 | 0.016350 |   5.296071 |      6 | 0.934956 | 0.600000 | 0.743333 | 0.680000 | 0.653333 |   0.815477 |      246 |      223 |       23 |   5.295309 |      6 | 0.939294 | 1.537172
1674 | 501900.0 | 502200.0 | 0.005318 | 0.016349 |   5.295309 |      6 | 0.939294 | 0.600000 | 0.670000 | 0.666667 | 0.650000 |   0.509717 |      238 |      201 |       37 |   5.294936 |      6 | 0.942005 | 1.468535
1675 | 502200.0 | 502500.0 | 0.005316 | 0.016348 |   5.294936 |      6 | 0.942005 | 0.600000 | 0.663333 | 0.656667 | 0.670000 |  -0.407809 |      239 |      199 |       40 |   5.294600 |      6 | 0.939837 | 1.523427
1676 | 502500.0 | 502800.0 | 0.005314 | 0.016346 |   5.294600 |      6 | 0.939837 | 0.600000 | 0.710000 | 0.686667 | 0.680000 |   0.203922 |      243 |      213 |       30 |   5.294015 |      6 | 0.940921 | 1.495990
1677 | 502800.0 | 503100.0 | 0.005312 | 0.016345 |   5.294015 |      6 | 0.940921 | 0.600000 | 0.670000 | 0.680000 | 0.740000 |  -1.835461 |      240 |      201 |       39 |   5.293643 |      6 | 0.931172 | 1.742853
1678 | 503100.0 | 503400.0 | 0.005309 | 0.016343 |   5.293643 |      6 | 0.931172 | 0.600000 | 0.706667 | 0.690000 | 0.713333 |  -0.713852 |      243 |      212 |       31 |   5.293077 |      6 | 0.927381 | 1.838826
1679 | 503400.0 | 503700.0 | 0.005307 | 0.016342 |   5.293077 |      6 | 0.927381 | 0.600000 | 0.656667 | 0.666667 | 0.670000 |  -0.101988 |      236 |      197 |       39 |   5.292776 |      6 | 0.926840 | 1.852533
1680 | 503700.0 | 504000.0 | 0.005305 | 0.016340 |   5.292776 |      6 | 0.926840 | 0.600000 | 0.650000 | 0.653333 | 0.660000 |  -0.203993 |      238 |      195 |       43 |   5.292511 |      6 | 0.925758 | 1.879937
1681 | 504000.0 | 504300.0 | 0.005303 | 0.016339 |   5.292511 |      6 | 0.925758 | 0.600000 | 0.683333 | 0.663333 | 0.646667 |   0.510027 |      241 |      205 |       36 |   5.292069 |      6 | 0.928463 | 1.811448
1682 | 504300.0 | 504600.0 | 0.005301 | 0.016338 |   5.292069 |      6 | 0.928463 | 0.600000 | 0.693333 | 0.680000 | 0.686667 |  -0.204029 |      242 |      208 |       34 |   5.291574 |      6 | 0.927381 | 1.838835
1683 | 504600.0 | 504900.0 | 0.005299 | 0.016336 |   5.291574 |      6 | 0.927381 | 0.600000 | 0.660000 | 0.656667 | 0.633333 |   0.714162 |      239 |      198 |       41 |   5.291256 |      6 | 0.931165 | 1.743009
1684 | 504900.0 | 505200.0 | 0.005297 | 0.016335 |   5.291256 |      6 | 0.931165 | 0.600000 | 0.693333 | 0.676667 | 0.623333 |   1.632511 |      242 |      208 |       34 |   5.290762 |      6 | 0.939813 | 1.524045
1685 | 505200.0 | 505500.0 | 0.005295 | 0.016333 |   5.290762 |      6 | 0.939813 | 0.600000 | 0.666667 | 0.663333 | 0.673333 |  -0.306122 |      238 |      200 |       38 |   5.290409 |      6 | 0.938192 | 1.565088
1686 | 505500.0 | 505800.0 | 0.005293 | 0.016332 |   5.290409 |      6 | 0.938192 | 0.600000 | 0.710000 | 0.706667 | 0.703333 |   0.102050 |      244 |      213 |       31 |   5.289827 |      6 | 0.938732 | 1.551411
1687 | 505800.0 | 506100.0 | 0.005291 | 0.016331 |   5.289827 |      6 | 0.938732 | 0.600000 | 0.740000 | 0.713333 | 0.626667 |   2.653518 |      244 |      222 |       22 |   5.289086 |      6 | 0.952771 | 1.195920
1688 | 506100.0 | 506400.0 | 0.005289 | 0.016329 |   5.289086 |      6 | 0.952771 | 0.600000 | 0.660000 | 0.626667 | 0.683333 |  -1.735142 |      236 |      198 |       39 |   5.288769 |      6 | 0.943594 | 1.428286
1689 | 506400.0 | 506700.0 | 0.005287 | 0.016328 |   5.288769 |      6 | 0.943594 | 0.600000 | 0.693333 | 0.706667 | 0.623333 |   2.551900 |      241 |      208 |       32 |   5.288275 |      6 | 0.957085 | 1.086676
1690 | 506700.0 | 507000.0 | 0.005284 | 0.016326 |   5.288275 |      6 | 0.957085 | 0.600000 | 0.676667 | 0.543333 | 0.663333 |  -3.675053 |      237 |      203 |       34 |   5.287870 |      6 | 0.937664 | 1.578444
1691 | 507000.0 | 507300.0 | 0.005282 | 0.016325 |   5.287870 |      6 | 0.937664 | 0.600000 | 0.696667 | 0.636667 | 0.700000 |  -1.939779 |      242 |      209 |       33 |   5.287360 |      6 | 0.927418 | 1.837908
1692 | 507300.0 | 507600.0 | 0.005280 | 0.016323 |   5.287360 |      6 | 0.927418 | 0.600000 | 0.673333 | 0.653333 | 0.640000 |   0.408410 |      239 |      202 |       37 |   5.286972 |      6 | 0.929574 | 1.783301
1693 | 507600.0 | 507900.0 | 0.005278 | 0.016322 |   5.286972 |      6 | 0.929574 | 0.600000 | 0.690000 | 0.683333 | 0.670000 |   0.408445 |      241 |      207 |       34 |   5.286497 |      6 | 0.931730 | 1.728710
1694 | 507900.0 | 508200.0 | 0.005276 | 0.016321 |   5.286497 |      6 | 0.931730 | 0.600000 | 0.700000 | 0.680000 | 0.676667 |   0.102120 |      243 |      210 |       33 |   5.285970 |      6 | 0.932269 | 1.715066
1695 | 508200.0 | 508500.0 | 0.005274 | 0.016319 |   5.285970 |      6 | 0.932269 | 0.600000 | 0.706667 | 0.673333 | 0.626667 |   1.429803 |      243 |      212 |       31 |   5.285407 |      6 | 0.939810 | 1.524114
1696 | 508500.0 | 508800.0 | 0.005272 | 0.016318 |   5.285407 |      6 | 0.939810 | 0.600000 | 0.676667 | 0.620000 | 0.646667 |  -0.817100 |      240 |      203 |       37 |   5.285003 |      6 | 0.935502 | 1.633197
1697 | 508800.0 | 509100.0 | 0.005270 | 0.016316 |   5.285003 |      6 | 0.935502 | 0.600000 | 0.686667 | 0.703333 | 0.696667 |   0.204293 |      240 |      206 |       34 |   5.284546 |      6 | 0.936579 | 1.605934
1698 | 509100.0 | 509400.0 | 0.005268 | 0.016315 |   5.284546 |      6 | 0.936579 | 0.600000 | 0.670000 | 0.713333 | 0.690000 |   0.715086 |      238 |      201 |       37 |   5.284177 |      6 | 0.940346 | 1.510545
1699 | 509400.0 | 509700.0 | 0.005266 | 0.016314 |   5.284177 |      6 | 0.940346 | 0.600000 | 0.720000 | 0.666667 | 0.673333 |  -0.204328 |      245 |      216 |       29 |   5.283546 |      6 | 0.939270 | 1.537791
1700 | 509700.0 | 510000.0 | 0.005264 | 0.016312 |   5.283546 |      6 | 0.939270 | 0.600000 | 0.656667 | 0.683333 | 0.656667 |   0.817381 |      238 |      197 |       41 |   5.283247 |      6 | 0.943573 | 1.428841
1701 | 510000.0 | 510300.0 | 0.005262 | 0.016311 |   5.283247 |      6 | 0.943573 | 0.600000 | 0.683333 | 0.643333 | 0.683333 |  -1.226176 |      240 |      205 |       35 |   5.282809 |      6 | 0.937121 | 1.592217
1702 | 510300.0 | 510600.0 | 0.005260 | 0.016309 |   5.282809 |      6 | 0.937121 | 0.600000 | 0.690000 | 0.650000 | 0.663333 |  -0.408760 |      241 |      207 |       34 |   5.282335 |      6 | 0.934971 | 1.646659
1703 | 510600.0 | 510900.0 | 0.005258 | 0.016308 |   5.282335 |      6 | 0.934971 | 0.600000 | 0.696667 | 0.643333 | 0.696667 |  -1.635182 |      242 |      209 |       33 |   5.281827 |      6 | 0.926373 | 1.864360
1704 | 510900.0 | 511200.0 | 0.005256 | 0.016307 |   5.281827 |      6 | 0.926373 | 0.600000 | 0.646667 | 0.670000 | 0.626667 |   1.328699 |      238 |      194 |       44 |   5.281582 |      6 | 0.933356 | 1.687531
1705 | 511200.0 | 511500.0 | 0.005254 | 0.016305 |   5.281582 |      6 | 0.933356 | 0.600000 | 0.663333 | 0.656667 | 0.650000 |   0.204433 |      239 |      199 |       40 |   5.281249 |      6 | 0.934430 | 1.660335
1706 | 511500.0 | 511800.0 | 0.005252 | 0.016304 |   5.281249 |      6 | 0.934430 | 0.600000 | 0.696667 | 0.660000 | 0.643333 |   0.511125 |      242 |      209 |       33 |   5.280741 |      6 | 0.937115 | 1.592365
1707 | 511800.0 | 512100.0 | 0.005250 | 0.016303 |   5.280741 |      6 | 0.937115 | 0.600000 | 0.670000 | 0.673333 | 0.706667 |  -1.022338 |      239 |      201 |       39 |   5.280374 |      6 | 0.931748 | 1.728264
1708 | 512100.0 | 512400.0 | 0.005248 | 0.016301 |   5.280374 |      6 | 0.931748 | 0.600000 | 0.683333 | 0.683333 | 0.613333 |   2.147093 |      241 |      205 |       35 |   5.279937 |      6 | 0.943015 | 1.442962
1709 | 512400.0 | 512700.0 | 0.005246 | 0.016300 |   5.279937 |      6 | 0.943015 | 0.600000 | 0.673333 | 0.693333 | 0.650000 |   1.329266 |      239 |      202 |       37 |   5.279552 |      6 | 0.949988 | 1.266399
1710 | 512700.0 | 513000.0 | 0.005244 | 0.016298 |   5.279552 |      6 | 0.949988 | 0.600000 | 0.710000 | 0.693333 | 0.696667 |  -0.102260 |      241 |      213 |       28 |   5.278975 |      6 | 0.949451 | 1.279977
1711 | 513000.0 | 513300.0 | 0.005242 | 0.016297 |   5.278975 |      6 | 0.949451 | 0.600000 | 0.696667 | 0.643333 | 0.633333 |   0.306806 |      242 |      209 |       33 |   5.278469 |      6 | 0.951060 | 1.239256
1712 | 513300.0 | 513600.0 | 0.005239 | 0.016296 |   5.278469 |      6 | 0.951060 | 0.600000 | 0.686667 | 0.693333 | 0.633333 |   1.840993 |      238 |      206 |       32 |   5.278014 |      6 | 0.960705 | 0.995006
1713 | 513600.0 | 513900.0 | 0.005237 | 0.016294 |   5.278014 |      6 | 0.960705 | 0.600000 | 0.693333 | 0.483333 | 0.693333 |  -6.444024 |      237 |      208 |       29 |   5.277526 |      6 | 0.926955 | 1.849624
1714 | 513900.0 | 514200.0 | 0.005235 | 0.016293 |   5.277526 |      6 | 0.926955 | 0.600000 | 0.693333 | 0.673333 | 0.663333 |   0.306884 |      243 |      208 |       35 |   5.277037 |      6 | 0.928562 | 1.808940
1715 | 514200.0 | 514500.0 | 0.005233 | 0.016291 |   5.277037 |      6 | 0.928562 | 0.600000 | 0.666667 | 0.660000 | 0.683333 |  -0.716124 |      238 |      200 |       38 |   5.276688 |      6 | 0.924814 | 1.903841
1716 | 514500.0 | 514800.0 | 0.005231 | 0.016290 |   5.276688 |      6 | 0.924814 | 0.600000 | 0.726667 | 0.696667 | 0.660000 |   1.125434 |      246 |      218 |       28 |   5.276025 |      6 | 0.930702 | 1.754756
1717 | 514800.0 | 515100.0 | 0.005229 | 0.016289 |   5.276025 |      6 | 0.930702 | 0.600000 | 0.676667 | 0.670000 | 0.680000 |  -0.306963 |      239 |      203 |       36 |   5.275625 |      6 | 0.929096 | 1.795403
1718 | 515100.0 | 515400.0 | 0.005227 | 0.016287 |   5.275625 |      6 | 0.929096 | 0.600000 | 0.650000 | 0.660000 | 0.673333 |  -0.409318 |      238 |      195 |       43 |   5.275363 |      6 | 0.926957 | 1.849583
1719 | 515400.0 | 515700.0 | 0.005225 | 0.016286 |   5.275363 |      6 | 0.926957 | 0.600000 | 0.673333 | 0.683333 | 0.690000 |  -0.204676 |      239 |      202 |       37 |   5.274980 |      6 | 0.925887 | 1.876665
1720 | 515700.0 | 516000.0 | 0.005223 | 0.016284 |   5.274980 |      6 | 0.925887 | 0.600000 | 0.676667 | 0.653333 | 0.666667 |  -0.409388 |      241 |      203 |       38 |   5.274579 |      6 | 0.923749 | 1.930813
1721 | 516000.0 | 516300.0 | 0.005221 | 0.016283 |   5.274579 |      6 | 0.923749 | 0.600000 | 0.666667 | 0.643333 | 0.660000 |  -0.511778 |      239 |      200 |       39 |   5.274231 |      6 | 0.921077 | 1.998477
1722 | 516300.0 | 516600.0 | 0.005219 | 0.016282 |   5.274231 |      6 | 0.921077 | 0.600000 | 0.656667 | 0.716667 | 0.683333 |   1.023642 |      239 |      197 |       42 |   5.273936 |      6 | 0.926419 | 1.863189
1723 | 516600.0 | 516900.0 | 0.005217 | 0.016280 |   5.273936 |      6 | 0.926419 | 0.600000 | 0.753333 | 0.656667 | 0.613333 |   1.330848 |      247 |      226 |       21 |   5.273136 |      6 | 0.933363 | 1.687368
1724 | 516900.0 | 517200.0 | 0.005215 | 0.016279 |   5.273136 |      6 | 0.933363 | 0.600000 | 0.663333 | 0.693333 | 0.680000 |   0.409526 |      237 |      199 |       38 |   5.272805 |      6 | 0.935499 | 1.633285
1725 | 517200.0 | 517500.0 | 0.005213 | 0.016278 |   5.272805 |      6 | 0.935499 | 0.600000 | 0.690000 | 0.643333 | 0.676667 |  -1.023902 |      242 |      207 |       35 |   5.272336 |      6 | 0.930161 | 1.768452
1726 | 517500.0 | 517800.0 | 0.005211 | 0.016276 |   5.272336 |      6 | 0.930161 | 0.600000 | 0.660000 | 0.660000 | 0.636667 |   0.716792 |      238 |      198 |       40 |   5.272023 |      6 | 0.933896 | 1.673864
1727 | 517800.0 | 518100.0 | 0.005209 | 0.016275 |   5.272023 |      6 | 0.933896 | 0.600000 | 0.656667 | 0.673333 | 0.600000 |   2.252965 |      239 |      197 |       42 |   5.271728 |      6 | 0.945633 | 1.376676
1728 | 518100.0 | 518400.0 | 0.005207 | 0.016273 |   5.271728 |      6 | 0.945633 | 0.600000 | 0.690000 | 0.670000 | 0.626667 |   1.331410 |      241 |      207 |       34 |   5.271260 |      6 | 0.952566 | 1.201118
1729 | 518400.0 | 518700.0 | 0.005205 | 0.016272 |   5.271260 |      6 | 0.952566 | 0.600000 | 0.710000 | 0.653333 | 0.710000 |  -1.741222 |      239 |      213 |       26 |   5.270687 |      6 | 0.943502 | 1.430625
1730 | 518700.0 | 519000.0 | 0.005203 | 0.016271 |   5.270687 |      6 | 0.943502 | 0.600000 | 0.713333 | 0.713333 | 0.660000 |   1.638935 |      244 |      214 |       30 |   5.270097 |      6 | 0.952030 | 1.214682
1731 | 519000.0 | 519300.0 | 0.005201 | 0.016269 |   5.270097 |      6 | 0.952030 | 0.600000 | 0.676667 | 0.663333 | 0.636667 |   0.819537 |      236 |      203 |       33 |   5.269699 |      6 | 0.956293 | 1.106743
1732 | 519300.0 | 519600.0 | 0.005199 | 0.016268 |   5.269699 |      6 | 0.956293 | 0.600000 | 0.683333 | 0.583333 | 0.653333 |  -2.151465 |      238 |      205 |       33 |   5.269265 |      6 | 0.945106 | 1.389999
1733 | 519600.0 | 519900.0 | 0.005197 | 0.016267 |   5.269265 |      6 | 0.945106 | 0.600000 | 0.716667 | 0.743333 | 0.703333 |   1.229512 |      242 |      215 |       27 |   5.268659 |      6 | 0.951497 | 1.228187
1734 | 519900.0 | 520200.0 | 0.005195 | 0.016265 |   5.268659 |      6 | 0.951497 | 0.600000 | 0.703333 | 0.650000 | 0.666667 |  -0.512340 |      241 |      211 |       30 |   5.268122 |      6 | 0.948835 | 1.295589
1735 | 520200.0 | 520500.0 | 0.005193 | 0.016264 |   5.268122 |      6 | 0.948835 | 0.600000 | 0.730000 | 0.663333 | 0.670000 |  -0.204953 |      244 |      219 |       25 |   5.267447 |      6 | 0.947770 | 1.322541
1736 | 520500.0 | 520800.0 | 0.005191 | 0.016263 |   5.267447 |      6 | 0.947770 | 0.600000 | 0.686667 | 0.653333 | 0.666667 |  -0.409941 |      240 |      206 |       34 |   5.266997 |      6 | 0.945642 | 1.376431
1737 | 520800.0 | 521100.0 | 0.005189 | 0.016261 |   5.266997 |      6 | 0.945642 | 0.600000 | 0.680000 | 0.723333 | 0.720000 |   0.102494 |      240 |      204 |       36 |   5.266582 |      6 | 0.946174 | 1.362962
1738 | 521100.0 | 521400.0 | 0.005188 | 0.016260 |   5.266582 |      6 | 0.946174 | 0.600000 | 0.683333 | 0.706667 | 0.663333 |   1.332531 |      239 |      205 |       34 |   5.266149 |      6 | 0.953087 | 1.187926
1739 | 521400.0 | 521700.0 | 0.005186 | 0.016258 |   5.266149 |      6 | 0.953087 | 0.600000 | 0.643333 | 0.630000 | 0.673333 |  -1.332642 |      235 |      193 |       43 |   5.265925 |      6 | 0.946176 | 1.362910
1740 | 521700.0 | 522000.0 | 0.005184 | 0.016257 |   5.265925 |      6 | 0.946176 | 0.600000 | 0.700000 | 0.626667 | 0.660000 |  -1.025196 |      242 |      210 |       32 |   5.265406 |      6 | 0.940862 | 1.497474
1741 | 522000.0 | 522300.0 | 0.005182 | 0.016256 |   5.265406 |      6 | 0.940862 | 0.600000 | 0.696667 | 0.680000 | 0.690000 |  -0.307584 |      242 |      209 |       32 |   5.264906 |      6 | 0.939268 | 1.537831
1742 | 522300.0 | 522600.0 | 0.005180 | 0.016254 |   5.264906 |      6 | 0.939268 | 0.600000 | 0.660000 | 0.730000 | 0.663333 |   2.050735 |      238 |      198 |       40 |   5.264595 |      6 | 0.949890 | 1.268864
1743 | 522600.0 | 522900.0 | 0.005178 | 0.016253 |   5.264595 |      6 | 0.949890 | 0.600000 | 0.706667 | 0.720000 | 0.710000 |   0.307636 |      241 |      212 |       30 |   5.264042 |      6 | 0.951483 | 1.228530
1744 | 522900.0 | 523200.0 | 0.005176 | 0.016252 |   5.264042 |      6 | 0.951483 | 0.600000 | 0.696667 | 0.646667 | 0.680000 |  -1.025539 |      241 |      209 |       31 |   5.263542 |      6 | 0.946175 | 1.362935
1745 | 523200.0 | 523500.0 | 0.005174 | 0.016250 |   5.263542 |      6 | 0.946175 | 0.600000 | 0.710000 | 0.660000 | 0.676667 |  -0.512812 |      243 |      213 |       30 |   5.262973 |      6 | 0.943522 | 1.430117
1746 | 523500.0 | 523800.0 | 0.005172 | 0.016249 |   5.262973 |      6 | 0.943522 | 0.600000 | 0.673333 | 0.650000 | 0.653333 |  -0.102571 |      238 |      202 |       36 |   5.262594 |      6 | 0.942992 | 1.443549
1747 | 523800.0 | 524100.0 | 0.005170 | 0.016248 |   5.262594 |      6 | 0.942992 | 0.600000 | 0.706667 | 0.690000 | 0.660000 |   0.923216 |      242 |      212 |       30 |   5.262042 |      6 | 0.947764 | 1.322693
1748 | 524100.0 | 524400.0 | 0.005168 | 0.016246 |   5.262042 |      6 | 0.947764 | 0.600000 | 0.706667 | 0.696667 | 0.660000 |   1.128470 |      242 |      212 |       30 |   5.261491 |      6 | 0.953596 | 1.175023
1749 | 524400.0 | 524700.0 | 0.005166 | 0.016245 |   5.261491 |      6 | 0.953596 | 0.600000 | 0.713333 | 0.613333 | 0.650000 |  -1.128564 |      242 |      214 |       28 |   5.260906 |      6 | 0.947766 | 1.322649
1750 | 524700.0 | 525000.0 | 0.005164 | 0.016243 |   5.260906 |      6 | 0.947766 | 0.600000 | 0.730000 | 0.696667 | 0.670000 |   0.820842 |      244 |      219 |       25 |   5.260234 |      6 | 0.952005 | 1.215316
1751 | 525000.0 | 525300.0 | 0.005162 | 0.016242 |   5.260234 |      6 | 0.952005 | 0.600000 | 0.643333 | 0.660000 | 0.686667 |  -0.820910 |      235 |      193 |       43 |   5.260011 |      6 | 0.947767 | 1.322617
1752 | 525300.0 | 525600.0 | 0.005160 | 0.016241 |   5.260011 |      6 | 0.947767 | 0.600000 | 0.706667 | 0.670000 | 0.693333 |  -0.718356 |      242 |      212 |       29 |   5.259460 |      6 | 0.944061 | 1.416478
1753 | 525600.0 | 525900.0 | 0.005158 | 0.016239 |   5.259460 |      6 | 0.944061 | 0.600000 | 0.666667 | 0.650000 | 0.683333 |  -1.026309 |      238 |      200 |       38 |   5.259116 |      6 | 0.938767 | 1.550526
1754 | 525900.0 | 526200.0 | 0.005156 | 0.016238 |   5.259116 |      6 | 0.938767 | 0.600000 | 0.660000 | 0.693333 | 0.646667 |   1.436952 |      238 |      198 |       40 |   5.258807 |      6 | 0.946176 | 1.362915
1755 | 526200.0 | 526500.0 | 0.005154 | 0.016237 |   5.258807 |      6 | 0.946176 | 0.600000 | 0.700000 | 0.676667 | 0.693333 |  -0.513240 |      242 |      210 |       32 |   5.258292 |      6 | 0.943531 | 1.429899
1756 | 526500.0 | 526800.0 | 0.005152 | 0.016235 |   5.258292 |      6 | 0.943531 | 0.600000 | 0.686667 | 0.680000 | 0.686667 |  -0.205313 |      240 |      206 |       34 |   5.257845 |      6 | 0.942473 | 1.456685
1757 | 526800.0 | 527100.0 | 0.005150 | 0.016234 |   5.257845 |      6 | 0.942473 | 0.600000 | 0.723333 | 0.646667 | 0.663333 |  -0.513325 |      244 |      217 |       27 |   5.257210 |      6 | 0.939829 | 1.523630
1758 | 527100.0 | 527400.0 | 0.005148 | 0.016233 |   5.257210 |      6 | 0.939829 | 0.600000 | 0.680000 | 0.660000 | 0.656667 |   0.102674 |      240 |      204 |       36 |   5.256798 |      6 | 0.940358 | 1.510245
1759 | 527400.0 | 527700.0 | 0.005146 | 0.016231 |   5.256798 |      6 | 0.940358 | 0.600000 | 0.660000 | 0.670000 | 0.680000 |  -0.308046 |      238 |      198 |       40 |   5.256489 |      6 | 0.938772 | 1.550388
1760 | 527700.0 | 528000.0 | 0.005144 | 0.016230 |   5.256489 |      6 | 0.938772 | 0.600000 | 0.690000 | 0.700000 | 0.663333 |   1.129596 |      241 |      207 |       34 |   5.256026 |      6 | 0.944584 | 1.403239
1761 | 528000.0 | 528300.0 | 0.005143 | 0.016229 |   5.256026 |      6 | 0.944584 | 0.600000 | 0.690000 | 0.706667 | 0.676667 |   0.924292 |      240 |      207 |       33 |   5.255563 |      6 | 0.949337 | 1.282880
1762 | 528300.0 | 528600.0 | 0.005141 | 0.016227 |   5.255563 |      6 | 0.949337 | 0.600000 | 0.693333 | 0.690000 | 0.630000 |   1.848736 |      241 |      208 |       33 |   5.255084 |      6 | 0.958840 | 1.042231
1763 | 528600.0 | 528900.0 | 0.005139 | 0.016226 |   5.255084 |      6 | 0.958840 | 0.600000 | 0.680000 | 0.556667 | 0.680000 |  -3.800495 |      235 |      204 |       31 |   5.254672 |      6 | 0.939311 | 1.536752
1764 | 528900.0 | 529200.0 | 0.005137 | 0.016225 |   5.254672 |      6 | 0.939311 | 0.600000 | 0.723333 | 0.673333 | 0.663333 |   0.308174 |      244 |      217 |       27 |   5.254039 |      6 | 0.940894 | 1.496667
1765 | 529200.0 | 529500.0 | 0.005135 | 0.016223 |   5.254039 |      6 | 0.940894 | 0.600000 | 0.710000 | 0.736667 | 0.656667 |   2.465594 |      243 |      213 |       30 |   5.253474 |      6 | 0.953554 | 1.176085
1766 | 529500.0 | 529800.0 | 0.005133 | 0.016222 |   5.253474 |      6 | 0.953554 | 0.600000 | 0.706667 | 0.616667 | 0.713333 |  -2.979505 |      240 |      212 |       29 |   5.252927 |      6 | 0.938261 | 1.563342
1767 | 529800.0 | 530100.0 | 0.005131 | 0.016221 |   5.252927 |      6 | 0.938261 | 0.600000 | 0.663333 | 0.713333 | 0.690000 |   0.719250 |      238 |      199 |       38 |   5.252602 |      6 | 0.941951 | 1.469894
1768 | 530100.0 | 530400.0 | 0.005129 | 0.016219 |   5.252602 |      6 | 0.941951 | 0.600000 | 0.683333 | 0.676667 | 0.690000 |  -0.411034 |      240 |      205 |       35 |   5.252174 |      6 | 0.939843 | 1.523277
1769 | 530400.0 | 530700.0 | 0.005127 | 0.016218 |   5.252174 |      6 | 0.939843 | 0.600000 | 0.716667 | 0.670000 | 0.703333 |  -1.027670 |      244 |      215 |       29 |   5.251576 |      6 | 0.934574 | 1.656697
1770 | 530700.0 | 531000.0 | 0.005125 | 0.016217 |   5.251576 |      6 | 0.934574 | 0.600000 | 0.703333 | 0.696667 | 0.643333 |   1.644407 |      242 |      211 |       31 |   5.251046 |      6 | 0.943002 | 1.443288
1771 | 531000.0 | 531300.0 | 0.005123 | 0.016215 |   5.251046 |      6 | 0.943002 | 0.600000 | 0.703333 | 0.723333 | 0.703333 |   0.616704 |      243 |      211 |       32 |   5.250517 |      6 | 0.946162 | 1.363282
1772 | 531300.0 | 531600.0 | 0.005121 | 0.016214 |   5.250517 |      6 | 0.946162 | 0.600000 | 0.693333 | 0.696667 | 0.626667 |   2.158640 |      240 |      208 |       33 |   5.250039 |      6 | 0.957217 | 1.083346
1773 | 531600.0 | 531900.0 | 0.005119 | 0.016213 |   5.250039 |      6 | 0.957217 | 0.600000 | 0.680000 | 0.583333 | 0.686667 |  -3.186827 |      238 |      204 |       33 |   5.249630 |      6 | 0.940902 | 1.496465
1774 | 531900.0 | 532200.0 | 0.005118 | 0.016211 |   5.249630 |      6 | 0.940902 | 0.600000 | 0.690000 | 0.720000 | 0.686667 |   1.028093 |      240 |      207 |       33 |   5.249169 |      6 | 0.946163 | 1.363240
1775 | 532200.0 | 532500.0 | 0.005116 | 0.016210 |   5.249169 |      6 | 0.946163 | 0.600000 | 0.680000 | 0.686667 | 0.630000 |   1.747902 |      240 |      204 |       36 |   5.248760 |      6 | 0.955105 | 1.136822
1776 | 532500.0 | 532800.0 | 0.005114 | 0.016209 |   5.248760 |      6 | 0.955105 | 0.600000 | 0.690000 | 0.616667 | 0.676667 |  -1.850872 |      239 |      207 |       32 |   5.248299 |      6 | 0.945640 | 1.376489
1777 | 532800.0 | 533100.0 | 0.005112 | 0.016207 |   5.248299 |      6 | 0.945640 | 0.600000 | 0.716667 | 0.710000 | 0.690000 |   0.617008 |      244 |      215 |       29 |   5.247703 |      6 | 0.948794 | 1.296623
1778 | 533100.0 | 533400.0 | 0.005110 | 0.016206 |   5.247703 |      6 | 0.948794 | 0.600000 | 0.726667 | 0.653333 | 0.680000 |  -0.822745 |      243 |      218 |       26 |   5.247056 |      6 | 0.944590 | 1.403079
1779 | 533400.0 | 533700.0 | 0.005108 | 0.016205 |   5.247056 |      6 | 0.944590 | 0.600000 | 0.686667 | 0.673333 | 0.693333 |  -0.617109 |      240 |      206 |       33 |   5.246613 |      6 | 0.941438 | 1.482898
1780 | 533700.0 | 534000.0 | 0.005106 | 0.016203 |   5.246613 |      6 | 0.941438 | 0.600000 | 0.676667 | 0.723333 | 0.680000 |   1.337180 |      240 |      203 |       37 |   5.246222 |      6 | 0.948265 | 1.310007
1781 | 534000.0 | 534300.0 | 0.005104 | 0.016202 |   5.246222 |      6 | 0.948265 | 0.600000 | 0.683333 | 0.686667 | 0.696667 |  -0.308605 |      240 |      205 |       35 |   5.245796 |      6 | 0.946690 | 1.349894
1782 | 534300.0 | 534600.0 | 0.005102 | 0.016201 |   5.245796 |      6 | 0.946690 | 0.600000 | 0.726667 | 0.696667 | 0.650000 |   1.440276 |      243 |      218 |       25 |   5.245150 |      6 | 0.954039 | 1.163811
1783 | 534600.0 | 534900.0 | 0.005100 | 0.016199 |   5.245150 |      6 | 0.954039 | 0.600000 | 0.730000 | 0.633333 | 0.650000 |  -0.514426 |      243 |      219 |       24 |   5.244487 |      6 | 0.951415 | 1.230250
1784 | 534900.0 | 535200.0 | 0.005099 | 0.016198 |   5.244487 |      6 | 0.951415 | 0.600000 | 0.723333 | 0.690000 | 0.693333 |  -0.102894 |      242 |      217 |       25 |   5.243858 |      6 | 0.950891 | 1.243534
1785 | 535200.0 | 535500.0 | 0.005097 | 0.016197 |   5.243858 |      6 | 0.950891 | 0.600000 | 0.696667 | 0.620000 | 0.656667 |  -1.131923 |      241 |      209 |       32 |   5.243365 |      6 | 0.945122 | 1.389614
1786 | 535500.0 | 535800.0 | 0.005095 | 0.016195 |   5.243365 |      6 | 0.945122 | 0.600000 | 0.673333 | 0.723333 | 0.640000 |   2.572762 |      239 |      202 |       37 |   5.242992 |      6 | 0.958229 | 1.057710
1787 | 535800.0 | 536100.0 | 0.005093 | 0.016194 |   5.242992 |      6 | 0.958229 | 0.600000 | 0.693333 | 0.563333 | 0.686667 |  -3.807999 |      238 |      208 |       30 |   5.242517 |      6 | 0.938836 | 1.548787
1788 | 536100.0 | 536400.0 | 0.005091 | 0.016193 |   5.242517 |      6 | 0.938836 | 0.600000 | 0.713333 | 0.693333 | 0.720000 |  -0.823418 |      244 |      214 |       30 |   5.241940 |      6 | 0.934644 | 1.654935
1789 | 536400.0 | 536700.0 | 0.005089 | 0.016191 |   5.241940 |      6 | 0.934644 | 0.600000 | 0.676667 | 0.690000 | 0.640000 |   1.544035 |      239 |      203 |       36 |   5.241549 |      6 | 0.942501 | 1.455965
1790 | 536700.0 | 537000.0 | 0.005087 | 0.016190 |   5.241549 |      6 | 0.942501 | 0.600000 | 0.696667 | 0.690000 | 0.683333 |   0.205888 |      241 |      209 |       32 |   5.241058 |      6 | 0.943549 | 1.429443
1791 | 537000.0 | 537300.0 | 0.005085 | 0.016189 |   5.241058 |      6 | 0.943549 | 0.600000 | 0.726667 | 0.660000 | 0.683333 |  -0.720667 |      245 |      218 |       27 |   5.240414 |      6 | 0.939884 | 1.522242
1792 | 537300.0 | 537600.0 | 0.005083 | 0.016187 |   5.240414 |      6 | 0.939884 | 0.600000 | 0.670000 | 0.730000 | 0.683333 |   1.441452 |      238 |      201 |       37 |   5.240058 |      6 | 0.947211 | 1.336697
1793 | 537600.0 | 537900.0 | 0.005082 | 0.016186 |   5.240058 |      6 | 0.947211 | 0.600000 | 0.723333 | 0.663333 | 0.636667 |   0.823754 |      244 |      217 |       27 |   5.239431 |      6 | 0.951397 | 1.230702
1794 | 537900.0 | 538200.0 | 0.005080 | 0.016185 |   5.239431 |      6 | 0.951397 | 0.600000 | 0.680000 | 0.696667 | 0.690000 |   0.205955 |      239 |      204 |       35 |   5.239025 |      6 | 0.952444 | 1.204211
1795 | 538200.0 | 538500.0 | 0.005078 | 0.016183 |   5.239025 |      6 | 0.952444 | 0.600000 | 0.706667 | 0.650000 | 0.690000 |  -1.235832 |      241 |      212 |       29 |   5.238483 |      6 | 0.946168 | 1.363112
1796 | 538500.0 | 538800.0 | 0.005076 | 0.016182 |   5.238483 |      6 | 0.946168 | 0.600000 | 0.690000 | 0.710000 | 0.723333 |  -0.411977 |      240 |      207 |       33 |   5.238026 |      6 | 0.944077 | 1.416064
1797 | 538800.0 | 539100.0 | 0.005074 | 0.016181 |   5.238026 |      6 | 0.944077 | 0.600000 | 0.703333 | 0.633333 | 0.686667 |  -1.648044 |      242 |      211 |       31 |   5.237502 |      6 | 0.935715 | 1.627810
1798 | 539100.0 | 539400.0 | 0.005072 | 0.016179 |   5.237502 |      6 | 0.935715 | 0.600000 | 0.680000 | 0.743333 | 0.623333 |   3.708400 |      240 |      204 |       36 |   5.237096 |      6 | 0.954524 | 1.151519
1799 | 539400.0 | 539700.0 | 0.005070 | 0.016178 |   5.237096 |      6 | 0.954524 | 0.600000 | 0.726667 | 0.596667 | 0.683333 |  -2.678506 |      243 |      218 |       25 |   5.236454 |      6 | 0.940944 | 1.495408
1800 | 539700.0 | 540000.0 | 0.005068 | 0.016177 |   5.236454 |      6 | 0.940944 | 0.600000 | 0.710000 | 0.723333 | 0.670000 |   1.648445 |      242 |      213 |       29 |   5.235896 |      6 | 0.949299 | 1.283844
1801 | 540000.0 | 540300.0 | 0.005067 | 0.016176 |   5.235896 |      6 | 0.949299 | 0.600000 | 0.683333 | 0.696667 | 0.673333 |   0.721253 |      239 |      205 |       34 |   5.235474 |      6 | 0.952953 | 1.191312
1802 | 540300.0 | 540600.0 | 0.005065 | 0.016174 |   5.235474 |      6 | 0.952953 | 0.600000 | 0.650000 | 0.593333 | 0.663333 |  -2.163935 |      236 |      195 |       41 |   5.235221 |      6 | 0.941993 | 1.468829
1803 | 540600.0 | 540900.0 | 0.005063 | 0.016173 |   5.235221 |      6 | 0.941993 | 0.600000 | 0.650000 | 0.703333 | 0.596667 |   3.297692 |      236 |      195 |       41 |   5.234968 |      6 | 0.958689 | 1.046067
1804 | 540900.0 | 541200.0 | 0.005061 | 0.016172 |   5.234968 |      6 | 0.958689 | 0.600000 | 0.713333 | 0.546667 | 0.686667 |  -4.328570 |      241 |      214 |       27 |   5.234394 |      6 | 0.936782 | 1.600783
1805 | 541200.0 | 541500.0 | 0.005059 | 0.016170 |   5.234394 |      6 | 0.936782 | 0.600000 | 0.680000 | 0.680000 | 0.696667 |  -0.515348 |      241 |      204 |       37 |   5.233989 |      6 | 0.934175 | 1.666802
1806 | 541500.0 | 541800.0 | 0.005057 | 0.016169 |   5.233989 |      6 | 0.934175 | 0.600000 | 0.670000 | 0.743333 | 0.630000 |   3.504648 |      239 |      201 |       38 |   5.233635 |      6 | 0.951899 | 1.218003
1807 | 541800.0 | 542100.0 | 0.005055 | 0.016168 |   5.233635 |      6 | 0.951899 | 0.600000 | 0.693333 | 0.613333 | 0.700000 |  -2.680241 |      240 |      208 |       32 |   5.233164 |      6 | 0.938349 | 1.561104
1808 | 542100.0 | 542400.0 | 0.005054 | 0.016166 |   5.233164 |      6 | 0.938349 | 0.600000 | 0.656667 | 0.673333 | 0.716667 |  -1.340229 |      237 |      197 |       40 |   5.232877 |      6 | 0.931576 | 1.732605
1809 | 542400.0 | 542700.0 | 0.005052 | 0.016165 |   5.232877 |      6 | 0.931576 | 0.600000 | 0.680000 | 0.746667 | 0.643333 |   3.196188 |      241 |      204 |       38 |   5.232473 |      6 | 0.947722 | 1.323758
1810 | 542700.0 | 543000.0 | 0.005050 | 0.016164 |   5.232473 |      6 | 0.947722 | 0.600000 | 0.710000 | 0.710000 | 0.666667 |   1.340445 |      242 |      213 |       28 |   5.231918 |      6 | 0.954491 | 1.152355
1811 | 543000.0 | 543300.0 | 0.005048 | 0.016162 |   5.231918 |      6 | 0.954491 | 0.600000 | 0.683333 | 0.630000 | 0.703333 |  -2.268628 |      238 |      205 |       34 |   5.231497 |      6 | 0.943039 | 1.442339
1812 | 543300.0 | 543600.0 | 0.005046 | 0.016161 |   5.231497 |      6 | 0.943039 | 0.600000 | 0.700000 | 0.666667 | 0.706667 |  -1.237533 |      243 |      210 |       32 |   5.230992 |      6 | 0.936795 | 1.600467
1813 | 543600.0 | 543900.0 | 0.005044 | 0.016160 |   5.230992 |      6 | 0.936795 | 0.600000 | 0.726667 | 0.643333 | 0.716667 |  -2.268994 |      244 |      218 |       26 |   5.230353 |      6 | 0.925349 | 1.890285
1814 | 543900.0 | 544200.0 | 0.005042 | 0.016159 |   5.230353 |      6 | 0.925349 | 0.600000 | 0.730000 | 0.663333 | 0.646667 |   0.515722 |      245 |      219 |       26 |   5.229698 |      6 | 0.927950 | 1.824436
1815 | 544200.0 | 544500.0 | 0.005041 | 0.016157 |   5.229698 |      6 | 0.927950 | 0.600000 | 0.720000 | 0.683333 | 0.670000 |   0.412611 |      244 |      216 |       28 |   5.229093 |      6 | 0.930030 | 1.771772
1816 | 544500.0 | 544800.0 | 0.005039 | 0.016156 |   5.229093 |      6 | 0.930030 | 0.600000 | 0.653333 | 0.683333 | 0.626667 |   1.753737 |      237 |      196 |       41 |   5.228824 |      6 | 0.938866 | 1.548013
1817 | 544800.0 | 545100.0 | 0.005037 | 0.016155 |   5.228824 |      6 | 0.938866 | 0.600000 | 0.736667 | 0.673333 | 0.673333 |   0.000000 |      246 |      221 |       25 |   5.228136 |      6 | 0.938866 | 1.548013
1818 | 545100.0 | 545400.0 | 0.005035 | 0.016153 |   5.228136 |      6 | 0.938866 | 0.600000 | 0.720000 | 0.650000 | 0.716667 |  -2.063551 |      243 |      216 |       28 |   5.227532 |      6 | 0.928476 | 1.811109
1819 | 545400.0 | 545700.0 | 0.005033 | 0.016152 |   5.227532 |      6 | 0.928476 | 0.600000 | 0.660000 | 0.660000 | 0.670000 |  -0.309558 |      238 |      198 |       39 |   5.227230 |      6 | 0.926918 | 1.850562
1820 | 545700.0 | 546000.0 | 0.005031 | 0.016151 |   5.227230 |      6 | 0.926918 | 0.600000 | 0.710000 | 0.716667 | 0.676667 |   1.238330 |      246 |      213 |       33 |   5.226676 |      6 | 0.933149 | 1.692794
1821 | 546000.0 | 546300.0 | 0.005030 | 0.016149 |   5.226676 |      6 | 0.933149 | 0.600000 | 0.733333 | 0.693333 | 0.636667 |   1.754441 |      244 |      220 |       24 |   5.226006 |      6 | 0.941973 | 1.469353
1822 | 546300.0 | 546600.0 | 0.005028 | 0.016148 |   5.226006 |      6 | 0.941973 | 0.600000 | 0.696667 | 0.676667 | 0.670000 |   0.206421 |      241 |      209 |       32 |   5.225520 |      6 | 0.943010 | 1.443074
1823 | 546600.0 | 546900.0 | 0.005026 | 0.016147 |   5.225520 |      6 | 0.943010 | 0.600000 | 0.650000 | 0.680000 | 0.650000 |   0.928970 |      238 |      195 |       43 |   5.225268 |      6 | 0.947679 | 1.324848
1824 | 546900.0 | 547200.0 | 0.005024 | 0.016146 |   5.225268 |      6 | 0.947679 | 0.600000 | 0.663333 | 0.640000 | 0.630000 |   0.309682 |      238 |      199 |       39 |   5.224950 |      6 | 0.949235 | 1.285451
1825 | 547200.0 | 547500.0 | 0.005022 | 0.016144 |   5.224950 |      6 | 0.949235 | 0.600000 | 0.673333 | 0.630000 | 0.623333 |   0.206471 |      237 |      202 |       35 |   5.224582 |      6 | 0.950272 | 1.259194
1826 | 547500.0 | 547800.0 | 0.005020 | 0.016143 |   5.224582 |      6 | 0.950272 | 0.600000 | 0.743333 | 0.673333 | 0.663333 |   0.309731 |      246 |      223 |       23 |   5.223862 |      6 | 0.951827 | 1.219819
1827 | 547800.0 | 548100.0 | 0.005019 | 0.016142 |   5.223862 |      6 | 0.951827 | 0.600000 | 0.690000 | 0.666667 | 0.676667 |  -0.309756 |      240 |      207 |       33 |   5.223410 |      6 | 0.950273 | 1.259183
1828 | 548100.0 | 548400.0 | 0.005017 | 0.016140 |   5.223410 |      6 | 0.950273 | 0.600000 | 0.670000 | 0.666667 | 0.670000 |  -0.103260 |      237 |      201 |       37 |   5.223059 |      6 | 0.949755 | 1.272300
1829 | 548400.0 | 548700.0 | 0.005015 | 0.016139 |   5.223059 |      6 | 0.949755 | 0.600000 | 0.686667 | 0.666667 | 0.686667 |  -0.619611 |      239 |      206 |       32 |   5.222625 |      6 | 0.946647 | 1.350983
1830 | 548700.0 | 549000.0 | 0.005013 | 0.016138 |   5.222625 |      6 | 0.946647 | 0.600000 | 0.713333 | 0.626667 | 0.670000 |  -1.342597 |      243 |      214 |       29 |   5.222057 |      6 | 0.939917 | 1.521414
1831 | 549000.0 | 549300.0 | 0.005011 | 0.016137 |   5.222057 |      6 | 0.939917 | 0.600000 | 0.700000 | 0.730000 | 0.653333 |   2.375554 |      241 |      210 |       31 |   5.221555 |      6 | 0.951821 | 1.219968
1832 | 549300.0 | 549600.0 | 0.005010 | 0.016135 |   5.221555 |      6 | 0.951821 | 0.600000 | 0.646667 | 0.616667 | 0.643333 |  -0.826346 |      234 |      194 |       40 |   5.221322 |      6 | 0.947682 | 1.324789
1833 | 549600.0 | 549900.0 | 0.005008 | 0.016134 |   5.221322 |      6 | 0.947682 | 0.600000 | 0.683333 | 0.690000 | 0.666667 |   0.723110 |      238 |      205 |       34 |   5.220904 |      6 | 0.951303 | 1.233096
1834 | 549900.0 | 550200.0 | 0.005006 | 0.016133 |   5.220904 |      6 | 0.951303 | 0.600000 | 0.716667 | 0.676667 | 0.640000 |   1.136406 |      243 |      215 |       27 |   5.220320 |      6 | 0.956992 | 1.089048
1835 | 550200.0 | 550500.0 | 0.005004 | 0.016131 |   5.220320 |      6 | 0.956992 | 0.600000 | 0.666667 | 0.586667 | 0.640000 |  -1.653086 |      234 |      200 |       35 |   5.219987 |      6 | 0.948719 | 1.298513
1836 | 550500.0 | 550800.0 | 0.005002 | 0.016130 |   5.219987 |      6 | 0.948719 | 0.600000 | 0.686667 | 0.676667 | 0.703333 |  -0.826609 |      241 |      206 |       34 |   5.219553 |      6 | 0.944584 | 1.403216
1837 | 550800.0 | 551100.0 | 0.005000 | 0.016129 |   5.219553 |      6 | 0.944584 | 0.600000 | 0.690000 | 0.660000 | 0.666667 |  -0.206669 |      240 |      207 |       33 |   5.219103 |      6 | 0.943551 | 1.429385
1838 | 551100.0 | 551400.0 | 0.004999 | 0.016128 |   5.219103 |      6 | 0.943551 | 0.600000 | 0.693333 | 0.653333 | 0.636667 |   0.516713 |      241 |      208 |       33 |   5.218637 |      6 | 0.946134 | 1.363982
1839 | 551400.0 | 551700.0 | 0.004997 | 0.016126 |   5.218637 |      6 | 0.946134 | 0.600000 | 0.656667 | 0.663333 | 0.640000 |   0.723455 |      236 |      197 |       39 |   5.218353 |      6 | 0.949749 | 1.272444
1840 | 551700.0 | 552000.0 | 0.004995 | 0.016125 |   5.218353 |      6 | 0.949749 | 0.600000 | 0.703333 | 0.640000 | 0.703333 |  -1.963820 |      241 |      211 |       30 |   5.217837 |      6 | 0.939940 | 1.520834
1841 | 552000.0 | 552300.0 | 0.004993 | 0.016124 |   5.217837 |      6 | 0.939940 | 0.600000 | 0.743333 | 0.670000 | 0.633333 |   1.137038 |      246 |      223 |       23 |   5.217122 |      6 | 0.945617 | 1.377070
1842 | 552300.0 | 552600.0 | 0.004991 | 0.016122 |   5.217122 |      6 | 0.945617 | 0.600000 | 0.710000 | 0.663333 | 0.703333 |  -1.240504 |      243 |      213 |       30 |   5.216573 |      6 | 0.939425 | 1.533860
1843 | 552600.0 | 552900.0 | 0.004990 | 0.016121 |   5.216573 |      6 | 0.939425 | 0.600000 | 0.656667 | 0.700000 | 0.666667 |   1.033835 |      238 |      197 |       41 |   5.216290 |      6 | 0.944584 | 1.403238
1844 | 552900.0 | 553200.0 | 0.004988 | 0.016120 |   5.216290 |      6 | 0.944584 | 0.600000 | 0.676667 | 0.656667 | 0.690000 |  -1.033917 |      238 |      203 |       35 |   5.215907 |      6 | 0.939427 | 1.533823
1845 | 553200.0 | 553500.0 | 0.004986 | 0.016119 |   5.215907 |      6 | 0.939427 | 0.600000 | 0.743333 | 0.646667 | 0.656667 |  -0.310200 |      247 |      223 |       24 |   5.215193 |      6 | 0.937880 | 1.572987
1846 | 553500.0 | 553800.0 | 0.004984 | 0.016117 |   5.215193 |      6 | 0.937880 | 0.600000 | 0.700000 | 0.696667 | 0.673333 |   0.723857 |      242 |      210 |       32 |   5.214694 |      6 | 0.941488 | 1.481629
1847 | 553800.0 | 554100.0 | 0.004982 | 0.016116 |   5.214694 |      6 | 0.941488 | 0.600000 | 0.736667 | 0.636667 | 0.663333 |  -0.827330 |      246 |      221 |       25 |   5.214013 |      6 | 0.937366 | 1.586009
1848 | 554100.0 | 554400.0 | 0.004981 | 0.016115 |   5.214013 |      6 | 0.937366 | 0.600000 | 0.713333 | 0.693333 | 0.663333 |   0.930820 |      242 |      214 |       28 |   5.213449 |      6 | 0.942002 | 1.468615
1849 | 554400.0 | 554700.0 | 0.004979 | 0.016114 |   5.213449 |      6 | 0.942002 | 0.600000 | 0.723333 | 0.646667 | 0.676667 |  -0.930894 |      245 |      217 |       28 |   5.212835 |      6 | 0.937367 | 1.585976
1850 | 554700.0 | 555000.0 | 0.004977 | 0.016112 |   5.212835 |      6 | 0.937367 | 0.600000 | 0.683333 | 0.690000 | 0.690000 |   0.000000 |      240 |      205 |       35 |   5.212420 |      6 | 0.937367 | 1.585976
1851 | 555000.0 | 555300.0 | 0.004975 | 0.016111 |   5.212420 |      6 | 0.937367 | 0.600000 | 0.683333 | 0.713333 | 0.653333 |   1.862081 |      240 |      205 |       35 |   5.212005 |      6 | 0.946631 | 1.351385
1852 | 555300.0 | 555600.0 | 0.004974 | 0.016110 |   5.212005 |      6 | 0.946631 | 0.600000 | 0.713333 | 0.710000 | 0.673333 |   1.138028 |      243 |      214 |       29 |   5.211442 |      6 | 0.952291 | 1.208064
1853 | 555600.0 | 555900.0 | 0.004972 | 0.016108 |   5.211442 |      6 | 0.952291 | 0.600000 | 0.680000 | 0.646667 | 0.620000 |   0.827722 |      238 |      204 |       34 |   5.211044 |      6 | 0.956407 | 1.103859
1854 | 555900.0 | 556200.0 | 0.004970 | 0.016107 |   5.211044 |      6 | 0.956407 | 0.600000 | 0.720000 | 0.600000 | 0.693333 |  -2.897256 |      242 |      216 |       26 |   5.210448 |      6 | 0.942007 | 1.468473
1855 | 556200.0 | 556500.0 | 0.004968 | 0.016106 |   5.210448 |      6 | 0.942007 | 0.600000 | 0.693333 | 0.700000 | 0.660000 |   1.241779 |      240 |      208 |       32 |   5.209984 |      6 | 0.948177 | 1.312254
1856 | 556500.0 | 556800.0 | 0.004966 | 0.016105 |   5.209984 |      6 | 0.948177 | 0.600000 | 0.653333 | 0.686667 | 0.673333 |   0.413959 |      237 |      196 |       42 |   5.209719 |      6 | 0.950233 | 1.260195
1857 | 556800.0 | 557100.0 | 0.004965 | 0.016103 |   5.209719 |      6 | 0.950233 | 0.600000 | 0.696667 | 0.700000 | 0.643333 |   1.759464 |      239 |      209 |       29 |   5.209239 |      6 | 0.958968 | 1.039008
1858 | 557100.0 | 557400.0 | 0.004963 | 0.016102 |   5.209239 |      6 | 0.958968 | 0.600000 | 0.670000 | 0.540000 | 0.696667 |  -4.864782 |      237 |      201 |       36 |   5.208892 |      6 | 0.934825 | 1.650355
1859 | 557400.0 | 557700.0 | 0.004961 | 0.016101 |   5.208892 |      6 | 0.934825 | 0.600000 | 0.716667 | 0.670000 | 0.656667 |   0.414057 |      244 |      215 |       29 |   5.208313 |      6 | 0.936879 | 1.598340
1860 | 557700.0 | 558000.0 | 0.004959 | 0.016100 |   5.208313 |      6 | 0.936879 | 0.600000 | 0.703333 | 0.686667 | 0.620000 |   2.070445 |      242 |      211 |       31 |   5.207800 |      6 | 0.947147 | 1.338337
1861 | 558000.0 | 558300.0 | 0.004958 | 0.016098 |   5.207800 |      6 | 0.947147 | 0.600000 | 0.740000 | 0.700000 | 0.713333 |  -0.414122 |      246 |      222 |       24 |   5.207106 |      6 | 0.945094 | 1.390323
1862 | 558300.0 | 558600.0 | 0.004956 | 0.016097 |   5.207106 |      6 | 0.945094 | 0.600000 | 0.660000 | 0.656667 | 0.680000 |  -0.724770 |      237 |      198 |       39 |   5.206809 |      6 | 0.941502 | 1.481273
1863 | 558600.0 | 558900.0 | 0.004954 | 0.016096 |   5.206809 |      6 | 0.941502 | 0.600000 | 0.670000 | 0.713333 | 0.716667 |  -0.103547 |      239 |      201 |       38 |   5.206462 |      6 | 0.940989 | 1.494263
1864 | 558900.0 | 559200.0 | 0.004952 | 0.016095 |   5.206462 |      6 | 0.940989 | 0.600000 | 0.653333 | 0.696667 | 0.700000 |  -0.103555 |      238 |      196 |       42 |   5.206198 |      6 | 0.940476 | 1.507248
1865 | 559200.0 | 559500.0 | 0.004950 | 0.016093 |   5.206198 |      6 | 0.940476 | 0.600000 | 0.656667 | 0.703333 | 0.700000 |   0.103563 |      238 |      197 |       41 |   5.205918 |      6 | 0.940989 | 1.494266
1866 | 559500.0 | 559800.0 | 0.004949 | 0.016092 |   5.205918 |      6 | 0.940989 | 0.600000 | 0.660000 | 0.690000 | 0.683333 |   0.207142 |      237 |      198 |       39 |   5.205621 |      6 | 0.942014 | 1.468309
1867 | 559800.0 | 560100.0 | 0.004947 | 0.016091 |   5.205621 |      6 | 0.942014 | 0.600000 | 0.696667 | 0.636667 | 0.653333 |  -0.517895 |      241 |      209 |       32 |   5.205143 |      6 | 0.939452 | 1.533184
1868 | 560100.0 | 560400.0 | 0.004945 | 0.016090 |   5.205143 |      6 | 0.939452 | 0.600000 | 0.730000 | 0.700000 | 0.676667 |   0.725110 |      246 |      219 |       27 |   5.204500 |      6 | 0.943038 | 1.442385
1869 | 560400.0 | 560700.0 | 0.004943 | 0.016088 |   5.204500 |      6 | 0.943038 | 0.600000 | 0.700000 | 0.643333 | 0.676667 |  -1.035953 |      241 |      210 |       31 |   5.204005 |      6 | 0.937916 | 1.572061
1870 | 560700.0 | 561000.0 | 0.004942 | 0.016087 |   5.204005 |      6 | 0.937916 | 0.600000 | 0.713333 | 0.676667 | 0.646667 |   0.932430 |      243 |      214 |       29 |   5.203445 |      6 | 0.942524 | 1.455385
1871 | 561000.0 | 561300.0 | 0.004940 | 0.016086 |   5.203445 |      6 | 0.942524 | 0.600000 | 0.716667 | 0.703333 | 0.670000 |   1.036115 |      243 |      215 |       28 |   5.202869 |      6 | 0.947643 | 1.325780
1872 | 561300.0 | 561600.0 | 0.004938 | 0.016084 |   5.202869 |      6 | 0.947643 | 0.600000 | 0.686667 | 0.626667 | 0.713333 |  -2.694109 |      240 |      206 |       34 |   5.202441 |      6 | 0.934339 | 1.662659
1873 | 561600.0 | 561900.0 | 0.004936 | 0.016083 |   5.202441 |      6 | 0.934339 | 0.600000 | 0.706667 | 0.663333 | 0.680000 |  -0.518138 |      243 |      212 |       31 |   5.201914 |      6 | 0.931781 | 1.727425
1874 | 561900.0 | 562200.0 | 0.004935 | 0.016082 |   5.201914 |      6 | 0.931781 | 0.600000 | 0.680000 | 0.706667 | 0.693333 |   0.414543 |      240 |      204 |       36 |   5.201520 |      6 | 0.933827 | 1.675627
1875 | 562200.0 | 562500.0 | 0.004933 | 0.016081 |   5.201520 |      6 | 0.933827 | 0.600000 | 0.703333 | 0.690000 | 0.683333 |   0.207288 |      243 |      211 |       32 |   5.201010 |      6 | 0.934849 | 1.649734
1876 | 562500.0 | 562800.0 | 0.004931 | 0.016079 |   5.201010 |      6 | 0.934849 | 0.600000 | 0.710000 | 0.680000 | 0.680000 |   0.000000 |      243 |      213 |       30 |   5.200467 |      6 | 0.934849 | 1.649734
1877 | 562800.0 | 563100.0 | 0.004929 | 0.016078 |   5.200467 |      6 | 0.934849 | 0.600000 | 0.686667 | 0.673333 | 0.670000 |   0.103660 |      241 |      206 |       35 |   5.200040 |      6 | 0.935360 | 1.636795
1878 | 563100.0 | 563400.0 | 0.004928 | 0.016077 |   5.200040 |      6 | 0.935360 | 0.600000 | 0.680000 | 0.726667 | 0.666667 |   1.866024 |      240 |      204 |       36 |   5.199646 |      6 | 0.944555 | 1.403958
1879 | 563400.0 | 563700.0 | 0.004926 | 0.016076 |   5.199646 |      6 | 0.944555 | 0.600000 | 0.723333 | 0.653333 | 0.633333 |   0.622056 |      244 |      217 |       27 |   5.199039 |      6 | 0.947619 | 1.326367
1880 | 563700.0 | 564000.0 | 0.004924 | 0.016074 |   5.199039 |      6 | 0.947619 | 0.600000 | 0.683333 | 0.666667 | 0.666667 |   0.000000 |      240 |      205 |       35 |   5.198628 |      6 | 0.947619 | 1.326367
1881 | 564000.0 | 564300.0 | 0.004922 | 0.016073 |   5.198628 |      6 | 0.947619 | 0.600000 | 0.723333 | 0.713333 | 0.670000 |   1.347999 |      243 |      217 |       26 |   5.198021 |      6 | 0.954255 | 1.158346
1882 | 564300.0 | 564600.0 | 0.004921 | 0.016072 |   5.198021 |      6 | 0.954255 | 0.600000 | 0.706667 | 0.636667 | 0.680000 |  -1.348103 |      242 |      212 |       30 |   5.197496 |      6 | 0.947621 | 1.326321
1883 | 564600.0 | 564900.0 | 0.004919 | 0.016071 |   5.197496 |      6 | 0.947621 | 0.600000 | 0.696667 | 0.650000 | 0.716667 |  -2.074166 |      241 |      209 |       32 |   5.197021 |      6 | 0.937418 | 1.584672
1884 | 564900.0 | 565200.0 | 0.004917 | 0.016069 |   5.197021 |      6 | 0.937418 | 0.600000 | 0.726667 | 0.673333 | 0.666667 |   0.207433 |      245 |      218 |       27 |   5.196398 |      6 | 0.938438 | 1.558844
1885 | 565200.0 | 565500.0 | 0.004915 | 0.016068 |   5.196398 |      6 | 0.938438 | 0.600000 | 0.656667 | 0.693333 | 0.670000 |   0.726071 |      238 |      197 |       41 |   5.196119 |      6 | 0.942007 | 1.468471
1886 | 565500.0 | 565800.0 | 0.004914 | 0.016067 |   5.196119 |      6 | 0.942007 | 0.600000 | 0.720000 | 0.670000 | 0.670000 |   0.000000 |      243 |      216 |       27 |   5.195530 |      6 | 0.942007 | 1.468471
1887 | 565800.0 | 566100.0 | 0.004912 | 0.016066 |   5.195530 |      6 | 0.942007 | 0.600000 | 0.700000 | 0.626667 | 0.700000 |  -2.282290 |      241 |      210 |       31 |   5.195038 |      6 | 0.930797 | 1.752345
1888 | 566100.0 | 566400.0 | 0.004910 | 0.016064 |   5.195038 |      6 | 0.930797 | 0.600000 | 0.720000 | 0.663333 | 0.693333 |  -0.933736 |      244 |      216 |       28 |   5.194449 |      6 | 0.926212 | 1.868444
1889 | 566400.0 | 566700.0 | 0.004909 | 0.016063 |   5.194449 |      6 | 0.926212 | 0.600000 | 0.693333 | 0.713333 | 0.680000 |   1.037565 |      242 |      208 |       34 |   5.193991 |      6 | 0.931305 | 1.739481
1890 | 566700.0 | 567000.0 | 0.004907 | 0.016062 |   5.193991 |      6 | 0.931305 | 0.600000 | 0.663333 | 0.633333 | 0.650000 |  -0.518823 |      238 |      199 |       39 |   5.193680 |      6 | 0.928759 | 1.803944
1891 | 567000.0 | 567300.0 | 0.004905 | 0.016061 |   5.193680 |      6 | 0.928759 | 0.600000 | 0.700000 | 0.693333 | 0.680000 |   0.415090 |      242 |      210 |       32 |   5.193190 |      6 | 0.930795 | 1.752388
1892 | 567300.0 | 567600.0 | 0.004903 | 0.016060 |   5.193190 |      6 | 0.930795 | 0.600000 | 0.716667 | 0.716667 | 0.686667 |   0.934025 |      245 |      215 |       30 |   5.192618 |      6 | 0.935375 | 1.636417
1893 | 567600.0 | 567900.0 | 0.004902 | 0.016058 |   5.192618 |      6 | 0.935375 | 0.600000 | 0.676667 | 0.693333 | 0.676667 |   0.518943 |      238 |      203 |       35 |   5.192242 |      6 | 0.937919 | 1.572006
1894 | 567900.0 | 568200.0 | 0.004900 | 0.016057 |   5.192242 |      6 | 0.937919 | 0.600000 | 0.706667 | 0.666667 | 0.656667 |   0.311390 |      243 |      212 |       31 |   5.191719 |      6 | 0.939444 | 1.533370
1895 | 568200.0 | 568500.0 | 0.004898 | 0.016056 |   5.191719 |      6 | 0.939444 | 0.600000 | 0.656667 | 0.686667 | 0.710000 |  -0.726632 |      238 |      197 |       42 |   5.191442 |      6 | 0.935885 | 1.623496
1896 | 568500.0 | 568800.0 | 0.004897 | 0.016055 |   5.191442 |      6 | 0.935885 | 0.600000 | 0.676667 | 0.720000 | 0.673333 |   1.453377 |      240 |      203 |       36 |   5.191066 |      6 | 0.943002 | 1.443294
1897 | 568800.0 | 569100.0 | 0.004895 | 0.016053 |   5.191066 |      6 | 0.943002 | 0.600000 | 0.673333 | 0.683333 | 0.640000 |   1.349668 |      239 |      202 |       37 |   5.190707 |      6 | 0.949608 | 1.276010
1898 | 569100.0 | 569400.0 | 0.004893 | 0.016052 |   5.190707 |      6 | 0.949608 | 0.600000 | 0.696667 | 0.666667 | 0.650000 |   0.519143 |      240 |      209 |       32 |   5.190234 |      6 | 0.952148 | 1.211687
1899 | 569400.0 | 569700.0 | 0.004891 | 0.016051 |   5.190234 |      6 | 0.952148 | 0.600000 | 0.660000 | 0.663333 | 0.680000 |  -0.519183 |      235 |      198 |       36 |   5.189941 |      6 | 0.949609 | 1.275992
1900 | 569700.0 | 570000.0 | 0.004890 | 0.016050 |   5.189941 |      6 | 0.949609 | 0.600000 | 0.683333 | 0.633333 | 0.660000 |  -0.830757 |      239 |      205 |       34 |   5.189533 |      6 | 0.945547 | 1.378852
1901 | 570000.0 | 570300.0 | 0.004888 | 0.016048 |   5.189533 |      6 | 0.945547 | 0.600000 | 0.683333 | 0.686667 | 0.706667 |  -0.623116 |      239 |      205 |       34 |   5.189126 |      6 | 0.942501 | 1.455976
1902 | 570300.0 | 570600.0 | 0.004886 | 0.016047 |   5.189126 |      6 | 0.942501 | 0.600000 | 0.703333 | 0.683333 | 0.646667 |   1.142466 |      243 |      211 |       32 |   5.188621 |      6 | 0.948083 | 1.314621
1903 | 570600.0 | 570900.0 | 0.004885 | 0.016046 |   5.188621 |      6 | 0.948083 | 0.600000 | 0.693333 | 0.693333 | 0.693333 |   0.000000 |      240 |      208 |       32 |   5.188165 |      6 | 0.948083 | 1.314621
1904 | 570900.0 | 571200.0 | 0.004883 | 0.016045 |   5.188165 |      6 | 0.948083 | 0.600000 | 0.680000 | 0.700000 | 0.626667 |   2.285284 |      239 |      204 |       35 |   5.187775 |      6 | 0.959242 | 1.032064
1905 | 571200.0 | 571500.0 | 0.004881 | 0.016043 |   5.187775 |      6 | 0.959242 | 0.600000 | 0.713333 | 0.526667 | 0.640000 |  -3.532073 |      240 |      214 |       27 |   5.187221 |      6 | 0.942001 | 1.468623
1906 | 571500.0 | 571800.0 | 0.004879 | 0.016042 |   5.187221 |      6 | 0.942001 | 0.600000 | 0.696667 | 0.706667 | 0.700000 |   0.207785 |      241 |      209 |       31 |   5.186750 |      6 | 0.943015 | 1.442950
1907 | 571800.0 | 572100.0 | 0.004878 | 0.016041 |   5.186750 |      6 | 0.943015 | 0.600000 | 0.630000 | 0.660000 | 0.676667 |  -0.519502 |      236 |      189 |       47 |   5.186603 |      6 | 0.940481 | 1.507115
1908 | 572100.0 | 572400.0 | 0.004876 | 0.016040 |   5.186603 |      6 | 0.940481 | 0.600000 | 0.636667 | 0.650000 | 0.690000 |  -1.246901 |      236 |      191 |       45 |   5.186425 |      6 | 0.934401 | 1.661069
1909 | 572400.0 | 572700.0 | 0.004874 | 0.016039 |   5.186425 |      6 | 0.934401 | 0.600000 | 0.716667 | 0.676667 | 0.700000 |  -0.727414 |      244 |      215 |       29 |   5.185856 |      6 | 0.930856 | 1.750851
1910 | 572700.0 | 573000.0 | 0.004873 | 0.016037 |   5.185856 |      6 | 0.930856 | 0.600000 | 0.703333 | 0.676667 | 0.670000 |   0.207849 |      242 |      211 |       31 |   5.185352 |      6 | 0.931869 | 1.725206
1911 | 573000.0 | 573300.0 | 0.004871 | 0.016036 |   5.185352 |      6 | 0.931869 | 0.600000 | 0.703333 | 0.686667 | 0.693333 |  -0.207865 |      243 |      211 |       32 |   5.184849 |      6 | 0.930856 | 1.750844
1912 | 573300.0 | 573600.0 | 0.004869 | 0.016035 |   5.184849 |      6 | 0.930856 | 0.600000 | 0.670000 | 0.670000 | 0.676667 |  -0.207880 |      240 |      201 |       39 |   5.184508 |      6 | 0.929844 | 1.776475
1913 | 573600.0 | 573900.0 | 0.004868 | 0.016034 |   5.184508 |      6 | 0.929844 | 0.600000 | 0.673333 | 0.673333 | 0.686667 |  -0.415793 |      240 |      202 |       38 |   5.184151 |      6 | 0.927820 | 1.827723
1914 | 573900.0 | 574200.0 | 0.004866 | 0.016032 |   5.184151 |      6 | 0.927820 | 0.600000 | 0.650000 | 0.676667 | 0.626667 |   1.559341 |      238 |      195 |       43 |   5.183908 |      6 | 0.935407 | 1.635594
1915 | 574200.0 | 574500.0 | 0.004864 | 0.016031 |   5.183908 |      6 | 0.935407 | 0.600000 | 0.723333 | 0.693333 | 0.673333 |   0.623784 |      243 |      217 |       26 |   5.183308 |      6 | 0.938442 | 1.558764
1916 | 574500.0 | 574800.0 | 0.004862 | 0.016030 |   5.183308 |      6 | 0.938442 | 0.600000 | 0.673333 | 0.706667 | 0.700000 |   0.207944 |      241 |      202 |       39 |   5.182952 |      6 | 0.939453 | 1.533160
1917 | 574800.0 | 575100.0 | 0.004861 | 0.016029 |   5.182952 |      6 | 0.939453 | 0.600000 | 0.676667 | 0.626667 | 0.680000 |  -1.663678 |      240 |      203 |       37 |   5.182579 |      6 | 0.931366 | 1.737931
1918 | 575100.0 | 575400.0 | 0.004859 | 0.016028 |   5.182579 |      6 | 0.931366 | 0.600000 | 0.730000 | 0.626667 | 0.670000 |  -1.351842 |      245 |      219 |       26 |   5.181947 |      6 | 0.924797 | 1.904263
1919 | 575400.0 | 575700.0 | 0.004857 | 0.016026 |   5.181947 |      6 | 0.924797 | 0.600000 | 0.696667 | 0.710000 | 0.656667 |   1.663932 |      241 |      209 |       32 |   5.181478 |      6 | 0.932880 | 1.699603
1920 | 575700.0 | 576000.0 | 0.004856 | 0.016025 |   5.181478 |      6 | 0.932880 | 0.600000 | 0.683333 | 0.666667 | 0.676667 |  -0.312011 |      242 |      205 |       37 |   5.181073 |      6 | 0.931365 | 1.737966
1921 | 576000.0 | 576300.0 | 0.004854 | 0.016024 |   5.181073 |      6 | 0.931365 | 0.600000 | 0.716667 | 0.656667 | 0.643333 |   0.416046 |      243 |      215 |       28 |   5.180507 |      6 | 0.933384 | 1.686829
1922 | 576300.0 | 576600.0 | 0.004852 | 0.016023 |   5.180507 |      6 | 0.933384 | 0.600000 | 0.693333 | 0.746667 | 0.620000 |   3.952741 |      242 |      208 |       34 |   5.180054 |      6 | 0.952564 | 1.201155
1923 | 576600.0 | 576900.0 | 0.004851 | 0.016021 |   5.180054 |      6 | 0.952564 | 0.600000 | 0.696667 | 0.650000 | 0.666667 |  -0.520137 |      240 |      209 |       32 |   5.179585 |      6 | 0.950041 | 1.265042
1924 | 576900.0 | 577200.0 | 0.004849 | 0.016020 |   5.179585 |      6 | 0.950041 | 0.600000 | 0.690000 | 0.743333 | 0.726667 |   0.520177 |      239 |      207 |       31 |   5.179149 |      6 | 0.952564 | 1.201172
1925 | 577200.0 | 577500.0 | 0.004847 | 0.016019 |   5.179149 |      6 | 0.952564 | 0.600000 | 0.683333 | 0.583333 | 0.643333 |  -1.872778 |      239 |      205 |       34 |   5.178745 |      6 | 0.943486 | 1.431042
1926 | 577500.0 | 577800.0 | 0.004846 | 0.016018 |   5.178745 |      6 | 0.943486 | 0.600000 | 0.710000 | 0.650000 | 0.670000 |  -0.624307 |      241 |      213 |       28 |   5.178212 |      6 | 0.940460 | 1.507644
1927 | 577800.0 | 578100.0 | 0.004844 | 0.016017 |   5.178212 |      6 | 0.940460 | 0.600000 | 0.690000 | 0.723333 | 0.693333 |   0.936531 |      241 |      207 |       34 |   5.177776 |      6 | 0.944997 | 1.392771
1928 | 578100.0 | 578400.0 | 0.004842 | 0.016015 |   5.177776 |      6 | 0.944997 | 0.600000 | 0.730000 | 0.640000 | 0.666667 |  -0.832535 |      244 |      219 |       25 |   5.177146 |      6 | 0.940966 | 1.494853
1929 | 578400.0 | 578700.0 | 0.004841 | 0.016014 |   5.177146 |      6 | 0.940966 | 0.600000 | 0.713333 | 0.686667 | 0.680000 |   0.208150 |      243 |      214 |       30 |   5.176598 |      6 | 0.941973 | 1.469340
1930 | 578700.0 | 579000.0 | 0.004839 | 0.016013 |   5.176598 |      6 | 0.941973 | 0.600000 | 0.683333 | 0.710000 | 0.656667 |   1.665323 |      241 |      205 |       35 |   5.176194 |      6 | 0.950032 | 1.265286
1931 | 579000.0 | 579300.0 | 0.004837 | 0.016012 |   5.176194 |      6 | 0.950032 | 0.600000 | 0.703333 | 0.653333 | 0.706667 |  -1.665449 |      241 |      211 |       30 |   5.175694 |      6 | 0.941975 | 1.469285
1932 | 579300.0 | 579600.0 | 0.004836 | 0.016010 |   5.175694 |      6 | 0.941975 | 0.600000 | 0.650000 | 0.683333 | 0.636667 |   1.457378 |      237 |      195 |       42 |   5.175453 |      6 | 0.949023 | 1.290834
1933 | 579600.0 | 579900.0 | 0.004834 | 0.016009 |   5.175453 |      6 | 0.949023 | 0.600000 | 0.693333 | 0.680000 | 0.703333 |  -0.728744 |      239 |      208 |       31 |   5.175001 |      6 | 0.945500 | 1.380035
1934 | 579900.0 | 580200.0 | 0.004832 | 0.016008 |   5.175001 |      6 | 0.945500 | 0.600000 | 0.726667 | 0.666667 | 0.673333 |  -0.208228 |      244 |      218 |       26 |   5.174389 |      6 | 0.944494 | 1.405515
1935 | 580200.0 | 580500.0 | 0.004831 | 0.016007 |   5.174389 |      6 | 0.944494 | 0.600000 | 0.703333 | 0.656667 | 0.693333 |  -1.145343 |      241 |      211 |       30 |   5.173890 |      6 | 0.938961 | 1.545613
1936 | 580500.0 | 580800.0 | 0.004829 | 0.016006 |   5.173890 |      6 | 0.938961 | 0.600000 | 0.673333 | 0.670000 | 0.680000 |  -0.312390 |      241 |      202 |       39 |   5.173536 |      6 | 0.937452 | 1.583812
1937 | 580800.0 | 581100.0 | 0.004827 | 0.016004 |   5.173536 |      6 | 0.937452 | 0.600000 | 0.673333 | 0.700000 | 0.713333 |  -0.416551 |      239 |      202 |       37 |   5.173182 |      6 | 0.935442 | 1.634729
1938 | 581100.0 | 581400.0 | 0.004826 | 0.016003 |   5.173182 |      6 | 0.935442 | 0.600000 | 0.690000 | 0.683333 | 0.673333 |   0.312437 |      241 |      207 |       34 |   5.172748 |      6 | 0.936949 | 1.596551
1939 | 581400.0 | 581700.0 | 0.004824 | 0.016002 |   5.172748 |      6 | 0.936949 | 0.600000 | 0.656667 | 0.666667 | 0.666667 |   0.000000 |      238 |      197 |       41 |   5.172474 |      6 | 0.936949 | 1.596551
1940 | 581700.0 | 582000.0 | 0.004822 | 0.016001 |   5.172474 |      6 | 0.936949 | 0.600000 | 0.710000 | 0.713333 | 0.696667 |   0.520807 |      243 |      213 |       30 |   5.171944 |      6 | 0.939461 | 1.532955
1941 | 582000.0 | 582300.0 | 0.004821 | 0.016000 |   5.171944 |      6 | 0.939461 | 0.600000 | 0.710000 | 0.683333 | 0.630000 |   1.666708 |      243 |      213 |       30 |   5.171414 |      6 | 0.947496 | 1.329503
1942 | 582300.0 | 582600.0 | 0.004819 | 0.015998 |   5.171414 |      6 | 0.947496 | 0.600000 | 0.640000 | 0.683333 | 0.696667 |  -0.416708 |      235 |      192 |       43 |   5.171221 |      6 | 0.945487 | 1.380353
1943 | 582600.0 | 582900.0 | 0.004817 | 0.015997 |   5.171221 |      6 | 0.945487 | 0.600000 | 0.726667 | 0.640000 | 0.656667 |  -0.520925 |      244 |      218 |       26 |   5.170611 |      6 | 0.942978 | 1.443897
1944 | 582900.0 | 583200.0 | 0.004816 | 0.015996 |   5.170611 |      6 | 0.942978 | 0.600000 | 0.700000 | 0.693333 | 0.696667 |  -0.104193 |      241 |      210 |       31 |   5.170129 |      6 | 0.942476 | 1.456603
1945 | 583200.0 | 583500.0 | 0.004814 | 0.015995 |   5.170129 |      6 | 0.942476 | 0.600000 | 0.636667 | 0.640000 | 0.666667 |  -0.833605 |      237 |      191 |       46 |   5.169953 |      6 | 0.938463 | 1.558220
1946 | 583500.0 | 583800.0 | 0.004812 | 0.015994 |   5.169953 |      6 | 0.938463 | 0.600000 | 0.643333 | 0.673333 | 0.663333 |   0.312625 |      236 |      193 |       43 |   5.169744 |      6 | 0.939968 | 1.520124
1947 | 583800.0 | 584100.0 | 0.004811 | 0.015992 |   5.169744 |      6 | 0.939968 | 0.600000 | 0.676667 | 0.686667 | 0.633333 |   1.667460 |      240 |      203 |       37 |   5.169375 |      6 | 0.947989 | 1.316998
1948 | 584100.0 | 584400.0 | 0.004809 | 0.015991 |   5.169375 |      6 | 0.947989 | 0.600000 | 0.710000 | 0.683333 | 0.690000 |  -0.208448 |      242 |      213 |       29 |   5.168846 |      6 | 0.946987 | 1.342382
1949 | 584400.0 | 584700.0 | 0.004808 | 0.015990 |   5.168846 |      6 | 0.946987 | 0.600000 | 0.693333 | 0.633333 | 0.666667 |  -1.042319 |      241 |      208 |       33 |   5.168398 |      6 | 0.941976 | 1.469268
1950 | 584700.0 | 585000.0 | 0.004806 | 0.015989 |   5.168398 |      6 | 0.941976 | 0.600000 | 0.700000 | 0.663333 | 0.660000 |   0.104240 |      242 |      210 |       32 |   5.167917 |      6 | 0.942477 | 1.456583
1951 | 585000.0 | 585300.0 | 0.004804 | 0.015988 |   5.167917 |      6 | 0.942477 | 0.600000 | 0.676667 | 0.670000 | 0.653333 |   0.521238 |      239 |      203 |       37 |   5.167549 |      6 | 0.944981 | 1.393173
1952 | 585300.0 | 585600.0 | 0.004803 | 0.015986 |   5.167549 |      6 | 0.944981 | 0.600000 | 0.730000 | 0.650000 | 0.640000 |   0.312766 |      245 |      219 |       25 |   5.166924 |      6 | 0.946483 | 1.355138
1953 | 585600.0 | 585900.0 | 0.004801 | 0.015985 |   5.166924 |      6 | 0.946483 | 0.600000 | 0.706667 | 0.690000 | 0.730000 |  -1.251158 |      242 |      212 |       30 |   5.166412 |      6 | 0.940476 | 1.507239
1954 | 585900.0 | 586200.0 | 0.004799 | 0.015984 |   5.166412 |      6 | 0.940476 | 0.600000 | 0.690000 | 0.710000 | 0.686667 |   0.729897 |      241 |      207 |       34 |   5.165980 |      6 | 0.943979 | 1.418537
1955 | 586200.0 | 586500.0 | 0.004798 | 0.015983 |   5.165980 |      6 | 0.943979 | 0.600000 | 0.723333 | 0.686667 | 0.670000 |   0.521394 |      243 |      217 |       26 |   5.165389 |      6 | 0.946481 | 1.355195
1956 | 586500.0 | 586800.0 | 0.004796 | 0.015982 |   5.165389 |      6 | 0.946481 | 0.600000 | 0.736667 | 0.646667 | 0.623333 |   0.730006 |      246 |      221 |       25 |   5.164733 |      6 | 0.949982 | 1.266540
1957 | 586800.0 | 587100.0 | 0.004794 | 0.015980 |   5.164733 |      6 | 0.949982 | 0.600000 | 0.730000 | 0.653333 | 0.656667 |  -0.104294 |      243 |      219 |       24 |   5.164110 |      6 | 0.949482 | 1.279202
1958 | 587100.0 | 587400.0 | 0.004793 | 0.015979 |   5.164110 |      6 | 0.949482 | 0.600000 | 0.696667 | 0.683333 | 0.690000 |  -0.208604 |      239 |      209 |       30 |   5.163646 |      6 | 0.948482 | 1.304518
1959 | 587400.0 | 587700.0 | 0.004791 | 0.015978 |   5.163646 |      6 | 0.948482 | 0.600000 | 0.700000 | 0.673333 | 0.726667 |  -1.668959 |      241 |      210 |       31 |   5.163167 |      6 | 0.940486 | 1.506997
1960 | 587700.0 | 588000.0 | 0.004790 | 0.015977 |   5.163167 |      6 | 0.940486 | 0.600000 | 0.696667 | 0.680000 | 0.733333 |  -1.669084 |      241 |      209 |       32 |   5.162704 |      6 | 0.932492 | 1.709422
1961 | 588000.0 | 588300.0 | 0.004788 | 0.015976 |   5.162704 |      6 | 0.932492 | 0.600000 | 0.696667 | 0.676667 | 0.676667 |   0.000000 |      242 |      209 |       33 |   5.162242 |      6 | 0.932492 | 1.709422
1962 | 588300.0 | 588600.0 | 0.004786 | 0.015974 |   5.162242 |      6 | 0.932492 | 0.600000 | 0.663333 | 0.713333 | 0.633333 |   2.503999 |      238 |      199 |       39 |   5.161938 |      6 | 0.944477 | 1.405946
1963 | 588600.0 | 588900.0 | 0.004785 | 0.015973 |   5.161938 |      6 | 0.944477 | 0.600000 | 0.703333 | 0.703333 | 0.670000 |   1.043411 |      244 |      211 |       33 |   5.161444 |      6 | 0.949469 | 1.279530
1964 | 588900.0 | 589200.0 | 0.004783 | 0.015972 |   5.161444 |      6 | 0.949469 | 0.600000 | 0.670000 | 0.666667 | 0.676667 |  -0.313047 |      237 |      201 |       36 |   5.161109 |      6 | 0.947972 | 1.317445
1965 | 589200.0 | 589500.0 | 0.004781 | 0.015971 |   5.161109 |      6 | 0.947972 | 0.600000 | 0.660000 | 0.640000 | 0.703333 |  -1.982776 |      237 |      198 |       40 |   5.160822 |      6 | 0.938491 | 1.557507
1966 | 589500.0 | 589800.0 | 0.004780 | 0.015970 |   5.160822 |      6 | 0.938491 | 0.600000 | 0.710000 | 0.660000 | 0.693333 |  -1.043644 |      243 |      213 |       29 |   5.160297 |      6 | 0.933503 | 1.683821
1967 | 589800.0 | 590100.0 | 0.004778 | 0.015968 |   5.160297 |      6 | 0.933503 | 0.600000 | 0.643333 | 0.663333 | 0.666667 |  -0.104372 |      237 |      193 |       44 |   5.160089 |      6 | 0.933004 | 1.696450
1968 | 590100.0 | 590400.0 | 0.004777 | 0.015967 |   5.160089 |      6 | 0.933004 | 0.600000 | 0.713333 | 0.713333 | 0.646667 |   2.087598 |      242 |      214 |       28 |   5.159548 |      6 | 0.942976 | 1.443953
1969 | 590400.0 | 590700.0 | 0.004775 | 0.015966 |   5.159548 |      6 | 0.942976 | 0.600000 | 0.736667 | 0.740000 | 0.716667 |   0.730714 |      246 |      221 |       25 |   5.158896 |      6 | 0.946465 | 1.355603
1970 | 590700.0 | 591000.0 | 0.004773 | 0.015965 |   5.158896 |      6 | 0.946465 | 0.600000 | 0.700000 | 0.656667 | 0.716667 |  -1.879118 |      242 |      210 |       32 |   5.158418 |      6 | 0.937495 | 1.582730
1971 | 591000.0 | 591300.0 | 0.004772 | 0.015964 |   5.158418 |      6 | 0.937495 | 0.600000 | 0.703333 | 0.703333 | 0.673333 |   0.939629 |      242 |      211 |       31 |   5.157925 |      6 | 0.941979 | 1.469196
1972 | 591300.0 | 591600.0 | 0.004770 | 0.015963 |   5.157925 |      6 | 0.941979 | 0.600000 | 0.650000 | 0.700000 | 0.686667 |   0.417644 |      237 |      195 |       42 |   5.157687 |      6 | 0.943971 | 1.418750
1973 | 591600.0 | 591900.0 | 0.004768 | 0.015961 |   5.157687 |      6 | 0.943971 | 0.600000 | 0.690000 | 0.646667 | 0.673333 |  -0.835349 |      241 |      207 |       35 |   5.157257 |      6 | 0.939988 | 1.519616
1974 | 591900.0 | 592200.0 | 0.004767 | 0.015960 |   5.157257 |      6 | 0.939988 | 0.600000 | 0.703333 | 0.680000 | 0.730000 |  -1.566396 |      242 |      211 |       30 |   5.156765 |      6 | 0.932521 | 1.708688
1975 | 592200.0 | 592500.0 | 0.004765 | 0.015959 |   5.156765 |      6 | 0.932521 | 0.600000 | 0.696667 | 0.693333 | 0.650000 |   1.357644 |      242 |      209 |       33 |   5.156304 |      6 | 0.938990 | 1.544869
1976 | 592500.0 | 592800.0 | 0.004764 | 0.015958 |   5.156304 |      6 | 0.938990 | 0.600000 | 0.703333 | 0.666667 | 0.676667 |  -0.313326 |      242 |      211 |       31 |   5.155812 |      6 | 0.937498 | 1.582663
1977 | 592800.0 | 593100.0 | 0.004762 | 0.015957 |   5.155812 |      6 | 0.937498 | 0.600000 | 0.693333 | 0.686667 | 0.726667 |  -1.253395 |      241 |      208 |       33 |   5.155368 |      6 | 0.931529 | 1.733802
1978 | 593100.0 | 593400.0 | 0.004760 | 0.015955 |   5.155368 |      6 | 0.931529 | 0.600000 | 0.703333 | 0.666667 | 0.593333 |   2.298061 |      243 |      211 |       32 |   5.154876 |      6 | 0.942469 | 1.456787
1979 | 593400.0 | 593700.0 | 0.004759 | 0.015954 |   5.154876 |      6 | 0.942469 | 0.600000 | 0.643333 | 0.653333 | 0.700000 |  -1.462511 |      236 |      193 |       43 |   5.154669 |      6 | 0.935509 | 1.633023
1980 | 593700.0 | 594000.0 | 0.004757 | 0.015953 |   5.154669 |      6 | 0.935509 | 0.600000 | 0.650000 | 0.693333 | 0.670000 |   0.731309 |      237 |      195 |       42 |   5.154432 |      6 | 0.938988 | 1.544928
1981 | 594000.0 | 594300.0 | 0.004756 | 0.015952 |   5.154432 |      6 | 0.938988 | 0.600000 | 0.723333 | 0.706667 | 0.660000 |   1.462727 |      244 |      217 |       27 |   5.153845 |      6 | 0.945944 | 1.368785
1982 | 594300.0 | 594600.0 | 0.004754 | 0.015951 |   5.153845 |      6 | 0.945944 | 0.600000 | 0.693333 | 0.716667 | 0.666667 |   1.567323 |      240 |      208 |       32 |   5.153401 |      6 | 0.953395 | 1.180109
1983 | 594600.0 | 594900.0 | 0.004752 | 0.015950 |   5.153401 |      6 | 0.953395 | 0.600000 | 0.673333 | 0.626667 | 0.670000 |  -1.358447 |      238 |      202 |       36 |   5.153053 |      6 | 0.946939 | 1.343585
1984 | 594900.0 | 595200.0 | 0.004751 | 0.015948 |   5.153053 |      6 | 0.946939 | 0.600000 | 0.693333 | 0.676667 | 0.633333 |   1.358547 |      240 |      208 |       32 |   5.152609 |      6 | 0.953394 | 1.180152
1985 | 595200.0 | 595500.0 | 0.004749 | 0.015947 |   5.152609 |      6 | 0.953394 | 0.600000 | 0.683333 | 0.653333 | 0.700000 |  -1.463159 |      238 |      205 |       33 |   5.152214 |      6 | 0.946445 | 1.356111
1986 | 595500.0 | 595800.0 | 0.004748 | 0.015946 |   5.152214 |      6 | 0.946445 | 0.600000 | 0.686667 | 0.683333 | 0.616667 |   2.090381 |      239 |      206 |       33 |   5.151802 |      6 | 0.956369 | 1.104807
1987 | 595800.0 | 596100.0 | 0.004746 | 0.015945 |   5.151802 |      6 | 0.956369 | 0.600000 | 0.726667 | 0.600000 | 0.670000 |  -2.195062 |      243 |      218 |       25 |   5.151201 |      6 | 0.945951 | 1.368607
1988 | 596100.0 | 596400.0 | 0.004744 | 0.015944 |   5.151201 |      6 | 0.945951 | 0.600000 | 0.696667 | 0.693333 | 0.670000 |   0.731741 |      240 |      209 |       31 |   5.150742 |      6 | 0.949423 | 1.280697
1989 | 596400.0 | 596700.0 | 0.004743 | 0.015943 |   5.150742 |      6 | 0.949423 | 0.600000 | 0.690000 | 0.673333 | 0.690000 |  -0.522711 |      239 |      207 |       32 |   5.150315 |      6 | 0.946944 | 1.343473
1990 | 596700.0 | 597000.0 | 0.004741 | 0.015941 |   5.150315 |      6 | 0.946944 | 0.600000 | 0.666667 | 0.640000 | 0.696667 |  -1.777347 |      238 |      200 |       38 |   5.149999 |      6 | 0.938517 | 1.556858
1991 | 597000.0 | 597300.0 | 0.004740 | 0.015940 |   5.149999 |      6 | 0.938517 | 0.600000 | 0.683333 | 0.676667 | 0.686667 |  -0.313673 |      241 |      205 |       36 |   5.149604 |      6 | 0.937030 | 1.594504
1992 | 597300.0 | 597600.0 | 0.004738 | 0.015939 |   5.149604 |      6 | 0.937030 | 0.600000 | 0.680000 | 0.700000 | 0.696667 |   0.104565 |      241 |      204 |       37 |   5.149225 |      6 | 0.937526 | 1.581959
1993 | 597600.0 | 597900.0 | 0.004737 | 0.015938 |   5.149225 |      6 | 0.937526 | 0.600000 | 0.666667 | 0.653333 | 0.723333 |  -2.196030 |      238 |      200 |       38 |   5.148910 |      6 | 0.927124 | 1.845345
1994 | 597900.0 | 598200.0 | 0.004735 | 0.015937 |   5.148910 |      6 | 0.927124 | 0.600000 | 0.663333 | 0.673333 | 0.670000 |   0.104581 |      240 |      199 |       41 |   5.148610 |      6 | 0.927619 | 1.832806
1995 | 598200.0 | 598500.0 | 0.004733 | 0.015936 |   5.148610 |      6 | 0.927619 | 0.600000 | 0.696667 | 0.693333 | 0.700000 |  -0.209176 |      242 |      209 |       33 |   5.148152 |      6 | 0.926629 | 1.857877
1996 | 598500.0 | 598800.0 | 0.004732 | 0.015934 |   5.148152 |      6 | 0.926629 | 0.600000 | 0.693333 | 0.676667 | 0.686667 |  -0.313788 |      242 |      208 |       34 |   5.147711 |      6 | 0.925144 | 1.895474
1997 | 598800.0 | 599100.0 | 0.004730 | 0.015933 |   5.147711 |      6 | 0.925144 | 0.600000 | 0.700000 | 0.676667 | 0.703333 |  -0.836828 |      241 |      210 |       32 |   5.147238 |      6 | 0.921186 | 1.995707
1998 | 599100.0 | 599400.0 | 0.004729 | 0.015932 |   5.147238 |      6 | 0.921186 | 0.600000 | 0.673333 | 0.666667 | 0.706667 |  -1.255335 |      240 |      202 |       37 |   5.146891 |      6 | 0.915250 | 2.146018
1999 | 599400.0 | 599700.0 | 0.004727 | 0.015931 |   5.146891 |      6 | 0.915250 | 0.600000 | 0.693333 | 0.653333 | 0.666667 |  -0.418475 |      243 |      208 |       35 |   5.146450 |      6 | 0.913272 | 2.196108
2000 | 599700.0 | 600000.0 | 0.004725 | 0.015930 |   5.146450 |      6 | 0.913272 | 0.600000 | 0.706667 | 0.680000 | 0.670000 |   0.313880 |      243 |      212 |       31 |   5.145946 |      6 | 0.914755 | 2.158550
2001 | 600000.0 | 600300.0 | 0.004724 | 0.015929 |   5.145946 |      6 | 0.914755 | 0.600000 | 0.680000 | 0.693333 | 0.633333 |   1.883415 |      240 |      204 |       36 |   5.145568 |      6 | 0.923652 | 1.933261
2002 | 600300.0 | 600600.0 | 0.004722 | 0.015927 |   5.145568 |      6 | 0.923652 | 0.600000 | 0.656667 | 0.703333 | 0.663333 |   1.255702 |      238 |      197 |       41 |   5.145300 |      6 | 0.929582 | 1.783107
2003 | 600600.0 | 600900.0 | 0.004721 | 0.015926 |   5.145300 |      6 | 0.929582 | 0.600000 | 0.720000 | 0.700000 | 0.693333 |   0.209299 |      244 |      216 |       28 |   5.144734 |      6 | 0.930570 | 1.758087
2004 | 600900.0 | 601200.0 | 0.004719 | 0.015925 |   5.144734 |      6 | 0.930570 | 0.600000 | 0.646667 | 0.663333 | 0.640000 |   0.732600 |      237 |      194 |       43 |   5.144513 |      6 | 0.934027 | 1.670543
2005 | 601200.0 | 601500.0 | 0.004718 | 0.015924 |   5.144513 |      6 | 0.934027 | 0.600000 | 0.746667 | 0.723333 | 0.686667 |   1.151312 |      247 |      224 |       23 |   5.143821 |      6 | 0.939459 | 1.533009
2006 | 601500.0 | 601800.0 | 0.004716 | 0.015923 |   5.143821 |      6 | 0.939459 | 0.600000 | 0.650000 | 0.696667 | 0.660000 |   1.151396 |      237 |      195 |       42 |   5.143586 |      6 | 0.944889 | 1.395511
2007 | 601800.0 | 602100.0 | 0.004714 | 0.015922 |   5.143586 |      6 | 0.944889 | 0.600000 | 0.713333 | 0.676667 | 0.700000 |  -0.732760 |      243 |      214 |       29 |   5.143051 |      6 | 0.941434 | 1.482987
2008 | 602100.0 | 602400.0 | 0.004713 | 0.015920 |   5.143051 |      6 | 0.941434 | 0.600000 | 0.686667 | 0.663333 | 0.680000 |  -0.523438 |      241 |      206 |       35 |   5.142643 |      6 | 0.938967 | 1.545454
2009 | 602400.0 | 602700.0 | 0.004711 | 0.015919 |   5.142643 |      6 | 0.938967 | 0.600000 | 0.633333 | 0.640000 | 0.643333 |  -0.104695 |      237 |      190 |       47 |   5.142486 |      6 | 0.938474 | 1.557944
2010 | 602700.0 | 603000.0 | 0.004710 | 0.015918 |   5.142486 |      6 | 0.938474 | 0.600000 | 0.720000 | 0.653333 | 0.740000 |  -2.722276 |      243 |      216 |       27 |   5.141921 |      6 | 0.925653 | 1.882603
2011 | 603000.0 | 603300.0 | 0.004708 | 0.015917 |   5.141921 |      6 | 0.925653 | 0.600000 | 0.656667 | 0.640000 | 0.640000 |   0.000000 |      239 |      197 |       42 |   5.141654 |      6 | 0.925653 | 1.882603
2012 | 603300.0 | 603600.0 | 0.004707 | 0.015916 |   5.141654 |      6 | 0.925653 | 0.600000 | 0.663333 | 0.670000 | 0.676667 |  -0.209436 |      238 |      199 |       39 |   5.141356 |      6 | 0.924667 | 1.907564
2013 | 603600.0 | 603900.0 | 0.004705 | 0.015915 |   5.141356 |      6 | 0.924667 | 0.600000 | 0.690000 | 0.646667 | 0.663333 |  -0.523629 |      243 |      207 |       36 |   5.140932 |      6 | 0.922203 | 1.969950
2014 | 603900.0 | 604200.0 | 0.004704 | 0.015913 |   5.140932 |      6 | 0.922203 | 0.600000 | 0.660000 | 0.726667 | 0.680000 |   1.466268 |      239 |      198 |       41 |   5.140650 |      6 | 0.929100 | 1.795314
2015 | 604200.0 | 604500.0 | 0.004702 | 0.015912 |   5.140650 |      6 | 0.929100 | 0.600000 | 0.680000 | 0.723333 | 0.663333 |   1.885338 |      240 |      204 |       36 |   5.140274 |      6 | 0.937965 | 1.570841
2016 | 604500.0 | 604800.0 | 0.004700 | 0.015911 |   5.140274 |      6 | 0.937965 | 0.600000 | 0.686667 | 0.693333 | 0.650000 |   1.361732 |      241 |      206 |       35 |   5.139866 |      6 | 0.944365 | 1.408763
2017 | 604800.0 | 605100.0 | 0.004699 | 0.015910 |   5.139866 |      6 | 0.944365 | 0.600000 | 0.680000 | 0.700000 | 0.650000 |   1.571343 |      239 |      204 |       35 |   5.139491 |      6 | 0.951749 | 1.221798
2018 | 605100.0 | 605400.0 | 0.004697 | 0.015909 |   5.139491 |      6 | 0.951749 | 0.600000 | 0.723333 | 0.683333 | 0.626667 |   1.780985 |      242 |      217 |       25 |   5.138911 |      6 | 0.960115 | 1.009960
2019 | 605400.0 | 605700.0 | 0.004696 | 0.015908 |   5.138911 |      6 | 0.960115 | 0.600000 | 0.680000 | 0.503333 | 0.733333 |  -7.229228 |      238 |      204 |       34 |   5.138536 |      6 | 0.926168 | 1.869554
2020 | 605700.0 | 606000.0 | 0.004694 | 0.015906 |   5.138536 |      6 | 0.926168 | 0.600000 | 0.696667 | 0.686667 | 0.616667 |   2.200359 |      242 |      209 |       34 |   5.138082 |      6 | 0.936497 | 1.608005
2021 | 606000.0 | 606300.0 | 0.004693 | 0.015905 |   5.138082 |      6 | 0.936497 | 0.600000 | 0.633333 | 0.706667 | 0.690000 |   0.523933 |      235 |      190 |       44 |   5.137925 |      6 | 0.938956 | 1.545748
2022 | 606300.0 | 606600.0 | 0.004691 | 0.015904 |   5.137925 |      6 | 0.938956 | 0.600000 | 0.706667 | 0.726667 | 0.673333 |   1.676707 |      243 |      212 |       31 |   5.137425 |      6 | 0.946821 | 1.346576
2023 | 606600.0 | 606900.0 | 0.004690 | 0.015903 |   5.137425 |      6 | 0.946821 | 0.600000 | 0.666667 | 0.703333 | 0.693333 |   0.314405 |      239 |      200 |       39 |   5.137112 |      6 | 0.948296 | 1.309241
2024 | 606900.0 | 607200.0 | 0.004688 | 0.015902 |   5.137112 |      6 | 0.948296 | 0.600000 | 0.710000 | 0.666667 | 0.686667 |  -0.628856 |      241 |      213 |       28 |   5.136597 |      6 | 0.945348 | 1.383892
2025 | 607200.0 | 607500.0 | 0.004687 | 0.015901 |   5.136597 |      6 | 0.945348 | 0.600000 | 0.633333 | 0.683333 | 0.643333 |   1.257803 |      234 |      190 |       44 |   5.136440 |      6 | 0.951242 | 1.234628
2026 | 607500.0 | 607800.0 | 0.004685 | 0.015900 |   5.136440 |      6 | 0.951242 | 0.600000 | 0.686667 | 0.653333 | 0.660000 |  -0.209649 |      241 |      206 |       36 |   5.136034 |      6 | 0.950260 | 1.259499
2027 | 607800.0 | 608100.0 | 0.004683 | 0.015898 |   5.136034 |      6 | 0.950260 | 0.600000 | 0.683333 | 0.640000 | 0.726667 |  -2.725634 |      239 |      205 |       33 |   5.135644 |      6 | 0.937495 | 1.582738
2028 | 608100.0 | 608400.0 | 0.004682 | 0.015897 |   5.135644 |      6 | 0.937495 | 0.600000 | 0.700000 | 0.720000 | 0.673333 |   1.467755 |      242 |      210 |       32 |   5.135176 |      6 | 0.944367 | 1.408731
2029 | 608400.0 | 608700.0 | 0.004680 | 0.015896 |   5.135176 |      6 | 0.944367 | 0.600000 | 0.693333 | 0.696667 | 0.716667 |  -0.629083 |      241 |      208 |       34 |   5.134739 |      6 | 0.941422 | 1.483286
2030 | 608700.0 | 609000.0 | 0.004679 | 0.015895 |   5.134739 |      6 | 0.941422 | 0.600000 | 0.703333 | 0.670000 | 0.640000 |   0.943693 |      242 |      211 |       30 |   5.134256 |      6 | 0.945838 | 1.371482
2031 | 609000.0 | 609300.0 | 0.004677 | 0.015894 |   5.134256 |      6 | 0.945838 | 0.600000 | 0.700000 | 0.690000 | 0.666667 |   0.734036 |      241 |      210 |       31 |   5.133788 |      6 | 0.949271 | 1.284545
2032 | 609300.0 | 609600.0 | 0.004676 | 0.015893 |   5.133788 |      6 | 0.949271 | 0.600000 | 0.706667 | 0.696667 | 0.683333 |   0.419480 |      242 |      212 |       31 |   5.133289 |      6 | 0.951232 | 1.234880
2033 | 609600.0 | 609900.0 | 0.004674 | 0.015892 |   5.133289 |      6 | 0.951232 | 0.600000 | 0.720000 | 0.650000 | 0.643333 |   0.209755 |      243 |      216 |       26 |   5.132728 |      6 | 0.952213 | 1.210054
2034 | 609900.0 | 610200.0 | 0.004673 | 0.015890 |   5.132728 |      6 | 0.952213 | 0.600000 | 0.703333 | 0.656667 | 0.656667 |   0.000000 |      241 |      211 |       30 |   5.132245 |      6 | 0.952213 | 1.210054
2035 | 610200.0 | 610500.0 | 0.004671 | 0.015889 |   5.132245 |      6 | 0.952213 | 0.600000 | 0.723333 | 0.646667 | 0.616667 |   0.944033 |      242 |      217 |       25 |   5.131669 |      6 | 0.956623 | 1.098393
2036 | 610500.0 | 610800.0 | 0.004670 | 0.015888 |   5.131669 |      6 | 0.956623 | 0.600000 | 0.686667 | 0.570000 | 0.696667 |  -3.986204 |      238 |      206 |       32 |   5.131265 |      6 | 0.938009 | 1.569730
2037 | 610800.0 | 611100.0 | 0.004668 | 0.015887 |   5.131265 |      6 | 0.938009 | 0.600000 | 0.700000 | 0.700000 | 0.633333 |   2.098153 |      243 |      210 |       33 |   5.130798 |      6 | 0.947803 | 1.321721
2038 | 611100.0 | 611400.0 | 0.004667 | 0.015886 |   5.130798 |      6 | 0.947803 | 0.600000 | 0.666667 | 0.666667 | 0.683333 |  -0.524576 |      238 |      200 |       38 |   5.130487 |      6 | 0.945355 | 1.383708
2039 | 611400.0 | 611700.0 | 0.004665 | 0.015885 |   5.130487 |      6 | 0.945355 | 0.600000 | 0.703333 | 0.646667 | 0.673333 |  -0.839382 |      242 |      211 |       31 |   5.130005 |      6 | 0.941439 | 1.482860
2040 | 611700.0 | 612000.0 | 0.004663 | 0.015884 |   5.130005 |      6 | 0.941439 | 0.600000 | 0.653333 | 0.696667 | 0.656667 |   1.259163 |      237 |      196 |       41 |   5.129756 |      6 | 0.947311 | 1.334169
2041 | 612000.0 | 612300.0 | 0.004662 | 0.015882 |   5.129756 |      6 | 0.947311 | 0.600000 | 0.660000 | 0.716667 | 0.633333 |   2.623444 |      237 |      198 |       39 |   5.129476 |      6 | 0.959542 | 1.024475
2042 | 612300.0 | 612600.0 | 0.004660 | 0.015881 |   5.129476 |      6 | 0.959542 | 0.600000 | 0.716667 | 0.533333 | 0.686667 |  -4.827484 |      241 |      215 |       26 |   5.128932 |      6 | 0.937043 | 1.594167
2043 | 612600.0 | 612900.0 | 0.004659 | 0.015880 |   5.128932 |      6 | 0.937043 | 0.600000 | 0.670000 | 0.670000 | 0.653333 |   0.524764 |      239 |      201 |       38 |   5.128606 |      6 | 0.939488 | 1.532260
2044 | 612900.0 | 613200.0 | 0.004657 | 0.015879 |   5.128606 |      6 | 0.939488 | 0.600000 | 0.740000 | 0.643333 | 0.686667 |  -1.364484 |      246 |      222 |       25 |   5.127954 |      6 | 0.933133 | 1.693178
2045 | 613200.0 | 613500.0 | 0.004656 | 0.015878 |   5.127954 |      6 | 0.933133 | 0.600000 | 0.703333 | 0.666667 | 0.703333 |  -1.154646 |      244 |      211 |       32 |   5.127473 |      6 | 0.927757 | 1.829304
2046 | 613500.0 | 613800.0 | 0.004654 | 0.015877 |   5.127473 |      6 | 0.927757 | 0.600000 | 0.686667 | 0.653333 | 0.673333 |  -0.629852 |      241 |      206 |       35 |   5.127070 |      6 | 0.924826 | 1.903536
2047 | 613800.0 | 614100.0 | 0.004653 | 0.015876 |   5.127070 |      6 | 0.924826 | 0.600000 | 0.726667 | 0.700000 | 0.626667 |   2.309624 |      245 |      218 |       27 |   5.126480 |      6 | 0.935572 | 1.631422
2048 | 614100.0 | 614400.0 | 0.004651 | 0.015874 |   5.126480 |      6 | 0.935572 | 0.600000 | 0.710000 | 0.703333 | 0.633333 |   2.204798 |      242 |      213 |       29 |   5.125969 |      6 | 0.945827 | 1.371742
2049 | 614400.0 | 614700.0 | 0.004650 | 0.015873 |   5.125969 |      6 | 0.945827 | 0.600000 | 0.730000 | 0.640000 | 0.673333 |  -1.049979 |      244 |      219 |       25 |   5.125364 |      6 | 0.940945 | 1.495367
2050 | 614700.0 | 615000.0 | 0.004648 | 0.015872 |   5.125364 |      6 | 0.940945 | 0.600000 | 0.650000 | 0.640000 | 0.666667 |  -0.840043 |      238 |      195 |       43 |   5.125132 |      6 | 0.937041 | 1.594243
2051 | 615000.0 | 615300.0 | 0.004647 | 0.015871 |   5.125132 |      6 | 0.937041 | 0.600000 | 0.673333 | 0.713333 | 0.706667 |   0.210026 |      239 |      202 |       37 |   5.124791 |      6 | 0.938016 | 1.569530
2052 | 615300.0 | 615600.0 | 0.004645 | 0.015870 |   5.124791 |      6 | 0.938016 | 0.600000 | 0.683333 | 0.623333 | 0.623333 |   0.000000 |      242 |      205 |       37 |   5.124404 |      6 | 0.938016 | 1.569530
2053 | 615600.0 | 615900.0 | 0.004644 | 0.015869 |   5.124404 |      6 | 0.938016 | 0.600000 | 0.656667 | 0.686667 | 0.686667 |   0.000000 |      237 |      197 |       40 |   5.124141 |      6 | 0.938016 | 1.569530
2054 | 615900.0 | 616200.0 | 0.004642 | 0.015868 |   5.124141 |      6 | 0.938016 | 0.600000 | 0.723333 | 0.696667 | 0.616667 |   2.520849 |      245 |      217 |       28 |   5.123568 |      6 | 0.949719 | 1.273205
2055 | 616200.0 | 616500.0 | 0.004641 | 0.015867 |   5.123568 |      6 | 0.949719 | 0.600000 | 0.696667 | 0.676667 | 0.653333 |   0.735300 |      240 |      209 |       31 |   5.123120 |      6 | 0.953131 | 1.186799
2056 | 616500.0 | 616800.0 | 0.004639 | 0.015865 |   5.123120 |      6 | 0.953131 | 0.600000 | 0.716667 | 0.676667 | 0.623333 |   1.680806 |      242 |      215 |       27 |   5.122579 |      6 | 0.960929 | 0.989350
2057 | 616800.0 | 617100.0 | 0.004638 | 0.015864 |   5.122579 |      6 | 0.960929 | 0.600000 | 0.690000 | 0.496667 | 0.670000 |  -5.463007 |      238 |      207 |       32 |   5.122161 |      6 | 0.935593 | 1.630899
2058 | 617100.0 | 617400.0 | 0.004636 | 0.015863 |   5.122161 |      6 | 0.935593 | 0.600000 | 0.653333 | 0.680000 | 0.676667 |   0.105065 |      238 |      196 |       41 |   5.121914 |      6 | 0.936080 | 1.618564
2059 | 617400.0 | 617700.0 | 0.004635 | 0.015862 |   5.121914 |      6 | 0.936080 | 0.600000 | 0.660000 | 0.673333 | 0.636667 |   1.155801 |      238 |      198 |       40 |   5.121636 |      6 | 0.941437 | 1.482921
2060 | 617700.0 | 618000.0 | 0.004633 | 0.015861 |   5.121636 |      6 | 0.941437 | 0.600000 | 0.676667 | 0.686667 | 0.643333 |   1.366043 |      240 |      203 |       37 |   5.121281 |      6 | 0.947766 | 1.322655
2061 | 618000.0 | 618300.0 | 0.004632 | 0.015860 |   5.121281 |      6 | 0.947766 | 0.600000 | 0.686667 | 0.690000 | 0.663333 |   0.840702 |      240 |      206 |       34 |   5.120879 |      6 | 0.951660 | 1.224055
2062 | 618300.0 | 618600.0 | 0.004630 | 0.015859 |   5.120879 |      6 | 0.951660 | 0.600000 | 0.726667 | 0.676667 | 0.706667 |  -0.945857 |      243 |      218 |       25 |   5.120293 |      6 | 0.947280 | 1.334952
2063 | 618600.0 | 618900.0 | 0.004629 | 0.015858 |   5.120293 |      6 | 0.947280 | 0.600000 | 0.690000 | 0.656667 | 0.690000 |  -1.051027 |      240 |      207 |       33 |   5.119876 |      6 | 0.942415 | 1.458140
2064 | 618900.0 | 619200.0 | 0.004627 | 0.015856 |   5.119876 |      6 | 0.942415 | 0.600000 | 0.716667 | 0.696667 | 0.693333 |   0.105110 |      244 |      215 |       29 |   5.119336 |      6 | 0.942902 | 1.445824
2065 | 619200.0 | 619500.0 | 0.004626 | 0.015855 |   5.119336 |      6 | 0.942902 | 0.600000 | 0.696667 | 0.650000 | 0.663333 |  -0.420470 |      241 |      209 |       32 |   5.118889 |      6 | 0.940957 | 1.495074
2066 | 619500.0 | 619800.0 | 0.004624 | 0.015854 |   5.118889 |      6 | 0.940957 | 0.600000 | 0.686667 | 0.670000 | 0.690000 |  -0.630750 |      242 |      206 |       36 |   5.118488 |      6 | 0.938040 | 1.568931
2067 | 619800.0 | 620100.0 | 0.004623 | 0.015853 |   5.118488 |      6 | 0.938040 | 0.600000 | 0.703333 | 0.683333 | 0.706667 |  -0.735927 |      242 |      211 |       31 |   5.118011 |      6 | 0.934638 | 1.655075
2068 | 620100.0 | 620400.0 | 0.004621 | 0.015852 |   5.118011 |      6 | 0.934638 | 0.600000 | 0.690000 | 0.680000 | 0.670000 |   0.315420 |      241 |      207 |       34 |   5.117595 |      6 | 0.936096 | 1.618166
2069 | 620400.0 | 620700.0 | 0.004620 | 0.015851 |   5.117595 |      6 | 0.936096 | 0.600000 | 0.663333 | 0.693333 | 0.663333 |   0.946326 |      239 |      199 |       40 |   5.117302 |      6 | 0.940468 | 1.507464
2070 | 620700.0 | 621000.0 | 0.004618 | 0.015850 |   5.117302 |      6 | 0.940468 | 0.600000 | 0.696667 | 0.680000 | 0.683333 |  -0.105155 |      242 |      209 |       33 |   5.116856 |      6 | 0.939982 | 1.519761
2071 | 621000.0 | 621300.0 | 0.004617 | 0.015849 |   5.116856 |      6 | 0.939982 | 0.600000 | 0.663333 | 0.696667 | 0.670000 |   0.841298 |      238 |      199 |       39 |   5.116563 |      6 | 0.943866 | 1.421410
2072 | 621300.0 | 621600.0 | 0.004615 | 0.015847 |   5.116563 |      6 | 0.943866 | 0.600000 | 0.686667 | 0.726667 | 0.690000 |   1.156866 |      240 |      206 |       34 |   5.116163 |      6 | 0.949205 | 1.286211
2073 | 621600.0 | 621900.0 | 0.004614 | 0.015846 |   5.116163 |      6 | 0.949205 | 0.600000 | 0.666667 | 0.656667 | 0.666667 |  -0.315531 |      238 |      200 |       38 |   5.115856 |      6 | 0.947749 | 1.323074
2074 | 621900.0 | 622200.0 | 0.004612 | 0.015845 |   5.115856 |      6 | 0.947749 | 0.600000 | 0.673333 | 0.650000 | 0.680000 |  -0.946661 |      239 |      202 |       37 |   5.115518 |      6 | 0.943383 | 1.433636
2075 | 622200.0 | 622500.0 | 0.004611 | 0.015844 |   5.115518 |      6 | 0.943383 | 0.600000 | 0.726667 | 0.683333 | 0.676667 |   0.210384 |      244 |      218 |       26 |   5.114933 |      6 | 0.944353 | 1.409073
2076 | 622500.0 | 622800.0 | 0.004609 | 0.015843 |   5.114933 |      6 | 0.944353 | 0.600000 | 0.726667 | 0.726667 | 0.706667 |   0.631196 |      244 |      218 |       26 |   5.114350 |      6 | 0.947263 | 1.335402
2077 | 622800.0 | 623100.0 | 0.004608 | 0.015842 |   5.114350 |      6 | 0.947263 | 0.600000 | 0.693333 | 0.670000 | 0.663333 |   0.210414 |      240 |      208 |       32 |   5.113920 |      6 | 0.948232 | 1.310851
2078 | 623100.0 | 623400.0 | 0.004606 | 0.015841 |   5.113920 |      6 | 0.948232 | 0.600000 | 0.686667 | 0.660000 | 0.690000 |  -0.946928 |      241 |      206 |       35 |   5.113520 |      6 | 0.943870 | 1.421302
2079 | 623400.0 | 623700.0 | 0.004605 | 0.015840 |   5.113520 |      6 | 0.943870 | 0.600000 | 0.706667 | 0.730000 | 0.676667 |   1.683546 |      242 |      212 |       30 |   5.113029 |      6 | 0.951623 | 1.224994
2080 | 623700.0 | 624000.0 | 0.004603 | 0.015838 |   5.113029 |      6 | 0.951623 | 0.600000 | 0.733333 | 0.676667 | 0.640000 |   1.157520 |      244 |      220 |       24 |   5.112415 |      6 | 0.956951 | 1.090066
2081 | 624000.0 | 624300.0 | 0.004602 | 0.015837 |   5.112415 |      6 | 0.956951 | 0.600000 | 0.686667 | 0.590000 | 0.666667 |  -2.420439 |      238 |      206 |       32 |   5.112017 |      6 | 0.945813 | 1.372117
2082 | 624300.0 | 624600.0 | 0.004600 | 0.015836 |   5.112017 |      6 | 0.945813 | 0.600000 | 0.693333 | 0.706667 | 0.626667 |   2.525853 |      242 |      208 |       34 |   5.111587 |      6 | 0.957433 | 1.077876
2083 | 624600.0 | 624900.0 | 0.004599 | 0.015835 |   5.111587 |      6 | 0.957433 | 0.600000 | 0.696667 | 0.590000 | 0.666667 |  -2.420779 |      239 |      209 |       30 |   5.111143 |      6 | 0.946300 | 1.359787
2084 | 624900.0 | 625200.0 | 0.004598 | 0.015834 |   5.111143 |      6 | 0.946300 | 0.600000 | 0.656667 | 0.670000 | 0.686667 |  -0.526293 |      237 |      197 |       40 |   5.110882 |      6 | 0.943880 | 1.421056
2085 | 625200.0 | 625500.0 | 0.004596 | 0.015833 |   5.110882 |      6 | 0.943880 | 0.600000 | 0.676667 | 0.710000 | 0.636667 |   2.315854 |      240 |      203 |       37 |   5.110530 |      6 | 0.954524 | 1.151538
2086 | 625500.0 | 625800.0 | 0.004595 | 0.015832 |   5.110530 |      6 | 0.954524 | 0.600000 | 0.716667 | 0.630000 | 0.716667 |  -2.737110 |      241 |      215 |       26 |   5.109994 |      6 | 0.941948 | 1.469980
2087 | 625800.0 | 626100.0 | 0.004593 | 0.015831 |   5.109994 |      6 | 0.941948 | 0.600000 | 0.660000 | 0.663333 | 0.640000 |   0.736966 |      237 |      198 |       39 |   5.109718 |      6 | 0.945333 | 1.384267
2088 | 626100.0 | 626400.0 | 0.004592 | 0.015830 |   5.109718 |      6 | 0.945333 | 0.600000 | 0.690000 | 0.670000 | 0.683333 |  -0.421153 |      241 |      207 |       34 |   5.109305 |      6 | 0.943399 | 1.433233
2089 | 626400.0 | 626700.0 | 0.004590 | 0.015828 |   5.109305 |      6 | 0.943399 | 0.600000 | 0.716667 | 0.700000 | 0.723333 |  -0.737069 |      243 |      215 |       28 |   5.108769 |      6 | 0.940016 | 1.518904
2090 | 626700.0 | 627000.0 | 0.004589 | 0.015827 |   5.108769 |      6 | 0.940016 | 0.600000 | 0.710000 | 0.693333 | 0.630000 |   2.000757 |      242 |      213 |       29 |   5.108265 |      6 | 0.949197 | 1.286428
2091 | 627000.0 | 627300.0 | 0.004587 | 0.015826 |   5.108265 |      6 | 0.949197 | 0.600000 | 0.656667 | 0.680000 | 0.663333 |   0.526552 |      238 |      197 |       41 |   5.108005 |      6 | 0.951612 | 1.225266
2092 | 627300.0 | 627600.0 | 0.004586 | 0.015825 |   5.108005 |      6 | 0.951612 | 0.600000 | 0.703333 | 0.650000 | 0.673333 |  -0.737224 |      240 |      211 |       29 |   5.107531 |      6 | 0.948231 | 1.310872
2093 | 627600.0 | 627900.0 | 0.004584 | 0.015824 |   5.107531 |      6 | 0.948231 | 0.600000 | 0.663333 | 0.673333 | 0.660000 |   0.421301 |      237 |      199 |       38 |   5.107240 |      6 | 0.950163 | 1.261966
2094 | 627900.0 | 628200.0 | 0.004583 | 0.015823 |   5.107240 |      6 | 0.950163 | 0.600000 | 0.693333 | 0.646667 | 0.670000 |  -0.737328 |      240 |      208 |       32 |   5.106813 |      6 | 0.946784 | 1.347530
2095 | 628200.0 | 628500.0 | 0.004581 | 0.015822 |   5.106813 |      6 | 0.946784 | 0.600000 | 0.690000 | 0.680000 | 0.763333 |  -2.633497 |      241 |      207 |       34 |   5.106400 |      6 | 0.934719 | 1.653037
2096 | 628500.0 | 628800.0 | 0.004580 | 0.015821 |   5.106400 |      6 | 0.934719 | 0.600000 | 0.710000 | 0.686667 | 0.670000 |   0.526736 |      243 |      213 |       30 |   5.105897 |      6 | 0.937131 | 1.591951
2097 | 628800.0 | 629100.0 | 0.004578 | 0.015820 |   5.105897 |      6 | 0.937131 | 0.600000 | 0.706667 | 0.630000 | 0.660000 |  -0.948192 |      242 |      212 |       30 |   5.105408 |      6 | 0.932790 | 1.701879
2098 | 629100.0 | 629400.0 | 0.004577 | 0.015818 |   5.105408 |      6 | 0.932790 | 0.600000 | 0.700000 | 0.646667 | 0.656667 |  -0.316086 |      242 |      210 |       32 |   5.104951 |      6 | 0.931343 | 1.738513
2099 | 629400.0 | 629700.0 | 0.004576 | 0.015817 |   5.104951 |      6 | 0.931343 | 0.600000 | 0.666667 | 0.653333 | 0.666667 |  -0.421477 |      238 |      200 |       38 |   5.104645 |      6 | 0.929415 | 1.787345
2100 | 629700.0 | 630000.0 | 0.004574 | 0.015816 |   5.104645 |      6 | 0.929415 | 0.600000 | 0.700000 | 0.713333 | 0.663333 |   1.580650 |      243 |      210 |       33 |   5.104188 |      6 | 0.936645 | 1.604268
2101 | 630000.0 | 630300.0 | 0.004573 | 0.015815 |   5.104188 |      6 | 0.936645 | 0.600000 | 0.666667 | 0.646667 | 0.670000 |  -0.737688 |      239 |      200 |       39 |   5.103883 |      6 | 0.933271 | 1.689683
2102 | 630300.0 | 630600.0 | 0.004571 | 0.015814 |   5.103883 |      6 | 0.933271 | 0.600000 | 0.696667 | 0.700000 | 0.663333 |   1.159305 |      242 |      209 |       33 |   5.103441 |      6 | 0.938571 | 1.555493
2103 | 630600.0 | 630900.0 | 0.004570 | 0.015813 |   5.103441 |      6 | 0.938571 | 0.600000 | 0.710000 | 0.703333 | 0.646667 |   1.791778 |      243 |      213 |       30 |   5.102939 |      6 | 0.946759 | 1.348161
2104 | 630900.0 | 631200.0 | 0.004568 | 0.015812 |   5.102939 |      6 | 0.946759 | 0.600000 | 0.710000 | 0.683333 | 0.650000 |   1.054061 |      241 |      213 |       28 |   5.102436 |      6 | 0.951574 | 1.226231
2105 | 631200.0 | 631500.0 | 0.004567 | 0.015811 |   5.102436 |      6 | 0.951574 | 0.600000 | 0.690000 | 0.663333 | 0.706667 |  -1.370374 |      241 |      207 |       34 |   5.102025 |      6 | 0.945316 | 1.384701
2106 | 631500.0 | 631800.0 | 0.004565 | 0.015810 |   5.102025 |      6 | 0.945316 | 0.600000 | 0.716667 | 0.663333 | 0.680000 |  -0.527104 |      242 |      215 |       27 |   5.101493 |      6 | 0.942909 | 1.445635
2107 | 631800.0 | 632100.0 | 0.004564 | 0.015809 |   5.101493 |      6 | 0.942909 | 0.600000 | 0.710000 | 0.646667 | 0.703333 |  -1.792277 |      244 |      213 |       31 |   5.100990 |      6 | 0.934729 | 1.652762
2108 | 632100.0 | 632400.0 | 0.004562 | 0.015807 |   5.100990 |      6 | 0.934729 | 0.600000 | 0.703333 | 0.720000 | 0.663333 |   1.792402 |      242 |      211 |       31 |   5.100519 |      6 | 0.942907 | 1.445687
2109 | 632400.0 | 632700.0 | 0.004561 | 0.015806 |   5.100519 |      6 | 0.942907 | 0.600000 | 0.670000 | 0.723333 | 0.703333 |   0.632656 |      239 |      201 |       38 |   5.100200 |      6 | 0.945793 | 1.372619
2110 | 632700.0 | 633000.0 | 0.004560 | 0.015805 |   5.100200 |      6 | 0.945793 | 0.600000 | 0.666667 | 0.683333 | 0.693333 |  -0.316350 |      238 |      200 |       38 |   5.099896 |      6 | 0.944350 | 1.409144
2111 | 633000.0 | 633300.0 | 0.004558 | 0.015804 |   5.099896 |      6 | 0.944350 | 0.600000 | 0.690000 | 0.670000 | 0.646667 |   0.738202 |      240 |      207 |       33 |   5.099486 |      6 | 0.947715 | 1.323941
2112 | 633300.0 | 633600.0 | 0.004557 | 0.015803 |   5.099486 |      6 | 0.947715 | 0.600000 | 0.696667 | 0.626667 | 0.710000 |  -2.636617 |      242 |      209 |       33 |   5.099045 |      6 | 0.935701 | 1.628163
2113 | 633600.0 | 633900.0 | 0.004555 | 0.015802 |   5.099045 |      6 | 0.935701 | 0.600000 | 0.646667 | 0.680000 | 0.663333 |   0.527360 |      235 |      194 |       42 |   5.098832 |      6 | 0.938103 | 1.567333
2114 | 633900.0 | 634200.0 | 0.004554 | 0.015801 |   5.098832 |      6 | 0.938103 | 0.600000 | 0.706667 | 0.643333 | 0.683333 |  -1.265752 |      243 |      212 |       30 |   5.098347 |      6 | 0.932339 | 1.713288
2115 | 634200.0 | 634500.0 | 0.004552 | 0.015800 |   5.098347 |      6 | 0.932339 | 0.600000 | 0.670000 | 0.676667 | 0.640000 |   1.160353 |      240 |      201 |       39 |   5.098028 |      6 | 0.937622 | 1.579529
2116 | 634500.0 | 634800.0 | 0.004551 | 0.015799 |   5.098028 |      6 | 0.937622 | 0.600000 | 0.700000 | 0.680000 | 0.683333 |  -0.105494 |      242 |      210 |       32 |   5.097573 |      6 | 0.937141 | 1.591686
2117 | 634800.0 | 635100.0 | 0.004550 | 0.015798 |   5.097573 |      6 | 0.937141 | 0.600000 | 0.696667 | 0.673333 | 0.706667 |  -1.055012 |      242 |      209 |       33 |   5.097133 |      6 | 0.932342 | 1.713225
2118 | 635100.0 | 635400.0 | 0.004548 | 0.015797 |   5.097133 |      6 | 0.932342 | 0.600000 | 0.666667 | 0.696667 | 0.703333 |  -0.211017 |      239 |      200 |       39 |   5.096830 |      6 | 0.931382 | 1.737527
2119 | 635400.0 | 635700.0 | 0.004547 | 0.015795 |   5.096830 |      6 | 0.931382 | 0.600000 | 0.670000 | 0.710000 | 0.703333 |   0.211032 |      240 |      201 |       39 |   5.096512 |      6 | 0.932341 | 1.713231
2120 | 635700.0 | 636000.0 | 0.004545 | 0.015794 |   5.096512 |      6 | 0.932341 | 0.600000 | 0.643333 | 0.683333 | 0.650000 |   1.055231 |      236 |      193 |       43 |   5.096315 |      6 | 0.937138 | 1.591782
2121 | 636000.0 | 636300.0 | 0.004544 | 0.015793 |   5.096315 |      6 | 0.937138 | 0.600000 | 0.663333 | 0.673333 | 0.653333 |   0.633183 |      239 |      199 |       40 |   5.096027 |      6 | 0.940015 | 1.518930
2122 | 636300.0 | 636600.0 | 0.004542 | 0.015792 |   5.096027 |      6 | 0.940015 | 0.600000 | 0.700000 | 0.720000 | 0.660000 |   1.899679 |      242 |      210 |       32 |   5.095573 |      6 | 0.948644 | 1.300430
2123 | 636600.0 | 636900.0 | 0.004541 | 0.015791 |   5.095573 |      6 | 0.948644 | 0.600000 | 0.710000 | 0.670000 | 0.636667 |   1.055450 |      242 |      213 |       29 |   5.095073 |      6 | 0.953436 | 1.179071
2124 | 636900.0 | 637200.0 | 0.004539 | 0.015790 |   5.095073 |      6 | 0.953436 | 0.600000 | 0.683333 | 0.673333 | 0.690000 |  -0.527761 |      238 |      205 |       33 |   5.094695 |      6 | 0.951041 | 1.239735
2125 | 637200.0 | 637500.0 | 0.004538 | 0.015789 |   5.094695 |      6 | 0.951041 | 0.600000 | 0.706667 | 0.706667 | 0.690000 |   0.527798 |      241 |      212 |       29 |   5.094211 |      6 | 0.953436 | 1.179085
2126 | 637500.0 | 637800.0 | 0.004537 | 0.015788 |   5.094211 |      6 | 0.953436 | 0.600000 | 0.663333 | 0.630000 | 0.713333 |  -2.639171 |      236 |      199 |       37 |   5.093924 |      6 | 0.941463 | 1.482260
2127 | 637800.0 | 638100.0 | 0.004535 | 0.015787 |   5.093924 |      6 | 0.941463 | 0.600000 | 0.680000 | 0.650000 | 0.676667 |  -0.844593 |      240 |      204 |       36 |   5.093561 |      6 | 0.937632 | 1.579252
2128 | 638100.0 | 638400.0 | 0.004534 | 0.015786 |   5.093561 |      6 | 0.937632 | 0.600000 | 0.686667 | 0.716667 | 0.643333 |   2.322791 |      241 |      206 |       35 |   5.093168 |      6 | 0.948163 | 1.312589
2129 | 638400.0 | 638700.0 | 0.004532 | 0.015785 |   5.093168 |      6 | 0.948163 | 0.600000 | 0.720000 | 0.690000 | 0.673333 |   0.527943 |      243 |      216 |       27 |   5.092624 |      6 | 0.950556 | 1.251999
2130 | 638700.0 | 639000.0 | 0.004531 | 0.015783 |   5.092624 |      6 | 0.950556 | 0.600000 | 0.673333 | 0.693333 | 0.716667 |  -0.739172 |      237 |      202 |       36 |   5.092292 |      6 | 0.947207 | 1.336805
2131 | 639000.0 | 639300.0 | 0.004530 | 0.015782 |   5.092292 |      6 | 0.947207 | 0.600000 | 0.670000 | 0.640000 | 0.646667 |  -0.211206 |      239 |      201 |       37 |   5.091975 |      6 | 0.946251 | 1.361029
2132 | 639300.0 | 639600.0 | 0.004528 | 0.015781 |   5.091975 |      6 | 0.946251 | 0.600000 | 0.650000 | 0.680000 | 0.660000 |   0.633663 |      237 |      195 |       42 |   5.091748 |      6 | 0.949120 | 1.288374
2133 | 639600.0 | 639900.0 | 0.004527 | 0.015780 |   5.091748 |      6 | 0.949120 | 0.600000 | 0.676667 | 0.666667 | 0.690000 |  -0.739324 |      237 |      203 |       34 |   5.091401 |      6 | 0.945773 | 1.373118
2134 | 639900.0 | 640200.0 | 0.004525 | 0.015779 |   5.091401 |      6 | 0.945773 | 0.600000 | 0.700000 | 0.640000 | 0.663333 |  -0.739375 |      242 |      210 |       32 |   5.090949 |      6 | 0.942427 | 1.457840
2135 | 640200.0 | 640500.0 | 0.004524 | 0.015778 |   5.090949 |      6 | 0.942427 | 0.600000 | 0.666667 | 0.673333 | 0.693333 |  -0.633793 |      237 |      200 |       37 |   5.090647 |      6 | 0.939560 | 1.530442
2136 | 640500.0 | 640800.0 | 0.004522 | 0.015777 |   5.090647 |      6 | 0.939560 | 0.600000 | 0.686667 | 0.720000 | 0.650000 |   2.218429 |      241 |      206 |       35 |   5.090255 |      6 | 0.949593 | 1.276398
2137 | 640800.0 | 641100.0 | 0.004521 | 0.015776 |   5.090255 |      6 | 0.949593 | 0.600000 | 0.636667 | 0.703333 | 0.643333 |   1.901641 |      236 |      191 |       45 |   5.090089 |      6 | 0.958190 | 1.058700
2138 | 641100.0 | 641400.0 | 0.004520 | 0.015775 |   5.090089 |      6 | 0.958190 | 0.600000 | 0.653333 | 0.566667 | 0.686667 |  -3.803543 |      233 |      196 |       37 |   5.089848 |      6 | 0.941000 | 1.493990
2139 | 641400.0 | 641700.0 | 0.004518 | 0.015774 |   5.089848 |      6 | 0.941000 | 0.600000 | 0.690000 | 0.640000 | 0.640000 |   0.000000 |      241 |      207 |       34 |   5.089442 |      6 | 0.941000 | 1.493990
2140 | 641700.0 | 642000.0 | 0.004517 | 0.015773 |   5.089442 |      6 | 0.941000 | 0.600000 | 0.666667 | 0.696667 | 0.680000 |   0.528342 |      239 |      200 |       39 |   5.089141 |      6 | 0.943386 | 1.433563
2141 | 642000.0 | 642300.0 | 0.004515 | 0.015772 |   5.089141 |      6 | 0.943386 | 0.600000 | 0.670000 | 0.703333 | 0.660000 |   1.373784 |      238 |      201 |       37 |   5.088825 |      6 | 0.949589 | 1.276490
2142 | 642300.0 | 642600.0 | 0.004514 | 0.015770 |   5.088825 |      6 | 0.949589 | 0.600000 | 0.706667 | 0.636667 | 0.700000 |  -2.007976 |      242 |      212 |       30 |   5.088343 |      6 | 0.940525 | 1.506002
2143 | 642600.0 | 642900.0 | 0.004513 | 0.015769 |   5.088343 |      6 | 0.940525 | 0.600000 | 0.696667 | 0.696667 | 0.690000 |   0.211380 |      242 |      209 |       33 |   5.087907 |      6 | 0.941479 | 1.481849
2144 | 642900.0 | 643200.0 | 0.004511 | 0.015768 |   5.087907 |      6 | 0.941479 | 0.600000 | 0.676667 | 0.656667 | 0.653333 |   0.105697 |      240 |      203 |       37 |   5.087561 |      6 | 0.941956 | 1.469775
2145 | 643200.0 | 643500.0 | 0.004510 | 0.015767 |   5.087561 |      6 | 0.941956 | 0.600000 | 0.686667 | 0.686667 | 0.676667 |   0.317114 |      239 |      206 |       33 |   5.087170 |      6 | 0.943386 | 1.433563
2146 | 643500.0 | 643800.0 | 0.004508 | 0.015766 |   5.087170 |      6 | 0.943386 | 0.600000 | 0.696667 | 0.686667 | 0.686667 |   0.000000 |      242 |      209 |       33 |   5.086734 |      6 | 0.943386 | 1.433563
2147 | 643800.0 | 644100.0 | 0.004507 | 0.015765 |   5.086734 |      6 | 0.943386 | 0.600000 | 0.710000 | 0.703333 | 0.690000 |   0.422876 |      243 |      213 |       30 |   5.086239 |      6 | 0.945292 | 1.385303
2148 | 644100.0 | 644400.0 | 0.004505 | 0.015764 |   5.086239 |      6 | 0.945292 | 0.600000 | 0.693333 | 0.666667 | 0.703333 |  -1.162989 |      240 |      208 |       32 |   5.085818 |      6 | 0.940052 | 1.517985
2149 | 644400.0 | 644700.0 | 0.004504 | 0.015763 |   5.085818 |      6 | 0.940052 | 0.600000 | 0.690000 | 0.670000 | 0.650000 |   0.634401 |      241 |      207 |       34 |   5.085413 |      6 | 0.942909 | 1.445631
2150 | 644700.0 | 645000.0 | 0.004503 | 0.015762 |   5.085413 |      6 | 0.942909 | 0.600000 | 0.623333 | 0.676667 | 0.663333 |   0.422963 |      234 |      187 |       47 |   5.085308 |      6 | 0.944814 | 1.397406
2151 | 645000.0 | 645300.0 | 0.004501 | 0.015761 |   5.085308 |      6 | 0.944814 | 0.600000 | 0.726667 | 0.703333 | 0.613333 |   2.855193 |      243 |      218 |       25 |   5.084737 |      6 | 0.957666 | 1.071970
2152 | 645300.0 | 645600.0 | 0.004500 | 0.015760 |   5.084737 |      6 | 0.957666 | 0.600000 | 0.696667 | 0.593333 | 0.710000 |  -3.701429 |      239 |      209 |       30 |   5.084302 |      6 | 0.941010 | 1.493729
2153 | 645600.0 | 645900.0 | 0.004498 | 0.015759 |   5.084302 |      6 | 0.941010 | 0.600000 | 0.663333 | 0.643333 | 0.730000 |  -2.749820 |      238 |      199 |       39 |   5.084018 |      6 | 0.928640 | 1.806960
2154 | 645900.0 | 646200.0 | 0.004497 | 0.015758 |   5.084018 |      6 | 0.928640 | 0.600000 | 0.683333 | 0.706667 | 0.646667 |   1.903851 |      241 |      205 |       36 |   5.083643 |      6 | 0.937202 | 1.590161
2155 | 646200.0 | 646500.0 | 0.004496 | 0.015756 |   5.083643 |      6 | 0.937202 | 0.600000 | 0.676667 | 0.690000 | 0.653333 |   1.163544 |      240 |      203 |       37 |   5.083298 |      6 | 0.942433 | 1.457704
2156 | 646500.0 | 646800.0 | 0.004494 | 0.015755 |   5.083298 |      6 | 0.942433 | 0.600000 | 0.716667 | 0.700000 | 0.643333 |   1.798326 |      242 |      215 |       28 |   5.082774 |      6 | 0.950515 | 1.253048
2157 | 646800.0 | 647100.0 | 0.004493 | 0.015754 |   5.082774 |      6 | 0.950515 | 0.600000 | 0.723333 | 0.700000 | 0.660000 |   1.269493 |      242 |      217 |       24 |   5.082220 |      6 | 0.956219 | 1.108620
2158 | 647100.0 | 647400.0 | 0.004492 | 0.015753 |   5.082220 |      6 | 0.956219 | 0.600000 | 0.690000 | 0.603333 | 0.726667 |  -3.914536 |      238 |      207 |       31 |   5.081815 |      6 | 0.938636 | 1.553832
2159 | 647400.0 | 647700.0 | 0.004490 | 0.015752 |   5.081815 |      6 | 0.938636 | 0.600000 | 0.670000 | 0.653333 | 0.686667 |  -1.058055 |      239 |      201 |       39 |   5.081501 |      6 | 0.933886 | 1.674130
2160 | 647700.0 | 648000.0 | 0.004489 | 0.015751 |   5.081501 |      6 | 0.933886 | 0.600000 | 0.653333 | 0.683333 | 0.640000 |   1.375564 |      237 |      196 |       40 |   5.081262 |      6 | 0.940060 | 1.517780
2161 | 648000.0 | 648300.0 | 0.004487 | 0.015750 |   5.081262 |      6 | 0.940060 | 0.600000 | 0.693333 | 0.673333 | 0.680000 |  -0.211640 |      241 |      208 |       33 |   5.080843 |      6 | 0.939110 | 1.541828
2162 | 648300.0 | 648600.0 | 0.004486 | 0.015749 |   5.080843 |      6 | 0.939110 | 0.600000 | 0.710000 | 0.670000 | 0.636667 |   1.058270 |      244 |      213 |       31 |   5.080349 |      6 | 0.943858 | 1.421617
2163 | 648600.0 | 648900.0 | 0.004485 | 0.015748 |   5.080349 |      6 | 0.943858 | 0.600000 | 0.683333 | 0.676667 | 0.693333 |  -0.529171 |      240 |      205 |       35 |   5.079976 |      6 | 0.941485 | 1.481708
2164 | 648900.0 | 649200.0 | 0.004483 | 0.015747 |   5.079976 |      6 | 0.941485 | 0.600000 | 0.723333 | 0.713333 | 0.656667 |   1.799303 |      244 |      217 |       27 |   5.079423 |      6 | 0.949551 | 1.277448
2165 | 649200.0 | 649500.0 | 0.004482 | 0.015746 |   5.079423 |      6 | 0.949551 | 0.600000 | 0.690000 | 0.686667 | 0.626667 |   1.905273 |      241 |      207 |       34 |   5.079019 |      6 | 0.958090 | 1.061225
2166 | 649500.0 | 649800.0 | 0.004480 | 0.015745 |   5.079019 |      6 | 0.958090 | 0.600000 | 0.716667 | 0.566667 | 0.693333 |  -4.022516 |      240 |      215 |       25 |   5.078497 |      6 | 0.940068 | 1.517586
2167 | 649800.0 | 650100.0 | 0.004479 | 0.015744 |   5.078497 |      6 | 0.940068 | 0.600000 | 0.693333 | 0.670000 | 0.706667 |  -1.164491 |      241 |      208 |       33 |   5.078079 |      6 | 0.934852 | 1.649659
2168 | 650100.0 | 650400.0 | 0.004478 | 0.015743 |   5.078079 |      6 | 0.934852 | 0.600000 | 0.670000 | 0.676667 | 0.666667 |   0.317610 |      240 |      201 |       39 |   5.077765 |      6 | 0.936274 | 1.613648
2169 | 650400.0 | 650700.0 | 0.004476 | 0.015742 |   5.077765 |      6 | 0.936274 | 0.600000 | 0.660000 | 0.686667 | 0.676667 |   0.317632 |      238 |      198 |       40 |   5.077497 |      6 | 0.937696 | 1.577645
2170 | 650700.0 | 651000.0 | 0.004475 | 0.015740 |   5.077497 |      6 | 0.937696 | 0.600000 | 0.723333 | 0.693333 | 0.666667 |   0.847075 |      244 |      217 |       27 |   5.076945 |      6 | 0.941487 | 1.481662
2171 | 651000.0 | 651300.0 | 0.004474 | 0.015739 |   5.076945 |      6 | 0.941487 | 0.600000 | 0.690000 | 0.626667 | 0.710000 |  -2.647287 |      241 |      207 |       34 |   5.076542 |      6 | 0.929644 | 1.781538
2172 | 651300.0 | 651600.0 | 0.004472 | 0.015738 |   5.076542 |      6 | 0.929644 | 0.600000 | 0.653333 | 0.713333 | 0.653333 |   1.906175 |      238 |      196 |       42 |   5.076304 |      6 | 0.938169 | 1.565679
2173 | 651600.0 | 651900.0 | 0.004471 | 0.015737 |   5.076304 |      6 | 0.938169 | 0.600000 | 0.713333 | 0.690000 | 0.663333 |   0.847246 |      242 |      214 |       28 |   5.075797 |      6 | 0.941956 | 1.469765
2174 | 651900.0 | 652200.0 | 0.004469 | 0.015736 |   5.075797 |      6 | 0.941956 | 0.600000 | 0.706667 | 0.703333 | 0.706667 |  -0.105913 |      243 |      212 |       31 |   5.075320 |      6 | 0.941483 | 1.481751
2175 | 652200.0 | 652500.0 | 0.004468 | 0.015735 |   5.075320 |      6 | 0.941483 | 0.600000 | 0.676667 | 0.660000 | 0.640000 |   0.635520 |      240 |      203 |       37 |   5.074978 |      6 | 0.944322 | 1.409850
2176 | 652500.0 | 652800.0 | 0.004467 | 0.015734 |   5.074978 |      6 | 0.944322 | 0.600000 | 0.676667 | 0.656667 | 0.690000 |  -1.059272 |      240 |      203 |       37 |   5.074635 |      6 | 0.939591 | 1.529656
2177 | 652800.0 | 653100.0 | 0.004465 | 0.015733 |   5.074635 |      6 | 0.939591 | 0.600000 | 0.693333 | 0.660000 | 0.673333 |  -0.423737 |      242 |      208 |       34 |   5.074218 |      6 | 0.937699 | 1.577568
2178 | 653100.0 | 653400.0 | 0.004464 | 0.015732 |   5.074218 |      6 | 0.937699 | 0.600000 | 0.680000 | 0.683333 | 0.670000 |   0.423766 |      239 |      204 |       35 |   5.073861 |      6 | 0.939591 | 1.529668
2179 | 653400.0 | 653700.0 | 0.004463 | 0.015731 |   5.073861 |      6 | 0.939591 | 0.600000 | 0.753333 | 0.670000 | 0.686667 |  -0.529743 |      248 |      226 |       22 |   5.073177 |      6 | 0.937227 | 1.589528
2180 | 653700.0 | 654000.0 | 0.004461 | 0.015730 |   5.073177 |      6 | 0.937227 | 0.600000 | 0.736667 | 0.690000 | 0.673333 |   0.529779 |      245 |      221 |       24 |   5.072567 |      6 | 0.939590 | 1.529682
2181 | 654000.0 | 654300.0 | 0.004460 | 0.015729 |   5.072567 |      6 | 0.939590 | 0.600000 | 0.673333 | 0.680000 | 0.653333 |   0.847703 |      240 |      202 |       38 |   5.072240 |      6 | 0.943371 | 1.433952
2182 | 654300.0 | 654600.0 | 0.004458 | 0.015728 |   5.072240 |      6 | 0.943371 | 0.600000 | 0.696667 | 0.683333 | 0.716667 |  -1.059700 |      241 |      209 |       32 |   5.071809 |      6 | 0.938646 | 1.553586
2183 | 654600.0 | 654900.0 | 0.004457 | 0.015727 |   5.071809 |      6 | 0.938646 | 0.600000 | 0.673333 | 0.680000 | 0.633333 |   1.483679 |      240 |      202 |       38 |   5.071483 |      6 | 0.945259 | 1.386139
2184 | 654900.0 | 655200.0 | 0.004456 | 0.015726 |   5.071483 |      6 | 0.945259 | 0.600000 | 0.703333 | 0.663333 | 0.643333 |   0.635905 |      241 |      211 |       30 |   5.071022 |      6 | 0.948092 | 1.314392
2185 | 655200.0 | 655500.0 | 0.004454 | 0.015725 |   5.071022 |      6 | 0.948092 | 0.600000 | 0.710000 | 0.673333 | 0.683333 |  -0.317974 |      242 |      213 |       29 |   5.070532 |      6 | 0.946676 | 1.350257
2186 | 655500.0 | 655800.0 | 0.004453 | 0.015724 |   5.070532 |      6 | 0.946676 | 0.600000 | 0.716667 | 0.703333 | 0.653333 |   1.589977 |      243 |      215 |       28 |   5.070013 |      6 | 0.953756 | 1.170977
2187 | 655800.0 | 656100.0 | 0.004452 | 0.015722 |   5.070013 |      6 | 0.953756 | 0.600000 | 0.726667 | 0.626667 | 0.650000 |  -0.742039 |      242 |      218 |       24 |   5.069449 |      6 | 0.950453 | 1.254621
2188 | 656100.0 | 656400.0 | 0.004450 | 0.015721 |   5.069449 |      6 | 0.950453 | 0.600000 | 0.666667 | 0.683333 | 0.636667 |   1.484177 |      238 |      200 |       38 |   5.069152 |      6 | 0.957058 | 1.087374
2189 | 656400.0 | 656700.0 | 0.004449 | 0.015720 |   5.069152 |      6 | 0.957058 | 0.600000 | 0.683333 | 0.610000 | 0.670000 |  -1.908356 |      236 |      205 |       31 |   5.068781 |      6 | 0.948568 | 1.302355
2190 | 656700.0 | 657000.0 | 0.004447 | 0.015719 |   5.068781 |      6 | 0.948568 | 0.600000 | 0.673333 | 0.696667 | 0.680000 |   0.530134 |      238 |      202 |       36 |   5.068455 |      6 | 0.950925 | 1.242652
2191 | 657000.0 | 657300.0 | 0.004446 | 0.015718 |   5.068455 |      6 | 0.950925 | 0.600000 | 0.733333 | 0.690000 | 0.673333 |   0.530170 |      244 |      220 |       24 |   5.067862 |      6 | 0.953283 | 1.182964
2192 | 657300.0 | 657600.0 | 0.004445 | 0.015717 |   5.067862 |      6 | 0.953283 | 0.600000 | 0.726667 | 0.640000 | 0.673333 |  -1.060411 |      242 |      218 |       24 |   5.067299 |      6 | 0.948569 | 1.302312
2193 | 657600.0 | 657900.0 | 0.004443 | 0.015716 |   5.067299 |      6 | 0.948569 | 0.600000 | 0.663333 | 0.690000 | 0.666667 |   0.742337 |      238 |      199 |       39 |   5.067018 |      6 | 0.951868 | 1.218788
2194 | 657900.0 | 658200.0 | 0.004442 | 0.015715 |   5.067018 |      6 | 0.951868 | 0.600000 | 0.720000 | 0.636667 | 0.690000 |  -1.696884 |      242 |      216 |       26 |   5.066485 |      6 | 0.944330 | 1.409655
2195 | 658200.0 | 658500.0 | 0.004441 | 0.015714 |   5.066485 |      6 | 0.944330 | 0.600000 | 0.650000 | 0.690000 | 0.680000 |   0.318187 |      237 |      195 |       42 |   5.066263 |      6 | 0.945743 | 1.373876
2196 | 658500.0 | 658800.0 | 0.004439 | 0.015713 |   5.066263 |      6 | 0.945743 | 0.600000 | 0.616667 | 0.636667 | 0.663333 |  -0.848555 |      232 |      185 |       47 |   5.066189 |      6 | 0.941976 | 1.469264
2197 | 658800.0 | 659100.0 | 0.004438 | 0.015712 |   5.066189 |      6 | 0.941976 | 0.600000 | 0.743333 | 0.700000 | 0.636667 |   2.015454 |      246 |      223 |       23 |   5.065553 |      6 | 0.950921 | 1.242771
2198 | 659100.0 | 659400.0 | 0.004437 | 0.015711 |   5.065553 |      6 | 0.950921 | 0.600000 | 0.673333 | 0.653333 | 0.723333 |  -2.227755 |      237 |      202 |       35 |   5.065227 |      6 | 0.941037 | 1.493045
2199 | 659400.0 | 659700.0 | 0.004435 | 0.015710 |   5.065227 |      6 | 0.941037 | 0.600000 | 0.693333 | 0.680000 | 0.696667 |  -0.530453 |      241 |      208 |       33 |   5.064813 |      6 | 0.938684 | 1.552620
2200 | 659700.0 | 660000.0 | 0.004434 | 0.015709 |   5.064813 |      6 | 0.938684 | 0.600000 | 0.713333 | 0.703333 | 0.650000 |   1.697564 |      244 |      214 |       30 |   5.064311 |      6 | 0.946211 | 1.362026
2201 | 660000.0 | 660300.0 | 0.004433 | 0.015708 |   5.064311 |      6 | 0.946211 | 0.600000 | 0.746667 | 0.670000 | 0.673333 |  -0.106105 |      246 |      224 |       22 |   5.063661 |      6 | 0.945741 | 1.373935
2202 | 660300.0 | 660600.0 | 0.004431 | 0.015707 |   5.063661 |      6 | 0.945741 | 0.600000 | 0.683333 | 0.693333 | 0.676667 |   0.530559 |      239 |      205 |       34 |   5.063292 |      6 | 0.948092 | 1.314403
2203 | 660600.0 | 660900.0 | 0.004430 | 0.015706 |   5.063292 |      6 | 0.948092 | 0.600000 | 0.686667 | 0.710000 | 0.636667 |   2.334617 |      239 |      206 |       33 |   5.062908 |      6 | 0.958434 | 1.052522
2204 | 660900.0 | 661200.0 | 0.004429 | 0.015705 |   5.062908 |      6 | 0.958434 | 0.600000 | 0.683333 | 0.563333 | 0.726667 |  -5.200174 |      237 |      205 |       33 |   5.062539 |      6 | 0.935405 | 1.635663
2205 | 661200.0 | 661500.0 | 0.004427 | 0.015704 |   5.062539 |      6 | 0.935405 | 0.600000 | 0.700000 | 0.733333 | 0.663333 |   2.228794 |      243 |      210 |       32 |   5.062096 |      6 | 0.945272 | 1.385805
2206 | 661500.0 | 661800.0 | 0.004426 | 0.015703 |   5.062096 |      6 | 0.945272 | 0.600000 | 0.666667 | 0.640000 | 0.706667 |  -2.122803 |      238 |      200 |       38 |   5.061801 |      6 | 0.935877 | 1.623709
2207 | 661800.0 | 662100.0 | 0.004425 | 0.015701 |   5.061801 |      6 | 0.935877 | 0.600000 | 0.696667 | 0.686667 | 0.690000 |  -0.106147 |      241 |      209 |       32 |   5.061373 |      6 | 0.935407 | 1.635601
2208 | 662100.0 | 662400.0 | 0.004423 | 0.015700 |   5.061373 |      6 | 0.935407 | 0.600000 | 0.686667 | 0.696667 | 0.670000 |   0.849234 |      242 |      206 |       36 |   5.060990 |      6 | 0.939164 | 1.540485
2209 | 662400.0 | 662700.0 | 0.004422 | 0.015699 |   5.060990 |      6 | 0.939164 | 0.600000 | 0.710000 | 0.673333 | 0.706667 |  -1.061613 |      243 |      213 |       30 |   5.060503 |      6 | 0.934469 | 1.659352
2210 | 662700.0 | 663000.0 | 0.004421 | 0.015698 |   5.060503 |      6 | 0.934469 | 0.600000 | 0.636667 | 0.683333 | 0.676667 |   0.212337 |      236 |      191 |       45 |   5.060341 |      6 | 0.935408 | 1.635584
2211 | 663000.0 | 663300.0 | 0.004419 | 0.015697 |   5.060341 |      6 | 0.935408 | 0.600000 | 0.690000 | 0.676667 | 0.640000 |   1.167929 |      241 |      207 |       34 |   5.059944 |      6 | 0.940569 | 1.504892
2212 | 663300.0 | 663600.0 | 0.004418 | 0.015696 |   5.059944 |      6 | 0.940569 | 0.600000 | 0.683333 | 0.680000 | 0.656667 |   0.743277 |      240 |      205 |       35 |   5.059575 |      6 | 0.943853 | 1.421744
2213 | 663600.0 | 663900.0 | 0.004416 | 0.015695 |   5.059575 |      6 | 0.943853 | 0.600000 | 0.656667 | 0.680000 | 0.706667 |  -0.849516 |      238 |      197 |       41 |   5.059325 |      6 | 0.940101 | 1.516748
2214 | 663900.0 | 664200.0 | 0.004415 | 0.015694 |   5.059325 |      6 | 0.940101 | 0.600000 | 0.696667 | 0.690000 | 0.633333 |   1.805341 |      242 |      209 |       33 |   5.058898 |      6 | 0.948072 | 1.314912
2215 | 664200.0 | 664500.0 | 0.004414 | 0.015693 |   5.058898 |      6 | 0.948072 | 0.600000 | 0.736667 | 0.690000 | 0.646667 |   1.380646 |      245 |      221 |       24 |   5.058295 |      6 | 0.954166 | 1.160604
2216 | 664500.0 | 664800.0 | 0.004412 | 0.015692 |   5.058295 |      6 | 0.954166 | 0.600000 | 0.723333 | 0.610000 | 0.646667 |  -1.168316 |      242 |      217 |       26 |   5.057751 |      6 | 0.949011 | 1.291141
2217 | 664800.0 | 665100.0 | 0.004411 | 0.015691 |   5.057751 |      6 | 0.949011 | 0.600000 | 0.673333 | 0.683333 | 0.633333 |   1.593264 |      239 |      202 |       36 |   5.057427 |      6 | 0.956039 | 1.113177
2218 | 665100.0 | 665400.0 | 0.004410 | 0.015690 |   5.057427 |      6 | 0.956039 | 0.600000 | 0.656667 | 0.586667 | 0.670000 |  -2.655616 |      235 |      197 |       38 |   5.057178 |      6 | 0.944328 | 1.409714
2219 | 665400.0 | 665700.0 | 0.004408 | 0.015689 |   5.057178 |      6 | 0.944328 | 0.600000 | 0.723333 | 0.673333 | 0.646667 |   0.849853 |      243 |      217 |       26 |   5.056634 |      6 | 0.948074 | 1.314845
2220 | 665700.0 | 666000.0 | 0.004407 | 0.015688 |   5.056634 |      6 | 0.948074 | 0.600000 | 0.673333 | 0.656667 | 0.670000 |  -0.424955 |      239 |      202 |       37 |   5.056311 |      6 | 0.946202 | 1.362268
2221 | 666000.0 | 666300.0 | 0.004406 | 0.015687 |   5.056311 |      6 | 0.946202 | 0.600000 | 0.710000 | 0.653333 | 0.676667 |  -0.743720 |      241 |      213 |       28 |   5.055826 |      6 | 0.942925 | 1.445240
2222 | 666300.0 | 666600.0 | 0.004404 | 0.015686 |   5.055826 |      6 | 0.942925 | 0.600000 | 0.740000 | 0.686667 | 0.673333 |   0.425011 |      246 |      222 |       24 |   5.055209 |      6 | 0.944797 | 1.397839
2223 | 666600.0 | 666900.0 | 0.004403 | 0.015685 |   5.055209 |      6 | 0.944797 | 0.600000 | 0.730000 | 0.653333 | 0.683333 |  -0.956337 |      244 |      219 |       25 |   5.054637 |      6 | 0.940586 | 1.504467
2224 | 666900.0 | 667200.0 | 0.004402 | 0.015684 |   5.054637 |      6 | 0.940586 | 0.600000 | 0.683333 | 0.716667 | 0.666667 |   1.594001 |      240 |      205 |       35 |   5.054270 |      6 | 0.947602 | 1.326796
2225 | 667200.0 | 667500.0 | 0.004401 | 0.015683 |   5.054270 |      6 | 0.947602 | 0.600000 | 0.680000 | 0.670000 | 0.643333 |   0.850190 |      240 |      204 |       36 |   5.053918 |      6 | 0.951344 | 1.232060
2226 | 667500.0 | 667800.0 | 0.004399 | 0.015682 |   5.053918 |      6 | 0.951344 | 0.600000 | 0.650000 | 0.653333 | 0.676667 |  -0.743965 |      236 |      195 |       41 |   5.053698 |      6 | 0.948071 | 1.314934
2227 | 667800.0 | 668100.0 | 0.004398 | 0.015681 |   5.053698 |      6 | 0.948071 | 0.600000 | 0.703333 | 0.663333 | 0.656667 |   0.212575 |      241 |      211 |       30 |   5.053244 |      6 | 0.949006 | 1.291261
2228 | 668100.0 | 668400.0 | 0.004397 | 0.015680 |   5.053244 |      6 | 0.949006 | 0.600000 | 0.683333 | 0.650000 | 0.640000 |   0.318884 |      240 |      205 |       35 |   5.052877 |      6 | 0.950408 | 1.255761
2229 | 668400.0 | 668700.0 | 0.004395 | 0.015679 |   5.052877 |      6 | 0.950408 | 0.600000 | 0.710000 | 0.676667 | 0.646667 |   0.956716 |      242 |      213 |       29 |   5.052394 |      6 | 0.954613 | 1.149283
2230 | 668700.0 | 669000.0 | 0.004394 | 0.015678 |   5.052394 |      6 | 0.954613 | 0.600000 | 0.716667 | 0.623333 | 0.670000 |  -1.488322 |      242 |      215 |       27 |   5.051881 |      6 | 0.948073 | 1.314876
2231 | 669000.0 | 669300.0 | 0.004393 | 0.015677 |   5.051881 |      6 | 0.948073 | 0.600000 | 0.703333 | 0.660000 | 0.700000 |  -1.275789 |      242 |      211 |       31 |   5.051427 |      6 | 0.942469 | 1.456779
2232 | 669300.0 | 669600.0 | 0.004391 | 0.015676 |   5.051427 |      6 | 0.942469 | 0.600000 | 0.716667 | 0.693333 | 0.723333 |  -0.956905 |      242 |      215 |       27 |   5.050915 |      6 | 0.938267 | 1.563182
2233 | 669600.0 | 669900.0 | 0.004390 | 0.015675 |   5.050915 |      6 | 0.938267 | 0.600000 | 0.700000 | 0.696667 | 0.670000 |   0.850638 |      243 |      210 |       33 |   5.050476 |      6 | 0.942001 | 1.468624
2234 | 669900.0 | 670200.0 | 0.004389 | 0.015673 |   5.050476 |      6 | 0.942001 | 0.600000 | 0.686667 | 0.693333 | 0.700000 |  -0.212673 |      240 |      206 |       34 |   5.050096 |      6 | 0.941068 | 1.492258
2235 | 670200.0 | 670500.0 | 0.004387 | 0.015672 |   5.050096 |      6 | 0.941068 | 0.600000 | 0.656667 | 0.630000 | 0.686667 |  -1.807843 |      238 |      197 |       42 |   5.049847 |      6 | 0.933136 | 1.693099
2236 | 670500.0 | 670800.0 | 0.004386 | 0.015671 |   5.049847 |      6 | 0.933136 | 0.600000 | 0.686667 | 0.683333 | 0.696667 |  -0.425403 |      241 |      206 |       34 |   5.049467 |      6 | 0.931271 | 1.740345
2237 | 670800.0 | 671100.0 | 0.004385 | 0.015670 |   5.049467 |      6 | 0.931271 | 0.600000 | 0.663333 | 0.706667 | 0.676667 |   0.957219 |      239 |      199 |       40 |   5.049189 |      6 | 0.935468 | 1.634067
2238 | 671100.0 | 671400.0 | 0.004383 | 0.015669 |   5.049189 |      6 | 0.935468 | 0.600000 | 0.676667 | 0.676667 | 0.670000 |   0.212729 |      239 |      203 |       36 |   5.048853 |      6 | 0.936400 | 1.610455
2239 | 671400.0 | 671700.0 | 0.004382 | 0.015668 |   5.048853 |      6 | 0.936400 | 0.600000 | 0.686667 | 0.666667 | 0.670000 |  -0.106372 |      241 |      206 |       35 |   5.048473 |      6 | 0.935934 | 1.622258
2240 | 671700.0 | 672000.0 | 0.004381 | 0.015667 |   5.048473 |      6 | 0.935934 | 0.600000 | 0.720000 | 0.713333 | 0.686667 |   0.851028 |      245 |      216 |       29 |   5.047948 |      6 | 0.939662 | 1.527855
2241 | 672000.0 | 672300.0 | 0.004379 | 0.015666 |   5.047948 |      6 | 0.939662 | 0.600000 | 0.716667 | 0.683333 | 0.686667 |  -0.106386 |      243 |      215 |       28 |   5.047437 |      6 | 0.939196 | 1.539653
2242 | 672300.0 | 672600.0 | 0.004378 | 0.015665 |   5.047437 |      6 | 0.939196 | 0.600000 | 0.670000 | 0.643333 | 0.676667 |  -1.063925 |      239 |      201 |       38 |   5.047130 |      6 | 0.934538 | 1.657601
2243 | 672600.0 | 672900.0 | 0.004377 | 0.015664 |   5.047130 |      6 | 0.934538 | 0.600000 | 0.660000 | 0.693333 | 0.666667 |   0.851196 |      239 |      198 |       41 |   5.046868 |      6 | 0.938264 | 1.563264
2244 | 672900.0 | 673200.0 | 0.004376 | 0.015663 |   5.046868 |      6 | 0.938264 | 0.600000 | 0.686667 | 0.646667 | 0.700000 |  -1.702502 |      240 |      206 |       34 |   5.046488 |      6 | 0.930815 | 1.751894
2245 | 673200.0 | 673500.0 | 0.004374 | 0.015662 |   5.046488 |      6 | 0.930815 | 0.600000 | 0.693333 | 0.680000 | 0.703333 |  -0.744894 |      241 |      208 |       34 |   5.046080 |      6 | 0.927556 | 1.834401
2246 | 673500.0 | 673800.0 | 0.004373 | 0.015661 |   5.046080 |      6 | 0.927556 | 0.600000 | 0.690000 | 0.673333 | 0.690000 |  -0.532102 |      242 |      207 |       34 |   5.045687 |      6 | 0.925229 | 1.893320
2247 | 673800.0 | 674100.0 | 0.004372 | 0.015660 |   5.045687 |      6 | 0.925229 | 0.600000 | 0.633333 | 0.663333 | 0.653333 |   0.319282 |      236 |      190 |       46 |   5.045541 |      6 | 0.926625 | 1.857977
2248 | 674100.0 | 674400.0 | 0.004370 | 0.015659 |   5.045541 |      6 | 0.926625 | 0.600000 | 0.643333 | 0.683333 | 0.700000 |  -0.532171 |      237 |      193 |       44 |   5.045352 |      6 | 0.924299 | 1.916868
2249 | 674400.0 | 674700.0 | 0.004369 | 0.015658 |   5.045352 |      6 | 0.924299 | 0.600000 | 0.690000 | 0.706667 | 0.610000 |   3.086794 |      241 |      207 |       34 |   5.044958 |      6 | 0.937786 | 1.575375
2250 | 674700.0 | 675000.0 | 0.004368 | 0.015657 |   5.044958 |      6 | 0.937786 | 0.600000 | 0.686667 | 0.690000 | 0.673333 |   0.532241 |      241 |      206 |       35 |   5.044580 |      6 | 0.940110 | 1.516510
2251 | 675000.0 | 675300.0 | 0.004366 | 0.015656 |   5.044580 |      6 | 0.940110 | 0.600000 | 0.706667 | 0.730000 | 0.690000 |   1.277461 |      243 |      212 |       31 |   5.044114 |      6 | 0.945688 | 1.375268
2252 | 675300.0 | 675600.0 | 0.004365 | 0.015655 |   5.044114 |      6 | 0.945688 | 0.600000 | 0.703333 | 0.643333 | 0.636667 |   0.212924 |      240 |      211 |       29 |   5.043663 |      6 | 0.946618 | 1.351733
2253 | 675600.0 | 675900.0 | 0.004364 | 0.015654 |   5.043663 |      6 | 0.946618 | 0.600000 | 0.663333 | 0.666667 | 0.716667 |  -1.597034 |      239 |      199 |       40 |   5.043387 |      6 | 0.939648 | 1.528204
2254 | 675900.0 | 676200.0 | 0.004363 | 0.015653 |   5.043387 |      6 | 0.939648 | 0.600000 | 0.643333 | 0.653333 | 0.656667 |  -0.106476 |      236 |      193 |       43 |   5.043198 |      6 | 0.939184 | 1.539966
2255 | 676200.0 | 676500.0 | 0.004361 | 0.015652 |   5.043198 |      6 | 0.939184 | 0.600000 | 0.686667 | 0.730000 | 0.650000 |   2.555587 |      240 |      206 |       34 |   5.042820 |      6 | 0.950329 | 1.257744
2256 | 676500.0 | 676800.0 | 0.004360 | 0.015651 |   5.042820 |      6 | 0.950329 | 0.600000 | 0.696667 | 0.663333 | 0.686667 |  -0.745428 |      241 |      209 |       32 |   5.042398 |      6 | 0.947079 | 1.340040
2257 | 676800.0 | 677100.0 | 0.004359 | 0.015650 |   5.042398 |      6 | 0.947079 | 0.600000 | 0.656667 | 0.656667 | 0.616667 |   1.277960 |      237 |      197 |       40 |   5.042151 |      6 | 0.952650 | 1.198995
2258 | 677100.0 | 677400.0 | 0.004357 | 0.015649 |   5.042151 |      6 | 0.952650 | 0.600000 | 0.713333 | 0.663333 | 0.700000 |  -1.171539 |      241 |      214 |       27 |   5.041657 |      6 | 0.947545 | 1.328256
2259 | 677400.0 | 677700.0 | 0.004356 | 0.015648 |   5.041657 |      6 | 0.947545 | 0.600000 | 0.683333 | 0.686667 | 0.690000 |  -0.106510 |      240 |      205 |       35 |   5.041294 |      6 | 0.947081 | 1.340004
2260 | 677700.0 | 678000.0 | 0.004355 | 0.015647 |   5.041294 |      6 | 0.947081 | 0.600000 | 0.650000 | 0.693333 | 0.666667 |   0.852139 |      236 |      195 |       41 |   5.041077 |      6 | 0.950792 | 1.246040
2261 | 678000.0 | 678300.0 | 0.004353 | 0.015646 |   5.041077 |      6 | 0.950792 | 0.600000 | 0.700000 | 0.650000 | 0.686667 |  -1.171767 |      241 |      210 |       31 |   5.040641 |      6 | 0.945690 | 1.375211
2262 | 678300.0 | 678600.0 | 0.004352 | 0.015645 |   5.040641 |      6 | 0.945690 | 0.600000 | 0.670000 | 0.700000 | 0.666667 |   1.065312 |      238 |      201 |       37 |   5.040337 |      6 | 0.950327 | 1.257810
2263 | 678600.0 | 678900.0 | 0.004351 | 0.015644 |   5.040337 |      6 | 0.950327 | 0.600000 | 0.706667 | 0.696667 | 0.663333 |   1.065381 |      242 |      212 |       30 |   5.039873 |      6 | 0.954962 | 1.140435
2264 | 678900.0 | 679200.0 | 0.004350 | 0.015643 |   5.039873 |      6 | 0.954962 | 0.600000 | 0.646667 | 0.626667 | 0.663333 |  -1.171995 |      233 |      194 |       40 |   5.039670 |      6 | 0.949864 | 1.269517
2265 | 679200.0 | 679500.0 | 0.004348 | 0.015642 |   5.039670 |      6 | 0.949864 | 0.600000 | 0.713333 | 0.670000 | 0.593333 |   2.450695 |      241 |      214 |       26 |   5.039177 |      6 | 0.960521 | 0.999681
2266 | 679500.0 | 679800.0 | 0.004347 | 0.015641 |   5.039177 |      6 | 0.960521 | 0.600000 | 0.713333 | 0.516667 | 0.733333 |  -6.926325 |      241 |      214 |       27 |   5.038684 |      6 | 0.930412 | 1.762086
2267 | 679800.0 | 680100.0 | 0.004346 | 0.015640 |   5.038684 |      6 | 0.930412 | 0.600000 | 0.630000 | 0.653333 | 0.680000 |  -0.852526 |      235 |      189 |       46 |   5.038554 |      6 | 0.926707 | 1.855899
2268 | 680100.0 | 680400.0 | 0.004344 | 0.015639 |   5.038554 |      6 | 0.926707 | 0.600000 | 0.723333 | 0.653333 | 0.663333 |  -0.319718 |      245 |      217 |       28 |   5.038018 |      6 | 0.925318 | 1.891070
2269 | 680400.0 | 680700.0 | 0.004343 | 0.015638 |   5.038018 |      6 | 0.925318 | 0.600000 | 0.673333 | 0.700000 | 0.666667 |   1.065795 |      240 |      202 |       38 |   5.037699 |      6 | 0.929947 | 1.773858
2270 | 680700.0 | 681000.0 | 0.004342 | 0.015637 |   5.037699 |      6 | 0.929947 | 0.600000 | 0.683333 | 0.670000 | 0.670000 |   0.000000 |      240 |      205 |       35 |   5.037338 |      6 | 0.929947 | 1.773858
2271 | 681000.0 | 681300.0 | 0.004341 | 0.015636 |   5.037338 |      6 | 0.929947 | 0.600000 | 0.636667 | 0.676667 | 0.640000 |   1.172527 |      236 |      191 |       45 |   5.037178 |      6 | 0.935037 | 1.644985
2272 | 681300.0 | 681600.0 | 0.004339 | 0.015635 |   5.037178 |      6 | 0.935037 | 0.600000 | 0.676667 | 0.693333 | 0.693333 |   0.000000 |      241 |      203 |       38 |   5.036846 |      6 | 0.935037 | 1.644985
2273 | 681600.0 | 681900.0 | 0.004338 | 0.015634 |   5.036846 |      6 | 0.935037 | 0.600000 | 0.720000 | 0.683333 | 0.686667 |  -0.106607 |      244 |      216 |       28 |   5.036325 |      6 | 0.934574 | 1.656695
2274 | 681900.0 | 682200.0 | 0.004337 | 0.015633 |   5.036325 |      6 | 0.934574 | 0.600000 | 0.676667 | 0.673333 | 0.683333 |  -0.319842 |      240 |      203 |       37 |   5.035993 |      6 | 0.933187 | 1.691818
2275 | 682200.0 | 682500.0 | 0.004335 | 0.015632 |   5.035993 |      6 | 0.933187 | 0.600000 | 0.700000 | 0.723333 | 0.696667 |   0.852967 |      244 |      210 |       34 |   5.035559 |      6 | 0.936885 | 1.598178
2276 | 682500.0 | 682800.0 | 0.004334 | 0.015631 |   5.035559 |      6 | 0.936885 | 0.600000 | 0.700000 | 0.666667 | 0.710000 |  -1.386161 |      241 |      210 |       31 |   5.035126 |      6 | 0.930877 | 1.750308
2277 | 682800.0 | 683100.0 | 0.004333 | 0.015630 |   5.035126 |      6 | 0.930877 | 0.600000 | 0.733333 | 0.683333 | 0.663333 |   0.639808 |      246 |      220 |       26 |   5.034548 |      6 | 0.933649 | 1.680111
2278 | 683100.0 | 683400.0 | 0.004332 | 0.015629 |   5.034548 |      6 | 0.933649 | 0.600000 | 0.703333 | 0.660000 | 0.656667 |   0.106641 |      242 |      211 |       31 |   5.034100 |      6 | 0.934111 | 1.668414
2279 | 683400.0 | 683700.0 | 0.004330 | 0.015628 |   5.034100 |      6 | 0.934111 | 0.600000 | 0.673333 | 0.703333 | 0.666667 |   1.173132 |      240 |      202 |       38 |   5.033783 |      6 | 0.939191 | 1.539777
2280 | 683700.0 | 684000.0 | 0.004329 | 0.015627 |   5.033783 |      6 | 0.939191 | 0.600000 | 0.683333 | 0.703333 | 0.626667 |   2.453070 |      241 |      205 |       36 |   5.033422 |      6 | 0.949811 | 1.270872
2281 | 684000.0 | 684300.0 | 0.004328 | 0.015626 |   5.033422 |      6 | 0.949811 | 0.600000 | 0.726667 | 0.713333 | 0.666667 |   1.493269 |      244 |      218 |       26 |   5.032874 |      6 | 0.956274 | 1.107228
2282 | 684300.0 | 684600.0 | 0.004327 | 0.015625 |   5.032874 |      6 | 0.956274 | 0.600000 | 0.683333 | 0.600000 | 0.666667 |  -2.133379 |      237 |      205 |       33 |   5.032513 |      6 | 0.947043 | 1.340951
2283 | 684600.0 | 684900.0 | 0.004325 | 0.015624 |   5.032513 |      6 | 0.947043 | 0.600000 | 0.683333 | 0.676667 | 0.680000 |  -0.106676 |      239 |      205 |       33 |   5.032153 |      6 | 0.946582 | 1.352635
2284 | 684900.0 | 685200.0 | 0.004324 | 0.015623 |   5.032153 |      6 | 0.946582 | 0.600000 | 0.723333 | 0.650000 | 0.656667 |  -0.213365 |      245 |      217 |       28 |   5.031620 |      6 | 0.945659 | 1.375996
2285 | 685200.0 | 685500.0 | 0.004323 | 0.015622 |   5.031620 |      6 | 0.945659 | 0.600000 | 0.653333 | 0.706667 | 0.680000 |   0.853516 |      237 |      196 |       41 |   5.031389 |      6 | 0.949349 | 1.282571
2286 | 685500.0 | 685800.0 | 0.004321 | 0.015621 |   5.031389 |      6 | 0.949349 | 0.600000 | 0.646667 | 0.696667 | 0.663333 |   1.066964 |      235 |      194 |       41 |   5.031187 |      6 | 0.953960 | 1.165817
2287 | 685800.0 | 686100.0 | 0.004320 | 0.015620 |   5.031187 |      6 | 0.953960 | 0.600000 | 0.683333 | 0.600000 | 0.653333 |  -1.707252 |      238 |      205 |       34 |   5.030827 |      6 | 0.946584 | 1.352581
2288 | 686100.0 | 686400.0 | 0.004319 | 0.015619 |   5.030827 |      6 | 0.946584 | 0.600000 | 0.683333 | 0.673333 | 0.656667 |   0.533550 |      240 |      205 |       34 |   5.030467 |      6 | 0.948889 | 1.294231
2289 | 686400.0 | 686700.0 | 0.004318 | 0.015618 |   5.030467 |      6 | 0.948889 | 0.600000 | 0.700000 | 0.696667 | 0.660000 |   1.173886 |      240 |      210 |       30 |   5.030036 |      6 | 0.953957 | 1.165889
2290 | 686700.0 | 687000.0 | 0.004316 | 0.015617 |   5.030036 |      6 | 0.953957 | 0.600000 | 0.683333 | 0.633333 | 0.613333 |   0.640343 |      238 |      205 |       33 |   5.029676 |      6 | 0.956721 | 1.095901
2291 | 687000.0 | 687300.0 | 0.004315 | 0.015616 |   5.029676 |      6 | 0.956721 | 0.600000 | 0.700000 | 0.600000 | 0.676667 |  -2.454804 |      240 |      210 |       30 |   5.029244 |      6 | 0.946128 | 1.364129
2292 | 687300.0 | 687600.0 | 0.004314 | 0.015615 |   5.029244 |      6 | 0.946128 | 0.600000 | 0.693333 | 0.670000 | 0.690000 |  -0.640425 |      242 |      208 |       34 |   5.028842 |      6 | 0.943365 | 1.434085
2293 | 687600.0 | 687900.0 | 0.004313 | 0.015614 |   5.028842 |      6 | 0.943365 | 0.600000 | 0.696667 | 0.733333 | 0.636667 |   3.095584 |      241 |      209 |       32 |   5.028425 |      6 | 0.956715 | 1.096039
2294 | 687900.0 | 688200.0 | 0.004311 | 0.015613 |   5.028425 |      6 | 0.956715 | 0.600000 | 0.730000 | 0.530000 | 0.686667 |  -5.017302 |      241 |      219 |       23 |   5.027864 |      6 | 0.935084 | 1.643782
2295 | 688200.0 | 688500.0 | 0.004310 | 0.015612 |   5.027864 |      6 | 0.935084 | 0.600000 | 0.703333 | 0.643333 | 0.716667 |  -2.348675 |      244 |      211 |       32 |   5.027419 |      6 | 0.924961 | 1.900113
2296 | 688500.0 | 688800.0 | 0.004309 | 0.015611 |   5.027419 |      6 | 0.924961 | 0.600000 | 0.700000 | 0.660000 | 0.656667 |   0.106765 |      241 |      210 |       31 |   5.026988 |      6 | 0.925421 | 1.888465
2297 | 688800.0 | 689100.0 | 0.004308 | 0.015610 |   5.026988 |      6 | 0.925421 | 0.600000 | 0.680000 | 0.640000 | 0.623333 |   0.533858 |      241 |      204 |       37 |   5.026644 |      6 | 0.927721 | 1.830234
2298 | 689100.0 | 689400.0 | 0.004306 | 0.015609 |   5.026644 |      6 | 0.927721 | 0.600000 | 0.656667 | 0.680000 | 0.663333 |   0.533892 |      237 |      197 |       40 |   5.026400 |      6 | 0.930020 | 1.772017
2299 | 689400.0 | 689700.0 | 0.004305 | 0.015608 |   5.026400 |      6 | 0.930020 | 0.600000 | 0.666667 | 0.713333 | 0.663333 |   1.601778 |      240 |      200 |       40 |   5.026113 |      6 | 0.936916 | 1.597405
2300 | 689700.0 | 690000.0 | 0.004304 | 0.015607 |   5.026113 |      6 | 0.936916 | 0.600000 | 0.680000 | 0.656667 | 0.646667 |   0.320376 |      240 |      204 |       36 |   5.025768 |      6 | 0.938294 | 1.562490
2301 | 690000.0 | 690300.0 | 0.004303 | 0.015606 |   5.025768 |      6 | 0.938294 | 0.600000 | 0.670000 | 0.640000 | 0.683333 |  -1.388385 |      240 |      201 |       39 |   5.025467 |      6 | 0.932321 | 1.713752
2302 | 690300.0 | 690600.0 | 0.004301 | 0.015605 |   5.025467 |      6 | 0.932321 | 0.600000 | 0.723333 | 0.710000 | 0.703333 |   0.213611 |      244 |      217 |       27 |   5.024937 |      6 | 0.933240 | 1.690486
2303 | 690600.0 | 690900.0 | 0.004300 | 0.015604 |   5.024937 |      6 | 0.933240 | 0.600000 | 0.726667 | 0.650000 | 0.666667 |  -0.534062 |      245 |      218 |       27 |   5.024392 |      6 | 0.930943 | 1.748637
2304 | 690900.0 | 691200.0 | 0.004299 | 0.015603 |   5.024392 |      6 | 0.930943 | 0.600000 | 0.653333 | 0.686667 | 0.656667 |   0.961374 |      237 |      196 |       41 |   5.024163 |      6 | 0.935076 | 1.643989
2305 | 691200.0 | 691500.0 | 0.004298 | 0.015602 |   5.024163 |      6 | 0.935076 | 0.600000 | 0.703333 | 0.643333 | 0.683333 |  -1.281913 |      244 |      211 |       33 |   5.023719 |      6 | 0.929567 | 1.783488
2306 | 691500.0 | 691800.0 | 0.004296 | 0.015601 |   5.023719 |      6 | 0.929567 | 0.600000 | 0.666667 | 0.680000 | 0.636667 |   1.388828 |      238 |      200 |       38 |   5.023432 |      6 | 0.935534 | 1.632398
2307 | 691800.0 | 692100.0 | 0.004295 | 0.015600 |   5.023432 |      6 | 0.935534 | 0.600000 | 0.696667 | 0.660000 | 0.723333 |  -2.029954 |      242 |      209 |       33 |   5.023017 |      6 | 0.926815 | 1.853172
2308 | 692100.0 | 692400.0 | 0.004294 | 0.015599 |   5.023017 |      6 | 0.926815 | 0.600000 | 0.653333 | 0.676667 | 0.700000 |  -0.747926 |      237 |      196 |       41 |   5.022788 |      6 | 0.923604 | 1.934491
2309 | 692400.0 | 692700.0 | 0.004293 | 0.015598 |   5.022788 |      6 | 0.923604 | 0.600000 | 0.716667 | 0.710000 | 0.666667 |   1.389093 |      245 |      215 |       30 |   5.022287 |      6 | 0.929566 | 1.783504
2310 | 692700.0 | 693000.0 | 0.004291 | 0.015597 |   5.022287 |      6 | 0.929566 | 0.600000 | 0.686667 | 0.686667 | 0.630000 |   1.816622 |      241 |      206 |       35 |   5.021915 |      6 | 0.937362 | 1.586104
2311 | 693000.0 | 693300.0 | 0.004290 | 0.015596 |   5.021915 |      6 | 0.937362 | 0.600000 | 0.683333 | 0.653333 | 0.656667 |  -0.106867 |      241 |      205 |       36 |   5.021558 |      6 | 0.936903 | 1.597714
2312 | 693300.0 | 693600.0 | 0.004289 | 0.015595 |   5.021558 |      6 | 0.936903 | 0.600000 | 0.706667 | 0.730000 | 0.683333 |   1.496231 |      243 |      212 |       31 |   5.021100 |      6 | 0.943320 | 1.435223
2313 | 693600.0 | 693900.0 | 0.004288 | 0.015594 |   5.021100 |      6 | 0.943320 | 0.600000 | 0.700000 | 0.686667 | 0.670000 |   0.534402 |      241 |      210 |       31 |   5.020672 |      6 | 0.945612 | 1.377204
2314 | 693900.0 | 694200.0 | 0.004286 | 0.015593 |   5.020672 |      6 | 0.945612 | 0.600000 | 0.673333 | 0.620000 | 0.710000 |  -2.885956 |      238 |      202 |       36 |   5.020357 |      6 | 0.933242 | 1.690436
2315 | 694200.0 | 694500.0 | 0.004285 | 0.015592 |   5.020357 |      6 | 0.933242 | 0.600000 | 0.656667 | 0.693333 | 0.726667 |  -1.068940 |      238 |      197 |       41 |   5.020114 |      6 | 0.928661 | 1.806422
2316 | 694500.0 | 694800.0 | 0.004284 | 0.015591 |   5.020114 |      6 | 0.928661 | 0.600000 | 0.720000 | 0.680000 | 0.656667 |   0.748306 |      244 |      216 |       28 |   5.019600 |      6 | 0.931867 | 1.725250
2317 | 694800.0 | 695100.0 | 0.004283 | 0.015590 |   5.019600 |      6 | 0.931867 | 0.600000 | 0.686667 | 0.673333 | 0.673333 |   0.000000 |      242 |      206 |       36 |   5.019229 |      6 | 0.931867 | 1.725250
2318 | 695100.0 | 695400.0 | 0.004281 | 0.015589 |   5.019229 |      6 | 0.931867 | 0.600000 | 0.706667 | 0.630000 | 0.676667 |  -1.496801 |      242 |      212 |       30 |   5.018773 |      6 | 0.925458 | 1.887520
2319 | 695400.0 | 695700.0 | 0.004280 | 0.015588 |   5.018773 |      6 | 0.925458 | 0.600000 | 0.656667 | 0.700000 | 0.686667 |   0.427684 |      239 |      197 |       42 |   5.018530 |      6 | 0.927289 | 1.841168
2320 | 695700.0 | 696000.0 | 0.004279 | 0.015587 |   5.018530 |      6 | 0.927289 | 0.600000 | 0.676667 | 0.696667 | 0.656667 |   1.283135 |      240 |      203 |       37 |   5.018202 |      6 | 0.932779 | 1.702142
2321 | 696000.0 | 696300.0 | 0.004278 | 0.015586 |   5.018202 |      6 | 0.932779 | 0.600000 | 0.703333 | 0.666667 | 0.656667 |   0.320804 |      243 |      211 |       32 |   5.017760 |      6 | 0.934152 | 1.667394
2322 | 696300.0 | 696600.0 | 0.004276 | 0.015585 |   5.017760 |      6 | 0.934152 | 0.600000 | 0.686667 | 0.686667 | 0.680000 |   0.213883 |      242 |      206 |       36 |   5.017389 |      6 | 0.935066 | 1.644233
2323 | 696600.0 | 696900.0 | 0.004275 | 0.015584 |   5.017389 |      6 | 0.935066 | 0.600000 | 0.676667 | 0.670000 | 0.590000 |   2.566756 |      238 |      203 |       35 |   5.017062 |      6 | 0.946040 | 1.366371
2324 | 696900.0 | 697200.0 | 0.004274 | 0.015583 |   5.017062 |      6 | 0.946040 | 0.600000 | 0.736667 | 0.653333 | 0.656667 |  -0.106955 |      245 |      221 |       24 |   5.016477 |      6 | 0.945582 | 1.377946
2325 | 697200.0 | 697500.0 | 0.004273 | 0.015582 |   5.016477 |      6 | 0.945582 | 0.600000 | 0.696667 | 0.643333 | 0.653333 |  -0.320885 |      242 |      209 |       33 |   5.016064 |      6 | 0.944211 | 1.412663
2326 | 697500.0 | 697800.0 | 0.004271 | 0.015581 |   5.016064 |      6 | 0.944211 | 0.600000 | 0.726667 | 0.666667 | 0.673333 |  -0.213937 |      244 |      218 |       26 |   5.015523 |      6 | 0.943298 | 1.435802
2327 | 697800.0 | 698100.0 | 0.004270 | 0.015580 |   5.015523 |      6 | 0.943298 | 0.600000 | 0.720000 | 0.646667 | 0.653333 |  -0.213950 |      243 |      216 |       27 |   5.015011 |      6 | 0.942384 | 1.458937
2328 | 698100.0 | 698400.0 | 0.004269 | 0.015579 |   5.015011 |      6 | 0.942384 | 0.600000 | 0.753333 | 0.676667 | 0.636667 |   1.283783 |      248 |      226 |       22 |   5.014356 |      6 | 0.947864 | 1.320162
2329 | 698400.0 | 698700.0 | 0.004268 | 0.015578 |   5.014356 |      6 | 0.947864 | 0.600000 | 0.686667 | 0.683333 | 0.696667 |  -0.427955 |      240 |      206 |       34 |   5.013986 |      6 | 0.946038 | 1.366410
2330 | 698700.0 | 699000.0 | 0.004267 | 0.015577 |   5.013986 |      6 | 0.946038 | 0.600000 | 0.710000 | 0.676667 | 0.703333 |  -0.855964 |      242 |      213 |       29 |   5.013517 |      6 | 0.942386 | 1.458885
2331 | 699000.0 | 699300.0 | 0.004265 | 0.015576 |   5.013517 |      6 | 0.942386 | 0.600000 | 0.710000 | 0.700000 | 0.683333 |   0.535011 |      243 |      213 |       30 |   5.013048 |      6 | 0.944668 | 1.401101
2332 | 699300.0 | 699600.0 | 0.004264 | 0.015575 |   5.013048 |      6 | 0.944668 | 0.600000 | 0.673333 | 0.680000 | 0.686667 |  -0.214018 |      239 |      202 |       37 |   5.012735 |      6 | 0.943755 | 1.424209
2333 | 699600.0 | 699900.0 | 0.004263 | 0.015574 |   5.012735 |      6 | 0.943755 | 0.600000 | 0.710000 | 0.676667 | 0.630000 |   1.498219 |      242 |      213 |       29 |   5.012266 |      6 | 0.950142 | 1.262487
2334 | 699900.0 | 700200.0 | 0.004262 | 0.015573 |   5.012266 |      6 | 0.950142 | 0.600000 | 0.690000 | 0.703333 | 0.676667 |   0.856179 |      240 |      207 |       33 |   5.011883 |      6 | 0.953791 | 1.170095
2335 | 700200.0 | 700500.0 | 0.004260 | 0.015572 |   5.011883 |      6 | 0.953791 | 0.600000 | 0.653333 | 0.630000 | 0.696667 |  -2.140583 |      235 |      196 |       39 |   5.011656 |      6 | 0.944671 | 1.401023
2336 | 700500.0 | 700800.0 | 0.004259 | 0.015571 |   5.011656 |      6 | 0.944671 | 0.600000 | 0.683333 | 0.706667 | 0.613333 |   2.997004 |      239 |      205 |       34 |   5.011301 |      6 | 0.957436 | 1.077797
2337 | 700800.0 | 701100.0 | 0.004258 | 0.015570 |   5.011301 |      6 | 0.957436 | 0.600000 | 0.690000 | 0.583333 | 0.690000 |  -3.425363 |      238 |      207 |       31 |   5.010917 |      6 | 0.942851 | 1.447115
2338 | 701100.0 | 701400.0 | 0.004257 | 0.015569 |   5.010917 |      6 | 0.942851 | 0.600000 | 0.736667 | 0.670000 | 0.693333 |  -0.749345 |      245 |      221 |       24 |   5.010336 |      6 | 0.939661 | 1.527886
2339 | 701400.0 | 701700.0 | 0.004256 | 0.015568 |   5.010336 |      6 | 0.939661 | 0.600000 | 0.716667 | 0.693333 | 0.633333 |   1.927009 |      244 |      215 |       29 |   5.009839 |      6 | 0.947861 | 1.320237
2340 | 701700.0 | 702000.0 | 0.004254 | 0.015567 |   5.009839 |      6 | 0.947861 | 0.600000 | 0.716667 | 0.696667 | 0.626667 |   2.248318 |      242 |      215 |       27 |   5.009343 |      6 | 0.957426 | 1.078035
2341 | 702000.0 | 702300.0 | 0.004253 | 0.015566 |   5.009343 |      6 | 0.957426 | 0.600000 | 0.693333 | 0.576667 | 0.696667 |  -3.854501 |      239 |      208 |       31 |   5.008946 |      6 | 0.941033 | 1.493146
2342 | 702300.0 | 702600.0 | 0.004252 | 0.015565 |   5.008946 |      6 | 0.941033 | 0.600000 | 0.710000 | 0.626667 | 0.666667 |  -1.284914 |      243 |      213 |       30 |   5.008478 |      6 | 0.935570 | 1.631485
2343 | 702600.0 | 702900.0 | 0.004251 | 0.015564 |   5.008478 |      6 | 0.935570 | 0.600000 | 0.696667 | 0.690000 | 0.670000 |   0.642497 |      240 |      209 |       31 |   5.008067 |      6 | 0.938301 | 1.562331
2344 | 702900.0 | 703200.0 | 0.004249 | 0.015563 |   5.008067 |      6 | 0.938301 | 0.600000 | 0.690000 | 0.710000 | 0.700000 |   0.321269 |      242 |      207 |       35 |   5.007685 |      6 | 0.939666 | 1.527761
2345 | 703200.0 | 703500.0 | 0.004248 | 0.015562 |   5.007685 |      6 | 0.939666 | 0.600000 | 0.710000 | 0.653333 | 0.670000 |  -0.535482 |      242 |      213 |       29 |   5.007218 |      6 | 0.937391 | 1.585364
2346 | 703500.0 | 703800.0 | 0.004247 | 0.015561 |   5.007218 |      6 | 0.937391 | 0.600000 | 0.613333 | 0.676667 | 0.690000 |  -0.428412 |      233 |      184 |       49 |   5.007161 |      6 | 0.935572 | 1.631436
2347 | 703800.0 | 704100.0 | 0.004246 | 0.015560 |   5.007161 |      6 | 0.935572 | 0.600000 | 0.693333 | 0.710000 | 0.666667 |   1.392427 |      241 |      208 |       33 |   5.006765 |      6 | 0.941484 | 1.481736
2348 | 704100.0 | 704400.0 | 0.004245 | 0.015559 |   5.006765 |      6 | 0.941484 | 0.600000 | 0.673333 | 0.673333 | 0.676667 |  -0.107116 |      241 |      202 |       39 |   5.006453 |      6 | 0.941029 | 1.493249
2349 | 704400.0 | 704700.0 | 0.004243 | 0.015558 |   5.006453 |      6 | 0.941029 | 0.600000 | 0.723333 | 0.680000 | 0.670000 |   0.321369 |      244 |      217 |       27 |   5.005930 |      6 | 0.942393 | 1.458718
2350 | 704700.0 | 705000.0 | 0.004242 | 0.015557 |   5.005930 |      6 | 0.942393 | 0.600000 | 0.700000 | 0.656667 | 0.680000 |  -0.749909 |      242 |      210 |       32 |   5.005506 |      6 | 0.939211 | 1.539272
2351 | 705000.0 | 705300.0 | 0.004241 | 0.015556 |   5.005506 |      6 | 0.939211 | 0.600000 | 0.673333 | 0.673333 | 0.663333 |   0.321410 |      239 |      202 |       37 |   5.005195 |      6 | 0.940574 | 1.504756
2352 | 705300.0 | 705600.0 | 0.004240 | 0.015556 |   5.005195 |      6 | 0.940574 | 0.600000 | 0.686667 | 0.646667 | 0.653333 |  -0.214286 |      240 |      206 |       34 |   5.004827 |      6 | 0.939666 | 1.527761
2353 | 705600.0 | 705900.0 | 0.004238 | 0.015555 |   5.004827 |      6 | 0.939666 | 0.600000 | 0.696667 | 0.666667 | 0.683333 |  -0.535750 |      242 |      209 |       34 |   5.004418 |      6 | 0.937395 | 1.585261
2354 | 705900.0 | 706200.0 | 0.004237 | 0.015554 |   5.004418 |      6 | 0.937395 | 0.600000 | 0.666667 | 0.696667 | 0.666667 |   0.964409 |      239 |      200 |       38 |   5.004135 |      6 | 0.941482 | 1.481785
2355 | 706200.0 | 706500.0 | 0.004236 | 0.015553 |   5.004135 |      6 | 0.941482 | 0.600000 | 0.736667 | 0.666667 | 0.720000 |  -1.714613 |      245 |      221 |       24 |   5.003556 |      6 | 0.934218 | 1.665702
2356 | 706500.0 | 706800.0 | 0.004235 | 0.015552 |   5.003556 |      6 | 0.934218 | 0.600000 | 0.683333 | 0.730000 | 0.663333 |   2.143399 |      240 |      205 |       35 |   5.003203 |      6 | 0.943295 | 1.435856
2357 | 706800.0 | 707100.0 | 0.004234 | 0.015551 |   5.003203 |      6 | 0.943295 | 0.600000 | 0.703333 | 0.660000 | 0.660000 |   0.000000 |      242 |      211 |       31 |   5.002766 |      6 | 0.943295 | 1.435856
2358 | 707100.0 | 707400.0 | 0.004232 | 0.015550 |   5.002766 |      6 | 0.943295 | 0.600000 | 0.716667 | 0.643333 | 0.673333 |  -0.964650 |      243 |      215 |       28 |   5.002272 |      6 | 0.939213 | 1.539241
2359 | 707400.0 | 707700.0 | 0.004231 | 0.015549 |   5.002272 |      6 | 0.939213 | 0.600000 | 0.720000 | 0.720000 | 0.653333 |   2.143800 |      245 |      216 |       29 |   5.001764 |      6 | 0.948284 | 1.309549
2360 | 707700.0 | 708000.0 | 0.004230 | 0.015548 |   5.001764 |      6 | 0.948284 | 0.600000 | 0.676667 | 0.680000 | 0.656667 |   0.750377 |      238 |      203 |       35 |   5.001440 |      6 | 0.951458 | 1.229174
2361 | 708000.0 | 708300.0 | 0.004229 | 0.015547 |   5.001440 |      6 | 0.951458 | 0.600000 | 0.710000 | 0.663333 | 0.686667 |  -0.750423 |      243 |      213 |       30 |   5.000975 |      6 | 0.948284 | 1.309531
2362 | 708300.0 | 708600.0 | 0.004228 | 0.015546 |   5.000975 |      6 | 0.948284 | 0.600000 | 0.710000 | 0.693333 | 0.660000 |   1.072100 |      241 |      213 |       28 |   5.000510 |      6 | 0.952817 | 1.194761
2363 | 708600.0 | 708900.0 | 0.004226 | 0.015545 |   5.000510 |      6 | 0.952817 | 0.600000 | 0.680000 | 0.606667 | 0.660000 |  -1.715467 |      239 |      204 |       35 |   5.000172 |      6 | 0.945566 | 1.378352
2364 | 708900.0 | 709200.0 | 0.004225 | 0.015544 |   5.000172 |      6 | 0.945566 | 0.600000 | 0.690000 | 0.673333 | 0.663333 |   0.321670 |      241 |      207 |       34 |   4.999791 |      5 | 0.946926 | 1.343936
2365 | 709200.0 | 709500.0 | 0.004224 | 0.015543 |   4.999791 |      5 | 0.946926 | 0.600000 | 0.536667 | 0.553333 | 0.540000 |   0.428920 |      197 |      161 |       37 |   5.000059 |      6 | 0.948737 | 1.298059
2366 | 709500.0 | 709800.0 | 0.004223 | 0.015542 |   5.000059 |      6 | 0.948737 | 0.600000 | 0.686667 | 0.710000 | 0.700000 |   0.321710 |      240 |      206 |       33 |   4.999693 |      5 | 0.950096 | 1.263659
2367 | 709800.0 | 710100.0 | 0.004222 | 0.015541 |   4.999693 |      5 | 0.950096 | 0.600000 | 0.616667 | 0.616667 | 0.540000 |   2.466596 |      204 |      185 |       20 |   4.999623 |      5 | 0.960509 | 0.999981
2368 | 710100.0 | 710400.0 | 0.004220 | 0.015540 |   4.999623 |      5 | 0.960509 | 0.600000 | 0.586667 | 0.526667 | 0.590000 |  -2.037749 |      199 |      176 |       23 |   4.999679 |      5 | 0.951909 | 1.217753
2369 | 710400.0 | 710700.0 | 0.004219 | 0.015539 |   4.999679 |      5 | 0.951909 | 0.600000 | 0.613333 | 0.553333 | 0.586667 |  -1.072566 |      205 |      184 |       21 |   4.999623 |      5 | 0.947383 | 1.332345
2370 | 710700.0 | 711000.0 | 0.004218 | 0.015538 |   4.999623 |      5 | 0.947383 | 0.600000 | 0.580000 | 0.596667 | 0.573333 |   0.750843 |      201 |      174 |       27 |   4.999707 |      5 | 0.950550 | 1.252149
2371 | 711000.0 | 711300.0 | 0.004217 | 0.015537 |   4.999707 |      5 | 0.950550 | 0.600000 | 0.556667 | 0.550000 | 0.566667 |  -0.536350 |      200 |      167 |       33 |   4.999890 |      5 | 0.948289 | 1.309419
2372 | 711300.0 | 711600.0 | 0.004216 | 0.015536 |   4.999890 |      5 | 0.948289 | 0.600000 | 0.593333 | 0.583333 | 0.576667 |   0.214553 |      202 |      178 |       24 |   4.999918 |      5 | 0.949193 | 1.286516
2373 | 711600.0 | 711900.0 | 0.004214 | 0.015535 |   4.999918 |      5 | 0.949193 | 0.600000 | 0.636667 | 0.576667 | 0.553333 |   0.750982 |      207 |      191 |       16 |   4.999763 |      5 | 0.952358 | 1.206373
2374 | 711900.0 | 712200.0 | 0.004213 | 0.015534 |   4.999763 |      5 | 0.952358 | 0.600000 | 0.546667 | 0.580000 | 0.580000 |   0.000000 |      198 |      164 |       34 |   4.999988 |      5 | 0.952358 | 1.206373
2375 | 712200.0 | 712500.0 | 0.004212 | 0.015533 |   4.999988 |      5 | 0.952358 | 0.600000 | 0.570000 | 0.563333 | 0.553333 |   0.321889 |      200 |      171 |       29 |   5.000114 |      6 | 0.953714 | 1.172041
2376 | 712500.0 | 712800.0 | 0.004211 | 0.015532 |   5.000114 |      6 | 0.953714 | 0.600000 | 0.646667 | 0.646667 | 0.660000 |  -0.429212 |      234 |      194 |       39 |   4.999918 |      5 | 0.951907 | 1.217807
2377 | 712800.0 | 713100.0 | 0.004210 | 0.015531 |   4.999918 |      5 | 0.951907 | 0.600000 | 0.563333 | 0.566667 | 0.586667 |  -0.643859 |      199 |      169 |       32 |   5.000072 |      6 | 0.949196 | 1.286440
2378 | 713100.0 | 713400.0 | 0.004209 | 0.015530 |   5.000072 |      6 | 0.949196 | 0.600000 | 0.663333 | 0.640000 | 0.693333 |  -1.717062 |      238 |      199 |       37 |   4.999806 |      5 | 0.941970 | 1.469422
2379 | 713400.0 | 713700.0 | 0.004207 | 0.015529 |   4.999806 |      5 | 0.941970 | 0.600000 | 0.580000 | 0.593333 | 0.570000 |   0.751261 |      201 |      174 |       28 |   4.999890 |      5 | 0.945131 | 1.389385
2380 | 713700.0 | 714000.0 | 0.004206 | 0.015528 |   4.999890 |      5 | 0.945131 | 0.600000 | 0.600000 | 0.580000 | 0.583333 |  -0.107330 |      203 |      180 |       23 |   4.999890 |      5 | 0.944679 | 1.400816
2381 | 714000.0 | 714300.0 | 0.004205 | 0.015528 |   4.999890 |      5 | 0.944679 | 0.600000 | 0.550000 | 0.563333 | 0.563333 |   0.000000 |      199 |      165 |       34 |   5.000100 |      6 | 0.944679 | 1.400816
2382 | 714300.0 | 714600.0 | 0.004204 | 0.015527 |   5.000100 |      6 | 0.944679 | 0.600000 | 0.726667 | 0.670000 | 0.676667 |  -0.214686 |      245 |      218 |       27 |   4.999568 |      5 | 0.943777 | 1.423669
2383 | 714600.0 | 714900.0 | 0.004203 | 0.015526 |   4.999568 |      5 | 0.943777 | 0.600000 | 0.590000 | 0.593333 | 0.550000 |   1.395544 |      201 |      177 |       24 |   4.999610 |      5 | 0.949642 | 1.275160
2384 | 714900.0 | 715200.0 | 0.004201 | 0.015525 |   4.999610 |      5 | 0.949642 | 0.600000 | 0.610000 | 0.520000 | 0.606667 |  -2.791259 |      205 |      183 |       22 |   4.999568 |      5 | 0.937914 | 1.572113
2385 | 715200.0 | 715500.0 | 0.004200 | 0.015524 |   4.999568 |      5 | 0.937914 | 0.600000 | 0.563333 | 0.580000 | 0.520000 |   1.932529 |      199 |      169 |       30 |   4.999722 |      5 | 0.946031 | 1.366575
2386 | 715500.0 | 715800.0 | 0.004199 | 0.015523 |   4.999722 |      5 | 0.946031 | 0.600000 | 0.573333 | 0.543333 | 0.583333 |  -1.288432 |      201 |      172 |       29 |   4.999834 |      5 | 0.940621 | 1.503570
2387 | 715800.0 | 716100.0 | 0.004198 | 0.015522 |   4.999834 |      5 | 0.940621 | 0.600000 | 0.573333 | 0.590000 | 0.586667 |   0.107376 |      201 |      172 |       29 |   4.999946 |      5 | 0.941072 | 1.492156
2388 | 716100.0 | 716400.0 | 0.004197 | 0.015521 |   4.999946 |      5 | 0.941072 | 0.600000 | 0.560000 | 0.580000 | 0.620000 |  -1.288591 |      201 |      168 |       33 |   5.000113 |      6 | 0.935664 | 1.629091
2389 | 716400.0 | 716700.0 | 0.004195 | 0.015520 |   5.000113 |      6 | 0.935664 | 0.600000 | 0.666667 | 0.643333 | 0.633333 |   0.322168 |      237 |      200 |       36 |   4.999834 |      5 | 0.937016 | 1.594865
2390 | 716700.0 | 717000.0 | 0.004194 | 0.015519 |   4.999834 |      5 | 0.937016 | 0.600000 | 0.590000 | 0.590000 | 0.586667 |   0.107396 |      204 |      177 |       28 |   4.999876 |      5 | 0.937466 | 1.583459
2391 | 717000.0 | 717300.0 | 0.004193 | 0.015518 |   4.999876 |      5 | 0.937466 | 0.600000 | 0.566667 | 0.553333 | 0.553333 |   0.000000 |      200 |      170 |       30 |   5.000015 |      6 | 0.937466 | 1.583459
2392 | 717300.0 | 717600.0 | 0.004192 | 0.015517 |   5.000015 |      6 | 0.937466 | 0.600000 | 0.683333 | 0.690000 | 0.720000 |  -0.966681 |      241 |      205 |       35 |   4.999666 |      5 | 0.933414 | 1.686069
2393 | 717600.0 | 717900.0 | 0.004191 | 0.015516 |   4.999666 |      5 | 0.933414 | 0.600000 | 0.546667 | 0.566667 | 0.570000 |  -0.107416 |      198 |      164 |       35 |   4.999890 |      5 | 0.932964 | 1.697468
2394 | 717900.0 | 718200.0 | 0.004190 | 0.015515 |   4.999890 |      5 | 0.932964 | 0.600000 | 0.556667 | 0.560000 | 0.550000 |   0.322267 |      200 |      167 |       33 |   5.000071 |      6 | 0.934314 | 1.663279
2395 | 718200.0 | 718500.0 | 0.004188 | 0.015514 |   5.000071 |      6 | 0.934314 | 0.600000 | 0.720000 | 0.653333 | 0.683333 |  -0.966859 |      244 |      216 |       27 |   4.999569 |      5 | 0.930265 | 1.765823
2396 | 718500.0 | 718800.0 | 0.004187 | 0.015513 |   4.999569 |      5 | 0.930265 | 0.600000 | 0.553333 | 0.553333 | 0.536667 |   0.537177 |      199 |      166 |       34 |   4.999764 |      5 | 0.932514 | 1.708867
2397 | 718800.0 | 719100.0 | 0.004186 | 0.015512 |   4.999764 |      5 | 0.932514 | 0.600000 | 0.563333 | 0.543333 | 0.556667 |  -0.429768 |      200 |      169 |       31 |   4.999917 |      5 | 0.930715 | 1.754421
2398 | 719100.0 | 719400.0 | 0.004185 | 0.015511 |   4.999917 |      5 | 0.930715 | 0.600000 | 0.593333 | 0.596667 | 0.540000 |   1.826625 |      203 |      178 |       25 |   4.999945 |      5 | 0.938359 | 1.560856
2399 | 719400.0 | 719700.0 | 0.004184 | 0.015510 |   4.999945 |      5 | 0.938359 | 0.600000 | 0.586667 | 0.520000 | 0.550000 |  -0.967096 |      202 |      176 |       26 |   5.000001 |      6 | 0.934313 | 1.663309
2400 | 719700.0 | 720000.0 | 0.004183 | 0.015509 |   5.000001 |      6 | 0.934313 | 0.600000 | 0.713333 | 0.706667 | 0.646667 |   1.934310 |      244 |      214 |       29 |   4.999527 |      5 | 0.942403 | 1.458447
2401 | 720000.0 | 720300.0 | 0.004181 | 0.015508 |   4.999527 |      5 | 0.942403 | 0.600000 | 0.536667 | 0.570000 | 0.553333 |   0.537341 |      197 |      161 |       37 |   4.999792 |      5 | 0.944650 | 1.401554
2402 | 720300.0 | 720600.0 | 0.004180 | 0.015508 |   4.999792 |      5 | 0.944650 | 0.600000 | 0.600000 | 0.593333 | 0.580000 |   0.429899 |      203 |      180 |       23 |   4.999792 |      5 | 0.946447 | 1.356049
2403 | 720600.0 | 720900.0 | 0.004179 | 0.015507 |   4.999792 |      5 | 0.946447 | 0.600000 | 0.563333 | 0.546667 | 0.573333 |  -0.859851 |      200 |      169 |       31 |   4.999945 |      5 | 0.942854 | 1.447039
2404 | 720900.0 | 721200.0 | 0.004178 | 0.015506 |   4.999945 |      5 | 0.942854 | 0.600000 | 0.566667 | 0.603333 | 0.570000 |   1.074880 |      199 |      170 |       29 |   5.000084 |      6 | 0.947345 | 1.333326
2405 | 721200.0 | 721500.0 | 0.004177 | 0.015505 |   5.000084 |      6 | 0.947345 | 0.600000 | 0.700000 | 0.683333 | 0.650000 |   1.074946 |      242 |      210 |       31 |   4.999667 |      5 | 0.951834 | 1.219638
2406 | 721500.0 | 721800.0 | 0.004176 | 0.015504 |   4.999667 |      5 | 0.951834 | 0.600000 | 0.636667 | 0.590000 | 0.590000 |   0.000000 |      206 |      191 |       16 |   4.999514 |      5 | 0.951834 | 1.219638
2407 | 721800.0 | 722100.0 | 0.004174 | 0.015503 |   4.999514 |      5 | 0.951834 | 0.600000 | 0.553333 | 0.540000 | 0.516667 |   0.752554 |      198 |      166 |       32 |   4.999708 |      5 | 0.954976 | 1.140091
2408 | 722100.0 | 722400.0 | 0.004173 | 0.015502 |   4.999708 |      5 | 0.954976 | 0.600000 | 0.606667 | 0.553333 | 0.520000 |   1.075142 |      204 |      182 |       22 |   4.999681 |      5 | 0.959463 | 1.026478
2409 | 722400.0 | 722700.0 | 0.004172 | 0.015501 |   4.999681 |      5 | 0.959463 | 0.600000 | 0.600000 | 0.483333 | 0.593333 |  -3.548187 |      201 |      180 |       21 |   4.999681 |      5 | 0.944659 | 1.401321
2410 | 722700.0 | 723000.0 | 0.004171 | 0.015500 |   4.999681 |      5 | 0.944659 | 0.600000 | 0.620000 | 0.593333 | 0.556667 |   1.182801 |      206 |      186 |       20 |   4.999597 |      5 | 0.949593 | 1.276400
2411 | 723000.0 | 723300.0 | 0.004170 | 0.015499 |   4.999597 |      5 | 0.949593 | 0.600000 | 0.566667 | 0.563333 | 0.520000 |   1.397941 |      199 |      170 |       30 |   4.999736 |      5 | 0.955422 | 1.128799
2412 | 723300.0 | 723600.0 | 0.004169 | 0.015498 |   4.999736 |      5 | 0.955422 | 0.600000 | 0.586667 | 0.570000 | 0.553333 |   0.537702 |      201 |      176 |       24 |   4.999792 |      5 | 0.957663 | 1.072042
2413 | 723600.0 | 723900.0 | 0.004167 | 0.015497 |   4.999792 |      5 | 0.957663 | 0.600000 | 0.590000 | 0.546667 | 0.620000 |  -2.366035 |      201 |      177 |       24 |   4.999833 |      5 | 0.947803 | 1.321720
2414 | 723900.0 | 724200.0 | 0.004166 | 0.015496 |   4.999833 |      5 | 0.947803 | 0.600000 | 0.606667 | 0.556667 | 0.520000 |   1.183089 |      203 |      182 |       21 |   4.999806 |      5 | 0.952732 | 1.196908
2415 | 724200.0 | 724500.0 | 0.004165 | 0.015495 |   4.999806 |      5 | 0.952732 | 0.600000 | 0.590000 | 0.556667 | 0.593333 |  -1.183161 |      203 |      177 |       26 |   4.999847 |      5 | 0.947804 | 1.321692
2416 | 724500.0 | 724800.0 | 0.004164 | 0.015494 |   4.999847 |      5 | 0.947804 | 0.600000 | 0.596667 | 0.543333 | 0.580000 |  -1.183233 |      202 |      179 |       23 |   4.999861 |      5 | 0.942877 | 1.446450
2417 | 724800.0 | 725100.0 | 0.004163 | 0.015493 |   4.999861 |      5 | 0.942877 | 0.600000 | 0.593333 | 0.586667 | 0.536667 |   1.613598 |      203 |      178 |       25 |   4.999889 |      5 | 0.949594 | 1.276363
2418 | 725100.0 | 725400.0 | 0.004162 | 0.015492 |   4.999889 |      5 | 0.949594 | 0.600000 | 0.550000 | 0.530000 | 0.536667 |  -0.215159 |      199 |      165 |       34 |   5.000097 |      6 | 0.948699 | 1.299036
2419 | 725400.0 | 725700.0 | 0.004160 | 0.015491 |   5.000097 |      6 | 0.948699 | 0.600000 | 0.690000 | 0.666667 | 0.656667 |   0.322759 |      239 |      207 |       31 |   4.999723 |      5 | 0.950042 | 1.265034
2420 | 725700.0 | 726000.0 | 0.004159 | 0.015491 |   4.999723 |      5 | 0.950042 | 0.600000 | 0.590000 | 0.526667 | 0.586667 |  -1.936671 |      202 |      177 |       26 |   4.999764 |      5 | 0.941986 | 1.469005
2421 | 726000.0 | 726300.0 | 0.004158 | 0.015490 |   4.999764 |      5 | 0.941986 | 0.600000 | 0.590000 | 0.580000 | 0.620000 |  -1.291192 |      203 |      177 |       26 |   4.999806 |      5 | 0.936617 | 1.604956
2422 | 726300.0 | 726600.0 | 0.004157 | 0.015489 |   4.999806 |      5 | 0.936617 | 0.600000 | 0.556667 | 0.610000 | 0.533333 |   2.474935 |      200 |      167 |       33 |   4.999986 |      5 | 0.946906 | 1.344440
2423 | 726600.0 | 726900.0 | 0.004156 | 0.015488 |   4.999986 |      5 | 0.946906 | 0.600000 | 0.606667 | 0.560000 | 0.573333 |  -0.430450 |      202 |      182 |       20 |   4.999958 |      5 | 0.945117 | 1.389737
2424 | 726900.0 | 727200.0 | 0.004155 | 0.015487 |   4.999958 |      5 | 0.945117 | 0.600000 | 0.560000 | 0.556667 | 0.586667 |  -0.968570 |      200 |      168 |       32 |   5.000124 |      6 | 0.941093 | 1.491634
2425 | 727200.0 | 727500.0 | 0.004154 | 0.015486 |   5.000124 |      6 | 0.941093 | 0.600000 | 0.673333 | 0.686667 | 0.696667 |  -0.322876 |      241 |      202 |       38 |   4.999820 |      5 | 0.939752 | 1.525592
2426 | 727500.0 | 727800.0 | 0.004152 | 0.015485 |   4.999820 |      5 | 0.939752 | 0.600000 | 0.546667 | 0.620000 | 0.556667 |   2.045008 |      197 |      164 |       34 |   5.000041 |      6 | 0.948243 | 1.310569
2427 | 727800.0 | 728100.0 | 0.004151 | 0.015484 |   5.000041 |      6 | 0.948243 | 0.600000 | 0.720000 | 0.643333 | 0.656667 |  -0.430554 |      244 |      216 |       27 |   4.999543 |      5 | 0.946456 | 1.355828
2428 | 728100.0 | 728400.0 | 0.004150 | 0.015483 |   4.999543 |      5 | 0.946456 | 0.600000 | 0.556667 | 0.586667 | 0.550000 |   1.184095 |      198 |      167 |       32 |   4.999723 |      5 | 0.951370 | 1.231395
2429 | 728400.0 | 728700.0 | 0.004149 | 0.015482 |   4.999723 |      5 | 0.951370 | 0.600000 | 0.570000 | 0.566667 | 0.556667 |   0.322955 |      201 |      171 |       30 |   4.999847 |      5 | 0.952710 | 1.197466
2430 | 728700.0 | 729000.0 | 0.004148 | 0.015481 |   4.999847 |      5 | 0.952710 | 0.600000 | 0.603333 | 0.573333 | 0.550000 |   0.753606 |      202 |      181 |       22 |   4.999834 |      5 | 0.955836 | 1.118315
2431 | 729000.0 | 729300.0 | 0.004147 | 0.015480 |   4.999834 |      5 | 0.955836 | 0.600000 | 0.590000 | 0.560000 | 0.550000 |   0.322994 |      201 |      177 |       23 |   4.999875 |      5 | 0.957175 | 1.084401
2432 | 729300.0 | 729600.0 | 0.004145 | 0.015479 |   4.999875 |      5 | 0.957175 | 0.600000 | 0.583333 | 0.543333 | 0.600000 |  -1.830408 |      201 |      175 |       26 |   4.999944 |      5 | 0.949587 | 1.276540
2433 | 729600.0 | 729900.0 | 0.004144 | 0.015478 |   4.999944 |      5 | 0.949587 | 0.600000 | 0.560000 | 0.573333 | 0.550000 |   0.753743 |      199 |      168 |       31 |   5.000110 |      6 | 0.952711 | 1.197441
2434 | 729900.0 | 730200.0 | 0.004143 | 0.015477 |   5.000110 |      6 | 0.952711 | 0.600000 | 0.670000 | 0.626667 | 0.686667 |  -1.938313 |      239 |      201 |       37 |   4.999820 |      5 | 0.944680 | 1.400795
2435 | 730200.0 | 730500.0 | 0.004142 | 0.015476 |   4.999820 |      5 | 0.944680 | 0.600000 | 0.610000 | 0.583333 | 0.553333 |   0.969215 |      203 |      183 |       22 |   4.999778 |      5 | 0.948695 | 1.299140
2436 | 730500.0 | 730800.0 | 0.004141 | 0.015476 |   4.999778 |      5 | 0.948695 | 0.600000 | 0.603333 | 0.553333 | 0.533333 |   0.646182 |      204 |      181 |       22 |   4.999765 |      5 | 0.951370 | 1.231385
2437 | 730800.0 | 731100.0 | 0.004140 | 0.015475 |   4.999765 |      5 | 0.951370 | 0.600000 | 0.633333 | 0.543333 | 0.563333 |  -0.646221 |      206 |      190 |       16 |   4.999627 |      5 | 0.948695 | 1.299125
2438 | 731100.0 | 731400.0 | 0.004139 | 0.015474 |   4.999627 |      5 | 0.948695 | 0.600000 | 0.606667 | 0.556667 | 0.596667 |  -1.292521 |      203 |      182 |       21 |   4.999599 |      5 | 0.943346 | 1.434578
2439 | 731400.0 | 731700.0 | 0.004137 | 0.015473 |   4.999599 |      5 | 0.943346 | 0.600000 | 0.610000 | 0.550000 | 0.530000 |   0.646299 |      206 |      183 |       23 |   4.999558 |      5 | 0.946020 | 1.366866
2440 | 731700.0 | 732000.0 | 0.004136 | 0.015472 |   4.999558 |      5 | 0.946020 | 0.600000 | 0.543333 | 0.580000 | 0.550000 |   0.969507 |      197 |      163 |       34 |   4.999792 |      5 | 0.950030 | 1.265321
2441 | 732000.0 | 732300.0 | 0.004135 | 0.015471 |   4.999792 |      5 | 0.950030 | 0.600000 | 0.586667 | 0.563333 | 0.536667 |   0.861836 |      201 |      176 |       25 |   4.999847 |      5 | 0.953594 | 1.175077
2442 | 732300.0 | 732600.0 | 0.004134 | 0.015470 |   4.999847 |      5 | 0.953594 | 0.600000 | 0.570000 | 0.573333 | 0.566667 |   0.215472 |      201 |      171 |       30 |   4.999971 |      5 | 0.954485 | 1.152522
2443 | 732600.0 | 732900.0 | 0.004133 | 0.015469 |   4.999971 |      5 | 0.954485 | 0.600000 | 0.600000 | 0.586667 | 0.530000 |   1.831623 |      203 |      180 |       23 |   4.999971 |      5 | 0.962055 | 0.960837
2444 | 732900.0 | 733200.0 | 0.004132 | 0.015468 |   4.999971 |      5 | 0.962055 | 0.600000 | 0.593333 | 0.476667 | 0.593333 |  -3.771215 |      201 |      178 |       23 |   4.999999 |      5 | 0.946473 | 1.355397
2445 | 733200.0 | 733500.0 | 0.004131 | 0.015467 |   4.999999 |      5 | 0.946473 | 0.600000 | 0.553333 | 0.550000 | 0.600000 |  -1.616332 |      198 |      166 |       32 |   5.000192 |      6 | 0.939796 | 1.524457
2446 | 733500.0 | 733800.0 | 0.004130 | 0.015466 |   5.000192 |      6 | 0.939796 | 0.600000 | 0.696667 | 0.696667 | 0.683333 |   0.431048 |      242 |      209 |       32 |   4.999792 |      5 | 0.941576 | 1.479384
2447 | 733800.0 | 734100.0 | 0.004128 | 0.015465 |   4.999792 |      5 | 0.941576 | 0.600000 | 0.576667 | 0.563333 | 0.536667 |   0.862147 |      201 |      173 |       29 |   4.999889 |      5 | 0.945136 | 1.389257
2448 | 734100.0 | 734400.0 | 0.004127 | 0.015464 |   4.999889 |      5 | 0.945136 | 0.600000 | 0.613333 | 0.566667 | 0.556667 |   0.323325 |      205 |      184 |       21 |   4.999834 |      5 | 0.946470 | 1.355467
2449 | 734400.0 | 734700.0 | 0.004126 | 0.015463 |   4.999834 |      5 | 0.946470 | 0.600000 | 0.590000 | 0.560000 | 0.540000 |   0.646688 |      203 |      177 |       26 |   4.999875 |      5 | 0.949138 | 1.287901
2450 | 734700.0 | 735000.0 | 0.004125 | 0.015462 |   4.999875 |      5 | 0.949138 | 0.600000 | 0.586667 | 0.556667 | 0.583333 |  -0.862303 |      202 |      176 |       26 |   4.999930 |      5 | 0.945582 | 1.377970
2451 | 735000.0 | 735300.0 | 0.004124 | 0.015462 |   4.999930 |      5 | 0.945582 | 0.600000 | 0.593333 | 0.550000 | 0.576667 |  -0.862354 |      201 |      178 |       23 |   4.999957 |      5 | 0.942025 | 1.468019
2452 | 735300.0 | 735600.0 | 0.004123 | 0.015461 |   4.999957 |      5 | 0.942025 | 0.600000 | 0.596667 | 0.583333 | 0.543333 |   1.293609 |      204 |      179 |       25 |   4.999971 |      5 | 0.947358 | 1.332974
2453 | 735600.0 | 735900.0 | 0.004122 | 0.015460 |   4.999971 |      5 | 0.947358 | 0.600000 | 0.576667 | 0.596667 | 0.533333 |   2.048337 |      202 |      173 |       29 |   5.000067 |      6 | 0.955801 | 1.119198
2454 | 735900.0 | 736200.0 | 0.004120 | 0.015459 |   5.000067 |      6 | 0.955801 | 0.600000 | 0.683333 | 0.616667 | 0.720000 |  -3.342224 |      238 |      205 |       32 |   4.999724 |      5 | 0.942029 | 1.467915
2455 | 736200.0 | 736500.0 | 0.004119 | 0.015458 |   4.999724 |      5 | 0.942029 | 0.600000 | 0.593333 | 0.616667 | 0.600000 |   0.539101 |      202 |      178 |       25 |   4.999751 |      5 | 0.944250 | 1.411683
2456 | 736500.0 | 736800.0 | 0.004118 | 0.015457 |   4.999751 |      5 | 0.944250 | 0.600000 | 0.573333 | 0.556667 | 0.573333 |  -0.539133 |      201 |      172 |       29 |   4.999861 |      5 | 0.942030 | 1.467903
2457 | 736800.0 | 737100.0 | 0.004117 | 0.015456 |   4.999861 |      5 | 0.942030 | 0.600000 | 0.566667 | 0.586667 | 0.586667 |   0.000000 |      201 |      170 |       31 |   4.999998 |      5 | 0.942030 | 1.467903
2458 | 737100.0 | 737400.0 | 0.004116 | 0.015455 |   4.999998 |      5 | 0.942030 | 0.600000 | 0.566667 | 0.553333 | 0.596667 |  -1.401914 |      200 |      170 |       30 |   5.000136 |      6 | 0.936260 | 1.614015
2459 | 737400.0 | 737700.0 | 0.004115 | 0.015454 |   5.000136 |      6 | 0.936260 | 0.600000 | 0.713333 | 0.660000 | 0.680000 |  -0.647076 |      243 |      214 |       28 |   4.999669 |      5 | 0.933597 | 1.681436
2460 | 737700.0 | 738000.0 | 0.004114 | 0.015453 |   4.999669 |      5 | 0.933597 | 0.600000 | 0.573333 | 0.590000 | 0.533333 |   1.833491 |      202 |      172 |       31 |   4.999779 |      5 | 0.941139 | 1.490449
2461 | 738000.0 | 738300.0 | 0.004113 | 0.015452 |   4.999779 |      5 | 0.941139 | 0.600000 | 0.563333 | 0.533333 | 0.553333 |  -0.647153 |      199 |      169 |       30 |   4.999930 |      5 | 0.938478 | 1.557842
2462 | 738300.0 | 738600.0 | 0.004111 | 0.015451 |   4.999930 |      5 | 0.938478 | 0.600000 | 0.593333 | 0.596667 | 0.566667 |   0.970788 |      202 |      178 |       24 |   4.999957 |      5 | 0.942469 | 1.456775
2463 | 738600.0 | 738900.0 | 0.004110 | 0.015450 |   4.999957 |      5 | 0.942469 | 0.600000 | 0.566667 | 0.616667 | 0.530000 |   2.804665 |      201 |      170 |       31 |   5.000094 |      6 | 0.953997 | 1.164864
2464 | 738900.0 | 739200.0 | 0.004109 | 0.015450 |   5.000094 |      6 | 0.953997 | 0.600000 | 0.690000 | 0.590000 | 0.673333 |  -2.696954 |      239 |      207 |       31 |   4.999724 |      5 | 0.942915 | 1.445487
2465 | 739200.0 | 739500.0 | 0.004108 | 0.015449 |   4.999724 |      5 | 0.942915 | 0.600000 | 0.600000 | 0.566667 | 0.543333 |   0.755192 |      203 |      180 |       24 |   4.999724 |      5 | 0.946018 | 1.366929
2466 | 739500.0 | 739800.0 | 0.004107 | 0.015448 |   4.999724 |      5 | 0.946018 | 0.600000 | 0.586667 | 0.573333 | 0.580000 |  -0.215782 |      202 |      176 |       26 |   4.999779 |      5 | 0.945131 | 1.389370
2467 | 739800.0 | 740100.0 | 0.004106 | 0.015447 |   4.999779 |      5 | 0.945131 | 0.600000 | 0.600000 | 0.596667 | 0.550000 |   1.510564 |      203 |      180 |       23 |   4.999779 |      5 | 0.951333 | 1.232321
2468 | 740100.0 | 740400.0 | 0.004105 | 0.015446 |   4.999779 |      5 | 0.951333 | 0.600000 | 0.573333 | 0.576667 | 0.523333 |   1.726462 |      201 |      172 |       29 |   4.999889 |      5 | 0.958420 | 1.052875
2469 | 740400.0 | 740700.0 | 0.004104 | 0.015445 |   4.999889 |      5 | 0.958420 | 0.600000 | 0.610000 | 0.553333 | 0.576667 |  -0.755372 |      203 |      183 |       21 |   4.999848 |      5 | 0.955320 | 1.131366
2470 | 740700.0 | 741000.0 | 0.004102 | 0.015444 |   4.999848 |      5 | 0.955320 | 0.600000 | 0.600000 | 0.550000 | 0.556667 |  -0.215833 |      203 |      180 |       22 |   4.999848 |      5 | 0.954435 | 1.153787
2471 | 741000.0 | 741300.0 | 0.004101 | 0.015443 |   4.999848 |      5 | 0.954435 | 0.600000 | 0.593333 | 0.550000 | 0.533333 |   0.539616 |      202 |      178 |       24 |   4.999875 |      5 | 0.956648 | 1.097746
2472 | 741300.0 | 741600.0 | 0.004100 | 0.015442 |   4.999875 |      5 | 0.956648 | 0.600000 | 0.570000 | 0.583333 | 0.576667 |   0.215859 |      199 |      171 |       28 |   4.999998 |      5 | 0.957533 | 1.075334
2473 | 741600.0 | 741900.0 | 0.004099 | 0.015441 |   4.999998 |      5 | 0.957533 | 0.600000 | 0.593333 | 0.580000 | 0.570000 |   0.323808 |      201 |      178 |       23 |   5.000025 |      6 | 0.958860 | 1.041724
2474 | 741900.0 | 742200.0 | 0.004098 | 0.015440 |   5.000025 |      6 | 0.958860 | 0.600000 | 0.706667 | 0.543333 | 0.663333 |  -3.885927 |      241 |      212 |       28 |   4.999588 |      5 | 0.942936 | 1.444962
2475 | 742200.0 | 742500.0 | 0.004097 | 0.015439 |   4.999588 |      5 | 0.942936 | 0.600000 | 0.580000 | 0.576667 | 0.543333 |   1.079488 |      201 |      174 |       28 |   4.999670 |      5 | 0.947358 | 1.332976
2476 | 742500.0 | 742800.0 | 0.004096 | 0.015438 |   4.999670 |      5 | 0.947358 | 0.600000 | 0.580000 | 0.563333 | 0.576667 |  -0.431821 |      201 |      174 |       27 |   4.999752 |      5 | 0.945590 | 1.377761
2477 | 742800.0 | 743100.0 | 0.004095 | 0.015438 |   4.999752 |      5 | 0.945590 | 0.600000 | 0.583333 | 0.580000 | 0.586667 |  -0.215923 |      202 |      175 |       27 |   4.999820 |      5 | 0.944706 | 1.400149
2478 | 743100.0 | 743400.0 | 0.004094 | 0.015437 |   4.999820 |      5 | 0.944706 | 0.600000 | 0.586667 | 0.533333 | 0.540000 |  -0.215936 |      202 |      176 |       26 |   4.999875 |      5 | 0.943822 | 1.422532
2479 | 743400.0 | 743700.0 | 0.004092 | 0.015436 |   4.999875 |      5 | 0.943822 | 0.600000 | 0.610000 | 0.560000 | 0.590000 |  -0.971770 |      205 |      183 |       22 |   4.999834 |      5 | 0.939845 | 1.523234
2480 | 743700.0 | 744000.0 | 0.004091 | 0.015435 |   4.999834 |      5 | 0.939845 | 0.600000 | 0.590000 | 0.546667 | 0.550000 |  -0.107981 |      202 |      177 |       25 |   4.999875 |      5 | 0.939403 | 1.534421
2481 | 744000.0 | 744300.0 | 0.004090 | 0.015434 |   4.999875 |      5 | 0.939403 | 0.600000 | 0.603333 | 0.583333 | 0.533333 |   1.619809 |      204 |      181 |       23 |   4.999861 |      5 | 0.946028 | 1.366655
2482 | 744300.0 | 744600.0 | 0.004089 | 0.015433 |   4.999861 |      5 | 0.946028 | 0.600000 | 0.566667 | 0.586667 | 0.530000 |   1.835892 |      200 |      170 |       30 |   4.999997 |      5 | 0.953536 | 1.176560
2483 | 744600.0 | 744900.0 | 0.004088 | 0.015432 |   4.999997 |      5 | 0.953536 | 0.600000 | 0.576667 | 0.530000 | 0.573333 |  -1.404001 |      200 |      173 |       27 |   5.000093 |      6 | 0.947796 | 1.321896
2484 | 744900.0 | 745200.0 | 0.004087 | 0.015431 |   5.000093 |      6 | 0.947796 | 0.600000 | 0.713333 | 0.663333 | 0.683333 |  -0.648039 |      243 |      214 |       28 |   4.999630 |      5 | 0.945147 | 1.388960
2485 | 745200.0 | 745500.0 | 0.004086 | 0.015430 |   4.999630 |      5 | 0.945147 | 0.600000 | 0.580000 | 0.543333 | 0.583333 |  -1.296154 |      201 |      174 |       28 |   4.999711 |      5 | 0.939852 | 1.523059
2486 | 745500.0 | 745800.0 | 0.004085 | 0.015429 |   4.999711 |      5 | 0.939852 | 0.600000 | 0.580000 | 0.606667 | 0.536667 |   2.268404 |      201 |      174 |       27 |   4.999793 |      5 | 0.949117 | 1.288435
2487 | 745800.0 | 746100.0 | 0.004084 | 0.015428 |   4.999793 |      5 | 0.949117 | 0.600000 | 0.633333 | 0.556667 | 0.556667 |   0.000000 |      207 |      190 |       17 |   4.999657 |      5 | 0.949117 | 1.288435
2488 | 746100.0 | 746400.0 | 0.004082 | 0.015428 |   4.999657 |      5 | 0.949117 | 0.600000 | 0.570000 | 0.603333 | 0.543333 |   1.944576 |      199 |      171 |       29 |   4.999779 |      5 | 0.957056 | 1.087413
2489 | 746400.0 | 746700.0 | 0.004081 | 0.015427 |   4.999779 |      5 | 0.957056 | 0.600000 | 0.540000 | 0.570000 | 0.583333 |  -0.432154 |      197 |      162 |       34 |   5.000024 |      6 | 0.955292 | 1.132075
2490 | 746700.0 | 747000.0 | 0.004080 | 0.015426 |   5.000024 |      6 | 0.955292 | 0.600000 | 0.690000 | 0.640000 | 0.680000 |  -1.296537 |      239 |      207 |       31 |   4.999657 |      5 | 0.950002 | 1.266033
2491 | 747000.0 | 747300.0 | 0.004079 | 0.015425 |   4.999657 |      5 | 0.950002 | 0.600000 | 0.583333 | 0.546667 | 0.586667 |  -1.296614 |      200 |      175 |       26 |   4.999725 |      5 | 0.944713 | 1.399962
2492 | 747300.0 | 747600.0 | 0.004078 | 0.015424 |   4.999725 |      5 | 0.944713 | 0.600000 | 0.583333 | 0.586667 | 0.600000 |  -0.432230 |      203 |      175 |       28 |   4.999793 |      5 | 0.942950 | 1.444596
2493 | 747600.0 | 747900.0 | 0.004077 | 0.015423 |   4.999793 |      5 | 0.942950 | 0.600000 | 0.543333 | 0.550000 | 0.556667 |  -0.216128 |      198 |      163 |       35 |   5.000024 |      6 | 0.942069 | 1.466908
2494 | 747900.0 | 748200.0 | 0.004076 | 0.015422 |   5.000024 |      6 | 0.942069 | 0.600000 | 0.716667 | 0.680000 | 0.666667 |   0.432281 |      244 |      215 |       28 |   4.999549 |      5 | 0.943831 | 1.422293
2495 | 748200.0 | 748500.0 | 0.004075 | 0.015421 |   4.999549 |      5 | 0.943831 | 0.600000 | 0.610000 | 0.553333 | 0.556667 |  -0.108077 |      204 |      183 |       22 |   4.999508 |      5 | 0.943391 | 1.433445
2496 | 748500.0 | 748800.0 | 0.004074 | 0.015420 |   4.999508 |      5 | 0.943391 | 0.600000 | 0.610000 | 0.556667 | 0.590000 |  -1.080830 |      204 |      183 |       21 |   4.999467 |      5 | 0.938988 | 1.544935
2497 | 748800.0 | 749100.0 | 0.004073 | 0.015419 |   4.999467 |      5 | 0.938988 | 0.600000 | 0.586667 | 0.593333 | 0.533333 |   1.945609 |      203 |      176 |       27 |   4.999521 |      5 | 0.946911 | 1.344295
2498 | 749100.0 | 749400.0 | 0.004071 | 0.015418 |   4.999521 |      5 | 0.946911 | 0.600000 | 0.566667 | 0.593333 | 0.583333 |   0.324287 |      200 |      170 |       30 |   4.999657 |      5 | 0.948232 | 1.310862
2499 | 749400.0 | 749700.0 | 0.004070 | 0.015418 |   4.999657 |      5 | 0.948232 | 0.600000 | 0.606667 | 0.550000 | 0.570000 |  -0.648613 |      203 |      182 |       21 |   4.999630 |      5 | 0.945592 | 1.377714
2500 | 749700.0 | 750000.0 | 0.004069 | 0.015417 |   4.999630 |      5 | 0.945592 | 0.600000 | 0.566667 | 0.573333 | 0.513333 |   1.945953 |      201 |      170 |       31 |   4.999766 |      5 | 0.953510 | 1.177200
2501 | 750000.0 | 750300.0 | 0.004068 | 0.015416 |   4.999766 |      5 | 0.953510 | 0.600000 | 0.570000 | 0.556667 | 0.556667 |   0.000000 |      199 |      171 |       28 |   4.999888 |      5 | 0.953510 | 1.177200
2502 | 750300.0 | 750600.0 | 0.004067 | 0.015415 |   4.999888 |      5 | 0.953510 | 0.600000 | 0.596667 | 0.540000 | 0.566667 |  -0.864970 |      204 |      179 |       25 |   4.999901 |      5 | 0.949992 | 1.266280
2503 | 750600.0 | 750900.0 | 0.004066 | 0.015414 |   4.999901 |      5 | 0.949992 | 0.600000 | 0.586667 | 0.606667 | 0.593333 |   0.432510 |      201 |      176 |       25 |   4.999955 |      5 | 0.951751 | 1.221749
2504 | 750900.0 | 751200.0 | 0.004065 | 0.015413 |   4.999955 |      5 | 0.951751 | 0.600000 | 0.606667 | 0.550000 | 0.550000 |   0.000000 |      204 |      182 |       22 |   4.999928 |      5 | 0.951751 | 1.221749
2505 | 751200.0 | 751500.0 | 0.004064 | 0.015412 |   4.999928 |      5 | 0.951751 | 0.600000 | 0.576667 | 0.563333 | 0.543333 |   0.648842 |      201 |      173 |       28 |   5.000023 |      6 | 0.954388 | 1.154982
2506 | 751500.0 | 751800.0 | 0.004063 | 0.015411 |   5.000023 |      6 | 0.954388 | 0.600000 | 0.710000 | 0.630000 | 0.676667 |  -1.514052 |      241 |      213 |       27 |   4.999576 |      5 | 0.948237 | 1.310740
2507 | 751800.0 | 752100.0 | 0.004062 | 0.015410 |   4.999576 |      5 | 0.948237 | 0.600000 | 0.560000 | 0.560000 | 0.523333 |   1.189682 |      200 |      168 |       33 |   4.999739 |      5 | 0.953069 | 1.188384
2508 | 752100.0 | 752400.0 | 0.004061 | 0.015409 |   4.999739 |      5 | 0.953069 | 0.600000 | 0.596667 | 0.610000 | 0.563333 |   1.514230 |      203 |      179 |       24 |   4.999752 |      5 | 0.959217 | 1.032691
2509 | 752400.0 | 752700.0 | 0.004059 | 0.015408 |   4.999752 |      5 | 0.959217 | 0.600000 | 0.546667 | 0.560000 | 0.586667 |  -0.865325 |      197 |      164 |       33 |   4.999969 |      5 | 0.955704 | 1.121640
2510 | 752700.0 | 753000.0 | 0.004058 | 0.015408 |   4.999969 |      5 | 0.955704 | 0.600000 | 0.596667 | 0.576667 | 0.570000 |   0.216344 |      201 |      179 |       22 |   4.999982 |      5 | 0.956582 | 1.099407
2511 | 753000.0 | 753300.0 | 0.004057 | 0.015407 |   4.999982 |      5 | 0.956582 | 0.600000 | 0.566667 | 0.536667 | 0.543333 |  -0.216357 |      200 |      170 |       30 |   5.000118 |      6 | 0.955705 | 1.121635
2512 | 753300.0 | 753600.0 | 0.004056 | 0.015406 |   5.000118 |      6 | 0.955705 | 0.600000 | 0.696667 | 0.640000 | 0.706667 |  -2.163693 |      240 |      209 |       30 |   4.999725 |      5 | 0.946928 | 1.343868
2513 | 753600.0 | 753900.0 | 0.004055 | 0.015405 |   4.999725 |      5 | 0.946928 | 0.600000 | 0.586667 | 0.550000 | 0.573333 |  -0.757337 |      201 |      176 |       26 |   4.999780 |      5 | 0.943857 | 1.421633
2514 | 753900.0 | 754200.0 | 0.004054 | 0.015404 |   4.999780 |      5 | 0.943857 | 0.600000 | 0.563333 | 0.593333 | 0.583333 |   0.324592 |      200 |      169 |       31 |   4.999928 |      5 | 0.945173 | 1.388312
2515 | 754200.0 | 754500.0 | 0.004053 | 0.015403 |   4.999928 |      5 | 0.945173 | 0.600000 | 0.580000 | 0.563333 | 0.536667 |   0.865629 |      201 |      174 |       27 |   5.000009 |      6 | 0.948681 | 1.299475
2516 | 754500.0 | 754800.0 | 0.004052 | 0.015402 |   5.000009 |      6 | 0.948681 | 0.600000 | 0.660000 | 0.706667 | 0.710000 |  -0.108210 |      238 |      198 |       39 |   4.999766 |      5 | 0.948243 | 1.310577
2517 | 754800.0 | 755100.0 | 0.004051 | 0.015401 |   4.999766 |      5 | 0.948243 | 0.600000 | 0.586667 | 0.583333 | 0.586667 |  -0.108216 |      201 |      176 |       26 |   4.999820 |      5 | 0.947805 | 1.321677
2518 | 755100.0 | 755400.0 | 0.004050 | 0.015400 |   4.999820 |      5 | 0.947805 | 0.600000 | 0.603333 | 0.566667 | 0.580000 |  -0.432890 |      204 |      181 |       23 |   4.999807 |      5 | 0.946052 | 1.366068
2519 | 755400.0 | 755700.0 | 0.004049 | 0.015399 |   4.999807 |      5 | 0.946052 | 0.600000 | 0.596667 | 0.556667 | 0.563333 |  -0.216458 |      203 |      179 |       24 |   4.999820 |      5 | 0.945175 | 1.388258
2520 | 755700.0 | 756000.0 | 0.004048 | 0.015399 |   4.999820 |      5 | 0.945175 | 0.600000 | 0.610000 | 0.536667 | 0.563333 |  -0.865882 |      205 |      183 |       22 |   4.999780 |      5 | 0.941671 | 1.477003
2521 | 756000.0 | 756300.0 | 0.004046 | 0.015398 |   4.999780 |      5 | 0.941671 | 0.600000 | 0.606667 | 0.583333 | 0.536667 |   1.515382 |      203 |      182 |       21 |   4.999753 |      5 | 0.947802 | 1.321732
2522 | 756300.0 | 756600.0 | 0.004045 | 0.015397 |   4.999753 |      5 | 0.947802 | 0.600000 | 0.593333 | 0.583333 | 0.570000 |   0.432992 |      204 |      178 |       26 |   4.999780 |      5 | 0.949554 | 1.277379
2523 | 756600.0 | 756900.0 | 0.004044 | 0.015396 |   4.999780 |      5 | 0.949554 | 0.600000 | 0.550000 | 0.550000 | 0.576667 |  -0.866034 |      197 |      165 |       32 |   4.999982 |      5 | 0.946052 | 1.366068
2524 | 756900.0 | 757200.0 | 0.004043 | 0.015395 |   4.999982 |      5 | 0.946052 | 0.600000 | 0.563333 | 0.613333 | 0.580000 |   1.082605 |      200 |      169 |       31 |   5.000130 |      6 | 0.950429 | 1.255230
2525 | 757200.0 | 757500.0 | 0.004042 | 0.015394 |   5.000130 |      6 | 0.950429 | 0.600000 | 0.706667 | 0.643333 | 0.663333 |  -0.649601 |      242 |      212 |       29 |   4.999699 |      5 | 0.947803 | 1.321719
2526 | 757500.0 | 757800.0 | 0.004041 | 0.015393 |   4.999699 |      5 | 0.947803 | 0.600000 | 0.590000 | 0.596667 | 0.553333 |   1.407550 |      202 |      177 |       26 |   4.999739 |      5 | 0.953491 | 1.177689
2527 | 757800.0 | 758100.0 | 0.004040 | 0.015392 |   4.999739 |      5 | 0.953491 | 0.600000 | 0.553333 | 0.593333 | 0.560000 |   1.082794 |      198 |      166 |       32 |   4.999928 |      5 | 0.957865 | 1.066921
2528 | 758100.0 | 758400.0 | 0.004039 | 0.015391 |   4.999928 |      5 | 0.957865 | 0.600000 | 0.603333 | 0.526667 | 0.546667 |  -0.649714 |      203 |      181 |       22 |   4.999914 |      5 | 0.955241 | 1.133368
2529 | 758400.0 | 758700.0 | 0.004038 | 0.015390 |   4.999914 |      5 | 0.955241 | 0.600000 | 0.560000 | 0.590000 | 0.533333 |   1.840964 |      199 |      168 |       31 |   5.000076 |      6 | 0.962675 | 0.945140
2530 | 758700.0 | 759000.0 | 0.004037 | 0.015390 |   5.000076 |      6 | 0.962675 | 0.600000 | 0.720000 | 0.496667 | 0.690000 |  -6.281302 |      241 |      216 |       24 |   4.999592 |      5 | 0.937319 | 1.587197
2531 | 759000.0 | 759300.0 | 0.004036 | 0.015389 |   4.999592 |      5 | 0.937319 | 0.600000 | 0.593333 | 0.570000 | 0.573333 |  -0.108305 |      202 |      178 |       25 |   4.999618 |      5 | 0.936882 | 1.598265
2532 | 759300.0 | 759600.0 | 0.004035 | 0.015388 |   4.999618 |      5 | 0.936882 | 0.600000 | 0.566667 | 0.573333 | 0.593333 |  -0.649865 |      200 |      170 |       30 |   4.999753 |      5 | 0.934260 | 1.664657
2533 | 759600.0 | 759900.0 | 0.004034 | 0.015387 |   4.999753 |      5 | 0.934260 | 0.600000 | 0.613333 | 0.583333 | 0.566667 |   0.541586 |      204 |      184 |       20 |   4.999699 |      5 | 0.936444 | 1.609341
2534 | 759900.0 | 760200.0 | 0.004032 | 0.015386 |   4.999699 |      5 | 0.936444 | 0.600000 | 0.600000 | 0.600000 | 0.570000 |   0.974911 |      205 |      180 |       25 |   4.999699 |      5 | 0.940376 | 1.509795
2535 | 760200.0 | 760500.0 | 0.004031 | 0.015385 |   4.999699 |      5 | 0.940376 | 0.600000 | 0.560000 | 0.570000 | 0.556667 |   0.433319 |      199 |      168 |       31 |   4.999860 |      5 | 0.942122 | 1.465561
2536 | 760500.0 | 760800.0 | 0.004030 | 0.015384 |   4.999860 |      5 | 0.942122 | 0.600000 | 0.566667 | 0.576667 | 0.543333 |   1.083361 |      201 |      170 |       31 |   4.999995 |      5 | 0.946489 | 1.354999
2537 | 760800.0 | 761100.0 | 0.004029 | 0.015383 |   4.999995 |      5 | 0.946489 | 0.600000 | 0.593333 | 0.576667 | 0.536667 |   1.300108 |      203 |      178 |       25 |   5.000022 |      6 | 0.951727 | 1.222353
2538 | 761100.0 | 761400.0 | 0.004028 | 0.015382 |   5.000022 |      6 | 0.951727 | 0.600000 | 0.676667 | 0.626667 | 0.706667 |  -2.600367 |      239 |      203 |       35 |   4.999713 |      5 | 0.941252 | 1.487591
2539 | 761400.0 | 761700.0 | 0.004027 | 0.015382 |   4.999713 |      5 | 0.941252 | 0.600000 | 0.593333 | 0.620000 | 0.513333 |   3.467357 |      203 |      178 |       26 |   4.999740 |      5 | 0.955216 | 1.134014
2540 | 761700.0 | 762000.0 | 0.004026 | 0.015381 |   4.999740 |      5 | 0.955216 | 0.600000 | 0.586667 | 0.560000 | 0.520000 |   1.300334 |      201 |      176 |       25 |   4.999793 |      5 | 0.960451 | 1.001450
2541 | 762000.0 | 762300.0 | 0.004025 | 0.015380 |   4.999793 |      5 | 0.960451 | 0.600000 | 0.580000 | 0.486667 | 0.563333 |  -2.492451 |      199 |      174 |       25 |   4.999874 |      5 | 0.950419 | 1.255478
2542 | 762300.0 | 762600.0 | 0.004024 | 0.015379 |   4.999874 |      5 | 0.950419 | 0.600000 | 0.583333 | 0.573333 | 0.520000 |   1.733980 |      201 |      175 |       26 |   4.999941 |      5 | 0.957396 | 1.078799
2543 | 762600.0 | 762900.0 | 0.004023 | 0.015378 |   4.999941 |      5 | 0.957396 | 0.600000 | 0.613333 | 0.560000 | 0.543333 |   0.541900 |      204 |      184 |       20 |   4.999887 |      5 | 0.959576 | 1.023598
2544 | 762900.0 | 763200.0 | 0.004022 | 0.015377 |   4.999887 |      5 | 0.959576 | 0.600000 | 0.606667 | 0.496667 | 0.536667 |  -1.300635 |      202 |      182 |       20 |   4.999860 |      5 | 0.954345 | 1.156053
2545 | 763200.0 | 763500.0 | 0.004021 | 0.015376 |   4.999860 |      5 | 0.954345 | 0.600000 | 0.553333 | 0.540000 | 0.550000 |  -0.325178 |      198 |      166 |       32 |   5.000048 |      6 | 0.953038 | 1.189159
2546 | 763500.0 | 763800.0 | 0.004020 | 0.015375 |   5.000048 |      6 | 0.953038 | 0.600000 | 0.680000 | 0.643333 | 0.643333 |   0.000000 |      238 |      204 |       33 |   4.999726 |      5 | 0.953038 | 1.189159
2547 | 763800.0 | 764100.0 | 0.004019 | 0.015374 |   4.999726 |      5 | 0.953038 | 0.600000 | 0.590000 | 0.580000 | 0.570000 |   0.325215 |      201 |      177 |       25 |   4.999767 |      5 | 0.954345 | 1.156066
2548 | 764100.0 | 764400.0 | 0.004018 | 0.015374 |   4.999767 |      5 | 0.954345 | 0.600000 | 0.556667 | 0.596667 | 0.580000 |   0.542057 |      199 |      167 |       32 |   4.999941 |      5 | 0.956523 | 1.100923
2549 | 764400.0 | 764700.0 | 0.004016 | 0.015373 |   4.999941 |      5 | 0.956523 | 0.600000 | 0.576667 | 0.546667 | 0.580000 |  -1.084176 |      200 |      173 |       27 |   5.000034 |      6 | 0.952168 | 1.211187
2550 | 764700.0 | 765000.0 | 0.004015 | 0.015372 |   5.000034 |      6 | 0.952168 | 0.600000 | 0.716667 | 0.663333 | 0.616667 |   1.517934 |      243 |      215 |       27 |   4.999566 |      5 | 0.958263 | 1.056849
2551 | 765000.0 | 765300.0 | 0.004014 | 0.015371 |   4.999566 |      5 | 0.958263 | 0.600000 | 0.576667 | 0.546667 | 0.593333 |  -1.518021 |      199 |      173 |       27 |   4.999660 |      5 | 0.952169 | 1.211155
2552 | 765300.0 | 765600.0 | 0.004013 | 0.015370 |   4.999660 |      5 | 0.952169 | 0.600000 | 0.566667 | 0.606667 | 0.530000 |   2.494036 |      200 |      170 |       30 |   4.999793 |      5 | 0.962179 | 0.957704
2553 | 765600.0 | 765900.0 | 0.004012 | 0.015369 |   4.999793 |      5 | 0.962179 | 0.600000 | 0.576667 | 0.496667 | 0.546667 |  -1.626639 |      199 |      173 |       26 |   4.999887 |      5 | 0.955652 | 1.122964
2554 | 765900.0 | 766200.0 | 0.004011 | 0.015368 |   4.999887 |      5 | 0.955652 | 0.600000 | 0.570000 | 0.550000 | 0.566667 |  -0.542244 |      200 |      171 |       29 |   5.000007 |      6 | 0.953477 | 1.178040
2555 | 766200.0 | 766500.0 | 0.004010 | 0.015367 |   5.000007 |      6 | 0.953477 | 0.600000 | 0.706667 | 0.670000 | 0.663333 |   0.216910 |      241 |      212 |       28 |   4.999580 |      5 | 0.954347 | 1.156014
2556 | 766500.0 | 766800.0 | 0.004009 | 0.015366 |   4.999580 |      5 | 0.954347 | 0.600000 | 0.533333 | 0.563333 | 0.583333 |  -0.650768 |      195 |      160 |       36 |   4.999847 |      5 | 0.951738 | 1.222077
2557 | 766800.0 | 767100.0 | 0.004008 | 0.015366 |   4.999847 |      5 | 0.951738 | 0.600000 | 0.573333 | 0.580000 | 0.513333 |   2.169351 |      200 |      172 |       28 |   4.999954 |      5 | 0.960433 | 1.001912
2558 | 767100.0 | 767400.0 | 0.004007 | 0.015365 |   4.999954 |      5 | 0.960433 | 0.600000 | 0.573333 | 0.533333 | 0.580000 |  -1.518633 |      200 |      172 |       28 |   5.000061 |      6 | 0.954348 | 1.155996
2559 | 767400.0 | 767700.0 | 0.004006 | 0.015364 |   5.000061 |      6 | 0.954348 | 0.600000 | 0.736667 | 0.610000 | 0.710000 |  -3.254401 |      244 |      221 |       22 |   4.999513 |      5 | 0.941311 | 1.486108
2560 | 767700.0 | 768000.0 | 0.004005 | 0.015363 |   4.999513 |      5 | 0.941311 | 0.600000 | 0.590000 | 0.603333 | 0.563333 |   1.301835 |      203 |      177 |       27 |   4.999553 |      5 | 0.946525 | 1.354090
2561 | 768000.0 | 768300.0 | 0.004004 | 0.015362 |   4.999553 |      5 | 0.946525 | 0.600000 | 0.590000 | 0.570000 | 0.563333 |   0.216985 |      202 |      177 |       25 |   4.999593 |      5 | 0.947393 | 1.332092
2562 | 768300.0 | 768600.0 | 0.004003 | 0.015361 |   4.999593 |      5 | 0.947393 | 0.600000 | 0.593333 | 0.556667 | 0.563333 |  -0.216997 |      202 |      178 |       24 |   4.999620 |      5 | 0.946525 | 1.354086
2563 | 768600.0 | 768900.0 | 0.004002 | 0.015360 |   4.999620 |      5 | 0.946525 | 0.600000 | 0.573333 | 0.586667 | 0.573333 |   0.434020 |      201 |      172 |       29 |   4.999727 |      5 | 0.948262 | 1.310107
2564 | 768900.0 | 769200.0 | 0.004001 | 0.015359 |   4.999727 |      5 | 0.948262 | 0.600000 | 0.543333 | 0.570000 | 0.546667 |   0.759578 |      199 |      163 |       36 |   4.999953 |      5 | 0.951300 | 1.233160
2565 | 769200.0 | 769500.0 | 0.004000 | 0.015359 |   4.999953 |      5 | 0.951300 | 0.600000 | 0.580000 | 0.546667 | 0.556667 |  -0.325552 |      201 |      174 |       27 |   5.000033 |      6 | 0.949998 | 1.266131
2566 | 769500.0 | 769800.0 | 0.003999 | 0.015358 |   5.000033 |      6 | 0.949998 | 0.600000 | 0.693333 | 0.640000 | 0.673333 |  -1.085237 |      240 |      208 |       31 |   4.999660 |      5 | 0.945659 | 1.376010
2567 | 769800.0 | 770100.0 | 0.003997 | 0.015357 |   4.999660 |      5 | 0.945659 | 0.600000 | 0.616667 | 0.583333 | 0.543333 |   1.302359 |      205 |      185 |       21 |   4.999594 |      5 | 0.950865 | 1.244182
2568 | 770100.0 | 770400.0 | 0.003996 | 0.015356 |   4.999594 |      5 | 0.950865 | 0.600000 | 0.586667 | 0.546667 | 0.573333 |  -0.868289 |      201 |      176 |       26 |   4.999647 |      5 | 0.947395 | 1.332049
2569 | 770400.0 | 770700.0 | 0.003995 | 0.015355 |   4.999647 |      5 | 0.947395 | 0.600000 | 0.550000 | 0.570000 | 0.576667 |  -0.217085 |      199 |      165 |       33 |   4.999847 |      5 | 0.946528 | 1.354011
2570 | 770700.0 | 771000.0 | 0.003994 | 0.015354 |   4.999847 |      5 | 0.946528 | 0.600000 | 0.593333 | 0.610000 | 0.563333 |   1.519679 |      203 |      178 |       25 |   4.999873 |      5 | 0.952598 | 1.200307
2571 | 771000.0 | 771300.0 | 0.003993 | 0.015353 |   4.999873 |      5 | 0.952598 | 0.600000 | 0.586667 | 0.546667 | 0.520000 |   0.868438 |      202 |      176 |       26 |   4.999926 |      5 | 0.956066 | 1.112493
2572 | 771300.0 | 771600.0 | 0.003992 | 0.015352 |   4.999926 |      5 | 0.956066 | 0.600000 | 0.570000 | 0.570000 | 0.563333 |   0.217122 |      199 |      171 |       28 |   5.000046 |      6 | 0.956932 | 1.090545
2573 | 771600.0 | 771900.0 | 0.003991 | 0.015351 |   5.000046 |      6 | 0.956932 | 0.600000 | 0.690000 | 0.603333 | 0.680000 |  -2.497045 |      239 |      207 |       31 |   4.999687 |      5 | 0.946966 | 1.342904
2574 | 771900.0 | 772200.0 | 0.003990 | 0.015351 |   4.999687 |      5 | 0.946966 | 0.600000 | 0.643333 | 0.590000 | 0.560000 |   0.977160 |      206 |      193 |       14 |   4.999514 |      5 | 0.950865 | 1.244175
2575 | 772200.0 | 772500.0 | 0.003989 | 0.015350 |   4.999514 |      5 | 0.950865 | 0.600000 | 0.556667 | 0.586667 | 0.560000 |   0.868637 |      199 |      167 |       32 |   4.999687 |      5 | 0.954330 | 1.156434
2576 | 772500.0 | 772800.0 | 0.003988 | 0.015349 |   4.999687 |      5 | 0.954330 | 0.600000 | 0.583333 | 0.553333 | 0.603333 |  -1.628787 |      201 |      175 |       26 |   4.999753 |      5 | 0.947835 | 1.320915
2577 | 772800.0 | 773100.0 | 0.003987 | 0.015348 |   4.999753 |      5 | 0.947835 | 0.600000 | 0.523333 | 0.546667 | 0.546667 |   0.000000 |      196 |      157 |       39 |   5.000059 |      6 | 0.947835 | 1.320915
2578 | 773100.0 | 773400.0 | 0.003986 | 0.015347 |   5.000059 |      6 | 0.947835 | 0.600000 | 0.676667 | 0.696667 | 0.680000 |   0.542991 |      238 |      203 |       34 |   4.999754 |      5 | 0.949999 | 1.266110
2579 | 773400.0 | 773700.0 | 0.003985 | 0.015346 |   4.999754 |      5 | 0.949999 | 0.600000 | 0.553333 | 0.590000 | 0.526667 |   2.063483 |      199 |      166 |       34 |   4.999939 |      5 | 0.958222 | 1.057895
2580 | 773700.0 | 774000.0 | 0.003984 | 0.015345 |   4.999939 |      5 | 0.958222 | 0.600000 | 0.526667 | 0.550000 | 0.560000 |  -0.325832 |      195 |      158 |       37 |   5.000232 |      6 | 0.956924 | 1.090764
2581 | 774000.0 | 774300.0 | 0.003983 | 0.015344 |   5.000232 |      6 | 0.956924 | 0.600000 | 0.653333 | 0.573333 | 0.633333 |  -1.955102 |      235 |      196 |       38 |   5.000019 |      6 | 0.949137 | 1.287941
2582 | 774300.0 | 774600.0 | 0.003982 | 0.015344 |   5.000019 |      6 | 0.949137 | 0.600000 | 0.733333 | 0.686667 | 0.680000 |   0.217246 |      244 |      220 |       24 |   4.999488 |      5 | 0.950002 | 1.266037
2583 | 774600.0 | 774900.0 | 0.003981 | 0.015343 |   4.999488 |      5 | 0.950002 | 0.600000 | 0.573333 | 0.570000 | 0.556667 |   0.434517 |      201 |      172 |       30 |   4.999594 |      5 | 0.951732 | 1.222237
2584 | 774900.0 | 775200.0 | 0.003980 | 0.015342 |   4.999594 |      5 | 0.951732 | 0.600000 | 0.596667 | 0.576667 | 0.590000 |  -0.434541 |      201 |      179 |       22 |   4.999608 |      5 | 0.950002 | 1.266028
2585 | 775200.0 | 775500.0 | 0.003979 | 0.015341 |   4.999608 |      5 | 0.950002 | 0.600000 | 0.570000 | 0.526667 | 0.540000 |  -0.434566 |      201 |      171 |       30 |   4.999727 |      5 | 0.948273 | 1.309809
2586 | 775500.0 | 775800.0 | 0.003978 | 0.015340 |   4.999727 |      5 | 0.948273 | 0.600000 | 0.576667 | 0.566667 | 0.576667 |  -0.325943 |      201 |      173 |       28 |   4.999820 |      5 | 0.946977 | 1.342638
2587 | 775800.0 | 776100.0 | 0.003977 | 0.015339 |   4.999820 |      5 | 0.946977 | 0.600000 | 0.553333 | 0.600000 | 0.580000 |   0.651923 |      199 |      166 |       33 |   5.000005 |      6 | 0.949569 | 1.276993
2588 | 776100.0 | 776400.0 | 0.003976 | 0.015338 |   5.000005 |      6 | 0.949569 | 0.600000 | 0.653333 | 0.636667 | 0.703333 |  -2.173201 |      237 |      196 |       40 |   4.999793 |      5 | 0.940930 | 1.495765
2589 | 776400.0 | 776700.0 | 0.003975 | 0.015337 |   4.999793 |      5 | 0.940930 | 0.600000 | 0.566667 | 0.533333 | 0.550000 |  -0.543331 |      199 |      170 |       30 |   4.999926 |      5 | 0.938770 | 1.550447
2590 | 776700.0 | 777000.0 | 0.003974 | 0.015337 |   4.999926 |      5 | 0.938770 | 0.600000 | 0.583333 | 0.546667 | 0.580000 |  -1.086724 |      201 |      175 |       26 |   4.999992 |      5 | 0.934452 | 1.659789
2591 | 777000.0 | 777300.0 | 0.003972 | 0.015336 |   4.999992 |      5 | 0.934452 | 0.600000 | 0.596667 | 0.593333 | 0.593333 |   0.000000 |      204 |      179 |       25 |   5.000005 |      6 | 0.934452 | 1.659789
2592 | 777300.0 | 777600.0 | 0.003971 | 0.015335 |   5.000005 |      6 | 0.934452 | 0.600000 | 0.680000 | 0.693333 | 0.653333 |   1.304217 |      241 |      204 |       36 |   4.999688 |      5 | 0.939632 | 1.528632
2593 | 777600.0 | 777900.0 | 0.003970 | 0.015334 |   4.999688 |      5 | 0.939632 | 0.600000 | 0.576667 | 0.563333 | 0.536667 |   0.869527 |      200 |      173 |       28 |   4.999780 |      5 | 0.943084 | 1.441212
2594 | 777900.0 | 778200.0 | 0.003969 | 0.015333 |   4.999780 |      5 | 0.943084 | 0.600000 | 0.583333 | 0.593333 | 0.530000 |   2.065245 |      203 |      175 |       28 |   4.999846 |      5 | 0.951282 | 1.233632
2595 | 778200.0 | 778500.0 | 0.003968 | 0.015332 |   4.999846 |      5 | 0.951282 | 0.600000 | 0.560000 | 0.576667 | 0.593333 |  -0.543516 |      198 |      168 |       30 |   5.000005 |      6 | 0.949125 | 1.288247
2596 | 778500.0 | 778800.0 | 0.003967 | 0.015331 |   5.000005 |      6 | 0.949125 | 0.600000 | 0.703333 | 0.683333 | 0.676667 |   0.217419 |      243 |      211 |       31 |   4.999595 |      5 | 0.949987 | 1.266406
2597 | 778800.0 | 779100.0 | 0.003966 | 0.015331 |   4.999595 |      5 | 0.949987 | 0.600000 | 0.546667 | 0.583333 | 0.613333 |  -0.978440 |      197 |      164 |       34 |   4.999807 |      5 | 0.946107 | 1.364673
2598 | 779100.0 | 779400.0 | 0.003965 | 0.015330 |   4.999807 |      5 | 0.946107 | 0.600000 | 0.586667 | 0.606667 | 0.546667 |   1.956992 |      202 |      176 |       26 |   4.999860 |      5 | 0.953867 | 1.168178
2599 | 779400.0 | 779700.0 | 0.003964 | 0.015329 |   4.999860 |      5 | 0.953867 | 0.600000 | 0.583333 | 0.566667 | 0.560000 |   0.217456 |      201 |      175 |       26 |   4.999926 |      5 | 0.954729 | 1.146349
2600 | 779700.0 | 780000.0 | 0.003963 | 0.015328 |   4.999926 |      5 | 0.954729 | 0.600000 | 0.610000 | 0.583333 | 0.570000 |   0.434936 |      203 |      183 |       20 |   4.999886 |      5 | 0.956452 | 1.102701
2601 | 780000.0 | 780300.0 | 0.003962 | 0.015327 |   4.999886 |      5 | 0.956452 | 0.600000 | 0.640000 | 0.520000 | 0.560000 |  -1.304883 |      206 |      192 |       14 |   4.999728 |      5 | 0.951282 | 1.233619
2602 | 780300.0 | 780600.0 | 0.003961 | 0.015326 |   4.999728 |      5 | 0.951282 | 0.600000 | 0.590000 | 0.616667 | 0.570000 |   1.522449 |      203 |      177 |       26 |   4.999767 |      5 | 0.957313 | 1.080913
2603 | 780600.0 | 780900.0 | 0.003960 | 0.015325 |   4.999767 |      5 | 0.957313 | 0.600000 | 0.530000 | 0.546667 | 0.550000 |  -0.108753 |      195 |      159 |       36 |   5.000044 |      6 | 0.956882 | 1.091818
2604 | 780900.0 | 781200.0 | 0.003959 | 0.015324 |   5.000044 |      6 | 0.956882 | 0.600000 | 0.690000 | 0.583333 | 0.653333 |  -2.283932 |      237 |      207 |       29 |   4.999688 |      5 | 0.947840 | 1.320784
2605 | 781200.0 | 781500.0 | 0.003958 | 0.015324 |   4.999688 |      5 | 0.947840 | 0.600000 | 0.580000 | 0.573333 | 0.546667 |   0.870119 |      201 |      174 |       28 |   4.999767 |      5 | 0.951284 | 1.233577
2606 | 781500.0 | 781800.0 | 0.003957 | 0.015323 |   4.999767 |      5 | 0.951284 | 0.600000 | 0.533333 | 0.560000 | 0.563333 |  -0.108771 |      196 |      160 |       36 |   5.000031 |      6 | 0.950853 | 1.244476
2607 | 781800.0 | 782100.0 | 0.003956 | 0.015322 |   5.000031 |      6 | 0.950853 | 0.600000 | 0.666667 | 0.660000 | 0.723333 |  -2.066765 |      239 |      200 |       38 |   4.999767 |      5 | 0.942677 | 1.451510
2608 | 782100.0 | 782400.0 | 0.003955 | 0.015321 |   4.999767 |      5 | 0.942677 | 0.600000 | 0.573333 | 0.550000 | 0.583333 |  -1.087832 |      199 |      172 |       28 |   4.999873 |      5 | 0.938375 | 1.560453
2609 | 782400.0 | 782700.0 | 0.003954 | 0.015320 |   4.999873 |      5 | 0.938375 | 0.600000 | 0.576667 | 0.523333 | 0.546667 |  -0.761526 |      203 |      173 |       30 |   4.999965 |      5 | 0.935364 | 1.636698
2610 | 782700.0 | 783000.0 | 0.003953 | 0.015319 |   4.999965 |      5 | 0.935364 | 0.600000 | 0.583333 | 0.573333 | 0.556667 |   0.543978 |      202 |      175 |       27 |   5.000031 |      6 | 0.937514 | 1.582249
2611 | 783000.0 | 783300.0 | 0.003952 | 0.015318 |   5.000031 |      6 | 0.937514 | 0.600000 | 0.676667 | 0.670000 | 0.670000 |   0.000000 |      241 |      203 |       37 |   4.999728 |      5 | 0.937514 | 1.582249
2612 | 783300.0 | 783600.0 | 0.003951 | 0.015318 |   4.999728 |      5 | 0.937514 | 0.600000 | 0.570000 | 0.593333 | 0.556667 |   1.196886 |      199 |      171 |       29 |   4.999847 |      5 | 0.942243 | 1.462508
2613 | 783600.0 | 783900.0 | 0.003950 | 0.015317 |   4.999847 |      5 | 0.942243 | 0.600000 | 0.563333 | 0.566667 | 0.580000 |  -0.435256 |      200 |      169 |       31 |   4.999991 |      5 | 0.940524 | 1.506041
2614 | 783900.0 | 784200.0 | 0.003949 | 0.015316 |   4.999991 |      5 | 0.940524 | 0.600000 | 0.550000 | 0.580000 | 0.593333 |  -0.435280 |      200 |      165 |       35 |   5.000189 |      6 | 0.938805 | 1.549566
2615 | 784200.0 | 784500.0 | 0.003948 | 0.015315 |   5.000189 |      6 | 0.938805 | 0.600000 | 0.720000 | 0.723333 | 0.666667 |   1.850045 |      243 |      216 |       27 |   4.999715 |      5 | 0.946109 | 1.364623
2616 | 784500.0 | 784800.0 | 0.003947 | 0.015314 |   4.999715 |      5 | 0.946109 | 0.600000 | 0.603333 | 0.556667 | 0.580000 |  -0.761826 |      204 |      181 |       23 |   4.999702 |      5 | 0.943102 | 1.440761
2617 | 784800.0 | 785100.0 | 0.003946 | 0.015313 |   4.999702 |      5 | 0.943102 | 0.600000 | 0.583333 | 0.620000 | 0.576667 |   1.414899 |      202 |      175 |       27 |   4.999768 |      5 | 0.948685 | 1.299391
2618 | 785100.0 | 785400.0 | 0.003945 | 0.015312 |   4.999768 |      5 | 0.948685 | 0.600000 | 0.570000 | 0.583333 | 0.560000 |   0.761912 |      200 |      171 |       29 |   4.999886 |      5 | 0.951690 | 1.223284
2619 | 785400.0 | 785700.0 | 0.003944 | 0.015311 |   4.999886 |      5 | 0.951690 | 0.600000 | 0.603333 | 0.613333 | 0.580000 |   1.088507 |      203 |      181 |       22 |   4.999873 |      5 | 0.955983 | 1.114582
2620 | 785700.0 | 786000.0 | 0.003943 | 0.015311 |   4.999873 |      5 | 0.955983 | 0.600000 | 0.596667 | 0.556667 | 0.576667 |  -0.653141 |      202 |      179 |       23 |   4.999886 |      5 | 0.953408 | 1.179790
2621 | 786000.0 | 786300.0 | 0.003942 | 0.015310 |   4.999886 |      5 | 0.953408 | 0.600000 | 0.563333 | 0.536667 | 0.566667 |  -0.979766 |      199 |      169 |       30 |   5.000031 |      6 | 0.949546 | 1.277583
2622 | 786300.0 | 786600.0 | 0.003941 | 0.015309 |   5.000031 |      6 | 0.949546 | 0.600000 | 0.683333 | 0.653333 | 0.686667 |  -1.088690 |      241 |      205 |       35 |   4.999702 |      5 | 0.945256 | 1.386219
2623 | 786600.0 | 786900.0 | 0.003940 | 0.015308 |   4.999702 |      5 | 0.945256 | 0.600000 | 0.600000 | 0.586667 | 0.576667 |   0.326625 |      202 |      180 |       23 |   4.999702 |      5 | 0.946543 | 1.353635
2624 | 786900.0 | 787200.0 | 0.003939 | 0.015307 |   4.999702 |      5 | 0.946543 | 0.600000 | 0.570000 | 0.573333 | 0.566667 |   0.217762 |      201 |      171 |       30 |   4.999820 |      5 | 0.947400 | 1.331916
2625 | 787200.0 | 787500.0 | 0.003938 | 0.015306 |   4.999820 |      5 | 0.947400 | 0.600000 | 0.566667 | 0.596667 | 0.550000 |   1.524422 |      200 |      170 |       30 |   4.999952 |      5 | 0.953403 | 1.179917
2626 | 787500.0 | 787800.0 | 0.003937 | 0.015305 |   4.999952 |      5 | 0.953403 | 0.600000 | 0.546667 | 0.550000 | 0.580000 |  -0.980041 |      197 |      164 |       33 |   5.000162 |      6 | 0.949545 | 1.277611
2627 | 787800.0 | 788100.0 | 0.003936 | 0.015305 |   5.000162 |      6 | 0.949545 | 0.600000 | 0.693333 | 0.643333 | 0.736667 |  -3.049187 |      241 |      208 |       32 |   4.999794 |      5 | 0.937544 | 1.581488
2628 | 788100.0 | 788400.0 | 0.003935 | 0.015304 |   4.999794 |      5 | 0.937544 | 0.600000 | 0.570000 | 0.550000 | 0.573333 |  -0.762339 |      201 |      171 |       31 |   4.999912 |      5 | 0.934545 | 1.657442
2629 | 788400.0 | 788700.0 | 0.003934 | 0.015303 |   4.999912 |      5 | 0.934545 | 0.600000 | 0.570000 | 0.580000 | 0.500000 |   2.613881 |      200 |      171 |       29 |   5.000030 |      6 | 0.944827 | 1.397081
2630 | 788700.0 | 789000.0 | 0.003933 | 0.015302 |   5.000030 |      6 | 0.944827 | 0.600000 | 0.716667 | 0.700000 | 0.700000 |   0.000000 |      244 |      215 |       28 |   4.999571 |      5 | 0.944827 | 1.397081
2631 | 789000.0 | 789300.0 | 0.003932 | 0.015301 |   4.999571 |      5 | 0.944827 | 0.600000 | 0.590000 | 0.546667 | 0.586667 |  -1.307087 |      202 |      177 |       26 |   4.999611 |      5 | 0.939688 | 1.527209
2632 | 789300.0 | 789600.0 | 0.003931 | 0.015300 |   4.999611 |      5 | 0.939688 | 0.600000 | 0.560000 | 0.563333 | 0.530000 |   1.089300 |      200 |      168 |       32 |   4.999768 |      5 | 0.943969 | 1.418791
2633 | 789600.0 | 789900.0 | 0.003930 | 0.015299 |   4.999768 |      5 | 0.943969 | 0.600000 | 0.603333 | 0.540000 | 0.530000 |   0.326808 |      204 |      181 |       23 |   4.999755 |      5 | 0.945254 | 1.386271
2634 | 789900.0 | 790200.0 | 0.003929 | 0.015299 |   4.999755 |      5 | 0.945254 | 0.600000 | 0.580000 | 0.583333 | 0.580000 |   0.108942 |      201 |      174 |       27 |   4.999833 |      5 | 0.945682 | 1.375434
2635 | 790200.0 | 790500.0 | 0.003928 | 0.015298 |   4.999833 |      5 | 0.945682 | 0.600000 | 0.580000 | 0.586667 | 0.576667 |   0.326845 |      201 |      174 |       27 |   4.999912 |      5 | 0.946965 | 1.342928
2636 | 790500.0 | 790800.0 | 0.003927 | 0.015297 |   4.999912 |      5 | 0.946965 | 0.600000 | 0.606667 | 0.550000 | 0.530000 |   0.653726 |      204 |      182 |       22 |   4.999886 |      5 | 0.949532 | 1.277929
2637 | 790800.0 | 791100.0 | 0.003926 | 0.015296 |   4.999886 |      5 | 0.949532 | 0.600000 | 0.573333 | 0.580000 | 0.546667 |   1.089605 |      200 |      172 |       28 |   4.999990 |      5 | 0.953810 | 1.169618
2638 | 791100.0 | 791400.0 | 0.003925 | 0.015295 |   4.999990 |      5 | 0.953810 | 0.600000 | 0.550000 | 0.566667 | 0.556667 |   0.326900 |      199 |      165 |       34 |   5.000187 |      6 | 0.955093 | 1.137132
2639 | 791400.0 | 791700.0 | 0.003924 | 0.015294 |   5.000187 |      6 | 0.955093 | 0.600000 | 0.693333 | 0.626667 | 0.670000 |  -1.416644 |      240 |      208 |       31 |   4.999821 |      5 | 0.949534 | 1.277879
2640 | 791700.0 | 792000.0 | 0.003923 | 0.015294 |   4.999821 |      5 | 0.949534 | 0.600000 | 0.580000 | 0.510000 | 0.573333 |  -2.070595 |      200 |      174 |       27 |   4.999899 |      5 | 0.941412 | 1.483545
2641 | 792000.0 | 792300.0 | 0.003922 | 0.015293 |   4.999899 |      5 | 0.941412 | 0.600000 | 0.573333 | 0.546667 | 0.543333 |   0.108985 |      202 |      172 |       30 |   5.000004 |      6 | 0.941840 | 1.472723
2642 | 792300.0 | 792600.0 | 0.003921 | 0.015292 |   5.000004 |      6 | 0.941840 | 0.600000 | 0.706667 | 0.690000 | 0.666667 |   0.762936 |      243 |      212 |       30 |   4.999585 |      5 | 0.944831 | 1.396981
2643 | 792600.0 | 792900.0 | 0.003920 | 0.015291 |   4.999585 |      5 | 0.944831 | 0.600000 | 0.566667 | 0.583333 | 0.550000 |   1.089969 |      200 |      170 |       31 |   4.999716 |      5 | 0.949103 | 1.288801
2644 | 792900.0 | 793200.0 | 0.003919 | 0.015290 |   4.999716 |      5 | 0.949103 | 0.600000 | 0.590000 | 0.576667 | 0.530000 |   1.526042 |      202 |      177 |       25 |   4.999755 |      5 | 0.955083 | 1.137378
2645 | 793200.0 | 793500.0 | 0.003918 | 0.015289 |   4.999755 |      5 | 0.955083 | 0.600000 | 0.563333 | 0.566667 | 0.570000 |  -0.109009 |      199 |      169 |       30 |   4.999899 |      5 | 0.954656 | 1.148192
2646 | 793500.0 | 793800.0 | 0.003917 | 0.015288 |   4.999899 |      5 | 0.954656 | 0.600000 | 0.620000 | 0.533333 | 0.506667 |   0.872121 |      204 |      186 |       19 |   4.999820 |      5 | 0.958072 | 1.061699
2647 | 793800.0 | 794100.0 | 0.003916 | 0.015288 |   4.999820 |      5 | 0.958072 | 0.600000 | 0.570000 | 0.526667 | 0.573333 |  -1.526297 |      200 |      171 |       28 |   4.999938 |      5 | 0.952095 | 1.213031
2648 | 794100.0 | 794400.0 | 0.003915 | 0.015287 |   4.999938 |      5 | 0.952095 | 0.600000 | 0.533333 | 0.560000 | 0.566667 |  -0.218054 |      196 |      160 |       36 |   5.000199 |      6 | 0.951242 | 1.234646
2649 | 794400.0 | 794700.0 | 0.003914 | 0.015286 |   5.000199 |      6 | 0.951242 | 0.600000 | 0.723333 | 0.653333 | 0.646667 |   0.218067 |      244 |      217 |       26 |   4.999716 |      5 | 0.952095 | 1.213035
2650 | 794700.0 | 795000.0 | 0.003913 | 0.015285 |   4.999716 |      5 | 0.952095 | 0.600000 | 0.593333 | 0.563333 | 0.570000 |  -0.218079 |      201 |      178 |       24 |   4.999742 |      5 | 0.951242 | 1.234641
2651 | 795000.0 | 795300.0 | 0.003912 | 0.015284 |   4.999742 |      5 | 0.951242 | 0.600000 | 0.593333 | 0.543333 | 0.560000 |  -0.545227 |      203 |      178 |       25 |   4.999768 |      5 | 0.949109 | 1.288646
2652 | 795300.0 | 795600.0 | 0.003911 | 0.015283 |   4.999768 |      5 | 0.949109 | 0.600000 | 0.580000 | 0.566667 | 0.523333 |   1.417669 |      201 |      174 |       27 |   4.999847 |      5 | 0.954653 | 1.148263
2653 | 795600.0 | 795900.0 | 0.003910 | 0.015282 |   4.999847 |      5 | 0.954653 | 0.600000 | 0.623333 | 0.570000 | 0.600000 |  -0.981518 |      205 |      187 |       18 |   4.999755 |      5 | 0.950816 | 1.245431
2654 | 795900.0 | 796200.0 | 0.003909 | 0.015282 |   4.999755 |      5 | 0.950816 | 0.600000 | 0.573333 | 0.536667 | 0.570000 |  -1.090636 |      201 |      172 |       29 |   4.999860 |      5 | 0.946553 | 1.353375
2655 | 796200.0 | 796500.0 | 0.003908 | 0.015281 |   4.999860 |      5 | 0.946553 | 0.600000 | 0.593333 | 0.543333 | 0.593333 |  -1.636044 |      203 |      178 |       25 |   4.999886 |      5 | 0.940160 | 1.515259
2656 | 796500.0 | 796800.0 | 0.003907 | 0.015280 |   4.999886 |      5 | 0.940160 | 0.600000 | 0.550000 | 0.550000 | 0.566667 |  -0.545378 |      197 |      165 |       32 |   5.000081 |      6 | 0.938029 | 1.569210
2657 | 796800.0 | 797100.0 | 0.003906 | 0.015279 |   5.000081 |      6 | 0.938029 | 0.600000 | 0.690000 | 0.710000 | 0.633333 |   2.508880 |      242 |      207 |       34 |   4.999730 |      5 | 0.947828 | 1.321087
2658 | 797100.0 | 797400.0 | 0.003905 | 0.015278 |   4.999730 |      5 | 0.947828 | 0.600000 | 0.586667 | 0.530000 | 0.593333 |  -2.072668 |      202 |      176 |       27 |   4.999782 |      5 | 0.939735 | 1.526017
2659 | 797400.0 | 797700.0 | 0.003904 | 0.015277 |   4.999782 |      5 | 0.939735 | 0.600000 | 0.593333 | 0.596667 | 0.573333 |   0.763657 |      202 |      178 |       25 |   4.999808 |      5 | 0.942716 | 1.450531
2660 | 797700.0 | 798000.0 | 0.003903 | 0.015277 |   4.999808 |      5 | 0.942716 | 0.600000 | 0.580000 | 0.576667 | 0.506667 |   2.291097 |      202 |      174 |       27 |   4.999886 |      5 | 0.951657 | 1.224119
2661 | 798000.0 | 798300.0 | 0.003902 | 0.015276 |   4.999886 |      5 | 0.951657 | 0.600000 | 0.553333 | 0.553333 | 0.593333 |  -1.309271 |      198 |      166 |       32 |   5.000068 |      6 | 0.946549 | 1.353472
2662 | 798300.0 | 798600.0 | 0.003901 | 0.015275 |   5.000068 |      6 | 0.946549 | 0.600000 | 0.673333 | 0.710000 | 0.690000 |   0.654672 |      240 |      202 |       37 |   4.999782 |      5 | 0.949103 | 1.288808
2663 | 798600.0 | 798900.0 | 0.003900 | 0.015274 |   4.999782 |      5 | 0.949103 | 0.600000 | 0.570000 | 0.606667 | 0.590000 |   0.545590 |      200 |      171 |       30 |   4.999899 |      5 | 0.951230 | 1.234932
2664 | 798900.0 | 799200.0 | 0.003899 | 0.015273 |   4.999899 |      5 | 0.951230 | 0.600000 | 0.586667 | 0.580000 | 0.563333 |   0.545620 |      201 |      176 |       25 |   4.999951 |      5 | 0.953358 | 1.181067
2665 | 799200.0 | 799500.0 | 0.003898 | 0.015272 |   4.999951 |      5 | 0.953358 | 0.600000 | 0.593333 | 0.560000 | 0.583333 |  -0.763910 |      203 |      178 |       25 |   4.999977 |      5 | 0.950380 | 1.256464
2666 | 799500.0 | 799800.0 | 0.003897 | 0.015271 |   4.999977 |      5 | 0.950380 | 0.600000 | 0.566667 | 0.560000 | 0.593333 |  -1.091360 |      200 |      170 |       30 |   5.000107 |      6 | 0.946127 | 1.364151
2667 | 799800.0 | 800100.0 | 0.003896 | 0.015271 |   5.000107 |      6 | 0.946127 | 0.600000 | 0.670000 | 0.610000 | 0.676667 |  -2.182841 |      238 |      201 |       36 |   4.999834 |      5 | 0.937623 | 1.579483
2668 | 800100.0 | 800400.0 | 0.003895 | 0.015270 |   4.999834 |      5 | 0.937623 | 0.600000 | 0.566667 | 0.560000 | 0.576667 |  -0.545740 |      201 |      170 |       32 |   4.999964 |      5 | 0.935498 | 1.633306
2669 | 800400.0 | 800700.0 | 0.003894 | 0.015269 |   4.999964 |      5 | 0.935498 | 0.600000 | 0.550000 | 0.583333 | 0.516667 |   2.183082 |      199 |      165 |       34 |   5.000158 |      6 | 0.943998 | 1.418058
2670 | 800700.0 | 801000.0 | 0.003893 | 0.015268 |   5.000158 |      6 | 0.943998 | 0.600000 | 0.666667 | 0.710000 | 0.653333 |   1.855722 |      238 |      200 |       37 |   4.999899 |      5 | 0.951222 | 1.235135
2671 | 801000.0 | 801300.0 | 0.003892 | 0.015267 |   4.999899 |      5 | 0.951222 | 0.600000 | 0.566667 | 0.526667 | 0.566667 |  -1.309994 |      199 |      170 |       30 |   5.000029 |      6 | 0.946124 | 1.364232
2672 | 801300.0 | 801600.0 | 0.003891 | 0.015266 |   5.000029 |      6 | 0.946124 | 0.600000 | 0.700000 | 0.660000 | 0.680000 |  -0.655033 |      242 |      210 |       31 |   4.999639 |      5 | 0.943575 | 1.428768
2673 | 801600.0 | 801900.0 | 0.003890 | 0.015266 |   4.999639 |      5 | 0.943575 | 0.600000 | 0.576667 | 0.540000 | 0.540000 |   0.000000 |      201 |      173 |       29 |   4.999730 |      5 | 0.943575 | 1.428768
2674 | 801900.0 | 802200.0 | 0.003889 | 0.015265 |   4.999730 |      5 | 0.943575 | 0.600000 | 0.576667 | 0.556667 | 0.586667 |  -0.982658 |      201 |      173 |       28 |   4.999821 |      5 | 0.939754 | 1.525533
2675 | 802200.0 | 802500.0 | 0.003888 | 0.015264 |   4.999821 |      5 | 0.939754 | 0.600000 | 0.590000 | 0.536667 | 0.566667 |  -0.982712 |      201 |      177 |       24 |   4.999860 |      5 | 0.935933 | 1.622280
2676 | 802500.0 | 802800.0 | 0.003887 | 0.015263 |   4.999860 |      5 | 0.935933 | 0.600000 | 0.540000 | 0.563333 | 0.560000 |   0.109196 |      200 |      162 |       38 |   5.000093 |      6 | 0.936358 | 1.611532
2677 | 802800.0 | 803100.0 | 0.003886 | 0.015262 |   5.000093 |      6 | 0.936358 | 0.600000 | 0.676667 | 0.676667 | 0.646667 |   0.982820 |      240 |      203 |       36 |   4.999795 |      5 | 0.940177 | 1.514824
2678 | 803100.0 | 803400.0 | 0.003885 | 0.015261 |   4.999795 |      5 | 0.940177 | 0.600000 | 0.590000 | 0.603333 | 0.570000 |   1.092082 |      202 |      177 |       26 |   4.999834 |      5 | 0.944420 | 1.407391
2679 | 803400.0 | 803700.0 | 0.003884 | 0.015261 |   4.999834 |      5 | 0.944420 | 0.600000 | 0.570000 | 0.583333 | 0.583333 |   0.000000 |      200 |      171 |       29 |   4.999951 |      5 | 0.944420 | 1.407391
2680 | 803700.0 | 804000.0 | 0.003883 | 0.015260 |   4.999951 |      5 | 0.944420 | 0.600000 | 0.553333 | 0.623333 | 0.573333 |   1.638304 |      200 |      166 |       34 |   5.000132 |      6 | 0.950781 | 1.246306
2681 | 804000.0 | 804300.0 | 0.003882 | 0.015259 |   5.000132 |      6 | 0.950781 | 0.600000 | 0.680000 | 0.690000 | 0.653333 |   1.201489 |      238 |      204 |       33 |   4.999821 |      5 | 0.955445 | 1.128200
2682 | 804300.0 | 804600.0 | 0.003881 | 0.015258 |   4.999821 |      5 | 0.955445 | 0.600000 | 0.593333 | 0.573333 | 0.583333 |  -0.327697 |      201 |      178 |       24 |   4.999847 |      5 | 0.954174 | 1.160404
2683 | 804600.0 | 804900.0 | 0.003880 | 0.015257 |   4.999847 |      5 | 0.954174 | 0.600000 | 0.563333 | 0.576667 | 0.536667 |   1.310859 |      199 |      169 |       30 |   4.999989 |      5 | 0.959260 | 1.031612
2684 | 804900.0 | 805200.0 | 0.003879 | 0.015256 |   4.999989 |      5 | 0.959260 | 0.600000 | 0.606667 | 0.520000 | 0.586667 |  -2.184885 |      204 |      182 |       22 |   4.999963 |      5 | 0.950784 | 1.246224
2685 | 805200.0 | 805500.0 | 0.003878 | 0.015255 |   4.999963 |      5 | 0.950784 | 0.600000 | 0.570000 | 0.560000 | 0.560000 |   0.000000 |      199 |      171 |       28 |   5.000080 |      6 | 0.950784 | 1.246224
2686 | 805500.0 | 805800.0 | 0.003877 | 0.015255 |   5.000080 |      6 | 0.950784 | 0.600000 | 0.663333 | 0.650000 | 0.650000 |   0.000000 |      239 |      199 |       39 |   4.999834 |      5 | 0.950784 | 1.246224
2687 | 805800.0 | 806100.0 | 0.003876 | 0.015254 |   4.999834 |      5 | 0.950784 | 0.600000 | 0.583333 | 0.563333 | 0.560000 |   0.109262 |      200 |      175 |       26 |   4.999899 |      5 | 0.951208 | 1.235499
2688 | 806100.0 | 806400.0 | 0.003875 | 0.015253 |   4.999899 |      5 | 0.951208 | 0.600000 | 0.560000 | 0.583333 | 0.586667 |  -0.109268 |      200 |      168 |       32 |   5.000054 |      6 | 0.950784 | 1.246222
2689 | 806400.0 | 806700.0 | 0.003874 | 0.015252 |   5.000054 |      6 | 0.950784 | 0.600000 | 0.716667 | 0.673333 | 0.660000 |   0.437097 |      243 |      215 |       27 |   4.999602 |      5 | 0.952478 | 1.203341
2690 | 806700.0 | 807000.0 | 0.003873 | 0.015251 |   4.999602 |      5 | 0.952478 | 0.600000 | 0.600000 | 0.583333 | 0.580000 |   0.109280 |      202 |      180 |       23 |   4.999602 |      5 | 0.952901 | 1.192623
2691 | 807000.0 | 807300.0 | 0.003872 | 0.015250 |   4.999602 |      5 | 0.952901 | 0.600000 | 0.583333 | 0.553333 | 0.590000 |  -1.202148 |      201 |      175 |       26 |   4.999666 |      5 | 0.948246 | 1.310498
2692 | 807300.0 | 807600.0 | 0.003871 | 0.015250 |   4.999666 |      5 | 0.948246 | 0.600000 | 0.546667 | 0.573333 | 0.573333 |   0.000000 |      198 |      164 |       34 |   4.999873 |      5 | 0.948246 | 1.310498
2693 | 807600.0 | 807900.0 | 0.003870 | 0.015249 |   4.999873 |      5 | 0.948246 | 0.600000 | 0.566667 | 0.593333 | 0.543333 |   1.639472 |      201 |      170 |       31 |   5.000002 |      6 | 0.954591 | 1.149823
2694 | 807900.0 | 808200.0 | 0.003869 | 0.015248 |   5.000002 |      6 | 0.954591 | 0.600000 | 0.696667 | 0.630000 | 0.676667 |  -1.530257 |      240 |      209 |       31 |   4.999628 |      5 | 0.948670 | 1.299757
2695 | 808200.0 | 808500.0 | 0.003868 | 0.015247 |   4.999628 |      5 | 0.948670 | 0.600000 | 0.583333 | 0.573333 | 0.513333 |   1.967581 |      201 |      175 |       26 |   4.999692 |      5 | 0.956282 | 1.107023
2696 | 808500.0 | 808800.0 | 0.003867 | 0.015246 |   4.999692 |      5 | 0.956282 | 0.600000 | 0.573333 | 0.566667 | 0.560000 |   0.218632 |      201 |      172 |       29 |   4.999795 |      5 | 0.957127 | 1.085612
2697 | 808800.0 | 809100.0 | 0.003866 | 0.015245 |   4.999795 |      5 | 0.957127 | 0.600000 | 0.570000 | 0.576667 | 0.576667 |   0.000000 |      199 |      171 |       28 |   4.999911 |      5 | 0.957127 | 1.085612
2698 | 809100.0 | 809400.0 | 0.003866 | 0.015245 |   4.999911 |      5 | 0.957127 | 0.600000 | 0.583333 | 0.543333 | 0.586667 |  -1.421264 |      201 |      175 |       26 |   4.999976 |      5 | 0.951633 | 1.224727
2699 | 809400.0 | 809700.0 | 0.003865 | 0.015244 |   4.999976 |      5 | 0.951633 | 0.600000 | 0.600000 | 0.610000 | 0.543333 |   2.186679 |      203 |      180 |       23 |   4.999976 |      5 | 0.960084 | 1.010746
2700 | 809700.0 | 810000.0 | 0.003864 | 0.015243 |   4.999976 |      5 | 0.960084 | 0.600000 | 0.626667 | 0.553333 | 0.560000 |  -0.218680 |      204 |      188 |       17 |   4.999873 |      5 | 0.959239 | 1.032140
2701 | 810000.0 | 810300.0 | 0.003863 | 0.015242 |   4.999873 |      5 | 0.959239 | 0.600000 | 0.576667 | 0.526667 | 0.573333 |  -1.530842 |      199 |      173 |       25 |   4.999963 |      5 | 0.953326 | 1.181868
2702 | 810300.0 | 810600.0 | 0.003862 | 0.015241 |   4.999963 |      5 | 0.953326 | 0.600000 | 0.603333 | 0.580000 | 0.570000 |   0.328055 |      204 |      181 |       23 |   4.999950 |      5 | 0.954593 | 1.149790
2703 | 810600.0 | 810900.0 | 0.003861 | 0.015240 |   4.999950 |      5 | 0.954593 | 0.600000 | 0.600000 | 0.570000 | 0.586667 |  -0.546789 |      203 |      180 |       23 |   4.999950 |      5 | 0.952482 | 1.203243
2704 | 810900.0 | 811200.0 | 0.003860 | 0.015240 |   4.999950 |      5 | 0.952482 | 0.600000 | 0.586667 | 0.546667 | 0.606667 |  -1.968547 |      202 |      176 |       26 |   5.000002 |      6 | 0.944884 | 1.395638
2705 | 811200.0 | 811500.0 | 0.003859 | 0.015239 |   5.000002 |      6 | 0.944884 | 0.600000 | 0.713333 | 0.726667 | 0.720000 |   0.218739 |      243 |      214 |       28 |   4.999564 |      5 | 0.945728 | 1.374265
2706 | 811500.0 | 811800.0 | 0.003858 | 0.015238 |   4.999564 |      5 | 0.945728 | 0.600000 | 0.586667 | 0.573333 | 0.563333 |   0.328127 |      201 |      176 |       26 |   4.999616 |      5 | 0.946994 | 1.342212
2707 | 811800.0 | 812100.0 | 0.003857 | 0.015237 |   4.999616 |      5 | 0.946994 | 0.600000 | 0.570000 | 0.536667 | 0.560000 |  -0.765671 |      199 |      171 |       28 |   4.999731 |      5 | 0.944041 | 1.416989
2708 | 812100.0 | 812400.0 | 0.003856 | 0.015236 |   4.999731 |      5 | 0.944041 | 0.600000 | 0.576667 | 0.576667 | 0.563333 |   0.437550 |      202 |      173 |       30 |   4.999821 |      5 | 0.945728 | 1.374267
2709 | 812400.0 | 812700.0 | 0.003855 | 0.015236 |   4.999821 |      5 | 0.945728 | 0.600000 | 0.590000 | 0.556667 | 0.530000 |   0.875148 |      202 |      177 |       24 |   4.999860 |      5 | 0.949101 | 1.288842
2710 | 812700.0 | 813000.0 | 0.003854 | 0.015235 |   4.999860 |      5 | 0.949101 | 0.600000 | 0.576667 | 0.570000 | 0.536667 |   1.093994 |      202 |      173 |       29 |   4.999950 |      5 | 0.953318 | 1.182080
2711 | 813000.0 | 813300.0 | 0.003853 | 0.015234 |   4.999950 |      5 | 0.953318 | 0.600000 | 0.606667 | 0.560000 | 0.533333 |   0.875243 |      203 |      182 |       21 |   4.999924 |      5 | 0.956690 | 1.096688
2712 | 813300.0 | 813600.0 | 0.003852 | 0.015233 |   4.999924 |      5 | 0.956690 | 0.600000 | 0.553333 | 0.566667 | 0.540000 |   0.875291 |      198 |      166 |       32 |   5.000104 |      6 | 0.960061 | 1.011312
2713 | 813600.0 | 813900.0 | 0.003851 | 0.015232 |   5.000104 |      6 | 0.960061 | 0.600000 | 0.686667 | 0.546667 | 0.656667 |  -3.610770 |      238 |      206 |       31 |   4.999770 |      5 | 0.946156 | 1.363419
2714 | 813900.0 | 814200.0 | 0.003850 | 0.015231 |   4.999770 |      5 | 0.946156 | 0.600000 | 0.570000 | 0.543333 | 0.593333 |  -1.641348 |      200 |      171 |       30 |   4.999886 |      5 | 0.939837 | 1.523436
2715 | 814200.0 | 814500.0 | 0.003849 | 0.015231 |   4.999886 |      5 | 0.939837 | 0.600000 | 0.550000 | 0.576667 | 0.616667 |  -1.313150 |      198 |      165 |       34 |   5.000078 |      6 | 0.934782 | 1.651425
2716 | 814500.0 | 814800.0 | 0.003848 | 0.015230 |   5.000078 |      6 | 0.934782 | 0.600000 | 0.660000 | 0.656667 | 0.646667 |   0.328305 |      238 |      198 |       38 |   4.999847 |      5 | 0.936046 | 1.619434
2717 | 814800.0 | 815100.0 | 0.003847 | 0.015229 |   4.999847 |      5 | 0.936046 | 0.600000 | 0.573333 | 0.543333 | 0.563333 |  -0.656646 |      201 |      172 |       30 |   4.999950 |      5 | 0.933519 | 1.683404
2718 | 815100.0 | 815400.0 | 0.003846 | 0.015228 |   4.999950 |      5 | 0.933519 | 0.600000 | 0.573333 | 0.586667 | 0.550000 |   1.203916 |      203 |      172 |       31 |   5.000052 |      6 | 0.938150 | 1.566149
2719 | 815400.0 | 815700.0 | 0.003845 | 0.015227 |   5.000052 |      6 | 0.938150 | 0.600000 | 0.693333 | 0.703333 | 0.683333 |   0.656717 |      242 |      208 |       33 |   4.999693 |      5 | 0.940675 | 1.502204
2720 | 815700.0 | 816000.0 | 0.003844 | 0.015226 |   4.999693 |      5 | 0.940675 | 0.600000 | 0.590000 | 0.573333 | 0.586667 |  -0.437835 |      202 |      177 |       26 |   4.999732 |      5 | 0.938992 | 1.544826
2721 | 816000.0 | 816300.0 | 0.003843 | 0.015226 |   4.999732 |      5 | 0.938992 | 0.600000 | 0.630000 | 0.613333 | 0.570000 |   1.423042 |      206 |      189 |       17 |   4.999617 |      5 | 0.944461 | 1.406332
2722 | 816300.0 | 816600.0 | 0.003842 | 0.015225 |   4.999617 |      5 | 0.944461 | 0.600000 | 0.576667 | 0.600000 | 0.586667 |   0.437883 |      201 |      173 |       28 |   4.999706 |      5 | 0.946144 | 1.363727
2723 | 816600.0 | 816900.0 | 0.003842 | 0.015224 |   4.999706 |      5 | 0.946144 | 0.600000 | 0.606667 | 0.593333 | 0.543333 |   1.642149 |      204 |      182 |       22 |   4.999681 |      5 | 0.952452 | 1.203990
2724 | 816900.0 | 817200.0 | 0.003841 | 0.015223 |   4.999681 |      5 | 0.952452 | 0.600000 | 0.570000 | 0.593333 | 0.596667 |  -0.109483 |      200 |      171 |       29 |   4.999796 |      5 | 0.952032 | 1.214637
2725 | 817200.0 | 817500.0 | 0.003840 | 0.015222 |   4.999796 |      5 | 0.952032 | 0.600000 | 0.613333 | 0.550000 | 0.563333 |  -0.437954 |      205 |      184 |       21 |   4.999745 |      5 | 0.950350 | 1.257217
2726 | 817500.0 | 817800.0 | 0.003839 | 0.015221 |   4.999745 |      5 | 0.950350 | 0.600000 | 0.566667 | 0.566667 | 0.533333 |   1.094943 |      199 |      170 |       29 |   4.999873 |      5 | 0.954553 | 1.150787
2727 | 817800.0 | 818100.0 | 0.003838 | 0.015221 |   4.999873 |      5 | 0.954553 | 0.600000 | 0.576667 | 0.576667 | 0.596667 |  -0.657002 |      199 |      173 |       26 |   4.999962 |      5 | 0.952032 | 1.214633
2728 | 818100.0 | 818400.0 | 0.003837 | 0.015220 |   4.999962 |      5 | 0.952032 | 0.600000 | 0.610000 | 0.560000 | 0.606667 |  -1.533086 |      205 |      183 |       22 |   4.999924 |      5 | 0.946150 | 1.363577
2729 | 818400.0 | 818700.0 | 0.003836 | 0.015219 |   4.999924 |      5 | 0.946150 | 0.600000 | 0.626667 | 0.526667 | 0.546667 |  -0.657072 |      205 |      188 |       17 |   4.999822 |      5 | 0.943630 | 1.427398
2730 | 818700.0 | 819000.0 | 0.003835 | 0.015218 |   4.999822 |      5 | 0.943630 | 0.600000 | 0.593333 | 0.543333 | 0.563333 |  -0.657108 |      203 |      178 |       25 |   4.999847 |      5 | 0.941110 | 1.491207
2731 | 819000.0 | 819300.0 | 0.003834 | 0.015217 |   4.999847 |      5 | 0.941110 | 0.600000 | 0.563333 | 0.533333 | 0.510000 |   0.766667 |      201 |      169 |       32 |   4.999988 |      5 | 0.944049 | 1.416778
2732 | 819300.0 | 819600.0 | 0.003833 | 0.015217 |   4.999988 |      5 | 0.944049 | 0.600000 | 0.583333 | 0.563333 | 0.573333 |  -0.328589 |      202 |      175 |       27 |   5.000052 |      6 | 0.942789 | 1.448670
2733 | 819600.0 | 819900.0 | 0.003832 | 0.015216 |   5.000052 |      6 | 0.942789 | 0.600000 | 0.700000 | 0.686667 | 0.600000 |   2.847928 |      242 |      210 |       32 |   4.999668 |      5 | 0.953703 | 1.172326
2734 | 819900.0 | 820200.0 | 0.003831 | 0.015215 |   4.999668 |      5 | 0.953703 | 0.600000 | 0.560000 | 0.553333 | 0.566667 |  -0.438166 |      198 |      168 |       30 |   4.999822 |      5 | 0.952024 | 1.214832
2735 | 820200.0 | 820500.0 | 0.003830 | 0.015214 |   4.999822 |      5 | 0.952024 | 0.600000 | 0.586667 | 0.583333 | 0.556667 |   0.876380 |      202 |      176 |       26 |   4.999873 |      5 | 0.955381 | 1.129836
2736 | 820500.0 | 820800.0 | 0.003829 | 0.015213 |   4.999873 |      5 | 0.955381 | 0.600000 | 0.563333 | 0.543333 | 0.566667 |  -0.766874 |      199 |      169 |       30 |   5.000013 |      6 | 0.952444 | 1.204193
2737 | 820800.0 | 821100.0 | 0.003828 | 0.015212 |   5.000013 |      6 | 0.952444 | 0.600000 | 0.700000 | 0.620000 | 0.696667 |  -2.519864 |      240 |      210 |       29 |   4.999630 |      5 | 0.942798 | 1.448462
2738 | 821100.0 | 821400.0 | 0.003827 | 0.015212 |   4.999630 |      5 | 0.942798 | 0.600000 | 0.603333 | 0.550000 | 0.580000 |  -0.986087 |      203 |      181 |       23 |   4.999617 |      5 | 0.939024 | 1.544028
2739 | 821400.0 | 821700.0 | 0.003826 | 0.015211 |   4.999617 |      5 | 0.939024 | 0.600000 | 0.570000 | 0.550000 | 0.553333 |  -0.109571 |      201 |      171 |       30 |   4.999732 |      5 | 0.938604 | 1.554644
2740 | 821700.0 | 822000.0 | 0.003825 | 0.015210 |   4.999732 |      5 | 0.938604 | 0.600000 | 0.560000 | 0.576667 | 0.553333 |   0.767039 |      201 |      168 |       33 |   4.999885 |      5 | 0.941539 | 1.480344
2741 | 822000.0 | 822300.0 | 0.003824 | 0.015209 |   4.999885 |      5 | 0.941539 | 0.600000 | 0.530000 | 0.573333 | 0.493333 |   2.629989 |      196 |      159 |       37 |   5.000153 |      6 | 0.951597 | 1.225651
2742 | 822300.0 | 822600.0 | 0.003824 | 0.015208 |   5.000153 |      6 | 0.951597 | 0.600000 | 0.706667 | 0.633333 | 0.703333 |  -2.301364 |      241 |      212 |       28 |   4.999745 |      5 | 0.942798 | 1.448464
2743 | 822600.0 | 822900.0 | 0.003823 | 0.015208 |   4.999745 |      5 | 0.942798 | 0.600000 | 0.566667 | 0.573333 | 0.593333 |  -0.657568 |      199 |      170 |       31 |   4.999873 |      5 | 0.940284 | 1.512113
2744 | 822900.0 | 823200.0 | 0.003822 | 0.015207 |   4.999873 |      5 | 0.940284 | 0.600000 | 0.550000 | 0.576667 | 0.553333 |   0.767204 |      199 |      165 |       33 |   5.000064 |      6 | 0.943216 | 1.437871
2745 | 823200.0 | 823500.0 | 0.003821 | 0.015206 |   5.000064 |      6 | 0.943216 | 0.600000 | 0.673333 | 0.700000 | 0.700000 |   0.000000 |      239 |      202 |       36 |   4.999783 |      5 | 0.943216 | 1.437871
2746 | 823500.0 | 823800.0 | 0.003820 | 0.015205 |   4.999783 |      5 | 0.943216 | 0.600000 | 0.566667 | 0.573333 | 0.566667 |   0.219225 |      200 |      170 |       31 |   4.999911 |      5 | 0.944053 | 1.416667
2747 | 823800.0 | 824100.0 | 0.003819 | 0.015204 |   4.999911 |      5 | 0.944053 | 0.600000 | 0.593333 | 0.626667 | 0.546667 |   2.630836 |      204 |      178 |       26 |   4.999936 |      5 | 0.954100 | 1.162267
2748 | 824100.0 | 824400.0 | 0.003818 | 0.015203 |   4.999936 |      5 | 0.954100 | 0.600000 | 0.626667 | 0.526667 | 0.586667 |  -1.973233 |      205 |      188 |       17 |   4.999834 |      5 | 0.946566 | 1.353030
2749 | 824400.0 | 824700.0 | 0.003817 | 0.015203 |   4.999834 |      5 | 0.946566 | 0.600000 | 0.570000 | 0.593333 | 0.556667 |   1.205929 |      200 |      171 |       29 |   4.999949 |      5 | 0.951169 | 1.236475
2750 | 824700.0 | 825000.0 | 0.003816 | 0.015202 |   4.999949 |      5 | 0.951169 | 0.600000 | 0.563333 | 0.523333 | 0.590000 |  -2.192716 |      199 |      169 |       30 |   5.000089 |      6 | 0.942802 | 1.448352
2751 | 825000.0 | 825300.0 | 0.003815 | 0.015201 |   5.000089 |      6 | 0.942802 | 0.600000 | 0.676667 | 0.690000 | 0.620000 |   2.302475 |      240 |      203 |       36 |   4.999796 |      5 | 0.951586 | 1.225924
2752 | 825300.0 | 825600.0 | 0.003814 | 0.015200 |   4.999796 |      5 | 0.951586 | 0.600000 | 0.583333 | 0.576667 | 0.550000 |   0.877180 |      201 |      175 |       27 |   4.999860 |      5 | 0.954932 | 1.141206
2753 | 825600.0 | 825900.0 | 0.003813 | 0.015199 |   4.999860 |      5 | 0.954932 | 0.600000 | 0.563333 | 0.570000 | 0.580000 |  -0.328960 |      199 |      169 |       31 |   5.000000 |      5 | 0.953677 | 1.172969
2754 | 825900.0 | 826200.0 | 0.003812 | 0.015199 |   5.000000 |      5 | 0.953677 | 0.600000 | 0.600000 | 0.580000 | 0.590000 |  -0.328978 |      203 |      180 |       22 |   5.000000 |      5 | 0.952423 | 1.204726
2755 | 826200.0 | 826500.0 | 0.003811 | 0.015198 |   5.000000 |      5 | 0.952423 | 0.600000 | 0.623333 | 0.596667 | 0.596667 |   0.000000 |      205 |      187 |       18 |   4.999911 |      5 | 0.952423 | 1.204726
2756 | 826500.0 | 826800.0 | 0.003810 | 0.015197 |   4.999911 |      5 | 0.952423 | 0.600000 | 0.563333 | 0.560000 | 0.533333 |   0.877368 |      199 |      169 |       30 |   5.000051 |      6 | 0.955766 | 1.120073
2757 | 826800.0 | 827100.0 | 0.003809 | 0.015196 |   5.000051 |      6 | 0.955766 | 0.600000 | 0.696667 | 0.620000 | 0.680000 |  -1.974184 |      241 |      209 |       31 |   4.999682 |      5 | 0.948246 | 1.310506
2758 | 827100.0 | 827400.0 | 0.003809 | 0.015195 |   4.999682 |      5 | 0.948246 | 0.600000 | 0.583333 | 0.613333 | 0.600000 |   0.438731 |      201 |      175 |       27 |   4.999746 |      5 | 0.949917 | 1.268196
2759 | 827400.0 | 827700.0 | 0.003808 | 0.015195 |   4.999746 |      5 | 0.949917 | 0.600000 | 0.593333 | 0.566667 | 0.590000 |  -0.767820 |      201 |      178 |       23 |   4.999771 |      5 | 0.946993 | 1.342225
2760 | 827700.0 | 828000.0 | 0.003807 | 0.015194 |   4.999771 |      5 | 0.946993 | 0.600000 | 0.600000 | 0.560000 | 0.530000 |   0.987250 |      204 |      180 |       24 |   4.999771 |      5 | 0.950751 | 1.247063
2761 | 828000.0 | 828300.0 | 0.003806 | 0.015193 |   4.999771 |      5 | 0.950751 | 0.600000 | 0.563333 | 0.586667 | 0.583333 |   0.109700 |      199 |      169 |       30 |   4.999911 |      5 | 0.951169 | 1.236491
2762 | 828300.0 | 828600.0 | 0.003805 | 0.015192 |   4.999911 |      5 | 0.951169 | 0.600000 | 0.563333 | 0.573333 | 0.550000 |   0.767943 |      200 |      169 |       31 |   5.000050 |      6 | 0.954091 | 1.162505
2763 | 828600.0 | 828900.0 | 0.003804 | 0.015191 |   5.000050 |      6 | 0.954091 | 0.600000 | 0.673333 | 0.670000 | 0.683333 |  -0.438848 |      237 |      202 |       34 |   4.999771 |      5 | 0.952421 | 1.204775
2764 | 828900.0 | 829200.0 | 0.003803 | 0.015190 |   4.999771 |      5 | 0.952421 | 0.600000 | 0.586667 | 0.586667 | 0.600000 |  -0.438871 |      202 |      176 |       27 |   4.999822 |      5 | 0.950752 | 1.247037
2765 | 829200.0 | 829500.0 | 0.003802 | 0.015190 |   4.999822 |      5 | 0.950752 | 0.600000 | 0.556667 | 0.570000 | 0.530000 |   1.316685 |      198 |      167 |       31 |   4.999987 |      5 | 0.955758 | 1.120275
2766 | 829500.0 | 829800.0 | 0.003801 | 0.015189 |   4.999987 |      5 | 0.955758 | 0.600000 | 0.563333 | 0.510000 | 0.560000 |  -1.645943 |      199 |      169 |       30 |   5.000126 |      6 | 0.949502 | 1.278697
2767 | 829800.0 | 830100.0 | 0.003800 | 0.015188 |   5.000126 |      6 | 0.949502 | 0.600000 | 0.720000 | 0.596667 | 0.680000 |  -2.743385 |      245 |      216 |       28 |   4.999670 |      5 | 0.939077 | 1.542683
2768 | 830100.0 | 830400.0 | 0.003799 | 0.015187 |   4.999670 |      5 | 0.939077 | 0.600000 | 0.556667 | 0.593333 | 0.530000 |   2.085084 |      198 |      167 |       32 |   4.999835 |      5 | 0.946998 | 1.342092
2769 | 830400.0 | 830700.0 | 0.003798 | 0.015186 |   4.999835 |      5 | 0.946998 | 0.600000 | 0.586667 | 0.540000 | 0.576667 |  -1.207218 |      203 |      176 |       27 |   4.999885 |      5 | 0.942413 | 1.458201
2770 | 830700.0 | 831000.0 | 0.003797 | 0.015186 |   4.999885 |      5 | 0.942413 | 0.600000 | 0.610000 | 0.586667 | 0.570000 |   0.548765 |      205 |      183 |       22 |   4.999847 |      5 | 0.944497 | 1.405434
2771 | 831000.0 | 831300.0 | 0.003796 | 0.015185 |   4.999847 |      5 | 0.944497 | 0.600000 | 0.553333 | 0.573333 | 0.550000 |   0.768311 |      196 |      166 |       30 |   5.000025 |      6 | 0.947414 | 1.331575
2772 | 831300.0 | 831600.0 | 0.003796 | 0.015184 |   5.000025 |      6 | 0.947414 | 0.600000 | 0.693333 | 0.696667 | 0.696667 |   0.000000 |      243 |      208 |       34 |   4.999670 |      5 | 0.947414 | 1.331575
2773 | 831600.0 | 831900.0 | 0.003795 | 0.015183 |   4.999670 |      5 | 0.947414 | 0.600000 | 0.540000 | 0.573333 | 0.573333 |   0.000000 |      197 |      162 |       37 |   4.999898 |      5 | 0.947414 | 1.331575
2774 | 831900.0 | 832200.0 | 0.003794 | 0.015182 |   4.999898 |      5 | 0.947414 | 0.600000 | 0.620000 | 0.583333 | 0.576667 |   0.219553 |      206 |      186 |       19 |   4.999822 |      5 | 0.948247 | 1.310484
2775 | 832200.0 | 832500.0 | 0.003793 | 0.015182 |   4.999822 |      5 | 0.948247 | 0.600000 | 0.573333 | 0.553333 | 0.566667 |  -0.439128 |      201 |      172 |       29 |   4.999923 |      5 | 0.946581 | 1.352657
2776 | 832500.0 | 832800.0 | 0.003792 | 0.015181 |   4.999923 |      5 | 0.946581 | 0.600000 | 0.596667 | 0.573333 | 0.563333 |   0.329364 |      202 |      179 |       23 |   4.999936 |      5 | 0.947830 | 1.321033
2777 | 832800.0 | 833100.0 | 0.003791 | 0.015180 |   4.999936 |      5 | 0.947830 | 0.600000 | 0.566667 | 0.573333 | 0.576667 |  -0.109794 |      199 |      170 |       29 |   5.000062 |      6 | 0.947414 | 1.331573
2778 | 833100.0 | 833400.0 | 0.003790 | 0.015179 |   5.000062 |      6 | 0.947414 | 0.600000 | 0.690000 | 0.690000 | 0.596667 |   3.074388 |      240 |      207 |       32 |   4.999721 |      5 | 0.959066 | 1.036528
2779 | 833400.0 | 833700.0 | 0.003789 | 0.015178 |   4.999721 |      5 | 0.959066 | 0.600000 | 0.590000 | 0.550000 | 0.533333 |   0.549027 |      201 |      177 |       25 |   4.999759 |      5 | 0.961146 | 0.983851
2780 | 833700.0 | 834000.0 | 0.003788 | 0.015178 |   4.999759 |      5 | 0.961146 | 0.600000 | 0.596667 | 0.493333 | 0.573333 |  -2.635469 |      201 |      179 |       22 |   4.999772 |      5 | 0.951162 | 1.236651
2781 | 834000.0 | 834300.0 | 0.003787 | 0.015177 |   4.999772 |      5 | 0.951162 | 0.600000 | 0.526667 | 0.543333 | 0.586667 |  -1.427621 |      196 |      158 |       38 |   5.000049 |      6 | 0.945756 | 1.373558
2782 | 834300.0 | 834600.0 | 0.003786 | 0.015176 |   5.000049 |      6 | 0.945756 | 0.600000 | 0.676667 | 0.640000 | 0.736667 |  -3.184863 |      240 |      203 |       37 |   4.999759 |      5 | 0.933697 | 1.678908
2783 | 834600.0 | 834900.0 | 0.003785 | 0.015175 |   4.999759 |      5 | 0.933697 | 0.600000 | 0.563333 | 0.540000 | 0.543333 |  -0.109829 |      199 |      169 |       30 |   4.999898 |      5 | 0.933281 | 1.689435
2784 | 834900.0 | 835200.0 | 0.003784 | 0.015174 |   4.999898 |      5 | 0.933281 | 0.600000 | 0.570000 | 0.563333 | 0.550000 |   0.439338 |      201 |      171 |       30 |   5.000011 |      6 | 0.934944 | 1.647334
2785 | 835200.0 | 835500.0 | 0.003784 | 0.015174 |   5.000011 |      6 | 0.934944 | 0.600000 | 0.676667 | 0.663333 | 0.663333 |   0.000000 |      241 |      203 |       37 |   4.999721 |      5 | 0.934944 | 1.647334
2786 | 835500.0 | 835800.0 | 0.003783 | 0.015173 |   4.999721 |      5 | 0.934944 | 0.600000 | 0.603333 | 0.563333 | 0.550000 |   0.439384 |      202 |      181 |       22 |   4.999709 |      5 | 0.936606 | 1.605249
2787 | 835800.0 | 836100.0 | 0.003782 | 0.015172 |   4.999709 |      5 | 0.936606 | 0.600000 | 0.580000 | 0.580000 | 0.530000 |   1.647779 |      202 |      174 |       28 |   4.999784 |      5 | 0.942837 | 1.447459
2788 | 836100.0 | 836400.0 | 0.003781 | 0.015171 |   4.999784 |      5 | 0.942837 | 0.600000 | 0.600000 | 0.536667 | 0.583333 |  -1.538008 |      204 |      180 |       24 |   4.999784 |      5 | 0.937022 | 1.594701
2789 | 836400.0 | 836700.0 | 0.003780 | 0.015170 |   4.999784 |      5 | 0.937022 | 0.600000 | 0.580000 | 0.590000 | 0.596667 |  -0.219727 |      201 |      174 |       27 |   4.999860 |      5 | 0.936192 | 1.615732
2790 | 836700.0 | 837000.0 | 0.003779 | 0.015170 |   4.999860 |      5 | 0.936192 | 0.600000 | 0.580000 | 0.603333 | 0.583333 |   0.659216 |      201 |      174 |       27 |   4.999936 |      5 | 0.938683 | 1.552652
2791 | 837000.0 | 837300.0 | 0.003778 | 0.015169 |   4.999936 |      5 | 0.938683 | 0.600000 | 0.603333 | 0.556667 | 0.553333 |   0.109875 |      204 |      181 |       23 |   4.999923 |      5 | 0.939098 | 1.542141
2792 | 837300.0 | 837600.0 | 0.003777 | 0.015168 |   4.999923 |      5 | 0.939098 | 0.600000 | 0.576667 | 0.596667 | 0.563333 |   1.098809 |      201 |      173 |       28 |   5.000011 |      6 | 0.943248 | 1.437047
2793 | 837600.0 | 837900.0 | 0.003776 | 0.015167 |   5.000011 |      6 | 0.943248 | 0.600000 | 0.700000 | 0.646667 | 0.686667 |  -1.318641 |      243 |      210 |       32 |   4.999633 |      5 | 0.938269 | 1.563135
2794 | 837900.0 | 838200.0 | 0.003775 | 0.015166 |   4.999633 |      5 | 0.938269 | 0.600000 | 0.596667 | 0.610000 | 0.540000 |   2.307743 |      203 |      179 |       25 |   4.999646 |      5 | 0.946981 | 1.342522
2795 | 838200.0 | 838500.0 | 0.003774 | 0.015166 |   4.999646 |      5 | 0.946981 | 0.600000 | 0.606667 | 0.576667 | 0.586667 |  -0.329695 |      203 |      182 |       21 |   4.999621 |      5 | 0.945737 | 1.374032
2796 | 838500.0 | 838800.0 | 0.003773 | 0.015165 |   4.999621 |      5 | 0.945737 | 0.600000 | 0.543333 | 0.576667 | 0.580000 |  -0.109904 |      198 |      163 |       35 |   4.999835 |      5 | 0.945322 | 1.384534
2797 | 838800.0 | 839100.0 | 0.003773 | 0.015164 |   4.999835 |      5 | 0.945322 | 0.600000 | 0.570000 | 0.576667 | 0.603333 |  -0.879279 |      201 |      171 |       30 |   4.999948 |      5 | 0.942005 | 1.468529
2798 | 839100.0 | 839400.0 | 0.003772 | 0.015163 |   4.999948 |      5 | 0.942005 | 0.600000 | 0.570000 | 0.560000 | 0.576667 |  -0.549579 |      201 |      171 |       30 |   5.000061 |      6 | 0.939932 | 1.521017
2799 | 839400.0 | 839700.0 | 0.003771 | 0.015162 |   5.000061 |      6 | 0.939932 | 0.600000 | 0.650000 | 0.646667 | 0.660000 |  -0.439686 |      238 |      195 |       42 |   4.999873 |      5 | 0.938274 | 1.562998
2800 | 839700.0 | 840000.0 | 0.003770 | 0.015162 |   4.999873 |      5 | 0.938274 | 0.600000 | 0.620000 | 0.583333 | 0.566667 |   0.549636 |      205 |      186 |       20 |   4.999797 |      5 | 0.940346 | 1.510531
2801 | 840000.0 | 840300.0 | 0.003769 | 0.015161 |   4.999797 |      5 | 0.940346 | 0.600000 | 0.580000 | 0.556667 | 0.553333 |   0.109933 |      201 |      174 |       27 |   4.999873 |      5 | 0.940761 | 1.500040
2802 | 840300.0 | 840600.0 | 0.003768 | 0.015160 |   4.999873 |      5 | 0.940761 | 0.600000 | 0.570000 | 0.590000 | 0.570000 |   0.659633 |      201 |      171 |       30 |   4.999986 |      5 | 0.943246 | 1.437102
2803 | 840600.0 | 840900.0 | 0.003767 | 0.015159 |   4.999986 |      5 | 0.943246 | 0.600000 | 0.560000 | 0.590000 | 0.556667 |   1.099446 |      199 |      168 |       32 |   5.000136 |      6 | 0.947388 | 1.332227
2804 | 840900.0 | 841200.0 | 0.003766 | 0.015158 |   5.000136 |      6 | 0.947388 | 0.600000 | 0.680000 | 0.673333 | 0.680000 |  -0.219901 |      239 |      204 |       33 |   4.999835 |      5 | 0.946560 | 1.353198
2805 | 841200.0 | 841500.0 | 0.003765 | 0.015158 |   4.999835 |      5 | 0.946560 | 0.600000 | 0.593333 | 0.576667 | 0.533333 |   1.429430 |      202 |      178 |       25 |   4.999860 |      5 | 0.951942 | 1.216911
2806 | 841500.0 | 841800.0 | 0.003764 | 0.015157 |   4.999860 |      5 | 0.951942 | 0.600000 | 0.593333 | 0.566667 | 0.556667 |   0.329886 |      203 |      178 |       25 |   4.999885 |      5 | 0.953184 | 1.185466
2807 | 841800.0 | 842100.0 | 0.003763 | 0.015156 |   4.999885 |      5 | 0.953184 | 0.600000 | 0.570000 | 0.543333 | 0.566667 |  -0.769774 |      200 |      171 |       29 |   4.999998 |      5 | 0.950287 | 1.258824
2808 | 842100.0 | 842400.0 | 0.003763 | 0.015155 |   4.999998 |      5 | 0.950287 | 0.600000 | 0.576667 | 0.586667 | 0.570000 |   0.549868 |      200 |      173 |       27 |   5.000086 |      6 | 0.952356 | 1.206435
2809 | 842400.0 | 842700.0 | 0.003762 | 0.015154 |   5.000086 |      6 | 0.952356 | 0.600000 | 0.723333 | 0.670000 | 0.680000 |  -0.329938 |      244 |      217 |       26 |   4.999622 |      5 | 0.951115 | 1.237862
2810 | 842700.0 | 843000.0 | 0.003761 | 0.015154 |   4.999622 |      5 | 0.951115 | 0.600000 | 0.570000 | 0.580000 | 0.570000 |   0.329955 |      200 |      171 |       30 |   4.999735 |      5 | 0.952355 | 1.206441
2811 | 843000.0 | 843300.0 | 0.003760 | 0.015153 |   4.999735 |      5 | 0.952355 | 0.600000 | 0.586667 | 0.576667 | 0.533333 |   1.429881 |      201 |      176 |       25 |   4.999785 |      5 | 0.957732 | 1.070308
2812 | 843300.0 | 843600.0 | 0.003759 | 0.015152 |   4.999785 |      5 | 0.957732 | 0.600000 | 0.540000 | 0.556667 | 0.573333 |  -0.549983 |      196 |      162 |       34 |   5.000010 |      6 | 0.955664 | 1.122657
2813 | 843600.0 | 843900.0 | 0.003758 | 0.015151 |   5.000010 |      6 | 0.955664 | 0.600000 | 0.723333 | 0.596667 | 0.683333 |  -2.860061 |      242 |      217 |       24 |   4.999547 |      5 | 0.944916 | 1.394821
2814 | 843900.0 | 844200.0 | 0.003757 | 0.015150 |   4.999547 |      5 | 0.944916 | 0.600000 | 0.563333 | 0.570000 | 0.556667 |   0.440032 |      199 |      169 |       31 |   4.999685 |      5 | 0.946569 | 1.352957
2815 | 844200.0 | 844500.0 | 0.003756 | 0.015150 |   4.999685 |      5 | 0.946569 | 0.600000 | 0.556667 | 0.566667 | 0.573333 |  -0.220028 |      198 |      167 |       31 |   4.999847 |      5 | 0.945743 | 1.373885
2816 | 844500.0 | 844800.0 | 0.003755 | 0.015149 |   4.999847 |      5 | 0.945743 | 0.600000 | 0.606667 | 0.573333 | 0.576667 |  -0.110020 |      205 |      182 |       23 |   4.999822 |      5 | 0.945330 | 1.384347
2817 | 844800.0 | 845100.0 | 0.003754 | 0.015148 |   4.999822 |      5 | 0.945330 | 0.600000 | 0.570000 | 0.560000 | 0.523333 |   1.210279 |      201 |      171 |       30 |   4.999935 |      5 | 0.949874 | 1.269287
2818 | 845100.0 | 845400.0 | 0.003754 | 0.015147 |   4.999935 |      5 | 0.949874 | 0.600000 | 0.570000 | 0.610000 | 0.573333 |   1.210343 |      200 |      171 |       29 |   5.000048 |      6 | 0.954417 | 1.154249
2819 | 845400.0 | 845700.0 | 0.003753 | 0.015146 |   5.000048 |      6 | 0.954417 | 0.600000 | 0.673333 | 0.650000 | 0.713333 |  -2.090701 |      239 |      202 |       36 |   4.999772 |      5 | 0.946571 | 1.352914
2820 | 845700.0 | 846000.0 | 0.003752 | 0.015146 |   4.999772 |      5 | 0.946571 | 0.600000 | 0.586667 | 0.536667 | 0.530000 |   0.220085 |      201 |      176 |       26 |   4.999822 |      5 | 0.947397 | 1.332006
2821 | 846000.0 | 846300.0 | 0.003751 | 0.015145 |   4.999822 |      5 | 0.947397 | 0.600000 | 0.590000 | 0.563333 | 0.556667 |   0.220097 |      202 |      177 |       25 |   4.999860 |      5 | 0.948222 | 1.311102
2822 | 846300.0 | 846600.0 | 0.003750 | 0.015144 |   4.999860 |      5 | 0.948222 | 0.600000 | 0.596667 | 0.570000 | 0.563333 |   0.220108 |      203 |      179 |       24 |   4.999872 |      5 | 0.949048 | 1.290202
2823 | 846600.0 | 846900.0 | 0.003749 | 0.015143 |   4.999872 |      5 | 0.949048 | 0.600000 | 0.586667 | 0.513333 | 0.546667 |  -1.100599 |      202 |      176 |       26 |   4.999922 |      5 | 0.944921 | 1.394684
2824 | 846900.0 | 847200.0 | 0.003748 | 0.015142 |   4.999922 |      5 | 0.944921 | 0.600000 | 0.573333 | 0.620000 | 0.560000 |   1.981182 |      199 |      172 |       27 |   5.000022 |      6 | 0.952347 | 1.206651
2825 | 847200.0 | 847500.0 | 0.003747 | 0.015142 |   5.000022 |      6 | 0.952347 | 0.600000 | 0.640000 | 0.606667 | 0.623333 |  -0.550357 |      236 |      192 |       43 |   4.999873 |      5 | 0.950285 | 1.258873
2826 | 847500.0 | 847800.0 | 0.003746 | 0.015141 |   4.999873 |      5 | 0.950285 | 0.600000 | 0.563333 | 0.553333 | 0.563333 |  -0.330231 |      199 |      169 |       31 |   5.000010 |      6 | 0.949048 | 1.290200
2827 | 847800.0 | 848100.0 | 0.003745 | 0.015140 |   5.000010 |      6 | 0.949048 | 0.600000 | 0.710000 | 0.630000 | 0.700000 |  -2.311740 |      243 |      213 |       29 |   4.999598 |      5 | 0.940389 | 1.509448
2828 | 848100.0 | 848400.0 | 0.003745 | 0.015139 |   4.999598 |      5 | 0.940389 | 0.600000 | 0.633333 | 0.590000 | 0.606667 |  -0.550443 |      206 |      190 |       17 |   4.999473 |      5 | 0.938328 | 1.561640
2829 | 848400.0 | 848700.0 | 0.003744 | 0.015139 |   4.999473 |      5 | 0.938328 | 0.600000 | 0.606667 | 0.563333 | 0.590000 |  -0.880755 |      205 |      182 |       23 |   4.999448 |      5 | 0.935031 | 1.645132
2830 | 848700.0 | 849000.0 | 0.003743 | 0.015138 |   4.999448 |      5 | 0.935031 | 0.600000 | 0.573333 | 0.593333 | 0.556667 |   1.211101 |      201 |      172 |       29 |   4.999548 |      5 | 0.939564 | 1.530352
2831 | 849000.0 | 849300.0 | 0.003742 | 0.015137 |   4.999548 |      5 | 0.939564 | 0.600000 | 0.570000 | 0.586667 | 0.560000 |   0.880846 |      201 |      171 |       30 |   4.999660 |      5 | 0.942860 | 1.446891
2832 | 849300.0 | 849600.0 | 0.003741 | 0.015136 |   4.999660 |      5 | 0.942860 | 0.600000 | 0.586667 | 0.586667 | 0.590000 |  -0.110112 |      202 |      176 |       26 |   4.999710 |      5 | 0.942448 | 1.457322
2833 | 849600.0 | 849900.0 | 0.003740 | 0.015135 |   4.999710 |      5 | 0.942448 | 0.600000 | 0.596667 | 0.593333 | 0.553333 |   1.321407 |      203 |      179 |       24 |   4.999723 |      5 | 0.947390 | 1.332178
2834 | 849900.0 | 850200.0 | 0.003739 | 0.015135 |   4.999723 |      5 | 0.947390 | 0.600000 | 0.586667 | 0.606667 | 0.556667 |   1.651845 |      201 |      176 |       25 |   4.999772 |      5 | 0.953566 | 1.175776
2835 | 850200.0 | 850500.0 | 0.003738 | 0.015134 |   4.999772 |      5 | 0.953566 | 0.600000 | 0.570000 | 0.543333 | 0.576667 |  -1.101287 |      200 |      171 |       29 |   4.999885 |      5 | 0.949450 | 1.280024
2836 | 850500.0 | 850800.0 | 0.003737 | 0.015133 |   4.999885 |      5 | 0.949450 | 0.600000 | 0.586667 | 0.580000 | 0.586667 |  -0.220269 |      202 |      176 |       26 |   4.999934 |      5 | 0.948626 | 1.300870
2837 | 850800.0 | 851100.0 | 0.003737 | 0.015132 |   4.999934 |      5 | 0.948626 | 0.600000 | 0.603333 | 0.603333 | 0.573333 |   0.991262 |      203 |      181 |       22 |   4.999922 |      5 | 0.952330 | 1.207082
2838 | 851100.0 | 851400.0 | 0.003736 | 0.015131 |   4.999922 |      5 | 0.952330 | 0.600000 | 0.600000 | 0.560000 | 0.563333 |  -0.110146 |      204 |      180 |       24 |   4.999922 |      5 | 0.951919 | 1.217501
2839 | 851400.0 | 851700.0 | 0.003735 | 0.015131 |   4.999922 |      5 | 0.951919 | 0.600000 | 0.616667 | 0.593333 | 0.563333 |   0.991365 |      204 |      185 |       19 |   4.999860 |      5 | 0.955621 | 1.123747
2840 | 851700.0 | 852000.0 | 0.003734 | 0.015130 |   4.999860 |      5 | 0.955621 | 0.600000 | 0.536667 | 0.530000 | 0.580000 |  -1.652360 |      196 |      161 |       35 |   5.000096 |      6 | 0.949452 | 1.279974
2841 | 852000.0 | 852300.0 | 0.003733 | 0.015129 |   5.000096 |      6 | 0.949452 | 0.600000 | 0.713333 | 0.733333 | 0.640000 |   3.084565 |      243 |      214 |       28 |   4.999673 |      5 | 0.960966 | 0.988405
2842 | 852300.0 | 852600.0 | 0.003732 | 0.015128 |   4.999673 |      5 | 0.960966 | 0.600000 | 0.596667 | 0.520000 | 0.526667 |  -0.220338 |      201 |      179 |       23 |   4.999685 |      5 | 0.960144 | 1.009228
2843 | 852600.0 | 852900.0 | 0.003731 | 0.015128 |   4.999685 |      5 | 0.960144 | 0.600000 | 0.610000 | 0.510000 | 0.556667 |  -1.542443 |      203 |      183 |       20 |   4.999648 |      5 | 0.954389 | 1.154958
2844 | 852900.0 | 853200.0 | 0.003730 | 0.015127 |   4.999648 |      5 | 0.954389 | 0.600000 | 0.610000 | 0.593333 | 0.566667 |   0.881442 |      204 |      183 |       21 |   4.999611 |      5 | 0.957677 | 1.071699
2845 | 853200.0 | 853500.0 | 0.003729 | 0.015126 |   4.999611 |      5 | 0.957677 | 0.600000 | 0.583333 | 0.530000 | 0.553333 |  -0.771301 |      201 |      175 |       26 |   4.999673 |      5 | 0.954800 | 1.144537
2846 | 853500.0 | 853800.0 | 0.003729 | 0.015125 |   4.999673 |      5 | 0.954800 | 0.600000 | 0.543333 | 0.556667 | 0.576667 |  -0.661150 |      196 |      163 |       33 |   4.999884 |      5 | 0.952335 | 1.206958
2847 | 853800.0 | 854100.0 | 0.003728 | 0.015124 |   4.999884 |      5 | 0.952335 | 0.600000 | 0.573333 | 0.520000 | 0.563333 |  -1.432565 |      201 |      172 |       29 |   4.999984 |      5 | 0.946995 | 1.342178
2848 | 854100.0 | 854400.0 | 0.003727 | 0.015124 |   4.999984 |      5 | 0.946995 | 0.600000 | 0.580000 | 0.530000 | 0.553333 |  -0.771421 |      202 |      174 |       28 |   5.000058 |      6 | 0.944120 | 1.414975
2849 | 854400.0 | 854700.0 | 0.003726 | 0.015123 |   5.000058 |      6 | 0.944120 | 0.600000 | 0.690000 | 0.630000 | 0.630000 |   0.000000 |      241 |      207 |       33 |   4.999723 |      5 | 0.944120 | 1.414975
2850 | 854700.0 | 855000.0 | 0.003725 | 0.015122 |   4.999723 |      5 | 0.944120 | 0.600000 | 0.580000 | 0.590000 | 0.600000 |  -0.330643 |      201 |      174 |       28 |   4.999797 |      5 | 0.942888 | 1.446163
2851 | 855000.0 | 855300.0 | 0.003724 | 0.015121 |   4.999797 |      5 | 0.942888 | 0.600000 | 0.573333 | 0.576667 | 0.563333 |   0.440881 |      201 |      172 |       30 |   4.999897 |      5 | 0.944530 | 1.404587
2852 | 855300.0 | 855600.0 | 0.003723 | 0.015120 |   4.999897 |      5 | 0.944530 | 0.600000 | 0.616667 | 0.570000 | 0.553333 |   0.551129 |      205 |      185 |       19 |   4.999835 |      5 | 0.946582 | 1.352628
2853 | 855600.0 | 855900.0 | 0.003722 | 0.015120 |   4.999835 |      5 | 0.946582 | 0.600000 | 0.586667 | 0.576667 | 0.543333 |   1.102315 |      202 |      176 |       26 |   4.999884 |      5 | 0.950685 | 1.248728
2854 | 855900.0 | 856200.0 | 0.003721 | 0.015119 |   4.999884 |      5 | 0.950685 | 0.600000 | 0.566667 | 0.586667 | 0.590000 |  -0.110237 |      199 |      170 |       29 |   5.000008 |      6 | 0.950275 | 1.259116
2855 | 856200.0 | 856500.0 | 0.003721 | 0.015118 |   5.000008 |      6 | 0.950275 | 0.600000 | 0.730000 | 0.686667 | 0.650000 |   1.212672 |      245 |      219 |       25 |   4.999525 |      5 | 0.954787 | 1.144869
2856 | 856500.0 | 856800.0 | 0.003720 | 0.015117 |   4.999525 |      5 | 0.954787 | 0.600000 | 0.580000 | 0.553333 | 0.566667 |  -0.440994 |      199 |      174 |       26 |   4.999599 |      5 | 0.953147 | 1.186406
2857 | 856800.0 | 857100.0 | 0.003719 | 0.015117 |   4.999599 |      5 | 0.953147 | 0.600000 | 0.546667 | 0.563333 | 0.550000 |   0.441017 |      198 |      164 |       34 |   4.999797 |      5 | 0.954787 | 1.144876
2858 | 857100.0 | 857400.0 | 0.003718 | 0.015116 |   4.999797 |      5 | 0.954787 | 0.600000 | 0.596667 | 0.543333 | 0.560000 |  -0.551300 |      203 |      179 |       24 |   4.999810 |      5 | 0.952737 | 1.196778
2859 | 857400.0 | 857700.0 | 0.003717 | 0.015115 |   4.999810 |      5 | 0.952737 | 0.600000 | 0.566667 | 0.566667 | 0.573333 |  -0.220531 |      200 |      170 |       30 |   4.999934 |      5 | 0.951917 | 1.217535
2860 | 857700.0 | 858000.0 | 0.003716 | 0.015114 |   4.999934 |      5 | 0.951917 | 0.600000 | 0.593333 | 0.553333 | 0.613333 |  -1.984884 |      201 |      178 |       23 |   4.999958 |      5 | 0.944541 | 1.404312
2861 | 858000.0 | 858300.0 | 0.003715 | 0.015113 |   4.999958 |      5 | 0.944541 | 0.600000 | 0.610000 | 0.606667 | 0.563333 |   1.433601 |      204 |      183 |       21 |   4.999921 |      5 | 0.949867 | 1.269443
2862 | 858300.0 | 858600.0 | 0.003714 | 0.015113 |   4.999921 |      5 | 0.949867 | 0.600000 | 0.553333 | 0.560000 | 0.566667 |  -0.220565 |      199 |      166 |       33 |   5.000095 |      6 | 0.949048 | 1.290188
2863 | 858600.0 | 858900.0 | 0.003714 | 0.015112 |   5.000095 |      6 | 0.949048 | 0.600000 | 0.636667 | 0.680000 | 0.673333 |   0.220577 |      235 |      191 |       43 |   4.999959 |      5 | 0.949867 | 1.269446
2864 | 858900.0 | 859200.0 | 0.003713 | 0.015111 |   4.999959 |      5 | 0.949867 | 0.600000 | 0.620000 | 0.526667 | 0.620000 |  -3.088234 |      204 |      186 |       19 |   4.999884 |      5 | 0.938402 | 1.559774
2865 | 859200.0 | 859500.0 | 0.003712 | 0.015110 |   4.999884 |      5 | 0.938402 | 0.600000 | 0.573333 | 0.580000 | 0.560000 |   0.661799 |      202 |      172 |       30 |   4.999983 |      5 | 0.940858 | 1.497573
2866 | 859500.0 | 859800.0 | 0.003711 | 0.015110 |   4.999983 |      5 | 0.940858 | 0.600000 | 0.563333 | 0.600000 | 0.570000 |   0.992749 |      199 |      169 |       31 |   5.000119 |      6 | 0.944542 | 1.404287
2867 | 859800.0 | 860100.0 | 0.003710 | 0.015109 |   5.000119 |      6 | 0.944542 | 0.600000 | 0.700000 | 0.713333 | 0.656667 |   1.875289 |      243 |      210 |       31 |   4.999748 |      5 | 0.951500 | 1.228115
2868 | 860100.0 | 860400.0 | 0.003709 | 0.015108 |   4.999748 |      5 | 0.951500 | 0.600000 | 0.603333 | 0.533333 | 0.586667 |  -1.765068 |      202 |      181 |       22 |   4.999736 |      5 | 0.944953 | 1.393894
2869 | 860400.0 | 860700.0 | 0.003708 | 0.015107 |   4.999736 |      5 | 0.944953 | 0.600000 | 0.623333 | 0.543333 | 0.556667 |  -0.441290 |      206 |      187 |       19 |   4.999649 |      5 | 0.943316 | 1.435331
2870 | 860700.0 | 861000.0 | 0.003707 | 0.015106 |   4.999649 |      5 | 0.943316 | 0.600000 | 0.616667 | 0.586667 | 0.546667 |   1.323937 |      205 |      185 |       20 |   4.999588 |      5 | 0.948225 | 1.311042
2871 | 861000.0 | 861300.0 | 0.003707 | 0.015106 |   4.999588 |      5 | 0.948225 | 0.600000 | 0.550000 | 0.566667 | 0.570000 |  -0.110334 |      199 |      165 |       34 |   4.999773 |      5 | 0.947816 | 1.321398
2872 | 861300.0 | 861600.0 | 0.003706 | 0.015105 |   4.999773 |      5 | 0.947816 | 0.600000 | 0.600000 | 0.540000 | 0.543333 |  -0.110339 |      203 |      180 |       23 |   4.999773 |      5 | 0.947407 | 1.331751
2873 | 861600.0 | 861900.0 | 0.003705 | 0.015104 |   4.999773 |      5 | 0.947407 | 0.600000 | 0.556667 | 0.553333 | 0.570000 |  -0.551726 |      199 |      167 |       32 |   4.999933 |      5 | 0.945363 | 1.383510
2874 | 861900.0 | 862200.0 | 0.003704 | 0.015103 |   4.999933 |      5 | 0.945363 | 0.600000 | 0.570000 | 0.503333 | 0.576667 |  -2.427717 |      200 |      171 |       29 |   5.000045 |      6 | 0.936371 | 1.611204
2875 | 862200.0 | 862500.0 | 0.003703 | 0.015103 |   5.000045 |      6 | 0.936371 | 0.600000 | 0.656667 | 0.653333 | 0.660000 |  -0.220713 |      239 |      197 |       41 |   4.999835 |      5 | 0.935553 | 1.631900
2876 | 862500.0 | 862800.0 | 0.003702 | 0.015102 |   4.999835 |      5 | 0.935553 | 0.600000 | 0.586667 | 0.570000 | 0.566667 |   0.110362 |      202 |      176 |       27 |   4.999884 |      5 | 0.935962 | 1.621554
2877 | 862800.0 | 863100.0 | 0.003701 | 0.015101 |   4.999884 |      5 | 0.935962 | 0.600000 | 0.600000 | 0.570000 | 0.540000 |   0.993310 |      203 |      180 |       23 |   4.999884 |      5 | 0.939638 | 1.528458
2878 | 863100.0 | 863400.0 | 0.003700 | 0.015100 |   4.999884 |      5 | 0.939638 | 0.600000 | 0.563333 | 0.566667 | 0.573333 |  -0.220747 |      199 |      169 |       30 |   5.000020 |      6 | 0.938822 | 1.549142
2879 | 863400.0 | 863700.0 | 0.003700 | 0.015099 |   5.000020 |      6 | 0.938822 | 0.600000 | 0.670000 | 0.693333 | 0.680000 |   0.441516 |      241 |      201 |       39 |   4.999761 |      5 | 0.940455 | 1.507781
2880 | 863700.0 | 864000.0 | 0.003699 | 0.015099 |   4.999761 |      5 | 0.940455 | 0.600000 | 0.590000 | 0.526667 | 0.570000 |  -1.435001 |      201 |      177 |       25 |   4.999798 |      5 | 0.935147 | 1.642179
2881 | 864000.0 | 864300.0 | 0.003698 | 0.015098 |   4.999798 |      5 | 0.935147 | 0.600000 | 0.583333 | 0.586667 | 0.573333 |   0.441561 |      203 |      175 |       28 |   4.999859 |      5 | 0.936780 | 1.600834
2882 | 864300.0 | 864600.0 | 0.003697 | 0.015097 |   4.999859 |      5 | 0.936780 | 0.600000 | 0.613333 | 0.580000 | 0.523333 |   1.876732 |      205 |      184 |       21 |   4.999810 |      5 | 0.943718 | 1.425146
2883 | 864600.0 | 864900.0 | 0.003696 | 0.015096 |   4.999810 |      5 | 0.943718 | 0.600000 | 0.570000 | 0.570000 | 0.550000 |   0.662410 |      201 |      171 |       30 |   4.999921 |      5 | 0.946167 | 1.363150
2884 | 864900.0 | 865200.0 | 0.003695 | 0.015096 |   4.999921 |      5 | 0.946167 | 0.600000 | 0.570000 | 0.566667 | 0.576667 |  -0.331222 |      199 |      171 |       28 |   5.000032 |      6 | 0.944943 | 1.394143
2885 | 865200.0 | 865500.0 | 0.003694 | 0.015095 |   5.000032 |      6 | 0.944943 | 0.600000 | 0.650000 | 0.730000 | 0.660000 |   2.318672 |      238 |      195 |       42 |   4.999847 |      5 | 0.953509 | 1.177237
2886 | 865500.0 | 865800.0 | 0.003693 | 0.015094 |   4.999847 |      5 | 0.953509 | 0.600000 | 0.590000 | 0.563333 | 0.606667 |  -1.435442 |      201 |      177 |       25 |   4.999884 |      5 | 0.948207 | 1.311487
2887 | 865800.0 | 866100.0 | 0.003693 | 0.015093 |   4.999884 |      5 | 0.948207 | 0.600000 | 0.573333 | 0.530000 | 0.580000 |  -1.656363 |      201 |      172 |       29 |   4.999983 |      5 | 0.942091 | 1.466363
2888 | 866100.0 | 866400.0 | 0.003692 | 0.015093 |   4.999983 |      5 | 0.942091 | 0.600000 | 0.576667 | 0.566667 | 0.566667 |   0.000000 |      201 |      173 |       28 |   5.000069 |      6 | 0.942091 | 1.466363
2889 | 866400.0 | 866700.0 | 0.003691 | 0.015092 |   5.000069 |      6 | 0.942091 | 0.600000 | 0.686667 | 0.710000 | 0.640000 |   2.319145 |      240 |      206 |       33 |   4.999749 |      5 | 0.950650 | 1.249616
2890 | 866700.0 | 867000.0 | 0.003690 | 0.015091 |   4.999749 |      5 | 0.950650 | 0.600000 | 0.606667 | 0.586667 | 0.606667 |  -0.662647 |      203 |      182 |       22 |   4.999724 |      5 | 0.948205 | 1.311533
2891 | 867000.0 | 867300.0 | 0.003689 | 0.015090 |   4.999724 |      5 | 0.948205 | 0.600000 | 0.613333 | 0.543333 | 0.560000 |  -0.552234 |      205 |      184 |       21 |   4.999675 |      5 | 0.946168 | 1.363120
2892 | 867300.0 | 867600.0 | 0.003688 | 0.015089 |   4.999675 |      5 | 0.946168 | 0.600000 | 0.573333 | 0.590000 | 0.610000 |  -0.662714 |      200 |      172 |       28 |   4.999773 |      5 | 0.943724 | 1.425014
2893 | 867600.0 | 867900.0 | 0.003687 | 0.015089 |   4.999773 |      5 | 0.943724 | 0.600000 | 0.593333 | 0.530000 | 0.560000 |  -0.994122 |      203 |      178 |       25 |   4.999798 |      5 | 0.940058 | 1.517837
2894 | 867900.0 | 868200.0 | 0.003687 | 0.015088 |   4.999798 |      5 | 0.940058 | 0.600000 | 0.556667 | 0.593333 | 0.566667 |   0.883709 |      200 |      167 |       33 |   4.999958 |      5 | 0.943316 | 1.435343
2895 | 868200.0 | 868500.0 | 0.003686 | 0.015087 |   4.999958 |      5 | 0.943316 | 0.600000 | 0.553333 | 0.580000 | 0.603333 |  -0.773285 |      199 |      166 |       33 |   5.000130 |      6 | 0.940466 | 1.507512
2896 | 868500.0 | 868800.0 | 0.003685 | 0.015086 |   5.000130 |      6 | 0.940466 | 0.600000 | 0.690000 | 0.706667 | 0.656667 |   1.657124 |      241 |      207 |       33 |   4.999798 |      5 | 0.946572 | 1.352891
2897 | 868800.0 | 869100.0 | 0.003684 | 0.015086 |   4.999798 |      5 | 0.946572 | 0.600000 | 0.606667 | 0.583333 | 0.563333 |   0.662883 |      204 |      182 |       23 |   4.999774 |      5 | 0.949014 | 1.291054
2898 | 869100.0 | 869400.0 | 0.003683 | 0.015085 |   4.999774 |      5 | 0.949014 | 0.600000 | 0.556667 | 0.586667 | 0.546667 |   1.325834 |      199 |      167 |       32 |   4.999933 |      5 | 0.953897 | 1.167402
2899 | 869400.0 | 869700.0 | 0.003682 | 0.015084 |   4.999933 |      5 | 0.953897 | 0.600000 | 0.600000 | 0.586667 | 0.566667 |   0.662951 |      203 |      180 |       23 |   4.999933 |      5 | 0.956338 | 1.105588
2900 | 869700.0 | 870000.0 | 0.003681 | 0.015083 |   4.999933 |      5 | 0.956338 | 0.600000 | 0.556667 | 0.560000 | 0.593333 |  -1.104974 |      197 |      167 |       30 |   5.000093 |      6 | 0.952270 | 1.208593
2901 | 870000.0 | 870300.0 | 0.003681 | 0.015083 |   5.000093 |      6 | 0.952270 | 0.600000 | 0.690000 | 0.616667 | 0.660000 |  -1.436539 |      240 |      207 |       32 |   4.999761 |      5 | 0.946983 | 1.342476
2902 | 870300.0 | 870600.0 | 0.003680 | 0.015082 |   4.999761 |      5 | 0.946983 | 0.600000 | 0.593333 | 0.563333 | 0.573333 |  -0.331526 |      202 |      178 |       25 |   4.999786 |      5 | 0.945763 | 1.373366
2903 | 870600.0 | 870900.0 | 0.003679 | 0.015081 |   4.999786 |      5 | 0.945763 | 0.600000 | 0.610000 | 0.576667 | 0.533333 |   1.436685 |      204 |      183 |       21 |   4.999749 |      5 | 0.951049 | 1.239533
2904 | 870900.0 | 871200.0 | 0.003678 | 0.015080 |   4.999749 |      5 | 0.951049 | 0.600000 | 0.573333 | 0.533333 | 0.586667 |  -1.768318 |      200 |      172 |       28 |   4.999847 |      5 | 0.944545 | 1.404221
2905 | 871200.0 | 871500.0 | 0.003677 | 0.015079 |   4.999847 |      5 | 0.944545 | 0.600000 | 0.580000 | 0.533333 | 0.553333 |  -0.663153 |      202 |      174 |       28 |   4.999921 |      5 | 0.942106 | 1.465968
2906 | 871500.0 | 871800.0 | 0.003676 | 0.015079 |   4.999921 |      5 | 0.942106 | 0.600000 | 0.623333 | 0.550000 | 0.556667 |  -0.221062 |      206 |      187 |       19 |   4.999835 |      5 | 0.941294 | 1.486547
2907 | 871800.0 | 872100.0 | 0.003675 | 0.015078 |   4.999835 |      5 | 0.941294 | 0.600000 | 0.600000 | 0.566667 | 0.530000 |   1.215904 |      203 |      180 |       23 |   4.999835 |      5 | 0.945763 | 1.373385
2908 | 872100.0 | 872400.0 | 0.003675 | 0.015077 |   4.999835 |      5 | 0.945763 | 0.600000 | 0.580000 | 0.586667 | 0.543333 |   1.437050 |      201 |      174 |       27 |   4.999909 |      5 | 0.951043 | 1.239673
2909 | 872400.0 | 872700.0 | 0.003674 | 0.015076 |   4.999909 |      5 | 0.951043 | 0.600000 | 0.593333 | 0.613333 | 0.513333 |   3.316437 |      202 |      178 |       24 |   4.999933 |      5 | 0.963227 | 0.931163
2910 | 872700.0 | 873000.0 | 0.003673 | 0.015076 |   4.999933 |      5 | 0.963227 | 0.600000 | 0.566667 | 0.470000 | 0.560000 |  -2.984945 |      198 |      170 |       28 |   5.000055 |      6 | 0.952263 | 1.208772
2911 | 873000.0 | 873300.0 | 0.003672 | 0.015075 |   5.000055 |      6 | 0.952263 | 0.600000 | 0.696667 | 0.670000 | 0.630000 |   1.326709 |      240 |      209 |       30 |   4.999700 |      5 | 0.957135 | 1.085412
2912 | 873300.0 | 873600.0 | 0.003671 | 0.015074 |   4.999700 |      5 | 0.957135 | 0.600000 | 0.590000 | 0.526667 | 0.570000 |  -1.437341 |      200 |      177 |       24 |   4.999737 |      5 | 0.951858 | 1.219027
2913 | 873600.0 | 873900.0 | 0.003670 | 0.015073 |   4.999737 |      5 | 0.951858 | 0.600000 | 0.606667 | 0.533333 | 0.580000 |  -1.547984 |      204 |      182 |       22 |   4.999713 |      5 | 0.946177 | 1.362894
2914 | 873900.0 | 874200.0 | 0.003669 | 0.015073 |   4.999713 |      5 | 0.946177 | 0.600000 | 0.623333 | 0.550000 | 0.560000 |  -0.331728 |      206 |      187 |       19 |   4.999627 |      5 | 0.944960 | 1.393717
2915 | 874200.0 | 874500.0 | 0.003669 | 0.015072 |   4.999627 |      5 | 0.944960 | 0.600000 | 0.580000 | 0.560000 | 0.600000 |  -1.326978 |      201 |      174 |       27 |   4.999700 |      5 | 0.940091 | 1.516986
2916 | 874500.0 | 874800.0 | 0.003668 | 0.015071 |   4.999700 |      5 | 0.940091 | 0.600000 | 0.626667 | 0.550000 | 0.550000 |   0.000000 |      206 |      188 |       18 |   4.999603 |      5 | 0.940091 | 1.516986
2917 | 874800.0 | 875100.0 | 0.003667 | 0.015070 |   4.999603 |      5 | 0.940091 | 0.600000 | 0.553333 | 0.556667 | 0.546667 |   0.331778 |      199 |      166 |       33 |   4.999774 |      5 | 0.941308 | 1.486180
2918 | 875100.0 | 875400.0 | 0.003666 | 0.015070 |   4.999774 |      5 | 0.941308 | 0.600000 | 0.603333 | 0.573333 | 0.526667 |   1.548376 |      204 |      181 |       23 |   4.999762 |      5 | 0.946984 | 1.342444
2919 | 875400.0 | 875700.0 | 0.003665 | 0.015069 |   4.999762 |      5 | 0.946984 | 0.600000 | 0.613333 | 0.560000 | 0.603333 |  -1.437850 |      205 |      184 |       21 |   4.999713 |      5 | 0.941714 | 1.475889
2920 | 875700.0 | 876000.0 | 0.003664 | 0.015068 |   4.999713 |      5 | 0.941714 | 0.600000 | 0.590000 | 0.590000 | 0.613333 |  -0.774266 |      202 |      177 |       25 |   4.999749 |      5 | 0.938877 | 1.547731
2921 | 876000.0 | 876300.0 | 0.003663 | 0.015067 |   4.999749 |      5 | 0.938877 | 0.600000 | 0.570000 | 0.583333 | 0.563333 |   0.663690 |      200 |      171 |       30 |   4.999859 |      5 | 0.941309 | 1.486163
2922 | 876300.0 | 876600.0 | 0.003663 | 0.015067 |   4.999859 |      5 | 0.941309 | 0.600000 | 0.590000 | 0.540000 | 0.556667 |  -0.553103 |      203 |      177 |       25 |   4.999896 |      5 | 0.939283 | 1.537461
2923 | 876600.0 | 876900.0 | 0.003662 | 0.015066 |   4.999896 |      5 | 0.939283 | 0.600000 | 0.586667 | 0.530000 | 0.556667 |  -0.885010 |      203 |      176 |       27 |   4.999945 |      5 | 0.936042 | 1.619521
2924 | 876900.0 | 877200.0 | 0.003661 | 0.015065 |   4.999945 |      5 | 0.936042 | 0.600000 | 0.570000 | 0.560000 | 0.543333 |   0.553159 |      200 |      171 |       29 |   5.000055 |      6 | 0.938067 | 1.568243
2925 | 877200.0 | 877500.0 | 0.003660 | 0.015064 |   5.000055 |      6 | 0.938067 | 0.600000 | 0.693333 | 0.636667 | 0.666667 |  -0.995736 |      242 |      208 |       33 |   4.999713 |      5 | 0.934423 | 1.660527
2926 | 877500.0 | 877800.0 | 0.003659 | 0.015063 |   4.999713 |      5 | 0.934423 | 0.600000 | 0.596667 | 0.543333 | 0.553333 |  -0.331929 |      202 |      179 |       24 |   4.999725 |      5 | 0.933208 | 1.691283
2927 | 877800.0 | 878100.0 | 0.003658 | 0.015063 |   4.999725 |      5 | 0.933208 | 0.600000 | 0.620000 | 0.550000 | 0.553333 |  -0.110649 |      205 |      186 |       19 |   4.999652 |      5 | 0.932803 | 1.701533
2928 | 878100.0 | 878400.0 | 0.003658 | 0.015062 |   4.999652 |      5 | 0.932803 | 0.600000 | 0.540000 | 0.590000 | 0.550000 |   1.327849 |      199 |      162 |       37 |   4.999871 |      5 | 0.937660 | 1.578554
2929 | 878400.0 | 878700.0 | 0.003657 | 0.015061 |   4.999871 |      5 | 0.937660 | 0.600000 | 0.626667 | 0.536667 | 0.560000 |  -0.774618 |      206 |      188 |       18 |   4.999774 |      5 | 0.934828 | 1.650279
2930 | 878700.0 | 879000.0 | 0.003656 | 0.015060 |   4.999774 |      5 | 0.934828 | 0.600000 | 0.560000 | 0.593333 | 0.586667 |   0.221330 |      200 |      168 |       32 |   4.999920 |      5 | 0.935637 | 1.629790
2931 | 879000.0 | 879300.0 | 0.003655 | 0.015060 |   4.999920 |      5 | 0.935637 | 0.600000 | 0.586667 | 0.573333 | 0.543333 |   0.996037 |      202 |      176 |       26 |   4.999969 |      5 | 0.939277 | 1.537605
2932 | 879300.0 | 879600.0 | 0.003654 | 0.015059 |   4.999969 |      5 | 0.939277 | 0.600000 | 0.573333 | 0.566667 | 0.573333 |  -0.221353 |      201 |      172 |       29 |   5.000066 |      6 | 0.938468 | 1.558087
2933 | 879600.0 | 879900.0 | 0.003653 | 0.015058 |   5.000066 |      6 | 0.938468 | 0.600000 | 0.666667 | 0.690000 | 0.683333 |   0.221364 |      240 |      200 |       39 |   4.999823 |      5 | 0.939277 | 1.537609
2934 | 879900.0 | 880200.0 | 0.003652 | 0.015057 |   4.999823 |      5 | 0.939277 | 0.600000 | 0.593333 | 0.606667 | 0.533333 |   2.435125 |      202 |      178 |       25 |   4.999847 |      5 | 0.948171 | 1.312391
2935 | 880200.0 | 880500.0 | 0.003652 | 0.015057 |   4.999847 |      5 | 0.948171 | 0.600000 | 0.586667 | 0.573333 | 0.583333 |  -0.332079 |      202 |      176 |       26 |   4.999896 |      5 | 0.946959 | 1.343097
2936 | 880500.0 | 880800.0 | 0.003651 | 0.015056 |   4.999896 |      5 | 0.946959 | 0.600000 | 0.606667 | 0.570000 | 0.550000 |   0.664192 |      204 |      182 |       22 |   4.999871 |      5 | 0.949384 | 1.281696
2937 | 880800.0 | 881100.0 | 0.003650 | 0.015055 |   4.999871 |      5 | 0.949384 | 0.600000 | 0.576667 | 0.563333 | 0.536667 |   0.885633 |      201 |      173 |       28 |   4.999957 |      5 | 0.952616 | 1.199842
2938 | 881100.0 | 881400.0 | 0.003649 | 0.015054 |   4.999957 |      5 | 0.952616 | 0.600000 | 0.606667 | 0.580000 | 0.556667 |   0.774968 |      203 |      182 |       21 |   4.999932 |      5 | 0.955444 | 1.128234
2939 | 881400.0 | 881700.0 | 0.003648 | 0.015054 |   4.999932 |      5 | 0.955444 | 0.600000 | 0.590000 | 0.560000 | 0.576667 |  -0.553576 |      202 |      177 |       25 |   4.999969 |      5 | 0.953424 | 1.179374
2940 | 881700.0 | 882000.0 | 0.003647 | 0.015053 |   4.999969 |      5 | 0.953424 | 0.600000 | 0.550000 | 0.590000 | 0.536667 |   1.771534 |      198 |      165 |       33 |   5.000151 |      6 | 0.959886 | 1.015756
2941 | 882000.0 | 882300.0 | 0.003647 | 0.015052 |   5.000151 |      6 | 0.959886 | 0.600000 | 0.693333 | 0.543333 | 0.686667 |  -4.761235 |      238 |      208 |       29 |   4.999811 |      5 | 0.942524 | 1.455400
2942 | 882300.0 | 882600.0 | 0.003646 | 0.015051 |   4.999811 |      5 | 0.942524 | 0.600000 | 0.593333 | 0.593333 | 0.550000 |   1.439515 |      202 |      178 |       25 |   4.999835 |      5 | 0.947772 | 1.322508
2943 | 882600.0 | 882900.0 | 0.003645 | 0.015051 |   4.999835 |      5 | 0.947772 | 0.600000 | 0.556667 | 0.580000 | 0.563333 |   0.553688 |      199 |      167 |       32 |   4.999993 |      5 | 0.949790 | 1.271405
2944 | 882900.0 | 883200.0 | 0.003644 | 0.015050 |   4.999993 |      5 | 0.949790 | 0.600000 | 0.640000 | 0.570000 | 0.583333 |  -0.442972 |      207 |      192 |       15 |   4.999847 |      5 | 0.948176 | 1.312280
2945 | 883200.0 | 883500.0 | 0.003643 | 0.015049 |   4.999847 |      5 | 0.948176 | 0.600000 | 0.600000 | 0.603333 | 0.576667 |   0.885989 |      203 |      180 |       24 |   4.999847 |      5 | 0.951404 | 1.230545
2946 | 883500.0 | 883800.0 | 0.003642 | 0.015048 |   4.999847 |      5 | 0.951404 | 0.600000 | 0.610000 | 0.600000 | 0.546667 |   1.772066 |      204 |      183 |       20 |   4.999811 |      5 | 0.957858 | 1.067103
2947 | 883800.0 | 884100.0 | 0.003642 | 0.015048 |   4.999811 |      5 | 0.957858 | 0.600000 | 0.556667 | 0.540000 | 0.606667 |  -2.215194 |      197 |      167 |       30 |   4.999969 |      5 | 0.949791 | 1.271368
2948 | 884100.0 | 884400.0 | 0.003641 | 0.015047 |   4.999969 |      5 | 0.949791 | 0.600000 | 0.583333 | 0.586667 | 0.543333 |   1.439948 |      201 |      175 |       26 |   5.000029 |      6 | 0.955034 | 1.138620
2949 | 884400.0 | 884700.0 | 0.003640 | 0.015046 |   5.000029 |      6 | 0.955034 | 0.600000 | 0.633333 | 0.646667 | 0.686667 |  -1.329249 |      233 |      190 |       42 |   4.999908 |      5 | 0.950196 | 1.261135
2950 | 884700.0 | 885000.0 | 0.003639 | 0.015045 |   4.999908 |      5 | 0.950196 | 0.600000 | 0.583333 | 0.593333 | 0.530000 |   2.104750 |      201 |      175 |       27 |   4.999969 |      5 | 0.957855 | 1.067188
2951 | 885000.0 | 885300.0 | 0.003638 | 0.015045 |   4.999969 |      5 | 0.957855 | 0.600000 | 0.606667 | 0.536667 | 0.540000 |  -0.110782 |      204 |      182 |       22 |   4.999944 |      5 | 0.957452 | 1.077394
2952 | 885300.0 | 885600.0 | 0.003637 | 0.015044 |   4.999944 |      5 | 0.957452 | 0.600000 | 0.563333 | 0.583333 | 0.553333 |   0.997087 |      198 |      169 |       29 |   5.000078 |      6 | 0.961079 | 0.985557
2953 | 885600.0 | 885900.0 | 0.003637 | 0.015043 |   5.000078 |      6 | 0.961079 | 0.600000 | 0.693333 | 0.516667 | 0.720000 |  -6.758369 |      239 |      208 |       30 |   4.999738 |      5 | 0.936501 | 1.607895
2954 | 885900.0 | 886200.0 | 0.003636 | 0.015042 |   4.999738 |      5 | 0.936501 | 0.600000 | 0.580000 | 0.560000 | 0.593333 |  -1.107985 |      201 |      174 |       28 |   4.999811 |      5 | 0.932473 | 1.709899
2955 | 886200.0 | 886500.0 | 0.003635 | 0.015042 |   4.999811 |      5 | 0.932473 | 0.600000 | 0.563333 | 0.550000 | 0.570000 |  -0.664824 |      201 |      169 |       32 |   4.999944 |      5 | 0.930056 | 1.771091
2956 | 886500.0 | 886800.0 | 0.003634 | 0.015041 |   4.999944 |      5 | 0.930056 | 0.600000 | 0.556667 | 0.560000 | 0.570000 |  -0.332429 |      199 |      167 |       32 |   5.000102 |      6 | 0.928848 | 1.801681
2957 | 886800.0 | 887100.0 | 0.003633 | 0.015040 |   5.000102 |      6 | 0.928848 | 0.600000 | 0.680000 | 0.703333 | 0.663333 |   1.329781 |      241 |      204 |       36 |   4.999811 |      5 | 0.933680 | 1.679342
2958 | 887100.0 | 887400.0 | 0.003632 | 0.015039 |   4.999811 |      5 | 0.933680 | 0.600000 | 0.546667 | 0.563333 | 0.553333 |   0.332462 |      199 |      164 |       36 |   5.000005 |      6 | 0.934887 | 1.648762
2959 | 887400.0 | 887700.0 | 0.003632 | 0.015039 |   5.000005 |      6 | 0.934887 | 0.600000 | 0.713333 | 0.643333 | 0.640000 |   0.110826 |      243 |      214 |       28 |   4.999593 |      5 | 0.935290 | 1.638571
2960 | 887700.0 | 888000.0 | 0.003631 | 0.015038 |   4.999593 |      5 | 0.935290 | 0.600000 | 0.556667 | 0.563333 | 0.536667 |   0.886653 |      198 |      167 |       32 |   4.999751 |      5 | 0.938509 | 1.557055
2961 | 888000.0 | 888300.0 | 0.003630 | 0.015037 |   4.999751 |      5 | 0.938509 | 0.600000 | 0.553333 | 0.530000 | 0.550000 |  -0.665023 |      200 |      166 |       34 |   4.999920 |      5 | 0.936095 | 1.618181
2962 | 888300.0 | 888600.0 | 0.003629 | 0.015036 |   4.999920 |      5 | 0.936095 | 0.600000 | 0.586667 | 0.573333 | 0.520000 |   1.773483 |      202 |      176 |       26 |   4.999968 |      5 | 0.942531 | 1.455208
2963 | 888600.0 | 888900.0 | 0.003628 | 0.015036 |   4.999968 |      5 | 0.942531 | 0.600000 | 0.543333 | 0.593333 | 0.553333 |   1.330178 |      198 |      163 |       35 |   5.000174 |      6 | 0.947357 | 1.333000
2964 | 888900.0 | 889200.0 | 0.003627 | 0.015035 |   5.000174 |      6 | 0.947357 | 0.600000 | 0.723333 | 0.683333 | 0.673333 |   0.332561 |      245 |      217 |       27 |   4.999727 |      5 | 0.948564 | 1.302453
2965 | 889200.0 | 889500.0 | 0.003627 | 0.015034 |   4.999727 |      5 | 0.948564 | 0.600000 | 0.596667 | 0.543333 | 0.593333 |  -1.662888 |      202 |      179 |       24 |   4.999739 |      5 | 0.942533 | 1.455159
2966 | 889500.0 | 889800.0 | 0.003626 | 0.015033 |   4.999739 |      5 | 0.942533 | 0.600000 | 0.556667 | 0.556667 | 0.526667 |   0.997783 |      199 |      167 |       32 |   4.999896 |      5 | 0.946151 | 1.363552
2967 | 889800.0 | 890100.0 | 0.003625 | 0.015033 |   4.999896 |      5 | 0.946151 | 0.600000 | 0.596667 | 0.586667 | 0.513333 |   2.439146 |      203 |      179 |       24 |   4.999908 |      5 | 0.954993 | 1.139663
2968 | 890100.0 | 890400.0 | 0.003624 | 0.015032 |   4.999908 |      5 | 0.954993 | 0.600000 | 0.566667 | 0.563333 | 0.596667 |  -1.108758 |      199 |      170 |       29 |   5.000029 |      6 | 0.950974 | 1.241413
2969 | 890400.0 | 890700.0 | 0.003623 | 0.015031 |   5.000029 |      6 | 0.950974 | 0.600000 | 0.636667 | 0.663333 | 0.690000 |  -0.887050 |      235 |      191 |       43 |   4.999896 |      5 | 0.947760 | 1.322797
2970 | 890700.0 | 891000.0 | 0.003622 | 0.015030 |   4.999896 |      5 | 0.947760 | 0.600000 | 0.563333 | 0.580000 | 0.553333 |   0.887094 |      199 |      169 |       31 |   5.000029 |      6 | 0.950974 | 1.241427
2971 | 891000.0 | 891300.0 | 0.003622 | 0.015030 |   5.000029 |      6 | 0.950974 | 0.600000 | 0.693333 | 0.670000 | 0.663333 |   0.221785 |      240 |      208 |       32 |   4.999691 |      5 | 0.951777 | 1.221088
2972 | 891300.0 | 891600.0 | 0.003621 | 0.015029 |   4.999691 |      5 | 0.951777 | 0.600000 | 0.560000 | 0.553333 | 0.550000 |   0.110898 |      199 |      168 |       31 |   4.999836 |      5 | 0.952179 | 1.210920
2973 | 891600.0 | 891900.0 | 0.003620 | 0.015028 |   4.999836 |      5 | 0.952179 | 0.600000 | 0.590000 | 0.560000 | 0.570000 |  -0.332710 |      203 |      177 |       26 |   4.999872 |      5 | 0.950974 | 1.241418
2974 | 891900.0 | 892200.0 | 0.003619 | 0.015027 |   4.999872 |      5 | 0.950974 | 0.600000 | 0.540000 | 0.570000 | 0.566667 |   0.110909 |      197 |      162 |       35 |   5.000089 |      6 | 0.951376 | 1.231254
2975 | 892200.0 | 892500.0 | 0.003618 | 0.015027 |   5.000089 |      6 | 0.951376 | 0.600000 | 0.656667 | 0.660000 | 0.656667 |   0.110914 |      235 |      197 |       38 |   4.999884 |      5 | 0.951777 | 1.221092
2976 | 892500.0 | 892800.0 | 0.003618 | 0.015026 |   4.999884 |      5 | 0.951777 | 0.600000 | 0.596667 | 0.553333 | 0.560000 |  -0.221840 |      202 |      179 |       23 |   4.999896 |      5 | 0.950974 | 1.241413
2977 | 892800.0 | 893100.0 | 0.003617 | 0.015025 |   4.999896 |      5 | 0.950974 | 0.600000 | 0.563333 | 0.616667 | 0.530000 |   2.884058 |      200 |      169 |       31 |   5.000029 |      6 | 0.961405 | 0.977289
2978 | 893100.0 | 893400.0 | 0.003616 | 0.015024 |   5.000029 |      6 | 0.961405 | 0.600000 | 0.663333 | 0.506667 | 0.690000 |  -6.101194 |      234 |      199 |       34 |   4.999800 |      5 | 0.939344 | 1.535913
2979 | 893400.0 | 893700.0 | 0.003615 | 0.015024 |   4.999800 |      5 | 0.939344 | 0.600000 | 0.580000 | 0.590000 | 0.526667 |   2.107790 |      202 |      174 |       29 |   4.999872 |      5 | 0.946964 | 1.342968
2980 | 893700.0 | 894000.0 | 0.003614 | 0.015023 |   4.999872 |      5 | 0.946964 | 0.600000 | 0.583333 | 0.536667 | 0.590000 |  -1.775069 |      202 |      175 |       27 |   4.999932 |      5 | 0.940548 | 1.505419
2981 | 894000.0 | 894300.0 | 0.003613 | 0.015022 |   4.999932 |      5 | 0.940548 | 0.600000 | 0.620000 | 0.566667 | 0.576667 |  -0.332842 |      205 |      186 |       19 |   4.999860 |      5 | 0.939346 | 1.535873
2982 | 894300.0 | 894600.0 | 0.003613 | 0.015021 |   4.999860 |      5 | 0.939346 | 0.600000 | 0.586667 | 0.560000 | 0.580000 |  -0.665717 |      203 |      176 |       27 |   4.999908 |      5 | 0.936941 | 1.596771
2983 | 894600.0 | 894900.0 | 0.003612 | 0.015021 |   4.999908 |      5 | 0.936941 | 0.600000 | 0.570000 | 0.556667 | 0.603333 |  -1.553416 |      201 |      171 |       30 |   5.000016 |      6 | 0.931330 | 1.738840
2984 | 894900.0 | 895200.0 | 0.003611 | 0.015020 |   5.000016 |      6 | 0.931330 | 0.600000 | 0.693333 | 0.690000 | 0.690000 |   0.000000 |      241 |      208 |       32 |   4.999679 |      5 | 0.931330 | 1.738840
2985 | 895200.0 | 895500.0 | 0.003610 | 0.015019 |   4.999679 |      5 | 0.931330 | 0.600000 | 0.593333 | 0.600000 | 0.513333 |   2.885200 |      203 |      178 |       26 |   4.999703 |      5 | 0.941746 | 1.475091
2986 | 895500.0 | 895800.0 | 0.003609 | 0.015018 |   4.999703 |      5 | 0.941746 | 0.600000 | 0.563333 | 0.586667 | 0.596667 |  -0.332924 |      200 |      169 |       31 |   4.999836 |      5 | 0.940544 | 1.505518
2987 | 895800.0 | 896100.0 | 0.003608 | 0.015018 |   4.999836 |      5 | 0.940544 | 0.600000 | 0.583333 | 0.576667 | 0.590000 |  -0.443921 |      202 |      175 |       27 |   4.999896 |      5 | 0.938943 | 1.546081
2988 | 896100.0 | 896400.0 | 0.003608 | 0.015017 |   4.999896 |      5 | 0.938943 | 0.600000 | 0.610000 | 0.576667 | 0.580000 |  -0.110986 |      205 |      183 |       22 |   4.999860 |      5 | 0.938542 | 1.556219
2989 | 896400.0 | 896700.0 | 0.003607 | 0.015016 |   4.999860 |      5 | 0.938542 | 0.600000 | 0.596667 | 0.550000 | 0.536667 |   0.443965 |      203 |      179 |       24 |   4.999872 |      5 | 0.940143 | 1.515671
2990 | 896700.0 | 897000.0 | 0.003606 | 0.015015 |   4.999872 |      5 | 0.940143 | 0.600000 | 0.533333 | 0.580000 | 0.550000 |   0.998970 |      197 |      160 |       37 |   5.000112 |      6 | 0.943746 | 1.424455
2991 | 897000.0 | 897300.0 | 0.003605 | 0.015015 |   5.000112 |      6 | 0.943746 | 0.600000 | 0.650000 | 0.660000 | 0.700000 |  -1.332025 |      237 |      195 |       41 |   4.999932 |      5 | 0.938944 | 1.546055
2992 | 897300.0 | 897600.0 | 0.003604 | 0.015014 |   4.999932 |      5 | 0.938944 | 0.600000 | 0.556667 | 0.550000 | 0.540000 |   0.333023 |      198 |      167 |       32 |   5.000088 |      6 | 0.940144 | 1.515661
2993 | 897600.0 | 897900.0 | 0.003604 | 0.015013 |   5.000088 |      6 | 0.940144 | 0.600000 | 0.666667 | 0.710000 | 0.680000 |   0.999117 |      240 |      200 |       39 |   4.999848 |      5 | 0.943744 | 1.424492
2994 | 897900.0 | 898200.0 | 0.003603 | 0.015013 |   4.999848 |      5 | 0.943744 | 0.600000 | 0.586667 | 0.566667 | 0.520000 |   1.554259 |      201 |      176 |       26 |   4.999896 |      5 | 0.949344 | 1.282700
2995 | 898200.0 | 898500.0 | 0.003602 | 0.015012 |   4.999896 |      5 | 0.949344 | 0.600000 | 0.583333 | 0.646667 | 0.573333 |   2.442528 |      201 |      175 |       26 |   4.999956 |      5 | 0.958142 | 1.059923
2996 | 898500.0 | 898800.0 | 0.003601 | 0.015011 |   4.999956 |      5 | 0.958142 | 0.600000 | 0.556667 | 0.543333 | 0.550000 |  -0.222059 |      198 |      167 |       31 |   5.000112 |      6 | 0.957342 | 1.080172
2997 | 898800.0 | 899100.0 | 0.003600 | 0.015010 |   5.000112 |      6 | 0.957342 | 0.600000 | 0.670000 | 0.633333 | 0.673333 |  -1.332419 |      237 |      201 |       35 |   4.999860 |      5 | 0.952545 | 1.201644
2998 | 899100.0 | 899400.0 | 0.003600 | 0.015010 |   4.999860 |      5 | 0.952545 | 0.600000 | 0.566667 | 0.560000 | 0.600000 |  -1.332485 |      200 |      170 |       31 |   4.999980 |      5 | 0.947749 | 1.323094
2999 | 899400.0 | 899700.0 | 0.003599 | 0.015009 |   4.999980 |      5 | 0.947749 | 0.600000 | 0.590000 | 0.590000 | 0.556667 |   1.110459 |      202 |      177 |       25 |   5.000016 |      6 | 0.951745 | 1.221903
3000 | 899700.0 | 900000.0 | 0.003598 | 0.015008 |   5.000016 |      6 | 0.951745 | 0.600000 | 0.723333 | 0.653333 | 0.676667 |  -0.777359 |      243 |      217 |       25 |   4.999572 |      5 | 0.948948 | 1.292724
