QTSP continuous window-size and Werner-parameter update.
Main run: one continuous QTSP simulation, updated at each source T_W boundary.
Update rule: W_next = W + gamma * (target_tp - observed_tp).
Update rule: w_next = w + gamma * ((tp_plus - tp_minus) / (w_plus - w_minus)).
Werner plus/minus probes are independent one-window QTSP runs; the main run is not restarted.
Werner parameter is clamped to [1.0e-6, 0.999999].

Initial update parameters:
  target_tp = 1.2
  iterations = 2000
  sim_time = 600000.0
  window_stats_interval = 300.0
  initial_window_size = 5
  initial_werner_w = 0.8344187991474383
  max_window_size = 100
  min_window_size = 1.0
  werner_bounds = [1.0e-6, 0.999999]
  rng_seed = 42
  parallel_within_iteration = true
  julia_threads = 1
  probe_repeats = 1
  gamma(1) = 0.03953438965034929
  delta(1) = 0.027722633142456987

Default simulation parameters before run overrides:
  flow_uuid = 4001
  werner_w = 0.75
  chi = 30.0
  send_rate = nothing
  distance_km = 25.0
  a_eta = 1.0
  beta_per_km = 0.046
  detector_a_p = 0.9
  detection_prob = nothing
  initial_window_size = 10
  max_window_size = 100
  memory_slots = nothing
  classical_delay = 0.0
  edge_classical_delays = nothing
  quantum_delay = 1.0
  initial_delay = 0.0
  source_ack_timeout = 10.0
  window_stats_interval = 1000.0

Run simulation parameters:
  source_node = 1
  destination_node = 20
  flow_uuid = 4001
  chi = 30.0
  send_rate = nothing
  distance_km = 25.0
  a_eta = 1.0
  beta_per_km = 0.046
  detector_a_p = 0.9
  detection_prob = nothing
  memory_slots = nothing
  classical_delay_fallback = 0.0
  edge_classical_delays = provided (68 edges; min=1.449228e-05, max=0.000561314176, mean=0.000157884802)
  quantum_delay = 1.0
  initial_delay = 0.0
  source_ack_timeout = 10.0

iter |    start |      end |    gamma |    delta |      W_est |  W_run |        w |   target |       tp |  tp_plus | tp_minus |     w_grad |     sent |    acked |  timeout |     W_next | Wrun_n |   w_next |   rate_n
-----------------------------------------------------------------------------------------------------------------------------------------------------------------------------------------------------------------------
   1 | 0.000000 | 300.0000 | 0.039534 | 0.027723 |   5.000000 |      5 | 0.834419 | 1.200000 | 0.786667 | 0.833333 | 0.636667 |   3.547042 |      294 |      236 |       53 |   5.016341 |      6 | 0.974649 | 0.641933
   2 | 300.0000 | 600.0000 | 0.039263 | 0.027642 |   5.016341 |      6 | 0.974649 | 1.200000 | 0.560000 | 0.003333 | 1.003333 | -18.870745 |      193 |      168 |       28 |   5.041469 |      6 | 0.233733 | 19.40319
   3 | 600.0000 | 900.0000 | 0.038995 | 0.027563 |   5.041469 |      6 | 0.233733 | 1.200000 | 0.303333 | 0.310000 | 0.300000 |   0.181402 |      237 |       91 |      142 |   5.076435 |      6 | 0.240807 | 19.22407
   4 | 900.0000 | 1200.000 | 0.038733 | 0.027486 |   5.076435 |      6 | 0.240807 | 1.200000 | 0.303333 | 0.366667 | 0.276667 |   1.637199 |      233 |       91 |      142 |   5.111165 |      6 | 0.304220 | 17.61835
   5 | 1200.000 | 1500.000 | 0.038474 | 0.027410 |   5.111165 |      6 | 0.304220 | 1.200000 | 0.323333 | 0.406667 | 0.370000 |   0.668846 |      239 |       97 |      142 |   5.144894 |      6 | 0.329953 | 16.96674
   6 | 1500.000 | 1800.000 | 0.038220 | 0.027336 |   5.144894 |      6 | 0.329953 | 1.200000 | 0.373333 | 0.403333 | 0.353333 |   0.914531 |      246 |      112 |      134 |   5.176489 |      6 | 0.364906 | 16.08167
   7 | 1800.000 | 2100.000 | 0.037969 | 0.027264 |   5.176489 |      6 | 0.364906 | 1.200000 | 0.353333 | 0.443333 | 0.363333 |   1.467139 |      245 |      106 |      139 |   5.208636 |      6 | 0.420612 | 14.67109
   8 | 2100.000 | 2400.000 | 0.037723 | 0.027193 |   5.208636 |      6 | 0.420612 | 1.200000 | 0.420000 | 0.466667 | 0.423333 |   0.796776 |      255 |      126 |      129 |   5.238060 |      6 | 0.450669 | 13.91001
   9 | 2400.000 | 2700.000 | 0.037480 | 0.027123 |   5.238060 |      6 | 0.450669 | 1.200000 | 0.406667 | 0.500000 | 0.473333 |   0.491583 |      254 |      122 |      132 |   5.267794 |      6 | 0.469093 | 13.44347
  10 | 2700.000 | 3000.000 | 0.037241 | 0.027055 |   5.267794 |      6 | 0.469093 | 1.200000 | 0.436667 | 0.506667 | 0.546667 |  -0.739235 |      258 |      131 |      127 |   5.296222 |      6 | 0.441563 | 14.14058
  11 | 3000.000 | 3300.000 | 0.037006 | 0.026988 |   5.296222 |      6 | 0.441563 | 1.200000 | 0.410000 | 0.523333 | 0.406667 |   2.161455 |      254 |      123 |      131 |   5.325457 |      6 | 0.521550 | 12.11516
  12 | 3300.000 | 3600.000 | 0.036775 | 0.026922 |   5.325457 |      6 | 0.521550 | 1.200000 | 0.576667 | 0.540000 | 0.493333 |   0.866693 |      284 |      173 |      111 |   5.348379 |      6 | 0.553423 | 11.30810
  13 | 3600.000 | 3900.000 | 0.036546 | 0.026858 |   5.348379 |      6 | 0.553423 | 1.200000 | 0.543333 | 0.626667 | 0.456667 |   3.164827 |      278 |      163 |      115 |   5.372378 |      6 | 0.669086 | 8.379319
  14 | 3900.000 | 4200.000 | 0.036322 | 0.026794 |   5.372378 |      6 | 0.669086 | 1.200000 | 0.633333 | 0.766667 | 0.576667 |   3.545525 |      294 |      190 |      104 |   5.392960 |      6 | 0.797865 | 5.118397
  15 | 4200.000 | 4500.000 | 0.036100 | 0.026732 |   5.392960 |      6 | 0.797865 | 1.200000 | 0.760000 | 0.896667 | 0.773333 |   2.306840 |      317 |      228 |       89 |   5.408845 |      6 | 0.881143 | 3.009661
  16 | 4500.000 | 4800.000 | 0.035882 | 0.026671 |   5.408845 |      6 | 0.881143 | 1.200000 | 0.943333 | 0.953333 | 0.890000 |   1.187309 |      349 |      283 |       66 |   5.418054 |      6 | 0.923746 | 1.930872
  17 | 4800.000 | 5100.000 | 0.035667 | 0.026611 |   5.418054 |      6 | 0.923746 | 1.200000 | 0.950000 | 1.010000 | 1.050000 |  -0.751573 |      350 |      285 |       65 |   5.426971 |      6 | 0.896940 | 2.609660
  18 | 5100.000 | 5400.000 | 0.035455 | 0.026552 |   5.426971 |      6 | 0.896940 | 1.200000 | 0.940000 | 0.963333 | 0.933333 |   0.564934 |      346 |      282 |       64 |   5.436190 |      6 | 0.916970 | 2.102467
  19 | 5400.000 | 5700.000 | 0.035247 | 0.026494 |   5.436190 |      6 | 0.916970 | 1.200000 | 0.980000 | 1.070000 | 0.983333 |   1.635609 |      355 |      294 |       61 |   5.443944 |      6 | 0.974619 | 0.642679
  20 | 5700.000 | 6000.000 | 0.035041 | 0.026437 |   5.443944 |      6 | 0.974619 | 1.200000 | 0.576667 | 0.003333 | 1.016667 | -19.556331 |      193 |      173 |       23 |   5.465786 |      6 | 0.289351 | 17.99484
  21 | 6000.000 | 6300.000 | 0.034838 | 0.026380 |   5.465786 |      6 | 0.289351 | 1.200000 | 0.366667 | 0.366667 | 0.303333 |   1.200386 |      247 |      110 |      134 |   5.494817 |      6 | 0.331170 | 16.93592
  22 | 6300.000 | 6600.000 | 0.034638 | 0.026325 |   5.494817 |      6 | 0.331170 | 1.200000 | 0.336667 | 0.403333 | 0.303333 |   1.899328 |      241 |      101 |      140 |   5.524721 |      6 | 0.396958 | 15.27005
  23 | 6600.000 | 6900.000 | 0.034440 | 0.026271 |   5.524721 |      6 | 0.396958 | 1.200000 | 0.393333 | 0.533333 | 0.373333 |   3.045218 |      251 |      118 |      133 |   5.552503 |      6 | 0.501836 | 12.61435
  24 | 6900.000 | 7200.000 | 0.034246 | 0.026217 |   5.552503 |      6 | 0.501836 | 1.200000 | 0.430000 | 0.466667 | 0.550000 |  -1.589291 |      257 |      129 |      128 |   5.578872 |      6 | 0.447410 | 13.99252
  25 | 7200.000 | 7500.000 | 0.034054 | 0.026164 |   5.578872 |      6 | 0.447410 | 1.200000 | 0.506667 | 0.443333 | 0.403333 |   0.764397 |      270 |      152 |      118 |   5.602483 |      6 | 0.473441 | 13.33338
  26 | 7500.000 | 7800.000 | 0.033864 | 0.026112 |   5.602483 |      6 | 0.473441 | 1.200000 | 0.480000 | 0.463333 | 0.490000 |  -0.510612 |      268 |      144 |      124 |   5.626865 |      6 | 0.456149 | 13.77123
  27 | 7800.000 | 8100.000 | 0.033677 | 0.026061 |   5.626865 |      6 | 0.456149 | 1.200000 | 0.506667 | 0.480000 | 0.463333 |   0.319759 |      270 |      152 |      118 |   5.650214 |      6 | 0.466918 | 13.49855
  28 | 8100.000 | 8400.000 | 0.033493 | 0.026011 |   5.650214 |      6 | 0.466918 | 1.200000 | 0.450000 | 0.453333 | 0.466667 |  -0.256303 |      261 |      135 |      126 |   5.675334 |      6 | 0.458334 | 13.71592
  29 | 8400.000 | 8700.000 | 0.033311 | 0.025961 |   5.675334 |      6 | 0.458334 | 1.200000 | 0.476667 | 0.530000 | 0.450000 |   1.540757 |      266 |      143 |      123 |   5.699429 |      6 | 0.509658 | 12.41631
  30 | 8700.000 | 9000.000 | 0.033131 | 0.025912 |   5.699429 |      6 | 0.509658 | 1.200000 | 0.540000 | 0.513333 | 0.533333 |  -0.385917 |      276 |      162 |      114 |   5.721296 |      6 | 0.496872 | 12.74007
  31 | 9000.000 | 9300.000 | 0.032954 | 0.025864 |   5.721296 |      6 | 0.496872 | 1.200000 | 0.543333 | 0.583333 | 0.543333 |   0.773273 |      280 |      163 |      117 |   5.742936 |      6 | 0.522354 | 12.09481
  32 | 9300.000 | 9600.000 | 0.032779 | 0.025817 |   5.742936 |      6 | 0.522354 | 1.200000 | 0.576667 | 0.586667 | 0.493333 |   1.807627 |      283 |      173 |      110 |   5.763368 |      6 | 0.581607 | 10.59443
  33 | 9600.000 | 9900.000 | 0.032606 | 0.025770 |   5.763368 |      6 | 0.581607 | 1.200000 | 0.526667 | 0.556667 | 0.603333 |  -0.905458 |      275 |      158 |      117 |   5.785323 |      6 | 0.552083 | 11.34202
  34 | 9900.000 | 10200.00 | 0.032436 | 0.025723 |   5.785323 |      6 | 0.552083 | 1.200000 | 0.533333 | 0.620000 | 0.536667 |   1.619797 |      276 |      160 |      116 |   5.806947 |      6 | 0.604623 | 10.01163
  35 | 10200.00 | 10500.00 | 0.032268 | 0.025678 |   5.806947 |      6 | 0.604623 | 1.200000 | 0.683333 | 0.636667 | 0.613333 |   0.454349 |      302 |      205 |       97 |   5.823619 |      6 | 0.619283 | 9.640400
  36 | 10500.00 | 10800.00 | 0.032101 | 0.025633 |   5.823619 |      6 | 0.619283 | 1.200000 | 0.676667 | 0.600000 | 0.570000 |   0.585189 |      303 |      203 |      100 |   5.840418 |      6 | 0.638069 | 9.164723
  37 | 10800.00 | 11100.00 | 0.031937 | 0.025588 |   5.840418 |      6 | 0.638069 | 1.200000 | 0.636667 | 0.553333 | 0.650000 |  -1.888881 |      295 |      191 |      104 |   5.858410 |      6 | 0.577743 | 10.69226
  38 | 11100.00 | 11400.00 | 0.031775 | 0.025545 |   5.858410 |      6 | 0.577743 | 1.200000 | 0.573333 | 0.630000 | 0.540000 |   1.761631 |      283 |      172 |      111 |   5.878322 |      6 | 0.633719 | 9.274865
  39 | 11400.00 | 11700.00 | 0.031615 | 0.025501 |   5.878322 |      6 | 0.633719 | 1.200000 | 0.683333 | 0.750000 | 0.583333 |   3.267813 |      302 |      205 |       97 |   5.894656 |      6 | 0.737030 | 6.658851
  40 | 11700.00 | 12000.00 | 0.031456 | 0.025459 |   5.894656 |      6 | 0.737030 | 1.200000 | 0.740000 | 0.823333 | 0.786667 |   0.720125 |      314 |      222 |       92 |   5.909126 |      6 | 0.759683 | 6.085248
  41 | 12000.00 | 12300.00 | 0.031300 | 0.025416 |   5.909126 |      6 | 0.759683 | 1.200000 | 0.793333 | 0.850000 | 0.850000 |   0.000000 |      323 |      238 |       85 |   5.921855 |      6 | 0.759683 | 6.085248
  42 | 12300.00 | 12600.00 | 0.031146 | 0.025375 |   5.921855 |      6 | 0.759683 | 1.200000 | 0.803333 | 0.846667 | 0.763333 |   1.642052 |      325 |      241 |       84 |   5.934209 |      6 | 0.810826 | 4.790222
  43 | 12600.00 | 12900.00 | 0.030993 | 0.025334 |   5.934209 |      6 | 0.810826 | 1.200000 | 0.830000 | 0.936667 | 0.786667 |   2.960491 |      328 |      249 |       79 |   5.945677 |      6 | 0.902580 | 2.466835
  44 | 12900.00 | 13200.00 | 0.030842 | 0.025293 |   5.945677 |      6 | 0.902580 | 1.200000 | 1.033333 | 1.026667 | 0.966667 |   1.186098 |      366 |      310 |       56 |   5.950817 |      6 | 0.939162 | 1.540517
  45 | 13200.00 | 13500.00 | 0.030693 | 0.025253 |   5.950817 |      6 | 0.939162 | 1.200000 | 0.983333 | 0.780000 | 1.013333 |  -4.619929 |      352 |      295 |       58 |   5.957467 |      6 | 0.797362 | 5.131149
  46 | 13500.00 | 13800.00 | 0.030546 | 0.025213 |   5.957467 |      6 | 0.797362 | 1.200000 | 0.806667 | 0.866667 | 0.813333 |   1.057644 |      325 |      242 |       82 |   5.969482 |      6 | 0.829668 | 4.313088
  47 | 13800.00 | 14100.00 | 0.030400 | 0.025174 |   5.969482 |      6 | 0.829668 | 1.200000 | 0.800000 | 0.943333 | 0.873333 |   1.390317 |      325 |      240 |       85 |   5.981642 |      6 | 0.871934 | 3.242839
  48 | 14100.00 | 14400.00 | 0.030256 | 0.025135 |   5.981642 |      6 | 0.871934 | 1.200000 | 0.936667 | 0.970000 | 0.956667 |   0.265230 |      348 |      281 |       67 |   5.989610 |      6 | 0.879959 | 3.039635
  49 | 14400.00 | 14700.00 | 0.030114 | 0.025097 |   5.989610 |      6 | 0.879959 | 1.200000 | 0.993333 | 1.040000 | 0.926667 |   2.257891 |      359 |      298 |       61 |   5.995833 |      6 | 0.947954 | 1.317903
  50 | 14700.00 | 15000.00 | 0.029973 | 0.025059 |   5.995833 |      6 | 0.947954 | 1.200000 | 0.983333 | 0.600000 | 0.973333 |  -7.448979 |      346 |      295 |       51 |   6.002328 |      7 | 0.724682 | 6.971515
  51 | 15000.00 | 15300.00 | 0.029834 | 0.025022 |   6.002328 |      7 | 0.724682 | 1.200000 | 0.823333 | 1.003333 | 0.793333 |   4.196309 |      359 |      247 |      111 |   6.013565 |      7 | 0.849876 | 3.801387
  52 | 15300.00 | 15600.00 | 0.029697 | 0.024985 |   6.013565 |      7 | 0.849876 | 1.200000 | 1.070000 | 1.133333 | 1.110000 |   0.466946 |      402 |      321 |       81 |   6.017426 |      7 | 0.863743 | 3.450256
  53 | 15600.00 | 15900.00 | 0.029561 | 0.024948 |   6.017426 |      7 | 0.863743 | 1.200000 | 1.120000 | 1.090000 | 1.063333 |   0.534434 |      412 |      336 |       76 |   6.019791 |      7 | 0.879542 | 3.050216
  54 | 15900.00 | 16200.00 | 0.029426 | 0.024912 |   6.019791 |      7 | 0.879542 | 1.200000 | 1.076667 | 1.120000 | 1.100000 |   0.401407 |      402 |      323 |       79 |   6.023420 |      7 | 0.891353 | 2.751118
  55 | 16200.00 | 16500.00 | 0.029293 | 0.024877 |   6.023420 |      7 | 0.891353 | 1.200000 | 1.110000 | 1.160000 | 1.176667 |  -0.334986 |      409 |      333 |       76 |   6.026056 |      7 | 0.881541 | 2.999596
  56 | 16500.00 | 16800.00 | 0.029162 | 0.024841 |   6.026056 |      7 | 0.881541 | 1.200000 | 1.063333 | 1.176667 | 1.043333 |   2.683704 |      401 |      319 |       82 |   6.030042 |      7 | 0.959802 | 1.017884
  57 | 16800.00 | 17100.00 | 0.029032 | 0.024806 |   6.030042 |      7 | 0.959802 | 1.200000 | 0.916667 | 0.343333 | 1.150000 | -16.259294 |      304 |      275 |       32 |   6.038267 |      7 | 0.487769 | 12.97055
  58 | 17100.00 | 17400.00 | 0.028903 | 0.024772 |   6.038267 |      7 | 0.487769 | 1.200000 | 0.560000 | 0.623333 | 0.553333 |   1.412901 |      312 |      168 |      141 |   6.056765 |      7 | 0.528606 | 11.93650
  59 | 17400.00 | 17700.00 | 0.028775 | 0.024738 |   6.056765 |      7 | 0.528606 | 1.200000 | 0.653333 | 0.650000 | 0.616667 |   0.673741 |      327 |      196 |      131 |   6.072496 |      7 | 0.547993 | 11.44558
  60 | 17700.00 | 18000.00 | 0.028649 | 0.024704 |   6.072496 |      7 | 0.547993 | 1.200000 | 0.646667 | 0.726667 | 0.656667 |   1.416795 |      326 |      194 |      132 |   6.088348 |      7 | 0.588584 | 10.41776
  61 | 18000.00 | 18300.00 | 0.028525 | 0.024670 |   6.088348 |      7 | 0.588584 | 1.200000 | 0.716667 | 0.776667 | 0.656667 |   2.432090 |      339 |      215 |      124 |   6.102135 |      7 | 0.657959 | 8.661078
  62 | 18300.00 | 18600.00 | 0.028401 | 0.024637 |   6.102135 |      7 | 0.657959 | 1.200000 | 0.843333 | 0.783333 | 0.710000 |   1.488278 |      363 |      253 |      110 |   6.112265 |      7 | 0.700228 | 7.590750
  63 | 18600.00 | 18900.00 | 0.028279 | 0.024604 |   6.112265 |      7 | 0.700228 | 1.200000 | 0.940000 | 0.860000 | 0.806667 |   1.083828 |      380 |      282 |       98 |   6.119618 |      7 | 0.730878 | 6.814641
  64 | 18900.00 | 19200.00 | 0.028158 | 0.024572 |   6.119618 |      7 | 0.730878 | 1.200000 | 0.903333 | 0.913333 | 0.826667 |   1.763550 |      372 |      271 |      101 |   6.127971 |      7 | 0.780537 | 5.557193
  65 | 19200.00 | 19500.00 | 0.028039 | 0.024539 |   6.127971 |      7 | 0.780537 | 1.200000 | 1.030000 | 0.980000 | 0.973333 |   0.135836 |      395 |      309 |       86 |   6.132738 |      7 | 0.784345 | 5.460750
  66 | 19500.00 | 19800.00 | 0.027921 | 0.024508 |   6.132738 |      7 | 0.784345 | 1.200000 | 1.033333 | 0.960000 | 0.956667 |   0.068006 |      396 |      310 |       86 |   6.137391 |      7 | 0.786244 | 5.412670
  67 | 19800.00 | 20100.00 | 0.027803 | 0.024476 |   6.137391 |      7 | 0.786244 | 1.200000 | 0.876667 | 0.980000 | 0.866667 |   2.315184 |      367 |      263 |      104 |   6.146381 |      7 | 0.850614 | 3.782709
  68 | 20100.00 | 20400.00 | 0.027687 | 0.024445 |   6.146381 |      7 | 0.850614 | 1.200000 | 1.076667 | 1.103333 | 1.020000 |   1.704516 |      405 |      323 |       82 |   6.149796 |      7 | 0.897808 | 2.587682
  69 | 20400.00 | 20700.00 | 0.027573 | 0.024414 |   6.149796 |      7 | 0.897808 | 1.200000 | 1.150000 | 1.183333 | 1.150000 |   0.682670 |      415 |      345 |       70 |   6.151175 |      7 | 0.916631 | 2.111050
  70 | 20700.00 | 21000.00 | 0.027459 | 0.024383 |   6.151175 |      7 | 0.916631 | 1.200000 | 1.170000 | 1.196667 | 1.130000 |   1.367055 |      417 |      351 |       66 |   6.151998 |      7 | 0.954169 | 1.160522
  71 | 21000.00 | 21300.00 | 0.027347 | 0.024353 |   6.151998 |      7 | 0.954169 | 1.200000 | 1.020000 | 0.503333 | 1.160000 | -13.482262 |      347 |      306 |       42 |   6.156921 |      7 | 0.585475 | 10.49647
  72 | 21300.00 | 21600.00 | 0.027235 | 0.024323 |   6.156921 |      7 | 0.585475 | 1.200000 | 0.733333 | 0.613333 | 0.660000 |  -0.959314 |      340 |      220 |      119 |   6.169631 |      7 | 0.559348 | 11.15805
  73 | 21600.00 | 21900.00 | 0.027125 | 0.024293 |   6.169631 |      7 | 0.559348 | 1.200000 | 0.633333 | 0.683333 | 0.620000 |   1.303521 |      325 |      190 |      135 |   6.185001 |      7 | 0.594706 | 10.26273
  74 | 21900.00 | 22200.00 | 0.027016 | 0.024264 |   6.185001 |      7 | 0.594706 | 1.200000 | 0.666667 | 0.693333 | 0.663333 |   0.618208 |      329 |      200 |      129 |   6.199410 |      7 | 0.611407 | 9.839831
  75 | 22200.00 | 22500.00 | 0.026908 | 0.024234 |   6.199410 |      7 | 0.611407 | 1.200000 | 0.760000 | 0.760000 | 0.636667 |   2.544585 |      349 |      228 |      121 |   6.211249 |      7 | 0.679876 | 8.106093
  76 | 22500.00 | 22800.00 | 0.026800 | 0.024206 |   6.211249 |      7 | 0.679876 | 1.200000 | 0.766667 | 0.856667 | 0.840000 |   0.344274 |      347 |      230 |      117 |   6.222862 |      7 | 0.689103 | 7.872458
  77 | 22800.00 | 23100.00 | 0.026694 | 0.024177 |   6.222862 |      7 | 0.689103 | 1.200000 | 0.843333 | 0.853333 | 0.876667 |  -0.482556 |      362 |      253 |      109 |   6.232383 |      7 | 0.676221 | 8.198639
  78 | 23100.00 | 23400.00 | 0.026589 | 0.024148 |   6.232383 |      7 | 0.676221 | 1.200000 | 0.850000 | 0.793333 | 0.850000 |  -1.173300 |      363 |      255 |      108 |   6.241690 |      7 | 0.645024 | 8.988605
  79 | 23400.00 | 23700.00 | 0.026485 | 0.024120 |   6.241690 |      7 | 0.645024 | 1.200000 | 0.786667 | 0.763333 | 0.716667 |   0.967376 |      352 |      236 |      116 |   6.252637 |      7 | 0.670645 | 8.339834
  80 | 23700.00 | 24000.00 | 0.026382 | 0.024092 |   6.252637 |      7 | 0.670645 | 1.200000 | 0.850000 | 0.853333 | 0.786667 |   1.383567 |      363 |      255 |      108 |   6.261871 |      7 | 0.707146 | 7.415556
  81 | 24000.00 | 24300.00 | 0.026280 | 0.024065 |   6.261871 |      7 | 0.707146 | 1.200000 | 0.890000 | 0.890000 | 0.763333 |   2.631801 |      370 |      267 |      103 |   6.270017 |      7 | 0.776310 | 5.664213
  82 | 24300.00 | 24600.00 | 0.026179 | 0.024037 |   6.270017 |      7 | 0.776310 | 1.200000 | 0.953333 | 1.016667 | 0.823333 |   4.021544 |      382 |      286 |       96 |   6.276475 |      7 | 0.881589 | 2.998361
  83 | 24600.00 | 24900.00 | 0.026079 | 0.024010 |   6.276475 |      7 | 0.881589 | 1.200000 | 1.103333 | 1.160000 | 1.086667 |   1.527141 |      408 |      331 |       78 |   6.278996 |      7 | 0.921415 | 1.989906
  84 | 24900.00 | 25200.00 | 0.025979 | 0.023983 |   6.278996 |      7 | 0.921415 | 1.200000 | 1.223333 | 1.136667 | 1.140000 |  -0.069494 |      425 |      367 |       57 |   6.278390 |      7 | 0.919610 | 2.035622
  85 | 25200.00 | 25500.00 | 0.025881 | 0.023956 |   6.278390 |      7 | 0.919610 | 1.200000 | 1.230000 | 1.043333 | 1.176667 |  -2.782844 |      428 |      369 |       59 |   6.277613 |      7 | 0.847587 | 3.859357
  86 | 25500.00 | 25800.00 | 0.025783 | 0.023930 |   6.277613 |      7 | 0.847587 | 1.200000 | 1.046667 | 1.100000 | 1.090000 |   0.208944 |      397 |      314 |       83 |   6.281567 |      7 | 0.852974 | 3.722941
  87 | 25800.00 | 26100.00 | 0.025687 | 0.023904 |   6.281567 |      7 | 0.852974 | 1.200000 | 1.150000 | 1.153333 | 1.043333 |   2.300916 |      418 |      345 |       73 |   6.282851 |      7 | 0.912078 | 2.226344
  88 | 26100.00 | 26400.00 | 0.025591 | 0.023877 |   6.282851 |      7 | 0.912078 | 1.200000 | 1.143333 | 1.170000 | 1.160000 |   0.209403 |      413 |      343 |       70 |   6.284301 |      7 | 0.917437 | 2.090649
  89 | 26400.00 | 26700.00 | 0.025496 | 0.023852 |   6.284301 |      7 | 0.917437 | 1.200000 | 1.180000 | 1.066667 | 1.103333 |  -0.768641 |      419 |      354 |       65 |   6.284811 |      7 | 0.897839 | 2.586891
  90 | 26700.00 | 27000.00 | 0.025402 | 0.023826 |   6.284811 |      7 | 0.897839 | 1.200000 | 1.113333 | 1.140000 | 1.063333 |   1.608888 |      409 |      334 |       75 |   6.287013 |      7 | 0.938708 | 1.552007
  91 | 27000.00 | 27300.00 | 0.025309 | 0.023801 |   6.287013 |      7 | 0.938708 | 1.200000 | 1.170000 | 0.830000 | 1.110000 |  -5.882215 |      410 |      351 |       59 |   6.287772 |      7 | 0.789835 | 5.321742
  92 | 27300.00 | 27600.00 | 0.025217 | 0.023775 |   6.287772 |      7 | 0.789835 | 1.200000 | 0.953333 | 1.020000 | 0.953333 |   1.402013 |      382 |      286 |       96 |   6.293992 |      7 | 0.825189 | 4.426512
  93 | 27600.00 | 27900.00 | 0.025125 | 0.023750 |   6.293992 |      7 | 0.825189 | 1.200000 | 0.983333 | 1.040000 | 0.993333 |   0.982443 |      387 |      295 |       92 |   6.299436 |      7 | 0.849873 | 3.801469
  94 | 27900.00 | 28200.00 | 0.025034 | 0.023726 |   6.299436 |      7 | 0.849873 | 1.200000 | 0.993333 | 1.116667 | 0.960000 |   3.301650 |      388 |      298 |       90 |   6.304610 |      7 | 0.932528 | 1.708499
  95 | 28200.00 | 28500.00 | 0.024945 | 0.023701 |   6.304610 |      7 | 0.932528 | 1.200000 | 1.203333 | 0.933333 | 1.163333 |  -4.852137 |      420 |      361 |       59 |   6.304526 |      7 | 0.811494 | 4.773298
  96 | 28500.00 | 28800.00 | 0.024855 | 0.023676 |   6.304526 |      7 | 0.811494 | 1.200000 | 1.026667 | 1.056667 | 0.956667 |   2.111801 |      395 |      308 |       87 |   6.308835 |      7 | 0.863984 | 3.444170
  97 | 28800.00 | 29100.00 | 0.024767 | 0.023652 |   6.308835 |      7 | 0.863984 | 1.200000 | 1.110000 | 1.060000 | 1.030000 |   0.634189 |      410 |      333 |       77 |   6.311064 |      7 | 0.879691 | 3.046442
  98 | 29100.00 | 29400.00 | 0.024679 | 0.023628 |   6.311064 |      7 | 0.879691 | 1.200000 | 1.093333 | 1.186667 | 1.000000 |   3.950081 |      406 |      328 |       78 |   6.313696 |      7 | 0.977176 | 0.577940
  99 | 29400.00 | 29700.00 | 0.024593 | 0.023604 |   6.313696 |      7 | 0.977176 | 1.200000 | 0.500000 | 0.003333 | 1.040000 | -22.328853 |      174 |      150 |       28 |   6.330911 |      7 | 0.428054 | 14.48266
 100 | 29700.00 | 30000.00 | 0.024506 | 0.023581 |   6.330911 |      7 | 0.428054 | 1.200000 | 0.560000 | 0.466667 | 0.530000 |  -1.342907 |      312 |      168 |      140 |   6.346595 |      7 | 0.395144 | 15.31599
 101 | 30000.00 | 30300.00 | 0.024421 | 0.023557 |   6.346595 |      7 | 0.395144 | 1.200000 | 0.463333 | 0.616667 | 0.456667 |   3.395991 |      293 |      139 |      154 |   6.364585 |      7 | 0.478077 | 13.21598
 102 | 30300.00 | 30600.00 | 0.024336 | 0.023534 |   6.364585 |      7 | 0.478077 | 1.200000 | 0.613333 | 0.620000 | 0.473333 |   3.116075 |      321 |      184 |      137 |   6.378862 |      7 | 0.553911 | 11.29574
 103 | 30600.00 | 30900.00 | 0.024252 | 0.023511 |   6.378862 |      7 | 0.553911 | 1.200000 | 0.590000 | 0.643333 | 0.673333 |  -0.638006 |      317 |      177 |      140 |   6.393656 |      7 | 0.538438 | 11.68755
 104 | 30900.00 | 31200.00 | 0.024169 | 0.023488 |   6.393656 |      7 | 0.538438 | 1.200000 | 0.663333 | 0.636667 | 0.640000 |  -0.070959 |      329 |      199 |      130 |   6.406627 |      7 | 0.536723 | 11.73097
 105 | 31200.00 | 31500.00 | 0.024086 | 0.023465 |   6.406627 |      7 | 0.536723 | 1.200000 | 0.716667 | 0.700000 | 0.563333 |   2.912141 |      339 |      215 |      124 |   6.418269 |      7 | 0.606866 | 9.954835
 106 | 31500.00 | 31800.00 | 0.024005 | 0.023442 |   6.418269 |      7 | 0.606866 | 1.200000 | 0.680000 | 0.746667 | 0.650000 |   2.061795 |      330 |      204 |      126 |   6.430751 |      7 | 0.656358 | 8.701602
 107 | 31800.00 | 32100.00 | 0.023923 | 0.023420 |   6.430751 |      7 | 0.656358 | 1.200000 | 0.733333 | 0.733333 | 0.773333 |  -0.853975 |      344 |      220 |      124 |   6.441915 |      7 | 0.635928 | 9.218922
 108 | 32100.00 | 32400.00 | 0.023843 | 0.023398 |   6.441915 |      7 | 0.635928 | 1.200000 | 0.813333 | 0.726667 | 0.653333 |   1.567112 |      356 |      244 |      112 |   6.451134 |      7 | 0.673292 | 8.272796
 109 | 32400.00 | 32700.00 | 0.023763 | 0.023375 |   6.451134 |      7 | 0.673292 | 1.200000 | 0.860000 | 0.883333 | 0.716667 |   3.564990 |      365 |      258 |      107 |   6.459214 |      7 | 0.758007 | 6.127688
 110 | 32700.00 | 33000.00 | 0.023684 | 0.023354 |   6.459214 |      7 | 0.758007 | 1.200000 | 1.013333 | 0.940000 | 0.856667 |   1.784172 |      392 |      304 |       88 |   6.463635 |      7 | 0.800262 | 5.057707
 111 | 33000.00 | 33300.00 | 0.023605 | 0.023332 |   6.463635 |      7 | 0.800262 | 1.200000 | 1.003333 | 1.096667 | 0.993333 |   2.214442 |      392 |      301 |       91 |   6.468277 |      7 | 0.852534 | 3.734097
 112 | 33300.00 | 33600.00 | 0.023527 | 0.023310 |   6.468277 |      7 | 0.852534 | 1.200000 | 1.070000 | 1.096667 | 1.033333 |   1.358500 |      402 |      321 |       81 |   6.471336 |      7 | 0.884495 | 2.924782
 113 | 33600.00 | 33900.00 | 0.023450 | 0.023289 |   6.471336 |      7 | 0.884495 | 1.200000 | 1.080000 | 1.073333 | 1.080000 |  -0.143132 |      404 |      324 |       80 |   6.474150 |      7 | 0.881139 | 3.009771
 114 | 33900.00 | 34200.00 | 0.023373 | 0.023267 |   6.474150 |      7 | 0.881139 | 1.200000 | 1.143333 | 1.180000 | 1.143333 |   0.787949 |      415 |      343 |       72 |   6.475474 |      7 | 0.899555 | 2.543433
 115 | 34200.00 | 34500.00 | 0.023297 | 0.023246 |   6.475474 |      7 | 0.899555 | 1.200000 | 1.163333 | 1.140000 | 1.133333 |   0.143394 |      419 |      349 |       70 |   6.476328 |      7 | 0.902896 | 2.458843
 116 | 34500.00 | 34800.00 | 0.023221 | 0.023225 |   6.476328 |      7 | 0.902896 | 1.200000 | 1.133333 | 1.236667 | 1.176667 |   1.291717 |      411 |      340 |       71 |   6.477876 |      7 | 0.932891 | 1.699316
 117 | 34800.00 | 35100.00 | 0.023146 | 0.023204 |   6.477876 |      7 | 0.932891 | 1.200000 | 1.256667 | 0.980000 | 1.156667 |  -3.806818 |      430 |      377 |       53 |   6.476565 |      7 | 0.844778 | 3.930490
 118 | 35100.00 | 35400.00 | 0.023072 | 0.023183 |   6.476565 |      7 | 0.844778 | 1.200000 | 1.076667 | 1.166667 | 1.023333 |   3.091317 |      404 |      323 |       81 |   6.479410 |      7 | 0.916100 | 2.124492
 119 | 35400.00 | 35700.00 | 0.022998 | 0.023163 |   6.479410 |      7 | 0.916100 | 1.200000 | 1.206667 | 1.250000 | 1.160000 |   1.942788 |      424 |      362 |       62 |   6.479257 |      7 | 0.960780 | 0.993114
 120 | 35700.00 | 36000.00 | 0.022925 | 0.023142 |   6.479257 |      7 | 0.960780 | 1.200000 | 0.876667 | 0.366667 | 1.056667 | -14.907899 |      297 |      263 |       36 |   6.486669 |      7 | 0.619021 | 9.647051
 121 | 36000.00 | 36300.00 | 0.022852 | 0.023122 |   6.486669 |      7 | 0.619021 | 1.200000 | 0.700000 | 0.723333 | 0.580000 |   3.099536 |      338 |      210 |      126 |   6.498095 |      7 | 0.689851 | 7.853494
 122 | 36300.00 | 36600.00 | 0.022780 | 0.023102 |   6.498095 |      7 | 0.689851 | 1.200000 | 0.803333 | 0.776667 | 0.756667 |   0.432872 |      354 |      241 |      113 |   6.507131 |      7 | 0.699712 | 7.603802
 123 | 36600.00 | 36900.00 | 0.022708 | 0.023081 |   6.507131 |      7 | 0.699712 | 1.200000 | 0.803333 | 0.940000 | 0.753333 |   4.043651 |      354 |      241 |      113 |   6.516139 |      7 | 0.791537 | 5.278639
 124 | 36900.00 | 37200.00 | 0.022637 | 0.023062 |   6.516139 |      7 | 0.791537 | 1.200000 | 1.043333 | 1.083333 | 0.880000 |   4.408501 |      397 |      313 |       84 |   6.519685 |      7 | 0.891334 | 2.751608
 125 | 37200.00 | 37500.00 | 0.022567 | 0.023042 |   6.519685 |      7 | 0.891334 | 1.200000 | 1.103333 | 1.150000 | 1.163333 |  -0.289331 |      408 |      331 |       77 |   6.521867 |      7 | 0.884805 | 2.916941
 126 | 37500.00 | 37800.00 | 0.022497 | 0.023022 |   6.521867 |      7 | 0.884805 | 1.200000 | 1.223333 | 1.146667 | 1.160000 |  -0.289578 |      431 |      367 |       64 |   6.521342 |      7 | 0.878290 | 3.081902
 127 | 37800.00 | 38100.00 | 0.022428 | 0.023002 |   6.521342 |      7 | 0.878290 | 1.200000 | 1.083333 | 1.093333 | 1.013333 |   1.738946 |      403 |      325 |       78 |   6.523959 |      7 | 0.917290 | 2.094348
 128 | 38100.00 | 38400.00 | 0.022359 | 0.022983 |   6.523959 |      7 | 0.917290 | 1.200000 | 1.136667 | 1.123333 | 1.100000 |   0.507621 |      411 |      341 |       70 |   6.525375 |      7 | 0.928640 | 1.806953
 129 | 38400.00 | 38700.00 | 0.022290 | 0.022964 |   6.525375 |      7 | 0.928640 | 1.200000 | 1.126667 | 1.030000 | 1.276667 |  -5.370793 |      407 |      338 |       69 |   6.527009 |      7 | 0.808924 | 4.838378
 130 | 38700.00 | 39000.00 | 0.022222 | 0.022945 |   6.527009 |      7 | 0.808924 | 1.200000 | 0.973333 | 1.016667 | 1.036667 |  -0.435834 |      385 |      292 |       93 |   6.532046 |      7 | 0.799239 | 5.083625
 131 | 39000.00 | 39300.00 | 0.022155 | 0.022925 |   6.532046 |      7 | 0.799239 | 1.200000 | 0.930000 | 1.063333 | 1.023333 |   0.872392 |      378 |      279 |       99 |   6.538028 |      7 | 0.818566 | 4.594211
 132 | 39300.00 | 39600.00 | 0.022088 | 0.022907 |   6.538028 |      7 | 0.818566 | 1.200000 | 1.086667 | 0.930000 | 0.983333 |  -1.164151 |      405 |      326 |       79 |   6.540531 |      7 | 0.792852 | 5.245331
 133 | 39600.00 | 39900.00 | 0.022022 | 0.022888 |   6.540531 |      7 | 0.792852 | 1.200000 | 1.040000 | 1.006667 | 0.830000 |   3.859422 |      398 |      312 |       86 |   6.544055 |      7 | 0.877844 | 3.093212
 134 | 39900.00 | 40200.00 | 0.021956 | 0.022869 |   6.544055 |      7 | 0.877844 | 1.200000 | 1.170000 | 1.060000 | 1.113333 |  -1.166061 |      419 |      351 |       68 |   6.544714 |      7 | 0.852242 | 3.741493
 135 | 40200.00 | 40500.00 | 0.021890 | 0.022850 |   6.544714 |      7 | 0.852242 | 1.200000 | 1.073333 | 1.080000 | 1.036667 |   0.948195 |      403 |      322 |       81 |   6.547486 |      7 | 0.872998 | 3.215908
 136 | 40500.00 | 40800.00 | 0.021825 | 0.022832 |   6.547486 |      7 | 0.872998 | 1.200000 | 1.093333 | 1.140000 | 1.186667 |  -1.021960 |      408 |      328 |       80 |   6.549814 |      7 | 0.850693 | 3.780700
 137 | 40800.00 | 41100.00 | 0.021761 | 0.022814 |   6.549814 |      7 | 0.850693 | 1.200000 | 1.110000 | 1.090000 | 1.090000 |   0.000000 |      409 |      333 |       76 |   6.551773 |      7 | 0.850693 | 3.780700
 138 | 41100.00 | 41400.00 | 0.021697 | 0.022795 |   6.551773 |      7 | 0.850693 | 1.200000 | 1.063333 | 1.093333 | 1.053333 |   0.877372 |      401 |      319 |       82 |   6.554738 |      7 | 0.869730 | 3.298671
 139 | 41400.00 | 41700.00 | 0.021633 | 0.022777 |   6.554738 |      7 | 0.869730 | 1.200000 | 1.056667 | 1.216667 | 1.043333 |   3.804971 |      400 |      317 |       83 |   6.557839 |      7 | 0.952043 | 1.214343
 140 | 41700.00 | 42000.00 | 0.021570 | 0.022759 |   6.557839 |      7 | 0.952043 | 1.200000 | 1.046667 | 0.553333 | 1.160000 | -13.327944 |      360 |      314 |       47 |   6.561146 |      7 | 0.664558 | 8.493959
 141 | 42000.00 | 42300.00 | 0.021507 | 0.022741 |   6.561146 |      7 | 0.664558 | 1.200000 | 0.886667 | 0.830000 | 0.726667 |   2.271933 |      369 |      266 |      102 |   6.567885 |      7 | 0.713422 | 7.256655
 142 | 42300.00 | 42600.00 | 0.021445 | 0.022723 |   6.567885 |      7 | 0.713422 | 1.200000 | 0.906667 | 0.803333 | 0.800000 |   0.073346 |      373 |      272 |      101 |   6.574176 |      7 | 0.714995 | 7.216826
 143 | 42600.00 | 42900.00 | 0.021383 | 0.022706 |   6.574176 |      7 | 0.714995 | 1.200000 | 0.850000 | 0.960000 | 0.776667 |   4.037151 |      364 |      255 |      109 |   6.581660 |      7 | 0.801322 | 5.030858
 144 | 42900.00 | 43200.00 | 0.021322 | 0.022688 |   6.581660 |      7 | 0.801322 | 1.200000 | 1.093333 | 1.086667 | 1.030000 |   1.248814 |      407 |      328 |       79 |   6.583934 |      7 | 0.827950 | 4.356612
 145 | 43200.00 | 43500.00 | 0.021261 | 0.022671 |   6.583934 |      7 | 0.827950 | 1.200000 | 1.056667 | 1.090000 | 0.996667 |   2.058458 |      400 |      317 |       83 |   6.586982 |      7 | 0.871714 | 3.248410
 146 | 43500.00 | 43800.00 | 0.021200 | 0.022653 |   6.586982 |      7 | 0.871714 | 1.200000 | 1.030000 | 1.150000 | 1.056667 |   2.060038 |      395 |      309 |       86 |   6.590586 |      7 | 0.915388 | 2.142515
 147 | 43800.00 | 44100.00 | 0.021140 | 0.022636 |   6.590586 |      7 | 0.915388 | 1.200000 | 1.230000 | 1.250000 | 1.036667 |   4.712254 |      427 |      369 |       58 |   6.589952 |      7 | 0.999999 | 0.000025
 148 | 44100.00 | 44400.00 | 0.021081 | 0.022619 |   6.589952 |      7 | 0.999999 | 1.200000 | 0.020000 | 0.003333 | 0.493333 | -21.663362 |        1 |        6 |        2 |   6.614827 |      7 | 0.543321 | 11.56388
 149 | 44400.00 | 44700.00 | 0.021021 | 0.022602 |   6.614827 |      7 | 0.543321 | 1.200000 | 0.696667 | 0.700000 | 0.623333 |   1.696034 |      338 |      209 |      122 |   6.625408 |      7 | 0.578974 | 10.66109
 150 | 44700.00 | 45000.00 | 0.020962 | 0.022585 |   6.625408 |      7 | 0.578974 | 1.200000 | 0.690000 | 0.610000 | 0.663333 |  -1.180737 |      335 |      207 |      128 |   6.636098 |      7 | 0.554223 | 11.28783
 151 | 45000.00 | 45300.00 | 0.020904 | 0.022568 |   6.636098 |      7 | 0.554223 | 1.200000 | 0.693333 | 0.626667 | 0.556667 |   1.550877 |      335 |      208 |      127 |   6.646690 |      7 | 0.586643 | 10.46691
 152 | 45300.00 | 45600.00 | 0.020846 | 0.022551 |   6.646690 |      7 | 0.586643 | 1.200000 | 0.730000 | 0.633333 | 0.666667 |  -0.739063 |      341 |      219 |      122 |   6.656487 |      7 | 0.571236 | 10.85703
 153 | 45600.00 | 45900.00 | 0.020788 | 0.022534 |   6.656487 |      7 | 0.571236 | 1.200000 | 0.703333 | 0.746667 | 0.693333 |   1.183377 |      338 |      211 |      127 |   6.666812 |      7 | 0.595836 | 10.23411
 154 | 45900.00 | 46200.00 | 0.020731 | 0.022518 |   6.666812 |      7 | 0.595836 | 1.200000 | 0.766667 | 0.713333 | 0.663333 |   1.110234 |      347 |      230 |      117 |   6.675795 |      7 | 0.618853 | 9.651309
 155 | 46200.00 | 46500.00 | 0.020674 | 0.022501 |   6.675795 |      7 | 0.618853 | 1.200000 | 0.720000 | 0.750000 | 0.783333 |  -0.740699 |      339 |      216 |      123 |   6.685719 |      7 | 0.603539 | 10.03906
 156 | 46500.00 | 46800.00 | 0.020617 | 0.022485 |   6.685719 |      7 | 0.603539 | 1.200000 | 0.753333 | 0.763333 | 0.746667 |   0.370620 |      347 |      226 |      121 |   6.694928 |      7 | 0.611181 | 9.845576
 157 | 46800.00 | 47100.00 | 0.020561 | 0.022469 |   6.694928 |      7 | 0.611181 | 1.200000 | 0.696667 | 0.753333 | 0.683333 |   1.557735 |      335 |      209 |      126 |   6.705277 |      7 | 0.643209 | 9.034552
 158 | 47100.00 | 47400.00 | 0.020505 | 0.022452 |   6.705277 |      7 | 0.643209 | 1.200000 | 0.686667 | 0.866667 | 0.763333 |   2.301177 |      333 |      206 |      127 |   6.715803 |      7 | 0.690396 | 7.839713
 159 | 47400.00 | 47700.00 | 0.020450 | 0.022436 |   6.715803 |      7 | 0.690396 | 1.200000 | 0.830000 | 0.836667 | 0.793333 |   0.965704 |      359 |      249 |      110 |   6.723370 |      7 | 0.710144 | 7.339647
 160 | 47700.00 | 48000.00 | 0.020395 | 0.022420 |   6.723370 |      7 | 0.710144 | 1.200000 | 0.930000 | 0.886667 | 0.840000 |   1.040734 |      379 |      279 |      100 |   6.728876 |      7 | 0.731370 | 6.802180
 161 | 48000.00 | 48300.00 | 0.020340 | 0.022404 |   6.728876 |      7 | 0.731370 | 1.200000 | 0.893333 | 0.923333 | 0.850000 |   1.636605 |      370 |      268 |      102 |   6.735114 |      7 | 0.764658 | 5.959256
 162 | 48300.00 | 48600.00 | 0.020286 | 0.022388 |   6.735114 |      7 | 0.764658 | 1.200000 | 0.980000 | 0.976667 | 0.863333 |   2.531093 |      387 |      294 |       93 |   6.739577 |      7 | 0.816003 | 4.659115
 163 | 48600.00 | 48900.00 | 0.020232 | 0.022372 |   6.739577 |      7 | 0.816003 | 1.200000 | 1.020000 | 1.113333 | 0.950000 |   3.650327 |      394 |      306 |       88 |   6.743218 |      7 | 0.889855 | 2.789053
 164 | 48900.00 | 49200.00 | 0.020178 | 0.022357 |   6.743218 |      7 | 0.889855 | 1.200000 | 1.146667 | 1.240000 | 1.080000 |   3.578344 |      414 |      344 |       70 |   6.744294 |      7 | 0.962059 | 0.960732
 165 | 49200.00 | 49500.00 | 0.020125 | 0.022341 |   6.744294 |      7 | 0.962059 | 1.200000 | 0.806667 | 0.336667 | 1.156667 | -18.351840 |      286 |      242 |       47 |   6.752210 |      7 | 0.592735 | 10.31265
 166 | 49500.00 | 49800.00 | 0.020072 | 0.022326 |   6.752210 |      7 | 0.592735 | 1.200000 | 0.713333 | 0.790000 | 0.686667 |   2.314241 |      340 |      214 |      123 |   6.761978 |      7 | 0.639186 | 9.136441
 167 | 49800.00 | 50100.00 | 0.020019 | 0.022310 |   6.761978 |      7 | 0.639186 | 1.200000 | 0.746667 | 0.783333 | 0.836667 |  -1.195275 |      344 |      224 |      120 |   6.771054 |      7 | 0.615257 | 9.742344
 168 | 50100.00 | 50400.00 | 0.019967 | 0.022295 |   6.771054 |      7 | 0.615257 | 1.200000 | 0.713333 | 0.813333 | 0.653333 |   3.588298 |      338 |      214 |      124 |   6.780771 |      7 | 0.686904 | 7.928135
 169 | 50400.00 | 50700.00 | 0.019915 | 0.022279 |   6.780771 |      7 | 0.686904 | 1.200000 | 0.800000 | 0.743333 | 0.786667 |  -0.972498 |      354 |      240 |      114 |   6.788737 |      7 | 0.667537 | 8.418541
 170 | 50700.00 | 51000.00 | 0.019863 | 0.022264 |   6.788737 |      7 | 0.667537 | 1.200000 | 0.776667 | 0.850000 | 0.710000 |   3.144064 |      350 |      233 |      117 |   6.797145 |      7 | 0.729987 | 6.837184
 171 | 51000.00 | 51300.00 | 0.019812 | 0.022249 |   6.797145 |      7 | 0.729987 | 1.200000 | 0.953333 | 0.906667 | 0.783333 |   2.771656 |      381 |      286 |       95 |   6.802032 |      7 | 0.784899 | 5.446738
 172 | 51300.00 | 51600.00 | 0.019761 | 0.022234 |   6.802032 |      7 | 0.784899 | 1.200000 | 0.903333 | 1.010000 | 0.953333 |   1.274326 |      374 |      271 |      103 |   6.807894 |      7 | 0.810080 | 4.809098
 173 | 51600.00 | 51900.00 | 0.019710 | 0.022219 |   6.807894 |      7 | 0.810080 | 1.200000 | 1.056667 | 0.996667 | 0.936667 |   1.350197 |      399 |      317 |       82 |   6.810720 |      7 | 0.836692 | 4.135228
 174 | 51900.00 | 52200.00 | 0.019660 | 0.022204 |   6.810720 |      7 | 0.836692 | 1.200000 | 1.003333 | 0.986667 | 1.033333 |  -1.050858 |      391 |      301 |       90 |   6.814586 |      7 | 0.816033 | 4.658360
 175 | 52200.00 | 52500.00 | 0.019610 | 0.022189 |   6.814586 |      7 | 0.816033 | 1.200000 | 1.040000 | 1.110000 | 0.950000 |   3.605349 |      397 |      312 |       85 |   6.817723 |      7 | 0.886732 | 2.868135
 176 | 52500.00 | 52800.00 | 0.019560 | 0.022174 |   6.817723 |      7 | 0.886732 | 1.200000 | 1.140000 | 1.183333 | 1.106667 |   1.728713 |      415 |      342 |       73 |   6.818897 |      7 | 0.920545 | 2.011926
 177 | 52800.00 | 53100.00 | 0.019510 | 0.022160 |   6.818897 |      7 | 0.920545 | 1.200000 | 1.090000 | 1.150000 | 1.113333 |   0.827323 |      400 |      327 |       73 |   6.821043 |      7 | 0.936687 | 1.603200
 178 | 53100.00 | 53400.00 | 0.019461 | 0.022145 |   6.821043 |      7 | 0.936687 | 1.200000 | 1.126667 | 0.850000 | 1.156667 |  -6.923996 |      404 |      338 |       67 |   6.822470 |      7 | 0.801938 | 5.015275
 179 | 53400.00 | 53700.00 | 0.019412 | 0.022131 |   6.822470 |      7 | 0.801938 | 1.200000 | 1.070000 | 0.970000 | 1.033333 |  -1.430895 |      403 |      321 |       81 |   6.824994 |      7 | 0.774161 | 5.718636
 180 | 53700.00 | 54000.00 | 0.019364 | 0.022116 |   6.824994 |      7 | 0.774161 | 1.200000 | 1.046667 | 0.970000 | 0.956667 |   0.301438 |      398 |      314 |       84 |   6.827963 |      7 | 0.779998 | 5.570834
 181 | 54000.00 | 54300.00 | 0.019315 | 0.022102 |   6.827963 |      7 | 0.779998 | 1.200000 | 0.946667 | 1.066667 | 0.990000 |   1.734396 |      381 |      284 |       97 |   6.832856 |      7 | 0.813499 | 4.722538
 182 | 54300.00 | 54600.00 | 0.019268 | 0.022088 |   6.832856 |      7 | 0.813499 | 1.200000 | 1.073333 | 1.030000 | 1.040000 |  -0.226372 |      402 |      322 |       80 |   6.835297 |      7 | 0.809137 | 4.832982
 183 | 54600.00 | 54900.00 | 0.019220 | 0.022073 |   6.835297 |      7 | 0.809137 | 1.200000 | 0.933333 | 1.016667 | 0.963333 |   1.208098 |      380 |      280 |      100 |   6.840422 |      7 | 0.832356 | 4.245026
 184 | 54900.00 | 55200.00 | 0.019172 | 0.022059 |   6.840422 |      7 | 0.832356 | 1.200000 | 1.080000 | 1.083333 | 0.926667 |   3.551068 |      402 |      324 |       78 |   6.842723 |      7 | 0.900439 | 2.521058
 185 | 55200.00 | 55500.00 | 0.019125 | 0.022045 |   6.842723 |      7 | 0.900439 | 1.200000 | 1.163333 | 1.146667 | 1.170000 |  -0.529221 |      419 |      349 |       70 |   6.843424 |      7 | 0.890317 | 2.777352
 186 | 55500.00 | 55800.00 | 0.019078 | 0.022031 |   6.843424 |      7 | 0.890317 | 1.200000 | 1.126667 | 1.123333 | 1.220000 |  -2.193883 |      412 |      338 |       74 |   6.844823 |      7 | 0.848461 | 3.837217
 187 | 55800.00 | 56100.00 | 0.019032 | 0.022017 |   6.844823 |      7 | 0.848461 | 1.200000 | 1.136667 | 1.133333 | 1.006667 |   2.876568 |      413 |      341 |       72 |   6.846029 |      7 | 0.903208 | 2.450938
 188 | 56100.00 | 56400.00 | 0.018986 | 0.022003 |   6.846029 |      7 | 0.903208 | 1.200000 | 1.200000 | 1.246667 | 1.113333 |   3.029879 |      426 |      360 |       66 |   6.846029 |      7 | 0.960732 | 0.994327
 189 | 56400.00 | 56700.00 | 0.018940 | 0.021989 |   6.846029 |      7 | 0.960732 | 1.200000 | 0.866667 | 0.380000 | 1.183333 | -18.266506 |      296 |      260 |       38 |   6.852342 |      7 | 0.614771 | 9.754651
 190 | 56700.00 | 57000.00 | 0.018894 | 0.021975 |   6.852342 |      7 | 0.614771 | 1.200000 | 0.730000 | 0.760000 | 0.830000 |  -1.592684 |      343 |      219 |      122 |   6.861222 |      7 | 0.584679 | 10.51663
 191 | 57000.00 | 57300.00 | 0.018848 | 0.021962 |   6.861222 |      7 | 0.584679 | 1.200000 | 0.743333 | 0.740000 | 0.713333 |   0.607115 |      344 |      223 |      121 |   6.869829 |      7 | 0.596123 | 10.22687
 192 | 57300.00 | 57600.00 | 0.018803 | 0.021948 |   6.869829 |      7 | 0.596123 | 1.200000 | 0.720000 | 0.600000 | 0.690000 |  -2.050288 |      338 |      216 |      122 |   6.878855 |      7 | 0.557571 | 11.20307
 193 | 57600.00 | 57900.00 | 0.018758 | 0.021935 |   6.878855 |      7 | 0.557571 | 1.200000 | 0.613333 | 0.690000 | 0.646667 |   0.987786 |      319 |      184 |      135 |   6.889860 |      7 | 0.576100 | 10.73388
 194 | 57900.00 | 58200.00 | 0.018714 | 0.021921 |   6.889860 |      7 | 0.576100 | 1.200000 | 0.740000 | 0.673333 | 0.570000 |   2.356942 |      345 |      222 |      123 |   6.898468 |      7 | 0.620207 | 9.617024
 195 | 58200.00 | 58500.00 | 0.018669 | 0.021908 |   6.898468 |      7 | 0.620207 | 1.200000 | 0.786667 | 0.783333 | 0.626667 |   3.575621 |      353 |      236 |      117 |   6.906185 |      7 | 0.686960 | 7.926702
 196 | 58500.00 | 58800.00 | 0.018625 | 0.021894 |   6.906185 |      7 | 0.686960 | 1.200000 | 0.866667 | 0.886667 | 0.756667 |   2.968818 |      365 |      260 |      105 |   6.912393 |      7 | 0.742255 | 6.526559
 197 | 58800.00 | 59100.00 | 0.018581 | 0.021881 |   6.912393 |      7 | 0.742255 | 1.200000 | 0.946667 | 0.953333 | 0.846667 |   2.437436 |      381 |      284 |       97 |   6.917100 |      7 | 0.787545 | 5.379734
 198 | 59100.00 | 59400.00 | 0.018537 | 0.021868 |   6.917100 |      7 | 0.787545 | 1.200000 | 1.000000 | 1.036667 | 0.886667 |   3.429723 |      390 |      300 |       90 |   6.920808 |      7 | 0.851123 | 3.769827
 199 | 59400.00 | 59700.00 | 0.018494 | 0.021854 |   6.920808 |      7 | 0.851123 | 1.200000 | 1.093333 | 1.113333 | 1.016667 |   2.211600 |      405 |      328 |       77 |   6.922780 |      7 | 0.892024 | 2.734136
 200 | 59700.00 | 60000.00 | 0.018451 | 0.021841 |   6.922780 |      7 | 0.892024 | 1.200000 | 1.080000 | 1.163333 | 1.063333 |   2.289238 |      405 |      324 |       81 |   6.924994 |      7 | 0.934262 | 1.664591
 201 | 60000.00 | 60300.00 | 0.018408 | 0.021828 |   6.924994 |      7 | 0.934262 | 1.200000 | 1.276667 | 0.956667 | 1.170000 |  -4.886634 |      431 |      383 |       49 |   6.923583 |      7 | 0.844310 | 3.942343
 202 | 60300.00 | 60600.00 | 0.018365 | 0.021815 |   6.923583 |      7 | 0.844310 | 1.200000 | 1.026667 | 1.100000 | 1.000000 |   2.291976 |      394 |      308 |       85 |   6.926766 |      7 | 0.886402 | 2.876487
 203 | 60600.00 | 60900.00 | 0.018323 | 0.021802 |   6.926766 |      7 | 0.886402 | 1.200000 | 1.200000 | 1.146667 | 1.036667 |   2.522672 |      426 |      360 |       66 |   6.926766 |      7 | 0.932625 | 1.706061
 204 | 60900.00 | 61200.00 | 0.018281 | 0.021789 |   6.926766 |      7 | 0.932625 | 1.200000 | 1.123333 | 0.963333 | 1.203333 |  -5.507269 |      405 |      337 |       69 |   6.928168 |      7 | 0.831949 | 4.255343
 205 | 61200.00 | 61500.00 | 0.018239 | 0.021777 |   6.928168 |      7 | 0.831949 | 1.200000 | 1.063333 | 1.153333 | 0.926667 |   5.204376 |      402 |      319 |       82 |   6.930660 |      7 | 0.926869 | 1.851800
 206 | 61500.00 | 61800.00 | 0.018197 | 0.021764 |   6.930660 |      7 | 0.926869 | 1.200000 | 1.123333 | 1.100000 | 1.226667 |  -2.910036 |      406 |      337 |       69 |   6.932056 |      7 | 0.873916 | 3.192669
 207 | 61800.00 | 62100.00 | 0.018155 | 0.021751 |   6.932056 |      7 | 0.873916 | 1.200000 | 1.060000 | 1.063333 | 1.050000 |   0.306499 |      400 |      318 |       82 |   6.934597 |      7 | 0.879480 | 3.051765
 208 | 62100.00 | 62400.00 | 0.018114 | 0.021738 |   6.934597 |      7 | 0.879480 | 1.200000 | 1.093333 | 1.016667 | 1.086667 |  -1.610056 |      407 |      328 |       79 |   6.936529 |      7 | 0.850316 | 3.790262
 209 | 62400.00 | 62700.00 | 0.018073 | 0.021726 |   6.936529 |      7 | 0.850316 | 1.200000 | 1.083333 | 1.166667 | 1.053333 |   2.608270 |      403 |      325 |       78 |   6.938638 |      7 | 0.897455 | 2.596617
 210 | 62700.00 | 63000.00 | 0.018032 | 0.021713 |   6.938638 |      7 | 0.897455 | 1.200000 | 1.086667 | 1.150000 | 1.056667 |   2.149229 |      405 |      326 |       79 |   6.940682 |      7 | 0.936210 | 1.615270
 211 | 63000.00 | 63300.00 | 0.017992 | 0.021701 |   6.940682 |      7 | 0.936210 | 1.200000 | 1.193333 | 0.906667 | 1.223333 |  -7.296229 |      415 |      358 |       57 |   6.940802 |      7 | 0.804940 | 4.939257
 212 | 63300.00 | 63600.00 | 0.017951 | 0.021688 |   6.940802 |      7 | 0.804940 | 1.200000 | 0.970000 | 0.976667 | 0.996667 |  -0.461079 |      384 |      291 |       93 |   6.944930 |      7 | 0.796663 | 5.148842
 213 | 63600.00 | 63900.00 | 0.017911 | 0.021676 |   6.944930 |      7 | 0.796663 | 1.200000 | 0.950000 | 1.103333 | 0.986667 |   2.691164 |      381 |      285 |       96 |   6.949408 |      7 | 0.844864 | 3.928301
 214 | 63900.00 | 64200.00 | 0.017871 | 0.021664 |   6.949408 |      7 | 0.844864 | 1.200000 | 1.116667 | 1.100000 | 1.063333 |   0.846276 |      412 |      335 |       77 |   6.950897 |      7 | 0.859988 | 3.545341
 215 | 64200.00 | 64500.00 | 0.017831 | 0.021651 |   6.950897 |      7 | 0.859988 | 1.200000 | 1.106667 | 1.073333 | 1.143333 |  -1.616534 |      409 |      332 |       77 |   6.952562 |      7 | 0.831163 | 4.275236
 216 | 64500.00 | 64800.00 | 0.017792 | 0.021639 |   6.952562 |      7 | 0.831163 | 1.200000 | 0.996667 | 1.043333 | 1.056667 |  -0.308085 |      391 |      299 |       92 |   6.956179 |      7 | 0.825682 | 4.414034
 217 | 64800.00 | 65100.00 | 0.017752 | 0.021627 |   6.956179 |      7 | 0.825682 | 1.200000 | 1.053333 | 1.020000 | 1.023333 |  -0.077065 |      398 |      316 |       82 |   6.958783 |      7 | 0.824314 | 4.448676
 218 | 65100.00 | 65400.00 | 0.017713 | 0.021615 |   6.958783 |      7 | 0.824314 | 1.200000 | 0.983333 | 1.103333 | 0.883333 |   5.089122 |      386 |      295 |       91 |   6.962621 |      7 | 0.914459 | 2.166038
 219 | 65400.00 | 65700.00 | 0.017674 | 0.021603 |   6.962621 |      7 | 0.914459 | 1.200000 | 1.233333 | 1.230000 | 1.140000 |   2.083077 |      430 |      370 |       60 |   6.962032 |      7 | 0.951277 | 1.233761
 220 | 65700.00 | 66000.00 | 0.017636 | 0.021591 |   6.962032 |      7 | 0.951277 | 1.200000 | 1.040000 | 0.600000 | 1.203333 | -13.972106 |      361 |      312 |       51 |   6.964853 |      7 | 0.704867 | 7.473265
 221 | 66000.00 | 66300.00 | 0.017597 | 0.021579 |   6.964853 |      7 | 0.704867 | 1.200000 | 0.840000 | 0.850000 | 0.780000 |   1.621972 |      362 |      252 |      108 |   6.971188 |      7 | 0.733410 | 6.750524
 222 | 66300.00 | 66600.00 | 0.017559 | 0.021567 |   6.971188 |      7 | 0.733410 | 1.200000 | 0.903333 | 0.913333 | 0.830000 |   1.931987 |      373 |      271 |      102 |   6.976398 |      7 | 0.767334 | 5.891514
 223 | 66600.00 | 66900.00 | 0.017521 | 0.021555 |   6.976398 |      7 | 0.767334 | 1.200000 | 0.990000 | 0.940000 | 0.926667 |   0.309288 |      387 |      297 |       90 |   6.980077 |      7 | 0.772753 | 5.754295
 224 | 66900.00 | 67200.00 | 0.017483 | 0.021543 |   6.980077 |      7 | 0.772753 | 1.200000 | 0.930000 | 0.986667 | 0.880000 |   2.475662 |      378 |      279 |       99 |   6.984797 |      7 | 0.816035 | 4.658314
 225 | 67200.00 | 67500.00 | 0.017445 | 0.021531 |   6.984797 |      7 | 0.816035 | 1.200000 | 1.036667 | 1.050000 | 0.966667 |   1.935168 |      397 |      311 |       86 |   6.987647 |      7 | 0.849795 | 3.803457
 226 | 67500.00 | 67800.00 | 0.017408 | 0.021520 |   6.987647 |      7 | 0.849795 | 1.200000 | 1.036667 | 1.136667 | 1.080000 |   1.316631 |      397 |      311 |       86 |   6.990490 |      7 | 0.872715 | 3.223087
 227 | 67800.00 | 68100.00 | 0.017371 | 0.021508 |   6.990490 |      7 | 0.872715 | 1.200000 | 1.113333 | 1.106667 | 1.053333 |   1.239854 |      409 |      334 |       75 |   6.991996 |      7 | 0.894252 | 2.677730
 228 | 68100.00 | 68400.00 | 0.017334 | 0.021496 |   6.991996 |      7 | 0.894252 | 1.200000 | 1.156667 | 1.193333 | 1.123333 |   1.628189 |      417 |      347 |       70 |   6.992747 |      7 | 0.922474 | 1.963092
 229 | 68400.00 | 68700.00 | 0.017297 | 0.021485 |   6.992747 |      7 | 0.922474 | 1.200000 | 1.136667 | 1.063333 | 1.193333 |  -3.025408 |      411 |      341 |       70 |   6.993842 |      7 | 0.870144 | 3.288166
 230 | 68700.00 | 69000.00 | 0.017260 | 0.021473 |   6.993842 |      7 | 0.870144 | 1.200000 | 1.090000 | 1.120000 | 1.066667 |   1.241859 |      405 |      327 |       78 |   6.995741 |      7 | 0.891579 | 2.745408
 231 | 69000.00 | 69300.00 | 0.017223 | 0.021462 |   6.995741 |      7 | 0.891579 | 1.200000 | 1.026667 | 1.146667 | 1.143333 |   0.077658 |      394 |      308 |       86 |   6.998726 |      7 | 0.892916 | 2.711539
 232 | 69300.00 | 69600.00 | 0.017187 | 0.021450 |   6.998726 |      7 | 0.892916 | 1.200000 | 1.216667 | 1.133333 | 1.053333 |   1.864779 |      428 |      365 |       63 |   6.998440 |      7 | 0.924967 | 1.899973
 233 | 69600.00 | 69900.00 | 0.017151 | 0.021439 |   6.998440 |      7 | 0.924967 | 1.200000 | 1.206667 | 1.083333 | 1.190000 |  -2.487692 |      422 |      362 |       60 |   6.998325 |      7 | 0.882300 | 2.980359
 234 | 69900.00 | 70200.00 | 0.017115 | 0.021428 |   6.998325 |      7 | 0.882300 | 1.200000 | 1.176667 | 1.120000 | 1.090000 |   0.700034 |      421 |      353 |       68 |   6.998725 |      7 | 0.894281 | 2.676977
 235 | 70200.00 | 70500.00 | 0.017079 | 0.021416 |   6.998725 |      7 | 0.894281 | 1.200000 | 1.173333 | 1.120000 | 1.140000 |  -0.466935 |      420 |      352 |       68 |   6.999180 |      7 | 0.886306 | 2.878916
 236 | 70500.00 | 70800.00 | 0.017044 | 0.021405 |   6.999180 |      7 | 0.886306 | 1.200000 | 1.136667 | 1.123333 | 1.110000 |   0.311454 |      413 |      341 |       72 |   7.000260 |      8 | 0.891615 | 2.744500
 237 | 70800.00 | 71100.00 | 0.017008 | 0.021394 |   7.000260 |      8 | 0.891615 | 1.200000 | 1.283333 | 1.243333 | 1.250000 |  -0.155808 |      470 |      385 |       84 |   6.998842 |      7 | 0.888965 | 2.811603
 238 | 71100.00 | 71400.00 | 0.016973 | 0.021383 |   6.998842 |      7 | 0.888965 | 1.200000 | 1.203333 | 1.153333 | 1.106667 |   1.091228 |      424 |      361 |       64 |   6.998786 |      7 | 0.907486 | 2.342609
 239 | 71400.00 | 71700.00 | 0.016938 | 0.021372 |   6.998786 |      7 | 0.907486 | 1.200000 | 1.150000 | 1.090000 | 1.156667 |  -1.559708 |      416 |      345 |       71 |   6.999633 |      7 | 0.881068 | 3.011564
 240 | 71700.00 | 72000.00 | 0.016903 | 0.021360 |   6.999633 |      7 | 0.881068 | 1.200000 | 1.070000 | 1.166667 | 1.123333 |   1.014336 |      402 |      321 |       81 |   7.001830 |      8 | 0.898213 | 2.577414
 241 | 72000.00 | 72300.00 | 0.016868 | 0.021349 |   7.001830 |      8 | 0.898213 | 1.200000 | 1.330000 | 1.336667 | 1.263333 |   1.717455 |      477 |      399 |       77 |   6.999637 |      7 | 0.927184 | 1.843829
 242 | 72300.00 | 72600.00 | 0.016834 | 0.021338 |   6.999637 |      7 | 0.927184 | 1.200000 | 1.223333 | 1.083333 | 1.136667 |  -1.249701 |      424 |      367 |       58 |   6.999244 |      7 | 0.906147 | 2.376527
 243 | 72600.00 | 72900.00 | 0.016799 | 0.021327 |   6.999244 |      7 | 0.906147 | 1.200000 | 1.136667 | 1.120000 | 1.146667 |  -0.625171 |      413 |      341 |       72 |   7.000308 |      8 | 0.895644 | 2.642469
 244 | 72900.00 | 73200.00 | 0.016765 | 0.021317 |   7.000308 |      8 | 0.895644 | 1.200000 | 1.283333 | 1.403333 | 1.276667 |   2.971081 |      467 |      385 |       81 |   6.998911 |      7 | 0.945455 | 1.381174
 245 | 73200.00 | 73500.00 | 0.016731 | 0.021306 |   6.998911 |      7 | 0.945455 | 1.200000 | 1.106667 | 0.753333 | 1.190000 | -10.247628 |      388 |      332 |       59 |   7.000473 |      8 | 0.774000 | 5.722707
 246 | 73500.00 | 73800.00 | 0.016697 | 0.021295 |   7.000473 |      8 | 0.774000 | 1.200000 | 0.983333 | 1.163333 | 0.996667 |   3.913294 |      417 |      295 |      119 |   7.004091 |      8 | 0.839342 | 4.068148
 247 | 73800.00 | 74100.00 | 0.016664 | 0.021284 |   7.004091 |      8 | 0.839342 | 1.200000 | 1.206667 | 1.200000 | 1.190000 |   0.234916 |      458 |      362 |       96 |   7.003979 |      8 | 0.843256 | 3.969024
 248 | 74100.00 | 74400.00 | 0.016630 | 0.021273 |   7.003979 |      8 | 0.843256 | 1.200000 | 1.200000 | 1.200000 | 1.153333 |   1.096830 |      455 |      360 |       95 |   7.003979 |      8 | 0.861497 | 3.507147
 249 | 74400.00 | 74700.00 | 0.016597 | 0.021263 |   7.003979 |      8 | 0.861497 | 1.200000 | 1.256667 | 1.250000 | 1.266667 |  -0.391922 |      465 |      377 |       88 |   7.003039 |      8 | 0.854992 | 3.671855
 250 | 74700.00 | 75000.00 | 0.016564 | 0.021252 |   7.003039 |      8 | 0.854992 | 1.200000 | 1.276667 | 1.253333 | 1.160000 |   2.195862 |      471 |      383 |       88 |   7.001769 |      8 | 0.891363 | 2.750874
 251 | 75000.00 | 75300.00 | 0.016530 | 0.021241 |   7.001769 |      8 | 0.891363 | 1.200000 | 1.353333 | 1.296667 | 1.226667 |   1.647718 |      482 |      406 |       76 |   6.999234 |      7 | 0.918601 | 2.061172
 252 | 75300.00 | 75600.00 | 0.016498 | 0.021231 |   6.999234 |      7 | 0.918601 | 1.200000 | 1.183333 | 1.120000 | 1.100000 |   0.471011 |      419 |      355 |       65 |   6.999509 |      7 | 0.926371 | 1.864409
 253 | 75600.00 | 75900.00 | 0.016465 | 0.021220 |   6.999509 |      7 | 0.926371 | 1.200000 | 1.130000 | 1.083333 | 1.083333 |   0.000000 |      408 |      339 |       69 |   7.000662 |      8 | 0.926371 | 1.864409
 254 | 75900.00 | 76200.00 | 0.016432 | 0.021210 |   7.000662 |      8 | 0.926371 | 1.200000 | 1.313333 | 1.130000 | 1.400000 |  -6.364947 |      468 |      394 |       73 |   6.998800 |      7 | 0.821781 | 4.512822
 255 | 76200.00 | 76500.00 | 0.016400 | 0.021199 |   6.998800 |      7 | 0.821781 | 1.200000 | 1.166667 | 1.093333 | 0.960000 |   3.144733 |      419 |      350 |       70 |   6.999346 |      7 | 0.873354 | 3.206901
 256 | 76500.00 | 76800.00 | 0.016368 | 0.021189 |   6.999346 |      7 | 0.873354 | 1.200000 | 1.113333 | 1.176667 | 1.083333 |   2.202394 |      410 |      334 |       76 |   7.000765 |      8 | 0.909402 | 2.294106
 257 | 76800.00 | 77100.00 | 0.016335 | 0.021179 |   7.000765 |      8 | 0.909402 | 1.200000 | 1.320000 | 1.340000 | 1.296667 |   1.023041 |      473 |      396 |       77 |   6.998805 |      7 | 0.926114 | 1.870932
 258 | 77100.00 | 77400.00 | 0.016304 | 0.021168 |   6.998805 |      7 | 0.926114 | 1.200000 | 1.190000 | 1.113333 | 1.176667 |  -1.495943 |      420 |      357 |       63 |   6.998968 |      7 | 0.901724 | 2.488508
 259 | 77400.00 | 77700.00 | 0.016272 | 0.021158 |   6.998968 |      7 | 0.901724 | 1.200000 | 1.190000 | 1.143333 | 1.056667 |   2.048075 |      422 |      357 |       65 |   6.999130 |      7 | 0.935050 | 1.644643
 260 | 77700.00 | 78000.00 | 0.016240 | 0.021148 |   6.999130 |      7 | 0.935050 | 1.200000 | 1.160000 | 0.943333 | 1.236667 |  -6.935307 |      410 |      348 |       62 |   6.999780 |      7 | 0.822420 | 4.496627
 261 | 78000.00 | 78300.00 | 0.016209 | 0.021138 |   6.999780 |      7 | 0.822420 | 1.200000 | 1.010000 | 1.016667 | 0.973333 |   1.025029 |      391 |      303 |       88 |   7.002859 |      8 | 0.839034 | 4.075925
 262 | 78300.00 | 78600.00 | 0.016177 | 0.021127 |   7.002859 |      8 | 0.839034 | 1.200000 | 1.116667 | 1.233333 | 1.100000 |   3.155455 |      443 |      335 |      107 |   7.004208 |      8 | 0.890081 | 2.783340
 263 | 78600.00 | 78900.00 | 0.016146 | 0.021117 |   7.004208 |      8 | 0.890081 | 1.200000 | 1.336667 | 1.346667 | 1.280000 |   1.578485 |      478 |      401 |       77 |   7.002001 |      8 | 0.915567 | 2.137985
 264 | 78900.00 | 79200.00 | 0.016115 | 0.021107 |   7.002001 |      8 | 0.915567 | 1.200000 | 1.280000 | 1.323333 | 1.240000 |   1.974050 |      466 |      384 |       82 |   7.000712 |      8 | 0.947379 | 1.332457
 265 | 79200.00 | 79500.00 | 0.016084 | 0.021097 |   7.000712 |      8 | 0.947379 | 1.200000 | 1.073333 | 0.696667 | 1.300000 | -14.298942 |      389 |      322 |       68 |   7.002749 |      8 | 0.717394 | 7.156065
 266 | 79500.00 | 79800.00 | 0.016053 | 0.021087 |   7.002749 |      8 | 0.717394 | 1.200000 | 0.980000 | 1.063333 | 1.033333 |   0.711335 |      417 |      294 |      122 |   7.006281 |      8 | 0.728813 | 6.866910
 267 | 79800.00 | 80100.00 | 0.016023 | 0.021077 |   7.006281 |      8 | 0.728813 | 1.200000 | 0.946667 | 0.990000 | 0.893333 |   2.293167 |      410 |      284 |      126 |   7.010340 |      8 | 0.765556 | 5.936525
 268 | 80100.00 | 80400.00 | 0.015992 | 0.021067 |   7.010340 |      8 | 0.765556 | 1.200000 | 1.156667 | 1.176667 | 1.100000 |   1.819578 |      448 |      347 |      101 |   7.011033 |      8 | 0.794655 | 5.199690
 269 | 80400.00 | 80700.00 | 0.015962 | 0.021057 |   7.011033 |      8 | 0.794655 | 1.200000 | 1.160000 | 1.120000 | 1.100000 |   0.474896 |      449 |      348 |      101 |   7.011671 |      8 | 0.802235 | 5.007746
 270 | 80700.00 | 81000.00 | 0.015932 | 0.021047 |   7.011671 |      8 | 0.802235 | 1.200000 | 1.106667 | 1.180000 | 1.030000 |   3.563393 |      438 |      332 |      106 |   7.013158 |      8 | 0.859006 | 3.570220
 271 | 81000.00 | 81300.00 | 0.015902 | 0.021038 |   7.013158 |      8 | 0.859006 | 1.200000 | 1.156667 | 1.190000 | 1.210000 |  -0.475342 |      449 |      347 |      102 |   7.013847 |      8 | 0.851447 | 3.761618
 272 | 81300.00 | 81600.00 | 0.015872 | 0.021028 |   7.013847 |      8 | 0.851447 | 1.200000 | 1.326667 | 1.293333 | 1.296667 |  -0.079261 |      477 |      398 |       80 |   7.011837 |      8 | 0.850189 | 3.793473
 273 | 81600.00 | 81900.00 | 0.015842 | 0.021018 |   7.011837 |      8 | 0.850189 | 1.200000 | 1.153333 | 1.196667 | 1.143333 |   1.268759 |      448 |      346 |      101 |   7.012576 |      8 | 0.870288 | 3.284521
 274 | 81900.00 | 82200.00 | 0.015812 | 0.021008 |   7.012576 |      8 | 0.870288 | 1.200000 | 1.280000 | 1.280000 | 1.346667 |  -1.586684 |      472 |      384 |       88 |   7.011311 |      8 | 0.845200 | 3.919814
 275 | 82200.00 | 82500.00 | 0.015783 | 0.020998 |   7.011311 |      8 | 0.845200 | 1.200000 | 1.173333 | 1.203333 | 1.276667 |  -1.746160 |      449 |      352 |       97 |   7.011732 |      8 | 0.817641 | 4.617653
 276 | 82500.00 | 82800.00 | 0.015753 | 0.020989 |   7.011732 |      8 | 0.817641 | 1.200000 | 1.076667 | 1.090000 | 1.136667 |  -1.111705 |      434 |      323 |      111 |   7.013675 |      8 | 0.800128 | 5.061109
 277 | 82800.00 | 83100.00 | 0.015724 | 0.020979 |   7.013675 |      8 | 0.800128 | 1.200000 | 1.193333 | 1.230000 | 1.203333 |   0.635552 |      455 |      358 |       97 |   7.013780 |      8 | 0.810121 | 4.808060
 278 | 83100.00 | 83400.00 | 0.015695 | 0.020970 |   7.013780 |      8 | 0.810121 | 1.200000 | 1.216667 | 1.286667 | 1.216667 |   1.669088 |      458 |      365 |       93 |   7.013518 |      8 | 0.836317 | 4.144732
 279 | 83400.00 | 83700.00 | 0.015666 | 0.020960 |   7.013518 |      8 | 0.836317 | 1.200000 | 1.120000 | 1.280000 | 1.266667 |   0.318067 |      443 |      336 |      107 |   7.014772 |      8 | 0.841300 | 4.018560
 280 | 83700.00 | 84000.00 | 0.015637 | 0.020950 |   7.014772 |      8 | 0.841300 | 1.200000 | 1.300000 | 1.156667 | 1.090000 |   1.591057 |      473 |      390 |       83 |   7.013208 |      8 | 0.866179 | 3.388575
 281 | 84000.00 | 84300.00 | 0.015608 | 0.020941 |   7.013208 |      8 | 0.866179 | 1.200000 | 1.296667 | 1.380000 | 1.226667 |   3.661093 |      474 |      389 |       85 |   7.011699 |      8 | 0.923322 | 1.941615
 282 | 84300.00 | 84600.00 | 0.015580 | 0.020931 |   7.011699 |      8 | 0.923322 | 1.200000 | 1.433333 | 1.136667 | 1.380000 |  -5.812625 |      489 |      430 |       59 |   7.008064 |      8 | 0.832764 | 4.234705
 283 | 84600.00 | 84900.00 | 0.015551 | 0.020922 |   7.008064 |      8 | 0.832764 | 1.200000 | 1.290000 | 1.216667 | 1.133333 |   1.991523 |      472 |      387 |       85 |   7.006664 |      8 | 0.863734 | 3.450482
 284 | 84900.00 | 85200.00 | 0.015523 | 0.020913 |   7.006664 |      8 | 0.863734 | 1.200000 | 1.286667 | 1.240000 | 1.206667 |   0.796968 |      470 |      386 |       84 |   7.005319 |      8 | 0.876105 | 3.137224
 285 | 85200.00 | 85500.00 | 0.015494 | 0.020903 |   7.005319 |      8 | 0.876105 | 1.200000 | 1.263333 | 1.323333 | 1.303333 |   0.478395 |      467 |      379 |       88 |   7.004338 |      8 | 0.883518 | 2.949527
 286 | 85500.00 | 85800.00 | 0.015466 | 0.020894 |   7.004338 |      8 | 0.883518 | 1.200000 | 1.280000 | 1.293333 | 1.153333 |   3.350263 |      468 |      384 |       84 |   7.003100 |      8 | 0.935334 | 1.637445
 287 | 85800.00 | 86100.00 | 0.015438 | 0.020885 |   7.003100 |      8 | 0.935334 | 1.200000 | 1.350000 | 0.956667 | 1.353333 |  -9.496645 |      459 |      405 |       55 |   7.000785 |      8 | 0.788721 | 5.349939
 288 | 86100.00 | 86400.00 | 0.015411 | 0.020875 |   7.000785 |      8 | 0.788721 | 1.200000 | 1.176667 | 1.226667 | 1.093333 |   3.193569 |      451 |      353 |       97 |   7.001144 |      8 | 0.837936 | 4.103740
 289 | 86400.00 | 86700.00 | 0.015383 | 0.020866 |   7.001144 |      8 | 0.837936 | 1.200000 | 1.226667 | 1.273333 | 1.143333 |   3.115109 |      462 |      368 |       94 |   7.000734 |      8 | 0.885855 | 2.890347
 290 | 86700.00 | 87000.00 | 0.015355 | 0.020857 |   7.000734 |      8 | 0.885855 | 1.200000 | 1.260000 | 1.263333 | 1.310000 |  -1.118739 |      464 |      378 |       87 |   6.999813 |      7 | 0.868677 | 3.325334
 291 | 87000.00 | 87300.00 | 0.015328 | 0.020848 |   6.999813 |      7 | 0.868677 | 1.200000 | 1.083333 | 1.163333 | 1.030000 |   3.197804 |      404 |      325 |       79 |   7.001601 |      8 | 0.917692 | 2.084192
 292 | 87300.00 | 87600.00 | 0.015300 | 0.020838 |   7.001601 |      8 | 0.917692 | 1.200000 | 1.286667 | 1.273333 | 1.286667 |  -0.319921 |      465 |      386 |       78 |   7.000275 |      8 | 0.912797 | 2.208139
 293 | 87600.00 | 87900.00 | 0.015273 | 0.020829 |   7.000275 |      8 | 0.912797 | 1.200000 | 1.253333 | 1.300000 | 1.266667 |   0.800153 |      462 |      376 |       86 |   6.999460 |      7 | 0.925017 | 1.898689
 294 | 87900.00 | 88200.00 | 0.015246 | 0.020820 |   6.999460 |      7 | 0.925017 | 1.200000 | 1.130000 | 1.113333 | 1.166667 |  -1.280803 |      409 |      339 |       71 |   7.000527 |      8 | 0.905490 | 2.393145
 295 | 88200.00 | 88500.00 | 0.015219 | 0.020811 |   7.000527 |      8 | 0.905490 | 1.200000 | 1.273333 | 1.353333 | 1.320000 |   0.800851 |      466 |      382 |       83 |   6.999411 |      7 | 0.917678 | 2.084523
 296 | 88500.00 | 88800.00 | 0.015192 | 0.020802 |   6.999411 |      7 | 0.917678 | 1.200000 | 1.106667 | 1.206667 | 1.070000 |   3.284914 |      405 |      332 |       74 |   7.000829 |      8 | 0.967583 | 0.820862
 297 | 88800.00 | 89100.00 | 0.015165 | 0.020793 |   7.000829 |      8 | 0.967583 | 1.200000 | 0.743333 | 0.263333 | 1.143333 | -21.160801 |      247 |      223 |       26 |   7.007755 |      8 | 0.646676 | 8.946771
 298 | 89100.00 | 89400.00 | 0.015138 | 0.020784 |   7.007755 |      8 | 0.646676 | 1.200000 | 0.950000 | 0.853333 | 0.893333 |  -0.962270 |      412 |      285 |      124 |   7.011539 |      8 | 0.632109 | 9.315640
 299 | 89400.00 | 89700.00 | 0.015112 | 0.020775 |   7.011539 |      8 | 0.632109 | 1.200000 | 0.876667 | 0.833333 | 0.776667 |   1.363802 |      399 |      263 |      136 |   7.016426 |      8 | 0.652718 | 8.793768
 300 | 89700.00 | 90000.00 | 0.015085 | 0.020766 |   7.016426 |      8 | 0.652718 | 1.200000 | 0.916667 | 0.943333 | 0.973333 |  -0.722323 |      403 |      275 |      128 |   7.020700 |      8 | 0.641822 | 9.069688
 301 | 90000.00 | 90300.00 | 0.015059 | 0.020757 |   7.020700 |      8 | 0.641822 | 1.200000 | 0.940000 | 0.896667 | 0.806667 |   2.167897 |      410 |      282 |      128 |   7.024615 |      8 | 0.674468 | 8.243021
 302 | 90300.00 | 90600.00 | 0.015033 | 0.020749 |   7.024615 |      8 | 0.674468 | 1.200000 | 0.873333 | 0.830000 | 0.886667 |  -1.365555 |      398 |      262 |      136 |   7.029526 |      8 | 0.653940 | 8.762830
 303 | 90600.00 | 90900.00 | 0.015007 | 0.020740 |   7.029526 |      8 | 0.653940 | 1.200000 | 0.946667 | 0.963333 | 0.853333 |   2.651911 |      410 |      284 |      126 |   7.033328 |      8 | 0.693737 | 7.755113
 304 | 90900.00 | 91200.00 | 0.014981 | 0.020731 |   7.033328 |      8 | 0.693737 | 1.200000 | 0.970000 | 0.936667 | 0.890000 |   1.125531 |      414 |      291 |      123 |   7.036773 |      8 | 0.710598 | 7.328157
 305 | 91200.00 | 91500.00 | 0.014955 | 0.020722 |   7.036773 |      8 | 0.710598 | 1.200000 | 0.893333 | 1.040000 | 0.990000 |   1.206436 |      401 |      268 |      133 |   7.041359 |      8 | 0.728640 | 6.871301
 306 | 91500.00 | 91800.00 | 0.014929 | 0.020713 |   7.041359 |      8 | 0.728640 | 1.200000 | 0.970000 | 1.000000 | 1.006667 |  -0.160926 |      414 |      291 |      123 |   7.044793 |      8 | 0.726238 | 6.932136
 307 | 91800.00 | 92100.00 | 0.014903 | 0.020705 |   7.044793 |      8 | 0.726238 | 1.200000 | 1.020000 | 0.983333 | 0.900000 |   2.012422 |      425 |      306 |      119 |   7.047476 |      8 | 0.756229 | 6.172691
 308 | 92100.00 | 92400.00 | 0.014878 | 0.020696 |   7.047476 |      8 | 0.756229 | 1.200000 | 1.000000 | 1.003333 | 1.073333 |  -1.691144 |      420 |      300 |      120 |   7.050451 |      8 | 0.731069 | 6.809797
 309 | 92400.00 | 92700.00 | 0.014852 | 0.020687 |   7.050451 |      8 | 0.731069 | 1.200000 | 1.016667 | 1.013333 | 0.946667 |   1.611287 |      422 |      305 |      117 |   7.053174 |      8 | 0.755000 | 6.203815
 310 | 92700.00 | 93000.00 | 0.014827 | 0.020679 |   7.053174 |      8 | 0.755000 | 1.200000 | 1.136667 | 1.060000 | 1.010000 |   1.208970 |      446 |      341 |      105 |   7.054113 |      8 | 0.772926 | 5.749915
 311 | 93000.00 | 93300.00 | 0.014802 | 0.020670 |   7.054113 |      8 | 0.772926 | 1.200000 | 1.000000 | 1.100000 | 1.143333 |  -1.048210 |      419 |      300 |      119 |   7.057073 |      8 | 0.757410 | 6.142788
 312 | 93300.00 | 93600.00 | 0.014777 | 0.020662 |   7.057073 |      8 | 0.757410 | 1.200000 | 1.120000 | 1.133333 | 0.940000 |   4.678569 |      442 |      336 |      106 |   7.058256 |      8 | 0.826543 | 4.392223
 313 | 93600.00 | 93900.00 | 0.014751 | 0.020653 |   7.058256 |      8 | 0.826543 | 1.200000 | 1.290000 | 1.240000 | 1.120000 |   2.905141 |      472 |      387 |       85 |   7.056928 |      8 | 0.869398 | 3.307059
 314 | 93900.00 | 94200.00 | 0.014727 | 0.020645 |   7.056928 |      8 | 0.869398 | 1.200000 | 1.246667 | 1.326667 | 1.260000 |   1.614633 |      463 |      374 |       89 |   7.056241 |      8 | 0.893176 | 2.704962
 315 | 94200.00 | 94500.00 | 0.014702 | 0.020636 |   7.056241 |      8 | 0.893176 | 1.200000 | 1.343333 | 1.286667 | 1.270000 |   0.403825 |      481 |      403 |       78 |   7.054133 |      8 | 0.899113 | 2.554629
 316 | 94500.00 | 94800.00 | 0.014677 | 0.020628 |   7.054133 |      8 | 0.899113 | 1.200000 | 1.270000 | 1.350000 | 1.276667 |   1.777557 |      466 |      381 |       85 |   7.053106 |      8 | 0.925202 | 1.894010
 317 | 94800.00 | 95100.00 | 0.014652 | 0.020619 |   7.053106 |      8 | 0.925202 | 1.200000 | 1.326667 | 1.186667 | 1.283333 |  -2.344103 |      470 |      398 |       72 |   7.051250 |      8 | 0.890856 | 2.763720
 318 | 95100.00 | 95400.00 | 0.014628 | 0.020611 |   7.051250 |      8 | 0.890856 | 1.200000 | 1.230000 | 1.363333 | 1.290000 |   1.779011 |      458 |      369 |       89 |   7.050811 |      8 | 0.916879 | 2.104776
 319 | 95400.00 | 95700.00 | 0.014603 | 0.020602 |   7.050811 |      8 | 0.916879 | 1.200000 | 1.410000 | 1.290000 | 1.360000 |  -1.698838 |      490 |      423 |       67 |   7.047745 |      8 | 0.892070 | 2.732973
 320 | 95700.00 | 96000.00 | 0.014579 | 0.020594 |   7.047745 |      8 | 0.892070 | 1.200000 | 1.316667 | 1.416667 | 1.296667 |   2.913476 |      475 |      395 |       80 |   7.046044 |      8 | 0.934545 | 1.657424
 321 | 96000.00 | 96300.00 | 0.014555 | 0.020586 |   7.046044 |      8 | 0.934545 | 1.200000 | 1.263333 | 0.980000 | 1.380000 |  -9.715521 |      450 |      379 |       71 |   7.045122 |      8 | 0.793139 | 5.238073
 322 | 96300.00 | 96600.00 | 0.014531 | 0.020577 |   7.045122 |      8 | 0.793139 | 1.200000 | 1.020000 | 1.180000 | 1.146667 |   0.809954 |      425 |      306 |      119 |   7.047737 |      8 | 0.804908 | 4.940060
 323 | 96600.00 | 96900.00 | 0.014506 | 0.020569 |   7.047737 |      8 | 0.804908 | 1.200000 | 1.146667 | 1.203333 | 1.076667 |   3.079064 |      446 |      344 |      102 |   7.048511 |      8 | 0.849575 | 3.809032
 324 | 96900.00 | 97200.00 | 0.014483 | 0.020561 |   7.048511 |      8 | 0.849575 | 1.200000 | 1.303333 | 1.283333 | 1.190000 |   2.269695 |      474 |      391 |       83 |   7.047015 |      8 | 0.882445 | 2.976684
 325 | 97200.00 | 97500.00 | 0.014459 | 0.020553 |   7.047015 |      8 | 0.882445 | 1.200000 | 1.320000 | 1.440000 | 1.363333 |   1.865139 |      477 |      396 |       81 |   7.045279 |      8 | 0.909413 | 2.293824
 326 | 97500.00 | 97800.00 | 0.014435 | 0.020544 |   7.045279 |      8 | 0.909413 | 1.200000 | 1.380000 | 1.440000 | 1.270000 |   4.137396 |      484 |      414 |       70 |   7.042681 |      8 | 0.969136 | 0.781539
 327 | 97800.00 | 98100.00 | 0.014411 | 0.020536 |   7.042681 |      8 | 0.969136 | 1.200000 | 0.690000 | 0.213333 | 1.063333 | -20.695224 |      235 |      207 |       32 |   7.050031 |      8 | 0.670892 | 8.333571
 328 | 98100.00 | 98400.00 | 0.014388 | 0.020528 |   7.050031 |      8 | 0.670892 | 1.200000 | 0.926667 | 0.960000 | 0.850000 |   2.679270 |      408 |      278 |      126 |   7.053964 |      8 | 0.709441 | 7.357460
 329 | 98400.00 | 98700.00 | 0.014364 | 0.020520 |   7.053964 |      8 | 0.709441 | 1.200000 | 0.980000 | 1.046667 | 0.973333 |   1.786888 |      417 |      294 |      123 |   7.057124 |      8 | 0.735108 | 6.707524
 330 | 98700.00 | 99000.00 | 0.014341 | 0.020512 |   7.057124 |      8 | 0.735108 | 1.200000 | 0.923333 | 1.156667 | 0.980000 |   4.306477 |      406 |      277 |      129 |   7.061091 |      8 | 0.796866 | 5.143702
 331 | 99000.00 | 99300.00 | 0.014317 | 0.020504 |   7.061091 |      8 | 0.796866 | 1.200000 | 1.126667 | 1.260000 | 1.023333 |   5.771329 |      444 |      338 |      106 |   7.062141 |      8 | 0.879497 | 3.051349
 332 | 99300.00 | 99600.00 | 0.014294 | 0.020496 |   7.062141 |      8 | 0.879497 | 1.200000 | 1.253333 | 1.280000 | 1.196667 |   2.032957 |      463 |      376 |       87 |   7.061379 |      8 | 0.908556 | 2.315510
 333 | 99600.00 | 99900.00 | 0.014271 | 0.020488 |   7.061379 |      8 | 0.908556 | 1.200000 | 1.350000 | 1.293333 | 1.226667 |   1.627004 |      480 |      405 |       75 |   7.059238 |      8 | 0.931776 | 1.727560
 334 | 99900.00 | 100200.0 | 0.014248 | 0.020480 |   7.059238 |      8 | 0.931776 | 1.200000 | 1.313333 | 1.033333 | 1.320000 |  -6.998853 |      463 |      394 |       69 |   7.057623 |      8 | 0.832055 | 4.252653
 335 | 100200.0 | 100500.0 | 0.014225 | 0.020472 |   7.057623 |      8 | 0.832055 | 1.200000 | 1.196667 | 1.313333 | 1.153333 |   3.907861 |      456 |      359 |       97 |   7.057671 |      8 | 0.887645 | 2.845018
 336 | 100500.0 | 100800.0 | 0.014202 | 0.020464 |   7.057671 |      8 | 0.887645 | 1.200000 | 1.276667 | 1.203333 | 1.223333 |  -0.488673 |      466 |      383 |       83 |   7.056582 |      8 | 0.880705 | 3.020758
 337 | 100800.0 | 101100.0 | 0.014180 | 0.020456 |   7.056582 |      8 | 0.880705 | 1.200000 | 1.200000 | 1.323333 | 1.246667 |   1.873973 |      455 |      360 |       95 |   7.056582 |      8 | 0.907277 | 2.347907
 338 | 101100.0 | 101400.0 | 0.014157 | 0.020448 |   7.056582 |      8 | 0.907277 | 1.200000 | 1.350000 | 1.363333 | 1.270000 |   2.282241 |      479 |      405 |       75 |   7.054458 |      8 | 0.939586 | 1.529776
 339 | 101400.0 | 101700.0 | 0.014134 | 0.020440 |   7.054458 |      8 | 0.939586 | 1.200000 | 1.276667 | 0.920000 | 1.320000 |  -9.784811 |      441 |      383 |       59 |   7.053375 |      8 | 0.801285 | 5.031810
 340 | 101700.0 | 102000.0 | 0.014112 | 0.020432 |   7.053375 |      8 | 0.801285 | 1.200000 | 1.300000 | 1.156667 | 1.146667 |   0.244714 |      475 |      390 |       83 |   7.051964 |      8 | 0.804738 | 4.944365
 341 | 102000.0 | 102300.0 | 0.014089 | 0.020424 |   7.051964 |      8 | 0.804738 | 1.200000 | 1.133333 | 1.120000 | 0.993333 |   3.100908 |      444 |      340 |      104 |   7.052903 |      8 | 0.848428 | 3.838060
 342 | 102300.0 | 102600.0 | 0.014067 | 0.020416 |   7.052903 |      8 | 0.848428 | 1.200000 | 1.240000 | 1.280000 | 1.156667 |   3.020462 |      463 |      372 |       91 |   7.052340 |      8 | 0.890917 | 2.762162
 343 | 102600.0 | 102900.0 | 0.014045 | 0.020409 |   7.052340 |      8 | 0.890917 | 1.200000 | 1.246667 | 1.320000 | 1.206667 |   2.776621 |      462 |      374 |       88 |   7.051685 |      8 | 0.929915 | 1.774685
 344 | 102900.0 | 103200.0 | 0.014023 | 0.020401 |   7.051685 |      8 | 0.929915 | 1.200000 | 1.406667 | 1.066667 | 1.373333 |  -7.516073 |      480 |      422 |       58 |   7.048787 |      8 | 0.824519 | 4.443485
 345 | 103200.0 | 103500.0 | 0.014001 | 0.020393 |   7.048787 |      8 | 0.824519 | 1.200000 | 1.193333 | 1.200000 | 1.253333 |  -1.307640 |      455 |      358 |       97 |   7.048880 |      8 | 0.806211 | 4.907070
 346 | 103500.0 | 103800.0 | 0.013979 | 0.020385 |   7.048880 |      8 | 0.806211 | 1.200000 | 1.143333 | 1.126667 | 1.076667 |   1.226378 |      446 |      343 |      103 |   7.049672 |      8 | 0.823354 | 4.472977
 347 | 103800.0 | 104100.0 | 0.013957 | 0.020378 |   7.049672 |      8 | 0.823354 | 1.200000 | 1.186667 | 1.286667 | 1.176667 |   2.699052 |      454 |      356 |       98 |   7.049858 |      8 | 0.861024 | 3.519107
 348 | 104100.0 | 104400.0 | 0.013935 | 0.020370 |   7.049858 |      8 | 0.861024 | 1.200000 | 1.180000 | 1.293333 | 1.176667 |   2.863711 |      450 |      354 |       96 |   7.050137 |      8 | 0.900930 | 2.508627
 349 | 104400.0 | 104700.0 | 0.013913 | 0.020362 |   7.050137 |      8 | 0.900930 | 1.200000 | 1.350000 | 1.360000 | 1.276667 |   2.046278 |      480 |      405 |       76 |   7.048050 |      8 | 0.929400 | 1.787710
 350 | 104700.0 | 105000.0 | 0.013892 | 0.020355 |   7.048050 |      8 | 0.929400 | 1.200000 | 1.293333 | 1.053333 | 1.316667 |  -6.468668 |      462 |      388 |       74 |   7.046753 |      8 | 0.839540 | 4.063118
 351 | 105000.0 | 105300.0 | 0.013870 | 0.020347 |   7.046753 |      8 | 0.839540 | 1.200000 | 1.310000 | 1.240000 | 1.163333 |   1.883988 |      475 |      393 |       81 |   7.045228 |      8 | 0.865671 | 3.401438
 352 | 105300.0 | 105600.0 | 0.013849 | 0.020339 |   7.045228 |      8 | 0.865671 | 1.200000 | 1.260000 | 1.320000 | 1.216667 |   2.540238 |      467 |      378 |       89 |   7.044397 |      8 | 0.900850 | 2.510657
 353 | 105600.0 | 105900.0 | 0.013827 | 0.020332 |   7.044397 |      8 | 0.900850 | 1.200000 | 1.330000 | 1.416667 | 1.233333 |   4.508553 |      477 |      399 |       78 |   7.042599 |      8 | 0.963190 | 0.932095
 354 | 105900.0 | 106200.0 | 0.013806 | 0.020324 |   7.042599 |      8 | 0.963190 | 1.200000 | 0.830000 | 0.373333 | 1.123333 | -18.450939 |      280 |      249 |       35 |   7.047707 |      8 | 0.708460 | 7.382286
 355 | 106200.0 | 106500.0 | 0.013785 | 0.020317 |   7.047707 |      8 | 0.708460 | 1.200000 | 0.983333 | 0.923333 | 0.906667 |   0.410173 |      419 |      295 |      120 |   7.050694 |      8 | 0.714114 | 7.239116
 356 | 106500.0 | 106800.0 | 0.013763 | 0.020309 |   7.050694 |      8 | 0.714114 | 1.200000 | 1.000000 | 0.980000 | 1.013333 |  -0.820649 |      420 |      300 |      120 |   7.053447 |      8 | 0.702819 | 7.525122
 357 | 106800.0 | 107100.0 | 0.013742 | 0.020302 |   7.053447 |      8 | 0.702819 | 1.200000 | 0.930000 | 1.016667 | 0.880000 |   3.365904 |      407 |      279 |      128 |   7.057157 |      8 | 0.749075 | 6.353862
 358 | 107100.0 | 107400.0 | 0.013721 | 0.020294 |   7.057157 |      8 | 0.749075 | 1.200000 | 1.006667 | 1.003333 | 1.033333 |  -0.739129 |      421 |      302 |      119 |   7.059810 |      8 | 0.738933 | 6.610669
 359 | 107400.0 | 107700.0 | 0.013700 | 0.020287 |   7.059810 |      8 | 0.738933 | 1.200000 | 0.963333 | 0.946667 | 1.010000 |  -1.560957 |      413 |      289 |      124 |   7.063052 |      8 | 0.717547 | 7.152190
 360 | 107700.0 | 108000.0 | 0.013679 | 0.020279 |   7.063052 |      8 | 0.717547 | 1.200000 | 0.936667 | 0.970000 | 0.950000 |   0.493114 |      408 |      281 |      127 |   7.066655 |      8 | 0.724293 | 6.981381
 361 | 108000.0 | 108300.0 | 0.013659 | 0.020272 |   7.066655 |      8 | 0.724293 | 1.200000 | 1.016667 | 0.960000 | 0.960000 |   0.000000 |      423 |      305 |      118 |   7.069159 |      8 | 0.724293 | 6.981381
 362 | 108300.0 | 108600.0 | 0.013638 | 0.020264 |   7.069159 |      8 | 0.724293 | 1.200000 | 0.956667 | 1.056667 | 1.096667 |  -0.986949 |      413 |      287 |      126 |   7.072477 |      8 | 0.710833 | 7.322211
 363 | 108600.0 | 108900.0 | 0.013617 | 0.020257 |   7.072477 |      8 | 0.710833 | 1.200000 | 1.000000 | 1.100000 | 0.836667 |   6.499775 |      419 |      300 |      119 |   7.075201 |      8 | 0.799343 | 5.080990
 364 | 108900.0 | 109200.0 | 0.013597 | 0.020250 |   7.075201 |      8 | 0.799343 | 1.200000 | 1.070000 | 1.063333 | 1.030000 |   0.823055 |      433 |      321 |      112 |   7.076968 |      8 | 0.810534 | 4.797616
 365 | 109200.0 | 109500.0 | 0.013576 | 0.020242 |   7.076968 |      8 | 0.810534 | 1.200000 | 1.233333 | 1.196667 | 1.160000 |   0.905688 |      463 |      370 |       93 |   7.076516 |      8 | 0.822829 | 4.486262
 366 | 109500.0 | 109800.0 | 0.013556 | 0.020235 |   7.076516 |      8 | 0.822829 | 1.200000 | 1.213333 | 1.103333 | 1.216667 |  -2.800410 |      458 |      364 |       94 |   7.076335 |      8 | 0.784867 | 5.447530
 367 | 109800.0 | 110100.0 | 0.013536 | 0.020228 |   7.076335 |      8 | 0.784867 | 1.200000 | 1.110000 | 1.093333 | 1.056667 |   0.906341 |      440 |      333 |      107 |   7.077553 |      8 | 0.797135 | 5.136886
 368 | 110100.0 | 110400.0 | 0.013515 | 0.020221 |   7.077553 |      8 | 0.797135 | 1.200000 | 1.110000 | 1.206667 | 1.026667 |   4.450911 |      439 |      333 |      106 |   7.078770 |      8 | 0.857291 | 3.613640
 369 | 110400.0 | 110700.0 | 0.013495 | 0.020213 |   7.078770 |      8 | 0.857291 | 1.200000 | 1.323333 | 1.210000 | 1.140000 |   1.731530 |      478 |      397 |       81 |   7.077105 |      8 | 0.880658 | 3.021939
 370 | 110700.0 | 111000.0 | 0.013475 | 0.020206 |   7.077105 |      8 | 0.880658 | 1.200000 | 1.420000 | 1.246667 | 1.220000 |   0.659867 |      496 |      426 |       70 |   7.074141 |      8 | 0.889550 | 2.796785
 371 | 111000.0 | 111300.0 | 0.013455 | 0.020199 |   7.074141 |      8 | 0.889550 | 1.200000 | 1.300000 | 1.346667 | 1.240000 |   2.640408 |      471 |      390 |       82 |   7.072795 |      8 | 0.925077 | 1.897184
 372 | 111300.0 | 111600.0 | 0.013435 | 0.020192 |   7.072795 |      8 | 0.925077 | 1.200000 | 1.353333 | 1.173333 | 1.313333 |  -3.466769 |      473 |      406 |       67 |   7.070735 |      8 | 0.878500 | 3.076578
 373 | 111600.0 | 111900.0 | 0.013415 | 0.020185 |   7.070735 |      8 | 0.878500 | 1.200000 | 1.320000 | 1.336667 | 1.233333 |   2.559714 |      477 |      396 |       80 |   7.069125 |      8 | 0.912840 | 2.207053
 374 | 111900.0 | 112200.0 | 0.013395 | 0.020177 |   7.069125 |      8 | 0.912840 | 1.200000 | 1.273333 | 1.270000 | 1.266667 |   0.082601 |      465 |      382 |       83 |   7.068143 |      8 | 0.913946 | 2.179035
 375 | 112200.0 | 112500.0 | 0.013376 | 0.020170 |   7.068143 |      8 | 0.913946 | 1.200000 | 1.373333 | 1.206667 | 1.266667 |  -1.487338 |      481 |      412 |       69 |   7.065825 |      8 | 0.894052 | 2.682788
 376 | 112500.0 | 112800.0 | 0.013356 | 0.020163 |   7.065825 |      8 | 0.894052 | 1.200000 | 1.156667 | 1.330000 | 1.230000 |   2.479770 |      445 |      347 |       98 |   7.066403 |      8 | 0.927172 | 1.844140
 377 | 112800.0 | 113100.0 | 0.013336 | 0.020156 |   7.066403 |      8 | 0.927172 | 1.200000 | 1.336667 | 1.123333 | 1.443333 |  -7.938056 |      471 |      401 |       71 |   7.064581 |      8 | 0.821307 | 4.524817
 378 | 113100.0 | 113400.0 | 0.013317 | 0.020149 |   7.064581 |      8 | 0.821307 | 1.200000 | 1.116667 | 1.256667 | 1.043333 |   5.293895 |      441 |      335 |      105 |   7.065691 |      8 | 0.891805 | 2.739690
 379 | 113400.0 | 113700.0 | 0.013297 | 0.020142 |   7.065691 |      8 | 0.891805 | 1.200000 | 1.196667 | 1.243333 | 1.306667 |  -1.572175 |      453 |      359 |       94 |   7.065735 |      8 | 0.870899 | 3.269060
 380 | 113700.0 | 114000.0 | 0.013278 | 0.020135 |   7.065735 |      8 | 0.870899 | 1.200000 | 1.360000 | 1.296667 | 1.146667 |   3.724873 |      484 |      408 |       76 |   7.063610 |      8 | 0.920358 | 2.016681
 381 | 114000.0 | 114300.0 | 0.013259 | 0.020128 |   7.063610 |      8 | 0.920358 | 1.200000 | 1.290000 | 1.266667 | 1.300000 |  -0.828038 |      464 |      387 |       77 |   7.062417 |      8 | 0.909379 | 2.294679
 382 | 114300.0 | 114600.0 | 0.013239 | 0.020121 |   7.062417 |      8 | 0.909379 | 1.200000 | 1.323333 | 1.393333 | 1.273333 |   2.981974 |      474 |      397 |       77 |   7.060784 |      8 | 0.948858 | 1.294992
 383 | 114600.0 | 114900.0 | 0.013220 | 0.020114 |   7.060784 |      8 | 0.948858 | 1.200000 | 1.106667 | 0.673333 | 1.416667 | -18.478078 |      383 |      332 |       52 |   7.062018 |      8 | 0.704575 | 7.480666
 384 | 114900.0 | 115200.0 | 0.013201 | 0.020107 |   7.062018 |      8 | 0.704575 | 1.200000 | 1.060000 | 1.023333 | 0.863333 |   3.978721 |      432 |      318 |      113 |   7.063866 |      8 | 0.757098 | 6.150686
 385 | 115200.0 | 115500.0 | 0.013182 | 0.020100 |   7.063866 |      8 | 0.757098 | 1.200000 | 1.206667 | 1.190000 | 1.000000 |   4.726362 |      456 |      362 |       94 |   7.063778 |      8 | 0.819401 | 4.573072
 386 | 115500.0 | 115800.0 | 0.013163 | 0.020093 |   7.063778 |      8 | 0.819401 | 1.200000 | 1.146667 | 1.176667 | 1.170000 |   0.165894 |      447 |      344 |      103 |   7.064480 |      8 | 0.821585 | 4.517778
 387 | 115800.0 | 116100.0 | 0.013144 | 0.020086 |   7.064480 |      8 | 0.821585 | 1.200000 | 1.096667 | 1.296667 | 1.073333 |   5.559372 |      437 |      329 |      108 |   7.065839 |      8 | 0.894658 | 2.667450
 388 | 116100.0 | 116400.0 | 0.013125 | 0.020079 |   7.065839 |      8 | 0.894658 | 1.200000 | 1.153333 | 1.313333 | 1.246667 |   1.660083 |      446 |      346 |      100 |   7.066451 |      8 | 0.916447 | 2.115716
 389 | 116400.0 | 116700.0 | 0.013106 | 0.020072 |   7.066451 |      8 | 0.916447 | 1.200000 | 1.353333 | 1.310000 | 1.170000 |   3.487367 |      478 |      406 |       72 |   7.064441 |      8 | 0.962153 | 0.958340
 390 | 116700.0 | 117000.0 | 0.013088 | 0.020066 |   7.064441 |      8 | 0.962153 | 1.200000 | 0.856667 | 0.393333 | 1.116667 | -18.024216 |      288 |      257 |       34 |   7.068935 |      8 | 0.726258 | 6.931612
 391 | 117000.0 | 117300.0 | 0.013069 | 0.020059 |   7.068935 |      8 | 0.726258 | 1.200000 | 1.063333 | 1.116667 | 0.980000 |   3.406657 |      432 |      319 |      110 |   7.070721 |      8 | 0.770780 | 5.804247
 392 | 117300.0 | 117600.0 | 0.013050 | 0.020052 |   7.070721 |      8 | 0.770780 | 1.200000 | 1.153333 | 1.120000 | 0.970000 |   3.740284 |      448 |      346 |      102 |   7.071330 |      8 | 0.819592 | 4.568236
 393 | 117600.0 | 117900.0 | 0.013032 | 0.020045 |   7.071330 |      8 | 0.819592 | 1.200000 | 1.176667 | 1.286667 | 1.193333 |   2.328077 |      452 |      353 |       99 |   7.071634 |      8 | 0.849931 | 3.799995
 394 | 117900.0 | 118200.0 | 0.013013 | 0.020038 |   7.071634 |      8 | 0.849931 | 1.200000 | 1.183333 | 1.243333 | 1.226667 |   0.415869 |      453 |      355 |       98 |   7.071851 |      8 | 0.855343 | 3.662957
 395 | 118200.0 | 118500.0 | 0.012995 | 0.020032 |   7.071851 |      8 | 0.855343 | 1.200000 | 1.216667 | 1.296667 | 1.133333 |   4.076888 |      458 |      365 |       93 |   7.071634 |      8 | 0.908322 | 2.321434
 396 | 118500.0 | 118800.0 | 0.012977 | 0.020025 |   7.071634 |      8 | 0.908322 | 1.200000 | 1.360000 | 1.290000 | 1.270000 |   0.499379 |      481 |      408 |       73 |   7.069558 |      8 | 0.914803 | 2.157342
 397 | 118800.0 | 119100.0 | 0.012958 | 0.020018 |   7.069558 |      8 | 0.914803 | 1.200000 | 1.383333 | 1.336667 | 1.286667 |   1.248867 |      484 |      415 |       69 |   7.067182 |      8 | 0.930986 | 1.747553
 398 | 119100.0 | 119400.0 | 0.012940 | 0.020011 |   7.067182 |      8 | 0.930986 | 1.200000 | 1.270000 | 1.066667 | 1.300000 |  -5.829999 |      457 |      381 |       76 |   7.066277 |      8 | 0.855545 | 3.657851
 399 | 119400.0 | 119700.0 | 0.012922 | 0.020005 |   7.066277 |      8 | 0.855545 | 1.200000 | 1.336667 | 1.240000 | 1.183333 |   1.416331 |      480 |      401 |       79 |   7.064511 |      8 | 0.873847 | 3.194418
 400 | 119700.0 | 120000.0 | 0.012904 | 0.019998 |   7.064511 |      8 | 0.873847 | 1.200000 | 1.296667 | 1.280000 | 1.180000 |   2.500241 |      472 |      389 |       83 |   7.063263 |      8 | 0.906110 | 2.377467
 401 | 120000.0 | 120300.0 | 0.012886 | 0.019991 |   7.063263 |      8 | 0.906110 | 1.200000 | 1.316667 | 1.336667 | 1.226667 |   2.751181 |      473 |      395 |       79 |   7.061760 |      8 | 0.941561 | 1.479778
 402 | 120300.0 | 120600.0 | 0.012868 | 0.019985 |   7.061760 |      8 | 0.941561 | 1.200000 | 1.293333 | 0.833333 | 1.296667 | -11.592159 |      436 |      388 |       49 |   7.060559 |      8 | 0.792394 | 5.256934
 403 | 120600.0 | 120900.0 | 0.012850 | 0.019978 |   7.060559 |      8 | 0.792394 | 1.200000 | 1.123333 | 1.166667 | 1.006667 |   4.004375 |      442 |      337 |      103 |   7.061544 |      8 | 0.843850 | 3.953976
 404 | 120900.0 | 121200.0 | 0.012832 | 0.019972 |   7.061544 |      8 | 0.843850 | 1.200000 | 1.183333 | 1.300000 | 1.156667 |   3.588439 |      453 |      355 |       98 |   7.061758 |      8 | 0.889898 | 2.787979
 405 | 121200.0 | 121500.0 | 0.012814 | 0.019965 |   7.061758 |      8 | 0.889898 | 1.200000 | 1.373333 | 1.333333 | 1.250000 |   2.086990 |      485 |      412 |       73 |   7.059537 |      8 | 0.916641 | 2.110790
 406 | 121500.0 | 121800.0 | 0.012797 | 0.019958 |   7.059537 |      8 | 0.916641 | 1.200000 | 1.333333 | 1.286667 | 1.283333 |   0.083507 |      474 |      400 |       74 |   7.057831 |      8 | 0.917710 | 2.083731
 407 | 121800.0 | 122100.0 | 0.012779 | 0.019952 |   7.057831 |      8 | 0.917710 | 1.200000 | 1.350000 | 1.310000 | 1.220000 |   2.255433 |      479 |      405 |       74 |   7.055914 |      8 | 0.946532 | 1.353908
 408 | 122100.0 | 122400.0 | 0.012761 | 0.019945 |   7.055914 |      8 | 0.946532 | 1.200000 | 1.180000 | 0.766667 | 1.340000 | -14.372655 |      401 |      354 |       50 |   7.056169 |      8 | 0.763118 | 5.998265
 409 | 122400.0 | 122700.0 | 0.012744 | 0.019939 |   7.056169 |      8 | 0.763118 | 1.200000 | 1.050000 | 1.103333 | 0.990000 |   2.842036 |      431 |      315 |      113 |   7.058081 |      8 | 0.799336 | 5.081158
 410 | 122700.0 | 123000.0 | 0.012726 | 0.019932 |   7.058081 |      8 | 0.799336 | 1.200000 | 1.036667 | 1.226667 | 1.093333 |   3.344663 |      426 |      311 |      115 |   7.060159 |      8 | 0.841901 | 4.003337
 411 | 123000.0 | 123300.0 | 0.012709 | 0.019926 |   7.060159 |      8 | 0.841901 | 1.200000 | 1.193333 | 1.220000 | 1.166667 |   1.338301 |      454 |      358 |       96 |   7.060244 |      8 | 0.858909 | 3.572659
 412 | 123300.0 | 123600.0 | 0.012691 | 0.019919 |   7.060244 |      8 | 0.858909 | 1.200000 | 1.193333 | 1.216667 | 1.220000 |  -0.083671 |      454 |      358 |       96 |   7.060328 |      8 | 0.857847 | 3.599549
 413 | 123600.0 | 123900.0 | 0.012674 | 0.019913 |   7.060328 |      8 | 0.857847 | 1.200000 | 1.310000 | 1.313333 | 1.226667 |   2.176152 |      476 |      393 |       83 |   7.058934 |      8 | 0.885428 | 2.901155
 414 | 123900.0 | 124200.0 | 0.012657 | 0.019906 |   7.058934 |      8 | 0.885428 | 1.200000 | 1.250000 | 1.346667 | 1.200000 |   3.683911 |      463 |      375 |       88 |   7.058301 |      8 | 0.932055 | 1.720486
 415 | 124200.0 | 124500.0 | 0.012640 | 0.019900 |   7.058301 |      8 | 0.932055 | 1.200000 | 1.363333 | 1.053333 | 1.286667 |  -5.862660 |      469 |      409 |       60 |   7.056237 |      8 | 0.857953 | 3.596875
 416 | 124500.0 | 124800.0 | 0.012622 | 0.019894 |   7.056237 |      8 | 0.857953 | 1.200000 | 1.236667 | 1.306667 | 1.123333 |   4.607860 |      463 |      371 |       92 |   7.055774 |      8 | 0.916116 | 2.124096
 417 | 124800.0 | 125100.0 | 0.012605 | 0.019887 |   7.055774 |      8 | 0.916116 | 1.200000 | 1.480000 | 1.230000 | 1.300000 |  -1.759931 |      501 |      444 |       57 |   7.052245 |      8 | 0.893931 | 2.685849
 418 | 125100.0 | 125400.0 | 0.012588 | 0.019881 |   7.052245 |      8 | 0.893931 | 1.200000 | 1.300000 | 1.323333 | 1.276667 |   1.173664 |      472 |      390 |       82 |   7.050986 |      8 | 0.908706 | 2.311733
 419 | 125400.0 | 125700.0 | 0.012571 | 0.019874 |   7.050986 |      8 | 0.908706 | 1.200000 | 1.416667 | 1.253333 | 1.283333 |  -0.754740 |      491 |      425 |       67 |   7.048262 |      8 | 0.899217 | 2.551988
 420 | 125700.0 | 126000.0 | 0.012554 | 0.019868 |   7.048262 |      8 | 0.899217 | 1.200000 | 1.273333 | 1.386667 | 1.296667 |   2.264943 |      465 |      382 |       82 |   7.047341 |      8 | 0.927653 | 1.831962
 421 | 126000.0 | 126300.0 | 0.012538 | 0.019862 |   7.047341 |      8 | 0.927653 | 1.200000 | 1.410000 | 1.090000 | 1.286667 |  -4.950897 |      485 |      423 |       62 |   7.044708 |      8 | 0.865580 | 3.403739
 422 | 126300.0 | 126600.0 | 0.012521 | 0.019855 |   7.044708 |      8 | 0.865580 | 1.200000 | 1.243333 | 1.300000 | 1.253333 |   1.175163 |      463 |      373 |       90 |   7.044166 |      8 | 0.880294 | 3.031157
 423 | 126600.0 | 126900.0 | 0.012504 | 0.019849 |   7.044166 |      8 | 0.880294 | 1.200000 | 1.370000 | 1.313333 | 1.223333 |   2.267105 |      485 |      411 |       74 |   7.042040 |      8 | 0.908642 | 2.313340
 424 | 126900.0 | 127200.0 | 0.012487 | 0.019843 |   7.042040 |      8 | 0.908642 | 1.200000 | 1.350000 | 1.343333 | 1.290000 |   1.343895 |      479 |      405 |       74 |   7.040167 |      8 | 0.925424 | 1.888400
 425 | 127200.0 | 127500.0 | 0.012471 | 0.019837 |   7.040167 |      8 | 0.925424 | 1.200000 | 1.313333 | 1.093333 | 1.310000 |  -5.461301 |      467 |      394 |       73 |   7.038754 |      8 | 0.857318 | 3.612958
 426 | 127500.0 | 127800.0 | 0.012454 | 0.019830 |   7.038754 |      8 | 0.857318 | 1.200000 | 1.233333 | 1.266667 | 1.180000 |   2.185210 |      462 |      370 |       92 |   7.038339 |      8 | 0.884532 | 2.923836
 427 | 127800.0 | 128100.0 | 0.012437 | 0.019824 |   7.038339 |      8 | 0.884532 | 1.200000 | 1.333333 | 1.343333 | 1.293333 |   1.261095 |      479 |      400 |       79 |   7.036680 |      8 | 0.900217 | 2.526669
 428 | 128100.0 | 128400.0 | 0.012421 | 0.019818 |   7.036680 |      8 | 0.900217 | 1.200000 | 1.293333 | 1.370000 | 1.230000 |   3.532175 |      467 |      388 |       79 |   7.035521 |      8 | 0.944090 | 1.415726
 429 | 128400.0 | 128700.0 | 0.012405 | 0.019812 |   7.035521 |      8 | 0.944090 | 1.200000 | 1.180000 | 0.816667 | 1.316667 | -12.618866 |      414 |      354 |       61 |   7.035769 |      8 | 0.787559 | 5.379369
 430 | 128700.0 | 129000.0 | 0.012388 | 0.019805 |   7.035769 |      8 | 0.787559 | 1.200000 | 1.206667 | 1.216667 | 1.063333 |   3.870996 |      457 |      362 |       94 |   7.035687 |      8 | 0.835514 | 4.165078
 431 | 129000.0 | 129300.0 | 0.012372 | 0.019799 |   7.035687 |      8 | 0.835514 | 1.200000 | 1.086667 | 1.266667 | 1.253333 |   0.336713 |      436 |      326 |      110 |   7.037089 |      8 | 0.839679 | 4.059594
 432 | 129300.0 | 129600.0 | 0.012356 | 0.019793 |   7.037089 |      8 | 0.839679 | 1.200000 | 1.266667 | 1.180000 | 1.123333 |   1.431478 |      468 |      380 |       88 |   7.036265 |      8 | 0.857366 | 3.611736
 433 | 129600.0 | 129900.0 | 0.012339 | 0.019787 |   7.036265 |      8 | 0.857366 | 1.200000 | 1.326667 | 1.303333 | 1.190000 |   2.863846 |      478 |      398 |       80 |   7.034702 |      8 | 0.892704 | 2.716920
 434 | 129900.0 | 130200.0 | 0.012323 | 0.019781 |   7.034702 |      8 | 0.892704 | 1.200000 | 1.353333 | 1.336667 | 1.363333 |  -0.674055 |      481 |      406 |       75 |   7.032812 |      8 | 0.884397 | 2.927254
 435 | 130200.0 | 130500.0 | 0.012307 | 0.019775 |   7.032812 |      8 | 0.884397 | 1.200000 | 1.313333 | 1.223333 | 1.290000 |  -1.685660 |      475 |      394 |       81 |   7.031418 |      8 | 0.863652 | 3.452564
 436 | 130500.0 | 130800.0 | 0.012291 | 0.019769 |   7.031418 |      8 | 0.863652 | 1.200000 | 1.340000 | 1.256667 | 1.243333 |   0.337236 |      481 |      402 |       79 |   7.029697 |      8 | 0.867797 | 3.347607
 437 | 130800.0 | 131100.0 | 0.012275 | 0.019762 |   7.029697 |      8 | 0.867797 | 1.200000 | 1.210000 | 1.230000 | 1.230000 |   0.000000 |      457 |      363 |       94 |   7.029574 |      8 | 0.867797 | 3.347607
 438 | 131100.0 | 131400.0 | 0.012259 | 0.019756 |   7.029574 |      8 | 0.867797 | 1.200000 | 1.213333 | 1.293333 | 1.293333 |   0.000000 |      457 |      364 |       93 |   7.029411 |      8 | 0.867797 | 3.347607
 439 | 131400.0 | 131700.0 | 0.012243 | 0.019750 |   7.029411 |      8 | 0.867797 | 1.200000 | 1.283333 | 1.273333 | 1.283333 |  -0.253161 |      471 |      385 |       86 |   7.028390 |      8 | 0.864698 | 3.426090
 440 | 131700.0 | 132000.0 | 0.012227 | 0.019744 |   7.028390 |      8 | 0.864698 | 1.200000 | 1.213333 | 1.226667 | 1.160000 |   1.688255 |      457 |      364 |       93 |   7.028227 |      8 | 0.885340 | 2.903387
 441 | 132000.0 | 132300.0 | 0.012211 | 0.019738 |   7.028227 |      8 | 0.885340 | 1.200000 | 1.330000 | 1.250000 | 1.290000 |  -1.013263 |      478 |      399 |       79 |   7.026640 |      8 | 0.872967 | 3.216699
 442 | 132300.0 | 132600.0 | 0.012196 | 0.019732 |   7.026640 |      8 | 0.872967 | 1.200000 | 1.100000 | 1.366667 | 1.253333 |   2.871788 |      436 |      330 |      106 |   7.027860 |      8 | 0.907990 | 2.329857
 443 | 132600.0 | 132900.0 | 0.012180 | 0.019726 |   7.027860 |      8 | 0.907990 | 1.200000 | 1.200000 | 1.303333 | 1.250000 |   1.351841 |      453 |      360 |       93 |   7.027860 |      8 | 0.924455 | 1.912931
 444 | 132900.0 | 133200.0 | 0.012164 | 0.019720 |   7.027860 |      8 | 0.924455 | 1.200000 | 1.356667 | 1.203333 | 1.350000 |  -3.718694 |      475 |      407 |       68 |   7.025954 |      8 | 0.879220 | 3.058350
 445 | 133200.0 | 133500.0 | 0.012148 | 0.019714 |   7.025954 |      8 | 0.879220 | 1.200000 | 1.316667 | 1.286667 | 1.366667 |  -2.028994 |      477 |      395 |       82 |   7.024537 |      8 | 0.854571 | 3.682511
 446 | 133500.0 | 133800.0 | 0.012133 | 0.019708 |   7.024537 |      8 | 0.854571 | 1.200000 | 1.163333 | 1.160000 | 1.153333 |   0.169134 |      447 |      349 |       98 |   7.024981 |      8 | 0.856623 | 3.630548
 447 | 133800.0 | 134100.0 | 0.012117 | 0.019702 |   7.024981 |      8 | 0.856623 | 1.200000 | 1.296667 | 1.210000 | 1.163333 |   1.184296 |      476 |      389 |       87 |   7.023810 |      8 | 0.870974 | 3.267167
 448 | 134100.0 | 134400.0 | 0.012102 | 0.019696 |   7.023810 |      8 | 0.870974 | 1.200000 | 1.280000 | 1.363333 | 1.220000 |   3.638577 |      468 |      384 |       84 |   7.022842 |      8 | 0.915007 | 2.152158
 449 | 134400.0 | 134700.0 | 0.012086 | 0.019690 |   7.022842 |      8 | 0.915007 | 1.200000 | 1.363333 | 1.290000 | 1.210000 |   2.031445 |      481 |      409 |       72 |   7.020868 |      8 | 0.939560 | 1.530434
 450 | 134700.0 | 135000.0 | 0.012071 | 0.019685 |   7.020868 |      8 | 0.939560 | 1.200000 | 1.200000 | 0.916667 | 1.383333 | -11.853655 |      429 |      360 |       69 |   7.020868 |      8 | 0.796474 | 5.153628
 451 | 135000.0 | 135300.0 | 0.012056 | 0.019679 |   7.020868 |      8 | 0.796474 | 1.200000 | 1.156667 | 1.093333 | 1.070000 |   0.592860 |      448 |      347 |      101 |   7.021390 |      8 | 0.803621 | 4.972644
 452 | 135300.0 | 135600.0 | 0.012040 | 0.019673 |   7.021390 |      8 | 0.803621 | 1.200000 | 1.170000 | 1.206667 | 1.113333 |   2.372151 |      451 |      351 |      100 |   7.021751 |      8 | 0.832183 | 4.249412
 453 | 135600.0 | 135900.0 | 0.012025 | 0.019667 |   7.021751 |      8 | 0.832183 | 1.200000 | 1.256667 | 1.266667 | 1.026667 |   6.101638 |      466 |      377 |       89 |   7.021070 |      8 | 0.905557 | 2.391470
 454 | 135900.0 | 136200.0 | 0.012010 | 0.019661 |   7.021070 |      8 | 0.905557 | 1.200000 | 1.333333 | 1.343333 | 1.303333 |   1.017243 |      476 |      400 |       76 |   7.019469 |      8 | 0.917774 | 2.082112
 455 | 136200.0 | 136500.0 | 0.011995 | 0.019655 |   7.019469 |      8 | 0.917774 | 1.200000 | 1.293333 | 1.203333 | 1.280000 |  -1.950295 |      467 |      388 |       79 |   7.018349 |      8 | 0.894380 | 2.674476
 456 | 136500.0 | 136800.0 | 0.011980 | 0.019649 |   7.018349 |      8 | 0.894380 | 1.200000 | 1.363333 | 1.360000 | 1.300000 |   1.526771 |      485 |      409 |       76 |   7.016392 |      8 | 0.912670 | 2.211333
 457 | 136800.0 | 137100.0 | 0.011965 | 0.019643 |   7.016392 |      8 | 0.912670 | 1.200000 | 1.346667 | 1.346667 | 1.210000 |   3.478675 |      478 |      404 |       74 |   7.014638 |      8 | 0.954292 | 1.157412
 458 | 137100.0 | 137400.0 | 0.011950 | 0.019638 |   7.014638 |      8 | 0.954292 | 1.200000 | 1.006667 | 0.600000 | 1.286667 | -17.483385 |      347 |      302 |       49 |   7.016948 |      8 | 0.745371 | 6.447644
 459 | 137400.0 | 137700.0 | 0.011935 | 0.019632 |   7.016948 |      8 | 0.745371 | 1.200000 | 1.006667 | 1.010000 | 0.996667 |   0.339583 |      424 |      302 |      118 |   7.019255 |      8 | 0.749424 | 6.345020
 460 | 137700.0 | 138000.0 | 0.011920 | 0.019626 |   7.019255 |      8 | 0.749424 | 1.200000 | 1.023333 | 1.056667 | 1.006667 |   1.273813 |      423 |      307 |      116 |   7.021361 |      8 | 0.764607 | 5.960546
 461 | 138000.0 | 138300.0 | 0.011905 | 0.019620 |   7.021361 |      8 | 0.764607 | 1.200000 | 1.220000 | 1.026667 | 1.046667 |  -0.509675 |      458 |      366 |       92 |   7.021123 |      8 | 0.758540 | 6.114189
 462 | 138300.0 | 138600.0 | 0.011890 | 0.019615 |   7.021123 |      8 | 0.758540 | 1.200000 | 1.020000 | 1.136667 | 0.933333 |   5.183213 |      425 |      306 |      119 |   7.023263 |      8 | 0.820169 | 4.553642
 463 | 138600.0 | 138900.0 | 0.011875 | 0.019609 |   7.023263 |      8 | 0.820169 | 1.200000 | 1.290000 | 1.193333 | 1.066667 |   3.229832 |      472 |      387 |       85 |   7.022194 |      8 | 0.858524 | 3.582422
 464 | 138900.0 | 139200.0 | 0.011861 | 0.019603 |   7.022194 |      8 | 0.858524 | 1.200000 | 1.256667 | 1.203333 | 1.106667 |   2.465592 |      466 |      377 |       89 |   7.021522 |      8 | 0.887767 | 2.841933
 465 | 139200.0 | 139500.0 | 0.011846 | 0.019597 |   7.021522 |      8 | 0.887767 | 1.200000 | 1.246667 | 1.240000 | 1.230000 |   0.255136 |      463 |      374 |       89 |   7.020970 |      8 | 0.890789 | 2.765403
 466 | 139500.0 | 139800.0 | 0.011831 | 0.019592 |   7.020970 |      8 | 0.890789 | 1.200000 | 1.423333 | 1.310000 | 1.353333 |  -1.105909 |      494 |      427 |       68 |   7.018327 |      8 | 0.877705 | 3.096718
 467 | 139800.0 | 140100.0 | 0.011817 | 0.019586 |   7.018327 |      8 | 0.877705 | 1.200000 | 1.340000 | 1.283333 | 1.276667 |   0.170189 |      480 |      402 |       77 |   7.016673 |      8 | 0.879716 | 3.045795
 468 | 140100.0 | 140400.0 | 0.011802 | 0.019580 |   7.016673 |      8 | 0.879716 | 1.200000 | 1.313333 | 1.260000 | 1.266667 |  -0.170239 |      475 |      394 |       81 |   7.015335 |      8 | 0.877707 | 3.096670
 469 | 140400.0 | 140700.0 | 0.011787 | 0.019575 |   7.015335 |      8 | 0.877707 | 1.200000 | 1.246667 | 1.343333 | 1.210000 |   3.405758 |      462 |      374 |       88 |   7.014785 |      8 | 0.917852 | 2.080121
 470 | 140700.0 | 141000.0 | 0.011773 | 0.019569 |   7.014785 |      8 | 0.917852 | 1.200000 | 1.413333 | 1.253333 | 1.220000 |   0.851685 |      490 |      424 |       66 |   7.012274 |      8 | 0.927879 | 1.826222
 471 | 141000.0 | 141300.0 | 0.011759 | 0.019563 |   7.012274 |      8 | 0.927879 | 1.200000 | 1.270000 | 1.076667 | 1.280000 |  -5.196779 |      457 |      381 |       77 |   7.011451 |      8 | 0.866772 | 3.373549
 472 | 141300.0 | 141600.0 | 0.011744 | 0.019558 |   7.011451 |      8 | 0.866772 | 1.200000 | 1.276667 | 1.310000 | 1.233333 |   1.960005 |      470 |      383 |       86 |   7.010550 |      8 | 0.889791 | 2.790678
 473 | 141600.0 | 141900.0 | 0.011730 | 0.019552 |   7.010550 |      8 | 0.889791 | 1.200000 | 1.430000 | 1.370000 | 1.166667 |   5.199766 |      495 |      429 |       66 |   7.007852 |      8 | 0.950784 | 1.246246
 474 | 141900.0 | 142200.0 | 0.011716 | 0.019547 |   7.007852 |      8 | 0.950784 | 1.200000 | 1.060000 | 0.676667 | 1.416667 | -18.929163 |      369 |      318 |       51 |   7.009492 |      8 | 0.729018 | 6.861718
 475 | 142200.0 | 142500.0 | 0.011701 | 0.019541 |   7.009492 |      8 | 0.729018 | 1.200000 | 1.040000 | 0.990000 | 0.980000 |   0.255873 |      428 |      312 |      116 |   7.011365 |      8 | 0.732013 | 6.785904
 476 | 142500.0 | 142800.0 | 0.011687 | 0.019535 |   7.011365 |      8 | 0.732013 | 1.200000 | 0.993333 | 1.030000 | 0.996667 |   0.853152 |      420 |      298 |      122 |   7.013780 |      8 | 0.741983 | 6.533425
 477 | 142800.0 | 143100.0 | 0.011673 | 0.019530 |   7.013780 |      8 | 0.741983 | 1.200000 | 0.913333 | 1.076667 | 1.036667 |   1.024075 |      402 |      274 |      128 |   7.017126 |      8 | 0.753937 | 6.230733
 478 | 143100.0 | 143400.0 | 0.011659 | 0.019524 |   7.017126 |      8 | 0.753937 | 1.200000 | 1.040000 | 1.010000 | 1.020000 |  -0.256091 |      428 |      312 |      116 |   7.018992 |      8 | 0.750952 | 6.306336
 479 | 143400.0 | 143700.0 | 0.011645 | 0.019519 |   7.018992 |      8 | 0.750952 | 1.200000 | 1.050000 | 1.146667 | 1.013333 |   3.415522 |      429 |      315 |      114 |   7.020738 |      8 | 0.790724 | 5.299230
 480 | 143700.0 | 144000.0 | 0.011631 | 0.019513 |   7.020738 |      8 | 0.790724 | 1.200000 | 1.070000 | 1.243333 | 1.043333 |   5.124735 |      432 |      321 |      111 |   7.022250 |      8 | 0.850327 | 3.789966
 481 | 144000.0 | 144300.0 | 0.011617 | 0.019508 |   7.022250 |      8 | 0.850327 | 1.200000 | 1.130000 | 1.186667 | 1.193333 |  -0.170873 |      445 |      339 |      106 |   7.023063 |      8 | 0.848342 | 3.840229
 482 | 144300.0 | 144600.0 | 0.011603 | 0.019502 |   7.023063 |      8 | 0.848342 | 1.200000 | 1.286667 | 1.273333 | 1.310000 |  -0.940066 |      470 |      386 |       84 |   7.022058 |      8 | 0.837435 | 4.116417
 483 | 144600.0 | 144900.0 | 0.011589 | 0.019497 |   7.022058 |      8 | 0.837435 | 1.200000 | 1.200000 | 1.186667 | 1.166667 |   0.512908 |      456 |      360 |       96 |   7.022058 |      8 | 0.843379 | 3.965907
 484 | 144900.0 | 145200.0 | 0.011575 | 0.019491 |   7.022058 |      8 | 0.843379 | 1.200000 | 1.233333 | 1.190000 | 1.136667 |   1.368138 |      463 |      370 |       93 |   7.021672 |      8 | 0.859215 | 3.564917
 485 | 145200.0 | 145500.0 | 0.011561 | 0.019486 |   7.021672 |      8 | 0.859215 | 1.200000 | 1.276667 | 1.383333 | 1.223333 |   4.105566 |      468 |      383 |       85 |   7.020786 |      8 | 0.906679 | 2.363048
 486 | 145500.0 | 145800.0 | 0.011547 | 0.019480 |   7.020786 |      8 | 0.906679 | 1.200000 | 1.350000 | 1.316667 | 1.260000 |   1.454462 |      479 |      405 |       74 |   7.019054 |      8 | 0.923474 | 1.937776
 487 | 145800.0 | 146100.0 | 0.011533 | 0.019475 |   7.019054 |      8 | 0.923474 | 1.200000 | 1.376667 | 1.136667 | 1.390000 |  -6.504119 |      480 |      413 |       67 |   7.017016 |      8 | 0.848460 | 3.837257
 488 | 146100.0 | 146400.0 | 0.011520 | 0.019469 |   7.017016 |      8 | 0.848460 | 1.200000 | 1.323333 | 1.346667 | 1.166667 |   4.622638 |      477 |      397 |       80 |   7.015595 |      8 | 0.901711 | 2.488856
 489 | 146400.0 | 146700.0 | 0.011506 | 0.019464 |   7.015595 |      8 | 0.901711 | 1.200000 | 1.230000 | 1.360000 | 1.336667 |   0.599398 |      459 |      369 |       90 |   7.015250 |      8 | 0.908607 | 2.314223
 490 | 146700.0 | 147000.0 | 0.011492 | 0.019459 |   7.015250 |      8 | 0.908607 | 1.200000 | 1.366667 | 1.346667 | 1.176667 |   4.368255 |      482 |      410 |       72 |   7.013335 |      8 | 0.958808 | 1.043049
 491 | 147000.0 | 147300.0 | 0.011479 | 0.019453 |   7.013335 |      8 | 0.958808 | 1.200000 | 0.933333 | 0.486667 | 1.313333 | -21.247607 |      312 |      280 |       35 |   7.016396 |      8 | 0.714915 | 7.218832
 492 | 147300.0 | 147600.0 | 0.011465 | 0.019448 |   7.016396 |      8 | 0.714915 | 1.200000 | 0.890000 | 1.046667 | 0.943333 |   2.656687 |      403 |      267 |      133 |   7.019950 |      8 | 0.745374 | 6.447558
 493 | 147600.0 | 147900.0 | 0.011451 | 0.019442 |   7.019950 |      8 | 0.745374 | 1.200000 | 1.083333 | 1.003333 | 0.936667 |   1.714465 |      434 |      325 |      109 |   7.021286 |      8 | 0.765008 | 5.950413
 494 | 147900.0 | 148200.0 | 0.011438 | 0.019437 |   7.021286 |      8 | 0.765008 | 1.200000 | 1.116667 | 1.063333 | 1.003333 |   1.543445 |      441 |      335 |      106 |   7.022239 |      8 | 0.782661 | 5.503386
 495 | 148200.0 | 148500.0 | 0.011425 | 0.019432 |   7.022239 |      8 | 0.782661 | 1.200000 | 1.110000 | 1.173333 | 1.050000 |   3.173511 |      439 |      333 |      106 |   7.023267 |      8 | 0.818917 | 4.585325
 496 | 148500.0 | 148800.0 | 0.011411 | 0.019426 |   7.023267 |      8 | 0.818917 | 1.200000 | 1.166667 | 1.153333 | 1.130000 |   0.600559 |      451 |      350 |      101 |   7.023648 |      8 | 0.825770 | 4.411794
 497 | 148800.0 | 149100.0 | 0.011398 | 0.019421 |   7.023648 |      8 | 0.825770 | 1.200000 | 1.190000 | 1.213333 | 1.153333 |   1.544719 |      454 |      357 |       97 |   7.023762 |      8 | 0.843377 | 3.965973
 498 | 149100.0 | 149400.0 | 0.011384 | 0.019416 |   7.023762 |      8 | 0.843377 | 1.200000 | 1.143333 | 1.310000 | 1.163333 |   3.777013 |      445 |      343 |      102 |   7.024407 |      8 | 0.886376 | 2.877166
 499 | 149400.0 | 149700.0 | 0.011371 | 0.019410 |   7.024407 |      8 | 0.886376 | 1.200000 | 1.283333 | 1.363333 | 1.210000 |   3.949776 |      470 |      385 |       85 |   7.023459 |      8 | 0.931289 | 1.739888
 500 | 149700.0 | 150000.0 | 0.011358 | 0.019405 |   7.023459 |      8 | 0.931289 | 1.200000 | 1.290000 | 1.070000 | 1.396667 |  -8.417037 |      460 |      387 |       74 |   7.022437 |      8 | 0.835690 | 4.160619
 501 | 150000.0 | 150300.0 | 0.011345 | 0.019400 |   7.022437 |      8 | 0.835690 | 1.200000 | 1.136667 | 1.213333 | 1.133333 |   2.061877 |      445 |      341 |      103 |   7.023155 |      8 | 0.859081 | 3.568316
 502 | 150300.0 | 150600.0 | 0.011331 | 0.019395 |   7.023155 |      8 | 0.859081 | 1.200000 | 1.170000 | 1.273333 | 1.203333 |   1.804633 |      450 |      351 |       99 |   7.023495 |      8 | 0.879530 | 3.050513
 503 | 150600.0 | 150900.0 | 0.011318 | 0.019389 |   7.023495 |      8 | 0.879530 | 1.200000 | 1.350000 | 1.326667 | 1.250000 |   1.977040 |      482 |      405 |       77 |   7.021798 |      8 | 0.901906 | 2.483900
 504 | 150900.0 | 151200.0 | 0.011305 | 0.019384 |   7.021798 |      8 | 0.901906 | 1.200000 | 1.363333 | 1.290000 | 1.266667 |   0.601871 |      482 |      409 |       73 |   7.019951 |      8 | 0.908711 | 2.311606
 505 | 151200.0 | 151500.0 | 0.011292 | 0.019379 |   7.019951 |      8 | 0.908711 | 1.200000 | 1.400000 | 1.286667 | 1.233333 |   1.376077 |      488 |      420 |       68 |   7.017693 |      8 | 0.924249 | 1.918140
 506 | 151500.0 | 151800.0 | 0.011279 | 0.019374 |   7.017693 |      8 | 0.924249 | 1.200000 | 1.443333 | 1.203333 | 1.373333 |  -4.387429 |      493 |      433 |       60 |   7.014948 |      8 | 0.874764 | 3.171202
 507 | 151800.0 | 152100.0 | 0.011266 | 0.019368 |   7.014948 |      8 | 0.874764 | 1.200000 | 1.300000 | 1.313333 | 1.250000 |   1.634973 |      472 |      390 |       82 |   7.013822 |      8 | 0.893183 | 2.704788
 508 | 152100.0 | 152400.0 | 0.011253 | 0.019363 |   7.013822 |      8 | 0.893183 | 1.200000 | 1.293333 | 1.293333 | 1.303333 |  -0.258223 |      472 |      388 |       84 |   7.012771 |      8 | 0.890277 | 2.778367
 509 | 152400.0 | 152700.0 | 0.011240 | 0.019358 |   7.012771 |      8 | 0.890277 | 1.200000 | 1.266667 | 1.270000 | 1.280000 |  -0.258292 |      465 |      380 |       85 |   7.012022 |      8 | 0.887374 | 2.851882
 510 | 152700.0 | 153000.0 | 0.011227 | 0.019353 |   7.012022 |      8 | 0.887374 | 1.200000 | 1.196667 | 1.336667 | 1.163333 |   4.478270 |      454 |      359 |       95 |   7.012059 |      8 | 0.937652 | 1.578752
 511 | 153000.0 | 153300.0 | 0.011214 | 0.019348 |   7.012059 |      8 | 0.937652 | 1.200000 | 1.353333 | 0.943333 | 1.336667 | -10.164948 |      453 |      406 |       47 |   7.010340 |      8 | 0.823660 | 4.465239
 512 | 153300.0 | 153600.0 | 0.011201 | 0.019342 |   7.010340 |      8 | 0.823660 | 1.200000 | 1.193333 | 1.243333 | 1.146667 |   2.498833 |      454 |      358 |       96 |   7.010415 |      8 | 0.851650 | 3.756470
 513 | 153600.0 | 153900.0 | 0.011189 | 0.019337 |   7.010415 |      8 | 0.851650 | 1.200000 | 1.200000 | 1.156667 | 1.283333 |  -3.275206 |      457 |      360 |       97 |   7.010415 |      8 | 0.815005 | 4.684388
 514 | 153900.0 | 154200.0 | 0.011176 | 0.019332 |   7.010415 |      8 | 0.815005 | 1.200000 | 1.246667 | 1.180000 | 1.056667 |   3.189865 |      464 |      374 |       90 |   7.009893 |      8 | 0.850655 | 3.781679
 515 | 154200.0 | 154500.0 | 0.011163 | 0.019327 |   7.009893 |      8 | 0.850655 | 1.200000 | 1.206667 | 1.210000 | 1.173333 |   0.948590 |      457 |      362 |       95 |   7.009819 |      8 | 0.861244 | 3.513541
 516 | 154500.0 | 154800.0 | 0.011150 | 0.019322 |   7.009819 |      8 | 0.861244 | 1.200000 | 1.173333 | 1.240000 | 1.080000 |   4.140401 |      451 |      352 |       99 |   7.010116 |      8 | 0.907411 | 2.344501
 517 | 154800.0 | 155100.0 | 0.011138 | 0.019317 |   7.010116 |      8 | 0.907411 | 1.200000 | 1.380000 | 1.223333 | 1.306667 |  -2.157030 |      486 |      414 |       72 |   7.008111 |      8 | 0.883387 | 2.952846
 518 | 155100.0 | 155400.0 | 0.011125 | 0.019312 |   7.008111 |      8 | 0.883387 | 1.200000 | 1.310000 | 1.366667 | 1.220000 |   3.797377 |      474 |      393 |       81 |   7.006887 |      8 | 0.925633 | 1.883089
 519 | 155400.0 | 155700.0 | 0.011113 | 0.019306 |   7.006887 |      8 | 0.925633 | 1.200000 | 1.340000 | 1.140000 | 1.360000 |  -5.697568 |      473 |      402 |       71 |   7.005332 |      8 | 0.862319 | 3.486332
 520 | 155700.0 | 156000.0 | 0.011100 | 0.019301 |   7.005332 |      8 | 0.862319 | 1.200000 | 1.220000 | 1.200000 | 1.230000 |  -0.777146 |      458 |      366 |       92 |   7.005110 |      8 | 0.853692 | 3.704767
 521 | 156000.0 | 156300.0 | 0.011088 | 0.019296 |   7.005110 |      8 | 0.853692 | 1.200000 | 1.250000 | 1.303333 | 1.170000 |   3.454889 |      465 |      375 |       90 |   7.004555 |      8 | 0.891998 | 2.734786
 522 | 156300.0 | 156600.0 | 0.011075 | 0.019291 |   7.004555 |      8 | 0.891998 | 1.200000 | 1.246667 | 1.270000 | 1.220000 |   1.295924 |      462 |      374 |       88 |   7.004038 |      8 | 0.906351 | 2.371357
 523 | 156600.0 | 156900.0 | 0.011063 | 0.019286 |   7.004038 |      8 | 0.906351 | 1.200000 | 1.286667 | 1.346667 | 1.426667 |  -2.074021 |      468 |      386 |       82 |   7.003080 |      8 | 0.883407 | 2.952342
 524 | 156900.0 | 157200.0 | 0.011050 | 0.019281 |   7.003080 |      8 | 0.883407 | 1.200000 | 1.380000 | 1.330000 | 1.306667 |   0.605081 |      487 |      414 |       73 |   7.001091 |      8 | 0.890093 | 2.783034
 525 | 157200.0 | 157500.0 | 0.011038 | 0.019276 |   7.001091 |      8 | 0.890093 | 1.200000 | 1.333333 | 1.353333 | 1.253333 |   2.593882 |      477 |      400 |       77 |   6.999619 |      7 | 0.918724 | 2.058051
 526 | 157500.0 | 157800.0 | 0.011025 | 0.019271 |   6.999619 |      7 | 0.918724 | 1.200000 | 1.160000 | 1.140000 | 1.013333 |   3.286440 |      413 |      348 |       66 |   7.000060 |      8 | 0.954958 | 1.140529
 527 | 157800.0 | 158100.0 | 0.011013 | 0.019266 |   7.000060 |      8 | 0.954958 | 1.200000 | 0.956667 | 0.603333 | 1.336667 | -19.031709 |      341 |      287 |       55 |   7.002740 |      8 | 0.745359 | 6.447952
 528 | 158100.0 | 158400.0 | 0.011001 | 0.019261 |   7.002740 |      8 | 0.745359 | 1.200000 | 1.060000 | 1.153333 | 0.946667 |   5.364875 |      431 |      318 |      111 |   7.004280 |      8 | 0.804377 | 4.953503
 529 | 158400.0 | 158700.0 | 0.010989 | 0.019256 |   7.004280 |      8 | 0.804377 | 1.200000 | 1.053333 | 1.173333 | 1.106667 |   1.731054 |      431 |      316 |      115 |   7.005892 |      8 | 0.823399 | 4.471834
 530 | 158700.0 | 159000.0 | 0.010976 | 0.019251 |   7.005892 |      8 | 0.823399 | 1.200000 | 1.286667 | 1.223333 | 1.130000 |   2.424102 |      471 |      386 |       85 |   7.004940 |      8 | 0.850007 | 3.798073
 531 | 159000.0 | 159300.0 | 0.010964 | 0.019246 |   7.004940 |      8 | 0.850007 | 1.200000 | 1.366667 | 1.220000 | 1.073333 |   3.810288 |      486 |      410 |       76 |   7.003113 |      8 | 0.891784 | 2.740208
 532 | 159300.0 | 159600.0 | 0.010952 | 0.019241 |   7.003113 |      8 | 0.891784 | 1.200000 | 1.306667 | 1.363333 | 1.173333 |   4.937329 |      472 |      392 |       80 |   7.001945 |      8 | 0.945858 | 1.370956
 533 | 159600.0 | 159900.0 | 0.010940 | 0.019236 |   7.001945 |      8 | 0.945858 | 1.200000 | 1.163333 | 0.766667 | 1.306667 | -14.036022 |      404 |      349 |       55 |   7.002346 |      8 | 0.792304 | 5.259210
 534 | 159900.0 | 160200.0 | 0.010928 | 0.019231 |   7.002346 |      8 | 0.792304 | 1.200000 | 1.153333 | 1.153333 | 1.153333 |   0.000000 |      447 |      346 |      101 |   7.002856 |      8 | 0.792304 | 5.259210
 535 | 160200.0 | 160500.0 | 0.010916 | 0.019226 |   7.002856 |      8 | 0.792304 | 1.200000 | 1.083333 | 1.173333 | 1.113333 |   1.560359 |      437 |      325 |      112 |   7.004129 |      8 | 0.809337 | 4.827914
 536 | 160500.0 | 160800.0 | 0.010904 | 0.019221 |   7.004129 |      8 | 0.809337 | 1.200000 | 1.196667 | 1.156667 | 1.126667 |   0.780380 |      454 |      359 |       95 |   7.004166 |      8 | 0.817846 | 4.612447
 537 | 160800.0 | 161100.0 | 0.010892 | 0.019216 |   7.004166 |      8 | 0.817846 | 1.200000 | 1.183333 | 1.190000 | 1.060000 |   3.382510 |      453 |      355 |       98 |   7.004347 |      8 | 0.854688 | 3.679548
 538 | 161100.0 | 161400.0 | 0.010880 | 0.019212 |   7.004347 |      8 | 0.854688 | 1.200000 | 1.296667 | 1.240000 | 1.210000 |   0.780779 |      474 |      389 |       85 |   7.003295 |      8 | 0.863183 | 3.464445
 539 | 161400.0 | 161700.0 | 0.010868 | 0.019207 |   7.003295 |      8 | 0.863183 | 1.200000 | 1.140000 | 1.260000 | 1.186667 |   1.909056 |      444 |      342 |      102 |   7.003948 |      8 | 0.883930 | 2.939080
 540 | 161700.0 | 162000.0 | 0.010856 | 0.019202 |   7.003948 |      8 | 0.883930 | 1.200000 | 1.290000 | 1.306667 | 1.276667 |   0.781176 |      471 |      387 |       84 |   7.002971 |      8 | 0.892411 | 2.724338
 541 | 162000.0 | 162300.0 | 0.010844 | 0.019197 |   7.002971 |      8 | 0.892411 | 1.200000 | 1.276667 | 1.253333 | 1.296667 |  -1.128652 |      468 |      383 |       85 |   7.002139 |      8 | 0.880172 | 3.034261
 542 | 162300.0 | 162600.0 | 0.010832 | 0.019192 |   7.002139 |      8 | 0.880172 | 1.200000 | 1.293333 | 1.350000 | 1.246667 |   2.692085 |      471 |      388 |       83 |   7.001128 |      8 | 0.909333 | 2.295834
 543 | 162600.0 | 162900.0 | 0.010821 | 0.019187 |   7.001128 |      8 | 0.909333 | 1.200000 | 1.416667 | 1.323333 | 1.183333 |   3.648264 |      491 |      425 |       66 |   6.998784 |      7 | 0.948810 | 1.296221
 544 | 162900.0 | 163200.0 | 0.010809 | 0.019182 |   6.998784 |      7 | 0.948810 | 1.200000 | 1.086667 | 0.713333 | 1.136667 | -11.034443 |      372 |      326 |       49 |   7.000009 |      8 | 0.829540 | 4.316337
 545 | 163200.0 | 163500.0 | 0.010797 | 0.019178 |   7.000009 |      8 | 0.829540 | 1.200000 | 1.156667 | 1.316667 | 1.140000 |   4.606087 |      449 |      347 |       99 |   7.000477 |      8 | 0.879273 | 3.057024
 546 | 163500.0 | 163800.0 | 0.010785 | 0.019173 |   7.000477 |      8 | 0.879273 | 1.200000 | 1.406667 | 1.370000 | 1.266667 |   2.694805 |      492 |      422 |       70 |   6.998248 |      7 | 0.908337 | 2.321058
 547 | 163800.0 | 164100.0 | 0.010774 | 0.019168 |   6.998248 |      7 | 0.908337 | 1.200000 | 1.170000 | 1.190000 | 1.073333 |   3.043287 |      417 |      351 |       67 |   6.998571 |      7 | 0.941125 | 1.490819
 548 | 164100.0 | 164400.0 | 0.010762 | 0.019163 |   6.998571 |      7 | 0.941125 | 1.200000 | 1.046667 | 0.876667 | 1.196667 |  -8.349398 |      389 |      314 |       75 |   7.000221 |      8 | 0.851268 | 3.766157
 549 | 164400.0 | 164700.0 | 0.010751 | 0.019158 |   7.000221 |      8 | 0.851268 | 1.200000 | 1.150000 | 1.283333 | 1.156667 |   3.305798 |      447 |      345 |      101 |   7.000758 |      8 | 0.886807 | 2.866248
 550 | 164700.0 | 165000.0 | 0.010739 | 0.019153 |   7.000758 |      8 | 0.886807 | 1.200000 | 1.293333 | 1.230000 | 1.260000 |  -0.783148 |      471 |      388 |       83 |   6.999756 |      7 | 0.878397 | 3.079208
 551 | 165000.0 | 165300.0 | 0.010727 | 0.019149 |   6.999756 |      7 | 0.878397 | 1.200000 | 1.160000 | 1.163333 | 1.096667 |   1.740764 |      418 |      348 |       71 |   7.000185 |      8 | 0.897070 | 2.606355
 552 | 165300.0 | 165600.0 | 0.010716 | 0.019144 |   7.000185 |      8 | 0.897070 | 1.200000 | 1.190000 | 1.303333 | 1.156667 |   3.830636 |      452 |      357 |       94 |   7.000292 |      8 | 0.938119 | 1.566936
 553 | 165600.0 | 165900.0 | 0.010704 | 0.019139 |   7.000292 |      8 | 0.938119 | 1.200000 | 1.206667 | 0.930000 | 1.306667 |  -9.840219 |      434 |      362 |       74 |   7.000221 |      8 | 0.832786 | 4.234155
 554 | 165900.0 | 166200.0 | 0.010693 | 0.019134 |   7.000221 |      8 | 0.832786 | 1.200000 | 1.296667 | 1.290000 | 1.150000 |   3.658336 |      475 |      389 |       84 |   6.999187 |      7 | 0.871904 | 3.243614
 555 | 166200.0 | 166500.0 | 0.010681 | 0.019130 |   6.999187 |      7 | 0.871904 | 1.200000 | 1.120000 | 1.093333 | 1.100000 |  -0.174250 |      410 |      336 |       75 |   7.000042 |      8 | 0.870043 | 3.290744
 556 | 166500.0 | 166800.0 | 0.010670 | 0.019125 |   7.000042 |      8 | 0.870043 | 1.200000 | 1.170000 | 1.313333 | 1.276667 |   0.958611 |      449 |      351 |       97 |   7.000362 |      8 | 0.880271 | 3.031742
 557 | 166800.0 | 167100.0 | 0.010659 | 0.019120 |   7.000362 |      8 | 0.880271 | 1.200000 | 1.283333 | 1.243333 | 1.293333 |  -1.307520 |      470 |      385 |       85 |   6.999474 |      7 | 0.866335 | 3.384637
 558 | 167100.0 | 167400.0 | 0.010647 | 0.019115 |   6.999474 |      7 | 0.866335 | 1.200000 | 1.213333 | 1.130000 | 1.106667 |   0.610327 |      428 |      364 |       65 |   6.999332 |      7 | 0.872833 | 3.220088
 559 | 167400.0 | 167700.0 | 0.010636 | 0.019111 |   6.999332 |      7 | 0.872833 | 1.200000 | 1.120000 | 1.126667 | 1.086667 |   1.046532 |      411 |      336 |       75 |   7.000183 |      8 | 0.883964 | 2.938232
 560 | 167700.0 | 168000.0 | 0.010625 | 0.019106 |   7.000183 |      8 | 0.883964 | 1.200000 | 1.266667 | 1.436667 | 1.270000 |   4.361624 |      467 |      380 |       86 |   6.999474 |      7 | 0.930305 | 1.764793
 561 | 168000.0 | 168300.0 | 0.010614 | 0.019101 |   6.999474 |      7 | 0.930305 | 1.200000 | 1.256667 | 1.073333 | 1.170000 |  -2.530364 |      430 |      377 |       55 |   6.998873 |      7 | 0.903449 | 2.444834
 562 | 168300.0 | 168600.0 | 0.010602 | 0.019097 |   6.998873 |      7 | 0.903449 | 1.200000 | 1.170000 | 1.226667 | 1.063333 |   4.276491 |      418 |      351 |       66 |   6.999191 |      7 | 0.948790 | 1.296733
 563 | 168600.0 | 168900.0 | 0.010591 | 0.019092 |   6.999191 |      7 | 0.948790 | 1.200000 | 1.090000 | 0.696667 | 1.236667 | -14.142065 |      378 |      327 |       51 |   7.000356 |      8 | 0.799010 | 5.089416
 564 | 168900.0 | 169200.0 | 0.010580 | 0.019087 |   7.000356 |      8 | 0.799010 | 1.200000 | 1.193333 | 1.140000 | 1.193333 |  -1.397089 |      455 |      358 |       96 |   7.000427 |      8 | 0.784229 | 5.463699
 565 | 169200.0 | 169500.0 | 0.010569 | 0.019083 |   7.000427 |      8 | 0.784229 | 1.200000 | 1.120000 | 1.216667 | 1.043333 |   4.541647 |      443 |      336 |      107 |   7.001272 |      8 | 0.832228 | 4.248264
 566 | 169500.0 | 169800.0 | 0.010558 | 0.019078 |   7.001272 |      8 | 0.832228 | 1.200000 | 1.183333 | 1.243333 | 1.180000 |   1.659852 |      451 |      355 |       96 |   7.001448 |      8 | 0.849753 | 3.804522
 567 | 169800.0 | 170100.0 | 0.010547 | 0.019073 |   7.001448 |      8 | 0.849753 | 1.200000 | 1.123333 | 1.316667 | 1.123333 |   5.068151 |      442 |      337 |      105 |   7.002257 |      8 | 0.903204 | 2.451034
 568 | 170100.0 | 170400.0 | 0.010536 | 0.019069 |   7.002257 |      8 | 0.903204 | 1.200000 | 1.330000 | 1.303333 | 1.373333 |  -1.835466 |      476 |      399 |       77 |   7.000887 |      8 | 0.883867 | 2.940695
 569 | 170400.0 | 170700.0 | 0.010525 | 0.019064 |   7.000887 |      8 | 0.883867 | 1.200000 | 1.356667 | 1.363333 | 1.206667 |   4.108944 |      482 |      407 |       75 |   6.999238 |      7 | 0.927111 | 1.845668
 570 | 170700.0 | 171000.0 | 0.010514 | 0.019059 |   6.999238 |      7 | 0.927111 | 1.200000 | 1.180000 | 1.056667 | 1.096667 |  -1.049346 |      416 |      354 |       63 |   6.999448 |      7 | 0.916079 | 2.125025
 571 | 171000.0 | 171300.0 | 0.010503 | 0.019055 |   6.999448 |      7 | 0.916079 | 1.200000 | 1.166667 | 1.243333 | 1.070000 |   4.548266 |      418 |      350 |       68 |   6.999799 |      7 | 0.963847 | 0.915448
 572 | 171300.0 | 171600.0 | 0.010492 | 0.019050 |   6.999799 |      7 | 0.963847 | 1.200000 | 0.823333 | 0.393333 | 1.096667 | -18.459918 |      274 |      247 |       31 |   7.003750 |      8 | 0.770173 | 5.819606
 573 | 171600.0 | 171900.0 | 0.010481 | 0.019046 |   7.003750 |      8 | 0.770173 | 1.200000 | 1.110000 | 1.033333 | 1.033333 |   0.000000 |      442 |      333 |      104 |   7.004694 |      8 | 0.770173 | 5.819606
 574 | 171900.0 | 172200.0 | 0.010470 | 0.019041 |   7.004694 |      8 | 0.770173 | 1.200000 | 0.996667 | 1.033333 | 1.080000 |  -1.225419 |      419 |      299 |      120 |   7.006822 |      8 | 0.757343 | 6.144481
 575 | 172200.0 | 172500.0 | 0.010459 | 0.019037 |   7.006822 |      8 | 0.757343 | 1.200000 | 1.010000 | 1.160000 | 1.010000 |   3.939792 |      421 |      303 |      118 |   7.008810 |      8 | 0.798549 | 5.101074
 576 | 172500.0 | 172800.0 | 0.010448 | 0.019032 |   7.008810 |      8 | 0.798549 | 1.200000 | 1.090000 | 1.203333 | 1.083333 |   3.152589 |      438 |      327 |      111 |   7.009959 |      8 | 0.831488 | 4.267013
 577 | 172800.0 | 173100.0 | 0.010437 | 0.019027 |   7.009959 |      8 | 0.831488 | 1.200000 | 1.313333 | 1.156667 | 1.103333 |   1.401486 |      476 |      394 |       82 |   7.008776 |      8 | 0.846116 | 3.896613
 578 | 173100.0 | 173400.0 | 0.010427 | 0.019023 |   7.008776 |      8 | 0.846116 | 1.200000 | 1.223333 | 1.190000 | 1.166667 |   0.613297 |      460 |      367 |       93 |   7.008533 |      8 | 0.852510 | 3.734692
 579 | 173400.0 | 173700.0 | 0.010416 | 0.019018 |   7.008533 |      8 | 0.852510 | 1.200000 | 1.166667 | 1.356667 | 1.166667 |   4.995181 |      449 |      350 |       99 |   7.008880 |      8 | 0.904539 | 2.417238
 580 | 173700.0 | 174000.0 | 0.010405 | 0.019014 |   7.008880 |      8 | 0.904539 | 1.200000 | 1.273333 | 1.283333 | 1.323333 |  -1.051868 |      466 |      382 |       84 |   7.008117 |      8 | 0.893594 | 2.694377
 581 | 174000.0 | 174300.0 | 0.010394 | 0.019009 |   7.008117 |      8 | 0.893594 | 1.200000 | 1.320000 | 1.266667 | 1.200000 |   1.753530 |      475 |      396 |       79 |   7.006870 |      8 | 0.911821 | 2.232844
 582 | 174300.0 | 174600.0 | 0.010384 | 0.019005 |   7.006870 |      8 | 0.911821 | 1.200000 | 1.356667 | 1.276667 | 1.206667 |   1.841644 |      480 |      407 |       73 |   7.005243 |      8 | 0.930944 | 1.748616
 583 | 174600.0 | 174900.0 | 0.010373 | 0.019000 |   7.005243 |      8 | 0.930944 | 1.200000 | 1.316667 | 1.093333 | 1.330000 |  -6.227986 |      465 |      395 |       71 |   7.004033 |      8 | 0.866341 | 3.384477
 584 | 174900.0 | 175200.0 | 0.010362 | 0.018996 |   7.004033 |      8 | 0.866341 | 1.200000 | 1.286667 | 1.316667 | 1.226667 |   2.368950 |      471 |      386 |       84 |   7.003135 |      8 | 0.890889 | 2.762878
 585 | 175200.0 | 175500.0 | 0.010352 | 0.018991 |   7.003135 |      8 | 0.890889 | 1.200000 | 1.253333 | 1.353333 | 1.213333 |   3.685905 |      464 |      376 |       88 |   7.002582 |      8 | 0.929045 | 1.796708
 586 | 175500.0 | 175800.0 | 0.010341 | 0.018987 |   7.002582 |      8 | 0.929045 | 1.200000 | 1.240000 | 1.093333 | 1.226667 |  -3.511214 |      454 |      372 |       83 |   7.002169 |      8 | 0.892734 | 2.716148
 587 | 175800.0 | 176100.0 | 0.010331 | 0.018982 |   7.002169 |      8 | 0.892734 | 1.200000 | 1.273333 | 1.333333 | 1.306667 |   0.702408 |      466 |      382 |       83 |   7.001411 |      8 | 0.899991 | 2.532404
 588 | 176100.0 | 176400.0 | 0.010320 | 0.018978 |   7.001411 |      8 | 0.899991 | 1.200000 | 1.370000 | 1.386667 | 1.373333 |   0.351287 |      486 |      411 |       75 |   6.999657 |      7 | 0.903616 | 2.440604
 589 | 176400.0 | 176700.0 | 0.010310 | 0.018973 |   6.999657 |      7 | 0.903616 | 1.200000 | 1.076667 | 1.153333 | 1.076667 |   2.020374 |      401 |      323 |       79 |   7.000928 |      8 | 0.924446 | 1.913166
 590 | 176700.0 | 177000.0 | 0.010299 | 0.018969 |   7.000928 |      8 | 0.924446 | 1.200000 | 1.353333 | 1.213333 | 1.286667 |  -1.932985 |      474 |      406 |       67 |   6.999349 |      7 | 0.904537 | 2.417278
 591 | 177000.0 | 177300.0 | 0.010289 | 0.018964 |   6.999349 |      7 | 0.904537 | 1.200000 | 1.146667 | 1.150000 | 1.136667 |   0.351534 |      416 |      344 |       73 |   6.999898 |      7 | 0.908154 | 2.325693
 592 | 177300.0 | 177600.0 | 0.010278 | 0.018960 |   6.999898 |      7 | 0.908154 | 1.200000 | 1.163333 | 1.213333 | 1.180000 |   0.879041 |      416 |      349 |       67 |   7.000275 |      8 | 0.917189 | 2.096908
 593 | 177600.0 | 177900.0 | 0.010268 | 0.018956 |   7.000275 |      8 | 0.917189 | 1.200000 | 1.316667 | 1.306667 | 1.273333 |   0.879246 |      474 |      395 |       78 |   6.999077 |      7 | 0.926217 | 1.868300
 594 | 177900.0 | 178200.0 | 0.010258 | 0.018951 |   6.999077 |      7 | 0.926217 | 1.200000 | 1.233333 | 1.133333 | 1.146667 |  -0.351780 |      425 |      370 |       56 |   6.998735 |      7 | 0.922609 | 1.959672
 595 | 178200.0 | 178500.0 | 0.010247 | 0.018947 |   6.998735 |      7 | 0.922609 | 1.200000 | 1.193333 | 1.143333 | 1.180000 |  -0.967621 |      423 |      358 |       65 |   6.998803 |      7 | 0.912693 | 2.210751
 596 | 178500.0 | 178800.0 | 0.010237 | 0.018942 |   6.998803 |      7 | 0.912693 | 1.200000 | 1.316667 | 1.223333 | 1.140000 |   2.199650 |      445 |      395 |       50 |   6.997609 |      7 | 0.935211 | 1.640560
 597 | 178800.0 | 179100.0 | 0.010227 | 0.018938 |   6.997609 |      7 | 0.935211 | 1.200000 | 1.256667 | 0.976667 | 1.076667 |  -2.640193 |      427 |      377 |       50 |   6.997029 |      7 | 0.908211 | 2.324260
 598 | 179100.0 | 179400.0 | 0.010216 | 0.018934 |   6.997029 |      7 | 0.908211 | 1.200000 | 1.086667 | 1.153333 | 1.090000 |   1.672510 |      402 |      326 |       76 |   6.998187 |      7 | 0.925298 | 1.891584
 599 | 179400.0 | 179700.0 | 0.010206 | 0.018929 |   6.998187 |      7 | 0.925298 | 1.200000 | 1.256667 | 1.136667 | 1.160000 |  -0.616330 |      431 |      377 |       55 |   6.997609 |      7 | 0.919008 | 2.050868
 600 | 179700.0 | 180000.0 | 0.010196 | 0.018925 |   6.997609 |      7 | 0.919008 | 1.200000 | 1.096667 | 1.106667 | 1.126667 |  -0.528405 |      405 |      329 |       75 |   6.998662 |      7 | 0.913620 | 2.187292
 601 | 180000.0 | 180300.0 | 0.010186 | 0.018921 |   6.998662 |      7 | 0.913620 | 1.200000 | 1.243333 | 1.230000 | 1.166667 |   1.673669 |      430 |      373 |       57 |   6.998221 |      7 | 0.930668 | 1.755614
 602 | 180300.0 | 180600.0 | 0.010176 | 0.018916 |   6.998221 |      7 | 0.930668 | 1.200000 | 1.166667 | 1.010000 | 1.140000 |  -3.436216 |      413 |      350 |       63 |   6.998560 |      7 | 0.895702 | 2.641011
 603 | 180600.0 | 180900.0 | 0.010166 | 0.018912 |   6.998560 |      7 | 0.895702 | 1.200000 | 1.200000 | 1.146667 | 1.203333 |  -1.498182 |      426 |      360 |       66 |   6.998560 |      7 | 0.880472 | 3.026657
 604 | 180900.0 | 181200.0 | 0.010155 | 0.018907 |   6.998560 |      7 | 0.880472 | 1.200000 | 1.166667 | 1.256667 | 1.130000 |   3.349647 |      419 |      350 |       69 |   6.998899 |      7 | 0.914489 | 2.165284
 605 | 181200.0 | 181500.0 | 0.010145 | 0.018903 |   6.998899 |      7 | 0.914489 | 1.200000 | 1.233333 | 1.196667 | 1.076667 |   3.174077 |      429 |      370 |       59 |   6.998561 |      7 | 0.946691 | 1.349870
 606 | 181500.0 | 181800.0 | 0.010135 | 0.018899 |   6.998561 |      7 | 0.946691 | 1.200000 | 1.096667 | 0.733333 | 1.176667 | -11.729134 |      381 |      329 |       53 |   6.999608 |      7 | 0.827813 | 4.360073
 607 | 181800.0 | 182100.0 | 0.010125 | 0.018894 |   6.999608 |      7 | 0.827813 | 1.200000 | 1.046667 | 1.023333 | 1.083333 |  -1.587764 |      399 |      314 |       84 |   7.001160 |      8 | 0.811736 | 4.767159
 608 | 182100.0 | 182400.0 | 0.010115 | 0.018890 |   7.001160 |      8 | 0.811736 | 1.200000 | 1.213333 | 1.153333 | 1.093333 |   1.588127 |      460 |      364 |       95 |   7.001026 |      8 | 0.827801 | 4.360383
 609 | 182400.0 | 182700.0 | 0.010105 | 0.018886 |   7.001026 |      8 | 0.827801 | 1.200000 | 1.146667 | 1.136667 | 1.216667 |  -2.117985 |      446 |      344 |      102 |   7.001565 |      8 | 0.806398 | 4.902338
 610 | 182700.0 | 183000.0 | 0.010095 | 0.018882 |   7.001565 |      8 | 0.806398 | 1.200000 | 1.133333 | 1.173333 | 1.046667 |   3.354238 |      443 |      340 |      103 |   7.002238 |      8 | 0.840260 | 4.044893
 611 | 183000.0 | 183300.0 | 0.010085 | 0.018877 |   7.002238 |      8 | 0.840260 | 1.200000 | 1.263333 | 1.170000 | 1.163333 |   0.176579 |      468 |      379 |       89 |   7.001599 |      8 | 0.842041 | 3.999799
 612 | 183300.0 | 183600.0 | 0.010075 | 0.018873 |   7.001599 |      8 | 0.842041 | 1.200000 | 1.273333 | 1.303333 | 1.190000 |   3.002523 |      469 |      382 |       87 |   7.000860 |      8 | 0.872293 | 3.233773
 613 | 183600.0 | 183900.0 | 0.010066 | 0.018869 |   7.000860 |      8 | 0.872293 | 1.200000 | 1.273333 | 1.373333 | 1.246667 |   3.356521 |      469 |      382 |       87 |   7.000122 |      8 | 0.906078 | 2.378273
 614 | 183900.0 | 184200.0 | 0.010056 | 0.018864 |   7.000122 |      8 | 0.906078 | 1.200000 | 1.356667 | 1.330000 | 1.240000 |   2.385436 |      480 |      407 |       73 |   6.998546 |      7 | 0.930065 | 1.770877
 615 | 184200.0 | 184500.0 | 0.010046 | 0.018860 |   6.998546 |      7 | 0.930065 | 1.200000 | 1.213333 | 1.080000 | 1.140000 |  -1.590650 |      422 |      364 |       59 |   6.998412 |      7 | 0.914086 | 2.175502
 616 | 184500.0 | 184800.0 | 0.010036 | 0.018856 |   6.998412 |      7 | 0.914086 | 1.200000 | 1.176667 | 1.173333 | 0.976667 |   5.214971 |      418 |      353 |       65 |   6.998647 |      7 | 0.966423 | 0.850227
 617 | 184800.0 | 185100.0 | 0.010026 | 0.018852 |   6.998647 |      7 | 0.966423 | 1.200000 | 0.720000 | 0.323333 | 1.053333 | -19.361622 |      255 |      216 |       40 |   7.003459 |      8 | 0.772299 | 5.765771
 618 | 185100.0 | 185400.0 | 0.010016 | 0.018847 |   7.003459 |      8 | 0.772299 | 1.200000 | 1.080000 | 1.073333 | 1.050000 |   0.619004 |      435 |      324 |      109 |   7.004661 |      8 | 0.778500 | 5.608771
 619 | 185400.0 | 185700.0 | 0.010007 | 0.018843 |   7.004661 |      8 | 0.778500 | 1.200000 | 1.083333 | 1.193333 | 1.073333 |   3.184162 |      436 |      325 |      111 |   7.005829 |      8 | 0.810362 | 4.801948
 620 | 185700.0 | 186000.0 | 0.009997 | 0.018839 |   7.005829 |      8 | 0.810362 | 1.200000 | 1.100000 | 1.173333 | 1.160000 |   0.353875 |      439 |      330 |      109 |   7.006828 |      8 | 0.813900 | 4.712368
 621 | 186000.0 | 186300.0 | 0.009987 | 0.018835 |   7.006828 |      8 | 0.813900 | 1.200000 | 1.090000 | 1.340000 | 1.086667 |   6.725130 |      434 |      327 |      107 |   7.007927 |      8 | 0.881066 | 3.011623
 622 | 186300.0 | 186600.0 | 0.009978 | 0.018831 |   7.007927 |      8 | 0.881066 | 1.200000 | 1.266667 | 1.256667 | 1.243333 |   0.354033 |      466 |      380 |       86 |   7.007262 |      8 | 0.884598 | 2.922177
 623 | 186600.0 | 186900.0 | 0.009968 | 0.018826 |   7.007262 |      8 | 0.884598 | 1.200000 | 1.286667 | 1.300000 | 1.336667 |  -0.973809 |      471 |      386 |       85 |   7.006398 |      8 | 0.874891 | 3.167970
 624 | 186900.0 | 187200.0 | 0.009958 | 0.018822 |   7.006398 |      8 | 0.874891 | 1.200000 | 1.230000 | 1.280000 | 1.193333 |   2.302243 |      461 |      369 |       92 |   7.006099 |      8 | 0.897817 | 2.587437
 625 | 187200.0 | 187500.0 | 0.009949 | 0.018818 |   7.006099 |      8 | 0.897817 | 1.200000 | 1.313333 | 1.306667 | 1.226667 |   2.125620 |      473 |      394 |       79 |   7.004972 |      8 | 0.918964 | 2.051958
 626 | 187500.0 | 187800.0 | 0.009939 | 0.018814 |   7.004972 |      8 | 0.918964 | 1.200000 | 1.296667 | 1.273333 | 1.256667 |   0.442936 |      468 |      389 |       79 |   7.004011 |      8 | 0.923367 | 1.940483
 627 | 187800.0 | 188100.0 | 0.009929 | 0.018810 |   7.004011 |      8 | 0.923367 | 1.200000 | 1.430000 | 1.150000 | 1.390000 |  -6.379689 |      489 |      429 |       60 |   7.001727 |      8 | 0.860020 | 3.544536
 628 | 188100.0 | 188400.0 | 0.009920 | 0.018806 |   7.001727 |      8 | 0.860020 | 1.200000 | 1.270000 | 1.266667 | 1.213333 |   1.418023 |      469 |      381 |       88 |   7.001033 |      8 | 0.874087 | 3.188344
 629 | 188400.0 | 188700.0 | 0.009910 | 0.018801 |   7.001033 |      8 | 0.874087 | 1.200000 | 1.360000 | 1.293333 | 1.280000 |   0.354584 |      483 |      408 |       75 |   6.999447 |      7 | 0.877601 | 3.099361
 630 | 188700.0 | 189000.0 | 0.009901 | 0.018797 |   6.999447 |      7 | 0.877601 | 1.200000 | 1.113333 | 1.073333 | 0.976667 |   2.571302 |      409 |      334 |       76 |   7.000305 |      8 | 0.903059 | 2.454717
 631 | 189000.0 | 189300.0 | 0.009891 | 0.018793 |   7.000305 |      8 | 0.903059 | 1.200000 | 1.333333 | 1.316667 | 1.346667 |  -0.798166 |      476 |      400 |       75 |   6.998986 |      7 | 0.895164 | 2.654631
 632 | 189300.0 | 189600.0 | 0.009882 | 0.018789 |   6.998986 |      7 | 0.895164 | 1.200000 | 1.193333 | 1.206667 | 1.100000 |   2.838549 |      423 |      358 |       66 |   6.999052 |      7 | 0.923214 | 1.944348
 633 | 189600.0 | 189900.0 | 0.009873 | 0.018785 |   6.999052 |      7 | 0.923214 | 1.200000 | 1.230000 | 1.180000 | 1.116667 |   1.685759 |      428 |      369 |       59 |   6.998756 |      7 | 0.939857 | 1.522927
 634 | 189900.0 | 190200.0 | 0.009863 | 0.018781 |   6.998756 |      7 | 0.939857 | 1.200000 | 1.153333 | 0.910000 | 1.220000 |  -8.253157 |      405 |      346 |       59 |   6.999216 |      7 | 0.858455 | 3.584155
 635 | 190200.0 | 190500.0 | 0.009854 | 0.018777 |   6.999216 |      7 | 0.858455 | 1.200000 | 1.010000 | 1.110000 | 1.100000 |   0.266289 |      392 |      303 |       89 |   7.001088 |      8 | 0.861079 | 3.517713
 636 | 190500.0 | 190800.0 | 0.009844 | 0.018772 |   7.001088 |      8 | 0.861079 | 1.200000 | 1.316667 | 1.230000 | 1.210000 |   0.532695 |      476 |      395 |       80 |   6.999940 |      7 | 0.866323 | 3.384925
 637 | 190800.0 | 191100.0 | 0.009835 | 0.018768 |   6.999940 |      7 | 0.866323 | 1.200000 | 1.136667 | 1.143333 | 1.096667 |   1.243227 |      415 |      341 |       75 |   7.000563 |      8 | 0.878550 | 3.075314
 638 | 191100.0 | 191400.0 | 0.009826 | 0.018764 |   7.000563 |      8 | 0.878550 | 1.200000 | 1.310000 | 1.306667 | 1.233333 |   1.954068 |      475 |      393 |       81 |   6.999482 |      7 | 0.897750 | 2.589138
 639 | 191400.0 | 191700.0 | 0.009816 | 0.018760 |   6.999482 |      7 | 0.897750 | 1.200000 | 1.176667 | 1.203333 | 1.086667 |   3.109422 |      419 |      353 |       67 |   6.999711 |      7 | 0.928273 | 1.816241
 640 | 191700.0 | 192000.0 | 0.009807 | 0.018756 |   6.999711 |      7 | 0.928273 | 1.200000 | 1.196667 | 1.063333 | 1.270000 |  -5.509317 |      421 |      359 |       62 |   6.999744 |      7 | 0.874243 | 3.184376
 641 | 192000.0 | 192300.0 | 0.009798 | 0.018752 |   6.999744 |      7 | 0.874243 | 1.200000 | 1.186667 | 1.073333 | 1.056667 |   0.444396 |      423 |      356 |       67 |   6.999874 |      7 | 0.878597 | 3.074123
 642 | 192300.0 | 192600.0 | 0.009789 | 0.018748 |   6.999874 |      7 | 0.878597 | 1.200000 | 1.153333 | 1.230000 | 1.123333 |   2.844753 |      416 |      346 |       70 |   7.000331 |      8 | 0.906443 | 2.369015
 643 | 192600.0 | 192900.0 | 0.009779 | 0.018744 |   7.000331 |      8 | 0.906443 | 1.200000 | 1.383333 | 1.266667 | 1.300000 |  -0.889178 |      486 |      415 |       70 |   6.998538 |      7 | 0.897748 | 2.589201
 644 | 192900.0 | 193200.0 | 0.009770 | 0.018740 |   6.998538 |      7 | 0.897748 | 1.200000 | 1.080000 | 1.116667 | 1.070000 |   1.245119 |      403 |      324 |       80 |   6.999711 |      7 | 0.909913 | 2.281164
 645 | 193200.0 | 193500.0 | 0.009761 | 0.018736 |   6.999711 |      7 | 0.909913 | 1.200000 | 1.180000 | 1.180000 | 1.053333 |   3.380337 |      420 |      354 |       66 |   6.999906 |      7 | 0.942908 | 1.445669
 646 | 193500.0 | 193800.0 | 0.009752 | 0.018732 |   6.999906 |      7 | 0.942908 | 1.200000 | 1.130000 | 0.830000 | 1.166667 |  -8.986519 |      398 |      339 |       59 |   7.000589 |      8 | 0.855274 | 3.664722
 647 | 193800.0 | 194100.0 | 0.009743 | 0.018728 |   7.000589 |      8 | 0.855274 | 1.200000 | 1.303333 | 1.313333 | 1.200000 |   3.025816 |      475 |      391 |       83 |   6.999582 |      7 | 0.884753 | 2.918253
 648 | 194100.0 | 194400.0 | 0.009733 | 0.018724 |   6.999582 |      7 | 0.884753 | 1.200000 | 1.096667 | 1.180000 | 1.136667 |   1.157179 |      405 |      329 |       77 |   7.000588 |      8 | 0.896016 | 2.633045
 649 | 194400.0 | 194700.0 | 0.009724 | 0.018720 |   7.000588 |      8 | 0.896016 | 1.200000 | 1.323333 | 1.313333 | 1.376667 |  -1.691624 |      477 |      397 |       79 |   6.999388 |      7 | 0.879566 | 3.049588
 650 | 194700.0 | 195000.0 | 0.009715 | 0.018716 |   6.999388 |      7 | 0.879566 | 1.200000 | 1.166667 | 1.166667 | 1.160000 |   0.178104 |      418 |      350 |       69 |   6.999712 |      7 | 0.881297 | 3.005773
 651 | 195000.0 | 195300.0 | 0.009706 | 0.018712 |   6.999712 |      7 | 0.881297 | 1.200000 | 1.126667 | 1.096667 | 1.103333 |  -0.178142 |      411 |      338 |       73 |   7.000424 |      8 | 0.879568 | 3.049556
 652 | 195300.0 | 195600.0 | 0.009697 | 0.018708 |   7.000424 |      8 | 0.879568 | 1.200000 | 1.236667 | 1.276667 | 1.210000 |   1.781801 |      463 |      371 |       91 |   7.000068 |      8 | 0.896846 | 2.612034
 653 | 195600.0 | 195900.0 | 0.009688 | 0.018704 |   7.000068 |      8 | 0.896846 | 1.200000 | 1.286667 | 1.320000 | 1.346667 |  -0.712873 |      468 |      386 |       83 |   6.999229 |      7 | 0.889940 | 2.786918
 654 | 195900.0 | 196200.0 | 0.009679 | 0.018700 |   6.999229 |      7 | 0.889940 | 1.200000 | 1.096667 | 1.203333 | 1.076667 |   3.386868 |      406 |      329 |       77 |   7.000229 |      8 | 0.922722 | 1.956816
 655 | 196200.0 | 196500.0 | 0.009670 | 0.018696 |   7.000229 |      8 | 0.922722 | 1.200000 | 1.323333 | 1.236667 | 1.430000 |  -5.170531 |      472 |      397 |       75 |   6.999036 |      7 | 0.872722 | 3.222908
 656 | 196500.0 | 196800.0 | 0.009661 | 0.018692 |   6.999036 |      7 | 0.872722 | 1.200000 | 1.123333 | 1.156667 | 0.966667 |   5.082464 |      412 |      337 |       75 |   6.999777 |      7 | 0.921825 | 1.979533
 657 | 196800.0 | 197100.0 | 0.009652 | 0.018688 |   6.999777 |      7 | 0.921825 | 1.200000 | 1.203333 | 1.183333 | 1.190000 |  -0.178370 |      422 |      361 |       61 |   6.999745 |      7 | 0.920103 | 2.023129
 658 | 197100.0 | 197400.0 | 0.009643 | 0.018684 |   6.999745 |      7 | 0.920103 | 1.200000 | 1.163333 | 1.173333 | 1.220000 |  -1.248854 |      417 |      349 |       69 |   7.000098 |      8 | 0.908060 | 2.328084
 659 | 197400.0 | 197700.0 | 0.009635 | 0.018680 |   7.000098 |      8 | 0.908060 | 1.200000 | 1.250000 | 1.396667 | 1.323333 |   1.962901 |      462 |      375 |       85 |   6.999617 |      7 | 0.926971 | 1.849209
 660 | 197700.0 | 198000.0 | 0.009626 | 0.018676 |   6.999617 |      7 | 0.926971 | 1.200000 | 1.120000 | 1.100000 | 1.090000 |   0.267725 |      405 |      336 |       70 |   7.000387 |      8 | 0.929548 | 1.783955
 661 | 198000.0 | 198300.0 | 0.009617 | 0.018672 |   7.000387 |      8 | 0.929548 | 1.200000 | 1.270000 | 1.070000 | 1.360000 |  -7.765661 |      459 |      381 |       78 |   6.999713 |      7 | 0.854868 | 3.675002
 662 | 198300.0 | 198600.0 | 0.009608 | 0.018668 |   6.999713 |      7 | 0.854868 | 1.200000 | 1.096667 | 1.153333 | 1.046667 |   2.856937 |      407 |      329 |       78 |   7.000706 |      8 | 0.882317 | 2.979937
 663 | 198600.0 | 198900.0 | 0.009599 | 0.018664 |   7.000706 |      8 | 0.882317 | 1.200000 | 1.363333 | 1.303333 | 1.246667 |   1.518068 |      484 |      409 |       74 |   6.999138 |      7 | 0.896889 | 2.610945
 664 | 198900.0 | 199200.0 | 0.009590 | 0.018660 |   6.999138 |      7 | 0.896889 | 1.200000 | 1.173333 | 1.113333 | 1.096667 |   0.446584 |      421 |      352 |       70 |   6.999394 |      7 | 0.901172 | 2.502494
 665 | 199200.0 | 199500.0 | 0.009582 | 0.018656 |   6.999394 |      7 | 0.901172 | 1.200000 | 1.160000 | 1.163333 | 1.126667 |   0.982692 |      416 |      348 |       68 |   6.999777 |      7 | 0.910588 | 2.264071
 666 | 199500.0 | 199800.0 | 0.009573 | 0.018652 |   6.999777 |      7 | 0.910588 | 1.200000 | 1.253333 | 1.130000 | 1.146667 |  -0.446772 |      433 |      376 |       57 |   6.999267 |      7 | 0.906311 | 2.372369
 667 | 199800.0 | 200100.0 | 0.009564 | 0.018648 |   6.999267 |      7 | 0.906311 | 1.200000 | 1.176667 | 1.176667 | 1.186667 |  -0.268119 |      421 |      353 |       68 |   6.999490 |      7 | 0.903747 | 2.437302
 668 | 200100.0 | 200400.0 | 0.009555 | 0.018645 |   6.999490 |      7 | 0.903747 | 1.200000 | 1.083333 | 1.110000 | 1.143333 |  -0.893917 |      403 |      325 |       78 |   7.000605 |      8 | 0.895205 | 2.653593
 669 | 200400.0 | 200700.0 | 0.009547 | 0.018641 |   7.000605 |      8 | 0.895205 | 1.200000 | 1.250000 | 1.296667 | 1.346667 |  -1.341156 |      462 |      375 |       86 |   7.000128 |      8 | 0.882401 | 2.977801
 670 | 200700.0 | 201000.0 | 0.009538 | 0.018637 |   7.000128 |      8 | 0.882401 | 1.200000 | 1.306667 | 1.323333 | 1.160000 |   4.382023 |      474 |      392 |       82 |   6.999110 |      7 | 0.924197 | 1.919463
 671 | 201000.0 | 201300.0 | 0.009529 | 0.018633 |   6.999110 |      7 | 0.924197 | 1.200000 | 1.280000 | 1.056667 | 1.160000 |  -2.772878 |      434 |      384 |       51 |   6.998348 |      7 | 0.897773 | 2.588555
 672 | 201300.0 | 201600.0 | 0.009521 | 0.018629 |   6.998348 |      7 | 0.897773 | 1.200000 | 1.166667 | 1.163333 | 1.073333 |   2.415589 |      419 |      350 |       69 |   6.998665 |      7 | 0.920771 | 2.006205
 673 | 201600.0 | 201900.0 | 0.009512 | 0.018625 |   6.998665 |      7 | 0.920771 | 1.200000 | 1.163333 | 1.140000 | 1.130000 |   0.268455 |      414 |      349 |       66 |   6.999014 |      7 | 0.923325 | 1.941544
 674 | 201900.0 | 202200.0 | 0.009503 | 0.018621 |   6.999014 |      7 | 0.923325 | 1.200000 | 1.293333 | 1.123333 | 1.110000 |   0.358014 |      439 |      388 |       50 |   6.998127 |      7 | 0.926727 | 1.855391
 675 | 202200.0 | 202500.0 | 0.009495 | 0.018617 |   6.998127 |      7 | 0.926727 | 1.200000 | 1.140000 | 1.170000 | 1.146667 |   0.626654 |      411 |      342 |       69 |   6.998697 |      7 | 0.932677 | 1.704727
 676 | 202500.0 | 202800.0 | 0.009486 | 0.018614 |   6.998697 |      7 | 0.932677 | 1.200000 | 1.170000 | 1.026667 | 1.156667 |  -3.492077 |      413 |      351 |       62 |   6.998981 |      7 | 0.899550 | 2.543556
 677 | 202800.0 | 203100.0 | 0.009478 | 0.018610 |   6.998981 |      7 | 0.899550 | 1.200000 | 1.096667 | 1.200000 | 1.026667 |   4.657064 |      405 |      329 |       76 |   6.999961 |      7 | 0.943689 | 1.425894
 678 | 203100.0 | 203400.0 | 0.009469 | 0.018606 |   6.999961 |      7 | 0.943689 | 1.200000 | 1.206667 | 0.810000 | 1.226667 | -11.197175 |      409 |      362 |       47 |   6.999897 |      7 | 0.837660 | 4.110718
 679 | 203400.0 | 203700.0 | 0.009461 | 0.018602 |   6.999897 |      7 | 0.837660 | 1.200000 | 1.030000 | 1.086667 | 0.940000 |   3.942217 |      395 |      309 |       86 |   7.001506 |      8 | 0.874957 | 3.166315
 680 | 203700.0 | 204000.0 | 0.009452 | 0.018598 |   7.001506 |      8 | 0.874957 | 1.200000 | 1.183333 | 1.320000 | 1.253333 |   1.792285 |      453 |      355 |       97 |   7.001663 |      8 | 0.891898 | 2.737338
 681 | 204000.0 | 204300.0 | 0.009444 | 0.018594 |   7.001663 |      8 | 0.891898 | 1.200000 | 1.280000 | 1.240000 | 1.220000 |   0.537796 |      468 |      384 |       84 |   7.000908 |      8 | 0.896976 | 2.608734
 682 | 204300.0 | 204600.0 | 0.009435 | 0.018591 |   7.000908 |      8 | 0.896976 | 1.200000 | 1.293333 | 1.340000 | 1.303333 |   0.986162 |      470 |      388 |       82 |   7.000027 |      8 | 0.906281 | 2.373122
 683 | 204600.0 | 204900.0 | 0.009427 | 0.018587 |   7.000027 |      8 | 0.906281 | 1.200000 | 1.290000 | 1.226667 | 1.323333 |  -2.600413 |      468 |      387 |       81 |   6.999179 |      7 | 0.881767 | 2.993852
 684 | 204900.0 | 205200.0 | 0.009418 | 0.018583 |   6.999179 |      7 | 0.881767 | 1.200000 | 1.136667 | 1.143333 | 1.076667 |   1.793755 |      412 |      341 |       72 |   6.999775 |      7 | 0.898662 | 2.566057
 685 | 205200.0 | 205500.0 | 0.009410 | 0.018579 |   6.999775 |      7 | 0.898662 | 1.200000 | 1.133333 | 1.203333 | 1.160000 |   1.166179 |      413 |      340 |       74 |   7.000403 |      8 | 0.909636 | 2.288182
 686 | 205500.0 | 205800.0 | 0.009402 | 0.018575 |   7.000403 |      8 | 0.909636 | 1.200000 | 1.330000 | 1.393333 | 1.270000 |   3.319802 |      475 |      399 |       75 |   6.999180 |      7 | 0.940847 | 1.497850
 687 | 205800.0 | 206100.0 | 0.009393 | 0.018572 |   6.999180 |      7 | 0.940847 | 1.200000 | 1.106667 | 0.903333 | 1.140000 |  -6.371728 |      396 |      332 |       65 |   7.000057 |      8 | 0.880996 | 3.013393
 688 | 206100.0 | 206400.0 | 0.009385 | 0.018568 |   7.000057 |      8 | 0.880996 | 1.200000 | 1.280000 | 1.386667 | 1.240000 |   3.949480 |      469 |      384 |       83 |   6.999306 |      7 | 0.918061 | 2.074827
 689 | 206400.0 | 206700.0 | 0.009377 | 0.018564 |   6.999306 |      7 | 0.918061 | 1.200000 | 1.200000 | 1.136667 | 1.113333 |   0.628454 |      422 |      360 |       63 |   6.999306 |      7 | 0.923954 | 1.925612
 690 | 206700.0 | 207000.0 | 0.009368 | 0.018560 |   6.999306 |      7 | 0.923954 | 1.200000 | 1.193333 | 1.106667 | 1.200000 |  -2.514326 |      420 |      358 |       62 |   6.999369 |      7 | 0.900399 | 2.522064
 691 | 207000.0 | 207300.0 | 0.009360 | 0.018557 |   6.999369 |      7 | 0.900399 | 1.200000 | 1.186667 | 1.130000 | 1.050000 |   2.155573 |      422 |      356 |       66 |   6.999494 |      7 | 0.920575 | 2.011168
 692 | 207300.0 | 207600.0 | 0.009352 | 0.018553 |   6.999494 |      7 | 0.920575 | 1.200000 | 1.140000 | 1.026667 | 1.096667 |  -1.886508 |      412 |      342 |       70 |   7.000055 |      8 | 0.902933 | 2.457897
 693 | 207600.0 | 207900.0 | 0.009343 | 0.018549 |   7.000055 |      8 | 0.902933 | 1.200000 | 1.420000 | 1.210000 | 1.313333 |  -2.785408 |      492 |      426 |       65 |   6.997999 |      7 | 0.876908 | 3.116905
 694 | 207900.0 | 208200.0 | 0.009335 | 0.018545 |   6.997999 |      7 | 0.876908 | 1.200000 | 1.126667 | 1.130000 | 1.196667 |  -1.797400 |      412 |      338 |       75 |   6.998684 |      7 | 0.860129 | 3.541783
 695 | 208200.0 | 208500.0 | 0.009327 | 0.018542 |   6.998684 |      7 | 0.860129 | 1.200000 | 1.116667 | 1.163333 | 1.036667 |   3.415748 |      410 |      335 |       75 |   6.999461 |      7 | 0.891987 | 2.735064
 696 | 208500.0 | 208800.0 | 0.009319 | 0.018538 |   6.999461 |      7 | 0.891987 | 1.200000 | 1.036667 | 1.103333 | 1.076667 |   0.719249 |      396 |      311 |       85 |   7.000983 |      8 | 0.898690 | 2.565344
 697 | 208800.0 | 209100.0 | 0.009311 | 0.018534 |   7.000983 |      8 | 0.898690 | 1.200000 | 1.383333 | 1.340000 | 1.270000 |   1.888409 |      485 |      415 |       69 |   6.999276 |      7 | 0.916272 | 2.120130
 698 | 209100.0 | 209400.0 | 0.009302 | 0.018530 |   6.999276 |      7 | 0.916272 | 1.200000 | 1.170000 | 1.203333 | 1.126667 |   2.068673 |      417 |      351 |       67 |   6.999555 |      7 | 0.935516 | 1.632845
 699 | 209400.0 | 209700.0 | 0.009294 | 0.018527 |   6.999555 |      7 | 0.935516 | 1.200000 | 1.163333 | 0.970000 | 1.160000 |  -5.127739 |      410 |      349 |       62 |   6.999896 |      7 | 0.887857 | 2.839648
 700 | 209700.0 | 210000.0 | 0.009286 | 0.018523 |   6.999896 |      7 | 0.887857 | 1.200000 | 1.233333 | 1.113333 | 1.076667 |   0.989762 |      431 |      370 |       60 |   6.999586 |      7 | 0.897048 | 2.606914
 701 | 210000.0 | 210300.0 | 0.009278 | 0.018519 |   6.999586 |      7 | 0.897048 | 1.200000 | 1.216667 | 1.193333 | 1.130000 |   1.709930 |      428 |      365 |       63 |   6.999432 |      7 | 0.912913 | 2.205189
 702 | 210300.0 | 210600.0 | 0.009270 | 0.018516 |   6.999432 |      7 | 0.912913 | 1.200000 | 1.226667 | 1.120000 | 1.150000 |  -0.810129 |      428 |      368 |       60 |   6.999185 |      7 | 0.905403 | 2.395351
 703 | 210600.0 | 210900.0 | 0.009262 | 0.018512 |   6.999185 |      7 | 0.905403 | 1.200000 | 1.176667 | 1.126667 | 1.096667 |   0.810290 |      418 |      353 |       65 |   6.999401 |      7 | 0.912908 | 2.205317
 704 | 210900.0 | 211200.0 | 0.009254 | 0.018508 |   6.999401 |      7 | 0.912908 | 1.200000 | 1.126667 | 1.183333 | 1.123333 |   1.620903 |      410 |      338 |       72 |   7.000079 |      8 | 0.927908 | 1.825503
 705 | 211200.0 | 211500.0 | 0.009246 | 0.018505 |   7.000079 |      8 | 0.927908 | 1.200000 | 1.393333 | 1.180000 | 1.343333 |  -4.413335 |      480 |      418 |       62 |   6.998292 |      7 | 0.887103 | 2.858747
 706 | 211500.0 | 211800.0 | 0.009238 | 0.018501 |   6.998292 |      7 | 0.887103 | 1.200000 | 1.016667 | 1.140000 | 1.110000 |   0.810773 |      391 |      305 |       86 |   6.999985 |      7 | 0.894593 | 2.669095
 707 | 211800.0 | 212100.0 | 0.009230 | 0.018497 |   6.999985 |      7 | 0.894593 | 1.200000 | 1.123333 | 1.200000 | 1.090000 |   2.973426 |      411 |      337 |       74 |   7.000693 |      8 | 0.922037 | 1.974168
 708 | 212100.0 | 212400.0 | 0.009222 | 0.018494 |   7.000693 |      8 | 0.922037 | 1.200000 | 1.393333 | 1.250000 | 1.330000 |  -2.162920 |      484 |      418 |       65 |   6.998910 |      7 | 0.902091 | 2.479231
 709 | 212400.0 | 212700.0 | 0.009214 | 0.018490 |   6.998910 |      7 | 0.902091 | 1.200000 | 1.136667 | 1.150000 | 1.180000 |  -0.811255 |      412 |      341 |       72 |   6.999494 |      7 | 0.894616 | 2.668503
 710 | 212700.0 | 213000.0 | 0.009206 | 0.018486 |   6.999494 |      7 | 0.894616 | 1.200000 | 1.150000 | 1.223333 | 1.076667 |   3.966920 |      415 |      345 |       70 |   6.999954 |      7 | 0.931135 | 1.743790
 711 | 213000.0 | 213300.0 | 0.009198 | 0.018483 |   6.999954 |      7 | 0.931135 | 1.200000 | 1.156667 | 1.073333 | 1.103333 |  -0.811576 |      411 |      347 |       64 |   7.000352 |      8 | 0.923670 | 1.932810
 712 | 213300.0 | 213600.0 | 0.009190 | 0.018479 |   7.000352 |      8 | 0.923670 | 1.200000 | 1.326667 | 1.196667 | 1.350000 |  -4.148870 |      471 |      398 |       73 |   6.999188 |      7 | 0.885542 | 2.898269
 713 | 213600.0 | 213900.0 | 0.009182 | 0.018475 |   6.999188 |      7 | 0.885542 | 1.200000 | 1.170000 | 1.153333 | 1.096667 |   1.533580 |      418 |      351 |       67 |   6.999464 |      7 | 0.899623 | 2.541706
 714 | 213900.0 | 214200.0 | 0.009174 | 0.018472 |   6.999464 |      7 | 0.899623 | 1.200000 | 1.143333 | 1.226667 | 1.133333 |   2.526392 |      415 |      343 |       72 |   6.999984 |      7 | 0.922801 | 1.954816
 715 | 214200.0 | 214500.0 | 0.009166 | 0.018468 |   6.999984 |      7 | 0.922801 | 1.200000 | 1.096667 | 1.090000 | 1.220000 |  -3.519594 |      402 |      329 |       74 |   7.000931 |      8 | 0.890540 | 2.771728
 716 | 214500.0 | 214800.0 | 0.009158 | 0.018464 |   7.000931 |      8 | 0.890540 | 1.200000 | 1.316667 | 1.330000 | 1.230000 |   2.707911 |      477 |      395 |       80 |   6.999862 |      7 | 0.915339 | 2.143750
 717 | 214800.0 | 215100.0 | 0.009150 | 0.018461 |   6.999862 |      7 | 0.915339 | 1.200000 | 1.330000 | 1.240000 | 1.210000 |   0.812532 |      446 |      399 |       48 |   6.998673 |      7 | 0.922775 | 1.955481
 718 | 215100.0 | 215400.0 | 0.009143 | 0.018457 |   6.998673 |      7 | 0.922775 | 1.200000 | 1.200000 | 1.200000 | 1.206667 |  -0.180598 |      422 |      360 |       62 |   6.998673 |      7 | 0.921123 | 1.997291
 719 | 215400.0 | 215700.0 | 0.009135 | 0.018454 |   6.998673 |      7 | 0.921123 | 1.200000 | 1.160000 | 1.196667 | 1.160000 |   0.993483 |      413 |      348 |       65 |   6.999038 |      7 | 0.930199 | 1.767489
 720 | 215700.0 | 216000.0 | 0.009127 | 0.018450 |   6.999038 |      7 | 0.930199 | 1.200000 | 1.166667 | 1.086667 | 1.116667 |  -0.813008 |      415 |      350 |       65 |   6.999343 |      7 | 0.922778 | 1.955385
 721 | 216000.0 | 216300.0 | 0.009119 | 0.018446 |   6.999343 |      7 | 0.922778 | 1.200000 | 1.116667 | 1.170000 | 1.233333 |  -1.716685 |      406 |      335 |       71 |   7.000102 |      8 | 0.907123 | 2.351794
 722 | 216300.0 | 216600.0 | 0.009111 | 0.018443 |   7.000102 |      8 | 0.907123 | 1.200000 | 1.310000 | 1.326667 | 1.340000 |  -0.361478 |      471 |      393 |       77 |   6.999100 |      7 | 0.903830 | 2.435194
 723 | 216600.0 | 216900.0 | 0.009104 | 0.018439 |   6.999100 |      7 | 0.903830 | 1.200000 | 1.273333 | 1.073333 | 1.150000 |  -2.078900 |      437 |      382 |       56 |   6.998433 |      7 | 0.884904 | 2.914427
 724 | 216900.0 | 217200.0 | 0.009096 | 0.018436 |   6.998433 |      7 | 0.884904 | 1.200000 | 1.130000 | 1.186667 | 1.096667 |   2.440921 |      413 |      339 |       74 |   6.999069 |      7 | 0.907107 | 2.352218
 725 | 217200.0 | 217500.0 | 0.009088 | 0.018432 |   6.999069 |      7 | 0.907107 | 1.200000 | 1.190000 | 1.146667 | 1.166667 |  -0.542532 |      421 |      357 |       64 |   6.999160 |      7 | 0.902176 | 2.477071
 726 | 217500.0 | 217800.0 | 0.009081 | 0.018429 |   6.999160 |      7 | 0.902176 | 1.200000 | 1.130000 | 1.133333 | 1.160000 |  -0.723516 |      411 |      339 |       72 |   6.999796 |      7 | 0.895606 | 2.643434
 727 | 217800.0 | 218100.0 | 0.009073 | 0.018425 |   6.999796 |      7 | 0.895606 | 1.200000 | 1.186667 | 1.180000 | 1.113333 |   1.809139 |      422 |      356 |       66 |   6.999917 |      7 | 0.912020 | 2.227799
 728 | 218100.0 | 218400.0 | 0.009065 | 0.018421 |   6.999917 |      7 | 0.912020 | 1.200000 | 1.233333 | 1.213333 | 1.053333 |   4.342771 |      430 |      370 |       60 |   6.999615 |      7 | 0.951388 | 1.230929
 729 | 218400.0 | 218700.0 | 0.009058 | 0.018418 |   6.999615 |      7 | 0.951388 | 1.200000 | 1.026667 | 0.663333 | 1.116667 | -12.306889 |      359 |      308 |       52 |   7.001185 |      8 | 0.839918 | 4.053554
 730 | 218700.0 | 219000.0 | 0.009050 | 0.018414 |   7.001185 |      8 | 0.839918 | 1.200000 | 1.160000 | 1.230000 | 1.150000 |   2.172222 |      448 |      348 |       98 |   7.001547 |      8 | 0.859576 | 3.555768
 731 | 219000.0 | 219300.0 | 0.009042 | 0.018411 |   7.001547 |      8 | 0.859576 | 1.200000 | 1.233333 | 1.296667 | 1.113333 |   4.978965 |      463 |      370 |       93 |   7.001245 |      8 | 0.904598 | 2.415751
 732 | 219300.0 | 219600.0 | 0.009035 | 0.018407 |   7.001245 |      8 | 0.904598 | 1.200000 | 1.366667 | 1.346667 | 1.373333 |  -0.724352 |      483 |      410 |       73 |   6.999739 |      7 | 0.898053 | 2.581464
 733 | 219600.0 | 219900.0 | 0.009027 | 0.018404 |   6.999739 |      7 | 0.898053 | 1.200000 | 1.126667 | 1.256667 | 1.140000 |   3.169648 |      410 |      338 |       73 |   7.000401 |      8 | 0.926666 | 1.856940
 734 | 219900.0 | 220200.0 | 0.009020 | 0.018400 |   7.000401 |      8 | 0.926666 | 1.200000 | 1.370000 | 1.196667 | 1.266667 |  -1.902153 |      476 |      411 |       65 |   6.998868 |      7 | 0.909510 | 2.291372
 735 | 220200.0 | 220500.0 | 0.009012 | 0.018397 |   6.998868 |      7 | 0.909510 | 1.200000 | 1.106667 | 1.140000 | 1.123333 |   0.452980 |      405 |      332 |       73 |   6.999709 |      7 | 0.913592 | 2.188003
 736 | 220500.0 | 220800.0 | 0.009004 | 0.018393 |   6.999709 |      7 | 0.913592 | 1.200000 | 1.186667 | 1.190000 | 1.093333 |   2.627787 |      422 |      356 |       66 |   6.999829 |      7 | 0.937254 | 1.588848
 737 | 220800.0 | 221100.0 | 0.008997 | 0.018390 |   6.999829 |      7 | 0.937254 | 1.200000 | 1.220000 | 0.930000 | 1.176667 |  -6.706666 |      418 |      366 |       53 |   6.999649 |      7 | 0.876914 | 3.116738
 738 | 221100.0 | 221400.0 | 0.008989 | 0.018386 |   6.999649 |      7 | 0.876914 | 1.200000 | 1.153333 | 1.126667 | 1.016667 |   2.991380 |      417 |      346 |       70 |   7.000069 |      8 | 0.903805 | 2.435821
 739 | 221400.0 | 221700.0 | 0.008982 | 0.018383 |   7.000069 |      8 | 0.903805 | 1.200000 | 1.443333 | 1.320000 | 1.313333 |   0.181330 |      498 |      433 |       64 |   6.997883 |      7 | 0.905434 | 2.394580
 740 | 221700.0 | 222000.0 | 0.008974 | 0.018379 |   6.997883 |      7 | 0.905434 | 1.200000 | 1.173333 | 1.223333 | 1.136667 |   2.357741 |      418 |      352 |       67 |   6.998123 |      7 | 0.926593 | 1.858791
 741 | 222000.0 | 222300.0 | 0.008967 | 0.018376 |   6.998123 |      7 | 0.926593 | 1.200000 | 1.160000 | 1.126667 | 1.110000 |   0.453498 |      413 |      348 |       65 |   6.998481 |      7 | 0.930659 | 1.755821
 742 | 222300.0 | 222600.0 | 0.008959 | 0.018372 |   6.998481 |      7 | 0.930659 | 1.200000 | 1.226667 | 1.130000 | 1.096667 |   0.907168 |      425 |      368 |       57 |   6.998242 |      7 | 0.938787 | 1.550013
 743 | 222600.0 | 222900.0 | 0.008952 | 0.018369 |   6.998242 |      7 | 0.938787 | 1.200000 | 1.186667 | 0.963333 | 1.206667 |  -6.623577 |      411 |      356 |       56 |   6.998362 |      7 | 0.879493 | 3.051448
 744 | 222900.0 | 223200.0 | 0.008945 | 0.018365 |   6.998362 |      7 | 0.879493 | 1.200000 | 0.993333 | 1.156667 | 1.000000 |   4.265301 |      389 |      298 |       90 |   7.000210 |      8 | 0.917644 | 2.085390
 745 | 223200.0 | 223500.0 | 0.008937 | 0.018362 |   7.000210 |      8 | 0.917644 | 1.200000 | 1.400000 | 1.290000 | 1.336667 |  -1.270755 |      486 |      420 |       65 |   6.998423 |      7 | 0.906287 | 2.372968
 746 | 223500.0 | 223800.0 | 0.008930 | 0.018358 |   6.998423 |      7 | 0.906287 | 1.200000 | 1.140000 | 1.213333 | 1.073333 |   3.812984 |      413 |      342 |       72 |   6.998959 |      7 | 0.940336 | 1.510786
 747 | 223800.0 | 224100.0 | 0.008922 | 0.018355 |   6.998959 |      7 | 0.940336 | 1.200000 | 1.183333 | 0.916667 | 1.233333 |  -8.626231 |      410 |      355 |       56 |   6.999107 |      7 | 0.863370 | 3.459714
 748 | 224100.0 | 224400.0 | 0.008915 | 0.018351 |   6.999107 |      7 | 0.863370 | 1.200000 | 1.193333 | 1.106667 | 1.080000 |   0.726556 |      425 |      358 |       66 |   6.999167 |      7 | 0.869847 | 3.295699
 749 | 224400.0 | 224700.0 | 0.008908 | 0.018348 |   6.999167 |      7 | 0.869847 | 1.200000 | 1.153333 | 1.076667 | 1.126667 |  -1.362549 |      417 |      346 |       71 |   6.999582 |      7 | 0.857710 | 3.603032
 750 | 224700.0 | 225000.0 | 0.008900 | 0.018345 |   6.999582 |      7 | 0.857710 | 1.200000 | 1.053333 | 1.126667 | 1.016667 |   2.998170 |      400 |      316 |       84 |   7.000888 |      8 | 0.884395 | 2.927329
 751 | 225000.0 | 225300.0 | 0.008893 | 0.018341 |   7.000888 |      8 | 0.884395 | 1.200000 | 1.293333 | 1.296667 | 1.190000 |   2.907861 |      472 |      388 |       83 |   7.000058 |      8 | 0.910254 | 2.272518
 752 | 225300.0 | 225600.0 | 0.008886 | 0.018338 |   7.000058 |      8 | 0.910254 | 1.200000 | 1.316667 | 1.310000 | 1.230000 |   2.181304 |      470 |      395 |       75 |   6.999021 |      7 | 0.929637 | 1.781721
 753 | 225600.0 | 225900.0 | 0.008878 | 0.018334 |   6.999021 |      7 | 0.929637 | 1.200000 | 1.180000 | 1.103333 | 1.156667 |  -1.454474 |      419 |      354 |       66 |   6.999199 |      7 | 0.916723 | 2.108711
 754 | 225900.0 | 226200.0 | 0.008871 | 0.018331 |   6.999199 |      7 | 0.916723 | 1.200000 | 1.150000 | 1.113333 | 1.043333 |   1.909354 |      413 |      345 |       69 |   6.999642 |      7 | 0.933661 | 1.679808
 755 | 226200.0 | 226500.0 | 0.008864 | 0.018327 |   6.999642 |      7 | 0.933661 | 1.200000 | 1.066667 | 1.040000 | 1.193333 |  -4.183174 |      395 |      320 |       74 |   7.000824 |      8 | 0.896582 | 2.618716
 756 | 226500.0 | 226800.0 | 0.008857 | 0.018324 |   7.000824 |      8 | 0.896582 | 1.200000 | 1.383333 | 1.383333 | 1.253333 |   3.547265 |      487 |      415 |       71 |   6.999200 |      7 | 0.927999 | 1.823188
 757 | 226800.0 | 227100.0 | 0.008849 | 0.018321 |   6.999200 |      7 | 0.927999 | 1.200000 | 1.246667 | 1.060000 | 1.143333 |  -2.274311 |      429 |      374 |       56 |   6.998787 |      7 | 0.907873 | 2.332820
 758 | 227100.0 | 227400.0 | 0.008842 | 0.018317 |   6.998787 |      7 | 0.907873 | 1.200000 | 1.270000 | 1.246667 | 1.076667 |   4.640456 |      436 |      381 |       55 |   6.998168 |      7 | 0.948904 | 1.293827
 759 | 227400.0 | 227700.0 | 0.008835 | 0.018314 |   6.998168 |      7 | 0.948904 | 1.200000 | 1.056667 | 0.716667 | 1.156667 | -12.012820 |      371 |      317 |       56 |   6.999435 |      7 | 0.842772 | 3.981292
 760 | 227700.0 | 228000.0 | 0.008828 | 0.018310 |   6.999435 |      7 | 0.842772 | 1.200000 | 1.036667 | 1.133333 | 0.973333 |   4.369108 |      398 |      311 |       85 |   7.000877 |      8 | 0.881341 | 3.004647
 761 | 228000.0 | 228300.0 | 0.008821 | 0.018307 |   7.000877 |      8 | 0.881341 | 1.200000 | 1.256667 | 1.240000 | 1.173333 |   1.820798 |      465 |      377 |       87 |   7.000377 |      8 | 0.897402 | 2.597967
 762 | 228300.0 | 228600.0 | 0.008813 | 0.018304 |   7.000377 |      8 | 0.897402 | 1.200000 | 1.353333 | 1.303333 | 1.243333 |   1.639022 |      481 |      406 |       76 |   6.999025 |      7 | 0.911847 | 2.232184
 763 | 228600.0 | 228900.0 | 0.008806 | 0.018300 |   6.999025 |      7 | 0.911847 | 1.200000 | 1.180000 | 1.156667 | 1.126667 |   0.819662 |      418 |      354 |       65 |   6.999202 |      7 | 0.919065 | 2.049408
 764 | 228900.0 | 229200.0 | 0.008799 | 0.018297 |   6.999202 |      7 | 0.919065 | 1.200000 | 1.093333 | 1.203333 | 1.090000 |   3.097072 |      401 |      328 |       72 |   7.000140 |      8 | 0.946317 | 1.359351
 765 | 229200.0 | 229500.0 | 0.008792 | 0.018293 |   7.000140 |      8 | 0.946317 | 1.200000 | 1.150000 | 0.766667 | 1.450000 | -18.676963 |      402 |      345 |       58 |   7.000580 |      8 | 0.782109 | 5.517386
 766 | 229500.0 | 229800.0 | 0.008785 | 0.018290 |   7.000580 |      8 | 0.782109 | 1.200000 | 1.133333 | 1.086667 | 1.110000 |  -0.637867 |      444 |      340 |      102 |   7.001165 |      8 | 0.776505 | 5.659279
 767 | 229800.0 | 230100.0 | 0.008778 | 0.018287 |   7.001165 |      8 | 0.776505 | 1.200000 | 1.150000 | 1.133333 | 1.086667 |   1.275969 |      448 |      345 |      103 |   7.001604 |      8 | 0.787705 | 5.375670
 768 | 230100.0 | 230400.0 | 0.008771 | 0.018283 |   7.001604 |      8 | 0.787705 | 1.200000 | 1.166667 | 1.233333 | 1.163333 |   1.914305 |      449 |      350 |       99 |   7.001897 |      8 | 0.804495 | 4.950522
 769 | 230400.0 | 230700.0 | 0.008764 | 0.018280 |   7.001897 |      8 | 0.804495 | 1.200000 | 1.120000 | 1.110000 | 1.130000 |  -0.547044 |      443 |      336 |      107 |   7.002598 |      8 | 0.799701 | 5.071917
 770 | 230700.0 | 231000.0 | 0.008757 | 0.018277 |   7.002598 |      8 | 0.799701 | 1.200000 | 1.150000 | 1.243333 | 1.140000 |   2.826913 |      447 |      345 |      102 |   7.003036 |      8 | 0.824455 | 4.445098
 771 | 231000.0 | 231300.0 | 0.008750 | 0.018273 |   7.003036 |      8 | 0.824455 | 1.200000 | 1.183333 | 1.136667 | 1.200000 |  -1.732941 |      453 |      355 |       98 |   7.003181 |      8 | 0.809293 | 4.829039
 772 | 231300.0 | 231600.0 | 0.008743 | 0.018270 |   7.003181 |      8 | 0.809293 | 1.200000 | 1.160000 | 1.203333 | 1.116667 |   2.371826 |      448 |      348 |      100 |   7.003531 |      8 | 0.830028 | 4.303972
 773 | 231600.0 | 231900.0 | 0.008736 | 0.018267 |   7.003531 |      8 | 0.830028 | 1.200000 | 1.286667 | 1.240000 | 1.156667 |   2.281018 |      472 |      386 |       86 |   7.002774 |      8 | 0.849954 | 3.799413
 774 | 231900.0 | 232200.0 | 0.008729 | 0.018263 |   7.002774 |      8 | 0.849954 | 1.200000 | 1.153333 | 1.336667 | 1.133333 |   5.566698 |      447 |      346 |      101 |   7.003181 |      8 | 0.898544 | 2.569051
 775 | 232200.0 | 232500.0 | 0.008722 | 0.018260 |   7.003181 |      8 | 0.898544 | 1.200000 | 1.280000 | 1.253333 | 1.246667 |   0.182548 |      467 |      384 |       83 |   7.002484 |      8 | 0.900136 | 2.528737
 776 | 232500.0 | 232800.0 | 0.008715 | 0.018257 |   7.002484 |      8 | 0.900136 | 1.200000 | 1.373333 | 1.380000 | 1.346667 |   0.912905 |      484 |      412 |       72 |   7.000973 |      8 | 0.908091 | 2.327287
 777 | 232800.0 | 233100.0 | 0.008708 | 0.018253 |   7.000973 |      8 | 0.908091 | 1.200000 | 1.323333 | 1.310000 | 1.293333 |   0.456536 |      475 |      397 |       78 |   6.999899 |      7 | 0.912067 | 2.226625
 778 | 233100.0 | 233400.0 | 0.008701 | 0.018250 |   6.999899 |      7 | 0.912067 | 1.200000 | 1.243333 | 1.166667 | 1.166667 |   0.000000 |      430 |      373 |       58 |   6.999522 |      7 | 0.912067 | 2.226625
 779 | 233400.0 | 233700.0 | 0.008694 | 0.018247 |   6.999522 |      7 | 0.912067 | 1.200000 | 1.190000 | 1.180000 | 1.136667 |   1.187423 |      421 |      357 |       64 |   6.999609 |      7 | 0.922390 | 1.965224
 780 | 233700.0 | 234000.0 | 0.008687 | 0.018244 |   6.999609 |      7 | 0.922390 | 1.200000 | 1.166667 | 1.220000 | 1.323333 |  -2.832058 |      416 |      350 |       66 |   6.999899 |      7 | 0.897788 | 2.588180
 781 | 234000.0 | 234300.0 | 0.008680 | 0.018240 |   6.999899 |      7 | 0.897788 | 1.200000 | 1.210000 | 1.206667 | 1.220000 |  -0.365493 |      426 |      363 |       63 |   6.999812 |      7 | 0.894616 | 2.668512
 782 | 234300.0 | 234600.0 | 0.008673 | 0.018237 |   6.999812 |      7 | 0.894616 | 1.200000 | 1.213333 | 1.223333 | 1.176667 |   1.279456 |      427 |      364 |       63 |   6.999696 |      7 | 0.905712 | 2.387523
 783 | 234600.0 | 234900.0 | 0.008666 | 0.018234 |   6.999696 |      7 | 0.905712 | 1.200000 | 1.146667 | 1.126667 | 1.120000 |   0.182812 |      414 |      344 |       70 |   7.000158 |      8 | 0.907297 | 2.347406
 784 | 234900.0 | 235200.0 | 0.008659 | 0.018230 |   7.000158 |      8 | 0.907297 | 1.200000 | 1.383333 | 1.340000 | 1.240000 |   2.742679 |      483 |      415 |       67 |   6.998571 |      7 | 0.931046 | 1.746022
 785 | 235200.0 | 235500.0 | 0.008652 | 0.018227 |   6.998571 |      7 | 0.931046 | 1.200000 | 1.163333 | 1.110000 | 1.126667 |  -0.457195 |      415 |      349 |       67 |   6.998888 |      7 | 0.927091 | 1.846192
 786 | 235500.0 | 235800.0 | 0.008646 | 0.018224 |   6.998888 |      7 | 0.927091 | 1.200000 | 1.246667 | 1.053333 | 1.143333 |  -2.469298 |      428 |      374 |       55 |   6.998485 |      7 | 0.905742 | 2.386776
 787 | 235800.0 | 236100.0 | 0.008639 | 0.018221 |   6.998485 |      7 | 0.905742 | 1.200000 | 1.246667 | 1.170000 | 1.156667 |   0.365887 |      434 |      374 |       59 |   6.998081 |      7 | 0.908903 | 2.306738
 788 | 236100.0 | 236400.0 | 0.008632 | 0.018217 |   6.998081 |      7 | 0.908903 | 1.200000 | 1.213333 | 1.150000 | 1.210000 |  -1.646789 |      425 |      364 |       61 |   6.997966 |      7 | 0.894688 | 2.666688
 789 | 236400.0 | 236700.0 | 0.008625 | 0.018214 |   6.997966 |      7 | 0.894688 | 1.200000 | 1.196667 | 1.150000 | 1.080000 |   1.921597 |      425 |      359 |       66 |   6.997995 |      7 | 0.911262 | 2.247002
 790 | 236700.0 | 237000.0 | 0.008618 | 0.018211 |   6.997995 |      7 | 0.911262 | 1.200000 | 1.146667 | 1.186667 | 1.196667 |  -0.274563 |      414 |      344 |       70 |   6.998455 |      7 | 0.908896 | 2.306921
 791 | 237000.0 | 237300.0 | 0.008612 | 0.018208 |   6.998455 |      7 | 0.908896 | 1.200000 | 1.240000 | 1.216667 | 1.226667 |  -0.274612 |      430 |      372 |       58 |   6.998110 |      7 | 0.906531 | 2.366803
 792 | 237300.0 | 237600.0 | 0.008605 | 0.018204 |   6.998110 |      7 | 0.906531 | 1.200000 | 1.140000 | 1.153333 | 1.190000 |  -1.007090 |      413 |      342 |       71 |   6.998627 |      7 | 0.897865 | 2.586238
 793 | 237600.0 | 237900.0 | 0.008598 | 0.018201 |   6.998627 |      7 | 0.897865 | 1.200000 | 1.120000 | 1.150000 | 1.163333 |  -0.366280 |      410 |      336 |       74 |   6.999314 |      7 | 0.894716 | 2.665984
 794 | 237900.0 | 238200.0 | 0.008591 | 0.018198 |   6.999314 |      7 | 0.894716 | 1.200000 | 1.123333 | 1.186667 | 1.083333 |   2.839173 |      411 |      337 |       74 |   6.999973 |      7 | 0.919108 | 2.048325
 795 | 238200.0 | 238500.0 | 0.008585 | 0.018195 |   6.999973 |      7 | 0.919108 | 1.200000 | 1.196667 | 1.223333 | 1.056667 |   4.580124 |      420 |      359 |       61 |   7.000002 |      8 | 0.958427 | 1.052704
 796 | 238500.0 | 238800.0 | 0.008578 | 0.018191 |   7.000002 |      8 | 0.958427 | 1.200000 | 0.893333 | 0.520000 | 1.216667 | -19.148316 |      316 |      268 |       49 |   7.002632 |      8 | 0.794173 | 5.211888
 797 | 238800.0 | 239100.0 | 0.008571 | 0.018188 |   7.002632 |      8 | 0.794173 | 1.200000 | 1.173333 | 1.166667 | 1.006667 |   4.398479 |      452 |      352 |       98 |   7.002861 |      8 | 0.831874 | 4.257245
 798 | 239100.0 | 239400.0 | 0.008565 | 0.018185 |   7.002861 |      8 | 0.831874 | 1.200000 | 1.196667 | 1.103333 | 1.250000 |  -4.032652 |      455 |      359 |       96 |   7.002889 |      8 | 0.797336 | 5.131807
 799 | 239400.0 | 239700.0 | 0.008558 | 0.018182 |   7.002889 |      8 | 0.797336 | 1.200000 | 1.226667 | 1.133333 | 1.110000 |   0.641672 |      460 |      368 |       92 |   7.002661 |      8 | 0.802827 | 4.992756
 800 | 239700.0 | 240000.0 | 0.008551 | 0.018178 |   7.002661 |      8 | 0.802827 | 1.200000 | 1.153333 | 1.213333 | 1.140000 |   2.017039 |      449 |      346 |      103 |   7.003060 |      8 | 0.820075 | 4.556001
 801 | 240000.0 | 240300.0 | 0.008545 | 0.018175 |   7.003060 |      8 | 0.820075 | 1.200000 | 1.170000 | 1.166667 | 1.053333 |   3.117792 |      448 |      351 |       97 |   7.003317 |      8 | 0.846716 | 3.881422
 802 | 240300.0 | 240600.0 | 0.008538 | 0.018172 |   7.003317 |      8 | 0.846716 | 1.200000 | 1.200000 | 1.236667 | 1.196667 |   1.100591 |      457 |      360 |       97 |   7.003317 |      8 | 0.856113 | 3.643478
 803 | 240600.0 | 240900.0 | 0.008531 | 0.018169 |   7.003317 |      8 | 0.856113 | 1.200000 | 1.270000 | 1.286667 | 1.183333 |   2.843694 |      469 |      381 |       88 |   7.002719 |      8 | 0.880373 | 3.029158
 804 | 240900.0 | 241200.0 | 0.008525 | 0.018166 |   7.002719 |      8 | 0.880373 | 1.200000 | 1.293333 | 1.346667 | 1.220000 |   3.486431 |      473 |      388 |       85 |   7.001924 |      8 | 0.910094 | 2.276572
 805 | 241200.0 | 241500.0 | 0.008518 | 0.018162 |   7.001924 |      8 | 0.910094 | 1.200000 | 1.210000 | 1.333333 | 1.330000 |   0.091764 |      452 |      363 |       89 |   7.001839 |      8 | 0.910876 | 2.256779
 806 | 241500.0 | 241800.0 | 0.008512 | 0.018159 |   7.001839 |      8 | 0.910876 | 1.200000 | 1.303333 | 1.343333 | 1.223333 |   3.304093 |      471 |      391 |       80 |   7.000959 |      8 | 0.938999 | 1.544654
 807 | 241800.0 | 242100.0 | 0.008505 | 0.018156 |   7.000959 |      8 | 0.938999 | 1.200000 | 1.256667 | 0.946667 | 1.356667 | -11.290963 |      441 |      377 |       65 |   7.000477 |      8 | 0.842969 | 3.976293
 808 | 242100.0 | 242400.0 | 0.008498 | 0.018153 |   7.000477 |      8 | 0.842969 | 1.200000 | 1.290000 | 1.296667 | 1.110000 |   5.141500 |      474 |      387 |       86 |   6.999712 |      7 | 0.886664 | 2.869866
 809 | 242400.0 | 242700.0 | 0.008492 | 0.018150 |   6.999712 |      7 | 0.886664 | 1.200000 | 1.146667 | 1.170000 | 1.100000 |   1.928400 |      415 |      344 |       72 |   7.000165 |      8 | 0.903040 | 2.455203
 810 | 242700.0 | 243000.0 | 0.008485 | 0.018147 |   7.000165 |      8 | 0.903040 | 1.200000 | 1.330000 | 1.346667 | 1.306667 |   1.102135 |      476 |      399 |       76 |   6.999062 |      7 | 0.912392 | 2.218393
 811 | 243000.0 | 243300.0 | 0.008479 | 0.018143 |   6.999062 |      7 | 0.912392 | 1.200000 | 1.120000 | 1.200000 | 1.196667 |   0.091861 |      409 |      336 |       74 |   6.999740 |      7 | 0.913171 | 2.198671
 812 | 243300.0 | 243600.0 | 0.008472 | 0.018140 |   6.999740 |      7 | 0.913171 | 1.200000 | 1.233333 | 1.130000 | 1.140000 |  -0.275630 |      429 |      370 |       59 |   6.999458 |      7 | 0.910835 | 2.257803
 813 | 243600.0 | 243900.0 | 0.008466 | 0.018137 |   6.999458 |      7 | 0.910835 | 1.200000 | 1.143333 | 1.180000 | 1.103333 |   2.113529 |      413 |      343 |       70 |   6.999938 |      7 | 0.928728 | 1.804726
 814 | 243900.0 | 244200.0 | 0.008459 | 0.018134 |   6.999938 |      7 | 0.928728 | 1.200000 | 1.240000 | 1.033333 | 1.160000 |  -3.492524 |      428 |      372 |       56 |   6.999599 |      7 | 0.899184 | 2.552844
 815 | 244200.0 | 244500.0 | 0.008453 | 0.018131 |   6.999599 |      7 | 0.899184 | 1.200000 | 1.260000 | 1.170000 | 1.106667 |   1.746565 |      436 |      378 |       58 |   6.999092 |      7 | 0.913947 | 2.179006
 816 | 244500.0 | 244800.0 | 0.008446 | 0.018128 |   6.999092 |      7 | 0.913947 | 1.200000 | 1.086667 | 1.266667 | 1.176667 |   2.482391 |      403 |      326 |       77 |   7.000049 |      8 | 0.934914 | 1.648077
 817 | 244800.0 | 245100.0 | 0.008440 | 0.018125 |   7.000049 |      8 | 0.934914 | 1.200000 | 1.310000 | 1.026667 | 1.423333 | -10.942803 |      460 |      393 |       66 |   6.999121 |      7 | 0.842557 | 3.986717
 818 | 245100.0 | 245400.0 | 0.008434 | 0.018121 |   6.999121 |      7 | 0.842557 | 1.200000 | 1.000000 | 1.100000 | 1.070000 |   0.827750 |      389 |      300 |       90 |   7.000808 |      8 | 0.849538 | 3.809949
 819 | 245400.0 | 245700.0 | 0.008427 | 0.018118 |   7.000808 |      8 | 0.849538 | 1.200000 | 1.160000 | 1.226667 | 1.240000 |  -0.367952 |      450 |      348 |      101 |   7.001145 |      8 | 0.846438 | 3.888466
 820 | 245700.0 | 246000.0 | 0.008421 | 0.018115 |   7.001145 |      8 | 0.846438 | 1.200000 | 1.203333 | 1.140000 | 1.253333 |  -3.128135 |      455 |      361 |       94 |   7.001117 |      8 | 0.820096 | 4.555468
 821 | 246000.0 | 246300.0 | 0.008414 | 0.018112 |   7.001117 |      8 | 0.820096 | 1.200000 | 1.240000 | 1.226667 | 1.040000 |   5.153111 |      464 |      372 |       92 |   7.000780 |      8 | 0.863456 | 3.457522
 822 | 246300.0 | 246600.0 | 0.008408 | 0.018109 |   7.000780 |      8 | 0.863456 | 1.200000 | 1.233333 | 1.286667 | 1.213333 |   2.024785 |      462 |      370 |       92 |   7.000500 |      8 | 0.880480 | 3.026440
 823 | 246600.0 | 246900.0 | 0.008402 | 0.018106 |   7.000500 |      8 | 0.880480 | 1.200000 | 1.410000 | 1.213333 | 1.203333 |   0.276155 |      492 |      423 |       69 |   6.998736 |      7 | 0.882801 | 2.967690
 824 | 246900.0 | 247200.0 | 0.008395 | 0.018103 |   6.998736 |      7 | 0.882801 | 1.200000 | 1.080000 | 1.110000 | 1.086667 |   0.644471 |      403 |      324 |       80 |   6.999743 |      7 | 0.888211 | 2.830688
 825 | 247200.0 | 247500.0 | 0.008389 | 0.018100 |   6.999743 |      7 | 0.888211 | 1.200000 | 1.203333 | 1.063333 | 1.070000 |  -0.184166 |      426 |      361 |       66 |   6.999715 |      7 | 0.886666 | 2.869809
 826 | 247500.0 | 247800.0 | 0.008382 | 0.018096 |   6.999715 |      7 | 0.886666 | 1.200000 | 1.146667 | 1.156667 | 1.130000 |   0.736791 |      414 |      344 |       69 |   7.000162 |      8 | 0.892842 | 2.713419
 827 | 247800.0 | 248100.0 | 0.008376 | 0.018093 |   7.000162 |      8 | 0.892842 | 1.200000 | 1.380000 | 1.223333 | 1.380000 |  -4.329388 |      487 |      414 |       73 |   6.998654 |      7 | 0.856579 | 3.631675
 828 | 248100.0 | 248400.0 | 0.008370 | 0.018090 |   6.998654 |      7 | 0.856579 | 1.200000 | 1.146667 | 1.056667 | 1.013333 |   1.197695 |      417 |      344 |       73 |   6.999101 |      7 | 0.866603 | 3.377837
 829 | 248400.0 | 248700.0 | 0.008364 | 0.018087 |   6.999101 |      7 | 0.866603 | 1.200000 | 1.170000 | 1.120000 | 1.116667 |   0.092146 |      419 |      351 |       68 |   6.999352 |      7 | 0.867374 | 3.358323
 830 | 248700.0 | 249000.0 | 0.008357 | 0.018084 |   6.999352 |      7 | 0.867374 | 1.200000 | 1.060000 | 1.130000 | 0.996667 |   3.686474 |      402 |      318 |       84 |   7.000522 |      8 | 0.898183 | 2.578194
 831 | 249000.0 | 249300.0 | 0.008351 | 0.018081 |   7.000522 |      8 | 0.898183 | 1.200000 | 1.330000 | 1.403333 | 1.366667 |   1.013953 |      477 |      399 |       77 |   6.999436 |      7 | 0.906650 | 2.363783
 832 | 249300.0 | 249600.0 | 0.008345 | 0.018078 |   6.999436 |      7 | 0.906650 | 1.200000 | 1.180000 | 1.106667 | 1.160000 |  -1.475092 |      419 |      354 |       66 |   6.999603 |      7 | 0.894341 | 2.675472
 833 | 249600.0 | 249900.0 | 0.008338 | 0.018075 |   6.999603 |      7 | 0.894341 | 1.200000 | 1.106667 | 1.173333 | 1.260000 |  -2.397431 |      408 |      332 |       76 |   7.000381 |      8 | 0.874350 | 3.181672
 834 | 249900.0 | 250200.0 | 0.008332 | 0.018072 |   7.000381 |      8 | 0.874350 | 1.200000 | 1.400000 | 1.256667 | 1.166667 |   2.490063 |      491 |      420 |       70 |   6.998715 |      7 | 0.895098 | 2.656308
 835 | 250200.0 | 250500.0 | 0.008326 | 0.018069 |   6.998715 |      7 | 0.895098 | 1.200000 | 1.126667 | 1.163333 | 1.103333 |   1.660324 |      410 |      338 |       73 |   6.999325 |      7 | 0.908921 | 2.306268
 836 | 250500.0 | 250800.0 | 0.008320 | 0.018066 |   6.999325 |      7 | 0.908921 | 1.200000 | 1.186667 | 1.240000 | 1.066667 |   4.797303 |      422 |      356 |       66 |   6.999436 |      7 | 0.948833 | 1.295626
 837 | 250800.0 | 251100.0 | 0.008313 | 0.018063 |   6.999436 |      7 | 0.948833 | 1.200000 | 1.080000 | 0.736667 | 1.200000 | -12.825730 |      377 |      324 |       54 |   7.000434 |      8 | 0.842207 | 3.995587
 838 | 251100.0 | 251400.0 | 0.008307 | 0.018060 |   7.000434 |      8 | 0.842207 | 1.200000 | 1.086667 | 1.193333 | 1.226667 |  -0.922870 |      436 |      326 |      108 |   7.001375 |      8 | 0.834541 | 4.189717
 839 | 251400.0 | 251700.0 | 0.008301 | 0.018057 |   7.001375 |      8 | 0.834541 | 1.200000 | 1.226667 | 1.240000 | 1.166667 |   2.030658 |      460 |      368 |       92 |   7.001154 |      8 | 0.851397 | 3.762878
 840 | 251700.0 | 252000.0 | 0.008295 | 0.018054 |   7.001154 |      8 | 0.851397 | 1.200000 | 1.193333 | 1.240000 | 1.180000 |   1.661727 |      455 |      358 |       97 |   7.001209 |      8 | 0.865181 | 3.413848
 841 | 252000.0 | 252300.0 | 0.008289 | 0.018050 |   7.001209 |      8 | 0.865181 | 1.200000 | 1.356667 | 1.233333 | 1.220000 |   0.369335 |      483 |      407 |       76 |   6.999911 |      7 | 0.868242 | 3.336330
 842 | 252300.0 | 252600.0 | 0.008283 | 0.018047 |   6.999911 |      7 | 0.868242 | 1.200000 | 1.013333 | 1.236667 | 1.113333 |   3.416923 |      393 |      304 |       90 |   7.001457 |      8 | 0.896543 | 2.619704
 843 | 252600.0 | 252900.0 | 0.008276 | 0.018044 |   7.001457 |      8 | 0.896543 | 1.200000 | 1.296667 | 1.296667 | 1.383333 |  -2.401485 |      471 |      389 |       81 |   7.000657 |      8 | 0.876668 | 3.122990
 844 | 252900.0 | 253200.0 | 0.008270 | 0.018041 |   7.000657 |      8 | 0.876668 | 1.200000 | 1.300000 | 1.360000 | 1.270000 |   2.494268 |      472 |      390 |       82 |   6.999830 |      7 | 0.897296 | 2.600646
 845 | 253200.0 | 253500.0 | 0.008264 | 0.018038 |   6.999830 |      7 | 0.897296 | 1.200000 | 1.176667 | 1.063333 | 1.090000 |  -0.739166 |      420 |      353 |       68 |   7.000023 |      8 | 0.891187 | 2.755326
 846 | 253500.0 | 253800.0 | 0.008258 | 0.018035 |   7.000023 |      8 | 0.891187 | 1.200000 | 1.343333 | 1.443333 | 1.283333 |   4.435741 |      480 |      403 |       76 |   6.998839 |      7 | 0.927818 | 1.827780
 847 | 253800.0 | 254100.0 | 0.008252 | 0.018032 |   6.998839 |      7 | 0.927818 | 1.200000 | 1.236667 | 1.103333 | 1.173333 |  -1.940961 |      427 |      371 |       58 |   6.998536 |      7 | 0.911801 | 2.233349
 848 | 254100.0 | 254400.0 | 0.008246 | 0.018029 |   6.998536 |      7 | 0.911801 | 1.200000 | 1.200000 | 1.196667 | 1.056667 |   3.882572 |      423 |      360 |       62 |   6.998536 |      7 | 0.943816 | 1.422674
 849 | 254400.0 | 254700.0 | 0.008240 | 0.018026 |   6.998536 |      7 | 0.943816 | 1.200000 | 1.176667 | 0.823333 | 1.183333 |  -9.985423 |      404 |      353 |       51 |   6.998729 |      7 | 0.861539 | 3.506077
 850 | 254700.0 | 255000.0 | 0.008234 | 0.018023 |   6.998729 |      7 | 0.861539 | 1.200000 | 1.093333 | 1.110000 | 1.046667 |   1.756988 |      406 |      328 |       78 |   6.999607 |      7 | 0.876005 | 3.139761
 851 | 255000.0 | 255300.0 | 0.008228 | 0.018020 |   6.999607 |      7 | 0.876005 | 1.200000 | 1.130000 | 1.060000 | 1.076667 |  -0.462442 |      414 |      339 |       75 |   7.000183 |      8 | 0.872200 | 3.236105
 852 | 255300.0 | 255600.0 | 0.008222 | 0.018017 |   7.000183 |      8 | 0.872200 | 1.200000 | 1.263333 | 1.330000 | 1.143333 |   5.180215 |      466 |      379 |       86 |   6.999662 |      7 | 0.914790 | 2.157668
 853 | 255600.0 | 255900.0 | 0.008216 | 0.018014 |   6.999662 |      7 | 0.914790 | 1.200000 | 1.203333 | 1.293333 | 1.110000 |   5.088556 |      423 |      361 |       63 |   6.999635 |      7 | 0.956595 | 1.099090
 854 | 255900.0 | 256200.0 | 0.008209 | 0.018011 |   6.999635 |      7 | 0.956595 | 1.200000 | 0.940000 | 0.560000 | 1.153333 | -16.471153 |      323 |      282 |       43 |   7.001769 |      8 | 0.821375 | 4.523087
 855 | 256200.0 | 256500.0 | 0.008203 | 0.018008 |   7.001769 |      8 | 0.821375 | 1.200000 | 1.216667 | 1.303333 | 1.156667 |   4.072196 |      460 |      365 |       92 |   7.001632 |      8 | 0.854781 | 3.677186
 856 | 256500.0 | 256800.0 | 0.008197 | 0.018005 |   7.001632 |      8 | 0.854781 | 1.200000 | 1.210000 | 1.310000 | 1.190000 |   3.332349 |      458 |      363 |       95 |   7.001551 |      8 | 0.882098 | 2.985477
 857 | 256800.0 | 257100.0 | 0.008191 | 0.018002 |   7.001551 |      8 | 0.882098 | 1.200000 | 1.240000 | 1.323333 | 1.256667 |   1.851611 |      461 |      372 |       89 |   7.001223 |      8 | 0.897266 | 2.601412
 858 | 257100.0 | 257400.0 | 0.008185 | 0.017999 |   7.001223 |      8 | 0.897266 | 1.200000 | 1.403333 | 1.233333 | 1.356667 |  -3.426047 |      491 |      421 |       70 |   6.999558 |      7 | 0.869222 | 3.311530
 859 | 257400.0 | 257700.0 | 0.008180 | 0.017996 |   6.999558 |      7 | 0.869222 | 1.200000 | 1.080000 | 1.080000 | 1.113333 |  -0.926112 |      403 |      324 |       80 |   7.000540 |      8 | 0.861647 | 3.503346
 860 | 257700.0 | 258000.0 | 0.008174 | 0.017993 |   7.000540 |      8 | 0.861647 | 1.200000 | 1.260000 | 1.256667 | 1.136667 |   3.334552 |      467 |      378 |       88 |   7.000050 |      8 | 0.888902 | 2.813200
 861 | 258000.0 | 258300.0 | 0.008168 | 0.017990 |   7.000050 |      8 | 0.888902 | 1.200000 | 1.300000 | 1.283333 | 1.203333 |   2.223401 |      472 |      390 |       82 |   6.999233 |      7 | 0.907062 | 2.353362
 862 | 258300.0 | 258600.0 | 0.008162 | 0.017987 |   6.999233 |      7 | 0.907062 | 1.200000 | 1.156667 | 1.153333 | 1.203333 |  -1.389854 |      415 |      347 |       69 |   6.999587 |      7 | 0.895718 | 2.640599
 863 | 258600.0 | 258900.0 | 0.008156 | 0.017985 |   6.999587 |      7 | 0.895718 | 1.200000 | 1.120000 | 1.140000 | 1.066667 |   2.038788 |      411 |      336 |       75 |   7.000239 |      8 | 0.912346 | 2.219556
 864 | 258900.0 | 259200.0 | 0.008150 | 0.017982 |   7.000239 |      8 | 0.912346 | 1.200000 | 1.456667 | 1.293333 | 1.270000 |   0.648812 |      498 |      437 |       60 |   6.998147 |      7 | 0.917633 | 2.085663
 865 | 259200.0 | 259500.0 | 0.008144 | 0.017979 |   6.998147 |      7 | 0.917633 | 1.200000 | 1.176667 | 1.173333 | 1.216667 |  -1.205134 |      416 |      353 |       65 |   6.998337 |      7 | 0.907819 | 2.334182
 866 | 259500.0 | 259800.0 | 0.008138 | 0.017976 |   6.998337 |      7 | 0.907819 | 1.200000 | 1.273333 | 1.220000 | 1.163333 |   1.576202 |      438 |      382 |       55 |   6.997740 |      7 | 0.920646 | 2.009378
 867 | 259800.0 | 260100.0 | 0.008132 | 0.017973 |   6.997740 |      7 | 0.920646 | 1.200000 | 1.096667 | 1.186667 | 1.190000 |  -0.092733 |      402 |      329 |       73 |   6.998581 |      7 | 0.919892 | 2.028473
 868 | 260100.0 | 260400.0 | 0.008126 | 0.017970 |   6.998581 |      7 | 0.919892 | 1.200000 | 1.193333 | 1.130000 | 1.146667 |  -0.463741 |      421 |      358 |       63 |   6.998635 |      7 | 0.916124 | 2.123897
 869 | 260400.0 | 260700.0 | 0.008120 | 0.017967 |   6.998635 |      7 | 0.916124 | 1.200000 | 1.156667 | 1.170000 | 1.243333 |  -2.040792 |      414 |      347 |       68 |   6.998987 |      7 | 0.899552 | 2.543525
 870 | 260700.0 | 261000.0 | 0.008114 | 0.017964 |   6.998987 |      7 | 0.899552 | 1.200000 | 1.090000 | 1.196667 | 1.163333 |   0.927784 |      405 |      327 |       77 |   6.999879 |      7 | 0.907080 | 2.352892
 871 | 261000.0 | 261300.0 | 0.008109 | 0.017961 |   6.999879 |      7 | 0.907080 | 1.200000 | 1.226667 | 1.140000 | 1.110000 |   0.835142 |      428 |      368 |       60 |   6.999663 |      7 | 0.913852 | 2.181417
 872 | 261300.0 | 261600.0 | 0.008103 | 0.017958 |   6.999663 |      7 | 0.913852 | 1.200000 | 1.190000 | 1.173333 | 1.153333 |   0.556852 |      421 |      357 |       64 |   6.999744 |      7 | 0.918364 | 2.067164
 873 | 261600.0 | 261900.0 | 0.008097 | 0.017955 |   6.999744 |      7 | 0.918364 | 1.200000 | 1.200000 | 1.123333 | 1.186667 |  -1.763651 |      423 |      360 |       63 |   6.999744 |      7 | 0.904084 | 2.428763
 874 | 261900.0 | 262200.0 | 0.008091 | 0.017952 |   6.999744 |      7 | 0.904084 | 1.200000 | 1.146667 | 1.140000 | 1.170000 |  -0.835549 |      415 |      344 |       71 |   7.000176 |      8 | 0.897323 | 2.599951
 875 | 262200.0 | 262500.0 | 0.008085 | 0.017949 |   7.000176 |      8 | 0.897323 | 1.200000 | 1.240000 | 1.236667 | 1.283333 |  -1.299954 |      459 |      372 |       86 |   6.999852 |      7 | 0.886813 | 2.866096
 876 | 262500.0 | 262800.0 | 0.008080 | 0.017946 |   6.999852 |      7 | 0.886813 | 1.200000 | 1.073333 | 1.153333 | 1.150000 |   0.092869 |      403 |      322 |       82 |   7.000876 |      8 | 0.887563 | 2.847096
 877 | 262800.0 | 263100.0 | 0.008074 | 0.017944 |   7.000876 |      8 | 0.887563 | 1.200000 | 1.296667 | 1.326667 | 1.173333 |   4.272662 |      472 |      389 |       82 |   7.000095 |      8 | 0.922059 | 1.973591
 878 | 263100.0 | 263400.0 | 0.008068 | 0.017941 |   7.000095 |      8 | 0.922059 | 1.200000 | 1.296667 | 1.250000 | 1.333333 |  -2.322474 |      465 |      389 |       76 |   6.999315 |      7 | 0.903322 | 2.448059
 879 | 263400.0 | 263700.0 | 0.008062 | 0.017938 |   6.999315 |      7 | 0.903322 | 1.200000 | 1.196667 | 1.203333 | 1.063333 |   3.902388 |      424 |      359 |       66 |   6.999342 |      7 | 0.934783 | 1.651394
 880 | 263700.0 | 264000.0 | 0.008056 | 0.017935 |   6.999342 |      7 | 0.934783 | 1.200000 | 1.150000 | 1.030000 | 1.166667 |  -3.810088 |      408 |      345 |       64 |   6.999745 |      7 | 0.904088 | 2.428661
 881 | 264000.0 | 264300.0 | 0.008051 | 0.017932 |   6.999745 |      7 | 0.904088 | 1.200000 | 1.176667 | 1.240000 | 1.136667 |   2.881263 |      420 |      353 |       66 |   6.999933 |      7 | 0.927284 | 1.841296
 882 | 264300.0 | 264600.0 | 0.008045 | 0.017929 |   6.999933 |      7 | 0.927284 | 1.200000 | 1.123333 | 1.106667 | 1.240000 |  -3.718357 |      408 |      337 |       72 |   7.000550 |      8 | 0.897370 | 2.598767
 883 | 264600.0 | 264900.0 | 0.008039 | 0.017926 |   7.000550 |      8 | 0.897370 | 1.200000 | 1.333333 | 1.273333 | 1.203333 |   1.952452 |      478 |      400 |       76 |   6.999478 |      7 | 0.913066 | 2.201314
 884 | 264900.0 | 265200.0 | 0.008033 | 0.017923 |   6.999478 |      7 | 0.913066 | 1.200000 | 1.233333 | 1.153333 | 1.206667 |  -1.487821 |      429 |      370 |       60 |   6.999210 |      7 | 0.901114 | 2.503969
 885 | 265200.0 | 265500.0 | 0.008028 | 0.017920 |   6.999210 |      7 | 0.901114 | 1.200000 | 1.173333 | 1.193333 | 1.123333 |   1.953079 |      418 |      352 |       66 |   6.999424 |      7 | 0.916793 | 2.106953
 886 | 265500.0 | 265800.0 | 0.008022 | 0.017918 |   6.999424 |      7 | 0.916793 | 1.200000 | 1.150000 | 1.163333 | 1.030000 |   3.720747 |      415 |      345 |       70 |   6.999825 |      7 | 0.946641 | 1.351149
 887 | 265800.0 | 266100.0 | 0.008016 | 0.017915 |   6.999825 |      7 | 0.946641 | 1.200000 | 1.076667 | 0.786667 | 1.093333 |  -8.559088 |      380 |      323 |       59 |   7.000814 |      8 | 0.878028 | 3.088544
 888 | 266100.0 | 266400.0 | 0.008011 | 0.017912 |   7.000814 |      8 | 0.878028 | 1.200000 | 1.253333 | 1.290000 | 1.316667 |  -0.744388 |      465 |      376 |       87 |   7.000387 |      8 | 0.872065 | 3.239539
 889 | 266400.0 | 266700.0 | 0.008005 | 0.017909 |   7.000387 |      8 | 0.872065 | 1.200000 | 1.256667 | 1.346667 | 1.123333 |   6.235243 |      465 |      377 |       87 |   6.999933 |      7 | 0.921978 | 1.975650
 890 | 266700.0 | 267000.0 | 0.007999 | 0.017906 |   6.999933 |      7 | 0.921978 | 1.200000 | 1.153333 | 1.110000 | 1.196667 |  -2.420033 |      413 |      346 |       68 |   7.000306 |      8 | 0.902619 | 2.465846
 891 | 267000.0 | 267300.0 | 0.007994 | 0.017903 |   7.000306 |      8 | 0.902619 | 1.200000 | 1.296667 | 1.286667 | 1.280000 |   0.186186 |      470 |      389 |       81 |   6.999534 |      7 | 0.904108 | 2.428159
 892 | 267300.0 | 267600.0 | 0.007988 | 0.017900 |   6.999534 |      7 | 0.904108 | 1.200000 | 1.060000 | 1.213333 | 1.216667 |  -0.093108 |      399 |      318 |       81 |   7.000652 |      8 | 0.903364 | 2.446992
 893 | 267600.0 | 267900.0 | 0.007982 | 0.017898 |   7.000652 |      8 | 0.903364 | 1.200000 | 1.283333 | 1.276667 | 1.300000 |  -0.651859 |      468 |      385 |       82 |   6.999987 |      7 | 0.898160 | 2.578752
 894 | 267900.0 | 268200.0 | 0.007977 | 0.017895 |   6.999987 |      7 | 0.898160 | 1.200000 | 1.200000 | 1.206667 | 1.090000 |   3.259812 |      425 |      360 |       66 |   6.999987 |      7 | 0.924163 | 1.920313
 895 | 268200.0 | 268500.0 | 0.007971 | 0.017892 |   6.999987 |      7 | 0.924163 | 1.200000 | 1.253333 | 1.210000 | 1.153333 |   1.583589 |      431 |      376 |       55 |   6.999562 |      7 | 0.936787 | 1.600674
 896 | 268500.0 | 268800.0 | 0.007966 | 0.017889 |   6.999562 |      7 | 0.936787 | 1.200000 | 1.246667 | 0.950000 | 1.156667 |  -5.776358 |      423 |      374 |       50 |   6.999190 |      7 | 0.890774 | 2.765781
 897 | 268800.0 | 269100.0 | 0.007960 | 0.017886 |   6.999190 |      7 | 0.890774 | 1.200000 | 1.093333 | 1.130000 | 1.060000 |   1.956818 |      404 |      328 |       75 |   7.000039 |      8 | 0.906351 | 2.371363
 898 | 269100.0 | 269400.0 | 0.007954 | 0.017883 |   7.000039 |      8 | 0.906351 | 1.200000 | 1.323333 | 1.326667 | 1.296667 |   0.838769 |      478 |      397 |       80 |   6.999058 |      7 | 0.913023 | 2.202418
 899 | 269400.0 | 269700.0 | 0.007949 | 0.017881 |   6.999058 |      7 | 0.913023 | 1.200000 | 1.220000 | 1.220000 | 1.176667 |   1.211747 |      425 |      366 |       60 |   6.998899 |      7 | 0.922655 | 1.958519
 900 | 269700.0 | 270000.0 | 0.007943 | 0.017878 |   6.998899 |      7 | 0.922655 | 1.200000 | 1.146667 | 1.180000 | 1.180000 |   0.000000 |      412 |      344 |       68 |   6.999323 |      7 | 0.922655 | 1.958519
 901 | 270000.0 | 270300.0 | 0.007938 | 0.017875 |   6.999323 |      7 | 0.922655 | 1.200000 | 1.163333 | 1.133333 | 1.140000 |  -0.186482 |      415 |      349 |       66 |   6.999614 |      7 | 0.921174 | 1.996002
 902 | 270300.0 | 270600.0 | 0.007932 | 0.017872 |   6.999614 |      7 | 0.921174 | 1.200000 | 1.126667 | 1.133333 | 1.166667 |  -0.932555 |      409 |      338 |       71 |   7.000195 |      8 | 0.913777 | 2.183311
 903 | 270600.0 | 270900.0 | 0.007927 | 0.017869 |   7.000195 |      8 | 0.913777 | 1.200000 | 1.280000 | 1.300000 | 1.356667 |  -1.585593 |      466 |      384 |       81 |   6.999561 |      7 | 0.901209 | 2.501565
 904 | 270900.0 | 271200.0 | 0.007921 | 0.017866 |   6.999561 |      7 | 0.901209 | 1.200000 | 1.220000 | 1.103333 | 1.140000 |  -1.026133 |      427 |      366 |       62 |   6.999403 |      7 | 0.893081 | 2.707383
 905 | 271200.0 | 271500.0 | 0.007916 | 0.017864 |   6.999403 |      7 | 0.893081 | 1.200000 | 1.120000 | 1.143333 | 1.153333 |  -0.279898 |      410 |      336 |       74 |   7.000036 |      8 | 0.890865 | 2.763485
 906 | 271500.0 | 271800.0 | 0.007910 | 0.017861 |   7.000036 |      8 | 0.890865 | 1.200000 | 1.283333 | 1.273333 | 1.210000 |   1.772969 |      469 |      385 |       83 |   6.999377 |      7 | 0.904889 | 2.408365
 907 | 271800.0 | 272100.0 | 0.007905 | 0.017858 |   6.999377 |      7 | 0.904889 | 1.200000 | 1.196667 | 1.080000 | 1.143333 |  -1.773247 |      423 |      359 |       65 |   6.999403 |      7 | 0.890873 | 2.763294
 908 | 272100.0 | 272400.0 | 0.007899 | 0.017855 |   6.999403 |      7 | 0.890873 | 1.200000 | 1.123333 | 1.106667 | 1.040000 |   1.866868 |      412 |      337 |       75 |   7.000009 |      8 | 0.905619 | 2.389885
 909 | 272400.0 | 272700.0 | 0.007894 | 0.017852 |   7.000009 |      8 | 0.905619 | 1.200000 | 1.290000 | 1.373333 | 1.286667 |   2.427308 |      468 |      387 |       80 |   6.999298 |      7 | 0.924779 | 1.904715
 910 | 272700.0 | 273000.0 | 0.007888 | 0.017850 |   6.999298 |      7 | 0.924779 | 1.200000 | 1.283333 | 1.160000 | 1.203333 |  -1.213844 |      436 |      385 |       52 |   6.998641 |      7 | 0.915204 | 2.147170
 911 | 273000.0 | 273300.0 | 0.007883 | 0.017847 |   6.998641 |      7 | 0.915204 | 1.200000 | 1.126667 | 1.103333 | 1.183333 |  -2.241292 |      409 |      338 |       71 |   6.999219 |      7 | 0.897537 | 2.594539
 912 | 273300.0 | 273600.0 | 0.007877 | 0.017844 |   6.999219 |      7 | 0.897537 | 1.200000 | 1.240000 | 1.256667 | 1.030000 |   6.351319 |      432 |      372 |       60 |   6.998904 |      7 | 0.947568 | 1.327673
 913 | 273600.0 | 273900.0 | 0.007872 | 0.017841 |   6.998904 |      7 | 0.947568 | 1.200000 | 1.116667 | 0.743333 | 1.150000 | -11.396789 |      382 |      335 |       48 |   6.999560 |      7 | 0.857855 | 3.599363
 914 | 273900.0 | 274200.0 | 0.007866 | 0.017839 |   6.999560 |      7 | 0.857855 | 1.200000 | 1.033333 | 1.086667 | 0.986667 |   2.802926 |      395 |      310 |       84 |   7.000871 |      8 | 0.879904 | 3.041049
 915 | 274200.0 | 274500.0 | 0.007861 | 0.017836 |   7.000871 |      8 | 0.879904 | 1.200000 | 1.280000 | 1.306667 | 1.163333 |   4.018151 |      470 |      384 |       85 |   7.000242 |      8 | 0.911490 | 2.241227
 916 | 274500.0 | 274800.0 | 0.007856 | 0.017833 |   7.000242 |      8 | 0.911490 | 1.200000 | 1.343333 | 1.383333 | 1.293333 |   2.523417 |      479 |      403 |       76 |   6.999116 |      7 | 0.931313 | 1.739282
 917 | 274800.0 | 275100.0 | 0.007850 | 0.017830 |   6.999116 |      7 | 0.931313 | 1.200000 | 1.140000 | 1.120000 | 1.263333 |  -4.019399 |      406 |      342 |       65 |   6.999587 |      7 | 0.899760 | 2.538250
 918 | 275100.0 | 275400.0 | 0.007845 | 0.017827 |   6.999587 |      7 | 0.899760 | 1.200000 | 1.096667 | 1.150000 | 1.100000 |   1.402333 |      406 |      329 |       77 |   7.000398 |      8 | 0.910761 | 2.259689
 919 | 275400.0 | 275700.0 | 0.007839 | 0.017825 |   7.000398 |      8 | 0.910761 | 1.200000 | 1.323333 | 1.356667 | 1.280000 |   2.150578 |      476 |      397 |       78 |   6.999431 |      7 | 0.927620 | 1.832789
 920 | 275700.0 | 276000.0 | 0.007834 | 0.017822 |   6.999431 |      7 | 0.927620 | 1.200000 | 1.213333 | 1.046667 | 1.086667 |  -1.122214 |      423 |      364 |       60 |   6.999326 |      7 | 0.918829 | 2.055401
 921 | 276000.0 | 276300.0 | 0.007829 | 0.017819 |   6.999326 |      7 | 0.918829 | 1.200000 | 1.296667 | 1.163333 | 1.130000 |   0.935323 |      439 |      389 |       50 |   6.998570 |      7 | 0.926151 | 1.869989
 922 | 276300.0 | 276600.0 | 0.007823 | 0.017816 |   6.998570 |      7 | 0.926151 | 1.200000 | 1.120000 | 1.146667 | 1.233333 |  -2.432215 |      406 |      336 |       70 |   6.999196 |      7 | 0.907123 | 2.351803
 923 | 276600.0 | 276900.0 | 0.007818 | 0.017814 |   6.999196 |      7 | 0.907123 | 1.200000 | 1.166667 | 1.183333 | 1.126667 |   1.590540 |      417 |      350 |       68 |   6.999456 |      7 | 0.919558 | 2.036938
 924 | 276900.0 | 277200.0 | 0.007813 | 0.017811 |   6.999456 |      7 | 0.919558 | 1.200000 | 1.096667 | 1.203333 | 1.116667 |   2.432965 |      402 |      329 |       73 |   7.000263 |      8 | 0.938565 | 1.555634
 925 | 277200.0 | 277500.0 | 0.007807 | 0.017808 |   7.000263 |      8 | 0.938565 | 1.200000 | 1.280000 | 0.923333 | 1.290000 | -10.294900 |      443 |      384 |       57 |   6.999639 |      7 | 0.858191 | 3.590842
 926 | 277500.0 | 277800.0 | 0.007802 | 0.017805 |   6.999639 |      7 | 0.858191 | 1.200000 | 0.990000 | 1.196667 | 1.060000 |   3.837780 |      389 |      297 |       93 |   7.001277 |      8 | 0.888133 | 2.832665
 927 | 277800.0 | 278100.0 | 0.007797 | 0.017803 |   7.001277 |      8 | 0.888133 | 1.200000 | 1.273333 | 1.320000 | 1.276667 |   1.217044 |      467 |      382 |       84 |   7.000706 |      8 | 0.897622 | 2.592395
 928 | 278100.0 | 278400.0 | 0.007791 | 0.017800 |   7.000706 |      8 | 0.897622 | 1.200000 | 1.303333 | 1.366667 | 1.270000 |   2.715361 |      472 |      391 |       81 |   6.999900 |      7 | 0.918778 | 2.056690
 929 | 278400.0 | 278700.0 | 0.007786 | 0.017797 |   6.999900 |      7 | 0.918778 | 1.200000 | 1.170000 | 1.163333 | 1.146667 |   0.468237 |      416 |      351 |       66 |   7.000134 |      8 | 0.922423 | 1.964376
 930 | 278700.0 | 279000.0 | 0.007781 | 0.017795 |   7.000134 |      8 | 0.922423 | 1.200000 | 1.276667 | 1.210000 | 1.343333 |  -3.746473 |      465 |      383 |       81 |   6.999537 |      7 | 0.893273 | 2.702501
 931 | 279000.0 | 279300.0 | 0.007775 | 0.017792 |   6.999537 |      7 | 0.893273 | 1.200000 | 1.110000 | 1.153333 | 1.133333 |   0.562057 |      407 |      333 |       75 |   7.000237 |      8 | 0.897644 | 2.591840
 932 | 279300.0 | 279600.0 | 0.007770 | 0.017789 |   7.000237 |      8 | 0.897644 | 1.200000 | 1.306667 | 1.340000 | 1.233333 |   2.998095 |      472 |      392 |       79 |   6.999408 |      7 | 0.920939 | 2.001961
 933 | 279600.0 | 279900.0 | 0.007765 | 0.017786 |   6.999408 |      7 | 0.920939 | 1.200000 | 1.216667 | 1.236667 | 1.146667 |   2.530029 |      425 |      365 |       61 |   6.999279 |      7 | 0.940584 | 1.504513
 934 | 279900.0 | 280200.0 | 0.007760 | 0.017784 |   6.999279 |      7 | 0.940584 | 1.200000 | 1.246667 | 0.903333 | 1.116667 |  -5.998021 |      421 |      374 |       47 |   6.998917 |      7 | 0.894042 | 2.683032
 935 | 280200.0 | 280500.0 | 0.007754 | 0.017781 |   6.998917 |      7 | 0.894042 | 1.200000 | 1.176667 | 1.216667 | 1.126667 |   2.530801 |      420 |      353 |       67 |   6.999098 |      7 | 0.913667 | 2.186105
 936 | 280500.0 | 280800.0 | 0.007749 | 0.017778 |   6.999098 |      7 | 0.913667 | 1.200000 | 1.226667 | 1.216667 | 1.056667 |   4.499886 |      428 |      368 |       60 |   6.998891 |      7 | 0.948537 | 1.303141
 937 | 280800.0 | 281100.0 | 0.007744 | 0.017776 |   6.998891 |      7 | 0.948537 | 1.200000 | 1.036667 | 0.740000 | 1.206667 | -13.126664 |      372 |      311 |       61 |   7.000156 |      8 | 0.846886 | 3.877105
 938 | 281100.0 | 281400.0 | 0.007739 | 0.017773 |   7.000156 |      8 | 0.846886 | 1.200000 | 1.196667 | 1.286667 | 1.140000 |   4.126150 |      456 |      359 |       96 |   7.000182 |      8 | 0.878817 | 3.068567
 939 | 281400.0 | 281700.0 | 0.007733 | 0.017770 |   7.000182 |      8 | 0.878817 | 1.200000 | 1.236667 | 1.250000 | 1.180000 |   1.969597 |      459 |      371 |       88 |   6.999898 |      7 | 0.894048 | 2.682876
 940 | 281700.0 | 282000.0 | 0.007728 | 0.017767 |   6.999898 |      7 | 0.894048 | 1.200000 | 1.030000 | 1.186667 | 1.060000 |   3.564574 |      394 |      309 |       86 |   7.001212 |      8 | 0.921596 | 1.985323
 941 | 282000.0 | 282300.0 | 0.007723 | 0.017765 |   7.001212 |      8 | 0.921596 | 1.200000 | 1.326667 | 1.270000 | 1.286667 |  -0.469094 |      473 |      398 |       74 |   7.000234 |      8 | 0.917973 | 2.077058
 942 | 282300.0 | 282600.0 | 0.007718 | 0.017762 |   7.000234 |      8 | 0.917973 | 1.200000 | 1.406667 | 1.310000 | 1.286667 |   0.656831 |      488 |      422 |       66 |   6.998639 |      7 | 0.923043 | 1.948695
 943 | 282600.0 | 282900.0 | 0.007713 | 0.017759 |   6.998639 |      7 | 0.923043 | 1.200000 | 1.243333 | 1.160000 | 1.106667 |   1.501555 |      429 |      373 |       58 |   6.998305 |      7 | 0.934623 | 1.655447
 944 | 282900.0 | 283200.0 | 0.007707 | 0.017757 |   6.998305 |      7 | 0.934623 | 1.200000 | 1.250000 | 0.963333 | 1.216667 |  -7.133461 |      426 |      375 |       50 |   6.997919 |      7 | 0.879643 | 3.047652
 945 | 283200.0 | 283500.0 | 0.007702 | 0.017754 |   6.997919 |      7 | 0.879643 | 1.200000 | 1.146667 | 1.173333 | 1.003333 |   4.787650 |      416 |      344 |       72 |   6.998330 |      7 | 0.916519 | 2.113894
 946 | 283500.0 | 283800.0 | 0.007697 | 0.017751 |   6.998330 |      7 | 0.916519 | 1.200000 | 1.140000 | 1.200000 | 0.990000 |   5.915047 |      411 |      342 |       69 |   6.998792 |      7 | 0.962047 | 0.961028
 947 | 283800.0 | 284100.0 | 0.007692 | 0.017749 |   6.998792 |      7 | 0.962047 | 1.200000 | 0.853333 | 0.433333 | 1.063333 | -17.747812 |      287 |      256 |       32 |   7.001458 |      8 | 0.825532 | 4.417836
 948 | 284100.0 | 284400.0 | 0.007687 | 0.017746 |   7.001458 |      8 | 0.825532 | 1.200000 | 1.116667 | 1.223333 | 1.223333 |   0.000000 |      442 |      335 |      105 |   7.002099 |      8 | 0.825532 | 4.417836
 949 | 284400.0 | 284700.0 | 0.007682 | 0.017743 |   7.002099 |      8 | 0.825532 | 1.200000 | 1.163333 | 1.196667 | 1.263333 |  -1.878640 |      449 |      349 |      100 |   7.002381 |      8 | 0.811101 | 4.783257
 950 | 284700.0 | 285000.0 | 0.007677 | 0.017741 |   7.002381 |      8 | 0.811101 | 1.200000 | 1.180000 | 1.170000 | 1.146667 |   0.657623 |      453 |      354 |       99 |   7.002534 |      8 | 0.816149 | 4.655426
 951 | 285000.0 | 285300.0 | 0.007671 | 0.017738 |   7.002534 |      8 | 0.816149 | 1.200000 | 1.186667 | 1.133333 | 1.070000 |   1.785243 |      455 |      356 |       99 |   7.002636 |      8 | 0.829844 | 4.308634
 952 | 285300.0 | 285600.0 | 0.007666 | 0.017735 |   7.002636 |      8 | 0.829844 | 1.200000 | 1.183333 | 1.186667 | 1.156667 |   0.845768 |      453 |      355 |       98 |   7.002764 |      8 | 0.836328 | 4.144449
 953 | 285600.0 | 285900.0 | 0.007661 | 0.017733 |   7.002764 |      8 | 0.836328 | 1.200000 | 1.143333 | 1.220000 | 1.120000 |   2.819650 |      446 |      343 |      103 |   7.003198 |      8 | 0.857930 | 3.597448
 954 | 285900.0 | 286200.0 | 0.007656 | 0.017730 |   7.003198 |      8 | 0.857930 | 1.200000 | 1.210000 | 1.313333 | 1.186667 |   3.572090 |      456 |      363 |       93 |   7.003122 |      8 | 0.885279 | 2.904936
 955 | 286200.0 | 286500.0 | 0.007651 | 0.017727 |   7.003122 |      8 | 0.885279 | 1.200000 | 1.296667 | 1.320000 | 1.150000 |   4.794837 |      472 |      389 |       83 |   7.002382 |      8 | 0.921965 | 1.975990
 956 | 286500.0 | 286800.0 | 0.007646 | 0.017725 |   7.002382 |      8 | 0.921965 | 1.200000 | 1.403333 | 1.206667 | 1.240000 |  -0.940304 |      487 |      421 |       66 |   7.000828 |      8 | 0.914775 | 2.158043
 957 | 286800.0 | 287100.0 | 0.007641 | 0.017722 |   7.000828 |      8 | 0.914775 | 1.200000 | 1.430000 | 1.303333 | 1.333333 |  -0.846400 |      492 |      429 |       63 |   6.999070 |      7 | 0.908308 | 2.321806
 958 | 287100.0 | 287400.0 | 0.007636 | 0.017719 |   6.999070 |      7 | 0.908308 | 1.200000 | 1.143333 | 1.173333 | 1.220000 |  -1.316818 |      412 |      343 |       70 |   6.999503 |      7 | 0.898253 | 2.576418
 959 | 287400.0 | 287700.0 | 0.007631 | 0.017717 |   6.999503 |      7 | 0.898253 | 1.200000 | 1.140000 | 1.183333 | 1.116667 |   1.881449 |      415 |      342 |       73 |   6.999961 |      7 | 0.912610 | 2.212873
 960 | 287700.0 | 288000.0 | 0.007626 | 0.017714 |   6.999961 |      7 | 0.912610 | 1.200000 | 1.186667 | 1.266667 | 1.190000 |   2.163988 |      421 |      356 |       65 |   7.000062 |      8 | 0.929112 | 1.795010
 961 | 288000.0 | 288300.0 | 0.007621 | 0.017712 |   7.000062 |      8 | 0.929112 | 1.200000 | 1.360000 | 1.156667 | 1.233333 |  -2.164309 |      473 |      408 |       64 |   6.998843 |      7 | 0.912618 | 2.212659
 962 | 288300.0 | 288600.0 | 0.007616 | 0.017709 |   6.998843 |      7 | 0.912618 | 1.200000 | 1.160000 | 1.166667 | 1.210000 |  -1.223486 |      415 |      348 |       68 |   6.999148 |      7 | 0.903300 | 2.448601
 963 | 288600.0 | 288900.0 | 0.007611 | 0.017706 |   6.999148 |      7 | 0.903300 | 1.200000 | 1.210000 | 1.193333 | 1.120000 |   2.070822 |      426 |      363 |       63 |   6.999072 |      7 | 0.919061 | 2.049519
 964 | 288900.0 | 289200.0 | 0.007606 | 0.017704 |   6.999072 |      7 | 0.919061 | 1.200000 | 1.223333 | 1.143333 | 1.086667 |   1.600418 |      426 |      367 |       61 |   6.998894 |      7 | 0.931233 | 1.741294
 965 | 289200.0 | 289500.0 | 0.007601 | 0.017701 |   6.998894 |      7 | 0.931233 | 1.200000 | 1.253333 | 1.126667 | 1.193333 |  -1.883123 |      431 |      376 |       53 |   6.998489 |      7 | 0.916920 | 2.103727
 966 | 289500.0 | 289800.0 | 0.007596 | 0.017698 |   6.998489 |      7 | 0.916920 | 1.200000 | 1.196667 | 1.213333 | 1.163333 |   1.412551 |      423 |      359 |       64 |   6.998514 |      7 | 0.927649 | 1.832041
 967 | 289800.0 | 290100.0 | 0.007591 | 0.017696 |   6.998514 |      7 | 0.927649 | 1.200000 | 1.163333 | 1.080000 | 1.136667 |  -1.601127 |      414 |      349 |       65 |   6.998792 |      7 | 0.915496 | 2.139795
 968 | 290100.0 | 290400.0 | 0.007586 | 0.017693 |   6.998792 |      7 | 0.915496 | 1.200000 | 1.096667 | 1.160000 | 1.130000 |   0.847780 |      404 |      329 |       75 |   6.999576 |      7 | 0.921927 | 1.976949
 969 | 290400.0 | 290700.0 | 0.007581 | 0.017691 |   6.999576 |      7 | 0.921927 | 1.200000 | 1.236667 | 1.180000 | 1.183333 |  -0.094212 |      429 |      371 |       58 |   6.999298 |      7 | 0.921213 | 1.995034
 970 | 290700.0 | 291000.0 | 0.007576 | 0.017688 |   6.999298 |      7 | 0.921213 | 1.200000 | 1.160000 | 1.233333 | 1.186667 |   1.319158 |      415 |      348 |       67 |   6.999601 |      7 | 0.931206 | 1.741975
 971 | 291000.0 | 291300.0 | 0.007571 | 0.017685 |   6.999601 |      7 | 0.931206 | 1.200000 | 1.236667 | 1.126667 | 1.120000 |   0.188479 |      426 |      371 |       55 |   6.999324 |      7 | 0.932633 | 1.705842
 972 | 291300.0 | 291600.0 | 0.007566 | 0.017683 |   6.999324 |      7 | 0.932633 | 1.200000 | 1.243333 | 1.093333 | 1.190000 |  -2.733345 |      427 |      373 |       54 |   6.998996 |      7 | 0.911953 | 2.229504
 973 | 291600.0 | 291900.0 | 0.007561 | 0.017680 |   6.998996 |      7 | 0.911953 | 1.200000 | 1.176667 | 1.253333 | 1.100000 |   4.336286 |      417 |      353 |       64 |   6.999172 |      7 | 0.944740 | 1.399288
 974 | 291900.0 | 292200.0 | 0.007556 | 0.017678 |   6.999172 |      7 | 0.944740 | 1.200000 | 1.103333 | 0.753333 | 1.163333 | -11.596551 |      388 |      331 |       58 |   6.999903 |      7 | 0.857115 | 3.618092
 975 | 292200.0 | 292500.0 | 0.007551 | 0.017675 |   6.999903 |      7 | 0.857115 | 1.200000 | 1.043333 | 1.126667 | 1.053333 |   2.074484 |      398 |      313 |       84 |   7.001086 |      8 | 0.872780 | 3.221433
 976 | 292500.0 | 292800.0 | 0.007546 | 0.017672 |   7.001086 |      8 | 0.872780 | 1.200000 | 1.303333 | 1.333333 | 1.320000 |   0.377234 |      474 |      391 |       82 |   7.000306 |      8 | 0.875627 | 3.149350
 977 | 292800.0 | 293100.0 | 0.007541 | 0.017670 |   7.000306 |      8 | 0.875627 | 1.200000 | 1.333333 | 1.233333 | 1.153333 |   2.263735 |      480 |      400 |       80 |   6.999300 |      7 | 0.892698 | 2.717067
 978 | 293100.0 | 293400.0 | 0.007536 | 0.017667 |   6.999300 |      7 | 0.892698 | 1.200000 | 1.140000 | 1.220000 | 1.203333 |   0.471680 |      412 |      342 |       71 |   6.999753 |      7 | 0.896253 | 2.627054
 979 | 293400.0 | 293700.0 | 0.007532 | 0.017665 |   6.999753 |      7 | 0.896253 | 1.200000 | 1.176667 | 1.150000 | 1.136667 |   0.377399 |      419 |      353 |       66 |   6.999928 |      7 | 0.899095 | 2.555079
 980 | 293700.0 | 294000.0 | 0.007527 | 0.017662 |   6.999928 |      7 | 0.899095 | 1.200000 | 1.283333 | 1.133333 | 1.223333 |  -2.547816 |      440 |      385 |       56 |   6.999301 |      7 | 0.879919 | 3.040664
 981 | 294000.0 | 294300.0 | 0.007522 | 0.017660 |   6.999301 |      7 | 0.879919 | 1.200000 | 1.030000 | 1.126667 | 1.006667 |   3.397583 |      396 |      309 |       86 |   7.000580 |      8 | 0.905475 | 2.393543
 982 | 294300.0 | 294600.0 | 0.007517 | 0.017657 |   7.000580 |      8 | 0.905475 | 1.200000 | 1.293333 | 1.390000 | 1.353333 |   1.038301 |      469 |      388 |       80 |   6.999878 |      7 | 0.913280 | 2.195911
 983 | 294600.0 | 294900.0 | 0.007512 | 0.017654 |   6.999878 |      7 | 0.913280 | 1.200000 | 1.156667 | 1.253333 | 1.213333 |   1.132857 |      415 |      347 |       69 |   7.000204 |      8 | 0.921790 | 1.980420
 984 | 294900.0 | 295200.0 | 0.007507 | 0.017652 |   7.000204 |      8 | 0.921790 | 1.200000 | 1.283333 | 1.280000 | 1.390000 |  -3.115809 |      466 |      385 |       80 |   6.999578 |      7 | 0.898399 | 2.572723
 985 | 295200.0 | 295500.0 | 0.007502 | 0.017649 |   6.999578 |      7 | 0.898399 | 1.200000 | 1.136667 | 1.146667 | 1.046667 |   2.832964 |      412 |      341 |       73 |   7.000053 |      8 | 0.919653 | 2.034535
 986 | 295500.0 | 295800.0 | 0.007498 | 0.017647 |   7.000053 |      8 | 0.919653 | 1.200000 | 1.323333 | 1.323333 | 1.320000 |   0.094446 |      473 |      397 |       74 |   6.999129 |      7 | 0.920361 | 2.016605
 987 | 295800.0 | 296100.0 | 0.007493 | 0.017644 |   6.999129 |      7 | 0.920361 | 1.200000 | 1.170000 | 1.140000 | 1.203333 |  -1.794730 |      415 |      351 |       65 |   6.999353 |      7 | 0.906913 | 2.357116
 988 | 296100.0 | 296400.0 | 0.007488 | 0.017642 |   6.999353 |      7 | 0.906913 | 1.200000 | 1.186667 | 1.106667 | 1.160000 |  -1.511570 |      422 |      356 |       66 |   6.999453 |      7 | 0.895595 | 2.643720
 989 | 296400.0 | 296700.0 | 0.007483 | 0.017639 |   6.999453 |      7 | 0.895595 | 1.200000 | 1.183333 | 1.180000 | 1.206667 |  -0.755894 |      420 |      355 |       65 |   6.999578 |      7 | 0.889938 | 2.786950
 990 | 296700.0 | 297000.0 | 0.007478 | 0.017637 |   6.999578 |      7 | 0.889938 | 1.200000 | 1.160000 | 1.093333 | 1.093333 |   0.000000 |      419 |      348 |       71 |   6.999877 |      7 | 0.889938 | 2.786950
 991 | 297000.0 | 297300.0 | 0.007473 | 0.017634 |   6.999877 |      7 | 0.889938 | 1.200000 | 1.146667 | 1.130000 | 1.060000 |   1.984795 |      414 |      344 |       70 |   7.000276 |      8 | 0.904772 | 2.411345
 992 | 297300.0 | 297600.0 | 0.007469 | 0.017632 |   7.000276 |      8 | 0.904772 | 1.200000 | 1.380000 | 1.293333 | 1.303333 |  -0.283583 |      487 |      414 |       72 |   6.998931 |      7 | 0.902654 | 2.464976
 993 | 297600.0 | 297900.0 | 0.007464 | 0.017629 |   6.998931 |      7 | 0.902654 | 1.200000 | 1.156667 | 1.193333 | 1.166667 |   0.756330 |      415 |      347 |       69 |   6.999255 |      7 | 0.908299 | 2.322030
 994 | 297900.0 | 298200.0 | 0.007459 | 0.017626 |   6.999255 |      7 | 0.908299 | 1.200000 | 1.133333 | 1.176667 | 1.233333 |  -1.607432 |      412 |      340 |       72 |   6.999752 |      7 | 0.896309 | 2.625639
 995 | 298200.0 | 298500.0 | 0.007454 | 0.017624 |   6.999752 |      7 | 0.896309 | 1.200000 | 1.100000 | 1.200000 | 1.030000 |   4.822990 |      407 |      330 |       77 |   7.000497 |      8 | 0.932261 | 1.715265
 996 | 298500.0 | 298800.0 | 0.007450 | 0.017621 |   7.000497 |      8 | 0.932261 | 1.200000 | 1.370000 | 1.116667 | 1.393333 |  -7.850306 |      472 |      411 |       61 |   6.999231 |      7 | 0.873780 | 3.196120
 997 | 298800.0 | 299100.0 | 0.007445 | 0.017619 |   6.999231 |      7 | 0.873780 | 1.200000 | 1.160000 | 1.066667 | 0.966667 |   2.837867 |      418 |      348 |       70 |   6.999529 |      7 | 0.894907 | 2.661136
 998 | 299100.0 | 299400.0 | 0.007440 | 0.017616 |   6.999529 |      7 | 0.894907 | 1.200000 | 1.136667 | 1.066667 | 1.146667 |  -2.270619 |      413 |      341 |       72 |   7.000000 |      7 | 0.878013 | 3.088911
 999 | 299400.0 | 299700.0 | 0.007435 | 0.017614 |   7.000000 |      7 | 0.878013 | 1.200000 | 1.103333 | 1.066667 | 1.010000 |   1.608585 |      409 |      331 |       78 |   7.000719 |      8 | 0.889974 | 2.786053
1000 | 299700.0 | 300000.0 | 0.007431 | 0.017611 |   7.000719 |      8 | 0.889974 | 1.200000 | 1.316667 | 1.176667 | 1.350000 |  -4.921081 |      474 |      395 |       78 |   6.999852 |      7 | 0.853407 | 3.711985
1001 | 300000.0 | 300300.0 | 0.007426 | 0.017609 |   6.999852 |      7 | 0.853407 | 1.200000 | 0.983333 | 1.020000 | 1.036667 |  -0.473248 |      386 |      295 |       92 |   7.001461 |      8 | 0.849893 | 3.800973
1002 | 300300.0 | 300600.0 | 0.007421 | 0.017606 |   7.001461 |      8 | 0.849893 | 1.200000 | 1.193333 | 1.240000 | 1.123333 |   3.313211 |      455 |      358 |       96 |   7.001510 |      8 | 0.874481 | 3.178364
1003 | 300600.0 | 300900.0 | 0.007416 | 0.017604 |   7.001510 |      8 | 0.874481 | 1.200000 | 1.260000 | 1.226667 | 1.183333 |   1.230797 |      466 |      378 |       88 |   7.001065 |      8 | 0.883609 | 2.947223
1004 | 300900.0 | 301200.0 | 0.007412 | 0.017601 |   7.001065 |      8 | 0.883609 | 1.200000 | 1.280000 | 1.273333 | 1.146667 |   3.598226 |      468 |      384 |       84 |   7.000472 |      8 | 0.910278 | 2.271913
1005 | 301200.0 | 301500.0 | 0.007407 | 0.017599 |   7.000472 |      8 | 0.910278 | 1.200000 | 1.290000 | 1.396667 | 1.340000 |   1.609962 |      468 |      387 |       81 |   6.999806 |      7 | 0.922203 | 1.969949
1006 | 301500.0 | 301800.0 | 0.007402 | 0.017596 |   6.999806 |      7 | 0.922203 | 1.200000 | 1.210000 | 1.110000 | 1.160000 |  -1.420756 |      423 |      363 |       61 |   6.999732 |      7 | 0.911686 | 2.236257
1007 | 301800.0 | 302100.0 | 0.007398 | 0.017594 |   6.999732 |      7 | 0.911686 | 1.200000 | 1.046667 | 1.133333 | 1.020000 |   3.220838 |      397 |      314 |       83 |   7.000866 |      8 | 0.935513 | 1.632922
1008 | 302100.0 | 302400.0 | 0.007393 | 0.017591 |   7.000866 |      8 | 0.935513 | 1.200000 | 1.303333 | 1.020000 | 1.276667 |  -7.295286 |      453 |      391 |       61 |   7.000102 |      8 | 0.881579 | 2.998629
1009 | 302400.0 | 302700.0 | 0.007388 | 0.017589 |   7.000102 |      8 | 0.881579 | 1.200000 | 1.253333 | 1.180000 | 1.256667 |  -2.179420 |      464 |      376 |       88 |   6.999708 |      7 | 0.865476 | 3.406368
1010 | 302700.0 | 303000.0 | 0.007384 | 0.017586 |   6.999708 |      7 | 0.865476 | 1.200000 | 1.156667 | 1.106667 | 1.116667 |  -0.284312 |      417 |      347 |       71 |   7.000028 |      8 | 0.863377 | 3.459525
1011 | 303000.0 | 303300.0 | 0.007379 | 0.017584 |   7.000028 |      8 | 0.863377 | 1.200000 | 1.343333 | 1.223333 | 1.176667 |   1.326979 |      481 |      403 |       77 |   6.998970 |      7 | 0.873169 | 3.211579
1012 | 303300.0 | 303600.0 | 0.007374 | 0.017581 |   6.998970 |      7 | 0.873169 | 1.200000 | 1.096667 | 1.130000 | 1.153333 |  -0.663583 |      407 |      329 |       79 |   6.999732 |      7 | 0.868275 | 3.335492
1013 | 303600.0 | 303900.0 | 0.007370 | 0.017579 |   6.999732 |      7 | 0.868275 | 1.200000 | 1.120000 | 1.066667 | 0.980000 |   2.465086 |      412 |      336 |       76 |   7.000322 |      8 | 0.886443 | 2.875470
1014 | 303900.0 | 304200.0 | 0.007365 | 0.017576 |   7.000322 |      8 | 0.886443 | 1.200000 | 1.266667 | 1.346667 | 1.246667 |   2.844731 |      467 |      380 |       86 |   6.999831 |      7 | 0.907394 | 2.344934
1015 | 304200.0 | 304500.0 | 0.007361 | 0.017574 |   6.999831 |      7 | 0.907394 | 1.200000 | 1.230000 | 1.210000 | 1.143333 |   1.896755 |      427 |      369 |       60 |   6.999610 |      7 | 0.921355 | 1.991415
1016 | 304500.0 | 304800.0 | 0.007356 | 0.017571 |   6.999610 |      7 | 0.921355 | 1.200000 | 1.256667 | 1.090000 | 1.173333 |  -2.371277 |      434 |      377 |       56 |   6.999193 |      7 | 0.903913 | 2.433098
1017 | 304800.0 | 305100.0 | 0.007351 | 0.017569 |   6.999193 |      7 | 0.903913 | 1.200000 | 1.200000 | 1.200000 | 1.186667 |   0.379458 |      423 |      360 |       63 |   6.999193 |      7 | 0.906702 | 2.362463
1018 | 305100.0 | 305400.0 | 0.007347 | 0.017566 |   6.999193 |      7 | 0.906702 | 1.200000 | 1.103333 | 1.123333 | 1.210000 |  -2.466822 |      407 |      331 |       76 |   6.999903 |      7 | 0.888579 | 2.821367
1019 | 305400.0 | 305700.0 | 0.007342 | 0.017564 |   6.999903 |      7 | 0.888579 | 1.200000 | 1.133333 | 1.086667 | 1.186667 |  -2.846732 |      412 |      340 |       72 |   7.000393 |      8 | 0.867678 | 3.350615
1020 | 305700.0 | 306000.0 | 0.007337 | 0.017562 |   7.000393 |      8 | 0.867678 | 1.200000 | 1.250000 | 1.256667 | 1.223333 |   0.949044 |      466 |      375 |       90 |   7.000026 |      8 | 0.874642 | 3.174284
1021 | 306000.0 | 306300.0 | 0.007333 | 0.017559 |   7.000026 |      8 | 0.874642 | 1.200000 | 1.343333 | 1.390000 | 1.303333 |   2.467860 |      479 |      403 |       76 |   6.998975 |      7 | 0.892738 | 2.716048
1022 | 306300.0 | 306600.0 | 0.007328 | 0.017557 |   6.998975 |      7 | 0.892738 | 1.200000 | 1.136667 | 1.060000 | 1.116667 |  -1.613827 |      413 |      341 |       73 |   6.999439 |      7 | 0.880912 | 3.015519
1023 | 306600.0 | 306900.0 | 0.007324 | 0.017554 |   6.999439 |      7 | 0.880912 | 1.200000 | 1.086667 | 1.096667 | 1.093333 |   0.094944 |      405 |      326 |       79 |   7.000269 |      8 | 0.881607 | 2.997912
1024 | 306900.0 | 307200.0 | 0.007319 | 0.017552 |   7.000269 |      8 | 0.881607 | 1.200000 | 1.283333 | 1.276667 | 1.223333 |   1.519320 |      470 |      385 |       84 |   6.999659 |      7 | 0.892727 | 2.716329
1025 | 307200.0 | 307500.0 | 0.007315 | 0.017549 |   6.999659 |      7 | 0.892727 | 1.200000 | 1.150000 | 1.220000 | 1.210000 |   0.284912 |      416 |      345 |       72 |   7.000025 |      8 | 0.894811 | 2.663557
1026 | 307500.0 | 307800.0 | 0.007310 | 0.017547 |   7.000025 |      8 | 0.894811 | 1.200000 | 1.260000 | 1.350000 | 1.243333 |   3.039489 |      465 |      378 |       86 |   6.999586 |      7 | 0.917030 | 2.100935
1027 | 307800.0 | 308100.0 | 0.007306 | 0.017544 |   6.999586 |      7 | 0.917030 | 1.200000 | 1.193333 | 1.116667 | 1.156667 |  -1.139967 |      421 |      358 |       64 |   6.999635 |      7 | 0.908702 | 2.311817
1028 | 308100.0 | 308400.0 | 0.007301 | 0.017542 |   6.999635 |      7 | 0.908702 | 1.200000 | 1.193333 | 1.233333 | 1.120000 |   3.230357 |      423 |      358 |       65 |   6.999684 |      7 | 0.932287 | 1.714607
1029 | 308400.0 | 308700.0 | 0.007296 | 0.017539 |   6.999684 |      7 | 0.932287 | 1.200000 | 1.156667 | 1.106667 | 1.246667 |  -3.990996 |      411 |      347 |       65 |   7.000000 |      7 | 0.903167 | 2.451982
1030 | 308700.0 | 309000.0 | 0.007292 | 0.017537 |   7.000000 |      7 | 0.903167 | 1.200000 | 1.196667 | 1.226667 | 1.146667 |   2.280886 |      424 |      359 |       64 |   7.000024 |      8 | 0.919799 | 2.030827
1031 | 309000.0 | 309300.0 | 0.007287 | 0.017535 |   7.000024 |      8 | 0.919799 | 1.200000 | 1.286667 | 1.343333 | 1.366667 |  -0.665351 |      466 |      386 |       79 |   6.999393 |      7 | 0.914950 | 2.153605
1032 | 309300.0 | 309600.0 | 0.007283 | 0.017532 |   6.999393 |      7 | 0.914950 | 1.200000 | 1.196667 | 1.203333 | 1.166667 |   1.045696 |      421 |      359 |       63 |   6.999417 |      7 | 0.922566 | 1.960761
1033 | 309600.0 | 309900.0 | 0.007278 | 0.017530 |   6.999417 |      7 | 0.922566 | 1.200000 | 1.193333 | 1.140000 | 1.116667 |   0.665535 |      421 |      358 |       63 |   6.999465 |      7 | 0.927410 | 1.838101
1034 | 309900.0 | 310200.0 | 0.007274 | 0.017527 |   6.999465 |      7 | 0.927410 | 1.200000 | 1.203333 | 1.146667 | 1.193333 |  -1.331255 |      422 |      361 |       61 |   6.999441 |      7 | 0.917727 | 2.083304
1035 | 310200.0 | 310500.0 | 0.007269 | 0.017525 |   6.999441 |      7 | 0.917727 | 1.200000 | 1.186667 | 1.203333 | 1.116667 |   2.472672 |      418 |      356 |       62 |   6.999538 |      7 | 0.935702 | 1.628145
1036 | 310500.0 | 310800.0 | 0.007265 | 0.017522 |   6.999538 |      7 | 0.935702 | 1.200000 | 1.166667 | 1.070000 | 1.193333 |  -3.519289 |      412 |      350 |       62 |   6.999780 |      7 | 0.910134 | 2.275561
1037 | 310800.0 | 311100.0 | 0.007261 | 0.017520 |   6.999780 |      7 | 0.910134 | 1.200000 | 1.133333 | 1.176667 | 1.113333 |   1.807452 |      412 |      340 |       72 |   7.000264 |      8 | 0.923257 | 1.943263
1038 | 311100.0 | 311400.0 | 0.007256 | 0.017518 |   7.000264 |      8 | 0.923257 | 1.200000 | 1.296667 | 1.236667 | 1.353333 |  -3.329976 |      467 |      389 |       77 |   6.999563 |      7 | 0.899095 | 2.555099
1039 | 311400.0 | 311700.0 | 0.007252 | 0.017515 |   6.999563 |      7 | 0.899095 | 1.200000 | 1.133333 | 1.220000 | 1.150000 |   1.998261 |      411 |      340 |       73 |   7.000046 |      8 | 0.913585 | 2.188172
1040 | 311700.0 | 312000.0 | 0.007247 | 0.017513 |   7.000046 |      8 | 0.913585 | 1.200000 | 1.293333 | 1.373333 | 1.250000 |   3.521230 |      469 |      388 |       79 |   6.999370 |      7 | 0.939104 | 1.541991
1041 | 312000.0 | 312300.0 | 0.007243 | 0.017510 |   6.999370 |      7 | 0.939104 | 1.200000 | 1.123333 | 0.893333 | 1.180000 |  -8.185607 |      399 |      337 |       63 |   6.999925 |      7 | 0.879818 | 3.043211
1042 | 312300.0 | 312600.0 | 0.007238 | 0.017508 |   6.999925 |      7 | 0.879818 | 1.200000 | 1.083333 | 1.203333 | 0.976667 |   6.473230 |      404 |      325 |       79 |   7.000770 |      8 | 0.926673 | 1.856765
1043 | 312600.0 | 312900.0 | 0.007234 | 0.017506 |   7.000770 |      8 | 0.926673 | 1.200000 | 1.320000 | 1.180000 | 1.373333 |  -5.522043 |      468 |      396 |       71 |   6.999902 |      7 | 0.886728 | 2.868252
1044 | 312900.0 | 313200.0 | 0.007229 | 0.017503 |   6.999902 |      7 | 0.886728 | 1.200000 | 1.210000 | 1.130000 | 1.080000 |   1.428310 |      426 |      363 |       64 |   6.999829 |      7 | 0.897053 | 2.606785
1045 | 313200.0 | 313500.0 | 0.007225 | 0.017501 |   6.999829 |      7 | 0.897053 | 1.200000 | 1.140000 | 1.210000 | 1.183333 |   0.761870 |      413 |      342 |       71 |   7.000263 |      8 | 0.902558 | 2.467402
1046 | 313500.0 | 313800.0 | 0.007221 | 0.017498 |   7.000263 |      8 | 0.902558 | 1.200000 | 1.423333 | 1.373333 | 1.280000 |   2.666910 |      493 |      427 |       65 |   6.998650 |      7 | 0.921814 | 1.979792
1047 | 313800.0 | 314100.0 | 0.007216 | 0.017496 |   6.998650 |      7 | 0.921814 | 1.200000 | 1.096667 | 1.206667 | 1.063333 |   4.096172 |      403 |      329 |       75 |   6.999396 |      7 | 0.951373 | 1.231318
1048 | 314100.0 | 314400.0 | 0.007212 | 0.017494 |   6.999396 |      7 | 0.951373 | 1.200000 | 1.053333 | 0.676667 | 1.163333 | -13.909834 |      359 |      316 |       45 |   7.000454 |      8 | 0.851059 | 3.771447
1049 | 314400.0 | 314700.0 | 0.007207 | 0.017491 |   7.000454 |      8 | 0.851059 | 1.200000 | 1.163333 | 1.213333 | 1.216667 |  -0.095286 |      451 |      349 |       99 |   7.000718 |      8 | 0.850372 | 3.788837
1050 | 314700.0 | 315000.0 | 0.007203 | 0.017489 |   7.000718 |      8 | 0.850372 | 1.200000 | 1.310000 | 1.223333 | 1.206667 |   0.476494 |      475 |      393 |       82 |   6.999926 |      7 | 0.853804 | 3.701928
1051 | 315000.0 | 315300.0 | 0.007199 | 0.017486 |   6.999926 |      7 | 0.853804 | 1.200000 | 1.060000 | 1.193333 | 1.030000 |   4.670280 |      399 |      318 |       82 |   7.000933 |      8 | 0.887424 | 2.850627
1052 | 315300.0 | 315600.0 | 0.007194 | 0.017484 |   7.000933 |      8 | 0.887424 | 1.200000 | 1.196667 | 1.316667 | 1.270000 |   1.334547 |      455 |      359 |       95 |   7.000957 |      8 | 0.897025 | 2.607512
1053 | 315600.0 | 315900.0 | 0.007190 | 0.017482 |   7.000957 |      8 | 0.897025 | 1.200000 | 1.316667 | 1.296667 | 1.196667 |   2.860134 |      475 |      395 |       80 |   7.000118 |      8 | 0.917589 | 2.086799
1054 | 315900.0 | 316200.0 | 0.007185 | 0.017479 |   7.000118 |      8 | 0.917589 | 1.200000 | 1.366667 | 1.283333 | 1.233333 |   1.430261 |      480 |      410 |       70 |   6.998921 |      7 | 0.927866 | 1.826564
1055 | 316200.0 | 316500.0 | 0.007181 | 0.017477 |   6.998921 |      7 | 0.927866 | 1.200000 | 1.163333 | 1.140000 | 1.213333 |  -2.098001 |      413 |      349 |       66 |   6.999184 |      7 | 0.912800 | 2.208062
1056 | 316500.0 | 316800.0 | 0.007177 | 0.017475 |   6.999184 |      7 | 0.912800 | 1.200000 | 1.240000 | 1.120000 | 1.043333 |   2.193663 |      431 |      372 |       58 |   6.998897 |      7 | 0.928543 | 1.809411
1057 | 316800.0 | 317100.0 | 0.007172 | 0.017472 |   6.998897 |      7 | 0.928543 | 1.200000 | 1.196667 | 1.086667 | 1.100000 |  -0.381558 |      419 |      359 |       60 |   6.998921 |      7 | 0.925806 | 1.878709
1058 | 317100.0 | 317400.0 | 0.007168 | 0.017470 |   6.998921 |      7 | 0.925806 | 1.200000 | 1.173333 | 1.150000 | 1.080000 |   2.003452 |      417 |      352 |       66 |   6.999112 |      7 | 0.940167 | 1.515065
1059 | 317400.0 | 317700.0 | 0.007164 | 0.017467 |   6.999112 |      7 | 0.940167 | 1.200000 | 1.110000 | 0.903333 | 1.130000 |  -6.488247 |      395 |      333 |       61 |   6.999757 |      7 | 0.893687 | 2.692027
1060 | 317700.0 | 318000.0 | 0.007159 | 0.017465 |   6.999757 |      7 | 0.893687 | 1.200000 | 1.066667 | 1.240000 | 1.080000 |   4.580558 |      401 |      320 |       81 |   7.000712 |      8 | 0.926481 | 1.861620
1061 | 318000.0 | 318300.0 | 0.007155 | 0.017463 |   7.000712 |      8 | 0.926481 | 1.200000 | 1.306667 | 1.190000 | 1.323333 |  -3.817648 |      467 |      392 |       74 |   6.999948 |      7 | 0.899166 | 2.553302
1062 | 318300.0 | 318600.0 | 0.007151 | 0.017460 |   6.999948 |      7 | 0.899166 | 1.200000 | 1.213333 | 1.160000 | 1.136667 |   0.668179 |      427 |      364 |       64 |   6.999853 |      7 | 0.903944 | 2.432314
1063 | 318600.0 | 318900.0 | 0.007147 | 0.017458 |   6.999853 |      7 | 0.903944 | 1.200000 | 1.120000 | 1.176667 | 1.113333 |   1.813872 |      410 |      336 |       74 |   7.000425 |      8 | 0.916906 | 2.104072
1064 | 318900.0 | 319200.0 | 0.007142 | 0.017456 |   7.000425 |      8 | 0.916906 | 1.200000 | 1.363333 | 1.240000 | 1.303333 |  -1.814116 |      478 |      409 |       68 |   6.999258 |      7 | 0.903950 | 2.432161
1065 | 319200.0 | 319500.0 | 0.007138 | 0.017453 |   6.999258 |      7 | 0.903950 | 1.200000 | 1.196667 | 1.136667 | 1.166667 |  -0.859434 |      423 |      359 |       65 |   6.999282 |      7 | 0.897815 | 2.587499
1066 | 319500.0 | 319800.0 | 0.007134 | 0.017451 |   6.999282 |      7 | 0.897815 | 1.200000 | 1.136667 | 1.110000 | 1.170000 |  -1.719099 |      414 |      341 |       73 |   6.999734 |      7 | 0.885552 | 2.898030
1067 | 319800.0 | 320100.0 | 0.007129 | 0.017449 |   6.999734 |      7 | 0.885552 | 1.200000 | 1.003333 | 1.140000 | 1.136667 |   0.095518 |      390 |      301 |       89 |   7.001136 |      8 | 0.886233 | 2.880786
1068 | 320100.0 | 320400.0 | 0.007125 | 0.017446 |   7.001136 |      8 | 0.886233 | 1.200000 | 1.330000 | 1.426667 | 1.256667 |   4.872089 |      478 |      399 |       79 |   7.000210 |      8 | 0.920947 | 2.001767
1069 | 320400.0 | 320700.0 | 0.007121 | 0.017444 |   7.000210 |      8 | 0.920947 | 1.200000 | 1.346667 | 1.213333 | 1.276667 |  -1.815335 |      477 |      404 |       72 |   6.999165 |      7 | 0.908020 | 2.329092
1070 | 320700.0 | 321000.0 | 0.007117 | 0.017442 |   6.999165 |      7 | 0.908020 | 1.200000 | 1.146667 | 1.196667 | 1.116667 |   2.293362 |      413 |      344 |       70 |   6.999545 |      7 | 0.924341 | 1.915820
1071 | 321000.0 | 321300.0 | 0.007112 | 0.017439 |   6.999545 |      7 | 0.924341 | 1.200000 | 1.160000 | 1.126667 | 1.173333 |  -1.337974 |      413 |      348 |       66 |   6.999829 |      7 | 0.914825 | 2.156784
1072 | 321300.0 | 321600.0 | 0.007108 | 0.017437 |   6.999829 |      7 | 0.914825 | 1.200000 | 1.170000 | 1.163333 | 1.156667 |   0.191165 |      418 |      351 |       66 |   7.000042 |      8 | 0.916184 | 2.122376
1073 | 321600.0 | 321900.0 | 0.007104 | 0.017435 |   7.000042 |      8 | 0.916184 | 1.200000 | 1.400000 | 1.246667 | 1.316667 |  -2.007497 |      487 |      420 |       67 |   6.998622 |      7 | 0.901923 | 2.483486
1074 | 321900.0 | 322200.0 | 0.007100 | 0.017432 |   6.998622 |      7 | 0.901923 | 1.200000 | 1.143333 | 1.223333 | 1.140000 |   2.390197 |      412 |      343 |       69 |   6.999024 |      7 | 0.918892 | 2.053792
1075 | 322200.0 | 322500.0 | 0.007095 | 0.017430 |   6.999024 |      7 | 0.918892 | 1.200000 | 1.186667 | 1.196667 | 1.143333 |   1.529930 |      420 |      356 |       64 |   6.999119 |      7 | 0.929747 | 1.778916
1076 | 322500.0 | 322800.0 | 0.007091 | 0.017428 |   6.999119 |      7 | 0.929747 | 1.200000 | 1.223333 | 1.053333 | 1.183333 |  -3.729702 |      426 |      367 |       59 |   6.998953 |      7 | 0.903300 | 2.448618
1077 | 322800.0 | 323100.0 | 0.007087 | 0.017425 |   6.998953 |      7 | 0.903300 | 1.200000 | 1.210000 | 1.143333 | 1.060000 |   2.391153 |      426 |      363 |       63 |   6.998882 |      7 | 0.920246 | 2.019520
1078 | 323100.0 | 323400.0 | 0.007083 | 0.017423 |   6.998882 |      7 | 0.920246 | 1.200000 | 1.123333 | 1.176667 | 1.176667 |   0.000000 |      408 |      337 |       71 |   6.999425 |      7 | 0.920246 | 2.019520
1079 | 323400.0 | 323700.0 | 0.007078 | 0.017421 |   6.999425 |      7 | 0.920246 | 1.200000 | 1.140000 | 1.203333 | 1.120000 |   2.391789 |      411 |      342 |       69 |   6.999850 |      7 | 0.937176 | 1.590817
1080 | 323700.0 | 324000.0 | 0.007074 | 0.017418 |   6.999850 |      7 | 0.937176 | 1.200000 | 1.240000 | 1.000000 | 1.156667 |  -4.497160 |      421 |      372 |       49 |   6.999567 |      7 | 0.905362 | 2.396407
1081 | 324000.0 | 324300.0 | 0.007070 | 0.017416 |   6.999567 |      7 | 0.905362 | 1.200000 | 1.153333 | 1.213333 | 1.163333 |   1.435454 |      416 |      346 |       70 |   6.999897 |      7 | 0.915510 | 2.139422
1082 | 324300.0 | 324600.0 | 0.007066 | 0.017414 |   6.999897 |      7 | 0.915510 | 1.200000 | 1.153333 | 1.236667 | 1.153333 |   2.392741 |      414 |      346 |       68 |   7.000227 |      8 | 0.932417 | 1.711311
1083 | 324600.0 | 324900.0 | 0.007062 | 0.017411 |   7.000227 |      8 | 0.932417 | 1.200000 | 1.350000 | 1.063333 | 1.406667 |  -9.859399 |      467 |      405 |       61 |   6.999167 |      7 | 0.862793 | 3.474319
1084 | 324900.0 | 325200.0 | 0.007058 | 0.017409 |   6.999167 |      7 | 0.862793 | 1.200000 | 1.216667 | 1.070000 | 1.033333 |   1.053085 |      428 |      365 |       64 |   6.999050 |      7 | 0.870225 | 3.286123
1085 | 325200.0 | 325500.0 | 0.007053 | 0.017407 |   6.999050 |      7 | 0.870225 | 1.200000 | 1.133333 | 1.063333 | 1.123333 |  -1.723458 |      414 |      340 |       74 |   6.999520 |      7 | 0.858069 | 3.593939
1086 | 325500.0 | 325800.0 | 0.007049 | 0.017405 |   6.999520 |      7 | 0.858069 | 1.200000 | 1.096667 | 1.070000 | 1.016667 |   1.532165 |      408 |      329 |       79 |   7.000248 |      8 | 0.868869 | 3.320450
1087 | 325800.0 | 326100.0 | 0.007045 | 0.017402 |   7.000248 |      8 | 0.868869 | 1.200000 | 1.263333 | 1.296667 | 1.280000 |   0.478865 |      467 |      379 |       87 |   6.999802 |      7 | 0.872243 | 3.235024
1088 | 326100.0 | 326400.0 | 0.007041 | 0.017400 |   6.999802 |      7 | 0.872243 | 1.200000 | 1.173333 | 1.100000 | 1.070000 |   0.862070 |      419 |      352 |       68 |   6.999990 |      7 | 0.878313 | 3.081328
1089 | 326400.0 | 326700.0 | 0.007037 | 0.017398 |   6.999990 |      7 | 0.878313 | 1.200000 | 1.130000 | 1.200000 | 1.100000 |   2.873946 |      414 |      339 |       75 |   7.000483 |      8 | 0.898536 | 2.569240
1090 | 326700.0 | 327000.0 | 0.007033 | 0.017395 |   7.000483 |      8 | 0.898536 | 1.200000 | 1.306667 | 1.346667 | 1.323333 |   0.670676 |      472 |      392 |       79 |   6.999732 |      7 | 0.903253 | 2.449807
1091 | 327000.0 | 327300.0 | 0.007028 | 0.017393 |   6.999732 |      7 | 0.903253 | 1.200000 | 1.213333 | 1.256667 | 1.200000 |   1.628998 |      427 |      364 |       64 |   6.999639 |      7 | 0.914702 | 2.159889
1092 | 327300.0 | 327600.0 | 0.007024 | 0.017391 |   6.999639 |      7 | 0.914702 | 1.200000 | 1.216667 | 1.226667 | 1.113333 |   3.258424 |      426 |      365 |       61 |   6.999522 |      7 | 0.937590 | 1.580317
1093 | 327600.0 | 327900.0 | 0.007020 | 0.017389 |   6.999522 |      7 | 0.937590 | 1.200000 | 1.176667 | 0.960000 | 1.193333 |  -6.709401 |      410 |      353 |       57 |   6.999685 |      7 | 0.890489 | 2.773010
1094 | 327900.0 | 328200.0 | 0.007016 | 0.017386 |   6.999685 |      7 | 0.890489 | 1.200000 | 1.060000 | 1.266667 | 1.056667 |   6.039253 |      399 |      318 |       81 |   7.000668 |      8 | 0.932861 | 1.700075
1095 | 328200.0 | 328500.0 | 0.007012 | 0.017384 |   7.000668 |      8 | 0.932861 | 1.200000 | 1.296667 | 1.106667 | 1.283333 |  -5.081307 |      458 |      389 |       68 |   6.999990 |      7 | 0.897231 | 2.602292
1096 | 328500.0 | 328800.0 | 0.007008 | 0.017382 |   6.999990 |      7 | 0.897231 | 1.200000 | 1.170000 | 1.143333 | 1.116667 |   0.767090 |      419 |      351 |       69 |   7.000200 |      8 | 0.902607 | 2.466170
1097 | 328800.0 | 329100.0 | 0.007004 | 0.017379 |   7.000200 |      8 | 0.902607 | 1.200000 | 1.243333 | 1.260000 | 1.250000 |   0.287696 |      461 |      373 |       87 |   6.999897 |      7 | 0.904621 | 2.415148
1098 | 329100.0 | 329400.0 | 0.007000 | 0.017377 |   6.999897 |      7 | 0.904621 | 1.200000 | 1.140000 | 1.080000 | 1.200000 |  -3.452809 |      413 |      342 |       72 |   7.000317 |      8 | 0.880453 | 3.027140
1099 | 329400.0 | 329700.0 | 0.006996 | 0.017375 |   7.000317 |      8 | 0.880453 | 1.200000 | 1.273333 | 1.380000 | 1.240000 |   4.028803 |      468 |      382 |       85 |   6.999804 |      7 | 0.908637 | 2.313473
1100 | 329700.0 | 330000.0 | 0.006992 | 0.017373 |   6.999804 |      7 | 0.908637 | 1.200000 | 1.216667 | 1.156667 | 1.106667 |   1.439046 |      425 |      365 |       61 |   6.999687 |      7 | 0.918698 | 2.058707
1101 | 330000.0 | 330300.0 | 0.006987 | 0.017370 |   6.999687 |      7 | 0.918698 | 1.200000 | 1.293333 | 1.306667 | 1.206667 |   2.878467 |      440 |      388 |       52 |   6.999035 |      7 | 0.938811 | 1.549406
1102 | 330300.0 | 330600.0 | 0.006983 | 0.017368 |   6.999035 |      7 | 0.938811 | 1.200000 | 1.170000 | 0.966667 | 1.173333 |  -5.949607 |      411 |      351 |       60 |   6.999244 |      7 | 0.897263 | 2.601485
1103 | 330600.0 | 330900.0 | 0.006979 | 0.017366 |   6.999244 |      7 | 0.897263 | 1.200000 | 1.210000 | 1.156667 | 1.113333 |   1.247661 |      426 |      363 |       63 |   6.999175 |      7 | 0.905971 | 2.380988
1104 | 330900.0 | 331200.0 | 0.006975 | 0.017364 |   6.999175 |      7 | 0.905971 | 1.200000 | 1.130000 | 1.213333 | 1.086667 |   3.647482 |      412 |      339 |       73 |   6.999663 |      7 | 0.931413 | 1.736748
1105 | 331200.0 | 331500.0 | 0.006971 | 0.017361 |   6.999663 |      7 | 0.931413 | 1.200000 | 1.283333 | 1.116667 | 1.156667 |  -1.151986 |      435 |      385 |       50 |   6.999082 |      7 | 0.923382 | 1.940100
1106 | 331500.0 | 331800.0 | 0.006967 | 0.017359 |   6.999082 |      7 | 0.923382 | 1.200000 | 1.070000 | 1.203333 | 1.090000 |   3.264385 |      398 |      321 |       77 |   6.999988 |      7 | 0.946126 | 1.364194
1107 | 331800.0 | 332100.0 | 0.006963 | 0.017357 |   6.999988 |      7 | 0.946126 | 1.200000 | 1.070000 | 0.806667 | 1.100000 |  -8.450092 |      382 |      321 |       61 |   7.000893 |      8 | 0.887286 | 2.854103
1108 | 332100.0 | 332400.0 | 0.006959 | 0.017355 |   7.000893 |      8 | 0.887286 | 1.200000 | 1.376667 | 1.343333 | 1.313333 |   0.864326 |      486 |      413 |       72 |   6.999663 |      7 | 0.893301 | 2.701794
1109 | 332400.0 | 332700.0 | 0.006955 | 0.017352 |   6.999663 |      7 | 0.893301 | 1.200000 | 1.130000 | 1.156667 | 1.083333 |   2.113070 |      413 |      339 |       75 |   7.000150 |      8 | 0.907998 | 2.329652
1110 | 332700.0 | 333000.0 | 0.006951 | 0.017350 |   7.000150 |      8 | 0.907998 | 1.200000 | 1.373333 | 1.343333 | 1.383333 |  -1.152733 |      482 |      412 |       70 |   6.998945 |      7 | 0.899985 | 2.532547
1111 | 333000.0 | 333300.0 | 0.006947 | 0.017348 |   6.998945 |      7 | 0.899985 | 1.200000 | 1.050000 | 1.206667 | 1.140000 |   1.921470 |      397 |      315 |       82 |   6.999988 |      7 | 0.913334 | 2.194540
1112 | 333300.0 | 333600.0 | 0.006943 | 0.017346 |   6.999988 |      7 | 0.913334 | 1.200000 | 1.213333 | 1.170000 | 1.166667 |   0.096086 |      425 |      364 |       61 |   6.999895 |      7 | 0.914001 | 2.177648
1113 | 333600.0 | 333900.0 | 0.006939 | 0.017343 |   6.999895 |      7 | 0.914001 | 1.200000 | 1.150000 | 1.133333 | 1.123333 |   0.288295 |      414 |      345 |       69 |   7.000242 |      8 | 0.916001 | 2.126992
1114 | 333900.0 | 334200.0 | 0.006935 | 0.017341 |   7.000242 |      8 | 0.916001 | 1.200000 | 1.333333 | 1.236667 | 1.333333 |  -2.787210 |      474 |      400 |       73 |   6.999317 |      7 | 0.896672 | 2.616444
1115 | 334200.0 | 334500.0 | 0.006931 | 0.017339 |   6.999317 |      7 | 0.896672 | 1.200000 | 1.083333 | 1.113333 | 1.163333 |  -1.441846 |      402 |      325 |       78 |   7.000126 |      8 | 0.886679 | 2.869495
1116 | 334500.0 | 334800.0 | 0.006927 | 0.017337 |   7.000126 |      8 | 0.886679 | 1.200000 | 1.396667 | 1.260000 | 1.186667 |   2.114980 |      490 |      419 |       70 |   6.998764 |      7 | 0.901329 | 2.498519
1117 | 334800.0 | 335100.0 | 0.006923 | 0.017334 |   6.998764 |      7 | 0.901329 | 1.200000 | 1.123333 | 1.246667 | 1.153333 |   2.692139 |      411 |      337 |       75 |   6.999294 |      7 | 0.919967 | 2.026578
1118 | 335100.0 | 335400.0 | 0.006919 | 0.017332 |   6.999294 |      7 | 0.919967 | 1.200000 | 1.216667 | 1.183333 | 1.176667 |   0.192320 |      425 |      365 |       60 |   6.999179 |      7 | 0.921297 | 1.992883
1119 | 335400.0 | 335700.0 | 0.006915 | 0.017330 |   6.999179 |      7 | 0.921297 | 1.200000 | 1.253333 | 1.163333 | 1.176667 |  -0.384690 |      432 |      376 |       56 |   6.998810 |      7 | 0.918637 | 2.060243
1120 | 335700.0 | 336000.0 | 0.006911 | 0.017328 |   6.998810 |      7 | 0.918637 | 1.200000 | 1.266667 | 1.263333 | 1.216667 |   1.346588 |      435 |      380 |       56 |   6.998349 |      7 | 0.927944 | 1.824589
1121 | 336000.0 | 336300.0 | 0.006907 | 0.017326 |   6.998349 |      7 | 0.927944 | 1.200000 | 1.180000 | 1.113333 | 1.163333 |  -1.442957 |      416 |      354 |       62 |   6.998488 |      7 | 0.917977 | 2.076963
1122 | 336300.0 | 336600.0 | 0.006903 | 0.017323 |   6.998488 |      7 | 0.917977 | 1.200000 | 1.236667 | 1.126667 | 1.163333 |  -1.058304 |      430 |      371 |       58 |   6.998234 |      7 | 0.910671 | 2.261956
1123 | 336600.0 | 336900.0 | 0.006899 | 0.017321 |   6.998234 |      7 | 0.910671 | 1.200000 | 1.140000 | 1.263333 | 1.206667 |   1.635770 |      413 |      342 |       71 |   6.998648 |      7 | 0.921957 | 1.976186
1124 | 336900.0 | 337200.0 | 0.006895 | 0.017319 |   6.998648 |      7 | 0.921957 | 1.200000 | 1.180000 | 1.223333 | 1.130000 |   2.694555 |      418 |      354 |       64 |   6.998786 |      7 | 0.940537 | 1.505714
1125 | 337200.0 | 337500.0 | 0.006891 | 0.017317 |   6.998786 |      7 | 0.940537 | 1.200000 | 1.113333 | 0.916667 | 1.083333 |  -4.812319 |      399 |      334 |       65 |   6.999384 |      7 | 0.907373 | 2.345469
1126 | 337500.0 | 337800.0 | 0.006887 | 0.017314 |   6.999384 |      7 | 0.907373 | 1.200000 | 1.166667 | 1.223333 | 1.163333 |   1.732656 |      417 |      350 |       67 |   6.999613 |      7 | 0.919307 | 2.043291
1127 | 337800.0 | 338100.0 | 0.006883 | 0.017312 |   6.999613 |      7 | 0.919307 | 1.200000 | 1.230000 | 1.100000 | 1.206667 |  -3.080670 |      429 |      369 |       60 |   6.999407 |      7 | 0.898101 | 2.580258
1128 | 338100.0 | 338400.0 | 0.006880 | 0.017310 |   6.999407 |      7 | 0.898101 | 1.200000 | 1.073333 | 1.233333 | 1.216667 |   0.481416 |      402 |      322 |       80 |   7.000278 |      8 | 0.901413 | 2.496394
1129 | 338400.0 | 338700.0 | 0.006876 | 0.017308 |   7.000278 |      8 | 0.901413 | 1.200000 | 1.196667 | 1.276667 | 1.330000 |  -1.540727 |      452 |      359 |       92 |   7.000301 |      8 | 0.890819 | 2.764639
1130 | 338700.0 | 339000.0 | 0.006872 | 0.017306 |   7.000301 |      8 | 0.890819 | 1.200000 | 1.286667 | 1.276667 | 1.300000 |  -0.674154 |      470 |      386 |       84 |   6.999705 |      7 | 0.886187 | 2.881945
1131 | 339000.0 | 339300.0 | 0.006868 | 0.017303 |   6.999705 |      7 | 0.886187 | 1.200000 | 1.196667 | 1.126667 | 1.106667 |   0.577920 |      423 |      359 |       65 |   6.999728 |      7 | 0.890156 | 2.781442
1132 | 339300.0 | 339600.0 | 0.006864 | 0.017301 |   6.999728 |      7 | 0.890156 | 1.200000 | 1.203333 | 1.090000 | 1.146667 |  -1.637647 |      427 |      361 |       66 |   6.999705 |      7 | 0.878915 | 3.066075
1133 | 339600.0 | 339900.0 | 0.006860 | 0.017299 |   6.999705 |      7 | 0.878915 | 1.200000 | 1.176667 | 1.266667 | 1.126667 |   4.046465 |      419 |      353 |       66 |   6.999866 |      7 | 0.906674 | 2.363173
1134 | 339900.0 | 340200.0 | 0.006856 | 0.017297 |   6.999866 |      7 | 0.906674 | 1.200000 | 1.160000 | 1.123333 | 1.136667 |  -0.385426 |      418 |      348 |       70 |   7.000140 |      8 | 0.904032 | 2.430087
1135 | 340200.0 | 340500.0 | 0.006852 | 0.017295 |   7.000140 |      8 | 0.904032 | 1.200000 | 1.353333 | 1.270000 | 1.246667 |   0.674582 |      481 |      406 |       74 |   6.999089 |      7 | 0.908654 | 2.313040
1136 | 340500.0 | 340800.0 | 0.006848 | 0.017292 |   6.999089 |      7 | 0.908654 | 1.200000 | 1.173333 | 1.256667 | 1.106667 |   4.337145 |      418 |      352 |       67 |   6.999272 |      7 | 0.938356 | 1.560925
1137 | 340800.0 | 341100.0 | 0.006844 | 0.017290 |   6.999272 |      7 | 0.938356 | 1.200000 | 1.163333 | 0.963333 | 1.123333 |  -4.626873 |      408 |      349 |       59 |   6.999523 |      7 | 0.906688 | 2.362828
1138 | 341100.0 | 341400.0 | 0.006841 | 0.017288 |   6.999523 |      7 | 0.906688 | 1.200000 | 1.200000 | 1.193333 | 1.203333 |  -0.289216 |      424 |      360 |       64 |   6.999523 |      7 | 0.904709 | 2.412925
1139 | 341400.0 | 341700.0 | 0.006837 | 0.017286 |   6.999523 |      7 | 0.904709 | 1.200000 | 1.243333 | 1.110000 | 1.120000 |  -0.289253 |      432 |      373 |       59 |   6.999226 |      7 | 0.902732 | 2.463000
1140 | 341700.0 | 342000.0 | 0.006833 | 0.017284 |   6.999226 |      7 | 0.902732 | 1.200000 | 1.220000 | 1.220000 | 1.146667 |   2.121453 |      426 |      366 |       61 |   6.999090 |      7 | 0.917227 | 2.095945
1141 | 342000.0 | 342300.0 | 0.006829 | 0.017282 |   6.999090 |      7 | 0.917227 | 1.200000 | 1.146667 | 1.190000 | 1.173333 |   0.482209 |      414 |      344 |       69 |   6.999454 |      7 | 0.920520 | 2.012560
1142 | 342300.0 | 342600.0 | 0.006825 | 0.017279 |   6.999454 |      7 | 0.920520 | 1.200000 | 1.223333 | 1.193333 | 1.080000 |   3.279436 |      426 |      367 |       59 |   6.999295 |      7 | 0.942903 | 1.445789
1143 | 342600.0 | 342900.0 | 0.006821 | 0.017277 |   6.999295 |      7 | 0.942903 | 1.200000 | 1.220000 | 0.906667 | 1.153333 |  -7.138493 |      409 |      366 |       44 |   6.999158 |      7 | 0.894209 | 2.678809
1144 | 342900.0 | 343200.0 | 0.006818 | 0.017275 |   6.999158 |      7 | 0.894209 | 1.200000 | 1.143333 | 1.140000 | 1.116667 |   0.675348 |      414 |      343 |       70 |   6.999545 |      7 | 0.898813 | 2.562223
1145 | 343200.0 | 343500.0 | 0.006814 | 0.017273 |   6.999545 |      7 | 0.898813 | 1.200000 | 1.156667 | 1.240000 | 1.190000 |   1.447355 |      418 |      347 |       71 |   6.999840 |      7 | 0.908675 | 2.312505
1146 | 343500.0 | 343800.0 | 0.006810 | 0.017271 |   6.999840 |      7 | 0.908675 | 1.200000 | 1.193333 | 1.080000 | 1.206667 |  -3.667094 |      422 |      358 |       64 |   6.999885 |      7 | 0.883703 | 2.944847
1147 | 343800.0 | 344100.0 | 0.006806 | 0.017269 |   6.999885 |      7 | 0.883703 | 1.200000 | 1.070000 | 1.070000 | 0.990000 |   2.316350 |      401 |      321 |       80 |   7.000770 |      8 | 0.899468 | 2.545647
1148 | 344100.0 | 344400.0 | 0.006802 | 0.017266 |   7.000770 |      8 | 0.899468 | 1.200000 | 1.240000 | 1.366667 | 1.210000 |   4.536753 |      460 |      372 |       87 |   7.000498 |      8 | 0.930328 | 1.764221
1149 | 344400.0 | 344700.0 | 0.006798 | 0.017264 |   7.000498 |      8 | 0.930328 | 1.200000 | 1.283333 | 1.096667 | 1.310000 |  -6.178479 |      461 |      385 |       76 |   6.999931 |      7 | 0.888324 | 2.827827
1150 | 344700.0 | 345000.0 | 0.006795 | 0.017262 |   6.999931 |      7 | 0.888324 | 1.200000 | 1.183333 | 1.160000 | 1.076667 |   2.413770 |      421 |      355 |       67 |   7.000045 |      8 | 0.904725 | 2.412537
1151 | 345000.0 | 345300.0 | 0.006791 | 0.017260 |   7.000045 |      8 | 0.904725 | 1.200000 | 1.300000 | 1.270000 | 1.220000 |   1.448443 |      471 |      390 |       80 |   6.999366 |      7 | 0.914561 | 2.163471
1152 | 345300.0 | 345600.0 | 0.006787 | 0.017258 |   6.999366 |      7 | 0.914561 | 1.200000 | 1.176667 | 1.113333 | 1.033333 |   2.317798 |      419 |      353 |       67 |   6.999524 |      7 | 0.930292 | 1.765138
1153 | 345600.0 | 345900.0 | 0.006783 | 0.017256 |   6.999524 |      7 | 0.930292 | 1.200000 | 1.106667 | 1.056667 | 1.176667 |  -3.477131 |      402 |      332 |       72 |   7.000157 |      8 | 0.906705 | 2.362378
1154 | 345900.0 | 346200.0 | 0.006779 | 0.017253 |   7.000157 |      8 | 0.906705 | 1.200000 | 1.316667 | 1.400000 | 1.323333 |   2.221777 |      476 |      395 |       78 |   6.999366 |      7 | 0.921768 | 1.980974
1155 | 346200.0 | 346500.0 | 0.006776 | 0.017251 |   6.999366 |      7 | 0.921768 | 1.200000 | 1.223333 | 1.180000 | 1.170000 |   0.289833 |      425 |      367 |       59 |   6.999208 |      7 | 0.923732 | 1.931247
1156 | 346500.0 | 346800.0 | 0.006772 | 0.017249 |   6.999208 |      7 | 0.923732 | 1.200000 | 1.180000 | 1.173333 | 1.083333 |   2.608823 |      419 |      354 |       65 |   6.999343 |      7 | 0.941398 | 1.483899
1157 | 346800.0 | 347100.0 | 0.006768 | 0.017247 |   6.999343 |      7 | 0.941398 | 1.200000 | 1.066667 | 0.890000 | 1.096667 |  -5.991375 |      387 |      320 |       69 |   7.000246 |      8 | 0.900848 | 2.510697
1158 | 347100.0 | 347400.0 | 0.006764 | 0.017245 |   7.000246 |      8 | 0.900848 | 1.200000 | 1.343333 | 1.320000 | 1.270000 |   1.449706 |      478 |      403 |       72 |   6.999276 |      7 | 0.910654 | 2.262386
1159 | 347400.0 | 347700.0 | 0.006761 | 0.017243 |   6.999276 |      7 | 0.910654 | 1.200000 | 1.230000 | 1.156667 | 1.120000 |   1.063250 |      430 |      369 |       62 |   6.999074 |      7 | 0.917842 | 2.080369
1160 | 347700.0 | 348000.0 | 0.006757 | 0.017241 |   6.999074 |      7 | 0.917842 | 1.200000 | 1.186667 | 1.113333 | 1.226667 |  -3.286817 |      420 |      356 |       64 |   6.999164 |      7 | 0.895634 | 2.642723
1161 | 348000.0 | 348300.0 | 0.006753 | 0.017238 |   6.999164 |      7 | 0.895634 | 1.200000 | 1.190000 | 1.143333 | 1.223333 |  -2.320393 |      422 |      357 |       65 |   6.999231 |      7 | 0.879964 | 3.039507
1162 | 348300.0 | 348600.0 | 0.006749 | 0.017236 |   6.999231 |      7 | 0.879964 | 1.200000 | 1.166667 | 1.196667 | 1.016667 |   5.221531 |      420 |      350 |       70 |   6.999456 |      7 | 0.915206 | 2.147127
1163 | 348600.0 | 348900.0 | 0.006746 | 0.017234 |   6.999456 |      7 | 0.915206 | 1.200000 | 1.216667 | 1.203333 | 1.096667 |   3.094624 |      425 |      365 |       60 |   6.999344 |      7 | 0.936081 | 1.618538
1164 | 348900.0 | 349200.0 | 0.006742 | 0.017232 |   6.999344 |      7 | 0.936081 | 1.200000 | 1.210000 | 1.000000 | 1.246667 |  -7.157202 |      418 |      363 |       56 |   6.999276 |      7 | 0.887828 | 2.840375
1165 | 349200.0 | 349500.0 | 0.006738 | 0.017230 |   6.999276 |      7 | 0.887828 | 1.200000 | 1.193333 | 1.146667 | 1.063333 |   2.418272 |      424 |      358 |       65 |   6.999321 |      7 | 0.904123 | 2.427770
1166 | 349500.0 | 349800.0 | 0.006734 | 0.017228 |   6.999321 |      7 | 0.904123 | 1.200000 | 1.143333 | 1.160000 | 1.103333 |   1.644628 |      413 |      343 |       70 |   6.999703 |      7 | 0.915199 | 2.147319
1167 | 349800.0 | 350100.0 | 0.006731 | 0.017226 |   6.999703 |      7 | 0.915199 | 1.200000 | 1.126667 | 1.146667 | 1.180000 |  -0.967548 |      410 |      338 |       72 |   7.000196 |      8 | 0.908686 | 2.312219
1168 | 350100.0 | 350400.0 | 0.006727 | 0.017224 |   7.000196 |      8 | 0.908686 | 1.200000 | 1.386667 | 1.283333 | 1.323333 |  -1.161200 |      486 |      416 |       69 |   6.998941 |      7 | 0.900875 | 2.510015
1169 | 350400.0 | 350700.0 | 0.006723 | 0.017221 |   6.998941 |      7 | 0.900875 | 1.200000 | 1.176667 | 1.206667 | 1.140000 |   1.935572 |      420 |      353 |       68 |   6.999098 |      7 | 0.913888 | 2.180497
1170 | 350700.0 | 351000.0 | 0.006720 | 0.017219 |   6.999098 |      7 | 0.913888 | 1.200000 | 1.160000 | 1.183333 | 1.156667 |   0.774324 |      415 |      348 |       67 |   6.999366 |      7 | 0.919091 | 2.048746
1171 | 351000.0 | 351300.0 | 0.006716 | 0.017217 |   6.999366 |      7 | 0.919091 | 1.200000 | 1.146667 | 1.146667 | 1.103333 |   1.258431 |      414 |      344 |       70 |   6.999725 |      7 | 0.927543 | 1.834742
1172 | 351300.0 | 351600.0 | 0.006712 | 0.017215 |   6.999725 |      7 | 0.927543 | 1.200000 | 1.226667 | 1.110000 | 1.190000 |  -2.323543 |      425 |      368 |       57 |   6.999546 |      7 | 0.911947 | 2.229657
1173 | 351600.0 | 351900.0 | 0.006708 | 0.017213 |   6.999546 |      7 | 0.911947 | 1.200000 | 1.203333 | 1.180000 | 1.036667 |   4.163525 |      424 |      361 |       63 |   6.999523 |      7 | 0.939878 | 1.522404
1174 | 351900.0 | 352200.0 | 0.006705 | 0.017211 |   6.999523 |      7 | 0.939878 | 1.200000 | 1.203333 | 0.936667 | 1.206667 |  -7.843881 |      413 |      361 |       52 |   6.999501 |      7 | 0.887286 | 2.854102
1175 | 352200.0 | 352500.0 | 0.006701 | 0.017209 |   6.999501 |      7 | 0.887286 | 1.200000 | 1.000000 | 1.216667 | 1.060000 |   4.551945 |      389 |      300 |       89 |   7.000841 |      8 | 0.917789 | 2.081718
1176 | 352500.0 | 352800.0 | 0.006697 | 0.017207 |   7.000841 |      8 | 0.917789 | 1.200000 | 1.346667 | 1.210000 | 1.353333 |  -4.165055 |      478 |      404 |       73 |   6.999859 |      7 | 0.889894 | 2.788066
1177 | 352800.0 | 353100.0 | 0.006694 | 0.017205 |   6.999859 |      7 | 0.889894 | 1.200000 | 1.150000 | 1.106667 | 1.110000 |  -0.096874 |      416 |      345 |       72 |   7.000193 |      8 | 0.889246 | 2.804485
1178 | 353100.0 | 353400.0 | 0.006690 | 0.017202 |   7.000193 |      8 | 0.889246 | 1.200000 | 1.333333 | 1.270000 | 1.220000 |   1.453282 |      479 |      400 |       78 |   6.999301 |      7 | 0.898968 | 2.558295
1179 | 353400.0 | 353700.0 | 0.006686 | 0.017200 |   6.999301 |      7 | 0.898968 | 1.200000 | 1.126667 | 1.083333 | 1.120000 |  -1.065870 |      410 |      338 |       73 |   6.999792 |      7 | 0.891842 | 2.738758
1180 | 353700.0 | 354000.0 | 0.006683 | 0.017198 |   6.999792 |      7 | 0.891842 | 1.200000 | 1.230000 | 1.163333 | 1.136667 |   0.775273 |      430 |      369 |       61 |   6.999591 |      7 | 0.897022 | 2.607568
1181 | 354000.0 | 354300.0 | 0.006679 | 0.017196 |   6.999591 |      7 | 0.897022 | 1.200000 | 1.313333 | 1.140000 | 1.136667 |   0.096921 |      445 |      394 |       51 |   6.998834 |      7 | 0.897670 | 2.591176
1182 | 354300.0 | 354600.0 | 0.006675 | 0.017194 |   6.998834 |      7 | 0.897670 | 1.200000 | 1.170000 | 1.136667 | 1.083333 |   1.550923 |      419 |      351 |       68 |   6.999035 |      7 | 0.908023 | 2.329019
1183 | 354600.0 | 354900.0 | 0.006672 | 0.017192 |   6.999035 |      7 | 0.908023 | 1.200000 | 1.183333 | 1.113333 | 1.056667 |   1.648057 |      421 |      355 |       66 |   6.999146 |      7 | 0.919018 | 2.050595
1184 | 354900.0 | 355200.0 | 0.006668 | 0.017190 |   6.999146 |      7 | 0.919018 | 1.200000 | 1.150000 | 1.136667 | 1.193333 |  -1.648257 |      412 |      345 |       68 |   6.999479 |      7 | 0.908028 | 2.328901
1185 | 355200.0 | 355500.0 | 0.006665 | 0.017188 |   6.999479 |      7 | 0.908028 | 1.200000 | 1.143333 | 1.130000 | 1.203333 |  -2.133298 |      414 |      343 |       70 |   6.999857 |      7 | 0.893810 | 2.688909
1186 | 355500.0 | 355800.0 | 0.006661 | 0.017186 |   6.999857 |      7 | 0.893810 | 1.200000 | 1.123333 | 1.246667 | 1.110000 |   3.976174 |      411 |      337 |       74 |   7.000368 |      8 | 0.920295 | 2.018268
1187 | 355800.0 | 356100.0 | 0.006657 | 0.017184 |   7.000368 |      8 | 0.920295 | 1.200000 | 1.296667 | 1.223333 | 1.193333 |   0.872925 |      469 |      389 |       79 |   6.999724 |      7 | 0.926106 | 1.871117
1188 | 356100.0 | 356400.0 | 0.006654 | 0.017182 |   6.999724 |      7 | 0.926106 | 1.200000 | 1.293333 | 1.060000 | 1.223333 |  -4.753165 |      437 |      388 |       50 |   6.999103 |      7 | 0.894480 | 2.671937
1189 | 356400.0 | 356700.0 | 0.006650 | 0.017179 |   6.999103 |      7 | 0.894480 | 1.200000 | 1.143333 | 1.196667 | 1.160000 |   1.067166 |      413 |      343 |       70 |   6.999480 |      7 | 0.901577 | 2.492237
1190 | 356700.0 | 357000.0 | 0.006646 | 0.017177 |   6.999480 |      7 | 0.901577 | 1.200000 | 1.096667 | 1.166667 | 1.176667 |  -0.291081 |      406 |      329 |       77 |   7.000167 |      8 | 0.899642 | 2.541225
1191 | 357000.0 | 357300.0 | 0.006643 | 0.017175 |   7.000167 |      8 | 0.899642 | 1.200000 | 1.356667 | 1.343333 | 1.256667 |   2.523004 |      481 |      407 |       74 |   6.999126 |      7 | 0.916402 | 2.116838
1192 | 357300.0 | 357600.0 | 0.006639 | 0.017173 |   6.999126 |      7 | 0.916402 | 1.200000 | 1.150000 | 1.096667 | 1.066667 |   0.873453 |      414 |      345 |       69 |   6.999458 |      7 | 0.922201 | 1.969996
1193 | 357600.0 | 357900.0 | 0.006636 | 0.017171 |   6.999458 |      7 | 0.922201 | 1.200000 | 1.240000 | 1.220000 | 1.130000 |   2.620675 |      430 |      372 |       58 |   6.999192 |      7 | 0.939591 | 1.529657
1194 | 357900.0 | 358200.0 | 0.006632 | 0.017169 |   6.999192 |      7 | 0.939591 | 1.200000 | 1.080000 | 0.923333 | 1.186667 |  -7.668826 |      392 |      324 |       69 |   6.999988 |      7 | 0.888731 | 2.817515
1195 | 358200.0 | 358500.0 | 0.006628 | 0.017167 |   6.999988 |      7 | 0.888731 | 1.200000 | 1.120000 | 1.106667 | 1.086667 |   0.582513 |      411 |      336 |       74 |   7.000519 |      8 | 0.892592 | 2.719744
1196 | 358500.0 | 358800.0 | 0.006625 | 0.017165 |   7.000519 |      8 | 0.892592 | 1.200000 | 1.283333 | 1.393333 | 1.290000 |   3.010011 |      469 |      385 |       83 |   6.999966 |      7 | 0.912533 | 2.214806
1197 | 358800.0 | 359100.0 | 0.006621 | 0.017163 |   6.999966 |      7 | 0.912533 | 1.200000 | 1.163333 | 1.220000 | 1.166667 |   1.553741 |      415 |      349 |       67 |   7.000209 |      8 | 0.922821 | 1.954303
1198 | 359100.0 | 359400.0 | 0.006618 | 0.017161 |   7.000209 |      8 | 0.922821 | 1.200000 | 1.406667 | 1.256667 | 1.290000 |  -0.971205 |      485 |      422 |       62 |   6.998842 |      7 | 0.916394 | 2.117049
1199 | 359400.0 | 359700.0 | 0.006614 | 0.017159 |   6.998842 |      7 | 0.916394 | 1.200000 | 1.193333 | 1.156667 | 1.166667 |  -0.291397 |      421 |      358 |       64 |   6.998886 |      7 | 0.914467 | 2.165853
1200 | 359700.0 | 360000.0 | 0.006611 | 0.017157 |   6.998886 |      7 | 0.914467 | 1.200000 | 1.083333 | 1.096667 | 1.096667 |   0.000000 |      403 |      325 |       78 |   6.999657 |      7 | 0.914467 | 2.165853
1201 | 360000.0 | 360300.0 | 0.006607 | 0.017155 |   6.999657 |      7 | 0.914467 | 1.200000 | 1.153333 | 1.160000 | 1.173333 |  -0.388622 |      414 |      346 |       68 |   6.999965 |      7 | 0.911899 | 2.230870
1202 | 360300.0 | 360600.0 | 0.006603 | 0.017153 |   6.999965 |      7 | 0.911899 | 1.200000 | 1.136667 | 1.120000 | 1.210000 |  -2.623513 |      412 |      341 |       71 |   7.000383 |      8 | 0.894575 | 2.669551
1203 | 360600.0 | 360900.0 | 0.006600 | 0.017151 |   7.000383 |      8 | 0.894575 | 1.200000 | 1.336667 | 1.333333 | 1.206667 |   3.692793 |      478 |      401 |       76 |   6.999481 |      7 | 0.918947 | 2.052406
1204 | 360900.0 | 361200.0 | 0.006596 | 0.017148 |   6.999481 |      7 | 0.918947 | 1.200000 | 1.200000 | 1.180000 | 1.136667 |   1.263475 |      424 |      360 |       65 |   6.999481 |      7 | 0.927281 | 1.841365
1205 | 361200.0 | 361500.0 | 0.006593 | 0.017146 |   6.999481 |      7 | 0.927281 | 1.200000 | 1.273333 | 1.183333 | 1.233333 |  -1.458030 |      434 |      382 |       52 |   6.998998 |      7 | 0.917669 | 2.084772
1206 | 361500.0 | 361800.0 | 0.006589 | 0.017144 |   6.998998 |      7 | 0.917669 | 1.200000 | 1.153333 | 1.150000 | 1.173333 |  -0.680495 |      414 |      346 |       68 |   6.999306 |      7 | 0.913185 | 2.198314
1207 | 361800.0 | 362100.0 | 0.006586 | 0.017142 |   6.999306 |      7 | 0.913185 | 1.200000 | 1.190000 | 1.206667 | 1.126667 |   2.333406 |      420 |      357 |       63 |   6.999371 |      7 | 0.928552 | 1.809188
1208 | 362100.0 | 362400.0 | 0.006582 | 0.017140 |   6.999371 |      7 | 0.928552 | 1.200000 | 1.250000 | 1.103333 | 1.190000 |  -2.528158 |      432 |      375 |       57 |   6.999042 |      7 | 0.911911 | 2.230566
1209 | 362400.0 | 362700.0 | 0.006579 | 0.017138 |   6.999042 |      7 | 0.911911 | 1.200000 | 1.163333 | 1.223333 | 1.116667 |   3.111950 |      416 |      349 |       67 |   6.999283 |      7 | 0.932384 | 1.712163
1210 | 362700.0 | 363000.0 | 0.006575 | 0.017136 |   6.999283 |      7 | 0.932384 | 1.200000 | 1.153333 | 1.083333 | 1.226667 |  -4.182181 |      409 |      346 |       63 |   6.999590 |      7 | 0.904885 | 2.408478
1211 | 363000.0 | 363300.0 | 0.006572 | 0.017134 |   6.999590 |      7 | 0.904885 | 1.200000 | 1.156667 | 1.240000 | 1.166667 |   2.139975 |      418 |      347 |       71 |   6.999875 |      7 | 0.918948 | 2.052372
1212 | 363300.0 | 363600.0 | 0.006568 | 0.017132 |   6.999875 |      7 | 0.918948 | 1.200000 | 1.116667 | 1.230000 | 1.200000 |   0.875548 |      408 |      335 |       74 |   7.000422 |      8 | 0.924699 | 1.906752
1213 | 363600.0 | 363900.0 | 0.006565 | 0.017130 |   7.000422 |      8 | 0.924699 | 1.200000 | 1.323333 | 1.246667 | 1.343333 |  -2.821547 |      470 |      397 |       71 |   6.999613 |      7 | 0.906176 | 2.375776
1214 | 363900.0 | 364200.0 | 0.006561 | 0.017128 |   6.999613 |      7 | 0.906176 | 1.200000 | 1.106667 | 1.106667 | 1.036667 |   2.043432 |      407 |      332 |       76 |   7.000225 |      8 | 0.919584 | 2.036279
1215 | 364200.0 | 364500.0 | 0.006558 | 0.017126 |   7.000225 |      8 | 0.919584 | 1.200000 | 1.340000 | 1.296667 | 1.373333 |  -2.238310 |      475 |      402 |       73 |   6.999307 |      7 | 0.904906 | 2.407955
1216 | 364500.0 | 364800.0 | 0.006554 | 0.017124 |   6.999307 |      7 | 0.904906 | 1.200000 | 1.190000 | 1.206667 | 1.130000 |   2.238575 |      422 |      357 |       65 |   6.999373 |      7 | 0.919578 | 2.036432
1217 | 364800.0 | 365100.0 | 0.006551 | 0.017122 |   6.999373 |      7 | 0.919578 | 1.200000 | 1.140000 | 1.083333 | 1.150000 |  -1.946817 |      413 |      342 |       71 |   6.999766 |      7 | 0.906825 | 2.359362
1218 | 365100.0 | 365400.0 | 0.006547 | 0.017120 |   6.999766 |      7 | 0.906825 | 1.200000 | 1.103333 | 1.210000 | 1.146667 |   1.849695 |      405 |      331 |       74 |   7.000399 |      8 | 0.918935 | 2.052705
1219 | 365400.0 | 365700.0 | 0.006544 | 0.017118 |   7.000399 |      8 | 0.918935 | 1.200000 | 1.326667 | 1.276667 | 1.336667 |  -1.752550 |      476 |      398 |       77 |   6.999570 |      7 | 0.907467 | 2.343103
1220 | 365700.0 | 366000.0 | 0.006540 | 0.017116 |   6.999570 |      7 | 0.907467 | 1.200000 | 1.073333 | 1.153333 | 1.186667 |  -0.973754 |      400 |      322 |       79 |   7.000398 |      8 | 0.901098 | 2.504368
1221 | 366000.0 | 366300.0 | 0.006537 | 0.017114 |   7.000398 |      8 | 0.901098 | 1.200000 | 1.296667 | 1.303333 | 1.263333 |   1.168643 |      470 |      389 |       80 |   6.999766 |      7 | 0.908737 | 2.310929
1222 | 366300.0 | 366600.0 | 0.006533 | 0.017112 |   6.999766 |      7 | 0.908737 | 1.200000 | 1.163333 | 1.276667 | 1.150000 |   3.701139 |      416 |      349 |       68 |   7.000006 |      8 | 0.932918 | 1.698626
1223 | 366600.0 | 366900.0 | 0.006530 | 0.017110 |   7.000006 |      8 | 0.932918 | 1.200000 | 1.330000 | 1.076667 | 1.250000 |  -5.065314 |      463 |      399 |       63 |   6.999157 |      7 | 0.899842 | 2.536170
1224 | 366900.0 | 367200.0 | 0.006526 | 0.017108 |   6.999157 |      7 | 0.899842 | 1.200000 | 1.220000 | 0.986667 | 1.060000 |  -2.143270 |      428 |      366 |       63 |   6.999026 |      7 | 0.885854 | 2.890370
1225 | 367200.0 | 367500.0 | 0.006523 | 0.017106 |   6.999026 |      7 | 0.885854 | 1.200000 | 1.210000 | 1.146667 | 1.076667 |   2.046089 |      426 |      363 |       63 |   6.998961 |      7 | 0.899201 | 2.552409
1226 | 367500.0 | 367800.0 | 0.006520 | 0.017104 |   6.998961 |      7 | 0.899201 | 1.200000 | 1.153333 | 1.176667 | 1.183333 |  -0.194889 |      417 |      346 |       71 |   6.999265 |      7 | 0.897930 | 2.584582
1227 | 367800.0 | 368100.0 | 0.006516 | 0.017102 |   6.999265 |      7 | 0.897930 | 1.200000 | 1.106667 | 1.223333 | 1.090000 |   3.898229 |      407 |      332 |       76 |   6.999874 |      7 | 0.923332 | 1.941375
1228 | 368100.0 | 368400.0 | 0.006513 | 0.017100 |   6.999874 |      7 | 0.923332 | 1.200000 | 1.160000 | 1.190000 | 1.166667 |   0.682270 |      415 |      348 |       66 |   7.000134 |      8 | 0.927775 | 1.828860
1229 | 368400.0 | 368700.0 | 0.006509 | 0.017098 |   7.000134 |      8 | 0.927775 | 1.200000 | 1.303333 | 1.156667 | 1.296667 |  -4.094102 |      465 |      391 |       73 |   6.999461 |      7 | 0.901125 | 2.503674
1230 | 368700.0 | 369000.0 | 0.006506 | 0.017096 |   6.999461 |      7 | 0.901125 | 1.200000 | 1.233333 | 1.166667 | 1.140000 |   0.779920 |      430 |      370 |       61 |   6.999245 |      7 | 0.906199 | 2.375191
1231 | 369000.0 | 369300.0 | 0.006502 | 0.017094 |   6.999245 |      7 | 0.906199 | 1.200000 | 1.196667 | 1.113333 | 1.193333 |  -2.340035 |      422 |      359 |       63 |   6.999266 |      7 | 0.890984 | 2.760484
1232 | 369300.0 | 369600.0 | 0.006499 | 0.017092 |   6.999266 |      7 | 0.890984 | 1.200000 | 1.260000 | 1.150000 | 1.090000 |   1.755232 |      437 |      378 |       59 |   6.998876 |      7 | 0.902391 | 2.471632
1233 | 369600.0 | 369900.0 | 0.006496 | 0.017090 |   6.998876 |      7 | 0.902391 | 1.200000 | 1.193333 | 1.116667 | 1.136667 |  -0.585146 |      424 |      358 |       66 |   6.998920 |      7 | 0.898590 | 2.567877
1234 | 369900.0 | 370200.0 | 0.006492 | 0.017088 |   6.998920 |      7 | 0.898590 | 1.200000 | 1.106667 | 1.160000 | 1.166667 |  -0.195071 |      408 |      332 |       76 |   6.999526 |      7 | 0.897324 | 2.599945
1235 | 370200.0 | 370500.0 | 0.006489 | 0.017086 |   6.999526 |      7 | 0.897324 | 1.200000 | 1.146667 | 1.290000 | 1.016667 |   7.998859 |      414 |      344 |       70 |   6.999872 |      7 | 0.949226 | 1.285676
1236 | 370500.0 | 370800.0 | 0.006485 | 0.017084 |   6.999872 |      7 | 0.949226 | 1.200000 | 1.106667 | 0.723333 | 1.183333 | -13.463066 |      375 |      332 |       45 |   7.000477 |      8 | 0.861913 | 3.496594
1237 | 370800.0 | 371100.0 | 0.006482 | 0.017082 |   7.000477 |      8 | 0.861913 | 1.200000 | 1.230000 | 1.240000 | 1.153333 |   2.536815 |      463 |      369 |       91 |   7.000282 |      8 | 0.878357 | 3.080214
1238 | 371100.0 | 371400.0 | 0.006479 | 0.017080 |   7.000282 |      8 | 0.878357 | 1.200000 | 1.160000 | 1.270000 | 1.283333 |  -0.390325 |      446 |      348 |       98 |   7.000542 |      8 | 0.875828 | 3.144246
1239 | 371400.0 | 371700.0 | 0.006475 | 0.017078 |   7.000542 |      8 | 0.875828 | 1.200000 | 1.256667 | 1.353333 | 1.143333 |   6.148331 |      467 |      377 |       90 |   7.000175 |      8 | 0.915640 | 2.136145
1240 | 371700.0 | 372000.0 | 0.006472 | 0.017076 |   7.000175 |      8 | 0.915640 | 1.200000 | 1.356667 | 1.320000 | 1.313333 |   0.195208 |      478 |      407 |       71 |   6.999161 |      7 | 0.916903 | 2.104155
1241 | 372000.0 | 372300.0 | 0.006468 | 0.017074 |   6.999161 |      7 | 0.916903 | 1.200000 | 1.210000 | 1.223333 | 1.153333 |   2.049920 |      424 |      363 |       62 |   6.999096 |      7 | 0.930163 | 1.768394
1242 | 372300.0 | 372600.0 | 0.006465 | 0.017072 |   6.999096 |      7 | 0.930163 | 1.200000 | 1.223333 | 1.066667 | 1.153333 |  -2.538291 |      424 |      367 |       57 |   6.998945 |      7 | 0.913753 | 2.183929
1243 | 372600.0 | 372900.0 | 0.006462 | 0.017070 |   6.998945 |      7 | 0.913753 | 1.200000 | 1.166667 | 1.213333 | 1.166667 |   1.366931 |      418 |      350 |       68 |   6.999161 |      7 | 0.922585 | 1.960270
1244 | 372900.0 | 373200.0 | 0.006458 | 0.017068 |   6.999161 |      7 | 0.922585 | 1.200000 | 1.160000 | 1.176667 | 1.183333 |  -0.195298 |      414 |      348 |       66 |   6.999419 |      7 | 0.921324 | 1.992209
1245 | 373200.0 | 373500.0 | 0.006455 | 0.017066 |   6.999419 |      7 | 0.921324 | 1.200000 | 1.136667 | 1.120000 | 1.136667 |  -0.488303 |      410 |      341 |       69 |   6.999828 |      7 | 0.918172 | 2.072022
1246 | 373500.0 | 373800.0 | 0.006452 | 0.017064 |   6.999828 |      7 | 0.918172 | 1.200000 | 1.140000 | 1.163333 | 1.156667 |   0.195344 |      411 |      342 |       69 |   7.000215 |      8 | 0.919432 | 2.040110
1247 | 373800.0 | 374100.0 | 0.006448 | 0.017062 |   7.000215 |      8 | 0.919432 | 1.200000 | 1.303333 | 1.333333 | 1.403333 |  -2.051347 |      471 |      391 |       80 |   6.999549 |      7 | 0.906205 | 2.375056
1248 | 374100.0 | 374400.0 | 0.006445 | 0.017060 |   6.999549 |      7 | 0.906205 | 1.200000 | 1.213333 | 1.180000 | 1.040000 |   4.103167 |      426 |      364 |       62 |   6.999463 |      7 | 0.932649 | 1.705434
1249 | 374400.0 | 374700.0 | 0.006442 | 0.017058 |   6.999463 |      7 | 0.932649 | 1.200000 | 1.203333 | 1.016667 | 1.150000 |  -3.908230 |      419 |      361 |       58 |   6.999441 |      7 | 0.907474 | 2.342912
1250 | 374700.0 | 375000.0 | 0.006438 | 0.017056 |   6.999441 |      7 | 0.907474 | 1.200000 | 1.253333 | 1.160000 | 1.106667 |   1.563472 |      434 |      376 |       58 |   6.999098 |      7 | 0.917540 | 2.088024
1251 | 375000.0 | 375300.0 | 0.006435 | 0.017054 |   6.999098 |      7 | 0.917540 | 1.200000 | 1.176667 | 1.180000 | 1.146667 |   0.977283 |      418 |      353 |       65 |   6.999248 |      7 | 0.923829 | 1.928783
1252 | 375300.0 | 375600.0 | 0.006432 | 0.017052 |   6.999248 |      7 | 0.923829 | 1.200000 | 1.193333 | 1.160000 | 1.130000 |   0.879656 |      422 |      358 |       64 |   6.999291 |      7 | 0.929486 | 1.785523
1253 | 375600.0 | 375900.0 | 0.006428 | 0.017050 |   6.999291 |      7 | 0.929486 | 1.200000 | 1.133333 | 1.093333 | 1.156667 |  -1.857266 |      408 |      340 |       68 |   6.999719 |      7 | 0.917548 | 2.087838
1254 | 375900.0 | 376200.0 | 0.006425 | 0.017048 |   6.999719 |      7 | 0.917548 | 1.200000 | 1.203333 | 1.156667 | 1.153333 |   0.097762 |      424 |      361 |       63 |   6.999698 |      7 | 0.918176 | 2.071933
1255 | 376200.0 | 376500.0 | 0.006422 | 0.017046 |   6.999698 |      7 | 0.918176 | 1.200000 | 1.233333 | 1.233333 | 1.133333 |   2.933199 |      429 |      370 |       59 |   6.999484 |      7 | 0.937011 | 1.594978
1256 | 376500.0 | 376800.0 | 0.006418 | 0.017044 |   6.999484 |      7 | 0.937011 | 1.200000 | 1.200000 | 0.963333 | 1.180000 |  -6.355995 |      415 |      360 |       55 |   6.999484 |      7 | 0.896217 | 2.627965
1257 | 376800.0 | 377100.0 | 0.006415 | 0.017042 |   6.999484 |      7 | 0.896217 | 1.200000 | 1.116667 | 1.270000 | 1.176667 |   2.738282 |      411 |      335 |       76 |   7.000018 |      8 | 0.913783 | 2.183165
1258 | 377100.0 | 377400.0 | 0.006412 | 0.017040 |   7.000018 |      8 | 0.913783 | 1.200000 | 1.303333 | 1.323333 | 1.223333 |   2.934210 |      470 |      391 |       78 |   6.999356 |      7 | 0.932596 | 1.706784
1259 | 377400.0 | 377700.0 | 0.006408 | 0.017038 |   6.999356 |      7 | 0.932596 | 1.200000 | 1.220000 | 1.100000 | 1.140000 |  -1.173818 |      422 |      366 |       57 |   6.999228 |      7 | 0.925074 | 1.897260
1260 | 377700.0 | 378000.0 | 0.006405 | 0.017036 |   6.999228 |      7 | 0.925074 | 1.200000 | 1.240000 | 1.166667 | 1.163333 |   0.097829 |      428 |      372 |       56 |   6.998972 |      7 | 0.925700 | 1.881393
1261 | 378000.0 | 378300.0 | 0.006402 | 0.017035 |   6.998972 |      7 | 0.925700 | 1.200000 | 1.193333 | 1.160000 | 1.160000 |   0.000000 |      421 |      358 |       63 |   6.999014 |      7 | 0.925700 | 1.881393
1262 | 378300.0 | 378600.0 | 0.006398 | 0.017033 |   6.999014 |      7 | 0.925700 | 1.200000 | 1.150000 | 1.190000 | 1.170000 |   0.587111 |      412 |      345 |       67 |   6.999334 |      7 | 0.929457 | 1.786269
1263 | 378600.0 | 378900.0 | 0.006395 | 0.017031 |   6.999334 |      7 | 0.929457 | 1.200000 | 1.243333 | 1.150000 | 1.203333 |  -1.565808 |      428 |      373 |       55 |   6.999057 |      7 | 0.919443 | 2.039832
1264 | 378900.0 | 379200.0 | 0.006392 | 0.017029 |   6.999057 |      7 | 0.919443 | 1.200000 | 1.196667 | 1.183333 | 1.090000 |   2.740476 |      422 |      359 |       63 |   6.999078 |      7 | 0.936960 | 1.596275
1265 | 379200.0 | 379500.0 | 0.006389 | 0.017027 |   6.999078 |      7 | 0.936960 | 1.200000 | 1.200000 | 0.986667 | 1.093333 |  -3.132331 |      414 |      360 |       55 |   6.999078 |      7 | 0.916949 | 2.102995
1266 | 379500.0 | 379800.0 | 0.006385 | 0.017025 |   6.999078 |      7 | 0.916949 | 1.200000 | 1.226667 | 1.116667 | 1.083333 |   0.978965 |      430 |      368 |       61 |   6.998908 |      7 | 0.923200 | 1.944708
1267 | 379800.0 | 380100.0 | 0.006382 | 0.017023 |   6.998908 |      7 | 0.923200 | 1.200000 | 1.116667 | 1.170000 | 1.056667 |   3.328860 |      405 |      335 |       71 |   6.999440 |      7 | 0.944445 | 1.406747
1268 | 380100.0 | 380400.0 | 0.006379 | 0.017021 |   6.999440 |      7 | 0.944445 | 1.200000 | 1.103333 | 0.840000 | 1.240000 | -11.750255 |      390 |      331 |       58 |   7.000057 |      8 | 0.869492 | 3.304677
1269 | 380400.0 | 380700.0 | 0.006376 | 0.017019 |   7.000057 |      8 | 0.869492 | 1.200000 | 1.230000 | 1.233333 | 1.140000 |   2.742038 |      461 |      369 |       91 |   6.999865 |      7 | 0.886974 | 2.862003
1270 | 380700.0 | 381000.0 | 0.006372 | 0.017017 |   6.999865 |      7 | 0.886974 | 1.200000 | 1.136667 | 1.103333 | 1.136667 |  -0.979411 |      413 |      341 |       73 |   7.000269 |      8 | 0.880733 | 3.020038
1271 | 381000.0 | 381300.0 | 0.006369 | 0.017015 |   7.000269 |      8 | 0.880733 | 1.200000 | 1.296667 | 1.240000 | 1.253333 |  -0.391809 |      472 |      389 |       82 |   6.999653 |      7 | 0.878238 | 3.083227
1272 | 381300.0 | 381600.0 | 0.006366 | 0.017013 |   6.999653 |      7 | 0.878238 | 1.200000 | 1.153333 | 1.176667 | 1.083333 |   2.742973 |      417 |      346 |       72 |   6.999950 |      7 | 0.895699 | 2.641080
1273 | 381600.0 | 381900.0 | 0.006363 | 0.017011 |   6.999950 |      7 | 0.895699 | 1.200000 | 1.023333 | 1.170000 | 1.053333 |   3.429105 |      392 |      307 |       85 |   7.001074 |      8 | 0.917517 | 2.088615
1274 | 381900.0 | 382200.0 | 0.006359 | 0.017009 |   7.001074 |      8 | 0.917517 | 1.200000 | 1.296667 | 1.280000 | 1.306667 |  -0.783884 |      468 |      389 |       78 |   7.000460 |      8 | 0.912532 | 2.214842
1275 | 382200.0 | 382500.0 | 0.006356 | 0.017007 |   7.000460 |      8 | 0.912532 | 1.200000 | 1.336667 | 1.356667 | 1.340000 |   0.489983 |      476 |      401 |       75 |   6.999591 |      7 | 0.915646 | 2.135981
1276 | 382500.0 | 382800.0 | 0.006353 | 0.017005 |   6.999591 |      7 | 0.915646 | 1.200000 | 1.163333 | 1.170000 | 1.146667 |   0.686054 |      416 |      349 |       68 |   6.999824 |      7 | 0.920005 | 2.025620
1277 | 382800.0 | 383100.0 | 0.006350 | 0.017004 |   6.999824 |      7 | 0.920005 | 1.200000 | 1.153333 | 1.156667 | 1.156667 |   0.000000 |      414 |      346 |       68 |   7.000120 |      8 | 0.920005 | 2.025620
1278 | 383100.0 | 383400.0 | 0.006346 | 0.017002 |   7.000120 |      8 | 0.920005 | 1.200000 | 1.360000 | 1.266667 | 1.373333 |  -3.136956 |      479 |      408 |       71 |   6.999105 |      7 | 0.900096 | 2.529732
1279 | 383400.0 | 383700.0 | 0.006343 | 0.017000 |   6.999105 |      7 | 0.900096 | 1.200000 | 1.096667 | 1.153333 | 1.210000 |  -1.666696 |      405 |      329 |       76 |   6.999760 |      7 | 0.889524 | 2.797436
1280 | 383700.0 | 384000.0 | 0.006340 | 0.016998 |   6.999760 |      7 | 0.889524 | 1.200000 | 1.050000 | 1.113333 | 1.150000 |  -1.078572 |      398 |      315 |       83 |   7.000711 |      8 | 0.882686 | 2.970588
1281 | 384000.0 | 384300.0 | 0.006337 | 0.016996 |   7.000711 |      8 | 0.882686 | 1.200000 | 1.246667 | 1.453333 | 1.313333 |   4.118649 |      463 |      374 |       88 |   7.000415 |      8 | 0.908785 | 2.309723
1282 | 384300.0 | 384600.0 | 0.006334 | 0.016994 |   7.000415 |      8 | 0.908785 | 1.200000 | 1.220000 | 1.343333 | 1.270000 |   2.157630 |      455 |      366 |       89 |   7.000289 |      8 | 0.922450 | 1.963692
1283 | 384600.0 | 384900.0 | 0.006330 | 0.016992 |   7.000289 |      8 | 0.922450 | 1.200000 | 1.226667 | 1.280000 | 1.373333 |  -2.746384 |      454 |      368 |       86 |   7.000120 |      8 | 0.905065 | 2.403922
1284 | 384900.0 | 385200.0 | 0.006327 | 0.016990 |   7.000120 |      8 | 0.905065 | 1.200000 | 1.283333 | 1.293333 | 1.253333 |   1.177154 |      467 |      385 |       82 |   6.999593 |      7 | 0.912513 | 2.215326
1285 | 385200.0 | 385500.0 | 0.006324 | 0.016988 |   6.999593 |      7 | 0.912513 | 1.200000 | 1.200000 | 1.123333 | 1.120000 |   0.098107 |      423 |      360 |       65 |   6.999593 |      7 | 0.913133 | 2.199616
1286 | 385500.0 | 385800.0 | 0.006321 | 0.016986 |   6.999593 |      7 | 0.913133 | 1.200000 | 1.160000 | 1.133333 | 1.080000 |   1.569892 |      416 |      348 |       67 |   6.999846 |      7 | 0.923056 | 1.948353
1287 | 385800.0 | 386100.0 | 0.006318 | 0.016984 |   6.999846 |      7 | 0.923056 | 1.200000 | 1.210000 | 1.153333 | 1.146667 |   0.196258 |      424 |      363 |       62 |   6.999782 |      7 | 0.924296 | 1.916958
1288 | 386100.0 | 386400.0 | 0.006314 | 0.016982 |   6.999782 |      7 | 0.924296 | 1.200000 | 1.220000 | 1.160000 | 1.160000 |   0.000000 |      426 |      366 |       59 |   6.999656 |      7 | 0.924296 | 1.916958
1289 | 386400.0 | 386700.0 | 0.006311 | 0.016981 |   6.999656 |      7 | 0.924296 | 1.200000 | 1.133333 | 1.140000 | 1.223333 |  -2.453781 |      408 |      340 |       68 |   7.000077 |      8 | 0.908810 | 2.309094
1290 | 386700.0 | 387000.0 | 0.006308 | 0.016979 |   7.000077 |      8 | 0.908810 | 1.200000 | 1.316667 | 1.343333 | 1.353333 |  -0.294487 |      474 |      395 |       78 |   6.999341 |      7 | 0.906952 | 2.356132
1291 | 387000.0 | 387300.0 | 0.006305 | 0.016977 |   6.999341 |      7 | 0.906952 | 1.200000 | 1.123333 | 1.153333 | 1.103333 |   1.472598 |      409 |      337 |       73 |   6.999824 |      7 | 0.916237 | 2.121034
1292 | 387300.0 | 387600.0 | 0.006302 | 0.016975 |   6.999824 |      7 | 0.916237 | 1.200000 | 1.210000 | 1.143333 | 1.093333 |   1.472763 |      426 |      363 |       63 |   6.999761 |      7 | 0.925517 | 1.886029
1293 | 387600.0 | 387900.0 | 0.006298 | 0.016973 |   6.999761 |      7 | 0.925517 | 1.200000 | 1.293333 | 1.116667 | 1.176667 |  -1.767513 |      438 |      388 |       50 |   6.999173 |      7 | 0.914385 | 2.167925
1294 | 387900.0 | 388200.0 | 0.006295 | 0.016971 |   6.999173 |      7 | 0.914385 | 1.200000 | 1.180000 | 1.213333 | 1.123333 |   2.651566 |      418 |      354 |       64 |   6.999299 |      7 | 0.931077 | 1.745245
1295 | 388200.0 | 388500.0 | 0.006292 | 0.016969 |   6.999299 |      7 | 0.931077 | 1.200000 | 1.140000 | 1.070000 | 1.170000 |  -2.946513 |      410 |      342 |       68 |   6.999677 |      7 | 0.912537 | 2.214706
1296 | 388500.0 | 388800.0 | 0.006289 | 0.016967 |   6.999677 |      7 | 0.912537 | 1.200000 | 1.176667 | 1.106667 | 0.993333 |   3.339754 |      420 |      353 |       67 |   6.999824 |      7 | 0.933541 | 1.682858
1297 | 388800.0 | 389100.0 | 0.006286 | 0.016965 |   6.999824 |      7 | 0.933541 | 1.200000 | 1.206667 | 1.066667 | 1.236667 |  -5.010188 |      418 |      362 |       57 |   6.999782 |      7 | 0.902048 | 2.480320
1298 | 389100.0 | 389400.0 | 0.006283 | 0.016964 |   6.999782 |      7 | 0.902048 | 1.200000 | 1.186667 | 1.133333 | 1.130000 |   0.098250 |      423 |      356 |       66 |   6.999865 |      7 | 0.902665 | 2.464689
1299 | 389400.0 | 389700.0 | 0.006280 | 0.016962 |   6.999865 |      7 | 0.902665 | 1.200000 | 1.156667 | 1.196667 | 1.113333 |   2.456521 |      416 |      347 |       69 |   7.000138 |      8 | 0.918091 | 2.074081
1300 | 389700.0 | 390000.0 | 0.006276 | 0.016960 |   7.000138 |      8 | 0.918091 | 1.200000 | 1.270000 | 1.333333 | 1.376667 |  -1.277533 |      463 |      381 |       81 |   6.999698 |      7 | 0.910073 | 2.277118
1301 | 390000.0 | 390300.0 | 0.006273 | 0.016958 |   6.999698 |      7 | 0.910073 | 1.200000 | 1.233333 | 1.126667 | 1.093333 |   0.982827 |      429 |      370 |       60 |   6.999489 |      7 | 0.916238 | 2.120997
1302 | 390300.0 | 390600.0 | 0.006270 | 0.016956 |   6.999489 |      7 | 0.916238 | 1.200000 | 1.143333 | 1.120000 | 1.120000 |   0.000000 |      411 |      343 |       70 |   6.999844 |      7 | 0.916238 | 2.120997
1303 | 390600.0 | 390900.0 | 0.006267 | 0.016954 |   6.999844 |      7 | 0.916238 | 1.200000 | 1.190000 | 1.283333 | 1.163333 |   3.538962 |      421 |      357 |       62 |   6.999907 |      7 | 0.938417 | 1.559394
1304 | 390900.0 | 391200.0 | 0.006264 | 0.016952 |   6.999907 |      7 | 0.938417 | 1.200000 | 1.130000 | 0.933333 | 1.293333 | -10.618063 |      403 |      339 |       65 |   7.000346 |      8 | 0.871907 | 3.243547
1305 | 391200.0 | 391500.0 | 0.006261 | 0.016950 |   7.000346 |      8 | 0.871907 | 1.200000 | 1.233333 | 1.286667 | 1.276667 |   0.294979 |      460 |      370 |       88 |   7.000137 |      8 | 0.873753 | 3.196783
1306 | 391500.0 | 391800.0 | 0.006258 | 0.016948 |   7.000137 |      8 | 0.873753 | 1.200000 | 1.410000 | 1.343333 | 1.156667 |   5.506881 |      494 |      423 |       71 |   6.998823 |      7 | 0.908213 | 2.324196
1307 | 391800.0 | 392100.0 | 0.006255 | 0.016947 |   6.998823 |      7 | 0.908213 | 1.200000 | 1.126667 | 1.176667 | 1.140000 |   1.081828 |      411 |      338 |       74 |   6.999281 |      7 | 0.914980 | 2.152861
1308 | 392100.0 | 392400.0 | 0.006251 | 0.016945 |   6.999281 |      7 | 0.914980 | 1.200000 | 1.170000 | 1.180000 | 1.166667 |   0.393436 |      417 |      351 |       66 |   6.999469 |      7 | 0.917439 | 2.090581
1309 | 392400.0 | 392700.0 | 0.006248 | 0.016943 |   6.999469 |      7 | 0.917439 | 1.200000 | 1.203333 | 1.143333 | 1.190000 |  -1.377177 |      422 |      361 |       61 |   6.999448 |      7 | 0.908834 | 2.308475
1310 | 392700.0 | 393000.0 | 0.006245 | 0.016941 |   6.999448 |      7 | 0.908834 | 1.200000 | 1.243333 | 1.133333 | 1.116667 |   0.491903 |      432 |      373 |       59 |   6.999177 |      7 | 0.911906 | 2.230686
1311 | 393000.0 | 393300.0 | 0.006242 | 0.016939 |   6.999177 |      7 | 0.911906 | 1.200000 | 1.160000 | 1.100000 | 1.200000 |  -2.951744 |      415 |      348 |       67 |   6.999427 |      7 | 0.893481 | 2.697241
1312 | 393300.0 | 393600.0 | 0.006239 | 0.016937 |   6.999427 |      7 | 0.893481 | 1.200000 | 1.080000 | 1.080000 | 1.106667 |  -0.787219 |      403 |      324 |       79 |   7.000176 |      8 | 0.888570 | 2.821608
1313 | 393600.0 | 393900.0 | 0.006236 | 0.016935 |   7.000176 |      8 | 0.888570 | 1.200000 | 1.390000 | 1.310000 | 1.200000 |   3.247634 |      489 |      417 |       71 |   6.998991 |      7 | 0.908822 | 2.308793
1314 | 393900.0 | 394200.0 | 0.006233 | 0.016934 |   6.998991 |      7 | 0.908822 | 1.200000 | 1.170000 | 1.176667 | 1.126667 |   1.476360 |      417 |      351 |       67 |   6.999178 |      7 | 0.918024 | 2.075785
1315 | 394200.0 | 394500.0 | 0.006230 | 0.016932 |   6.999178 |      7 | 0.918024 | 1.200000 | 1.060000 | 1.283333 | 1.216667 |   1.968696 |      398 |      318 |       80 |   7.000050 |      8 | 0.930288 | 1.765227
1316 | 394500.0 | 394800.0 | 0.006227 | 0.016930 |   7.000050 |      8 | 0.930288 | 1.200000 | 1.336667 | 1.180000 | 1.246667 |  -1.968912 |      467 |      401 |       65 |   6.999199 |      7 | 0.918028 | 2.075665
1317 | 394800.0 | 395100.0 | 0.006224 | 0.016928 |   6.999199 |      7 | 0.918028 | 1.200000 | 1.176667 | 1.190000 | 1.133333 |   1.673759 |      417 |      353 |       65 |   6.999344 |      7 | 0.928445 | 1.811894
1318 | 395100.0 | 395400.0 | 0.006221 | 0.016926 |   6.999344 |      7 | 0.928445 | 1.200000 | 1.280000 | 1.116667 | 1.120000 |  -0.098467 |      435 |      384 |       51 |   6.998847 |      7 | 0.927833 | 1.827404
1319 | 395400.0 | 395700.0 | 0.006217 | 0.016924 |   6.998847 |      7 | 0.927833 | 1.200000 | 1.116667 | 1.023333 | 1.173333 |  -4.431510 |      406 |      335 |       71 |   6.999365 |      7 | 0.900280 | 2.525086
1320 | 395700.0 | 396000.0 | 0.006214 | 0.016922 |   6.999365 |      7 | 0.900280 | 1.200000 | 1.106667 | 1.173333 | 1.046667 |   3.742574 |      408 |      332 |       76 |   6.999945 |      7 | 0.923538 | 1.936158
1321 | 396000.0 | 396300.0 | 0.006211 | 0.016921 |   6.999945 |      7 | 0.923538 | 1.200000 | 1.193333 | 1.146667 | 1.190000 |  -1.280494 |      421 |      358 |       63 |   6.999986 |      7 | 0.915584 | 2.137556
1322 | 396300.0 | 396600.0 | 0.006208 | 0.016919 |   6.999986 |      7 | 0.915584 | 1.200000 | 1.180000 | 1.126667 | 1.283333 |  -4.629986 |      419 |      354 |       65 |   7.000110 |      8 | 0.886840 | 2.865409
1323 | 396600.0 | 396900.0 | 0.006205 | 0.016917 |   7.000110 |      8 | 0.886840 | 1.200000 | 1.250000 | 1.326667 | 1.136667 |   5.615704 |      464 |      375 |       89 |   6.999800 |      7 | 0.921687 | 1.983032
1324 | 396900.0 | 397200.0 | 0.006202 | 0.016915 |   6.999800 |      7 | 0.921687 | 1.200000 | 1.223333 | 1.183333 | 1.270000 |  -2.561829 |      426 |      367 |       59 |   6.999656 |      7 | 0.905798 | 2.385366
1325 | 397200.0 | 397500.0 | 0.006199 | 0.016913 |   6.999656 |      7 | 0.905798 | 1.200000 | 1.123333 | 1.166667 | 1.170000 |  -0.098543 |      410 |      337 |       73 |   7.000131 |      8 | 0.905187 | 2.400834
1326 | 397500.0 | 397800.0 | 0.006196 | 0.016911 |   7.000131 |      8 | 0.905187 | 1.200000 | 1.393333 | 1.320000 | 1.186667 |   3.942135 |      488 |      418 |       69 |   6.998933 |      7 | 0.929613 | 1.782332
1327 | 397800.0 | 398100.0 | 0.006193 | 0.016909 |   6.998933 |      7 | 0.929613 | 1.200000 | 1.150000 | 1.153333 | 1.143333 |   0.295692 |      410 |      345 |       66 |   6.999243 |      7 | 0.931444 | 1.735962
1328 | 398100.0 | 398400.0 | 0.006190 | 0.016908 |   6.999243 |      7 | 0.931444 | 1.200000 | 1.223333 | 1.063333 | 1.260000 |  -5.815916 |      426 |      367 |       59 |   6.999098 |      7 | 0.895443 | 2.647557
1329 | 398400.0 | 398700.0 | 0.006187 | 0.016906 |   6.999098 |      7 | 0.895443 | 1.200000 | 1.120000 | 1.200000 | 1.133333 |   1.971712 |      410 |      336 |       74 |   6.999593 |      7 | 0.907642 | 2.338659
1330 | 398700.0 | 399000.0 | 0.006184 | 0.016904 |   6.999593 |      7 | 0.907642 | 1.200000 | 1.283333 | 1.166667 | 1.050000 |   3.450870 |      439 |      385 |       54 |   6.999078 |      7 | 0.928982 | 1.798295
1331 | 399000.0 | 399300.0 | 0.006181 | 0.016902 |   6.999078 |      7 | 0.928982 | 1.200000 | 1.173333 | 1.120000 | 1.133333 |  -0.394428 |      416 |      352 |       64 |   6.999243 |      7 | 0.926544 | 1.860028
1332 | 399300.0 | 399600.0 | 0.006178 | 0.016900 |   6.999243 |      7 | 0.926544 | 1.200000 | 1.126667 | 1.166667 | 1.083333 |   2.465443 |      407 |      338 |       69 |   6.999696 |      7 | 0.941775 | 1.474347
1333 | 399600.0 | 399900.0 | 0.006175 | 0.016898 |   6.999696 |      7 | 0.941775 | 1.200000 | 1.173333 | 0.903333 | 1.256667 | -10.454612 |      405 |      352 |       55 |   6.999860 |      7 | 0.877220 | 3.109012
1334 | 399900.0 | 400200.0 | 0.006172 | 0.016897 |   6.999860 |      7 | 0.877220 | 1.200000 | 1.140000 | 1.143333 | 0.996667 |   4.340121 |      415 |      342 |       71 |   7.000231 |      8 | 0.904006 | 2.430729
1335 | 400200.0 | 400500.0 | 0.006169 | 0.016895 |   7.000231 |      8 | 0.904006 | 1.200000 | 1.383333 | 1.460000 | 1.233333 |   6.708186 |      486 |      415 |       70 |   6.999100 |      7 | 0.945388 | 1.382872
1336 | 400500.0 | 400800.0 | 0.006166 | 0.016893 |   6.999100 |      7 | 0.945388 | 1.200000 | 1.150000 | 0.840000 | 1.096667 |  -7.596857 |      393 |      345 |       49 |   6.999408 |      7 | 0.898547 | 2.568966
1337 | 400800.0 | 401100.0 | 0.006163 | 0.016891 |   6.999408 |      7 | 0.898547 | 1.200000 | 1.096667 | 1.173333 | 1.113333 |   1.776081 |      406 |      329 |       77 |   7.000045 |      8 | 0.909493 | 2.291803
1338 | 401100.0 | 401400.0 | 0.006160 | 0.016889 |   7.000045 |      8 | 0.909493 | 1.200000 | 1.280000 | 1.300000 | 1.273333 |   0.789455 |      465 |      384 |       80 |   6.999552 |      7 | 0.914356 | 2.168665
1339 | 401400.0 | 401700.0 | 0.006157 | 0.016887 |   6.999552 |      7 | 0.914356 | 1.200000 | 1.160000 | 1.166667 | 1.120000 |   1.381695 |      416 |      348 |       69 |   6.999798 |      7 | 0.922862 | 1.953257
1340 | 401700.0 | 402000.0 | 0.006154 | 0.016886 |   6.999798 |      7 | 0.922862 | 1.200000 | 1.210000 | 1.140000 | 1.166667 |  -0.789625 |      425 |      363 |       62 |   6.999737 |      7 | 0.918003 | 2.076301
1341 | 402000.0 | 402300.0 | 0.006151 | 0.016884 |   6.999737 |      7 | 0.918003 | 1.200000 | 1.196667 | 1.163333 | 1.150000 |   0.394855 |      423 |      359 |       64 |   6.999757 |      7 | 0.920432 | 2.014802
1342 | 402300.0 | 402600.0 | 0.006148 | 0.016882 |   6.999757 |      7 | 0.920432 | 1.200000 | 1.156667 | 1.080000 | 1.220000 |  -4.146426 |      413 |      347 |       67 |   7.000024 |      8 | 0.894940 | 2.660295
1343 | 402600.0 | 402900.0 | 0.006145 | 0.016880 |   7.000024 |      8 | 0.894940 | 1.200000 | 1.313333 | 1.266667 | 1.293333 |  -0.789881 |      476 |      394 |       80 |   6.999327 |      7 | 0.890086 | 2.783200
1344 | 402900.0 | 403200.0 | 0.006142 | 0.016878 |   6.999327 |      7 | 0.890086 | 1.200000 | 1.060000 | 1.170000 | 1.120000 |   1.481185 |      398 |      318 |       81 |   7.000187 |      8 | 0.899184 | 2.552840
1345 | 403200.0 | 403500.0 | 0.006139 | 0.016877 |   7.000187 |      8 | 0.899184 | 1.200000 | 1.286667 | 1.340000 | 1.240000 |   2.962689 |      469 |      386 |       82 |   6.999655 |      7 | 0.917371 | 2.092296
1346 | 403500.0 | 403800.0 | 0.006136 | 0.016875 |   6.999655 |      7 | 0.917371 | 1.200000 | 1.193333 | 1.156667 | 1.126667 |   0.888902 |      421 |      358 |       64 |   6.999696 |      7 | 0.922826 | 1.954184
1347 | 403800.0 | 404100.0 | 0.006133 | 0.016873 |   6.999696 |      7 | 0.922826 | 1.200000 | 1.150000 | 1.156667 | 1.150000 |   0.197555 |      412 |      345 |       67 |   7.000003 |      8 | 0.924037 | 1.923504
1348 | 404100.0 | 404400.0 | 0.006130 | 0.016871 |   7.000003 |      8 | 0.924037 | 1.200000 | 1.243333 | 1.280000 | 1.266667 |   0.395153 |      457 |      373 |       84 |   6.999737 |      7 | 0.926460 | 1.862168
1349 | 404400.0 | 404700.0 | 0.006127 | 0.016869 |   6.999737 |      7 | 0.926460 | 1.200000 | 1.170000 | 1.136667 | 1.143333 |  -0.197597 |      415 |      351 |       64 |   6.999921 |      7 | 0.925249 | 1.892825
1350 | 404700.0 | 405000.0 | 0.006124 | 0.016868 |   6.999921 |      7 | 0.925249 | 1.200000 | 1.173333 | 1.200000 | 1.153333 |   1.383331 |      416 |      352 |       64 |   7.000084 |      8 | 0.933721 | 1.678308
1351 | 405000.0 | 405300.0 | 0.006121 | 0.016866 |   7.000084 |      8 | 0.933721 | 1.200000 | 1.250000 | 1.030000 | 1.350000 |  -9.486712 |      451 |      375 |       75 |   6.999778 |      7 | 0.875651 | 3.148729
1352 | 405300.0 | 405600.0 | 0.006118 | 0.016864 |   6.999778 |      7 | 0.875651 | 1.200000 | 1.140000 | 1.170000 | 1.143333 |   0.790644 |      413 |      342 |       72 |   7.000145 |      8 | 0.880488 | 3.026240
1353 | 405600.0 | 405900.0 | 0.006115 | 0.016862 |   7.000145 |      8 | 0.880488 | 1.200000 | 1.280000 | 1.336667 | 1.290000 |   1.383775 |      470 |      384 |       85 |   6.999656 |      7 | 0.888951 | 2.811964
1354 | 405900.0 | 406200.0 | 0.006112 | 0.016860 |   6.999656 |      7 | 0.888951 | 1.200000 | 1.153333 | 1.166667 | 1.186667 |  -0.593110 |      417 |      346 |       72 |   6.999941 |      7 | 0.885325 | 2.903762
1355 | 406200.0 | 406500.0 | 0.006109 | 0.016858 |   6.999941 |      7 | 0.885325 | 1.200000 | 1.033333 | 1.270000 | 1.136667 |   3.954487 |      395 |      310 |       85 |   7.000959 |      8 | 0.909485 | 2.292005
1356 | 406500.0 | 406800.0 | 0.006106 | 0.016857 |   7.000959 |      8 | 0.909485 | 1.200000 | 1.340000 | 1.406667 | 1.303333 |   3.065055 |      476 |      402 |       73 |   7.000104 |      8 | 0.928201 | 1.818070
1357 | 406800.0 | 407100.0 | 0.006103 | 0.016855 |   7.000104 |      8 | 0.928201 | 1.200000 | 1.250000 | 1.190000 | 1.313333 |  -3.658681 |      456 |      375 |       81 |   6.999799 |      7 | 0.905870 | 2.383522
1358 | 407100.0 | 407400.0 | 0.006101 | 0.016853 |   6.999799 |      7 | 0.905870 | 1.200000 | 1.186667 | 1.113333 | 1.090000 |   0.692257 |      421 |      356 |       66 |   6.999881 |      7 | 0.910094 | 2.276585
1359 | 407400.0 | 407700.0 | 0.006098 | 0.016851 |   6.999881 |      7 | 0.910094 | 1.200000 | 1.190000 | 1.183333 | 1.130000 |   1.582470 |      421 |      357 |       64 |   6.999942 |      7 | 0.919743 | 2.032247
1360 | 407700.0 | 408000.0 | 0.006095 | 0.016850 |   6.999942 |      7 | 0.919743 | 1.200000 | 1.200000 | 1.170000 | 1.093333 |   2.275042 |      422 |      360 |       62 |   6.999942 |      7 | 0.933609 | 1.681144
1361 | 408000.0 | 408300.0 | 0.006092 | 0.016848 |   6.999942 |      7 | 0.933609 | 1.200000 | 1.280000 | 1.103333 | 1.250000 |  -4.352717 |      433 |      384 |       50 |   6.999454 |      7 | 0.907093 | 2.352570
1362 | 408300.0 | 408600.0 | 0.006089 | 0.016846 |   6.999454 |      7 | 0.907093 | 1.200000 | 1.116667 | 1.170000 | 1.086667 |   2.473398 |      409 |      335 |       73 |   6.999962 |      7 | 0.922153 | 1.971220
1363 | 408600.0 | 408900.0 | 0.006086 | 0.016844 |   6.999962 |      7 | 0.922153 | 1.200000 | 1.153333 | 1.153333 | 1.136667 |   0.494732 |      414 |      346 |       68 |   7.000246 |      8 | 0.925164 | 1.894978
1364 | 408900.0 | 409200.0 | 0.006083 | 0.016842 |   7.000246 |      8 | 0.925164 | 1.200000 | 1.336667 | 1.190000 | 1.463333 |  -8.114467 |      473 |      401 |       71 |   6.999414 |      7 | 0.875803 | 3.144876
1365 | 409200.0 | 409500.0 | 0.006080 | 0.016841 |   6.999414 |      7 | 0.875803 | 1.200000 | 1.120000 | 1.116667 | 1.076667 |   1.187609 |      410 |      336 |       75 |   6.999901 |      7 | 0.883024 | 2.962032
1366 | 409500.0 | 409800.0 | 0.006077 | 0.016839 |   6.999901 |      7 | 0.883024 | 1.200000 | 1.090000 | 1.156667 | 1.020000 |   4.058094 |      405 |      327 |       78 |   7.000569 |      8 | 0.907686 | 2.337548
1367 | 409800.0 | 410100.0 | 0.006074 | 0.016837 |   7.000569 |      8 | 0.907686 | 1.200000 | 1.326667 | 1.280000 | 1.236667 |   1.286849 |      473 |      398 |       74 |   6.999800 |      7 | 0.915503 | 2.139614
1368 | 410100.0 | 410400.0 | 0.006071 | 0.016835 |   6.999800 |      7 | 0.915503 | 1.200000 | 1.156667 | 1.143333 | 1.043333 |   2.969966 |      416 |      347 |       70 |   7.000063 |      8 | 0.933535 | 1.683014
1369 | 410400.0 | 410700.0 | 0.006069 | 0.016833 |   7.000063 |      8 | 0.933535 | 1.200000 | 1.330000 | 1.066667 | 1.380000 |  -9.306877 |      462 |      399 |       63 |   6.999274 |      7 | 0.877056 | 3.113165
1370 | 410700.0 | 411000.0 | 0.006066 | 0.016832 |   6.999274 |      7 | 0.877056 | 1.200000 | 1.100000 | 1.110000 | 1.170000 |  -1.782356 |      406 |      330 |       76 |   6.999881 |      7 | 0.866244 | 3.386922
1371 | 411000.0 | 411300.0 | 0.006063 | 0.016830 |   6.999881 |      7 | 0.866244 | 1.200000 | 1.103333 | 1.116667 | 1.090000 |   0.792242 |      409 |      331 |       78 |   7.000467 |      8 | 0.871048 | 3.265297
1372 | 411300.0 | 411600.0 | 0.006060 | 0.016828 |   7.000467 |      8 | 0.871048 | 1.200000 | 1.203333 | 1.300000 | 1.306667 |  -0.198081 |      456 |      361 |       94 |   7.000446 |      8 | 0.869847 | 3.295692
1373 | 411600.0 | 411900.0 | 0.006057 | 0.016826 |   7.000446 |      8 | 0.869847 | 1.200000 | 1.186667 | 1.263333 | 1.270000 |  -0.198102 |      452 |      356 |       96 |   7.000527 |      8 | 0.868647 | 3.326076
1374 | 411900.0 | 412200.0 | 0.006054 | 0.016825 |   7.000527 |      8 | 0.868647 | 1.200000 | 1.343333 | 1.250000 | 1.223333 |   0.792493 |      483 |      403 |       80 |   6.999659 |      7 | 0.873445 | 3.204586
1375 | 412200.0 | 412500.0 | 0.006051 | 0.016823 |   6.999659 |      7 | 0.873445 | 1.200000 | 1.243333 | 1.063333 | 0.996667 |   1.981440 |      433 |      373 |       61 |   6.999397 |      7 | 0.885435 | 2.900973
1376 | 412500.0 | 412800.0 | 0.006048 | 0.016821 |   6.999397 |      7 | 0.885435 | 1.200000 | 1.096667 | 1.153333 | 1.153333 |   0.000000 |      406 |      329 |       77 |   7.000022 |      8 | 0.885435 | 2.900973
1377 | 412800.0 | 413100.0 | 0.006046 | 0.016819 |   7.000022 |      8 | 0.885435 | 1.200000 | 1.266667 | 1.220000 | 1.220000 |   0.000000 |      467 |      380 |       86 |   6.999619 |      7 | 0.885435 | 2.900973
1378 | 413100.0 | 413400.0 | 0.006043 | 0.016817 |   6.999619 |      7 | 0.885435 | 1.200000 | 1.103333 | 1.140000 | 1.103333 |   1.090136 |      406 |      331 |       76 |   7.000203 |      8 | 0.892023 | 2.734171
1379 | 413400.0 | 413700.0 | 0.006040 | 0.016816 |   7.000203 |      8 | 0.892023 | 1.200000 | 1.310000 | 1.273333 | 1.310000 |  -1.090250 |      475 |      393 |       82 |   6.999539 |      7 | 0.885438 | 2.900912
1380 | 413700.0 | 414000.0 | 0.006037 | 0.016814 |   6.999539 |      7 | 0.885438 | 1.200000 | 1.103333 | 1.126667 | 1.143333 |  -0.495620 |      407 |      331 |       76 |   7.000122 |      8 | 0.882446 | 2.976675
1381 | 414000.0 | 414300.0 | 0.006034 | 0.016812 |   7.000122 |      8 | 0.882446 | 1.200000 | 1.256667 | 1.296667 | 1.170000 |   3.767110 |      464 |      377 |       86 |   6.999781 |      7 | 0.905177 | 2.401086
1382 | 414300.0 | 414600.0 | 0.006031 | 0.016810 |   6.999781 |      7 | 0.905177 | 1.200000 | 1.156667 | 1.206667 | 1.160000 |   1.388028 |      417 |      347 |       71 |   7.000042 |      8 | 0.913548 | 2.189104
1383 | 414600.0 | 414900.0 | 0.006028 | 0.016809 |   7.000042 |      8 | 0.913548 | 1.200000 | 1.376667 | 1.270000 | 1.270000 |   0.000000 |      483 |      413 |       69 |   6.998977 |      7 | 0.913548 | 2.189104
1384 | 414900.0 | 415200.0 | 0.006026 | 0.016807 |   6.998977 |      7 | 0.913548 | 1.200000 | 1.136667 | 1.143333 | 1.116667 |   0.793325 |      411 |      341 |       71 |   6.999358 |      7 | 0.918329 | 2.068061
1385 | 415200.0 | 415500.0 | 0.006023 | 0.016805 |   6.999358 |      7 | 0.918329 | 1.200000 | 1.246667 | 1.113333 | 1.206667 |  -2.776928 |      431 |      374 |       57 |   6.999077 |      7 | 0.901604 | 2.491557
1386 | 415500.0 | 415800.0 | 0.006020 | 0.016803 |   6.999077 |      7 | 0.901604 | 1.200000 | 1.126667 | 1.173333 | 1.126667 |   1.388609 |      410 |      338 |       72 |   6.999519 |      7 | 0.909963 | 2.279887
1387 | 415800.0 | 416100.0 | 0.006017 | 0.016802 |   6.999519 |      7 | 0.909963 | 1.200000 | 1.260000 | 1.150000 | 1.073333 |   2.281524 |      433 |      378 |       55 |   6.999158 |      7 | 0.923691 | 1.932270
1388 | 416100.0 | 416400.0 | 0.006014 | 0.016800 |   6.999158 |      7 | 0.923691 | 1.200000 | 1.260000 | 1.070000 | 1.200000 |  -3.869075 |      435 |      378 |       57 |   6.998797 |      7 | 0.900422 | 2.521491
1389 | 416400.0 | 416700.0 | 0.006011 | 0.016798 |   6.998797 |      7 | 0.900422 | 1.200000 | 1.263333 | 1.093333 | 1.216667 |  -3.671044 |      435 |      379 |       56 |   6.998416 |      7 | 0.878354 | 3.080291
1390 | 416700.0 | 417000.0 | 0.006009 | 0.016796 |   6.998416 |      7 | 0.878354 | 1.200000 | 1.150000 | 1.103333 | 1.100000 |   0.099228 |      417 |      345 |       72 |   6.998717 |      7 | 0.878950 | 3.065194
1391 | 417000.0 | 417300.0 | 0.006006 | 0.016795 |   6.998717 |      7 | 0.878950 | 1.200000 | 1.116667 | 1.090000 | 1.106667 |  -0.496190 |      409 |      335 |       74 |   6.999217 |      7 | 0.875970 | 3.140652
1392 | 417300.0 | 417600.0 | 0.006003 | 0.016793 |   6.999217 |      7 | 0.875970 | 1.200000 | 1.140000 | 1.173333 | 1.086667 |   2.580459 |      416 |      342 |       74 |   6.999577 |      7 | 0.891460 | 2.748412
1393 | 417600.0 | 417900.0 | 0.006000 | 0.016791 |   6.999577 |      7 | 0.891460 | 1.200000 | 1.056667 | 1.116667 | 1.033333 |   2.481468 |      399 |      317 |       82 |   7.000437 |      8 | 0.906349 | 2.371396
1394 | 417900.0 | 418200.0 | 0.005997 | 0.016789 |   7.000437 |      8 | 0.906349 | 1.200000 | 1.380000 | 1.330000 | 1.256667 |   2.183919 |      486 |      414 |       71 |   6.999358 |      7 | 0.919447 | 2.039743
1395 | 418200.0 | 418500.0 | 0.005994 | 0.016788 |   6.999358 |      7 | 0.919447 | 1.200000 | 1.243333 | 1.126667 | 1.126667 |   0.000000 |      430 |      373 |       58 |   6.999098 |      7 | 0.919447 | 2.039743
1396 | 418500.0 | 418800.0 | 0.005992 | 0.016786 |   6.999098 |      7 | 0.919447 | 1.200000 | 1.226667 | 1.113333 | 1.073333 |   1.191476 |      426 |      368 |       58 |   6.998938 |      7 | 0.926586 | 1.858973
1397 | 418800.0 | 419100.0 | 0.005989 | 0.016784 |   6.998938 |      7 | 0.926586 | 1.200000 | 1.210000 | 1.193333 | 1.130000 |   1.886699 |      423 |      363 |       60 |   6.998878 |      7 | 0.937885 | 1.572858
1398 | 419100.0 | 419400.0 | 0.005986 | 0.016782 |   6.998878 |      7 | 0.937885 | 1.200000 | 1.196667 | 0.960000 | 1.153333 |  -5.759994 |      414 |      359 |       56 |   6.998898 |      7 | 0.903405 | 2.445944
1399 | 419400.0 | 419700.0 | 0.005983 | 0.016781 |   6.998898 |      7 | 0.903405 | 1.200000 | 1.086667 | 1.146667 | 1.060000 |   2.582334 |      403 |      326 |       76 |   6.999576 |      7 | 0.918856 | 2.054703
1400 | 419700.0 | 420000.0 | 0.005980 | 0.016779 |   6.999576 |      7 | 0.918856 | 1.200000 | 1.176667 | 1.160000 | 1.140000 |   0.595985 |      418 |      353 |       65 |   6.999716 |      7 | 0.922420 | 1.964449
1401 | 420000.0 | 420300.0 | 0.005978 | 0.016777 |   6.999716 |      7 | 0.922420 | 1.200000 | 1.233333 | 1.126667 | 0.990000 |   4.072984 |      427 |      370 |       57 |   6.999517 |      7 | 0.946767 | 1.347940
1402 | 420300.0 | 420600.0 | 0.005975 | 0.016775 |   6.999517 |      7 | 0.946767 | 1.200000 | 1.096667 | 0.800000 | 1.140000 | -10.133837 |      381 |      329 |       52 |   7.000134 |      8 | 0.886219 | 2.881138
1403 | 420600.0 | 420900.0 | 0.005972 | 0.016774 |   7.000134 |      8 | 0.886219 | 1.200000 | 1.270000 | 1.406667 | 1.173333 |   6.955312 |      468 |      381 |       86 |   6.999716 |      7 | 0.927757 | 1.829325
1404 | 420900.0 | 421200.0 | 0.005969 | 0.016772 |   6.999716 |      7 | 0.927757 | 1.200000 | 1.230000 | 1.136667 | 1.170000 |  -0.993719 |      427 |      369 |       59 |   6.999537 |      7 | 0.921825 | 1.979529
1405 | 421200.0 | 421500.0 | 0.005967 | 0.016770 |   6.999537 |      7 | 0.921825 | 1.200000 | 1.180000 | 1.083333 | 1.136667 |  -1.590114 |      416 |      354 |       62 |   6.999656 |      7 | 0.912337 | 2.219770
1406 | 421500.0 | 421800.0 | 0.005964 | 0.016769 |   6.999656 |      7 | 0.912337 | 1.200000 | 1.173333 | 1.286667 | 1.183333 |   3.081163 |      418 |      352 |       66 |   6.999815 |      7 | 0.930713 | 1.754472
1407 | 421800.0 | 422100.0 | 0.005961 | 0.016767 |   6.999815 |      7 | 0.930713 | 1.200000 | 1.193333 | 1.140000 | 1.190000 |  -1.491039 |      419 |      358 |       61 |   6.999855 |      7 | 0.921825 | 1.979535
1408 | 422100.0 | 422400.0 | 0.005958 | 0.016765 |   6.999855 |      7 | 0.921825 | 1.200000 | 1.203333 | 1.093333 | 1.126667 |  -0.994128 |      423 |      361 |       63 |   6.999835 |      7 | 0.915901 | 2.129522
1409 | 422400.0 | 422700.0 | 0.005955 | 0.016763 |   6.999835 |      7 | 0.915901 | 1.200000 | 1.196667 | 1.236667 | 1.243333 |  -0.198846 |      422 |      359 |       63 |   6.999855 |      7 | 0.914717 | 2.159509
1410 | 422700.0 | 423000.0 | 0.005953 | 0.016762 |   6.999855 |      7 | 0.914717 | 1.200000 | 1.096667 | 1.143333 | 0.980000 |   4.872230 |      404 |      329 |       74 |   7.000470 |      8 | 0.943720 | 1.425101
1411 | 423000.0 | 423300.0 | 0.005950 | 0.016760 |   7.000470 |      8 | 0.943720 | 1.200000 | 1.246667 | 0.886667 | 1.316667 | -12.828208 |      421 |      374 |       47 |   7.000193 |      8 | 0.867393 | 3.357844
1412 | 423300.0 | 423600.0 | 0.005947 | 0.016758 |   7.000193 |      8 | 0.867393 | 1.200000 | 1.300000 | 1.273333 | 1.303333 |  -0.895083 |      472 |      390 |       81 |   6.999598 |      7 | 0.862069 | 3.492638
1413 | 423600.0 | 423900.0 | 0.005944 | 0.016757 |   6.999598 |      7 | 0.862069 | 1.200000 | 1.053333 | 0.983333 | 1.063333 |  -2.387133 |      400 |      316 |       85 |   7.000470 |      8 | 0.847879 | 3.851959
1414 | 423900.0 | 424200.0 | 0.005942 | 0.016755 |   7.000470 |      8 | 0.847879 | 1.200000 | 1.273333 | 1.226667 | 1.166667 |   1.790533 |      470 |      382 |       87 |   7.000034 |      8 | 0.858518 | 3.582565
1415 | 424200.0 | 424500.0 | 0.005939 | 0.016753 |   7.000034 |      8 | 0.858518 | 1.200000 | 1.210000 | 1.153333 | 1.303333 |  -4.476792 |      457 |      363 |       94 |   6.999975 |      7 | 0.831931 | 4.255807
1416 | 424500.0 | 424800.0 | 0.005936 | 0.016751 |   6.999975 |      7 | 0.831931 | 1.200000 | 0.960000 | 1.106667 | 1.003333 |   3.084328 |      383 |      288 |       96 |   7.001399 |      8 | 0.850240 | 3.792185
1417 | 424800.0 | 425100.0 | 0.005933 | 0.016750 |   7.001399 |      8 | 0.850240 | 1.200000 | 1.233333 | 1.253333 | 1.196667 |   1.691579 |      460 |      370 |       89 |   7.001202 |      8 | 0.860277 | 3.538032
1418 | 425100.0 | 425400.0 | 0.005931 | 0.016748 |   7.001202 |      8 | 0.860277 | 1.200000 | 1.286667 | 1.266667 | 1.196667 |   2.089811 |      473 |      386 |       87 |   7.000688 |      8 | 0.872671 | 3.224191
1419 | 425400.0 | 425700.0 | 0.005928 | 0.016746 |   7.000688 |      8 | 0.872671 | 1.200000 | 1.346667 | 1.400000 | 1.273333 |   3.781949 |      481 |      404 |       77 |   6.999818 |      7 | 0.895090 | 2.656491
1420 | 425700.0 | 426000.0 | 0.005925 | 0.016745 |   6.999818 |      7 | 0.895090 | 1.200000 | 1.100000 | 1.160000 | 1.190000 |  -0.895816 |      406 |      330 |       77 |   7.000411 |      8 | 0.889782 | 2.790898
1421 | 426000.0 | 426300.0 | 0.005923 | 0.016743 |   7.000411 |      8 | 0.889782 | 1.200000 | 1.250000 | 1.356667 | 1.240000 |   3.484085 |      463 |      375 |       87 |   7.000114 |      8 | 0.910417 | 2.268392
1422 | 426300.0 | 426600.0 | 0.005920 | 0.016741 |   7.000114 |      8 | 0.910417 | 1.200000 | 1.340000 | 1.340000 | 1.316667 |   0.696888 |      478 |      402 |       76 |   6.999286 |      7 | 0.914543 | 2.163928
1423 | 426600.0 | 426900.0 | 0.005917 | 0.016739 |   6.999286 |      7 | 0.914543 | 1.200000 | 1.116667 | 1.216667 | 1.080000 |   4.082188 |      408 |      335 |       74 |   6.999779 |      7 | 0.938697 | 1.552288
1424 | 426900.0 | 427200.0 | 0.005914 | 0.016738 |   6.999779 |      7 | 0.938697 | 1.200000 | 1.170000 | 0.973333 | 1.196667 |  -6.671572 |      408 |      351 |       57 |   6.999956 |      7 | 0.899239 | 2.551440
1425 | 427200.0 | 427500.0 | 0.005912 | 0.016736 |   6.999956 |      7 | 0.899239 | 1.200000 | 1.140000 | 1.133333 | 1.153333 |  -0.597515 |      414 |      342 |       72 |   7.000311 |      8 | 0.895707 | 2.640885
1426 | 427500.0 | 427800.0 | 0.005909 | 0.016734 |   7.000311 |      8 | 0.895707 | 1.200000 | 1.353333 | 1.326667 | 1.346667 |  -0.597576 |      482 |      406 |       75 |   6.999405 |      7 | 0.892176 | 2.730297
1427 | 427800.0 | 428100.0 | 0.005906 | 0.016733 |   6.999405 |      7 | 0.892176 | 1.200000 | 1.153333 | 1.140000 | 1.076667 |   1.892515 |      415 |      346 |       70 |   6.999681 |      7 | 0.903353 | 2.447259
1428 | 428100.0 | 428400.0 | 0.005904 | 0.016731 |   6.999681 |      7 | 0.903353 | 1.200000 | 1.173333 | 1.090000 | 1.176667 |  -2.590021 |      420 |      352 |       68 |   6.999838 |      7 | 0.888063 | 2.834436
1429 | 428400.0 | 428700.0 | 0.005901 | 0.016729 |   6.999838 |      7 | 0.888063 | 1.200000 | 1.133333 | 1.076667 | 1.106667 |  -0.896637 |      413 |      340 |       73 |   7.000231 |      8 | 0.882772 | 2.968412
1430 | 428700.0 | 429000.0 | 0.005898 | 0.016727 |   7.000231 |      8 | 0.882772 | 1.200000 | 1.263333 | 1.303333 | 1.256667 |   1.394910 |      466 |      379 |       86 |   6.999858 |      7 | 0.891000 | 2.760080
1431 | 429000.0 | 429300.0 | 0.005895 | 0.016726 |   6.999858 |      7 | 0.891000 | 1.200000 | 1.263333 | 1.110000 | 1.110000 |   0.000000 |      435 |      379 |       57 |   6.999484 |      7 | 0.891000 | 2.760080
1432 | 429300.0 | 429600.0 | 0.005893 | 0.016724 |   6.999484 |      7 | 0.891000 | 1.200000 | 1.123333 | 1.140000 | 1.083333 |   1.694162 |      412 |      337 |       75 |   6.999936 |      7 | 0.900983 | 2.507286
1433 | 429600.0 | 429900.0 | 0.005890 | 0.016722 |   6.999936 |      7 | 0.900983 | 1.200000 | 1.236667 | 1.120000 | 1.210000 |  -2.691000 |      431 |      371 |       60 |   6.999720 |      7 | 0.885133 | 2.908640
1434 | 429900.0 | 430200.0 | 0.005887 | 0.016721 |   6.999720 |      7 | 0.885133 | 1.200000 | 1.116667 | 1.153333 | 1.060000 |   2.790949 |      410 |      335 |       75 |   7.000211 |      8 | 0.901564 | 2.492569
1435 | 430200.0 | 430500.0 | 0.005885 | 0.016719 |   7.000211 |      8 | 0.901564 | 1.200000 | 1.320000 | 1.246667 | 1.316667 |  -2.093423 |      475 |      396 |       78 |   6.999505 |      7 | 0.889245 | 2.804511
1436 | 430500.0 | 430800.0 | 0.005882 | 0.016717 |   6.999505 |      7 | 0.889245 | 1.200000 | 1.153333 | 1.086667 | 1.050000 |   1.096666 |      416 |      346 |       71 |   6.999779 |      7 | 0.895695 | 2.641171
1437 | 430800.0 | 431100.0 | 0.005879 | 0.016716 |   6.999779 |      7 | 0.895695 | 1.200000 | 1.140000 | 1.146667 | 1.133333 |   0.398828 |      414 |      342 |       72 |   7.000132 |      8 | 0.898040 | 2.581795
1438 | 431100.0 | 431400.0 | 0.005877 | 0.016714 |   7.000132 |      8 | 0.898040 | 1.200000 | 1.346667 | 1.216667 | 1.263333 |  -1.396038 |      479 |      404 |       74 |   6.999270 |      7 | 0.889836 | 2.789536
1439 | 431400.0 | 431700.0 | 0.005874 | 0.016712 |   6.999270 |      7 | 0.889836 | 1.200000 | 1.123333 | 1.116667 | 1.093333 |   0.698089 |      410 |      337 |       74 |   6.999720 |      7 | 0.893937 | 2.685702
1440 | 431700.0 | 432000.0 | 0.005871 | 0.016711 |   6.999720 |      7 | 0.893937 | 1.200000 | 1.133333 | 1.160000 | 1.113333 |   1.396319 |      414 |      340 |       74 |   7.000112 |      8 | 0.902135 | 2.478109
1441 | 432000.0 | 432300.0 | 0.005869 | 0.016709 |   7.000112 |      8 | 0.902135 | 1.200000 | 1.366667 | 1.350000 | 1.256667 |   2.792920 |      483 |      410 |       72 |   6.999134 |      7 | 0.918526 | 2.063069
1442 | 432300.0 | 432600.0 | 0.005866 | 0.016707 |   6.999134 |      7 | 0.918526 | 1.200000 | 1.140000 | 1.186667 | 1.203333 |  -0.498786 |      410 |      342 |       69 |   6.999486 |      7 | 0.915600 | 2.137157
1443 | 432600.0 | 432900.0 | 0.005863 | 0.016706 |   6.999486 |      7 | 0.915600 | 1.200000 | 1.140000 | 1.153333 | 1.160000 |  -0.199534 |      412 |      342 |       70 |   6.999837 |      7 | 0.914430 | 2.166782
1444 | 432900.0 | 433200.0 | 0.005861 | 0.016704 |   6.999837 |      7 | 0.914430 | 1.200000 | 1.266667 | 1.183333 | 1.173333 |   0.299332 |      435 |      380 |       55 |   6.999447 |      7 | 0.916184 | 2.122361
1445 | 433200.0 | 433500.0 | 0.005858 | 0.016702 |   6.999447 |      7 | 0.916184 | 1.200000 | 1.213333 | 1.183333 | 1.170000 |   0.399149 |      425 |      364 |       61 |   6.999369 |      7 | 0.918522 | 2.063153
1446 | 433500.0 | 433800.0 | 0.005855 | 0.016701 |   6.999369 |      7 | 0.918522 | 1.200000 | 1.183333 | 1.186667 | 1.116667 |   2.095742 |      418 |      355 |       64 |   6.999466 |      7 | 0.930794 | 1.752422
1447 | 433800.0 | 434100.0 | 0.005853 | 0.016699 |   6.999466 |      7 | 0.930794 | 1.200000 | 1.223333 | 1.120000 | 1.240000 |  -3.593060 |      425 |      367 |       57 |   6.999330 |      7 | 0.909765 | 2.284916
1448 | 434100.0 | 434400.0 | 0.005850 | 0.016697 |   6.999330 |      7 | 0.909765 | 1.200000 | 1.136667 | 1.186667 | 1.130000 |   1.696893 |      412 |      341 |       71 |   6.999700 |      7 | 0.919692 | 2.033549
1449 | 434400.0 | 434700.0 | 0.005847 | 0.016696 |   6.999700 |      7 | 0.919692 | 1.200000 | 1.206667 | 1.123333 | 1.060000 |   1.896717 |      424 |      362 |       62 |   6.999661 |      7 | 0.930782 | 1.752708
1450 | 434700.0 | 435000.0 | 0.005845 | 0.016694 |   6.999661 |      7 | 0.930782 | 1.200000 | 1.250000 | 1.110000 | 1.180000 |  -2.096581 |      427 |      375 |       53 |   6.999369 |      7 | 0.918528 | 2.063002
1451 | 435000.0 | 435300.0 | 0.005842 | 0.016692 |   6.999369 |      7 | 0.918528 | 1.200000 | 1.210000 | 1.153333 | 1.116667 |   1.098319 |      424 |      363 |       60 |   6.999311 |      7 | 0.924945 | 1.900524
1452 | 435300.0 | 435600.0 | 0.005840 | 0.016691 |   6.999311 |      7 | 0.924945 | 1.200000 | 1.156667 | 1.170000 | 1.180000 |  -0.299571 |      413 |      347 |       66 |   6.999564 |      7 | 0.923196 | 1.944821
1453 | 435600.0 | 435900.0 | 0.005837 | 0.016689 |   6.999564 |      7 | 0.923196 | 1.200000 | 1.216667 | 1.100000 | 1.110000 |  -0.299601 |      424 |      365 |       59 |   6.999466 |      7 | 0.921447 | 1.989102
1454 | 435900.0 | 436200.0 | 0.005834 | 0.016687 |   6.999466 |      7 | 0.921447 | 1.200000 | 1.146667 | 1.086667 | 1.163333 |  -2.297173 |      413 |      344 |       69 |   6.999777 |      7 | 0.908045 | 2.328470
1455 | 436200.0 | 436500.0 | 0.005832 | 0.016686 |   6.999777 |      7 | 0.908045 | 1.200000 | 1.206667 | 1.246667 | 1.123333 |   3.695821 |      426 |      362 |       64 |   6.999739 |      7 | 0.929597 | 1.782721
1456 | 436500.0 | 436800.0 | 0.005829 | 0.016684 |   6.999739 |      7 | 0.929597 | 1.200000 | 1.170000 | 1.133333 | 1.080000 |   1.598352 |      415 |      351 |       65 |   6.999913 |      7 | 0.938914 | 1.546804
1457 | 436800.0 | 437100.0 | 0.005826 | 0.016682 |   6.999913 |      7 | 0.938914 | 1.200000 | 1.176667 | 0.960000 | 1.210000 |  -7.493022 |      409 |      353 |       55 |   7.000049 |      8 | 0.895257 | 2.652277
1458 | 437100.0 | 437400.0 | 0.005824 | 0.016681 |   7.000049 |      8 | 0.895257 | 1.200000 | 1.283333 | 1.203333 | 1.263333 |  -1.798504 |      470 |      385 |       84 |   6.999564 |      7 | 0.884783 | 2.917498
1459 | 437400.0 | 437700.0 | 0.005821 | 0.016679 |   6.999564 |      7 | 0.884783 | 1.200000 | 1.140000 | 1.003333 | 1.080000 |  -2.298317 |      412 |      342 |       71 |   6.999913 |      7 | 0.871404 | 3.256273
1460 | 437700.0 | 438000.0 | 0.005819 | 0.016677 |   6.999913 |      7 | 0.871404 | 1.200000 | 1.096667 | 1.046667 | 1.166667 |  -3.597724 |      408 |      329 |       79 |   7.000515 |      8 | 0.850471 | 3.786343
1461 | 438000.0 | 438300.0 | 0.005816 | 0.016676 |   7.000515 |      8 | 0.850471 | 1.200000 | 1.210000 | 1.156667 | 1.163333 |  -0.199893 |      458 |      363 |       94 |   7.000456 |      8 | 0.849308 | 3.815781
1462 | 438300.0 | 438600.0 | 0.005813 | 0.016674 |   7.000456 |      8 | 0.849308 | 1.200000 | 1.233333 | 1.216667 | 1.130000 |   2.598872 |      462 |      370 |       92 |   7.000263 |      8 | 0.864416 | 3.433220
1463 | 438600.0 | 438900.0 | 0.005811 | 0.016672 |   7.000263 |      8 | 0.864416 | 1.200000 | 1.263333 | 1.220000 | 1.280000 |  -1.799397 |      467 |      379 |       88 |   6.999895 |      7 | 0.853960 | 3.697978
1464 | 438900.0 | 439200.0 | 0.005808 | 0.016671 |   6.999895 |      7 | 0.853960 | 1.200000 | 1.096667 | 1.056667 | 1.023333 |   0.999764 |      405 |      329 |       77 |   7.000495 |      8 | 0.859767 | 3.550941
1465 | 439200.0 | 439500.0 | 0.005806 | 0.016669 |   7.000495 |      8 | 0.859767 | 1.200000 | 1.283333 | 1.203333 | 1.083333 |   3.599508 |      472 |      385 |       86 |   7.000011 |      8 | 0.880664 | 3.021794
1466 | 439500.0 | 439800.0 | 0.005803 | 0.016667 |   7.000011 |      8 | 0.880664 | 1.200000 | 1.323333 | 1.310000 | 1.243333 |   1.999925 |      476 |      397 |       79 |   6.999295 |      7 | 0.892269 | 2.727926
1467 | 439800.0 | 440100.0 | 0.005800 | 0.016666 |   6.999295 |      7 | 0.892269 | 1.200000 | 1.143333 | 1.240000 | 1.186667 |   1.600098 |      415 |      343 |       73 |   6.999624 |      7 | 0.901550 | 2.492913
1468 | 440100.0 | 440400.0 | 0.005798 | 0.016664 |   6.999624 |      7 | 0.901550 | 1.200000 | 1.183333 | 1.173333 | 1.166667 |   0.200032 |      420 |      355 |       65 |   6.999721 |      7 | 0.902710 | 2.463547
1469 | 440400.0 | 440700.0 | 0.005795 | 0.016662 |   6.999721 |      7 | 0.902710 | 1.200000 | 1.143333 | 1.196667 | 1.070000 |   3.800984 |      415 |      343 |       73 |   7.000049 |      8 | 0.924737 | 1.905780
1470 | 440700.0 | 441000.0 | 0.005793 | 0.016661 |   7.000049 |      8 | 0.924737 | 1.200000 | 1.346667 | 1.206667 | 1.280000 |  -2.200787 |      474 |      404 |       69 |   6.999199 |      7 | 0.911989 | 2.228586
1471 | 441000.0 | 441300.0 | 0.005790 | 0.016659 |   6.999199 |      7 | 0.911989 | 1.200000 | 1.080000 | 1.150000 | 1.123333 |   0.800365 |      402 |      324 |       78 |   6.999894 |      7 | 0.916623 | 2.111242
1472 | 441300.0 | 441600.0 | 0.005787 | 0.016657 |   6.999894 |      7 | 0.916623 | 1.200000 | 1.306667 | 1.220000 | 1.043333 |   5.302941 |      442 |      392 |       50 |   6.999277 |      7 | 0.947313 | 1.334113
1473 | 441600.0 | 441900.0 | 0.005785 | 0.016656 |   6.999277 |      7 | 0.947313 | 1.200000 | 1.110000 | 0.776667 | 1.246667 | -14.109215 |      383 |      333 |       50 |   6.999798 |      7 | 0.865694 | 3.400854
1474 | 441900.0 | 442200.0 | 0.005782 | 0.016654 |   6.999798 |      7 | 0.865694 | 1.200000 | 1.090000 | 1.063333 | 1.136667 |  -2.201655 |      406 |      327 |       79 |   7.000434 |      8 | 0.852964 | 3.723212
1475 | 442200.0 | 442500.0 | 0.005780 | 0.016653 |   7.000434 |      8 | 0.852964 | 1.200000 | 1.203333 | 1.243333 | 1.193333 |   1.501276 |      458 |      361 |       96 |   7.000414 |      8 | 0.861641 | 3.503498
1476 | 442500.0 | 442800.0 | 0.005777 | 0.016651 |   7.000414 |      8 | 0.861641 | 1.200000 | 1.310000 | 1.266667 | 1.186667 |   2.402277 |      475 |      393 |       82 |   6.999779 |      7 | 0.875519 | 3.152078
1477 | 442800.0 | 443100.0 | 0.005775 | 0.016649 |   6.999779 |      7 | 0.875519 | 1.200000 | 1.120000 | 1.166667 | 1.100000 |   2.002095 |      409 |      336 |       74 |   7.000241 |      8 | 0.887080 | 2.859329
1478 | 443100.0 | 443400.0 | 0.005772 | 0.016648 |   7.000241 |      8 | 0.887080 | 1.200000 | 1.306667 | 1.310000 | 1.286667 |   0.700802 |      475 |      392 |       82 |   6.999625 |      7 | 0.891125 | 2.756902
1479 | 443400.0 | 443700.0 | 0.005769 | 0.016646 |   6.999625 |      7 | 0.891125 | 1.200000 | 1.163333 | 1.050000 | 1.050000 |   0.000000 |      417 |      349 |       69 |   6.999837 |      7 | 0.891125 | 2.756902
1480 | 443700.0 | 444000.0 | 0.005767 | 0.016644 |   6.999837 |      7 | 0.891125 | 1.200000 | 1.100000 | 1.143333 | 1.056667 |   2.603489 |      407 |      330 |       77 |   7.000413 |      8 | 0.906139 | 2.376722
1481 | 444000.0 | 444300.0 | 0.005764 | 0.016643 |   7.000413 |      8 | 0.906139 | 1.200000 | 1.320000 | 1.300000 | 1.266667 |   1.001440 |      476 |      396 |       79 |   6.999722 |      7 | 0.911912 | 2.230549
1482 | 444300.0 | 444600.0 | 0.005762 | 0.016641 |   6.999722 |      7 | 0.911912 | 1.200000 | 1.110000 | 1.246667 | 1.143333 |   3.104769 |      406 |      333 |       74 |   7.000240 |      8 | 0.929801 | 1.777571
1483 | 444600.0 | 444900.0 | 0.005759 | 0.016639 |   7.000240 |      8 | 0.929801 | 1.200000 | 1.366667 | 1.133333 | 1.363333 |  -6.911291 |      475 |      410 |       65 |   6.999280 |      7 | 0.889997 | 2.785467
1484 | 444900.0 | 445200.0 | 0.005757 | 0.016638 |   6.999280 |      7 | 0.889997 | 1.200000 | 1.220000 | 1.116667 | 1.033333 |   2.504336 |      428 |      366 |       62 |   6.999165 |      7 | 0.904414 | 2.420413
1485 | 445200.0 | 445500.0 | 0.005754 | 0.016636 |   6.999165 |      7 | 0.904414 | 1.200000 | 1.200000 | 1.153333 | 1.113333 |   1.202199 |      423 |      360 |       63 |   6.999165 |      7 | 0.911331 | 2.245247
1486 | 445500.0 | 445800.0 | 0.005752 | 0.016635 |   6.999165 |      7 | 0.911331 | 1.200000 | 1.116667 | 1.193333 | 1.110000 |   2.504825 |      408 |      335 |       73 |   6.999645 |      7 | 0.925738 | 1.880444
1487 | 445800.0 | 446100.0 | 0.005749 | 0.016633 |   6.999645 |      7 | 0.925738 | 1.200000 | 1.220000 | 1.163333 | 1.206667 |  -1.302636 |      425 |      366 |       59 |   6.999530 |      7 | 0.918249 | 2.070076
1488 | 446100.0 | 446400.0 | 0.005747 | 0.016631 |   6.999530 |      7 | 0.918249 | 1.200000 | 1.123333 | 1.200000 | 1.120000 |   2.405102 |      408 |      337 |       71 |   6.999970 |      7 | 0.932070 | 1.720106
1489 | 446400.0 | 446700.0 | 0.005744 | 0.016630 |   6.999970 |      7 | 0.932070 | 1.200000 | 1.200000 | 1.066667 | 1.056667 |   0.300667 |      420 |      360 |       60 |   6.999970 |      7 | 0.933797 | 1.676375
1490 | 446700.0 | 447000.0 | 0.005741 | 0.016628 |   6.999970 |      7 | 0.933797 | 1.200000 | 1.196667 | 1.066667 | 1.143333 |  -2.305338 |      417 |      359 |       58 |   6.999989 |      7 | 0.920561 | 2.011533
1491 | 447000.0 | 447300.0 | 0.005739 | 0.016626 |   6.999989 |      7 | 0.920561 | 1.200000 | 1.253333 | 1.163333 | 1.183333 |  -0.601451 |      432 |      376 |       56 |   6.999683 |      7 | 0.917109 | 2.098936
1492 | 447300.0 | 447600.0 | 0.005736 | 0.016625 |   6.999683 |      7 | 0.917109 | 1.200000 | 1.150000 | 1.066667 | 1.256667 |  -5.714342 |      413 |      345 |       68 |   6.999970 |      7 | 0.884329 | 2.928976
1493 | 447600.0 | 447900.0 | 0.005734 | 0.016623 |   6.999970 |      7 | 0.884329 | 1.200000 | 1.110000 | 1.196667 | 1.156667 |   1.203136 |      409 |      333 |       76 |   7.000486 |      8 | 0.891228 | 2.754290
1494 | 447900.0 | 448200.0 | 0.005731 | 0.016622 |   7.000486 |      8 | 0.891228 | 1.200000 | 1.356667 | 1.263333 | 1.233333 |   0.902440 |      483 |      407 |       75 |   6.999588 |      7 | 0.896400 | 2.623321
1495 | 448200.0 | 448500.0 | 0.005729 | 0.016620 |   6.999588 |      7 | 0.896400 | 1.200000 | 1.156667 | 1.146667 | 1.146667 |   0.000000 |      415 |      347 |       69 |   6.999836 |      7 | 0.896400 | 2.623321
1496 | 448500.0 | 448800.0 | 0.005726 | 0.016618 |   6.999836 |      7 | 0.896400 | 1.200000 | 1.150000 | 1.186667 | 1.176667 |   0.300872 |      416 |      345 |       72 |   7.000123 |      8 | 0.898123 | 2.579695
1497 | 448800.0 | 449100.0 | 0.005724 | 0.016617 |   7.000123 |      8 | 0.898123 | 1.200000 | 1.296667 | 1.260000 | 1.220000 |   1.203604 |      471 |      389 |       80 |   6.999569 |      7 | 0.905012 | 2.405248
1498 | 449100.0 | 449400.0 | 0.005721 | 0.016615 |   6.999569 |      7 | 0.905012 | 1.200000 | 1.120000 | 1.180000 | 1.133333 |   1.404341 |      409 |      336 |       74 |   7.000027 |      8 | 0.913047 | 2.201796
1499 | 449400.0 | 449700.0 | 0.005719 | 0.016614 |   7.000027 |      8 | 0.913047 | 1.200000 | 1.406667 | 1.390000 | 1.363333 |   0.802558 |      490 |      422 |       67 |   6.998845 |      7 | 0.917637 | 2.085577
1500 | 449700.0 | 450000.0 | 0.005716 | 0.016612 |   6.998845 |      7 | 0.917637 | 1.200000 | 1.106667 | 1.170000 | 1.130000 |   1.203954 |      405 |      332 |       74 |   6.999379 |      7 | 0.924519 | 1.911309
1501 | 450000.0 | 450300.0 | 0.005714 | 0.016610 |   6.999379 |      7 | 0.924519 | 1.200000 | 1.176667 | 1.153333 | 1.180000 |  -0.802713 |      417 |      353 |       64 |   6.999512 |      7 | 0.919932 | 2.027448
1502 | 450300.0 | 450600.0 | 0.005711 | 0.016609 |   6.999512 |      7 | 0.919932 | 1.200000 | 1.070000 | 1.186667 | 1.193333 |  -0.200698 |      398 |      321 |       77 |   7.000255 |      8 | 0.918786 | 2.056473
1503 | 450600.0 | 450900.0 | 0.005709 | 0.016607 |   7.000255 |      8 | 0.918786 | 1.200000 | 1.383333 | 1.396667 | 1.220000 |   5.319004 |      483 |      415 |       67 |   6.999208 |      7 | 0.949151 | 1.287573
1504 | 450900.0 | 451200.0 | 0.005706 | 0.016606 |   6.999208 |      7 | 0.949151 | 1.200000 | 1.090000 | 0.773333 | 1.210000 | -13.148242 |      374 |      327 |       48 |   6.999836 |      7 | 0.874123 | 3.187416
1505 | 451200.0 | 451500.0 | 0.005704 | 0.016604 |   6.999836 |      7 | 0.874123 | 1.200000 | 1.093333 | 1.170000 | 1.050000 |   3.613606 |      405 |      328 |       77 |   7.000444 |      8 | 0.894735 | 2.665499
1506 | 451500.0 | 451800.0 | 0.005701 | 0.016602 |   7.000444 |      8 | 0.894735 | 1.200000 | 1.283333 | 1.356667 | 1.293333 |   1.907365 |      470 |      385 |       84 |   6.999969 |      7 | 0.905609 | 2.390136
1507 | 451800.0 | 452100.0 | 0.005699 | 0.016601 |   6.999969 |      7 | 0.905609 | 1.200000 | 1.183333 | 1.123333 | 1.186667 |  -1.907549 |      420 |      355 |       66 |   7.000064 |      8 | 0.894738 | 2.665406
1508 | 452100.0 | 452400.0 | 0.005696 | 0.016599 |   7.000064 |      8 | 0.894738 | 1.200000 | 1.273333 | 1.360000 | 1.346667 |   0.401628 |      467 |      382 |       84 |   6.999646 |      7 | 0.897026 | 2.607474
1509 | 452400.0 | 452700.0 | 0.005694 | 0.016598 |   6.999646 |      7 | 0.897026 | 1.200000 | 1.133333 | 1.186667 | 1.140000 |   1.405833 |      412 |      340 |       73 |   7.000026 |      8 | 0.905031 | 2.404781
1510 | 452700.0 | 453000.0 | 0.005691 | 0.016596 |   7.000026 |      8 | 0.905031 | 1.200000 | 1.406667 | 1.336667 | 1.253333 |   2.510657 |      490 |      422 |       67 |   6.998849 |      7 | 0.919320 | 2.042953
1511 | 453000.0 | 453300.0 | 0.005689 | 0.016594 |   6.998849 |      7 | 0.919320 | 1.200000 | 1.123333 | 1.163333 | 1.053333 |   3.314386 |      408 |      337 |       72 |   6.999286 |      7 | 0.938176 | 1.565501
1512 | 453300.0 | 453600.0 | 0.005686 | 0.016593 |   6.999286 |      7 | 0.938176 | 1.200000 | 1.043333 | 0.936667 | 1.250000 |  -9.441886 |      385 |      313 |       72 |   7.000177 |      8 | 0.884484 | 2.925055
1513 | 453600.0 | 453900.0 | 0.005684 | 0.016591 |   7.000177 |      8 | 0.884484 | 1.200000 | 1.103333 | 1.276667 | 1.393333 |  -3.515933 |      438 |      331 |      106 |   7.000726 |      8 | 0.864500 | 3.431101
1514 | 453900.0 | 454200.0 | 0.005682 | 0.016590 |   7.000726 |      8 | 0.864500 | 1.200000 | 1.306667 | 1.216667 | 1.123333 |   2.813017 |      473 |      392 |       81 |   7.000120 |      8 | 0.880482 | 3.026401
1515 | 454200.0 | 454500.0 | 0.005679 | 0.016588 |   7.000120 |      8 | 0.880482 | 1.200000 | 1.300000 | 1.306667 | 1.193333 |   3.416133 |      474 |      390 |       84 |   6.999552 |      7 | 0.899883 | 2.535146
1516 | 454500.0 | 454800.0 | 0.005677 | 0.016586 |   6.999552 |      7 | 0.899883 | 1.200000 | 1.120000 | 1.123333 | 1.116667 |   0.200968 |      409 |      336 |       74 |   7.000006 |      8 | 0.901023 | 2.506258
1517 | 454800.0 | 455100.0 | 0.005674 | 0.016585 |   7.000006 |      8 | 0.901023 | 1.200000 | 1.266667 | 1.276667 | 1.323333 |  -1.406913 |      465 |      380 |       84 |   6.999628 |      7 | 0.893040 | 2.708403
1518 | 455100.0 | 455400.0 | 0.005672 | 0.016583 |   6.999628 |      7 | 0.893040 | 1.200000 | 1.190000 | 1.233333 | 1.193333 |   1.206041 |      423 |      357 |       67 |   6.999685 |      7 | 0.899881 | 2.535195
1519 | 455400.0 | 455700.0 | 0.005669 | 0.016582 |   6.999685 |      7 | 0.899881 | 1.200000 | 1.176667 | 1.216667 | 1.146667 |   2.110773 |      419 |      353 |       66 |   6.999817 |      7 | 0.911847 | 2.232181
1520 | 455700.0 | 456000.0 | 0.005667 | 0.016580 |   6.999817 |      7 | 0.911847 | 1.200000 | 1.150000 | 1.170000 | 1.186667 |  -0.502613 |      414 |      345 |       69 |   7.000100 |      8 | 0.908999 | 2.304303
1521 | 456000.0 | 456300.0 | 0.005664 | 0.016578 |   7.000100 |      8 | 0.908999 | 1.200000 | 1.313333 | 1.270000 | 1.306667 |  -1.105854 |      474 |      394 |       79 |   6.999458 |      7 | 0.902735 | 2.462917
1522 | 456300.0 | 456600.0 | 0.005662 | 0.016577 |   6.999458 |      7 | 0.902735 | 1.200000 | 1.123333 | 1.200000 | 1.140000 |   1.809752 |      410 |      337 |       74 |   6.999892 |      7 | 0.912982 | 2.203454
1523 | 456600.0 | 456900.0 | 0.005659 | 0.016575 |   6.999892 |      7 | 0.912982 | 1.200000 | 1.280000 | 1.240000 | 1.090000 |   4.524812 |      438 |      384 |       54 |   6.999440 |      7 | 0.938590 | 1.555012
1524 | 456900.0 | 457200.0 | 0.005657 | 0.016574 |   6.999440 |      7 | 0.938590 | 1.200000 | 1.136667 | 1.006667 | 1.140000 |  -4.022439 |      404 |      341 |       63 |   6.999798 |      7 | 0.915835 | 2.131211
1525 | 457200.0 | 457500.0 | 0.005655 | 0.016572 |   6.999798 |      7 | 0.915835 | 1.200000 | 1.156667 | 1.166667 | 1.083333 |   2.514264 |      415 |      347 |       68 |   7.000043 |      8 | 0.930052 | 1.771208
1526 | 457500.0 | 457800.0 | 0.005652 | 0.016571 |   7.000043 |      8 | 0.930052 | 1.200000 | 1.206667 | 1.120000 | 1.273333 |  -4.626686 |      445 |      362 |       83 |   7.000005 |      8 | 0.903901 | 2.433392
1527 | 457800.0 | 458100.0 | 0.005650 | 0.016569 |   7.000005 |      8 | 0.903901 | 1.200000 | 1.326667 | 1.320000 | 1.323333 |  -0.100590 |      475 |      398 |       76 |   6.999290 |      7 | 0.903333 | 2.447782
1528 | 458100.0 | 458400.0 | 0.005647 | 0.016567 |   6.999290 |      7 | 0.903333 | 1.200000 | 1.176667 | 1.246667 | 1.113333 |   4.023970 |      419 |      353 |       67 |   6.999421 |      7 | 0.926057 | 1.872356
1529 | 458400.0 | 458700.0 | 0.005645 | 0.016566 |   6.999421 |      7 | 0.926057 | 1.200000 | 1.106667 | 1.153333 | 1.106667 |   1.408524 |      404 |      332 |       72 |   6.999948 |      7 | 0.934008 | 1.671024
1530 | 458700.0 | 459000.0 | 0.005642 | 0.016564 |   6.999948 |      7 | 0.934008 | 1.200000 | 1.186667 | 1.000000 | 1.210000 |  -6.338958 |      416 |      356 |       60 |   7.000023 |      8 | 0.898241 | 2.576714
1531 | 459000.0 | 459300.0 | 0.005640 | 0.016563 |   7.000023 |      8 | 0.898241 | 1.200000 | 1.343333 | 1.326667 | 1.233333 |   2.817582 |      479 |      403 |       75 |   6.999215 |      7 | 0.914132 | 2.174320
1532 | 459300.0 | 459600.0 | 0.005638 | 0.016561 |   6.999215 |      7 | 0.914132 | 1.200000 | 1.163333 | 1.263333 | 1.113333 |   4.528686 |      416 |      349 |       68 |   6.999422 |      7 | 0.939663 | 1.527830
1533 | 459600.0 | 459900.0 | 0.005635 | 0.016560 |   6.999422 |      7 | 0.939663 | 1.200000 | 1.160000 | 0.956667 | 1.170000 |  -6.441409 |      406 |      348 |       59 |   6.999647 |      7 | 0.903365 | 2.446975
1534 | 459900.0 | 460200.0 | 0.005633 | 0.016558 |   6.999647 |      7 | 0.903365 | 1.200000 | 1.123333 | 1.150000 | 1.176667 |  -0.805252 |      411 |      337 |       73 |   7.000079 |      8 | 0.898829 | 2.561829
1535 | 460200.0 | 460500.0 | 0.005630 | 0.016556 |   7.000079 |      8 | 0.898829 | 1.200000 | 1.276667 | 1.216667 | 1.293333 |  -2.315320 |      467 |      383 |       83 |   6.999647 |      7 | 0.885793 | 2.891927
1536 | 460500.0 | 460800.0 | 0.005628 | 0.016555 |   6.999647 |      7 | 0.885793 | 1.200000 | 1.096667 | 1.150000 | 1.050000 |   3.020268 |      406 |      329 |       78 |   7.000229 |      8 | 0.902791 | 2.461509
1537 | 460800.0 | 461100.0 | 0.005626 | 0.016553 |   7.000229 |      8 | 0.902791 | 1.200000 | 1.313333 | 1.333333 | 1.343333 |  -0.302055 |      474 |      394 |       79 |   6.999591 |      7 | 0.901091 | 2.504536
1538 | 461100.0 | 461400.0 | 0.005623 | 0.016552 |   6.999591 |      7 | 0.901091 | 1.200000 | 1.196667 | 1.196667 | 1.110000 |   2.618060 |      423 |      359 |       65 |   6.999610 |      7 | 0.915813 | 2.131756
1539 | 461400.0 | 461700.0 | 0.005621 | 0.016550 |   6.999610 |      7 | 0.915813 | 1.200000 | 1.190000 | 1.156667 | 1.120000 |   1.107746 |      422 |      357 |       65 |   6.999666 |      7 | 0.922040 | 1.974093
1540 | 461700.0 | 462000.0 | 0.005618 | 0.016549 |   6.999666 |      7 | 0.922040 | 1.200000 | 1.276667 | 1.120000 | 1.180000 |  -1.812846 |      435 |      383 |       52 |   6.999236 |      7 | 0.911854 | 2.232000
1541 | 462000.0 | 462300.0 | 0.005616 | 0.016547 |   6.999236 |      7 | 0.911854 | 1.200000 | 1.126667 | 1.196667 | 1.106667 |   2.719525 |      410 |      338 |       73 |   6.999647 |      7 | 0.927127 | 1.845268
1542 | 462300.0 | 462600.0 | 0.005614 | 0.016545 |   6.999647 |      7 | 0.927127 | 1.200000 | 1.133333 | 1.116667 | 1.216667 |  -3.021979 |      409 |      340 |       68 |   7.000022 |      8 | 0.910163 | 2.274828
1543 | 462600.0 | 462900.0 | 0.005611 | 0.016544 |   7.000022 |      8 | 0.910163 | 1.200000 | 1.356667 | 1.313333 | 1.366667 |  -1.611874 |      480 |      407 |       72 |   6.999143 |      7 | 0.901118 | 2.503850
1544 | 462900.0 | 463200.0 | 0.005609 | 0.016542 |   6.999143 |      7 | 0.901118 | 1.200000 | 1.140000 | 1.276667 | 1.103333 |   5.239084 |      413 |      342 |       72 |   6.999479 |      7 | 0.930503 | 1.759774
1545 | 463200.0 | 463500.0 | 0.005606 | 0.016541 |   6.999479 |      7 | 0.930503 | 1.200000 | 1.213333 | 1.083333 | 1.220000 |  -4.131205 |      420 |      364 |       56 |   6.999404 |      7 | 0.907342 | 2.346255
1546 | 463500.0 | 463800.0 | 0.005604 | 0.016539 |   6.999404 |      7 | 0.907342 | 1.200000 | 1.120000 | 1.173333 | 1.163333 |   0.302312 |      412 |      336 |       77 |   6.999853 |      7 | 0.909036 | 2.303356
1547 | 463800.0 | 464100.0 | 0.005602 | 0.016538 |   6.999853 |      7 | 0.909036 | 1.200000 | 1.223333 | 1.193333 | 1.120000 |   2.217161 |      428 |      367 |       60 |   6.999722 |      7 | 0.921456 | 1.988868
1548 | 464100.0 | 464400.0 | 0.005599 | 0.016536 |   6.999722 |      7 | 0.921456 | 1.200000 | 1.213333 | 1.183333 | 1.126667 |   1.713421 |      424 |      364 |       60 |   6.999647 |      7 | 0.931050 | 1.745934
1549 | 464400.0 | 464700.0 | 0.005597 | 0.016535 |   6.999647 |      7 | 0.931050 | 1.200000 | 1.240000 | 1.136667 | 1.193333 |  -1.713582 |      428 |      372 |       57 |   6.999423 |      7 | 0.921459 | 1.988787
1550 | 464700.0 | 465000.0 | 0.005594 | 0.016533 |   6.999423 |      7 | 0.921459 | 1.200000 | 1.176667 | 1.176667 | 1.153333 |   0.705659 |      419 |      353 |       65 |   6.999554 |      7 | 0.925407 | 1.888822
1551 | 465000.0 | 465300.0 | 0.005592 | 0.016531 |   6.999554 |      7 | 0.925407 | 1.200000 | 1.196667 | 1.170000 | 1.170000 |   0.000000 |      422 |      359 |       63 |   6.999573 |      7 | 0.925407 | 1.888822
1552 | 465300.0 | 465600.0 | 0.005590 | 0.016530 |   6.999573 |      7 | 0.925407 | 1.200000 | 1.180000 | 1.083333 | 1.146667 |  -1.915719 |      418 |      354 |       64 |   6.999684 |      7 | 0.914699 | 2.159977
1553 | 465600.0 | 465900.0 | 0.005587 | 0.016528 |   6.999684 |      7 | 0.914699 | 1.200000 | 1.153333 | 1.220000 | 1.146667 |   2.218408 |      416 |      346 |       70 |   6.999945 |      7 | 0.927094 | 1.846112
1554 | 465900.0 | 466200.0 | 0.005585 | 0.016527 |   6.999945 |      7 | 0.927094 | 1.200000 | 1.200000 | 1.136667 | 1.113333 |   0.705923 |      420 |      360 |       60 |   6.999945 |      7 | 0.931036 | 1.746278
1555 | 466200.0 | 466500.0 | 0.005583 | 0.016525 |   6.999945 |      7 | 0.931036 | 1.200000 | 1.173333 | 1.086667 | 1.206667 |  -3.630801 |      415 |      352 |       63 |   7.000094 |      8 | 0.910767 | 2.259538
1556 | 466500.0 | 466800.0 | 0.005580 | 0.016524 |   7.000094 |      8 | 0.910767 | 1.200000 | 1.286667 | 1.430000 | 1.336667 |   2.824221 |      468 |      386 |       81 |   6.999610 |      7 | 0.926527 | 1.860467
1557 | 466800.0 | 467100.0 | 0.005578 | 0.016522 |   6.999610 |      7 | 0.926527 | 1.200000 | 1.133333 | 1.116667 | 1.120000 |  -0.100874 |      409 |      340 |       70 |   6.999982 |      7 | 0.925964 | 1.874715
1558 | 467100.0 | 467400.0 | 0.005576 | 0.016521 |   6.999982 |      7 | 0.925964 | 1.200000 | 1.236667 | 1.123333 | 1.220000 |  -2.925632 |      427 |      371 |       56 |   6.999778 |      7 | 0.909652 | 2.287766
1559 | 467400.0 | 467700.0 | 0.005573 | 0.016519 |   6.999778 |      7 | 0.909652 | 1.200000 | 1.160000 | 1.173333 | 1.140000 |   1.008933 |      417 |      348 |       70 |   7.000001 |      8 | 0.915275 | 2.145382
1560 | 467700.0 | 468000.0 | 0.005571 | 0.016518 |   7.000001 |      8 | 0.915275 | 1.200000 | 1.353333 | 1.370000 | 1.330000 |   1.210832 |      480 |      406 |       72 |   6.999147 |      7 | 0.922020 | 1.974576
1561 | 468000.0 | 468300.0 | 0.005569 | 0.016516 |   6.999147 |      7 | 0.922020 | 1.200000 | 1.153333 | 1.200000 | 1.176667 |   0.706384 |      413 |      346 |       69 |   6.999406 |      7 | 0.925954 | 1.874973
1562 | 468300.0 | 468600.0 | 0.005566 | 0.016514 |   6.999406 |      7 | 0.925954 | 1.200000 | 1.126667 | 1.103333 | 1.166667 |  -1.917508 |      408 |      338 |       69 |   6.999815 |      7 | 0.915281 | 2.145237
1563 | 468600.0 | 468900.0 | 0.005564 | 0.016513 |   6.999815 |      7 | 0.915281 | 1.200000 | 1.120000 | 1.173333 | 1.200000 |  -0.807447 |      409 |      336 |       73 |   7.000260 |      8 | 0.910788 | 2.258995
1564 | 468900.0 | 469200.0 | 0.005562 | 0.016511 |   7.000260 |      8 | 0.910788 | 1.200000 | 1.256667 | 1.280000 | 1.293333 |  -0.403761 |      462 |      377 |       84 |   6.999945 |      7 | 0.908543 | 2.315855
1565 | 469200.0 | 469500.0 | 0.005559 | 0.016510 |   6.999945 |      7 | 0.908543 | 1.200000 | 1.103333 | 1.090000 | 1.213333 |  -3.735135 |      405 |      331 |       76 |   7.000482 |      8 | 0.887778 | 2.841642
1566 | 469500.0 | 469800.0 | 0.005557 | 0.016508 |   7.000482 |      8 | 0.887778 | 1.200000 | 1.266667 | 1.353333 | 1.220000 |   4.038359 |      468 |      380 |       86 |   7.000111 |      8 | 0.910219 | 2.273410
1567 | 469800.0 | 470100.0 | 0.005555 | 0.016507 |   7.000111 |      8 | 0.910219 | 1.200000 | 1.326667 | 1.243333 | 1.256667 |  -0.403873 |      474 |      398 |       76 |   6.999408 |      7 | 0.907976 | 2.330215
1568 | 470100.0 | 470400.0 | 0.005552 | 0.016505 |   6.999408 |      7 | 0.907976 | 1.200000 | 1.180000 | 1.223333 | 1.136667 |   2.625420 |      419 |      354 |       66 |   6.999519 |      7 | 0.922552 | 1.961106
1569 | 470400.0 | 470700.0 | 0.005550 | 0.016504 |   6.999519 |      7 | 0.922552 | 1.200000 | 1.166667 | 1.146667 | 1.193333 |  -1.413819 |      415 |      350 |       65 |   6.999704 |      7 | 0.914706 | 2.159792
1570 | 470700.0 | 471000.0 | 0.005548 | 0.016502 |   6.999704 |      7 | 0.914706 | 1.200000 | 1.180000 | 1.113333 | 1.100000 |   0.403986 |      420 |      354 |       66 |   6.999815 |      7 | 0.916947 | 2.103043
1571 | 471000.0 | 471300.0 | 0.005545 | 0.016501 |   6.999815 |      7 | 0.916947 | 1.200000 | 1.230000 | 1.183333 | 1.153333 |   0.909052 |      428 |      369 |       59 |   6.999649 |      7 | 0.921988 | 1.975399
1572 | 471300.0 | 471600.0 | 0.005543 | 0.016499 |   6.999649 |      7 | 0.921988 | 1.200000 | 1.236667 | 1.193333 | 1.200000 |  -0.202030 |      430 |      371 |       59 |   6.999445 |      7 | 0.920868 | 2.003755
1573 | 471600.0 | 471900.0 | 0.005541 | 0.016498 |   6.999445 |      7 | 0.920868 | 1.200000 | 1.123333 | 1.140000 | 1.196667 |  -1.717416 |      407 |      337 |       71 |   6.999870 |      7 | 0.911353 | 2.244702
1574 | 471900.0 | 472200.0 | 0.005538 | 0.016496 |   6.999870 |      7 | 0.911353 | 1.200000 | 1.256667 | 1.166667 | 1.163333 |   0.101034 |      435 |      377 |       57 |   6.999556 |      7 | 0.911912 | 2.230534
1575 | 472200.0 | 472500.0 | 0.005536 | 0.016495 |   6.999556 |      7 | 0.911912 | 1.200000 | 1.163333 | 1.283333 | 1.100000 |   5.557372 |      416 |      349 |       67 |   6.999759 |      7 | 0.942677 | 1.451507
1576 | 472500.0 | 472800.0 | 0.005534 | 0.016493 |   6.999759 |      7 | 0.942677 | 1.200000 | 1.173333 | 0.903333 | 1.130000 |  -6.871566 |      404 |      352 |       52 |   6.999907 |      7 | 0.904653 | 2.414354
1577 | 472800.0 | 473100.0 | 0.005531 | 0.016492 |   6.999907 |      7 | 0.904653 | 1.200000 | 1.163333 | 1.203333 | 1.100000 |   3.132915 |      419 |      349 |       70 |   7.000110 |      8 | 0.921982 | 1.975552
1578 | 473100.0 | 473400.0 | 0.005529 | 0.016490 |   7.000110 |      8 | 0.921982 | 1.200000 | 1.286667 | 1.263333 | 1.280000 |  -0.505355 |      465 |      386 |       78 |   6.999630 |      7 | 0.919188 | 2.046303
1579 | 473400.0 | 473700.0 | 0.005527 | 0.016489 |   6.999630 |      7 | 0.919188 | 1.200000 | 1.140000 | 1.183333 | 1.106667 |   2.324849 |      412 |      342 |       71 |   6.999962 |      7 | 0.932037 | 1.720952
1580 | 473700.0 | 474000.0 | 0.005524 | 0.016487 |   6.999962 |      7 | 0.932037 | 1.200000 | 1.160000 | 0.996667 | 1.116667 |  -3.639229 |      411 |      348 |       63 |   7.000183 |      8 | 0.911932 | 2.230032
1581 | 474000.0 | 474300.0 | 0.005522 | 0.016485 |   7.000183 |      8 | 0.911932 | 1.200000 | 1.380000 | 1.346667 | 1.126667 |   6.672534 |      485 |      414 |       70 |   6.999189 |      7 | 0.948778 | 1.297021
1582 | 474300.0 | 474600.0 | 0.005520 | 0.016484 |   6.999189 |      7 | 0.948778 | 1.200000 | 1.123333 | 0.736667 | 1.230000 | -14.964027 |      377 |      337 |       43 |   6.999612 |      7 | 0.866180 | 3.388548
1583 | 474600.0 | 474900.0 | 0.005517 | 0.016482 |   6.999612 |      7 | 0.866180 | 1.200000 | 1.170000 | 1.093333 | 1.093333 |   0.000000 |      422 |      351 |       69 |   6.999778 |      7 | 0.866180 | 3.388548
1584 | 474900.0 | 475200.0 | 0.005515 | 0.016481 |   6.999778 |      7 | 0.866180 | 1.200000 | 1.033333 | 1.106667 | 1.036667 |   2.123664 |      395 |      310 |       85 |   7.000697 |      8 | 0.877893 | 3.091970
1585 | 475200.0 | 475500.0 | 0.005513 | 0.016479 |   7.000697 |      8 | 0.877893 | 1.200000 | 1.313333 | 1.313333 | 1.213333 |   3.034084 |      476 |      394 |       81 |   7.000072 |      8 | 0.894619 | 2.668424
1586 | 475500.0 | 475800.0 | 0.005511 | 0.016478 |   7.000072 |      8 | 0.894619 | 1.200000 | 1.356667 | 1.266667 | 1.266667 |   0.000000 |      483 |      407 |       76 |   6.999209 |      7 | 0.894619 | 2.668424
1587 | 475800.0 | 476100.0 | 0.005508 | 0.016476 |   6.999209 |      7 | 0.894619 | 1.200000 | 1.116667 | 1.266667 | 1.230000 |   1.112702 |      409 |      335 |       75 |   6.999668 |      7 | 0.900748 | 2.513224
1588 | 476100.0 | 476400.0 | 0.005506 | 0.016475 |   6.999668 |      7 | 0.900748 | 1.200000 | 1.110000 | 1.240000 | 1.173333 |   2.023279 |      407 |      333 |       74 |   7.000163 |      8 | 0.911889 | 2.231133
1589 | 476400.0 | 476700.0 | 0.005504 | 0.016473 |   7.000163 |      8 | 0.911889 | 1.200000 | 1.356667 | 1.370000 | 1.336667 |   1.011732 |      480 |      407 |       72 |   6.999301 |      7 | 0.917457 | 2.090134
1590 | 476700.0 | 477000.0 | 0.005501 | 0.016472 |   6.999301 |      7 | 0.917457 | 1.200000 | 1.273333 | 1.166667 | 1.163333 |   0.101182 |      435 |      382 |       54 |   6.998898 |      7 | 0.918014 | 2.076038
1591 | 477000.0 | 477300.0 | 0.005499 | 0.016470 |   6.998898 |      7 | 0.918014 | 1.200000 | 1.083333 | 1.206667 | 1.136667 |   2.125026 |      402 |      325 |       77 |   6.999539 |      7 | 0.929699 | 1.780130
1592 | 477300.0 | 477600.0 | 0.005497 | 0.016469 |   6.999539 |      7 | 0.929699 | 1.200000 | 1.160000 | 1.120000 | 1.236667 |  -3.542034 |      414 |      348 |       66 |   6.999759 |      7 | 0.910229 | 2.273152
1593 | 477600.0 | 477900.0 | 0.005495 | 0.016467 |   6.999759 |      7 | 0.910229 | 1.200000 | 1.156667 | 1.140000 | 1.180000 |  -1.214523 |      416 |      347 |       69 |   6.999997 |      7 | 0.903556 | 2.442133
1594 | 477900.0 | 478200.0 | 0.005492 | 0.016466 |   6.999997 |      7 | 0.903556 | 1.200000 | 1.200000 | 1.113333 | 1.053333 |   1.821950 |      424 |      360 |       64 |   6.999997 |      7 | 0.913563 | 2.188742
1595 | 478200.0 | 478500.0 | 0.005490 | 0.016464 |   6.999997 |      7 | 0.913563 | 1.200000 | 1.126667 | 1.210000 | 1.116667 |   2.834403 |      410 |      338 |       72 |   7.000400 |      8 | 0.929124 | 1.794706
1596 | 478500.0 | 478800.0 | 0.005488 | 0.016463 |   7.000400 |      8 | 0.929124 | 1.200000 | 1.303333 | 1.156667 | 1.363333 |  -6.276751 |      463 |      391 |       72 |   6.999833 |      7 | 0.894678 | 2.666934
1597 | 478800.0 | 479100.0 | 0.005486 | 0.016461 |   6.999833 |      7 | 0.894678 | 1.200000 | 1.163333 | 0.980000 | 1.093333 |  -3.442403 |      416 |      349 |       67 |   7.000034 |      8 | 0.875794 | 3.145099
1598 | 479100.0 | 479400.0 | 0.005483 | 0.016460 |   7.000034 |      8 | 0.875794 | 1.200000 | 1.270000 | 1.220000 | 1.206667 |   0.405025 |      469 |      381 |       87 |   6.999650 |      7 | 0.878015 | 3.088862
1599 | 479400.0 | 479700.0 | 0.005481 | 0.016458 |   6.999650 |      7 | 0.878015 | 1.200000 | 1.100000 | 1.150000 | 1.133333 |   0.506328 |      407 |      330 |       78 |   7.000198 |      8 | 0.880791 | 3.018589
1600 | 479700.0 | 480000.0 | 0.005479 | 0.016457 |   7.000198 |      8 | 0.880791 | 1.200000 | 1.280000 | 1.270000 | 1.326667 |  -1.721671 |      470 |      384 |       85 |   6.999760 |      7 | 0.871358 | 3.257441
1601 | 480000.0 | 480300.0 | 0.005477 | 0.016455 |   6.999760 |      7 | 0.871358 | 1.200000 | 1.140000 | 1.220000 | 1.026667 |   5.874471 |      413 |      342 |       72 |   7.000088 |      8 | 0.903530 | 2.442795
1602 | 480300.0 | 480600.0 | 0.005474 | 0.016454 |   7.000088 |      8 | 0.903530 | 1.200000 | 1.290000 | 1.196667 | 1.260000 |  -1.924571 |      470 |      387 |       82 |   6.999596 |      7 | 0.892994 | 2.709577
1603 | 480600.0 | 480900.0 | 0.005472 | 0.016452 |   6.999596 |      7 | 0.892994 | 1.200000 | 1.110000 | 1.160000 | 1.163333 |  -0.101302 |      407 |      333 |       75 |   7.000088 |      8 | 0.892440 | 2.723613
1604 | 480900.0 | 481200.0 | 0.005470 | 0.016451 |   7.000088 |      8 | 0.892440 | 1.200000 | 1.280000 | 1.300000 | 1.270000 |   0.911804 |      470 |      384 |       85 |   6.999651 |      7 | 0.897427 | 2.597324
1605 | 481200.0 | 481500.0 | 0.005468 | 0.016449 |   6.999651 |      7 | 0.897427 | 1.200000 | 1.206667 | 1.180000 | 1.110000 |   2.127736 |      424 |      362 |       63 |   6.999614 |      7 | 0.909061 | 2.302744
1606 | 481500.0 | 481800.0 | 0.005465 | 0.016448 |   6.999614 |      7 | 0.909061 | 1.200000 | 1.150000 | 1.276667 | 1.163333 |   3.445218 |      414 |      345 |       71 |   6.999887 |      7 | 0.927890 | 1.825956
1607 | 481800.0 | 482100.0 | 0.005463 | 0.016446 |   6.999887 |      7 | 0.927890 | 1.200000 | 1.150000 | 1.096667 | 1.040000 |   1.722765 |      412 |      345 |       65 |   7.000161 |      8 | 0.937301 | 1.587639
1608 | 482100.0 | 482400.0 | 0.005461 | 0.016445 |   7.000161 |      8 | 0.937301 | 1.200000 | 1.313333 | 1.023333 | 1.273333 |  -7.601122 |      453 |      394 |       60 |   6.999542 |      7 | 0.895793 | 2.638704
1609 | 482400.0 | 482700.0 | 0.005459 | 0.016443 |   6.999542 |      7 | 0.895793 | 1.200000 | 1.106667 | 1.156667 | 1.056667 |   3.040724 |      408 |      332 |       75 |   7.000051 |      8 | 0.912391 | 2.218412
1610 | 482700.0 | 483000.0 | 0.005456 | 0.016442 |   7.000051 |      8 | 0.912391 | 1.200000 | 1.310000 | 1.276667 | 1.256667 |   0.608200 |      472 |      393 |       78 |   6.999451 |      7 | 0.915709 | 2.134380
1611 | 483000.0 | 483300.0 | 0.005454 | 0.016440 |   6.999451 |      7 | 0.915709 | 1.200000 | 1.076667 | 1.200000 | 1.130000 |   2.128891 |      400 |      323 |       78 |   7.000124 |      8 | 0.927321 | 1.840364
1612 | 483300.0 | 483600.0 | 0.005452 | 0.016439 |   7.000124 |      8 | 0.927321 | 1.200000 | 1.336667 | 1.190000 | 1.380000 |  -5.778941 |      472 |      401 |       70 |   6.999379 |      7 | 0.895815 | 2.638154
1613 | 483600.0 | 483900.0 | 0.005450 | 0.016438 |   6.999379 |      7 | 0.895815 | 1.200000 | 1.176667 | 1.116667 | 1.053333 |   1.926487 |      420 |      353 |       68 |   6.999506 |      7 | 0.906313 | 2.372309
1614 | 483900.0 | 484200.0 | 0.005447 | 0.016436 |   6.999506 |      7 | 0.906313 | 1.200000 | 1.206667 | 1.186667 | 1.200000 |  -0.405613 |      424 |      362 |       62 |   6.999469 |      7 | 0.904104 | 2.428259
1615 | 484200.0 | 484500.0 | 0.005445 | 0.016435 |   6.999469 |      7 | 0.904104 | 1.200000 | 1.213333 | 1.183333 | 1.146667 |   1.115536 |      428 |      364 |       64 |   6.999397 |      7 | 0.910178 | 2.274446
1616 | 484500.0 | 484800.0 | 0.005443 | 0.016433 |   6.999397 |      7 | 0.910178 | 1.200000 | 1.203333 | 1.250000 | 1.130000 |   3.651174 |      424 |      361 |       63 |   6.999379 |      7 | 0.930051 | 1.771219
1617 | 484800.0 | 485100.0 | 0.005441 | 0.016432 |   6.999379 |      7 | 0.930051 | 1.200000 | 1.226667 | 1.086667 | 1.110000 |  -0.710014 |      424 |      368 |       56 |   6.999234 |      7 | 0.926188 | 1.869038
1618 | 485100.0 | 485400.0 | 0.005439 | 0.016430 |   6.999234 |      7 | 0.926188 | 1.200000 | 1.226667 | 1.110000 | 1.096667 |   0.405759 |      427 |      368 |       59 |   6.999089 |      7 | 0.928395 | 1.813159
1619 | 485400.0 | 485700.0 | 0.005436 | 0.016429 |   6.999089 |      7 | 0.928395 | 1.200000 | 1.113333 | 1.073333 | 1.233333 |  -4.869546 |      403 |      334 |       69 |   6.999560 |      7 | 0.901923 | 2.483489
1620 | 485700.0 | 486000.0 | 0.005434 | 0.016427 |   6.999560 |      7 | 0.901923 | 1.200000 | 1.116667 | 1.213333 | 1.123333 |   2.739365 |      410 |      335 |       75 |   7.000013 |      8 | 0.916809 | 2.106548
1621 | 486000.0 | 486300.0 | 0.005432 | 0.016426 |   7.000013 |      8 | 0.916809 | 1.200000 | 1.350000 | 1.353333 | 1.333333 |   0.608803 |      478 |      405 |       72 |   6.999198 |      7 | 0.920116 | 2.022810
1622 | 486300.0 | 486600.0 | 0.005430 | 0.016424 |   6.999198 |      7 | 0.920116 | 1.200000 | 1.176667 | 1.173333 | 1.106667 |   2.029524 |      417 |      353 |       65 |   6.999324 |      7 | 0.931135 | 1.743772
1623 | 486600.0 | 486900.0 | 0.005428 | 0.016423 |   6.999324 |      7 | 0.931135 | 1.200000 | 1.153333 | 1.083333 | 1.133333 |  -1.522279 |      413 |      346 |       67 |   6.999578 |      7 | 0.922873 | 1.952984
1624 | 486900.0 | 487200.0 | 0.005425 | 0.016421 |   6.999578 |      7 | 0.922873 | 1.200000 | 1.180000 | 1.173333 | 1.173333 |   0.000000 |      419 |      354 |       65 |   6.999686 |      7 | 0.922873 | 1.952984
1625 | 487200.0 | 487500.0 | 0.005423 | 0.016420 |   6.999686 |      7 | 0.922873 | 1.200000 | 1.223333 | 1.106667 | 1.186667 |  -2.436084 |      424 |      367 |       58 |   6.999560 |      7 | 0.909662 | 2.287513
1626 | 487500.0 | 487800.0 | 0.005421 | 0.016418 |   6.999560 |      7 | 0.909662 | 1.200000 | 1.140000 | 1.176667 | 1.103333 |   2.233277 |      413 |      342 |       70 |   6.999885 |      7 | 0.921768 | 1.980959
1627 | 487800.0 | 488100.0 | 0.005419 | 0.016417 |   6.999885 |      7 | 0.921768 | 1.200000 | 1.196667 | 1.130000 | 1.206667 |  -2.334998 |      421 |      359 |       62 |   6.999903 |      7 | 0.909116 | 2.301346
1628 | 488100.0 | 488400.0 | 0.005417 | 0.016415 |   6.999903 |      7 | 0.909116 | 1.200000 | 1.193333 | 1.120000 | 1.103333 |   0.507654 |      422 |      358 |       64 |   6.999939 |      7 | 0.911865 | 2.231718
1629 | 488400.0 | 488700.0 | 0.005414 | 0.016414 |   6.999939 |      7 | 0.911865 | 1.200000 | 1.126667 | 1.196667 | 1.176667 |   0.609239 |      411 |      338 |       73 |   7.000336 |      8 | 0.915164 | 2.148192
1630 | 488700.0 | 489000.0 | 0.005412 | 0.016412 |   7.000336 |      8 | 0.915164 | 1.200000 | 1.383333 | 1.286667 | 1.183333 |   3.148015 |      484 |      415 |       68 |   6.999344 |      7 | 0.932202 | 1.716774
1631 | 489000.0 | 489300.0 | 0.005410 | 0.016411 |   6.999344 |      7 | 0.932202 | 1.200000 | 1.250000 | 1.023333 | 1.220000 |  -5.991919 |      427 |      375 |       53 |   6.999073 |      7 | 0.899786 | 2.537600
1632 | 489300.0 | 489600.0 | 0.005408 | 0.016410 |   6.999073 |      7 | 0.899786 | 1.200000 | 1.020000 | 1.180000 | 1.103333 |   2.336041 |      391 |      306 |       85 |   7.000047 |      8 | 0.912418 | 2.217718
1633 | 489600.0 | 489900.0 | 0.005406 | 0.016408 |   7.000047 |      8 | 0.912418 | 1.200000 | 1.336667 | 1.330000 | 1.320000 |   0.304728 |      476 |      401 |       74 |   6.999308 |      7 | 0.914066 | 2.176008
1634 | 489900.0 | 490200.0 | 0.005403 | 0.016407 |   6.999308 |      7 | 0.914066 | 1.200000 | 1.356667 | 1.153333 | 1.180000 |  -0.812681 |      453 |      407 |       47 |   6.998462 |      7 | 0.909674 | 2.287201
1635 | 490200.0 | 490500.0 | 0.005401 | 0.016405 |   6.998462 |      7 | 0.909674 | 1.200000 | 1.166667 | 1.183333 | 1.136667 |   1.422318 |      417 |      350 |       67 |   6.998642 |      7 | 0.917357 | 2.092674
1636 | 490500.0 | 490800.0 | 0.005399 | 0.016404 |   6.998642 |      7 | 0.917357 | 1.200000 | 1.270000 | 1.106667 | 1.086667 |   0.609619 |      434 |      381 |       53 |   6.998264 |      7 | 0.920648 | 2.009331
1637 | 490800.0 | 491100.0 | 0.005397 | 0.016402 |   6.998264 |      7 | 0.920648 | 1.200000 | 1.130000 | 1.116667 | 1.106667 |   0.304837 |      410 |      339 |       71 |   6.998641 |      7 | 0.922293 | 1.967673
1638 | 491100.0 | 491400.0 | 0.005395 | 0.016401 |   6.998641 |      7 | 0.922293 | 1.200000 | 1.250000 | 1.236667 | 1.233333 |   0.101621 |      431 |      375 |       56 |   6.998372 |      7 | 0.922841 | 1.953791
1639 | 491400.0 | 491700.0 | 0.005393 | 0.016399 |   6.998372 |      7 | 0.922841 | 1.200000 | 1.210000 | 1.096667 | 1.140000 |  -1.321194 |      424 |      363 |       61 |   6.998318 |      7 | 0.915717 | 2.134197
1640 | 491700.0 | 492000.0 | 0.005390 | 0.016398 |   6.998318 |      7 | 0.915717 | 1.200000 | 1.203333 | 1.190000 | 1.146667 |   1.321311 |      424 |      361 |       63 |   6.998300 |      7 | 0.922839 | 1.953848
1641 | 492000.0 | 492300.0 | 0.005388 | 0.016396 |   6.998300 |      7 | 0.922839 | 1.200000 | 1.250000 | 1.236667 | 1.223333 |   0.406593 |      431 |      375 |       56 |   6.998030 |      7 | 0.925030 | 1.898373
1642 | 492300.0 | 492600.0 | 0.005386 | 0.016395 |   6.998030 |      7 | 0.925030 | 1.200000 | 1.080000 | 1.140000 | 1.213333 |  -2.236462 |      401 |      324 |       77 |   6.998677 |      7 | 0.912984 | 2.203388
1643 | 492600.0 | 492900.0 | 0.005384 | 0.016393 |   6.998677 |      7 | 0.912984 | 1.200000 | 1.146667 | 1.166667 | 1.193333 |  -0.813331 |      412 |      344 |       68 |   6.998964 |      7 | 0.908605 | 2.314268
1644 | 492900.0 | 493200.0 | 0.005382 | 0.016392 |   6.998964 |      7 | 0.908605 | 1.200000 | 1.186667 | 1.120000 | 1.196667 |  -2.338533 |      422 |      356 |       66 |   6.999036 |      7 | 0.896020 | 2.632947
1645 | 493200.0 | 493500.0 | 0.005380 | 0.016391 |   6.999036 |      7 | 0.896020 | 1.200000 | 1.146667 | 1.180000 | 1.200000 |  -0.610106 |      414 |      344 |       70 |   6.999323 |      7 | 0.892738 | 2.716055
1646 | 493500.0 | 493800.0 | 0.005377 | 0.016389 |   6.999323 |      7 | 0.892738 | 1.200000 | 1.090000 | 1.166667 | 1.053333 |   3.457574 |      405 |      327 |       78 |   6.999914 |      7 | 0.911331 | 2.245258
1647 | 493800.0 | 494100.0 | 0.005375 | 0.016388 |   6.999914 |      7 | 0.911331 | 1.200000 | 1.243333 | 1.126667 | 1.113333 |   0.406809 |      431 |      373 |       58 |   6.999681 |      7 | 0.913517 | 2.189888
1648 | 494100.0 | 494400.0 | 0.005373 | 0.016386 |   6.999681 |      7 | 0.913517 | 1.200000 | 1.090000 | 1.170000 | 1.186667 |  -0.508557 |      403 |      327 |       76 |   7.000272 |      8 | 0.910785 | 2.259079
1649 | 494400.0 | 494700.0 | 0.005371 | 0.016385 |   7.000272 |      8 | 0.910785 | 1.200000 | 1.346667 | 1.290000 | 1.390000 |  -3.051610 |      480 |      404 |       75 |   6.999484 |      7 | 0.894395 | 2.674099
1650 | 494700.0 | 495000.0 | 0.005369 | 0.016383 |   6.999484 |      7 | 0.894395 | 1.200000 | 1.120000 | 1.176667 | 1.060000 |   3.560526 |      409 |      336 |       74 |   6.999914 |      7 | 0.913511 | 2.190060
1651 | 495000.0 | 495300.0 | 0.005367 | 0.016382 |   6.999914 |      7 | 0.913511 | 1.200000 | 1.146667 | 1.106667 | 1.080000 |   0.813906 |      414 |      344 |       70 |   7.000200 |      8 | 0.917879 | 2.079457
1652 | 495300.0 | 495600.0 | 0.005364 | 0.016380 |   7.000200 |      8 | 0.917879 | 1.200000 | 1.306667 | 1.236667 | 1.363333 |  -3.866395 |      470 |      392 |       77 |   6.999628 |      7 | 0.897137 | 2.604658
1653 | 495600.0 | 495900.0 | 0.005362 | 0.016379 |   6.999628 |      7 | 0.897137 | 1.200000 | 1.210000 | 1.123333 | 1.116667 |   0.203512 |      426 |      363 |       64 |   6.999574 |      7 | 0.898229 | 2.577025
1654 | 495900.0 | 496200.0 | 0.005360 | 0.016378 |   6.999574 |      7 | 0.898229 | 1.200000 | 1.176667 | 1.180000 | 1.106667 |   2.238834 |      419 |      353 |       66 |   6.999699 |      7 | 0.910229 | 2.273150
1655 | 496200.0 | 496500.0 | 0.005358 | 0.016376 |   6.999699 |      7 | 0.910229 | 1.200000 | 1.170000 | 1.116667 | 1.076667 |   1.221290 |      418 |      351 |       67 |   6.999860 |      7 | 0.916773 | 2.107452
1656 | 496500.0 | 496800.0 | 0.005356 | 0.016375 |   6.999860 |      7 | 0.916773 | 1.200000 | 1.120000 | 1.203333 | 1.190000 |   0.407132 |      409 |      336 |       73 |   7.000289 |      8 | 0.918954 | 2.052236
1657 | 496800.0 | 497100.0 | 0.005354 | 0.016373 |   7.000289 |      8 | 0.918954 | 1.200000 | 1.383333 | 1.353333 | 1.336667 |   0.508960 |      484 |      415 |       68 |   6.999307 |      7 | 0.921678 | 1.983238
1658 | 497100.0 | 497400.0 | 0.005352 | 0.016372 |   6.999307 |      7 | 0.921678 | 1.200000 | 1.126667 | 1.110000 | 1.200000 |  -2.748626 |      408 |      338 |       71 |   6.999700 |      7 | 0.906969 | 2.355712
1659 | 497400.0 | 497700.0 | 0.005350 | 0.016370 |   6.999700 |      7 | 0.906969 | 1.200000 | 1.190000 | 1.250000 | 1.216667 |   1.018099 |      423 |      357 |       66 |   6.999753 |      7 | 0.912415 | 2.217801
1660 | 497700.0 | 498000.0 | 0.005347 | 0.016369 |   6.999753 |      7 | 0.912415 | 1.200000 | 1.263333 | 1.263333 | 1.180000 |   2.545471 |      435 |      379 |       56 |   6.999414 |      7 | 0.926027 | 1.873132
1661 | 498000.0 | 498300.0 | 0.005345 | 0.016368 |   6.999414 |      7 | 0.926027 | 1.200000 | 1.146667 | 1.153333 | 1.236667 |  -2.545694 |      412 |      344 |       68 |   6.999699 |      7 | 0.912419 | 2.217695
1662 | 498300.0 | 498600.0 | 0.005343 | 0.016366 |   6.999699 |      7 | 0.912419 | 1.200000 | 1.110000 | 1.133333 | 1.183333 |  -1.527550 |      407 |      333 |       74 |   7.000180 |      8 | 0.904257 | 2.424368
1663 | 498600.0 | 498900.0 | 0.005341 | 0.016365 |   7.000180 |      8 | 0.904257 | 1.200000 | 1.280000 | 1.323333 | 1.223333 |   3.055369 |      466 |      384 |       81 |   6.999753 |      7 | 0.920576 | 2.011149
1664 | 498900.0 | 499200.0 | 0.005339 | 0.016363 |   6.999753 |      7 | 0.920576 | 1.200000 | 1.260000 | 1.136667 | 1.063333 |   2.240800 |      432 |      378 |       55 |   6.999433 |      7 | 0.932540 | 1.708216
1665 | 499200.0 | 499500.0 | 0.005337 | 0.016362 |   6.999433 |      7 | 0.932540 | 1.200000 | 1.213333 | 1.023333 | 1.220000 |  -6.009943 |      422 |      364 |       58 |   6.999362 |      7 | 0.900466 | 2.520377
1666 | 499500.0 | 499800.0 | 0.005335 | 0.016360 |   6.999362 |      7 | 0.900466 | 1.200000 | 1.116667 | 1.133333 | 1.070000 |   1.935575 |      409 |      335 |       74 |   6.999806 |      7 | 0.910791 | 2.258914
1667 | 499800.0 | 500100.0 | 0.005333 | 0.016359 |   6.999806 |      7 | 0.910791 | 1.200000 | 1.200000 | 1.153333 | 1.126667 |   0.815050 |      422 |      360 |       62 |   6.999806 |      7 | 0.915138 | 2.148859
1668 | 500100.0 | 500400.0 | 0.005330 | 0.016357 |   6.999806 |      7 | 0.915138 | 1.200000 | 1.146667 | 1.123333 | 1.166667 |  -1.324572 |      413 |      344 |       69 |   7.000090 |      8 | 0.908077 | 2.327644
1669 | 500400.0 | 500700.0 | 0.005328 | 0.016356 |   7.000090 |      8 | 0.908077 | 1.200000 | 1.310000 | 1.380000 | 1.413333 |  -1.018990 |      474 |      393 |       80 |   6.999504 |      7 | 0.902648 | 2.465128
1670 | 500700.0 | 501000.0 | 0.005326 | 0.016355 |   6.999504 |      7 | 0.902648 | 1.200000 | 1.286667 | 1.130000 | 1.116667 |   0.407632 |      438 |      386 |       53 |   6.999043 |      7 | 0.904819 | 2.410151
1671 | 501000.0 | 501300.0 | 0.005324 | 0.016353 |   6.999043 |      7 | 0.904819 | 1.200000 | 1.176667 | 1.210000 | 1.203333 |   0.203834 |      420 |      353 |       67 |   6.999167 |      7 | 0.905904 | 2.382672
1672 | 501300.0 | 501600.0 | 0.005322 | 0.016352 |   6.999167 |      7 | 0.905904 | 1.200000 | 1.223333 | 1.133333 | 1.136667 |  -0.101926 |      429 |      367 |       62 |   6.999043 |      7 | 0.905362 | 2.396407
1673 | 501600.0 | 501900.0 | 0.005320 | 0.016350 |   6.999043 |      7 | 0.905362 | 1.200000 | 1.156667 | 1.173333 | 1.113333 |   1.834822 |      415 |      347 |       68 |   6.999273 |      7 | 0.915123 | 2.149240
1674 | 501900.0 | 502200.0 | 0.005318 | 0.016349 |   6.999273 |      7 | 0.915123 | 1.200000 | 1.216667 | 1.176667 | 1.126667 |   1.529152 |      426 |      365 |       61 |   6.999185 |      7 | 0.923254 | 1.943330
1675 | 502200.0 | 502500.0 | 0.005316 | 0.016348 |   6.999185 |      7 | 0.923254 | 1.200000 | 1.226667 | 1.146667 | 1.213333 |  -2.039046 |      425 |      368 |       57 |   6.999043 |      7 | 0.912415 | 2.217792
1676 | 502500.0 | 502800.0 | 0.005314 | 0.016346 |   6.999043 |      7 | 0.912415 | 1.200000 | 1.243333 | 1.146667 | 1.170000 |  -0.713728 |      434 |      373 |       61 |   6.998813 |      7 | 0.908623 | 2.313824
1677 | 502800.0 | 503100.0 | 0.005312 | 0.016345 |   6.998813 |      7 | 0.908623 | 1.200000 | 1.163333 | 1.150000 | 1.333333 |  -5.608352 |      417 |      349 |       68 |   6.999007 |      7 | 0.878834 | 3.068129
1678 | 503100.0 | 503400.0 | 0.005309 | 0.016343 |   6.999007 |      7 | 0.878834 | 1.200000 | 1.170000 | 1.173333 | 1.136667 |   1.121768 |      419 |      351 |       68 |   6.999167 |      7 | 0.884790 | 2.917315
1679 | 503400.0 | 503700.0 | 0.005307 | 0.016342 |   6.999167 |      7 | 0.884790 | 1.200000 | 1.136667 | 1.123333 | 1.113333 |   0.305963 |      415 |      341 |       74 |   6.999503 |      7 | 0.886414 | 2.876196
1680 | 503700.0 | 504000.0 | 0.005305 | 0.016340 |   6.999503 |      7 | 0.886414 | 1.200000 | 1.103333 | 1.116667 | 1.100000 |   0.509983 |      407 |      331 |       76 |   7.000016 |      8 | 0.889119 | 2.807686
1681 | 504000.0 | 504300.0 | 0.005303 | 0.016339 |   7.000016 |      8 | 0.889119 | 1.200000 | 1.306667 | 1.190000 | 1.283333 |  -2.856152 |      475 |      392 |       82 |   6.999450 |      7 | 0.873973 | 3.191225
1682 | 504300.0 | 504600.0 | 0.005301 | 0.016338 |   6.999450 |      7 | 0.873973 | 1.200000 | 1.150000 | 1.196667 | 1.180000 |   0.510071 |      415 |      345 |       71 |   6.999715 |      7 | 0.876677 | 3.122757
1683 | 504600.0 | 504900.0 | 0.005299 | 0.016336 |   6.999715 |      7 | 0.876677 | 1.200000 | 1.170000 | 1.083333 | 1.073333 |   0.306069 |      421 |      351 |       70 |   6.999874 |      7 | 0.878299 | 3.081689
1684 | 504900.0 | 505200.0 | 0.005297 | 0.016335 |   6.999874 |      7 | 0.878299 | 1.200000 | 1.146667 | 1.063333 | 0.976667 |   2.652830 |      414 |      344 |       70 |   7.000156 |      8 | 0.892350 | 2.725872
1685 | 505200.0 | 505500.0 | 0.005295 | 0.016333 |   7.000156 |      8 | 0.892350 | 1.200000 | 1.243333 | 1.243333 | 1.360000 |  -3.571426 |      463 |      373 |       89 |   6.999927 |      7 | 0.873440 | 3.204709
1686 | 505500.0 | 505800.0 | 0.005293 | 0.016332 |   6.999927 |      7 | 0.873440 | 1.200000 | 1.180000 | 1.186667 | 1.166667 |   0.612297 |      422 |      354 |       69 |   7.000033 |      8 | 0.876681 | 3.122648
1687 | 505800.0 | 506100.0 | 0.005291 | 0.016331 |   7.000033 |      8 | 0.876681 | 1.200000 | 1.336667 | 1.453333 | 1.220000 |   7.144087 |      480 |      401 |       78 |   6.999310 |      7 | 0.914478 | 2.165558
1688 | 506100.0 | 506400.0 | 0.005289 | 0.016329 |   6.999310 |      7 | 0.914478 | 1.200000 | 1.096667 | 1.173333 | 1.196667 |  -0.714470 |      404 |      329 |       76 |   6.999856 |      7 | 0.910700 | 2.261238
1689 | 506400.0 | 506700.0 | 0.005287 | 0.016328 |   6.999856 |      7 | 0.910700 | 1.200000 | 1.213333 | 1.203333 | 1.066667 |   4.185116 |      425 |      364 |       61 |   6.999786 |      7 | 0.932825 | 1.700999
1690 | 506700.0 | 507000.0 | 0.005284 | 0.016326 |   6.999786 |      7 | 0.932825 | 1.200000 | 1.266667 | 1.043333 | 1.123333 |  -2.450035 |      432 |      380 |       52 |   6.999434 |      7 | 0.919877 | 2.028844
1691 | 507000.0 | 507300.0 | 0.005282 | 0.016325 |   6.999434 |      7 | 0.919877 | 1.200000 | 1.183333 | 1.063333 | 1.173333 |  -3.369089 |      418 |      355 |       65 |   6.999522 |      7 | 0.902080 | 2.479493
1692 | 507300.0 | 507600.0 | 0.005280 | 0.016323 |   6.999522 |      7 | 0.902080 | 1.200000 | 1.113333 | 1.146667 | 1.140000 |   0.204205 |      409 |      334 |       73 |   6.999979 |      7 | 0.903159 | 2.452189
1693 | 507600.0 | 507900.0 | 0.005278 | 0.016322 |   6.999979 |      7 | 0.903159 | 1.200000 | 1.153333 | 1.126667 | 1.096667 |   0.919001 |      415 |      346 |       69 |   7.000226 |      8 | 0.908009 | 2.329360
1694 | 507900.0 | 508200.0 | 0.005276 | 0.016321 |   7.000226 |      8 | 0.908009 | 1.200000 | 1.313333 | 1.306667 | 1.310000 |  -0.102120 |      472 |      394 |       77 |   6.999628 |      7 | 0.907471 | 2.343003
1695 | 508200.0 | 508500.0 | 0.005274 | 0.016319 |   6.999628 |      7 | 0.907471 | 1.200000 | 1.150000 | 1.136667 | 1.050000 |   2.655348 |      415 |      345 |       71 |   6.999891 |      7 | 0.921475 | 1.988378
1696 | 508500.0 | 508800.0 | 0.005272 | 0.016318 |   6.999891 |      7 | 0.921475 | 1.200000 | 1.153333 | 1.036667 | 1.123333 |  -2.655576 |      413 |      346 |       67 |   7.000137 |      8 | 0.907475 | 2.342896
1697 | 508800.0 | 509100.0 | 0.005270 | 0.016316 |   7.000137 |      8 | 0.907475 | 1.200000 | 1.293333 | 1.326667 | 1.373333 |  -1.430048 |      470 |      388 |       81 |   6.999645 |      7 | 0.899938 | 2.533731
1698 | 509100.0 | 509400.0 | 0.005268 | 0.016315 |   6.999645 |      7 | 0.899938 | 1.200000 | 1.090000 | 1.223333 | 1.186667 |   1.123706 |      404 |      327 |       78 |   7.000225 |      8 | 0.905858 | 2.383834
1699 | 509400.0 | 509700.0 | 0.005266 | 0.016314 |   7.000225 |      8 | 0.905858 | 1.200000 | 1.296667 | 1.303333 | 1.290000 |   0.408655 |      472 |      389 |       82 |   6.999716 |      7 | 0.908010 | 2.329343
1700 | 509700.0 | 510000.0 | 0.005264 | 0.016312 |   6.999716 |      7 | 0.908010 | 1.200000 | 1.176667 | 1.133333 | 1.093333 |   1.226071 |      418 |      353 |       66 |   6.999839 |      7 | 0.914464 | 2.165918
1701 | 510000.0 | 510300.0 | 0.005262 | 0.016311 |   6.999839 |      7 | 0.914464 | 1.200000 | 1.196667 | 1.056667 | 1.086667 |  -0.919632 |      422 |      359 |       63 |   6.999856 |      7 | 0.909625 | 2.288450
1702 | 510300.0 | 510600.0 | 0.005260 | 0.016309 |   6.999856 |      7 | 0.909625 | 1.200000 | 1.020000 | 1.146667 | 1.120000 |   0.817521 |      392 |      306 |       86 |   7.000803 |      8 | 0.913925 | 2.179566
1703 | 510600.0 | 510900.0 | 0.005258 | 0.016308 |   7.000803 |      8 | 0.913925 | 1.200000 | 1.343333 | 1.246667 | 1.316667 |  -2.146176 |      476 |      403 |       74 |   7.000049 |      8 | 0.902641 | 2.465299
1704 | 510900.0 | 511200.0 | 0.005256 | 0.016307 |   7.000049 |      8 | 0.902641 | 1.200000 | 1.300000 | 1.336667 | 1.236667 |   3.066228 |      472 |      390 |       80 |   6.999524 |      7 | 0.918756 | 2.057232
1705 | 511200.0 | 511500.0 | 0.005254 | 0.016305 |   6.999524 |      7 | 0.918756 | 1.200000 | 1.133333 | 1.113333 | 1.166667 |  -1.635461 |      410 |      340 |       71 |   6.999874 |      7 | 0.910164 | 2.274802
1706 | 511500.0 | 511800.0 | 0.005252 | 0.016304 |   6.999874 |      7 | 0.910164 | 1.200000 | 1.083333 | 1.150000 | 1.120000 |   0.920026 |      402 |      325 |       77 |   7.000487 |      8 | 0.914996 | 2.152456
1707 | 511800.0 | 512100.0 | 0.005250 | 0.016303 |   7.000487 |      8 | 0.914996 | 1.200000 | 1.350000 | 1.273333 | 1.403333 |  -3.987118 |      479 |      405 |       73 |   6.999699 |      7 | 0.894065 | 2.682463
1708 | 512100.0 | 512400.0 | 0.005248 | 0.016301 |   6.999699 |      7 | 0.894065 | 1.200000 | 1.246667 | 1.076667 | 1.013333 |   1.942608 |      433 |      374 |       60 |   6.999454 |      7 | 0.904259 | 2.424332
1709 | 512400.0 | 512700.0 | 0.005246 | 0.016300 |   6.999454 |      7 | 0.904259 | 1.200000 | 1.196667 | 1.180000 | 1.076667 |   3.169789 |      423 |      359 |       64 |   6.999472 |      7 | 0.920886 | 2.003299
1710 | 512700.0 | 513000.0 | 0.005244 | 0.016298 |   6.999472 |      7 | 0.920886 | 1.200000 | 1.183333 | 1.213333 | 1.226667 |  -0.409040 |      419 |      355 |       64 |   6.999559 |      7 | 0.918741 | 2.057609
1711 | 513000.0 | 513300.0 | 0.005242 | 0.016297 |   6.999559 |      7 | 0.918741 | 1.200000 | 1.233333 | 1.110000 | 1.080000 |   0.920418 |      427 |      370 |       57 |   6.999385 |      7 | 0.923566 | 1.935448
1712 | 513300.0 | 513600.0 | 0.005239 | 0.016296 |   6.999385 |      7 | 0.923566 | 1.200000 | 1.166667 | 1.253333 | 1.110000 |   4.397928 |      416 |      350 |       67 |   6.999559 |      7 | 0.946609 | 1.351961
1713 | 513600.0 | 513900.0 | 0.005237 | 0.016294 |   6.999559 |      7 | 0.946609 | 1.200000 | 1.050000 | 0.796667 | 1.176667 | -11.660615 |      376 |      315 |       60 |   7.000345 |      8 | 0.885537 | 2.898412
1714 | 513900.0 | 514200.0 | 0.005235 | 0.016293 |   7.000345 |      8 | 0.885537 | 1.200000 | 1.263333 | 1.300000 | 1.246667 |   1.636717 |      468 |      379 |       88 |   7.000013 |      8 | 0.894105 | 2.681432
1715 | 514200.0 | 514500.0 | 0.005233 | 0.016291 |   7.000013 |      8 | 0.894105 | 1.200000 | 1.290000 | 1.240000 | 1.286667 |  -1.432249 |      469 |      387 |       82 |   6.999542 |      7 | 0.886610 | 2.871233
1716 | 514500.0 | 514800.0 | 0.005231 | 0.016290 |   6.999542 |      7 | 0.886610 | 1.200000 | 1.086667 | 1.173333 | 1.093333 |   2.455492 |      404 |      326 |       79 |   7.000135 |      8 | 0.899456 | 2.545958
1717 | 514800.0 | 515100.0 | 0.005229 | 0.016289 |   7.000135 |      8 | 0.899456 | 1.200000 | 1.403333 | 1.316667 | 1.320000 |  -0.102321 |      491 |      421 |       69 |   6.999072 |      7 | 0.898920 | 2.559507
1718 | 515100.0 | 515400.0 | 0.005227 | 0.016287 |   6.999072 |      7 | 0.898920 | 1.200000 | 1.123333 | 1.190000 | 1.153333 |   1.125625 |      409 |      337 |       73 |   6.999473 |      7 | 0.904805 | 2.410512
1719 | 515400.0 | 515700.0 | 0.005225 | 0.016286 |   6.999473 |      7 | 0.904805 | 1.200000 | 1.200000 | 1.206667 | 1.206667 |   0.000000 |      424 |      360 |       64 |   6.999473 |      7 | 0.904805 | 2.410512
1720 | 515700.0 | 516000.0 | 0.005223 | 0.016284 |   6.999473 |      7 | 0.904805 | 1.200000 | 1.070000 | 1.140000 | 1.183333 |  -1.330510 |      402 |      321 |       81 |   7.000152 |      8 | 0.897855 | 2.586491
1721 | 516000.0 | 516300.0 | 0.005221 | 0.016283 |   7.000152 |      8 | 0.897855 | 1.200000 | 1.333333 | 1.293333 | 1.286667 |   0.204711 |      477 |      400 |       76 |   6.999455 |      7 | 0.898924 | 2.559426
1722 | 516300.0 | 516600.0 | 0.005219 | 0.016282 |   6.999455 |      7 | 0.898924 | 1.200000 | 1.143333 | 1.153333 | 1.146667 |   0.204728 |      414 |      343 |       72 |   6.999751 |      7 | 0.899992 | 2.532368
1723 | 516600.0 | 516900.0 | 0.005217 | 0.016280 |   6.999751 |      7 | 0.899992 | 1.200000 | 1.230000 | 1.116667 | 1.066667 |   1.535594 |      430 |      369 |       61 |   6.999595 |      7 | 0.908004 | 2.329498
1724 | 516900.0 | 517200.0 | 0.005215 | 0.016279 |   6.999595 |      7 | 0.908004 | 1.200000 | 1.193333 | 1.206667 | 1.213333 |  -0.204763 |      422 |      358 |       64 |   6.999629 |      7 | 0.906936 | 2.356539
1725 | 517200.0 | 517500.0 | 0.005213 | 0.016278 |   6.999629 |      7 | 0.906936 | 1.200000 | 1.106667 | 1.140000 | 1.133333 |   0.204780 |      407 |      332 |       75 |   7.000116 |      8 | 0.908004 | 2.329506
1726 | 517500.0 | 517800.0 | 0.005211 | 0.016276 |   7.000116 |      8 | 0.908004 | 1.200000 | 1.403333 | 1.313333 | 1.263333 |   1.535983 |      488 |      421 |       66 |   6.999056 |      7 | 0.916008 | 2.126817
1727 | 517800.0 | 518100.0 | 0.005209 | 0.016275 |   6.999056 |      7 | 0.916008 | 1.200000 | 1.233333 | 1.143333 | 1.063333 |   2.457781 |      428 |      370 |       59 |   6.998883 |      7 | 0.928812 | 1.802613
1728 | 518100.0 | 518400.0 | 0.005207 | 0.016273 |   6.998883 |      7 | 0.928812 | 1.200000 | 1.193333 | 1.150000 | 1.070000 |   2.457988 |      419 |      358 |       61 |   6.998917 |      7 | 0.941611 | 1.478505
1729 | 518400.0 | 518700.0 | 0.005205 | 0.016272 |   6.998917 |      7 | 0.941611 | 1.200000 | 1.180000 | 0.920000 | 1.256667 | -10.344905 |      406 |      354 |       53 |   6.999022 |      7 | 0.887762 | 2.842052
1730 | 518700.0 | 519000.0 | 0.005203 | 0.016271 |   6.999022 |      7 | 0.887762 | 1.200000 | 1.206667 | 1.263333 | 1.113333 |   4.609505 |      427 |      362 |       64 |   6.998987 |      7 | 0.911747 | 2.234712
1731 | 519000.0 | 519300.0 | 0.005201 | 0.016269 |   6.998987 |      7 | 0.911747 | 1.200000 | 1.203333 | 1.213333 | 1.053333 |   4.917219 |      423 |      361 |       62 |   6.998970 |      7 | 0.937324 | 1.587076
1732 | 519300.0 | 519600.0 | 0.005199 | 0.016268 |   6.998970 |      7 | 0.937324 | 1.200000 | 1.116667 | 0.983333 | 1.133333 |  -4.610281 |      401 |      335 |       66 |   6.999403 |      7 | 0.913353 | 2.194054
1733 | 519600.0 | 519900.0 | 0.005197 | 0.016267 |   6.999403 |      7 | 0.913353 | 1.200000 | 1.103333 | 1.330000 | 1.153333 |   5.430344 |      405 |      331 |       75 |   6.999905 |      7 | 0.941577 | 1.479382
1734 | 519900.0 | 520200.0 | 0.005195 | 0.016265 |   6.999905 |      7 | 0.941577 | 1.200000 | 1.190000 | 0.913333 | 1.210000 |  -9.119646 |      409 |      357 |       52 |   6.999957 |      7 | 0.894196 | 2.679134
1735 | 520200.0 | 520500.0 | 0.005193 | 0.016264 |   6.999957 |      7 | 0.894196 | 1.200000 | 1.176667 | 1.223333 | 1.170000 |   1.639625 |      420 |      353 |       66 |   7.000078 |      8 | 0.902711 | 2.463512
1736 | 520500.0 | 520800.0 | 0.005191 | 0.016263 |   7.000078 |      8 | 0.902711 | 1.200000 | 1.400000 | 1.286667 | 1.273333 |   0.409941 |      489 |      420 |       68 |   6.999040 |      7 | 0.904840 | 2.409623
1737 | 520800.0 | 521100.0 | 0.005189 | 0.016261 |   6.999040 |      7 | 0.904840 | 1.200000 | 1.126667 | 1.236667 | 1.190000 |   1.434913 |      410 |      338 |       73 |   6.999421 |      7 | 0.912286 | 2.221066
1738 | 521100.0 | 521400.0 | 0.005188 | 0.016260 |   6.999421 |      7 | 0.912286 | 1.200000 | 1.113333 | 1.200000 | 1.173333 |   0.820019 |      408 |      334 |       74 |   6.999870 |      7 | 0.916540 | 2.113352
1739 | 521400.0 | 521700.0 | 0.005186 | 0.016258 |   6.999870 |      7 | 0.916540 | 1.200000 | 1.203333 | 1.173333 | 1.123333 |   1.537664 |      423 |      361 |       62 |   6.999853 |      7 | 0.924514 | 1.911446
1740 | 521700.0 | 522000.0 | 0.005184 | 0.016257 |   6.999853 |      7 | 0.924514 | 1.200000 | 1.196667 | 1.060000 | 1.063333 |  -0.102520 |      420 |      359 |       61 |   6.999870 |      7 | 0.923982 | 1.924903
1741 | 522000.0 | 522300.0 | 0.005182 | 0.016256 |   6.999870 |      7 | 0.923982 | 1.200000 | 1.153333 | 1.160000 | 1.150000 |   0.307584 |      413 |      346 |       68 |   7.000112 |      8 | 0.925576 | 1.884546
1742 | 522300.0 | 522600.0 | 0.005180 | 0.016254 |   7.000112 |      8 | 0.925576 | 1.200000 | 1.440000 | 1.260000 | 1.303333 |  -1.332977 |      491 |      432 |       57 |   6.998869 |      7 | 0.918672 | 2.059374
1743 | 522600.0 | 522900.0 | 0.005178 | 0.016253 |   6.998869 |      7 | 0.918672 | 1.200000 | 1.093333 | 1.263333 | 1.170000 |   2.871269 |      402 |      328 |       76 |   6.999421 |      7 | 0.933538 | 1.682931
1744 | 522900.0 | 523200.0 | 0.005176 | 0.016252 |   6.999421 |      7 | 0.933538 | 1.200000 | 1.180000 | 1.050000 | 1.186667 |  -4.204709 |      415 |      354 |       60 |   6.999525 |      7 | 0.911776 | 2.233988
1745 | 523200.0 | 523500.0 | 0.005174 | 0.016250 |   6.999525 |      7 | 0.911776 | 1.200000 | 1.173333 | 1.153333 | 1.126667 |   0.820500 |      418 |      352 |       66 |   6.999663 |      7 | 0.916021 | 2.126497
1746 | 523500.0 | 523800.0 | 0.005172 | 0.016249 |   6.999663 |      7 | 0.916021 | 1.200000 | 1.063333 | 1.153333 | 1.150000 |   0.102571 |      398 |      319 |       79 |   7.000370 |      8 | 0.916551 | 2.113064
1747 | 523800.0 | 524100.0 | 0.005170 | 0.016248 |   7.000370 |      8 | 0.916551 | 1.200000 | 1.380000 | 1.300000 | 1.346667 |  -1.436114 |      485 |      414 |       70 |   6.999439 |      7 | 0.909127 | 2.301063
1748 | 524100.0 | 524400.0 | 0.005168 | 0.016246 |   6.999439 |      7 | 0.909127 | 1.200000 | 1.193333 | 1.206667 | 1.133333 |   2.256939 |      420 |      358 |       64 |   6.999473 |      7 | 0.920790 | 2.005724
1749 | 524400.0 | 524700.0 | 0.005166 | 0.016245 |   6.999473 |      7 | 0.920790 | 1.200000 | 1.163333 | 1.170000 | 1.060000 |   3.385691 |      414 |      349 |       65 |   6.999663 |      7 | 0.938280 | 1.562845
1750 | 524700.0 | 525000.0 | 0.005164 | 0.016243 |   6.999663 |      7 | 0.938280 | 1.200000 | 1.203333 | 1.033333 | 1.143333 |  -3.385974 |      417 |      361 |       56 |   6.999646 |      7 | 0.920796 | 2.005593
1751 | 525000.0 | 525300.0 | 0.005162 | 0.016242 |   6.999646 |      7 | 0.920796 | 1.200000 | 1.226667 | 1.140000 | 1.130000 |   0.307841 |      426 |      368 |       57 |   6.999508 |      7 | 0.922385 | 1.965355
1752 | 525300.0 | 525600.0 | 0.005160 | 0.016241 |   6.999508 |      7 | 0.922385 | 1.200000 | 1.153333 | 1.183333 | 1.240000 |  -1.744580 |      414 |      346 |       68 |   6.999749 |      7 | 0.913383 | 2.193303
1753 | 525600.0 | 525900.0 | 0.005158 | 0.016239 |   6.999749 |      7 | 0.913383 | 1.200000 | 1.273333 | 1.110000 | 1.133333 |  -0.718416 |      438 |      382 |       56 |   6.999371 |      7 | 0.909677 | 2.287136
1754 | 525900.0 | 526200.0 | 0.005156 | 0.016238 |   6.999371 |      7 | 0.909677 | 1.200000 | 1.133333 | 1.263333 | 1.033333 |   7.082121 |      410 |      340 |       71 |   6.999714 |      7 | 0.946193 | 1.362481
1755 | 526200.0 | 526500.0 | 0.005154 | 0.016237 |   6.999714 |      7 | 0.946193 | 1.200000 | 1.083333 | 0.823333 | 1.216667 | -12.112459 |      383 |      325 |       59 |   7.000316 |      8 | 0.883763 | 2.943310
1756 | 526500.0 | 526800.0 | 0.005152 | 0.016235 |   7.000316 |      8 | 0.883763 | 1.200000 | 1.220000 | 1.330000 | 1.336667 |  -0.205313 |      460 |      366 |       91 |   7.000213 |      8 | 0.882706 | 2.970096
1757 | 526800.0 | 527100.0 | 0.005150 | 0.016234 |   7.000213 |      8 | 0.882706 | 1.200000 | 1.290000 | 1.316667 | 1.230000 |   2.669290 |      470 |      387 |       83 |   6.999749 |      7 | 0.896453 | 2.621982
1758 | 527100.0 | 527400.0 | 0.005148 | 0.016233 |   6.999749 |      7 | 0.896453 | 1.200000 | 1.183333 | 1.093333 | 1.193333 |  -3.080206 |      420 |      355 |       66 |   6.999835 |      7 | 0.880595 | 3.023534
1759 | 527400.0 | 527700.0 | 0.005146 | 0.016231 |   6.999835 |      7 | 0.880595 | 1.200000 | 1.213333 | 1.070000 | 1.093333 |  -0.718774 |      428 |      364 |       64 |   6.999766 |      7 | 0.876896 | 3.117201
1760 | 527700.0 | 528000.0 | 0.005144 | 0.016230 |   6.999766 |      7 | 0.876896 | 1.200000 | 1.123333 | 1.120000 | 1.103333 |   0.513453 |      412 |      337 |       75 |   7.000161 |      8 | 0.879538 | 3.050315
1761 | 528000.0 | 528300.0 | 0.005143 | 0.016229 |   7.000161 |      8 | 0.879538 | 1.200000 | 1.276667 | 1.350000 | 1.303333 |   1.437787 |      469 |      383 |       85 |   6.999766 |      7 | 0.886931 | 2.863090
1762 | 528300.0 | 528600.0 | 0.005141 | 0.016227 |   6.999766 |      7 | 0.886931 | 1.200000 | 1.146667 | 1.173333 | 1.010000 |   5.032671 |      415 |      344 |       72 |   7.000040 |      8 | 0.912802 | 2.207992
1763 | 528600.0 | 528900.0 | 0.005139 | 0.016226 |   7.000040 |      8 | 0.912802 | 1.200000 | 1.270000 | 1.296667 | 1.316667 |  -0.616296 |      463 |      381 |       81 |   6.999681 |      7 | 0.909635 | 2.288185
1764 | 528900.0 | 529200.0 | 0.005137 | 0.016225 |   6.999681 |      7 | 0.909635 | 1.200000 | 1.186667 | 1.133333 | 1.096667 |   1.129970 |      421 |      356 |       66 |   6.999749 |      7 | 0.915440 | 2.141208
1765 | 529200.0 | 529500.0 | 0.005135 | 0.016223 |   6.999749 |      7 | 0.915440 | 1.200000 | 1.150000 | 1.300000 | 1.166667 |   4.109323 |      412 |      345 |       67 |   7.000006 |      8 | 0.936540 | 1.606904
1766 | 529500.0 | 529800.0 | 0.005133 | 0.016222 |   7.000006 |      8 | 0.936540 | 1.200000 | 1.276667 | 1.013333 | 1.393333 | -11.712537 |      450 |      383 |       68 |   6.999612 |      7 | 0.876421 | 3.129225
1767 | 529800.0 | 530100.0 | 0.005131 | 0.016221 |   6.999612 |      7 | 0.876421 | 1.200000 | 1.133333 | 1.223333 | 1.143333 |   2.466001 |      414 |      340 |       73 |   6.999955 |      7 | 0.889074 | 2.808830
1768 | 530100.0 | 530400.0 | 0.005129 | 0.016219 |   6.999955 |      7 | 0.889074 | 1.200000 | 1.156667 | 1.170000 | 1.103333 |   2.055170 |      417 |      347 |       70 |   7.000177 |      8 | 0.899615 | 2.541912
1769 | 530400.0 | 530700.0 | 0.005127 | 0.016218 |   7.000177 |      8 | 0.899615 | 1.200000 | 1.376667 | 1.330000 | 1.403333 |  -2.260874 |      486 |      413 |       72 |   6.999271 |      7 | 0.888024 | 2.835436
1770 | 530700.0 | 531000.0 | 0.005125 | 0.016217 |   6.999271 |      7 | 0.888024 | 1.200000 | 1.190000 | 1.140000 | 1.140000 |   0.000000 |      423 |      357 |       67 |   6.999322 |      7 | 0.888024 | 2.835436
1771 | 531000.0 | 531300.0 | 0.005123 | 0.016215 |   6.999322 |      7 | 0.888024 | 1.200000 | 1.106667 | 1.203333 | 1.110000 |   2.877950 |      408 |      332 |       76 |   6.999800 |      7 | 0.902768 | 2.462078
1772 | 531300.0 | 531600.0 | 0.005121 | 0.016214 |   6.999800 |      7 | 0.902768 | 1.200000 | 1.170000 | 1.176667 | 1.073333 |   3.186564 |      417 |      351 |       66 |   6.999954 |      7 | 0.919088 | 2.048839
1773 | 531600.0 | 531900.0 | 0.005119 | 0.016213 |   6.999954 |      7 | 0.919088 | 1.200000 | 1.163333 | 1.133333 | 1.190000 |  -1.747615 |      417 |      349 |       68 |   7.000142 |      8 | 0.910141 | 2.275388
1774 | 531900.0 | 532200.0 | 0.005118 | 0.016211 |   7.000142 |      8 | 0.910141 | 1.200000 | 1.276667 | 1.380000 | 1.300000 |   2.467424 |      465 |      383 |       81 |   6.999749 |      7 | 0.922768 | 1.955647
1775 | 532200.0 | 532500.0 | 0.005116 | 0.016210 |   6.999749 |      7 | 0.922768 | 1.200000 | 1.280000 | 1.186667 | 1.060000 |   3.907075 |      437 |      384 |       54 |   6.999340 |      7 | 0.942755 | 1.449538
1776 | 532500.0 | 532800.0 | 0.005114 | 0.016209 |   6.999340 |      7 | 0.942755 | 1.200000 | 1.106667 | 0.923333 | 1.156667 |  -7.197835 |      393 |      332 |       61 |   6.999817 |      7 | 0.905947 | 2.381573
1777 | 532800.0 | 533100.0 | 0.005112 | 0.016207 |   6.999817 |      7 | 0.905947 | 1.200000 | 1.173333 | 1.256667 | 1.173333 |   2.570867 |      419 |      352 |       67 |   6.999954 |      7 | 0.919089 | 2.048800
1778 | 533100.0 | 533400.0 | 0.005110 | 0.016206 |   6.999954 |      7 | 0.919089 | 1.200000 | 1.213333 | 1.090000 | 1.136667 |  -1.439803 |      425 |      364 |       61 |   6.999886 |      7 | 0.911732 | 2.235099
1779 | 533400.0 | 533700.0 | 0.005108 | 0.016205 |   6.999886 |      7 | 0.911732 | 1.200000 | 1.193333 | 1.173333 | 1.143333 |   0.925664 |      422 |      358 |       64 |   6.999920 |      7 | 0.916460 | 2.115370
1780 | 533700.0 | 534000.0 | 0.005106 | 0.016203 |   6.999920 |      7 | 0.916460 | 1.200000 | 1.236667 | 1.186667 | 1.086667 |   3.085799 |      430 |      371 |       59 |   6.999733 |      7 | 0.932217 | 1.716391
1781 | 534000.0 | 534300.0 | 0.005104 | 0.016202 |   6.999733 |      7 | 0.932217 | 1.200000 | 1.190000 | 1.096667 | 1.220000 |  -3.806131 |      416 |      357 |       60 |   6.999784 |      7 | 0.912789 | 2.208323
1782 | 534300.0 | 534600.0 | 0.005102 | 0.016201 |   6.999784 |      7 | 0.912789 | 1.200000 | 1.100000 | 1.186667 | 1.113333 |   2.263290 |      407 |      330 |       76 |   7.000294 |      8 | 0.924337 | 1.915908
1783 | 534600.0 | 534900.0 | 0.005100 | 0.016199 |   7.000294 |      8 | 0.924337 | 1.200000 | 1.326667 | 1.186667 | 1.276667 |  -2.777902 |      471 |      398 |       72 |   6.999648 |      7 | 0.910169 | 2.274676
1784 | 534900.0 | 535200.0 | 0.005099 | 0.016198 |   6.999648 |      7 | 0.910169 | 1.200000 | 1.116667 | 1.216667 | 1.146667 |   2.160767 |      407 |      335 |       73 |   7.000073 |      8 | 0.921186 | 1.995715
1785 | 535200.0 | 535500.0 | 0.005097 | 0.016197 |   7.000073 |      8 | 0.921186 | 1.200000 | 1.263333 | 1.236667 | 1.266667 |  -0.926119 |      460 |      379 |       80 |   6.999750 |      7 | 0.916466 | 2.115235
1786 | 535500.0 | 535800.0 | 0.005095 | 0.016195 |   6.999750 |      7 | 0.916466 | 1.200000 | 1.213333 | 1.263333 | 1.126667 |   4.219330 |      426 |      364 |       63 |   6.999682 |      7 | 0.937962 | 1.570911
1787 | 535800.0 | 536100.0 | 0.005093 | 0.016194 |   6.999682 |      7 | 0.937962 | 1.200000 | 1.196667 | 1.020000 | 1.183333 |  -5.043026 |      414 |      359 |       55 |   6.999699 |      7 | 0.912279 | 2.221257
1788 | 536100.0 | 536400.0 | 0.005091 | 0.016193 |   6.999699 |      7 | 0.912279 | 1.200000 | 1.156667 | 1.216667 | 1.203333 |   0.411709 |      416 |      347 |       69 |   6.999919 |      7 | 0.914375 | 2.168182
1789 | 536400.0 | 536700.0 | 0.005089 | 0.016191 |   6.999919 |      7 | 0.914375 | 1.200000 | 1.193333 | 1.176667 | 1.090000 |   2.676328 |      422 |      358 |       64 |   6.999953 |      7 | 0.927995 | 1.823301
1790 | 536700.0 | 537000.0 | 0.005087 | 0.016190 |   6.999953 |      7 | 0.927995 | 1.200000 | 1.213333 | 1.146667 | 1.176667 |  -0.926497 |      422 |      364 |       58 |   6.999886 |      7 | 0.923281 | 1.942648
1791 | 537000.0 | 537300.0 | 0.005085 | 0.016189 |   6.999886 |      7 | 0.923281 | 1.200000 | 1.183333 | 1.090000 | 1.166667 |  -2.367907 |      418 |      355 |       63 |   6.999970 |      7 | 0.911240 | 2.247560
1792 | 537300.0 | 537600.0 | 0.005083 | 0.016187 |   6.999970 |      7 | 0.911240 | 1.200000 | 1.236667 | 1.246667 | 1.170000 |   2.368100 |      430 |      371 |       59 |   6.999784 |      7 | 0.923278 | 1.942736
1793 | 537600.0 | 537900.0 | 0.005082 | 0.016186 |   6.999784 |      7 | 0.923278 | 1.200000 | 1.203333 | 1.210000 | 1.093333 |   3.603924 |      422 |      361 |       62 |   6.999767 |      7 | 0.941591 | 1.479008
1794 | 537900.0 | 538200.0 | 0.005080 | 0.016185 |   6.999767 |      7 | 0.941591 | 1.200000 | 1.106667 | 0.950000 | 1.156667 |  -6.384613 |      395 |      332 |       62 |   7.000241 |      8 | 0.909160 | 2.300233
1795 | 538200.0 | 538500.0 | 0.005078 | 0.016183 |   7.000241 |      8 | 0.909160 | 1.200000 | 1.353333 | 1.270000 | 1.273333 |  -0.102986 |      480 |      406 |       73 |   6.999463 |      7 | 0.908637 | 2.313474
1796 | 538500.0 | 538800.0 | 0.005076 | 0.016182 |   6.999463 |      7 | 0.908637 | 1.200000 | 1.196667 | 1.196667 | 1.106667 |   2.780848 |      422 |      359 |       64 |   6.999479 |      7 | 0.922752 | 1.956050
1797 | 538800.0 | 539100.0 | 0.005074 | 0.016181 |   6.999479 |      7 | 0.922752 | 1.200000 | 1.180000 | 1.063333 | 1.203333 |  -4.326115 |      420 |      354 |       66 |   6.999581 |      7 | 0.900801 | 2.511883
1798 | 539100.0 | 539400.0 | 0.005072 | 0.016179 |   6.999581 |      7 | 0.900801 | 1.200000 | 1.146667 | 1.283333 | 1.040000 |   7.519811 |      414 |      344 |       70 |   6.999851 |      7 | 0.938943 | 1.546071
1799 | 539400.0 | 539700.0 | 0.005070 | 0.016178 |   6.999851 |      7 | 0.938943 | 1.200000 | 1.156667 | 0.936667 | 1.196667 |  -8.035518 |      407 |      347 |       60 |   7.000071 |      8 | 0.898201 | 2.577738
1800 | 539700.0 | 540000.0 | 0.005068 | 0.016177 |   7.000071 |      8 | 0.898201 | 1.200000 | 1.320000 | 1.390000 | 1.256667 |   4.121113 |      474 |      396 |       77 |   6.999463 |      7 | 0.919088 | 2.048830
1801 | 540000.0 | 540300.0 | 0.005067 | 0.016176 |   6.999463 |      7 | 0.919088 | 1.200000 | 1.213333 | 1.220000 | 1.180000 |   1.236434 |      424 |      364 |       61 |   6.999395 |      7 | 0.925352 | 1.890203
1802 | 540300.0 | 540600.0 | 0.005065 | 0.016174 |   6.999395 |      7 | 0.925352 | 1.200000 | 1.143333 | 1.076667 | 1.113333 |  -1.133490 |      412 |      343 |       69 |   6.999682 |      7 | 0.919612 | 2.035569
1803 | 540600.0 | 540900.0 | 0.005063 | 0.016173 |   6.999682 |      7 | 0.919612 | 1.200000 | 1.190000 | 1.153333 | 1.073333 |   2.473269 |      421 |      357 |       64 |   6.999733 |      7 | 0.932133 | 1.718498
1804 | 540900.0 | 541200.0 | 0.005061 | 0.016172 |   6.999733 |      7 | 0.932133 | 1.200000 | 1.116667 | 1.093333 | 1.153333 |  -1.855102 |      405 |      335 |       70 |   7.000155 |      8 | 0.922745 | 1.956233
1805 | 541200.0 | 541500.0 | 0.005059 | 0.016170 |   7.000155 |      8 | 0.922745 | 1.200000 | 1.346667 | 1.240000 | 1.386667 |  -4.535060 |      477 |      404 |       72 |   6.999413 |      7 | 0.899802 | 2.537198
1806 | 541500.0 | 541800.0 | 0.005057 | 0.016169 |   6.999413 |      7 | 0.899802 | 1.200000 | 1.140000 | 1.296667 | 1.023333 |   8.452385 |      413 |      342 |       72 |   6.999716 |      7 | 0.942547 | 1.454801
1807 | 541800.0 | 542100.0 | 0.005055 | 0.016168 |   6.999716 |      7 | 0.942547 | 1.200000 | 1.146667 | 0.873333 | 1.236667 | -11.236396 |      398 |      344 |       55 |   6.999986 |      7 | 0.885743 | 2.893185
1808 | 542100.0 | 542400.0 | 0.005054 | 0.016166 |   6.999986 |      7 | 0.885743 | 1.200000 | 1.203333 | 1.180000 | 1.180000 |   0.000000 |      427 |      361 |       65 |   6.999969 |      7 | 0.885743 | 2.893185
1809 | 542400.0 | 542700.0 | 0.005052 | 0.016165 |   6.999969 |      7 | 0.885743 | 1.200000 | 1.186667 | 1.226667 | 1.020000 |   6.392376 |      421 |      356 |       65 |   7.000036 |      8 | 0.918035 | 2.075490
1810 | 542700.0 | 543000.0 | 0.005050 | 0.016164 |   7.000036 |      8 | 0.918035 | 1.200000 | 1.390000 | 1.320000 | 1.283333 |   1.134223 |      485 |      417 |       67 |   6.999077 |      7 | 0.923763 | 1.930456
1811 | 543000.0 | 543300.0 | 0.005048 | 0.016162 |   6.999077 |      7 | 0.923763 | 1.200000 | 1.090000 | 1.170000 | 1.170000 |   0.000000 |      403 |      327 |       77 |   6.999632 |      7 | 0.923763 | 1.930456
1812 | 543300.0 | 543600.0 | 0.005046 | 0.016161 |   6.999632 |      7 | 0.923763 | 1.200000 | 1.276667 | 1.140000 | 1.150000 |  -0.309383 |      436 |      383 |       53 |   6.999245 |      7 | 0.922202 | 1.969988
1813 | 543600.0 | 543900.0 | 0.005044 | 0.016160 |   6.999245 |      7 | 0.922202 | 1.200000 | 1.116667 | 1.106667 | 1.150000 |  -1.340769 |      407 |      335 |       73 |   6.999666 |      7 | 0.915438 | 2.141245
1814 | 543900.0 | 544200.0 | 0.005042 | 0.016159 |   6.999666 |      7 | 0.915438 | 1.200000 | 1.250000 | 1.143333 | 1.156667 |  -0.412578 |      432 |      375 |       56 |   6.999413 |      7 | 0.913358 | 2.193924
1815 | 544200.0 | 544500.0 | 0.005041 | 0.016157 |   6.999413 |      7 | 0.913358 | 1.200000 | 1.180000 | 1.203333 | 1.220000 |  -0.515763 |      419 |      354 |       65 |   6.999514 |      7 | 0.910758 | 2.259754
1816 | 544500.0 | 544800.0 | 0.005039 | 0.016156 |   6.999514 |      7 | 0.910758 | 1.200000 | 1.146667 | 1.160000 | 1.103333 |   1.753737 |      414 |      344 |       70 |   6.999783 |      7 | 0.919595 | 2.035995
1817 | 544800.0 | 545100.0 | 0.005037 | 0.016155 |   6.999783 |      7 | 0.919595 | 1.200000 | 1.173333 | 1.173333 | 1.163333 |   0.309508 |      417 |      352 |       65 |   6.999917 |      7 | 0.921154 | 1.996519
1818 | 545100.0 | 545400.0 | 0.005035 | 0.016153 |   6.999917 |      7 | 0.921154 | 1.200000 | 1.110000 | 1.100000 | 1.150000 |  -1.547663 |      406 |      333 |       73 |   7.000370 |      8 | 0.913361 | 2.193841
1819 | 545400.0 | 545700.0 | 0.005033 | 0.016152 |   7.000370 |      8 | 0.913361 | 1.200000 | 1.323333 | 1.213333 | 1.316667 |  -3.198761 |      473 |      397 |       75 |   6.999750 |      7 | 0.897261 | 2.601524
1820 | 545700.0 | 546000.0 | 0.005031 | 0.016151 |   6.999750 |      7 | 0.897261 | 1.200000 | 1.126667 | 1.300000 | 1.136667 |   5.056512 |      411 |      338 |       74 |   7.000119 |      8 | 0.922703 | 1.957306
1821 | 546000.0 | 546300.0 | 0.005030 | 0.016149 |   7.000119 |      8 | 0.922703 | 1.200000 | 1.323333 | 1.230000 | 1.230000 |   0.000000 |      472 |      397 |       74 |   6.999498 |      7 | 0.922703 | 1.957306
1822 | 546300.0 | 546600.0 | 0.005028 | 0.016148 |   6.999498 |      7 | 0.922703 | 1.200000 | 1.253333 | 1.226667 | 1.176667 |   1.548160 |      430 |      376 |       55 |   6.999230 |      7 | 0.930486 | 1.760208
1823 | 546600.0 | 546900.0 | 0.005026 | 0.016147 |   6.999230 |      7 | 0.930486 | 1.200000 | 1.133333 | 1.103333 | 1.036667 |   2.064379 |      408 |      340 |       68 |   6.999565 |      7 | 0.940862 | 1.497485
1824 | 546900.0 | 547200.0 | 0.005024 | 0.016146 |   6.999565 |      7 | 0.940862 | 1.200000 | 1.170000 | 0.900000 | 1.083333 |  -5.677496 |      406 |      351 |       55 |   6.999716 |      7 | 0.912337 | 2.219767
1825 | 547200.0 | 547500.0 | 0.005022 | 0.016144 |   6.999716 |      7 | 0.912337 | 1.200000 | 1.176667 | 1.146667 | 1.076667 |   2.167945 |      420 |      353 |       67 |   6.999833 |      7 | 0.923225 | 1.944065
1826 | 547500.0 | 547800.0 | 0.005020 | 0.016143 |   6.999833 |      7 | 0.923225 | 1.200000 | 1.140000 | 1.190000 | 1.166667 |   0.722706 |      410 |      342 |       68 |   7.000134 |      8 | 0.926854 | 1.852190
1827 | 547800.0 | 548100.0 | 0.005019 | 0.016142 |   7.000134 |      8 | 0.926854 | 1.200000 | 1.326667 | 1.206667 | 1.270000 |  -1.961788 |      469 |      398 |       70 |   6.999499 |      7 | 0.917008 | 2.101494
1828 | 548100.0 | 548400.0 | 0.005017 | 0.016140 |   6.999499 |      7 | 0.917008 | 1.200000 | 1.233333 | 1.123333 | 1.106667 |   0.516301 |      427 |      370 |       58 |   6.999332 |      7 | 0.919598 | 2.035906
1829 | 548400.0 | 548700.0 | 0.005015 | 0.016139 |   6.999332 |      7 | 0.919598 | 1.200000 | 1.250000 | 1.140000 | 1.180000 |  -1.239222 |      432 |      375 |       57 |   6.999081 |      7 | 0.913384 | 2.193272
1830 | 548700.0 | 549000.0 | 0.005013 | 0.016138 |   6.999081 |      7 | 0.913384 | 1.200000 | 1.236667 | 1.083333 | 1.100000 |  -0.516384 |      431 |      371 |       60 |   6.998897 |      7 | 0.910795 | 2.258822
1831 | 549000.0 | 549300.0 | 0.005011 | 0.016137 |   6.998897 |      7 | 0.910795 | 1.200000 | 1.213333 | 1.260000 | 1.120000 |   4.337968 |      425 |      364 |       62 |   6.998830 |      7 | 0.932534 | 1.708354
1832 | 549300.0 | 549600.0 | 0.005010 | 0.016135 |   6.998830 |      7 | 0.932534 | 1.200000 | 1.273333 | 1.023333 | 1.123333 |  -3.098796 |      431 |      382 |       49 |   6.998463 |      7 | 0.917011 | 2.101434
1833 | 549600.0 | 549900.0 | 0.005008 | 0.016134 |   6.998463 |      7 | 0.917011 | 1.200000 | 1.153333 | 1.206667 | 1.193333 |   0.413206 |      415 |      346 |       68 |   6.998696 |      7 | 0.919080 | 2.049038
1834 | 549900.0 | 550200.0 | 0.005006 | 0.016133 |   6.998696 |      7 | 0.919080 | 1.200000 | 1.260000 | 1.146667 | 1.096667 |   1.549645 |      433 |      378 |       55 |   6.998396 |      7 | 0.926837 | 1.852609
1835 | 550200.0 | 550500.0 | 0.005004 | 0.016131 |   6.998396 |      7 | 0.926837 | 1.200000 | 1.223333 | 1.170000 | 1.070000 |   3.099536 |      423 |      367 |       56 |   6.998279 |      7 | 0.942347 | 1.459862
1836 | 550500.0 | 550800.0 | 0.005002 | 0.016130 |   6.998279 |      7 | 0.942347 | 1.200000 | 1.110000 | 0.893333 | 1.186667 |  -9.092696 |      398 |      333 |       65 |   6.998730 |      7 | 0.896863 | 2.611596
1837 | 550800.0 | 551100.0 | 0.005000 | 0.016129 |   6.998730 |      7 | 0.896863 | 1.200000 | 1.140000 | 1.093333 | 1.133333 |  -1.240012 |      413 |      342 |       72 |   6.999030 |      7 | 0.890663 | 2.768606
1838 | 551100.0 | 551400.0 | 0.004999 | 0.016128 |   6.999030 |      7 | 0.890663 | 1.200000 | 1.096667 | 1.113333 | 1.060000 |   1.653480 |      407 |      329 |       77 |   6.999546 |      7 | 0.898928 | 2.559318
1839 | 551400.0 | 551700.0 | 0.004997 | 0.016126 |   6.999546 |      7 | 0.898928 | 1.200000 | 1.156667 | 1.186667 | 1.120000 |   2.067015 |      417 |      347 |       70 |   6.999763 |      7 | 0.909256 | 2.297782
1840 | 551700.0 | 552000.0 | 0.004995 | 0.016125 |   6.999763 |      7 | 0.909256 | 1.200000 | 1.260000 | 1.130000 | 1.143333 |  -0.413436 |      434 |      378 |       56 |   6.999463 |      7 | 0.907191 | 2.350074
1841 | 552000.0 | 552300.0 | 0.004993 | 0.016124 |   6.999463 |      7 | 0.907191 | 1.200000 | 1.170000 | 1.196667 | 1.073333 |   3.824584 |      419 |      351 |       68 |   6.999613 |      7 | 0.926288 | 1.866504
1842 | 552300.0 | 552600.0 | 0.004991 | 0.016122 |   6.999613 |      7 | 0.926288 | 1.200000 | 1.126667 | 1.130000 | 1.213333 |  -2.584383 |      407 |      338 |       69 |   6.999979 |      7 | 0.913389 | 2.193149
1843 | 552600.0 | 552900.0 | 0.004990 | 0.016121 |   6.999979 |      7 | 0.913389 | 1.200000 | 1.153333 | 1.220000 | 1.123333 |   2.998122 |      416 |      346 |       70 |   7.000212 |      8 | 0.928348 | 1.814347
1844 | 552900.0 | 553200.0 | 0.004988 | 0.016120 |   7.000212 |      8 | 0.928348 | 1.200000 | 1.403333 | 1.160000 | 1.336667 |  -5.479761 |      481 |      421 |       60 |   6.999197 |      7 | 0.901016 | 2.506445
1845 | 553200.0 | 553500.0 | 0.004986 | 0.016119 |   6.999197 |      7 | 0.901016 | 1.200000 | 1.050000 | 1.173333 | 1.136667 |   1.137399 |      396 |      315 |       81 |   6.999945 |      7 | 0.906687 | 2.362842
1846 | 553500.0 | 553800.0 | 0.004984 | 0.016117 |   6.999945 |      7 | 0.906687 | 1.200000 | 1.076667 | 1.230000 | 1.250000 |  -0.620449 |      401 |      323 |       78 |   7.000560 |      8 | 0.903595 | 2.441149
1847 | 553800.0 | 554100.0 | 0.004982 | 0.016116 |   7.000560 |      8 | 0.903595 | 1.200000 | 1.336667 | 1.290000 | 1.230000 |   1.861493 |      478 |      401 |       76 |   6.999879 |      7 | 0.912869 | 2.206295
1848 | 554100.0 | 554400.0 | 0.004981 | 0.016115 |   6.999879 |      7 | 0.912869 | 1.200000 | 1.223333 | 1.163333 | 1.026667 |   4.240402 |      427 |      367 |       62 |   6.999763 |      7 | 0.933990 | 1.671499
1849 | 554400.0 | 554700.0 | 0.004979 | 0.016114 |   6.999763 |      7 | 0.933990 | 1.200000 | 1.213333 | 1.006667 | 1.143333 |  -4.240737 |      421 |      364 |       57 |   6.999697 |      7 | 0.912875 | 2.206145
1850 | 554700.0 | 555000.0 | 0.004977 | 0.016112 |   6.999697 |      7 | 0.912875 | 1.200000 | 1.073333 | 1.213333 | 1.136667 |   2.379138 |      401 |      322 |       78 |   7.000327 |      8 | 0.924717 | 1.906306
1851 | 555000.0 | 555300.0 | 0.004975 | 0.016111 |   7.000327 |      8 | 0.924717 | 1.200000 | 1.280000 | 1.253333 | 1.220000 |   1.034489 |      462 |      384 |       77 |   6.999929 |      7 | 0.929863 | 1.775977
1852 | 555300.0 | 555600.0 | 0.004974 | 0.016110 |   6.999929 |      7 | 0.929863 | 1.200000 | 1.166667 | 1.126667 | 1.150000 |  -0.724200 |      414 |      350 |       66 |   7.000095 |      8 | 0.926262 | 1.867182
1853 | 555600.0 | 555900.0 | 0.004972 | 0.016108 |   7.000095 |      8 | 0.926262 | 1.200000 | 1.330000 | 1.170000 | 1.210000 |  -1.241583 |      470 |      399 |       69 |   6.999448 |      7 | 0.920089 | 2.023488
1854 | 555900.0 | 556200.0 | 0.004970 | 0.016107 |   6.999448 |      7 | 0.920089 | 1.200000 | 1.176667 | 1.263333 | 1.156667 |   3.311149 |      418 |      353 |       66 |   6.999564 |      7 | 0.936545 | 1.606787
1855 | 556200.0 | 556500.0 | 0.004968 | 0.016106 |   6.999564 |      7 | 0.936545 | 1.200000 | 1.150000 | 1.036667 | 1.156667 |  -3.725336 |      406 |      345 |       62 |   6.999813 |      7 | 0.918037 | 2.075445
1856 | 556500.0 | 556800.0 | 0.004966 | 0.016105 |   6.999813 |      7 | 0.918037 | 1.200000 | 1.133333 | 1.210000 | 1.150000 |   1.862815 |      411 |      340 |       70 |   7.000144 |      8 | 0.927288 | 1.841182
1857 | 556800.0 | 557100.0 | 0.004965 | 0.016103 |   7.000144 |      8 | 0.927288 | 1.200000 | 1.346667 | 1.213333 | 1.273333 |  -1.862961 |      474 |      404 |       70 |   6.999416 |      7 | 0.918040 | 2.075380
1858 | 557100.0 | 557400.0 | 0.004963 | 0.016102 |   6.999416 |      7 | 0.918040 | 1.200000 | 1.163333 | 1.190000 | 1.193333 |  -0.103506 |      415 |      349 |       66 |   6.999598 |      7 | 0.917526 | 2.088387
1859 | 557400.0 | 557700.0 | 0.004961 | 0.016101 |   6.999598 |      7 | 0.917526 | 1.200000 | 1.166667 | 1.170000 | 1.106667 |   1.966768 |      416 |      350 |       66 |   6.999763 |      7 | 0.927283 | 1.841316
1860 | 557700.0 | 558000.0 | 0.004959 | 0.016100 |   6.999763 |      7 | 0.927283 | 1.200000 | 1.150000 | 1.140000 | 1.090000 |   1.552834 |      414 |      345 |       69 |   7.000011 |      8 | 0.934984 | 1.646314
1861 | 558000.0 | 558300.0 | 0.004958 | 0.016098 |   7.000011 |      8 | 0.934984 | 1.200000 | 1.346667 | 1.063333 | 1.396667 | -10.353039 |      462 |      404 |       57 |   6.999284 |      7 | 0.883659 | 2.945965
1862 | 558300.0 | 558600.0 | 0.004956 | 0.016097 |   6.999284 |      7 | 0.883659 | 1.200000 | 1.143333 | 1.123333 | 1.110000 |   0.414154 |      414 |      343 |       72 |   6.999565 |      7 | 0.885711 | 2.893993
1863 | 558600.0 | 558900.0 | 0.004954 | 0.016096 |   6.999565 |      7 | 0.885711 | 1.200000 | 1.126667 | 1.153333 | 1.193333 |  -1.242560 |      412 |      338 |       74 |   6.999928 |      7 | 0.879555 | 3.049865
1864 | 558900.0 | 559200.0 | 0.004952 | 0.016095 |   6.999928 |      7 | 0.879555 | 1.200000 | 1.066667 | 1.146667 | 1.103333 |   1.346212 |      402 |      320 |       82 |   7.000588 |      8 | 0.886222 | 2.881051
1865 | 559200.0 | 559500.0 | 0.004950 | 0.016093 |   7.000588 |      8 | 0.886222 | 1.200000 | 1.300000 | 1.416667 | 1.210000 |   6.420898 |      470 |      390 |       79 |   7.000093 |      8 | 0.918009 | 2.076163
1866 | 559500.0 | 559800.0 | 0.004949 | 0.016092 |   7.000093 |      8 | 0.918009 | 1.200000 | 1.403333 | 1.273333 | 1.323333 |  -1.553565 |      490 |      421 |       69 |   6.999087 |      7 | 0.910320 | 2.270840
1867 | 559800.0 | 560100.0 | 0.004947 | 0.016091 |   6.999087 |      7 | 0.910320 | 1.200000 | 1.120000 | 1.113333 | 1.136667 |  -0.725054 |      408 |      336 |       73 |   6.999483 |      7 | 0.906734 | 2.361664
1868 | 560100.0 | 560400.0 | 0.004945 | 0.016090 |   6.999483 |      7 | 0.906734 | 1.200000 | 1.203333 | 1.233333 | 1.153333 |   2.486092 |      424 |      361 |       63 |   6.999466 |      7 | 0.919028 | 2.050354
1869 | 560400.0 | 560700.0 | 0.004943 | 0.016088 |   6.999466 |      7 | 0.919028 | 1.200000 | 1.140000 | 1.123333 | 1.170000 |  -1.450334 |      412 |      342 |       70 |   6.999763 |      7 | 0.911858 | 2.231901
1870 | 560700.0 | 561000.0 | 0.004942 | 0.016087 |   6.999763 |      7 | 0.911858 | 1.200000 | 1.166667 | 1.230000 | 1.063333 |   5.180169 |      418 |      350 |       68 |   6.999928 |      7 | 0.937457 | 1.583699
1871 | 561000.0 | 561300.0 | 0.004940 | 0.016086 |   6.999928 |      7 | 0.937457 | 1.200000 | 1.166667 | 1.016667 | 1.166667 |  -4.662516 |      410 |      350 |       60 |   7.000092 |      8 | 0.914424 | 2.166919
1872 | 561300.0 | 561600.0 | 0.004938 | 0.016084 |   7.000092 |      8 | 0.914424 | 1.200000 | 1.230000 | 1.253333 | 1.316667 |  -1.968772 |      458 |      369 |       88 |   6.999944 |      7 | 0.904702 | 2.413100
1873 | 561600.0 | 561900.0 | 0.004936 | 0.016083 |   6.999944 |      7 | 0.904702 | 1.200000 | 1.170000 | 1.103333 | 1.120000 |  -0.518138 |      417 |      351 |       67 |   7.000092 |      8 | 0.902145 | 2.477866
1874 | 561900.0 | 562200.0 | 0.004935 | 0.016082 |   7.000092 |      8 | 0.902145 | 1.200000 | 1.343333 | 1.340000 | 1.360000 |  -0.621814 |      481 |      403 |       77 |   6.999385 |      7 | 0.899076 | 2.555565
1875 | 562200.0 | 562500.0 | 0.004933 | 0.016081 |   6.999385 |      7 | 0.899076 | 1.200000 | 1.280000 | 1.160000 | 1.123333 |   1.140082 |      439 |      384 |       56 |   6.998990 |      7 | 0.904700 | 2.413157
1876 | 562500.0 | 562800.0 | 0.004931 | 0.016079 |   6.998990 |      7 | 0.904700 | 1.200000 | 1.176667 | 1.146667 | 1.100000 |   1.451126 |      420 |      353 |       67 |   6.999105 |      7 | 0.911856 | 2.231962
1877 | 562800.0 | 563100.0 | 0.004929 | 0.016078 |   6.999105 |      7 | 0.911856 | 1.200000 | 1.253333 | 1.113333 | 1.226667 |  -3.524438 |      433 |      376 |       57 |   6.998842 |      7 | 0.894482 | 2.671886
1878 | 563100.0 | 563400.0 | 0.004928 | 0.016077 |   6.998842 |      7 | 0.894482 | 1.200000 | 1.236667 | 1.183333 | 1.156667 |   0.829344 |      430 |      371 |       59 |   6.998662 |      7 | 0.898569 | 2.568403
1879 | 563400.0 | 563700.0 | 0.004926 | 0.016076 |   6.998662 |      7 | 0.898569 | 1.200000 | 1.150000 | 1.190000 | 1.043333 |   4.561748 |      416 |      345 |       71 |   6.998908 |      7 | 0.921040 | 1.999403
1880 | 563700.0 | 564000.0 | 0.004924 | 0.016074 |   6.998908 |      7 | 0.921040 | 1.200000 | 1.160000 | 1.170000 | 1.163333 |   0.207368 |      415 |      348 |       67 |   6.999105 |      7 | 0.922061 | 1.973547
1881 | 564000.0 | 564300.0 | 0.004922 | 0.016073 |   6.999105 |      7 | 0.922061 | 1.200000 | 1.266667 | 1.256667 | 1.180000 |   2.384921 |      436 |      380 |       56 |   6.998777 |      7 | 0.933801 | 1.676279
1882 | 564300.0 | 564600.0 | 0.004921 | 0.016072 |   6.998777 |      7 | 0.933801 | 1.200000 | 1.236667 | 1.076667 | 1.190000 |  -3.525809 |      424 |      371 |       54 |   6.998596 |      7 | 0.916451 | 2.115597
1883 | 564600.0 | 564900.0 | 0.004919 | 0.016071 |   6.998596 |      7 | 0.916451 | 1.200000 | 1.273333 | 1.146667 | 1.180000 |  -1.037083 |      437 |      382 |       55 |   6.998236 |      7 | 0.911350 | 2.244773
1884 | 564900.0 | 565200.0 | 0.004917 | 0.016069 |   6.998236 |      7 | 0.911350 | 1.200000 | 1.090000 | 1.150000 | 1.153333 |  -0.103716 |      403 |      327 |       75 |   6.998777 |      7 | 0.910840 | 2.257687
1885 | 565200.0 | 565500.0 | 0.004915 | 0.016068 |   6.998777 |      7 | 0.910840 | 1.200000 | 1.176667 | 1.213333 | 1.166667 |   1.452141 |      419 |      353 |       66 |   6.998891 |      7 | 0.917978 | 2.076940
1886 | 565500.0 | 565800.0 | 0.004914 | 0.016067 |   6.998891 |      7 | 0.917978 | 1.200000 | 1.240000 | 1.153333 | 1.156667 |  -0.103732 |      430 |      372 |       58 |   6.998695 |      7 | 0.917468 | 2.089847
1887 | 565800.0 | 566100.0 | 0.004912 | 0.016066 |   6.998695 |      7 | 0.917468 | 1.200000 | 1.236667 | 1.136667 | 1.186667 |  -1.556107 |      428 |      371 |       58 |   6.998515 |      7 | 0.909825 | 2.283398
1888 | 566100.0 | 566400.0 | 0.004910 | 0.016064 |   6.998515 |      7 | 0.909825 | 1.200000 | 1.153333 | 1.163333 | 1.153333 |   0.311245 |      415 |      346 |       69 |   6.998744 |      7 | 0.911353 | 2.244698
1889 | 566400.0 | 566700.0 | 0.004909 | 0.016063 |   6.998744 |      7 | 0.911353 | 1.200000 | 1.206667 | 1.266667 | 1.233333 |   1.037565 |      425 |      362 |       62 |   6.998711 |      7 | 0.916446 | 2.115736
1890 | 566700.0 | 567000.0 | 0.004907 | 0.016062 |   6.998711 |      7 | 0.916446 | 1.200000 | 1.206667 | 1.143333 | 1.070000 |   2.282820 |      423 |      362 |       61 |   6.998678 |      7 | 0.927647 | 1.832095
1891 | 567000.0 | 567300.0 | 0.004905 | 0.016061 |   6.998678 |      7 | 0.927647 | 1.200000 | 1.176667 | 1.090000 | 1.203333 |  -3.528267 |      416 |      353 |       63 |   6.998793 |      7 | 0.910341 | 2.270328
1892 | 567300.0 | 567600.0 | 0.004903 | 0.016060 |   6.998793 |      7 | 0.910341 | 1.200000 | 1.213333 | 1.216667 | 1.126667 |   2.802076 |      424 |      364 |       60 |   6.998727 |      7 | 0.924080 | 1.922415
1893 | 567600.0 | 567900.0 | 0.004902 | 0.016058 |   6.998727 |      7 | 0.924080 | 1.200000 | 1.186667 | 1.170000 | 1.143333 |   0.830309 |      421 |      356 |       65 |   6.998793 |      7 | 0.928150 | 1.819358
1894 | 567900.0 | 568200.0 | 0.004900 | 0.016057 |   6.998793 |      7 | 0.928150 | 1.200000 | 1.193333 | 1.120000 | 1.110000 |   0.311390 |      419 |      358 |       61 |   6.998825 |      7 | 0.929676 | 1.780722
1895 | 568200.0 | 568500.0 | 0.004898 | 0.016056 |   6.998825 |      7 | 0.929676 | 1.200000 | 1.200000 | 1.123333 | 1.213333 |  -2.802725 |      420 |      360 |       60 |   6.998825 |      7 | 0.915948 | 2.128349
1896 | 568500.0 | 568800.0 | 0.004897 | 0.016055 |   6.998825 |      7 | 0.915948 | 1.200000 | 1.253333 | 1.283333 | 1.160000 |   3.841067 |      432 |      376 |       56 |   6.998564 |      7 | 0.934756 | 1.652102
1897 | 568800.0 | 569100.0 | 0.004895 | 0.016053 |   6.998564 |      7 | 0.934756 | 1.200000 | 1.120000 | 1.063333 | 1.160000 |  -3.010798 |      404 |      336 |       68 |   6.998956 |      7 | 0.920018 | 2.025275
1898 | 569100.0 | 569400.0 | 0.004893 | 0.016052 |   6.998956 |      7 | 0.920018 | 1.200000 | 1.206667 | 1.116667 | 1.090000 |   0.830629 |      424 |      362 |       62 |   6.998923 |      7 | 0.924083 | 1.922359
1899 | 569400.0 | 569700.0 | 0.004891 | 0.016051 |   6.998923 |      7 | 0.924083 | 1.200000 | 1.150000 | 1.190000 | 1.220000 |  -0.934530 |      412 |      345 |       67 |   6.999168 |      7 | 0.919511 | 2.038108
1900 | 569700.0 | 570000.0 | 0.004890 | 0.016050 |   6.999168 |      7 | 0.919511 | 1.200000 | 1.180000 | 1.180000 | 1.126667 |   1.661514 |      418 |      354 |       64 |   6.999266 |      7 | 0.927636 | 1.832388
1901 | 570000.0 | 570300.0 | 0.004888 | 0.016048 |   6.999266 |      7 | 0.927636 | 1.200000 | 1.136667 | 1.160000 | 1.196667 |  -1.142378 |      410 |      341 |       69 |   6.999575 |      7 | 0.922052 | 1.973782
1902 | 570300.0 | 570600.0 | 0.004886 | 0.016047 |   6.999575 |      7 | 0.922052 | 1.200000 | 1.143333 | 1.160000 | 1.180000 |  -0.623163 |      410 |      343 |       68 |   6.999852 |      7 | 0.919007 | 2.050885
1903 | 570600.0 | 570900.0 | 0.004885 | 0.016046 |   6.999852 |      7 | 0.919007 | 1.200000 | 1.140000 | 1.210000 | 1.200000 |   0.311606 |      412 |      342 |       69 |   7.000145 |      8 | 0.920529 | 2.012344
1904 | 570900.0 | 571200.0 | 0.004883 | 0.016045 |   7.000145 |      8 | 0.920529 | 1.200000 | 1.360000 | 1.286667 | 1.173333 |   3.531802 |      479 |      408 |       70 |   6.999364 |      7 | 0.937774 | 1.575666
1905 | 571200.0 | 571500.0 | 0.004881 | 0.016043 |   6.999364 |      7 | 0.937774 | 1.200000 | 1.126667 | 0.970000 | 1.163333 |  -6.025301 |      403 |      338 |       66 |   6.999722 |      7 | 0.908364 | 2.320384
1906 | 571500.0 | 571800.0 | 0.004879 | 0.016042 |   6.999722 |      7 | 0.908364 | 1.200000 | 1.186667 | 1.173333 | 1.173333 |   0.000000 |      420 |      356 |       64 |   6.999787 |      7 | 0.908364 | 2.320384
1907 | 571800.0 | 572100.0 | 0.004878 | 0.016041 |   6.999787 |      7 | 0.908364 | 1.200000 | 1.126667 | 1.150000 | 1.123333 |   0.831203 |      411 |      338 |       73 |   7.000145 |      8 | 0.912418 | 2.217720
1908 | 572100.0 | 572400.0 | 0.004876 | 0.016040 |   7.000145 |      8 | 0.912418 | 1.200000 | 1.236667 | 1.230000 | 1.330000 |  -3.117252 |      458 |      371 |       86 |   6.999966 |      7 | 0.897218 | 2.602605
1909 | 572400.0 | 572700.0 | 0.004874 | 0.016039 |   6.999966 |      7 | 0.897218 | 1.200000 | 1.090000 | 1.110000 | 1.160000 |  -1.558745 |      404 |      327 |       78 |   7.000502 |      8 | 0.889621 | 2.794995
1910 | 572700.0 | 573000.0 | 0.004873 | 0.016037 |   7.000502 |      8 | 0.889621 | 1.200000 | 1.233333 | 1.333333 | 1.280000 |   1.662789 |      461 |      370 |       90 |   7.000340 |      8 | 0.897723 | 2.589834
1911 | 573000.0 | 573300.0 | 0.004871 | 0.016036 |   7.000340 |      8 | 0.897723 | 1.200000 | 1.380000 | 1.363333 | 1.290000 |   2.286510 |      485 |      414 |       71 |   6.999463 |      7 | 0.908860 | 2.307816
1912 | 573300.0 | 573600.0 | 0.004869 | 0.016035 |   6.999463 |      7 | 0.908860 | 1.200000 | 1.250000 | 1.226667 | 1.173333 |   1.663043 |      432 |      375 |       58 |   6.999219 |      7 | 0.916958 | 2.102767
1913 | 573600.0 | 573900.0 | 0.004868 | 0.016034 |   6.999219 |      7 | 0.916958 | 1.200000 | 1.126667 | 1.130000 | 1.160000 |  -0.935533 |      410 |      338 |       72 |   6.999576 |      7 | 0.912404 | 2.218076
1914 | 573900.0 | 574200.0 | 0.004866 | 0.016032 |   6.999576 |      7 | 0.912404 | 1.200000 | 1.193333 | 1.120000 | 1.066667 |   1.663298 |      422 |      358 |       64 |   6.999609 |      7 | 0.920498 | 2.013138
1915 | 574200.0 | 574500.0 | 0.004864 | 0.016031 |   6.999609 |      7 | 0.920498 | 1.200000 | 1.136667 | 1.213333 | 1.173333 |   1.247568 |      411 |      341 |       71 |   6.999917 |      7 | 0.926566 | 1.859477
1916 | 574500.0 | 574800.0 | 0.004862 | 0.016030 |   6.999917 |      7 | 0.926566 | 1.200000 | 1.163333 | 1.196667 | 1.203333 |  -0.207944 |      414 |      349 |       64 |   7.000095 |      8 | 0.925555 | 1.885080
1917 | 574800.0 | 575100.0 | 0.004861 | 0.016029 |   7.000095 |      8 | 0.925555 | 1.200000 | 1.333333 | 1.146667 | 1.343333 |  -6.134814 |      471 |      400 |       70 |   6.999447 |      7 | 0.895735 | 2.640173
1918 | 575100.0 | 575400.0 | 0.004859 | 0.016028 |   6.999447 |      7 | 0.895735 | 1.200000 | 1.123333 | 1.093333 | 1.156667 |  -1.975769 |      410 |      337 |       74 |   6.999820 |      7 | 0.886134 | 2.883273
1919 | 575400.0 | 575700.0 | 0.004857 | 0.016026 |   6.999820 |      7 | 0.886134 | 1.200000 | 1.150000 | 1.286667 | 1.060000 |   7.071711 |      417 |      345 |       72 |   7.000062 |      8 | 0.920485 | 2.013467
1920 | 575700.0 | 576000.0 | 0.004856 | 0.016025 |   7.000062 |      8 | 0.920485 | 1.200000 | 1.400000 | 1.243333 | 1.250000 |  -0.208007 |      487 |      420 |       66 |   6.999091 |      7 | 0.919475 | 2.039043
1921 | 576000.0 | 576300.0 | 0.004854 | 0.016024 |   6.999091 |      7 | 0.919475 | 1.200000 | 1.153333 | 1.176667 | 1.040000 |   4.264475 |      414 |      346 |       69 |   6.999318 |      7 | 0.940175 | 1.514884
1922 | 576300.0 | 576600.0 | 0.004852 | 0.016023 |   6.999318 |      7 | 0.940175 | 1.200000 | 1.220000 | 0.950000 | 1.120000 |  -5.304995 |      417 |      366 |       51 |   6.999221 |      7 | 0.914433 | 2.166710
1923 | 576600.0 | 576900.0 | 0.004851 | 0.016021 |   6.999221 |      7 | 0.914433 | 1.200000 | 1.080000 | 1.186667 | 1.150000 |   1.144302 |      401 |      324 |       77 |   6.999803 |      7 | 0.919983 | 2.026158
1924 | 576900.0 | 577200.0 | 0.004849 | 0.016020 |   6.999803 |      7 | 0.919983 | 1.200000 | 1.176667 | 1.256667 | 1.280000 |  -0.728247 |      416 |      353 |       64 |   6.999916 |      7 | 0.916452 | 2.115576
1925 | 577200.0 | 577500.0 | 0.004847 | 0.016019 |   6.999916 |      7 | 0.916452 | 1.200000 | 1.186667 | 1.026667 | 1.126667 |  -3.121297 |      423 |      356 |       66 |   6.999981 |      7 | 0.901322 | 2.498692
1926 | 577500.0 | 577800.0 | 0.004846 | 0.016018 |   6.999981 |      7 | 0.901322 | 1.200000 | 1.180000 | 1.053333 | 1.143333 |  -2.809380 |      419 |      354 |       65 |   7.000078 |      8 | 0.887709 | 2.843404
1927 | 577800.0 | 578100.0 | 0.004844 | 0.016017 |   7.000078 |      8 | 0.887709 | 1.200000 | 1.310000 | 1.383333 | 1.230000 |   4.786715 |      473 |      393 |       80 |   6.999545 |      7 | 0.910896 | 2.256276
1928 | 578100.0 | 578400.0 | 0.004842 | 0.016015 |   6.999545 |      7 | 0.910896 | 1.200000 | 1.210000 | 1.110000 | 1.143333 |  -1.040669 |      427 |      363 |       64 |   6.999496 |      7 | 0.905856 | 2.383878
1929 | 578400.0 | 578700.0 | 0.004841 | 0.016014 |   6.999496 |      7 | 0.905856 | 1.200000 | 1.253333 | 1.183333 | 1.123333 |   1.873347 |      433 |      376 |       57 |   6.999238 |      7 | 0.914925 | 2.154256
1930 | 578700.0 | 579000.0 | 0.004839 | 0.016013 |   6.999238 |      7 | 0.914925 | 1.200000 | 1.170000 | 1.206667 | 1.096667 |   3.434729 |      417 |      351 |       67 |   6.999383 |      7 | 0.931545 | 1.733395
1931 | 579000.0 | 579300.0 | 0.004837 | 0.016012 |   6.999383 |      7 | 0.931545 | 1.200000 | 1.150000 | 1.070000 | 1.216667 |  -4.579985 |      409 |      345 |       63 |   6.999625 |      7 | 0.909390 | 2.294392
1932 | 579300.0 | 579600.0 | 0.004836 | 0.016010 |   6.999625 |      7 | 0.909390 | 1.200000 | 1.310000 | 1.243333 | 1.020000 |   6.974597 |      444 |      393 |       51 |   6.999093 |      7 | 0.943117 | 1.440376
1933 | 579600.0 | 579900.0 | 0.004834 | 0.016009 |   6.999093 |      7 | 0.943117 | 1.200000 | 1.176667 | 0.910000 | 1.293333 | -11.972228 |      405 |      353 |       53 |   6.999206 |      7 | 0.885244 | 2.905830
1934 | 579900.0 | 580200.0 | 0.004832 | 0.016008 |   6.999206 |      7 | 0.885244 | 1.200000 | 1.116667 | 1.193333 | 1.103333 |   2.811084 |      409 |      335 |       73 |   6.999609 |      7 | 0.898828 | 2.561859
1935 | 580200.0 | 580500.0 | 0.004831 | 0.016007 |   6.999609 |      7 | 0.898828 | 1.200000 | 1.163333 | 1.130000 | 1.156667 |  -0.832977 |      419 |      349 |       70 |   6.999786 |      7 | 0.894804 | 2.663749
1936 | 580500.0 | 580800.0 | 0.004829 | 0.016006 |   6.999786 |      7 | 0.894804 | 1.200000 | 1.123333 | 1.163333 | 1.123333 |   1.249559 |      411 |      337 |       74 |   7.000156 |      8 | 0.900838 | 2.510955
1937 | 580800.0 | 581100.0 | 0.004827 | 0.016004 |   7.000156 |      8 | 0.900838 | 1.200000 | 1.380000 | 1.323333 | 1.400000 |  -2.395170 |      486 |      414 |       71 |   6.999287 |      7 | 0.889276 | 2.803731
1938 | 581100.0 | 581400.0 | 0.004826 | 0.016003 |   6.999287 |      7 | 0.889276 | 1.200000 | 1.040000 | 1.123333 | 1.110000 |   0.416583 |      395 |      312 |       84 |   7.000059 |      8 | 0.891286 | 2.752827
1939 | 581400.0 | 581700.0 | 0.004824 | 0.016002 |   7.000059 |      8 | 0.891286 | 1.200000 | 1.263333 | 1.300000 | 1.320000 |  -0.624921 |      464 |      379 |       84 |   6.999754 |      7 | 0.888271 | 2.829163
1940 | 581700.0 | 582000.0 | 0.004822 | 0.016001 |   6.999754 |      7 | 0.888271 | 1.200000 | 1.093333 | 1.173333 | 1.156667 |   0.520807 |      406 |      328 |       79 |   7.000268 |      8 | 0.890783 | 2.765567
1941 | 582000.0 | 582300.0 | 0.004821 | 0.016000 |   7.000268 |      8 | 0.890783 | 1.200000 | 1.323333 | 1.333333 | 1.130000 |   6.354323 |      478 |      397 |       80 |   6.999674 |      7 | 0.921415 | 1.989905
1942 | 582300.0 | 582600.0 | 0.004819 | 0.015998 |   6.999674 |      7 | 0.921415 | 1.200000 | 1.193333 | 1.233333 | 1.216667 |   0.520885 |      419 |      358 |       62 |   6.999706 |      7 | 0.923925 | 1.926344
1943 | 582600.0 | 582900.0 | 0.004817 | 0.015997 |   6.999706 |      7 | 0.923925 | 1.200000 | 1.183333 | 1.083333 | 1.156667 |  -2.292068 |      419 |      355 |       64 |   6.999786 |      7 | 0.912883 | 2.205941
1944 | 582900.0 | 583200.0 | 0.004816 | 0.015996 |   6.999786 |      7 | 0.912883 | 1.200000 | 1.123333 | 1.206667 | 1.180000 |   0.833542 |      409 |      337 |       73 |   7.000155 |      8 | 0.916898 | 2.104296
1945 | 583200.0 | 583500.0 | 0.004814 | 0.015995 |   7.000155 |      8 | 0.916898 | 1.200000 | 1.330000 | 1.276667 | 1.320000 |  -1.354608 |      474 |      399 |       73 |   6.999529 |      7 | 0.910376 | 2.269424
1946 | 583500.0 | 583800.0 | 0.004812 | 0.015994 |   6.999529 |      7 | 0.910376 | 1.200000 | 1.143333 | 1.243333 | 1.116667 |   3.959920 |      413 |      343 |       71 |   6.999802 |      7 | 0.929433 | 1.786871
1947 | 583800.0 | 584100.0 | 0.004811 | 0.015992 |   6.999802 |      7 | 0.929433 | 1.200000 | 1.266667 | 1.130000 | 1.120000 |   0.312649 |      433 |      380 |       53 |   6.999481 |      7 | 0.930937 | 1.748785
1948 | 584100.0 | 584400.0 | 0.004809 | 0.015991 |   6.999481 |      7 | 0.930937 | 1.200000 | 1.190000 | 1.096667 | 1.216667 |  -3.752067 |      418 |      357 |       61 |   6.999529 |      7 | 0.912893 | 2.205697
1949 | 584400.0 | 584700.0 | 0.004808 | 0.015990 |   6.999529 |      7 | 0.912893 | 1.200000 | 1.156667 | 1.146667 | 1.120000 |   0.833855 |      416 |      347 |       69 |   6.999738 |      7 | 0.916902 | 2.104188
1950 | 584700.0 | 585000.0 | 0.004806 | 0.015989 |   6.999738 |      7 | 0.916902 | 1.200000 | 1.186667 | 1.120000 | 1.140000 |  -0.625438 |      419 |      356 |       63 |   6.999802 |      7 | 0.913896 | 2.180299
1951 | 585000.0 | 585300.0 | 0.004804 | 0.015988 |   6.999802 |      7 | 0.913896 | 1.200000 | 1.143333 | 1.143333 | 1.060000 |   2.606188 |      414 |      343 |       71 |   7.000074 |      8 | 0.926417 | 1.863253
1952 | 585300.0 | 585600.0 | 0.004803 | 0.015986 |   7.000074 |      8 | 0.926417 | 1.200000 | 1.290000 | 1.150000 | 1.280000 |  -4.065959 |      464 |      387 |       76 |   6.999642 |      7 | 0.906890 | 2.357714
1953 | 585600.0 | 585900.0 | 0.004801 | 0.015985 |   6.999642 |      7 | 0.906890 | 1.200000 | 1.143333 | 1.186667 | 1.276667 |  -2.815105 |      413 |      343 |       71 |   6.999914 |      7 | 0.893374 | 2.699942
1954 | 585900.0 | 586200.0 | 0.004799 | 0.015984 |   6.999914 |      7 | 0.893374 | 1.200000 | 1.120000 | 1.220000 | 1.130000 |   2.815316 |      411 |      336 |       75 |   7.000298 |      8 | 0.906886 | 2.357805
1955 | 586200.0 | 586500.0 | 0.004798 | 0.015983 |   7.000298 |      8 | 0.906886 | 1.200000 | 1.386667 | 1.303333 | 1.303333 |   0.000000 |      485 |      416 |       68 |   6.999402 |      7 | 0.906886 | 2.357805
1956 | 586500.0 | 586800.0 | 0.004796 | 0.015982 |   6.999402 |      7 | 0.906886 | 1.200000 | 1.236667 | 1.040000 | 1.076667 |  -1.147152 |      431 |      371 |       61 |   6.999226 |      7 | 0.901384 | 2.497120
1957 | 586800.0 | 587100.0 | 0.004794 | 0.015980 |   6.999226 |      7 | 0.901384 | 1.200000 | 1.166667 | 1.170000 | 1.146667 |   0.730061 |      418 |      350 |       68 |   6.999386 |      7 | 0.904884 | 2.408488
1958 | 587100.0 | 587400.0 | 0.004793 | 0.015979 |   6.999386 |      7 | 0.904884 | 1.200000 | 1.170000 | 1.206667 | 1.056667 |   4.693597 |      418 |      351 |       67 |   6.999530 |      7 | 0.927380 | 1.838866
1959 | 587400.0 | 587700.0 | 0.004791 | 0.015978 |   6.999530 |      7 | 0.927380 | 1.200000 | 1.160000 | 1.120000 | 1.230000 |  -3.442228 |      413 |      348 |       65 |   6.999722 |      7 | 0.910888 | 2.256478
1960 | 587700.0 | 588000.0 | 0.004790 | 0.015977 |   6.999722 |      7 | 0.910888 | 1.200000 | 1.113333 | 1.116667 | 1.193333 |  -2.399308 |      408 |      334 |       74 |   7.000137 |      8 | 0.899396 | 2.547464
1961 | 588000.0 | 588300.0 | 0.004788 | 0.015976 |   7.000137 |      8 | 0.899396 | 1.200000 | 1.323333 | 1.320000 | 1.290000 |   0.938930 |      475 |      397 |       77 |   6.999546 |      7 | 0.903892 | 2.433630
1962 | 588300.0 | 588600.0 | 0.004786 | 0.015974 |   6.999546 |      7 | 0.903892 | 1.200000 | 1.196667 | 1.123333 | 1.066667 |   1.773666 |      423 |      359 |       65 |   6.999562 |      7 | 0.912381 | 2.218668
1963 | 588600.0 | 588900.0 | 0.004785 | 0.015973 |   6.999562 |      7 | 0.912381 | 1.200000 | 1.190000 | 1.270000 | 1.140000 |   4.069302 |      421 |      357 |       64 |   6.999610 |      7 | 0.931851 | 1.725649
1964 | 588900.0 | 589200.0 | 0.004783 | 0.015972 |   6.999610 |      7 | 0.931851 | 1.200000 | 1.100000 | 1.056667 | 1.133333 |  -2.400024 |      401 |      330 |       71 |   7.000088 |      8 | 0.920372 | 2.016326
1965 | 589200.0 | 589500.0 | 0.004781 | 0.015971 |   7.000088 |      8 | 0.920372 | 1.200000 | 1.300000 | 1.173333 | 1.363333 |  -5.948327 |      468 |      390 |       77 |   6.999610 |      7 | 0.891930 | 2.736511
1966 | 589500.0 | 589800.0 | 0.004780 | 0.015970 |   6.999610 |      7 | 0.891930 | 1.200000 | 1.100000 | 1.106667 | 1.123333 |  -0.521822 |      405 |      330 |       76 |   7.000088 |      8 | 0.889436 | 2.799669
1967 | 589800.0 | 590100.0 | 0.004778 | 0.015968 |   7.000088 |      8 | 0.889436 | 1.200000 | 1.246667 | 1.276667 | 1.250000 |   0.834977 |      464 |      374 |       89 |   6.999865 |      7 | 0.893426 | 2.698644
1968 | 590100.0 | 590400.0 | 0.004777 | 0.015967 |   6.999865 |      7 | 0.893426 | 1.200000 | 1.130000 | 1.230000 | 1.063333 |   5.218996 |      412 |      339 |       74 |   7.000200 |      8 | 0.918355 | 2.067403
1969 | 590400.0 | 590700.0 | 0.004775 | 0.015966 |   7.000200 |      8 | 0.918355 | 1.200000 | 1.266667 | 1.363333 | 1.380000 |  -0.521938 |      462 |      380 |       81 |   6.999881 |      7 | 0.915862 | 2.130511
1970 | 590700.0 | 591000.0 | 0.004773 | 0.015965 |   6.999881 |      7 | 0.915862 | 1.200000 | 1.160000 | 1.143333 | 1.226667 |  -2.609886 |      415 |      348 |       68 |   7.000072 |      8 | 0.903405 | 2.445964
1971 | 591000.0 | 591300.0 | 0.004772 | 0.015964 |   7.000072 |      8 | 0.903405 | 1.200000 | 1.336667 | 1.336667 | 1.350000 |  -0.417613 |      478 |      401 |       76 |   6.999420 |      7 | 0.901412 | 2.496423
1972 | 591300.0 | 591600.0 | 0.004770 | 0.015963 |   6.999420 |      7 | 0.901412 | 1.200000 | 1.210000 | 1.203333 | 1.186667 |   0.522055 |      425 |      363 |       63 |   6.999372 |      7 | 0.903902 | 2.433366
1973 | 591600.0 | 591900.0 | 0.004768 | 0.015961 |   6.999372 |      7 | 0.903902 | 1.200000 | 1.140000 | 1.136667 | 1.096667 |   1.253024 |      414 |      342 |       72 |   6.999658 |      7 | 0.909877 | 2.282068
1974 | 591900.0 | 592200.0 | 0.004767 | 0.015960 |   6.999658 |      7 | 0.909877 | 1.200000 | 1.170000 | 1.126667 | 1.250000 |  -3.863777 |      417 |      351 |       66 |   6.999801 |      7 | 0.891459 | 2.748447
1975 | 592200.0 | 592500.0 | 0.004765 | 0.015959 |   6.999801 |      7 | 0.891459 | 1.200000 | 1.060000 | 1.210000 | 1.070000 |   4.386234 |      400 |      318 |       82 |   7.000469 |      8 | 0.912360 | 2.219183
1976 | 592500.0 | 592800.0 | 0.004764 | 0.015958 |   7.000469 |      8 | 0.912360 | 1.200000 | 1.346667 | 1.283333 | 1.276667 |   0.208884 |      480 |      404 |       75 |   6.999770 |      7 | 0.913356 | 2.193987
1977 | 592800.0 | 593100.0 | 0.004762 | 0.015957 |   6.999770 |      7 | 0.913356 | 1.200000 | 1.193333 | 1.230000 | 1.270000 |  -1.253395 |      420 |      358 |       63 |   6.999802 |      7 | 0.907387 | 2.345125
1978 | 593100.0 | 593400.0 | 0.004760 | 0.015955 |   6.999802 |      7 | 0.907387 | 1.200000 | 1.203333 | 1.123333 | 0.956667 |   5.222867 |      425 |      361 |       64 |   6.999786 |      7 | 0.932250 | 1.715546
1979 | 593400.0 | 593700.0 | 0.004759 | 0.015954 |   6.999786 |      7 | 0.932250 | 1.200000 | 1.193333 | 1.046667 | 1.270000 |  -6.999159 |      416 |      358 |       59 |   6.999818 |      7 | 0.898942 | 2.558961
1980 | 593700.0 | 594000.0 | 0.004757 | 0.015953 |   6.999818 |      7 | 0.898942 | 1.200000 | 1.156667 | 1.163333 | 1.093333 |   2.193928 |      416 |      347 |       68 |   7.000024 |      8 | 0.909379 | 2.294676
1981 | 594000.0 | 594300.0 | 0.004756 | 0.015952 |   7.000024 |      8 | 0.909379 | 1.200000 | 1.366667 | 1.390000 | 1.256667 |   4.179220 |      483 |      410 |       72 |   6.999231 |      7 | 0.929254 | 1.791410
1982 | 594300.0 | 594600.0 | 0.004754 | 0.015951 |   6.999231 |      7 | 0.929254 | 1.200000 | 1.283333 | 1.160000 | 1.120000 |   1.253859 |      435 |      385 |       51 |   6.998835 |      7 | 0.935215 | 1.640470
1983 | 594600.0 | 594900.0 | 0.004752 | 0.015950 |   6.998835 |      7 | 0.935215 | 1.200000 | 1.090000 | 1.056667 | 1.110000 |  -1.671935 |      397 |      327 |       72 |   6.999358 |      7 | 0.927269 | 1.841671
1984 | 594900.0 | 595200.0 | 0.004751 | 0.015948 |   6.999358 |      7 | 0.927269 | 1.200000 | 1.203333 | 1.126667 | 1.070000 |   1.776562 |      423 |      361 |       60 |   6.999342 |      7 | 0.935709 | 1.627951
1985 | 595200.0 | 595500.0 | 0.004749 | 0.015947 |   6.999342 |      7 | 0.935709 | 1.200000 | 1.226667 | 1.013333 | 1.213333 |  -6.270680 |      422 |      368 |       54 |   6.999215 |      7 | 0.905928 | 2.382059
1986 | 595500.0 | 595800.0 | 0.004748 | 0.015946 |   6.999215 |      7 | 0.905928 | 1.200000 | 1.213333 | 1.193333 | 1.126667 |   2.090381 |      427 |      364 |       63 |   6.999152 |      7 | 0.915853 | 2.130755
1987 | 595800.0 | 596100.0 | 0.004746 | 0.015945 |   6.999152 |      7 | 0.915853 | 1.200000 | 1.140000 | 1.200000 | 1.133333 |   2.090535 |      413 |      342 |       71 |   6.999437 |      7 | 0.925774 | 1.879517
1988 | 596100.0 | 596400.0 | 0.004744 | 0.015944 |   6.999437 |      7 | 0.925774 | 1.200000 | 1.270000 | 1.156667 | 1.206667 |  -1.568017 |      434 |      381 |       53 |   6.999105 |      7 | 0.918335 | 2.067896
1989 | 596400.0 | 596700.0 | 0.004743 | 0.015943 |   6.999105 |      7 | 0.918335 | 1.200000 | 1.140000 | 1.230000 | 1.170000 |   1.881758 |      410 |      342 |       69 |   6.999389 |      7 | 0.927260 | 1.841901
1990 | 596700.0 | 597000.0 | 0.004741 | 0.015941 |   6.999389 |      7 | 0.927260 | 1.200000 | 1.260000 | 1.096667 | 1.306667 |  -6.586638 |      434 |      378 |       55 |   6.999105 |      7 | 0.896031 | 2.632679
1991 | 597000.0 | 597300.0 | 0.004740 | 0.015940 |   6.999105 |      7 | 0.896031 | 1.200000 | 1.176667 | 1.166667 | 1.150000 |   0.522788 |      421 |      353 |       68 |   6.999215 |      7 | 0.898509 | 2.569935
1992 | 597300.0 | 597600.0 | 0.004738 | 0.015939 |   6.999215 |      7 | 0.898509 | 1.200000 | 1.146667 | 1.233333 | 1.186667 |   1.463913 |      414 |      344 |       70 |   6.999468 |      7 | 0.905445 | 2.394298
1993 | 597600.0 | 597900.0 | 0.004737 | 0.015938 |   6.999468 |      7 | 0.905445 | 1.200000 | 1.123333 | 1.083333 | 1.233333 |  -4.705779 |      411 |      337 |       74 |   6.999831 |      7 | 0.883156 | 2.958697
1994 | 597900.0 | 598200.0 | 0.004735 | 0.015937 |   6.999831 |      7 | 0.883156 | 1.200000 | 1.106667 | 1.213333 | 1.073333 |   4.392383 |      407 |      332 |       76 |   7.000273 |      8 | 0.903954 | 2.432062
1995 | 598200.0 | 598500.0 | 0.004733 | 0.015936 |   7.000273 |      8 | 0.903954 | 1.200000 | 1.366667 | 1.320000 | 1.350000 |  -0.941294 |      481 |      410 |       70 |   6.999484 |      7 | 0.899498 | 2.544883
1996 | 598500.0 | 598800.0 | 0.004732 | 0.015934 |   6.999484 |      7 | 0.899498 | 1.200000 | 1.146667 | 1.223333 | 1.203333 |   0.627575 |      415 |      344 |       71 |   6.999736 |      7 | 0.902468 | 2.469689
1997 | 598800.0 | 599100.0 | 0.004730 | 0.015933 |   6.999736 |      7 | 0.902468 | 1.200000 | 1.156667 | 1.170000 | 1.190000 |  -0.627621 |      416 |      347 |       69 |   6.999941 |      7 | 0.899499 | 2.544864
1998 | 599100.0 | 599400.0 | 0.004729 | 0.015932 |   6.999941 |      7 | 0.899499 | 1.200000 | 1.190000 | 1.140000 | 1.223333 |  -2.615280 |      424 |      357 |       67 |   6.999989 |      7 | 0.887132 | 2.858010
1999 | 599400.0 | 599700.0 | 0.004727 | 0.015931 |   6.999989 |      7 | 0.887132 | 1.200000 | 1.183333 | 1.133333 | 1.200000 |  -2.092377 |      422 |      355 |       67 |   7.000067 |      8 | 0.877241 | 3.108462
2000 | 599700.0 | 600000.0 | 0.004725 | 0.015930 |   7.000067 |      8 | 0.877241 | 1.200000 | 1.173333 | 1.276667 | 1.313333 |  -1.150892 |      449 |      352 |       96 |   7.000193 |      8 | 0.871803 | 3.246175
