QTSP continuous window-size and Werner-parameter update.
Main run: one continuous QTSP simulation, updated at each source T_W boundary.
Update rule: W_next = W + gamma * (target_tp - observed_tp).
Update rule: w_next = w + gamma * ((tp_plus - tp_minus) / (w_plus - w_minus)).
Werner plus/minus probes are independent one-window QTSP runs; the main run is not restarted.
Werner parameter is clamped to [1.0e-6, 0.999999].

Initial update parameters:
  target_tp = 1.0
  iterations = 2000
  sim_time = 600000.0
  window_stats_interval = 300.0
  initial_window_size = 10
  initial_werner_w = 0.12950032651969776
  max_window_size = 100
  min_window_size = 1.0
  werner_bounds = [1.0e-6, 0.999999]
  rng_seed = 42
  parallel_within_iteration = true
  julia_threads = 1
  probe_repeats = 1
  gamma(1) = 0.03953438965034929
  delta(1) = 0.027722633142456987

Default simulation parameters before run overrides:
  flow_uuid = 4001
  werner_w = 0.75
  chi = 30.0
  send_rate = nothing
  distance_km = 25.0
  a_eta = 1.0
  beta_per_km = 0.046
  detector_a_p = 0.9
  detection_prob = nothing
  initial_window_size = 10
  max_window_size = 100
  memory_slots = nothing
  classical_delay = 0.0
  edge_classical_delays = nothing
  quantum_delay = 1.0
  initial_delay = 0.0
  source_ack_timeout = 10.0
  window_stats_interval = 1000.0

Run simulation parameters:
  source_node = 22
  destination_node = 9
  flow_uuid = 4001
  chi = 30.0
  send_rate = nothing
  distance_km = 25.0
  a_eta = 1.0
  beta_per_km = 0.046
  detector_a_p = 0.9
  detection_prob = nothing
  memory_slots = nothing
  classical_delay_fallback = 0.0
  edge_classical_delays = provided (68 edges; min=1.449228e-05, max=0.000561314176, mean=0.000157884802)
  quantum_delay = 1.0
  initial_delay = 0.0
  source_ack_timeout = 10.0

iter |    start |      end |    gamma |    delta |      W_est |  W_run |        w |   target |       tp |  tp_plus | tp_minus |     w_grad |     sent |    acked |  timeout |     W_next | Wrun_n |   w_next |   rate_n
-----------------------------------------------------------------------------------------------------------------------------------------------------------------------------------------------------------------------
   1 | 0.000000 | 300.0000 | 0.039534 | 0.027723 |  10.000000 |     10 | 0.129500 | 1.000000 | 0.366667 | 0.353333 | 0.310000 |   0.781552 |      336 |      110 |      216 |  10.025038 |     11 | 0.160398 | 21.26015
   2 | 300.0000 | 600.0000 | 0.039263 | 0.027642 |  10.025038 |     11 | 0.160398 | 1.000000 | 0.420000 | 0.470000 | 0.426667 |   0.783831 |      371 |      126 |      244 |  10.047811 |     11 | 0.191174 | 20.48087
   3 | 600.0000 | 900.0000 | 0.038995 | 0.027563 |  10.047811 |     11 | 0.191174 | 1.000000 | 0.430000 | 0.473333 | 0.433333 |   0.725607 |      367 |      129 |      238 |  10.070038 |     11 | 0.219469 | 19.76438
   4 | 900.0000 | 1200.000 | 0.038733 | 0.027486 |  10.070038 |     11 | 0.219469 | 1.000000 | 0.476667 | 0.480000 | 0.470000 |   0.181911 |      373 |      143 |      230 |  10.090308 |     11 | 0.226515 | 19.58596
   5 | 1200.000 | 1500.000 | 0.038474 | 0.027410 |  10.090308 |     11 | 0.226515 | 1.000000 | 0.440000 | 0.506667 | 0.456667 |   0.912062 |      371 |      132 |      239 |  10.111854 |     11 | 0.261606 | 18.69741
   6 | 1500.000 | 1800.000 | 0.038220 | 0.027336 |  10.111854 |     11 | 0.261606 | 1.000000 | 0.443333 | 0.523333 | 0.483333 |   0.731624 |      370 |      133 |      237 |  10.133129 |     11 | 0.289568 | 17.98935
   7 | 1800.000 | 2100.000 | 0.037969 | 0.027264 |  10.133129 |     11 | 0.289568 | 1.000000 | 0.493333 | 0.603333 | 0.543333 |   1.100354 |      374 |      148 |      226 |  10.152367 |     11 | 0.331348 | 16.93142
   8 | 2100.000 | 2400.000 | 0.037723 | 0.027193 |  10.152367 |     11 | 0.331348 | 1.000000 | 0.586667 | 0.580000 | 0.550000 |   0.551614 |      382 |      176 |      206 |  10.167959 |     11 | 0.352156 | 16.40452
   9 | 2400.000 | 2700.000 | 0.037480 | 0.027123 |  10.167959 |     11 | 0.352156 | 1.000000 | 0.566667 | 0.656667 | 0.596667 |   1.106061 |      380 |      170 |      210 |  10.184200 |     11 | 0.393611 | 15.35480
  10 | 2700.000 | 3000.000 | 0.037241 | 0.027055 |  10.184200 |     11 | 0.393611 | 1.000000 | 0.626667 | 0.690000 | 0.646667 |   0.800838 |      387 |      188 |      199 |  10.198104 |     11 | 0.423436 | 14.59959
  11 | 3000.000 | 3300.000 | 0.037006 | 0.026988 |  10.198104 |     11 | 0.423436 | 1.000000 | 0.596667 | 0.703333 | 0.600000 |   1.914432 |      385 |      179 |      206 |  10.213030 |     11 | 0.494281 | 12.80566
  12 | 3300.000 | 3600.000 | 0.036775 | 0.026922 |  10.213030 |     11 | 0.494281 | 1.000000 | 0.746667 | 0.723333 | 0.673333 |   0.928600 |      397 |      224 |      173 |  10.222346 |     11 | 0.528430 | 11.94095
  13 | 3600.000 | 3900.000 | 0.036546 | 0.026858 |  10.222346 |     11 | 0.528430 | 1.000000 | 0.726667 | 0.823333 | 0.683333 |   2.606328 |      396 |      218 |      178 |  10.232335 |     11 | 0.623682 | 9.529010
  14 | 3900.000 | 4200.000 | 0.036322 | 0.026794 |  10.232335 |     11 | 0.623682 | 1.000000 | 0.853333 | 0.976667 | 0.793333 |   3.421121 |      407 |      256 |      151 |  10.237662 |     11 | 0.747943 | 6.382507
  15 | 4200.000 | 4500.000 | 0.036100 | 0.026732 |  10.237662 |     11 | 0.747943 | 1.000000 | 1.053333 | 1.046667 | 0.956667 |   1.683370 |      424 |      316 |      108 |  10.235737 |     11 | 0.808714 | 4.843699
  16 | 4500.000 | 4800.000 | 0.035882 | 0.026671 |  10.235737 |     11 | 0.808714 | 1.000000 | 1.106667 | 1.076667 | 1.016667 |   1.124820 |      428 |      332 |       96 |  10.231910 |     11 | 0.849075 | 3.821689
  17 | 4800.000 | 5100.000 | 0.035667 | 0.026611 |  10.231910 |     11 | 0.849075 | 1.000000 | 1.073333 | 1.140000 | 1.156667 |  -0.313155 |      427 |      322 |      105 |  10.229294 |     11 | 0.837905 | 4.104517
  18 | 5100.000 | 5400.000 | 0.035455 | 0.026552 |  10.229294 |     11 | 0.837905 | 1.000000 | 1.126667 | 1.126667 | 1.053333 |   1.380949 |      431 |      338 |       93 |  10.224803 |     11 | 0.886867 | 2.864712
  19 | 5400.000 | 5700.000 | 0.035247 | 0.026494 |  10.224803 |     11 | 0.886867 | 1.000000 | 1.200000 | 1.243333 | 1.166667 |   1.446885 |      436 |      360 |       76 |  10.217754 |     11 | 0.937865 | 1.573361
  20 | 5700.000 | 6000.000 | 0.035041 | 0.026437 |  10.217754 |     11 | 0.937865 | 1.000000 | 1.263333 | 0.780000 | 1.230000 |  -8.510934 |      432 |      379 |       53 |  10.208526 |     11 | 0.639636 | 9.125040
  21 | 6000.000 | 6300.000 | 0.034838 | 0.026380 |  10.208526 |     11 | 0.639636 | 1.000000 | 0.973333 | 0.970000 | 0.866667 |   1.958525 |      417 |      292 |      125 |  10.209455 |     11 | 0.707866 | 7.397323
  22 | 6300.000 | 6600.000 | 0.034638 | 0.026325 |  10.209455 |     11 | 0.707866 | 1.000000 | 0.973333 | 1.063333 | 0.963333 |   1.899328 |      418 |      292 |      126 |  10.210379 |     11 | 0.773655 | 5.731453
  23 | 6600.000 | 6900.000 | 0.034440 | 0.026271 |  10.210379 |     11 | 0.773655 | 1.000000 | 0.996667 | 1.090000 | 1.090000 |   0.000000 |      419 |      299 |      120 |  10.210494 |     11 | 0.773655 | 5.731453
  24 | 6900.000 | 7200.000 | 0.034246 | 0.026217 |  10.210494 |     11 | 0.773655 | 1.000000 | 1.110000 | 1.106667 | 1.040000 |   1.271433 |      429 |      333 |       96 |  10.206727 |     11 | 0.817196 | 4.628920
  25 | 7200.000 | 7500.000 | 0.034054 | 0.026164 |  10.206727 |     11 | 0.817196 | 1.000000 | 1.116667 | 1.100000 | 1.073333 |   0.509598 |      431 |      335 |       96 |  10.202754 |     11 | 0.834549 | 4.189496
  26 | 7500.000 | 7800.000 | 0.033864 | 0.026112 |  10.202754 |     11 | 0.834549 | 1.000000 | 1.160000 | 1.156667 | 1.130000 |   0.510612 |      433 |      348 |       85 |  10.197336 |     11 | 0.851841 | 3.751646
  27 | 7800.000 | 8100.000 | 0.033677 | 0.026061 |  10.197336 |     11 | 0.851841 | 1.000000 | 1.156667 | 1.133333 | 1.136667 |  -0.063952 |      433 |      347 |       86 |  10.192060 |     11 | 0.849687 | 3.806182
  28 | 8100.000 | 8400.000 | 0.033493 | 0.026011 |  10.192060 |     11 | 0.849687 | 1.000000 | 1.143333 | 1.186667 | 1.086667 |   1.922269 |      433 |      343 |       90 |  10.187259 |     11 | 0.914069 | 2.175909
  29 | 8400.000 | 8700.000 | 0.033311 | 0.025961 |  10.187259 |     11 | 0.914069 | 1.000000 | 1.223333 | 1.186667 | 1.176667 |   0.192595 |      436 |      367 |       69 |  10.179819 |     11 | 0.920485 | 2.013457
  30 | 8700.000 | 9000.000 | 0.033131 | 0.025912 |  10.179819 |     11 | 0.920485 | 1.000000 | 1.240000 | 1.110000 | 1.233333 |  -2.379819 |      437 |      372 |       65 |  10.171868 |     11 | 0.841638 | 4.009992
  31 | 9000.000 | 9300.000 | 0.032954 | 0.025864 |  10.171868 |     11 | 0.841638 | 1.000000 | 1.140000 | 1.166667 | 1.140000 |   0.515515 |      431 |      342 |       89 |  10.167254 |     11 | 0.858627 | 3.579817
  32 | 9300.000 | 9600.000 | 0.032779 | 0.025817 |  10.167254 |     11 | 0.858627 | 1.000000 | 1.120000 | 1.140000 | 1.096667 |   0.839255 |      431 |      336 |       95 |  10.163321 |     11 | 0.886137 | 2.883214
  33 | 9600.000 | 9900.000 | 0.032606 | 0.025770 |  10.163321 |     11 | 0.886137 | 1.000000 | 1.136667 | 1.240000 | 1.103333 |   2.651700 |      429 |      341 |       88 |  10.158865 |     11 | 0.972599 | 0.693833
  34 | 9900.000 | 10200.00 | 0.032436 | 0.025723 |  10.158865 |     11 | 0.972599 | 1.000000 | 0.610000 | 0.043333 | 1.126667 | -21.057364 |      208 |      183 |       30 |  10.171515 |     11 | 0.289584 | 17.98896
  35 | 10200.00 | 10500.00 | 0.032268 | 0.025678 |  10.171515 |     11 | 0.289584 | 1.000000 | 0.606667 | 0.536667 | 0.593333 |  -1.103419 |      387 |      182 |      200 |  10.184207 |     11 | 0.253979 | 18.89053
  36 | 10500.00 | 10800.00 | 0.032101 | 0.025633 |  10.184207 |     11 | 0.253979 | 1.000000 | 0.403333 | 0.453333 | 0.420000 |   0.650210 |      367 |      121 |      246 |  10.203360 |     11 | 0.274852 | 18.36200
  37 | 10800.00 | 11100.00 | 0.031937 | 0.025588 |  10.203360 |     11 | 0.274852 | 1.000000 | 0.460000 | 0.483333 | 0.520000 |  -0.716472 |      370 |      138 |      232 |  10.220606 |     11 | 0.251970 | 18.94141
  38 | 11100.00 | 11400.00 | 0.031775 | 0.025545 |  10.220606 |     11 | 0.251970 | 1.000000 | 0.533333 | 0.543333 | 0.450000 |   1.826876 |      379 |      160 |      219 |  10.235435 |     11 | 0.310018 | 17.47152
  39 | 11400.00 | 11700.00 | 0.031615 | 0.025501 |  10.235435 |     11 | 0.310018 | 1.000000 | 0.490000 | 0.610000 | 0.550000 |   1.176413 |      374 |      147 |      227 |  10.251558 |     11 | 0.347210 | 16.52975
  40 | 11700.00 | 12000.00 | 0.031456 | 0.025459 |  10.251558 |     11 | 0.347210 | 1.000000 | 0.610000 | 0.573333 | 0.596667 |  -0.458261 |      384 |      183 |      201 |  10.263826 |     11 | 0.332795 | 16.89477
  41 | 12000.00 | 12300.00 | 0.031300 | 0.025416 |  10.263826 |     11 | 0.332795 | 1.000000 | 0.623333 | 0.590000 | 0.576667 |   0.262298 |      387 |      187 |      200 |  10.275616 |     11 | 0.341005 | 16.68688
  42 | 12300.00 | 12600.00 | 0.031146 | 0.025375 |  10.275616 |     11 | 0.341005 | 1.000000 | 0.506667 | 0.600000 | 0.570000 |   0.591139 |      374 |      152 |      222 |  10.290981 |     11 | 0.359417 | 16.22067
  43 | 12600.00 | 12900.00 | 0.030993 | 0.025334 |  10.290981 |     11 | 0.359417 | 1.000000 | 0.596667 | 0.643333 | 0.620000 |   0.460521 |      385 |      179 |      206 |  10.303482 |     11 | 0.373689 | 15.85925
  44 | 12900.00 | 13200.00 | 0.030842 | 0.025293 |  10.303482 |     11 | 0.373689 | 1.000000 | 0.613333 | 0.663333 | 0.513333 |   2.965244 |      385 |      184 |      201 |  10.315407 |     11 | 0.465144 | 13.54346
  45 | 13200.00 | 13500.00 | 0.030693 | 0.025253 |  10.315407 |     11 | 0.465144 | 1.000000 | 0.703333 | 0.756667 | 0.690000 |   1.319980 |      394 |      211 |      183 |  10.324513 |     11 | 0.505659 | 12.51757
  46 | 13500.00 | 13800.00 | 0.030546 | 0.025213 |  10.324513 |     11 | 0.505659 | 1.000000 | 0.786667 | 0.703333 | 0.676667 |   0.528822 |      401 |      236 |      165 |  10.331029 |     11 | 0.521812 | 12.10854
  47 | 13800.00 | 14100.00 | 0.030400 | 0.025174 |  10.331029 |     11 | 0.521812 | 1.000000 | 0.776667 | 0.786667 | 0.760000 |   0.529645 |      400 |      233 |      167 |  10.337819 |     11 | 0.537913 | 11.70082
  48 | 14100.00 | 14400.00 | 0.030256 | 0.025135 |  10.337819 |     11 | 0.537913 | 1.000000 | 0.816667 | 0.806667 | 0.806667 |   0.000000 |      402 |      245 |      157 |  10.343366 |     11 | 0.537913 | 11.70082
  49 | 14400.00 | 14700.00 | 0.030114 | 0.025097 |  10.343366 |     11 | 0.537913 | 1.000000 | 0.823333 | 0.850000 | 0.760000 |   1.793031 |      405 |      247 |      158 |  10.348686 |     11 | 0.591909 | 10.33356
  50 | 14700.00 | 15000.00 | 0.029973 | 0.025059 |  10.348686 |     11 | 0.591909 | 1.000000 | 0.830000 | 0.816667 | 0.823333 |  -0.133017 |      405 |      249 |      156 |  10.353782 |     11 | 0.587922 | 10.43452
  51 | 15000.00 | 15300.00 | 0.029834 | 0.025022 |  10.353782 |     11 | 0.587922 | 1.000000 | 0.880000 | 0.910000 | 0.806667 |   2.064851 |      409 |      264 |      145 |  10.357362 |     11 | 0.649525 | 8.874621
  52 | 15300.00 | 15600.00 | 0.029697 | 0.024985 |  10.357362 |     11 | 0.649525 | 1.000000 | 0.876667 | 0.930000 | 0.946667 |  -0.333533 |      409 |      263 |      146 |  10.361024 |     11 | 0.639620 | 9.125429
  53 | 15600.00 | 15900.00 | 0.029561 | 0.024948 |  10.361024 |     11 | 0.639620 | 1.000000 | 0.956667 | 0.950000 | 0.860000 |   1.803716 |      415 |      287 |      128 |  10.362305 |     11 | 0.692940 | 7.775293
  54 | 15900.00 | 16200.00 | 0.029426 | 0.024912 |  10.362305 |     11 | 0.692940 | 1.000000 | 0.940000 | 0.996667 | 0.983333 |   0.267605 |      415 |      282 |      133 |  10.364071 |     11 | 0.700814 | 7.575895
  55 | 16200.00 | 16500.00 | 0.029293 | 0.024877 |  10.364071 |     11 | 0.700814 | 1.000000 | 0.930000 | 0.963333 | 1.023333 |  -1.205951 |      415 |      279 |      136 |  10.366121 |     11 | 0.665488 | 8.470416
  56 | 16500.00 | 16800.00 | 0.029162 | 0.024841 |  10.366121 |     11 | 0.665488 | 1.000000 | 0.960000 | 0.970000 | 0.896667 |   1.476037 |      417 |      288 |      129 |  10.367288 |     11 | 0.708532 | 7.380474
  57 | 16800.00 | 17100.00 | 0.029032 | 0.024806 |  10.367288 |     11 | 0.708532 | 1.000000 | 1.020000 | 1.000000 | 0.926667 |   1.478118 |      420 |      306 |      114 |  10.366707 |     11 | 0.751444 | 6.293867
  58 | 17100.00 | 17400.00 | 0.028903 | 0.024772 |  10.366707 |     11 | 0.751444 | 1.000000 | 1.033333 | 1.140000 | 1.016667 |   2.489396 |      422 |      310 |      112 |  10.365744 |     11 | 0.823394 | 4.471956
  59 | 17400.00 | 17700.00 | 0.028775 | 0.024738 |  10.365744 |     11 | 0.823394 | 1.000000 | 1.113333 | 1.130000 | 1.070000 |   1.212733 |      429 |      334 |       95 |  10.362483 |     11 | 0.858291 | 3.588306
  60 | 17700.00 | 18000.00 | 0.028649 | 0.024704 |  10.362483 |     11 | 0.858291 | 1.000000 | 1.153333 | 1.236667 | 1.143333 |   1.889060 |      434 |      346 |       88 |  10.358090 |     11 | 0.912412 | 2.217882
  61 | 18000.00 | 18300.00 | 0.028525 | 0.024670 |  10.358090 |     11 | 0.912412 | 1.000000 | 1.256667 | 1.206667 | 1.230000 |  -0.472906 |      440 |      377 |       63 |  10.350768 |     11 | 0.898922 | 2.559460
  62 | 18300.00 | 18600.00 | 0.028401 | 0.024637 |  10.350768 |     11 | 0.898922 | 1.000000 | 1.290000 | 1.163333 | 1.150000 |   0.270596 |      444 |      387 |       57 |  10.342532 |     11 | 0.906608 | 2.364855
  63 | 18600.00 | 18900.00 | 0.028279 | 0.024604 |  10.342532 |     11 | 0.906608 | 1.000000 | 1.230000 | 1.220000 | 1.193333 |   0.541914 |      438 |      369 |       69 |  10.336028 |     11 | 0.921933 | 1.976801
  64 | 18900.00 | 19200.00 | 0.028158 | 0.024572 |  10.336028 |     11 | 0.921933 | 1.000000 | 1.226667 | 1.106667 | 1.163333 |  -1.153091 |      434 |      368 |       66 |  10.329645 |     11 | 0.889463 | 2.798979
  65 | 19200.00 | 19500.00 | 0.028039 | 0.024539 |  10.329645 |     11 | 0.889463 | 1.000000 | 1.170000 | 1.193333 | 1.176667 |   0.339589 |      432 |      351 |       81 |  10.324878 |     11 | 0.898985 | 2.557873
  66 | 19500.00 | 19800.00 | 0.027921 | 0.024508 |  10.324878 |     11 | 0.898985 | 1.000000 | 1.236667 | 1.176667 | 1.183333 |  -0.136012 |      439 |      371 |       68 |  10.318271 |     11 | 0.895187 | 2.654033
  67 | 19800.00 | 20100.00 | 0.027803 | 0.024476 |  10.318271 |     11 | 0.895187 | 1.000000 | 1.216667 | 1.206667 | 1.126667 |   1.634248 |      439 |      365 |       74 |  10.312246 |     11 | 0.940625 | 1.503473
  68 | 20100.00 | 20400.00 | 0.027687 | 0.024445 |  10.312246 |     11 | 0.940625 | 1.000000 | 1.246667 | 0.760000 | 1.200000 |  -8.999844 |      421 |      374 |       50 |  10.305417 |     11 | 0.691442 | 7.813216
  69 | 20400.00 | 20700.00 | 0.027573 | 0.024414 |  10.305417 |     11 | 0.691442 | 1.000000 | 0.970000 | 0.996667 | 0.863333 |   2.730680 |      418 |      291 |      124 |  10.306244 |     11 | 0.766734 | 5.906687
  70 | 20700.00 | 21000.00 | 0.027459 | 0.024383 |  10.306244 |     11 | 0.766734 | 1.000000 | 1.006667 | 1.066667 | 0.933333 |   2.734110 |      421 |      302 |      119 |  10.306061 |     11 | 0.841810 | 4.005631
  71 | 21000.00 | 21300.00 | 0.027347 | 0.024353 |  10.306061 |     11 | 0.841810 | 1.000000 | 1.153333 | 1.193333 | 1.123333 |   1.437195 |      432 |      346 |       86 |  10.301868 |     11 | 0.881113 | 3.010428
  72 | 21300.00 | 21600.00 | 0.027235 | 0.024323 |  10.301868 |     11 | 0.881113 | 1.000000 | 1.160000 | 1.126667 | 1.133333 |  -0.137045 |      435 |      348 |       87 |  10.297510 |     11 | 0.877380 | 3.104940
  73 | 21600.00 | 21900.00 | 0.027125 | 0.024293 |  10.297510 |     11 | 0.877380 | 1.000000 | 1.163333 | 1.170000 | 1.150000 |   0.411638 |      431 |      349 |       82 |  10.293080 |     11 | 0.888546 | 2.822207
  74 | 21900.00 | 22200.00 | 0.027016 | 0.024264 |  10.293080 |     11 | 0.888546 | 1.000000 | 1.183333 | 1.190000 | 1.206667 |  -0.343449 |      437 |      355 |       82 |  10.288127 |     11 | 0.879268 | 3.057154
  75 | 22200.00 | 22500.00 | 0.026908 | 0.024234 |  10.288127 |     11 | 0.879268 | 1.000000 | 1.136667 | 1.210000 | 1.133333 |   1.581769 |      431 |      341 |       90 |  10.284450 |     11 | 0.921829 | 1.979425
  76 | 22500.00 | 22800.00 | 0.026800 | 0.024206 |  10.284450 |     11 | 0.921829 | 1.000000 | 1.166667 | 1.136667 | 1.186667 |  -1.032822 |      426 |      350 |       76 |  10.279983 |     11 | 0.894149 | 2.680331
  77 | 22800.00 | 23100.00 | 0.026694 | 0.024177 |  10.279983 |     11 | 0.894149 | 1.000000 | 1.200000 | 1.226667 | 1.196667 |   0.620429 |      436 |      360 |       76 |  10.274644 |     11 | 0.910711 | 2.260955
  78 | 23100.00 | 23400.00 | 0.026589 | 0.024148 |  10.274644 |     11 | 0.910711 | 1.000000 | 1.240000 | 1.120000 | 1.220000 |  -2.070530 |      439 |      372 |       67 |  10.268263 |     11 | 0.855657 | 3.655013
  79 | 23400.00 | 23700.00 | 0.026485 | 0.024120 |  10.268263 |     11 | 0.855657 | 1.000000 | 1.170000 | 1.123333 | 1.090000 |   0.690983 |      434 |      351 |       83 |  10.263760 |     11 | 0.873958 | 3.191605
  80 | 23700.00 | 24000.00 | 0.026382 | 0.024092 |  10.263760 |     11 | 0.873958 | 1.000000 | 1.153333 | 1.233333 | 1.186667 |   0.968497 |      432 |      346 |       86 |  10.259715 |     11 | 0.899509 | 2.544610
  81 | 24000.00 | 24300.00 | 0.026280 | 0.024065 |  10.259715 |     11 | 0.899509 | 1.000000 | 1.203333 | 1.263333 | 1.166667 |   2.008480 |      436 |      361 |       75 |  10.254371 |     11 | 0.952292 | 1.208059
  82 | 24300.00 | 24600.00 | 0.026179 | 0.024037 |  10.254371 |     11 | 0.952292 | 1.000000 | 1.033333 | 0.536667 | 1.170000 | -13.174024 |      362 |      310 |       54 |  10.253499 |     11 | 0.607411 | 9.941023
  83 | 24600.00 | 24900.00 | 0.026079 | 0.024010 |  10.253499 |     11 | 0.607411 | 1.000000 | 0.886667 | 0.900000 | 0.836667 |   1.318895 |      410 |      266 |      142 |  10.256454 |     11 | 0.641806 | 9.070084
  84 | 24900.00 | 25200.00 | 0.025979 | 0.023983 |  10.256454 |     11 | 0.641806 | 1.000000 | 0.890000 | 0.993333 | 0.803333 |   3.961132 |      411 |      267 |      144 |  10.259312 |     11 | 0.744714 | 6.464290
  85 | 25200.00 | 25500.00 | 0.025881 | 0.023956 |  10.259312 |     11 | 0.744714 | 1.000000 | 1.066667 | 0.943333 | 1.003333 |  -1.252280 |      425 |      320 |      105 |  10.257587 |     11 | 0.712303 | 7.284971
  86 | 25500.00 | 25800.00 | 0.025783 | 0.023930 |  10.257587 |     11 | 0.712303 | 1.000000 | 0.953333 | 0.980000 | 1.006667 |  -0.557185 |      414 |      286 |      128 |  10.258790 |     11 | 0.697937 | 7.648747
  87 | 25800.00 | 26100.00 | 0.025687 | 0.023904 |  10.258790 |     11 | 0.697937 | 1.000000 | 0.970000 | 0.980000 | 0.956667 |   0.488073 |      418 |      291 |      127 |  10.259560 |     11 | 0.710474 | 7.331287
  88 | 26100.00 | 26400.00 | 0.025591 | 0.023877 |  10.259560 |     11 | 0.710474 | 1.000000 | 1.066667 | 0.963333 | 0.953333 |   0.209403 |      426 |      320 |      106 |  10.257854 |     11 | 0.715833 | 7.195592
  89 | 26400.00 | 26700.00 | 0.025496 | 0.023852 |  10.257854 |     11 | 0.715833 | 1.000000 | 1.030000 | 0.943333 | 0.943333 |   0.000000 |      424 |      309 |      115 |  10.257089 |     11 | 0.715833 | 7.195592
  90 | 26700.00 | 27000.00 | 0.025402 | 0.023826 |  10.257089 |     11 | 0.715833 | 1.000000 | 1.020000 | 0.980000 | 0.920000 |   1.259130 |      421 |      306 |      115 |  10.256581 |     11 | 0.747818 | 6.385683
  91 | 27000.00 | 27300.00 | 0.025309 | 0.023801 |  10.256581 |     11 | 0.747818 | 1.000000 | 0.973333 | 0.993333 | 0.953333 |   0.840316 |      418 |      292 |      126 |  10.257256 |     11 | 0.769086 | 5.847150
  92 | 27300.00 | 27600.00 | 0.025217 | 0.023775 |  10.257256 |     11 | 0.769086 | 1.000000 | 1.073333 | 1.093333 | 1.036667 |   1.191711 |      427 |      322 |      105 |  10.255407 |     11 | 0.799137 | 5.086205
  93 | 27600.00 | 27900.00 | 0.025125 | 0.023750 |  10.255407 |     11 | 0.799137 | 1.000000 | 1.056667 | 1.076667 | 1.050000 |   0.561396 |      424 |      317 |      107 |  10.253983 |     11 | 0.813242 | 4.729037
  94 | 27900.00 | 28200.00 | 0.025034 | 0.023726 |  10.253983 |     11 | 0.813242 | 1.000000 | 1.103333 | 1.140000 | 0.996667 |   3.020658 |      428 |      331 |       97 |  10.251396 |     11 | 0.888863 | 2.814192
  95 | 28200.00 | 28500.00 | 0.024945 | 0.023701 |  10.251396 |     11 | 0.888863 | 1.000000 | 1.173333 | 1.223333 | 1.150000 |   1.547058 |      435 |      352 |       83 |  10.247073 |     11 | 0.927453 | 1.837010
  96 | 28500.00 | 28800.00 | 0.024855 | 0.023676 |  10.247073 |     11 | 0.927453 | 1.000000 | 1.280000 | 1.010000 | 1.223333 |  -4.505175 |      438 |      384 |       54 |  10.240113 |     11 | 0.815475 | 4.672483
  97 | 28800.00 | 29100.00 | 0.024767 | 0.023652 |  10.240113 |     11 | 0.815475 | 1.000000 | 1.106667 | 1.063333 | 1.060000 |   0.070465 |      428 |      332 |       96 |  10.237471 |     11 | 0.817220 | 4.628291
  98 | 29100.00 | 29400.00 | 0.024679 | 0.023628 |  10.237471 |     11 | 0.817220 | 1.000000 | 1.190000 | 1.143333 | 0.993333 |   3.174172 |      438 |      357 |       81 |  10.232782 |     11 | 0.895557 | 2.644673
  99 | 29400.00 | 29700.00 | 0.024593 | 0.023604 |  10.232782 |     11 | 0.895557 | 1.000000 | 1.213333 | 1.260000 | 1.240000 |   0.423651 |      437 |      364 |       73 |  10.227536 |     11 | 0.905976 | 2.380856
 100 | 29700.00 | 30000.00 | 0.024506 | 0.023581 |  10.227536 |     11 | 0.905976 | 1.000000 | 1.180000 | 1.256667 | 1.166667 |   1.908342 |      435 |      354 |       81 |  10.223125 |     11 | 0.952742 | 1.196646
 101 | 30000.00 | 30300.00 | 0.024421 | 0.023557 |  10.223125 |     11 | 0.952742 | 1.000000 | 1.033333 | 0.540000 | 1.260000 | -15.281959 |      358 |      310 |       50 |  10.222311 |     11 | 0.579542 | 10.64671
 102 | 30300.00 | 30600.00 | 0.024336 | 0.023534 |  10.222311 |     11 | 0.579542 | 1.000000 | 0.916667 | 0.833333 | 0.690000 |   3.045256 |      413 |      275 |      136 |  10.224339 |     11 | 0.653652 | 8.770119
 103 | 30600.00 | 30900.00 | 0.024252 | 0.023511 |  10.224339 |     11 | 0.653652 | 1.000000 | 0.953333 | 0.880000 | 0.870000 |   0.212669 |      418 |      286 |      132 |  10.225470 |     11 | 0.658810 | 8.639517
 104 | 30900.00 | 31200.00 | 0.024169 | 0.023488 |  10.225470 |     11 | 0.658810 | 1.000000 | 0.880000 | 0.913333 | 0.913333 |   0.000000 |      406 |      264 |      142 |  10.228371 |     11 | 0.658810 | 8.639517
 105 | 31200.00 | 31500.00 | 0.024086 | 0.023465 |  10.228371 |     11 | 0.658810 | 1.000000 | 0.906667 | 0.960000 | 0.840000 |   2.557002 |      414 |      272 |      142 |  10.230619 |     11 | 0.720399 | 7.079977
 106 | 31500.00 | 31800.00 | 0.024005 | 0.023442 |  10.230619 |     11 | 0.720399 | 1.000000 | 0.933333 | 1.036667 | 0.960000 |   1.635217 |      412 |      280 |      132 |  10.232219 |     11 | 0.759652 | 6.086034
 107 | 31800.00 | 32100.00 | 0.023923 | 0.023420 |  10.232219 |     11 | 0.759652 | 1.000000 | 0.983333 | 1.070000 | 1.053333 |   0.355823 |      419 |      295 |      124 |  10.232618 |     11 | 0.768164 | 5.870484
 108 | 32100.00 | 32400.00 | 0.023843 | 0.023398 |  10.232618 |     11 | 0.768164 | 1.000000 | 1.036667 | 1.020000 | 1.016667 |   0.071232 |      422 |      311 |      111 |  10.231744 |     11 | 0.769862 | 5.827479
 109 | 32400.00 | 32700.00 | 0.023763 | 0.023375 |  10.231744 |     11 | 0.769862 | 1.000000 | 1.020000 | 1.130000 | 0.993333 |   2.923292 |      421 |      306 |      115 |  10.231268 |     11 | 0.839328 | 4.068490
 110 | 32700.00 | 33000.00 | 0.023684 | 0.023354 |  10.231268 |     11 | 0.839328 | 1.000000 | 1.183333 | 1.130000 | 1.076667 |   1.141870 |      439 |      355 |       84 |  10.226926 |     11 | 0.866372 | 3.383702
 111 | 33000.00 | 33300.00 | 0.023605 | 0.023332 |  10.226926 |     11 | 0.866372 | 1.000000 | 1.243333 | 1.220000 | 1.136667 |   1.785840 |      440 |      373 |       68 |  10.221182 |     11 | 0.908526 | 2.316275
 112 | 33300.00 | 33600.00 | 0.023527 | 0.023310 |  10.221182 |     11 | 0.908526 | 1.000000 | 1.243333 | 1.200000 | 1.193333 |   0.143000 |      438 |      373 |       64 |  10.215458 |     11 | 0.911891 | 2.231084
 113 | 33600.00 | 33900.00 | 0.023450 | 0.023289 |  10.215458 |     11 | 0.911891 | 1.000000 | 1.240000 | 1.120000 | 1.186667 |  -1.431320 |      438 |      372 |       66 |  10.209830 |     11 | 0.878327 | 3.080977
 114 | 33900.00 | 34200.00 | 0.023373 | 0.023267 |  10.209830 |     11 | 0.878327 | 1.000000 | 1.193333 | 1.203333 | 1.196667 |   0.143263 |      435 |      358 |       77 |  10.205311 |     11 | 0.881675 | 2.996188
 115 | 34200.00 | 34500.00 | 0.023297 | 0.023246 |  10.205311 |     11 | 0.881675 | 1.000000 | 1.190000 | 1.170000 | 1.156667 |   0.286788 |      437 |      357 |       80 |  10.200885 |     11 | 0.888356 | 2.827009
 116 | 34500.00 | 34800.00 | 0.023221 | 0.023225 |  10.200885 |     11 | 0.888356 | 1.000000 | 1.210000 | 1.236667 | 1.196667 |   0.861145 |      437 |      363 |       74 |  10.196008 |     11 | 0.908353 | 2.320658
 117 | 34800.00 | 35100.00 | 0.023146 | 0.023204 |  10.196008 |     11 | 0.908353 | 1.000000 | 1.200000 | 1.270000 | 1.183333 |   1.867495 |      435 |      360 |       75 |  10.191379 |     11 | 0.951578 | 1.226120
 118 | 35100.00 | 35400.00 | 0.023072 | 0.023183 |  10.191379 |     11 | 0.951578 | 1.000000 | 1.083333 | 0.570000 | 1.170000 | -12.940398 |      368 |      325 |       46 |  10.189456 |     11 | 0.653021 | 8.786111
 119 | 35400.00 | 35700.00 | 0.022998 | 0.023163 |  10.189456 |     11 | 0.653021 | 1.000000 | 0.966667 | 1.006667 | 0.906667 |   2.158654 |      417 |      290 |      124 |  10.190223 |     11 | 0.702665 | 7.529024
 120 | 35700.00 | 36000.00 | 0.022925 | 0.023142 |  10.190223 |     11 | 0.702665 | 1.000000 | 0.960000 | 1.023333 | 0.900000 |   2.664697 |      416 |      288 |      128 |  10.191140 |     11 | 0.763753 | 5.982185
 121 | 36000.00 | 36300.00 | 0.022852 | 0.023122 |  10.191140 |     11 | 0.763753 | 1.000000 | 1.100000 | 1.020000 | 0.930000 |   1.946220 |      430 |      330 |      100 |  10.188855 |     11 | 0.808228 | 4.855998
 122 | 36300.00 | 36600.00 | 0.022780 | 0.023102 |  10.188855 |     11 | 0.808228 | 1.000000 | 1.120000 | 1.073333 | 1.056667 |   0.360726 |      431 |      336 |       95 |  10.186121 |     11 | 0.816445 | 4.647921
 123 | 36600.00 | 36900.00 | 0.022708 | 0.023081 |  10.186121 |     11 | 0.816445 | 1.000000 | 1.070000 | 1.163333 | 1.033333 |   2.816114 |      426 |      321 |      105 |  10.184532 |     11 | 0.880395 | 3.028610
 124 | 36900.00 | 37200.00 | 0.022637 | 0.023062 |  10.184532 |     11 | 0.880395 | 1.000000 | 1.223333 | 1.250000 | 1.156667 |   2.023574 |      439 |      367 |       72 |  10.179476 |     11 | 0.926203 | 1.868662
 125 | 37200.00 | 37500.00 | 0.022567 | 0.023042 |  10.179476 |     11 | 0.926203 | 1.000000 | 1.273333 | 1.080000 | 1.243333 |  -3.544300 |      437 |      382 |       55 |  10.173308 |     11 | 0.846219 | 3.893993
 126 | 37500.00 | 37800.00 | 0.022497 | 0.023022 |  10.173308 |     11 | 0.846219 | 1.000000 | 1.183333 | 1.150000 | 1.140000 |   0.217184 |      437 |      355 |       82 |  10.169183 |     11 | 0.851105 | 3.770271
 127 | 37800.00 | 38100.00 | 0.022428 | 0.023002 |  10.169183 |     11 | 0.851105 | 1.000000 | 1.150000 | 1.133333 | 1.066667 |   1.449121 |      432 |      345 |       87 |  10.165819 |     11 | 0.883605 | 2.947309
 128 | 38100.00 | 38400.00 | 0.022359 | 0.022983 |  10.165819 |     11 | 0.883605 | 1.000000 | 1.246667 | 1.153333 | 1.120000 |   0.725173 |      440 |      374 |       67 |  10.160304 |     11 | 0.899819 | 2.536746
 129 | 38400.00 | 38700.00 | 0.022290 | 0.022964 |  10.160304 |     11 | 0.899819 | 1.000000 | 1.240000 | 1.200000 | 1.243333 |  -0.943518 |      441 |      372 |       68 |  10.154954 |     11 | 0.878788 | 3.069293
 130 | 38700.00 | 39000.00 | 0.022222 | 0.022945 |  10.154954 |     11 | 0.878788 | 1.000000 | 1.156667 | 1.176667 | 1.183333 |  -0.145278 |      432 |      347 |       85 |  10.151473 |     11 | 0.875560 | 3.151042
 131 | 39000.00 | 39300.00 | 0.022155 | 0.022925 |  10.151473 |     11 | 0.875560 | 1.000000 | 1.143333 | 1.196667 | 1.166667 |   0.654294 |      430 |      343 |       87 |  10.148297 |     11 | 0.890056 | 2.783982
 132 | 39300.00 | 39600.00 | 0.022088 | 0.022907 |  10.148297 |     11 | 0.890056 | 1.000000 | 1.206667 | 1.110000 | 1.176667 |  -1.455189 |      440 |      362 |       78 |  10.143732 |     11 | 0.857913 | 3.597882
 133 | 39600.00 | 39900.00 | 0.022022 | 0.022888 |  10.143732 |     11 | 0.857913 | 1.000000 | 1.186667 | 1.160000 | 1.063333 |   2.111759 |      434 |      356 |       78 |  10.139622 |     11 | 0.904418 | 2.420307
 134 | 39900.00 | 40200.00 | 0.021956 | 0.022869 |  10.139622 |     11 | 0.904418 | 1.000000 | 1.243333 | 1.143333 | 1.180000 |  -0.801667 |      440 |      373 |       67 |  10.134279 |     11 | 0.886817 | 2.866000
 135 | 40200.00 | 40500.00 | 0.021890 | 0.022850 |  10.134279 |     11 | 0.886817 | 1.000000 | 1.246667 | 1.180000 | 1.156667 |   0.510567 |      440 |      374 |       66 |  10.128879 |     11 | 0.897993 | 2.582993
 136 | 40500.00 | 40800.00 | 0.021825 | 0.022832 |  10.128879 |     11 | 0.897993 | 1.000000 | 1.220000 | 1.196667 | 1.230000 |  -0.729971 |      438 |      366 |       72 |  10.124078 |     11 | 0.882061 | 2.986416
 137 | 40800.00 | 41100.00 | 0.021761 | 0.022814 |  10.124078 |     11 | 0.882061 | 1.000000 | 1.186667 | 1.190000 | 1.193333 |  -0.073056 |      436 |      356 |       81 |  10.120016 |     11 | 0.880471 | 3.026671
 138 | 41100.00 | 41400.00 | 0.021697 | 0.022795 |  10.120016 |     11 | 0.880471 | 1.000000 | 1.110000 | 1.186667 | 1.180000 |   0.146229 |      427 |      333 |       93 |  10.117629 |     11 | 0.883644 | 2.946333
 139 | 41400.00 | 41700.00 | 0.021633 | 0.022777 |  10.117629 |     11 | 0.883644 | 1.000000 | 1.176667 | 1.246667 | 1.110000 |   3.000073 |      435 |      353 |       82 |  10.113807 |     11 | 0.948545 | 1.302921
 140 | 41700.00 | 42000.00 | 0.021570 | 0.022759 |  10.113807 |     11 | 0.948545 | 1.000000 | 1.123333 | 0.623333 | 1.166667 | -11.936566 |      386 |      337 |       51 |  10.111147 |     11 | 0.691072 | 7.822577
 141 | 42000.00 | 42300.00 | 0.021507 | 0.022741 |  10.111147 |     11 | 0.691072 | 1.000000 | 0.923333 | 0.966667 | 0.893333 |   1.612339 |      413 |      277 |      134 |  10.112796 |     11 | 0.725750 | 6.944490
 142 | 42300.00 | 42600.00 | 0.021445 | 0.022723 |  10.112796 |     11 | 0.725750 | 1.000000 | 1.060000 | 0.950000 | 0.940000 |   0.220037 |      426 |      318 |      108 |  10.111509 |     11 | 0.730468 | 6.825003
 143 | 42600.00 | 42900.00 | 0.021383 | 0.022706 |  10.111509 |     11 | 0.730468 | 1.000000 | 0.940000 | 1.073333 | 0.906667 |   3.670138 |      415 |      282 |      133 |  10.112792 |     11 | 0.808948 | 4.837760
 144 | 42900.00 | 43200.00 | 0.021322 | 0.022688 |  10.112792 |     11 | 0.808948 | 1.000000 | 1.140000 | 1.143333 | 1.116667 |   0.587677 |      430 |      342 |       88 |  10.109807 |     11 | 0.821479 | 4.520468
 145 | 43200.00 | 43500.00 | 0.021261 | 0.022671 |  10.109807 |     11 | 0.821479 | 1.000000 | 1.093333 | 1.116667 | 1.073333 |   0.955713 |      431 |      328 |      103 |  10.107823 |     11 | 0.841798 | 4.005945
 146 | 43500.00 | 43800.00 | 0.021200 | 0.022653 |  10.107823 |     11 | 0.841798 | 1.000000 | 1.163333 | 1.163333 | 1.093333 |   1.545028 |      432 |      349 |       83 |  10.104360 |     11 | 0.874553 | 3.176524
 147 | 43800.00 | 44100.00 | 0.021140 | 0.022636 |  10.104360 |     11 | 0.874553 | 1.000000 | 1.183333 | 1.253333 | 1.076667 |   3.902335 |      436 |      355 |       81 |  10.100484 |     11 | 0.957050 | 1.087565
 148 | 44100.00 | 44400.00 | 0.021081 | 0.022619 |  10.100484 |     11 | 0.957050 | 1.000000 | 0.916667 | 0.440000 | 1.193333 | -16.652788 |      326 |      275 |       53 |  10.102241 |     11 | 0.605999 | 9.976792
 149 | 44400.00 | 44700.00 | 0.021021 | 0.022602 |  10.102241 |     11 | 0.605999 | 1.000000 | 0.783333 | 0.933333 | 0.833333 |   2.212218 |      400 |      235 |      163 |  10.106796 |     11 | 0.652502 | 8.799236
 150 | 44700.00 | 45000.00 | 0.020962 | 0.022585 |  10.106796 |     11 | 0.652502 | 1.000000 | 0.973333 | 0.876667 | 0.890000 |  -0.295184 |      419 |      292 |      127 |  10.107355 |     11 | 0.646315 | 8.955921
 151 | 45000.00 | 45300.00 | 0.020904 | 0.022568 |  10.107355 |     11 | 0.646315 | 1.000000 | 0.926667 | 0.910000 | 0.816667 |   2.067836 |      414 |      278 |      136 |  10.108887 |     11 | 0.689541 | 7.861366
 152 | 45300.00 | 45600.00 | 0.020846 | 0.022551 |  10.108887 |     11 | 0.689541 | 1.000000 | 0.940000 | 0.943333 | 0.923333 |   0.443438 |      412 |      282 |      130 |  10.110138 |     11 | 0.698784 | 7.627296
 153 | 45600.00 | 45900.00 | 0.020788 | 0.022534 |  10.110138 |     11 | 0.698784 | 1.000000 | 1.016667 | 1.020000 | 0.983333 |   0.813572 |      424 |      305 |      119 |  10.109792 |     11 | 0.715697 | 7.199039
 154 | 45900.00 | 46200.00 | 0.020731 | 0.022518 |  10.109792 |     11 | 0.715697 | 1.000000 | 0.960000 | 1.030000 | 0.976667 |   1.184250 |      416 |      288 |      128 |  10.110621 |     11 | 0.740248 | 6.577379
 155 | 46200.00 | 46500.00 | 0.020674 | 0.022501 |  10.110621 |     11 | 0.740248 | 1.000000 | 1.026667 | 1.070000 | 1.006667 |   1.407328 |      421 |      308 |      113 |  10.110070 |     11 | 0.769342 | 5.840645
 156 | 46500.00 | 46800.00 | 0.020617 | 0.022485 |  10.110070 |     11 | 0.769342 | 1.000000 | 1.020000 | 1.150000 | 1.043333 |   2.371968 |      423 |      306 |      117 |  10.109657 |     11 | 0.818246 | 4.602322
 157 | 46800.00 | 47100.00 | 0.020561 | 0.022469 |  10.109657 |     11 | 0.818246 | 1.000000 | 1.110000 | 1.116667 | 1.070000 |   1.038490 |      428 |      333 |       96 |  10.107396 |     11 | 0.839599 | 4.061639
 158 | 47100.00 | 47400.00 | 0.020505 | 0.022452 |  10.107396 |     11 | 0.839599 | 1.000000 | 1.206667 | 1.183333 | 1.123333 |   1.336167 |      439 |      362 |       76 |  10.103158 |     11 | 0.866997 | 3.367862
 159 | 47400.00 | 47700.00 | 0.020450 | 0.022436 |  10.103158 |     11 | 0.866997 | 1.000000 | 1.203333 | 1.163333 | 1.123333 |   0.891419 |      435 |      361 |       74 |  10.099000 |     11 | 0.885226 | 2.906263
 160 | 47700.00 | 48000.00 | 0.020395 | 0.022420 |  10.099000 |     11 | 0.885226 | 1.000000 | 1.160000 | 1.193333 | 1.166667 |   0.594705 |      433 |      348 |       85 |  10.095737 |     11 | 0.897355 | 2.599139
 161 | 48000.00 | 48300.00 | 0.020340 | 0.022404 |  10.095737 |     11 | 0.897355 | 1.000000 | 1.193333 | 1.190000 | 1.150000 |   0.892693 |      437 |      358 |       79 |  10.091804 |     11 | 0.915513 | 2.139362
 162 | 48300.00 | 48600.00 | 0.020286 | 0.022388 |  10.091804 |     11 | 0.915513 | 1.000000 | 1.190000 | 1.186667 | 1.136667 |   1.116659 |      432 |      357 |       75 |  10.087950 |     11 | 0.938165 | 1.565770
 163 | 48600.00 | 48900.00 | 0.020232 | 0.022372 |  10.087950 |     11 | 0.938165 | 1.000000 | 1.226667 | 0.870000 | 1.206667 |  -7.524143 |      426 |      368 |       59 |  10.083364 |     11 | 0.785939 | 5.420387
 164 | 48900.00 | 49200.00 | 0.020178 | 0.022357 |  10.083364 |     11 | 0.785939 | 1.000000 | 1.126667 | 1.096667 | 1.050000 |   1.043684 |      430 |      338 |       91 |  10.080808 |     11 | 0.806999 | 4.887127
 165 | 49200.00 | 49500.00 | 0.020125 | 0.022341 |  10.080808 |     11 | 0.806999 | 1.000000 | 1.126667 | 1.163333 | 1.060000 |   2.312630 |      432 |      338 |       94 |  10.078259 |     11 | 0.853539 | 3.708633
 166 | 49500.00 | 49800.00 | 0.020072 | 0.022326 |  10.078259 |     11 | 0.853539 | 1.000000 | 1.206667 | 1.176667 | 1.103333 |   1.642364 |      439 |      362 |       77 |  10.074111 |     11 | 0.886504 | 2.873904
 167 | 49800.00 | 50100.00 | 0.020019 | 0.022310 |  10.074111 |     11 | 0.886504 | 1.000000 | 1.200000 | 1.223333 | 1.210000 |   0.298819 |      436 |      360 |       76 |  10.070107 |     11 | 0.892486 | 2.722429
 168 | 50100.00 | 50400.00 | 0.019967 | 0.022295 |  10.070107 |     11 | 0.892486 | 1.000000 | 1.180000 | 1.176667 | 1.143333 |   0.747562 |      435 |      354 |       81 |  10.066513 |     11 | 0.907413 | 2.344468
 169 | 50400.00 | 50700.00 | 0.019915 | 0.022279 |  10.066513 |     11 | 0.907413 | 1.000000 | 1.250000 | 1.206667 | 1.176667 |   0.673268 |      440 |      375 |       65 |  10.061534 |     11 | 0.920821 | 2.004957
 170 | 50700.00 | 51000.00 | 0.019863 | 0.022264 |  10.061534 |     11 | 0.920821 | 1.000000 | 1.250000 | 1.186667 | 1.173333 |   0.299435 |      437 |      375 |       63 |  10.056569 |     11 | 0.926768 | 1.854351
 171 | 51000.00 | 51300.00 | 0.019812 | 0.022249 |  10.056569 |     11 | 0.926768 | 1.000000 | 1.183333 | 1.083333 | 1.146667 |  -1.423283 |      429 |      355 |       73 |  10.052937 |     11 | 0.898571 | 2.568364
 172 | 51300.00 | 51600.00 | 0.019761 | 0.022234 |  10.052937 |     11 | 0.898571 | 1.000000 | 1.216667 | 1.180000 | 1.166667 |   0.299841 |      436 |      365 |       71 |  10.048655 |     11 | 0.904496 | 2.418331
 173 | 51600.00 | 51900.00 | 0.019710 | 0.022219 |  10.048655 |     11 | 0.904496 | 1.000000 | 1.206667 | 1.216667 | 1.123333 |   2.100306 |      435 |      362 |       73 |  10.044582 |     11 | 0.945893 | 1.370088
 174 | 51900.00 | 52200.00 | 0.019660 | 0.022204 |  10.044582 |     11 | 0.945893 | 1.000000 | 1.160000 | 0.673333 | 1.223333 | -12.385111 |      402 |      348 |       56 |  10.041436 |     11 | 0.702406 | 7.535580
 175 | 52200.00 | 52500.00 | 0.019610 | 0.022189 |  10.041436 |     11 | 0.702406 | 1.000000 | 0.950000 | 1.013333 | 0.890000 |   2.779124 |      417 |      285 |      130 |  10.042417 |     11 | 0.756904 | 6.155614
 176 | 52500.00 | 52800.00 | 0.019560 | 0.022174 |  10.042417 |     11 | 0.756904 | 1.000000 | 1.070000 | 1.063333 | 1.020000 |   0.977099 |      425 |      321 |      104 |  10.041047 |     11 | 0.776016 | 5.671670
 177 | 52800.00 | 53100.00 | 0.019510 | 0.022160 |  10.041047 |     11 | 0.776016 | 1.000000 | 1.093333 | 1.093333 | 1.033333 |   1.353802 |      428 |      328 |      100 |  10.039226 |     11 | 0.802429 | 5.002845
 178 | 53100.00 | 53400.00 | 0.019461 | 0.022145 |  10.039226 |     11 | 0.802429 | 1.000000 | 1.060000 | 1.040000 | 1.023333 |   0.376304 |      425 |      318 |      107 |  10.038059 |     11 | 0.809752 | 4.817406
 179 | 53400.00 | 53700.00 | 0.019412 | 0.022131 |  10.038059 |     11 | 0.809752 | 1.000000 | 1.136667 | 1.093333 | 1.123333 |  -0.677792 |      431 |      341 |       90 |  10.035406 |     11 | 0.796594 | 5.150577
 180 | 53700.00 | 54000.00 | 0.019364 | 0.022116 |  10.035406 |     11 | 0.796594 | 1.000000 | 1.073333 | 1.080000 | 1.066667 |   0.301438 |      426 |      322 |      104 |  10.033986 |     11 | 0.802431 | 5.002775
 181 | 54000.00 | 54300.00 | 0.019315 | 0.022102 |  10.033986 |     11 | 0.802431 | 1.000000 | 1.060000 | 1.153333 | 1.103333 |   1.131128 |      426 |      318 |      108 |  10.032827 |     11 | 0.824280 | 4.449539
 182 | 54300.00 | 54600.00 | 0.019268 | 0.022088 |  10.032827 |     11 | 0.824280 | 1.000000 | 1.186667 | 1.113333 | 1.113333 |   0.000000 |      438 |      356 |       82 |  10.029230 |     11 | 0.824280 | 4.449539
 183 | 54600.00 | 54900.00 | 0.019220 | 0.022073 |  10.029230 |     11 | 0.824280 | 1.000000 | 1.116667 | 1.136667 | 1.093333 |   0.981580 |      429 |      335 |       94 |  10.026988 |     11 | 0.843146 | 3.971825
 184 | 54900.00 | 55200.00 | 0.019172 | 0.022059 |  10.026988 |     11 | 0.843146 | 1.000000 | 1.096667 | 1.160000 | 1.033333 |   2.871076 |      427 |      329 |       98 |  10.025135 |     11 | 0.898191 | 2.577978
 185 | 55200.00 | 55500.00 | 0.019125 | 0.022045 |  10.025135 |     11 | 0.898191 | 1.000000 | 1.206667 | 1.190000 | 1.196667 |  -0.151206 |      436 |      362 |       74 |  10.021182 |     11 | 0.895299 | 2.651205
 186 | 55500.00 | 55800.00 | 0.019078 | 0.022031 |  10.021182 |     11 | 0.895299 | 1.000000 | 1.230000 | 1.163333 | 1.243333 |  -1.815628 |      441 |      369 |       72 |  10.016794 |     11 | 0.860660 | 3.528334
 187 | 55800.00 | 56100.00 | 0.019032 | 0.022017 |  10.016794 |     11 | 0.860660 | 1.000000 | 1.156667 | 1.196667 | 1.103333 |   2.119576 |      433 |      347 |       86 |  10.013812 |     11 | 0.900999 | 2.506866
 188 | 56100.00 | 56400.00 | 0.018986 | 0.022003 |  10.013812 |     11 | 0.900999 | 1.000000 | 1.250000 | 1.260000 | 1.176667 |   1.893674 |      438 |      375 |       63 |  10.009066 |     11 | 0.936952 | 1.596484
 189 | 56400.00 | 56700.00 | 0.018940 | 0.021989 |  10.009066 |     11 | 0.936952 | 1.000000 | 1.170000 | 0.896667 | 1.206667 |  -7.048900 |      422 |      351 |       71 |  10.005846 |     11 | 0.803448 | 4.977024
 190 | 56700.00 | 57000.00 | 0.018894 | 0.021975 |  10.005846 |     11 | 0.803448 | 1.000000 | 1.160000 | 1.126667 | 1.113333 |   0.303368 |      434 |      348 |       86 |  10.002823 |     11 | 0.809180 | 4.831885
 191 | 57000.00 | 57300.00 | 0.018848 | 0.021962 |  10.002823 |     11 | 0.809180 | 1.000000 | 1.093333 | 1.103333 | 1.116667 |  -0.303558 |      428 |      328 |      100 |  10.001064 |     11 | 0.803459 | 4.976765
 192 | 57300.00 | 57600.00 | 0.018803 | 0.021948 |  10.001064 |     11 | 0.803459 | 1.000000 | 1.110000 | 1.056667 | 1.043333 |   0.303746 |      430 |      333 |       97 |   9.998996 |     10 | 0.809170 | 4.832142
 193 | 57600.00 | 57900.00 | 0.018758 | 0.021935 |   9.998996 |     10 | 0.809170 | 1.000000 | 0.980000 | 1.003333 | 0.943333 |   1.367704 |      387 |      294 |       94 |   9.999371 |     10 | 0.834826 | 4.182494
 194 | 57900.00 | 58200.00 | 0.018714 | 0.021921 |   9.999371 |     10 | 0.834826 | 1.000000 | 1.013333 | 1.033333 | 0.966667 |   1.520608 |      390 |      304 |       86 |   9.999121 |     10 | 0.863282 | 3.461939
 195 | 58200.00 | 58500.00 | 0.018669 | 0.021908 |   9.999121 |     10 | 0.863282 | 1.000000 | 1.086667 | 1.140000 | 1.000000 |   3.195236 |      397 |      326 |       71 |   9.997503 |     10 | 0.922934 | 1.951439
 196 | 58500.00 | 58800.00 | 0.018625 | 0.021894 |   9.997503 |     10 | 0.922934 | 1.000000 | 1.086667 | 1.063333 | 1.046667 |   0.380618 |      394 |      326 |       68 |   9.995889 |     10 | 0.930023 | 1.771933
 197 | 58800.00 | 59100.00 | 0.018581 | 0.021881 |   9.995889 |     10 | 0.930023 | 1.000000 | 1.123333 | 1.040000 | 1.050000 |  -0.228510 |      395 |      337 |       58 |   9.993597 |     10 | 0.925777 | 1.879448
 198 | 59100.00 | 59400.00 | 0.018537 | 0.021868 |   9.993597 |     10 | 0.925777 | 1.000000 | 1.073333 | 1.070000 | 1.070000 |   0.000000 |      391 |      322 |       69 |   9.992238 |     10 | 0.925777 | 1.879448
 199 | 59400.00 | 59700.00 | 0.018494 | 0.021854 |   9.992238 |     10 | 0.925777 | 1.000000 | 1.150000 | 1.076667 | 1.106667 |  -0.686359 |      399 |      345 |       55 |   9.989464 |     10 | 0.913084 | 2.200869
 200 | 59700.00 | 60000.00 | 0.018451 | 0.021841 |   9.989464 |     10 | 0.913084 | 1.000000 | 1.126667 | 1.100000 | 1.070000 |   0.686771 |      398 |      338 |       59 |   9.987127 |     10 | 0.925755 | 1.880006
 201 | 60000.00 | 60300.00 | 0.018408 | 0.021828 |   9.987127 |     10 | 0.925755 | 1.000000 | 1.170000 | 1.100000 | 1.106667 |  -0.152707 |      401 |      351 |       50 |   9.983997 |     10 | 0.922944 | 1.951186
 202 | 60300.00 | 60600.00 | 0.018365 | 0.021815 |   9.983997 |     10 | 0.922944 | 1.000000 | 1.130000 | 1.120000 | 1.056667 |   1.451585 |      397 |      339 |       58 |   9.981610 |     10 | 0.949603 | 1.276144
 203 | 60600.00 | 60900.00 | 0.018323 | 0.021802 |   9.981610 |     10 | 0.949603 | 1.000000 | 1.093333 | 0.596667 | 1.110000 | -11.772469 |      374 |      328 |       47 |   9.979900 |     10 | 0.733899 | 6.738133
 204 | 60900.00 | 61200.00 | 0.018281 | 0.021789 |   9.979900 |     10 | 0.733899 | 1.000000 | 0.870000 | 0.926667 | 0.913333 |   0.305959 |      377 |      261 |      115 |   9.982276 |     10 | 0.739492 | 6.596507
 205 | 61200.00 | 61500.00 | 0.018239 | 0.021777 |   9.982276 |     10 | 0.739492 | 1.000000 | 0.936667 | 0.970000 | 0.880000 |   2.066444 |      385 |      281 |      104 |   9.983431 |     10 | 0.777181 | 5.642159
 206 | 61500.00 | 61800.00 | 0.018197 | 0.021764 |   9.983431 |     10 | 0.777181 | 1.000000 | 0.970000 | 1.040000 | 0.943333 |   2.220817 |      387 |      291 |       96 |   9.983977 |     10 | 0.817593 | 4.618863
 207 | 61800.00 | 62100.00 | 0.018155 | 0.021751 |   9.983977 |     10 | 0.817593 | 1.000000 | 1.013333 | 0.993333 | 0.993333 |   0.000000 |      392 |      304 |       88 |   9.983735 |     10 | 0.817593 | 4.618863
 208 | 62100.00 | 62400.00 | 0.018114 | 0.021738 |   9.983735 |     10 | 0.817593 | 1.000000 | 0.953333 | 0.943333 | 0.976667 |  -0.766693 |      384 |      286 |       98 |   9.984581 |     10 | 0.803705 | 4.970529
 209 | 62400.00 | 62700.00 | 0.018073 | 0.021726 |   9.984581 |     10 | 0.803705 | 1.000000 | 1.026667 | 1.043333 | 0.963333 |   1.841132 |      392 |      308 |       84 |   9.984099 |     10 | 0.836980 | 4.127956
 210 | 62700.00 | 63000.00 | 0.018032 | 0.021713 |   9.984099 |     10 | 0.836980 | 1.000000 | 1.063333 | 1.010000 | 0.963333 |   1.074615 |      396 |      319 |       77 |   9.982957 |     10 | 0.856357 | 3.637282
 211 | 63000.00 | 63300.00 | 0.017992 | 0.021701 |   9.982957 |     10 | 0.856357 | 1.000000 | 1.050000 | 1.060000 | 1.053333 |   0.153605 |      395 |      315 |       80 |   9.982057 |     10 | 0.859121 | 3.567304
 212 | 63300.00 | 63600.00 | 0.017951 | 0.021688 |   9.982057 |     10 | 0.859121 | 1.000000 | 1.036667 | 1.030000 | 1.040000 |  -0.230539 |      392 |      311 |       81 |   9.981399 |     10 | 0.854982 | 3.672096
 213 | 63600.00 | 63900.00 | 0.017911 | 0.021676 |   9.981399 |     10 | 0.854982 | 1.000000 | 1.013333 | 1.106667 | 1.043333 |   1.460918 |      391 |      304 |       87 |   9.981160 |     10 | 0.881149 | 3.009517
 214 | 63900.00 | 64200.00 | 0.017871 | 0.021664 |   9.981160 |     10 | 0.881149 | 1.000000 | 1.073333 | 1.103333 | 1.076667 |   0.615473 |      395 |      322 |       73 |   9.979849 |     10 | 0.892148 | 2.731000
 215 | 64200.00 | 64500.00 | 0.017831 | 0.021651 |   9.979849 |     10 | 0.892148 | 1.000000 | 1.106667 | 1.080000 | 1.106667 |  -0.615823 |      399 |      332 |       67 |   9.977947 |     10 | 0.881167 | 3.009055
 216 | 64500.00 | 64800.00 | 0.017792 | 0.021639 |   9.977947 |     10 | 0.881167 | 1.000000 | 1.063333 | 1.073333 | 1.066667 |   0.154043 |      394 |      319 |       75 |   9.976821 |     10 | 0.883908 | 2.939656
 217 | 64800.00 | 65100.00 | 0.017752 | 0.021627 |   9.976821 |     10 | 0.883908 | 1.000000 | 1.093333 | 1.113333 | 1.063333 |   1.155970 |      396 |      328 |       68 |   9.975164 |     10 | 0.904429 | 2.420021
 218 | 65100.00 | 65400.00 | 0.017713 | 0.021615 |   9.975164 |     10 | 0.904429 | 1.000000 | 1.110000 | 1.120000 | 0.973333 |   3.392748 |      399 |      333 |       66 |   9.973215 |     10 | 0.964526 | 0.898263
 219 | 65400.00 | 65700.00 | 0.017674 | 0.021603 |   9.973215 |     10 | 0.964526 | 1.000000 | 0.780000 | 0.296667 | 1.076667 | -18.053335 |      269 |      234 |       39 |   9.977104 |     10 | 0.645443 | 8.977998
 220 | 65700.00 | 66000.00 | 0.017636 | 0.021591 |   9.977104 |     10 | 0.645443 | 1.000000 | 0.850000 | 0.846667 | 0.776667 |   1.621073 |      378 |      255 |      119 |   9.979749 |     10 | 0.674032 | 8.254078
 221 | 66000.00 | 66300.00 | 0.017597 | 0.021579 |   9.979749 |     10 | 0.674032 | 1.000000 | 0.856667 | 0.843333 | 0.796667 |   1.081315 |      377 |      257 |      120 |   9.982271 |     10 | 0.693060 | 7.772250
 222 | 66300.00 | 66600.00 | 0.017559 | 0.021567 |   9.982271 |     10 | 0.693060 | 1.000000 | 0.776667 | 0.883333 | 0.843333 |   0.927354 |      370 |      233 |      137 |   9.986193 |     10 | 0.709343 | 7.359925
 223 | 66600.00 | 66900.00 | 0.017521 | 0.021555 |   9.986193 |     10 | 0.709343 | 1.000000 | 0.863333 | 0.896667 | 0.873333 |   0.541254 |      377 |      259 |      118 |   9.988587 |     10 | 0.718827 | 7.119792
 224 | 66900.00 | 67200.00 | 0.017483 | 0.021543 |   9.988587 |     10 | 0.718827 | 1.000000 | 0.916667 | 0.936667 | 0.870000 |   1.547289 |      384 |      275 |      109 |   9.990044 |     10 | 0.745878 | 6.434804
 225 | 67200.00 | 67500.00 | 0.017445 | 0.021531 |   9.990044 |     10 | 0.745878 | 1.000000 | 1.010000 | 0.956667 | 0.896667 |   1.393321 |      390 |      303 |       87 |   9.989870 |     10 | 0.770185 | 5.819307
 226 | 67500.00 | 67800.00 | 0.017408 | 0.021520 |   9.989870 |     10 | 0.770185 | 1.000000 | 0.970000 | 1.003333 | 0.936667 |   1.548977 |      386 |      291 |       95 |   9.990392 |     10 | 0.797150 | 5.136519
 227 | 67800.00 | 68100.00 | 0.017371 | 0.021508 |   9.990392 |     10 | 0.797150 | 1.000000 | 0.973333 | 0.973333 | 0.970000 |   0.077491 |      388 |      292 |       96 |   9.990855 |     10 | 0.798496 | 5.102434
 228 | 68100.00 | 68400.00 | 0.017334 | 0.021496 |   9.990855 |     10 | 0.798496 | 1.000000 | 1.010000 | 1.013333 | 0.963333 |   1.162992 |      390 |      303 |       87 |   9.990682 |     10 | 0.818655 | 4.591978
 229 | 68400.00 | 68700.00 | 0.017297 | 0.021485 |   9.990682 |     10 | 0.818655 | 1.000000 | 1.026667 | 0.963333 | 0.993333 |  -0.698171 |      393 |      308 |       85 |   9.990221 |     10 | 0.806579 | 4.897764
 230 | 68700.00 | 69000.00 | 0.017260 | 0.021473 |   9.990221 |     10 | 0.806579 | 1.000000 | 1.026667 | 1.033333 | 0.950000 |   1.940405 |      392 |      308 |       85 |   9.989760 |     10 | 0.840070 | 4.049706
 231 | 69000.00 | 69300.00 | 0.017223 | 0.021462 |   9.989760 |     10 | 0.840070 | 1.000000 | 0.983333 | 1.023333 | 1.030000 |  -0.155315 |      388 |      295 |       92 |   9.990048 |     10 | 0.837395 | 4.117443
 232 | 69300.00 | 69600.00 | 0.017187 | 0.021450 |   9.990048 |     10 | 0.837395 | 1.000000 | 1.020000 | 1.010000 | 0.946667 |   1.476283 |      392 |      306 |       86 |   9.989704 |     10 | 0.862768 | 3.474953
 233 | 69600.00 | 69900.00 | 0.017151 | 0.021439 |   9.989704 |     10 | 0.862768 | 1.000000 | 1.016667 | 1.036667 | 1.060000 |  -0.544183 |      391 |      305 |       86 |   9.989418 |     10 | 0.853435 | 3.711288
 234 | 69900.00 | 70200.00 | 0.017115 | 0.021428 |   9.989418 |     10 | 0.853435 | 1.000000 | 1.106667 | 1.043333 | 1.033333 |   0.233345 |      398 |      332 |       66 |   9.987592 |     10 | 0.857428 | 3.610160
 235 | 70200.00 | 70500.00 | 0.017079 | 0.021416 |   9.987592 |     10 | 0.857428 | 1.000000 | 1.020000 | 1.030000 | 1.056667 |  -0.622580 |      391 |      306 |       85 |   9.987251 |     10 | 0.846795 | 3.879411
 236 | 70500.00 | 70800.00 | 0.017044 | 0.021405 |   9.987251 |     10 | 0.846795 | 1.000000 | 1.040000 | 1.013333 | 1.003333 |   0.233590 |      394 |      312 |       82 |   9.986569 |     10 | 0.850776 | 3.778600
 237 | 70800.00 | 71100.00 | 0.017008 | 0.021394 |   9.986569 |     10 | 0.850776 | 1.000000 | 1.066667 | 0.990000 | 1.030000 |  -0.934851 |      394 |      320 |       74 |   9.985435 |     10 | 0.834876 | 4.181219
 238 | 71100.00 | 71400.00 | 0.016973 | 0.021383 |   9.985435 |     10 | 0.834876 | 1.000000 | 1.033333 | 1.026667 | 0.980000 |   1.091228 |      393 |      310 |       83 |   9.984869 |     10 | 0.853398 | 3.712225
 239 | 71400.00 | 71700.00 | 0.016938 | 0.021372 |   9.984869 |     10 | 0.853398 | 1.000000 | 1.040000 | 0.986667 | 1.033333 |  -1.091796 |      392 |      312 |       80 |   9.984192 |     10 | 0.834905 | 4.180493
 240 | 71700.00 | 72000.00 | 0.016903 | 0.021360 |   9.984192 |     10 | 0.834905 | 1.000000 | 1.070000 | 1.020000 | 1.030000 |  -0.234078 |      397 |      321 |       76 |   9.983009 |     10 | 0.830948 | 4.280682
 241 | 72000.00 | 72300.00 | 0.016868 | 0.021349 |   9.983009 |     10 | 0.830948 | 1.000000 | 1.060000 | 1.086667 | 0.983333 |   2.420050 |      395 |      318 |       77 |   9.981997 |     10 | 0.871770 | 3.246994
 242 | 72300.00 | 72600.00 | 0.016834 | 0.021338 |   9.981997 |     10 | 0.871770 | 1.000000 | 0.993333 | 1.103333 | 1.036667 |   1.562126 |      388 |      298 |       90 |   9.982109 |     10 | 0.898067 | 2.581121
 243 | 72600.00 | 72900.00 | 0.016799 | 0.021327 |   9.982109 |     10 | 0.898067 | 1.000000 | 1.080000 | 1.066667 | 1.076667 |  -0.234439 |      396 |      324 |       72 |   9.980765 |     10 | 0.894128 | 2.680849
 244 | 72900.00 | 73200.00 | 0.016765 | 0.021317 |   9.980765 |     10 | 0.894128 | 1.000000 | 1.143333 | 1.143333 | 1.080000 |   1.485540 |      400 |      343 |       57 |   9.978362 |     10 | 0.919034 | 2.050202
 245 | 73200.00 | 73500.00 | 0.016731 | 0.021306 |   9.978362 |     10 | 0.919034 | 1.000000 | 1.096667 | 1.140000 | 1.096667 |   1.016940 |      398 |      329 |       69 |   9.976744 |     10 | 0.936048 | 1.619363
 246 | 73500.00 | 73800.00 | 0.016697 | 0.021295 |   9.976744 |     10 | 0.936048 | 1.000000 | 1.116667 | 0.920000 | 1.060000 |  -3.287167 |      390 |      335 |       55 |   9.974796 |     10 | 0.881162 | 3.009193
 247 | 73800.00 | 74100.00 | 0.016664 | 0.021284 |   9.974796 |     10 | 0.881162 | 1.000000 | 1.080000 | 1.033333 | 1.076667 |  -1.017971 |      395 |      324 |       71 |   9.973463 |     10 | 0.864199 | 3.438727
 248 | 74100.00 | 74400.00 | 0.016630 | 0.021273 |   9.973463 |     10 | 0.864199 | 1.000000 | 1.010000 | 1.063333 | 1.040000 |   0.548415 |      391 |      303 |       88 |   9.973297 |     10 | 0.873319 | 3.207788
 249 | 74400.00 | 74700.00 | 0.016597 | 0.021263 |   9.973297 |     10 | 0.873319 | 1.000000 | 1.073333 | 1.073333 | 1.103333 |  -0.705459 |      396 |      322 |       74 |   9.972080 |     10 | 0.861610 | 3.504263
 250 | 74700.00 | 75000.00 | 0.016564 | 0.021252 |   9.972080 |     10 | 0.861610 | 1.000000 | 1.056667 | 1.076667 | 1.000000 |   1.803743 |      392 |      317 |       75 |   9.971141 |     10 | 0.891487 | 2.747743
 251 | 75000.00 | 75300.00 | 0.016530 | 0.021241 |   9.971141 |     10 | 0.891487 | 1.000000 | 1.133333 | 1.086667 | 1.030000 |   1.333867 |      402 |      340 |       62 |   9.968937 |     10 | 0.913536 | 2.189413
 252 | 75300.00 | 75600.00 | 0.016498 | 0.021231 |   9.968937 |     10 | 0.913536 | 1.000000 | 1.073333 | 1.073333 | 1.053333 |   0.471011 |      394 |      322 |       72 |   9.967727 |     10 | 0.921307 | 1.992650
 253 | 75600.00 | 75900.00 | 0.016465 | 0.021220 |   9.967727 |     10 | 0.921307 | 1.000000 | 1.190000 | 1.103333 | 1.046667 |   1.335193 |      405 |      357 |       48 |   9.964599 |     10 | 0.943290 | 1.435983
 254 | 75900.00 | 76200.00 | 0.016432 | 0.021210 |   9.964599 |     10 | 0.943290 | 1.000000 | 1.120000 | 0.770000 | 1.146667 |  -8.879494 |      389 |      336 |       53 |   9.962627 |     10 | 0.797380 | 5.130683
 255 | 76200.00 | 76500.00 | 0.016400 | 0.021199 |   9.962627 |     10 | 0.797380 | 1.000000 | 1.086667 | 1.020000 | 0.910000 |   2.594404 |      398 |      326 |       72 |   9.961206 |     10 | 0.839928 | 4.053298
 256 | 76500.00 | 76800.00 | 0.016368 | 0.021189 |   9.961206 |     10 | 0.839928 | 1.000000 | 1.076667 | 1.056667 | 1.010000 |   1.101197 |      395 |      323 |       72 |   9.959951 |     10 | 0.857952 | 3.596900
 257 | 76800.00 | 77100.00 | 0.016335 | 0.021179 |   9.959951 |     10 | 0.857952 | 1.000000 | 1.116667 | 1.043333 | 1.016667 |   0.629563 |      400 |      335 |       65 |   9.958045 |     10 | 0.868236 | 3.336486
 258 | 77100.00 | 77400.00 | 0.016304 | 0.021168 |   9.958045 |     10 | 0.868236 | 1.000000 | 1.076667 | 1.083333 | 1.063333 |   0.472403 |      397 |      323 |       74 |   9.956795 |     10 | 0.875938 | 3.141462
 259 | 77400.00 | 77700.00 | 0.016272 | 0.021158 |   9.956795 |     10 | 0.875938 | 1.000000 | 1.076667 | 1.076667 | 0.996667 |   1.890531 |      397 |      323 |       75 |   9.955548 |     10 | 0.906700 | 2.362510
 260 | 77700.00 | 78000.00 | 0.016240 | 0.021148 |   9.955548 |     10 | 0.906700 | 1.000000 | 1.113333 | 1.083333 | 1.090000 |  -0.157621 |      397 |      334 |       62 |   9.953707 |     10 | 0.904140 | 2.427328
 261 | 78000.00 | 78300.00 | 0.016209 | 0.021138 |   9.953707 |     10 | 0.904140 | 1.000000 | 1.113333 | 1.083333 | 1.026667 |   1.340423 |      398 |      334 |       64 |   9.951870 |     10 | 0.925867 | 1.877179
 262 | 78300.00 | 78600.00 | 0.016177 | 0.021127 |   9.951870 |     10 | 0.925867 | 1.000000 | 1.156667 | 1.080000 | 1.080000 |   0.000000 |      400 |      347 |       53 |   9.949336 |     10 | 0.925867 | 1.877179
 263 | 78600.00 | 78900.00 | 0.016146 | 0.021117 |   9.949336 |     10 | 0.925867 | 1.000000 | 1.170000 | 1.123333 | 1.110000 |   0.315697 |      402 |      351 |       52 |   9.946591 |     10 | 0.930964 | 1.748108
 264 | 78900.00 | 79200.00 | 0.016115 | 0.021107 |   9.946591 |     10 | 0.930964 | 1.000000 | 1.140000 | 1.040000 | 1.036667 |   0.078962 |      398 |      342 |       55 |   9.944335 |     10 | 0.932237 | 1.715887
 265 | 79200.00 | 79500.00 | 0.016084 | 0.021097 |   9.944335 |     10 | 0.932237 | 1.000000 | 1.120000 | 0.996667 | 1.076667 |  -1.895992 |      394 |      336 |       58 |   9.942405 |     10 | 0.901741 | 2.488078
 266 | 79500.00 | 79800.00 | 0.016053 | 0.021087 |   9.942405 |     10 | 0.901741 | 1.000000 | 1.090000 | 1.153333 | 1.110000 |   1.027484 |      397 |      327 |       70 |   9.940960 |     10 | 0.918236 | 2.070410
 267 | 79800.00 | 80100.00 | 0.016023 | 0.021077 |   9.940960 |     10 | 0.918236 | 1.000000 | 1.083333 | 1.126667 | 1.030000 |   2.293167 |      393 |      325 |       68 |   9.939625 |     10 | 0.954978 | 1.140025
 268 | 80100.00 | 80400.00 | 0.015992 | 0.021067 |   9.939625 |     10 | 0.954978 | 1.000000 | 0.973333 | 0.536667 | 1.120000 | -13.844614 |      341 |      292 |       50 |   9.940051 |     10 | 0.733573 | 6.746380
 269 | 80400.00 | 80700.00 | 0.015962 | 0.021057 |   9.940051 |     10 | 0.733573 | 1.000000 | 0.850000 | 0.956667 | 0.876667 |   1.899584 |      378 |      255 |      122 |   9.942446 |     10 | 0.763894 | 5.978606
 270 | 80700.00 | 81000.00 | 0.015932 | 0.021047 |   9.942446 |     10 | 0.763894 | 1.000000 | 0.956667 | 0.996667 | 0.896667 |   2.375596 |      385 |      287 |       98 |   9.943136 |     10 | 0.801741 | 5.020255
 271 | 81000.00 | 81300.00 | 0.015902 | 0.021038 |   9.943136 |     10 | 0.801741 | 1.000000 | 0.976667 | 0.960000 | 0.973333 |  -0.316894 |      388 |      293 |       95 |   9.943507 |     10 | 0.796702 | 5.147854
 272 | 81300.00 | 81600.00 | 0.015872 | 0.021028 |   9.943507 |     10 | 0.796702 | 1.000000 | 0.966667 | 1.003333 | 1.006667 |  -0.079261 |      386 |      290 |       96 |   9.944036 |     10 | 0.795444 | 5.179708
 273 | 81600.00 | 81900.00 | 0.015842 | 0.021018 |   9.944036 |     10 | 0.795444 | 1.000000 | 1.036667 | 0.940000 | 0.870000 |   1.665246 |      395 |      311 |       84 |   9.943455 |     10 | 0.821825 | 4.511710
 274 | 81900.00 | 82200.00 | 0.015812 | 0.021008 |   9.943455 |     10 | 0.821825 | 1.000000 | 0.990000 | 1.030000 | 1.063333 |  -0.793342 |      387 |      297 |       90 |   9.943613 |     10 | 0.809280 | 4.829356
 275 | 82200.00 | 82500.00 | 0.015783 | 0.020998 |   9.943613 |     10 | 0.809280 | 1.000000 | 1.036667 | 0.976667 | 1.040000 |  -1.508047 |      394 |      311 |       83 |   9.943035 |     10 | 0.785479 | 5.432035
 276 | 82500.00 | 82800.00 | 0.015753 | 0.020989 |   9.943035 |     10 | 0.785479 | 1.000000 | 1.020000 | 0.943333 | 0.946667 |  -0.079407 |      391 |      306 |       85 |   9.942720 |     10 | 0.784228 | 5.463711
 277 | 82800.00 | 83100.00 | 0.015724 | 0.020979 |   9.942720 |     10 | 0.784228 | 1.000000 | 1.026667 | 1.046667 | 0.996667 |   1.191659 |      392 |      308 |       84 |   9.942300 |     10 | 0.802966 | 4.989243
 278 | 83100.00 | 83400.00 | 0.015695 | 0.020970 |   9.942300 |     10 | 0.802966 | 1.000000 | 0.983333 | 1.076667 | 1.023333 |   1.271686 |      389 |      295 |       94 |   9.942562 |     10 | 0.822925 | 4.483851
 279 | 83400.00 | 83700.00 | 0.015666 | 0.020960 |   9.942562 |     10 | 0.822925 | 1.000000 | 1.026667 | 1.103333 | 1.020000 |   1.987917 |      393 |      308 |       85 |   9.942144 |     10 | 0.854067 | 3.695274
 280 | 83700.00 | 84000.00 | 0.015637 | 0.020950 |   9.942144 |     10 | 0.854067 | 1.000000 | 1.050000 | 1.013333 | 0.963333 |   1.193293 |      392 |      315 |       77 |   9.941362 |     10 | 0.872726 | 3.222785
 281 | 84000.00 | 84300.00 | 0.015608 | 0.020941 |   9.941362 |     10 | 0.872726 | 1.000000 | 1.063333 | 1.120000 | 1.050000 |   1.671369 |      395 |      319 |       76 |   9.940374 |     10 | 0.898813 | 2.562217
 282 | 84300.00 | 84600.00 | 0.015580 | 0.020931 |   9.940374 |     10 | 0.898813 | 1.000000 | 1.113333 | 1.050000 | 1.093333 |  -1.035125 |      399 |      334 |       65 |   9.938608 |     10 | 0.882687 | 2.970575
 283 | 84600.00 | 84900.00 | 0.015551 | 0.020922 |   9.938608 |     10 | 0.882687 | 1.000000 | 1.103333 | 1.080000 | 1.020000 |   1.433897 |      396 |      331 |       65 |   9.937001 |     10 | 0.904985 | 2.405935
 284 | 84900.00 | 85200.00 | 0.015523 | 0.020913 |   9.937001 |     10 | 0.904985 | 1.000000 | 1.086667 | 1.043333 | 1.060000 |  -0.398484 |      398 |      326 |       72 |   9.935656 |     10 | 0.898800 | 2.562564
 285 | 85200.00 | 85500.00 | 0.015494 | 0.020903 |   9.935656 |     10 | 0.898800 | 1.000000 | 1.136667 | 1.126667 | 1.090000 |   0.877058 |      402 |      341 |       61 |   9.933538 |     10 | 0.912389 | 2.218452
 286 | 85500.00 | 85800.00 | 0.015466 | 0.020894 |   9.933538 |     10 | 0.912389 | 1.000000 | 1.143333 | 1.086667 | 1.006667 |   1.914436 |      399 |      343 |       56 |   9.931321 |     10 | 0.941999 | 1.468691
 287 | 85800.00 | 86100.00 | 0.015438 | 0.020885 |   9.931321 |     10 | 0.941999 | 1.000000 | 1.066667 | 0.810000 | 1.120000 |  -7.421748 |      383 |      320 |       64 |   9.930292 |     10 | 0.827419 | 4.370052
 288 | 86100.00 | 86400.00 | 0.015411 | 0.020875 |   9.930292 |     10 | 0.827419 | 1.000000 | 1.056667 | 1.096667 | 0.990000 |   2.554855 |      396 |      317 |       78 |   9.929419 |     10 | 0.866791 | 3.373093
 289 | 86400.00 | 86700.00 | 0.015383 | 0.020866 |   9.929419 |     10 | 0.866791 | 1.000000 | 1.103333 | 1.110000 | 1.030000 |   1.916990 |      398 |      331 |       67 |   9.927829 |     10 | 0.896279 | 2.626389
 290 | 86700.00 | 87000.00 | 0.015355 | 0.020857 |   9.927829 |     10 | 0.896279 | 1.000000 | 1.140000 | 1.093333 | 1.110000 |  -0.399549 |      402 |      342 |       60 |   9.925680 |     10 | 0.890144 | 2.781742
 291 | 87000.00 | 87300.00 | 0.015328 | 0.020848 |   9.925680 |     10 | 0.890144 | 1.000000 | 1.073333 | 1.136667 | 1.053333 |   1.998628 |      395 |      322 |       73 |   9.924556 |     10 | 0.920778 | 2.006028
 292 | 87300.00 | 87600.00 | 0.015300 | 0.020838 |   9.924556 |     10 | 0.920778 | 1.000000 | 1.113333 | 1.090000 | 1.093333 |  -0.079980 |      396 |      334 |       62 |   9.922822 |     10 | 0.919555 | 2.037015
 293 | 87600.00 | 87900.00 | 0.015273 | 0.020829 |   9.922822 |     10 | 0.919555 | 1.000000 | 1.110000 | 1.093333 | 1.093333 |   0.000000 |      395 |      333 |       62 |   9.921141 |     10 | 0.919555 | 2.037015
 294 | 87900.00 | 88200.00 | 0.015246 | 0.020820 |   9.921141 |     10 | 0.919555 | 1.000000 | 1.100000 | 1.096667 | 1.086667 |   0.240151 |      396 |      330 |       66 |   9.919617 |     10 | 0.923216 | 1.944304
 295 | 88200.00 | 88500.00 | 0.015219 | 0.020811 |   9.919617 |     10 | 0.923216 | 1.000000 | 1.073333 | 1.116667 | 1.110000 |   0.160170 |      390 |      322 |       68 |   9.918501 |     10 | 0.925654 | 1.882580
 296 | 88500.00 | 88800.00 | 0.015192 | 0.020802 |   9.918501 |     10 | 0.925654 | 1.000000 | 1.156667 | 1.090000 | 1.043333 |   1.121678 |      400 |      347 |       54 |   9.916121 |     10 | 0.942694 | 1.451086
 297 | 88800.00 | 89100.00 | 0.015165 | 0.020793 |   9.916121 |     10 | 0.942694 | 1.000000 | 1.096667 | 0.833333 | 1.100000 |  -6.412364 |      386 |      329 |       57 |   9.914655 |     10 | 0.845450 | 3.913482
 298 | 89100.00 | 89400.00 | 0.015138 | 0.020784 |   9.914655 |     10 | 0.845450 | 1.000000 | 1.146667 | 1.006667 | 1.003333 |   0.080189 |      404 |      344 |       59 |   9.912435 |     10 | 0.846664 | 3.882743
 299 | 89400.00 | 89700.00 | 0.015112 | 0.020775 |   9.912435 |     10 | 0.846664 | 1.000000 | 0.956667 | 1.010000 | 1.016667 |  -0.160447 |      386 |      287 |       99 |   9.913089 |     10 | 0.844239 | 3.944140
 300 | 89700.00 | 90000.00 | 0.015085 | 0.020766 |   9.913089 |     10 | 0.844239 | 1.000000 | 0.976667 | 1.020000 | 1.013333 |   0.160516 |      386 |      293 |       93 |   9.913441 |     10 | 0.846660 | 3.882824
 301 | 90000.00 | 90300.00 | 0.015059 | 0.020757 |   9.913441 |     10 | 0.846660 | 1.000000 | 1.076667 | 1.006667 | 1.000000 |   0.160585 |      397 |      323 |       74 |   9.912287 |     10 | 0.849079 | 3.821590
 302 | 90300.00 | 90600.00 | 0.015033 | 0.020749 |   9.912287 |     10 | 0.849079 | 1.000000 | 1.096667 | 0.983333 | 1.053333 |  -1.686862 |      397 |      329 |       68 |   9.910834 |     10 | 0.823720 | 4.463707
 303 | 90600.00 | 90900.00 | 0.015007 | 0.020740 |   9.910834 |     10 | 0.823720 | 1.000000 | 1.066667 | 1.030000 | 0.966667 |   1.526858 |      397 |      320 |       77 |   9.909833 |     10 | 0.846633 | 3.883506
 304 | 90900.00 | 91200.00 | 0.014981 | 0.020731 |   9.909833 |     10 | 0.846633 | 1.000000 | 1.013333 | 1.033333 | 0.953333 |   1.929481 |      390 |      304 |       86 |   9.909633 |     10 | 0.875538 | 3.151581
 305 | 91200.00 | 91500.00 | 0.014955 | 0.020722 |   9.909633 |     10 | 0.875538 | 1.000000 | 1.123333 | 1.060000 | 1.043333 |   0.402145 |      400 |      337 |       63 |   9.907789 |     10 | 0.881552 | 2.999296
 306 | 91500.00 | 91800.00 | 0.014929 | 0.020713 |   9.907789 |     10 | 0.881552 | 1.000000 | 1.083333 | 1.040000 | 1.100000 |  -1.448334 |      396 |      325 |       71 |   9.906545 |     10 | 0.859930 | 3.546808
 307 | 91800.00 | 92100.00 | 0.014903 | 0.020705 |   9.906545 |     10 | 0.859930 | 1.000000 | 1.056667 | 1.066667 | 0.980000 |   2.092919 |      395 |      317 |       78 |   9.905700 |     10 | 0.891122 | 2.756986
 308 | 92100.00 | 92400.00 | 0.014878 | 0.020696 |   9.905700 |     10 | 0.891122 | 1.000000 | 1.063333 | 1.086667 | 1.086667 |   0.000000 |      395 |      319 |       76 |   9.904758 |     10 | 0.891122 | 2.756986
 309 | 92400.00 | 92700.00 | 0.014852 | 0.020687 |   9.904758 |     10 | 0.891122 | 1.000000 | 1.006667 | 1.056667 | 1.040000 |   0.402822 |      389 |      302 |       87 |   9.904659 |     10 | 0.897105 | 2.605490
 310 | 92700.00 | 93000.00 | 0.014827 | 0.020679 |   9.904659 |     10 | 0.897105 | 1.000000 | 1.116667 | 1.106667 | 1.070000 |   0.886578 |      398 |      335 |       64 |   9.902929 |     10 | 0.910250 | 2.272631
 311 | 93000.00 | 93300.00 | 0.014802 | 0.020670 |   9.902929 |     10 | 0.910250 | 1.000000 | 1.066667 | 1.116667 | 1.133333 |  -0.403158 |      394 |      320 |       73 |   9.901943 |     10 | 0.904282 | 2.423736
 312 | 93300.00 | 93600.00 | 0.014777 | 0.020662 |   9.901943 |     10 | 0.904282 | 1.000000 | 1.130000 | 1.143333 | 1.050000 |   2.258619 |      400 |      339 |       61 |   9.900022 |     10 | 0.937657 | 1.578635
 313 | 93600.00 | 93900.00 | 0.014751 | 0.020653 |   9.900022 |     10 | 0.937657 | 1.000000 | 1.126667 | 0.933333 | 1.066667 |  -3.227935 |      392 |      338 |       54 |   9.898153 |     10 | 0.890040 | 2.784373
 314 | 93900.00 | 94200.00 | 0.014727 | 0.020645 |   9.898153 |     10 | 0.890040 | 1.000000 | 1.133333 | 1.116667 | 1.083333 |   0.807317 |      402 |      340 |       62 |   9.896190 |     10 | 0.901929 | 2.483324
 315 | 94200.00 | 94500.00 | 0.014702 | 0.020636 |   9.896190 |     10 | 0.901929 | 1.000000 | 1.130000 | 1.096667 | 1.096667 |   0.000000 |      401 |      339 |       62 |   9.894278 |     10 | 0.901929 | 2.483324
 316 | 94500.00 | 94800.00 | 0.014677 | 0.020628 |   9.894278 |     10 | 0.901929 | 1.000000 | 1.110000 | 1.113333 | 1.073333 |   0.969577 |      397 |      333 |       65 |   9.892664 |     10 | 0.916159 | 2.122986
 317 | 94800.00 | 95100.00 | 0.014652 | 0.020619 |   9.892664 |     10 | 0.916159 | 1.000000 | 1.063333 | 1.153333 | 1.053333 |   2.424934 |      391 |      319 |       71 |   9.891736 |     10 | 0.951690 | 1.223286
 318 | 95100.00 | 95400.00 | 0.014628 | 0.020611 |   9.891736 |     10 | 0.951690 | 1.000000 | 1.053333 | 0.590000 | 1.143333 | -13.423446 |      360 |      316 |       45 |   9.890956 |     10 | 0.755336 | 6.195317
 319 | 95400.00 | 95700.00 | 0.014603 | 0.020602 |   9.890956 |     10 | 0.755336 | 1.000000 | 0.973333 | 1.013333 | 0.926667 |   2.103323 |      389 |      292 |       96 |   9.891345 |     10 | 0.786051 | 5.417550
 320 | 95700.00 | 96000.00 | 0.014579 | 0.020594 |   9.891345 |     10 | 0.786051 | 1.000000 | 1.073333 | 1.056667 | 0.983333 |   1.780458 |      396 |      322 |       74 |   9.890276 |     10 | 0.812008 | 4.760270
 321 | 96000.00 | 96300.00 | 0.014555 | 0.020586 |   9.890276 |     10 | 0.812008 | 1.000000 | 0.990000 | 1.036667 | 1.050000 |  -0.323851 |      389 |      297 |       92 |   9.890422 |     10 | 0.807295 | 4.879625
 322 | 96300.00 | 96600.00 | 0.014531 | 0.020577 |   9.890422 |     10 | 0.807295 | 1.000000 | 0.993333 | 1.020000 | 1.010000 |   0.242986 |      388 |      298 |       90 |   9.890518 |     10 | 0.810826 | 4.790221
 323 | 96600.00 | 96900.00 | 0.014506 | 0.020569 |   9.890518 |     10 | 0.810826 | 1.000000 | 1.036667 | 1.026667 | 0.956667 |   1.701588 |      394 |      311 |       83 |   9.889987 |     10 | 0.835510 | 4.165179
 324 | 96900.00 | 97200.00 | 0.014483 | 0.020561 |   9.889987 |     10 | 0.835510 | 1.000000 | 0.996667 | 1.046667 | 1.000000 |   1.134848 |      389 |      299 |       90 |   9.890035 |     10 | 0.851945 | 3.749005
 325 | 97200.00 | 97500.00 | 0.014459 | 0.020553 |   9.890035 |     10 | 0.851945 | 1.000000 | 1.090000 | 1.136667 | 1.056667 |   1.946232 |      396 |      327 |       69 |   9.888734 |     10 | 0.880085 | 3.036455
 326 | 97500.00 | 97800.00 | 0.014435 | 0.020544 |   9.888734 |     10 | 0.880085 | 1.000000 | 1.100000 | 1.130000 | 1.013333 |   2.839389 |      399 |      330 |       69 |   9.887290 |     10 | 0.921071 | 1.998612
 327 | 97800.00 | 98100.00 | 0.014411 | 0.020536 |   9.887290 |     10 | 0.921071 | 1.000000 | 1.103333 | 1.036667 | 1.043333 |  -0.162315 |      395 |      331 |       64 |   9.885801 |     10 | 0.918732 | 2.057844
 328 | 98100.00 | 98400.00 | 0.014388 | 0.020528 |   9.885801 |     10 | 0.918732 | 1.000000 | 1.100000 | 1.086667 | 1.070000 |   0.405950 |      396 |      330 |       66 |   9.884362 |     10 | 0.924573 | 1.909949
 329 | 98400.00 | 98700.00 | 0.014364 | 0.020520 |   9.884362 |     10 | 0.924573 | 1.000000 | 1.076667 | 1.113333 | 1.076667 |   0.893444 |      393 |      323 |       70 |   9.883261 |     10 | 0.937406 | 1.584981
 330 | 98700.00 | 99000.00 | 0.014341 | 0.020512 |   9.883261 |     10 | 0.937406 | 1.000000 | 1.126667 | 0.906667 | 1.116667 |  -5.119020 |      392 |      338 |       54 |   9.881444 |     10 | 0.863996 | 3.443864
 331 | 99000.00 | 99300.00 | 0.014317 | 0.020504 |   9.881444 |     10 | 0.863996 | 1.000000 | 1.123333 | 1.113333 | 1.010000 |   2.519876 |      400 |      337 |       63 |   9.879679 |     10 | 0.900074 | 2.530301
 332 | 99300.00 | 99600.00 | 0.014294 | 0.020496 |   9.879679 |     10 | 0.900074 | 1.000000 | 1.083333 | 1.100000 | 1.063333 |   0.894501 |      396 |      325 |       72 |   9.878487 |     10 | 0.912860 | 2.206532
 333 | 99600.00 | 99900.00 | 0.014271 | 0.020488 |   9.878487 |     10 | 0.912860 | 1.000000 | 1.150000 | 1.096667 | 1.043333 |   1.301603 |      400 |      345 |       54 |   9.876347 |     10 | 0.931435 | 1.736172
 334 | 99900.00 | 100200.0 | 0.014248 | 0.020480 |   9.876347 |     10 | 0.931435 | 1.000000 | 1.140000 | 1.016667 | 1.083333 |  -1.627640 |      398 |      342 |       56 |   9.874352 |     10 | 0.908245 | 2.323403
 335 | 100200.0 | 100500.0 | 0.014225 | 0.020472 |   9.874352 |     10 | 0.908245 | 1.000000 | 1.110000 | 1.160000 | 1.076667 |   2.035344 |      396 |      333 |       63 |   9.872787 |     10 | 0.937198 | 1.590260
 336 | 100500.0 | 100800.0 | 0.014202 | 0.020464 |   9.872787 |     10 | 0.937198 | 1.000000 | 1.150000 | 0.890000 | 1.096667 |  -5.049618 |      396 |      345 |       52 |   9.870657 |     10 | 0.865481 | 3.406241
 337 | 100800.0 | 101100.0 | 0.014180 | 0.020456 |   9.870657 |     10 | 0.865481 | 1.000000 | 1.053333 | 1.076667 | 1.036667 |   0.977725 |      394 |      316 |       77 |   9.869901 |     10 | 0.879345 | 3.055188
 338 | 101100.0 | 101400.0 | 0.014157 | 0.020448 |   9.869901 |     10 | 0.879345 | 1.000000 | 1.080000 | 1.096667 | 1.036667 |   1.467155 |      398 |      324 |       74 |   9.868768 |     10 | 0.900116 | 2.529246
 339 | 101400.0 | 101700.0 | 0.014134 | 0.020440 |   9.868768 |     10 | 0.900116 | 1.000000 | 1.143333 | 1.180000 | 1.033333 |   3.587764 |      401 |      343 |       58 |   9.866742 |     10 | 0.950826 | 1.245167
 340 | 101700.0 | 102000.0 | 0.014112 | 0.020432 |   9.866742 |     10 | 0.950826 | 1.000000 | 1.000000 | 0.626667 | 1.140000 | -12.562011 |      359 |      300 |       59 |   9.866742 |     10 | 0.773553 | 5.734021
 341 | 102000.0 | 102300.0 | 0.014089 | 0.020424 |   9.866742 |     10 | 0.773553 | 1.000000 | 0.960000 | 0.976667 | 0.850000 |   3.100908 |      386 |      288 |       98 |   9.867306 |     10 | 0.817243 | 4.627715
 342 | 102300.0 | 102600.0 | 0.014067 | 0.020416 |   9.867306 |     10 | 0.817243 | 1.000000 | 0.980000 | 1.043333 | 0.980000 |   1.551048 |      389 |      294 |       95 |   9.867587 |     10 | 0.839062 | 4.075227
 343 | 102600.0 | 102900.0 | 0.014045 | 0.020409 |   9.867587 |     10 | 0.839062 | 1.000000 | 0.996667 | 1.063333 | 0.960000 |   2.531625 |      390 |      299 |       91 |   9.867634 |     10 | 0.874618 | 3.174880
 344 | 102900.0 | 103200.0 | 0.014023 | 0.020401 |   9.867634 |     10 | 0.874618 | 1.000000 | 1.076667 | 1.063333 | 1.070000 |  -0.163393 |      396 |      323 |       73 |   9.866559 |     10 | 0.872327 | 3.232898
 345 | 103200.0 | 103500.0 | 0.014001 | 0.020393 |   9.866559 |     10 | 0.872327 | 1.000000 | 1.036667 | 1.060000 | 1.140000 |  -1.961460 |      392 |      311 |       81 |   9.866045 |     10 | 0.844865 | 3.928276
 346 | 103500.0 | 103800.0 | 0.013979 | 0.020385 |   9.866045 |     10 | 0.844865 | 1.000000 | 1.083333 | 1.026667 | 1.016667 |   0.245276 |      398 |      325 |       73 |   9.864881 |     10 | 0.848294 | 3.841457
 347 | 103800.0 | 104100.0 | 0.013957 | 0.020378 |   9.864881 |     10 | 0.848294 | 1.000000 | 1.013333 | 1.123333 | 1.013333 |   2.699052 |      390 |      304 |       86 |   9.864694 |     10 | 0.885964 | 2.887587
 348 | 104100.0 | 104400.0 | 0.013935 | 0.020370 |   9.864694 |     10 | 0.885964 | 1.000000 | 1.140000 | 1.123333 | 1.023333 |   2.454610 |      401 |      342 |       59 |   9.862744 |     10 | 0.920169 | 2.021461
 349 | 104400.0 | 104700.0 | 0.013913 | 0.020362 |   9.862744 |     10 | 0.920169 | 1.000000 | 1.146667 | 1.090000 | 1.046667 |   1.064065 |      400 |      344 |       56 |   9.860703 |     10 | 0.934973 | 1.646584
 350 | 104700.0 | 105000.0 | 0.013892 | 0.020355 |   9.860703 |     10 | 0.934973 | 1.000000 | 1.113333 | 0.950000 | 1.083333 |  -3.275275 |      393 |      334 |       59 |   9.859129 |     10 | 0.889475 | 2.798689
 351 | 105000.0 | 105300.0 | 0.013870 | 0.020347 |   9.859129 |     10 | 0.889475 | 1.000000 | 1.106667 | 1.066667 | 1.056667 |   0.245738 |      398 |      332 |       66 |   9.857649 |     10 | 0.892883 | 2.712383
 352 | 105300.0 | 105600.0 | 0.013849 | 0.020339 |   9.857649 |     10 | 0.892883 | 1.000000 | 1.110000 | 1.106667 | 1.043333 |   1.556920 |      399 |      333 |       66 |   9.856126 |     10 | 0.914444 | 2.166421
 353 | 105600.0 | 105900.0 | 0.013827 | 0.020332 |   9.856126 |     10 | 0.914444 | 1.000000 | 1.146667 | 1.136667 | 1.050000 |   2.131316 |      401 |      344 |       57 |   9.854098 |     10 | 0.943914 | 1.420192
 354 | 105900.0 | 106200.0 | 0.013806 | 0.020324 |   9.854098 |     10 | 0.943914 | 1.000000 | 1.173333 | 0.773333 | 1.043333 |  -6.642338 |      394 |      352 |       42 |   9.851705 |     10 | 0.852211 | 3.742260
 355 | 106200.0 | 106500.0 | 0.013785 | 0.020317 |   9.851705 |     10 | 0.852211 | 1.000000 | 1.053333 | 1.036667 | 1.010000 |   0.656277 |      396 |      316 |       80 |   9.850970 |     10 | 0.861258 | 3.513188
 356 | 106500.0 | 106800.0 | 0.013763 | 0.020309 |   9.850970 |     10 | 0.861258 | 1.000000 | 1.050000 | 1.053333 | 1.080000 |  -0.656520 |      394 |      315 |       79 |   9.850281 |     10 | 0.852222 | 3.741993
 357 | 106800.0 | 107100.0 | 0.013742 | 0.020302 |   9.850281 |     10 | 0.852222 | 1.000000 | 1.066667 | 1.066667 | 0.996667 |   1.724000 |      394 |      320 |       74 |   9.849365 |     10 | 0.875914 | 3.142079
 358 | 107100.0 | 107400.0 | 0.013721 | 0.020294 |   9.849365 |     10 | 0.875914 | 1.000000 | 1.076667 | 1.040000 | 1.063333 |  -0.574878 |      397 |      323 |       74 |   9.848313 |     10 | 0.868026 | 3.341818
 359 | 107400.0 | 107700.0 | 0.013700 | 0.020287 |   9.848313 |     10 | 0.868026 | 1.000000 | 1.046667 | 1.050000 | 1.050000 |   0.000000 |      393 |      314 |       79 |   9.847674 |     10 | 0.868026 | 3.341818
 360 | 107700.0 | 108000.0 | 0.013679 | 0.020279 |   9.847674 |     10 | 0.868026 | 1.000000 | 1.073333 | 1.056667 | 1.030000 |   0.657486 |      396 |      322 |       74 |   9.846671 |     10 | 0.877020 | 3.114073
 361 | 108000.0 | 108300.0 | 0.013659 | 0.020272 |   9.846671 |     10 | 0.877020 | 1.000000 | 0.983333 | 1.053333 | 1.023333 |   0.739942 |      387 |      295 |       92 |   9.846899 |     10 | 0.887126 | 2.858156
 362 | 108300.0 | 108600.0 | 0.013638 | 0.020264 |   9.846899 |     10 | 0.887126 | 1.000000 | 1.116667 | 1.063333 | 1.186667 |  -3.043092 |      399 |      335 |       64 |   9.845307 |     10 | 0.845625 | 3.909050
 363 | 108600.0 | 108900.0 | 0.013617 | 0.020257 |   9.845307 |     10 | 0.845625 | 1.000000 | 1.010000 | 1.090000 | 0.963333 |   3.126474 |      389 |      303 |       86 |   9.845171 |     10 | 0.888199 | 2.830994
 364 | 108900.0 | 109200.0 | 0.013597 | 0.020250 |   9.845171 |     10 | 0.888199 | 1.000000 | 1.023333 | 1.063333 | 1.016667 |   1.152277 |      393 |      307 |       86 |   9.844854 |     10 | 0.903866 | 2.434270
 365 | 109200.0 | 109500.0 | 0.013576 | 0.020242 |   9.844854 |     10 | 0.903866 | 1.000000 | 1.126667 | 1.133333 | 1.110000 |   0.576347 |      400 |      338 |       62 |   9.843134 |     10 | 0.911691 | 2.236136
 366 | 109500.0 | 109800.0 | 0.013556 | 0.020235 |   9.843134 |     10 | 0.911691 | 1.000000 | 1.143333 | 1.050000 | 1.133333 |  -2.059125 |      399 |      343 |       56 |   9.841191 |     10 | 0.883778 | 2.942951
 367 | 109800.0 | 110100.0 | 0.013536 | 0.020228 |   9.841191 |     10 | 0.883778 | 1.000000 | 1.043333 | 1.073333 | 1.040000 |   0.823947 |      393 |      313 |       80 |   9.840605 |     10 | 0.894930 | 2.660547
 368 | 110100.0 | 110400.0 | 0.013515 | 0.020221 |   9.840605 |     10 | 0.894930 | 1.000000 | 1.126667 | 1.146667 | 1.010000 |   3.379396 |      400 |      338 |       62 |   9.838893 |     10 | 0.940604 | 1.504009
 369 | 110400.0 | 110700.0 | 0.013495 | 0.020213 |   9.838893 |     10 | 0.940604 | 1.000000 | 1.113333 | 0.830000 | 1.066667 |  -5.854222 |      391 |      334 |       57 |   9.837363 |     10 | 0.861600 | 3.504522
 370 | 110700.0 | 111000.0 | 0.013475 | 0.020206 |   9.837363 |     10 | 0.861600 | 1.000000 | 1.056667 | 1.053333 | 1.016667 |   0.907317 |      395 |      317 |       78 |   9.836600 |     10 | 0.873826 | 3.194934
 371 | 111000.0 | 111300.0 | 0.013455 | 0.020199 |   9.836600 |     10 | 0.873826 | 1.000000 | 1.150000 | 1.116667 | 1.026667 |   2.227844 |      401 |      345 |       56 |   9.834582 |     10 | 0.903802 | 2.435896
 372 | 111300.0 | 111600.0 | 0.013435 | 0.020192 |   9.834582 |     10 | 0.903802 | 1.000000 | 1.136667 | 1.123333 | 1.076667 |   1.155590 |      401 |      341 |       60 |   9.832745 |     10 | 0.919328 | 2.042765
 373 | 111600.0 | 111900.0 | 0.013415 | 0.020185 |   9.832745 |     10 | 0.919328 | 1.000000 | 1.103333 | 1.103333 | 1.080000 |   0.578000 |      395 |      331 |       64 |   9.831359 |     10 | 0.927082 | 1.846421
 374 | 111900.0 | 112200.0 | 0.013395 | 0.020177 |   9.831359 |     10 | 0.927082 | 1.000000 | 1.093333 | 1.066667 | 1.073333 |  -0.165201 |      394 |      328 |       67 |   9.830109 |     10 | 0.924869 | 1.902456
 375 | 112200.0 | 112500.0 | 0.013376 | 0.020170 |   9.830109 |     10 | 0.924869 | 1.000000 | 1.083333 | 1.020000 | 1.096667 |  -1.900487 |      393 |      325 |       67 |   9.828994 |     10 | 0.899448 | 2.546140
 376 | 112500.0 | 112800.0 | 0.013356 | 0.020163 |   9.828994 |     10 | 0.899448 | 1.000000 | 1.116667 | 1.116667 | 1.056667 |   1.487862 |      399 |      335 |       65 |   9.827436 |     10 | 0.919320 | 2.042951
 377 | 112800.0 | 113100.0 | 0.013336 | 0.020156 |   9.827436 |     10 | 0.919320 | 1.000000 | 1.110000 | 1.083333 | 1.153333 |  -1.736450 |      397 |      333 |       63 |   9.825969 |     10 | 0.896162 | 2.629349
 378 | 113100.0 | 113400.0 | 0.013317 | 0.020149 |   9.825969 |     10 | 0.896162 | 1.000000 | 1.140000 | 1.153333 | 1.040000 |   2.812381 |      401 |      342 |       59 |   9.824105 |     10 | 0.933614 | 1.681001
 379 | 113400.0 | 113700.0 | 0.013297 | 0.020142 |   9.824105 |     10 | 0.933614 | 1.000000 | 1.133333 | 0.940000 | 1.116667 |  -4.385541 |      394 |      340 |       54 |   9.822332 |     10 | 0.875298 | 3.157665
 380 | 113700.0 | 114000.0 | 0.013278 | 0.020135 |   9.822332 |     10 | 0.875298 | 1.000000 | 1.083333 | 1.070000 | 0.993333 |   1.903824 |      398 |      325 |       73 |   9.821225 |     10 | 0.900577 | 2.517560
 381 | 114000.0 | 114300.0 | 0.013259 | 0.020128 |   9.821225 |     10 | 0.900577 | 1.000000 | 1.070000 | 1.123333 | 1.023333 |   2.484114 |      394 |      321 |       73 |   9.820297 |     10 | 0.933513 | 1.683565
 382 | 114300.0 | 114600.0 | 0.013239 | 0.020121 |   9.820297 |     10 | 0.933513 | 1.000000 | 1.120000 | 1.030000 | 1.096667 |  -1.656652 |      393 |      336 |       58 |   9.818708 |     10 | 0.911580 | 2.238947
 383 | 114600.0 | 114900.0 | 0.013220 | 0.020114 |   9.818708 |     10 | 0.911580 | 1.000000 | 1.133333 | 1.086667 | 1.123333 |  -0.911475 |      400 |      340 |       59 |   9.816946 |     10 | 0.899530 | 2.544070
 384 | 114900.0 | 115200.0 | 0.013201 | 0.020107 |   9.816946 |     10 | 0.899530 | 1.000000 | 1.100000 | 1.106667 | 1.000000 |   2.652480 |      398 |      330 |       68 |   9.815626 |     10 | 0.934546 | 1.657417
 385 | 115200.0 | 115500.0 | 0.013182 | 0.020100 |   9.815626 |     10 | 0.934546 | 1.000000 | 1.150000 | 1.000000 | 1.060000 |  -1.492535 |      397 |      345 |       52 |   9.813648 |     10 | 0.914871 | 2.155611
 386 | 115500.0 | 115800.0 | 0.013163 | 0.020093 |   9.813648 |     10 | 0.914871 | 1.000000 | 1.100000 | 1.050000 | 1.076667 |  -0.663578 |      396 |      330 |       66 |   9.812332 |     10 | 0.906136 | 2.376788
 387 | 115800.0 | 116100.0 | 0.013144 | 0.020086 |   9.812332 |     10 | 0.906136 | 1.000000 | 1.156667 | 1.116667 | 1.046667 |   1.742490 |      403 |      347 |       56 |   9.810273 |     10 | 0.929040 | 1.796834
 388 | 116100.0 | 116400.0 | 0.013125 | 0.020079 |   9.810273 |     10 | 0.929040 | 1.000000 | 1.083333 | 1.080000 | 1.073333 |   0.166008 |      390 |      325 |       65 |   9.809179 |     10 | 0.931219 | 1.741661
 389 | 116400.0 | 116700.0 | 0.013106 | 0.020072 |   9.809179 |     10 | 0.931219 | 1.000000 | 1.116667 | 1.020000 | 1.003333 |   0.415163 |      393 |      335 |       58 |   9.807650 |     10 | 0.936660 | 1.603878
 390 | 116700.0 | 117000.0 | 0.013088 | 0.020066 |   9.807650 |     10 | 0.936660 | 1.000000 | 1.130000 | 0.923333 | 0.996667 |  -1.827340 |      395 |      339 |       56 |   9.805949 |     10 | 0.912744 | 2.209463
 391 | 117000.0 | 117300.0 | 0.013069 | 0.020059 |   9.805949 |     10 | 0.912744 | 1.000000 | 1.186667 | 1.136667 | 1.073333 |   1.578695 |      405 |      356 |       49 |   9.803509 |     10 | 0.933376 | 1.687026
 392 | 117300.0 | 117600.0 | 0.013050 | 0.020052 |   9.803509 |     10 | 0.933376 | 1.000000 | 1.036667 | 1.003333 | 1.063333 |  -1.496114 |      387 |      311 |       76 |   9.803030 |     10 | 0.913851 | 2.181430
 393 | 117600.0 | 117900.0 | 0.013032 | 0.020045 |   9.803030 |     10 | 0.913851 | 1.000000 | 1.116667 | 1.113333 | 1.126667 |  -0.332582 |      396 |      335 |       61 |   9.801510 |     10 | 0.909517 | 2.291179
 394 | 117900.0 | 118200.0 | 0.013013 | 0.020038 |   9.801510 |     10 | 0.909517 | 1.000000 | 1.156667 | 1.100000 | 1.080000 |   0.499042 |      404 |      347 |       58 |   9.799471 |     10 | 0.916011 | 2.126733
 395 | 118200.0 | 118500.0 | 0.012995 | 0.020032 |   9.799471 |     10 | 0.916011 | 1.000000 | 1.140000 | 1.110000 | 1.036667 |   1.830440 |      400 |      342 |       57 |   9.797652 |     10 | 0.939798 | 1.524417
 396 | 118500.0 | 118800.0 | 0.012977 | 0.020025 |   9.797652 |     10 | 0.939798 | 1.000000 | 1.140000 | 0.843333 | 1.103333 |  -6.491926 |      395 |      342 |       53 |   9.795835 |     10 | 0.855555 | 3.657607
 397 | 118800.0 | 119100.0 | 0.012958 | 0.020018 |   9.795835 |     10 | 0.855555 | 1.000000 | 1.070000 | 1.086667 | 1.020000 |   1.665156 |      394 |      321 |       73 |   9.794928 |     10 | 0.877132 | 3.111222
 398 | 119100.0 | 119400.0 | 0.012940 | 0.020011 |   9.794928 |     10 | 0.877132 | 1.000000 | 1.090000 | 1.100000 | 0.990000 |   2.748428 |      399 |      327 |       72 |   9.793764 |     10 | 0.912697 | 2.210653
 399 | 119400.0 | 119700.0 | 0.012922 | 0.020005 |   9.793764 |     10 | 0.912697 | 1.000000 | 1.070000 | 1.080000 | 1.066667 |   0.333254 |      393 |      321 |       72 |   9.792859 |     10 | 0.917004 | 2.101610
 400 | 119700.0 | 120000.0 | 0.012904 | 0.019998 |   9.792859 |     10 | 0.917004 | 1.000000 | 1.083333 | 1.076667 | 1.053333 |   0.583390 |      393 |      325 |       68 |   9.791784 |     10 | 0.924532 | 1.910988
 401 | 120000.0 | 120300.0 | 0.012886 | 0.019991 |   9.791784 |     10 | 0.924532 | 1.000000 | 1.073333 | 1.113333 | 1.020000 |   2.334335 |      392 |      322 |       70 |   9.790839 |     10 | 0.954612 | 1.149312
 402 | 120300.0 | 120600.0 | 0.012868 | 0.019985 |   9.790839 |     10 | 0.954612 | 1.000000 | 0.990000 | 0.556667 | 1.060000 | -12.592920 |      343 |      297 |       48 |   9.790967 |     10 | 0.792567 | 5.252553
 403 | 120600.0 | 120900.0 | 0.012850 | 0.019978 |   9.790967 |     10 | 0.792567 | 1.000000 | 1.030000 | 1.010000 | 0.923333 |   2.169036 |      393 |      309 |       82 |   9.790582 |     10 | 0.820439 | 4.546785
 404 | 120900.0 | 121200.0 | 0.012832 | 0.019972 |   9.790582 |     10 | 0.820439 | 1.000000 | 0.990000 | 1.066667 | 0.980000 |   2.169754 |      389 |      297 |       92 |   9.790710 |     10 | 0.848282 | 3.841763
 405 | 121200.0 | 121500.0 | 0.012814 | 0.019965 |   9.790710 |     10 | 0.848282 | 1.000000 | 1.056667 | 1.053333 | 0.996667 |   1.419154 |      394 |      317 |       77 |   9.789984 |     10 | 0.866467 | 3.381275
 406 | 121500.0 | 121800.0 | 0.012797 | 0.019958 |   9.789984 |     10 | 0.866467 | 1.000000 | 1.076667 | 1.046667 | 1.030000 |   0.417536 |      397 |      323 |       74 |   9.789003 |     10 | 0.871810 | 3.245980
 407 | 121800.0 | 122100.0 | 0.012779 | 0.019952 |   9.789003 |     10 | 0.871810 | 1.000000 | 1.126667 | 1.110000 | 1.003333 |   2.673106 |      401 |      338 |       63 |   9.787384 |     10 | 0.905970 | 2.381005
 408 | 122100.0 | 122400.0 | 0.012761 | 0.019945 |   9.787384 |     10 | 0.905970 | 1.000000 | 1.156667 | 1.186667 | 1.090000 |   2.423297 |      401 |      347 |       54 |   9.785385 |     10 | 0.936894 | 1.597944
 409 | 122400.0 | 122700.0 | 0.012744 | 0.019939 |   9.785385 |     10 | 0.936894 | 1.000000 | 1.116667 | 0.933333 | 1.090000 |  -3.928697 |      393 |      335 |       58 |   9.783898 |     10 | 0.886828 | 2.865711
 410 | 122700.0 | 123000.0 | 0.012726 | 0.019932 |   9.783898 |     10 | 0.886828 | 1.000000 | 1.116667 | 1.173333 | 1.056667 |   2.926580 |      400 |      335 |       65 |   9.782414 |     10 | 0.924072 | 1.922618
 411 | 123000.0 | 123300.0 | 0.012709 | 0.019926 |   9.782414 |     10 | 0.924072 | 1.000000 | 1.116667 | 1.090000 | 1.070000 |   0.501863 |      396 |      335 |       61 |   9.780931 |     10 | 0.930450 | 1.761114
 412 | 123300.0 | 123600.0 | 0.012691 | 0.019919 |   9.780931 |     10 | 0.930450 | 1.000000 | 1.103333 | 1.060000 | 1.150000 |  -2.259117 |      392 |      331 |       62 |   9.779619 |     10 | 0.901779 | 2.487124
 413 | 123600.0 | 123900.0 | 0.012674 | 0.019913 |   9.779619 |     10 | 0.901779 | 1.000000 | 1.153333 | 1.140000 | 1.083333 |   1.422869 |      404 |      346 |       57 |   9.777676 |     10 | 0.919813 | 2.030482
 414 | 123900.0 | 124200.0 | 0.012657 | 0.019906 |   9.777676 |     10 | 0.919813 | 1.000000 | 1.123333 | 1.106667 | 1.043333 |   1.590780 |      397 |      337 |       60 |   9.776115 |     10 | 0.939947 | 1.520648
 415 | 124200.0 | 124500.0 | 0.012640 | 0.019900 |   9.776115 |     10 | 0.939947 | 1.000000 | 1.150000 | 0.860000 | 1.103333 |  -6.113917 |      391 |      345 |       46 |   9.774219 |     10 | 0.862669 | 3.477454
 416 | 124500.0 | 124800.0 | 0.012622 | 0.019894 |   9.774219 |     10 | 0.862669 | 1.000000 | 1.036667 | 1.103333 | 0.976667 |   3.183613 |      393 |      311 |       82 |   9.773756 |     10 | 0.902854 | 2.459897
 417 | 124800.0 | 125100.0 | 0.012605 | 0.019887 |   9.773756 |     10 | 0.902854 | 1.000000 | 1.136667 | 1.056667 | 1.083333 |  -0.670450 |      400 |      341 |       59 |   9.772034 |     10 | 0.894403 | 2.673898
 418 | 125100.0 | 125400.0 | 0.012588 | 0.019881 |   9.772034 |     10 | 0.894403 | 1.000000 | 1.070000 | 1.093333 | 1.076667 |   0.419166 |      395 |      321 |       74 |   9.771152 |     10 | 0.899680 | 2.540285
 419 | 125400.0 | 125700.0 | 0.012571 | 0.019874 |   9.771152 |     10 | 0.899680 | 1.000000 | 1.103333 | 1.050000 | 1.056667 |  -0.167720 |      397 |      331 |       67 |   9.769853 |     10 | 0.897571 | 2.593675
 420 | 125700.0 | 126000.0 | 0.012554 | 0.019868 |   9.769853 |     10 | 0.897571 | 1.000000 | 1.136667 | 1.120000 | 1.070000 |   1.258301 |      402 |      341 |       60 |   9.768138 |     10 | 0.913368 | 2.193661
 421 | 126000.0 | 126300.0 | 0.012538 | 0.019862 |   9.768138 |     10 | 0.913368 | 1.000000 | 1.086667 | 1.070000 | 1.036667 |   0.839135 |      394 |      326 |       68 |   9.767051 |     10 | 0.923889 | 1.927258
 422 | 126300.0 | 126600.0 | 0.012521 | 0.019855 |   9.767051 |     10 | 0.923889 | 1.000000 | 1.110000 | 1.143333 | 1.096667 |   1.175163 |      395 |      333 |       62 |   9.765674 |     10 | 0.938603 | 1.554676
 423 | 126600.0 | 126900.0 | 0.012504 | 0.019849 |   9.765674 |     10 | 0.938603 | 1.000000 | 1.123333 | 0.906667 | 1.076667 |  -4.282310 |      391 |      337 |       55 |   9.764132 |     10 | 0.885057 | 2.910553
 424 | 126900.0 | 127200.0 | 0.012487 | 0.019843 |   9.764132 |     10 | 0.885057 | 1.000000 | 1.033333 | 1.086667 | 1.033333 |   1.343895 |      391 |      310 |       80 |   9.763715 |     10 | 0.901839 | 2.485614
 425 | 127200.0 | 127500.0 | 0.012471 | 0.019837 |   9.763715 |     10 | 0.901839 | 1.000000 | 1.123333 | 1.050000 | 1.083333 |  -0.840200 |      400 |      337 |       63 |   9.762177 |     10 | 0.891361 | 2.750930
 426 | 127500.0 | 127800.0 | 0.012454 | 0.019830 |   9.762177 |     10 | 0.891361 | 1.000000 | 1.133333 | 1.086667 | 1.070000 |   0.420233 |      403 |      340 |       63 |   9.760517 |     10 | 0.896594 | 2.618407
 427 | 127800.0 | 128100.0 | 0.012437 | 0.019824 |   9.760517 |     10 | 0.896594 | 1.000000 | 1.140000 | 1.130000 | 1.080000 |   1.261095 |      400 |      342 |       58 |   9.758775 |     10 | 0.912279 | 2.221239
 428 | 128100.0 | 128400.0 | 0.012421 | 0.019818 |   9.758775 |     10 | 0.912279 | 1.000000 | 1.146667 | 1.113333 | 1.050000 |   1.597889 |      401 |      344 |       57 |   9.756954 |     10 | 0.932127 | 1.718670
 429 | 128400.0 | 128700.0 | 0.012405 | 0.019812 |   9.756954 |     10 | 0.932127 | 1.000000 | 1.120000 | 1.043333 | 1.070000 |  -0.673006 |      393 |      336 |       58 |   9.755465 |     10 | 0.923778 | 1.930064
 430 | 128700.0 | 129000.0 | 0.012388 | 0.019805 |   9.755465 |     10 | 0.923778 | 1.000000 | 1.176667 | 1.110000 | 1.040000 |   1.767194 |      403 |      353 |       49 |   9.753277 |     10 | 0.945671 | 1.375714
 431 | 129000.0 | 129300.0 | 0.012372 | 0.019799 |   9.753277 |     10 | 0.945671 | 1.000000 | 1.126667 | 0.776667 | 1.136667 |  -9.091264 |      386 |      338 |       48 |   9.751709 |     10 | 0.833195 | 4.223788
 432 | 129300.0 | 129600.0 | 0.012356 | 0.019793 |   9.751709 |     10 | 0.833195 | 1.000000 | 1.010000 | 1.003333 | 0.973333 |   0.757841 |      390 |      303 |       87 |   9.751586 |     10 | 0.842559 | 3.986687
 433 | 129600.0 | 129900.0 | 0.012339 | 0.019787 |   9.751586 |     10 | 0.842559 | 1.000000 | 1.016667 | 1.060000 | 1.023333 |   0.926539 |      390 |      305 |       85 |   9.751380 |     10 | 0.853991 | 3.697188
 434 | 129900.0 | 130200.0 | 0.012323 | 0.019781 |   9.751380 |     10 | 0.853991 | 1.000000 | 1.073333 | 1.063333 | 1.073333 |  -0.252771 |      396 |      322 |       74 |   9.750477 |     10 | 0.850877 | 3.776063
 435 | 130200.0 | 130500.0 | 0.012307 | 0.019775 |   9.750477 |     10 | 0.850877 | 1.000000 | 1.006667 | 1.006667 | 1.036667 |  -0.758547 |      391 |      302 |       89 |   9.750395 |     10 | 0.841541 | 4.012453
 436 | 130500.0 | 130800.0 | 0.012291 | 0.019769 |   9.750395 |     10 | 0.841541 | 1.000000 | 1.050000 | 1.033333 | 1.000000 |   0.843090 |      393 |      315 |       78 |   9.749780 |     10 | 0.851903 | 3.750060
 437 | 130800.0 | 131100.0 | 0.012275 | 0.019762 |   9.749780 |     10 | 0.851903 | 1.000000 | 0.956667 | 1.020000 | 1.033333 |  -0.337340 |      387 |      287 |      100 |   9.750312 |     10 | 0.847763 | 3.854912
 438 | 131100.0 | 131400.0 | 0.012259 | 0.019756 |   9.750312 |     10 | 0.847763 | 1.000000 | 1.033333 | 1.043333 | 1.056667 |  -0.337444 |      392 |      310 |       82 |   9.749903 |     10 | 0.843626 | 3.959661
 439 | 131400.0 | 131700.0 | 0.012243 | 0.019750 |   9.749903 |     10 | 0.843626 | 1.000000 | 0.956667 | 1.013333 | 1.046667 |  -0.843869 |      386 |      287 |       99 |   9.750434 |     10 | 0.833294 | 4.221272
 440 | 131700.0 | 132000.0 | 0.012227 | 0.019744 |   9.750434 |     10 | 0.833294 | 1.000000 | 1.056667 | 1.046667 | 0.950000 |   2.447970 |      394 |      317 |       77 |   9.749741 |     10 | 0.863226 | 3.463351
 441 | 132000.0 | 132300.0 | 0.012211 | 0.019738 |   9.749741 |     10 | 0.863226 | 1.000000 | 1.093333 | 1.040000 | 1.063333 |  -0.591070 |      399 |      328 |       71 |   9.748601 |     10 | 0.856008 | 3.646117
 442 | 132300.0 | 132600.0 | 0.012196 | 0.019732 |   9.748601 |     10 | 0.856008 | 1.000000 | 1.010000 | 1.110000 | 1.006667 |   2.618395 |      389 |      303 |       86 |   9.748479 |     10 | 0.887941 | 2.837526
 443 | 132600.0 | 132900.0 | 0.012180 | 0.019726 |   9.748479 |     10 | 0.887941 | 1.000000 | 1.123333 | 1.120000 | 1.030000 |   2.281232 |      401 |      337 |       64 |   9.746977 |     10 | 0.915726 | 2.133963
 444 | 132900.0 | 133200.0 | 0.012164 | 0.019720 |   9.746977 |     10 | 0.915726 | 1.000000 | 1.113333 | 1.120000 | 1.120000 |   0.000000 |      397 |      334 |       63 |   9.745598 |     10 | 0.915726 | 2.133963
 445 | 133200.0 | 133500.0 | 0.012148 | 0.019714 |   9.745598 |     10 | 0.915726 | 1.000000 | 1.130000 | 1.136667 | 1.180000 |  -1.099038 |      398 |      339 |       59 |   9.744019 |     10 | 0.902374 | 2.472050
 446 | 133500.0 | 133800.0 | 0.012133 | 0.019708 |   9.744019 |     10 | 0.902374 | 1.000000 | 1.100000 | 1.033333 | 1.040000 |  -0.169134 |      396 |      330 |       66 |   9.742806 |     10 | 0.900322 | 2.524012
 447 | 133800.0 | 134100.0 | 0.012117 | 0.019702 |   9.742806 |     10 | 0.900322 | 1.000000 | 1.040000 | 1.063333 | 1.036667 |   0.676741 |      394 |      312 |       82 |   9.742321 |     10 | 0.908523 | 2.316366
 448 | 134100.0 | 134400.0 | 0.012102 | 0.019696 |   9.742321 |     10 | 0.908523 | 1.000000 | 1.136667 | 1.116667 | 1.056667 |   1.523125 |      400 |      341 |       59 |   9.740667 |     10 | 0.926955 | 1.849618
 449 | 134400.0 | 134700.0 | 0.012086 | 0.019690 |   9.740667 |     10 | 0.926955 | 1.000000 | 1.126667 | 1.103333 | 1.046667 |   1.438940 |      396 |      338 |       58 |   9.739136 |     10 | 0.944347 | 1.409230
 450 | 134700.0 | 135000.0 | 0.012071 | 0.019685 |   9.739136 |     10 | 0.944347 | 1.000000 | 1.116667 | 0.803333 | 1.120000 |  -8.043552 |      386 |      335 |       52 |   9.737728 |     10 | 0.847253 | 3.867826
 451 | 135000.0 | 135300.0 | 0.012056 | 0.019679 |   9.737728 |     10 | 0.847253 | 1.000000 | 1.066667 | 1.030000 | 1.016667 |   0.338777 |      395 |      320 |       74 |   9.736924 |     10 | 0.851337 | 3.764407
 452 | 135300.0 | 135600.0 | 0.012040 | 0.019673 |   9.736924 |     10 | 0.851337 | 1.000000 | 1.096667 | 1.083333 | 1.030000 |   1.355515 |      399 |      329 |       70 |   9.735760 |     10 | 0.867658 | 3.351131
 453 | 135600.0 | 135900.0 | 0.012025 | 0.019667 |   9.735760 |     10 | 0.867658 | 1.000000 | 1.036667 | 1.096667 | 0.970000 |   3.220309 |      393 |      311 |       82 |   9.735319 |     10 | 0.906383 | 2.370551
 454 | 135900.0 | 136200.0 | 0.012010 | 0.019661 |   9.735319 |     10 | 0.906383 | 1.000000 | 1.166667 | 1.136667 | 1.076667 |   1.525864 |      403 |      350 |       53 |   9.733318 |     10 | 0.924708 | 1.906514
 455 | 136200.0 | 136500.0 | 0.011995 | 0.019655 |   9.733318 |     10 | 0.924708 | 1.000000 | 1.093333 | 1.036667 | 1.083333 |  -1.187136 |      393 |      328 |       65 |   9.732198 |     10 | 0.910469 | 2.267083
 456 | 136500.0 | 136800.0 | 0.011980 | 0.019649 |   9.732198 |     10 | 0.910469 | 1.000000 | 1.136667 | 1.113333 | 1.106667 |   0.169641 |      402 |      341 |       61 |   9.730561 |     10 | 0.912501 | 2.215623
 457 | 136800.0 | 137100.0 | 0.011965 | 0.019643 |   9.730561 |     10 | 0.912501 | 1.000000 | 1.113333 | 1.113333 | 1.050000 |   1.612069 |      397 |      334 |       63 |   9.729205 |     10 | 0.931789 | 1.727220
 458 | 137100.0 | 137400.0 | 0.011950 | 0.019638 |   9.729205 |     10 | 0.931789 | 1.000000 | 1.103333 | 1.033333 | 1.093333 |  -1.527674 |      392 |      331 |       61 |   9.727970 |     10 | 0.913534 | 2.189474
 459 | 137400.0 | 137700.0 | 0.011935 | 0.019632 |   9.727970 |     10 | 0.913534 | 1.000000 | 1.153333 | 1.070000 | 1.050000 |   0.509375 |      401 |      346 |       55 |   9.726140 |     10 | 0.919613 | 2.035537
 460 | 137700.0 | 138000.0 | 0.011920 | 0.019626 |   9.726140 |     10 | 0.919613 | 1.000000 | 1.110000 | 1.113333 | 1.063333 |   1.273813 |      395 |      333 |       63 |   9.724829 |     10 | 0.934797 | 1.651063
 461 | 138000.0 | 138300.0 | 0.011905 | 0.019620 |   9.724829 |     10 | 0.934797 | 1.000000 | 1.163333 | 0.933333 | 1.100000 |  -4.247290 |      399 |      349 |       49 |   9.722885 |     10 | 0.884233 | 2.931420
 462 | 138300.0 | 138600.0 | 0.011890 | 0.019615 |   9.722885 |     10 | 0.884233 | 1.000000 | 1.090000 | 1.140000 | 1.013333 |   3.228887 |      396 |      327 |       69 |   9.721815 |     10 | 0.922625 | 1.959276
 463 | 138600.0 | 138900.0 | 0.011875 | 0.019609 |   9.721815 |     10 | 0.922625 | 1.000000 | 1.140000 | 1.093333 | 1.036667 |   1.444925 |      399 |      342 |       58 |   9.720152 |     10 | 0.939784 | 1.524783
 464 | 138900.0 | 139200.0 | 0.011861 | 0.019603 |   9.720152 |     10 | 0.939784 | 1.000000 | 1.076667 | 0.873333 | 1.056667 |  -4.676123 |      387 |      323 |       63 |   9.719243 |     10 | 0.884322 | 2.929160
 465 | 139200.0 | 139500.0 | 0.011846 | 0.019597 |   9.719243 |     10 | 0.884322 | 1.000000 | 1.166667 | 1.046667 | 1.043333 |   0.085045 |      404 |      350 |       54 |   9.717268 |     10 | 0.885330 | 2.903650
 466 | 139500.0 | 139800.0 | 0.011831 | 0.019592 |   9.717268 |     10 | 0.885330 | 1.000000 | 1.116667 | 1.053333 | 1.103333 |  -1.276049 |      398 |      335 |       63 |   9.715888 |     10 | 0.870232 | 3.285937
 467 | 139800.0 | 140100.0 | 0.011817 | 0.019586 |   9.715888 |     10 | 0.870232 | 1.000000 | 1.103333 | 1.060000 | 1.076667 |  -0.425473 |      399 |      331 |       68 |   9.714667 |     10 | 0.865205 | 3.413245
 468 | 140100.0 | 140400.0 | 0.011802 | 0.019580 |   9.714667 |     10 | 0.865205 | 1.000000 | 1.076667 | 1.020000 | 1.043333 |  -0.595835 |      396 |      323 |       73 |   9.713762 |     10 | 0.858173 | 3.591309
 469 | 140400.0 | 140700.0 | 0.011787 | 0.019575 |   9.713762 |     10 | 0.858173 | 1.000000 | 1.050000 | 1.073333 | 0.996667 |   1.958311 |      395 |      315 |       80 |   9.713173 |     10 | 0.881256 | 3.006793
 470 | 140700.0 | 141000.0 | 0.011773 | 0.019569 |   9.713173 |     10 | 0.881256 | 1.000000 | 1.136667 | 1.066667 | 1.010000 |   1.447865 |      401 |      341 |       60 |   9.711564 |     10 | 0.898302 | 2.575166
 471 | 141000.0 | 141300.0 | 0.011759 | 0.019563 |   9.711564 |     10 | 0.898302 | 1.000000 | 1.096667 | 1.046667 | 1.056667 |  -0.255579 |      398 |      329 |       69 |   9.710427 |     10 | 0.895297 | 2.651264
 472 | 141300.0 | 141600.0 | 0.011744 | 0.019558 |   9.710427 |     10 | 0.895297 | 1.000000 | 1.063333 | 1.113333 | 1.096667 |   0.426088 |      394 |      319 |       75 |   9.709683 |     10 | 0.900301 | 2.524552
 473 | 141600.0 | 141900.0 | 0.011730 | 0.019552 |   9.709683 |     10 | 0.900301 | 1.000000 | 1.180000 | 1.126667 | 0.996667 |   3.324441 |      403 |      354 |       49 |   9.707572 |     10 | 0.939296 | 1.537129
 474 | 141900.0 | 142200.0 | 0.011716 | 0.019547 |   9.707572 |     10 | 0.939296 | 1.000000 | 1.150000 | 0.896667 | 1.166667 |  -6.906587 |      394 |      345 |       49 |   9.705815 |     10 | 0.858382 | 3.586017
 475 | 142200.0 | 142500.0 | 0.011701 | 0.019541 |   9.705815 |     10 | 0.858382 | 1.000000 | 1.023333 | 1.073333 | 1.010000 |   1.620527 |      392 |      307 |       85 |   9.705542 |     10 | 0.877344 | 3.105862
 476 | 142500.0 | 142800.0 | 0.011687 | 0.019535 |   9.705542 |     10 | 0.877344 | 1.000000 | 1.053333 | 1.116667 | 1.080000 |   0.938468 |      395 |      316 |       79 |   9.704918 |     10 | 0.888312 | 2.828135
 477 | 142800.0 | 143100.0 | 0.011673 | 0.019530 |   9.704918 |     10 | 0.888312 | 1.000000 | 1.036667 | 1.120000 | 1.100000 |   0.512037 |      392 |      311 |       81 |   9.704490 |     10 | 0.894289 | 2.676789
 478 | 143100.0 | 143400.0 | 0.011659 | 0.019524 |   9.704490 |     10 | 0.894289 | 1.000000 | 1.100000 | 1.076667 | 1.060000 |   0.426819 |      397 |      330 |       67 |   9.703324 |     10 | 0.899265 | 2.550784
 479 | 143400.0 | 143700.0 | 0.011645 | 0.019519 |   9.703324 |     10 | 0.899265 | 1.000000 | 1.083333 | 1.133333 | 1.043333 |   2.305477 |      395 |      325 |       70 |   9.702354 |     10 | 0.926111 | 1.870988
 480 | 143700.0 | 144000.0 | 0.011631 | 0.019513 |   9.702354 |     10 | 0.926111 | 1.000000 | 1.086667 | 1.146667 | 1.106667 |   1.024947 |      393 |      326 |       67 |   9.701346 |     10 | 0.938032 | 1.569135
 481 | 144000.0 | 144300.0 | 0.011617 | 0.019508 |   9.701346 |     10 | 0.938032 | 1.000000 | 1.133333 | 0.940000 | 1.093333 |  -3.930074 |      393 |      340 |       55 |   9.699797 |     10 | 0.892378 | 2.725169
 482 | 144300.0 | 144600.0 | 0.011603 | 0.019502 |   9.699797 |     10 | 0.892378 | 1.000000 | 1.036667 | 1.090000 | 1.100000 |  -0.256382 |      393 |      311 |       80 |   9.699372 |     10 | 0.889404 | 2.800493
 483 | 144600.0 | 144900.0 | 0.011589 | 0.019497 |   9.699372 |     10 | 0.889404 | 1.000000 | 1.100000 | 1.050000 | 1.056667 |  -0.170969 |      397 |      330 |       67 |   9.698213 |     10 | 0.887422 | 2.850663
 484 | 144900.0 | 145200.0 | 0.011575 | 0.019491 |   9.698213 |     10 | 0.887422 | 1.000000 | 1.126667 | 1.076667 | 1.030000 |   1.197121 |      401 |      338 |       63 |   9.696747 |     10 | 0.901279 | 2.499796
 485 | 145200.0 | 145500.0 | 0.011561 | 0.019486 |   9.696747 |     10 | 0.901279 | 1.000000 | 1.070000 | 1.133333 | 1.056667 |   1.967250 |      394 |      321 |       73 |   9.695938 |     10 | 0.924022 | 1.923901
 486 | 145500.0 | 145800.0 | 0.011547 | 0.019480 |   9.695938 |     10 | 0.924022 | 1.000000 | 1.170000 | 1.113333 | 1.070000 |   1.112236 |      402 |      351 |       51 |   9.693975 |     10 | 0.936865 | 1.598692
 487 | 145800.0 | 146100.0 | 0.011533 | 0.019475 |   9.693975 |     10 | 0.936865 | 1.000000 | 1.166667 | 0.920000 | 1.156667 |  -6.076216 |      399 |      350 |       49 |   9.692052 |     10 | 0.866786 | 3.373208
 488 | 146100.0 | 146400.0 | 0.011520 | 0.019469 |   9.692052 |     10 | 0.866786 | 1.000000 | 1.096667 | 1.130000 | 1.036667 |   2.396923 |      398 |      329 |       69 |   9.690939 |     10 | 0.894397 | 2.674037
 489 | 146400.0 | 146700.0 | 0.011506 | 0.019464 |   9.690939 |     10 | 0.894397 | 1.000000 | 1.100000 | 1.116667 | 1.076667 |   1.027539 |      397 |      330 |       67 |   9.689788 |     10 | 0.906220 | 2.374665
 490 | 146700.0 | 147000.0 | 0.011492 | 0.019459 |   9.689788 |     10 | 0.906220 | 1.000000 | 1.166667 | 1.123333 | 1.006667 |   2.997822 |      405 |      350 |       55 |   9.687873 |     10 | 0.940672 | 1.502292
 491 | 147000.0 | 147300.0 | 0.011479 | 0.019453 |   9.687873 |     10 | 0.940672 | 1.000000 | 1.143333 | 0.856667 | 1.166667 |  -7.967852 |      392 |      343 |       50 |   9.686228 |     10 | 0.849212 | 3.818210
 492 | 147300.0 | 147600.0 | 0.011465 | 0.019448 |   9.686228 |     10 | 0.849212 | 1.000000 | 1.026667 | 1.036667 | 1.030000 |   0.171399 |      392 |      308 |       84 |   9.685922 |     10 | 0.851177 | 3.768450
 493 | 147600.0 | 147900.0 | 0.011451 | 0.019442 |   9.685922 |     10 | 0.851177 | 1.000000 | 1.076667 | 1.043333 | 0.986667 |   1.457296 |      396 |      323 |       72 |   9.685044 |     10 | 0.867865 | 3.345876
 494 | 147900.0 | 148200.0 | 0.011438 | 0.019437 |   9.685044 |     10 | 0.867865 | 1.000000 | 1.073333 | 1.096667 | 1.020000 |   1.972179 |      396 |      322 |       74 |   9.684205 |     10 | 0.890423 | 2.774675
 495 | 148200.0 | 148500.0 | 0.011425 | 0.019432 |   9.684205 |     10 | 0.890423 | 1.000000 | 1.070000 | 1.120000 | 1.063333 |   1.458099 |      394 |      321 |       73 |   9.683405 |     10 | 0.907081 | 2.352864
 496 | 148500.0 | 148800.0 | 0.011411 | 0.019426 |   9.683405 |     10 | 0.907081 | 1.000000 | 1.076667 | 1.060000 | 1.070000 |  -0.257382 |      397 |      323 |       74 |   9.682531 |     10 | 0.904144 | 2.427234
 497 | 148800.0 | 149100.0 | 0.011398 | 0.019421 |   9.682531 |     10 | 0.904144 | 1.000000 | 1.126667 | 1.096667 | 1.066667 |   0.772359 |      400 |      338 |       62 |   9.681087 |     10 | 0.912947 | 2.204324
 498 | 149100.0 | 149400.0 | 0.011384 | 0.019416 |   9.681087 |     10 | 0.912947 | 1.000000 | 1.063333 | 1.150000 | 1.093333 |   1.459301 |      393 |      319 |       74 |   9.680366 |     10 | 0.929561 | 1.783648
 499 | 149400.0 | 149700.0 | 0.011371 | 0.019410 |   9.680366 |     10 | 0.929561 | 1.000000 | 1.103333 | 1.076667 | 1.080000 |  -0.085865 |      393 |      331 |       62 |   9.679191 |     10 | 0.928584 | 1.808372
 500 | 149700.0 | 150000.0 | 0.011358 | 0.019405 |   9.679191 |     10 | 0.928584 | 1.000000 | 1.163333 | 1.056667 | 1.153333 |  -2.490756 |      399 |      349 |       50 |   9.677336 |     10 | 0.900295 | 2.524710
 501 | 150000.0 | 150300.0 | 0.011345 | 0.019400 |   9.677336 |     10 | 0.900295 | 1.000000 | 1.070000 | 1.116667 | 1.076667 |   1.030938 |      393 |      321 |       73 |   9.676542 |     10 | 0.911990 | 2.228559
 502 | 150300.0 | 150600.0 | 0.011331 | 0.019395 |   9.676542 |     10 | 0.911990 | 1.000000 | 1.106667 | 1.060000 | 1.076667 |  -0.429675 |      399 |      332 |       66 |   9.675333 |     10 | 0.907121 | 2.351845
 503 | 150600.0 | 150900.0 | 0.011318 | 0.019389 |   9.675333 |     10 | 0.907121 | 1.000000 | 1.063333 | 1.103333 | 1.076667 |   0.687666 |      393 |      319 |       74 |   9.674616 |     10 | 0.914905 | 2.154763
 504 | 150900.0 | 151200.0 | 0.011305 | 0.019384 |   9.674616 |     10 | 0.914905 | 1.000000 | 1.136667 | 1.133333 | 1.080000 |   1.375705 |      399 |      341 |       58 |   9.673071 |     10 | 0.930457 | 1.760947
 505 | 151200.0 | 151500.0 | 0.011292 | 0.019379 |   9.673071 |     10 | 0.930457 | 1.000000 | 1.110000 | 1.026667 | 1.050000 |  -0.602034 |      394 |      333 |       61 |   9.671829 |     10 | 0.923659 | 1.933089
 506 | 151500.0 | 151800.0 | 0.011279 | 0.019374 |   9.671829 |     10 | 0.923659 | 1.000000 | 1.113333 | 1.120000 | 1.110000 |   0.258084 |      398 |      334 |       64 |   9.670551 |     10 | 0.926570 | 1.859379
 507 | 151800.0 | 152100.0 | 0.011266 | 0.019368 |   9.670551 |     10 | 0.926570 | 1.000000 | 1.150000 | 1.073333 | 1.103333 |  -0.774461 |      398 |      345 |       53 |   9.668861 |     10 | 0.917845 | 2.080312
 508 | 152100.0 | 152400.0 | 0.011253 | 0.019363 |   9.668861 |     10 | 0.917845 | 1.000000 | 1.150000 | 1.086667 | 1.090000 |  -0.086074 |      402 |      345 |       57 |   9.667173 |     10 | 0.916876 | 2.104839
 509 | 152400.0 | 152700.0 | 0.011240 | 0.019358 |   9.667173 |     10 | 0.916876 | 1.000000 | 1.136667 | 1.093333 | 1.100000 |  -0.172195 |      400 |      341 |       59 |   9.665637 |     10 | 0.914941 | 2.153848
 510 | 152700.0 | 153000.0 | 0.011227 | 0.019353 |   9.665637 |     10 | 0.914941 | 1.000000 | 1.166667 | 1.083333 | 1.050000 |   0.861206 |      402 |      350 |       52 |   9.663765 |     10 | 0.924610 | 1.909016
 511 | 153000.0 | 153300.0 | 0.011214 | 0.019348 |   9.663765 |     10 | 0.924610 | 1.000000 | 1.170000 | 1.096667 | 1.100000 |  -0.086144 |      402 |      351 |       51 |   9.661859 |     10 | 0.923644 | 1.933478
 512 | 153300.0 | 153600.0 | 0.011201 | 0.019342 |   9.661859 |     10 | 0.923644 | 1.000000 | 1.090000 | 1.086667 | 1.076667 |   0.258500 |      395 |      327 |       68 |   9.660851 |     10 | 0.926539 | 1.860157
 513 | 153600.0 | 153900.0 | 0.011189 | 0.019337 |   9.660851 |     10 | 0.926539 | 1.000000 | 1.100000 | 1.056667 | 1.126667 |  -1.809982 |      393 |      330 |       63 |   9.659732 |     10 | 0.906288 | 2.372953
 514 | 153900.0 | 154200.0 | 0.011176 | 0.019332 |   9.659732 |     10 | 0.906288 | 1.000000 | 1.113333 | 1.073333 | 1.043333 |   0.775913 |      398 |      334 |       64 |   9.658465 |     10 | 0.914959 | 2.153376
 515 | 154200.0 | 154500.0 | 0.011163 | 0.019327 |   9.658465 |     10 | 0.914959 | 1.000000 | 1.053333 | 1.083333 | 1.096667 |  -0.344942 |      391 |      316 |       75 |   9.657870 |     10 | 0.911109 | 2.250880
 516 | 154500.0 | 154800.0 | 0.011150 | 0.019322 |   9.657870 |     10 | 0.911109 | 1.000000 | 1.156667 | 1.103333 | 1.063333 |   1.035100 |      402 |      347 |       55 |   9.656123 |     10 | 0.922651 | 1.958621
 517 | 154800.0 | 155100.0 | 0.011138 | 0.019317 |   9.656123 |     10 | 0.922651 | 1.000000 | 1.153333 | 1.020000 | 1.096667 |  -1.984468 |      399 |      346 |       53 |   9.654415 |     10 | 0.900548 | 2.518298
 518 | 155100.0 | 155400.0 | 0.011125 | 0.019312 |   9.654415 |     10 | 0.900548 | 1.000000 | 1.066667 | 1.133333 | 1.036667 |   2.502816 |      395 |      320 |       75 |   9.653674 |     10 | 0.928392 | 1.813231
 519 | 155400.0 | 155700.0 | 0.011113 | 0.019306 |   9.653674 |     10 | 0.928392 | 1.000000 | 1.156667 | 1.023333 | 1.106667 |  -2.158170 |      398 |      347 |       51 |   9.651933 |     10 | 0.904409 | 2.420520
 520 | 155700.0 | 156000.0 | 0.011100 | 0.019301 |   9.651933 |     10 | 0.904409 | 1.000000 | 1.140000 | 1.026667 | 1.093333 |  -1.726991 |      401 |      342 |       59 |   9.650379 |     10 | 0.885240 | 2.905930
 521 | 156000.0 | 156300.0 | 0.011088 | 0.019296 |   9.650379 |     10 | 0.885240 | 1.000000 | 1.093333 | 1.106667 | 1.046667 |   1.554700 |      399 |      328 |       71 |   9.649344 |     10 | 0.902477 | 2.469439
 522 | 156300.0 | 156600.0 | 0.011075 | 0.019291 |   9.649344 |     10 | 0.902477 | 1.000000 | 1.060000 | 1.083333 | 1.046667 |   0.950344 |      391 |      318 |       73 |   9.648679 |     10 | 0.913003 | 2.202924
 523 | 156600.0 | 156900.0 | 0.011063 | 0.019286 |   9.648679 |     10 | 0.913003 | 1.000000 | 1.146667 | 1.113333 | 1.180000 |  -1.728351 |      402 |      344 |       58 |   9.647057 |     10 | 0.893882 | 2.687078
 524 | 156900.0 | 157200.0 | 0.011050 | 0.019281 |   9.647057 |     10 | 0.893882 | 1.000000 | 1.116667 | 1.103333 | 1.130000 |  -0.691521 |      398 |      335 |       63 |   9.645768 |     10 | 0.886241 | 2.880573
 525 | 157200.0 | 157500.0 | 0.011038 | 0.019276 |   9.645768 |     10 | 0.886241 | 1.000000 | 1.086667 | 1.106667 | 1.053333 |   1.383404 |      397 |      326 |       72 |   9.644811 |     10 | 0.901511 | 2.493916
 526 | 157500.0 | 157800.0 | 0.011025 | 0.019271 |   9.644811 |     10 | 0.901511 | 1.000000 | 1.093333 | 1.063333 | 0.993333 |   1.816191 |      397 |      328 |       68 |   9.643782 |     10 | 0.921535 | 1.986864
 527 | 157800.0 | 158100.0 | 0.011013 | 0.019266 |   9.643782 |     10 | 0.921535 | 1.000000 | 1.100000 | 1.133333 | 1.103333 |   0.778570 |      395 |      330 |       65 |   9.642681 |     10 | 0.930110 | 1.769742
 528 | 158100.0 | 158400.0 | 0.011001 | 0.019261 |   9.642681 |     10 | 0.930110 | 1.000000 | 1.130000 | 1.073333 | 1.023333 |   1.297954 |      397 |      339 |       58 |   9.641251 |     10 | 0.944388 | 1.408182
 529 | 158400.0 | 158700.0 | 0.010989 | 0.019256 |   9.641251 |     10 | 0.944388 | 1.000000 | 1.120000 | 0.786667 | 1.113333 |  -8.482163 |      387 |      336 |       53 |   9.639932 |     10 | 0.851181 | 3.768358
 530 | 158700.0 | 159000.0 | 0.010976 | 0.019251 |   9.639932 |     10 | 0.851181 | 1.000000 | 0.986667 | 1.040000 | 1.010000 |   0.779176 |      388 |      296 |       90 |   9.640078 |     10 | 0.859733 | 3.551792
 531 | 159000.0 | 159300.0 | 0.010964 | 0.019246 |   9.640078 |     10 | 0.859733 | 1.000000 | 1.130000 | 1.056667 | 0.963333 |   2.424729 |      404 |      339 |       65 |   9.638653 |     10 | 0.886319 | 2.878604
 532 | 159300.0 | 159600.0 | 0.010952 | 0.019241 |   9.638653 |     10 | 0.886319 | 1.000000 | 1.120000 | 1.120000 | 1.013333 |   2.771834 |      398 |      336 |       62 |   9.637339 |     10 | 0.916676 | 2.109902
 533 | 159600.0 | 159900.0 | 0.010940 | 0.019236 |   9.637339 |     10 | 0.916676 | 1.000000 | 1.113333 | 1.093333 | 1.076667 |   0.433211 |      396 |      334 |       63 |   9.636099 |     10 | 0.921416 | 1.989894
 534 | 159900.0 | 160200.0 | 0.010928 | 0.019231 |   9.636099 |     10 | 0.921416 | 1.000000 | 1.110000 | 1.116667 | 1.133333 |  -0.433322 |      396 |      333 |       62 |   9.634897 |     10 | 0.916680 | 2.109800
 535 | 160200.0 | 160500.0 | 0.010916 | 0.019226 |   9.634897 |     10 | 0.916680 | 1.000000 | 1.063333 | 1.113333 | 1.060000 |   1.386986 |      393 |      319 |       74 |   9.634205 |     10 | 0.931820 | 1.726425
 536 | 160500.0 | 160800.0 | 0.010904 | 0.019221 |   9.634205 |     10 | 0.931820 | 1.000000 | 1.113333 | 1.016667 | 1.083333 |  -1.734177 |      391 |      334 |       57 |   9.632970 |     10 | 0.912911 | 2.205239
 537 | 160800.0 | 161100.0 | 0.010892 | 0.019216 |   9.632970 |     10 | 0.912911 | 1.000000 | 1.103333 | 1.113333 | 1.060000 |   1.387696 |      398 |      331 |       67 |   9.631844 |     10 | 0.928026 | 1.822511
 538 | 161100.0 | 161400.0 | 0.010880 | 0.019212 |   9.631844 |     10 | 0.928026 | 1.000000 | 1.183333 | 1.040000 | 1.086667 |  -1.214544 |      402 |      355 |       47 |   9.629849 |     10 | 0.914812 | 2.157116
 539 | 161400.0 | 161700.0 | 0.010868 | 0.019207 |   9.629849 |     10 | 0.914812 | 1.000000 | 1.153333 | 1.120000 | 1.096667 |   0.607427 |      402 |      346 |       56 |   9.628183 |     10 | 0.921413 | 1.989954
 540 | 161700.0 | 162000.0 | 0.010856 | 0.019202 |   9.628183 |     10 | 0.921413 | 1.000000 | 1.160000 | 1.093333 | 1.110000 |  -0.433987 |      400 |      348 |       52 |   9.626446 |     10 | 0.916702 | 2.109255
 541 | 162000.0 | 162300.0 | 0.010844 | 0.019197 |   9.626446 |     10 | 0.916702 | 1.000000 | 1.100000 | 1.090000 | 1.100000 |  -0.260458 |      394 |      330 |       64 |   9.625362 |     10 | 0.913877 | 2.180776
 542 | 162300.0 | 162600.0 | 0.010832 | 0.019192 |   9.625362 |     10 | 0.913877 | 1.000000 | 1.133333 | 1.093333 | 1.056667 |   0.955256 |      398 |      340 |       58 |   9.623917 |     10 | 0.924225 | 1.918753
 543 | 162600.0 | 162900.0 | 0.010821 | 0.019187 |   9.623917 |     10 | 0.924225 | 1.000000 | 1.126667 | 1.086667 | 1.030000 |   1.476678 |      398 |      338 |       60 |   9.622547 |     10 | 0.940204 | 1.514148
 544 | 162900.0 | 163200.0 | 0.010809 | 0.019182 |   9.622547 |     10 | 0.940204 | 1.000000 | 1.120000 | 0.880000 | 1.073333 |  -5.039352 |      390 |      336 |       54 |   9.621250 |     10 | 0.885734 | 2.893413
 545 | 163200.0 | 163500.0 | 0.010797 | 0.019178 |   9.621250 |     10 | 0.885734 | 1.000000 | 1.103333 | 1.150000 | 1.046667 |   2.694127 |      398 |      331 |       67 |   9.620134 |     10 | 0.914823 | 2.156834
 546 | 163500.0 | 163800.0 | 0.010785 | 0.019173 |   9.620134 |     10 | 0.914823 | 1.000000 | 1.130000 | 1.153333 | 1.120000 |   0.869292 |      400 |      339 |       61 |   9.618732 |     10 | 0.924198 | 1.919426
 547 | 163800.0 | 164100.0 | 0.010774 | 0.019168 |   9.618732 |     10 | 0.924198 | 1.000000 | 1.160000 | 1.080000 | 1.050000 |   0.782560 |      400 |      348 |       52 |   9.617008 |     10 | 0.932630 | 1.705936
 548 | 164100.0 | 164400.0 | 0.010762 | 0.019163 |   9.617008 |     10 | 0.932630 | 1.000000 | 1.033333 | 1.016667 | 1.110000 |  -2.435241 |      387 |      310 |       77 |   9.616649 |     10 | 0.906421 | 2.369576
 549 | 164400.0 | 164700.0 | 0.010751 | 0.019158 |   9.616649 |     10 | 0.906421 | 1.000000 | 1.156667 | 1.113333 | 1.070000 |   1.130931 |      401 |      347 |       54 |   9.614965 |     10 | 0.918579 | 2.061713
 550 | 164700.0 | 165000.0 | 0.010739 | 0.019153 |   9.614965 |     10 | 0.918579 | 1.000000 | 1.113333 | 1.023333 | 1.086667 |  -1.653313 |      397 |      334 |       63 |   9.613748 |     10 | 0.900824 | 2.511294
 551 | 165000.0 | 165300.0 | 0.010727 | 0.019149 |   9.613748 |     10 | 0.900824 | 1.000000 | 1.086667 | 1.096667 | 1.060000 |   0.957420 |      398 |      326 |       72 |   9.612818 |     10 | 0.911095 | 2.251225
 552 | 165300.0 | 165600.0 | 0.010716 | 0.019144 |   9.612818 |     10 | 0.911095 | 1.000000 | 1.113333 | 1.096667 | 1.013333 |   2.176498 |      397 |      334 |       63 |   9.611604 |     10 | 0.934418 | 1.660646
 553 | 165600.0 | 165900.0 | 0.010704 | 0.019139 |   9.611604 |     10 | 0.934418 | 1.000000 | 1.170000 | 0.980000 | 1.060000 |  -2.089958 |      398 |      351 |       48 |   9.609784 |     10 | 0.912046 | 2.227135
 554 | 165900.0 | 166200.0 | 0.010693 | 0.019134 |   9.609784 |     10 | 0.912046 | 1.000000 | 1.143333 | 1.150000 | 1.126667 |   0.609723 |      401 |      343 |       57 |   9.608251 |     10 | 0.918566 | 2.062045
 555 | 166200.0 | 166500.0 | 0.010681 | 0.019130 |   9.608251 |     10 | 0.918566 | 1.000000 | 1.090000 | 1.083333 | 1.106667 |  -0.609874 |      396 |      327 |       69 |   9.607290 |     10 | 0.912052 | 2.227000
 556 | 166500.0 | 166800.0 | 0.010670 | 0.019125 |   9.607290 |     10 | 0.912052 | 1.000000 | 1.143333 | 1.133333 | 1.110000 |   0.610025 |      399 |      343 |       56 |   9.605761 |     10 | 0.918561 | 2.062180
 557 | 166800.0 | 167100.0 | 0.010659 | 0.019120 |   9.605761 |     10 | 0.918561 | 1.000000 | 1.180000 | 1.076667 | 1.120000 |  -1.133184 |      404 |      354 |       50 |   9.603842 |     10 | 0.906483 | 2.368023
 558 | 167100.0 | 167400.0 | 0.010647 | 0.019115 |   9.603842 |     10 | 0.906483 | 1.000000 | 1.093333 | 1.106667 | 1.103333 |   0.087190 |      397 |      328 |       69 |   9.602848 |     10 | 0.907411 | 2.344516
 559 | 167400.0 | 167700.0 | 0.010636 | 0.019111 |   9.602848 |     10 | 0.907411 | 1.000000 | 1.030000 | 1.093333 | 1.106667 |  -0.348844 |      390 |      309 |       81 |   9.602529 |     10 | 0.903701 | 2.438467
 560 | 167700.0 | 168000.0 | 0.010625 | 0.019106 |   9.602529 |     10 | 0.903701 | 1.000000 | 1.076667 | 1.186667 | 1.096667 |   2.355277 |      395 |      323 |       72 |   9.601715 |     10 | 0.928725 | 1.804810
 561 | 168000.0 | 168300.0 | 0.010614 | 0.019101 |   9.601715 |     10 | 0.928725 | 1.000000 | 1.140000 | 1.070000 | 1.096667 |  -0.698031 |      397 |      342 |       55 |   9.600229 |     10 | 0.921316 | 1.992408
 562 | 168300.0 | 168600.0 | 0.010602 | 0.019097 |   9.600229 |     10 | 0.921316 | 1.000000 | 1.136667 | 1.136667 | 1.063333 |   1.920057 |      399 |      341 |       58 |   9.598780 |     10 | 0.941673 | 1.476934
 563 | 168600.0 | 168900.0 | 0.010591 | 0.019092 |   9.598780 |     10 | 0.941673 | 1.000000 | 1.046667 | 0.833333 | 1.126667 |  -7.682109 |      382 |      314 |       68 |   9.598286 |     10 | 0.860311 | 3.537156
 564 | 168900.0 | 169200.0 | 0.010580 | 0.019087 |   9.598286 |     10 | 0.860311 | 1.000000 | 1.016667 | 1.023333 | 1.080000 |  -1.484407 |      391 |      305 |       86 |   9.598109 |     10 | 0.844606 | 3.934832
 565 | 169200.0 | 169500.0 | 0.010569 | 0.019083 |   9.598109 |     10 | 0.844606 | 1.000000 | 1.090000 | 1.103333 | 1.003333 |   2.620181 |      399 |      327 |       72 |   9.597158 |     10 | 0.872299 | 3.233620
 566 | 169500.0 | 169800.0 | 0.010558 | 0.019078 |   9.597158 |     10 | 0.872299 | 1.000000 | 1.143333 | 1.100000 | 1.016667 |   2.184016 |      401 |      343 |       58 |   9.595645 |     10 | 0.895357 | 2.649748
 567 | 169800.0 | 170100.0 | 0.010547 | 0.019073 |   9.595645 |     10 | 0.895357 | 1.000000 | 1.023333 | 1.143333 | 1.043333 |   2.621457 |      390 |      307 |       83 |   9.595399 |     10 | 0.923004 | 1.949668
 568 | 170100.0 | 170400.0 | 0.010536 | 0.019069 |   9.595399 |     10 | 0.923004 | 1.000000 | 1.086667 | 1.070000 | 1.146667 |  -2.010272 |      393 |      326 |       67 |   9.594486 |     10 | 0.901825 | 2.485964
 569 | 170400.0 | 170700.0 | 0.010525 | 0.019064 |   9.594486 |     10 | 0.901825 | 1.000000 | 1.143333 | 1.090000 | 1.043333 |   1.223941 |      402 |      343 |       59 |   9.592977 |     10 | 0.914706 | 2.159786
 570 | 170700.0 | 171000.0 | 0.010514 | 0.019059 |   9.592977 |     10 | 0.914706 | 1.000000 | 1.166667 | 1.073333 | 1.053333 |   0.524673 |      403 |      350 |       53 |   9.591225 |     10 | 0.920222 | 2.020107
 571 | 171000.0 | 171300.0 | 0.010503 | 0.019055 |   9.591225 |     10 | 0.920222 | 1.000000 | 1.143333 | 1.143333 | 1.036667 |   2.798933 |      401 |      343 |       58 |   9.589720 |     10 | 0.949618 | 1.275752
 572 | 171300.0 | 171600.0 | 0.010492 | 0.019050 |   9.589720 |     10 | 0.949618 | 1.000000 | 1.090000 | 0.693333 | 1.070000 |  -9.886117 |      373 |      327 |       47 |   9.588775 |     10 | 0.845897 | 3.902150
 573 | 171600.0 | 171900.0 | 0.010481 | 0.019046 |   9.588775 |     10 | 0.845897 | 1.000000 | 1.086667 | 0.983333 | 0.996667 |  -0.350035 |      397 |      326 |       70 |   9.587867 |     10 | 0.842229 | 3.995045
 574 | 171900.0 | 172200.0 | 0.010470 | 0.019041 |   9.587867 |     10 | 0.842229 | 1.000000 | 1.093333 | 1.020000 | 1.050000 |  -0.787769 |      399 |      328 |       71 |   9.586890 |     10 | 0.833981 | 4.203893
 575 | 172200.0 | 172500.0 | 0.010459 | 0.019037 |   9.586890 |     10 | 0.833981 | 1.000000 | 1.003333 | 1.090000 | 1.016667 |   1.926120 |      390 |      301 |       89 |   9.586855 |     10 | 0.854126 | 3.693783
 576 | 172500.0 | 172800.0 | 0.010448 | 0.019032 |   9.586855 |     10 | 0.854126 | 1.000000 | 1.053333 | 1.080000 | 1.006667 |   1.926582 |      394 |      316 |       78 |   9.586298 |     10 | 0.874255 | 3.184079
 577 | 172800.0 | 173100.0 | 0.010437 | 0.019027 |   9.586298 |     10 | 0.874255 | 1.000000 | 1.103333 | 1.033333 | 1.003333 |   0.788336 |      397 |      331 |       66 |   9.585219 |     10 | 0.882483 | 2.975730
 578 | 173100.0 | 173400.0 | 0.010427 | 0.019023 |   9.585219 |     10 | 0.882483 | 1.000000 | 1.073333 | 1.053333 | 1.023333 |   0.788525 |      397 |      322 |       75 |   9.584455 |     10 | 0.890705 | 2.767545
 579 | 173400.0 | 173700.0 | 0.010416 | 0.019018 |   9.584455 |     10 | 0.890705 | 1.000000 | 1.036667 | 1.160000 | 1.046667 |   2.979581 |      392 |      311 |       81 |   9.584073 |     10 | 0.921739 | 1.981696
 580 | 173700.0 | 174000.0 | 0.010405 | 0.019014 |   9.584073 |     10 | 0.921739 | 1.000000 | 1.070000 | 1.086667 | 1.073333 |   0.350623 |      391 |      321 |       70 |   9.583344 |     10 | 0.925388 | 1.889316
 581 | 174000.0 | 174300.0 | 0.010394 | 0.019009 |   9.583344 |     10 | 0.925388 | 1.000000 | 1.143333 | 1.053333 | 1.073333 |  -0.526059 |      398 |      343 |       55 |   9.581854 |     10 | 0.919920 | 2.027776
 582 | 174300.0 | 174600.0 | 0.010384 | 0.019005 |   9.581854 |     10 | 0.919920 | 1.000000 | 1.166667 | 1.066667 | 1.026667 |   1.052368 |      404 |      350 |       54 |   9.580124 |     10 | 0.930847 | 1.751074
 583 | 174600.0 | 174900.0 | 0.010373 | 0.019000 |   9.580124 |     10 | 0.930847 | 1.000000 | 1.123333 | 1.060000 | 1.083333 |  -0.614027 |      395 |      337 |       58 |   9.578844 |     10 | 0.924478 | 1.912356
 584 | 174900.0 | 175200.0 | 0.010362 | 0.018996 |   9.578844 |     10 | 0.924478 | 1.000000 | 1.120000 | 1.106667 | 1.093333 |   0.350956 |      396 |      336 |       60 |   9.577601 |     10 | 0.928114 | 1.820268
 585 | 175200.0 | 175500.0 | 0.010352 | 0.018991 |   9.577601 |     10 | 0.928114 | 1.000000 | 1.143333 | 1.086667 | 1.096667 |  -0.263279 |      397 |      343 |       55 |   9.576117 |     10 | 0.925389 | 1.889280
 586 | 175500.0 | 175800.0 | 0.010341 | 0.018987 |   9.576117 |     10 | 0.925389 | 1.000000 | 1.160000 | 1.076667 | 1.050000 |   0.702243 |      401 |      348 |       52 |   9.574463 |     10 | 0.932651 | 1.705392
 587 | 175800.0 | 176100.0 | 0.010331 | 0.018982 |   9.574463 |     10 | 0.932651 | 1.000000 | 1.120000 | 1.030000 | 1.100000 |  -1.843822 |      394 |      336 |       58 |   9.573223 |     10 | 0.913603 | 2.187720
 588 | 176100.0 | 176400.0 | 0.010320 | 0.018978 |   9.573223 |     10 | 0.913603 | 1.000000 | 1.100000 | 1.153333 | 1.120000 |   0.878217 |      397 |      330 |       67 |   9.572191 |     10 | 0.922666 | 1.958220
 589 | 176400.0 | 176700.0 | 0.010310 | 0.018973 |   9.572191 |     10 | 0.922666 | 1.000000 | 1.083333 | 1.063333 | 1.056667 |   0.175685 |      392 |      325 |       67 |   9.571332 |     10 | 0.924478 | 1.912355
 590 | 176700.0 | 177000.0 | 0.010299 | 0.018969 |   9.571332 |     10 | 0.924478 | 1.000000 | 1.160000 | 1.106667 | 1.066667 |   1.054355 |      400 |      348 |       53 |   9.569684 |     10 | 0.935337 | 1.637385
 591 | 177000.0 | 177300.0 | 0.010289 | 0.018964 |   9.569684 |     10 | 0.935337 | 1.000000 | 1.143333 | 0.966667 | 1.083333 |  -3.075923 |      395 |      343 |       51 |   9.568209 |     10 | 0.903689 | 2.438757
 592 | 177300.0 | 177600.0 | 0.010278 | 0.018960 |   9.568209 |     10 | 0.903689 | 1.000000 | 1.103333 | 1.126667 | 1.090000 |   0.966945 |      396 |      331 |       65 |   9.567147 |     10 | 0.913628 | 2.187093
 593 | 177600.0 | 177900.0 | 0.010268 | 0.018956 |   9.567147 |     10 | 0.913628 | 1.000000 | 1.080000 | 1.126667 | 1.083333 |   1.143020 |      396 |      324 |       72 |   9.566326 |     10 | 0.925364 | 1.889903
 594 | 177900.0 | 178200.0 | 0.010258 | 0.018951 |   9.566326 |     10 | 0.925364 | 1.000000 | 1.056667 | 1.110000 | 1.080000 |   0.791506 |      390 |      317 |       73 |   9.565744 |     10 | 0.933483 | 1.684316
 595 | 178200.0 | 178500.0 | 0.010247 | 0.018947 |   9.565744 |     10 | 0.933483 | 1.000000 | 1.163333 | 1.003333 | 1.120000 |  -3.078795 |      398 |      349 |       49 |   9.564071 |     10 | 0.901934 | 2.483202
 596 | 178500.0 | 178800.0 | 0.010237 | 0.018942 |   9.564071 |     10 | 0.901934 | 1.000000 | 1.106667 | 1.133333 | 1.056667 |   2.023678 |      398 |      332 |       67 |   9.562979 |     10 | 0.922650 | 1.958626
 597 | 178800.0 | 179100.0 | 0.010227 | 0.018938 |   9.562979 |     10 | 0.922650 | 1.000000 | 1.116667 | 1.070000 | 1.033333 |   0.968071 |      395 |      335 |       59 |   9.561786 |     10 | 0.932551 | 1.707936
 598 | 179100.0 | 179400.0 | 0.010216 | 0.018934 |   9.561786 |     10 | 0.932551 | 1.000000 | 1.116667 | 1.010000 | 1.080000 |  -1.848563 |      394 |      335 |       59 |   9.560594 |     10 | 0.913665 | 2.186157
 599 | 179400.0 | 179700.0 | 0.010206 | 0.018929 |   9.560594 |     10 | 0.913665 | 1.000000 | 1.146667 | 1.110000 | 1.083333 |   0.704377 |      401 |      344 |       57 |   9.559097 |     10 | 0.920854 | 2.004118
 600 | 179700.0 | 180000.0 | 0.010196 | 0.018925 |   9.559097 |     10 | 0.920854 | 1.000000 | 1.033333 | 1.040000 | 1.066667 |  -0.704540 |      390 |      310 |       81 |   9.558757 |     10 | 0.913670 | 2.186017
 601 | 180000.0 | 180300.0 | 0.010186 | 0.018921 |   9.558757 |     10 | 0.913670 | 1.000000 | 1.090000 | 1.156667 | 1.100000 |   1.497493 |      395 |      327 |       67 |   9.557840 |     10 | 0.928924 | 1.799779
 602 | 180300.0 | 180600.0 | 0.010176 | 0.018916 |   9.557840 |     10 | 0.928924 | 1.000000 | 1.110000 | 1.010000 | 1.076667 |  -1.762162 |      395 |      333 |       62 |   9.556721 |     10 | 0.910992 | 2.253828
 603 | 180600.0 | 180900.0 | 0.010166 | 0.018912 |   9.556721 |     10 | 0.910992 | 1.000000 | 1.150000 | 1.080000 | 1.113333 |  -0.881284 |      401 |      345 |       56 |   9.555196 |     10 | 0.902034 | 2.480679
 604 | 180900.0 | 181200.0 | 0.010155 | 0.018907 |   9.555196 |     10 | 0.902034 | 1.000000 | 1.073333 | 1.166667 | 1.100000 |   1.762972 |      395 |      322 |       73 |   9.554451 |     10 | 0.919937 | 2.027325
 605 | 181200.0 | 181500.0 | 0.010145 | 0.018903 |   9.554451 |     10 | 0.919937 | 1.000000 | 1.123333 | 1.116667 | 1.050000 |   1.763376 |      397 |      337 |       60 |   9.553200 |     10 | 0.937827 | 1.574317
 606 | 181500.0 | 181800.0 | 0.010135 | 0.018899 |   9.553200 |     10 | 0.937827 | 1.000000 | 1.130000 | 0.900000 | 1.076667 |  -4.674016 |      393 |      339 |       56 |   9.551882 |     10 | 0.890455 | 2.773871
 607 | 181800.0 | 182100.0 | 0.010125 | 0.018894 |   9.551882 |     10 | 0.890455 | 1.000000 | 1.080000 | 1.073333 | 1.116667 |  -1.146719 |      396 |      324 |       70 |   9.551072 |     10 | 0.878844 | 3.067878
 608 | 182100.0 | 182400.0 | 0.010115 | 0.018890 |   9.551072 |     10 | 0.878844 | 1.000000 | 1.090000 | 1.096667 | 1.040000 |   1.499897 |      397 |      327 |       71 |   9.550162 |     10 | 0.894016 | 2.683701
 609 | 182400.0 | 182700.0 | 0.010105 | 0.018886 |   9.550162 |     10 | 0.894016 | 1.000000 | 1.073333 | 1.083333 | 1.120000 |  -0.970743 |      397 |      322 |       74 |   9.549421 |     10 | 0.884206 | 2.932097
 610 | 182700.0 | 183000.0 | 0.010095 | 0.018882 |   9.549421 |     10 | 0.884206 | 1.000000 | 1.106667 | 1.056667 | 1.040000 |   0.441347 |      397 |      332 |       65 |   9.548344 |     10 | 0.888662 | 2.819275
 611 | 183000.0 | 183300.0 | 0.010085 | 0.018877 |   9.548344 |     10 | 0.888662 | 1.000000 | 1.070000 | 1.060000 | 1.050000 |   0.264868 |      395 |      321 |       74 |   9.547638 |     10 | 0.891333 | 2.751633
 612 | 183300.0 | 183600.0 | 0.010075 | 0.018873 |   9.547638 |     10 | 0.891333 | 1.000000 | 1.183333 | 1.120000 | 1.050000 |   1.854500 |      406 |      355 |       51 |   9.545791 |     10 | 0.910018 | 2.278500
 613 | 183600.0 | 183900.0 | 0.010066 | 0.018869 |   9.545791 |     10 | 0.910018 | 1.000000 | 1.183333 | 1.146667 | 1.083333 |   1.678261 |      404 |      355 |       49 |   9.543946 |     10 | 0.926911 | 1.850750
 614 | 183900.0 | 184200.0 | 0.010056 | 0.018864 |   9.543946 |     10 | 0.926911 | 1.000000 | 1.090000 | 1.073333 | 1.076667 |  -0.088349 |      392 |      327 |       65 |   9.543041 |     10 | 0.926022 | 1.873246
 615 | 184200.0 | 184500.0 | 0.010046 | 0.018860 |   9.543041 |     10 | 0.926022 | 1.000000 | 1.143333 | 1.100000 | 1.090000 |   0.265108 |      397 |      343 |       54 |   9.541601 |     10 | 0.928685 | 1.805808
 616 | 184500.0 | 184800.0 | 0.010036 | 0.018856 |   9.541601 |     10 | 0.928685 | 1.000000 | 1.143333 | 1.073333 | 0.996667 |   2.032955 |      398 |      343 |       55 |   9.540162 |     10 | 0.949088 | 1.289176
 617 | 184800.0 | 185100.0 | 0.010026 | 0.018852 |   9.540162 |     10 | 0.949088 | 1.000000 | 1.053333 | 0.683333 | 1.080000 | -10.520699 |      374 |      316 |       59 |   9.539627 |     10 | 0.843605 | 3.960179
 618 | 185100.0 | 185400.0 | 0.010016 | 0.018847 |   9.539627 |     10 | 0.843605 | 1.000000 | 1.030000 | 1.046667 | 1.016667 |   0.795862 |      393 |      309 |       83 |   9.539327 |     10 | 0.851577 | 3.758322
 619 | 185400.0 | 185700.0 | 0.010007 | 0.018843 |   9.539327 |     10 | 0.851577 | 1.000000 | 1.053333 | 1.123333 | 1.013333 |   2.918815 |      393 |      316 |       77 |   9.538793 |     10 | 0.880785 | 3.018734
 620 | 185700.0 | 186000.0 | 0.009997 | 0.018839 |   9.538793 |     10 | 0.880785 | 1.000000 | 1.096667 | 1.093333 | 1.060000 |   0.884688 |      399 |      329 |       70 |   9.537827 |     10 | 0.889629 | 2.794785
 621 | 186000.0 | 186300.0 | 0.009987 | 0.018835 |   9.537827 |     10 | 0.889629 | 1.000000 | 1.133333 | 1.156667 | 1.026667 |   3.451054 |      401 |      340 |       61 |   9.536495 |     10 | 0.924095 | 1.922034
 622 | 186300.0 | 186600.0 | 0.009978 | 0.018831 |   9.536495 |     10 | 0.924095 | 1.000000 | 1.153333 | 1.086667 | 1.096667 |  -0.265525 |      397 |      346 |       51 |   9.534965 |     10 | 0.921446 | 1.989118
 623 | 186600.0 | 186900.0 | 0.009968 | 0.018826 |   9.534965 |     10 | 0.921446 | 1.000000 | 1.113333 | 1.116667 | 1.150000 |  -0.885281 |      399 |      334 |       65 |   9.533836 |     10 | 0.912622 | 2.212567
 624 | 186900.0 | 187200.0 | 0.009958 | 0.018822 |   9.533836 |     10 | 0.912622 | 1.000000 | 1.133333 | 1.080000 | 1.066667 |   0.354191 |      397 |      340 |       57 |   9.532508 |     10 | 0.916149 | 2.123254
 625 | 187200.0 | 187500.0 | 0.009949 | 0.018818 |   9.532508 |     10 | 0.916149 | 1.000000 | 1.136667 | 1.096667 | 1.080000 |   0.442837 |      401 |      341 |       60 |   9.531148 |     10 | 0.920555 | 2.011696
 626 | 187500.0 | 187800.0 | 0.009939 | 0.018814 |   9.531148 |     10 | 0.920555 | 1.000000 | 1.070000 | 1.100000 | 1.043333 |   1.505982 |      391 |      321 |       70 |   9.530453 |     10 | 0.935523 | 1.632680
 627 | 187800.0 | 188100.0 | 0.009929 | 0.018810 |   9.530453 |     10 | 0.935523 | 1.000000 | 1.130000 | 0.940000 | 1.143333 |  -5.405015 |      394 |      339 |       56 |   9.529162 |     10 | 0.881854 | 2.991669
 628 | 188100.0 | 188400.0 | 0.009920 | 0.018806 |   9.529162 |     10 | 0.881854 | 1.000000 | 1.106667 | 1.073333 | 1.033333 |   1.063517 |      399 |      332 |       66 |   9.528104 |     10 | 0.892404 | 2.724525
 629 | 188400.0 | 188700.0 | 0.009910 | 0.018801 |   9.528104 |     10 | 0.892404 | 1.000000 | 1.100000 | 1.113333 | 1.086667 |   0.709168 |      398 |      330 |       68 |   9.527113 |     10 | 0.899432 | 2.546561
 630 | 188700.0 | 189000.0 | 0.009901 | 0.018797 |   9.527113 |     10 | 0.899432 | 1.000000 | 1.096667 | 1.056667 | 0.990000 |   1.773312 |      396 |      329 |       67 |   9.526155 |     10 | 0.916989 | 2.101978
 631 | 189000.0 | 189300.0 | 0.009891 | 0.018793 |   9.526155 |     10 | 0.916989 | 1.000000 | 1.170000 | 1.090000 | 1.130000 |  -1.064222 |      404 |      351 |       53 |   9.524474 |     10 | 0.906462 | 2.368531
 632 | 189300.0 | 189600.0 | 0.009882 | 0.018789 |   9.524474 |     10 | 0.906462 | 1.000000 | 1.100000 | 1.166667 | 1.060000 |   2.838549 |      396 |      330 |       66 |   9.523486 |     10 | 0.934513 | 1.658247
 633 | 189600.0 | 189900.0 | 0.009873 | 0.018785 |   9.523486 |     10 | 0.934513 | 1.000000 | 1.146667 | 1.010000 | 1.073333 |  -1.685759 |      397 |      344 |       53 |   9.522038 |     10 | 0.917870 | 2.079668
 634 | 189900.0 | 190200.0 | 0.009863 | 0.018781 |   9.522038 |     10 | 0.917870 | 1.000000 | 1.130000 | 1.116667 | 1.093333 |   0.621205 |      397 |      339 |       59 |   9.520756 |     10 | 0.923997 | 1.924522
 635 | 190200.0 | 190500.0 | 0.009854 | 0.018777 |   9.520756 |     10 | 0.923997 | 1.000000 | 1.106667 | 1.110000 | 1.133333 |  -0.621342 |      396 |      332 |       63 |   9.519705 |     10 | 0.917875 | 2.079554
 636 | 190500.0 | 190800.0 | 0.009844 | 0.018772 |   9.519705 |     10 | 0.917875 | 1.000000 | 1.150000 | 1.086667 | 1.066667 |   0.532695 |      401 |      345 |       56 |   9.518228 |     10 | 0.923119 | 1.946767
 637 | 190800.0 | 191100.0 | 0.009835 | 0.018768 |   9.518228 |     10 | 0.923119 | 1.000000 | 1.113333 | 1.100000 | 1.123333 |  -0.621613 |      396 |      334 |       62 |   9.517113 |     10 | 0.917005 | 2.101572
 638 | 191100.0 | 191400.0 | 0.009826 | 0.018764 |   9.517113 |     10 | 0.917005 | 1.000000 | 1.113333 | 1.096667 | 1.080000 |   0.444106 |      397 |      334 |       63 |   9.516000 |     10 | 0.921369 | 1.991078
 639 | 191400.0 | 191700.0 | 0.009816 | 0.018760 |   9.516000 |     10 | 0.921369 | 1.000000 | 1.090000 | 1.133333 | 1.043333 |   2.398697 |      393 |      327 |       66 |   9.515116 |     10 | 0.944915 | 1.394843
 640 | 191700.0 | 192000.0 | 0.009807 | 0.018756 |   9.515116 |     10 | 0.944915 | 1.000000 | 1.106667 | 0.773333 | 1.153333 | -10.130035 |      384 |      332 |       53 |   9.514070 |     10 | 0.845570 | 3.910445
 641 | 192000.0 | 192300.0 | 0.009798 | 0.018752 |   9.514070 |     10 | 0.845570 | 1.000000 | 1.046667 | 1.023333 | 0.996667 |   0.711034 |      394 |      314 |       79 |   9.513613 |     10 | 0.852536 | 3.734040
 642 | 192300.0 | 192600.0 | 0.009789 | 0.018748 |   9.513613 |     10 | 0.852536 | 1.000000 | 1.043333 | 1.126667 | 1.040000 |   2.311362 |      393 |      313 |       80 |   9.513189 |     10 | 0.875161 | 3.161140
 643 | 192600.0 | 192900.0 | 0.009779 | 0.018744 |   9.513189 |     10 | 0.875161 | 1.000000 | 1.070000 | 1.063333 | 1.050000 |   0.355671 |      396 |      321 |       75 |   9.512504 |     10 | 0.878639 | 3.073066
 644 | 192900.0 | 193200.0 | 0.009770 | 0.018740 |   9.512504 |     10 | 0.878639 | 1.000000 | 1.103333 | 1.050000 | 0.986667 |   1.689804 |      399 |      331 |       68 |   9.511495 |     10 | 0.895149 | 2.655016
 645 | 193200.0 | 193500.0 | 0.009761 | 0.018736 |   9.511495 |     10 | 0.895149 | 1.000000 | 1.060000 | 1.093333 | 1.000000 |   2.490775 |      393 |      318 |       75 |   9.510909 |     10 | 0.919461 | 2.039388
 646 | 193500.0 | 193800.0 | 0.009752 | 0.018732 |   9.510909 |     10 | 0.919461 | 1.000000 | 1.170000 | 1.086667 | 1.080000 |   0.177951 |      402 |      351 |       51 |   9.509251 |     10 | 0.921196 | 1.995446
 647 | 193800.0 | 194100.0 | 0.009743 | 0.018728 |   9.509251 |     10 | 0.921196 | 1.000000 | 1.156667 | 1.126667 | 1.066667 |   1.601903 |      401 |      347 |       54 |   9.507725 |     10 | 0.936803 | 1.600257
 648 | 194100.0 | 194400.0 | 0.009733 | 0.018724 |   9.507725 |     10 | 0.936803 | 1.000000 | 1.160000 | 0.980000 | 1.113333 |  -3.560550 |      396 |      348 |       48 |   9.506167 |     10 | 0.902146 | 2.477822
 649 | 194400.0 | 194700.0 | 0.009724 | 0.018720 |   9.506167 |     10 | 0.902146 | 1.000000 | 1.130000 | 1.100000 | 1.136667 |  -0.979361 |      399 |      339 |       60 |   9.504903 |     10 | 0.892623 | 2.718978
 650 | 194700.0 | 195000.0 | 0.009715 | 0.018716 |   9.504903 |     10 | 0.892623 | 1.000000 | 1.093333 | 1.100000 | 1.103333 |  -0.089052 |      399 |      328 |       71 |   9.503996 |     10 | 0.891758 | 2.740886
 651 | 195000.0 | 195300.0 | 0.009706 | 0.018712 |   9.503996 |     10 | 0.891758 | 1.000000 | 1.100000 | 1.066667 | 1.066667 |   0.000000 |      397 |      330 |       67 |   9.503026 |     10 | 0.891758 | 2.740886
 652 | 195300.0 | 195600.0 | 0.009697 | 0.018708 |   9.503026 |     10 | 0.891758 | 1.000000 | 1.136667 | 1.103333 | 1.046667 |   1.514531 |      401 |      341 |       60 |   9.501701 |     10 | 0.906444 | 2.368992
 653 | 195600.0 | 195900.0 | 0.009688 | 0.018704 |   9.501701 |     10 | 0.906444 | 1.000000 | 1.136667 | 1.123333 | 1.126667 |  -0.089109 |      400 |      341 |       59 |   9.500377 |     10 | 0.905581 | 2.390852
 654 | 195900.0 | 196200.0 | 0.009679 | 0.018700 |   9.500377 |     10 | 0.905581 | 1.000000 | 1.090000 | 1.140000 | 1.060000 |   2.139074 |      396 |      327 |       69 |   9.499505 |     10 | 0.926286 | 1.866577
 655 | 196200.0 | 196500.0 | 0.009670 | 0.018696 |   9.499505 |     10 | 0.926286 | 1.000000 | 1.050000 | 1.096667 | 1.140000 |  -1.158912 |      391 |      315 |       76 |   9.499022 |     10 | 0.915079 | 2.150357
 656 | 196500.0 | 196800.0 | 0.009661 | 0.018692 |   9.499022 |     10 | 0.915079 | 1.000000 | 1.170000 | 1.110000 | 1.010000 |   2.674981 |      403 |      351 |       52 |   9.497379 |     10 | 0.940922 | 1.495949
 657 | 196800.0 | 197100.0 | 0.009652 | 0.018688 |   9.497379 |     10 | 0.940922 | 1.000000 | 1.110000 | 0.880000 | 1.143333 |  -7.045612 |      389 |      333 |       56 |   9.496318 |     10 | 0.872916 | 3.217995
 658 | 197100.0 | 197400.0 | 0.009643 | 0.018684 |   9.496318 |     10 | 0.872916 | 1.000000 | 1.090000 | 1.083333 | 1.080000 |   0.089204 |      398 |      327 |       71 |   9.495450 |     10 | 0.873776 | 3.196212
 659 | 197400.0 | 197700.0 | 0.009635 | 0.018680 |   9.495450 |     10 | 0.873776 | 1.000000 | 1.110000 | 1.156667 | 1.040000 |   3.122797 |      398 |      333 |       65 |   9.494390 |     10 | 0.903863 | 2.434366
 660 | 197700.0 | 198000.0 | 0.009626 | 0.018676 |   9.494390 |     10 | 0.903863 | 1.000000 | 1.096667 | 1.080000 | 1.016667 |   1.695591 |      397 |      329 |       68 |   9.493460 |     10 | 0.920184 | 2.021085
 661 | 198000.0 | 198300.0 | 0.009617 | 0.018672 |   9.493460 |     10 | 0.920184 | 1.000000 | 1.160000 | 1.046667 | 1.103333 |  -1.517428 |      402 |      348 |       55 |   9.491921 |     10 | 0.905591 | 2.390600
 662 | 198300.0 | 198600.0 | 0.009608 | 0.018668 |   9.491921 |     10 | 0.905591 | 1.000000 | 1.123333 | 1.143333 | 1.083333 |   1.607027 |      399 |      337 |       61 |   9.490736 |     10 | 0.921031 | 1.999626
 663 | 198600.0 | 198900.0 | 0.009599 | 0.018664 |   9.490736 |     10 | 0.921031 | 1.000000 | 1.173333 | 1.113333 | 1.063333 |   1.339471 |      402 |      352 |       50 |   9.489072 |     10 | 0.933889 | 1.674045
 664 | 198900.0 | 199200.0 | 0.009590 | 0.018660 |   9.489072 |     10 | 0.933889 | 1.000000 | 1.170000 | 0.970000 | 1.070000 |  -2.679506 |      401 |      351 |       50 |   9.487442 |     10 | 0.908192 | 2.324747
 665 | 199200.0 | 199500.0 | 0.009582 | 0.018656 |   9.487442 |     10 | 0.908192 | 1.000000 | 1.063333 | 1.103333 | 1.076667 |   0.714685 |      394 |      319 |       75 |   9.486835 |     10 | 0.915039 | 2.151349
 666 | 199500.0 | 199800.0 | 0.009573 | 0.018652 |   9.486835 |     10 | 0.915039 | 1.000000 | 1.140000 | 1.063333 | 1.076667 |  -0.357417 |      400 |      342 |       58 |   9.485495 |     10 | 0.911618 | 2.237987
 667 | 199800.0 | 200100.0 | 0.009564 | 0.018648 |   9.485495 |     10 | 0.911618 | 1.000000 | 1.103333 | 1.103333 | 1.123333 |  -0.536238 |      396 |      331 |       65 |   9.484506 |     10 | 0.906489 | 2.367853
 668 | 200100.0 | 200400.0 | 0.009555 | 0.018645 |   9.484506 |     10 | 0.906489 | 1.000000 | 1.153333 | 1.076667 | 1.086667 |  -0.268175 |      402 |      346 |       56 |   9.483041 |     10 | 0.903927 | 2.432740
 669 | 200400.0 | 200700.0 | 0.009547 | 0.018641 |   9.483041 |     10 | 0.903927 | 1.000000 | 1.086667 | 1.080000 | 1.140000 |  -1.609387 |      396 |      326 |       70 |   9.482214 |     10 | 0.888562 | 2.821790
 670 | 200700.0 | 201000.0 | 0.009538 | 0.018637 |   9.482214 |     10 | 0.888562 | 1.000000 | 1.093333 | 1.096667 | 1.010000 |   2.325155 |      396 |      328 |       69 |   9.481324 |     10 | 0.910740 | 2.260223
 671 | 201000.0 | 201300.0 | 0.009529 | 0.018633 |   9.481324 |     10 | 0.910740 | 1.000000 | 1.173333 | 1.056667 | 1.076667 |  -0.536686 |      403 |      352 |       50 |   9.479672 |     10 | 0.905625 | 2.389725
 672 | 201300.0 | 201600.0 | 0.009521 | 0.018629 |   9.479672 |     10 | 0.905625 | 1.000000 | 1.086667 | 1.096667 | 1.040000 |   1.520927 |      397 |      326 |       71 |   9.478847 |     10 | 0.920106 | 2.023060
 673 | 201600.0 | 201900.0 | 0.009512 | 0.018625 |   9.478847 |     10 | 0.920106 | 1.000000 | 1.143333 | 1.100000 | 1.076667 |   0.626394 |      399 |      343 |       57 |   9.477483 |     10 | 0.926064 | 1.872185
 674 | 201900.0 | 202200.0 | 0.009503 | 0.018621 |   9.477483 |     10 | 0.926064 | 1.000000 | 1.123333 | 1.086667 | 1.073333 |   0.358014 |      396 |      337 |       58 |   9.476311 |     10 | 0.929466 | 1.786032
 675 | 202200.0 | 202500.0 | 0.009495 | 0.018617 |   9.476311 |     10 | 0.929466 | 1.000000 | 1.056667 | 1.106667 | 1.093333 |   0.358088 |      388 |      317 |       72 |   9.475773 |     10 | 0.932866 | 1.699938
 676 | 202500.0 | 202800.0 | 0.009486 | 0.018614 |   9.475773 |     10 | 0.932866 | 1.000000 | 1.113333 | 1.013333 | 1.086667 |  -1.969890 |      395 |      334 |       60 |   9.474698 |     10 | 0.914179 | 2.173124
 677 | 202800.0 | 203100.0 | 0.009478 | 0.018610 |   9.474698 |     10 | 0.914179 | 1.000000 | 1.110000 | 1.126667 | 1.030000 |   2.597209 |      395 |      333 |       62 |   9.473656 |     10 | 0.938795 | 1.549812
 678 | 203100.0 | 203400.0 | 0.009469 | 0.018606 |   9.473656 |     10 | 0.938795 | 1.000000 | 1.120000 | 0.906667 | 1.140000 |  -6.270418 |      391 |      336 |       56 |   9.472519 |     10 | 0.879419 | 3.053314
 679 | 203400.0 | 203700.0 | 0.009461 | 0.018602 |   9.472519 |     10 | 0.879419 | 1.000000 | 1.103333 | 1.110000 | 1.013333 |   2.598280 |      398 |      331 |       66 |   9.471542 |     10 | 0.904001 | 2.430866
 680 | 203700.0 | 204000.0 | 0.009452 | 0.018598 |   9.471542 |     10 | 0.904001 | 1.000000 | 1.086667 | 1.136667 | 1.060000 |   2.061128 |      396 |      326 |       70 |   9.470722 |     10 | 0.923483 | 1.937543
 681 | 204000.0 | 204300.0 | 0.009444 | 0.018594 |   9.470722 |     10 | 0.923483 | 1.000000 | 1.096667 | 1.050000 | 1.066667 |  -0.448163 |      395 |      329 |       67 |   9.469810 |     10 | 0.919251 | 2.044713
 682 | 204300.0 | 204600.0 | 0.009435 | 0.018591 |   9.469810 |     10 | 0.919251 | 1.000000 | 1.086667 | 1.126667 | 1.096667 |   0.806860 |      392 |      326 |       65 |   9.468992 |     10 | 0.926864 | 1.851940
 683 | 204600.0 | 204900.0 | 0.009427 | 0.018587 |   9.468992 |     10 | 0.926864 | 1.000000 | 1.073333 | 1.080000 | 1.080000 |   0.000000 |      392 |      322 |       71 |   9.468300 |     10 | 0.926864 | 1.851940
 684 | 204900.0 | 205200.0 | 0.009418 | 0.018583 |   9.468300 |     10 | 0.926864 | 1.000000 | 1.106667 | 1.093333 | 1.083333 |   0.269063 |      396 |      332 |       63 |   9.467296 |     10 | 0.929398 | 1.787771
 685 | 205200.0 | 205500.0 | 0.009410 | 0.018579 |   9.467296 |     10 | 0.929398 | 1.000000 | 1.113333 | 1.070000 | 1.130000 |  -1.614709 |      393 |      334 |       59 |   9.466229 |     10 | 0.914203 | 2.172521
 686 | 205500.0 | 205800.0 | 0.009402 | 0.018575 |   9.466229 |     10 | 0.914203 | 1.000000 | 1.160000 | 1.126667 | 1.070000 |   1.525314 |      403 |      348 |       55 |   9.464725 |     10 | 0.928544 | 1.809395
 687 | 205800.0 | 206100.0 | 0.009393 | 0.018572 |   9.464725 |     10 | 0.928544 | 1.000000 | 1.140000 | 1.120000 | 1.076667 |   1.166654 |      398 |      342 |       57 |   9.463410 |     10 | 0.939502 | 1.531902
 688 | 206100.0 | 206400.0 | 0.009385 | 0.018568 |   9.463410 |     10 | 0.939502 | 1.000000 | 1.173333 | 0.946667 | 1.083333 |  -3.680197 |      396 |      352 |       43 |   9.461783 |     10 | 0.904964 | 2.406474
 689 | 206400.0 | 206700.0 | 0.009377 | 0.018564 |   9.461783 |     10 | 0.904964 | 1.000000 | 1.113333 | 1.096667 | 1.050000 |   1.256908 |      399 |      334 |       65 |   9.460721 |     10 | 0.916750 | 2.108044
 690 | 206700.0 | 207000.0 | 0.009368 | 0.018560 |   9.460721 |     10 | 0.916750 | 1.000000 | 1.120000 | 1.073333 | 1.110000 |  -0.987771 |      397 |      336 |       61 |   9.459596 |     10 | 0.907496 | 2.342365
 691 | 207000.0 | 207300.0 | 0.009360 | 0.018557 |   9.459596 |     10 | 0.907496 | 1.000000 | 1.063333 | 1.076667 | 1.050000 |   0.718524 |      394 |      319 |       75 |   9.459004 |     10 | 0.914221 | 2.172066
 692 | 207300.0 | 207600.0 | 0.009352 | 0.018553 |   9.459004 |     10 | 0.914221 | 1.000000 | 1.090000 | 0.996667 | 1.040000 |  -1.167838 |      396 |      327 |       69 |   9.458162 |     10 | 0.903300 | 2.448613
 693 | 207600.0 | 207900.0 | 0.009343 | 0.018549 |   9.458162 |     10 | 0.903300 | 1.000000 | 1.143333 | 1.016667 | 1.070000 |  -1.437630 |      401 |      343 |       59 |   9.456823 |     10 | 0.889867 | 2.788746
 694 | 207900.0 | 208200.0 | 0.009335 | 0.018545 |   9.456823 |     10 | 0.889867 | 1.000000 | 1.116667 | 1.090000 | 1.133333 |  -1.168310 |      398 |      335 |       62 |   9.455734 |     10 | 0.878961 | 3.064916
 695 | 208200.0 | 208500.0 | 0.009327 | 0.018542 |   9.455734 |     10 | 0.878961 | 1.000000 | 1.130000 | 1.113333 | 1.033333 |   2.157314 |      403 |      339 |       64 |   9.454521 |     10 | 0.899082 | 2.555410
 696 | 208500.0 | 208800.0 | 0.009319 | 0.018538 |   9.454521 |     10 | 0.899082 | 1.000000 | 1.063333 | 1.073333 | 1.060000 |   0.359625 |      392 |      319 |       73 |   9.453931 |     10 | 0.902434 | 2.470549
 697 | 208800.0 | 209100.0 | 0.009311 | 0.018534 |   9.453931 |     10 | 0.902434 | 1.000000 | 1.146667 | 1.120000 | 1.060000 |   1.618637 |      402 |      344 |       58 |   9.452565 |     10 | 0.917504 | 2.088938
 698 | 209100.0 | 209400.0 | 0.009302 | 0.018530 |   9.452565 |     10 | 0.917504 | 1.000000 | 1.163333 | 1.143333 | 1.066667 |   2.068673 |      403 |      349 |       54 |   9.451046 |     10 | 0.936748 | 1.601653
 699 | 209400.0 | 209700.0 | 0.009294 | 0.018527 |   9.451046 |     10 | 0.936748 | 1.000000 | 1.086667 | 0.950000 | 1.103333 |  -4.138175 |      389 |      326 |       63 |   9.450240 |     10 | 0.898286 | 2.575564
 700 | 209700.0 | 210000.0 | 0.009286 | 0.018523 |   9.450240 |     10 | 0.898286 | 1.000000 | 1.080000 | 1.073333 | 1.056667 |   0.449892 |      396 |      324 |       72 |   9.449498 |     10 | 0.902464 | 2.469775
 701 | 210000.0 | 210300.0 | 0.009278 | 0.018519 |   9.449498 |     10 | 0.902464 | 1.000000 | 1.083333 | 1.123333 | 1.070000 |   1.439941 |      396 |      325 |       71 |   9.448724 |     10 | 0.915824 | 2.131481
 702 | 210300.0 | 210600.0 | 0.009270 | 0.018516 |   9.448724 |     10 | 0.915824 | 1.000000 | 1.126667 | 1.043333 | 1.090000 |  -1.260200 |      398 |      338 |       61 |   9.447550 |     10 | 0.904142 | 2.427289
 703 | 210600.0 | 210900.0 | 0.009262 | 0.018512 |   9.447550 |     10 | 0.904142 | 1.000000 | 1.083333 | 1.080000 | 1.063333 |   0.450161 |      395 |      325 |       69 |   9.446778 |     10 | 0.908311 | 2.321714
 704 | 210900.0 | 211200.0 | 0.009254 | 0.018508 |   9.446778 |     10 | 0.908311 | 1.000000 | 1.086667 | 1.103333 | 1.070000 |   0.900502 |      397 |      326 |       71 |   9.445976 |     10 | 0.916644 | 2.110707
 705 | 211200.0 | 211500.0 | 0.009246 | 0.018505 |   9.445976 |     10 | 0.916644 | 1.000000 | 1.110000 | 1.133333 | 1.103333 |   0.810613 |      397 |      333 |       64 |   9.444959 |     10 | 0.924139 | 1.920927
 706 | 211500.0 | 211800.0 | 0.009238 | 0.018501 |   9.444959 |     10 | 0.924139 | 1.000000 | 1.113333 | 1.116667 | 1.090000 |   0.720688 |      396 |      334 |       62 |   9.443912 |     10 | 0.930797 | 1.752347
 707 | 211800.0 | 212100.0 | 0.009230 | 0.018497 |   9.443912 |     10 | 0.930797 | 1.000000 | 1.096667 | 1.060000 | 1.066667 |  -0.180208 |      393 |      329 |       64 |   9.443020 |     10 | 0.929133 | 1.794464
 708 | 212100.0 | 212400.0 | 0.009222 | 0.018494 |   9.443020 |     10 | 0.929133 | 1.000000 | 1.113333 | 1.083333 | 1.093333 |  -0.270365 |      393 |      334 |       59 |   9.441975 |     10 | 0.926640 | 1.857597
 709 | 212400.0 | 212700.0 | 0.009214 | 0.018490 |   9.441975 |     10 | 0.926640 | 1.000000 | 1.113333 | 1.070000 | 1.116667 |  -1.261953 |      396 |      334 |       63 |   9.440931 |     10 | 0.915013 | 2.152020
 710 | 212700.0 | 213000.0 | 0.009206 | 0.018486 |   9.440931 |     10 | 0.915013 | 1.000000 | 1.096667 | 1.126667 | 1.063333 |   1.712988 |      396 |      329 |       66 |   9.440041 |     10 | 0.930782 | 1.752712
 711 | 213000.0 | 213300.0 | 0.009198 | 0.018483 |   9.440041 |     10 | 0.930782 | 1.000000 | 1.116667 | 1.063333 | 1.050000 |   0.360700 |      393 |      335 |       58 |   9.438968 |     10 | 0.934100 | 1.668703
 712 | 213300.0 | 213600.0 | 0.009190 | 0.018479 |   9.438968 |     10 | 0.934100 | 1.000000 | 1.100000 | 0.993333 | 1.140000 |  -3.968484 |      391 |      330 |       61 |   9.438049 |     10 | 0.897630 | 2.592186
 713 | 213600.0 | 213900.0 | 0.009182 | 0.018475 |   9.438049 |     10 | 0.897630 | 1.000000 | 1.103333 | 1.090000 | 1.076667 |   0.360842 |      398 |      331 |       67 |   9.437100 |     10 | 0.900943 | 2.508289
 714 | 213900.0 | 214200.0 | 0.009174 | 0.018472 |   9.437100 |     10 | 0.900943 | 1.000000 | 1.100000 | 1.133333 | 1.070000 |   1.714338 |      397 |      330 |       67 |   9.436183 |     10 | 0.916671 | 2.110042
 715 | 214200.0 | 214500.0 | 0.009166 | 0.018468 |   9.436183 |     10 | 0.916671 | 1.000000 | 1.116667 | 1.053333 | 1.123333 |  -1.895166 |      397 |      335 |       62 |   9.435113 |     10 | 0.899299 | 2.549918
 716 | 214500.0 | 214800.0 | 0.009158 | 0.018464 |   9.435113 |     10 | 0.899299 | 1.000000 | 1.136667 | 1.103333 | 1.066667 |   0.992901 |      402 |      341 |       61 |   9.433862 |     10 | 0.908393 | 2.319659
 717 | 214800.0 | 215100.0 | 0.009150 | 0.018461 |   9.433862 |     10 | 0.908393 | 1.000000 | 1.070000 | 1.150000 | 1.106667 |   1.173658 |      393 |      321 |       72 |   9.433221 |     10 | 0.919132 | 2.047715
 718 | 215100.0 | 215400.0 | 0.009143 | 0.018457 |   9.433221 |     10 | 0.919132 | 1.000000 | 1.163333 | 1.136667 | 1.110000 |   0.722392 |      402 |      349 |       53 |   9.431728 |     10 | 0.925737 | 1.880476
 719 | 215400.0 | 215700.0 | 0.009135 | 0.018454 |   9.431728 |     10 | 0.925737 | 1.000000 | 1.136667 | 1.103333 | 1.096667 |   0.180633 |      397 |      341 |       57 |   9.430479 |     10 | 0.927387 | 1.838693
 720 | 215700.0 | 216000.0 | 0.009127 | 0.018450 |   9.430479 |     10 | 0.927387 | 1.000000 | 1.120000 | 1.083333 | 1.063333 |   0.542005 |      395 |      336 |       58 |   9.429384 |     10 | 0.932334 | 1.713429
 721 | 216000.0 | 216300.0 | 0.009119 | 0.018446 |   9.429384 |     10 | 0.932334 | 1.000000 | 1.130000 | 1.033333 | 1.160000 |  -3.433369 |      395 |      339 |       56 |   9.428199 |     10 | 0.901024 | 2.506247
 722 | 216300.0 | 216600.0 | 0.009111 | 0.018443 |   9.428199 |     10 | 0.901024 | 1.000000 | 1.106667 | 1.106667 | 1.100000 |   0.180739 |      397 |      332 |       65 |   9.427227 |     10 | 0.902671 | 2.464547
 723 | 216600.0 | 216900.0 | 0.009104 | 0.018439 |   9.427227 |     10 | 0.902671 | 1.000000 | 1.120000 | 1.026667 | 1.086667 |  -1.626965 |      399 |      336 |       63 |   9.426134 |     10 | 0.887859 | 2.839599
 724 | 216900.0 | 217200.0 | 0.009096 | 0.018436 |   9.426134 |     10 | 0.887859 | 1.000000 | 1.090000 | 1.120000 | 1.050000 |   1.898494 |      398 |      327 |       71 |   9.425316 |     10 | 0.905128 | 2.402326
 725 | 217200.0 | 217500.0 | 0.009088 | 0.018432 |   9.425316 |     10 | 0.905128 | 1.000000 | 1.080000 | 1.070000 | 1.093333 |  -0.632954 |      394 |      324 |       70 |   9.424589 |     10 | 0.899375 | 2.547988
 726 | 217500.0 | 217800.0 | 0.009081 | 0.018429 |   9.424589 |     10 | 0.899375 | 1.000000 | 1.156667 | 1.086667 | 1.093333 |  -0.180879 |      403 |      347 |       56 |   9.423166 |     10 | 0.897733 | 2.589579
 727 | 217800.0 | 218100.0 | 0.009073 | 0.018425 |   9.423166 |     10 | 0.897733 | 1.000000 | 1.160000 | 1.096667 | 1.073333 |   0.633199 |      404 |      348 |       56 |   9.421714 |     10 | 0.903478 | 2.444107
 728 | 218100.0 | 218400.0 | 0.009065 | 0.018421 |   9.421714 |     10 | 0.903478 | 1.000000 | 1.140000 | 1.136667 | 1.016667 |   3.257078 |      399 |      342 |       57 |   9.420445 |     10 | 0.933004 | 1.696454
 729 | 218400.0 | 218700.0 | 0.009058 | 0.018418 |   9.420445 |     10 | 0.933004 | 1.000000 | 1.123333 | 1.030000 | 1.046667 |  -0.452459 |      395 |      337 |       58 |   9.419328 |     10 | 0.928906 | 1.800227
 730 | 218700.0 | 219000.0 | 0.009050 | 0.018414 |   9.419328 |     10 | 0.928906 | 1.000000 | 1.093333 | 1.060000 | 1.130000 |  -1.900694 |      393 |      328 |       65 |   9.418483 |     10 | 0.911705 | 2.235789
 731 | 219000.0 | 219300.0 | 0.009042 | 0.018411 |   9.418483 |     10 | 0.911705 | 1.000000 | 1.156667 | 1.113333 | 1.060000 |   1.448426 |      401 |      347 |       54 |   9.417067 |     10 | 0.924802 | 1.904148
 732 | 219300.0 | 219600.0 | 0.009035 | 0.018407 |   9.417067 |     10 | 0.924802 | 1.000000 | 1.076667 | 1.113333 | 1.120000 |  -0.181088 |      393 |      323 |       70 |   9.416374 |     10 | 0.923166 | 1.945576
 733 | 219600.0 | 219900.0 | 0.009027 | 0.018404 |   9.416374 |     10 | 0.923166 | 1.000000 | 1.106667 | 1.160000 | 1.076667 |   2.264034 |      396 |      332 |       64 |   9.415411 |     10 | 0.943603 | 1.428059
 734 | 219900.0 | 220200.0 | 0.009020 | 0.018400 |   9.415411 |     10 | 0.943603 | 1.000000 | 1.130000 | 0.843333 | 1.086667 |  -6.612246 |      387 |      339 |       51 |   9.414239 |     10 | 0.883964 | 2.938229
 735 | 220200.0 | 220500.0 | 0.009012 | 0.018397 |   9.414239 |     10 | 0.883964 | 1.000000 | 1.130000 | 1.073333 | 1.053333 |   0.543576 |      402 |      339 |       60 |   9.413067 |     10 | 0.888863 | 2.814186
 736 | 220500.0 | 220800.0 | 0.009004 | 0.018393 |   9.413067 |     10 | 0.888863 | 1.000000 | 1.040000 | 1.073333 | 1.033333 |   1.087360 |      392 |      312 |       80 |   9.412707 |     10 | 0.898654 | 2.566260
 737 | 220800.0 | 221100.0 | 0.008997 | 0.018390 |   9.412707 |     10 | 0.898654 | 1.000000 | 1.143333 | 1.033333 | 1.063333 |  -0.815676 |      402 |      343 |       59 |   9.411417 |     10 | 0.891315 | 2.752085
 738 | 221100.0 | 221400.0 | 0.008989 | 0.018386 |   9.411417 |     10 | 0.891315 | 1.000000 | 1.060000 | 1.080000 | 1.020000 |   1.631662 |      395 |      318 |       77 |   9.410878 |     10 | 0.905983 | 2.380676
 739 | 221400.0 | 221700.0 | 0.008982 | 0.018383 |   9.410878 |     10 | 0.905983 | 1.000000 | 1.136667 | 1.113333 | 1.103333 |   0.271995 |      399 |      341 |       58 |   9.409651 |     10 | 0.908426 | 2.318814
 740 | 221700.0 | 222000.0 | 0.008974 | 0.018379 |   9.409651 |     10 | 0.908426 | 1.000000 | 1.150000 | 1.140000 | 1.073333 |   1.813647 |      401 |      345 |       56 |   9.408304 |     10 | 0.924702 | 1.906668
 741 | 222000.0 | 222300.0 | 0.008967 | 0.018376 |   9.408304 |     10 | 0.924702 | 1.000000 | 1.096667 | 1.093333 | 1.060000 |   0.906996 |      394 |      329 |       65 |   9.407438 |     10 | 0.932835 | 1.700728
 742 | 222300.0 | 222600.0 | 0.008959 | 0.018372 |   9.407438 |     10 | 0.932835 | 1.000000 | 1.066667 | 1.090000 | 1.063333 |   0.725734 |      388 |      320 |       68 |   9.406840 |     10 | 0.939337 | 1.536082
 743 | 222600.0 | 222900.0 | 0.008952 | 0.018369 |   9.406840 |     10 | 0.939337 | 1.000000 | 1.080000 | 0.940000 | 1.126667 |  -5.081100 |      387 |      324 |       64 |   9.406124 |     10 | 0.893851 | 2.687867
 744 | 222900.0 | 223200.0 | 0.008945 | 0.018365 |   9.406124 |     10 | 0.893851 | 1.000000 | 1.196667 | 1.113333 | 1.006667 |   2.904035 |      407 |      359 |       47 |   9.404365 |     10 | 0.919827 | 2.030126
 745 | 223200.0 | 223500.0 | 0.008937 | 0.018362 |   9.404365 |     10 | 0.919827 | 1.000000 | 1.146667 | 1.123333 | 1.096667 |   0.726146 |      400 |      344 |       56 |   9.403054 |     10 | 0.926316 | 1.865796
 746 | 223500.0 | 223800.0 | 0.008930 | 0.018358 |   9.403054 |     10 | 0.926316 | 1.000000 | 1.140000 | 1.113333 | 1.036667 |   2.088063 |      398 |      342 |       56 |   9.401804 |     10 | 0.944962 | 1.393648
 747 | 223800.0 | 224100.0 | 0.008922 | 0.018355 |   9.401804 |     10 | 0.944962 | 1.000000 | 1.110000 | 0.806667 | 1.126667 |  -8.717034 |      384 |      333 |       52 |   9.400823 |     10 | 0.867185 | 3.363092
 748 | 224100.0 | 224400.0 | 0.008915 | 0.018351 |   9.400823 |     10 | 0.867185 | 1.000000 | 1.023333 | 1.073333 | 1.046667 |   0.726556 |      392 |      307 |       84 |   9.400615 |     10 | 0.873663 | 3.199076
 749 | 224400.0 | 224700.0 | 0.008908 | 0.018348 |   9.400615 |     10 | 0.873663 | 1.000000 | 1.053333 | 1.060000 | 1.070000 |  -0.272510 |      394 |      316 |       78 |   9.400139 |     10 | 0.871235 | 3.260543
 750 | 224700.0 | 225000.0 | 0.008900 | 0.018345 |   9.400139 |     10 | 0.871235 | 1.000000 | 1.083333 | 1.080000 | 1.003333 |   2.089633 |      396 |      325 |       71 |   9.399398 |     10 | 0.889834 | 2.789598
 751 | 225000.0 | 225300.0 | 0.008893 | 0.018341 |   9.399398 |     10 | 0.889834 | 1.000000 | 1.163333 | 1.076667 | 1.046667 |   0.817836 |      405 |      349 |       56 |   9.397945 |     10 | 0.897107 | 2.605433
 752 | 225300.0 | 225600.0 | 0.008886 | 0.018338 |   9.397945 |     10 | 0.897107 | 1.000000 | 1.076667 | 1.073333 | 1.056667 |   0.454438 |      394 |      323 |       71 |   9.397264 |     10 | 0.901145 | 2.503183
 753 | 225600.0 | 225900.0 | 0.008878 | 0.018334 |   9.397264 |     10 | 0.901145 | 1.000000 | 1.113333 | 1.113333 | 1.066667 |   1.272665 |      399 |      334 |       65 |   9.396258 |     10 | 0.912444 | 2.217067
 754 | 225900.0 | 226200.0 | 0.008871 | 0.018331 |   9.396258 |     10 | 0.912444 | 1.000000 | 1.106667 | 1.066667 | 1.006667 |   1.636589 |      397 |      332 |       65 |   9.395312 |     10 | 0.926962 | 1.849435
 755 | 226200.0 | 226500.0 | 0.008864 | 0.018327 |   9.395312 |     10 | 0.926962 | 1.000000 | 1.140000 | 1.116667 | 1.106667 |   0.272816 |      396 |      342 |       54 |   9.394071 |     10 | 0.929381 | 1.788202
 756 | 226500.0 | 226800.0 | 0.008857 | 0.018324 |   9.394071 |     10 | 0.929381 | 1.000000 | 1.140000 | 1.096667 | 1.086667 |   0.272867 |      398 |      342 |       56 |   9.392831 |     10 | 0.931797 | 1.727008
 757 | 226800.0 | 227100.0 | 0.008849 | 0.018321 |   9.392831 |     10 | 0.931797 | 1.000000 | 1.110000 | 1.020000 | 1.086667 |  -1.819449 |      393 |      333 |       60 |   9.391857 |     10 | 0.915696 | 2.134713
 758 | 227100.0 | 227400.0 | 0.008842 | 0.018317 |   9.391857 |     10 | 0.915696 | 1.000000 | 1.110000 | 1.130000 | 1.050000 |   2.183744 |      397 |      333 |       64 |   9.390885 |     10 | 0.935005 | 1.645775
 759 | 227400.0 | 227700.0 | 0.008835 | 0.018314 |   9.390885 |     10 | 0.935005 | 1.000000 | 1.100000 | 0.990000 | 1.090000 |  -2.730186 |      391 |      330 |       61 |   9.390001 |     10 | 0.910884 | 2.256563
 760 | 227700.0 | 228000.0 | 0.008828 | 0.018310 |   9.390001 |     10 | 0.910884 | 1.000000 | 1.136667 | 1.140000 | 1.080000 |   1.638415 |      399 |      341 |       58 |   9.388795 |     10 | 0.925348 | 1.890321
 761 | 228000.0 | 228300.0 | 0.008821 | 0.018307 |   9.388795 |     10 | 0.925348 | 1.000000 | 1.120000 | 1.063333 | 1.070000 |  -0.182080 |      397 |      336 |       61 |   9.387736 |     10 | 0.923742 | 1.930989
 762 | 228300.0 | 228600.0 | 0.008813 | 0.018304 |   9.387736 |     10 | 0.923742 | 1.000000 | 1.143333 | 1.063333 | 1.093333 |  -0.819511 |      399 |      343 |       56 |   9.386473 |     10 | 0.916519 | 2.113880
 763 | 228600.0 | 228900.0 | 0.008806 | 0.018300 |   9.386473 |     10 | 0.916519 | 1.000000 | 1.153333 | 1.110000 | 1.083333 |   0.728589 |      401 |      346 |       56 |   9.385123 |     10 | 0.922935 | 1.951412
 764 | 228900.0 | 229200.0 | 0.008799 | 0.018297 |   9.385123 |     10 | 0.922935 | 1.000000 | 1.060000 | 1.130000 | 1.073333 |   1.548536 |      391 |      318 |       72 |   9.384595 |     10 | 0.936561 | 1.606384
 765 | 229200.0 | 229500.0 | 0.008792 | 0.018293 |   9.384595 |     10 | 0.936561 | 1.000000 | 1.156667 | 0.966667 | 1.176667 |  -5.739749 |      395 |      347 |       49 |   9.383217 |     10 | 0.886097 | 2.884219
 766 | 229500.0 | 229800.0 | 0.008785 | 0.018290 |   9.383217 |     10 | 0.886097 | 1.000000 | 1.143333 | 1.046667 | 1.093333 |  -1.275735 |      401 |      343 |       57 |   9.381958 |     10 | 0.874890 | 3.168005
 767 | 229800.0 | 230100.0 | 0.008778 | 0.018287 |   9.381958 |     10 | 0.874890 | 1.000000 | 1.106667 | 1.096667 | 1.080000 |   0.455703 |      400 |      332 |       68 |   9.381022 |     10 | 0.878890 | 3.066716
 768 | 230100.0 | 230400.0 | 0.008771 | 0.018283 |   9.381022 |     10 | 0.878890 | 1.000000 | 1.143333 | 1.090000 | 1.056667 |   0.911574 |      402 |      343 |       59 |   9.379765 |     10 | 0.886885 | 2.864264
 769 | 230400.0 | 230700.0 | 0.008764 | 0.018280 |   9.379765 |     10 | 0.886885 | 1.000000 | 1.093333 | 1.063333 | 1.086667 |  -0.638218 |      397 |      328 |       69 |   9.378947 |     10 | 0.881292 | 3.005892
 770 | 230700.0 | 231000.0 | 0.008757 | 0.018277 |   9.378947 |     10 | 0.881292 | 1.000000 | 1.096667 | 1.133333 | 1.076667 |   1.550243 |      397 |      329 |       68 |   9.378100 |     10 | 0.894867 | 2.662153
 771 | 231000.0 | 231300.0 | 0.008750 | 0.018273 |   9.378100 |     10 | 0.894867 | 1.000000 | 1.100000 | 1.056667 | 1.110000 |  -1.459319 |      397 |      330 |       68 |   9.377225 |     10 | 0.882098 | 2.985471
 772 | 231300.0 | 231600.0 | 0.008743 | 0.018270 |   9.377225 |     10 | 0.882098 | 1.000000 | 1.106667 | 1.110000 | 1.043333 |   1.824482 |      399 |      332 |       66 |   9.376293 |     10 | 0.898049 | 2.581574
 773 | 231600.0 | 231900.0 | 0.008736 | 0.018267 |   9.376293 |     10 | 0.898049 | 1.000000 | 1.050000 | 1.073333 | 1.100000 |  -0.729926 |      392 |      315 |       77 |   9.375856 |     10 | 0.891673 | 2.743033
 774 | 231900.0 | 232200.0 | 0.008729 | 0.018263 |   9.375856 |     10 | 0.891673 | 1.000000 | 1.090000 | 1.120000 | 1.050000 |   1.916404 |      398 |      327 |       71 |   9.375070 |     10 | 0.908400 | 2.319465
 775 | 232200.0 | 232500.0 | 0.008722 | 0.018260 |   9.375070 |     10 | 0.908400 | 1.000000 | 1.073333 | 1.050000 | 1.070000 |  -0.547644 |      395 |      322 |       73 |   9.374431 |     10 | 0.903624 | 2.440410
 776 | 232500.0 | 232800.0 | 0.008715 | 0.018257 |   9.374431 |     10 | 0.903624 | 1.000000 | 1.116667 | 1.146667 | 1.120000 |   0.730324 |      398 |      335 |       63 |   9.373414 |     10 | 0.909988 | 2.279250
 777 | 232800.0 | 233100.0 | 0.008708 | 0.018253 |   9.373414 |     10 | 0.909988 | 1.000000 | 1.100000 | 1.120000 | 1.100000 |   0.547843 |      397 |      330 |       67 |   9.372543 |     10 | 0.914759 | 2.158455
 778 | 233100.0 | 233400.0 | 0.008701 | 0.018250 |   9.372543 |     10 | 0.914759 | 1.000000 | 1.156667 | 1.083333 | 1.100000 |  -0.456618 |      401 |      347 |       54 |   9.371180 |     10 | 0.910786 | 2.259056
 779 | 233400.0 | 233700.0 | 0.008694 | 0.018247 |   9.371180 |     10 | 0.910786 | 1.000000 | 1.143333 | 1.100000 | 1.076667 |   0.639381 |      399 |      343 |       56 |   9.369934 |     10 | 0.916344 | 2.118302
 780 | 233700.0 | 234000.0 | 0.008687 | 0.018244 |   9.369934 |     10 | 0.916344 | 1.000000 | 1.120000 | 1.163333 | 1.193333 |  -0.822210 |      399 |      336 |       63 |   9.368892 |     10 | 0.909202 | 2.299160
 781 | 234000.0 | 234300.0 | 0.008680 | 0.018240 |   9.368892 |     10 | 0.909202 | 1.000000 | 1.103333 | 1.126667 | 1.153333 |  -0.730986 |      396 |      331 |       66 |   9.367995 |     10 | 0.902857 | 2.459824
 782 | 234300.0 | 234600.0 | 0.008673 | 0.018237 |   9.367995 |     10 | 0.902857 | 1.000000 | 1.133333 | 1.136667 | 1.100000 |   1.005287 |      401 |      340 |       60 |   9.366838 |     10 | 0.911576 | 2.239046
 783 | 234600.0 | 234900.0 | 0.008666 | 0.018234 |   9.366838 |     10 | 0.911576 | 1.000000 | 1.106667 | 1.060000 | 1.070000 |  -0.274218 |      396 |      332 |       64 |   9.365914 |     10 | 0.909200 | 2.299222
 784 | 234900.0 | 235200.0 | 0.008659 | 0.018230 |   9.365914 |     10 | 0.909200 | 1.000000 | 1.113333 | 1.106667 | 1.040000 |   1.828452 |      399 |      334 |       65 |   9.364933 |     10 | 0.925033 | 1.898299
 785 | 235200.0 | 235500.0 | 0.008652 | 0.018227 |   9.364933 |     10 | 0.925033 | 1.000000 | 1.020000 | 1.133333 | 1.063333 |   1.920220 |      387 |      306 |       81 |   9.364760 |     10 | 0.941647 | 1.477588
 786 | 235500.0 | 235800.0 | 0.008646 | 0.018224 |   9.364760 |     10 | 0.941647 | 1.000000 | 1.176667 | 0.846667 | 1.100000 |  -6.950616 |      395 |      353 |       43 |   9.363232 |     10 | 0.881555 | 2.999231
 787 | 235800.0 | 236100.0 | 0.008639 | 0.018221 |   9.363232 |     10 | 0.881555 | 1.000000 | 1.116667 | 1.080000 | 1.066667 |   0.365887 |      399 |      335 |       63 |   9.362224 |     10 | 0.884716 | 2.919194
 788 | 236100.0 | 236400.0 | 0.008632 | 0.018217 |   9.362224 |     10 | 0.884716 | 1.000000 | 1.096667 | 1.066667 | 1.103333 |  -1.006371 |      397 |      329 |       68 |   9.361390 |     10 | 0.876029 | 3.139163
 789 | 236400.0 | 236700.0 | 0.008625 | 0.018214 |   9.361390 |     10 | 0.876029 | 1.000000 | 1.153333 | 1.063333 | 1.003333 |   1.647083 |      403 |      346 |       57 |   9.360067 |     10 | 0.890235 | 2.779432
 790 | 236700.0 | 237000.0 | 0.008618 | 0.018211 |   9.360067 |     10 | 0.890235 | 1.000000 | 1.050000 | 1.083333 | 1.100000 |  -0.457605 |      395 |      315 |       80 |   9.359636 |     10 | 0.886291 | 2.879297
 791 | 237000.0 | 237300.0 | 0.008612 | 0.018208 |   9.359636 |     10 | 0.886291 | 1.000000 | 1.096667 | 1.113333 | 1.113333 |   0.000000 |      397 |      329 |       68 |   9.358804 |     10 | 0.886291 | 2.879297
 792 | 237300.0 | 237600.0 | 0.008605 | 0.018204 |   9.358804 |     10 | 0.886291 | 1.000000 | 1.083333 | 1.086667 | 1.090000 |  -0.091554 |      393 |      325 |       68 |   9.358087 |     10 | 0.885504 | 2.899246
 793 | 237600.0 | 237900.0 | 0.008598 | 0.018201 |   9.358087 |     10 | 0.885504 | 1.000000 | 1.100000 | 1.080000 | 1.073333 |   0.183140 |      400 |      330 |       70 |   9.357227 |     10 | 0.887078 | 2.859372
 794 | 237900.0 | 238200.0 | 0.008591 | 0.018198 |   9.357227 |     10 | 0.887078 | 1.000000 | 1.096667 | 1.110000 | 1.040000 |   1.923311 |      399 |      329 |       70 |   9.356397 |     10 | 0.903602 | 2.440958
 795 | 238200.0 | 238500.0 | 0.008585 | 0.018195 |   9.356397 |     10 | 0.903602 | 1.000000 | 1.060000 | 1.126667 | 1.020000 |   2.931279 |      390 |      318 |       72 |   9.355881 |     10 | 0.928766 | 1.803761
 796 | 238500.0 | 238800.0 | 0.008578 | 0.018191 |   9.355881 |     10 | 0.928766 | 1.000000 | 1.103333 | 1.076667 | 1.120000 |  -1.191044 |      395 |      331 |       64 |   9.354995 |     10 | 0.918550 | 2.062466
 797 | 238800.0 | 239100.0 | 0.008571 | 0.018188 |   9.354995 |     10 | 0.918550 | 1.000000 | 1.100000 | 1.133333 | 1.053333 |   2.199239 |      396 |      330 |       66 |   9.354138 |     10 | 0.937400 | 1.585144
 798 | 239100.0 | 239400.0 | 0.008565 | 0.018185 |   9.354138 |     10 | 0.937400 | 1.000000 | 1.156667 | 0.916667 | 1.180000 |  -7.240444 |      397 |      347 |       50 |   9.352796 |     10 | 0.875388 | 3.155380
 799 | 239400.0 | 239700.0 | 0.008558 | 0.018182 |   9.352796 |     10 | 0.875388 | 1.000000 | 1.100000 | 1.056667 | 1.046667 |   0.275002 |      400 |      330 |       70 |   9.351940 |     10 | 0.877742 | 3.095787
 800 | 239700.0 | 240000.0 | 0.008551 | 0.018178 |   9.351940 |     10 | 0.877742 | 1.000000 | 1.110000 | 1.106667 | 1.090000 |   0.458418 |      399 |      333 |       66 |   9.351000 |     10 | 0.881662 | 2.996525
 801 | 240000.0 | 240300.0 | 0.008545 | 0.018175 |   9.351000 |     10 | 0.881662 | 1.000000 | 1.073333 | 1.080000 | 0.990000 |   2.475893 |      395 |      322 |       73 |   9.350373 |     10 | 0.902817 | 2.460829
 802 | 240300.0 | 240600.0 | 0.008538 | 0.018172 |   9.350373 |     10 | 0.902817 | 1.000000 | 1.133333 | 1.080000 | 1.073333 |   0.183432 |      400 |      340 |       60 |   9.349235 |     10 | 0.904384 | 2.421172
 803 | 240600.0 | 240900.0 | 0.008531 | 0.018169 |   9.349235 |     10 | 0.904384 | 1.000000 | 1.083333 | 1.133333 | 1.080000 |   1.467713 |      397 |      325 |       72 |   9.348524 |     10 | 0.916905 | 2.104104
 804 | 240900.0 | 241200.0 | 0.008525 | 0.018166 |   9.348524 |     10 | 0.916905 | 1.000000 | 1.160000 | 1.136667 | 1.073333 |   1.743215 |      401 |      348 |       53 |   9.347160 |     10 | 0.931766 | 1.727811
 805 | 241200.0 | 241500.0 | 0.008518 | 0.018162 |   9.347160 |     10 | 0.931766 | 1.000000 | 1.163333 | 1.060000 | 1.120000 |  -1.651757 |      397 |      349 |       48 |   9.345769 |     10 | 0.917696 | 2.084086
 806 | 241500.0 | 241800.0 | 0.008512 | 0.018159 |   9.345769 |     10 | 0.917696 | 1.000000 | 1.076667 | 1.093333 | 1.056667 |   1.009584 |      395 |      323 |       72 |   9.345116 |     10 | 0.926289 | 1.866492
 807 | 241800.0 | 242100.0 | 0.008505 | 0.018156 |   9.345116 |     10 | 0.926289 | 1.000000 | 1.070000 | 1.133333 | 1.090000 |   1.193354 |      390 |      321 |       69 |   9.344521 |     10 | 0.936438 | 1.609490
 808 | 242100.0 | 242400.0 | 0.008498 | 0.018153 |   9.344521 |     10 | 0.936438 | 1.000000 | 1.146667 | 0.990000 | 1.046667 |  -1.560813 |      395 |      344 |       51 |   9.343274 |     10 | 0.923174 | 1.945369
 809 | 242400.0 | 242700.0 | 0.008492 | 0.018150 |   9.343274 |     10 | 0.923174 | 1.000000 | 1.143333 | 1.106667 | 1.070000 |   1.010114 |      400 |      343 |       57 |   9.342057 |     10 | 0.931752 | 1.728165
 810 | 242700.0 | 243000.0 | 0.008485 | 0.018147 |   9.342057 |     10 | 0.931752 | 1.000000 | 1.110000 | 1.043333 | 1.120000 |  -2.112425 |      394 |      333 |       61 |   9.341124 |     10 | 0.913827 | 2.182050
 811 | 243000.0 | 243300.0 | 0.008479 | 0.018143 |   9.341124 |     10 | 0.913827 | 1.000000 | 1.166667 | 1.136667 | 1.106667 |   0.826745 |      403 |      350 |       53 |   9.339710 |     10 | 0.920837 | 2.004548
 812 | 243300.0 | 243600.0 | 0.008472 | 0.018140 |   9.339710 |     10 | 0.920837 | 1.000000 | 1.133333 | 1.073333 | 1.080000 |  -0.183753 |      399 |      340 |       59 |   9.338581 |     10 | 0.919280 | 2.043969
 813 | 243600.0 | 243900.0 | 0.008466 | 0.018137 |   9.338581 |     10 | 0.919280 | 1.000000 | 1.106667 | 1.083333 | 1.070000 |   0.367570 |      394 |      332 |       63 |   9.337678 |     10 | 0.922392 | 1.965173
 814 | 243900.0 | 244200.0 | 0.008459 | 0.018134 |   9.337678 |     10 | 0.922392 | 1.000000 | 1.136667 | 1.046667 | 1.073333 |  -0.735268 |      400 |      341 |       58 |   9.336522 |     10 | 0.916172 | 2.122672
 815 | 244200.0 | 244500.0 | 0.008453 | 0.018131 |   9.336522 |     10 | 0.916172 | 1.000000 | 1.156667 | 1.093333 | 1.070000 |   0.643471 |      402 |      347 |       55 |   9.335197 |     10 | 0.921611 | 1.984942
 816 | 244500.0 | 244800.0 | 0.008446 | 0.018128 |   9.335197 |     10 | 0.921611 | 1.000000 | 1.113333 | 1.173333 | 1.123333 |   1.379106 |      397 |      334 |       63 |   9.334240 |     10 | 0.933260 | 1.689982
 817 | 244800.0 | 245100.0 | 0.008440 | 0.018125 |   9.334240 |     10 | 0.933260 | 1.000000 | 1.180000 | 1.036667 | 1.166667 |  -3.586297 |      397 |      354 |       43 |   9.332721 |     10 | 0.902991 | 2.456427
 818 | 245100.0 | 245400.0 | 0.008434 | 0.018121 |   9.332721 |     10 | 0.902991 | 1.000000 | 1.083333 | 1.133333 | 1.076667 |   1.563528 |      396 |      325 |       71 |   9.332018 |     10 | 0.916177 | 2.122532
 819 | 245400.0 | 245700.0 | 0.008427 | 0.018118 |   9.332018 |     10 | 0.916177 | 1.000000 | 1.110000 | 1.096667 | 1.116667 |  -0.551929 |      395 |      333 |       62 |   9.331091 |     10 | 0.911526 | 2.240308
 820 | 245700.0 | 246000.0 | 0.008421 | 0.018115 |   9.331091 |     10 | 0.911526 | 1.000000 | 1.153333 | 1.053333 | 1.133333 |  -2.208096 |      404 |      346 |       58 |   9.329800 |     10 | 0.892933 | 2.711133
 821 | 246000.0 | 246300.0 | 0.008414 | 0.018112 |   9.329800 |     10 | 0.892933 | 1.000000 | 1.150000 | 1.106667 | 1.010000 |   2.668575 |      401 |      345 |       56 |   9.328538 |     10 | 0.915387 | 2.142554
 822 | 246300.0 | 246600.0 | 0.008408 | 0.018109 |   9.328538 |     10 | 0.915387 | 1.000000 | 1.136667 | 1.093333 | 1.083333 |   0.276107 |      400 |      341 |       59 |   9.327389 |     10 | 0.917708 | 2.083770
 823 | 246600.0 | 246900.0 | 0.008402 | 0.018106 |   9.327389 |     10 | 0.917708 | 1.000000 | 1.123333 | 1.043333 | 1.080000 |  -1.012567 |      397 |      337 |       60 |   9.326353 |     10 | 0.909201 | 2.299185
 824 | 246900.0 | 247200.0 | 0.008395 | 0.018103 |   9.326353 |     10 | 0.909201 | 1.000000 | 1.133333 | 1.090000 | 1.056667 |   0.920673 |      401 |      340 |       61 |   9.325233 |     10 | 0.916930 | 2.103468
 825 | 247200.0 | 247500.0 | 0.008389 | 0.018100 |   9.325233 |     10 | 0.916930 | 1.000000 | 1.160000 | 1.050000 | 1.053333 |  -0.092083 |      401 |      348 |       54 |   9.323891 |     10 | 0.916158 | 2.123028
 826 | 247500.0 | 247800.0 | 0.008382 | 0.018096 |   9.323891 |     10 | 0.916158 | 1.000000 | 1.076667 | 1.110000 | 1.090000 |   0.552593 |      393 |      323 |       69 |   9.323248 |     10 | 0.920790 | 2.005735
 827 | 247800.0 | 248100.0 | 0.008376 | 0.018093 |   9.323248 |     10 | 0.920790 | 1.000000 | 1.106667 | 1.073333 | 1.120000 |  -1.289605 |      396 |      332 |       64 |   9.322355 |     10 | 0.909988 | 2.279258
 828 | 248100.0 | 248400.0 | 0.008370 | 0.018090 |   9.322355 |     10 | 0.909988 | 1.000000 | 1.110000 | 1.043333 | 1.046667 |  -0.092130 |      397 |      333 |       64 |   9.321434 |     10 | 0.909217 | 2.298784
 829 | 248400.0 | 248700.0 | 0.008364 | 0.018087 |   9.321434 |     10 | 0.909217 | 1.000000 | 1.133333 | 1.116667 | 1.143333 |  -0.737169 |      399 |      340 |       59 |   9.320319 |     10 | 0.903052 | 2.454901
 830 | 248700.0 | 249000.0 | 0.008357 | 0.018084 |   9.320319 |     10 | 0.903052 | 1.000000 | 1.046667 | 1.090000 | 1.030000 |   1.658913 |      394 |      314 |       81 |   9.319929 |     10 | 0.916915 | 2.103843
 831 | 249000.0 | 249300.0 | 0.008351 | 0.018081 |   9.319929 |     10 | 0.916915 | 1.000000 | 1.126667 | 1.126667 | 1.110000 |   0.460888 |      398 |      338 |       59 |   9.318871 |     10 | 0.920764 | 2.006384
 832 | 249300.0 | 249600.0 | 0.008345 | 0.018078 |   9.318871 |     10 | 0.920764 | 1.000000 | 1.090000 | 1.060000 | 1.120000 |  -1.659478 |      393 |      327 |       66 |   9.318120 |     10 | 0.906917 | 2.357034
 833 | 249600.0 | 249900.0 | 0.008338 | 0.018075 |   9.318120 |     10 | 0.906917 | 1.000000 | 1.126667 | 1.090000 | 1.146667 |  -1.567551 |      400 |      338 |       62 |   9.317064 |     10 | 0.893846 | 2.688011
 834 | 249900.0 | 250200.0 | 0.008332 | 0.018072 |   9.317064 |     10 | 0.893846 | 1.000000 | 1.130000 | 1.063333 | 1.006667 |   1.567817 |      400 |      339 |       61 |   9.315981 |     10 | 0.906909 | 2.357225
 835 | 250200.0 | 250500.0 | 0.008326 | 0.018069 |   9.315981 |     10 | 0.906909 | 1.000000 | 1.133333 | 1.093333 | 1.080000 |   0.368961 |      401 |      340 |       62 |   9.314871 |     10 | 0.909981 | 2.279439
 836 | 250500.0 | 250800.0 | 0.008320 | 0.018066 |   9.314871 |     10 | 0.909981 | 1.000000 | 1.060000 | 1.140000 | 1.040000 |   2.767675 |      389 |      318 |       70 |   9.314372 |     10 | 0.933007 | 1.696376
 837 | 250800.0 | 251100.0 | 0.008313 | 0.018063 |   9.314372 |     10 | 0.933007 | 1.000000 | 1.173333 | 1.036667 | 1.116667 |  -2.214515 |      400 |      352 |       48 |   9.312931 |     10 | 0.914597 | 2.162557
 838 | 251100.0 | 251400.0 | 0.008307 | 0.018060 |   9.312931 |     10 | 0.914597 | 1.000000 | 1.120000 | 1.110000 | 1.080000 |   0.830583 |      398 |      336 |       62 |   9.311934 |     10 | 0.921497 | 1.987840
 839 | 251400.0 | 251700.0 | 0.008301 | 0.018057 |   9.311934 |     10 | 0.921497 | 1.000000 | 1.103333 | 1.096667 | 1.073333 |   0.646118 |      396 |      331 |       65 |   9.311076 |     10 | 0.926860 | 1.852028
 840 | 251700.0 | 252000.0 | 0.008295 | 0.018054 |   9.311076 |     10 | 0.926860 | 1.000000 | 1.070000 | 1.086667 | 1.063333 |   0.646227 |      391 |      321 |       70 |   9.310495 |     10 | 0.932220 | 1.716293
 841 | 252000.0 | 252300.0 | 0.008289 | 0.018050 |   9.310495 |     10 | 0.932220 | 1.000000 | 1.093333 | 1.040000 | 1.100000 |  -1.662007 |      393 |      328 |       65 |   9.309722 |     10 | 0.918445 | 2.065123
 842 | 252300.0 | 252600.0 | 0.008283 | 0.018047 |   9.309722 |     10 | 0.918445 | 1.000000 | 1.123333 | 1.150000 | 1.120000 |   0.831143 |      397 |      337 |       60 |   9.308700 |     10 | 0.925329 | 1.890809
 843 | 252600.0 | 252900.0 | 0.008276 | 0.018044 |   9.308700 |     10 | 0.925329 | 1.000000 | 1.043333 | 1.096667 | 1.140000 |  -1.200742 |      389 |      313 |       76 |   9.308342 |     10 | 0.915391 | 2.142452
 844 | 252900.0 | 253200.0 | 0.008270 | 0.018041 |   9.308342 |     10 | 0.915391 | 1.000000 | 1.193333 | 1.120000 | 1.103333 |   0.461902 |      404 |      358 |       46 |   9.306743 |     10 | 0.919211 | 2.045721
 845 | 253200.0 | 253500.0 | 0.008264 | 0.018038 |   9.306743 |     10 | 0.919211 | 1.000000 | 1.103333 | 1.056667 | 1.063333 |  -0.184792 |      395 |      331 |       64 |   9.305889 |     10 | 0.917684 | 2.084391
 846 | 253500.0 | 253800.0 | 0.008258 | 0.018035 |   9.305889 |     10 | 0.917684 | 1.000000 | 1.110000 | 1.156667 | 1.076667 |   2.217871 |      395 |      333 |       62 |   9.304980 |     10 | 0.935999 | 1.620618
 847 | 253800.0 | 254100.0 | 0.008252 | 0.018032 |   9.304980 |     10 | 0.935999 | 1.000000 | 1.086667 | 0.980000 | 1.103333 |  -3.419789 |      390 |      326 |       64 |   9.304265 |     10 | 0.907779 | 2.335193
 848 | 254100.0 | 254400.0 | 0.008246 | 0.018029 |   9.304265 |     10 | 0.907779 | 1.000000 | 1.146667 | 1.133333 | 1.026667 |   2.958150 |      400 |      344 |       56 |   9.303056 |     10 | 0.932171 | 1.717535
 849 | 254400.0 | 254700.0 | 0.008240 | 0.018026 |   9.303056 |     10 | 0.932171 | 1.000000 | 1.100000 | 1.023333 | 1.106667 |  -2.311440 |      393 |      330 |       63 |   9.302232 |     10 | 0.913126 | 2.199805
 850 | 254700.0 | 255000.0 | 0.008234 | 0.018023 |   9.302232 |     10 | 0.913126 | 1.000000 | 1.136667 | 1.060000 | 1.046667 |   0.369892 |      400 |      341 |       59 |   9.301106 |     10 | 0.916171 | 2.122686
 851 | 255000.0 | 255300.0 | 0.008228 | 0.018020 |   9.301106 |     10 | 0.916171 | 1.000000 | 1.183333 | 1.020000 | 1.096667 |  -2.127234 |      405 |      355 |       50 |   9.299598 |     10 | 0.898669 | 2.565868
 852 | 255300.0 | 255600.0 | 0.008222 | 0.018017 |   9.299598 |     10 | 0.898669 | 1.000000 | 1.026667 | 1.126667 | 1.026667 |   2.775115 |      390 |      308 |       82 |   9.299379 |     10 | 0.921485 | 1.988133
 853 | 255600.0 | 255900.0 | 0.008216 | 0.018014 |   9.299379 |     10 | 0.921485 | 1.000000 | 1.133333 | 1.163333 | 1.073333 |   2.498019 |      397 |      340 |       58 |   9.298283 |     10 | 0.942008 | 1.468468
 854 | 255900.0 | 256200.0 | 0.008209 | 0.018011 |   9.298283 |     10 | 0.942008 | 1.000000 | 1.093333 | 0.846667 | 1.100000 |  -7.032627 |      386 |      328 |       58 |   9.297517 |     10 | 0.884273 | 2.930399
 855 | 256200.0 | 256500.0 | 0.008203 | 0.018008 |   9.297517 |     10 | 0.884273 | 1.000000 | 1.026667 | 1.150000 | 1.023333 |   3.516897 |      392 |      308 |       83 |   9.297298 |     10 | 0.913124 | 2.199848
 856 | 256500.0 | 256800.0 | 0.008197 | 0.018005 |   9.297298 |     10 | 0.913124 | 1.000000 | 1.110000 | 1.136667 | 1.103333 |   0.925652 |      396 |      333 |       63 |   9.296397 |     10 | 0.920712 | 2.007707
 857 | 256800.0 | 257100.0 | 0.008191 | 0.018002 |   9.296397 |     10 | 0.920712 | 1.000000 | 1.100000 | 1.126667 | 1.130000 |  -0.092581 |      396 |      330 |       66 |   9.295578 |     10 | 0.919954 | 2.026910
 858 | 257100.0 | 257400.0 | 0.008185 | 0.017999 |   9.295578 |     10 | 0.919954 | 1.000000 | 1.143333 | 1.036667 | 1.146667 |  -3.055664 |      399 |      343 |       56 |   9.294404 |     10 | 0.894942 | 2.660259
 859 | 257400.0 | 257700.0 | 0.008180 | 0.017996 |   9.294404 |     10 | 0.894942 | 1.000000 | 1.106667 | 1.076667 | 1.093333 |  -0.463056 |      398 |      332 |       66 |   9.293532 |     10 | 0.891154 | 2.756166
 860 | 257700.0 | 258000.0 | 0.008174 | 0.017993 |   9.293532 |     10 | 0.891154 | 1.000000 | 1.166667 | 1.073333 | 1.010000 |   1.759902 |      404 |      350 |       54 |   9.292170 |     10 | 0.905539 | 2.391923
 861 | 258000.0 | 258300.0 | 0.008168 | 0.017990 |   9.292170 |     10 | 0.905539 | 1.000000 | 1.073333 | 1.106667 | 1.040000 |   1.852834 |      395 |      322 |       73 |   9.291571 |     10 | 0.920672 | 2.008725
 862 | 258300.0 | 258600.0 | 0.008162 | 0.017987 |   9.291571 |     10 | 0.920672 | 1.000000 | 1.203333 | 1.096667 | 1.136667 |  -1.111883 |      405 |      361 |       45 |   9.289911 |     10 | 0.911597 | 2.238514
 863 | 258600.0 | 258900.0 | 0.008156 | 0.017985 |   9.289911 |     10 | 0.911597 | 1.000000 | 1.140000 | 1.083333 | 1.053333 |   0.834050 |      400 |      342 |       57 |   9.288769 |     10 | 0.918399 | 2.066269
 864 | 258900.0 | 259200.0 | 0.008150 | 0.017982 |   9.288769 |     10 | 0.918399 | 1.000000 | 1.116667 | 1.093333 | 1.073333 |   0.556124 |      396 |      335 |       61 |   9.287819 |     10 | 0.922932 | 1.951504
 865 | 259200.0 | 259500.0 | 0.008144 | 0.017979 |   9.287819 |     10 | 0.922932 | 1.000000 | 1.143333 | 1.093333 | 1.133333 |  -1.112431 |      399 |      343 |       56 |   9.286651 |     10 | 0.913872 | 2.180906
 866 | 259500.0 | 259800.0 | 0.008138 | 0.017976 |   9.286651 |     10 | 0.913872 | 1.000000 | 1.193333 | 1.130000 | 1.113333 |   0.463589 |      406 |      358 |       48 |   9.285078 |     10 | 0.917645 | 2.085375
 867 | 259800.0 | 260100.0 | 0.008132 | 0.017973 |   9.285078 |     10 | 0.917645 | 1.000000 | 1.093333 | 1.123333 | 1.113333 |   0.278199 |      396 |      328 |       68 |   9.284319 |     10 | 0.919907 | 2.028089
 868 | 260100.0 | 260400.0 | 0.008126 | 0.017970 |   9.284319 |     10 | 0.919907 | 1.000000 | 1.103333 | 1.080000 | 1.073333 |   0.185496 |      394 |      331 |       63 |   9.283479 |     10 | 0.921415 | 1.989919
 869 | 260400.0 | 260700.0 | 0.008120 | 0.017967 |   9.283479 |     10 | 0.921415 | 1.000000 | 1.130000 | 1.100000 | 1.143333 |  -1.205923 |      398 |      339 |       59 |   9.282424 |     10 | 0.911622 | 2.237882
 870 | 260700.0 | 261000.0 | 0.008114 | 0.017964 |   9.282424 |     10 | 0.911622 | 1.000000 | 1.133333 | 1.110000 | 1.113333 |  -0.092778 |      401 |      340 |       61 |   9.281342 |     10 | 0.910869 | 2.256945
 871 | 261000.0 | 261300.0 | 0.008109 | 0.017961 |   9.281342 |     10 | 0.910869 | 1.000000 | 1.073333 | 1.076667 | 1.070000 |   0.185587 |      391 |      322 |       69 |   9.280747 |     10 | 0.912374 | 2.218840
 872 | 261300.0 | 261600.0 | 0.008103 | 0.017958 |   9.280747 |     10 | 0.912374 | 1.000000 | 1.213333 | 1.103333 | 1.086667 |   0.464043 |      408 |      364 |       44 |   9.279018 |     10 | 0.916134 | 2.123629
 873 | 261600.0 | 261900.0 | 0.008097 | 0.017955 |   9.279018 |     10 | 0.916134 | 1.000000 | 1.100000 | 1.093333 | 1.110000 |  -0.464119 |      396 |      330 |       66 |   9.278209 |     10 | 0.912376 | 2.218787
 874 | 261900.0 | 262200.0 | 0.008091 | 0.017952 |   9.278209 |     10 | 0.912376 | 1.000000 | 1.116667 | 1.076667 | 1.100000 |  -0.649872 |      398 |      335 |       63 |   9.277265 |     10 | 0.907118 | 2.351933
 875 | 262200.0 | 262500.0 | 0.008085 | 0.017949 |   9.277265 |     10 | 0.907118 | 1.000000 | 1.120000 | 1.060000 | 1.053333 |   0.185708 |      398 |      336 |       62 |   9.276294 |     10 | 0.908619 | 2.313913
 876 | 262500.0 | 262800.0 | 0.008080 | 0.017946 |   9.276294 |     10 | 0.908619 | 1.000000 | 1.056667 | 1.080000 | 1.116667 |  -1.021558 |      392 |      317 |       75 |   9.275837 |     10 | 0.900366 | 2.522910
 877 | 262800.0 | 263100.0 | 0.008074 | 0.017944 |   9.275837 |     10 | 0.900366 | 1.000000 | 1.073333 | 1.096667 | 1.000000 |   2.693635 |      396 |      322 |       74 |   9.275245 |     10 | 0.922113 | 1.972222
 878 | 263100.0 | 263400.0 | 0.008068 | 0.017941 |   9.275245 |     10 | 0.922113 | 1.000000 | 1.136667 | 1.106667 | 1.106667 |   0.000000 |      399 |      341 |       58 |   9.274142 |     10 | 0.922113 | 1.972222
 879 | 263400.0 | 263700.0 | 0.008062 | 0.017938 |   9.274142 |     10 | 0.922113 | 1.000000 | 1.160000 | 1.110000 | 1.070000 |   1.114968 |      401 |      348 |       53 |   9.272852 |     10 | 0.931102 | 1.744604
 880 | 263700.0 | 264000.0 | 0.008056 | 0.017935 |   9.272852 |     10 | 0.931102 | 1.000000 | 1.130000 | 1.073333 | 1.096667 |  -0.650503 |      398 |      339 |       59 |   9.271805 |     10 | 0.925862 | 1.877308
 881 | 264000.0 | 264300.0 | 0.008051 | 0.017932 |   9.271805 |     10 | 0.925862 | 1.000000 | 1.056667 | 1.126667 | 1.090000 |   1.022384 |      389 |      317 |       72 |   9.271348 |     10 | 0.934093 | 1.668888
 882 | 264300.0 | 264600.0 | 0.008045 | 0.017929 |   9.271348 |     10 | 0.934093 | 1.000000 | 1.140000 | 1.006667 | 1.150000 |  -3.997234 |      395 |      342 |       53 |   9.270222 |     10 | 0.901935 | 2.483170
 883 | 264600.0 | 264900.0 | 0.008039 | 0.017926 |   9.270222 |     10 | 0.901935 | 1.000000 | 1.086667 | 1.076667 | 1.036667 |   1.115687 |      397 |      326 |       72 |   9.269525 |     10 | 0.910904 | 2.256054
 884 | 264900.0 | 265200.0 | 0.008033 | 0.017923 |   9.269525 |     10 | 0.910904 | 1.000000 | 1.146667 | 1.093333 | 1.116667 |  -0.650922 |      401 |      344 |       56 |   9.268347 |     10 | 0.905675 | 2.388465
 885 | 265200.0 | 265500.0 | 0.008028 | 0.017920 |   9.268347 |     10 | 0.905675 | 1.000000 | 1.113333 | 1.116667 | 1.060000 |   1.581064 |      396 |      334 |       62 |   9.267437 |     10 | 0.918368 | 2.067071
 886 | 265500.0 | 265800.0 | 0.008022 | 0.017918 |   9.267437 |     10 | 0.918368 | 1.000000 | 1.166667 | 1.096667 | 1.003333 |   2.604523 |      404 |      350 |       54 |   9.266100 |     10 | 0.939261 | 1.538008
 887 | 265800.0 | 266100.0 | 0.008016 | 0.017915 |   9.266100 |     10 | 0.939261 | 1.000000 | 1.166667 | 0.936667 | 1.043333 |  -2.977074 |      398 |      350 |       48 |   9.264764 |     10 | 0.915396 | 2.142320
 888 | 266100.0 | 266400.0 | 0.008011 | 0.017912 |   9.264764 |     10 | 0.915396 | 1.000000 | 1.116667 | 1.110000 | 1.156667 |  -1.302678 |      397 |      335 |       62 |   9.263830 |     10 | 0.904961 | 2.406561
 889 | 266400.0 | 266700.0 | 0.008005 | 0.017909 |   9.263830 |     10 | 0.904961 | 1.000000 | 1.123333 | 1.116667 | 0.983333 |   3.722533 |      398 |      337 |       61 |   9.262842 |     10 | 0.934760 | 1.652000
 890 | 266700.0 | 267000.0 | 0.007999 | 0.017906 |   9.262842 |     10 | 0.934760 | 1.000000 | 1.133333 | 0.970000 | 1.126667 |  -4.374675 |      395 |      340 |       55 |   9.261776 |     10 | 0.899765 | 2.538124
 891 | 267000.0 | 267300.0 | 0.007994 | 0.017903 |   9.261776 |     10 | 0.899765 | 1.000000 | 1.106667 | 1.073333 | 1.060000 |   0.372372 |      398 |      332 |       66 |   9.260923 |     10 | 0.902742 | 2.462750
 892 | 267300.0 | 267600.0 | 0.007988 | 0.017900 |   9.260923 |     10 | 0.902742 | 1.000000 | 1.090000 | 1.140000 | 1.123333 |   0.465539 |      395 |      327 |       68 |   9.260204 |     10 | 0.906460 | 2.368585
 893 | 267600.0 | 267900.0 | 0.007982 | 0.017898 |   9.260204 |     10 | 0.906460 | 1.000000 | 1.130000 | 1.043333 | 1.096667 |  -1.489963 |      402 |      339 |       63 |   9.259167 |     10 | 0.894567 | 2.669749
 894 | 267900.0 | 268200.0 | 0.007977 | 0.017895 |   9.259167 |     10 | 0.894567 | 1.000000 | 1.126667 | 1.120000 | 1.046667 |   2.049025 |      400 |      338 |       62 |   9.258156 |     10 | 0.910912 | 2.255874
 895 | 268200.0 | 268500.0 | 0.007971 | 0.017892 |   9.258156 |     10 | 0.910912 | 1.000000 | 1.090000 | 1.153333 | 1.103333 |   1.397284 |      394 |      327 |       67 |   9.257439 |     10 | 0.922050 | 1.973839
 896 | 268500.0 | 268800.0 | 0.007966 | 0.017889 |   9.257439 |     10 | 0.922050 | 1.000000 | 1.133333 | 1.070000 | 1.086667 |  -0.465835 |      398 |      340 |       58 |   9.256377 |     10 | 0.918339 | 2.067800
 897 | 268800.0 | 269100.0 | 0.007960 | 0.017886 |   9.256377 |     10 | 0.918339 | 1.000000 | 1.123333 | 1.093333 | 1.066667 |   0.745455 |      401 |      337 |       64 |   9.255395 |     10 | 0.924273 | 1.917545
 898 | 269100.0 | 269400.0 | 0.007954 | 0.017883 |   9.255395 |     10 | 0.924273 | 1.000000 | 1.096667 | 1.116667 | 1.090000 |   0.745573 |      393 |      329 |       64 |   9.254626 |     10 | 0.930203 | 1.767372
 899 | 269400.0 | 269700.0 | 0.007949 | 0.017881 |   9.254626 |     10 | 0.930203 | 1.000000 | 1.150000 | 1.086667 | 1.126667 |  -1.118536 |      399 |      345 |       54 |   9.253434 |     10 | 0.921312 | 1.992509
 900 | 269700.0 | 270000.0 | 0.007943 | 0.017878 |   9.253434 |     10 | 0.921312 | 1.000000 | 1.076667 | 1.100000 | 1.123333 |  -0.652582 |      393 |      323 |       70 |   9.252825 |     10 | 0.916129 | 2.123768
 901 | 270000.0 | 270300.0 | 0.007938 | 0.017875 |   9.252825 |     10 | 0.916129 | 1.000000 | 1.150000 | 1.093333 | 1.090000 |   0.093241 |      401 |      345 |       56 |   9.251634 |     10 | 0.916869 | 2.105027
 902 | 270300.0 | 270600.0 | 0.007932 | 0.017872 |   9.251634 |     10 | 0.916869 | 1.000000 | 1.096667 | 1.096667 | 1.096667 |   0.000000 |      396 |      329 |       67 |   9.250867 |     10 | 0.916869 | 2.105027
 903 | 270600.0 | 270900.0 | 0.007927 | 0.017869 |   9.250867 |     10 | 0.916869 | 1.000000 | 1.103333 | 1.106667 | 1.133333 |  -0.746161 |      396 |      331 |       65 |   9.250048 |     10 | 0.910954 | 2.254794
 904 | 270900.0 | 271200.0 | 0.007921 | 0.017866 |   9.250048 |     10 | 0.910954 | 1.000000 | 1.093333 | 1.060000 | 1.113333 |  -1.492557 |      397 |      328 |       69 |   9.249309 |     10 | 0.899131 | 2.554165
 905 | 271200.0 | 271500.0 | 0.007916 | 0.017864 |   9.249309 |     10 | 0.899131 | 1.000000 | 1.180000 | 1.103333 | 1.103333 |   0.000000 |      405 |      354 |       51 |   9.247884 |     10 | 0.899131 | 2.554165
 906 | 271500.0 | 271800.0 | 0.007910 | 0.017861 |   9.247884 |     10 | 0.899131 | 1.000000 | 1.106667 | 1.063333 | 1.070000 |  -0.186628 |      398 |      332 |       66 |   9.247040 |     10 | 0.897655 | 2.591546
 907 | 271800.0 | 272100.0 | 0.007905 | 0.017858 |   9.247040 |     10 | 0.897655 | 1.000000 | 1.166667 | 1.036667 | 1.053333 |  -0.466644 |      403 |      350 |       53 |   9.245723 |     10 | 0.893967 | 2.684949
 908 | 272100.0 | 272400.0 | 0.007899 | 0.017855 |   9.245723 |     10 | 0.893967 | 1.000000 | 1.096667 | 1.070000 | 1.020000 |   1.400151 |      398 |      329 |       69 |   9.244959 |     10 | 0.905026 | 2.404892
 909 | 272400.0 | 272700.0 | 0.007894 | 0.017852 |   9.244959 |     10 | 0.905026 | 1.000000 | 1.090000 | 1.130000 | 1.080000 |   1.400370 |      396 |      327 |       69 |   9.244249 |     10 | 0.916080 | 2.124986
 910 | 272700.0 | 273000.0 | 0.007888 | 0.017850 |   9.244249 |     10 | 0.916080 | 1.000000 | 1.116667 | 1.133333 | 1.106667 |   0.746981 |      397 |      335 |       63 |   9.243329 |     10 | 0.921973 | 1.975783
 911 | 273000.0 | 273300.0 | 0.007883 | 0.017847 |   9.243329 |     10 | 0.921973 | 1.000000 | 1.110000 | 1.040000 | 1.106667 |  -1.867744 |      395 |      333 |       61 |   9.242462 |     10 | 0.907250 | 2.348591
 912 | 273300.0 | 273600.0 | 0.007877 | 0.017844 |   9.242462 |     10 | 0.907250 | 1.000000 | 1.096667 | 1.163333 | 1.010000 |   4.296480 |      398 |      329 |       69 |   9.241700 |     10 | 0.941094 | 1.491593
 913 | 273600.0 | 273900.0 | 0.007872 | 0.017841 |   9.241700 |     10 | 0.941094 | 1.000000 | 1.153333 | 0.880000 | 1.093333 |  -5.978644 |      396 |      346 |       50 |   9.240493 |     10 | 0.894032 | 2.683299
 914 | 273900.0 | 274200.0 | 0.007866 | 0.017839 |   9.240493 |     10 | 0.894032 | 1.000000 | 1.100000 | 1.070000 | 1.043333 |   0.747447 |      397 |      330 |       67 |   9.239706 |     10 | 0.899911 | 2.534416
 915 | 274200.0 | 274500.0 | 0.007861 | 0.017836 |   9.239706 |     10 | 0.899911 | 1.000000 | 1.120000 | 1.103333 | 1.030000 |   2.055798 |      401 |      336 |       65 |   9.238763 |     10 | 0.916072 | 2.125205
 916 | 274500.0 | 274800.0 | 0.007856 | 0.017833 |   9.238763 |     10 | 0.916072 | 1.000000 | 1.113333 | 1.156667 | 1.080000 |   2.149578 |      397 |      334 |       63 |   9.237873 |     10 | 0.932958 | 1.697621
 917 | 274800.0 | 275100.0 | 0.007850 | 0.017830 |   9.237873 |     10 | 0.932958 | 1.000000 | 1.060000 | 1.070000 | 1.160000 |  -2.523809 |      387 |      318 |       69 |   9.237402 |     10 | 0.913146 | 2.199299
 918 | 275100.0 | 275400.0 | 0.007845 | 0.017827 |   9.237402 |     10 | 0.913146 | 1.000000 | 1.113333 | 1.120000 | 1.080000 |   1.121867 |      398 |      334 |       64 |   9.236513 |     10 | 0.921946 | 1.976450
 919 | 275400.0 | 275700.0 | 0.007839 | 0.017825 |   9.236513 |     10 | 0.921946 | 1.000000 | 1.096667 | 1.103333 | 1.086667 |   0.467517 |      394 |      329 |       66 |   9.235755 |     10 | 0.925611 | 1.883646
 920 | 275700.0 | 276000.0 | 0.007834 | 0.017822 |   9.235755 |     10 | 0.925611 | 1.000000 | 1.126667 | 1.046667 | 1.050000 |  -0.093518 |      397 |      338 |       58 |   9.234763 |     10 | 0.924879 | 1.902197
 921 | 276000.0 | 276300.0 | 0.007829 | 0.017819 |   9.234763 |     10 | 0.924879 | 1.000000 | 1.096667 | 1.076667 | 1.070000 |   0.187065 |      395 |      329 |       66 |   9.234006 |     10 | 0.926343 | 1.865114
 922 | 276300.0 | 276600.0 | 0.007823 | 0.017816 |   9.234006 |     10 | 0.926343 | 1.000000 | 1.133333 | 1.096667 | 1.133333 |  -1.029014 |      397 |      340 |       57 |   9.232963 |     10 | 0.918293 | 2.068959
 923 | 276600.0 | 276900.0 | 0.007818 | 0.017814 |   9.232963 |     10 | 0.918293 | 1.000000 | 1.086667 | 1.096667 | 1.080000 |   0.467806 |      393 |      326 |       67 |   9.232285 |     10 | 0.921950 | 1.976351
 924 | 276900.0 | 277200.0 | 0.007813 | 0.017811 |   9.232285 |     10 | 0.921950 | 1.000000 | 1.090000 | 1.120000 | 1.073333 |   1.310058 |      394 |      327 |       68 |   9.231582 |     10 | 0.932185 | 1.717188
 925 | 277200.0 | 277500.0 | 0.007807 | 0.017808 |   9.231582 |     10 | 0.932185 | 1.000000 | 1.150000 | 1.013333 | 1.063333 |  -1.403850 |      399 |      345 |       53 |   9.230411 |     10 | 0.921225 | 1.994716
 926 | 277500.0 | 277800.0 | 0.007802 | 0.017805 |   9.230411 |     10 | 0.921225 | 1.000000 | 1.130000 | 1.153333 | 1.070000 |   2.340110 |      399 |      339 |       60 |   9.229397 |     10 | 0.939482 | 1.532414
 927 | 277800.0 | 278100.0 | 0.007797 | 0.017803 |   9.229397 |     10 | 0.939482 | 1.000000 | 1.173333 | 0.920000 | 1.103333 |  -5.149032 |      396 |      352 |       44 |   9.228045 |     10 | 0.899338 | 2.548942
 928 | 278100.0 | 278400.0 | 0.007791 | 0.017800 |   9.228045 |     10 | 0.899338 | 1.000000 | 1.093333 | 1.113333 | 1.073333 |   1.123598 |      397 |      328 |       69 |   9.227318 |     10 | 0.908092 | 2.327271
 929 | 278400.0 | 278700.0 | 0.007786 | 0.017797 |   9.227318 |     10 | 0.908092 | 1.000000 | 1.093333 | 1.096667 | 1.076667 |   0.561885 |      396 |      328 |       68 |   9.226592 |     10 | 0.912467 | 2.216494
 930 | 278700.0 | 279000.0 | 0.007781 | 0.017795 |   9.226592 |     10 | 0.912467 | 1.000000 | 1.086667 | 1.066667 | 1.063333 |   0.093662 |      395 |      326 |       69 |   9.225917 |     10 | 0.913195 | 2.198041
 931 | 279000.0 | 279300.0 | 0.007775 | 0.017792 |   9.225917 |     10 | 0.913195 | 1.000000 | 1.113333 | 1.080000 | 1.103333 |  -0.655733 |      399 |      334 |       65 |   9.225036 |     10 | 0.908097 | 2.327145
 932 | 279300.0 | 279600.0 | 0.007770 | 0.017789 |   9.225036 |     10 | 0.908097 | 1.000000 | 1.076667 | 1.096667 | 1.063333 |   0.936905 |      394 |      323 |       71 |   9.224440 |     10 | 0.915377 | 2.142808
 933 | 279600.0 | 279900.0 | 0.007765 | 0.017786 |   9.224440 |     10 | 0.915377 | 1.000000 | 1.130000 | 1.163333 | 1.083333 |   2.248915 |      399 |      339 |       60 |   9.223431 |     10 | 0.932839 | 1.700631
 934 | 279900.0 | 280200.0 | 0.007760 | 0.017784 |   9.223431 |     10 | 0.932839 | 1.000000 | 1.110000 | 1.033333 | 1.063333 |  -0.843472 |      392 |      333 |       59 |   9.222577 |     10 | 0.926294 | 1.866360
 935 | 280200.0 | 280500.0 | 0.007754 | 0.017781 |   9.222577 |     10 | 0.926294 | 1.000000 | 1.076667 | 1.113333 | 1.110000 |   0.093733 |      390 |      323 |       67 |   9.221983 |     10 | 0.927021 | 1.847955
 936 | 280500.0 | 280800.0 | 0.007749 | 0.017778 |   9.221983 |     10 | 0.927021 | 1.000000 | 1.083333 | 1.113333 | 1.036667 |   2.156195 |      393 |      325 |       68 |   9.221337 |     10 | 0.943729 | 1.424869
 937 | 280800.0 | 281100.0 | 0.007744 | 0.017776 |   9.221337 |     10 | 0.943729 | 1.000000 | 1.156667 | 0.830000 | 1.126667 |  -8.344808 |      393 |      347 |       46 |   9.220124 |     10 | 0.879109 | 3.061174
 938 | 281100.0 | 281400.0 | 0.007739 | 0.017773 |   9.220124 |     10 | 0.879109 | 1.000000 | 1.063333 | 1.110000 | 0.996667 |   3.188388 |      395 |      319 |       76 |   9.219634 |     10 | 0.903782 | 2.436395
 939 | 281400.0 | 281700.0 | 0.007733 | 0.017770 |   9.219634 |     10 | 0.903782 | 1.000000 | 1.170000 | 1.046667 | 1.043333 |   0.093790 |      404 |      351 |       53 |   9.218319 |     10 | 0.904508 | 2.418029
 940 | 281700.0 | 282000.0 | 0.007728 | 0.017767 |   9.218319 |     10 | 0.904508 | 1.000000 | 1.143333 | 1.120000 | 1.036667 |   2.345114 |      401 |      343 |       58 |   9.217211 |     10 | 0.922631 | 1.959112
 941 | 282000.0 | 282300.0 | 0.007723 | 0.017765 |   9.217211 |     10 | 0.922631 | 1.000000 | 1.093333 | 1.133333 | 1.096667 |   1.032007 |      393 |      328 |       65 |   9.216491 |     10 | 0.930601 | 1.757294
 942 | 282300.0 | 282600.0 | 0.007718 | 0.017762 |   9.216491 |     10 | 0.930601 | 1.000000 | 1.140000 | 1.066667 | 1.110000 |  -1.219829 |      398 |      342 |       56 |   9.215410 |     10 | 0.921187 | 1.995682
 943 | 282600.0 | 282900.0 | 0.007713 | 0.017759 |   9.215410 |     10 | 0.921187 | 1.000000 | 1.183333 | 1.106667 | 1.053333 |   1.501555 |      404 |      355 |       49 |   9.213996 |     10 | 0.932768 | 1.702434
 944 | 282900.0 | 283200.0 | 0.007707 | 0.017757 |   9.213996 |     10 | 0.932768 | 1.000000 | 1.106667 | 0.983333 | 1.116667 |  -3.754453 |      392 |      332 |       61 |   9.213174 |     10 | 0.903831 | 2.435173
 945 | 283200.0 | 283500.0 | 0.007702 | 0.017754 |   9.213174 |     10 | 0.903831 | 1.000000 | 1.076667 | 1.110000 | 1.016667 |   2.628514 |      395 |      323 |       71 |   9.212583 |     10 | 0.924076 | 1.922522
 946 | 283500.0 | 283800.0 | 0.007697 | 0.017751 |   9.212583 |     10 | 0.924076 | 1.000000 | 1.093333 | 1.103333 | 0.996667 |   3.004468 |      394 |      328 |       66 |   9.211865 |     10 | 0.947202 | 1.336939
 947 | 283800.0 | 284100.0 | 0.007692 | 0.017749 |   9.211865 |     10 | 0.947202 | 1.000000 | 1.040000 | 0.756667 | 1.070000 |  -8.826954 |      373 |      312 |       61 |   9.211557 |     10 | 0.879305 | 3.056198
 948 | 284100.0 | 284400.0 | 0.007687 | 0.017746 |   9.211557 |     10 | 0.879305 | 1.000000 | 1.106667 | 1.100000 | 1.080000 |   0.563507 |      398 |      332 |       68 |   9.210737 |     10 | 0.883637 | 2.946515
 949 | 284400.0 | 284700.0 | 0.007682 | 0.017743 |   9.210737 |     10 | 0.883637 | 1.000000 | 1.073333 | 1.086667 | 1.113333 |  -0.751456 |      395 |      322 |       71 |   9.210174 |     10 | 0.877864 | 3.092684
 950 | 284700.0 | 285000.0 | 0.007677 | 0.017741 |   9.210174 |     10 | 0.877864 | 1.000000 | 1.070000 | 1.060000 | 1.086667 |  -0.751569 |      396 |      321 |       75 |   9.209637 |     10 | 0.872095 | 3.238777
 951 | 285000.0 | 285300.0 | 0.007671 | 0.017738 |   9.209637 |     10 | 0.872095 | 1.000000 | 1.063333 | 1.036667 | 0.990000 |   1.315443 |      394 |      319 |       75 |   9.209151 |     10 | 0.882186 | 2.983246
 952 | 285300.0 | 285600.0 | 0.007666 | 0.017735 |   9.209151 |     10 | 0.882186 | 1.000000 | 1.100000 | 1.090000 | 1.050000 |   1.127691 |      399 |      330 |       69 |   9.208384 |     10 | 0.890832 | 2.764333
 953 | 285600.0 | 285900.0 | 0.007661 | 0.017733 |   9.208384 |     10 | 0.890832 | 1.000000 | 1.076667 | 1.063333 | 1.066667 |  -0.093988 |      394 |      323 |       71 |   9.207797 |     10 | 0.890111 | 2.782566
 954 | 285900.0 | 286200.0 | 0.007656 | 0.017730 |   9.207797 |     10 | 0.890111 | 1.000000 | 1.063333 | 1.133333 | 1.063333 |   1.974050 |      395 |      319 |       76 |   9.207312 |     10 | 0.905225 | 2.399862
 955 | 286200.0 | 286500.0 | 0.007651 | 0.017727 |   9.207312 |     10 | 0.905225 | 1.000000 | 1.166667 | 1.093333 | 1.043333 |   1.410246 |      405 |      350 |       55 |   9.206037 |     10 | 0.916015 | 2.126643
 956 | 286500.0 | 286800.0 | 0.007646 | 0.017725 |   9.206037 |     10 | 0.916015 | 1.000000 | 1.086667 | 1.060000 | 1.030000 |   0.846274 |      394 |      326 |       68 |   9.205374 |     10 | 0.922486 | 1.962795
 957 | 286800.0 | 287100.0 | 0.007641 | 0.017722 |   9.205374 |     10 | 0.922486 | 1.000000 | 1.156667 | 1.110000 | 1.116667 |  -0.188089 |      401 |      347 |       54 |   9.204177 |     10 | 0.921049 | 1.999187
 958 | 287100.0 | 287400.0 | 0.007636 | 0.017719 |   9.204177 |     10 | 0.921049 | 1.000000 | 1.160000 | 1.100000 | 1.140000 |  -1.128701 |      401 |      348 |       53 |   9.202955 |     10 | 0.912430 | 2.217426
 959 | 287400.0 | 287700.0 | 0.007631 | 0.017717 |   9.202955 |     10 | 0.912430 | 1.000000 | 1.073333 | 1.106667 | 1.083333 |   0.658507 |      393 |      322 |       71 |   9.202396 |     10 | 0.917455 | 2.090185
 960 | 287700.0 | 288000.0 | 0.007626 | 0.017714 |   9.202396 |     10 | 0.917455 | 1.000000 | 1.116667 | 1.160000 | 1.120000 |   1.129037 |      397 |      335 |       62 |   9.201506 |     10 | 0.926065 | 1.872170
 961 | 288000.0 | 288300.0 | 0.007621 | 0.017712 |   9.201506 |     10 | 0.926065 | 1.000000 | 1.093333 | 1.106667 | 1.046667 |   1.693807 |      395 |      328 |       67 |   9.200795 |     10 | 0.938973 | 1.545314
 962 | 288300.0 | 288600.0 | 0.007616 | 0.017709 |   9.200795 |     10 | 0.938973 | 1.000000 | 1.150000 | 0.943333 | 1.133333 |  -5.364518 |      394 |      345 |       49 |   9.199652 |     10 | 0.898118 | 2.579829
 963 | 288600.0 | 288900.0 | 0.007611 | 0.017706 |   9.199652 |     10 | 0.898118 | 1.000000 | 1.060000 | 1.113333 | 1.070000 |   1.223668 |      394 |      318 |       76 |   9.199196 |     10 | 0.907431 | 2.344007
 964 | 288900.0 | 289200.0 | 0.007606 | 0.017704 |   9.199196 |     10 | 0.907431 | 1.000000 | 1.093333 | 1.106667 | 1.043333 |   1.788702 |      396 |      328 |       70 |   9.198486 |     10 | 0.921035 | 1.999521
 965 | 289200.0 | 289500.0 | 0.007601 | 0.017701 |   9.198486 |     10 | 0.921035 | 1.000000 | 1.123333 | 1.160000 | 1.123333 |   1.035718 |      400 |      337 |       62 |   9.197549 |     10 | 0.928908 | 1.800183
 966 | 289500.0 | 289800.0 | 0.007596 | 0.017698 |   9.197549 |     10 | 0.928908 | 1.000000 | 1.133333 | 1.120000 | 1.116667 |   0.094170 |      396 |      340 |       55 |   9.196536 |     10 | 0.929623 | 1.782071
 967 | 289800.0 | 290100.0 | 0.007591 | 0.017696 |   9.196536 |     10 | 0.929623 | 1.000000 | 1.186667 | 1.050000 | 1.080000 |  -0.847656 |      403 |      356 |       47 |   9.195119 |     10 | 0.923188 | 1.944999
 968 | 290100.0 | 290400.0 | 0.007586 | 0.017693 |   9.195119 |     10 | 0.923188 | 1.000000 | 1.073333 | 1.066667 | 1.076667 |  -0.282593 |      393 |      322 |       71 |   9.194563 |     10 | 0.921045 | 1.999281
 969 | 290400.0 | 290700.0 | 0.007581 | 0.017691 |   9.194563 |     10 | 0.921045 | 1.000000 | 1.110000 | 1.110000 | 1.100000 |   0.282635 |      396 |      333 |       63 |   9.193729 |     10 | 0.923187 | 1.945027
 970 | 290700.0 | 291000.0 | 0.007576 | 0.017688 |   9.193729 |     10 | 0.923187 | 1.000000 | 1.093333 | 1.136667 | 1.113333 |   0.659579 |      394 |      328 |       66 |   9.193022 |     10 | 0.928184 | 1.818498
 971 | 291000.0 | 291300.0 | 0.007571 | 0.017685 |   9.193022 |     10 | 0.928184 | 1.000000 | 1.143333 | 1.140000 | 1.083333 |   1.602070 |      397 |      343 |       54 |   9.191936 |     10 | 0.940313 | 1.511368
 972 | 291300.0 | 291600.0 | 0.007566 | 0.017683 |   9.191936 |     10 | 0.940313 | 1.000000 | 1.060000 | 0.923333 | 1.106667 |  -5.183929 |      382 |      318 |       64 |   9.191482 |     10 | 0.901092 | 2.504520
 973 | 291600.0 | 291900.0 | 0.007561 | 0.017680 |   9.191482 |     10 | 0.901092 | 1.000000 | 1.090000 | 1.150000 | 1.040000 |   3.110814 |      396 |      327 |       70 |   9.190802 |     10 | 0.924613 | 1.908930
 974 | 291900.0 | 292200.0 | 0.007556 | 0.017678 |   9.190802 |     10 | 0.924613 | 1.000000 | 1.096667 | 1.000000 | 1.080000 |  -2.262742 |      395 |      329 |       65 |   9.190072 |     10 | 0.907515 | 2.341867
 975 | 292200.0 | 292500.0 | 0.007551 | 0.017675 |   9.190072 |     10 | 0.907515 | 1.000000 | 1.136667 | 1.133333 | 1.076667 |   1.603010 |      400 |      341 |       59 |   9.189040 |     10 | 0.919620 | 2.035358
 976 | 292500.0 | 292800.0 | 0.007546 | 0.017672 |   9.189040 |     10 | 0.919620 | 1.000000 | 1.116667 | 1.153333 | 1.136667 |   0.471543 |      397 |      335 |       62 |   9.188159 |     10 | 0.923178 | 1.945254
 977 | 292800.0 | 293100.0 | 0.007541 | 0.017670 |   9.188159 |     10 | 0.923178 | 1.000000 | 1.096667 | 1.093333 | 1.020000 |   2.075090 |      396 |      329 |       67 |   9.187430 |     10 | 0.938827 | 1.548995
 978 | 293100.0 | 293400.0 | 0.007536 | 0.017667 |   9.187430 |     10 | 0.938827 | 1.000000 | 1.106667 | 0.963333 | 1.153333 |  -5.377155 |      390 |      332 |       58 |   9.186626 |     10 | 0.898303 | 2.575149
 979 | 293400.0 | 293700.0 | 0.007532 | 0.017665 |   9.186626 |     10 | 0.898303 | 1.000000 | 1.100000 | 1.080000 | 1.090000 |  -0.283049 |      398 |      330 |       68 |   9.185873 |     10 | 0.896171 | 2.629130
 980 | 293700.0 | 294000.0 | 0.007527 | 0.017662 |   9.185873 |     10 | 0.896171 | 1.000000 | 1.116667 | 1.073333 | 1.140000 |  -1.887271 |      398 |      335 |       63 |   9.184995 |     10 | 0.881966 | 2.988822
 981 | 294000.0 | 294300.0 | 0.007522 | 0.017660 |   9.184995 |     10 | 0.881966 | 1.000000 | 1.133333 | 1.073333 | 1.000000 |   2.076301 |      403 |      340 |       63 |   9.183992 |     10 | 0.897584 | 2.593360
 982 | 294300.0 | 294600.0 | 0.007517 | 0.017657 |   9.183992 |     10 | 0.897584 | 1.000000 | 1.143333 | 1.146667 | 1.096667 |   1.415865 |      402 |      343 |       59 |   9.182915 |     10 | 0.908227 | 2.323861
 983 | 294600.0 | 294900.0 | 0.007512 | 0.017654 |   9.182915 |     10 | 0.908227 | 1.000000 | 1.153333 | 1.150000 | 1.120000 |   0.849643 |      401 |      346 |       55 |   9.181763 |     10 | 0.914609 | 2.162243
 984 | 294900.0 | 295200.0 | 0.007507 | 0.017652 |   9.181763 |     10 | 0.914609 | 1.000000 | 1.073333 | 1.140000 | 1.156667 |  -0.472092 |      392 |      322 |       70 |   9.181212 |     10 | 0.911065 | 2.251986
 985 | 295200.0 | 295500.0 | 0.007502 | 0.017649 |   9.181212 |     10 | 0.911065 | 1.000000 | 1.120000 | 1.090000 | 1.033333 |   1.605346 |      399 |      336 |       63 |   9.180312 |     10 | 0.923109 | 1.947013
 986 | 295500.0 | 295800.0 | 0.007498 | 0.017647 |   9.180312 |     10 | 0.923109 | 1.000000 | 1.070000 | 1.143333 | 1.093333 |   1.416687 |      393 |      321 |       72 |   9.179787 |     10 | 0.933731 | 1.678054
 987 | 295800.0 | 296100.0 | 0.007493 | 0.017644 |   9.179787 |     10 | 0.933731 | 1.000000 | 1.020000 | 1.020000 | 1.156667 |  -3.872839 |      384 |      306 |       78 |   9.179637 |     10 | 0.904713 | 2.412842
 988 | 296100.0 | 296400.0 | 0.007488 | 0.017642 |   9.179637 |     10 | 0.904713 | 1.000000 | 1.113333 | 1.056667 | 1.090000 |  -0.944731 |      397 |      334 |       63 |   9.178789 |     10 | 0.897639 | 2.591969
 989 | 296400.0 | 296700.0 | 0.007483 | 0.017639 |   9.178789 |     10 | 0.897639 | 1.000000 | 1.080000 | 1.100000 | 1.106667 |  -0.188974 |      396 |      324 |       72 |   9.178190 |     10 | 0.896224 | 2.627777
 990 | 296700.0 | 297000.0 | 0.007478 | 0.017637 |   9.178190 |     10 | 0.896224 | 1.000000 | 1.130000 | 1.053333 | 1.053333 |   0.000000 |      402 |      339 |       63 |   9.177218 |     10 | 0.896224 | 2.627777
 991 | 297000.0 | 297300.0 | 0.007473 | 0.017634 |   9.177218 |     10 | 0.896224 | 1.000000 | 1.153333 | 1.083333 | 1.036667 |   1.323197 |      401 |      346 |       55 |   9.176072 |     10 | 0.906113 | 2.377373
 992 | 297300.0 | 297600.0 | 0.007469 | 0.017632 |   9.176072 |     10 | 0.906113 | 1.000000 | 1.126667 | 1.083333 | 1.096667 |  -0.378111 |      400 |      338 |       62 |   9.175126 |     10 | 0.903289 | 2.448881
 993 | 297600.0 | 297900.0 | 0.007464 | 0.017629 |   9.175126 |     10 | 0.903289 | 1.000000 | 1.116667 | 1.113333 | 1.086667 |   0.756330 |      399 |      335 |       64 |   9.174255 |     10 | 0.908934 | 2.305936
 994 | 297900.0 | 298200.0 | 0.007459 | 0.017626 |   9.174255 |     10 | 0.908934 | 1.000000 | 1.126667 | 1.110000 | 1.150000 |  -1.134658 |      399 |      338 |       61 |   9.173310 |     10 | 0.900471 | 2.520248
 995 | 298200.0 | 298500.0 | 0.007454 | 0.017624 |   9.173310 |     10 | 0.900471 | 1.000000 | 1.123333 | 1.116667 | 1.010000 |   3.026190 |      399 |      337 |       62 |   9.172391 |     10 | 0.923029 | 1.949033
 996 | 298500.0 | 298800.0 | 0.007450 | 0.017621 |   9.172391 |     10 | 0.923029 | 1.000000 | 1.090000 | 1.150000 | 1.140000 |   0.283746 |      394 |      327 |       68 |   9.171720 |     10 | 0.925143 | 1.895508
 997 | 298800.0 | 299100.0 | 0.007445 | 0.017619 |   9.171720 |     10 | 0.925143 | 1.000000 | 1.126667 | 1.053333 | 1.033333 |   0.567573 |      399 |      338 |       60 |   9.170777 |     10 | 0.929368 | 1.788511
 998 | 299100.0 | 299400.0 | 0.007440 | 0.017616 |   9.170777 |     10 | 0.929368 | 1.000000 | 1.153333 | 1.010000 | 1.100000 |  -2.554446 |      398 |      346 |       54 |   9.169637 |     10 | 0.910363 | 2.269759
 999 | 299400.0 | 299700.0 | 0.007435 | 0.017614 |   9.169637 |     10 | 0.910363 | 1.000000 | 1.126667 | 1.070000 | 1.010000 |   1.703208 |      399 |      338 |       60 |   9.168695 |     10 | 0.923027 | 1.949086
1000 | 299700.0 | 300000.0 | 0.007431 | 0.017611 |   9.168695 |     10 | 0.923027 | 1.000000 | 1.126667 | 1.043333 | 1.110000 |  -1.892723 |      397 |      338 |       58 |   9.167754 |     10 | 0.908963 | 2.305213
1001 | 300000.0 | 300300.0 | 0.007426 | 0.017609 |   9.167754 |     10 | 0.908963 | 1.000000 | 1.123333 | 1.043333 | 1.073333 |  -0.851847 |      399 |      337 |       62 |   9.166838 |     10 | 0.902637 | 2.465391
1002 | 300300.0 | 300600.0 | 0.007421 | 0.017606 |   9.166838 |     10 | 0.902637 | 1.000000 | 1.080000 | 1.063333 | 1.033333 |   0.851969 |      394 |      324 |       70 |   9.166244 |     10 | 0.908960 | 2.305292
1003 | 300600.0 | 300900.0 | 0.007416 | 0.017604 |   9.166244 |     10 | 0.908960 | 1.000000 | 1.110000 | 1.056667 | 1.030000 |   0.757413 |      398 |      333 |       65 |   9.165428 |     10 | 0.914577 | 2.163051
1004 | 300900.0 | 301200.0 | 0.007412 | 0.017601 |   9.165428 |     10 | 0.914577 | 1.000000 | 1.120000 | 1.090000 | 1.046667 |   1.230972 |      398 |      336 |       62 |   9.164539 |     10 | 0.923701 | 1.932024
1005 | 301200.0 | 301500.0 | 0.007407 | 0.017599 |   9.164539 |     10 | 0.923701 | 1.000000 | 1.173333 | 1.143333 | 1.123333 |   0.568222 |      402 |      352 |       50 |   9.163255 |     10 | 0.927910 | 1.825449
1006 | 301500.0 | 301800.0 | 0.007402 | 0.017596 |   9.163255 |     10 | 0.927910 | 1.000000 | 1.133333 | 1.036667 | 1.106667 |  -1.989059 |      397 |      340 |       57 |   9.162268 |     10 | 0.913186 | 2.198280
1007 | 301800.0 | 302100.0 | 0.007398 | 0.017594 |   9.162268 |     10 | 0.913186 | 1.000000 | 1.173333 | 1.076667 | 1.000000 |   2.178802 |      403 |      352 |       51 |   9.160986 |     10 | 0.929304 | 1.790141
1008 | 302100.0 | 302400.0 | 0.007393 | 0.017591 |   9.160986 |     10 | 0.929304 | 1.000000 | 1.066667 | 1.066667 | 1.090000 |  -0.663208 |      389 |      320 |       69 |   9.160493 |     10 | 0.924401 | 1.914297
1009 | 302400.0 | 302700.0 | 0.007388 | 0.017589 |   9.160493 |     10 | 0.924401 | 1.000000 | 1.123333 | 1.033333 | 1.120000 |  -2.463692 |      397 |      337 |       60 |   9.159582 |     10 | 0.906198 | 2.375219
1010 | 302700.0 | 303000.0 | 0.007384 | 0.017586 |   9.159582 |     10 | 0.906198 | 1.000000 | 1.090000 | 1.076667 | 1.100000 |  -0.663396 |      396 |      327 |       69 |   9.158917 |     10 | 0.901300 | 2.499252
1011 | 303000.0 | 303300.0 | 0.007379 | 0.017584 |   9.158917 |     10 | 0.901300 | 1.000000 | 1.163333 | 1.070000 | 1.026667 |   1.232195 |      403 |      349 |       54 |   9.157712 |     10 | 0.910392 | 2.269017
1012 | 303300.0 | 303600.0 | 0.007374 | 0.017581 |   9.157712 |     10 | 0.910392 | 1.000000 | 1.103333 | 1.100000 | 1.113333 |  -0.379190 |      397 |      331 |       66 |   9.156950 |     10 | 0.907596 | 2.339824
1013 | 303600.0 | 303900.0 | 0.007370 | 0.017579 |   9.156950 |     10 | 0.907596 | 1.000000 | 1.143333 | 1.060000 | 1.013333 |   1.327354 |      401 |      343 |       58 |   9.155893 |     10 | 0.917378 | 2.092120
1014 | 303900.0 | 304200.0 | 0.007365 | 0.017576 |   9.155893 |     10 | 0.917378 | 1.000000 | 1.153333 | 1.120000 | 1.096667 |   0.663771 |      401 |      346 |       55 |   9.154764 |     10 | 0.922267 | 1.968328
1015 | 304200.0 | 304500.0 | 0.007361 | 0.017574 |   9.154764 |     10 | 0.922267 | 1.000000 | 1.163333 | 1.130000 | 1.110000 |   0.569026 |      402 |      349 |       53 |   9.153562 |     10 | 0.926456 | 1.862273
1016 | 304500.0 | 304800.0 | 0.007356 | 0.017571 |   9.153562 |     10 | 0.926456 | 1.000000 | 1.133333 | 1.036667 | 1.103333 |  -1.897022 |      397 |      340 |       57 |   9.152581 |     10 | 0.912501 | 2.215619
1017 | 304800.0 | 305100.0 | 0.007351 | 0.017569 |   9.152581 |     10 | 0.912501 | 1.000000 | 1.066667 | 1.116667 | 1.106667 |   0.284593 |      393 |      320 |       73 |   9.152091 |     10 | 0.914593 | 2.162643
1018 | 305100.0 | 305400.0 | 0.007347 | 0.017566 |   9.152091 |     10 | 0.914593 | 1.000000 | 1.073333 | 1.086667 | 1.136667 |  -1.423166 |      394 |      322 |       72 |   9.151552 |     10 | 0.904138 | 2.427395
1019 | 305400.0 | 305700.0 | 0.007342 | 0.017564 |   9.151552 |     10 | 0.904138 | 1.000000 | 1.136667 | 1.046667 | 1.133333 |  -2.467168 |      402 |      341 |       61 |   9.150549 |     10 | 0.886024 | 2.886076
1020 | 305700.0 | 306000.0 | 0.007337 | 0.017562 |   9.150549 |     10 | 0.886024 | 1.000000 | 1.116667 | 1.086667 | 1.066667 |   0.569426 |      399 |      335 |       64 |   9.149693 |     10 | 0.890202 | 2.780278
1021 | 306000.0 | 306300.0 | 0.007333 | 0.017559 |   9.149693 |     10 | 0.890202 | 1.000000 | 1.096667 | 1.166667 | 1.076667 |   2.562778 |      398 |      329 |       69 |   9.148984 |     10 | 0.908994 | 2.304417
1022 | 306300.0 | 306600.0 | 0.007328 | 0.017557 |   9.148984 |     10 | 0.908994 | 1.000000 | 1.136667 | 1.013333 | 1.066667 |  -1.518896 |      400 |      341 |       59 |   9.147982 |     10 | 0.897863 | 2.586272
1023 | 306600.0 | 306900.0 | 0.007324 | 0.017554 |   9.147982 |     10 | 0.897863 | 1.000000 | 1.146667 | 1.076667 | 1.056667 |   0.569666 |      402 |      344 |       58 |   9.146908 |     10 | 0.902036 | 2.480627
1024 | 306900.0 | 307200.0 | 0.007319 | 0.017552 |   9.146908 |     10 | 0.902036 | 1.000000 | 1.120000 | 1.103333 | 1.066667 |   1.044533 |      400 |      336 |       64 |   9.146030 |     10 | 0.909681 | 2.287039
1025 | 307200.0 | 307500.0 | 0.007315 | 0.017549 |   9.146030 |     10 | 0.909681 | 1.000000 | 1.106667 | 1.130000 | 1.146667 |  -0.474854 |      397 |      332 |       65 |   9.145250 |     10 | 0.906207 | 2.374991
1026 | 307500.0 | 307800.0 | 0.007310 | 0.017547 |   9.145250 |     10 | 0.906207 | 1.000000 | 1.093333 | 1.140000 | 1.056667 |   2.374601 |      396 |      328 |       68 |   9.144567 |     10 | 0.923566 | 1.935443
1027 | 307800.0 | 308100.0 | 0.007306 | 0.017544 |   9.144567 |     10 | 0.923566 | 1.000000 | 1.146667 | 1.056667 | 1.103333 |  -1.329962 |      401 |      344 |       57 |   9.143496 |     10 | 0.913850 | 2.181471
1028 | 308100.0 | 308400.0 | 0.007301 | 0.017542 |   9.143496 |     10 | 0.913850 | 1.000000 | 1.136667 | 1.136667 | 1.073333 |   1.805199 |      400 |      341 |       59 |   9.142498 |     10 | 0.927030 | 1.847736
1029 | 308400.0 | 308700.0 | 0.007296 | 0.017539 |   9.142498 |     10 | 0.927030 | 1.000000 | 1.130000 | 1.150000 | 1.160000 |  -0.285071 |      395 |      339 |       56 |   9.141550 |     10 | 0.924950 | 1.900406
1030 | 308700.0 | 309000.0 | 0.007292 | 0.017537 |   9.141550 |     10 | 0.924950 | 1.000000 | 1.140000 | 1.116667 | 1.106667 |   0.285111 |      399 |      342 |       57 |   9.140529 |     10 | 0.927029 | 1.847761
1031 | 309000.0 | 309300.0 | 0.007287 | 0.017535 |   9.140529 |     10 | 0.927029 | 1.000000 | 1.206667 | 1.156667 | 1.100000 |   1.615852 |      405 |      362 |       43 |   9.139023 |     10 | 0.938804 | 1.549587
1032 | 309300.0 | 309600.0 | 0.007283 | 0.017532 |   9.139023 |     10 | 0.938804 | 1.000000 | 1.070000 | 0.936667 | 1.126667 |  -5.418607 |      385 |      321 |       64 |   9.138513 |     10 | 0.899341 | 2.548869
1033 | 309600.0 | 309900.0 | 0.007278 | 0.017530 |   9.138513 |     10 | 0.899341 | 1.000000 | 1.093333 | 1.083333 | 1.050000 |   0.950765 |      396 |      328 |       68 |   9.137834 |     10 | 0.906261 | 2.373641
1034 | 309900.0 | 310200.0 | 0.007274 | 0.017527 |   9.137834 |     10 | 0.906261 | 1.000000 | 1.083333 | 1.113333 | 1.073333 |   1.141076 |      394 |      325 |       69 |   9.137227 |     10 | 0.914561 | 2.163467
1035 | 310200.0 | 310500.0 | 0.007269 | 0.017525 |   9.137227 |     10 | 0.914561 | 1.000000 | 1.100000 | 1.130000 | 1.073333 |   1.616747 |      397 |      330 |       67 |   9.136500 |     10 | 0.926314 | 1.865863
1036 | 310500.0 | 310800.0 | 0.007265 | 0.017522 |   9.136500 |     10 | 0.926314 | 1.000000 | 1.120000 | 1.176667 | 1.116667 |   1.712087 |      396 |      336 |       60 |   9.135629 |     10 | 0.938752 | 1.550904
1037 | 310800.0 | 311100.0 | 0.007261 | 0.017520 |   9.135629 |     10 | 0.938752 | 1.000000 | 1.030000 | 0.943333 | 1.090000 |  -4.185678 |      380 |      309 |       72 |   9.135411 |     10 | 0.908362 | 2.320436
1038 | 311100.0 | 311400.0 | 0.007256 | 0.017518 |   9.135411 |     10 | 0.908362 | 1.000000 | 1.136667 | 1.146667 | 1.073333 |   2.093128 |      401 |      341 |       59 |   9.134419 |     10 | 0.923550 | 1.935854
1039 | 311400.0 | 311700.0 | 0.007252 | 0.017515 |   9.134419 |     10 | 0.923550 | 1.000000 | 1.116667 | 1.146667 | 1.106667 |   1.141863 |      396 |      335 |       62 |   9.133573 |     10 | 0.931830 | 1.726182
1040 | 311700.0 | 312000.0 | 0.007247 | 0.017513 |   9.133573 |     10 | 0.931830 | 1.000000 | 1.106667 | 1.093333 | 1.056667 |   1.046852 |      391 |      332 |       58 |   9.132800 |     10 | 0.939417 | 1.534074
1041 | 312000.0 | 312300.0 | 0.007243 | 0.017510 |   9.132800 |     10 | 0.939417 | 1.000000 | 1.153333 | 0.890000 | 1.113333 |  -6.377159 |      396 |      346 |       50 |   9.131690 |     10 | 0.893229 | 2.703629
1042 | 312300.0 | 312600.0 | 0.007238 | 0.017508 |   9.131690 |     10 | 0.893229 | 1.000000 | 1.116667 | 1.136667 | 0.990000 |   4.188561 |      399 |      335 |       64 |   9.130845 |     10 | 0.923547 | 1.935928
1043 | 312600.0 | 312900.0 | 0.007234 | 0.017506 |   9.130845 |     10 | 0.923547 | 1.000000 | 1.143333 | 1.130000 | 1.126667 |   0.095208 |      398 |      343 |       55 |   9.129808 |     10 | 0.924235 | 1.918489
1044 | 312900.0 | 313200.0 | 0.007229 | 0.017503 |   9.129808 |     10 | 0.924235 | 1.000000 | 1.146667 | 1.080000 | 1.093333 |  -0.380883 |      399 |      344 |       55 |   9.128748 |     10 | 0.921482 | 1.988213
1045 | 313200.0 | 313500.0 | 0.007225 | 0.017501 |   9.128748 |     10 | 0.921482 | 1.000000 | 1.140000 | 1.146667 | 1.123333 |   0.666636 |      399 |      342 |       57 |   9.127736 |     10 | 0.926298 | 1.866253
1046 | 313500.0 | 313800.0 | 0.007221 | 0.017498 |   9.127736 |     10 | 0.926298 | 1.000000 | 1.096667 | 1.093333 | 1.090000 |   0.095247 |      394 |      329 |       65 |   9.127038 |     10 | 0.926986 | 1.848839
1047 | 313800.0 | 314100.0 | 0.007216 | 0.017496 |   9.127038 |     10 | 0.926986 | 1.000000 | 1.086667 | 1.126667 | 1.046667 |   2.286236 |      390 |      326 |       65 |   9.126413 |     10 | 0.943484 | 1.431085
1048 | 314100.0 | 314400.0 | 0.007212 | 0.017494 |   9.126413 |     10 | 0.943484 | 1.000000 | 1.110000 | 0.836667 | 1.093333 |  -7.336008 |      390 |      333 |       56 |   9.125620 |     10 | 0.890578 | 2.770743
1049 | 314400.0 | 314700.0 | 0.007207 | 0.017491 |   9.125620 |     10 | 0.890578 | 1.000000 | 1.126667 | 1.076667 | 1.076667 |   0.000000 |      399 |      338 |       61 |   9.124707 |     10 | 0.890578 | 2.770743
1050 | 314700.0 | 315000.0 | 0.007203 | 0.017489 |   9.124707 |     10 | 0.890578 | 1.000000 | 1.123333 | 1.086667 | 1.076667 |   0.285897 |      401 |      337 |       64 |   9.123818 |     10 | 0.892638 | 2.718598
1051 | 315000.0 | 315300.0 | 0.007199 | 0.017486 |   9.123818 |     10 | 0.892638 | 1.000000 | 1.076667 | 1.160000 | 1.036667 |   3.526538 |      395 |      323 |       72 |   9.123267 |     10 | 0.918024 | 2.075778
1052 | 315300.0 | 315600.0 | 0.007194 | 0.017484 |   9.123267 |     10 | 0.918024 | 1.000000 | 1.133333 | 1.136667 | 1.100000 |   1.048573 |      399 |      340 |       59 |   9.122307 |     10 | 0.925567 | 1.884760
1053 | 315600.0 | 315900.0 | 0.007190 | 0.017482 |   9.122307 |     10 | 0.925567 | 1.000000 | 1.133333 | 1.070000 | 1.013333 |   1.620742 |      399 |      340 |       59 |   9.121349 |     10 | 0.937220 | 1.589689
1054 | 315900.0 | 316200.0 | 0.007185 | 0.017479 |   9.121349 |     10 | 0.937220 | 1.000000 | 1.066667 | 0.956667 | 1.046667 |  -2.574470 |      387 |      320 |       67 |   9.120870 |     10 | 0.918722 | 2.058110
1055 | 316200.0 | 316500.0 | 0.007181 | 0.017477 |   9.120870 |     10 | 0.918722 | 1.000000 | 1.136667 | 1.136667 | 1.130000 |   0.190727 |      399 |      341 |       58 |   9.119888 |     10 | 0.920091 | 2.023429
1056 | 316500.0 | 316800.0 | 0.007177 | 0.017475 |   9.119888 |     10 | 0.920091 | 1.000000 | 1.123333 | 1.046667 | 1.026667 |   0.572260 |      397 |      337 |       60 |   9.119003 |     10 | 0.924198 | 1.919433
1057 | 316800.0 | 317100.0 | 0.007172 | 0.017472 |   9.119003 |     10 | 0.924198 | 1.000000 | 1.096667 | 1.063333 | 1.053333 |   0.286169 |      393 |      329 |       65 |   9.118310 |     10 | 0.926251 | 1.867459
1058 | 317100.0 | 317400.0 | 0.007168 | 0.017470 |   9.118310 |     10 | 0.926251 | 1.000000 | 1.116667 | 1.096667 | 1.043333 |   1.526440 |      395 |      335 |       59 |   9.117474 |     10 | 0.937192 | 1.590397
1059 | 317400.0 | 317700.0 | 0.007164 | 0.017467 |   9.117474 |     10 | 0.937192 | 1.000000 | 1.113333 | 0.970000 | 1.080000 |  -3.148708 |      393 |      334 |       59 |   9.116662 |     10 | 0.914636 | 2.161570
1060 | 317700.0 | 318000.0 | 0.007159 | 0.017465 |   9.116662 |     10 | 0.914636 | 1.000000 | 1.083333 | 1.143333 | 1.070000 |   2.099423 |      393 |      325 |       68 |   9.116065 |     10 | 0.929666 | 1.780967
1061 | 318000.0 | 318300.0 | 0.007155 | 0.017463 |   9.116065 |     10 | 0.929666 | 1.000000 | 1.040000 | 1.113333 | 1.093333 |   0.572647 |      387 |      312 |       75 |   9.115779 |     10 | 0.933764 | 1.677214
1062 | 318300.0 | 318600.0 | 0.007151 | 0.017460 |   9.115779 |     10 | 0.933764 | 1.000000 | 1.143333 | 1.023333 | 1.113333 |  -2.577260 |      395 |      343 |       52 |   9.114754 |     10 | 0.915334 | 2.143881
1063 | 318600.0 | 318900.0 | 0.007147 | 0.017458 |   9.114754 |     10 | 0.915334 | 1.000000 | 1.110000 | 1.110000 | 1.060000 |   1.432004 |      397 |      333 |       64 |   9.113968 |     10 | 0.925568 | 1.884743
1064 | 318900.0 | 319200.0 | 0.007142 | 0.017456 |   9.113968 |     10 | 0.925568 | 1.000000 | 1.153333 | 1.053333 | 1.093333 |  -1.145758 |      400 |      346 |       54 |   9.112873 |     10 | 0.917385 | 2.091957
1065 | 319200.0 | 319500.0 | 0.007138 | 0.017453 |   9.112873 |     10 | 0.917385 | 1.000000 | 1.133333 | 1.066667 | 1.103333 |  -1.050419 |      397 |      340 |       58 |   9.111921 |     10 | 0.909887 | 2.281814
1066 | 319500.0 | 319800.0 | 0.007134 | 0.017451 |   9.111921 |     10 | 0.909887 | 1.000000 | 1.150000 | 1.066667 | 1.113333 |  -1.337077 |      402 |      345 |       56 |   9.110851 |     10 | 0.900349 | 2.523338
1067 | 319800.0 | 320100.0 | 0.007129 | 0.017449 |   9.110851 |     10 | 0.900349 | 1.000000 | 1.110000 | 1.086667 | 1.103333 |  -0.477592 |      397 |      333 |       64 |   9.110067 |     10 | 0.896944 | 2.609557
1068 | 320100.0 | 320400.0 | 0.007125 | 0.017446 |   9.110067 |     10 | 0.896944 | 1.000000 | 1.056667 | 1.163333 | 1.070000 |   2.674872 |      393 |      317 |       76 |   9.109663 |     10 | 0.916003 | 2.126958
1069 | 320400.0 | 320700.0 | 0.007121 | 0.017444 |   9.109663 |     10 | 0.916003 | 1.000000 | 1.166667 | 1.073333 | 1.073333 |   0.000000 |      402 |      350 |       52 |   9.108476 |     10 | 0.916003 | 2.126958
1070 | 320700.0 | 321000.0 | 0.007117 | 0.017442 |   9.108476 |     10 | 0.916003 | 1.000000 | 1.153333 | 1.106667 | 1.076667 |   0.860011 |      403 |      346 |       57 |   9.107385 |     10 | 0.922123 | 1.971981
1071 | 321000.0 | 321300.0 | 0.007112 | 0.017439 |   9.107385 |     10 | 0.922123 | 1.000000 | 1.163333 | 1.073333 | 1.100000 |  -0.764556 |      400 |      349 |       51 |   9.106223 |     10 | 0.916685 | 2.109675
1072 | 321300.0 | 321600.0 | 0.007108 | 0.017437 |   9.106223 |     10 | 0.916685 | 1.000000 | 1.133333 | 1.080000 | 1.096667 |  -0.477912 |      400 |      340 |       60 |   9.105275 |     10 | 0.913288 | 2.195693
1073 | 321600.0 | 321900.0 | 0.007104 | 0.017435 |   9.105275 |     10 | 0.913288 | 1.000000 | 1.116667 | 1.060000 | 1.083333 |  -0.669166 |      396 |      335 |       61 |   9.104447 |     10 | 0.908535 | 2.316063
1074 | 321900.0 | 322200.0 | 0.007100 | 0.017432 |   9.104447 |     10 | 0.908535 | 1.000000 | 1.113333 | 1.150000 | 1.090000 |   1.720942 |      399 |      334 |       65 |   9.103642 |     10 | 0.920752 | 2.006683
1075 | 322200.0 | 322500.0 | 0.007095 | 0.017430 |   9.103642 |     10 | 0.920752 | 1.000000 | 1.096667 | 1.120000 | 1.083333 |   1.051827 |      395 |      329 |       66 |   9.102956 |     10 | 0.928216 | 1.817705
1076 | 322500.0 | 322800.0 | 0.007091 | 0.017428 |   9.102956 |     10 | 0.928216 | 1.000000 | 1.160000 | 1.046667 | 1.110000 |  -1.817034 |      401 |      348 |       53 |   9.101822 |     10 | 0.915331 | 2.143971
1077 | 322800.0 | 323100.0 | 0.007087 | 0.017425 |   9.101822 |     10 | 0.915331 | 1.000000 | 1.113333 | 1.080000 | 1.043333 |   1.052107 |      398 |      334 |       64 |   9.101018 |     10 | 0.922787 | 1.955168
1078 | 323100.0 | 323400.0 | 0.007083 | 0.017423 |   9.101018 |     10 | 0.922787 | 1.000000 | 1.083333 | 1.130000 | 1.110000 |   0.573953 |      392 |      325 |       67 |   9.100428 |     10 | 0.926852 | 1.852232
1079 | 323400.0 | 323700.0 | 0.007078 | 0.017421 |   9.100428 |     10 | 0.926852 | 1.000000 | 1.133333 | 1.106667 | 1.066667 |   1.148059 |      397 |      340 |       57 |   9.099484 |     10 | 0.934979 | 1.646454
1080 | 323700.0 | 324000.0 | 0.007074 | 0.017418 |   9.099484 |     10 | 0.934979 | 1.000000 | 1.090000 | 1.036667 | 1.083333 |  -1.339580 |      388 |      327 |       62 |   9.098848 |     10 | 0.925502 | 1.886417
1081 | 324000.0 | 324300.0 | 0.007070 | 0.017416 |   9.098848 |     10 | 0.925502 | 1.000000 | 1.096667 | 1.120000 | 1.123333 |  -0.095697 |      394 |      329 |       64 |   9.098164 |     10 | 0.924825 | 1.903550
1082 | 324300.0 | 324600.0 | 0.007066 | 0.017414 |   9.098164 |     10 | 0.924825 | 1.000000 | 1.086667 | 1.140000 | 1.096667 |   1.244225 |      392 |      326 |       66 |   9.097552 |     10 | 0.933617 | 1.680932
1083 | 324600.0 | 324900.0 | 0.007062 | 0.017411 |   9.097552 |     10 | 0.933617 | 1.000000 | 1.113333 | 1.013333 | 1.136667 |  -3.541726 |      393 |      334 |       59 |   9.096752 |     10 | 0.908606 | 2.314245
1084 | 324900.0 | 325200.0 | 0.007058 | 0.017409 |   9.096752 |     10 | 0.908606 | 1.000000 | 1.130000 | 1.103333 | 1.053333 |   1.436025 |      400 |      339 |       61 |   9.095834 |     10 | 0.918741 | 2.057614
1085 | 325200.0 | 325500.0 | 0.007053 | 0.017407 |   9.095834 |     10 | 0.918741 | 1.000000 | 1.123333 | 1.053333 | 1.120000 |  -1.914953 |      400 |      337 |       63 |   9.094964 |     10 | 0.905234 | 2.399632
1086 | 325500.0 | 325800.0 | 0.007049 | 0.017405 |   9.094964 |     10 | 0.905234 | 1.000000 | 1.120000 | 1.076667 | 1.063333 |   0.383041 |      399 |      336 |       63 |   9.094118 |     10 | 0.907934 | 2.331260
1087 | 325800.0 | 326100.0 | 0.007045 | 0.017402 |   9.094118 |     10 | 0.907934 | 1.000000 | 1.103333 | 1.116667 | 1.113333 |   0.095773 |      396 |      331 |       65 |   9.093390 |     10 | 0.908609 | 2.314175
1088 | 326100.0 | 326400.0 | 0.007041 | 0.017400 |   9.093390 |     10 | 0.908609 | 1.000000 | 1.120000 | 1.076667 | 1.070000 |   0.191571 |      399 |      336 |       63 |   9.092545 |     10 | 0.909958 | 2.280020
1089 | 326400.0 | 326700.0 | 0.007037 | 0.017398 |   9.092545 |     10 | 0.909958 | 1.000000 | 1.133333 | 1.123333 | 1.090000 |   0.957982 |      400 |      340 |       60 |   9.091607 |     10 | 0.916699 | 2.109324
1090 | 326700.0 | 327000.0 | 0.007033 | 0.017395 |   9.091607 |     10 | 0.916699 | 1.000000 | 1.103333 | 1.120000 | 1.093333 |   0.766486 |      397 |      331 |       66 |   9.090880 |     10 | 0.922089 | 1.972829
1091 | 327000.0 | 327300.0 | 0.007028 | 0.017393 |   9.090880 |     10 | 0.922089 | 1.000000 | 1.136667 | 1.153333 | 1.126667 |   0.766587 |      398 |      341 |       57 |   9.089920 |     10 | 0.927477 | 1.836397
1092 | 327300.0 | 327600.0 | 0.007024 | 0.017391 |   9.089920 |     10 | 0.927477 | 1.000000 | 1.103333 | 1.116667 | 1.090000 |   0.766688 |      394 |      331 |       63 |   9.089194 |     10 | 0.932863 | 1.700027
1093 | 327600.0 | 327900.0 | 0.007020 | 0.017389 |   9.089194 |     10 | 0.932863 | 1.000000 | 1.136667 | 1.030000 | 1.110000 |  -2.300366 |      397 |      341 |       56 |   9.088235 |     10 | 0.916714 | 2.108951
1094 | 327900.0 | 328200.0 | 0.007016 | 0.017386 |   9.088235 |     10 | 0.916714 | 1.000000 | 1.083333 | 1.163333 | 1.050000 |   3.259279 |      393 |      325 |       68 |   9.087650 |     10 | 0.939581 | 1.529907
1095 | 328200.0 | 328500.0 | 0.007012 | 0.017384 |   9.087650 |     10 | 0.939581 | 1.000000 | 1.106667 | 0.953333 | 1.053333 |  -2.876212 |      389 |      332 |       57 |   9.086902 |     10 | 0.919413 | 2.040595
1096 | 328500.0 | 328800.0 | 0.007008 | 0.017382 |   9.086902 |     10 | 0.919413 | 1.000000 | 1.100000 | 1.060000 | 1.093333 |  -0.958863 |      396 |      330 |       66 |   9.086201 |     10 | 0.912694 | 2.210748
1097 | 328800.0 | 329100.0 | 0.007004 | 0.017379 |   9.086201 |     10 | 0.912694 | 1.000000 | 1.096667 | 1.080000 | 1.086667 |  -0.191798 |      395 |      329 |       66 |   9.085524 |     10 | 0.911350 | 2.244763
1098 | 329100.0 | 329400.0 | 0.007000 | 0.017377 |   9.085524 |     10 | 0.911350 | 1.000000 | 1.086667 | 1.046667 | 1.123333 |  -2.205961 |      395 |      326 |       69 |   9.084917 |     10 | 0.895909 | 2.635758
1099 | 329400.0 | 329700.0 | 0.006996 | 0.017375 |   9.084917 |     10 | 0.895909 | 1.000000 | 1.086667 | 1.133333 | 1.030000 |   2.973640 |      397 |      326 |       71 |   9.084311 |     10 | 0.916712 | 2.109003
1100 | 329700.0 | 330000.0 | 0.006992 | 0.017373 |   9.084311 |     10 | 0.916712 | 1.000000 | 1.130000 | 1.096667 | 1.056667 |   1.151237 |      399 |      339 |       60 |   9.083402 |     10 | 0.924761 | 1.905191
1101 | 330000.0 | 330300.0 | 0.006987 | 0.017370 |   9.083402 |     10 | 0.924761 | 1.000000 | 1.136667 | 1.203333 | 1.123333 |   2.302774 |      396 |      341 |       55 |   9.082447 |     10 | 0.940851 | 1.497750
1102 | 330300.0 | 330600.0 | 0.006983 | 0.017368 |   9.082447 |     10 | 0.940851 | 1.000000 | 1.116667 | 0.916667 | 1.096667 |  -5.181916 |      389 |      335 |       55 |   9.081633 |     10 | 0.904664 | 2.414077
1103 | 330600.0 | 330900.0 | 0.006979 | 0.017366 |   9.081633 |     10 | 0.904664 | 1.000000 | 1.136667 | 1.083333 | 1.066667 |   0.479869 |      402 |      341 |       60 |   9.080679 |     10 | 0.908013 | 2.329270
1104 | 330900.0 | 331200.0 | 0.006975 | 0.017364 |   9.080679 |     10 | 0.908013 | 1.000000 | 1.116667 | 1.123333 | 1.050000 |   2.111700 |      399 |      335 |       64 |   9.079865 |     10 | 0.922743 | 1.956289
1105 | 331200.0 | 331500.0 | 0.006971 | 0.017361 |   9.079865 |     10 | 0.922743 | 1.000000 | 1.093333 | 1.143333 | 1.103333 |   1.151986 |      394 |      328 |       68 |   9.079214 |     10 | 0.930773 | 1.752937
1106 | 331500.0 | 331800.0 | 0.006967 | 0.017359 |   9.079214 |     10 | 0.930773 | 1.000000 | 1.103333 | 1.093333 | 1.056667 |   1.056124 |      391 |      331 |       58 |   9.078494 |     10 | 0.938132 | 1.566614
1107 | 331800.0 | 332100.0 | 0.006963 | 0.017357 |   9.078494 |     10 | 0.938132 | 1.000000 | 1.110000 | 0.953333 | 1.053333 |  -2.880713 |      391 |      333 |       58 |   9.077728 |     10 | 0.918073 | 2.074537
1108 | 332100.0 | 332400.0 | 0.006959 | 0.017355 |   9.077728 |     10 | 0.918073 | 1.000000 | 1.156667 | 1.086667 | 1.120000 |  -0.960362 |      400 |      347 |       53 |   9.076638 |     10 | 0.911390 | 2.243769
1109 | 332400.0 | 332700.0 | 0.006955 | 0.017352 |   9.076638 |     10 | 0.911390 | 1.000000 | 1.096667 | 1.086667 | 1.050000 |   1.056535 |      398 |      329 |       69 |   9.075966 |     10 | 0.918738 | 2.057698
1110 | 332700.0 | 333000.0 | 0.006951 | 0.017350 |   9.075966 |     10 | 0.918738 | 1.000000 | 1.070000 | 1.116667 | 1.136667 |  -0.576366 |      392 |      321 |       71 |   9.075479 |     10 | 0.914731 | 2.159146
1111 | 333000.0 | 333300.0 | 0.006947 | 0.017348 |   9.075479 |     10 | 0.914731 | 1.000000 | 1.126667 | 1.113333 | 1.083333 |   0.864661 |      398 |      338 |       60 |   9.074599 |     10 | 0.920738 | 2.007042
1112 | 333300.0 | 333600.0 | 0.006943 | 0.017346 |   9.074599 |     10 | 0.920738 | 1.000000 | 1.140000 | 1.090000 | 1.113333 |  -0.672601 |      399 |      342 |       57 |   9.073627 |     10 | 0.916068 | 2.125292
1113 | 333600.0 | 333900.0 | 0.006939 | 0.017343 |   9.073627 |     10 | 0.916068 | 1.000000 | 1.100000 | 1.076667 | 1.073333 |   0.096098 |      397 |      330 |       67 |   9.072933 |     10 | 0.916735 | 2.108407
1114 | 333900.0 | 334200.0 | 0.006935 | 0.017341 |   9.072933 |     10 | 0.916735 | 1.000000 | 1.150000 | 1.056667 | 1.090000 |  -0.961107 |      401 |      345 |       56 |   9.071893 |     10 | 0.910070 | 2.277183
1115 | 334200.0 | 334500.0 | 0.006931 | 0.017339 |   9.071893 |     10 | 0.910070 | 1.000000 | 1.120000 | 1.083333 | 1.106667 |  -0.672861 |      397 |      336 |       61 |   9.071061 |     10 | 0.905406 | 2.395274
1116 | 334500.0 | 334800.0 | 0.006927 | 0.017337 |   9.071061 |     10 | 0.905406 | 1.000000 | 1.103333 | 1.070000 | 1.046667 |   0.672948 |      398 |      331 |       67 |   9.070346 |     10 | 0.910068 | 2.277236
1117 | 334800.0 | 335100.0 | 0.006923 | 0.017334 |   9.070346 |     10 | 0.910068 | 1.000000 | 1.060000 | 1.143333 | 1.106667 |   1.057626 |      393 |      318 |       75 |   9.069930 |     10 | 0.917390 | 2.091831
1118 | 335100.0 | 335400.0 | 0.006919 | 0.017332 |   9.069930 |     10 | 0.917390 | 1.000000 | 1.126667 | 1.123333 | 1.086667 |   1.057762 |      398 |      338 |       60 |   9.069054 |     10 | 0.924709 | 1.906508
1119 | 335400.0 | 335700.0 | 0.006915 | 0.017330 |   9.069054 |     10 | 0.924709 | 1.000000 | 1.093333 | 1.106667 | 1.096667 |   0.288518 |      394 |      328 |       67 |   9.068408 |     10 | 0.926704 | 1.855988
1120 | 335700.0 | 336000.0 | 0.006911 | 0.017328 |   9.068408 |     10 | 0.926704 | 1.000000 | 1.123333 | 1.160000 | 1.136667 |   0.673294 |      396 |      337 |       58 |   9.067556 |     10 | 0.931357 | 1.738161
1121 | 336000.0 | 336300.0 | 0.006907 | 0.017326 |   9.067556 |     10 | 0.931357 | 1.000000 | 1.133333 | 1.060000 | 1.093333 |  -0.961972 |      395 |      340 |       55 |   9.066635 |     10 | 0.924712 | 1.906411
1122 | 336300.0 | 336600.0 | 0.006903 | 0.017323 |   9.066635 |     10 | 0.924712 | 1.000000 | 1.120000 | 1.086667 | 1.100000 |  -0.384838 |      394 |      336 |       59 |   9.065807 |     10 | 0.922056 | 1.973681
1123 | 336600.0 | 336900.0 | 0.006899 | 0.017321 |   9.065807 |     10 | 0.922056 | 1.000000 | 1.123333 | 1.140000 | 1.146667 |  -0.192444 |      397 |      337 |       59 |   9.064956 |     10 | 0.920728 | 2.007301
1124 | 336900.0 | 337200.0 | 0.006895 | 0.017319 |   9.064956 |     10 | 0.920728 | 1.000000 | 1.130000 | 1.143333 | 1.070000 |   2.117150 |      400 |      339 |       61 |   9.064059 |     10 | 0.935326 | 1.637645
1125 | 337200.0 | 337500.0 | 0.006891 | 0.017317 |   9.064059 |     10 | 0.935326 | 1.000000 | 1.116667 | 1.013333 | 1.026667 |  -0.384986 |      392 |      335 |       57 |   9.063255 |     10 | 0.932673 | 1.704825
1126 | 337500.0 | 337800.0 | 0.006887 | 0.017314 |   9.063255 |     10 | 0.932673 | 1.000000 | 1.066667 | 1.063333 | 1.120000 |  -1.636397 |      388 |      320 |       68 |   9.062796 |     10 | 0.921403 | 1.990215
1127 | 337800.0 | 338100.0 | 0.006883 | 0.017312 |   9.062796 |     10 | 0.921403 | 1.000000 | 1.136667 | 1.050000 | 1.123333 |  -2.117961 |      400 |      341 |       59 |   9.061856 |     10 | 0.906824 | 2.359380
1128 | 338100.0 | 338400.0 | 0.006880 | 0.017310 |   9.061856 |     10 | 0.906824 | 1.000000 | 1.140000 | 1.143333 | 1.143333 |   0.000000 |      401 |      342 |       59 |   9.060892 |     10 | 0.906824 | 2.359380
1129 | 338400.0 | 338700.0 | 0.006876 | 0.017308 |   9.060892 |     10 | 0.906824 | 1.000000 | 1.056667 | 1.070000 | 1.123333 |  -1.540727 |      393 |      317 |       76 |   9.060503 |     10 | 0.896230 | 2.627625
1130 | 338700.0 | 339000.0 | 0.006872 | 0.017306 |   9.060503 |     10 | 0.896230 | 1.000000 | 1.093333 | 1.100000 | 1.070000 |   0.866769 |      396 |      328 |       68 |   9.059861 |     10 | 0.902187 | 2.476804
1131 | 339000.0 | 339300.0 | 0.006868 | 0.017303 |   9.059861 |     10 | 0.902187 | 1.000000 | 1.093333 | 1.086667 | 1.080000 |   0.192640 |      396 |      328 |       69 |   9.059220 |     10 | 0.903510 | 2.443303
1132 | 339300.0 | 339600.0 | 0.006864 | 0.017301 |   9.059220 |     10 | 0.903510 | 1.000000 | 1.126667 | 1.063333 | 1.093333 |  -0.866990 |      400 |      338 |       62 |   9.058351 |     10 | 0.897559 | 2.593991
1133 | 339600.0 | 339900.0 | 0.006860 | 0.017299 |   9.058351 |     10 | 0.897559 | 1.000000 | 1.126667 | 1.183333 | 1.080000 |   2.986676 |      400 |      338 |       61 |   9.057482 |     10 | 0.918047 | 2.075182
1134 | 339900.0 | 340200.0 | 0.006856 | 0.017297 |   9.057482 |     10 | 0.918047 | 1.000000 | 1.106667 | 1.080000 | 1.073333 |   0.192713 |      396 |      332 |       64 |   9.056751 |     10 | 0.919369 | 2.041726
1135 | 340200.0 | 340500.0 | 0.006852 | 0.017295 |   9.056751 |     10 | 0.919369 | 1.000000 | 1.120000 | 1.060000 | 1.053333 |   0.192738 |      397 |      336 |       61 |   9.055928 |     10 | 0.920689 | 2.008283
1136 | 340500.0 | 340800.0 | 0.006848 | 0.017292 |   9.055928 |     10 | 0.920689 | 1.000000 | 1.146667 | 1.126667 | 1.073333 |   1.542096 |      398 |      344 |       54 |   9.054924 |     10 | 0.931250 | 1.740865
1137 | 340800.0 | 341100.0 | 0.006844 | 0.017290 |   9.054924 |     10 | 0.931250 | 1.000000 | 1.150000 | 1.086667 | 1.060000 |   0.771146 |      398 |      345 |       53 |   9.053897 |     10 | 0.936528 | 1.607214
1138 | 341100.0 | 341400.0 | 0.006841 | 0.017288 |   9.053897 |     10 | 0.936528 | 1.000000 | 1.103333 | 1.006667 | 1.140000 |  -3.856215 |      391 |      331 |       60 |   9.053190 |     10 | 0.910149 | 2.275173
1139 | 341400.0 | 341700.0 | 0.006837 | 0.017286 |   9.053190 |     10 | 0.910149 | 1.000000 | 1.086667 | 1.066667 | 1.063333 |   0.096418 |      395 |      326 |       69 |   9.052598 |     10 | 0.910809 | 2.258482
1140 | 341700.0 | 342000.0 | 0.006833 | 0.017284 |   9.052598 |     10 | 0.910809 | 1.000000 | 1.146667 | 1.146667 | 1.076667 |   2.025024 |      402 |      344 |       58 |   9.051596 |     10 | 0.924645 | 1.908111
1141 | 342000.0 | 342300.0 | 0.006829 | 0.017282 |   9.051596 |     10 | 0.924645 | 1.000000 | 1.103333 | 1.120000 | 1.100000 |   0.578651 |      394 |      331 |       63 |   9.050890 |     10 | 0.928597 | 1.808049
1142 | 342300.0 | 342600.0 | 0.006825 | 0.017279 |   9.050890 |     10 | 0.928597 | 1.000000 | 1.136667 | 1.100000 | 1.060000 |   1.157448 |      399 |      341 |       58 |   9.049957 |     10 | 0.936497 | 1.608012
1143 | 342600.0 | 342900.0 | 0.006821 | 0.017277 |   9.049957 |     10 | 0.936497 | 1.000000 | 1.106667 | 1.030000 | 1.096667 |  -1.929322 |      388 |      332 |       58 |   9.049230 |     10 | 0.923336 | 1.941261
1144 | 342900.0 | 343200.0 | 0.006818 | 0.017275 |   9.049230 |     10 | 0.923336 | 1.000000 | 1.180000 | 1.093333 | 1.086667 |   0.192956 |      404 |      354 |       49 |   9.048003 |     10 | 0.924652 | 1.907950
1145 | 343200.0 | 343500.0 | 0.006814 | 0.017273 |   9.048003 |     10 | 0.924652 | 1.000000 | 1.156667 | 1.126667 | 1.150000 |  -0.675433 |      400 |      347 |       52 |   9.046935 |     10 | 0.920049 | 2.024485
1146 | 343500.0 | 343800.0 | 0.006810 | 0.017271 |   9.046935 |     10 | 0.920049 | 1.000000 | 1.123333 | 1.046667 | 1.136667 |  -2.605567 |      398 |      337 |       61 |   9.046095 |     10 | 0.902306 | 2.473782
1147 | 343800.0 | 344100.0 | 0.006806 | 0.017269 |   9.046095 |     10 | 0.902306 | 1.000000 | 1.130000 | 1.043333 | 1.003333 |   1.158175 |      401 |      339 |       62 |   9.045210 |     10 | 0.910189 | 2.274182
1148 | 344100.0 | 344400.0 | 0.006802 | 0.017266 |   9.045210 |     10 | 0.910189 | 1.000000 | 1.093333 | 1.133333 | 1.030000 |   2.992326 |      396 |      328 |       68 |   9.044576 |     10 | 0.930543 | 1.758773
1149 | 344400.0 | 344700.0 | 0.006798 | 0.017264 |   9.044576 |     10 | 0.930543 | 1.000000 | 1.156667 | 1.040000 | 1.096667 |  -1.641159 |      398 |      347 |       51 |   9.043510 |     10 | 0.919386 | 2.041293
1150 | 344700.0 | 345000.0 | 0.006795 | 0.017262 |   9.043510 |     10 | 0.919386 | 1.000000 | 1.123333 | 1.103333 | 1.070000 |   0.965508 |      394 |      337 |       57 |   9.042672 |     10 | 0.925946 | 1.875177
1151 | 345000.0 | 345300.0 | 0.006791 | 0.017260 |   9.042672 |     10 | 0.925946 | 1.000000 | 1.133333 | 1.063333 | 1.066667 |  -0.096563 |      399 |      340 |       59 |   9.041767 |     10 | 0.925290 | 1.891781
1152 | 345300.0 | 345600.0 | 0.006787 | 0.017258 |   9.041767 |     10 | 0.925290 | 1.000000 | 1.146667 | 1.056667 | 1.036667 |   0.579450 |      400 |      344 |       56 |   9.040772 |     10 | 0.929223 | 1.792198
1153 | 345600.0 | 345900.0 | 0.006783 | 0.017256 |   9.040772 |     10 | 0.929223 | 1.000000 | 1.136667 | 1.043333 | 1.103333 |  -1.738566 |      397 |      341 |       56 |   9.039845 |     10 | 0.917430 | 2.090818
1154 | 345900.0 | 346200.0 | 0.006779 | 0.017253 |   9.039845 |     10 | 0.917430 | 1.000000 | 1.156667 | 1.133333 | 1.106667 |   0.772792 |      402 |      347 |       55 |   9.038782 |     10 | 0.922669 | 1.958156
1155 | 346200.0 | 346500.0 | 0.006776 | 0.017251 |   9.038782 |     10 | 0.922669 | 1.000000 | 1.093333 | 1.106667 | 1.096667 |   0.289833 |      394 |      328 |       66 |   9.038150 |     10 | 0.924633 | 1.908429
1156 | 346500.0 | 346800.0 | 0.006772 | 0.017249 |   9.038150 |     10 | 0.924633 | 1.000000 | 1.056667 | 1.116667 | 1.040000 |   2.222331 |      392 |      317 |       75 |   9.037766 |     10 | 0.939682 | 1.527355
1157 | 346800.0 | 347100.0 | 0.006768 | 0.017247 |   9.037766 |     10 | 0.939682 | 1.000000 | 1.143333 | 0.920000 | 1.060000 |  -4.058674 |      394 |      343 |       51 |   9.036796 |     10 | 0.912213 | 2.222928
1158 | 347100.0 | 347400.0 | 0.006764 | 0.017245 |   9.036796 |     10 | 0.912213 | 1.000000 | 1.096667 | 1.096667 | 1.066667 |   0.869824 |      395 |      329 |       66 |   9.036142 |     10 | 0.918096 | 2.073941
1159 | 347400.0 | 347700.0 | 0.006761 | 0.017243 |   9.036142 |     10 | 0.918096 | 1.000000 | 1.060000 | 1.080000 | 1.073333 |   0.193318 |      390 |      318 |       72 |   9.035737 |     10 | 0.919403 | 2.040847
1160 | 347700.0 | 348000.0 | 0.006757 | 0.017241 |   9.035737 |     10 | 0.919403 | 1.000000 | 1.110000 | 1.073333 | 1.140000 |  -1.933422 |      398 |      333 |       65 |   9.034994 |     10 | 0.906340 | 2.371643
1161 | 348000.0 | 348300.0 | 0.006753 | 0.017238 |   9.034994 |     10 | 0.906340 | 1.000000 | 1.126667 | 1.090000 | 1.136667 |  -1.353563 |      399 |      338 |       61 |   9.034138 |     10 | 0.897199 | 2.603100
1162 | 348300.0 | 348600.0 | 0.006749 | 0.017236 |   9.034138 |     10 | 0.897199 | 1.000000 | 1.126667 | 1.113333 | 1.010000 |   2.997546 |      400 |      338 |       62 |   9.033283 |     10 | 0.917430 | 2.090809
1163 | 348600.0 | 348900.0 | 0.006746 | 0.017234 |   9.033283 |     10 | 0.917430 | 1.000000 | 1.180000 | 1.123333 | 1.050000 |   2.127554 |      404 |      354 |       50 |   9.032069 |     10 | 0.931782 | 1.727403
1164 | 348900.0 | 349200.0 | 0.006742 | 0.017232 |   9.032069 |     10 | 0.931782 | 1.000000 | 1.103333 | 1.036667 | 1.153333 |  -3.385163 |      393 |      331 |       62 |   9.031372 |     10 | 0.908960 | 2.305299
1165 | 349200.0 | 349500.0 | 0.006738 | 0.017230 |   9.031372 |     10 | 0.908960 | 1.000000 | 1.166667 | 1.093333 | 1.080000 |   0.386924 |      403 |      350 |       53 |   9.030249 |     10 | 0.911567 | 2.239282
1166 | 349500.0 | 349800.0 | 0.006734 | 0.017228 |   9.030249 |     10 | 0.911567 | 1.000000 | 1.076667 | 1.090000 | 1.060000 |   0.870685 |      393 |      323 |       70 |   9.029733 |     10 | 0.917430 | 2.090808
1167 | 349800.0 | 350100.0 | 0.006731 | 0.017226 |   9.029733 |     10 | 0.917430 | 1.000000 | 1.170000 | 1.086667 | 1.110000 |  -0.677283 |      403 |      351 |       52 |   9.028589 |     10 | 0.912872 | 2.206239
1168 | 350100.0 | 350400.0 | 0.006727 | 0.017224 |   9.028589 |     10 | 0.912872 | 1.000000 | 1.073333 | 1.050000 | 1.116667 |  -1.935334 |      396 |      322 |       74 |   9.028096 |     10 | 0.899853 | 2.535898
1169 | 350400.0 | 350700.0 | 0.006723 | 0.017221 |   9.028096 |     10 | 0.899853 | 1.000000 | 1.053333 | 1.106667 | 1.093333 |   0.387114 |      392 |      316 |       76 |   9.027737 |     10 | 0.902455 | 2.469994
1170 | 350700.0 | 351000.0 | 0.006720 | 0.017219 |   9.027737 |     10 | 0.902455 | 1.000000 | 1.190000 | 1.106667 | 1.093333 |   0.387162 |      405 |      357 |       48 |   9.026460 |     10 | 0.905057 | 2.404119
1171 | 351000.0 | 351300.0 | 0.006716 | 0.017217 |   9.026460 |     10 | 0.905057 | 1.000000 | 1.080000 | 1.076667 | 1.036667 |   1.161629 |      395 |      324 |       71 |   9.025923 |     10 | 0.912858 | 2.206577
1172 | 351300.0 | 351600.0 | 0.006712 | 0.017215 |   9.025923 |     10 | 0.912858 | 1.000000 | 1.133333 | 1.090000 | 1.096667 |  -0.193629 |      400 |      340 |       61 |   9.025028 |     10 | 0.911559 | 2.239487
1173 | 351600.0 | 351900.0 | 0.006708 | 0.017213 |   9.025028 |     10 | 0.911559 | 1.000000 | 1.100000 | 1.103333 | 1.013333 |   2.614306 |      397 |      330 |       66 |   9.024357 |     10 | 0.929097 | 1.795398
1174 | 351900.0 | 352200.0 | 0.006705 | 0.017211 |   9.024357 |     10 | 0.929097 | 1.000000 | 1.103333 | 1.093333 | 1.113333 |  -0.581028 |      394 |      331 |       63 |   9.023664 |     10 | 0.925201 | 1.894042
1175 | 352200.0 | 352500.0 | 0.006701 | 0.017209 |   9.023664 |     10 | 0.925201 | 1.000000 | 1.136667 | 1.126667 | 1.030000 |   2.808647 |      399 |      341 |       58 |   9.022749 |     10 | 0.944022 | 1.417465
1176 | 352500.0 | 352800.0 | 0.006697 | 0.017207 |   9.022749 |     10 | 0.944022 | 1.000000 | 1.086667 | 0.813333 | 1.140000 |  -9.492452 |      382 |      326 |       57 |   9.022168 |     10 | 0.880447 | 3.027281
1177 | 352800.0 | 353100.0 | 0.006694 | 0.017205 |   9.022168 |     10 | 0.880447 | 1.000000 | 1.086667 | 1.063333 | 1.040000 |   0.678115 |      398 |      326 |       71 |   9.021588 |     10 | 0.884986 | 2.912343
1178 | 353100.0 | 353400.0 | 0.006690 | 0.017202 |   9.021588 |     10 | 0.884986 | 1.000000 | 1.053333 | 1.053333 | 0.996667 |   1.647052 |      394 |      316 |       78 |   9.021231 |     10 | 0.896005 | 2.633327
1179 | 353400.0 | 353700.0 | 0.006686 | 0.017200 |   9.021231 |     10 | 0.896005 | 1.000000 | 1.163333 | 1.030000 | 1.070000 |  -1.162767 |      403 |      349 |       54 |   9.020139 |     10 | 0.888231 | 2.830196
1180 | 353700.0 | 354000.0 | 0.006683 | 0.017198 |   9.020139 |     10 | 0.888231 | 1.000000 | 1.063333 | 1.086667 | 1.060000 |   0.775273 |      394 |      319 |       75 |   9.019716 |     10 | 0.893411 | 2.699006
1181 | 354000.0 | 354300.0 | 0.006679 | 0.017196 |   9.019716 |     10 | 0.893411 | 1.000000 | 1.136667 | 1.086667 | 1.080000 |   0.193842 |      401 |      341 |       60 |   9.018803 |     10 | 0.894706 | 2.666222
1182 | 354300.0 | 354600.0 | 0.006675 | 0.017194 |   9.018803 |     10 | 0.894706 | 1.000000 | 1.123333 | 1.083333 | 1.043333 |   1.163193 |      401 |      337 |       64 |   9.017980 |     10 | 0.902471 | 2.469604
1183 | 354600.0 | 354900.0 | 0.006672 | 0.017192 |   9.017980 |     10 | 0.902471 | 1.000000 | 1.173333 | 1.063333 | 1.033333 |   0.872501 |      403 |      352 |       51 |   9.016823 |     10 | 0.908292 | 2.322203
1184 | 354900.0 | 355200.0 | 0.006668 | 0.017190 |   9.016823 |     10 | 0.908292 | 1.000000 | 1.103333 | 1.080000 | 1.106667 |  -0.775650 |      397 |      331 |       66 |   9.016134 |     10 | 0.903120 | 2.453171
1185 | 355200.0 | 355500.0 | 0.006665 | 0.017188 |   9.016134 |     10 | 0.903120 | 1.000000 | 1.130000 | 1.053333 | 1.096667 |  -1.260585 |      400 |      339 |       61 |   9.015268 |     10 | 0.894719 | 2.665903
1186 | 355500.0 | 355800.0 | 0.006661 | 0.017186 |   9.015268 |     10 | 0.894719 | 1.000000 | 1.123333 | 1.136667 | 1.053333 |   2.424496 |      398 |      337 |       61 |   9.014446 |     10 | 0.910868 | 2.256976
1187 | 355800.0 | 356100.0 | 0.006657 | 0.017184 |   9.014446 |     10 | 0.910868 | 1.000000 | 1.140000 | 1.053333 | 1.023333 |   0.872925 |      401 |      342 |       59 |   9.013514 |     10 | 0.916679 | 2.109824
1188 | 356100.0 | 356400.0 | 0.006654 | 0.017182 |   9.013514 |     10 | 0.916679 | 1.000000 | 1.063333 | 1.046667 | 1.133333 |  -2.522088 |      392 |      319 |       73 |   9.013093 |     10 | 0.899898 | 2.534749
1189 | 356400.0 | 356700.0 | 0.006650 | 0.017179 |   9.013093 |     10 | 0.899898 | 1.000000 | 1.076667 | 1.130000 | 1.096667 |   0.970151 |      395 |      323 |       72 |   9.012583 |     10 | 0.906350 | 2.371385
1190 | 356700.0 | 357000.0 | 0.006646 | 0.017177 |   9.012583 |     10 | 0.906350 | 1.000000 | 1.116667 | 1.110000 | 1.110000 |   0.000000 |      399 |      335 |       64 |   9.011808 |     10 | 0.906350 | 2.371385
1191 | 357000.0 | 357300.0 | 0.006643 | 0.017175 |   9.011808 |     10 | 0.906350 | 1.000000 | 1.163333 | 1.120000 | 1.053333 |   1.940772 |      403 |      349 |       54 |   9.010723 |     10 | 0.919242 | 2.044933
1192 | 357300.0 | 357600.0 | 0.006639 | 0.017173 |   9.010723 |     10 | 0.919242 | 1.000000 | 1.080000 | 1.060000 | 1.033333 |   0.776403 |      394 |      324 |       70 |   9.010192 |     10 | 0.924397 | 1.914408
1193 | 357600.0 | 357900.0 | 0.006636 | 0.017171 |   9.010192 |     10 | 0.924397 | 1.000000 | 1.040000 | 1.126667 | 1.090000 |   1.067682 |      388 |      312 |       76 |   9.009926 |     10 | 0.931481 | 1.735010
1194 | 357900.0 | 358200.0 | 0.006632 | 0.017169 |   9.009926 |     10 | 0.931481 | 1.000000 | 1.086667 | 1.056667 | 1.103333 |  -1.359032 |      389 |      326 |       65 |   9.009351 |     10 | 0.922468 | 1.963238
1195 | 358200.0 | 358500.0 | 0.006628 | 0.017167 |   9.009351 |     10 | 0.922468 | 1.000000 | 1.140000 | 1.066667 | 1.070000 |  -0.097085 |      398 |      342 |       54 |   9.008423 |     10 | 0.921825 | 1.979533
1196 | 358500.0 | 358800.0 | 0.006625 | 0.017165 |   9.008423 |     10 | 0.921825 | 1.000000 | 1.166667 | 1.166667 | 1.113333 |   1.553554 |      402 |      350 |       52 |   9.007319 |     10 | 0.932117 | 1.718920
1197 | 358800.0 | 359100.0 | 0.006621 | 0.017163 |   9.007319 |     10 | 0.932117 | 1.000000 | 1.156667 | 1.106667 | 1.120000 |  -0.388435 |      398 |      347 |       51 |   9.006282 |     10 | 0.929545 | 1.784046
1198 | 359100.0 | 359400.0 | 0.006618 | 0.017161 |   9.006282 |     10 | 0.929545 | 1.000000 | 1.140000 | 1.060000 | 1.080000 |  -0.582723 |      397 |      342 |       55 |   9.005355 |     10 | 0.925689 | 1.881694
1199 | 359400.0 | 359700.0 | 0.006614 | 0.017159 |   9.005355 |     10 | 0.925689 | 1.000000 | 1.123333 | 1.116667 | 1.106667 |   0.291397 |      396 |      337 |       59 |   9.004540 |     10 | 0.927616 | 1.832891
1200 | 359700.0 | 360000.0 | 0.006611 | 0.017157 |   9.004540 |     10 | 0.927616 | 1.000000 | 1.160000 | 1.023333 | 1.070000 |  -1.360014 |      398 |      348 |       50 |   9.003482 |     10 | 0.918625 | 2.060545
1201 | 360000.0 | 360300.0 | 0.006607 | 0.017155 |   9.003482 |     10 | 0.918625 | 1.000000 | 1.130000 | 1.103333 | 1.100000 |   0.097155 |      399 |      339 |       60 |   9.002623 |     10 | 0.919267 | 2.044291
1202 | 360300.0 | 360600.0 | 0.006603 | 0.017153 |   9.002623 |     10 | 0.919267 | 1.000000 | 1.143333 | 1.063333 | 1.126667 |  -1.846176 |      400 |      343 |       57 |   9.001677 |     10 | 0.907076 | 2.352992
1203 | 360600.0 | 360900.0 | 0.006600 | 0.017151 |   9.001677 |     10 | 0.907076 | 1.000000 | 1.116667 | 1.103333 | 1.050000 |   1.554860 |      398 |      335 |       63 |   9.000907 |     10 | 0.917338 | 2.093142
1204 | 360900.0 | 361200.0 | 0.006596 | 0.017148 |   9.000907 |     10 | 0.917338 | 1.000000 | 1.170000 | 1.086667 | 1.080000 |   0.194381 |      402 |      351 |       51 |   8.999785 |      9 | 0.918620 | 2.060674
1205 | 361200.0 | 361500.0 | 0.006593 | 0.017146 |   8.999785 |      9 | 0.918620 | 1.000000 | 1.053333 | 1.023333 | 1.000000 |   0.680414 |      362 |      316 |       47 |   8.999434 |      9 | 0.923106 | 1.947084
1206 | 361500.0 | 361800.0 | 0.006589 | 0.017144 |   8.999434 |      9 | 0.923106 | 1.000000 | 0.976667 | 0.990000 | 1.020000 |  -0.874923 |      355 |      293 |       62 |   8.999587 |      9 | 0.917341 | 2.093067
1207 | 361800.0 | 362100.0 | 0.006586 | 0.017142 |   8.999587 |      9 | 0.917341 | 1.000000 | 1.056667 | 1.013333 | 0.976667 |   1.069478 |      363 |      317 |       46 |   8.999214 |      9 | 0.924384 | 1.914718
1208 | 362100.0 | 362400.0 | 0.006582 | 0.017140 |   8.999214 |      9 | 0.924384 | 1.000000 | 1.063333 | 1.000000 | 0.993333 |   0.194474 |      363 |      319 |       44 |   8.998797 |      9 | 0.925664 | 1.882304
1209 | 362400.0 | 362700.0 | 0.006579 | 0.017138 |   8.998797 |      9 | 0.925664 | 1.000000 | 1.003333 | 1.013333 | 0.973333 |   1.166981 |      356 |      301 |       56 |   8.998775 |      9 | 0.933342 | 1.687903
1210 | 362700.0 | 363000.0 | 0.006575 | 0.017136 |   8.998775 |      9 | 0.933342 | 1.000000 | 1.056667 | 0.976667 | 1.013333 |  -1.069860 |      363 |      317 |       45 |   8.998403 |      9 | 0.926307 | 1.866030
1211 | 363000.0 | 363300.0 | 0.006572 | 0.017134 |   8.998403 |      9 | 0.926307 | 1.000000 | 1.003333 | 1.040000 | 1.010000 |   0.875444 |      357 |      301 |       56 |   8.998381 |      9 | 0.932060 | 1.720350
1212 | 363300.0 | 363600.0 | 0.006568 | 0.017132 |   8.998381 |      9 | 0.932060 | 1.000000 | 1.036667 | 1.016667 | 1.016667 |   0.000000 |      360 |      311 |       49 |   8.998140 |      9 | 0.932060 | 1.720350
1213 | 363600.0 | 363900.0 | 0.006565 | 0.017130 |   8.998140 |      9 | 0.932060 | 1.000000 | 0.976667 | 0.993333 | 0.996667 |  -0.097295 |      354 |      293 |       61 |   8.998293 |      9 | 0.931422 | 1.736523
1214 | 363900.0 | 364200.0 | 0.006561 | 0.017128 |   8.998293 |      9 | 0.931422 | 1.000000 | 1.016667 | 0.946667 | 0.943333 |   0.097306 |      357 |      305 |       52 |   8.998184 |      9 | 0.932060 | 1.720357
1215 | 364200.0 | 364500.0 | 0.006558 | 0.017126 |   8.998184 |      9 | 0.932060 | 1.000000 | 0.993333 | 1.003333 | 1.043333 |  -1.167814 |      356 |      298 |       58 |   8.998228 |      9 | 0.924402 | 1.914275
1216 | 364500.0 | 364800.0 | 0.006554 | 0.017124 |   8.998228 |      9 | 0.924402 | 1.000000 | 0.980000 | 1.026667 | 0.993333 |   0.973293 |      356 |      294 |       62 |   8.998359 |      9 | 0.930781 | 1.752743
1217 | 364800.0 | 365100.0 | 0.006551 | 0.017122 |   8.998359 |      9 | 0.930781 | 1.000000 | 1.046667 | 0.946667 | 0.993333 |  -1.362772 |      360 |      314 |       46 |   8.998053 |      9 | 0.921854 | 1.978794
1218 | 365100.0 | 365400.0 | 0.006547 | 0.017120 |   8.998053 |      9 | 0.921854 | 1.000000 | 0.983333 | 1.013333 | 0.980000 |   0.973524 |      357 |      295 |       62 |   8.998162 |      9 | 0.928228 | 1.817396
1219 | 365400.0 | 365700.0 | 0.006544 | 0.017118 |   8.998162 |      9 | 0.928228 | 1.000000 | 1.016667 | 0.990000 | 1.023333 |  -0.973639 |      356 |      305 |       51 |   8.998053 |      9 | 0.921857 | 1.978728
1220 | 365700.0 | 366000.0 | 0.006540 | 0.017116 |   8.998053 |      9 | 0.921857 | 1.000000 | 1.010000 | 0.980000 | 0.996667 |  -0.486877 |      359 |      303 |       57 |   8.997988 |      9 | 0.918672 | 2.059360
1221 | 366000.0 | 366300.0 | 0.006537 | 0.017114 |   8.997988 |      9 | 0.918672 | 1.000000 | 0.940000 | 0.993333 | 0.956667 |   1.071256 |      352 |      282 |       70 |   8.998380 |      9 | 0.925675 | 1.882042
1222 | 366300.0 | 366600.0 | 0.006533 | 0.017112 |   8.998380 |      9 | 0.925675 | 1.000000 | 1.046667 | 1.026667 | 0.996667 |   0.876586 |      361 |      314 |       46 |   8.998075 |      9 | 0.931402 | 1.737022
1223 | 366600.0 | 366900.0 | 0.006530 | 0.017110 |   8.998075 |      9 | 0.931402 | 1.000000 | 1.040000 | 1.013333 | 0.953333 |   1.753378 |      361 |      312 |       49 |   8.997814 |      9 | 0.942851 | 1.447103
1224 | 366900.0 | 367200.0 | 0.006526 | 0.017108 |   8.997814 |      9 | 0.942851 | 1.000000 | 1.010000 | 0.783333 | 0.956667 |  -5.065910 |      354 |      303 |       51 |   8.997748 |      9 | 0.909789 | 2.284303
1225 | 367200.0 | 367500.0 | 0.006523 | 0.017106 |   8.997748 |      9 | 0.909789 | 1.000000 | 0.976667 | 1.013333 | 0.960000 |   1.558925 |      356 |      293 |       63 |   8.997901 |      9 | 0.919958 | 2.026809
1226 | 367500.0 | 367800.0 | 0.006520 | 0.017104 |   8.997901 |      9 | 0.919958 | 1.000000 | 1.030000 | 1.040000 | 1.016667 |   0.682110 |      360 |      309 |       51 |   8.997705 |      9 | 0.924405 | 1.914202
1227 | 367800.0 | 368100.0 | 0.006516 | 0.017102 |   8.997705 |      9 | 0.924405 | 1.000000 | 0.986667 | 1.023333 | 0.960000 |   1.851659 |      357 |      296 |       61 |   8.997792 |      9 | 0.936470 | 1.608678
1228 | 368100.0 | 368400.0 | 0.006513 | 0.017100 |   8.997792 |      9 | 0.936470 | 1.000000 | 1.083333 | 0.966667 | 0.983333 |  -0.487336 |      364 |      325 |       39 |   8.997249 |      9 | 0.933297 | 1.689046
1229 | 368400.0 | 368700.0 | 0.006509 | 0.017098 |   8.997249 |      9 | 0.933297 | 1.000000 | 1.030000 | 0.950000 | 0.976667 |  -0.779829 |      360 |      309 |       51 |   8.997054 |      9 | 0.928220 | 1.817582
1230 | 368700.0 | 369000.0 | 0.006506 | 0.017096 |   8.997054 |      9 | 0.928220 | 1.000000 | 1.040000 | 0.993333 | 1.023333 |  -0.877410 |      360 |      312 |       48 |   8.996794 |      9 | 0.922512 | 1.962126
1231 | 369000.0 | 369300.0 | 0.006502 | 0.017094 |   8.996794 |      9 | 0.922512 | 1.000000 | 1.003333 | 0.963333 | 1.020000 |  -1.657525 |      358 |      301 |       57 |   8.996772 |      9 | 0.911734 | 2.235042
1232 | 369300.0 | 369600.0 | 0.006499 | 0.017092 |   8.996772 |      9 | 0.911734 | 1.000000 | 1.040000 | 0.983333 | 0.960000 |   0.682590 |      362 |      312 |       50 |   8.996512 |      9 | 0.916170 | 2.122711
1233 | 369600.0 | 369900.0 | 0.006496 | 0.017090 |   8.996512 |      9 | 0.916170 | 1.000000 | 1.046667 | 0.970000 | 0.973333 |  -0.097524 |      361 |      314 |       47 |   8.996209 |      9 | 0.915537 | 2.138751
1234 | 369900.0 | 370200.0 | 0.006492 | 0.017088 |   8.996209 |      9 | 0.915537 | 1.000000 | 0.980000 | 0.986667 | 0.986667 |   0.000000 |      356 |      294 |       64 |   8.996339 |      9 | 0.915537 | 2.138751
1235 | 370200.0 | 370500.0 | 0.006489 | 0.017086 |   8.996339 |      9 | 0.915537 | 1.000000 | 1.070000 | 1.080000 | 0.920000 |   4.682259 |      365 |      321 |       42 |   8.995885 |      9 | 0.945919 | 1.369423
1236 | 370500.0 | 370800.0 | 0.006485 | 0.017084 |   8.995885 |      9 | 0.945919 | 1.000000 | 1.006667 | 0.776667 | 1.003333 |  -6.633975 |      354 |      302 |       52 |   8.995841 |      9 | 0.902895 | 2.458861
1237 | 370800.0 | 371100.0 | 0.006482 | 0.017082 |   8.995841 |      9 | 0.902895 | 1.000000 | 0.970000 | 0.960000 | 0.970000 |  -0.292709 |      356 |      291 |       65 |   8.996036 |      9 | 0.900998 | 2.506905
1238 | 371100.0 | 371400.0 | 0.006479 | 0.017080 |   8.996036 |      9 | 0.900998 | 1.000000 | 1.006667 | 0.980000 | 0.956667 |   0.683068 |      358 |      302 |       56 |   8.995993 |      9 | 0.905423 | 2.394848
1239 | 371400.0 | 371700.0 | 0.006475 | 0.017078 |   8.995993 |      9 | 0.905423 | 1.000000 | 1.053333 | 0.993333 | 0.930000 |   1.854259 |      364 |      316 |       48 |   8.995647 |      9 | 0.917430 | 2.090818
1240 | 371700.0 | 372000.0 | 0.006472 | 0.017076 |   8.995647 |      9 | 0.917430 | 1.000000 | 1.000000 | 1.003333 | 0.996667 |   0.195208 |      358 |      300 |       58 |   8.995647 |      9 | 0.918693 | 2.058827
1241 | 372000.0 | 372300.0 | 0.006468 | 0.017074 |   8.995647 |      9 | 0.918693 | 1.000000 | 1.016667 | 1.036667 | 0.980000 |   1.659459 |      359 |      305 |       54 |   8.995539 |      9 | 0.929427 | 1.787021
1242 | 372300.0 | 372600.0 | 0.006465 | 0.017072 |   8.995539 |      9 | 0.929427 | 1.000000 | 0.976667 | 0.943333 | 0.980000 |  -1.073892 |      355 |      293 |       62 |   8.995690 |      9 | 0.922485 | 1.962824
1243 | 372600.0 | 372900.0 | 0.006462 | 0.017070 |   8.995690 |      9 | 0.922485 | 1.000000 | 1.036667 | 1.026667 | 1.036667 |  -0.292914 |      361 |      311 |       50 |   8.995453 |      9 | 0.920592 | 2.010751
1244 | 372900.0 | 373200.0 | 0.006458 | 0.017068 |   8.995453 |      9 | 0.920592 | 1.000000 | 0.996667 | 1.000000 | 0.993333 |   0.195298 |      357 |      299 |       58 |   8.995475 |      9 | 0.921853 | 1.978813
1245 | 373200.0 | 373500.0 | 0.006455 | 0.017066 |   8.995475 |      9 | 0.921853 | 1.000000 | 1.063333 | 0.956667 | 0.970000 |  -0.390642 |      364 |      319 |       46 |   8.995066 |      9 | 0.919332 | 2.042664
1246 | 373500.0 | 373800.0 | 0.006452 | 0.017064 |   8.995066 |      9 | 0.919332 | 1.000000 | 0.950000 | 0.976667 | 0.993333 |  -0.488359 |      353 |      285 |       67 |   8.995389 |      9 | 0.916181 | 2.122445
1247 | 373800.0 | 374100.0 | 0.006448 | 0.017062 |   8.995389 |      9 | 0.916181 | 1.000000 | 0.950000 | 1.010000 | 1.030000 |  -0.586099 |      352 |      285 |       67 |   8.995711 |      9 | 0.912402 | 2.218144
1248 | 374100.0 | 374400.0 | 0.006445 | 0.017060 |   8.995711 |      9 | 0.912402 | 1.000000 | 1.013333 | 0.986667 | 0.920000 |   1.953889 |      360 |      304 |       56 |   8.995625 |      9 | 0.924994 | 1.899276
1249 | 374400.0 | 374700.0 | 0.006442 | 0.017058 |   8.995625 |      9 | 0.924994 | 1.000000 | 1.026667 | 0.946667 | 0.973333 |  -0.781646 |      359 |      308 |       52 |   8.995453 |      9 | 0.919959 | 2.026772
1250 | 374700.0 | 375000.0 | 0.006438 | 0.017056 |   8.995453 |      9 | 0.919959 | 1.000000 | 1.020000 | 1.000000 | 0.970000 |   0.879453 |      360 |      306 |       53 |   8.995325 |      9 | 0.925621 | 1.883397
1251 | 375000.0 | 375300.0 | 0.006435 | 0.017054 |   8.995325 |      9 | 0.925621 | 1.000000 | 1.073333 | 1.000000 | 0.983333 |   0.488641 |      365 |      322 |       43 |   8.994853 |      9 | 0.928766 | 1.803777
1252 | 375300.0 | 375600.0 | 0.006432 | 0.017052 |   8.994853 |      9 | 0.928766 | 1.000000 | 1.026667 | 1.026667 | 0.986667 |   1.172875 |      359 |      308 |       51 |   8.994681 |      9 | 0.936309 | 1.612765
1253 | 375600.0 | 375900.0 | 0.006428 | 0.017050 |   8.994681 |      9 | 0.936309 | 1.000000 | 1.043333 | 0.983333 | 0.970000 |   0.391003 |      361 |      313 |       49 |   8.994403 |      9 | 0.938822 | 1.549120
1254 | 375900.0 | 376200.0 | 0.006425 | 0.017048 |   8.994403 |      9 | 0.938822 | 1.000000 | 1.116667 | 0.906667 | 0.993333 |  -2.541814 |      366 |      335 |       31 |   8.993653 |      9 | 0.922492 | 1.962647
1255 | 376200.0 | 376500.0 | 0.006422 | 0.017046 |   8.993653 |      9 | 0.922492 | 1.000000 | 1.026667 | 1.036667 | 1.013333 |   0.684413 |      360 |      308 |       52 |   8.993482 |      9 | 0.926887 | 1.851357
1256 | 376500.0 | 376800.0 | 0.006418 | 0.017044 |   8.993482 |      9 | 0.926887 | 1.000000 | 1.020000 | 0.973333 | 1.023333 |  -1.466768 |      359 |      306 |       52 |   8.993353 |      9 | 0.917472 | 2.089739
1257 | 376800.0 | 377100.0 | 0.006415 | 0.017042 |   8.993353 |      9 | 0.917472 | 1.000000 | 1.006667 | 1.053333 | 1.036667 |   0.488979 |      357 |      302 |       55 |   8.993311 |      9 | 0.920609 | 2.010310
1258 | 377100.0 | 377400.0 | 0.006412 | 0.017040 |   8.993311 |      9 | 0.920609 | 1.000000 | 1.006667 | 1.003333 | 0.926667 |   2.249561 |      359 |      302 |       57 |   8.993268 |      9 | 0.935033 | 1.645085
1259 | 377400.0 | 377700.0 | 0.006408 | 0.017038 |   8.993268 |      9 | 0.935033 | 1.000000 | 0.973333 | 0.996667 | 0.963333 |   0.978182 |      352 |      292 |       60 |   8.993439 |      9 | 0.941301 | 1.486355
1260 | 377700.0 | 378000.0 | 0.006405 | 0.017036 |   8.993439 |      9 | 0.941301 | 1.000000 | 1.003333 | 0.906667 | 1.003333 |  -2.837053 |      353 |      301 |       52 |   8.993418 |      9 | 0.923130 | 1.946488
1261 | 378000.0 | 378300.0 | 0.006402 | 0.017035 |   8.993418 |      9 | 0.923130 | 1.000000 | 0.986667 | 1.016667 | 0.973333 |   1.271928 |      356 |      296 |       61 |   8.993503 |      9 | 0.931272 | 1.740303
1262 | 378300.0 | 378600.0 | 0.006398 | 0.017033 |   8.993503 |      9 | 0.931272 | 1.000000 | 1.066667 | 1.013333 | 1.010000 |   0.097852 |      363 |      320 |       42 |   8.993076 |      9 | 0.931898 | 1.724450
1263 | 378600.0 | 378900.0 | 0.006395 | 0.017031 |   8.993076 |      9 | 0.931898 | 1.000000 | 1.050000 | 1.026667 | 1.023333 |   0.097863 |      360 |      315 |       45 |   8.992757 |      9 | 0.932524 | 1.708602
1264 | 378900.0 | 379200.0 | 0.006392 | 0.017029 |   8.992757 |      9 | 0.932524 | 1.000000 | 0.983333 | 1.013333 | 0.960000 |   1.565987 |      354 |      295 |       59 |   8.992863 |      9 | 0.942534 | 1.455141
1265 | 379200.0 | 379500.0 | 0.006389 | 0.017027 |   8.992863 |      9 | 0.942534 | 1.000000 | 1.023333 | 0.870000 | 0.966667 |  -2.838675 |      357 |      307 |       50 |   8.992714 |      9 | 0.924399 | 1.914356
1266 | 379500.0 | 379800.0 | 0.006385 | 0.017025 |   8.992714 |      9 | 0.924399 | 1.000000 | 1.030000 | 0.990000 | 0.950000 |   1.174758 |      360 |      309 |       51 |   8.992522 |      9 | 0.931900 | 1.724412
1267 | 379800.0 | 380100.0 | 0.006382 | 0.017023 |   8.992522 |      9 | 0.931900 | 1.000000 | 1.010000 | 1.000000 | 0.940000 |   1.762338 |      355 |      303 |       52 |   8.992459 |      9 | 0.943147 | 1.439609
1268 | 380100.0 | 380400.0 | 0.006379 | 0.017021 |   8.992459 |      9 | 0.943147 | 1.000000 | 1.066667 | 0.860000 | 1.023333 |  -4.798021 |      360 |      320 |       40 |   8.992033 |      9 | 0.912542 | 2.214597
1269 | 380400.0 | 380700.0 | 0.006376 | 0.017019 |   8.992033 |      9 | 0.912542 | 1.000000 | 0.926667 | 0.966667 | 0.936667 |   0.881369 |      351 |      278 |       73 |   8.992501 |      9 | 0.918161 | 2.072309
1270 | 380700.0 | 381000.0 | 0.006372 | 0.017017 |   8.992501 |      9 | 0.918161 | 1.000000 | 1.003333 | 0.976667 | 1.033333 |  -1.664998 |      357 |      301 |       56 |   8.992480 |      9 | 0.907551 | 2.340968
1271 | 381000.0 | 381300.0 | 0.006369 | 0.017015 |   8.992480 |      9 | 0.907551 | 1.000000 | 0.990000 | 0.940000 | 0.973333 |  -0.979522 |      357 |      297 |       60 |   8.992543 |      9 | 0.901312 | 2.498941
1272 | 381300.0 | 381600.0 | 0.006366 | 0.017013 |   8.992543 |      9 | 0.901312 | 1.000000 | 1.006667 | 1.006667 | 0.963333 |   1.273523 |      360 |      302 |       58 |   8.992501 |      9 | 0.909419 | 2.293658
1273 | 381600.0 | 381900.0 | 0.006363 | 0.017011 |   8.992501 |      9 | 0.909419 | 1.000000 | 0.973333 | 1.010000 | 0.943333 |   1.959488 |      355 |      292 |       63 |   8.992671 |      9 | 0.921887 | 1.977964
1274 | 381900.0 | 382200.0 | 0.006359 | 0.017009 |   8.992671 |      9 | 0.921887 | 1.000000 | 1.040000 | 0.990000 | 0.990000 |   0.000000 |      361 |      312 |       49 |   8.992416 |      9 | 0.921887 | 1.977964
1275 | 382200.0 | 382500.0 | 0.006356 | 0.017007 |   8.992416 |      9 | 0.921887 | 1.000000 | 1.043333 | 1.006667 | 0.996667 |   0.293990 |      361 |      313 |       49 |   8.992141 |      9 | 0.923755 | 1.930647
1276 | 382500.0 | 382800.0 | 0.006353 | 0.017005 |   8.992141 |      9 | 0.923755 | 1.000000 | 1.003333 | 1.000000 | 0.963333 |   1.078085 |      358 |      301 |       57 |   8.992120 |      9 | 0.930604 | 1.757222
1277 | 382800.0 | 383100.0 | 0.006350 | 0.017004 |   8.992120 |      9 | 0.930604 | 1.000000 | 1.010000 | 0.996667 | 1.026667 |  -0.882169 |      356 |      303 |       52 |   8.992056 |      9 | 0.925003 | 1.899059
1278 | 383100.0 | 383400.0 | 0.006346 | 0.017002 |   8.992056 |      9 | 0.925003 | 1.000000 | 0.993333 | 0.993333 | 0.983333 |   0.294090 |      356 |      298 |       58 |   8.992098 |      9 | 0.926869 | 1.851799
1279 | 383400.0 | 383700.0 | 0.006343 | 0.017000 |   8.992098 |      9 | 0.926869 | 1.000000 | 0.986667 | 0.996667 | 1.066667 |  -2.058860 |      357 |      296 |       61 |   8.992183 |      9 | 0.913809 | 2.182492
1280 | 383700.0 | 384000.0 | 0.006340 | 0.016998 |   8.992183 |      9 | 0.913809 | 1.000000 | 1.023333 | 0.976667 | 1.000000 |  -0.686364 |      360 |      307 |       53 |   8.992035 |      9 | 0.909458 | 2.292679
1281 | 384000.0 | 384300.0 | 0.006337 | 0.016996 |   8.992035 |      9 | 0.909458 | 1.000000 | 1.026667 | 1.070000 | 0.996667 |   2.157387 |      360 |      308 |       52 |   8.991866 |      9 | 0.923129 | 1.946512
1282 | 384300.0 | 384600.0 | 0.006334 | 0.016994 |   8.991866 |      9 | 0.923129 | 1.000000 | 1.043333 | 0.993333 | 0.950000 |   1.274963 |      362 |      313 |       49 |   8.991592 |      9 | 0.931204 | 1.742040
1283 | 384600.0 | 384900.0 | 0.006330 | 0.016992 |   8.991592 |      9 | 0.931204 | 1.000000 | 1.026667 | 1.036667 | 1.030000 |   0.196170 |      359 |      308 |       52 |   8.991423 |      9 | 0.932446 | 1.710595
1284 | 384900.0 | 385200.0 | 0.006327 | 0.016990 |   8.991423 |      9 | 0.932446 | 1.000000 | 0.993333 | 0.960000 | 0.946667 |   0.392385 |      355 |      298 |       56 |   8.991465 |      9 | 0.934928 | 1.647729
1285 | 385200.0 | 385500.0 | 0.006324 | 0.016988 |   8.991465 |      9 | 0.934928 | 1.000000 | 1.046667 | 0.933333 | 0.986667 |  -1.569715 |      359 |      314 |       45 |   8.991170 |      9 | 0.925001 | 1.899091
1286 | 385500.0 | 385800.0 | 0.006321 | 0.016986 |   8.991170 |      9 | 0.925001 | 1.000000 | 1.026667 | 0.976667 | 0.950000 |   0.784946 |      360 |      308 |       52 |   8.991001 |      9 | 0.929963 | 1.773460
1287 | 385800.0 | 386100.0 | 0.006318 | 0.016984 |   8.991001 |      9 | 0.929963 | 1.000000 | 0.990000 | 1.003333 | 0.966667 |   1.079422 |      355 |      297 |       59 |   8.991065 |      9 | 0.936782 | 1.600784
1288 | 386100.0 | 386400.0 | 0.006314 | 0.016982 |   8.991065 |      9 | 0.936782 | 1.000000 | 1.023333 | 0.973333 | 0.993333 |  -0.588842 |      357 |      307 |       49 |   8.990917 |      9 | 0.933064 | 1.694934
1289 | 386400.0 | 386700.0 | 0.006311 | 0.016981 |   8.990917 |      9 | 0.933064 | 1.000000 | 0.960000 | 0.946667 | 1.023333 |  -2.257479 |      351 |      288 |       63 |   8.991170 |      9 | 0.918817 | 2.055700
1290 | 386700.0 | 387000.0 | 0.006308 | 0.016979 |   8.991170 |      9 | 0.918817 | 1.000000 | 1.006667 | 0.983333 | 0.996667 |  -0.392649 |      361 |      302 |       59 |   8.991128 |      9 | 0.916340 | 2.118417
1291 | 387000.0 | 387300.0 | 0.006305 | 0.016977 |   8.991128 |      9 | 0.916340 | 1.000000 | 1.000000 | 0.986667 | 0.980000 |   0.196346 |      357 |      300 |       57 |   8.991128 |      9 | 0.917578 | 2.087071
1292 | 387300.0 | 387600.0 | 0.006302 | 0.016975 |   8.991128 |      9 | 0.917578 | 1.000000 | 1.016667 | 1.013333 | 0.926667 |   2.552789 |      358 |      305 |       53 |   8.991023 |      9 | 0.933665 | 1.679727
1293 | 387600.0 | 387900.0 | 0.006298 | 0.016973 |   8.991023 |      9 | 0.933665 | 1.000000 | 1.006667 | 0.976667 | 0.993333 |  -0.490976 |      357 |      302 |       55 |   8.990981 |      9 | 0.930572 | 1.758032
1294 | 387900.0 | 388200.0 | 0.006295 | 0.016971 |   8.990981 |      9 | 0.930572 | 1.000000 | 1.000000 | 1.033333 | 0.980000 |   1.571298 |      356 |      300 |       56 |   8.990981 |      9 | 0.940464 | 1.507555
1295 | 388200.0 | 388500.0 | 0.006292 | 0.016969 |   8.990981 |      9 | 0.940464 | 1.000000 | 1.056667 | 0.906667 | 0.970000 |  -1.866125 |      359 |      317 |       43 |   8.990624 |      9 | 0.928722 | 1.804880
1296 | 388500.0 | 388800.0 | 0.006289 | 0.016967 |   8.990624 |      9 | 0.928722 | 1.000000 | 1.020000 | 0.920000 | 0.906667 |   0.392912 |      358 |      306 |       51 |   8.990498 |      9 | 0.931193 | 1.742310
1297 | 388800.0 | 389100.0 | 0.006286 | 0.016965 |   8.990498 |      9 | 0.931193 | 1.000000 | 0.963333 | 1.006667 | 1.023333 |  -0.491195 |      352 |      289 |       63 |   8.990729 |      9 | 0.928106 | 1.820492
1298 | 389100.0 | 389400.0 | 0.006283 | 0.016964 |   8.990729 |      9 | 0.928106 | 1.000000 | 1.013333 | 0.983333 | 1.003333 |  -0.589500 |      358 |      304 |       54 |   8.990645 |      9 | 0.924402 | 1.914275
1299 | 389400.0 | 389700.0 | 0.006280 | 0.016962 |   8.990645 |      9 | 0.924402 | 1.000000 | 0.993333 | 1.003333 | 0.986667 |   0.491304 |      358 |      298 |       60 |   8.990687 |      9 | 0.927487 | 1.836153
1300 | 389700.0 | 390000.0 | 0.006276 | 0.016960 |   8.990687 |      9 | 0.927487 | 1.000000 | 0.966667 | 1.016667 | 1.010000 |   0.196544 |      352 |      290 |       62 |   8.990896 |      9 | 0.928721 | 1.804917
1301 | 390000.0 | 390300.0 | 0.006273 | 0.016958 |   8.990896 |      9 | 0.928721 | 1.000000 | 1.020000 | 0.973333 | 0.960000 |   0.393131 |      358 |      306 |       52 |   8.990771 |      9 | 0.931187 | 1.742468
1302 | 390300.0 | 390600.0 | 0.006270 | 0.016956 |   8.990771 |      9 | 0.931187 | 1.000000 | 1.030000 | 0.950000 | 0.980000 |  -0.884642 |      359 |      309 |       50 |   8.990582 |      9 | 0.925640 | 1.882923
1303 | 390600.0 | 390900.0 | 0.006267 | 0.016954 |   8.990582 |      9 | 0.925640 | 1.000000 | 1.020000 | 1.063333 | 0.990000 |   2.162699 |      360 |      306 |       54 |   8.990457 |      9 | 0.939194 | 1.539722
1304 | 390900.0 | 391200.0 | 0.006264 | 0.016952 |   8.990457 |      9 | 0.939194 | 1.000000 | 1.056667 | 0.910000 | 1.046667 |  -4.030931 |      359 |      317 |       42 |   8.990102 |      9 | 0.913944 | 2.179076
1305 | 391200.0 | 391500.0 | 0.006261 | 0.016950 |   8.990102 |      9 | 0.913944 | 1.000000 | 1.020000 | 1.023333 | 0.983333 |   1.179915 |      360 |      306 |       54 |   8.989977 |      9 | 0.921332 | 1.992020
1306 | 391500.0 | 391800.0 | 0.006258 | 0.016948 |   8.989977 |      9 | 0.921332 | 1.000000 | 1.036667 | 1.010000 | 0.933333 |   2.261755 |      361 |      311 |       50 |   8.989747 |      9 | 0.935485 | 1.633636
1307 | 391800.0 | 392100.0 | 0.006255 | 0.016947 |   8.989747 |      9 | 0.935485 | 1.000000 | 1.060000 | 0.960000 | 0.983333 |  -0.688436 |      358 |      318 |       40 |   8.989372 |      9 | 0.931179 | 1.742667
1308 | 392100.0 | 392400.0 | 0.006251 | 0.016945 |   8.989372 |      9 | 0.931179 | 1.000000 | 1.016667 | 0.976667 | 1.046667 |  -2.065537 |      359 |      305 |       54 |   8.989268 |      9 | 0.918266 | 2.069635
1309 | 392400.0 | 392700.0 | 0.006248 | 0.016943 |   8.989268 |      9 | 0.918266 | 1.000000 | 0.996667 | 0.983333 | 1.013333 |  -0.885328 |      357 |      299 |       58 |   8.989289 |      9 | 0.912735 | 2.209709
1310 | 392700.0 | 393000.0 | 0.006245 | 0.016941 |   8.989289 |      9 | 0.912735 | 1.000000 | 1.006667 | 1.006667 | 0.946667 |   1.770851 |      360 |      302 |       58 |   8.989247 |      9 | 0.923794 | 1.929668
1311 | 393000.0 | 393300.0 | 0.006242 | 0.016939 |   8.989247 |      9 | 0.923794 | 1.000000 | 0.983333 | 0.946667 | 1.026667 |  -2.361395 |      356 |      295 |       61 |   8.989351 |      9 | 0.909054 | 2.302912
1312 | 393300.0 | 393600.0 | 0.006239 | 0.016937 |   8.989351 |      9 | 0.909054 | 1.000000 | 1.023333 | 0.950000 | 0.996667 |  -1.377632 |      361 |      307 |       55 |   8.989206 |      9 | 0.900459 | 2.520554
1313 | 393600.0 | 393900.0 | 0.006236 | 0.016935 |   8.989206 |      9 | 0.900459 | 1.000000 | 1.020000 | 0.993333 | 0.906667 |   2.558742 |      360 |      306 |       53 |   8.989081 |      9 | 0.916415 | 2.116518
1314 | 393900.0 | 394200.0 | 0.006233 | 0.016934 |   8.989081 |      9 | 0.916415 | 1.000000 | 1.020000 | 0.983333 | 0.956667 |   0.787392 |      360 |      306 |       54 |   8.988956 |      9 | 0.921323 | 1.992247
1315 | 394200.0 | 394500.0 | 0.006230 | 0.016932 |   8.988956 |      9 | 0.921323 | 1.000000 | 1.110000 | 1.046667 | 1.020000 |   0.787478 |      369 |      333 |       36 |   8.988271 |      9 | 0.926228 | 1.868024
1316 | 394500.0 | 394800.0 | 0.006227 | 0.016930 |   8.988271 |      9 | 0.926228 | 1.000000 | 1.023333 | 1.050000 | 0.930000 |   3.544042 |      357 |      307 |       50 |   8.988126 |      9 | 0.948296 | 1.309235
1317 | 394800.0 | 395100.0 | 0.006224 | 0.016928 |   8.988126 |      9 | 0.948296 | 1.000000 | 0.953333 | 0.753333 | 0.980000 |  -6.695036 |      345 |      286 |       59 |   8.988416 |      9 | 0.906629 | 2.364320
1318 | 395100.0 | 395400.0 | 0.006221 | 0.016926 |   8.988416 |      9 | 0.906629 | 1.000000 | 1.026667 | 1.020000 | 0.926667 |   2.757082 |      361 |      308 |       53 |   8.988250 |      9 | 0.923779 | 1.930040
1319 | 395400.0 | 395700.0 | 0.006217 | 0.016924 |   8.988250 |      9 | 0.923779 | 1.000000 | 1.006667 | 0.926667 | 1.006667 |  -2.363472 |      358 |      302 |       56 |   8.988209 |      9 | 0.909085 | 2.302137
1320 | 395700.0 | 396000.0 | 0.006214 | 0.016922 |   8.988209 |      9 | 0.909085 | 1.000000 | 1.020000 | 0.983333 | 0.923333 |   1.772798 |      361 |      306 |       55 |   8.988085 |      9 | 0.920101 | 2.023171
1321 | 396000.0 | 396300.0 | 0.006211 | 0.016921 |   8.988085 |      9 | 0.920101 | 1.000000 | 1.036667 | 0.993333 | 1.010000 |  -0.492498 |      362 |      311 |       51 |   8.987857 |      9 | 0.917042 | 2.100632
1322 | 396300.0 | 396600.0 | 0.006208 | 0.016919 |   8.987857 |      9 | 0.917042 | 1.000000 | 0.946667 | 0.970000 | 1.040000 |  -2.068717 |      353 |      284 |       69 |   8.988188 |      9 | 0.904199 | 2.425842
1323 | 396600.0 | 396900.0 | 0.006205 | 0.016917 |   8.988188 |      9 | 0.904199 | 1.000000 | 0.953333 | 0.996667 | 0.910000 |   2.561549 |      353 |      286 |       67 |   8.988477 |      9 | 0.920094 | 2.023355
1324 | 396900.0 | 397200.0 | 0.006202 | 0.016915 |   8.988477 |      9 | 0.920094 | 1.000000 | 1.010000 | 1.013333 | 1.053333 |  -1.182383 |      359 |      303 |       56 |   8.988415 |      9 | 0.912761 | 2.209047
1325 | 397200.0 | 397500.0 | 0.006199 | 0.016913 |   8.988415 |      9 | 0.912761 | 1.000000 | 1.020000 | 0.980000 | 1.006667 |  -0.788341 |      361 |      306 |       55 |   8.988291 |      9 | 0.907874 | 2.332795
1326 | 397500.0 | 397800.0 | 0.006196 | 0.016911 |   8.988291 |      9 | 0.907874 | 1.000000 | 1.043333 | 0.986667 | 0.920000 |   1.971068 |      362 |      313 |       49 |   8.988023 |      9 | 0.920087 | 2.023544
1327 | 397800.0 | 398100.0 | 0.006193 | 0.016909 |   8.988023 |      9 | 0.920087 | 1.000000 | 1.040000 | 1.020000 | 0.986667 |   0.985641 |      361 |      312 |       49 |   8.987775 |      9 | 0.926191 | 1.868978
1328 | 398100.0 | 398400.0 | 0.006190 | 0.016908 |   8.987775 |      9 | 0.926191 | 1.000000 | 1.000000 | 0.996667 | 1.040000 |  -1.281473 |      358 |      300 |       58 |   8.987775 |      9 | 0.918258 | 2.069837
1329 | 398400.0 | 398700.0 | 0.006187 | 0.016906 |   8.987775 |      9 | 0.918258 | 1.000000 | 0.983333 | 1.020000 | 0.953333 |   1.971712 |      356 |      295 |       61 |   8.987878 |      9 | 0.930457 | 1.760940
1330 | 398700.0 | 399000.0 | 0.006184 | 0.016904 |   8.987878 |      9 | 0.930457 | 1.000000 | 1.030000 | 0.983333 | 0.963333 |   0.591578 |      359 |      309 |       51 |   8.987693 |      9 | 0.934116 | 1.668306
1331 | 399000.0 | 399300.0 | 0.006181 | 0.016902 |   8.987693 |      9 | 0.934116 | 1.000000 | 1.013333 | 1.023333 | 0.973333 |   1.479105 |      356 |      304 |       51 |   8.987610 |      9 | 0.943258 | 1.436810
1332 | 399300.0 | 399600.0 | 0.006178 | 0.016900 |   8.987610 |      9 | 0.943258 | 1.000000 | 0.960000 | 0.870000 | 0.976667 |  -3.155767 |      349 |      288 |       61 |   8.987858 |      9 | 0.923762 | 1.930481
1333 | 399600.0 | 399900.0 | 0.006175 | 0.016898 |   8.987858 |      9 | 0.923762 | 1.000000 | 1.000000 | 0.986667 | 1.040000 |  -1.578055 |      356 |      300 |       57 |   8.987858 |      9 | 0.914018 | 2.177223
1334 | 399900.0 | 400200.0 | 0.006172 | 0.016897 |   8.987858 |      9 | 0.914018 | 1.000000 | 1.066667 | 0.983333 | 0.916667 |   1.972782 |      366 |      320 |       45 |   8.987446 |      9 | 0.926193 | 1.868913
1335 | 400200.0 | 400500.0 | 0.006169 | 0.016895 |   8.987446 |      9 | 0.926193 | 1.000000 | 0.986667 | 1.070000 | 0.970000 |   2.959494 |      354 |      296 |       58 |   8.987528 |      9 | 0.944450 | 1.406623
1336 | 400500.0 | 400800.0 | 0.006166 | 0.016893 |   8.987528 |      9 | 0.944450 | 1.000000 | 1.053333 | 0.850000 | 0.936667 |  -2.565173 |      358 |      316 |       42 |   8.987200 |      9 | 0.928634 | 1.807122
1337 | 400800.0 | 401100.0 | 0.006163 | 0.016891 |   8.987200 |      9 | 0.928634 | 1.000000 | 1.080000 | 0.993333 | 0.960000 |   0.986712 |      365 |      324 |       41 |   8.986707 |      9 | 0.934714 | 1.653142
1338 | 401100.0 | 401400.0 | 0.006160 | 0.016889 |   8.986707 |      9 | 0.934714 | 1.000000 | 0.990000 | 0.973333 | 0.996667 |  -0.690773 |      353 |      297 |       56 |   8.986768 |      9 | 0.930459 | 1.760887
1339 | 401400.0 | 401700.0 | 0.006157 | 0.016887 |   8.986768 |      9 | 0.930459 | 1.000000 | 1.016667 | 0.990000 | 0.970000 |   0.592155 |      359 |      305 |       54 |   8.986665 |      9 | 0.934105 | 1.668570
1340 | 401700.0 | 402000.0 | 0.006154 | 0.016886 |   8.986665 |      9 | 0.934105 | 1.000000 | 0.983333 | 0.976667 | 0.993333 |  -0.493516 |      353 |      295 |       58 |   8.986768 |      9 | 0.931068 | 1.745472
1341 | 402000.0 | 402300.0 | 0.006151 | 0.016884 |   8.986768 |      9 | 0.931068 | 1.000000 | 1.046667 | 0.993333 | 1.003333 |  -0.296141 |      361 |      314 |       47 |   8.986481 |      9 | 0.929247 | 1.791596
1342 | 402300.0 | 402600.0 | 0.006148 | 0.016882 |   8.986481 |      9 | 0.929247 | 1.000000 | 0.976667 | 0.946667 | 0.996667 |  -1.480866 |      354 |      293 |       61 |   8.986624 |      9 | 0.920142 | 2.022129
1343 | 402600.0 | 402900.0 | 0.006145 | 0.016880 |   8.986624 |      9 | 0.920142 | 1.000000 | 1.066667 | 0.956667 | 1.010000 |  -1.579761 |      364 |      320 |       44 |   8.986215 |      9 | 0.910435 | 2.267938
1344 | 402900.0 | 403200.0 | 0.006142 | 0.016878 |   8.986215 |      9 | 0.910435 | 1.000000 | 0.996667 | 1.003333 | 0.963333 |   1.184948 |      358 |      299 |       59 |   8.986235 |      9 | 0.917713 | 2.083651
1345 | 403200.0 | 403500.0 | 0.006139 | 0.016877 |   8.986235 |      9 | 0.917713 | 1.000000 | 0.976667 | 0.980000 | 0.970000 |   0.296269 |      355 |      293 |       62 |   8.986379 |      9 | 0.919532 | 2.037597
1346 | 403500.0 | 403800.0 | 0.006136 | 0.016875 |   8.986379 |      9 | 0.919532 | 1.000000 | 1.006667 | 0.993333 | 0.956667 |   1.086436 |      356 |      302 |       54 |   8.986338 |      9 | 0.926198 | 1.868794
1347 | 403800.0 | 404100.0 | 0.006133 | 0.016873 |   8.986338 |      9 | 0.926198 | 1.000000 | 1.013333 | 1.000000 | 1.010000 |  -0.296333 |      359 |      304 |       55 |   8.986256 |      9 | 0.924381 | 1.914814
1348 | 404100.0 | 404400.0 | 0.006130 | 0.016871 |   8.986256 |      9 | 0.924381 | 1.000000 | 1.043333 | 1.043333 | 0.966667 |   2.272127 |      362 |      313 |       49 |   8.985990 |      9 | 0.938309 | 1.562128
1349 | 404400.0 | 404700.0 | 0.006127 | 0.016869 |   8.985990 |      9 | 0.938309 | 1.000000 | 1.040000 | 0.926667 | 0.990000 |  -1.877176 |      358 |      312 |       46 |   8.985745 |      9 | 0.926807 | 1.853367
1350 | 404700.0 | 405000.0 | 0.006124 | 0.016868 |   8.985745 |      9 | 0.926807 | 1.000000 | 1.026667 | 1.026667 | 0.976667 |   1.482140 |      360 |      308 |       52 |   8.985582 |      9 | 0.935884 | 1.623528
1351 | 405000.0 | 405300.0 | 0.006121 | 0.016866 |   8.985582 |      9 | 0.935884 | 1.000000 | 1.003333 | 0.916667 | 1.030000 |  -3.359877 |      355 |      301 |       54 |   8.985561 |      9 | 0.915318 | 2.144302
1352 | 405300.0 | 405600.0 | 0.006118 | 0.016864 |   8.985561 |      9 | 0.915318 | 1.000000 | 1.033333 | 1.023333 | 1.040000 |  -0.494152 |      362 |      310 |       52 |   8.985357 |      9 | 0.912294 | 2.220858
1353 | 405600.0 | 405900.0 | 0.006115 | 0.016862 |   8.985357 |      9 | 0.912294 | 1.000000 | 1.020000 | 1.023333 | 0.980000 |   1.284934 |      361 |      306 |       55 |   8.985235 |      9 | 0.920152 | 2.021887
1354 | 405900.0 | 406200.0 | 0.006112 | 0.016860 |   8.985235 |      9 | 0.920152 | 1.000000 | 1.026667 | 0.986667 | 1.003333 |  -0.494258 |      359 |      308 |       51 |   8.985072 |      9 | 0.917131 | 2.098386
1355 | 406200.0 | 406500.0 | 0.006109 | 0.016858 |   8.985072 |      9 | 0.917131 | 1.000000 | 1.026667 | 1.036667 | 1.000000 |   1.087484 |      360 |      308 |       53 |   8.984909 |      9 | 0.923775 | 1.930152
1356 | 406500.0 | 406800.0 | 0.006106 | 0.016857 |   8.984909 |      9 | 0.923775 | 1.000000 | 1.016667 | 1.070000 | 0.996667 |   2.175200 |      360 |      305 |       54 |   8.984807 |      9 | 0.937058 | 1.593812
1357 | 406800.0 | 407100.0 | 0.006103 | 0.016855 |   8.984807 |      9 | 0.937058 | 1.000000 | 0.960000 | 1.006667 | 1.000000 |   0.197767 |      350 |      288 |       62 |   8.985052 |      9 | 0.938265 | 1.563247
1358 | 407100.0 | 407400.0 | 0.006101 | 0.016853 |   8.985052 |      9 | 0.938265 | 1.000000 | 0.993333 | 0.910000 | 1.023333 |  -3.362390 |      352 |      298 |       54 |   8.985092 |      9 | 0.917752 | 2.082658
1359 | 407400.0 | 407700.0 | 0.006098 | 0.016851 |   8.985092 |      9 | 0.917752 | 1.000000 | 0.990000 | 0.990000 | 0.966667 |   0.692330 |      357 |      297 |       60 |   8.985153 |      9 | 0.921974 | 1.975760
1360 | 407700.0 | 408000.0 | 0.006095 | 0.016850 |   8.985153 |      9 | 0.921974 | 1.000000 | 0.993333 | 1.026667 | 0.956667 |   2.077212 |      357 |      298 |       59 |   8.985194 |      9 | 0.934634 | 1.655187
1361 | 408000.0 | 408300.0 | 0.006092 | 0.016848 |   8.985194 |      9 | 0.934634 | 1.000000 | 1.050000 | 1.026667 | 1.046667 |  -0.593552 |      360 |      315 |       45 |   8.984889 |      9 | 0.931018 | 1.746745
1362 | 408300.0 | 408600.0 | 0.006089 | 0.016846 |   8.984889 |      9 | 0.931018 | 1.000000 | 1.010000 | 0.986667 | 0.956667 |   0.890423 |      357 |      303 |       55 |   8.984828 |      9 | 0.936440 | 1.609459
1363 | 408600.0 | 408900.0 | 0.006086 | 0.016844 |   8.984828 |      9 | 0.936440 | 1.000000 | 0.983333 | 0.950000 | 0.996667 |  -1.385250 |      354 |      295 |       58 |   8.984930 |      9 | 0.928009 | 1.822936
1364 | 408900.0 | 409200.0 | 0.006083 | 0.016842 |   8.984930 |      9 | 0.928009 | 1.000000 | 0.963333 | 0.946667 | 1.043333 |  -2.869751 |      352 |      289 |       63 |   8.985153 |      9 | 0.910552 | 2.264973
1365 | 409200.0 | 409500.0 | 0.006080 | 0.016841 |   8.985153 |      9 | 0.910552 | 1.000000 | 0.983333 | 0.963333 | 0.960000 |   0.098967 |      356 |      295 |       61 |   8.985254 |      9 | 0.911154 | 2.249736
1366 | 409500.0 | 409800.0 | 0.006077 | 0.016839 |   8.985254 |      9 | 0.911154 | 1.000000 | 1.000000 | 1.013333 | 0.936667 |   2.276492 |      359 |      300 |       59 |   8.985254 |      9 | 0.924989 | 1.899415
1367 | 409800.0 | 410100.0 | 0.006074 | 0.016837 |   8.985254 |      9 | 0.924989 | 1.000000 | 1.016667 | 0.993333 | 0.976667 |   0.494942 |      359 |      305 |       54 |   8.985153 |      9 | 0.927995 | 1.823287
1368 | 410100.0 | 410400.0 | 0.006071 | 0.016835 |   8.985153 |      9 | 0.927995 | 1.000000 | 1.020000 | 0.996667 | 0.930000 |   1.979977 |      359 |      306 |       53 |   8.985032 |      9 | 0.940016 | 1.518886
1369 | 410400.0 | 410700.0 | 0.006069 | 0.016833 |   8.985032 |      9 | 0.940016 | 1.000000 | 1.000000 | 0.916667 | 1.033333 |  -3.465326 |      355 |      300 |       55 |   8.985032 |      9 | 0.918987 | 2.051389
1370 | 410700.0 | 411000.0 | 0.006066 | 0.016832 |   8.985032 |      9 | 0.918987 | 1.000000 | 0.996667 | 0.950000 | 0.996667 |  -1.386277 |      357 |      299 |       58 |   8.985052 |      9 | 0.910578 | 2.264312
1371 | 411000.0 | 411300.0 | 0.006063 | 0.016830 |   8.985052 |      9 | 0.910578 | 1.000000 | 0.980000 | 1.010000 | 0.976667 |   0.990302 |      356 |      294 |       62 |   8.985173 |      9 | 0.916582 | 2.112281
1372 | 411300.0 | 411600.0 | 0.006060 | 0.016828 |   8.985173 |      9 | 0.916582 | 1.000000 | 0.936667 | 1.010000 | 1.010000 |   0.000000 |      353 |      281 |       72 |   8.985557 |      9 | 0.916582 | 2.112281
1373 | 411600.0 | 411900.0 | 0.006057 | 0.016826 |   8.985557 |      9 | 0.916582 | 1.000000 | 1.026667 | 0.973333 | 1.000000 |  -0.792409 |      361 |      308 |       53 |   8.985395 |      9 | 0.911783 | 2.233816
1374 | 411900.0 | 412200.0 | 0.006054 | 0.016825 |   8.985395 |      9 | 0.911783 | 1.000000 | 0.956667 | 0.990000 | 0.996667 |  -0.198123 |      354 |      287 |       67 |   8.985658 |      9 | 0.910583 | 2.264188
1375 | 412200.0 | 412500.0 | 0.006051 | 0.016823 |   8.985658 |      9 | 0.910583 | 1.000000 | 0.963333 | 0.950000 | 0.940000 |   0.297216 |      355 |      289 |       66 |   8.985880 |      9 | 0.912382 | 2.218646
1376 | 412500.0 | 412800.0 | 0.006048 | 0.016821 |   8.985880 |      9 | 0.912382 | 1.000000 | 0.950000 | 1.013333 | 0.983333 |   0.891742 |      354 |      285 |       69 |   8.986182 |      9 | 0.917775 | 2.082071
1377 | 412800.0 | 413100.0 | 0.006046 | 0.016819 |   8.986182 |      9 | 0.917775 | 1.000000 | 0.993333 | 0.993333 | 0.933333 |   1.783671 |      357 |      298 |       59 |   8.986222 |      9 | 0.928559 | 1.809021
1378 | 413100.0 | 413400.0 | 0.006043 | 0.016817 |   8.986222 |      9 | 0.928559 | 1.000000 | 1.020000 | 0.963333 | 0.993333 |  -0.891929 |      359 |      306 |       53 |   8.986101 |      9 | 0.923169 | 1.945496
1379 | 413400.0 | 413700.0 | 0.006040 | 0.016816 |   8.986101 |      9 | 0.923169 | 1.000000 | 0.990000 | 0.983333 | 0.973333 |   0.297341 |      356 |      297 |       59 |   8.986162 |      9 | 0.924965 | 1.900021
1380 | 413700.0 | 414000.0 | 0.006037 | 0.016814 |   8.986162 |      9 | 0.924965 | 1.000000 | 1.003333 | 0.963333 | 0.976667 |  -0.396496 |      357 |      301 |       56 |   8.986142 |      9 | 0.922571 | 1.960632
1381 | 414000.0 | 414300.0 | 0.006034 | 0.016812 |   8.986142 |      9 | 0.922571 | 1.000000 | 1.040000 | 0.996667 | 0.940000 |   1.685286 |      361 |      312 |       49 |   8.985900 |      9 | 0.932740 | 1.703131
1382 | 414300.0 | 414600.0 | 0.006031 | 0.016810 |   8.985900 |      9 | 0.932740 | 1.000000 | 1.056667 | 1.006667 | 1.023333 |  -0.495724 |      363 |      317 |       46 |   8.985559 |      9 | 0.929750 | 1.778839
1383 | 414600.0 | 414900.0 | 0.006028 | 0.016809 |   8.985559 |      9 | 0.929750 | 1.000000 | 0.983333 | 0.960000 | 0.966667 |  -0.198310 |      353 |      295 |       58 |   8.985659 |      9 | 0.928555 | 1.809111
1384 | 414900.0 | 415200.0 | 0.006026 | 0.016807 |   8.985659 |      9 | 0.928555 | 1.000000 | 0.966667 | 0.970000 | 0.983333 |  -0.396662 |      354 |      290 |       64 |   8.985860 |      9 | 0.926165 | 1.869632
1385 | 415200.0 | 415500.0 | 0.006023 | 0.016805 |   8.985860 |      9 | 0.926165 | 1.000000 | 1.056667 | 0.960000 | 1.013333 |  -1.586816 |      362 |      317 |       45 |   8.985519 |      9 | 0.916608 | 2.111630
1386 | 415500.0 | 415800.0 | 0.006020 | 0.016803 |   8.985519 |      9 | 0.916608 | 1.000000 | 0.953333 | 0.980000 | 0.956667 |   0.694304 |      354 |      286 |       68 |   8.985800 |      9 | 0.920788 | 2.005795
1387 | 415800.0 | 416100.0 | 0.006017 | 0.016802 |   8.985800 |      9 | 0.920788 | 1.000000 | 1.010000 | 1.006667 | 0.953333 |   1.587147 |      357 |      303 |       54 |   8.985739 |      9 | 0.930337 | 1.763974
1388 | 416100.0 | 416400.0 | 0.006014 | 0.016800 |   8.985739 |      9 | 0.930337 | 1.000000 | 1.086667 | 0.946667 | 1.023333 |  -2.281762 |      366 |      326 |       40 |   8.985218 |      9 | 0.916615 | 2.111464
1389 | 416400.0 | 416700.0 | 0.006011 | 0.016798 |   8.985218 |      9 | 0.916615 | 1.000000 | 1.000000 | 0.953333 | 1.023333 |  -2.083566 |      358 |      300 |       59 |   8.985218 |      9 | 0.904089 | 2.428621
1390 | 416700.0 | 417000.0 | 0.006009 | 0.016796 |   8.985218 |      9 | 0.904089 | 1.000000 | 0.993333 | 0.993333 | 0.986667 |   0.198455 |      359 |      298 |       60 |   8.985258 |      9 | 0.905282 | 2.398426
1391 | 417000.0 | 417300.0 | 0.006006 | 0.016795 |   8.985258 |      9 | 0.905282 | 1.000000 | 0.993333 | 0.940000 | 0.966667 |  -0.793905 |      357 |      298 |       59 |   8.985298 |      9 | 0.900514 | 2.519160
1392 | 417300.0 | 417600.0 | 0.006003 | 0.016793 |   8.985298 |      9 | 0.900514 | 1.000000 | 1.020000 | 1.023333 | 0.940000 |   2.481210 |      361 |      306 |       55 |   8.985178 |      9 | 0.915408 | 2.142006
1393 | 417600.0 | 417900.0 | 0.006000 | 0.016791 |   8.985178 |      9 | 0.915408 | 1.000000 | 1.023333 | 1.006667 | 0.926667 |   2.382209 |      361 |      307 |       54 |   8.985038 |      9 | 0.929702 | 1.780070
1394 | 417900.0 | 418200.0 | 0.005997 | 0.016789 |   8.985038 |      9 | 0.929702 | 1.000000 | 1.020000 | 1.000000 | 0.980000 |   0.595614 |      356 |      306 |       51 |   8.984918 |      9 | 0.933274 | 1.689619
1395 | 418200.0 | 418500.0 | 0.005994 | 0.016788 |   8.984918 |      9 | 0.933274 | 1.000000 | 1.070000 | 0.983333 | 0.990000 |  -0.198559 |      363 |      321 |       41 |   8.984499 |      9 | 0.932084 | 1.719759
1396 | 418500.0 | 418800.0 | 0.005992 | 0.016786 |   8.984499 |      9 | 0.932084 | 1.000000 | 0.970000 | 0.956667 | 0.933333 |   0.695028 |      353 |      291 |       63 |   8.984678 |      9 | 0.936248 | 1.614309
1397 | 418800.0 | 419100.0 | 0.005989 | 0.016784 |   8.984678 |      9 | 0.936248 | 1.000000 | 1.040000 | 1.003333 | 0.980000 |   0.695100 |      359 |      312 |       46 |   8.984439 |      9 | 0.940411 | 1.508899
1398 | 419100.0 | 419400.0 | 0.005986 | 0.016782 |   8.984439 |      9 | 0.940411 | 1.000000 | 1.013333 | 0.896667 | 0.993333 |  -2.879997 |      354 |      304 |       50 |   8.984359 |      9 | 0.923171 | 1.945442
1399 | 419400.0 | 419700.0 | 0.005983 | 0.016781 |   8.984359 |      9 | 0.923171 | 1.000000 | 1.000000 | 0.990000 | 0.960000 |   0.893885 |      357 |      300 |       58 |   8.984359 |      9 | 0.928519 | 1.810012
1400 | 419700.0 | 420000.0 | 0.005980 | 0.016779 |   8.984359 |      9 | 0.928519 | 1.000000 | 1.033333 | 1.003333 | 0.986667 |   0.496654 |      359 |      310 |       49 |   8.984160 |      9 | 0.931490 | 1.734801
1401 | 420000.0 | 420300.0 | 0.005978 | 0.016777 |   8.984160 |      9 | 0.931490 | 1.000000 | 0.990000 | 0.993333 | 0.900000 |   2.781550 |      355 |      297 |       57 |   8.984219 |      9 | 0.948117 | 1.313770
1402 | 420300.0 | 420600.0 | 0.005975 | 0.016775 |   8.984219 |      9 | 0.948117 | 1.000000 | 0.996667 | 0.760000 | 0.990000 |  -6.855243 |      347 |      299 |       49 |   8.984239 |      9 | 0.907157 | 2.350933
1403 | 420600.0 | 420900.0 | 0.005972 | 0.016774 |   8.984239 |      9 | 0.907157 | 1.000000 | 1.023333 | 1.020000 | 0.950000 |   2.086594 |      361 |      307 |       53 |   8.984100 |      9 | 0.919619 | 2.035389
1404 | 420900.0 | 421200.0 | 0.005969 | 0.016772 |   8.984100 |      9 | 0.919619 | 1.000000 | 1.060000 | 1.003333 | 0.970000 |   0.993719 |      364 |      318 |       46 |   8.983742 |      9 | 0.925551 | 1.885185
1405 | 421200.0 | 421500.0 | 0.005967 | 0.016770 |   8.983742 |      9 | 0.925551 | 1.000000 | 1.003333 | 0.926667 | 0.976667 |  -1.490732 |      357 |      301 |       56 |   8.983722 |      9 | 0.916656 | 2.110410
1406 | 421500.0 | 421800.0 | 0.005964 | 0.016769 |   8.983722 |      9 | 0.916656 | 1.000000 | 1.003333 | 1.046667 | 1.023333 |   0.695746 |      357 |      301 |       56 |   8.983702 |      9 | 0.920805 | 2.005343
1407 | 421800.0 | 422100.0 | 0.005961 | 0.016767 |   8.983702 |      9 | 0.920805 | 1.000000 | 1.020000 | 1.043333 | 0.993333 |   1.491039 |      360 |      306 |       54 |   8.983583 |      9 | 0.929694 | 1.780281
1408 | 422100.0 | 422400.0 | 0.005958 | 0.016765 |   8.983583 |      9 | 0.929694 | 1.000000 | 1.053333 | 0.930000 | 0.966667 |  -1.093541 |      362 |      316 |       46 |   8.983265 |      9 | 0.923178 | 1.945267
1409 | 422400.0 | 422700.0 | 0.005955 | 0.016763 |   8.983265 |      9 | 0.923178 | 1.000000 | 1.030000 | 1.043333 | 1.060000 |  -0.497115 |      360 |      309 |       51 |   8.983086 |      9 | 0.920217 | 2.020233
1410 | 422700.0 | 423000.0 | 0.005953 | 0.016762 |   8.983086 |      9 | 0.920217 | 1.000000 | 1.000000 | 1.006667 | 0.893333 |   3.380731 |      358 |      300 |       58 |   8.983086 |      9 | 0.940342 | 1.510644
1411 | 423000.0 | 423300.0 | 0.005950 | 0.016760 |   8.983086 |      9 | 0.940342 | 1.000000 | 1.000000 | 0.940000 | 0.970000 |  -0.894991 |      351 |      300 |       51 |   8.983086 |      9 | 0.935017 | 1.645487
1412 | 423300.0 | 423600.0 | 0.005947 | 0.016758 |   8.983086 |      9 | 0.935017 | 1.000000 | 1.100000 | 0.936667 | 1.020000 |  -2.486342 |      366 |      330 |       36 |   8.982492 |      9 | 0.920230 | 2.019915
1413 | 423600.0 | 423900.0 | 0.005944 | 0.016757 |   8.982492 |      9 | 0.920230 | 1.000000 | 1.013333 | 0.930000 | 0.986667 |  -1.690886 |      358 |      304 |       55 |   8.982412 |      9 | 0.910179 | 2.274434
1414 | 423900.0 | 424200.0 | 0.005942 | 0.016755 |   8.982412 |      9 | 0.910179 | 1.000000 | 0.953333 | 1.013333 | 0.960000 |   1.591585 |      355 |      286 |       68 |   8.982690 |      9 | 0.919635 | 2.034972
1415 | 424200.0 | 424500.0 | 0.005939 | 0.016753 |   8.982690 |      9 | 0.919635 | 1.000000 | 0.950000 | 0.956667 | 1.036667 |  -2.387622 |      352 |      285 |       67 |   8.982987 |      9 | 0.905455 | 2.394035
1416 | 424500.0 | 424800.0 | 0.005936 | 0.016751 |   8.982987 |      9 | 0.905455 | 1.000000 | 1.016667 | 1.036667 | 0.943333 |   2.785845 |      361 |      305 |       56 |   8.982888 |      9 | 0.921993 | 1.975279
1417 | 424800.0 | 425100.0 | 0.005933 | 0.016750 |   8.982888 |      9 | 0.921993 | 1.000000 | 1.016667 | 0.986667 | 1.000000 |  -0.398018 |      358 |      305 |       53 |   8.982789 |      9 | 0.919631 | 2.035080
1418 | 425100.0 | 425400.0 | 0.005931 | 0.016748 |   8.982789 |      9 | 0.919631 | 1.000000 | 1.050000 | 0.986667 | 0.973333 |   0.398059 |      362 |      315 |       47 |   8.982492 |      9 | 0.921992 | 1.975301
1419 | 425400.0 | 425700.0 | 0.005928 | 0.016746 |   8.982492 |      9 | 0.921992 | 1.000000 | 0.990000 | 1.070000 | 0.986667 |   2.488124 |      356 |      297 |       59 |   8.982552 |      9 | 0.936741 | 1.601814
1420 | 425700.0 | 426000.0 | 0.005925 | 0.016745 |   8.982552 |      9 | 0.936741 | 1.000000 | 0.990000 | 0.940000 | 1.030000 |  -2.687448 |      354 |      297 |       57 |   8.982611 |      9 | 0.920818 | 2.005035
1421 | 426000.0 | 426300.0 | 0.005923 | 0.016743 |   8.982611 |      9 | 0.920818 | 1.000000 | 1.023333 | 1.003333 | 0.990000 |   0.398181 |      361 |      307 |       54 |   8.982473 |      9 | 0.923176 | 1.945320
1422 | 426300.0 | 426600.0 | 0.005920 | 0.016741 |   8.982473 |      9 | 0.923176 | 1.000000 | 1.010000 | 0.986667 | 0.983333 |   0.099555 |      358 |      303 |       55 |   8.982413 |      9 | 0.923765 | 1.930397
1423 | 426600.0 | 426900.0 | 0.005917 | 0.016739 |   8.982413 |      9 | 0.923765 | 1.000000 | 1.013333 | 0.993333 | 0.963333 |   0.896090 |      359 |      304 |       55 |   8.982335 |      9 | 0.929067 | 1.796134
1424 | 426900.0 | 427200.0 | 0.005914 | 0.016738 |   8.982335 |      9 | 0.929067 | 1.000000 | 0.976667 | 1.006667 | 0.996667 |   0.298727 |      354 |      293 |       62 |   8.982473 |      9 | 0.930834 | 1.751396
1425 | 427200.0 | 427500.0 | 0.005912 | 0.016736 |   8.982473 |      9 | 0.930834 | 1.000000 | 1.036667 | 0.970000 | 1.000000 |  -0.896272 |      359 |      311 |       47 |   8.982256 |      9 | 0.925536 | 1.885563
1426 | 427500.0 | 427800.0 | 0.005909 | 0.016734 |   8.982256 |      9 | 0.925536 | 1.000000 | 0.970000 | 1.000000 | 1.000000 |   0.000000 |      354 |      291 |       63 |   8.982433 |      9 | 0.925536 | 1.885563
1427 | 427800.0 | 428100.0 | 0.005906 | 0.016733 |   8.982433 |      9 | 0.925536 | 1.000000 | 1.033333 | 0.966667 | 0.960000 |   0.199212 |      362 |      310 |       52 |   8.982236 |      9 | 0.926712 | 1.855769
1428 | 428100.0 | 428400.0 | 0.005904 | 0.016731 |   8.982236 |      9 | 0.926712 | 1.000000 | 1.086667 | 0.950000 | 1.006667 |  -1.693475 |      365 |      326 |       39 |   8.981724 |      9 | 0.916715 | 2.108924
1429 | 428400.0 | 428700.0 | 0.005901 | 0.016729 |   8.981724 |      9 | 0.916715 | 1.000000 | 0.940000 | 0.980000 | 1.003333 |  -0.697384 |      353 |      282 |       71 |   8.982079 |      9 | 0.912600 | 2.213126
1430 | 428700.0 | 429000.0 | 0.005898 | 0.016727 |   8.982079 |      9 | 0.912600 | 1.000000 | 1.023333 | 0.970000 | 0.996667 |  -0.797091 |      362 |      307 |       55 |   8.981941 |      9 | 0.907898 | 2.332173
1431 | 429000.0 | 429300.0 | 0.005895 | 0.016726 |   8.981941 |      9 | 0.907898 | 1.000000 | 0.990000 | 0.956667 | 0.950000 |   0.199293 |      356 |      297 |       59 |   8.982000 |      9 | 0.909073 | 2.302422
1432 | 429300.0 | 429600.0 | 0.005893 | 0.016724 |   8.982000 |      9 | 0.909073 | 1.000000 | 1.036667 | 0.986667 | 0.963333 |   0.697596 |      362 |      311 |       51 |   8.981784 |      9 | 0.913184 | 2.198330
1433 | 429600.0 | 429900.0 | 0.005890 | 0.016722 |   8.981784 |      9 | 0.913184 | 1.000000 | 1.066667 | 0.953333 | 1.043333 |  -2.691000 |      365 |      320 |       45 |   8.981391 |      9 | 0.897334 | 2.599684
1434 | 429900.0 | 430200.0 | 0.005887 | 0.016721 |   8.981391 |      9 | 0.897334 | 1.000000 | 0.913333 | 0.990000 | 0.936667 |   1.594828 |      350 |      274 |       76 |   8.981901 |      9 | 0.906723 | 2.361929
1435 | 430200.0 | 430500.0 | 0.005885 | 0.016719 |   8.981901 |      9 | 0.906723 | 1.000000 | 0.973333 | 0.966667 | 0.986667 |  -0.598121 |      356 |      292 |       64 |   8.982058 |      9 | 0.903203 | 2.451056
1436 | 430500.0 | 430800.0 | 0.005882 | 0.016717 |   8.982058 |      9 | 0.903203 | 1.000000 | 1.000000 | 0.973333 | 0.950000 |   0.697878 |      360 |      300 |       61 |   8.982058 |      9 | 0.907308 | 2.347112
1437 | 430800.0 | 431100.0 | 0.005879 | 0.016716 |   8.982058 |      9 | 0.907308 | 1.000000 | 1.006667 | 0.956667 | 0.963333 |  -0.199414 |      358 |      302 |       55 |   8.982019 |      9 | 0.906136 | 2.376800
1438 | 431100.0 | 431400.0 | 0.005877 | 0.016714 |   8.982019 |      9 | 0.906136 | 1.000000 | 1.076667 | 0.936667 | 0.966667 |  -0.897453 |      367 |      323 |       44 |   8.981569 |      9 | 0.900862 | 2.510347
1439 | 431400.0 | 431700.0 | 0.005874 | 0.016712 |   8.981569 |      9 | 0.900862 | 1.000000 | 0.983333 | 1.003333 | 0.966667 |   1.096997 |      357 |      295 |       62 |   8.981666 |      9 | 0.907306 | 2.347180
1440 | 431700.0 | 432000.0 | 0.005871 | 0.016711 |   8.981666 |      9 | 0.907306 | 1.000000 | 1.013333 | 0.993333 | 0.980000 |   0.398948 |      359 |      304 |       55 |   8.981588 |      9 | 0.909648 | 2.287868
1441 | 432000.0 | 432300.0 | 0.005869 | 0.016709 |   8.981588 |      9 | 0.909648 | 1.000000 | 0.973333 | 1.016667 | 0.933333 |   2.493678 |      356 |      292 |       64 |   8.981745 |      9 | 0.924283 | 1.917297
1442 | 432300.0 | 432600.0 | 0.005866 | 0.016707 |   8.981745 |      9 | 0.924283 | 1.000000 | 0.996667 | 1.013333 | 1.023333 |  -0.299271 |      358 |      299 |       59 |   8.981764 |      9 | 0.922527 | 1.961749
1443 | 432600.0 | 432900.0 | 0.005863 | 0.016706 |   8.981764 |      9 | 0.922527 | 1.000000 | 1.010000 | 0.993333 | 1.003333 |  -0.299302 |      358 |      303 |       55 |   8.981706 |      9 | 0.920772 | 2.006186
1444 | 432900.0 | 433200.0 | 0.005861 | 0.016704 |   8.981706 |      9 | 0.920772 | 1.000000 | 1.016667 | 0.980000 | 1.013333 |  -0.997772 |      360 |      305 |       55 |   8.981608 |      9 | 0.914924 | 2.154258
1445 | 433200.0 | 433500.0 | 0.005858 | 0.016702 |   8.981608 |      9 | 0.914924 | 1.000000 | 1.026667 | 1.033333 | 1.000000 |   0.997872 |      360 |      308 |       52 |   8.981452 |      9 | 0.920770 | 2.006239
1446 | 433500.0 | 433800.0 | 0.005855 | 0.016701 |   8.981452 |      9 | 0.920770 | 1.000000 | 0.986667 | 1.020000 | 0.973333 |   1.397161 |      356 |      296 |       60 |   8.981530 |      9 | 0.928951 | 1.799085
1447 | 433800.0 | 434100.0 | 0.005853 | 0.016699 |   8.981530 |      9 | 0.928951 | 1.000000 | 1.000000 | 1.040000 | 1.030000 |   0.299422 |      356 |      300 |       56 |   8.981530 |      9 | 0.930703 | 1.754710
1448 | 434100.0 | 434400.0 | 0.005850 | 0.016697 |   8.981530 |      9 | 0.930703 | 1.000000 | 1.026667 | 0.996667 | 1.020000 |  -0.698721 |      359 |      308 |       51 |   8.981374 |      9 | 0.926616 | 1.858214
1449 | 434400.0 | 434700.0 | 0.005847 | 0.016696 |   8.981374 |      9 | 0.926616 | 1.000000 | 0.983333 | 0.966667 | 0.943333 |   0.698791 |      355 |      295 |       61 |   8.981471 |      9 | 0.930702 | 1.754747
1450 | 434700.0 | 435000.0 | 0.005845 | 0.016694 |   8.981471 |      9 | 0.930702 | 1.000000 | 0.970000 | 0.990000 | 0.993333 |  -0.099837 |      351 |      291 |       59 |   8.981647 |      9 | 0.930118 | 1.769523
1451 | 435000.0 | 435300.0 | 0.005842 | 0.016692 |   8.981647 |      9 | 0.930118 | 1.000000 | 1.020000 | 0.983333 | 0.950000 |   0.998472 |      357 |      306 |       52 |   8.981530 |      9 | 0.935952 | 1.621816
1452 | 435300.0 | 435600.0 | 0.005840 | 0.016691 |   8.981530 |      9 | 0.935952 | 1.000000 | 1.036667 | 0.990000 | 1.033333 |  -1.298143 |      360 |      311 |       48 |   8.981316 |      9 | 0.928371 | 1.813767
1453 | 435600.0 | 435900.0 | 0.005837 | 0.016689 |   8.981316 |      9 | 0.928371 | 1.000000 | 0.980000 | 0.960000 | 0.973333 |  -0.399469 |      355 |      294 |       61 |   8.981432 |      9 | 0.926039 | 1.872809
1454 | 435900.0 | 436200.0 | 0.005834 | 0.016687 |   8.981432 |      9 | 0.926039 | 1.000000 | 0.966667 | 0.950000 | 0.966667 |  -0.499385 |      353 |      290 |       63 |   8.981627 |      9 | 0.923126 | 1.946584
1455 | 436200.0 | 436500.0 | 0.005832 | 0.016686 |   8.981627 |      9 | 0.923126 | 1.000000 | 1.016667 | 1.040000 | 0.990000 |   1.498306 |      358 |      305 |       54 |   8.981530 |      9 | 0.931863 | 1.725335
1456 | 436500.0 | 436800.0 | 0.005829 | 0.016684 |   8.981530 |      9 | 0.931863 | 1.000000 | 0.963333 | 1.006667 | 0.936667 |   2.097837 |      351 |      289 |       61 |   8.981743 |      9 | 0.944092 | 1.415694
1457 | 436800.0 | 437100.0 | 0.005826 | 0.016682 |   8.981743 |      9 | 0.944092 | 1.000000 | 1.040000 | 0.843333 | 1.020000 |  -5.295069 |      357 |      312 |       45 |   8.981510 |      9 | 0.913241 | 2.196895
1458 | 437100.0 | 437400.0 | 0.005824 | 0.016681 |   8.981510 |      9 | 0.913241 | 1.000000 | 0.993333 | 0.953333 | 0.953333 |   0.000000 |      358 |      298 |       60 |   8.981549 |      9 | 0.913241 | 2.196895
1459 | 437400.0 | 437700.0 | 0.005821 | 0.016679 |   8.981549 |      9 | 0.913241 | 1.000000 | 0.990000 | 0.896667 | 0.963333 |  -1.998537 |      357 |      297 |       60 |   8.981607 |      9 | 0.901607 | 2.491481
1460 | 437700.0 | 438000.0 | 0.005819 | 0.016677 |   8.981607 |      9 | 0.901607 | 1.000000 | 1.013333 | 0.976667 | 1.010000 |  -0.999368 |      359 |      304 |       55 |   8.981530 |      9 | 0.895792 | 2.638723
1461 | 438000.0 | 438300.0 | 0.005816 | 0.016676 |   8.981530 |      9 | 0.895792 | 1.000000 | 0.980000 | 0.956667 | 0.966667 |  -0.299840 |      356 |      294 |       62 |   8.981646 |      9 | 0.894048 | 2.682880
1462 | 438300.0 | 438600.0 | 0.005813 | 0.016674 |   8.981646 |      9 | 0.894048 | 1.000000 | 0.960000 | 0.940000 | 0.923333 |   0.499783 |      357 |      288 |       69 |   8.981879 |      9 | 0.896954 | 2.609311
1463 | 438600.0 | 438900.0 | 0.005811 | 0.016672 |   8.981879 |      9 | 0.896954 | 1.000000 | 0.980000 | 0.976667 | 0.986667 |  -0.299900 |      357 |      294 |       63 |   8.981995 |      9 | 0.895211 | 2.653437
1464 | 438900.0 | 439200.0 | 0.005808 | 0.016671 |   8.981995 |      9 | 0.895211 | 1.000000 | 1.016667 | 0.943333 | 0.963333 |  -0.599859 |      361 |      305 |       56 |   8.981898 |      9 | 0.891727 | 2.741659
1465 | 439200.0 | 439500.0 | 0.005806 | 0.016669 |   8.981898 |      9 | 0.891727 | 1.000000 | 0.903333 | 0.986667 | 0.876667 |   3.299549 |      351 |      271 |       80 |   8.982459 |      9 | 0.910883 | 2.256608
1466 | 439500.0 | 439800.0 | 0.005803 | 0.016667 |   8.982459 |      9 | 0.910883 | 1.000000 | 1.000000 | 1.016667 | 0.956667 |   1.799932 |      358 |      300 |       58 |   8.982459 |      9 | 0.921327 | 1.992126
1467 | 439800.0 | 440100.0 | 0.005800 | 0.016666 |   8.982459 |      9 | 0.921327 | 1.000000 | 1.056667 | 1.023333 | 1.026667 |  -0.100006 |      362 |      317 |       45 |   8.982131 |      9 | 0.920747 | 2.006815
1468 | 440100.0 | 440400.0 | 0.005798 | 0.016664 |   8.982131 |      9 | 0.920747 | 1.000000 | 1.036667 | 1.006667 | 1.003333 |   0.100016 |      362 |      311 |       51 |   8.981918 |      9 | 0.921327 | 1.992132
1469 | 440400.0 | 440700.0 | 0.005795 | 0.016662 |   8.981918 |      9 | 0.921327 | 1.000000 | 1.043333 | 1.000000 | 0.933333 |   2.000518 |      362 |      313 |       50 |   8.981667 |      9 | 0.932920 | 1.698570
1470 | 440700.0 | 441000.0 | 0.005793 | 0.016661 |   8.981667 |      9 | 0.932920 | 1.000000 | 1.026667 | 0.976667 | 0.973333 |   0.100036 |      357 |      308 |       48 |   8.981512 |      9 | 0.933500 | 1.683897
1471 | 441000.0 | 441300.0 | 0.005790 | 0.016659 |   8.981512 |      9 | 0.933500 | 1.000000 | 1.003333 | 0.996667 | 0.990000 |   0.200091 |      354 |      301 |       53 |   8.981493 |      9 | 0.934658 | 1.654561
1472 | 441300.0 | 441600.0 | 0.005787 | 0.016657 |   8.981493 |      9 | 0.934658 | 1.000000 | 1.026667 | 0.990000 | 0.923333 |   2.001110 |      357 |      308 |       51 |   8.981339 |      9 | 0.946240 | 1.361305
1473 | 441600.0 | 441900.0 | 0.005785 | 0.016656 |   8.981339 |      9 | 0.946240 | 1.000000 | 0.993333 | 0.786667 | 1.053333 |  -8.005228 |      350 |      298 |       52 |   8.981377 |      9 | 0.899931 | 2.533923
1474 | 441900.0 | 442200.0 | 0.005782 | 0.016654 |   8.981377 |      9 | 0.899931 | 1.000000 | 1.016667 | 0.963333 | 1.036667 |  -2.201655 |      361 |      305 |       54 |   8.981281 |      9 | 0.887200 | 2.856282
1475 | 442200.0 | 442500.0 | 0.005780 | 0.016653 |   8.981281 |      9 | 0.887200 | 1.000000 | 0.930000 | 0.966667 | 0.943333 |   0.700595 |      353 |      279 |       74 |   8.981686 |      9 | 0.891250 | 2.753749
1476 | 442500.0 | 442800.0 | 0.005777 | 0.016651 |   8.981686 |      9 | 0.891250 | 1.000000 | 0.980000 | 1.006667 | 0.976667 |   0.900854 |      357 |      294 |       63 |   8.981801 |      9 | 0.896454 | 2.621966
1477 | 442800.0 | 443100.0 | 0.005775 | 0.016649 |   8.981801 |      9 | 0.896454 | 1.000000 | 1.006667 | 0.993333 | 0.966667 |   0.800838 |      359 |      302 |       57 |   8.981763 |      9 | 0.901078 | 2.504866
1478 | 443100.0 | 443400.0 | 0.005772 | 0.016648 |   8.981763 |      9 | 0.901078 | 1.000000 | 0.986667 | 0.983333 | 0.976667 |   0.200229 |      359 |      296 |       63 |   8.981840 |      9 | 0.902234 | 2.475602
1479 | 443400.0 | 443700.0 | 0.005769 | 0.016646 |   8.981840 |      9 | 0.902234 | 1.000000 | 1.016667 | 0.933333 | 0.933333 |   0.000000 |      360 |      305 |       55 |   8.981743 |      9 | 0.902234 | 2.475602
1480 | 443700.0 | 444000.0 | 0.005767 | 0.016644 |   8.981743 |      9 | 0.902234 | 1.000000 | 0.990000 | 1.026667 | 0.920000 |   3.204295 |      358 |      297 |       61 |   8.981801 |      9 | 0.920713 | 2.007688
1481 | 444000.0 | 444300.0 | 0.005764 | 0.016643 |   8.981801 |      9 | 0.920713 | 1.000000 | 1.030000 | 0.973333 | 0.960000 |   0.400576 |      358 |      309 |       49 |   8.981628 |      9 | 0.923022 | 1.949219
1482 | 444300.0 | 444600.0 | 0.005762 | 0.016641 |   8.981628 |      9 | 0.923022 | 1.000000 | 1.030000 | 1.026667 | 0.976667 |   1.502307 |      360 |      309 |       51 |   8.981455 |      9 | 0.931678 | 1.730036
1483 | 444600.0 | 444900.0 | 0.005759 | 0.016639 |   8.981455 |      9 | 0.931678 | 1.000000 | 0.993333 | 0.973333 | 1.040000 |  -2.003273 |      354 |      298 |       57 |   8.981494 |      9 | 0.920141 | 2.022179
1484 | 444900.0 | 445200.0 | 0.005757 | 0.016638 |   8.981494 |      9 | 0.920141 | 1.000000 | 0.986667 | 0.976667 | 0.933333 |   1.302255 |      358 |      296 |       61 |   8.981570 |      9 | 0.927637 | 1.832351
1485 | 445200.0 | 445500.0 | 0.005754 | 0.016636 |   8.981570 |      9 | 0.927637 | 1.000000 | 1.006667 | 0.976667 | 0.986667 |  -0.300550 |      356 |      302 |       54 |   8.981532 |      9 | 0.925908 | 1.876143
1486 | 445500.0 | 445800.0 | 0.005752 | 0.016635 |   8.981532 |      9 | 0.925908 | 1.000000 | 1.046667 | 1.030000 | 0.950000 |   2.404632 |      362 |      314 |       48 |   8.981264 |      9 | 0.939738 | 1.525932
1487 | 445800.0 | 446100.0 | 0.005749 | 0.016633 |   8.981264 |      9 | 0.939738 | 1.000000 | 1.046667 | 0.940000 | 1.036667 |  -2.905881 |      358 |      314 |       44 |   8.980995 |      9 | 0.923032 | 1.948958
1488 | 446100.0 | 446400.0 | 0.005747 | 0.016631 |   8.980995 |      9 | 0.923032 | 1.000000 | 1.013333 | 1.026667 | 0.976667 |   1.503189 |      360 |      304 |       56 |   8.980919 |      9 | 0.931670 | 1.730226
1489 | 446400.0 | 446700.0 | 0.005744 | 0.016630 |   8.980919 |      9 | 0.931670 | 1.000000 | 1.000000 | 0.993333 | 0.933333 |   1.804002 |      354 |      300 |       55 |   8.980919 |      9 | 0.942032 | 1.467839
1490 | 446700.0 | 447000.0 | 0.005741 | 0.016628 |   8.980919 |      9 | 0.942032 | 1.000000 | 0.986667 | 0.900000 | 0.993333 |  -2.806499 |      351 |      296 |       55 |   8.980995 |      9 | 0.925919 | 1.875857
1491 | 447000.0 | 447300.0 | 0.005739 | 0.016626 |   8.980995 |      9 | 0.925919 | 1.000000 | 1.056667 | 0.993333 | 1.003333 |  -0.300726 |      363 |      317 |       45 |   8.980670 |      9 | 0.924193 | 1.919559
1492 | 447300.0 | 447600.0 | 0.005736 | 0.016625 |   8.980670 |      9 | 0.924193 | 1.000000 | 1.010000 | 0.920000 | 1.056667 |  -4.110316 |      358 |      303 |       55 |   8.980613 |      9 | 0.900615 | 2.516605
1493 | 447600.0 | 447900.0 | 0.005734 | 0.016623 |   8.980613 |      9 | 0.900615 | 1.000000 | 0.993333 | 1.013333 | 0.983333 |   0.902352 |      357 |      298 |       59 |   8.980651 |      9 | 0.905789 | 2.385591
1494 | 447900.0 | 448200.0 | 0.005731 | 0.016622 |   8.980651 |      9 | 0.905789 | 1.000000 | 0.996667 | 0.946667 | 0.983333 |  -1.102982 |      359 |      299 |       60 |   8.980670 |      9 | 0.899467 | 2.545665
1495 | 448200.0 | 448500.0 | 0.005729 | 0.016620 |   8.980670 |      9 | 0.899467 | 1.000000 | 0.953333 | 0.993333 | 0.983333 |   0.300843 |      354 |      286 |       68 |   8.980937 |      9 | 0.901191 | 2.502023
1496 | 448500.0 | 448800.0 | 0.005726 | 0.016618 |   8.980937 |      9 | 0.901191 | 1.000000 | 1.020000 | 1.006667 | 0.976667 |   0.902615 |      360 |      306 |       54 |   8.980823 |      9 | 0.906359 | 2.371144
1497 | 448800.0 | 449100.0 | 0.005724 | 0.016617 |   8.980823 |      9 | 0.906359 | 1.000000 | 1.040000 | 0.970000 | 0.920000 |   1.504505 |      362 |      312 |       50 |   8.980594 |      9 | 0.914971 | 2.153085
1498 | 449100.0 | 449400.0 | 0.005721 | 0.016615 |   8.980594 |      9 | 0.914971 | 1.000000 | 0.983333 | 1.010000 | 0.973333 |   1.103410 |      357 |      295 |       63 |   8.980689 |      9 | 0.921284 | 1.993230
1499 | 449400.0 | 449700.0 | 0.005719 | 0.016614 |   8.980689 |      9 | 0.921284 | 1.000000 | 1.033333 | 1.043333 | 1.016667 |   0.802558 |      359 |      310 |       48 |   8.980499 |      9 | 0.925873 | 1.877011
1500 | 449700.0 | 450000.0 | 0.005716 | 0.016612 |   8.980499 |      9 | 0.925873 | 1.000000 | 0.993333 | 1.013333 | 0.986667 |   0.802636 |      355 |      298 |       57 |   8.980537 |      9 | 0.930462 | 1.760832
1501 | 450000.0 | 450300.0 | 0.005714 | 0.016610 |   8.980537 |      9 | 0.930462 | 1.000000 | 1.083333 | 0.993333 | 0.990000 |   0.100339 |      365 |      325 |       40 |   8.980061 |      9 | 0.931035 | 1.746315
1502 | 450300.0 | 450600.0 | 0.005711 | 0.016609 |   8.980061 |      9 | 0.931035 | 1.000000 | 1.033333 | 0.993333 | 1.006667 |  -0.401395 |      360 |      310 |       50 |   8.979870 |      9 | 0.928742 | 1.804365
1503 | 450600.0 | 450900.0 | 0.005709 | 0.016607 |   8.979870 |      9 | 0.928742 | 1.000000 | 1.066667 | 1.060000 | 0.953333 |   3.211474 |      362 |      320 |       42 |   8.979490 |      9 | 0.947076 | 1.340123
1504 | 450900.0 | 451200.0 | 0.005706 | 0.016606 |   8.979490 |      9 | 0.947076 | 1.000000 | 1.036667 | 0.810000 | 1.010000 |  -6.022096 |      356 |      311 |       46 |   8.979280 |      9 | 0.912712 | 2.210280
1505 | 451200.0 | 451500.0 | 0.005704 | 0.016604 |   8.979280 |      9 | 0.912712 | 1.000000 | 1.033333 | 0.996667 | 0.963333 |   1.003779 |      362 |      310 |       51 |   8.979090 |      9 | 0.918437 | 2.065303
1506 | 451500.0 | 451800.0 | 0.005701 | 0.016602 |   8.979090 |      9 | 0.918437 | 1.000000 | 1.013333 | 1.043333 | 0.996667 |   1.405427 |      356 |      304 |       52 |   8.979014 |      9 | 0.926450 | 1.862404
1507 | 451800.0 | 452100.0 | 0.005699 | 0.016601 |   8.979014 |      9 | 0.926450 | 1.000000 | 1.043333 | 0.960000 | 1.030000 |  -2.108343 |      362 |      313 |       49 |   8.978767 |      9 | 0.914435 | 2.166649
1508 | 452100.0 | 452400.0 | 0.005696 | 0.016599 |   8.978767 |      9 | 0.914435 | 1.000000 | 0.946667 | 1.013333 | 1.000000 |   0.401628 |      355 |      284 |       71 |   8.979071 |      9 | 0.916723 | 2.108718
1509 | 452400.0 | 452700.0 | 0.005694 | 0.016598 |   8.979071 |      9 | 0.916723 | 1.000000 | 1.003333 | 1.043333 | 0.983333 |   1.807499 |      356 |      301 |       55 |   8.979052 |      9 | 0.927015 | 1.848113
1510 | 452700.0 | 453000.0 | 0.005691 | 0.016596 |   8.979052 |      9 | 0.927015 | 1.000000 | 1.053333 | 0.970000 | 0.980000 |  -0.301279 |      363 |      316 |       47 |   8.978749 |      9 | 0.925300 | 1.891532
1511 | 453000.0 | 453300.0 | 0.005689 | 0.016594 |   8.978749 |      9 | 0.925300 | 1.000000 | 1.036667 | 0.980000 | 0.920000 |   1.807847 |      361 |      311 |       50 |   8.978540 |      9 | 0.935585 | 1.631104
1512 | 453300.0 | 453600.0 | 0.005686 | 0.016593 |   8.978540 |      9 | 0.935585 | 1.000000 | 1.036667 | 0.923333 | 1.033333 |  -3.314705 |      358 |      311 |       47 |   8.978331 |      9 | 0.916736 | 2.108394
1513 | 453600.0 | 453900.0 | 0.005684 | 0.016591 |   8.978331 |      9 | 0.916736 | 1.000000 | 1.036667 | 0.966667 | 1.056667 |  -2.712291 |      361 |      311 |       50 |   8.978123 |      9 | 0.901319 | 2.498773
1514 | 453900.0 | 454200.0 | 0.005682 | 0.016590 |   8.978123 |      9 | 0.901319 | 1.000000 | 1.023333 | 0.996667 | 0.930000 |   2.009298 |      361 |      307 |       54 |   8.977990 |      9 | 0.912735 | 2.209701
1515 | 454200.0 | 454500.0 | 0.005679 | 0.016588 |   8.977990 |      9 | 0.912735 | 1.000000 | 1.016667 | 1.006667 | 0.953333 |   1.607592 |      360 |      305 |       55 |   8.977896 |      9 | 0.921865 | 1.978522
1516 | 454500.0 | 454800.0 | 0.005677 | 0.016586 |   8.977896 |      9 | 0.921865 | 1.000000 | 0.950000 | 0.976667 | 0.963333 |   0.401937 |      353 |      285 |       68 |   8.978180 |      9 | 0.924146 | 1.920747
1517 | 454800.0 | 455100.0 | 0.005674 | 0.016585 |   8.978180 |      9 | 0.924146 | 1.000000 | 1.000000 | 0.980000 | 1.013333 |  -1.004938 |      355 |      300 |       55 |   8.978180 |      9 | 0.918444 | 2.065136
1518 | 455100.0 | 455400.0 | 0.005672 | 0.016583 |   8.978180 |      9 | 0.918444 | 1.000000 | 1.060000 | 1.060000 | 1.013333 |   1.407047 |      365 |      318 |       47 |   8.977839 |      9 | 0.926424 | 1.863059
1519 | 455400.0 | 455700.0 | 0.005669 | 0.016582 |   8.977839 |      9 | 0.926424 | 1.000000 | 0.996667 | 1.046667 | 0.993333 |   1.608208 |      356 |      299 |       57 |   8.977858 |      9 | 0.935542 | 1.632192
1520 | 455700.0 | 456000.0 | 0.005667 | 0.016580 |   8.977858 |      9 | 0.935542 | 1.000000 | 0.980000 | 0.986667 | 1.010000 |  -0.703658 |      352 |      294 |       58 |   8.977972 |      9 | 0.931554 | 1.733163
1521 | 456000.0 | 456300.0 | 0.005664 | 0.016578 |   8.977972 |      9 | 0.931554 | 1.000000 | 1.020000 | 1.000000 | 0.986667 |   0.402129 |      358 |      306 |       52 |   8.977858 |      9 | 0.933832 | 1.675485
1522 | 456300.0 | 456600.0 | 0.005662 | 0.016577 |   8.977858 |      9 | 0.933832 | 1.000000 | 1.050000 | 0.973333 | 0.983333 |  -0.301625 |      356 |      315 |       41 |   8.977575 |      9 | 0.932124 | 1.718729
1523 | 456600.0 | 456900.0 | 0.005659 | 0.016575 |   8.977575 |      9 | 0.932124 | 1.000000 | 1.030000 | 1.000000 | 0.963333 |   1.106065 |      359 |      309 |       50 |   8.977405 |      9 | 0.938384 | 1.560221
1524 | 456900.0 | 457200.0 | 0.005657 | 0.016574 |   8.977405 |      9 | 0.938384 | 1.000000 | 1.060000 | 0.983333 | 0.986667 |  -0.100561 |      361 |      318 |       43 |   8.977066 |      9 | 0.937815 | 1.574626
1525 | 457200.0 | 457500.0 | 0.005655 | 0.016572 |   8.977066 |      9 | 0.937815 | 1.000000 | 1.010000 | 0.913333 | 0.986667 |  -2.212552 |      355 |      303 |       52 |   8.977009 |      9 | 0.925304 | 1.891429
1526 | 457500.0 | 457800.0 | 0.005652 | 0.016571 |   8.977009 |      9 | 0.925304 | 1.000000 | 1.003333 | 0.990000 | 0.956667 |   1.005801 |      358 |      301 |       57 |   8.976991 |      9 | 0.930989 | 1.747476
1527 | 457800.0 | 458100.0 | 0.005650 | 0.016569 |   8.976991 |      9 | 0.930989 | 1.000000 | 1.043333 | 1.010000 | 1.030000 |  -0.603538 |      360 |      313 |       47 |   8.976746 |      9 | 0.927579 | 1.833818
1528 | 458100.0 | 458400.0 | 0.005647 | 0.016567 |   8.976746 |      9 | 0.927579 | 1.000000 | 0.986667 | 1.033333 | 1.003333 |   0.905393 |      355 |      296 |       59 |   8.976821 |      9 | 0.932692 | 1.704347
1529 | 458400.0 | 458700.0 | 0.005645 | 0.016566 |   8.976821 |      9 | 0.932692 | 1.000000 | 1.006667 | 0.976667 | 0.946667 |   0.905479 |      357 |      302 |       55 |   8.976783 |      9 | 0.937804 | 1.574920
1530 | 458700.0 | 459000.0 | 0.005642 | 0.016564 |   8.976783 |      9 | 0.937804 | 1.000000 | 1.060000 | 0.900000 | 1.026667 |  -3.823498 |      360 |      318 |       42 |   8.976445 |      9 | 0.916230 | 2.121209
1531 | 459000.0 | 459300.0 | 0.005640 | 0.016563 |   8.976445 |      9 | 0.916230 | 1.000000 | 1.030000 | 1.026667 | 0.960000 |   2.012559 |      361 |      309 |       52 |   8.976276 |      9 | 0.927581 | 1.833785
1532 | 459300.0 | 459600.0 | 0.005638 | 0.016561 |   8.976276 |      9 | 0.927581 | 1.000000 | 1.003333 | 1.043333 | 0.960000 |   2.515937 |      357 |      301 |       56 |   8.976257 |      9 | 0.941764 | 1.474624
1533 | 459600.0 | 459900.0 | 0.005635 | 0.016560 |   8.976257 |      9 | 0.941764 | 1.000000 | 1.073333 | 0.906667 | 0.996667 |  -2.717469 |      360 |      322 |       38 |   8.975844 |      9 | 0.926451 | 1.862388
1534 | 459900.0 | 460200.0 | 0.005633 | 0.016558 |   8.975844 |      9 | 0.926451 | 1.000000 | 0.966667 | 1.000000 | 1.003333 |  -0.100657 |      354 |      290 |       64 |   8.976031 |      9 | 0.925884 | 1.876745
1535 | 460200.0 | 460500.0 | 0.005630 | 0.016556 |   8.976031 |      9 | 0.925884 | 1.000000 | 0.973333 | 0.930000 | 1.013333 |  -2.516652 |      354 |      292 |       62 |   8.976182 |      9 | 0.911714 | 2.235546
1536 | 460500.0 | 460800.0 | 0.005628 | 0.016555 |   8.976182 |      9 | 0.911714 | 1.000000 | 0.950000 | 1.006667 | 0.940000 |   2.013512 |      355 |      285 |       70 |   8.976463 |      9 | 0.923046 | 1.948601
1537 | 460800.0 | 461100.0 | 0.005626 | 0.016553 |   8.976463 |      9 | 0.923046 | 1.000000 | 1.033333 | 1.006667 | 0.976667 |   0.906166 |      360 |      310 |       50 |   8.976275 |      9 | 0.928144 | 1.819518
1538 | 461100.0 | 461400.0 | 0.005623 | 0.016552 |   8.976275 |      9 | 0.928144 | 1.000000 | 1.023333 | 1.003333 | 0.970000 |   1.006946 |      360 |      307 |       53 |   8.976144 |      9 | 0.933806 | 1.676141
1539 | 461400.0 | 461700.0 | 0.005621 | 0.016550 |   8.976144 |      9 | 0.933806 | 1.000000 | 1.053333 | 0.973333 | 0.976667 |  -0.100704 |      360 |      316 |       44 |   8.975844 |      9 | 0.933240 | 1.690474
1540 | 461700.0 | 462000.0 | 0.005618 | 0.016549 |   8.975844 |      9 | 0.933240 | 1.000000 | 1.013333 | 0.970000 | 1.016667 |  -1.409991 |      356 |      304 |       54 |   8.975770 |      9 | 0.925318 | 1.891069
1541 | 462000.0 | 462300.0 | 0.005616 | 0.016547 |   8.975770 |      9 | 0.925318 | 1.000000 | 0.986667 | 1.020000 | 0.983333 |   1.107955 |      356 |      296 |       58 |   8.975844 |      9 | 0.931541 | 1.733511
1542 | 462300.0 | 462600.0 | 0.005614 | 0.016545 |   8.975844 |      9 | 0.931541 | 1.000000 | 0.993333 | 0.996667 | 1.023333 |  -0.805861 |      355 |      298 |       58 |   8.975882 |      9 | 0.927017 | 1.848060
1543 | 462600.0 | 462900.0 | 0.005611 | 0.016544 |   8.975882 |      9 | 0.927017 | 1.000000 | 1.013333 | 0.973333 | 1.000000 |  -0.805937 |      359 |      304 |       54 |   8.975807 |      9 | 0.922495 | 1.962572
1544 | 462900.0 | 463200.0 | 0.005609 | 0.016542 |   8.975807 |      9 | 0.922495 | 1.000000 | 1.010000 | 1.040000 | 0.973333 |   2.015032 |      359 |      303 |       56 |   8.975751 |      9 | 0.933796 | 1.676388
1545 | 463200.0 | 463500.0 | 0.005606 | 0.016541 |   8.975751 |      9 | 0.933796 | 1.000000 | 0.960000 | 0.970000 | 1.043333 |  -2.216744 |      350 |      288 |       62 |   8.975975 |      9 | 0.921368 | 1.991085
1546 | 463500.0 | 463800.0 | 0.005604 | 0.016539 |   8.975975 |      9 | 0.921368 | 1.000000 | 1.056667 | 1.013333 | 1.003333 |   0.302312 |      364 |      317 |       47 |   8.975658 |      9 | 0.923063 | 1.948186
1547 | 463800.0 | 464100.0 | 0.005602 | 0.016538 |   8.975658 |      9 | 0.923063 | 1.000000 | 0.990000 | 0.983333 | 0.973333 |   0.302340 |      357 |      297 |       60 |   8.975714 |      9 | 0.924756 | 1.905302
1548 | 464100.0 | 464400.0 | 0.005599 | 0.016536 |   8.975714 |      9 | 0.924756 | 1.000000 | 1.050000 | 0.993333 | 0.986667 |   0.201579 |      360 |      315 |       45 |   8.975434 |      9 | 0.925885 | 1.876721
1549 | 464400.0 | 464700.0 | 0.005597 | 0.016535 |   8.975434 |      9 | 0.925885 | 1.000000 | 1.046667 | 1.050000 | 1.020000 |   0.907191 |      363 |      314 |       49 |   8.975173 |      9 | 0.930962 | 1.748152
1550 | 464700.0 | 465000.0 | 0.005594 | 0.016533 |   8.975173 |      9 | 0.930962 | 1.000000 | 0.990000 | 1.003333 | 0.996667 |   0.201617 |      354 |      297 |       57 |   8.975228 |      9 | 0.932090 | 1.719590
1551 | 465000.0 | 465300.0 | 0.005592 | 0.016531 |   8.975228 |      9 | 0.932090 | 1.000000 | 1.016667 | 0.986667 | 1.000000 |  -0.403271 |      359 |      305 |       54 |   8.975135 |      9 | 0.929835 | 1.776695
1552 | 465300.0 | 465600.0 | 0.005590 | 0.016530 |   8.975135 |      9 | 0.929835 | 1.000000 | 1.043333 | 0.963333 | 0.973333 |  -0.302482 |      360 |      313 |       47 |   8.974893 |      9 | 0.928144 | 1.819509
1553 | 465600.0 | 465900.0 | 0.005587 | 0.016528 |   8.974893 |      9 | 0.928144 | 1.000000 | 1.013333 | 1.013333 | 0.980000 |   1.008367 |      359 |      304 |       55 |   8.974819 |      9 | 0.933778 | 1.676842
1554 | 465900.0 | 466200.0 | 0.005585 | 0.016527 |   8.974819 |      9 | 0.933778 | 1.000000 | 1.096667 | 0.980000 | 0.973333 |   0.201692 |      365 |      329 |       36 |   8.974279 |      9 | 0.934905 | 1.648319
1555 | 466200.0 | 466500.0 | 0.005583 | 0.016525 |   8.974279 |      9 | 0.934905 | 1.000000 | 1.023333 | 0.983333 | 1.003333 |  -0.605134 |      355 |      307 |       50 |   8.974148 |      9 | 0.931527 | 1.733862
1556 | 466500.0 | 466800.0 | 0.005580 | 0.016524 |   8.974148 |      9 | 0.931527 | 1.000000 | 1.033333 | 1.080000 | 1.036667 |   1.311245 |      359 |      310 |       47 |   8.973962 |      9 | 0.938844 | 1.548579
1557 | 466800.0 | 467100.0 | 0.005578 | 0.016522 |   8.973962 |      9 | 0.938844 | 1.000000 | 1.016667 | 0.923333 | 0.960000 |  -1.109619 |      357 |      305 |       52 |   8.973869 |      9 | 0.932654 | 1.705305
1558 | 467100.0 | 467400.0 | 0.005576 | 0.016521 |   8.973869 |      9 | 0.932654 | 1.000000 | 1.093333 | 0.986667 | 1.020000 |  -1.008839 |      366 |      328 |       38 |   8.973349 |      9 | 0.927030 | 1.847737
1559 | 467400.0 | 467700.0 | 0.005573 | 0.016519 |   8.973349 |      9 | 0.927030 | 1.000000 | 0.990000 | 1.026667 | 1.006667 |   0.605360 |      354 |      297 |       57 |   8.973405 |      9 | 0.930403 | 1.762306
1560 | 467700.0 | 468000.0 | 0.005571 | 0.016518 |   8.973405 |      9 | 0.930403 | 1.000000 | 1.033333 | 1.020000 | 0.983333 |   1.109929 |      358 |      310 |       48 |   8.973219 |      9 | 0.936587 | 1.605734
1561 | 468000.0 | 468300.0 | 0.005569 | 0.016516 |   8.973219 |      9 | 0.936587 | 1.000000 | 1.016667 | 1.010000 | 1.023333 |  -0.403648 |      357 |      305 |       52 |   8.973126 |      9 | 0.934339 | 1.662651
1562 | 468300.0 | 468600.0 | 0.005566 | 0.016514 |   8.973126 |      9 | 0.934339 | 1.000000 | 1.046667 | 0.963333 | 1.016667 |  -1.614743 |      360 |      314 |       46 |   8.972867 |      9 | 0.925351 | 1.890242
1563 | 468600.0 | 468900.0 | 0.005564 | 0.016513 |   8.972867 |      9 | 0.925351 | 1.000000 | 1.000000 | 1.016667 | 1.000000 |   0.504654 |      356 |      300 |       56 |   8.972867 |      9 | 0.928159 | 1.819143
1564 | 468900.0 | 469200.0 | 0.005562 | 0.016511 |   8.972867 |      9 | 0.928159 | 1.000000 | 1.010000 | 0.960000 | 1.000000 |  -1.211283 |      359 |      303 |       57 |   8.972811 |      9 | 0.921422 | 1.989724
1565 | 469200.0 | 469500.0 | 0.005559 | 0.016510 |   8.972811 |      9 | 0.921422 | 1.000000 | 0.980000 | 0.970000 | 1.013333 |  -1.312345 |      355 |      294 |       60 |   8.972922 |      9 | 0.914127 | 2.174460
1566 | 469500.0 | 469800.0 | 0.005557 | 0.016508 |   8.972922 |      9 | 0.914127 | 1.000000 | 1.003333 | 0.986667 | 0.943333 |   1.312467 |      358 |      301 |       57 |   8.972904 |      9 | 0.921420 | 1.989785
1567 | 469800.0 | 470100.0 | 0.005555 | 0.016507 |   8.972904 |      9 | 0.921420 | 1.000000 | 1.050000 | 0.960000 | 0.986667 |  -0.807747 |      363 |      315 |       48 |   8.972626 |      9 | 0.916933 | 2.103394
1568 | 470100.0 | 470400.0 | 0.005552 | 0.016505 |   8.972626 |      9 | 0.916933 | 1.000000 | 0.956667 | 1.036667 | 0.983333 |   1.615643 |      354 |      287 |       67 |   8.972866 |      9 | 0.925904 | 1.876250
1569 | 470400.0 | 470700.0 | 0.005550 | 0.016504 |   8.972866 |      9 | 0.925904 | 1.000000 | 1.046667 | 1.000000 | 1.003333 |  -0.100987 |      362 |      314 |       48 |   8.972607 |      9 | 0.925343 | 1.890442
1570 | 470700.0 | 471000.0 | 0.005548 | 0.016502 |   8.972607 |      9 | 0.925343 | 1.000000 | 1.056667 | 0.956667 | 0.956667 |   0.000000 |      361 |      317 |       44 |   8.972293 |      9 | 0.925343 | 1.890442
1571 | 471000.0 | 471300.0 | 0.005545 | 0.016501 |   8.972293 |      9 | 0.925343 | 1.000000 | 1.033333 | 1.013333 | 1.016667 |  -0.101006 |      360 |      310 |       50 |   8.972108 |      9 | 0.924783 | 1.904624
1572 | 471300.0 | 471600.0 | 0.005543 | 0.016499 |   8.972108 |      9 | 0.924783 | 1.000000 | 1.020000 | 1.003333 | 1.000000 |   0.101015 |      358 |      306 |       53 |   8.971997 |      9 | 0.925343 | 1.890446
1573 | 471600.0 | 471900.0 | 0.005541 | 0.016498 |   8.971997 |      9 | 0.925343 | 1.000000 | 1.030000 | 1.013333 | 1.020000 |  -0.202049 |      359 |      309 |       49 |   8.971831 |      9 | 0.924223 | 1.918793
1574 | 471900.0 | 472200.0 | 0.005538 | 0.016496 |   8.971831 |      9 | 0.924223 | 1.000000 | 1.040000 | 0.970000 | 0.993333 |  -0.707237 |      361 |      312 |       49 |   8.971610 |      9 | 0.920307 | 2.017974
1575 | 472200.0 | 472500.0 | 0.005536 | 0.016495 |   8.971610 |      9 | 0.920307 | 1.000000 | 0.993333 | 1.080000 | 0.960000 |   3.637552 |      358 |      298 |       60 |   8.971647 |      9 | 0.940444 | 1.508066
1576 | 472500.0 | 472800.0 | 0.005534 | 0.016493 |   8.971647 |      9 | 0.940444 | 1.000000 | 1.006667 | 0.930000 | 0.973333 |  -1.313682 |      354 |      302 |       52 |   8.971610 |      9 | 0.933174 | 1.692139
1577 | 472800.0 | 473100.0 | 0.005531 | 0.016492 |   8.971610 |      9 | 0.933174 | 1.000000 | 1.080000 | 1.003333 | 0.983333 |   0.606371 |      364 |      324 |       40 |   8.971167 |      9 | 0.936528 | 1.607210
1578 | 473100.0 | 473400.0 | 0.005529 | 0.016490 |   8.971167 |      9 | 0.936528 | 1.000000 | 1.030000 | 0.973333 | 0.980000 |  -0.202142 |      358 |      309 |       49 |   8.971001 |      9 | 0.935411 | 1.635511
1579 | 473400.0 | 473700.0 | 0.005527 | 0.016489 |   8.971001 |      9 | 0.935411 | 1.000000 | 1.020000 | 1.000000 | 0.933333 |   2.021608 |      355 |      306 |       49 |   8.970891 |      9 | 0.946584 | 1.352596
1580 | 473700.0 | 474000.0 | 0.005524 | 0.016487 |   8.970891 |      9 | 0.946584 | 1.000000 | 1.006667 | 0.753333 | 0.960000 |  -6.267561 |      352 |      302 |       50 |   8.970854 |      9 | 0.911959 | 2.229345
1581 | 474000.0 | 474300.0 | 0.005522 | 0.016485 |   8.970854 |      9 | 0.911959 | 1.000000 | 1.016667 | 0.996667 | 0.866667 |   3.942861 |      359 |      305 |       54 |   8.970762 |      9 | 0.933732 | 1.678021
1582 | 474300.0 | 474600.0 | 0.005520 | 0.016484 |   8.970762 |      9 | 0.933732 | 1.000000 | 1.000000 | 0.930000 | 1.030000 |  -3.033249 |      356 |      300 |       56 |   8.970762 |      9 | 0.916989 | 2.101979
1583 | 474600.0 | 474900.0 | 0.005517 | 0.016482 |   8.970762 |      9 | 0.916989 | 1.000000 | 1.050000 | 1.000000 | 1.023333 |  -0.707823 |      362 |      315 |       47 |   8.970486 |      9 | 0.913084 | 2.200871
1584 | 474900.0 | 475200.0 | 0.005515 | 0.016481 |   8.970486 |      9 | 0.913084 | 1.000000 | 0.996667 | 0.976667 | 0.993333 |  -0.505634 |      359 |      299 |       60 |   8.970504 |      9 | 0.910295 | 2.271485
1585 | 475200.0 | 475500.0 | 0.005513 | 0.016479 |   8.970504 |      9 | 0.910295 | 1.000000 | 0.993333 | 1.006667 | 0.946667 |   1.820451 |      357 |      298 |       59 |   8.970541 |      9 | 0.920331 | 2.017357
1586 | 475500.0 | 475800.0 | 0.005511 | 0.016478 |   8.970541 |      9 | 0.920331 | 1.000000 | 1.020000 | 0.960000 | 1.006667 |  -1.416036 |      360 |      306 |       54 |   8.970431 |      9 | 0.912528 | 2.214948
1587 | 475800.0 | 476100.0 | 0.005508 | 0.016476 |   8.970431 |      9 | 0.912528 | 1.000000 | 1.003333 | 1.043333 | 1.060000 |  -0.505773 |      358 |      301 |       57 |   8.970413 |      9 | 0.909742 | 2.285493
1588 | 476100.0 | 476400.0 | 0.005506 | 0.016475 |   8.970413 |      9 | 0.909742 | 1.000000 | 0.970000 | 1.050000 | 1.003333 |   1.416295 |      356 |      291 |       66 |   8.970578 |      9 | 0.917540 | 2.088030
1589 | 476400.0 | 476700.0 | 0.005504 | 0.016473 |   8.970578 |      9 | 0.917540 | 1.000000 | 1.036667 | 1.016667 | 1.020000 |  -0.101173 |      362 |      311 |       50 |   8.970376 |      9 | 0.916983 | 2.102130
1590 | 476700.0 | 477000.0 | 0.005501 | 0.016472 |   8.970376 |      9 | 0.916983 | 1.000000 | 1.023333 | 0.993333 | 1.000000 |  -0.202365 |      359 |      307 |       52 |   8.970248 |      9 | 0.915870 | 2.130321
1591 | 477000.0 | 477300.0 | 0.005499 | 0.016470 |   8.970248 |      9 | 0.915870 | 1.000000 | 1.023333 | 1.016667 | 0.976667 |   1.214301 |      361 |      307 |       54 |   8.970119 |      9 | 0.922548 | 1.961230
1592 | 477300.0 | 477600.0 | 0.005497 | 0.016469 |   8.970119 |      9 | 0.922548 | 1.000000 | 1.043333 | 1.016667 | 1.033333 |  -0.506005 |      362 |      313 |       50 |   8.969881 |      9 | 0.919766 | 2.031662
1593 | 477600.0 | 477900.0 | 0.005495 | 0.016467 |   8.969881 |      9 | 0.919766 | 1.000000 | 0.990000 | 0.980000 | 1.020000 |  -1.214523 |      357 |      297 |       59 |   8.969936 |      9 | 0.913093 | 2.200643
1594 | 477900.0 | 478200.0 | 0.005492 | 0.016466 |   8.969936 |      9 | 0.913093 | 1.000000 | 1.050000 | 0.980000 | 0.930000 |   1.518292 |      362 |      315 |       47 |   8.969661 |      9 | 0.921432 | 1.989485
1595 | 478200.0 | 478500.0 | 0.005490 | 0.016464 |   8.969661 |      9 | 0.921432 | 1.000000 | 1.056667 | 1.030000 | 0.973333 |   1.720888 |      364 |      317 |       47 |   8.969350 |      9 | 0.930880 | 1.750248
1596 | 478500.0 | 478800.0 | 0.005488 | 0.016463 |   8.969350 |      9 | 0.930880 | 1.000000 | 1.020000 | 0.976667 | 1.010000 |  -1.012379 |      357 |      306 |       52 |   8.969241 |      9 | 0.925324 | 1.890930
1597 | 478800.0 | 479100.0 | 0.005486 | 0.016461 |   8.969241 |      9 | 0.925324 | 1.000000 | 1.030000 | 0.886667 | 0.973333 |  -2.632426 |      359 |      309 |       49 |   8.969076 |      9 | 0.910883 | 2.256586
1598 | 479100.0 | 479400.0 | 0.005483 | 0.016460 |   8.969076 |      9 | 0.910883 | 1.000000 | 0.996667 | 0.983333 | 0.946667 |   1.113820 |      357 |      299 |       58 |   8.969094 |      9 | 0.916991 | 2.101935
1599 | 479400.0 | 479700.0 | 0.005481 | 0.016458 |   8.969094 |      9 | 0.916991 | 1.000000 | 1.043333 | 0.993333 | 0.976667 |   0.506328 |      364 |      313 |       52 |   8.968857 |      9 | 0.919766 | 2.031662
1600 | 479700.0 | 480000.0 | 0.005479 | 0.016457 |   8.968857 |      9 | 0.919766 | 1.000000 | 1.010000 | 0.976667 | 1.020000 |  -1.316572 |      360 |      303 |       56 |   8.968802 |      9 | 0.912553 | 2.214314
1601 | 480000.0 | 480300.0 | 0.005477 | 0.016455 |   8.968802 |      9 | 0.912553 | 1.000000 | 1.013333 | 1.066667 | 0.940000 |   3.848792 |      358 |      304 |       55 |   8.968729 |      9 | 0.933631 | 1.680580
1602 | 480300.0 | 480600.0 | 0.005474 | 0.016454 |   8.968729 |      9 | 0.933631 | 1.000000 | 0.970000 | 0.946667 | 0.986667 |  -1.215518 |      353 |      291 |       61 |   8.968893 |      9 | 0.926977 | 1.849073
1603 | 480600.0 | 480900.0 | 0.005472 | 0.016452 |   8.968893 |      9 | 0.926977 | 1.000000 | 1.046667 | 1.010000 | 0.986667 |   0.709117 |      362 |      314 |       48 |   8.968638 |      9 | 0.930857 | 1.750817
1604 | 480900.0 | 481200.0 | 0.005470 | 0.016451 |   8.968638 |      9 | 0.930857 | 1.000000 | 1.080000 | 1.006667 | 0.980000 |   0.810493 |      363 |      324 |       39 |   8.968200 |      9 | 0.935290 | 1.638560
1605 | 481200.0 | 481500.0 | 0.005468 | 0.016449 |   8.968200 |      9 | 0.935290 | 1.000000 | 1.023333 | 0.996667 | 0.986667 |   0.303962 |      356 |      307 |       49 |   8.968073 |      9 | 0.936952 | 1.596477
1606 | 481500.0 | 481800.0 | 0.005465 | 0.016448 |   8.968073 |      9 | 0.936952 | 1.000000 | 0.986667 | 0.993333 | 0.996667 |  -0.101330 |      352 |      296 |       56 |   8.968145 |      9 | 0.936398 | 1.610500
1607 | 481800.0 | 482100.0 | 0.005463 | 0.016446 |   8.968145 |      9 | 0.936398 | 1.000000 | 1.023333 | 0.933333 | 0.913333 |   0.608035 |      357 |      307 |       51 |   8.968018 |      9 | 0.939720 | 1.526388
1608 | 482100.0 | 482400.0 | 0.005461 | 0.016445 |   8.968018 |      9 | 0.939720 | 1.000000 | 1.046667 | 0.953333 | 0.983333 |  -0.912135 |      360 |      314 |       46 |   8.967763 |      9 | 0.934739 | 1.652516
1609 | 482400.0 | 482700.0 | 0.005459 | 0.016443 |   8.967763 |      9 | 0.934739 | 1.000000 | 1.026667 | 0.970000 | 0.950000 |   0.608145 |      358 |      308 |       49 |   8.967618 |      9 | 0.938059 | 1.568458
1610 | 482700.0 | 483000.0 | 0.005456 | 0.016442 |   8.967618 |      9 | 0.938059 | 1.000000 | 1.040000 | 0.943333 | 0.966667 |  -0.709566 |      358 |      312 |       46 |   8.967399 |      9 | 0.934187 | 1.666494
1611 | 483000.0 | 483300.0 | 0.005454 | 0.016440 |   8.967399 |      9 | 0.934187 | 1.000000 | 1.003333 | 1.026667 | 0.973333 |   1.622012 |      356 |      301 |       55 |   8.967381 |      9 | 0.943034 | 1.442482
1612 | 483300.0 | 483600.0 | 0.005452 | 0.016439 |   8.967381 |      9 | 0.943034 | 1.000000 | 1.000000 | 0.863333 | 0.986667 |  -3.751242 |      352 |      300 |       52 |   8.967381 |      9 | 0.922582 | 1.960346
1613 | 483600.0 | 483900.0 | 0.005450 | 0.016438 |   8.967381 |      9 | 0.922582 | 1.000000 | 0.986667 | 0.993333 | 0.930000 |   1.926487 |      355 |      296 |       59 |   8.967454 |      9 | 0.933081 | 1.694500
1614 | 483900.0 | 484200.0 | 0.005447 | 0.016436 |   8.967454 |      9 | 0.933081 | 1.000000 | 1.033333 | 0.980000 | 1.040000 |  -1.825258 |      360 |      310 |       51 |   8.967272 |      9 | 0.923138 | 1.946274
1615 | 484200.0 | 484500.0 | 0.005445 | 0.016435 |   8.967272 |      9 | 0.923138 | 1.000000 | 1.000000 | 0.996667 | 1.016667 |  -0.608474 |      358 |      300 |       57 |   8.967272 |      9 | 0.919825 | 2.030171
1616 | 484500.0 | 484800.0 | 0.005443 | 0.016433 |   8.967272 |      9 | 0.919825 | 1.000000 | 1.000000 | 1.033333 | 0.963333 |   2.129851 |      357 |      300 |       57 |   8.967272 |      9 | 0.931418 | 1.736623
1617 | 484800.0 | 485100.0 | 0.005441 | 0.016432 |   8.967272 |      9 | 0.931418 | 1.000000 | 1.030000 | 0.983333 | 0.956667 |   0.811445 |      359 |      309 |       50 |   8.967109 |      9 | 0.935833 | 1.624830
1618 | 485100.0 | 485400.0 | 0.005439 | 0.016430 |   8.967109 |      9 | 0.935833 | 1.000000 | 1.066667 | 0.933333 | 0.936667 |  -0.101440 |      362 |      320 |       42 |   8.966746 |      9 | 0.935281 | 1.638800
1619 | 485400.0 | 485700.0 | 0.005436 | 0.016429 |   8.966746 |      9 | 0.935281 | 1.000000 | 1.070000 | 0.940000 | 1.050000 |  -3.347813 |      362 |      321 |       41 |   8.966366 |      9 | 0.917081 | 2.099651
1620 | 485700.0 | 486000.0 | 0.005434 | 0.016427 |   8.966366 |      9 | 0.917081 | 1.000000 | 0.956667 | 1.030000 | 0.983333 |   1.420412 |      355 |      287 |       68 |   8.966601 |      9 | 0.924800 | 1.904201
1621 | 486000.0 | 486300.0 | 0.005432 | 0.016426 |   8.966601 |      9 | 0.924800 | 1.000000 | 1.000000 | 1.016667 | 0.986667 |   0.913204 |      355 |      300 |       55 |   8.966601 |      9 | 0.929760 | 1.778593
1622 | 486300.0 | 486600.0 | 0.005430 | 0.016424 |   8.966601 |      9 | 0.929760 | 1.000000 | 1.003333 | 1.000000 | 0.963333 |   1.116238 |      358 |      301 |       57 |   8.966583 |      9 | 0.935821 | 1.625122
1623 | 486600.0 | 486900.0 | 0.005428 | 0.016423 |   8.966583 |      9 | 0.935821 | 1.000000 | 1.010000 | 0.983333 | 0.976667 |   0.202971 |      356 |      303 |       53 |   8.966529 |      9 | 0.936923 | 1.597227
1624 | 486900.0 | 487200.0 | 0.005425 | 0.016421 |   8.966529 |      9 | 0.936923 | 1.000000 | 1.036667 | 0.970000 | 0.993333 |  -0.710461 |      358 |      311 |       47 |   8.966330 |      9 | 0.933068 | 1.694829
1625 | 487200.0 | 487500.0 | 0.005423 | 0.016420 |   8.966330 |      9 | 0.933068 | 1.000000 | 1.033333 | 0.956667 | 1.006667 |  -1.522552 |      359 |      310 |       51 |   8.966149 |      9 | 0.924811 | 1.903909
1626 | 487500.0 | 487800.0 | 0.005421 | 0.016418 |   8.966149 |      9 | 0.924811 | 1.000000 | 1.073333 | 0.993333 | 0.986667 |   0.203025 |      364 |      322 |       40 |   8.965752 |      9 | 0.925912 | 1.876041
1627 | 487800.0 | 488100.0 | 0.005419 | 0.016417 |   8.965752 |      9 | 0.925912 | 1.000000 | 1.006667 | 0.976667 | 1.040000 |  -1.928912 |      356 |      302 |       54 |   8.965716 |      9 | 0.915460 | 2.140708
1628 | 488100.0 | 488400.0 | 0.005417 | 0.016415 |   8.965716 |      9 | 0.915460 | 1.000000 | 0.990000 | 0.976667 | 0.960000 |   0.507654 |      359 |      297 |       62 |   8.965770 |      9 | 0.918209 | 2.071081
1629 | 488400.0 | 488700.0 | 0.005414 | 0.016414 |   8.965770 |      9 | 0.918209 | 1.000000 | 1.033333 | 0.990000 | 0.976667 |   0.406159 |      361 |      310 |       51 |   8.965589 |      9 | 0.920408 | 2.015396
1630 | 488700.0 | 489000.0 | 0.005412 | 0.016412 |   8.965589 |      9 | 0.920408 | 1.000000 | 1.043333 | 1.003333 | 0.933333 |   2.132526 |      360 |      313 |       47 |   8.965355 |      9 | 0.931950 | 1.723146
1631 | 489000.0 | 489300.0 | 0.005410 | 0.016411 |   8.965355 |      9 | 0.931950 | 1.000000 | 1.040000 | 0.953333 | 1.026667 |  -2.234275 |      359 |      312 |       47 |   8.965138 |      9 | 0.919863 | 2.029217
1632 | 489300.0 | 489600.0 | 0.005408 | 0.016410 |   8.965138 |      9 | 0.919863 | 1.000000 | 1.026667 | 0.970000 | 0.963333 |   0.203134 |      361 |      308 |       53 |   8.964994 |      9 | 0.920961 | 2.001401
1633 | 489600.0 | 489900.0 | 0.005406 | 0.016408 |   8.964994 |      9 | 0.920961 | 1.000000 | 0.990000 | 0.986667 | 0.990000 |  -0.101576 |      357 |      297 |       60 |   8.965048 |      9 | 0.920412 | 2.015304
1634 | 489900.0 | 490200.0 | 0.005403 | 0.016407 |   8.965048 |      9 | 0.920412 | 1.000000 | 1.003333 | 0.983333 | 1.020000 |  -1.117436 |      357 |      301 |       57 |   8.965030 |      9 | 0.914374 | 2.168195
1635 | 490200.0 | 490500.0 | 0.005401 | 0.016405 |   8.965030 |      9 | 0.914374 | 1.000000 | 1.003333 | 0.993333 | 0.986667 |   0.203188 |      358 |      301 |       56 |   8.965012 |      9 | 0.915472 | 2.140406
1636 | 490500.0 | 490800.0 | 0.005399 | 0.016404 |   8.965012 |      9 | 0.915472 | 1.000000 | 1.040000 | 0.953333 | 0.950000 |   0.101603 |      362 |      312 |       50 |   8.964796 |      9 | 0.916020 | 2.126515
1637 | 490800.0 | 491100.0 | 0.005397 | 0.016402 |   8.964796 |      9 | 0.916020 | 1.000000 | 0.976667 | 0.970000 | 0.956667 |   0.406449 |      356 |      293 |       63 |   8.964922 |      9 | 0.918214 | 2.070971
1638 | 491100.0 | 491400.0 | 0.005395 | 0.016401 |   8.964922 |      9 | 0.918214 | 1.000000 | 0.996667 | 1.033333 | 1.010000 |   0.711349 |      357 |      299 |       58 |   8.964940 |      9 | 0.922051 | 1.973799
1639 | 491400.0 | 491700.0 | 0.005393 | 0.016399 |   8.964940 |      9 | 0.922051 | 1.000000 | 0.950000 | 0.963333 | 0.970000 |  -0.203261 |      353 |      285 |       68 |   8.965210 |      9 | 0.920955 | 2.001554
1640 | 491700.0 | 492000.0 | 0.005390 | 0.016398 |   8.965210 |      9 | 0.920955 | 1.000000 | 0.986667 | 0.993333 | 1.006667 |  -0.406557 |      356 |      296 |       60 |   8.965282 |      9 | 0.918764 | 2.057046
1641 | 492000.0 | 492300.0 | 0.005388 | 0.016396 |   8.965282 |      9 | 0.918764 | 1.000000 | 1.050000 | 1.030000 | 1.016667 |   0.406593 |      363 |      315 |       48 |   8.965012 |      9 | 0.920954 | 2.001571
1642 | 492300.0 | 492600.0 | 0.005386 | 0.016395 |   8.965012 |      9 | 0.920954 | 1.000000 | 1.030000 | 0.990000 | 1.023333 |  -1.016574 |      359 |      309 |       50 |   8.964851 |      9 | 0.915479 | 2.140214
1643 | 492600.0 | 492900.0 | 0.005384 | 0.016393 |   8.964851 |      9 | 0.915479 | 1.000000 | 0.963333 | 0.986667 | 1.020000 |  -1.016664 |      357 |      289 |       68 |   8.965048 |      9 | 0.910006 | 2.278814
1644 | 492900.0 | 493200.0 | 0.005382 | 0.016392 |   8.965048 |      9 | 0.910006 | 1.000000 | 0.973333 | 0.953333 | 1.006667 |  -1.626806 |      356 |      292 |       64 |   8.965192 |      9 | 0.901251 | 2.500504
1645 | 493200.0 | 493500.0 | 0.005380 | 0.016391 |   8.965192 |      9 | 0.901251 | 1.000000 | 1.013333 | 1.020000 | 1.010000 |   0.305053 |      360 |      304 |       56 |   8.965120 |      9 | 0.902892 | 2.458950
1646 | 493500.0 | 493800.0 | 0.005377 | 0.016389 |   8.965120 |      9 | 0.902892 | 1.000000 | 1.020000 | 1.016667 | 0.920000 |   2.949108 |      360 |      306 |       54 |   8.965012 |      9 | 0.918750 | 2.057388
1647 | 493800.0 | 494100.0 | 0.005375 | 0.016388 |   8.965012 |      9 | 0.918750 | 1.000000 | 0.983333 | 0.970000 | 0.960000 |   0.305107 |      356 |      295 |       61 |   8.965102 |      9 | 0.920390 | 2.015860
1648 | 494100.0 | 494400.0 | 0.005373 | 0.016386 |   8.965102 |      9 | 0.920390 | 1.000000 | 1.006667 | 0.990000 | 0.990000 |   0.000000 |      359 |      302 |       57 |   8.965066 |      9 | 0.920390 | 2.015860
1649 | 494400.0 | 494700.0 | 0.005371 | 0.016385 |   8.965066 |      9 | 0.920390 | 1.000000 | 1.053333 | 1.016667 | 1.040000 |  -0.712042 |      361 |      316 |       45 |   8.964780 |      9 | 0.916566 | 2.112698
1650 | 494700.0 | 495000.0 | 0.005369 | 0.016383 |   8.964780 |      9 | 0.916566 | 1.000000 | 1.006667 | 1.020000 | 0.950000 |   2.136315 |      361 |      302 |       59 |   8.964744 |      9 | 0.928035 | 1.822274
1651 | 495000.0 | 495300.0 | 0.005367 | 0.016382 |   8.964744 |      9 | 0.928035 | 1.000000 | 0.970000 | 0.950000 | 0.976667 |  -0.813906 |      353 |      291 |       62 |   8.964905 |      9 | 0.923667 | 1.932878
1652 | 495300.0 | 495600.0 | 0.005364 | 0.016380 |   8.964905 |      9 | 0.923667 | 1.000000 | 0.966667 | 0.980000 | 1.026667 |  -1.424461 |      353 |      290 |       63 |   8.965084 |      9 | 0.916026 | 2.126373
1653 | 495600.0 | 495900.0 | 0.005362 | 0.016379 |   8.965084 |      9 | 0.916026 | 1.000000 | 0.936667 | 0.966667 | 0.970000 |  -0.101756 |      353 |      281 |       72 |   8.965423 |      9 | 0.915480 | 2.140189
1654 | 495900.0 | 496200.0 | 0.005360 | 0.016378 |   8.965423 |      9 | 0.915480 | 1.000000 | 1.016667 | 1.016667 | 0.976667 |   1.221182 |      360 |      305 |       55 |   8.965334 |      9 | 0.922026 | 1.974440
1655 | 496200.0 | 496500.0 | 0.005358 | 0.016376 |   8.965334 |      9 | 0.922026 | 1.000000 | 0.996667 | 0.963333 | 0.943333 |   0.610645 |      358 |      299 |       59 |   8.965352 |      9 | 0.925298 | 1.891591
1656 | 496500.0 | 496800.0 | 0.005356 | 0.016375 |   8.965352 |      9 | 0.925298 | 1.000000 | 1.033333 | 1.010000 | 1.010000 |   0.000000 |      359 |      310 |       49 |   8.965173 |      9 | 0.925298 | 1.891591
1657 | 496800.0 | 497100.0 | 0.005354 | 0.016373 |   8.965173 |      9 | 0.925298 | 1.000000 | 0.973333 | 1.036667 | 0.993333 |   1.323296 |      354 |      292 |       63 |   8.965316 |      9 | 0.932382 | 1.712196
1658 | 497100.0 | 497400.0 | 0.005352 | 0.016372 |   8.965316 |      9 | 0.932382 | 1.000000 | 0.993333 | 0.960000 | 1.010000 |  -1.527015 |      356 |      298 |       57 |   8.965352 |      9 | 0.924210 | 1.919126
1659 | 497400.0 | 497700.0 | 0.005350 | 0.016370 |   8.965352 |      9 | 0.924210 | 1.000000 | 1.016667 | 1.043333 | 1.003333 |   1.221719 |      358 |      305 |       53 |   8.965263 |      9 | 0.930746 | 1.753633
1660 | 497700.0 | 498000.0 | 0.005347 | 0.016369 |   8.965263 |      9 | 0.930746 | 1.000000 | 1.023333 | 1.023333 | 1.020000 |   0.101819 |      358 |      307 |       51 |   8.965138 |      9 | 0.931290 | 1.739846
1661 | 498000.0 | 498300.0 | 0.005345 | 0.016368 |   8.965138 |      9 | 0.931290 | 1.000000 | 1.013333 | 1.003333 | 1.046667 |  -1.323761 |      357 |      304 |       53 |   8.965067 |      9 | 0.924215 | 1.919019
1662 | 498300.0 | 498600.0 | 0.005343 | 0.016366 |   8.965067 |      9 | 0.924215 | 1.000000 | 0.960000 | 0.996667 | 0.996667 |   0.000000 |      353 |      288 |       65 |   8.965280 |      9 | 0.924215 | 1.919019
1663 | 498600.0 | 498900.0 | 0.005341 | 0.016365 |   8.965280 |      9 | 0.924215 | 1.000000 | 1.050000 | 0.976667 | 0.973333 |   0.101846 |      362 |      315 |       47 |   8.965013 |      9 | 0.924758 | 1.905245
1664 | 498900.0 | 499200.0 | 0.005339 | 0.016363 |   8.965013 |      9 | 0.924758 | 1.000000 | 1.000000 | 0.963333 | 0.943333 |   0.611127 |      356 |      300 |       56 |   8.965013 |      9 | 0.928021 | 1.822626
1665 | 499200.0 | 499500.0 | 0.005337 | 0.016362 |   8.965013 |      9 | 0.928021 | 1.000000 | 1.100000 | 0.960000 | 1.040000 |  -2.444723 |      366 |      330 |       36 |   8.964480 |      9 | 0.914974 | 2.152997
1666 | 499500.0 | 499800.0 | 0.005335 | 0.016360 |   8.964480 |      9 | 0.914974 | 1.000000 | 0.996667 | 0.970000 | 0.980000 |  -0.305617 |      359 |      299 |       60 |   8.964497 |      9 | 0.913344 | 2.194281
1667 | 499800.0 | 500100.0 | 0.005333 | 0.016359 |   8.964497 |      9 | 0.913344 | 1.000000 | 1.000000 | 0.960000 | 0.973333 |  -0.407525 |      358 |      300 |       59 |   8.964497 |      9 | 0.911171 | 2.249309
1668 | 500100.0 | 500400.0 | 0.005330 | 0.016357 |   8.964497 |      9 | 0.911171 | 1.000000 | 0.943333 | 0.976667 | 0.986667 |  -0.305670 |      352 |      283 |       68 |   8.964799 |      9 | 0.909541 | 2.290567
1669 | 500400.0 | 500700.0 | 0.005328 | 0.016356 |   8.964799 |      9 | 0.909541 | 1.000000 | 0.983333 | 1.030000 | 1.020000 |   0.305697 |      357 |      295 |       62 |   8.964888 |      9 | 0.911170 | 2.249321
1670 | 500700.0 | 501000.0 | 0.005326 | 0.016355 |   8.964888 |      9 | 0.911170 | 1.000000 | 1.030000 | 0.966667 | 0.966667 |   0.000000 |      361 |      309 |       52 |   8.964728 |      9 | 0.911170 | 2.249321
1671 | 501000.0 | 501300.0 | 0.005324 | 0.016353 |   8.964728 |      9 | 0.911170 | 1.000000 | 0.996667 | 1.010000 | 0.993333 |   0.509584 |      359 |      299 |       60 |   8.964746 |      9 | 0.913883 | 2.180621
1672 | 501300.0 | 501600.0 | 0.005322 | 0.016352 |   8.964746 |      9 | 0.913883 | 1.000000 | 0.966667 | 0.983333 | 0.990000 |  -0.203851 |      356 |      290 |       66 |   8.964924 |      9 | 0.912798 | 2.208093
1673 | 501600.0 | 501900.0 | 0.005320 | 0.016350 |   8.964924 |      9 | 0.912798 | 1.000000 | 0.970000 | 0.993333 | 0.970000 |   0.713542 |      356 |      291 |       65 |   8.965083 |      9 | 0.916594 | 2.111972
1674 | 501900.0 | 502200.0 | 0.005318 | 0.016349 |   8.965083 |      9 | 0.916594 | 1.000000 | 1.043333 | 1.023333 | 0.963333 |   1.834982 |      362 |      313 |       49 |   8.964853 |      9 | 0.926353 | 1.864881
1675 | 502200.0 | 502500.0 | 0.005316 | 0.016348 |   8.964853 |      9 | 0.926353 | 1.000000 | 1.006667 | 0.953333 | 1.016667 |  -1.937094 |      358 |      302 |       56 |   8.964817 |      9 | 0.916055 | 2.125619
1676 | 502500.0 | 502800.0 | 0.005314 | 0.016346 |   8.964817 |      9 | 0.916055 | 1.000000 | 1.013333 | 1.003333 | 0.990000 |   0.407845 |      360 |      304 |       56 |   8.964746 |      9 | 0.918223 | 2.070744
1677 | 502800.0 | 503100.0 | 0.005312 | 0.016345 |   8.964746 |      9 | 0.918223 | 1.000000 | 0.993333 | 0.983333 | 1.093333 |  -3.365011 |      355 |      298 |       58 |   8.964782 |      9 | 0.900349 | 2.523327
1678 | 503100.0 | 503400.0 | 0.005309 | 0.016343 |   8.964782 |      9 | 0.900349 | 1.000000 | 0.976667 | 0.993333 | 1.010000 |  -0.509894 |      358 |      293 |       64 |   8.964906 |      9 | 0.897642 | 2.591879
1679 | 503400.0 | 503700.0 | 0.005307 | 0.016342 |   8.964906 |      9 | 0.897642 | 1.000000 | 0.950000 | 0.993333 | 0.963333 |   0.917890 |      354 |      285 |       69 |   8.965171 |      9 | 0.902514 | 2.468523
1680 | 503700.0 | 504000.0 | 0.005305 | 0.016340 |   8.965171 |      9 | 0.902514 | 1.000000 | 0.993333 | 0.960000 | 0.953333 |   0.203993 |      356 |      298 |       58 |   8.965206 |      9 | 0.903596 | 2.441119
1681 | 504000.0 | 504300.0 | 0.005303 | 0.016339 |   8.965206 |      9 | 0.903596 | 1.000000 | 0.983333 | 0.976667 | 0.970000 |   0.204011 |      358 |      295 |       63 |   8.965295 |      9 | 0.904678 | 2.413724
1682 | 504300.0 | 504600.0 | 0.005301 | 0.016338 |   8.965295 |      9 | 0.904678 | 1.000000 | 1.006667 | 1.023333 | 1.010000 |   0.408057 |      360 |      302 |       58 |   8.965260 |      9 | 0.906841 | 2.358949
1683 | 504600.0 | 504900.0 | 0.005299 | 0.016336 |   8.965260 |      9 | 0.906841 | 1.000000 | 1.026667 | 0.976667 | 0.956667 |   0.612139 |      362 |      308 |       54 |   8.965118 |      9 | 0.910085 | 2.276812
1684 | 504900.0 | 505200.0 | 0.005297 | 0.016335 |   8.965118 |      9 | 0.910085 | 1.000000 | 1.020000 | 0.953333 | 0.910000 |   1.326415 |      360 |      306 |       54 |   8.965012 |      9 | 0.917111 | 2.098904
1685 | 505200.0 | 505500.0 | 0.005295 | 0.016333 |   8.965012 |      9 | 0.917111 | 1.000000 | 1.046667 | 0.970000 | 0.996667 |  -0.816326 |      364 |      314 |       50 |   8.964765 |      9 | 0.912788 | 2.208353
1686 | 505500.0 | 505800.0 | 0.005293 | 0.016332 |   8.964765 |      9 | 0.912788 | 1.000000 | 1.040000 | 1.046667 | 1.020000 |   0.816397 |      362 |      312 |       50 |   8.964553 |      9 | 0.917109 | 2.098937
1687 | 505800.0 | 506100.0 | 0.005291 | 0.016331 |   8.964553 |      9 | 0.917109 | 1.000000 | 0.953333 | 1.080000 | 0.943333 |   4.184394 |      352 |      286 |       66 |   8.964800 |      9 | 0.939248 | 1.538356
1688 | 506100.0 | 506400.0 | 0.005289 | 0.016329 |   8.964800 |      9 | 0.939248 | 1.000000 | 1.023333 | 0.923333 | 1.020000 |  -2.959949 |      358 |      307 |       51 |   8.964677 |      9 | 0.923594 | 1.934744
1689 | 506400.0 | 506700.0 | 0.005287 | 0.016328 |   8.964677 |      9 | 0.923594 | 1.000000 | 1.023333 | 1.026667 | 0.940000 |   2.653976 |      359 |      307 |       52 |   8.964554 |      9 | 0.937624 | 1.579470
1690 | 506700.0 | 507000.0 | 0.005284 | 0.016326 |   8.964554 |      9 | 0.937624 | 1.000000 | 0.996667 | 0.916667 | 0.936667 |  -0.612509 |      354 |      299 |       55 |   8.964571 |      9 | 0.934387 | 1.661431
1691 | 507000.0 | 507300.0 | 0.005282 | 0.016325 |   8.964571 |      9 | 0.934387 | 1.000000 | 1.033333 | 0.886667 | 1.026667 |  -4.287932 |      358 |      310 |       50 |   8.964395 |      9 | 0.911736 | 2.234985
1692 | 507300.0 | 507600.0 | 0.005280 | 0.016323 |   8.964395 |      9 | 0.911736 | 1.000000 | 0.986667 | 0.983333 | 0.970000 |   0.408410 |      357 |      296 |       59 |   8.964466 |      9 | 0.913893 | 2.180378
1693 | 507600.0 | 507900.0 | 0.005278 | 0.016322 |   8.964466 |      9 | 0.913893 | 1.000000 | 1.013333 | 0.990000 | 0.940000 |   1.531668 |      361 |      304 |       57 |   8.964395 |      9 | 0.921978 | 1.975662
1694 | 507900.0 | 508200.0 | 0.005276 | 0.016321 |   8.964395 |      9 | 0.921978 | 1.000000 | 1.043333 | 1.006667 | 1.003333 |   0.102120 |      359 |      313 |       46 |   8.964167 |      9 | 0.922516 | 1.962018
1695 | 508200.0 | 508500.0 | 0.005274 | 0.016319 |   8.964167 |      9 | 0.922516 | 1.000000 | 1.033333 | 0.973333 | 0.923333 |   1.531931 |      362 |      310 |       52 |   8.963991 |      9 | 0.930596 | 1.757427
1696 | 508500.0 | 508800.0 | 0.005272 | 0.016318 |   8.963991 |      9 | 0.930596 | 1.000000 | 1.050000 | 0.893333 | 0.966667 |  -2.247026 |      361 |      315 |       46 |   8.963727 |      9 | 0.918749 | 2.057403
1697 | 508800.0 | 509100.0 | 0.005270 | 0.016316 |   8.963727 |      9 | 0.918749 | 1.000000 | 0.986667 | 1.023333 | 1.026667 |  -0.102146 |      357 |      296 |       61 |   8.963797 |      9 | 0.918211 | 2.071034
1698 | 509100.0 | 509400.0 | 0.005268 | 0.016315 |   8.963797 |      9 | 0.918211 | 1.000000 | 1.020000 | 1.046667 | 1.010000 |   1.123706 |      359 |      306 |       53 |   8.963692 |      9 | 0.924131 | 1.921137
1699 | 509400.0 | 509700.0 | 0.005266 | 0.016314 |   8.963692 |      9 | 0.924131 | 1.000000 | 1.030000 | 1.010000 | 0.996667 |   0.408655 |      360 |      309 |       51 |   8.963534 |      9 | 0.926283 | 1.866646
1700 | 509700.0 | 510000.0 | 0.005264 | 0.016312 |   8.963534 |      9 | 0.926283 | 1.000000 | 0.973333 | 1.000000 | 0.976667 |   0.715208 |      355 |      292 |       63 |   8.963674 |      9 | 0.930048 | 1.771314
1701 | 510000.0 | 510300.0 | 0.005262 | 0.016311 |   8.963674 |      9 | 0.930048 | 1.000000 | 1.026667 | 0.936667 | 0.960000 |  -0.715270 |      359 |      308 |       52 |   8.963534 |      9 | 0.926284 | 1.866617
1702 | 510300.0 | 510600.0 | 0.005260 | 0.016309 |   8.963534 |      9 | 0.926284 | 1.000000 | 1.030000 | 0.953333 | 0.990000 |  -1.124091 |      360 |      309 |       50 |   8.963376 |      9 | 0.920371 | 2.016332
1703 | 510600.0 | 510900.0 | 0.005258 | 0.016308 |   8.963376 |      9 | 0.920371 | 1.000000 | 0.990000 | 0.940000 | 1.030000 |  -2.759369 |      356 |      297 |       59 |   8.963429 |      9 | 0.905863 | 2.383704
1704 | 510900.0 | 511200.0 | 0.005256 | 0.016307 |   8.963429 |      9 | 0.905863 | 1.000000 | 0.990000 | 1.006667 | 0.933333 |   2.248567 |      358 |      297 |       61 |   8.963481 |      9 | 0.917681 | 2.084455
1705 | 511200.0 | 511500.0 | 0.005254 | 0.016305 |   8.963481 |      9 | 0.917681 | 1.000000 | 0.966667 | 0.976667 | 0.990000 |  -0.408865 |      355 |      290 |       65 |   8.963657 |      9 | 0.915533 | 2.138847
1706 | 511500.0 | 511800.0 | 0.005252 | 0.016304 |   8.963657 |      9 | 0.915533 | 1.000000 | 1.023333 | 1.006667 | 0.963333 |   1.328926 |      361 |      307 |       54 |   8.963534 |      9 | 0.922512 | 1.962125
1707 | 511800.0 | 512100.0 | 0.005250 | 0.016303 |   8.963534 |      9 | 0.922512 | 1.000000 | 1.013333 | 0.963333 | 1.040000 |  -2.351377 |      357 |      304 |       53 |   8.963464 |      9 | 0.910168 | 2.274693
1708 | 512100.0 | 512400.0 | 0.005248 | 0.016301 |   8.963464 |      9 | 0.910168 | 1.000000 | 1.013333 | 0.953333 | 0.920000 |   1.022425 |      360 |      304 |       56 |   8.963394 |      9 | 0.915534 | 2.138835
1709 | 512400.0 | 512700.0 | 0.005246 | 0.016300 |   8.963394 |      9 | 0.915534 | 1.000000 | 0.990000 | 1.000000 | 0.943333 |   1.738271 |      357 |      297 |       60 |   8.963447 |      9 | 0.924652 | 1.907945
1710 | 512700.0 | 513000.0 | 0.005244 | 0.016298 |   8.963447 |      9 | 0.924652 | 1.000000 | 1.010000 | 1.033333 | 1.040000 |  -0.204520 |      357 |      303 |       54 |   8.963394 |      9 | 0.923579 | 1.935101
1711 | 513000.0 | 513300.0 | 0.005242 | 0.016297 |   8.963394 |      9 | 0.923579 | 1.000000 | 0.966667 | 0.943333 | 0.950000 |  -0.204537 |      353 |      290 |       63 |   8.963569 |      9 | 0.922507 | 1.962248
1712 | 513300.0 | 513600.0 | 0.005239 | 0.016296 |   8.963569 |      9 | 0.922507 | 1.000000 | 1.010000 | 1.050000 | 0.940000 |   3.375154 |      358 |      303 |       55 |   8.963516 |      9 | 0.940191 | 1.514456
1713 | 513600.0 | 513900.0 | 0.005237 | 0.016294 |   8.963516 |      9 | 0.940191 | 1.000000 | 1.006667 | 0.910000 | 0.990000 |  -2.454866 |      355 |      302 |       53 |   8.963481 |      9 | 0.927334 | 1.840025
1714 | 513900.0 | 514200.0 | 0.005235 | 0.016293 |   8.963481 |      9 | 0.927334 | 1.000000 | 0.996667 | 0.996667 | 0.980000 |   0.511474 |      355 |      299 |       57 |   8.963499 |      9 | 0.930012 | 1.772218
1715 | 514200.0 | 514500.0 | 0.005233 | 0.016291 |   8.963499 |      9 | 0.930012 | 1.000000 | 0.973333 | 0.953333 | 1.010000 |  -1.739159 |      352 |      292 |       59 |   8.963639 |      9 | 0.920910 | 2.002691
1716 | 514500.0 | 514800.0 | 0.005231 | 0.016290 |   8.963639 |      9 | 0.920910 | 1.000000 | 0.970000 | 1.006667 | 0.970000 |   1.125434 |      355 |      291 |       64 |   8.963795 |      9 | 0.926798 | 1.853606
1717 | 514800.0 | 515100.0 | 0.005229 | 0.016289 |   8.963795 |      9 | 0.926798 | 1.000000 | 1.056667 | 1.013333 | 0.993333 |   0.613925 |      363 |      317 |       46 |   8.963499 |      9 | 0.930008 | 1.772312
1718 | 515100.0 | 515400.0 | 0.005227 | 0.016287 |   8.963499 |      9 | 0.930008 | 1.000000 | 0.990000 | 0.970000 | 1.006667 |  -1.125625 |      355 |      297 |       58 |   8.963551 |      9 | 0.924124 | 1.921307
1719 | 515400.0 | 515700.0 | 0.005225 | 0.016286 |   8.963551 |      9 | 0.924124 | 1.000000 | 1.023333 | 1.000000 | 1.030000 |  -0.921044 |      359 |      307 |       52 |   8.963429 |      9 | 0.919311 | 2.043175
1720 | 515700.0 | 516000.0 | 0.005223 | 0.016284 |   8.963429 |      9 | 0.919311 | 1.000000 | 1.016667 | 0.963333 | 1.020000 |  -1.739897 |      359 |      305 |       54 |   8.963342 |      9 | 0.910223 | 2.273302
1721 | 516000.0 | 516300.0 | 0.005221 | 0.016283 |   8.963342 |      9 | 0.910223 | 1.000000 | 0.983333 | 0.980000 | 0.966667 |   0.409422 |      357 |      295 |       62 |   8.963429 |      9 | 0.912361 | 2.219171
1722 | 516300.0 | 516600.0 | 0.005219 | 0.016282 |   8.963429 |      9 | 0.912361 | 1.000000 | 1.030000 | 1.016667 | 0.990000 |   0.818914 |      361 |      309 |       52 |   8.963273 |      9 | 0.916635 | 2.110941
1723 | 516600.0 | 516900.0 | 0.005217 | 0.016280 |   8.963273 |      9 | 0.916635 | 1.000000 | 1.036667 | 0.953333 | 0.956667 |  -0.102373 |      361 |      311 |       50 |   8.963082 |      9 | 0.916101 | 2.124465
1724 | 516900.0 | 517200.0 | 0.005215 | 0.016279 |   8.963082 |      9 | 0.916101 | 1.000000 | 1.026667 | 1.003333 | 1.023333 |  -0.614289 |      361 |      308 |       53 |   8.962942 |      9 | 0.912897 | 2.205589
1725 | 517200.0 | 517500.0 | 0.005213 | 0.016278 |   8.962942 |      9 | 0.912897 | 1.000000 | 1.006667 | 0.956667 | 0.976667 |  -0.614341 |      359 |      302 |       58 |   8.962908 |      9 | 0.909695 | 2.286689
1726 | 517500.0 | 517800.0 | 0.005211 | 0.016276 |   8.962908 |      9 | 0.909695 | 1.000000 | 1.046667 | 0.990000 | 0.956667 |   1.023989 |      363 |      314 |       48 |   8.962665 |      9 | 0.915031 | 2.151563
1727 | 517800.0 | 518100.0 | 0.005209 | 0.016275 |   8.962665 |      9 | 0.915031 | 1.000000 | 1.000000 | 0.973333 | 0.940000 |   1.024075 |      358 |      300 |       59 |   8.962665 |      9 | 0.920366 | 2.016478
1728 | 518100.0 | 518400.0 | 0.005207 | 0.016273 |   8.962665 |      9 | 0.920366 | 1.000000 | 1.020000 | 1.013333 | 0.923333 |   2.765236 |      360 |      306 |       53 |   8.962560 |      9 | 0.934765 | 1.651857
1729 | 518400.0 | 518700.0 | 0.005205 | 0.016272 |   8.962560 |      9 | 0.934765 | 1.000000 | 1.016667 | 0.990000 | 1.040000 |  -1.536372 |      356 |      305 |       51 |   8.962474 |      9 | 0.926768 | 1.854364
1730 | 518700.0 | 519000.0 | 0.005203 | 0.016271 |   8.962474 |      9 | 0.926768 | 1.000000 | 0.983333 | 1.046667 | 0.966667 |   2.458402 |      354 |      295 |       59 |   8.962560 |      9 | 0.939560 | 1.530449
1731 | 519000.0 | 519300.0 | 0.005201 | 0.016269 |   8.962560 |      9 | 0.939560 | 1.000000 | 1.026667 | 0.963333 | 0.940000 |   0.717094 |      356 |      308 |       49 |   8.962422 |      9 | 0.943290 | 1.436002
1732 | 519300.0 | 519600.0 | 0.005199 | 0.016268 |   8.962422 |      9 | 0.943290 | 1.000000 | 0.970000 | 0.856667 | 0.976667 |  -3.688225 |      349 |      291 |       57 |   8.962578 |      9 | 0.924113 | 1.921584
1733 | 519600.0 | 519900.0 | 0.005197 | 0.016267 |   8.962578 |      9 | 0.924113 | 1.000000 | 1.006667 | 1.090000 | 1.010000 |   2.459024 |      359 |      302 |       57 |   8.962543 |      9 | 0.936894 | 1.597959
1734 | 519900.0 | 520200.0 | 0.005195 | 0.016265 |   8.962543 |      9 | 0.936894 | 1.000000 | 1.026667 | 0.956667 | 1.000000 |  -1.332083 |      356 |      308 |       48 |   8.962404 |      9 | 0.929973 | 1.773204
1735 | 520200.0 | 520500.0 | 0.005193 | 0.016264 |   8.962404 |      9 | 0.929973 | 1.000000 | 1.073333 | 1.006667 | 1.023333 |  -0.512383 |      364 |      322 |       42 |   8.962024 |      9 | 0.927312 | 1.840586
1736 | 520500.0 | 520800.0 | 0.005191 | 0.016263 |   8.962024 |      9 | 0.927312 | 1.000000 | 1.040000 | 0.946667 | 0.986667 |  -1.229822 |      361 |      312 |       49 |   8.961816 |      9 | 0.920927 | 2.002254
1737 | 520800.0 | 521100.0 | 0.005189 | 0.016261 |   8.961816 |      9 | 0.920927 | 1.000000 | 1.016667 | 1.043333 | 1.016667 |   0.819950 |      359 |      305 |       54 |   8.961729 |      9 | 0.925183 | 1.894507
1738 | 521100.0 | 521400.0 | 0.005188 | 0.016260 |   8.961729 |      9 | 0.925183 | 1.000000 | 0.990000 | 1.003333 | 0.990000 |   0.410009 |      356 |      297 |       61 |   8.961781 |      9 | 0.927309 | 1.840650
1739 | 521400.0 | 521700.0 | 0.005186 | 0.016258 |   8.961781 |      9 | 0.927309 | 1.000000 | 1.050000 | 0.993333 | 0.950000 |   1.332642 |      362 |      315 |       45 |   8.961522 |      9 | 0.934220 | 1.665665
1740 | 521700.0 | 522000.0 | 0.005184 | 0.016257 |   8.961522 |      9 | 0.934220 | 1.000000 | 1.063333 | 0.916667 | 0.963333 |  -1.435274 |      362 |      319 |       44 |   8.961194 |      9 | 0.926780 | 1.854054
1741 | 522000.0 | 522300.0 | 0.005182 | 0.016256 |   8.961194 |      9 | 0.926780 | 1.000000 | 1.006667 | 1.010000 | 1.003333 |   0.205056 |      357 |      302 |       54 |   8.961159 |      9 | 0.927843 | 1.827149
1742 | 522300.0 | 522600.0 | 0.005180 | 0.016254 |   8.961159 |      9 | 0.927843 | 1.000000 | 1.013333 | 1.053333 | 0.990000 |   1.948198 |      360 |      304 |       56 |   8.961090 |      9 | 0.937934 | 1.571630
1743 | 522600.0 | 522900.0 | 0.005178 | 0.016253 |   8.961090 |      9 | 0.937934 | 1.000000 | 1.013333 | 0.993333 | 1.016667 |  -0.717817 |      355 |      304 |       51 |   8.961021 |      9 | 0.934217 | 1.665741
1744 | 522900.0 | 523200.0 | 0.005176 | 0.016252 |   8.961021 |      9 | 0.934217 | 1.000000 | 1.013333 | 0.963333 | 0.993333 |  -0.922985 |      357 |      304 |       53 |   8.960952 |      9 | 0.929440 | 1.786705
1745 | 523200.0 | 523500.0 | 0.005174 | 0.016250 |   8.960952 |      9 | 0.929440 | 1.000000 | 1.053333 | 0.976667 | 0.970000 |   0.205125 |      362 |      316 |       46 |   8.960676 |      9 | 0.930501 | 1.759832
1746 | 523500.0 | 523800.0 | 0.005172 | 0.016249 |   8.960676 |      9 | 0.930501 | 1.000000 | 1.003333 | 0.946667 | 0.983333 |  -1.128281 |      358 |      301 |       57 |   8.960659 |      9 | 0.924666 | 1.907589
1747 | 523800.0 | 524100.0 | 0.005170 | 0.016248 |   8.960659 |      9 | 0.924666 | 1.000000 | 0.980000 | 0.980000 | 1.006667 |  -0.820637 |      354 |      294 |       61 |   8.960762 |      9 | 0.920423 | 2.015017
1748 | 524100.0 | 524400.0 | 0.005168 | 0.016246 |   8.960762 |      9 | 0.920423 | 1.000000 | 0.980000 | 1.040000 | 0.983333 |   1.743999 |      356 |      294 |       61 |   8.960866 |      9 | 0.929436 | 1.786800
1749 | 524400.0 | 524700.0 | 0.005166 | 0.016245 |   8.960866 |      9 | 0.929436 | 1.000000 | 0.996667 | 0.983333 | 0.943333 |   1.231160 |      355 |      299 |       56 |   8.960883 |      9 | 0.935796 | 1.625753
1750 | 524700.0 | 525000.0 | 0.005164 | 0.016243 |   8.960883 |      9 | 0.935796 | 1.000000 | 1.060000 | 1.040000 | 0.963333 |   2.359921 |      361 |      318 |       43 |   8.960573 |      9 | 0.947983 | 1.317171
1751 | 525000.0 | 525300.0 | 0.005162 | 0.016242 |   8.960573 |      9 | 0.947983 | 1.000000 | 0.993333 | 0.790000 | 0.996667 |  -6.362056 |      349 |      298 |       51 |   8.960607 |      9 | 0.915142 | 2.148755
1752 | 525300.0 | 525600.0 | 0.005160 | 0.016241 |   8.960607 |      9 | 0.915142 | 1.000000 | 1.003333 | 0.993333 | 1.043333 |  -1.539335 |      358 |      301 |       58 |   8.960590 |      9 | 0.907199 | 2.349886
1753 | 525600.0 | 525900.0 | 0.005158 | 0.016239 |   8.960590 |      9 | 0.907199 | 1.000000 | 1.010000 | 0.946667 | 0.973333 |  -0.821047 |      360 |      303 |       56 |   8.960539 |      9 | 0.902964 | 2.457124
1754 | 525900.0 | 526200.0 | 0.005156 | 0.016238 |   8.960539 |      9 | 0.902964 | 1.000000 | 0.966667 | 1.060000 | 0.910000 |   4.618774 |      357 |      290 |       68 |   8.960711 |      9 | 0.926779 | 1.854088
1755 | 526200.0 | 526500.0 | 0.005154 | 0.016237 |   8.960711 |      9 | 0.926779 | 1.000000 | 1.026667 | 0.983333 | 0.996667 |  -0.410592 |      358 |      308 |       50 |   8.960573 |      9 | 0.924662 | 1.907675
1756 | 526500.0 | 526800.0 | 0.005152 | 0.016235 |   8.960573 |      9 | 0.924662 | 1.000000 | 1.033333 | 1.016667 | 1.010000 |   0.205313 |      362 |      310 |       51 |   8.960401 |      9 | 0.925720 | 1.880890
1757 | 526800.0 | 527100.0 | 0.005150 | 0.016234 |   8.960401 |      9 | 0.925720 | 1.000000 | 1.013333 | 0.973333 | 0.973333 |   0.000000 |      358 |      304 |       54 |   8.960333 |      9 | 0.925720 | 1.880890
1758 | 527100.0 | 527400.0 | 0.005148 | 0.016233 |   8.960333 |      9 | 0.925720 | 1.000000 | 1.036667 | 0.963333 | 1.006667 |  -1.334756 |      359 |      311 |       48 |   8.960144 |      9 | 0.918849 | 2.054895
1759 | 527400.0 | 527700.0 | 0.005146 | 0.016231 |   8.960144 |      9 | 0.918849 | 1.000000 | 0.966667 | 0.953333 | 0.980000 |  -0.821456 |      355 |      290 |       65 |   8.960315 |      9 | 0.914621 | 2.161944
1760 | 527700.0 | 528000.0 | 0.005144 | 0.016230 |   8.960315 |      9 | 0.914621 | 1.000000 | 1.036667 | 0.980000 | 0.990000 |  -0.308072 |      362 |      311 |       51 |   8.960127 |      9 | 0.913036 | 2.202076
1761 | 528000.0 | 528300.0 | 0.005143 | 0.016229 |   8.960127 |      9 | 0.913036 | 1.000000 | 0.963333 | 1.053333 | 0.993333 |   1.848583 |      353 |      289 |       65 |   8.960315 |      9 | 0.922543 | 1.961357
1762 | 528300.0 | 528600.0 | 0.005141 | 0.016227 |   8.960315 |      9 | 0.922543 | 1.000000 | 1.023333 | 1.006667 | 0.920000 |   2.670397 |      360 |      307 |       52 |   8.960195 |      9 | 0.936270 | 1.613754
1763 | 528600.0 | 528900.0 | 0.005139 | 0.016226 |   8.960195 |      9 | 0.936270 | 1.000000 | 1.030000 | 0.960000 | 1.030000 |  -2.157038 |      360 |      309 |       51 |   8.960041 |      9 | 0.925186 | 1.894428
1764 | 528900.0 | 529200.0 | 0.005137 | 0.016225 |   8.960041 |      9 | 0.925186 | 1.000000 | 1.036667 | 1.003333 | 0.976667 |   0.821797 |      361 |      311 |       50 |   8.959853 |      9 | 0.929407 | 1.787536
1765 | 529200.0 | 529500.0 | 0.005135 | 0.016223 |   8.959853 |      9 | 0.929407 | 1.000000 | 1.003333 | 1.073333 | 0.973333 |   3.081992 |      357 |      301 |       56 |   8.959836 |      9 | 0.945232 | 1.386808
1766 | 529500.0 | 529800.0 | 0.005133 | 0.016222 |   8.959836 |      9 | 0.945232 | 1.000000 | 1.013333 | 0.830000 | 1.036667 |  -6.369976 |      352 |      304 |       48 |   8.959767 |      9 | 0.912536 | 2.214737
1767 | 529800.0 | 530100.0 | 0.005131 | 0.016221 |   8.959767 |      9 | 0.912536 | 1.000000 | 1.033333 | 1.053333 | 0.990000 |   1.952251 |      362 |      310 |       52 |   8.959596 |      9 | 0.922553 | 1.961091
1768 | 530100.0 | 530400.0 | 0.005129 | 0.016219 |   8.959596 |      9 | 0.922553 | 1.000000 | 0.976667 | 1.010000 | 0.993333 |   0.513793 |      354 |      293 |       61 |   8.959716 |      9 | 0.925188 | 1.894361
1769 | 530400.0 | 530700.0 | 0.005127 | 0.016218 |   8.959716 |      9 | 0.925188 | 1.000000 | 1.023333 | 0.973333 | 1.040000 |  -2.055340 |      359 |      307 |       52 |   8.959596 |      9 | 0.914650 | 2.161201
1770 | 530700.0 | 531000.0 | 0.005125 | 0.016217 |   8.959596 |      9 | 0.914650 | 1.000000 | 0.940000 | 1.020000 | 0.986667 |   1.027755 |      353 |      282 |       71 |   8.959904 |      9 | 0.919918 | 2.027820
1771 | 531000.0 | 531300.0 | 0.005123 | 0.016215 |   8.959904 |      9 | 0.919918 | 1.000000 | 1.010000 | 1.056667 | 1.003333 |   1.644543 |      357 |      303 |       54 |   8.959853 |      9 | 0.928343 | 1.814473
1772 | 531300.0 | 531600.0 | 0.005121 | 0.016214 |   8.959853 |      9 | 0.928343 | 1.000000 | 1.020000 | 1.013333 | 0.966667 |   1.439094 |      360 |      306 |       54 |   8.959750 |      9 | 0.935713 | 1.627849
1773 | 531600.0 | 531900.0 | 0.005119 | 0.016213 |   8.959750 |      9 | 0.935713 | 1.000000 | 1.026667 | 0.966667 | 1.016667 |  -1.542013 |      357 |      308 |       50 |   8.959614 |      9 | 0.927819 | 1.827745
1774 | 531900.0 | 532200.0 | 0.005118 | 0.016211 |   8.959614 |      9 | 0.927819 | 1.000000 | 1.040000 | 1.013333 | 1.000000 |   0.411237 |      361 |      312 |       48 |   8.959409 |      9 | 0.929924 | 1.774455
1775 | 532200.0 | 532500.0 | 0.005116 | 0.016210 |   8.959409 |      9 | 0.929924 | 1.000000 | 1.030000 | 1.036667 | 0.926667 |   3.392986 |      359 |      309 |       50 |   8.959256 |      9 | 0.947281 | 1.334939
1776 | 532500.0 | 532800.0 | 0.005114 | 0.016209 |   8.959256 |      9 | 0.947281 | 1.000000 | 1.046667 | 0.810000 | 0.993333 |  -5.655442 |      354 |      314 |       41 |   8.959017 |      9 | 0.918361 | 2.067252
1777 | 532800.0 | 533100.0 | 0.005112 | 0.016207 |   8.959017 |      9 | 0.918361 | 1.000000 | 0.996667 | 1.043333 | 1.006667 |   1.131181 |      359 |      299 |       59 |   8.959034 |      9 | 0.924143 | 1.920832
1778 | 533100.0 | 533400.0 | 0.005110 | 0.016206 |   8.959034 |      9 | 0.924143 | 1.000000 | 1.053333 | 0.950000 | 0.976667 |  -0.822745 |      362 |      316 |       46 |   8.958761 |      9 | 0.919939 | 2.027289
1779 | 533400.0 | 533700.0 | 0.005108 | 0.016205 |   8.958761 |      9 | 0.919939 | 1.000000 | 1.030000 | 0.993333 | 0.986667 |   0.205703 |      360 |      309 |       51 |   8.958608 |      9 | 0.920989 | 2.000682
1780 | 533700.0 | 534000.0 | 0.005106 | 0.016203 |   8.958608 |      9 | 0.920989 | 1.000000 | 0.996667 | 1.030000 | 0.960000 |   2.160059 |      358 |      299 |       59 |   8.958625 |      9 | 0.932019 | 1.721397
1781 | 534000.0 | 534300.0 | 0.005104 | 0.016202 |   8.958625 |      9 | 0.932019 | 1.000000 | 1.013333 | 1.010000 | 1.013333 |  -0.102868 |      358 |      304 |       54 |   8.958557 |      9 | 0.931494 | 1.734692
1782 | 534300.0 | 534600.0 | 0.005102 | 0.016201 |   8.958557 |      9 | 0.931494 | 1.000000 | 1.016667 | 1.000000 | 0.970000 |   0.925891 |      358 |      305 |       53 |   8.958472 |      9 | 0.936218 | 1.615068
1783 | 534600.0 | 534900.0 | 0.005100 | 0.016199 |   8.958472 |      9 | 0.936218 | 1.000000 | 0.980000 | 0.953333 | 0.953333 |   0.000000 |      352 |      294 |       58 |   8.958574 |      9 | 0.936218 | 1.615068
1784 | 534900.0 | 535200.0 | 0.005099 | 0.016198 |   8.958574 |      9 | 0.936218 | 1.000000 | 1.036667 | 1.010000 | 1.013333 |  -0.102894 |      358 |      311 |       47 |   8.958387 |      9 | 0.935693 | 1.628352
1785 | 535200.0 | 535500.0 | 0.005097 | 0.016197 |   8.958387 |      9 | 0.935693 | 1.000000 | 1.003333 | 0.923333 | 0.963333 |  -1.234825 |      355 |      301 |       54 |   8.958370 |      9 | 0.929400 | 1.787712
1786 | 535500.0 | 535800.0 | 0.005095 | 0.016195 |   8.958370 |      9 | 0.929400 | 1.000000 | 1.030000 | 1.040000 | 0.960000 |   2.469852 |      359 |      309 |       50 |   8.958217 |      9 | 0.941983 | 1.469083
1787 | 535800.0 | 536100.0 | 0.005093 | 0.016194 |   8.958217 |      9 | 0.941983 | 1.000000 | 1.033333 | 0.916667 | 1.020000 |  -3.190486 |      357 |      310 |       47 |   8.958048 |      9 | 0.925735 | 1.880526
1788 | 536100.0 | 536400.0 | 0.005091 | 0.016193 |   8.958048 |      9 | 0.925735 | 1.000000 | 0.970000 | 1.023333 | 1.043333 |  -0.617564 |      353 |      291 |       62 |   8.958200 |      9 | 0.922591 | 1.960138
1789 | 536400.0 | 536700.0 | 0.005089 | 0.016191 |   8.958200 |      9 | 0.922591 | 1.000000 | 1.040000 | 1.003333 | 0.953333 |   1.544035 |      362 |      312 |       50 |   8.957997 |      9 | 0.930448 | 1.761167
1790 | 536700.0 | 537000.0 | 0.005087 | 0.016190 |   8.957997 |      9 | 0.930448 | 1.000000 | 1.010000 | 1.010000 | 0.990000 |   0.617665 |      358 |      303 |       55 |   8.957946 |      9 | 0.933591 | 1.681602
1791 | 537000.0 | 537300.0 | 0.005085 | 0.016189 |   8.957946 |      9 | 0.933591 | 1.000000 | 1.043333 | 0.943333 | 1.010000 |  -2.059050 |      360 |      313 |       47 |   8.957726 |      9 | 0.923120 | 1.946743
1792 | 537300.0 | 537600.0 | 0.005083 | 0.016187 |   8.957726 |      9 | 0.923120 | 1.000000 | 0.976667 | 1.060000 | 0.993333 |   2.059217 |      355 |      293 |       62 |   8.957844 |      9 | 0.933587 | 1.681679
1793 | 537600.0 | 537900.0 | 0.005082 | 0.016186 |   8.957844 |      9 | 0.933587 | 1.000000 | 1.010000 | 0.993333 | 0.946667 |   1.441569 |      356 |      303 |       53 |   8.957793 |      9 | 0.940913 | 1.496188
1794 | 537900.0 | 538200.0 | 0.005080 | 0.016185 |   8.957793 |      9 | 0.940913 | 1.000000 | 1.053333 | 0.946667 | 1.000000 |  -1.647642 |      359 |      316 |       43 |   8.957522 |      9 | 0.932543 | 1.708116
1795 | 538200.0 | 538500.0 | 0.005078 | 0.016183 |   8.957522 |      9 | 0.932543 | 1.000000 | 1.043333 | 0.983333 | 0.976667 |   0.205972 |      360 |      313 |       47 |   8.957302 |      9 | 0.933589 | 1.681633
1796 | 538500.0 | 538800.0 | 0.005076 | 0.016182 |   8.957302 |      9 | 0.933589 | 1.000000 | 0.930000 | 1.033333 | 0.983333 |   1.544916 |      348 |      279 |       71 |   8.957658 |      9 | 0.941431 | 1.483064
1797 | 538800.0 | 539100.0 | 0.005074 | 0.016181 |   8.957658 |      9 | 0.941431 | 1.000000 | 1.016667 | 0.850000 | 1.013333 |  -5.047134 |      355 |      305 |       48 |   8.957573 |      9 | 0.915822 | 2.131536
1798 | 539100.0 | 539400.0 | 0.005072 | 0.016179 |   8.957573 |      9 | 0.915822 | 1.000000 | 1.116667 | 1.066667 | 0.943333 |   3.811411 |      369 |      335 |       35 |   8.956981 |      9 | 0.935154 | 1.642014
1799 | 539400.0 | 539700.0 | 0.005070 | 0.016178 |   8.956981 |      9 | 0.935154 | 1.000000 | 1.003333 | 0.940000 | 1.013333 |  -2.266428 |      355 |      301 |       53 |   8.956964 |      9 | 0.923662 | 1.932997
1800 | 539700.0 | 540000.0 | 0.005068 | 0.016177 |   8.956964 |      9 | 0.923662 | 1.000000 | 1.036667 | 1.040000 | 0.963333 |   2.369640 |      359 |      311 |       48 |   8.956779 |      9 | 0.935673 | 1.628875
1801 | 540000.0 | 540300.0 | 0.005067 | 0.016176 |   8.956779 |      9 | 0.935673 | 1.000000 | 1.026667 | 0.983333 | 0.976667 |   0.206072 |      359 |      308 |       51 |   8.956644 |      9 | 0.936717 | 1.602437
1802 | 540300.0 | 540600.0 | 0.005065 | 0.016174 |   8.956644 |      9 | 0.936717 | 1.000000 | 1.023333 | 0.916667 | 0.963333 |  -1.442623 |      357 |      307 |       51 |   8.956525 |      9 | 0.929410 | 1.787449
1803 | 540600.0 | 540900.0 | 0.005063 | 0.016173 |   8.956525 |      9 | 0.929410 | 1.000000 | 1.056667 | 0.990000 | 0.936667 |   1.648846 |      361 |      317 |       43 |   8.956238 |      9 | 0.937758 | 1.576068
1804 | 540900.0 | 541200.0 | 0.005061 | 0.016172 |   8.956238 |      9 | 0.937758 | 1.000000 | 1.036667 | 0.960000 | 0.990000 |  -0.927551 |      358 |      311 |       47 |   8.956053 |      9 | 0.933064 | 1.694936
1805 | 541200.0 | 541500.0 | 0.005059 | 0.016170 |   8.956053 |      9 | 0.933064 | 1.000000 | 1.033333 | 1.023333 | 1.046667 |  -0.721487 |      360 |      310 |       50 |   8.955884 |      9 | 0.929414 | 1.787362
1806 | 541500.0 | 541800.0 | 0.005057 | 0.016169 |   8.955884 |      9 | 0.929414 | 1.000000 | 1.063333 | 1.063333 | 0.956667 |   3.298492 |      363 |      319 |       45 |   8.955564 |      9 | 0.946095 | 1.364963
1807 | 541800.0 | 542100.0 | 0.005055 | 0.016168 |   8.955564 |      9 | 0.946095 | 1.000000 | 1.016667 | 0.793333 | 1.030000 |  -7.319120 |      352 |      305 |       46 |   8.955480 |      9 | 0.909094 | 2.301892
1808 | 542100.0 | 542400.0 | 0.005054 | 0.016166 |   8.955480 |      9 | 0.909094 | 1.000000 | 0.953333 | 1.010000 | 1.046667 |  -1.134040 |      353 |      286 |       67 |   8.955716 |      9 | 0.903363 | 2.447008
1809 | 542400.0 | 542700.0 | 0.005052 | 0.016165 |   8.955716 |      9 | 0.903363 | 1.000000 | 0.990000 | 1.046667 | 0.936667 |   3.402394 |      359 |      297 |       62 |   8.955766 |      9 | 0.920551 | 2.011783
1810 | 542700.0 | 543000.0 | 0.005050 | 0.016164 |   8.955766 |      9 | 0.920551 | 1.000000 | 1.016667 | 1.040000 | 0.963333 |   2.371557 |      359 |      305 |       54 |   8.955682 |      9 | 0.932527 | 1.708532
1811 | 543000.0 | 543300.0 | 0.005048 | 0.016162 |   8.955682 |      9 | 0.932527 | 1.000000 | 1.030000 | 1.023333 | 1.013333 |   0.309358 |      357 |      309 |       48 |   8.955530 |      9 | 0.934089 | 1.668988
1812 | 543300.0 | 543600.0 | 0.005046 | 0.016161 |   8.955530 |      9 | 0.934089 | 1.000000 | 1.016667 | 0.976667 | 1.016667 |  -1.237533 |      357 |      305 |       52 |   8.955446 |      9 | 0.927844 | 1.827116
1813 | 543600.0 | 543900.0 | 0.005044 | 0.016160 |   8.955446 |      9 | 0.927844 | 1.000000 | 1.046667 | 0.953333 | 0.996667 |  -1.340769 |      361 |      314 |       47 |   8.955211 |      9 | 0.921081 | 1.998373
1814 | 543900.0 | 544200.0 | 0.005042 | 0.016159 |   8.955211 |      9 | 0.921081 | 1.000000 | 0.966667 | 0.996667 | 0.980000 |   0.515722 |      354 |      290 |       64 |   8.955379 |      9 | 0.923681 | 1.932524
1815 | 544200.0 | 544500.0 | 0.005041 | 0.016157 |   8.955379 |      9 | 0.923681 | 1.000000 | 1.000000 | 1.000000 | 1.023333 |  -0.722069 |      358 |      300 |       58 |   8.955379 |      9 | 0.920042 | 2.024686
1816 | 544500.0 | 544800.0 | 0.005039 | 0.016156 |   8.955379 |      9 | 0.920042 | 1.000000 | 1.030000 | 0.990000 | 0.950000 |   1.237932 |      360 |      309 |       51 |   8.955228 |      9 | 0.926279 | 1.866738
1817 | 544800.0 | 545100.0 | 0.005037 | 0.016155 |   8.955228 |      9 | 0.926279 | 1.000000 | 1.000000 | 0.996667 | 0.980000 |   0.515846 |      355 |      300 |       55 |   8.955228 |      9 | 0.928877 | 1.800946
1818 | 545100.0 | 545400.0 | 0.005035 | 0.016153 |   8.955228 |      9 | 0.928877 | 1.000000 | 0.986667 | 0.950000 | 1.016667 |  -2.063551 |      355 |      296 |       59 |   8.955295 |      9 | 0.918487 | 2.064042
1819 | 545400.0 | 545700.0 | 0.005033 | 0.016152 |   8.955295 |      9 | 0.918487 | 1.000000 | 1.020000 | 0.973333 | 0.973333 |   0.000000 |      360 |      306 |       54 |   8.955194 |      9 | 0.918487 | 2.064042
1820 | 545700.0 | 546000.0 | 0.005031 | 0.016151 |   8.955194 |      9 | 0.918487 | 1.000000 | 1.016667 | 1.066667 | 0.986667 |   2.476659 |      360 |      305 |       55 |   8.955110 |      9 | 0.930948 | 1.748506
1821 | 546000.0 | 546300.0 | 0.005030 | 0.016149 |   8.955110 |      9 | 0.930948 | 1.000000 | 1.063333 | 0.966667 | 0.946667 |   0.619214 |      362 |      319 |       43 |   8.954792 |      9 | 0.934063 | 1.669645
1822 | 546300.0 | 546600.0 | 0.005028 | 0.016148 |   8.954792 |      9 | 0.934063 | 1.000000 | 1.030000 | 1.006667 | 1.023333 |  -0.516053 |      358 |      309 |       49 |   8.954641 |      9 | 0.931468 | 1.735344
1823 | 546600.0 | 546900.0 | 0.005026 | 0.016147 |   8.954641 |      9 | 0.931468 | 1.000000 | 1.000000 | 0.980000 | 0.916667 |   1.961160 |      356 |      300 |       56 |   8.954641 |      9 | 0.941325 | 1.485758
1824 | 546900.0 | 547200.0 | 0.005024 | 0.016146 |   8.954641 |      9 | 0.941325 | 1.000000 | 0.996667 | 0.876667 | 0.940000 |  -1.961317 |      353 |      299 |       54 |   8.954658 |      9 | 0.931471 | 1.735273
1825 | 547200.0 | 547500.0 | 0.005022 | 0.016144 |   8.954658 |      9 | 0.931471 | 1.000000 | 1.003333 | 0.960000 | 0.946667 |   0.412942 |      356 |      301 |       56 |   8.954641 |      9 | 0.933545 | 1.682758
1826 | 547500.0 | 547800.0 | 0.005020 | 0.016143 |   8.954641 |      9 | 0.933545 | 1.000000 | 1.040000 | 0.990000 | 0.976667 |   0.412975 |      359 |      312 |       47 |   8.954440 |      9 | 0.935618 | 1.630259
1827 | 547800.0 | 548100.0 | 0.005019 | 0.016142 |   8.954440 |      9 | 0.935618 | 1.000000 | 0.996667 | 0.966667 | 0.966667 |   0.000000 |      354 |      299 |       55 |   8.954457 |      9 | 0.935618 | 1.630259
1828 | 548100.0 | 548400.0 | 0.005017 | 0.016140 |   8.954457 |      9 | 0.935618 | 1.000000 | 1.023333 | 0.960000 | 0.993333 |  -1.032602 |      355 |      307 |       47 |   8.954340 |      9 | 0.930438 | 1.761434
1829 | 548400.0 | 548700.0 | 0.005015 | 0.016139 |   8.954340 |      9 | 0.930438 | 1.000000 | 1.056667 | 0.966667 | 1.040000 |  -2.271906 |      361 |      317 |       45 |   8.954056 |      9 | 0.919044 | 2.049937
1830 | 548700.0 | 549000.0 | 0.005013 | 0.016138 |   8.954056 |      9 | 0.919044 | 1.000000 | 1.013333 | 0.950000 | 0.970000 |  -0.619660 |      359 |      304 |       54 |   8.953989 |      9 | 0.915938 | 2.128598
1831 | 549000.0 | 549300.0 | 0.005011 | 0.016137 |   8.953989 |      9 | 0.915938 | 1.000000 | 0.956667 | 1.056667 | 0.950000 |   3.305119 |      354 |      287 |       68 |   8.954206 |      9 | 0.932501 | 1.709194
1832 | 549300.0 | 549600.0 | 0.005010 | 0.016135 |   8.954206 |      9 | 0.932501 | 1.000000 | 1.000000 | 0.923333 | 0.963333 |  -1.239518 |      357 |      300 |       56 |   8.954206 |      9 | 0.926292 | 1.866426
1833 | 549600.0 | 549900.0 | 0.005008 | 0.016134 |   8.954206 |      9 | 0.926292 | 1.000000 | 1.040000 | 1.000000 | 1.020000 |  -0.619809 |      360 |      312 |       48 |   8.954006 |      9 | 0.923188 | 1.945019
1834 | 549900.0 | 550200.0 | 0.005006 | 0.016133 |   8.954006 |      9 | 0.923188 | 1.000000 | 1.040000 | 1.016667 | 0.973333 |   1.343025 |      360 |      312 |       48 |   8.953806 |      9 | 0.929911 | 1.774781
1835 | 550200.0 | 550500.0 | 0.005004 | 0.016131 |   8.953806 |      9 | 0.929911 | 1.000000 | 1.016667 | 1.006667 | 0.936667 |   2.169675 |      357 |      305 |       52 |   8.953722 |      9 | 0.940768 | 1.499858
1836 | 550500.0 | 550800.0 | 0.005002 | 0.016130 |   8.953722 |      9 | 0.940768 | 1.000000 | 0.993333 | 0.906667 | 1.020000 |  -3.513087 |      353 |      298 |       55 |   8.953755 |      9 | 0.923195 | 1.944846
1837 | 550800.0 | 551100.0 | 0.005000 | 0.016129 |   8.953755 |      9 | 0.923195 | 1.000000 | 1.003333 | 0.973333 | 0.996667 |  -0.723340 |      357 |      301 |       56 |   8.953739 |      9 | 0.919578 | 2.036435
1838 | 551100.0 | 551400.0 | 0.004999 | 0.016128 |   8.953739 |      9 | 0.919578 | 1.000000 | 0.986667 | 0.953333 | 0.940000 |   0.413370 |      356 |      296 |       60 |   8.953805 |      9 | 0.921644 | 1.984113
1839 | 551400.0 | 551700.0 | 0.004997 | 0.016126 |   8.953805 |      9 | 0.921644 | 1.000000 | 1.020000 | 1.006667 | 0.936667 |   2.170365 |      359 |      306 |       53 |   8.953706 |      9 | 0.932489 | 1.709500
1840 | 551700.0 | 552000.0 | 0.004995 | 0.016125 |   8.953706 |      9 | 0.932489 | 1.000000 | 1.013333 | 0.973333 | 1.023333 |  -1.550384 |      356 |      304 |       52 |   8.953639 |      9 | 0.924745 | 1.905597
1841 | 552000.0 | 552300.0 | 0.004993 | 0.016124 |   8.953639 |      9 | 0.924745 | 1.000000 | 1.090000 | 1.026667 | 0.940000 |   2.687545 |      366 |      327 |       39 |   8.953190 |      9 | 0.938164 | 1.565791
1842 | 552300.0 | 552600.0 | 0.004991 | 0.016122 |   8.953190 |      9 | 0.938164 | 1.000000 | 0.993333 | 0.950000 | 1.033333 |  -2.584383 |      353 |      298 |       55 |   8.953223 |      9 | 0.925264 | 1.892436
1843 | 552600.0 | 552900.0 | 0.004990 | 0.016121 |   8.953223 |      9 | 0.925264 | 1.000000 | 1.090000 | 1.033333 | 0.973333 |   1.860903 |      367 |      327 |       40 |   8.952774 |      9 | 0.934550 | 1.657318
1844 | 552900.0 | 553200.0 | 0.004988 | 0.016120 |   8.952774 |      9 | 0.934550 | 1.000000 | 1.040000 | 0.950000 | 1.000000 |  -1.550876 |      358 |      312 |       46 |   8.952574 |      9 | 0.926814 | 1.853194
1845 | 553200.0 | 553500.0 | 0.004986 | 0.016119 |   8.952574 |      9 | 0.926814 | 1.000000 | 1.030000 | 0.970000 | 1.000000 |  -0.930599 |      361 |      309 |       52 |   8.952425 |      9 | 0.922174 | 1.970687
1846 | 553500.0 | 553800.0 | 0.004984 | 0.016117 |   8.952425 |      9 | 0.922174 | 1.000000 | 1.010000 | 1.023333 | 1.033333 |  -0.310224 |      358 |      303 |       55 |   8.952375 |      9 | 0.920628 | 2.009841
1847 | 553800.0 | 554100.0 | 0.004982 | 0.016116 |   8.952375 |      9 | 0.920628 | 1.000000 | 1.050000 | 0.963333 | 0.963333 |   0.000000 |      362 |      315 |       47 |   8.952126 |      9 | 0.920628 | 2.009841
1848 | 554100.0 | 554400.0 | 0.004981 | 0.016115 |   8.952126 |      9 | 0.920628 | 1.000000 | 1.050000 | 1.006667 | 0.933333 |   2.275338 |      362 |      315 |       48 |   8.951877 |      9 | 0.931961 | 1.722877
1849 | 554400.0 | 554700.0 | 0.004979 | 0.016114 |   8.951877 |      9 | 0.931961 | 1.000000 | 1.013333 | 0.923333 | 0.990000 |  -2.068652 |      357 |      304 |       52 |   8.951810 |      9 | 0.921661 | 1.983680
1850 | 554700.0 | 555000.0 | 0.004977 | 0.016112 |   8.951810 |      9 | 0.921661 | 1.000000 | 1.050000 | 1.013333 | 0.983333 |   0.930967 |      362 |      315 |       47 |   8.951561 |      9 | 0.926294 | 1.866352
1851 | 555000.0 | 555300.0 | 0.004975 | 0.016111 |   8.951561 |      9 | 0.926294 | 1.000000 | 1.023333 | 1.020000 | 0.933333 |   2.689673 |      359 |      307 |       52 |   8.951445 |      9 | 0.939676 | 1.527498
1852 | 555300.0 | 555600.0 | 0.004974 | 0.016110 |   8.951445 |      9 | 0.939676 | 1.000000 | 1.033333 | 0.963333 | 0.980000 |  -0.517286 |      358 |      310 |       49 |   8.951280 |      9 | 0.937104 | 1.592644
1853 | 555600.0 | 555900.0 | 0.004972 | 0.016108 |   8.951280 |      9 | 0.937104 | 1.000000 | 1.013333 | 0.920000 | 0.923333 |  -0.103465 |      357 |      304 |       52 |   8.951213 |      9 | 0.936589 | 1.605669
1854 | 555900.0 | 556200.0 | 0.004970 | 0.016107 |   8.951213 |      9 | 0.936589 | 1.000000 | 1.046667 | 1.013333 | 1.010000 |   0.103473 |      359 |      314 |       45 |   8.950981 |      9 | 0.937104 | 1.592647
1855 | 556200.0 | 556500.0 | 0.004968 | 0.016106 |   8.950981 |      9 | 0.937104 | 1.000000 | 1.033333 | 0.990000 | 0.990000 |   0.000000 |      358 |      310 |       48 |   8.950816 |      9 | 0.937104 | 1.592647
1856 | 556500.0 | 556800.0 | 0.004966 | 0.016105 |   8.950816 |      9 | 0.937104 | 1.000000 | 1.076667 | 0.966667 | 0.993333 |  -0.827918 |      362 |      323 |       39 |   8.950435 |      9 | 0.932992 | 1.696764
1857 | 556800.0 | 557100.0 | 0.004965 | 0.016103 |   8.950435 |      9 | 0.932992 | 1.000000 | 1.023333 | 1.030000 | 0.960000 |   2.173455 |      359 |      307 |       52 |   8.950319 |      9 | 0.943782 | 1.423533
1858 | 557100.0 | 557400.0 | 0.004963 | 0.016102 |   8.950319 |      9 | 0.943782 | 1.000000 | 0.983333 | 0.876667 | 1.033333 |  -4.864782 |      349 |      295 |       55 |   8.950402 |      9 | 0.919639 | 2.034880
1859 | 557400.0 | 557700.0 | 0.004961 | 0.016101 |   8.950402 |      9 | 0.919639 | 1.000000 | 1.036667 | 1.000000 | 0.966667 |   1.035141 |      362 |      311 |       50 |   8.950220 |      9 | 0.924774 | 1.904843
1860 | 557700.0 | 558000.0 | 0.004959 | 0.016100 |   8.950220 |      9 | 0.924774 | 1.000000 | 1.050000 | 1.003333 | 0.936667 |   2.070445 |      361 |      315 |       46 |   8.949972 |      9 | 0.935042 | 1.644840
1861 | 558000.0 | 558300.0 | 0.004958 | 0.016098 |   8.949972 |      9 | 0.935042 | 1.000000 | 1.043333 | 0.986667 | 1.033333 |  -1.449425 |      359 |      313 |       46 |   8.949757 |      9 | 0.927857 | 1.826791
1862 | 558300.0 | 558600.0 | 0.004956 | 0.016097 |   8.949757 |      9 | 0.927857 | 1.000000 | 0.990000 | 1.000000 | 1.016667 |  -0.517693 |      356 |      297 |       59 |   8.949807 |      9 | 0.925291 | 1.891756
1863 | 558600.0 | 558900.0 | 0.004954 | 0.016096 |   8.949807 |      9 | 0.925291 | 1.000000 | 0.986667 | 0.993333 | 1.040000 |  -1.449653 |      356 |      296 |       60 |   8.949873 |      9 | 0.918110 | 2.073605
1864 | 558900.0 | 559200.0 | 0.004952 | 0.016095 |   8.949873 |      9 | 0.918110 | 1.000000 | 1.063333 | 1.023333 | 0.986667 |   1.139102 |      363 |      319 |       45 |   8.949559 |      9 | 0.923751 | 1.930763
1865 | 559200.0 | 559500.0 | 0.004950 | 0.016093 |   8.949559 |      9 | 0.923751 | 1.000000 | 1.050000 | 1.070000 | 0.990000 |   2.485509 |      362 |      315 |       46 |   8.949312 |      9 | 0.936055 | 1.619194
1866 | 559500.0 | 559800.0 | 0.004949 | 0.016092 |   8.949312 |      9 | 0.936055 | 1.000000 | 1.013333 | 0.956667 | 1.003333 |  -1.449994 |      355 |      304 |       51 |   8.949246 |      9 | 0.928880 | 1.800892
1867 | 559800.0 | 560100.0 | 0.004947 | 0.016091 |   8.949246 |      9 | 0.928880 | 1.000000 | 0.986667 | 0.936667 | 0.973333 |  -1.139370 |      355 |      296 |       59 |   8.949312 |      9 | 0.923243 | 1.943615
1868 | 560100.0 | 560400.0 | 0.004945 | 0.016090 |   8.949312 |      9 | 0.923243 | 1.000000 | 0.980000 | 1.016667 | 1.026667 |  -0.310762 |      355 |      294 |       61 |   8.949410 |      9 | 0.921706 | 1.982529
1869 | 560400.0 | 560700.0 | 0.004943 | 0.016088 |   8.949410 |      9 | 0.921706 | 1.000000 | 1.016667 | 0.963333 | 0.990000 |  -0.828762 |      359 |      305 |       54 |   8.949328 |      9 | 0.917609 | 2.086270
1870 | 560700.0 | 561000.0 | 0.004942 | 0.016087 |   8.949328 |      9 | 0.917609 | 1.000000 | 1.023333 | 1.030000 | 0.933333 |   3.004498 |      360 |      307 |       53 |   8.949213 |      9 | 0.932457 | 1.710313
1871 | 561000.0 | 561300.0 | 0.004940 | 0.016086 |   8.949213 |      9 | 0.932457 | 1.000000 | 1.003333 | 1.016667 | 0.986667 |   0.932503 |      356 |      301 |       55 |   8.949196 |      9 | 0.937063 | 1.593669
1872 | 561300.0 | 561600.0 | 0.004938 | 0.016084 |   8.949196 |      9 | 0.937063 | 1.000000 | 1.010000 | 0.923333 | 1.010000 |  -2.694109 |      356 |      303 |       53 |   8.949147 |      9 | 0.923759 | 1.930547
1873 | 561600.0 | 561900.0 | 0.004936 | 0.016083 |   8.949147 |      9 | 0.923759 | 1.000000 | 1.003333 | 0.973333 | 0.993333 |  -0.621766 |      357 |      301 |       56 |   8.949130 |      9 | 0.920690 | 2.008267
1874 | 561900.0 | 562200.0 | 0.004935 | 0.016082 |   8.949130 |      9 | 0.920690 | 1.000000 | 0.986667 | 1.010000 | 1.020000 |  -0.310907 |      356 |      296 |       60 |   8.949196 |      9 | 0.919156 | 2.047116
1875 | 562200.0 | 562500.0 | 0.004933 | 0.016081 |   8.949196 |      9 | 0.919156 | 1.000000 | 0.996667 | 1.010000 | 0.973333 |   1.140082 |      358 |      299 |       59 |   8.949213 |      9 | 0.924780 | 1.904709
1876 | 562500.0 | 562800.0 | 0.004931 | 0.016079 |   8.949213 |      9 | 0.924780 | 1.000000 | 1.003333 | 0.956667 | 0.976667 |  -0.621911 |      356 |      301 |       55 |   8.949196 |      9 | 0.921713 | 1.982364
1877 | 562800.0 | 563100.0 | 0.004929 | 0.016078 |   8.949196 |      9 | 0.921713 | 1.000000 | 0.996667 | 0.973333 | 1.006667 |  -1.036600 |      359 |      299 |       60 |   8.949213 |      9 | 0.916603 | 2.111754
1878 | 563100.0 | 563400.0 | 0.004928 | 0.016077 |   8.949213 |      9 | 0.916603 | 1.000000 | 1.033333 | 1.010000 | 1.006667 |   0.103668 |      361 |      310 |       51 |   8.949048 |      9 | 0.917114 | 2.098818
1879 | 563400.0 | 563700.0 | 0.004926 | 0.016076 |   8.949048 |      9 | 0.917114 | 1.000000 | 0.943333 | 1.003333 | 0.933333 |   2.177198 |      352 |      283 |       69 |   8.949328 |      9 | 0.927839 | 1.827250
1880 | 563700.0 | 564000.0 | 0.004924 | 0.016074 |   8.949328 |      9 | 0.927839 | 1.000000 | 0.963333 | 0.983333 | 0.970000 |   0.414737 |      352 |      289 |       63 |   8.949508 |      9 | 0.929881 | 1.775537
1881 | 564000.0 | 564300.0 | 0.004922 | 0.016073 |   8.949508 |      9 | 0.929881 | 1.000000 | 1.016667 | 1.036667 | 0.986667 |   1.555383 |      359 |      305 |       54 |   8.949426 |      9 | 0.937537 | 1.581667
1882 | 564300.0 | 564600.0 | 0.004921 | 0.016072 |   8.949426 |      9 | 0.937537 | 1.000000 | 0.983333 | 0.973333 | 1.016667 |  -1.348103 |      353 |      295 |       58 |   8.949508 |      9 | 0.930904 | 1.749641
1883 | 564600.0 | 564900.0 | 0.004919 | 0.016071 |   8.949508 |      9 | 0.930904 | 1.000000 | 0.990000 | 0.960000 | 1.046667 |  -2.696416 |      354 |      297 |       58 |   8.949557 |      9 | 0.917640 | 2.085498
1884 | 564900.0 | 565200.0 | 0.004917 | 0.016069 |   8.949557 |      9 | 0.917640 | 1.000000 | 1.010000 | 1.010000 | 0.990000 |   0.622298 |      359 |      303 |       55 |   8.949508 |      9 | 0.920700 | 2.008014
1885 | 565200.0 | 565500.0 | 0.004915 | 0.016068 |   8.949508 |      9 | 0.920700 | 1.000000 | 0.966667 | 1.026667 | 1.010000 |   0.518622 |      354 |      290 |       64 |   8.949672 |      9 | 0.923249 | 1.943462
1886 | 565500.0 | 565800.0 | 0.004914 | 0.016067 |   8.949672 |      9 | 0.923249 | 1.000000 | 1.050000 | 1.000000 | 0.980000 |   0.622395 |      363 |      315 |       48 |   8.949426 |      9 | 0.926308 | 1.866020
1887 | 565800.0 | 566100.0 | 0.004912 | 0.016066 |   8.949426 |      9 | 0.926308 | 1.000000 | 1.040000 | 0.973333 | 1.010000 |  -1.141145 |      362 |      312 |       50 |   8.949230 |      9 | 0.920702 | 2.007957
1888 | 566100.0 | 566400.0 | 0.004910 | 0.016064 |   8.949230 |      9 | 0.920702 | 1.000000 | 1.043333 | 0.990000 | 1.000000 |  -0.311245 |      361 |      313 |       48 |   8.949017 |      9 | 0.919174 | 2.046657
1889 | 566400.0 | 566700.0 | 0.004909 | 0.016063 |   8.949017 |      9 | 0.919174 | 1.000000 | 1.006667 | 1.050000 | 1.040000 |   0.311270 |      359 |      302 |       57 |   8.948984 |      9 | 0.920702 | 2.007968
1890 | 566700.0 | 567000.0 | 0.004907 | 0.016062 |   8.948984 |      9 | 0.920702 | 1.000000 | 1.060000 | 0.976667 | 0.920000 |   1.763997 |      362 |      318 |       44 |   8.948690 |      9 | 0.929357 | 1.788791
1891 | 567000.0 | 567300.0 | 0.004905 | 0.016061 |   8.948690 |      9 | 0.929357 | 1.000000 | 0.990000 | 0.976667 | 1.003333 |  -0.830181 |      354 |      297 |       57 |   8.948739 |      9 | 0.925285 | 1.891905
1892 | 567300.0 | 567600.0 | 0.004903 | 0.016060 |   8.948739 |      9 | 0.925285 | 1.000000 | 0.963333 | 1.023333 | 1.006667 |   0.518903 |      354 |      289 |       65 |   8.948919 |      9 | 0.927830 | 1.827477
1893 | 567600.0 | 567900.0 | 0.004902 | 0.016058 |   8.948919 |      9 | 0.927830 | 1.000000 | 0.960000 | 1.000000 | 0.993333 |   0.207577 |      352 |      288 |       64 |   8.949115 |      9 | 0.928847 | 1.801712
1894 | 567900.0 | 568200.0 | 0.004900 | 0.016057 |   8.949115 |      9 | 0.928847 | 1.000000 | 1.063333 | 0.973333 | 0.970000 |   0.103797 |      363 |      319 |       45 |   8.948804 |      9 | 0.929356 | 1.788834
1895 | 568200.0 | 568500.0 | 0.004898 | 0.016056 |   8.948804 |      9 | 0.929356 | 1.000000 | 0.993333 | 1.016667 | 1.020000 |  -0.103805 |      357 |      298 |       58 |   8.948837 |      9 | 0.928847 | 1.801709
1896 | 568500.0 | 568800.0 | 0.004897 | 0.016055 |   8.948837 |      9 | 0.928847 | 1.000000 | 0.983333 | 1.056667 | 1.016667 |   1.245751 |      354 |      295 |       59 |   8.948919 |      9 | 0.934947 | 1.647250
1897 | 568800.0 | 569100.0 | 0.004895 | 0.016053 |   8.948919 |      9 | 0.934947 | 1.000000 | 1.006667 | 0.990000 | 0.993333 |  -0.103821 |      355 |      302 |       53 |   8.948886 |      9 | 0.934439 | 1.660118
1898 | 569100.0 | 569400.0 | 0.004893 | 0.016052 |   8.948886 |      9 | 0.934439 | 1.000000 | 1.070000 | 0.960000 | 0.960000 |   0.000000 |      362 |      321 |       41 |   8.948544 |      9 | 0.934439 | 1.660118
1899 | 569400.0 | 569700.0 | 0.004891 | 0.016051 |   8.948544 |      9 | 0.934439 | 1.000000 | 1.006667 | 1.013333 | 1.016667 |  -0.103837 |      354 |      302 |       52 |   8.948511 |      9 | 0.933931 | 1.672979
1900 | 569700.0 | 570000.0 | 0.004890 | 0.016050 |   8.948511 |      9 | 0.933931 | 1.000000 | 1.043333 | 0.980000 | 0.963333 |   0.519223 |      361 |      313 |       48 |   8.948299 |      9 | 0.936470 | 1.608692
1901 | 570000.0 | 570300.0 | 0.004888 | 0.016048 |   8.948299 |      9 | 0.936470 | 1.000000 | 0.986667 | 0.983333 | 1.040000 |  -1.765494 |      353 |      296 |       57 |   8.948364 |      9 | 0.927840 | 1.827209
1902 | 570300.0 | 570600.0 | 0.004886 | 0.016047 |   8.948364 |      9 | 0.927840 | 1.000000 | 1.016667 | 0.976667 | 1.000000 |  -0.727024 |      358 |      305 |       53 |   8.948283 |      9 | 0.924288 | 1.917163
1903 | 570600.0 | 570900.0 | 0.004885 | 0.016046 |   8.948283 |      9 | 0.924288 | 1.000000 | 1.050000 | 1.040000 | 1.010000 |   0.934817 |      363 |      315 |       48 |   8.948039 |      9 | 0.928854 | 1.801540
1904 | 570900.0 | 571200.0 | 0.004883 | 0.016045 |   8.948039 |      9 | 0.928854 | 1.000000 | 0.986667 | 1.003333 | 0.906667 |   3.012419 |      354 |      296 |       58 |   8.948104 |      9 | 0.943563 | 1.429079
1905 | 571200.0 | 571500.0 | 0.004881 | 0.016043 |   8.948104 |      9 | 0.943563 | 1.000000 | 1.076667 | 0.843333 | 0.986667 |  -4.467034 |      361 |      323 |       38 |   8.947729 |      9 | 0.921759 | 1.981198
1906 | 571500.0 | 571800.0 | 0.004879 | 0.016042 |   8.947729 |      9 | 0.921759 | 1.000000 | 1.016667 | 1.000000 | 1.010000 |  -0.311677 |      358 |      305 |       53 |   8.947648 |      9 | 0.920238 | 2.019707
1907 | 571800.0 | 572100.0 | 0.004878 | 0.016041 |   8.947648 |      9 | 0.920238 | 1.000000 | 0.983333 | 0.980000 | 0.976667 |   0.103900 |      357 |      295 |       62 |   8.947729 |      9 | 0.920745 | 2.006874
1908 | 572100.0 | 572400.0 | 0.004876 | 0.016040 |   8.947729 |      9 | 0.920745 | 1.000000 | 1.053333 | 0.953333 | 1.020000 |  -2.078168 |      361 |      316 |       45 |   8.947469 |      9 | 0.910612 | 2.263464
1909 | 572400.0 | 572700.0 | 0.004874 | 0.016039 |   8.947469 |      9 | 0.910612 | 1.000000 | 0.993333 | 0.960000 | 0.983333 |  -0.727414 |      358 |      298 |       60 |   8.947502 |      9 | 0.907066 | 2.353246
1910 | 572700.0 | 573000.0 | 0.004873 | 0.016037 |   8.947502 |      9 | 0.907066 | 1.000000 | 1.063333 | 1.023333 | 0.970000 |   1.662789 |      365 |      319 |       46 |   8.947193 |      9 | 0.915168 | 2.148086
1911 | 573000.0 | 573300.0 | 0.004871 | 0.016036 |   8.947193 |      9 | 0.915168 | 1.000000 | 1.026667 | 1.023333 | 0.986667 |   1.143255 |      362 |      308 |       54 |   8.947063 |      9 | 0.920737 | 2.007077
1912 | 573300.0 | 573600.0 | 0.004869 | 0.016035 |   8.947063 |      9 | 0.920737 | 1.000000 | 1.030000 | 1.003333 | 1.013333 |  -0.311821 |      360 |      309 |       51 |   8.946917 |      9 | 0.919219 | 2.045523
1913 | 573600.0 | 573900.0 | 0.004868 | 0.016034 |   8.946917 |      9 | 0.919219 | 1.000000 | 1.066667 | 0.990000 | 0.990000 |   0.000000 |      365 |      320 |       45 |   8.946593 |      9 | 0.919219 | 2.045523
1914 | 573900.0 | 574200.0 | 0.004866 | 0.016032 |   8.946593 |      9 | 0.919219 | 1.000000 | 1.030000 | 0.983333 | 0.916667 |   2.079122 |      360 |      309 |       51 |   8.946447 |      9 | 0.929335 | 1.789351
1915 | 574200.0 | 574500.0 | 0.004864 | 0.016031 |   8.946447 |      9 | 0.929335 | 1.000000 | 1.000000 | 1.016667 | 1.003333 |   0.415856 |      357 |      300 |       57 |   8.946447 |      9 | 0.931358 | 1.738131
1916 | 574500.0 | 574800.0 | 0.004862 | 0.016030 |   8.946447 |      9 | 0.931358 | 1.000000 | 0.996667 | 1.030000 | 1.003333 |   0.831776 |      355 |      299 |       56 |   8.946463 |      9 | 0.935403 | 1.635718
1917 | 574800.0 | 575100.0 | 0.004861 | 0.016029 |   8.946463 |      9 | 0.935403 | 1.000000 | 0.983333 | 0.910000 | 0.996667 |  -2.703477 |      352 |      295 |       57 |   8.946544 |      9 | 0.922262 | 1.968471
1918 | 575100.0 | 575400.0 | 0.004859 | 0.016028 |   8.946544 |      9 | 0.922262 | 1.000000 | 1.040000 | 0.950000 | 1.020000 |  -2.183744 |      363 |      312 |       51 |   8.946350 |      9 | 0.911651 | 2.237160
1919 | 575400.0 | 575700.0 | 0.004857 | 0.016026 |   8.946350 |      9 | 0.911651 | 1.000000 | 1.020000 | 1.060000 | 0.933333 |   3.951839 |      360 |      306 |       54 |   8.946253 |      9 | 0.930846 | 1.751092
1920 | 575700.0 | 576000.0 | 0.004856 | 0.016025 |   8.946253 |      9 | 0.930846 | 1.000000 | 1.063333 | 0.996667 | 0.953333 |   1.352048 |      363 |      319 |       44 |   8.945945 |      9 | 0.937411 | 1.584850
1921 | 576000.0 | 576300.0 | 0.004854 | 0.016024 |   8.945945 |      9 | 0.937411 | 1.000000 | 1.023333 | 0.953333 | 0.943333 |   0.312035 |      357 |      307 |       50 |   8.945832 |      9 | 0.938926 | 1.546497
1922 | 576300.0 | 576600.0 | 0.004852 | 0.016023 |   8.945832 |      9 | 0.938926 | 1.000000 | 0.973333 | 0.956667 | 0.956667 |   0.000000 |      350 |      292 |       58 |   8.945961 |      9 | 0.938926 | 1.546497
1923 | 576600.0 | 576900.0 | 0.004851 | 0.016021 |   8.945961 |      9 | 0.938926 | 1.000000 | 1.030000 | 0.956667 | 1.016667 |  -1.872493 |      357 |      309 |       49 |   8.945816 |      9 | 0.929843 | 1.776491
1924 | 576900.0 | 577200.0 | 0.004849 | 0.016020 |   8.945816 |      9 | 0.929843 | 1.000000 | 1.003333 | 1.066667 | 1.060000 |   0.208071 |      356 |      301 |       54 |   8.945799 |      9 | 0.930852 | 1.750943
1925 | 577200.0 | 577500.0 | 0.004847 | 0.016019 |   8.945799 |      9 | 0.930852 | 1.000000 | 1.020000 | 0.896667 | 0.973333 |  -2.392994 |      358 |      306 |       52 |   8.945703 |      9 | 0.919252 | 2.044666
1926 | 577500.0 | 577800.0 | 0.004846 | 0.016018 |   8.945703 |      9 | 0.919252 | 1.000000 | 1.010000 | 0.943333 | 0.993333 |  -1.560767 |      359 |      303 |       56 |   8.945654 |      9 | 0.911690 | 2.236172
1927 | 577800.0 | 578100.0 | 0.004844 | 0.016017 |   8.945654 |      9 | 0.911690 | 1.000000 | 1.036667 | 1.043333 | 0.956667 |   2.705535 |      362 |      311 |       51 |   8.945476 |      9 | 0.924795 | 1.904317
1928 | 578100.0 | 578400.0 | 0.004842 | 0.016015 |   8.945476 |      9 | 0.924795 | 1.000000 | 1.043333 | 0.963333 | 0.993333 |  -0.936602 |      360 |      313 |       47 |   8.945267 |      9 | 0.920260 | 2.019159
1929 | 578400.0 | 578700.0 | 0.004841 | 0.016014 |   8.945267 |      9 | 0.920260 | 1.000000 | 0.990000 | 0.986667 | 0.983333 |   0.104075 |      357 |      297 |       60 |   8.945315 |      9 | 0.920764 | 2.006402
1930 | 578700.0 | 579000.0 | 0.004839 | 0.016013 |   8.945315 |      9 | 0.920764 | 1.000000 | 1.013333 | 1.016667 | 0.950000 |   2.081654 |      361 |      304 |       57 |   8.945251 |      9 | 0.930837 | 1.751335
1931 | 579000.0 | 579300.0 | 0.004837 | 0.016012 |   8.945251 |      9 | 0.930837 | 1.000000 | 0.993333 | 0.970000 | 1.026667 |  -1.769540 |      355 |      298 |       57 |   8.945283 |      9 | 0.922277 | 1.968084
1932 | 579300.0 | 579600.0 | 0.004836 | 0.016010 |   8.945283 |      9 | 0.922277 | 1.000000 | 0.963333 | 1.036667 | 0.926667 |   3.435249 |      354 |      289 |       65 |   8.945460 |      9 | 0.938888 | 1.547450
1933 | 579600.0 | 579900.0 | 0.004834 | 0.016009 |   8.945460 |      9 | 0.938888 | 1.000000 | 1.023333 | 0.973333 | 1.053333 |  -2.498552 |      356 |      307 |       49 |   8.945347 |      9 | 0.926811 | 1.853283
1934 | 579900.0 | 580200.0 | 0.004832 | 0.016008 |   8.945347 |      9 | 0.926811 | 1.000000 | 1.026667 | 1.006667 | 0.986667 |   0.624685 |      359 |      308 |       52 |   8.945218 |      9 | 0.929829 | 1.776845
1935 | 580200.0 | 580500.0 | 0.004831 | 0.016007 |   8.945218 |      9 | 0.929829 | 1.000000 | 1.003333 | 0.973333 | 1.010000 |  -1.145343 |      356 |      301 |       54 |   8.945202 |      9 | 0.924296 | 1.916944
1936 | 580500.0 | 580800.0 | 0.004829 | 0.016006 |   8.945202 |      9 | 0.924296 | 1.000000 | 1.040000 | 0.973333 | 0.993333 |  -0.624780 |      362 |      312 |       50 |   8.945009 |      9 | 0.921279 | 1.993341
1937 | 580800.0 | 581100.0 | 0.004827 | 0.016004 |   8.945009 |      9 | 0.921279 | 1.000000 | 1.030000 | 1.016667 | 1.010000 |   0.208276 |      359 |      309 |       50 |   8.944864 |      9 | 0.922285 | 1.967882
1938 | 581100.0 | 581400.0 | 0.004826 | 0.016003 |   8.944864 |      9 | 0.922285 | 1.000000 | 1.026667 | 0.996667 | 0.990000 |   0.208291 |      360 |      308 |       52 |   8.944736 |      9 | 0.923290 | 1.942430
1939 | 581400.0 | 581700.0 | 0.004824 | 0.016002 |   8.944736 |      9 | 0.923290 | 1.000000 | 1.020000 | 0.990000 | 1.003333 |  -0.416614 |      360 |      306 |       54 |   8.944639 |      9 | 0.921280 | 1.993320
1940 | 581700.0 | 582000.0 | 0.004822 | 0.016001 |   8.944639 |      9 | 0.921280 | 1.000000 | 1.033333 | 1.030000 | 1.020000 |   0.312484 |      359 |      310 |       49 |   8.944478 |      9 | 0.922787 | 1.955163
1941 | 582000.0 | 582300.0 | 0.004821 | 0.016000 |   8.944478 |      9 | 0.922787 | 1.000000 | 1.020000 | 1.023333 | 0.910000 |   3.541754 |      359 |      306 |       53 |   8.944382 |      9 | 0.939861 | 1.522827
1942 | 582300.0 | 582600.0 | 0.004819 | 0.015998 |   8.944382 |      9 | 0.939861 | 1.000000 | 0.993333 | 0.953333 | 1.033333 |  -2.500250 |      354 |      298 |       56 |   8.944414 |      9 | 0.927812 | 1.827924
1943 | 582600.0 | 582900.0 | 0.004817 | 0.015997 |   8.944414 |      9 | 0.927812 | 1.000000 | 0.950000 | 0.940000 | 1.000000 |  -1.875328 |      350 |      285 |       65 |   8.944655 |      9 | 0.918778 | 2.056685
1944 | 582900.0 | 583200.0 | 0.004816 | 0.015996 |   8.944655 |      9 | 0.918778 | 1.000000 | 0.986667 | 1.020000 | 0.996667 |   0.729349 |      355 |      296 |       60 |   8.944719 |      9 | 0.922290 | 1.967746
1945 | 583200.0 | 583500.0 | 0.004814 | 0.015995 |   8.944719 |      9 | 0.922290 | 1.000000 | 1.006667 | 0.986667 | 0.973333 |   0.416802 |      358 |      302 |       55 |   8.944687 |      9 | 0.924297 | 1.916937
1946 | 583500.0 | 583800.0 | 0.004812 | 0.015994 |   8.944687 |      9 | 0.924297 | 1.000000 | 1.046667 | 1.043333 | 0.973333 |   2.188377 |      362 |      314 |       48 |   8.944463 |      9 | 0.934828 | 1.650263
1947 | 583800.0 | 584100.0 | 0.004811 | 0.015992 |   8.944463 |      9 | 0.934828 | 1.000000 | 1.090000 | 0.990000 | 0.983333 |   0.208433 |      365 |      327 |       38 |   8.944030 |      9 | 0.935831 | 1.624872
1948 | 584100.0 | 584400.0 | 0.004809 | 0.015991 |   8.944030 |      9 | 0.935831 | 1.000000 | 1.020000 | 0.963333 | 1.020000 |  -1.771809 |      357 |      306 |       51 |   8.943933 |      9 | 0.927310 | 1.840636
1949 | 584400.0 | 584700.0 | 0.004808 | 0.015990 |   8.943933 |      9 | 0.927310 | 1.000000 | 1.053333 | 0.963333 | 0.986667 |  -0.729623 |      362 |      316 |       46 |   8.943677 |      9 | 0.923802 | 1.929457
1950 | 584700.0 | 585000.0 | 0.004806 | 0.015989 |   8.943677 |      9 | 0.923802 | 1.000000 | 1.013333 | 0.980000 | 0.990000 |  -0.312719 |      358 |      304 |       54 |   8.943613 |      9 | 0.922299 | 1.967512
1951 | 585000.0 | 585300.0 | 0.004804 | 0.015988 |   8.943613 |      9 | 0.922299 | 1.000000 | 1.030000 | 0.956667 | 0.960000 |  -0.104248 |      360 |      309 |       51 |   8.943469 |      9 | 0.921799 | 1.980194
1952 | 585300.0 | 585600.0 | 0.004803 | 0.015986 |   8.943469 |      9 | 0.921799 | 1.000000 | 0.996667 | 0.976667 | 0.940000 |   1.146809 |      359 |      299 |       60 |   8.943485 |      9 | 0.927306 | 1.840731
1953 | 585600.0 | 585900.0 | 0.004801 | 0.015985 |   8.943485 |      9 | 0.927306 | 1.000000 | 1.000000 | 1.023333 | 1.080000 |  -1.772474 |      356 |      300 |       56 |   8.943485 |      9 | 0.918797 | 2.056208
1954 | 585900.0 | 586200.0 | 0.004799 | 0.015984 |   8.943485 |      9 | 0.918797 | 1.000000 | 1.023333 | 1.026667 | 1.013333 |   0.417084 |      361 |      307 |       54 |   8.943373 |      9 | 0.920798 | 2.005521
1955 | 586200.0 | 586500.0 | 0.004798 | 0.015983 |   8.943373 |      9 | 0.920798 | 1.000000 | 1.013333 | 1.000000 | 1.000000 |   0.000000 |      358 |      304 |       54 |   8.943309 |      9 | 0.920798 | 2.005521
1956 | 586500.0 | 586800.0 | 0.004796 | 0.015982 |   8.943309 |      9 | 0.920798 | 1.000000 | 1.006667 | 0.933333 | 0.946667 |  -0.417146 |      358 |      302 |       56 |   8.943277 |      9 | 0.918798 | 2.056181
1957 | 586800.0 | 587100.0 | 0.004794 | 0.015980 |   8.943277 |      9 | 0.918798 | 1.000000 | 1.030000 | 1.006667 | 0.976667 |   0.938649 |      361 |      309 |       52 |   8.943133 |      9 | 0.923298 | 1.942226
1958 | 587100.0 | 587400.0 | 0.004793 | 0.015979 |   8.943133 |      9 | 0.923298 | 1.000000 | 1.016667 | 1.036667 | 0.916667 |   3.754878 |      359 |      305 |       54 |   8.943053 |      9 | 0.941294 | 1.486528
1959 | 587400.0 | 587700.0 | 0.004791 | 0.015978 |   8.943053 |      9 | 0.941294 | 1.000000 | 1.090000 | 0.903333 | 1.050000 |  -4.589638 |      361 |      327 |       34 |   8.942622 |      9 | 0.919305 | 2.043344
1960 | 587700.0 | 588000.0 | 0.004790 | 0.015977 |   8.942622 |      9 | 0.919305 | 1.000000 | 1.020000 | 0.960000 | 1.013333 |  -1.669084 |      359 |      306 |       53 |   8.942526 |      9 | 0.911311 | 2.245769
1961 | 588000.0 | 588300.0 | 0.004788 | 0.015976 |   8.942526 |      9 | 0.911311 | 1.000000 | 1.026667 | 0.980000 | 0.983333 |  -0.104326 |      362 |      308 |       54 |   8.942398 |      9 | 0.910811 | 2.258418
1962 | 588300.0 | 588600.0 | 0.004786 | 0.015974 |   8.942398 |      9 | 0.910811 | 1.000000 | 1.000000 | 0.993333 | 0.910000 |   2.608332 |      357 |      300 |       57 |   8.942398 |      9 | 0.923295 | 1.942296
1963 | 588600.0 | 588900.0 | 0.004785 | 0.015973 |   8.942398 |      9 | 0.923295 | 1.000000 | 1.026667 | 1.073333 | 0.970000 |   3.234573 |      361 |      308 |       54 |   8.942271 |      9 | 0.938772 | 1.550409
1964 | 588900.0 | 589200.0 | 0.004783 | 0.015972 |   8.942271 |      9 | 0.938772 | 1.000000 | 0.986667 | 0.933333 | 0.993333 |  -1.878279 |      352 |      296 |       55 |   8.942335 |      9 | 0.929788 | 1.777896
1965 | 589200.0 | 589500.0 | 0.004781 | 0.015971 |   8.942335 |      9 | 0.929788 | 1.000000 | 1.016667 | 0.933333 | 1.020000 |  -2.713272 |      358 |      305 |       53 |   8.942255 |      9 | 0.916814 | 2.106402
1966 | 589500.0 | 589800.0 | 0.004780 | 0.015970 |   8.942255 |      9 | 0.916814 | 1.000000 | 1.043333 | 0.966667 | 0.983333 |  -0.521822 |      363 |      313 |       50 |   8.942048 |      9 | 0.914320 | 2.169559
1967 | 589800.0 | 590100.0 | 0.004778 | 0.015968 |   8.942048 |      9 | 0.914320 | 1.000000 | 1.033333 | 0.970000 | 0.980000 |  -0.313116 |      362 |      310 |       52 |   8.941889 |      9 | 0.912824 | 2.207443
1968 | 590100.0 | 590400.0 | 0.004777 | 0.015967 |   8.941889 |      9 | 0.912824 | 1.000000 | 0.976667 | 1.026667 | 0.936667 |   2.818258 |      356 |      293 |       63 |   8.942000 |      9 | 0.926286 | 1.866574
1969 | 590400.0 | 590700.0 | 0.004775 | 0.015966 |   8.942000 |      9 | 0.926286 | 1.000000 | 1.000000 | 1.040000 | 1.046667 |  -0.208775 |      356 |      300 |       56 |   8.942000 |      9 | 0.925289 | 1.891817
1970 | 590700.0 | 591000.0 | 0.004773 | 0.015965 |   8.942000 |      9 | 0.925289 | 1.000000 | 1.066667 | 0.976667 | 1.020000 |  -1.357140 |      365 |      320 |       45 |   8.941682 |      9 | 0.918811 | 2.055852
1971 | 591000.0 | 591300.0 | 0.004772 | 0.015964 |   8.941682 |      9 | 0.918811 | 1.000000 | 0.976667 | 1.023333 | 0.986667 |   1.148435 |      354 |      293 |       61 |   8.941793 |      9 | 0.924291 | 1.917090
1972 | 591300.0 | 591600.0 | 0.004770 | 0.015963 |   8.941793 |      9 | 0.924291 | 1.000000 | 1.056667 | 1.043333 | 1.023333 |   0.626466 |      363 |      317 |       46 |   8.941523 |      9 | 0.927279 | 1.841421
1973 | 591600.0 | 591900.0 | 0.004768 | 0.015961 |   8.941523 |      9 | 0.927279 | 1.000000 | 1.010000 | 0.963333 | 0.983333 |  -0.626512 |      359 |      303 |       56 |   8.941475 |      9 | 0.924291 | 1.917070
1974 | 591900.0 | 592200.0 | 0.004767 | 0.015960 |   8.941475 |      9 | 0.924291 | 1.000000 | 1.020000 | 0.953333 | 1.063333 |  -3.446071 |      359 |      306 |       53 |   8.941380 |      9 | 0.907864 | 2.333029
1975 | 592200.0 | 592500.0 | 0.004765 | 0.015959 |   8.941380 |      9 | 0.907864 | 1.000000 | 0.953333 | 1.013333 | 0.966667 |   1.462078 |      354 |      286 |       68 |   8.941602 |      9 | 0.914832 | 2.156608
1976 | 592500.0 | 592800.0 | 0.004764 | 0.015958 |   8.941602 |      9 | 0.914832 | 1.000000 | 1.006667 | 0.983333 | 0.990000 |  -0.208884 |      358 |      302 |       56 |   8.941570 |      9 | 0.913837 | 2.181804
1977 | 592800.0 | 593100.0 | 0.004762 | 0.015957 |   8.941570 |      9 | 0.913837 | 1.000000 | 0.990000 | 1.026667 | 1.026667 |   0.000000 |      358 |      297 |       61 |   8.941618 |      9 | 0.913837 | 2.181804
1978 | 593100.0 | 593400.0 | 0.004760 | 0.015955 |   8.941618 |      9 | 0.913837 | 1.000000 | 0.936667 | 0.960000 | 0.886667 |   2.298061 |      350 |      281 |       69 |   8.941920 |      9 | 0.924776 | 1.904790
1979 | 593400.0 | 593700.0 | 0.004759 | 0.015954 |   8.941920 |      9 | 0.924776 | 1.000000 | 1.006667 | 0.973333 | 1.036667 |  -1.984836 |      358 |      302 |       56 |   8.941888 |      9 | 0.915331 | 2.143967
1980 | 593700.0 | 594000.0 | 0.004757 | 0.015953 |   8.941888 |      9 | 0.915331 | 1.000000 | 1.033333 | 0.996667 | 0.966667 |   0.940255 |      361 |      310 |       51 |   8.941729 |      9 | 0.919804 | 2.030702
1981 | 594000.0 | 594300.0 | 0.004756 | 0.015952 |   8.941729 |      9 | 0.919804 | 1.000000 | 1.043333 | 1.053333 | 0.953333 |   3.134415 |      362 |      313 |       49 |   8.941523 |      9 | 0.934710 | 1.653252
1982 | 594300.0 | 594600.0 | 0.004754 | 0.015951 |   8.941523 |      9 | 0.934710 | 1.000000 | 1.016667 | 1.020000 | 0.960000 |   1.880788 |      356 |      305 |       51 |   8.941444 |      9 | 0.943651 | 1.426842
1983 | 594600.0 | 594900.0 | 0.004752 | 0.015950 |   8.941444 |      9 | 0.943651 | 1.000000 | 0.990000 | 0.866667 | 0.970000 |  -3.239374 |      350 |      297 |       53 |   8.941491 |      9 | 0.928257 | 1.816669
1984 | 594900.0 | 595200.0 | 0.004751 | 0.015948 |   8.941491 |      9 | 0.928257 | 1.000000 | 1.023333 | 1.006667 | 0.926667 |   2.508087 |      359 |      307 |       52 |   8.941381 |      9 | 0.940172 | 1.514946
1985 | 595200.0 | 595500.0 | 0.004749 | 0.015947 |   8.941381 |      9 | 0.940172 | 1.000000 | 1.056667 | 0.936667 | 1.010000 |  -2.299249 |      360 |      317 |       43 |   8.941111 |      9 | 0.929252 | 1.791453
1986 | 595500.0 | 595800.0 | 0.004748 | 0.015946 |   8.941111 |      9 | 0.929252 | 1.000000 | 0.993333 | 0.983333 | 0.973333 |   0.313557 |      354 |      298 |       56 |   8.941143 |      9 | 0.930741 | 1.753757
1987 | 595800.0 | 596100.0 | 0.004746 | 0.015945 |   8.941143 |      9 | 0.930741 | 1.000000 | 1.073333 | 1.006667 | 0.990000 |   0.522634 |      365 |      322 |       43 |   8.940795 |      9 | 0.933221 | 1.690948
1988 | 596100.0 | 596400.0 | 0.004744 | 0.015944 |   8.940795 |      9 | 0.933221 | 1.000000 | 1.053333 | 1.013333 | 1.013333 |   0.000000 |      362 |      316 |       46 |   8.940542 |      9 | 0.933221 | 1.690948
1989 | 596400.0 | 596700.0 | 0.004743 | 0.015943 |   8.940542 |      9 | 0.933221 | 1.000000 | 0.966667 | 1.006667 | 1.033333 |  -0.836337 |      351 |      290 |       62 |   8.940700 |      9 | 0.929255 | 1.791390
1990 | 596700.0 | 597000.0 | 0.004741 | 0.015941 |   8.940700 |      9 | 0.929255 | 1.000000 | 1.010000 | 0.980000 | 1.056667 |  -2.404646 |      359 |      303 |       55 |   8.940653 |      9 | 0.917854 | 2.080087
1991 | 597000.0 | 597300.0 | 0.004740 | 0.015940 |   8.940653 |      9 | 0.917854 | 1.000000 | 1.020000 | 0.993333 | 1.000000 |  -0.209115 |      359 |      306 |       53 |   8.940558 |      9 | 0.916862 | 2.105185
1992 | 597300.0 | 597600.0 | 0.004738 | 0.015939 |   8.940558 |      9 | 0.916862 | 1.000000 | 0.993333 | 1.036667 | 1.023333 |   0.418261 |      356 |      298 |       59 |   8.940590 |      9 | 0.918844 | 2.055003
1993 | 597600.0 | 597900.0 | 0.004737 | 0.015938 |   8.940590 |      9 | 0.918844 | 1.000000 | 1.046667 | 0.960000 | 1.060000 |  -3.137186 |      363 |      314 |       48 |   8.940368 |      9 | 0.903985 | 2.431269
1994 | 597900.0 | 598200.0 | 0.004735 | 0.015937 |   8.940368 |      9 | 0.903985 | 1.000000 | 0.966667 | 1.016667 | 0.960000 |   1.777869 |      355 |      290 |       65 |   8.940526 |      9 | 0.912403 | 2.218107
1995 | 598200.0 | 598500.0 | 0.004733 | 0.015936 |   8.940526 |      9 | 0.912403 | 1.000000 | 1.020000 | 0.993333 | 1.016667 |  -0.732117 |      361 |      306 |       55 |   8.940432 |      9 | 0.908938 | 2.305856
1996 | 598500.0 | 598800.0 | 0.004732 | 0.015934 |   8.940432 |      9 | 0.908938 | 1.000000 | 1.016667 | 1.030000 | 1.000000 |   0.941363 |      360 |      305 |       55 |   8.940353 |      9 | 0.913392 | 2.193065
1997 | 598800.0 | 599100.0 | 0.004730 | 0.015933 |   8.940353 |      9 | 0.913392 | 1.000000 | 1.033333 | 1.006667 | 1.003333 |   0.104604 |      362 |      310 |       52 |   8.940195 |      9 | 0.913887 | 2.180536
1998 | 599100.0 | 599400.0 | 0.004729 | 0.015932 |   8.940195 |      9 | 0.913887 | 1.000000 | 1.020000 | 0.993333 | 1.030000 |  -1.150723 |      359 |      306 |       53 |   8.940101 |      9 | 0.908445 | 2.318320
1999 | 599400.0 | 599700.0 | 0.004727 | 0.015931 |   8.940101 |      9 | 0.908445 | 1.000000 | 0.973333 | 0.983333 | 1.033333 |  -1.569283 |      357 |      292 |       65 |   8.940227 |      9 | 0.901027 | 2.506159
2000 | 599700.0 | 600000.0 | 0.004725 | 0.015930 |   8.940227 |      9 | 0.901027 | 1.000000 | 1.006667 | 0.983333 | 0.993333 |  -0.313880 |      358 |      302 |       56 |   8.940195 |      9 | 0.899544 | 2.543717
