window_size	werner_w	repeats	mean_acked_throughput	std_acked_throughput	min_acked_throughput	max_acked_throughput	mean_delivery_throughput	model_w_factor	mean_send_rate	mean_detection_prob	mean_rtt	mean_observed_fidelity	mean_sent_states	mean_acked_states	mean_timeouts	route	hop_count	route_classical_delay	route_quantum_delay
4	0.0125	5	0.094	0.0237346441586	0.0766666666667	0.12	0.424	1.02453125	2.50051976076	0.2334375	7.00098334164	0.259375	130.4	28.2	98.2	22->21->27->28->25->20->31->9	7	0.000983341639142	7
4	0.025	5	0.092	0.0134577528255	0.08	0.113333333333	0.423333333333	1.048125	2.46886761189	0.241875	7.00098334164	0.26875	129.8	27.6	98.2	22->21->27->28->25->20->31->9	7	0.000983341639142	7
4	0.0375	5	0.117333333333	0.0232617950965	0.08	0.136666666667	0.431333333333	1.07078125	2.43721546302	0.2503125	7.00098334164	0.278125	132	35.2	92.8	22->21->27->28->25->20->31->9	7	0.000983341639142	7
4	0.05	5	0.104	0.023967570683	0.0833333333333	0.133333333333	0.426666666667	1.0925	2.40556331415	0.25875	7.00098334164	0.2875	131.2	31.2	96	22->21->27->28->25->20->31->9	7	0.000983341639142	7
4	0.0625	5	0.115333333333	0.0235230383525	0.0833333333333	0.14	0.428666666667	1.11328125	2.37391116528	0.2671875	7.00098334164	0.296875	132	34.6	93.4	22->21->27->28->25->20->31->9	7	0.000983341639142	7
4	0.075	5	0.117333333333	0.0151657508881	0.1	0.133333333333	0.432	1.133125	2.34225901641	0.275625	7.00098334164	0.30625	132.2	35.2	93	22->21->27->28->25->20->31->9	7	0.000983341639142	7
4	0.0875	5	0.110666666667	0.0172240142437	0.0833333333333	0.126666666667	0.428	1.15203125	2.31060686754	0.2840625	7.00098334164	0.315625	131.6	33.2	94.4	22->21->27->28->25->20->31->9	7	0.000983341639142	7
4	0.1	5	0.124	0.0170619785228	0.103333333333	0.143333333333	0.434	1.17	2.27895471867	0.2925	7.00098334164	0.325	132.6	37.2	91.4	22->21->27->28->25->20->31->9	7	0.000983341639142	7
4	0.1125	5	0.14	0.0122474487139	0.12	0.15	0.437333333333	1.18703125	2.2473025698	0.3009375	7.00098334164	0.334375	134.2	42	88.2	22->21->27->28->25->20->31->9	7	0.000983341639142	7
4	0.125	5	0.137333333333	0.0237346441586	0.11	0.163333333333	0.437333333333	1.203125	2.21565042093	0.309375	7.00098334164	0.34375	133.6	41.2	88.4	22->21->27->28->25->20->31->9	7	0.000983341639142	7
4	0.1375	5	0.133333333333	0.007453559925	0.123333333333	0.143333333333	0.435333333333	1.21828125	2.18399827206	0.3178125	7.00098334164	0.353125	134	40	90	22->21->27->28->25->20->31->9	7	0.000983341639142	7
4	0.15	5	0.136	0.00641179468705	0.126666666667	0.143333333333	0.436666666667	1.2325	2.15234612319	0.32625	7.00098334164	0.3625	134	40.8	89.2	22->21->27->28->25->20->31->9	7	0.000983341639142	7
4	0.1625	5	0.142666666667	0.0194935886896	0.116666666667	0.17	0.439333333333	1.24578125	2.12069397432	0.3346875	7.00098334164	0.371875	134.6	42.8	87.8	22->21->27->28->25->20->31->9	7	0.000983341639142	7
4	0.175	5	0.136	0.00547722557505	0.13	0.14	0.436	1.258125	2.08904182545	0.343125	7.00098334164	0.38125	133.8	40.8	89	22->21->27->28->25->20->31->9	7	0.000983341639142	7
4	0.1875	5	0.155333333333	0.0212916258969	0.133333333333	0.186666666667	0.442666666667	1.26953125	2.05738967658	0.3515625	7.00098334164	0.390625	135.8	46.6	85.2	22->21->27->28->25->20->31->9	7	0.000983341639142	7
4	0.2	5	0.162	0.0144529889258	0.14	0.18	0.444	1.28	2.02573752771	0.36	7.00098334164	0.4	135.8	48.6	83.2	22->21->27->28->25->20->31->9	7	0.000983341639142	7
4	0.2125	5	0.164	0.0132077418374	0.143333333333	0.18	0.444	1.28953125	1.99408537883	0.3684375	7.00098334164	0.409375	136	49.2	82.8	22->21->27->28->25->20->31->9	7	0.000983341639142	7
4	0.225	5	0.178	0.0294014360949	0.146666666667	0.21	0.449333333333	1.298125	1.96243322996	0.376875	7.00098334164	0.41875	137.8	53.4	80.4	22->21->27->28->25->20->31->9	7	0.000983341639142	7
4	0.2375	5	0.160666666667	0.013416407865	0.146666666667	0.18	0.442666666667	1.30578125	1.93078108109	0.3853125	7.00098334164	0.428125	136.4	48.2	84.2	22->21->27->28->25->20->31->9	7	0.000983341639142	7
4	0.25	5	0.175333333333	0.0159164485152	0.16	0.2	0.448	1.3125	1.89912893222	0.39375	7.00098334164	0.4375	137.8	52.6	81.2	22->21->27->28->25->20->31->9	7	0.000983341639142	7
4	0.2625	5	0.175333333333	0.020628997929	0.14	0.193333333333	0.448666666667	1.31828125	1.86747678335	0.4021875	7.00098334164	0.446875	137.4	52.6	80.8	22->21->27->28->25->20->31->9	7	0.000983341639142	7
4	0.275	5	0.180666666667	0.016397831835	0.166666666667	0.206666666667	0.448666666667	1.323125	1.83582463448	0.410625	7.00098334164	0.45625	138.2	54.2	80	22->21->27->28->25->20->31->9	7	0.000983341639142	7
4	0.2875	5	0.182	0.00767390962215	0.173333333333	0.19	0.447333333333	1.32703125	1.80417248561	0.4190625	7.00098334164	0.465625	137.4	54.6	78.8	22->21->27->28->25->20->31->9	7	0.000983341639142	7
4	0.3	5	0.190666666667	0.00434613493671	0.186666666667	0.196666666667	0.453333333333	1.33	1.77252033674	0.4275	7.00098334164	0.475	139.2	57.2	78	22->21->27->28->25->20->31->9	7	0.000983341639142	7
4	0.3125	5	0.188666666667	0.0260981055081	0.15	0.22	0.450666666667	1.33203125	1.74086818787	0.4359375	7.00098334164	0.484375	138.8	56.6	78.2	22->21->27->28->25->20->31->9	7	0.000983341639142	7
4	0.325	5	0.198666666667	0.0160900245149	0.173333333333	0.213333333333	0.456666666667	1.333125	1.709216039	0.444375	7.00098334164	0.49375	139.2	59.6	75.8	22->21->27->28->25->20->31->9	7	0.000983341639142	7
4	0.333333333333	5	0.190666666667	0.0147948940142	0.173333333333	0.21	0.452666666667	1.33333333333	1.68811460642	0.45	7.00098334164	0.5	138.8	57.2	77.6	22->21->27->28->25->20->31->9	7	0.000983341639142	7
4	0.3375	5	0.199333333333	0.0036514837167	0.196666666667	0.203333333333	0.454	1.33328125	1.67756389013	0.4528125	7.00098334164	0.503125	139.6	59.8	75.8	22->21->27->28->25->20->31->9	7	0.000983341639142	7
4	0.35	5	0.214	0.0162275485927	0.196666666667	0.24	0.459333333333	1.3325	1.64591174126	0.46125	7.00098334164	0.5125	141	64.2	72.8	22->21->27->28->25->20->31->9	7	0.000983341639142	7
4	0.3625	5	0.217333333333	0.022779132751	0.186666666667	0.24	0.460666666667	1.33078125	1.61425959239	0.4696875	7.00098334164	0.521875	141.2	65.2	72	22->21->27->28->25->20->31->9	7	0.000983341639142	7
4	0.375	5	0.207333333333	0.0225339250415	0.19	0.246666666667	0.457333333333	1.328125	1.58260744352	0.478125	7.00098334164	0.53125	140	62.2	73.8	22->21->27->28->25->20->31->9	7	0.000983341639142	7
4	0.3875	5	0.24	0.0159861050777	0.216666666667	0.256666666667	0.466	1.32453125	1.55095529465	0.4865625	7.00098334164	0.540625	143.4	72	67.4	22->21->27->28->25->20->31->9	7	0.000983341639142	7
4	0.4	5	0.207333333333	0.0247655674945	0.166666666667	0.233333333333	0.457333333333	1.32	1.51930314578	0.495	7.00098334164	0.55	140	62.2	73.8	22->21->27->28->25->20->31->9	7	0.000983341639142	7
4	0.4125	5	0.229333333333	0.0230217288664	0.196666666667	0.253333333333	0.461333333333	1.31453125	1.48765099691	0.5034375	7.00098334164	0.559375	142.4	68.8	69.6	22->21->27->28->25->20->31->9	7	0.000983341639142	7
4	0.425	5	0.232666666667	0.00829993306533	0.226666666667	0.246666666667	0.464	1.308125	1.45599884804	0.511875	7.00098334164	0.56875	142.2	69.8	68.4	22->21->27->28->25->20->31->9	7	0.000983341639142	7
4	0.4375	5	0.258	0.0172562388074	0.236666666667	0.283333333333	0.47	1.30078125	1.42434669917	0.5203125	7.00098334164	0.578125	144.8	77.4	63.4	22->21->27->28->25->20->31->9	7	0.000983341639142	7
4	0.45	5	0.236	0.0153478192442	0.216666666667	0.256666666667	0.463333333333	1.2925	1.3926945503	0.52875	7.00098334164	0.5875	142.8	70.8	68	22->21->27->28->25->20->31->9	7	0.000983341639142	7
4	0.4625	5	0.251333333333	0.0237580395749	0.23	0.29	0.468	1.28328125	1.36104240143	0.5371875	7.00098334164	0.596875	143.8	75.4	64.4	22->21->27->28->25->20->31->9	7	0.000983341639142	7
4	0.475	5	0.255333333333	0.0112051575426	0.24	0.27	0.469333333333	1.273125	1.32939025256	0.545625	7.00098334164	0.60625	144.6	76.6	64	22->21->27->28->25->20->31->9	7	0.000983341639142	7
4	0.4875	5	0.269333333333	0.0243127767051	0.243333333333	0.296666666667	0.472666666667	1.26203125	1.29773810369	0.5540625	7.00098334164	0.615625	145.4	80.8	60.6	22->21->27->28->25->20->31->9	7	0.000983341639142	7
4	0.5	5	0.278666666667	0.0172562388076	0.26	0.306666666667	0.476666666667	1.25	1.26608595482	0.5625	7.00098334164	0.625	146.8	83.6	59.2	22->21->27->28->25->20->31->9	7	0.000983341639142	7
4	0.5125	5	0.254666666667	0.0132497379429	0.243333333333	0.276666666667	0.468666666667	1.23703125	1.23443380595	0.5709375	7.00098334164	0.634375	144.2	76.4	64	22->21->27->28->25->20->31->9	7	0.000983341639142	7
4	0.525	5	0.264	0.025429641497	0.223333333333	0.29	0.472	1.223125	1.20278165707	0.579375	7.00098334164	0.64375	144.4	79.2	61.4	22->21->27->28->25->20->31->9	7	0.000983341639142	7
4	0.5375	5	0.263333333333	0.0133333333333	0.246666666667	0.283333333333	0.471333333333	1.20828125	1.1711295082	0.5878125	7.00098334164	0.653125	144.6	79	61.6	22->21->27->28->25->20->31->9	7	0.000983341639142	7
4	0.55	5	0.276666666667	0.0290593262901	0.25	0.323333333333	0.473333333333	1.1925	1.13947735933	0.59625	7.00098334164	0.6625	145.8	83	58.8	22->21->27->28->25->20->31->9	7	0.000983341639142	7
4	0.5625	5	0.299333333333	0.0303131801184	0.26	0.323333333333	0.479333333333	1.17578125	1.10782521046	0.6046875	7.00098334164	0.671875	147.4	89.8	53.6	22->21->27->28->25->20->31->9	7	0.000983341639142	7
4	0.575	5	0.285333333333	0.0183484785927	0.27	0.313333333333	0.475333333333	1.158125	1.07617306159	0.613125	7.00098334164	0.68125	145.6	85.6	56	22->21->27->28->25->20->31->9	7	0.000983341639142	7
4	0.5875	5	0.285333333333	0.0186488009743	0.26	0.306666666667	0.475333333333	1.13953125	1.04452091272	0.6215625	7.00098334164	0.690625	145.4	85.6	56	22->21->27->28->25->20->31->9	7	0.000983341639142	7
4	0.6	5	0.298	0.0192353840618	0.273333333333	0.32	0.480666666666	1.12	1.01286876385	0.63	7.00098334164	0.7	147.6	89.4	54.2	22->21->27->28->25->20->31->9	7	0.000983341639142	7
4	0.6125	5	0.290666666667	0.0255386417458	0.266666666667	0.326666666667	0.474666666667	1.09953125	0.981216614982	0.6384375	7.00098334164	0.709375	146	87.2	54.8	22->21->27->28->25->20->31->9	7	0.000983341639142	7
4	0.625	5	0.311333333333	0.0350871929785	0.256666666667	0.353333333333	0.484	1.078125	0.949564466112	0.646875	7.00098334164	0.71875	148	93.4	50.6	22->21->27->28->25->20->31->9	7	0.000983341639142	7
4	0.6375	5	0.309333333333	0.0269155056509	0.27	0.34	0.48	1.05578125	0.917912317241	0.6553125	7.00098334164	0.728125	147.6	92.8	50.8	22->21->27->28->25->20->31->9	7	0.000983341639142	7
4	0.65	5	0.325333333333	0.00691214711759	0.316666666667	0.333333333333	0.484	1.0325	0.886260168371	0.66375	7.00098334164	0.7375	148.8	97.6	47.2	22->21->27->28->25->20->31->9	7	0.000983341639142	7
4	0.6625	5	0.335333333333	0.0368631101359	0.293333333333	0.383333333333	0.485333333333	1.00828125	0.854608019501	0.6721875	7.00098334164	0.746875	149.4	100.6	45	22->21->27->28->25->20->31->9	7	0.000983341639142	7
4	0.675	5	0.325333333333	0.0250111086431	0.286666666667	0.346666666667	0.480666666667	0.983125	0.82295587063	0.680625	7.00098334164	0.75625	147.8	97.6	46.2	22->21->27->28->25->20->31->9	7	0.000983341639142	7
4	0.6875	5	0.332666666667	0.0173845397472	0.303333333333	0.35	0.483333333333	0.95703125	0.79130372176	0.6890625	7.00098334164	0.765625	148.2	99.8	44.4	22->21->27->28->25->20->31->9	7	0.000983341639142	7
4	0.7	5	0.327333333333	0.0175435964891	0.31	0.353333333333	0.479333333334	0.93	0.759651572889	0.6975	7.00098334164	0.775	147	98.2	45	22->21->27->28->25->20->31->9	7	0.000983341639142	7
4	0.7125	5	0.338666666667	0.00900617072407	0.323333333333	0.346666666667	0.482	0.90203125	0.727999424019	0.7059375	7.00098334164	0.784375	147.6	101.6	42	22->21->27->28->25->20->31->9	7	0.000983341639142	7
4	0.725	5	0.334	0.0101105005921	0.323333333333	0.35	0.478	0.873125	0.696347275149	0.714375	7.00098334164	0.79375	147.2	100.2	43	22->21->27->28->25->20->31->9	7	0.000983341639142	7
4	0.7375	5	0.342666666667	0.0429081706801	0.296666666667	0.41	0.476	0.84328125	0.664695126278	0.7228125	7.00098334164	0.803125	146.6	102.8	40	22->21->27->28->25->20->31->9	7	0.000983341639142	7
4	0.75	5	0.351333333333	0.0219342451684	0.33	0.376666666667	0.48	0.8125	0.633042977408	0.73125	7.00098334164	0.8125	147	105.4	37.8	22->21->27->28->25->20->31->9	7	0.000983341639142	7
4	0.7625	5	0.344666666667	0.027345525736	0.323333333333	0.39	0.471333333333	0.78078125	0.601390828537	0.7396875	7.00098334164	0.821875	144.8	103.4	37.8	22->21->27->28->25->20->31->9	7	0.000983341639142	7
4	0.775	5	0.362	0.0192353840617	0.33	0.376666666667	0.477333333333	0.748125	0.569738679667	0.748125	7.00098334164	0.83125	146.6	108.6	34	22->21->27->28->25->20->31->9	7	0.000983341639142	7
4	0.7875	5	0.347333333333	0.00494413232473	0.34	0.353333333333	0.462666666667	0.71453125	0.538086530797	0.7565625	7.00098334164	0.840625	142	104.2	34.2	22->21->27->28->25->20->31->9	7	0.000983341639142	7
4	0.8	5	0.346666666667	0.0131233464567	0.34	0.37	0.453333333333	0.68	0.506434381926	0.765	7.00098334164	0.85	139.4	104	31.8	22->21->27->28->25->20->31->9	7	0.000983341639142	7
4	0.8125	5	0.344666666667	0.0138644228954	0.333333333333	0.366666666667	0.440666666667	0.64453125	0.474782233056	0.7734375	7.00098334164	0.859375	135.2	103.4	28.2	22->21->27->28->25->20->31->9	7	0.000983341639142	7
4	0.825	5	0.340666666667	0.0197765292989	0.32	0.363333333333	0.424666666667	0.608125	0.443130084185	0.781875	7.00098334164	0.86875	130.4	102.2	25	22->21->27->28->25->20->31->9	7	0.000983341639142	7
4	0.8375	5	0.32	0.016996731712	0.303333333333	0.34	0.401333333333	0.57078125	0.411477935315	0.7903125	7.00098334164	0.878125	123.4	96	24	22->21->27->28->25->20->31->9	7	0.000983341639142	7
4	0.85	5	0.296666666667	0.00816496580928	0.29	0.31	0.373333333333	0.5325	0.379825786445	0.79875	7.00098334164	0.8875	114	89	22.8	22->21->27->28->25->20->31->9	7	0.000983341639142	7
4	0.8625	5	0.276	0.0147948940141	0.25	0.286666666667	0.343333333333	0.49328125	0.348173637574	0.8071875	7.00098334164	0.896875	105	82.8	19.8	22->21->27->28->25->20->31->9	7	0.000983341639142	7
4	0.875	5	0.260666666667	0.0129957257931	0.246666666667	0.273333333333	0.31	0.453125	0.316521488704	0.815625	7.00098334164	0.90625	95	78.2	14.6	22->21->27->28->25->20->31->9	7	0.000983341639142	7
4	0.8875	5	0.226666666667	0.0135400640077	0.206666666667	0.24	0.28	0.41203125	0.284869339834	0.8240625	7.00098334164	0.915625	86	68	15.8	22->21->27->28->25->20->31->9	7	0.000983341639142	7
4	0.9	5	0.206666666667	0.00912870929194	0.193333333333	0.216666666667	0.25	0.37	0.253217190963	0.8325	7.00098334164	0.925	76	62	13	22->21->27->28->25->20->31->9	7	0.000983341639142	7
4	0.9125	5	0.173333333333	0.0108012344973	0.16	0.183333333333	0.216666666667	0.32703125	0.221565042093	0.8409375	7.00098334164	0.934375	67	52	13	22->21->27->28->25->20->31->9	7	0.000983341639142	7
4	0.925	5	0.159333333333	0.00494413232473	0.153333333333	0.166666666667	0.186666666667	0.283125	0.189912893222	0.849375	7.00098334164	0.94375	57	47.8	8.2	22->21->27->28->25->20->31->9	7	0.000983341639142	7
4	0.9375	5	0.134	0.0043461349368	0.13	0.14	0.156666666667	0.23828125	0.158260744352	0.8578125	7.00098334164	0.953125	48	40.2	6.8	22->21->27->28->25->20->31->9	7	0.000983341639142	7
4	0.95	5	0.108	0.00730296743347	0.0966666666667	0.116666666667	0.126666666667	0.1925	0.126608595482	0.86625	7.00098334164	0.9625	38	32.4	5.6	22->21->27->28->25->20->31->9	7	0.000983341639142	7
4	0.9625	5	0.0846666666667	0.00605530070819	0.0766666666667	0.09	0.0933333333333	0.14578125	0.0949564466112	0.8746875	7.00098334164	0.971875	29	25.4	2.6	22->21->27->28->25->20->31->9	7	0.000983341639142	7
4	0.975	5	0.0513333333333	0.00557773351023	0.0433333333333	0.0566666666667	0.0633333333333	0.098125	0.0633042977408	0.883125	7.00098334164	0.98125	19	15.4	3.6	22->21->27->28->25->20->31->9	7	0.000983341639142	7
4	0.9875	5	0.0306666666667	0.0036514837167	0.0266666666667	0.0333333333333	0.0333333333333	0.04953125	0.0316521488704	0.8915625	7.00098334164	0.990625	10	9.2	0.8	22->21->27->28->25->20->31->9	7	0.000983341639142	7
6	0.0125	5	0.146666666667	0.023921166824	0.113333333333	0.18	0.638	1.02453125	2.50051976076	0.2334375	7.00098334164	0.259375	195.8	44	146	22->21->27->28->25->20->31->9	7	0.000983341639142	7
6	0.025	5	0.158666666667	0.0160900245149	0.14	0.183333333333	0.642	1.048125	2.46886761189	0.241875	7.00098334164	0.26875	196.6	47.6	143	22->21->27->28->25->20->31->9	7	0.000983341639142	7
6	0.0375	5	0.154666666667	0.0140633487398	0.136666666667	0.173333333333	0.64	1.07078125	2.43721546302	0.2503125	7.00098334164	0.278125	195.8	46.4	143.4	22->21->27->28->25->20->31->9	7	0.000983341639142	7
6	0.05	5	0.167333333333	0.0190613046073	0.146666666667	0.196666666667	0.642	1.0925	2.40556331415	0.25875	7.00098334164	0.2875	197.2	50.2	141	22->21->27->28->25->20->31->9	7	0.000983341639142	7
6	0.0625	5	0.176666666667	0.0390867979985	0.13	0.233333333333	0.645333333333	1.11328125	2.37391116528	0.2671875	7.00098334164	0.296875	198.4	53	139.4	22->21->27->28->25->20->31->9	7	0.000983341639142	7
6	0.075	5	0.196	0.0331997322613	0.16	0.236666666667	0.652666666667	1.133125	2.34225901641	0.275625	7.00098334164	0.30625	200.2	58.8	135.4	22->21->27->28->25->20->31->9	7	0.000983341639142	7
6	0.0875	5	0.181333333333	0.027345525736	0.143333333333	0.22	0.648	1.15203125	2.31060686754	0.2840625	7.00098334164	0.315625	198.4	54.4	138	22->21->27->28->25->20->31->9	7	0.000983341639142	7
6	0.1	5	0.182666666667	0.0217817456703	0.16	0.213333333333	0.646	1.17	2.27895471867	0.2925	7.00098334164	0.325	198.8	54.8	138	22->21->27->28->25->20->31->9	7	0.000983341639142	7
6	0.1125	5	0.195333333333	0.021550973167	0.166666666667	0.226666666667	0.65	1.18703125	2.2473025698	0.3009375	7.00098334164	0.334375	199.6	58.6	135	22->21->27->28->25->20->31->9	7	0.000983341639142	7
6	0.125	5	0.194666666667	0.0221860817231	0.16	0.216666666667	0.648666666667	1.203125	2.21565042093	0.309375	7.00098334164	0.34375	200.2	58.4	135.8	22->21->27->28->25->20->31->9	7	0.000983341639142	7
6	0.1375	5	0.214666666667	0.0394827669862	0.173333333333	0.26	0.656	1.21828125	2.18399827206	0.3178125	7.00098334164	0.353125	201.8	64.4	131.4	22->21->27->28->25->20->31->9	7	0.000983341639142	7
6	0.15	5	0.226	0.0367725743214	0.183333333333	0.273333333333	0.660666666667	1.2325	2.15234612319	0.32625	7.00098334164	0.3625	202.6	67.8	128.8	22->21->27->28->25->20->31->9	7	0.000983341639142	7
6	0.1625	5	0.205333333333	0.0199443670689	0.17	0.216666666667	0.652666666667	1.24578125	2.12069397432	0.3346875	7.00098334164	0.371875	201	61.6	133.4	22->21->27->28->25->20->31->9	7	0.000983341639142	7
6	0.175	5	0.232666666667	0.0190613046073	0.213333333333	0.263333333333	0.660666666667	1.258125	2.08904182545	0.343125	7.00098334164	0.38125	202.8	69.8	127	22->21->27->28->25->20->31->9	7	0.000983341639142	7
6	0.1875	5	0.226666666667	0.03	0.176666666667	0.253333333333	0.659333333333	1.26953125	2.05738967658	0.3515625	7.00098334164	0.390625	202.6	68	128.6	22->21->27->28->25->20->31->9	7	0.000983341639142	7
6	0.2	5	0.267333333333	0.0232617950965	0.24	0.296666666667	0.670666666667	1.28	2.02573752771	0.36	7.00098334164	0.4	206.2	80.2	120	22->21->27->28->25->20->31->9	7	0.000983341639142	7
6	0.2125	5	0.260666666667	0.025970068241	0.23	0.3	0.668	1.28953125	1.99408537883	0.3684375	7.00098334164	0.409375	205	78.2	120.8	22->21->27->28->25->20->31->9	7	0.000983341639142	7
6	0.225	5	0.233333333333	0.0108012344973	0.216666666667	0.246666666667	0.659333333333	1.298125	1.96243322996	0.376875	7.00098334164	0.41875	203.2	70	127.2	22->21->27->28->25->20->31->9	7	0.000983341639142	7
6	0.2375	5	0.262666666667	0.0337803361604	0.22	0.31	0.67	1.30578125	1.93078108109	0.3853125	7.00098334164	0.428125	205.6	78.8	120.8	22->21->27->28->25->20->31->9	7	0.000983341639142	7
6	0.25	5	0.281333333333	0.0295897880282	0.23	0.306666666667	0.674666666667	1.3125	1.89912893222	0.39375	7.00098334164	0.4375	207.2	84.4	116.8	22->21->27->28->25->20->31->9	7	0.000983341639142	7
6	0.2625	5	0.280666666667	0.025970068241	0.253333333333	0.31	0.674666666667	1.31828125	1.86747678335	0.4021875	7.00098334164	0.446875	206.8	84.2	116.6	22->21->27->28->25->20->31->9	7	0.000983341639142	7
6	0.275	5	0.281333333333	0.0251219249086	0.253333333333	0.32	0.674	1.323125	1.83582463448	0.410625	7.00098334164	0.45625	207	84.4	116.6	22->21->27->28->25->20->31->9	7	0.000983341639142	7
6	0.2875	5	0.284	0.0219089023002	0.253333333333	0.313333333333	0.674	1.32703125	1.80417248561	0.4190625	7.00098334164	0.465625	207.4	85.2	116.2	22->21->27->28->25->20->31->9	7	0.000983341639142	7
6	0.3	5	0.280666666667	0.0288097205818	0.236666666667	0.31	0.672666666667	1.33	1.77252033674	0.4275	7.00098334164	0.475	206.4	84.2	116.2	22->21->27->28->25->20->31->9	7	0.000983341639142	7
6	0.3125	5	0.29	0.00849836585599	0.276666666667	0.296666666667	0.675333333333	1.33203125	1.74086818787	0.4359375	7.00098334164	0.484375	207.8	87	114.8	22->21->27->28->25->20->31->9	7	0.000983341639142	7
6	0.325	5	0.315333333333	0.0309659311	0.27	0.356666666667	0.682	1.333125	1.709216039	0.444375	7.00098334164	0.49375	209.8	94.6	109.2	22->21->27->28->25->20->31->9	7	0.000983341639142	7
6	0.333333333333	5	0.302	0.0136626010213	0.29	0.316666666667	0.679333333333	1.33333333333	1.68811460642	0.45	7.00098334164	0.5	208.4	90.6	111.8	22->21->27->28->25->20->31->9	7	0.000983341639142	7
6	0.3375	5	0.296666666667	0.0258198889747	0.276666666667	0.34	0.678	1.33328125	1.67756389013	0.4528125	7.00098334164	0.503125	208	89	113	22->21->27->28->25->20->31->9	7	0.000983341639142	7
6	0.35	5	0.308	0.0237580395749	0.276666666667	0.333333333333	0.68	1.3325	1.64591174126	0.46125	7.00098334164	0.5125	209	92.4	110.6	22->21->27->28->25->20->31->9	7	0.000983341639142	7
6	0.3625	5	0.314	0.0118790197875	0.3	0.326666666667	0.681333333333	1.33078125	1.61425959239	0.4696875	7.00098334164	0.521875	209.6	94.2	109.4	22->21->27->28->25->20->31->9	7	0.000983341639142	7
6	0.375	5	0.324	0.0372230514004	0.28	0.376666666667	0.684666666667	1.328125	1.58260744352	0.478125	7.00098334164	0.53125	210.2	97.2	107	22->21->27->28->25->20->31->9	7	0.000983341639142	7
6	0.3875	5	0.342666666667	0.00683130051064	0.336666666667	0.353333333333	0.688	1.32453125	1.55095529465	0.4865625	7.00098334164	0.540625	211.6	102.8	102.8	22->21->27->28->25->20->31->9	7	0.000983341639142	7
6	0.4	5	0.339333333333	0.0268121034029	0.303333333333	0.373333333333	0.689333333333	1.32	1.51930314578	0.495	7.00098334164	0.55	211.8	101.8	104	22->21->27->28->25->20->31->9	7	0.000983341639142	7
6	0.4125	5	0.336	0.0382535401412	0.27	0.37	0.686666666667	1.31453125	1.48765099691	0.5034375	7.00098334164	0.559375	211	100.8	104.2	22->21->27->28->25->20->31->9	7	0.000983341639142	7
6	0.425	5	0.354	0.0297582854942	0.31	0.393333333333	0.689333333333	1.308125	1.45599884804	0.511875	7.0028406565	0.56875	212.2	106.2	100	22->21->27->28->25->20->31->9	7	0.000983341639142	7
6	0.4375	5	0.366	0.028323527715	0.32	0.393333333333	0.693333333333	1.30078125	1.42434669917	0.5203125	7.00098334164	0.578125	212.8	109.8	97.2	22->21->27->28->25->20->31->9	7	0.000983341639142	7
6	0.45	5	0.371333333333	0.0170945085399	0.343333333333	0.39	0.694	1.2925	1.3926945503	0.52875	7.00098334164	0.5875	213.4	111.4	96	22->21->27->28->25->20->31->9	7	0.000983341639142	7
6	0.4625	5	0.355333333333	0.0155634900399	0.34	0.38	0.689333333333	1.28328125	1.36104240143	0.5371875	7.00098334164	0.596875	211.6	106.6	99	22->21->27->28->25->20->31->9	7	0.000983341639142	7
6	0.475	5	0.384666666667	0.0380496751337	0.35	0.443333333333	0.698	1.273125	1.32939025256	0.545625	7.00098334164	0.60625	214.6	115.4	93.4	22->21->27->28->25->20->31->9	7	0.000983341639142	7
6	0.4875	5	0.396	0.0275277637628	0.363333333333	0.436666666667	0.7	1.26203125	1.29773810369	0.5540625	7.00098334164	0.615625	214.8	118.8	90	22->21->27->28->25->20->31->9	7	0.000983341639142	7
6	0.5	5	0.391333333333	0.0322834667008	0.353333333333	0.44	0.696666666667	1.25	1.26608595482	0.5625	7.00098334164	0.625	214.8	117.4	91.4	22->21->27->28->25->20->31->9	7	0.000983341639142	7
6	0.5125	5	0.410666666667	0.0352294069083	0.353333333333	0.436666666667	0.703333333333	1.23703125	1.23443380595	0.5709375	7.00098334164	0.634375	216.2	123.2	87	22->21->27->28->25->20->31->9	7	0.000983341639142	7
6	0.525	5	0.412666666667	0.0192064803879	0.393333333333	0.433333333333	0.702	1.223125	1.20278165707	0.579375	7.00098334164	0.64375	215.8	123.8	86	22->21->27->28->25->20->31->9	7	0.000983341639142	7
6	0.5375	5	0.387333333333	0.0217817456703	0.363333333333	0.416666666667	0.692666666667	1.20828125	1.1711295082	0.5878125	7.00098334164	0.653125	212.8	116.2	90.6	22->21->27->28->25->20->31->9	7	0.000983341639142	7
6	0.55	5	0.407333333333	0.0175435964893	0.386666666667	0.423333333333	0.698666666667	1.1925	1.13947735933	0.59625	7.00098334164	0.6625	214.4	122.2	86.2	22->21->27->28->25->20->31->9	7	0.000983341639142	7
6	0.5625	5	0.428666666667	0.00900617072407	0.42	0.443333333333	0.702	1.17578125	1.10782521046	0.6046875	7.00098334164	0.671875	215.8	128.6	81.2	22->21->27->28->25->20->31->9	7	0.000983341639142	7
6	0.575	5	0.443333333333	0.00781735959971	0.436666666667	0.456666666667	0.706666666667	1.158125	1.07617306159	0.613125	7.00098334164	0.68125	216.8	133	77.8	22->21->27->28->25->20->31->9	7	0.000983341639142	7
6	0.5875	5	0.432	0.018043158137	0.413333333333	0.46	0.696666666667	1.13953125	1.04452091272	0.6215625	7.00098334164	0.690625	214.8	129.6	79.2	22->21->27->28->25->20->31->9	7	0.000983341639142	7
6	0.6	5	0.440666666667	0.0217817456703	0.42	0.47	0.7	1.12	1.01286876385	0.63	7.00098334164	0.7	215.4	132.2	77.6	22->21->27->28->25->20->31->9	7	0.000983341639142	7
6	0.6125	5	0.435333333333	0.0236408309687	0.403333333333	0.463333333333	0.698666666667	1.09953125	0.981216614982	0.6384375	7.00098334164	0.709375	214.4	130.6	78	22->21->27->28->25->20->31->9	7	0.000983341639142	7
6	0.625	5	0.447333333333	0.036998498468	0.383333333333	0.476666666667	0.696666666667	1.078125	0.949564466112	0.646875	7.00098334164	0.71875	214	134.2	74	22->21->27->28->25->20->31->9	7	0.000983341639142	7
6	0.6375	5	0.446666666667	0.0452155332208	0.41	0.523333333333	0.692666666667	1.05578125	0.917912317241	0.6553125	7.00098334164	0.728125	212.6	134	73	22->21->27->28->25->20->31->9	7	0.000983341639142	7
6	0.65	5	0.473333333333	0.00849836585599	0.463333333333	0.483333333333	0.698666666667	1.0325	0.886260168371	0.66375	7.00098334164	0.7375	214.6	142	66.8	22->21->27->28->25->20->31->9	7	0.000983341639142	7
6	0.6625	5	0.444	0.0246531494495	0.42	0.473333333333	0.686	1.00828125	0.854608019501	0.6721875	7.00098334164	0.746875	210.8	133.2	71.8	22->21->27->28->25->20->31->9	7	0.000983341639142	7
6	0.675	5	0.471333333333	0.0302397824801	0.44	0.52	0.69	0.983125	0.82295587063	0.680625	7.00098334164	0.75625	212.2	141.4	65	22->21->27->28->25->20->31->9	7	0.000983341639142	7
6	0.6875	5	0.478666666667	0.0128235893744	0.463333333333	0.493333333333	0.682666666667	0.95703125	0.79130372176	0.6890625	7.00098334164	0.765625	209.6	143.6	60.8	22->21->27->28->25->20->31->9	7	0.000983341639142	7
6	0.7	5	0.472	0.0101653004547	0.46	0.486666666667	0.672666666667	0.93	0.759651572889	0.6975	7.00098334164	0.775	206.4	141.6	59.2	22->21->27->28->25->20->31->9	7	0.000983341639142	7
6	0.7125	5	0.477333333333	0.0307679486912	0.453333333333	0.526666666667	0.666	0.90203125	0.727999424019	0.7059375	7.00098334164	0.784375	204.6	143.2	56.2	22->21->27->28->25->20->31->9	7	0.000983341639142	7
6	0.725	5	0.484	0.0334497965448	0.433333333333	0.52	0.657333333333	0.873125	0.696347275149	0.714375	7.00098334164	0.79375	201.8	145.2	51.6	22->21->27->28->25->20->31->9	7	0.000983341639142	7
6	0.7375	5	0.467333333333	0.0151657508881	0.443333333333	0.48	0.634666666667	0.84328125	0.664695126278	0.7228125	7.00098334164	0.803125	194.8	140.2	49.4	22->21->27->28->25->20->31->9	7	0.000983341639142	7
6	0.75	5	0.446	0.0192064803879	0.423333333333	0.473333333333	0.611333333333	0.8125	0.633042977408	0.73125	7.00098334164	0.8125	187.6	133.8	49.6	22->21->27->28->25->20->31->9	7	0.000983341639142	7
6	0.7625	5	0.43	0.00527046276695	0.423333333333	0.436666666667	0.59	0.78078125	0.601390828537	0.7396875	7.00098334164	0.821875	181	129	47.4	22->21->27->28->25->20->31->9	7	0.000983341639142	7
6	0.775	5	0.416	0.00596284794	0.406666666667	0.423333333333	0.556666666667	0.748125	0.569738679667	0.748125	7.00098334164	0.83125	171	124.8	42.2	22->21->27->28->25->20->31->9	7	0.000983341639142	7
6	0.7875	5	0.398666666667	0.025342103745	0.363333333333	0.423333333333	0.526666666667	0.71453125	0.538086530797	0.7565625	7.00098334164	0.840625	162	119.6	38.4	22->21->27->28->25->20->31->9	7	0.000983341639142	7
6	0.8	5	0.384	0.00795822425754	0.37	0.39	0.496666666667	0.68	0.506434381926	0.765	7.00098334164	0.85	152	115.2	33.2	22->21->27->28->25->20->31->9	7	0.000983341639142	7
6	0.8125	5	0.349333333333	0.0123378370155	0.333333333333	0.363333333333	0.466666666667	0.64453125	0.474782233056	0.7734375	7.00098334164	0.859375	143	104.8	34.8	22->21->27->28->25->20->31->9	7	0.000983341639142	7
6	0.825	5	0.348	0.00691214711778	0.343333333333	0.36	0.433333333333	0.608125	0.443130084185	0.781875	7.00098334164	0.86875	133	104.4	25.6	22->21->27->28->25->20->31->9	7	0.000983341639142	7
6	0.8375	5	0.308666666667	0.0207632153365	0.283333333333	0.333333333333	0.403333333333	0.57078125	0.411477935315	0.7903125	7.00098334164	0.878125	124	92.6	28	22->21->27->28->25->20->31->9	7	0.000983341639142	7
6	0.85	5	0.298	0.0153839743456	0.28	0.313333333333	0.373333333333	0.5325	0.379825786445	0.79875	7.00098334164	0.8875	114	89.4	22.4	22->21->27->28->25->20->31->9	7	0.000983341639142	7
6	0.8625	5	0.275333333333	0.0116904519445	0.263333333333	0.293333333333	0.343333333333	0.49328125	0.348173637574	0.8071875	7.00098334164	0.896875	105	82.6	20	22->21->27->28->25->20->31->9	7	0.000983341639142	7
6	0.875	5	0.253333333333	0.0105409255339	0.236666666667	0.263333333333	0.31	0.453125	0.316521488704	0.815625	7.00098334164	0.90625	95	76	17	22->21->27->28->25->20->31->9	7	0.000983341639142	7
6	0.8875	5	0.236	0.0043461349368	0.233333333333	0.243333333333	0.28	0.41203125	0.284869339834	0.8240625	7.00098334164	0.915625	86	70.8	13	22->21->27->28->25->20->31->9	7	0.000983341639142	7
6	0.9	5	0.202666666667	0.0144144988736	0.183333333333	0.22	0.25	0.37	0.253217190963	0.8325	7.00098334164	0.925	76	60.8	14	22->21->27->28->25->20->31->9	7	0.000983341639142	7
6	0.9125	5	0.192	0.0146439217577	0.166666666667	0.203333333333	0.216666666667	0.32703125	0.221565042093	0.8409375	7.00098334164	0.934375	67	57.6	7.4	22->21->27->28->25->20->31->9	7	0.000983341639142	7
6	0.925	5	0.162666666667	0.00641179468722	0.153333333333	0.17	0.186666666667	0.283125	0.189912893222	0.849375	7.00098334164	0.94375	57	48.8	7.2	22->21->27->28->25->20->31->9	7	0.000983341639142	7
6	0.9375	5	0.125333333333	0.0106978710239	0.11	0.14	0.156666666667	0.23828125	0.158260744352	0.8578125	7.00098334164	0.953125	48	37.6	9	22->21->27->28->25->20->31->9	7	0.000983341639142	7
6	0.95	5	0.115333333333	0.00691214711778	0.103333333333	0.12	0.126666666667	0.1925	0.126608595482	0.86625	7.00098334164	0.9625	38	34.6	3.2	22->21->27->28->25->20->31->9	7	0.000983341639142	7
6	0.9625	5	0.0806666666667	0.00641179468722	0.0733333333333	0.09	0.0933333333333	0.14578125	0.0949564466112	0.8746875	7.00098334164	0.971875	29	24.2	3.8	22->21->27->28->25->20->31->9	7	0.000983341639142	7
6	0.975	5	0.0553333333333	0.00298142397	0.05	0.0566666666667	0.0633333333333	0.098125	0.0633042977408	0.883125	7.00098334164	0.98125	19	16.6	2.4	22->21->27->28->25->20->31->9	7	0.000983341639142	7
6	0.9875	5	0.0286666666667	0.00380058475033	0.0233333333333	0.0333333333333	0.0333333333333	0.04953125	0.0316521488704	0.8915625	7.00098334164	0.990625	10	8.6	1.4	22->21->27->28->25->20->31->9	7	0.000983341639142	7
8	0.0125	5	0.201333333333	0.0126051136008	0.183333333333	0.213333333333	0.850666666667	1.02453125	2.50051976076	0.2334375	7.00098334164	0.259375	260.6	60.4	192.2	22->21->27->28->25->20->31->9	7	0.000983341639142	7
8	0.025	5	0.205333333333	0.0112051575426	0.19	0.22	0.849333333333	1.048125	2.46886761189	0.241875	7.00098334164	0.26875	260.8	61.6	191.2	22->21->27->28->25->20->31->9	7	0.000983341639142	7
8	0.0375	5	0.215333333333	0.0172562388074	0.2	0.24	0.854	1.07078125	2.43721546302	0.2503125	7.00098334164	0.278125	262.6	64.6	190	22->21->27->28->25->20->31->9	7	0.000983341639142	7
8	0.05	5	0.238666666666	0.020628997929	0.213333333333	0.263333333333	0.859333333333	1.0925	2.40556331415	0.25875	7.0034057138	0.2875	263.6	71.6	184	22->21->27->28->25->20->31->9	7	0.000983341639142	7
8	0.0625	5	0.224666666667	0.0116904519445	0.213333333333	0.236666666667	0.854666666667	1.11328125	2.37391116528	0.2671875	7.00098334164	0.296875	262.4	67.4	187.2	22->21->27->28->25->20->31->9	7	0.000983341639142	7
8	0.075	5	0.246666666667	0.02	0.23	0.27	0.862666666667	1.133125	2.34225901641	0.275625	7.00098334164	0.30625	264.2	74	182.2	22->21->27->28->25->20->31->9	7	0.000983341639142	7
8	0.0875	5	0.248666666667	0.0229249984854	0.223333333333	0.276666666667	0.862	1.15203125	2.31060686754	0.2840625	7.00098334164	0.315625	264.2	74.6	181.8	22->21->27->28->25->20->31->9	7	0.000983341639142	7
8	0.1	5	0.24	0.0137436854186	0.216666666667	0.25	0.859333333333	1.17	2.27895471867	0.2925	7.00098334164	0.325	263.8	72	183.8	22->21->27->28->25->20->31->9	7	0.000983341639142	7
8	0.1125	5	0.25	0.0266666666667	0.226666666667	0.293333333333	0.861333333333	1.18703125	2.2473025698	0.3009375	7.00098334164	0.334375	264.4	75	181.4	22->21->27->28->25->20->31->9	7	0.000983341639142	7
8	0.125	5	0.264	0.00596284794	0.26	0.273333333333	0.864666666667	1.203125	2.21565042093	0.309375	7.00098334164	0.34375	265.8	79.2	178.6	22->21->27->28->25->20->31->9	7	0.000983341639142	7
8	0.1375	5	0.264	0.0393982515122	0.236666666667	0.333333333333	0.865333333333	1.21828125	2.18399827206	0.3178125	7.00098334164	0.353125	265.8	79.2	178.6	22->21->27->28->25->20->31->9	7	0.000983341639142	7
8	0.15	5	0.273333333333	0.0122474487142	0.253333333333	0.286666666667	0.868	1.2325	2.15234612319	0.32625	7.00098334164	0.3625	266.8	82	176.8	22->21->27->28->25->20->31->9	7	0.000983341639142	7
8	0.1625	5	0.289333333333	0.0206020495205	0.27	0.313333333333	0.872	1.24578125	2.12069397432	0.3346875	7.00098334164	0.371875	268.4	86.8	173.8	22->21->27->28->25->20->31->9	7	0.000983341639142	7
8	0.175	5	0.286666666667	0.0188561808316	0.266666666667	0.306666666667	0.872	1.258125	2.08904182545	0.343125	7.00098334164	0.38125	268	86	174	22->21->27->28->25->20->31->9	7	0.000983341639142	7
8	0.1875	5	0.318	0.0203579086461	0.29	0.346666666667	0.88	1.26953125	2.05738967658	0.3515625	7.00098334164	0.390625	270.2	95.4	166.8	22->21->27->28->25->20->31->9	7	0.000983341639142	7
8	0.2	5	0.32	0.0242670329645	0.283333333333	0.346666666667	0.878666666667	1.28	2.02573752771	0.36	7.00098334164	0.4	270	96	166.2	22->21->27->28->25->20->31->9	7	0.000983341639142	7
8	0.2125	5	0.306	0.0144144988736	0.286666666667	0.323333333333	0.876	1.28953125	1.99408537883	0.3684375	7.00206179979	0.409375	269	91.8	169.6	22->21->27->28->25->20->31->9	7	0.000983341639142	7
8	0.225	5	0.328	0.027345525736	0.293333333333	0.356666666667	0.880666666667	1.298125	1.96243322996	0.376875	7.00098334164	0.41875	271	98.4	164.6	22->21->27->28->25->20->31->9	7	0.000983341639142	7
8	0.2375	5	0.360666666667	0.0365452535298	0.306666666667	0.403333333333	0.890666666667	1.30578125	1.93078108109	0.3853125	7.00098334164	0.428125	273.4	108.2	157.2	22->21->27->28->25->20->31->9	7	0.000983341639142	7
8	0.25	5	0.334666666667	0.0344480284872	0.276666666667	0.363333333333	0.884	1.3125	1.89912893222	0.39375	7.00098334164	0.4375	271	100.4	163	22->21->27->28->25->20->31->9	7	0.000983341639142	7
8	0.2625	5	0.356666666667	0.0190029237517	0.326666666667	0.373333333333	0.888	1.31828125	1.86747678335	0.4021875	7.00098334164	0.446875	272.6	107	157.6	22->21->27->28->25->20->31->9	7	0.000983341639142	7
8	0.275	5	0.38	0.0320589734361	0.33	0.406666666667	0.893333333333	1.323125	1.83582463448	0.410625	7.00098334164	0.45625	274.4	114	152.6	22->21->27->28->25->20->31->9	7	0.000983341639142	7
8	0.2875	5	0.383333333333	0.0213437474581	0.356666666667	0.406666666667	0.891333333333	1.32703125	1.80417248561	0.4190625	7.00098334164	0.465625	274.6	115	151.8	22->21->27->28->25->20->31->9	7	0.000983341639142	7
8	0.3	5	0.377333333333	0.0106458129485	0.363333333333	0.39	0.890666666667	1.33	1.77252033674	0.4275	7.00098334164	0.475	274.2	113.2	153	22->21->27->28->25->20->31->9	7	0.000983341639142	7
8	0.3125	5	0.410666666667	0.031037611592	0.366666666667	0.44	0.899333333333	1.33203125	1.74086818787	0.4359375	7.00185368411	0.484375	276.4	123.2	145.2	22->21->27->28->25->20->31->9	7	0.000983341639142	7
8	0.325	5	0.391333333333	0.0210290803941	0.37	0.42	0.894666666667	1.333125	1.709216039	0.444375	7.00200976892	0.49375	275.2	117.4	149.8	22->21->27->28->25->20->31->9	7	0.000983341639142	7
8	0.333333333333	5	0.4	0.0374907395973	0.34	0.433333333333	0.896	1.33333333333	1.68811460642	0.45	7.00190175535	0.5	275.2	120	147.4	22->21->27->28->25->20->31->9	7	0.000983341639142	7
8	0.3375	5	0.408666666667	0.024106246309	0.386666666667	0.443333333333	0.896666666667	1.33328125	1.67756389013	0.4528125	7.00098334164	0.503125	275.6	122.6	145.2	22->21->27->28->25->20->31->9	7	0.000983341639142	7
8	0.35	5	0.41	0.0414326763155	0.346666666667	0.446666666667	0.899333333333	1.3325	1.64591174126	0.46125	7.00098334164	0.5125	275.6	123	144.8	22->21->27->28->25->20->31->9	7	0.000983341639142	7
8	0.3625	5	0.412666666667	0.0136218778278	0.396666666667	0.433333333333	0.898	1.33078125	1.61425959239	0.4696875	7.00098334164	0.521875	275.4	123.8	143.8	22->21->27->28->25->20->31->9	7	0.000983341639142	7
8	0.375	5	0.447333333333	0.0398887341377	0.4	0.496666666667	0.908	1.328125	1.58260744352	0.478125	7.00301701564	0.53125	279	134.2	136.8	22->21->27->28->25->20->31->9	7	0.000983341639142	7
8	0.3875	5	0.435333333333	0.021550973167	0.42	0.473333333333	0.903333333333	1.32453125	1.55095529465	0.4865625	7.00098334164	0.540625	277.2	130.6	138.6	22->21->27->28->25->20->31->9	7	0.000983341639142	7
8	0.4	5	0.446	0.0147948940143	0.43	0.466666666667	0.904	1.32	1.51930314578	0.495	7.00098334164	0.55	277.6	133.8	135.8	22->21->27->28->25->20->31->9	7	0.000983341639142	7
8	0.4125	5	0.445333333333	0.0332999833166	0.396666666667	0.476666666667	0.902	1.31453125	1.48765099691	0.5034375	7.00098334164	0.559375	277	133.6	135.6	22->21->27->28->25->20->31->9	7	0.000983341639142	7
8	0.425	5	0.451333333333	0.0214216920174	0.423333333333	0.483333333333	0.904	1.308125	1.45599884804	0.511875	7.00098334164	0.56875	277.8	135.4	134.4	22->21->27->28->25->20->31->9	7	0.000983341639142	7
8	0.4375	5	0.460666666667	0.0245402164257	0.436666666667	0.5	0.906666666667	1.30078125	1.42434669917	0.5203125	7.00273872642	0.578125	278.8	138.2	132.8	22->21->27->28->25->20->31->9	7	0.000983341639142	7
8	0.45	5	0.5	0.0285773803326	0.46	0.536666666667	0.912666666667	1.2925	1.3926945503	0.52875	7.00098334164	0.5875	280	150	122	22->21->27->28->25->20->31->9	7	0.000983341639142	7
8	0.4625	5	0.494	0.0362399411331	0.46	0.533333333333	0.908666666667	1.28328125	1.36104240143	0.5371875	7.00098334164	0.596875	278.4	148.2	123	22->21->27->28->25->20->31->9	7	0.000983341639142	7
8	0.475	5	0.488666666667	0.0499221616341	0.41	0.54	0.908666666667	1.273125	1.32939025256	0.545625	7.00098334164	0.60625	278.8	146.6	124.2	22->21->27->28->25->20->31->9	7	0.000983341639142	7
8	0.4875	5	0.495333333333	0.0200831604419	0.463333333333	0.516666666667	0.905333333333	1.26203125	1.29773810369	0.5540625	7.00098334164	0.615625	278.2	148.6	122	22->21->27->28->25->20->31->9	7	0.000983341639142	7
8	0.5	5	0.494666666667	0.0221860817229	0.466666666667	0.523333333333	0.900666666667	1.25	1.26608595482	0.5625	7.00098334164	0.625	277	148.4	121	22->21->27->28->25->20->31->9	7	0.000983341639142	7
8	0.5125	5	0.531333333333	0.0348488801032	0.476666666667	0.573333333333	0.911333333333	1.23703125	1.23443380595	0.5709375	7.00098334164	0.634375	280.2	159.4	113.2	22->21->27->28->25->20->31->9	7	0.000983341639142	7
8	0.525	5	0.541333333333	0.0445096743541	0.496666666667	0.613333333333	0.913333333333	1.223125	1.20278165707	0.579375	7.00098334164	0.64375	280.8	162.4	111	22->21->27->28->25->20->31->9	7	0.000983341639142	7
8	0.5375	5	0.536	0.0297582854942	0.5	0.566666666667	0.908	1.20828125	1.1711295082	0.5878125	7.00098334164	0.653125	279.2	160.8	110.8	22->21->27->28->25->20->31->9	7	0.000983341639142	7
8	0.55	5	0.536666666667	0.028674417557	0.493333333333	0.57	0.904	1.1925	1.13947735933	0.59625	7.00098334164	0.6625	277.8	161	109	22->21->27->28->25->20->31->9	7	0.000983341639142	7
8	0.5625	5	0.542	0.0542934413882	0.47	0.596666666667	0.903333333333	1.17578125	1.10782521046	0.6046875	7.00098334164	0.671875	277.2	162.6	107.4	22->21->27->28->25->20->31->9	7	0.000983341639142	7
8	0.575	5	0.576	0.0457286683724	0.503333333333	0.616666666667	0.904666666667	1.158125	1.07617306159	0.613125	7.00098334164	0.68125	277.8	172.8	97.4	22->21->27->28->25->20->31->9	7	0.000983341639142	7
8	0.5875	5	0.560666666667	0.0360092580688	0.51	0.606666666667	0.894	1.13953125	1.04452091272	0.6215625	7.00098334164	0.690625	275	168.2	99	22->21->27->28->25->20->31->9	7	0.000983341639142	7
8	0.6	5	0.56	0.0474341649025	0.5	0.61	0.89	1.12	1.01286876385	0.63	7.00098334164	0.7	273.4	168	98	22->21->27->28->25->20->31->9	7	0.000983341639142	7
8	0.6125	5	0.567333333333	0.041257995858	0.52	0.63	0.886666666667	1.09953125	0.981216614982	0.6384375	7.00098334164	0.709375	272.6	170.2	95	22->21->27->28->25->20->31->9	7	0.000983341639142	7
8	0.625	5	0.561333333333	0.0211607603308	0.526666666667	0.583333333333	0.874	1.078125	0.949564466112	0.646875	7.00098334164	0.71875	268	168.4	92.2	22->21->27->28->25->20->31->9	7	0.000983341639142	7
8	0.6375	5	0.554666666667	0.0403181789712	0.5	0.596666666667	0.855333333333	1.05578125	0.917912317241	0.6553125	7.00098334164	0.728125	263.2	166.4	89.8	22->21->27->28->25->20->31->9	7	0.000983341639142	7
8	0.65	5	0.536	0.0224103150852	0.503333333333	0.563333333333	0.840666666667	1.0325	0.886260168371	0.66375	7.00098334164	0.7375	258.6	160.8	90.6	22->21->27->28->25->20->31->9	7	0.000983341639142	7
8	0.6625	5	0.572	0.00649786289654	0.566666666667	0.583333333333	0.826666666667	1.00828125	0.854608019501	0.6721875	7.00098334164	0.746875	254	171.6	75.8	22->21->27->28->25->20->31->9	7	0.000983341639142	7
8	0.675	5	0.552	0.0214216920174	0.526666666667	0.576666666667	0.802	0.983125	0.82295587063	0.680625	7.00098334164	0.75625	246.4	165.6	74.4	22->21->27->28->25->20->31->9	7	0.000983341639142	7
8	0.6875	5	0.533333333333	0.0159861050777	0.506666666667	0.543333333333	0.773333333333	0.95703125	0.79130372176	0.6890625	7.00098334164	0.765625	238	160	71.2	22->21->27->28->25->20->31->9	7	0.000983341639142	7
8	0.7	5	0.526666666667	0.00971825315796	0.516666666667	0.54	0.743333333333	0.93	0.759651572889	0.6975	7.00098334164	0.775	228	158	64.4	22->21->27->28->25->20->31->9	7	0.000983341639142	7
8	0.7125	5	0.522666666667	0.022779132751	0.503333333333	0.553333333333	0.713333333333	0.90203125	0.727999424019	0.7059375	7.00098334164	0.784375	219	156.8	57.2	22->21->27->28->25->20->31->9	7	0.000983341639142	7
8	0.725	5	0.486	0.0231420732769	0.46	0.52	0.683333333333	0.873125	0.696347275149	0.714375	7.00098334164	0.79375	209	145.8	59	22->21->27->28->25->20->31->9	7	0.000983341639142	7
8	0.7375	5	0.476	0.0196355686334	0.453333333333	0.503333333333	0.65	0.84328125	0.664695126278	0.7228125	7.00098334164	0.803125	200	142.8	51.6	22->21->27->28->25->20->31->9	7	0.000983341639142	7
8	0.75	5	0.452	0.0138644228955	0.443333333333	0.476666666667	0.62	0.8125	0.633042977408	0.73125	7.00098334164	0.8125	190	135.6	49.6	22->21->27->28->25->20->31->9	7	0.000983341639142	7
8	0.7625	5	0.445333333333	0.0138644228954	0.423333333333	0.46	0.59	0.78078125	0.601390828537	0.7396875	7.00098334164	0.821875	181	133.6	43	22->21->27->28->25->20->31->9	7	0.000983341639142	7
8	0.775	5	0.406	0.0206020495205	0.386666666667	0.43	0.556666666667	0.748125	0.569738679667	0.748125	7.00098334164	0.83125	171	121.8	44.8	22->21->27->28->25->20->31->9	7	0.000983341639142	7
8	0.7875	5	0.408666666667	0.00767390962215	0.4	0.42	0.526666666667	0.71453125	0.538086530797	0.7565625	7.00098334164	0.840625	162	122.6	35.4	22->21->27->28->25->20->31->9	7	0.000983341639142	7
8	0.8	5	0.379333333333	0.0232617950964	0.35	0.413333333333	0.496666666667	0.68	0.506434381926	0.765	7.00098334164	0.85	152	113.8	34.2	22->21->27->28->25->20->31->9	7	0.000983341639142	7
8	0.8125	5	0.368	0.0225585657543	0.346666666667	0.403333333333	0.466666666667	0.64453125	0.474782233056	0.7734375	7.00098334164	0.859375	143	110.4	29.4	22->21->27->28->25->20->31->9	7	0.000983341639142	7
8	0.825	5	0.324	0.013416407865	0.31	0.34	0.433333333333	0.608125	0.443130084185	0.781875	7.00098334164	0.86875	133	97.2	32.6	22->21->27->28->25->20->31->9	7	0.000983341639142	7
8	0.8375	5	0.327333333333	0.0168983891408	0.31	0.353333333333	0.403333333333	0.57078125	0.411477935315	0.7903125	7.00098334164	0.878125	124	98.2	22.4	22->21->27->28->25->20->31->9	7	0.000983341639142	7
8	0.85	5	0.292	0.0150185071012	0.276666666667	0.313333333333	0.373333333333	0.5325	0.379825786445	0.79875	7.00098334164	0.8875	114	87.6	24.2	22->21->27->28->25->20->31->9	7	0.000983341639142	7
8	0.8625	5	0.268	0.0138644228954	0.25	0.286666666667	0.343333333333	0.49328125	0.348173637574	0.8071875	7.00098334164	0.896875	105	80.4	22.4	22->21->27->28->25->20->31->9	7	0.000983341639142	7
8	0.875	5	0.248	0.0086922698736	0.24	0.26	0.31	0.453125	0.316521488704	0.815625	7.00098334164	0.90625	95	74.4	18.6	22->21->27->28->25->20->31->9	7	0.000983341639142	7
8	0.8875	5	0.226666666667	0.0135400640077	0.203333333333	0.236666666667	0.28	0.41203125	0.284869339834	0.8240625	7.00098334164	0.915625	86	68	15.8	22->21->27->28->25->20->31->9	7	0.000983341639142	7
8	0.9	5	0.196666666667	0.00527046276689	0.19	0.203333333333	0.25	0.37	0.253217190963	0.8325	7.00098334164	0.925	76	59	16	22->21->27->28->25->20->31->9	7	0.000983341639142	7
8	0.9125	5	0.183333333333	0.0110554159679	0.166666666667	0.193333333333	0.216666666667	0.32703125	0.221565042093	0.8409375	7.00098334164	0.934375	67	55	10	22->21->27->28->25->20->31->9	7	0.000983341639142	7
8	0.925	5	0.162666666667	0.00722649446289	0.153333333333	0.173333333333	0.186666666667	0.283125	0.189912893222	0.849375	7.00098334164	0.94375	57	48.8	7.2	22->21->27->28->25->20->31->9	7	0.000983341639142	7
8	0.9375	5	0.136	0.00547722557505	0.13	0.143333333333	0.156666666667	0.23828125	0.158260744352	0.8578125	7.00098334164	0.953125	48	40.8	6.2	22->21->27->28->25->20->31->9	7	0.000983341639142	7
8	0.95	5	0.108666666667	0.00767390962215	0.0966666666667	0.116666666667	0.126666666667	0.1925	0.126608595482	0.86625	7.00098334164	0.9625	38	32.6	5.2	22->21->27->28->25->20->31->9	7	0.000983341639142	7
8	0.9625	5	0.086	0.00278886675511	0.0833333333333	0.09	0.0933333333333	0.14578125	0.0949564466112	0.8746875	7.00098334164	0.971875	29	25.8	2.2	22->21->27->28->25->20->31->9	7	0.000983341639142	7
8	0.975	5	0.0586666666667	0.00691214711778	0.0466666666667	0.0633333333333	0.0633333333333	0.098125	0.0633042977408	0.883125	7.00098334164	0.98125	19	17.6	1.4	22->21->27->28->25->20->31->9	7	0.000983341639142	7
8	0.9875	5	0.0313333333333	0.00182574185835	0.03	0.0333333333333	0.0333333333333	0.04953125	0.0316521488704	0.8915625	7.00098334164	0.990625	10	9.4	0.6	22->21->27->28->25->20->31->9	7	0.000983341639142	7
10	0.0125	5	0.246666666667	0.0221108319357	0.23	0.283333333333	1.05733333333	1.02453125	2.50051976076	0.2334375	7.00388024709	0.259375	324.6	74	240.6	22->21->27->28->25->20->31->9	7	0.000983341639142	7
10	0.025	5	0.258	0.0153839743456	0.24	0.276666666667	1.06066666667	1.048125	2.46886761189	0.241875	7.00098334164	0.26875	325.4	77.4	238	22->21->27->28->25->20->31->9	7	0.000983341639142	7
10	0.0375	5	0.245333333333	0.0547519659718	0.196666666667	0.316666666667	1.05533333333	1.07078125	2.43721546302	0.2503125	7.00098334164	0.278125	324.2	73.6	240.6	22->21->27->28->25->20->31->9	7	0.000983341639142	7
10	0.05	5	0.268666666667	0.018043158137	0.243333333333	0.29	1.06333333333	1.0925	2.40556331415	0.25875	7.00098334164	0.2875	325.6	80.6	235	22->21->27->28->25->20->31->9	7	0.000983341639142	7
10	0.0625	5	0.298	0.0234046529087	0.263333333333	0.323333333333	1.068	1.11328125	2.37391116528	0.2671875	7.00279515134	0.296875	329	89.4	229.6	22->21->27->28->25->20->31->9	7	0.000983341639142	7
10	0.075	5	0.290666666667	0.0106458129484	0.276666666667	0.303333333333	1.07	1.133125	2.34225901641	0.275625	7.00098334164	0.30625	327.8	87.2	231	22->21->27->28->25->20->31->9	7	0.000983341639142	7
10	0.0875	5	0.292	0.0348488801032	0.253333333333	0.343333333333	1.068	1.15203125	2.31060686754	0.2840625	7.00098334164	0.315625	328	87.6	230.4	22->21->27->28->25->20->31->9	7	0.000983341639142	7
10	0.1	5	0.307333333333	0.0168983891408	0.283333333333	0.326666666667	1.072	1.17	2.27895471867	0.2925	7.00098334164	0.325	328.2	92.2	226	22->21->27->28->25->20->31->9	7	0.000983341639142	7
10	0.1125	5	0.305333333333	0.0309659311	0.256666666667	0.34	1.068	1.18703125	2.2473025698	0.3009375	7.00098334164	0.334375	328.4	91.6	226.8	22->21->27->28->25->20->31->9	7	0.000983341639142	7
10	0.125	5	0.309333333333	0.0109036181559	0.293333333333	0.323333333333	1.07266666667	1.203125	2.21565042093	0.309375	7.00098334164	0.34375	329.8	92.8	227.2	22->21->27->28->25->20->31->9	7	0.000983341639142	7
10	0.1375	5	0.344666666667	0.0301477841456	0.306666666667	0.39	1.078	1.21828125	2.18399827206	0.3178125	7.00098334164	0.353125	331.2	103.4	217.8	22->21->27->28->25->20->31->9	7	0.000983341639142	7
10	0.15	5	0.332666666667	0.0299443929086	0.286666666667	0.37	1.07666666667	1.2325	2.15234612319	0.32625	7.00098334164	0.3625	331.2	99.8	221.4	22->21->27->28->25->20->31->9	7	0.000983341639142	7
10	0.1625	5	0.375333333333	0.0389158636605	0.33	0.413333333333	1.08866666667	1.24578125	2.12069397432	0.3346875	7.00098334164	0.371875	334.2	112.6	211.8	22->21->27->28->25->20->31->9	7	0.000983341639142	7
10	0.175	5	0.351333333333	0.0226813677816	0.326666666667	0.38	1.078	1.258125	2.08904182545	0.343125	7.00098334164	0.38125	331.6	105.4	216.2	22->21->27->28->25->20->31->9	7	0.000983341639142	7
10	0.1875	5	0.403333333333	0.0500555247256	0.336666666667	0.45	1.09266666667	1.26953125	2.05738967658	0.3515625	7.00098334164	0.390625	335	121	204	22->21->27->28->25->20->31->9	7	0.000983341639142	7
10	0.2	5	0.398	0.0442593367425	0.333333333333	0.453333333333	1.092	1.28	2.02573752771	0.36	7.00098334164	0.4	335.2	119.4	206.2	22->21->27->28->25->20->31->9	7	0.000983341639142	7
10	0.2125	5	0.414666666667	0.0203579086461	0.386666666667	0.443333333333	1.09666666667	1.28953125	1.99408537883	0.3684375	7.00398492145	0.409375	336.4	124.4	202.4	22->21->27->28->25->20->31->9	7	0.000983341639142	7
10	0.225	5	0.404	0.00954521404218	0.393333333333	0.416666666667	1.09333333333	1.298125	1.96243322996	0.376875	7.00098334164	0.41875	336	121.2	205	22->21->27->28->25->20->31->9	7	0.000983341639142	7
10	0.2375	5	0.411333333333	0.0281464424434	0.366666666667	0.443333333333	1.09333333333	1.30578125	1.93078108109	0.3853125	7.00098334164	0.428125	335.8	123.4	202.8	22->21->27->28->25->20->31->9	7	0.000983341639142	7
10	0.25	5	0.42	0.021730674684	0.386666666667	0.44	1.09533333333	1.3125	1.89912893222	0.39375	7.00098334164	0.4375	336.4	126	200.6	22->21->27->28->25->20->31->9	7	0.000983341639142	7
10	0.2625	5	0.45	0.0317104959841	0.406666666667	0.49	1.102	1.31828125	1.86747678335	0.4021875	7.00098334164	0.446875	338.4	135	193.8	22->21->27->28->25->20->31->9	7	0.000983341639142	7
10	0.275	5	0.442	0.00505525029603	0.436666666667	0.45	1.098	1.323125	1.83582463448	0.410625	7.00098334164	0.45625	337.8	132.6	195.4	22->21->27->28->25->20->31->9	7	0.000983341639142	7
10	0.2875	5	0.454	0.0421241551185	0.396666666667	0.496666666667	1.10066666667	1.32703125	1.80417248561	0.4190625	7.00098334164	0.465625	338.2	136.2	192	22->21->27->28->25->20->31->9	7	0.000983341639142	7
10	0.3	5	0.491333333333	0.0404557371292	0.43	0.54	1.10866666667	1.33	1.77252033674	0.4275	7.00098334164	0.475	340.4	147.4	183.2	22->21->27->28->25->20->31->9	7	0.000983341639142	7
10	0.3125	5	0.51	0.0342377309736	0.47	0.55	1.11666666667	1.33203125	1.74086818787	0.4359375	7.00275197942	0.484375	343	153	180.4	22->21->27->28->25->20->31->9	7	0.000983341639142	7
10	0.325	5	0.49	0.0404145188433	0.453333333333	0.543333333333	1.10866666667	1.333125	1.709216039	0.444375	7.00170121102	0.49375	339.8	147	183	22->21->27->28->25->20->31->9	7	0.000983341639142	7
10	0.333333333333	5	0.515333333333	0.0435634913405	0.463333333333	0.576666666667	1.11133333333	1.33333333333	1.68811460642	0.45	7.00098334164	0.5	341.8	154.6	177.2	22->21->27->28->25->20->31->9	7	0.000983341639142	7
10	0.3375	5	0.506666666667	0.0396512575112	0.473333333333	0.563333333333	1.11	1.33328125	1.67756389013	0.4528125	7.00098334164	0.503125	340.6	152	179	22->21->27->28->25->20->31->9	7	0.000983341639142	7
10	0.35	5	0.515333333333	0.0431148337453	0.443333333333	0.55	1.10933333333	1.3325	1.64591174126	0.46125	7.00098334164	0.5125	340	154.6	175.8	22->21->27->28->25->20->31->9	7	0.000983341639142	7
10	0.3625	5	0.511333333333	0.0432434966209	0.453333333333	0.57	1.10733333333	1.33078125	1.61425959239	0.4696875	7.00098334164	0.521875	340	153.4	177.2	22->21->27->28->25->20->31->9	7	0.000983341639142	7
10	0.375	5	0.541333333333	0.0461037477387	0.5	0.61	1.11466666667	1.328125	1.58260744352	0.478125	7.00242570865	0.53125	342	162.4	169.8	22->21->27->28->25->20->31->9	7	0.000983341639142	7
10	0.3875	5	0.517333333333	0.0382535401412	0.48	0.58	1.104	1.32453125	1.55095529465	0.4865625	7.00098334164	0.540625	339.4	155.2	174.6	22->21->27->28->25->20->31->9	7	0.000983341639142	7
10	0.4	5	0.552666666667	0.0330319710449	0.513333333333	0.593333333333	1.112	1.32	1.51930314578	0.495	7.00098334164	0.55	341.4	165.8	165.6	22->21->27->28->25->20->31->9	7	0.000983341639142	7
10	0.4125	5	0.555333333333	0.0396232255123	0.49	0.593333333333	1.10733333333	1.31453125	1.48765099691	0.5034375	7.00098334164	0.559375	339.2	166.6	163.6	22->21->27->28->25->20->31->9	7	0.000983341639142	7
10	0.425	5	0.576666666667	0.025495097568	0.553333333333	0.616666666667	1.11333333333	1.308125	1.45599884804	0.511875	7.00098334164	0.56875	342.4	173	159.8	22->21->27->28->25->20->31->9	7	0.000983341639142	7
10	0.4375	5	0.574666666667	0.0324550971857	0.526666666667	0.613333333333	1.10733333333	1.30078125	1.42434669917	0.5203125	7.00098334164	0.578125	340.6	172.4	158.6	22->21->27->28->25->20->31->9	7	0.000983341639142	7
10	0.45	5	0.59	0.0428822677676	0.55	0.65	1.10933333333	1.2925	1.3926945503	0.52875	7.00098334164	0.5875	340.8	177	154.2	22->21->27->28->25->20->31->9	7	0.000983341639142	7
10	0.4625	5	0.614	0.0306775343062	0.59	0.666666666667	1.11133333333	1.28328125	1.36104240143	0.5371875	7.00178196226	0.596875	342.4	184.2	148.2	22->21->27->28->25->20->31->9	7	0.000983341639142	7
10	0.475	5	0.594666666667	0.0521003305598	0.536666666667	0.66	1.10266666667	1.273125	1.32939025256	0.545625	7.00098334164	0.60625	338.4	178.4	150	22->21->27->28->25->20->31->9	7	0.000983341639142	7
10	0.4875	5	0.599333333333	0.0243127767051	0.56	0.626666666667	1.09866666667	1.26203125	1.29773810369	0.5540625	7.00098334164	0.615625	337.4	179.8	147.8	22->21->27->28->25->20->31->9	7	0.000983341639142	7
10	0.5	5	0.616	0.0337803361604	0.59	0.673333333333	1.09466666667	1.25	1.26608595482	0.5625	7.00098334164	0.625	336.4	184.8	142.2	22->21->27->28->25->20->31->9	7	0.000983341639142	7
10	0.5125	5	0.635333333333	0.0425962961353	0.57	0.676666666667	1.094	1.23703125	1.23443380595	0.5709375	7.00098334164	0.634375	336	190.6	136.8	22->21->27->28->25->20->31->9	7	0.000983341639142	7
10	0.525	5	0.640666666667	0.0350713558335	0.603333333333	0.676666666667	1.088	1.223125	1.20278165707	0.579375	7.00098334164	0.64375	334	192.2	132.6	22->21->27->28->25->20->31->9	7	0.000983341639142	7
10	0.5375	5	0.648	0.030605010483	0.606666666667	0.69	1.08266666667	1.20828125	1.1711295082	0.5878125	7.00098334164	0.653125	332.6	194.4	129.4	22->21->27->28->25->20->31->9	7	0.000983341639142	7
10	0.55	5	0.629333333333	0.0098319208025	0.613333333333	0.636666666667	1.06466666667	1.1925	1.13947735933	0.59625	7.00098334164	0.6625	327.2	188.8	129.4	22->21->27->28->25->20->31->9	7	0.000983341639142	7
10	0.5625	5	0.636	0.0463920491272	0.593333333333	0.703333333333	1.05266666667	1.17578125	1.10782521046	0.6046875	7.00098334164	0.671875	323.4	190.8	123.8	22->21->27->28->25->20->31->9	7	0.000983341639142	7
10	0.575	5	0.642666666667	0.0118790197875	0.633333333333	0.663333333333	1.03333333333	1.158125	1.07617306159	0.613125	7.00098334164	0.68125	317.2	192.8	115.8	22->21->27->28->25->20->31->9	7	0.000983341639142	7
10	0.5875	5	0.652666666667	0.03577708764	0.62	0.706666666667	1.01466666667	1.13953125	1.04452091272	0.6215625	7.00098334164	0.690625	311.6	195.8	107.4	22->21->27->28->25->20->31->9	7	0.000983341639142	7
10	0.6	5	0.636666666667	0.0247206616237	0.61	0.673333333333	0.988	1.12	1.01286876385	0.63	7.00098334164	0.7	303.6	191	104.4	22->21->27->28->25->20->31->9	7	0.000983341639142	7
10	0.6125	5	0.590666666667	0.022779132751	0.57	0.626666666667	0.96	1.09953125	0.981216614982	0.6384375	7.00098334164	0.709375	295	177.2	110.4	22->21->27->28->25->20->31->9	7	0.000983341639142	7
10	0.625	5	0.603333333333	0.0195789002075	0.583333333333	0.633333333333	0.93	1.078125	0.949564466112	0.646875	7.00098334164	0.71875	285	181	96.6	22->21->27->28->25->20->31->9	7	0.000983341639142	7
10	0.6375	5	0.577333333333	0.018318175552	0.553333333333	0.603333333333	0.896666666667	1.05578125	0.917912317241	0.6553125	7.00098334164	0.728125	276	173.2	95.2	22->21->27->28->25->20->31->9	7	0.000983341639142	7
10	0.65	5	0.570666666667	0.018618986725	0.553333333333	0.593333333333	0.866666666667	1.0325	0.886260168371	0.66375	7.00098334164	0.7375	266	171.2	88	22->21->27->28->25->20->31->9	7	0.000983341639142	7
10	0.6625	5	0.568666666667	0.0211607603308	0.54	0.59	0.836666666667	1.00828125	0.854608019501	0.6721875	7.00098334164	0.746875	257	170.6	79.6	22->21->27->28->25->20->31->9	7	0.000983341639142	7
10	0.675	5	0.571333333333	0.0254514788918	0.55	0.613333333333	0.806666666667	0.983125	0.82295587063	0.680625	7.00098334164	0.75625	247	171.4	69.6	22->21->27->28->25->20->31->9	7	0.000983341639142	7
10	0.6875	5	0.516	0.0190613046073	0.486666666667	0.54	0.773333333333	0.95703125	0.79130372176	0.6890625	7.00098334164	0.765625	238	154.8	76.2	22->21->27->28->25->20->31->9	7	0.000983341639142	7
10	0.7	5	0.522666666667	0.0231420732769	0.49	0.55	0.743333333333	0.93	0.759651572889	0.6975	7.00098334164	0.775	228	156.8	65.4	22->21->27->28->25->20->31->9	7	0.000983341639142	7
10	0.7125	5	0.510666666667	0.0123378370155	0.493333333333	0.523333333333	0.713333333333	0.90203125	0.727999424019	0.7059375	7.00098334164	0.784375	219	153.2	60.4	22->21->27->28->25->20->31->9	7	0.000983341639142	7
10	0.725	5	0.481333333333	0.0246756740311	0.453333333333	0.513333333333	0.683333333333	0.873125	0.696347275149	0.714375	7.00098334164	0.79375	209	144.4	59.8	22->21->27->28->25->20->31->9	7	0.000983341639142	7
10	0.7375	5	0.465333333333	0.0142594997575	0.443333333333	0.48	0.65	0.84328125	0.664695126278	0.7228125	7.00098334164	0.803125	200	139.6	54.8	22->21->27->28->25->20->31->9	7	0.000983341639142	7
10	0.75	5	0.45	0.0261406452356	0.416666666667	0.48	0.62	0.8125	0.633042977408	0.73125	7.00098334164	0.8125	190	135	50.2	22->21->27->28->25->20->31->9	7	0.000983341639142	7
10	0.7625	5	0.44	0.0171593835683	0.416666666667	0.46	0.59	0.78078125	0.601390828537	0.7396875	7.00098334164	0.821875	181	132	44.6	22->21->27->28->25->20->31->9	7	0.000983341639142	7
10	0.775	5	0.422666666667	0.018767584347	0.4	0.443333333333	0.556666666667	0.748125	0.569738679667	0.748125	7.00098334164	0.83125	171	126.8	39.6	22->21->27->28->25->20->31->9	7	0.000983341639142	7
10	0.7875	5	0.386666666667	0.0251661147842	0.37	0.43	0.526666666667	0.71453125	0.538086530797	0.7565625	7.00098334164	0.840625	162	116	41.6	22->21->27->28->25->20->31->9	7	0.000983341639142	7
10	0.8	5	0.384	0.0232617950965	0.35	0.413333333333	0.496666666667	0.68	0.506434381926	0.765	7.00098334164	0.85	152	115.2	33.2	22->21->27->28->25->20->31->9	7	0.000983341639142	7
10	0.8125	5	0.37	0.016996731712	0.35	0.386666666667	0.466666666667	0.64453125	0.474782233056	0.7734375	7.00098334164	0.859375	143	111	28.2	22->21->27->28->25->20->31->9	7	0.000983341639142	7
10	0.825	5	0.335333333333	0.00802772971919	0.326666666667	0.346666666667	0.433333333333	0.608125	0.443130084185	0.781875	7.00098334164	0.86875	133	100.6	29.2	22->21->27->28->25->20->31->9	7	0.000983341639142	7
10	0.8375	5	0.323333333333	0.0174801474695	0.296666666667	0.34	0.403333333333	0.57078125	0.411477935315	0.7903125	7.00098334164	0.878125	124	97	23.8	22->21->27->28->25->20->31->9	7	0.000983341639142	7
10	0.85	5	0.294666666667	0.0256688310776	0.266666666667	0.323333333333	0.373333333333	0.5325	0.379825786445	0.79875	7.00098334164	0.8875	114	88.4	23.2	22->21->27->28->25->20->31->9	7	0.000983341639142	7
10	0.8625	5	0.276666666667	0.0168325082306	0.25	0.296666666667	0.343333333333	0.49328125	0.348173637574	0.8071875	7.00098334164	0.896875	105	83	19.4	22->21->27->28->25->20->31->9	7	0.000983341639142	7
10	0.875	5	0.254666666667	0.00900617072407	0.243333333333	0.266666666667	0.31	0.453125	0.316521488704	0.815625	7.00098334164	0.90625	95	76.4	16.6	22->21->27->28->25->20->31->9	7	0.000983341639142	7
10	0.8875	5	0.236	0.0086281194037	0.226666666667	0.25	0.28	0.41203125	0.284869339834	0.8240625	7.00098334164	0.915625	86	70.8	13.2	22->21->27->28->25->20->31->9	7	0.000983341639142	7
10	0.9	5	0.208666666667	0.00557773351023	0.2	0.213333333333	0.25	0.37	0.253217190963	0.8325	7.00098334164	0.925	76	62.6	12	22->21->27->28->25->20->31->9	7	0.000983341639142	7
10	0.9125	5	0.172666666667	0.016397831835	0.156666666667	0.193333333333	0.216666666667	0.32703125	0.221565042093	0.8409375	7.00098334164	0.934375	67	51.8	13.2	22->21->27->28->25->20->31->9	7	0.000983341639142	7
10	0.925	5	0.16	0.00527046276695	0.153333333333	0.166666666667	0.186666666667	0.283125	0.189912893222	0.849375	7.00098334164	0.94375	57	48	8	22->21->27->28->25->20->31->9	7	0.000983341639142	7
10	0.9375	5	0.131333333333	0.004472135955	0.126666666667	0.136666666667	0.156666666667	0.23828125	0.158260744352	0.8578125	7.00098334164	0.953125	48	39.4	7.4	22->21->27->28->25->20->31->9	7	0.000983341639142	7
10	0.95	5	0.102666666667	0.00547722557505	0.0933333333333	0.106666666667	0.126666666667	0.1925	0.126608595482	0.86625	7.00098334164	0.9625	38	30.8	7	22->21->27->28->25->20->31->9	7	0.000983341639142	7
10	0.9625	5	0.0806666666667	0.00596284794	0.0733333333333	0.0866666666667	0.0933333333333	0.14578125	0.0949564466112	0.8746875	7.00098334164	0.971875	29	24.2	3.8	22->21->27->28->25->20->31->9	7	0.000983341639142	7
10	0.975	5	0.0573333333333	0.00596284794	0.05	0.0633333333333	0.0633333333333	0.098125	0.0633042977408	0.883125	7.00098334164	0.98125	19	17.2	1.8	22->21->27->28->25->20->31->9	7	0.000983341639142	7
10	0.9875	5	0.0313333333333	0.00298142397	0.0266666666667	0.0333333333333	0.0333333333333	0.04953125	0.0316521488704	0.8915625	7.00098334164	0.990625	10	9.4	0.6	22->21->27->28->25->20->31->9	7	0.000983341639142	7
12	0.0125	5	0.294666666667	0.0387011340632	0.263333333333	0.343333333333	1.262	1.02453125	2.50051976076	0.2334375	7.00098334164	0.259375	388.2	88.4	287.8	22->21->27->28->25->20->31->9	7	0.000983341639142	7
12	0.025	5	0.304666666667	0.0451909528802	0.273333333333	0.38	1.26466666667	1.048125	2.46886761189	0.241875	7.00098334164	0.26875	388.4	91.4	285	22->21->27->28->25->20->31->9	7	0.000983341639142	7
12	0.0375	5	0.313333333333	0.0460072458061	0.273333333333	0.376666666667	1.26733333333	1.07078125	2.43721546302	0.2503125	7.00098334164	0.278125	389	94	283.2	22->21->27->28->25->20->31->9	7	0.000983341639142	7
12	0.05	5	0.316	0.0197765292987	0.29	0.343333333333	1.268	1.0925	2.40556331415	0.25875	7.00098334164	0.2875	389.6	94.8	282.8	22->21->27->28->25->20->31->9	7	0.000983341639142	7
12	0.0625	5	0.336666666667	0.0244948974278	0.31	0.37	1.27066666667	1.11328125	2.37391116528	0.2671875	7.00098334164	0.296875	390.4	101	277.4	22->21->27->28->25->20->31->9	7	0.000983341639142	7
12	0.075	5	0.347333333333	0.021002645336	0.323333333333	0.376666666667	1.27466666667	1.133125	2.34225901641	0.275625	7.00098334164	0.30625	391.8	104.2	275.6	22->21->27->28->25->20->31->9	7	0.000983341639142	7
12	0.0875	5	0.373333333333	0.0252762514802	0.346666666667	0.406666666667	1.28266666667	1.15203125	2.31060686754	0.2840625	7.00098334164	0.315625	394	112	270.2	22->21->27->28->25->20->31->9	7	0.000983341639142	7
12	0.1	5	0.347333333333	0.0293825344947	0.32	0.39	1.27266666667	1.17	2.27895471867	0.2925	7.00098334164	0.325	389.6	104.2	273.8	22->21->27->28->25->20->31->9	7	0.000983341639142	7
12	0.1125	5	0.368	0.0347690794944	0.326666666667	0.42	1.278	1.18703125	2.2473025698	0.3009375	7.00168965578	0.334375	392.8	110.4	270.4	22->21->27->28->25->20->31->9	7	0.000983341639142	7
12	0.125	5	0.406	0.0212655172103	0.383333333333	0.43	1.28933333333	1.203125	2.21565042093	0.309375	7.00372502905	0.34375	395.4	121.8	262.2	22->21->27->28->25->20->31->9	7	0.000983341639142	7
12	0.1375	5	0.392	0.0306956384886	0.363333333333	0.443333333333	1.28333333333	1.21828125	2.18399827206	0.3178125	7.00098334164	0.353125	393.6	117.6	264	22->21->27->28->25->20->31->9	7	0.000983341639142	7
12	0.15	5	0.41	0.0261406452358	0.383333333333	0.45	1.29	1.2325	2.15234612319	0.32625	7.00098334164	0.3625	396.4	123	261.4	22->21->27->28->25->20->31->9	7	0.000983341639142	7
12	0.1625	5	0.42	0.021730674684	0.4	0.45	1.286	1.24578125	2.12069397432	0.3346875	7.00414630956	0.371875	394.6	126	256.8	22->21->27->28->25->20->31->9	7	0.000983341639142	7
12	0.175	5	0.451333333333	0.0382680603695	0.406666666667	0.5	1.29466666667	1.258125	2.08904182545	0.343125	7.00176807665	0.38125	397.6	135.4	250.2	22->21->27->28->25->20->31->9	7	0.000983341639142	7
12	0.1875	5	0.463333333333	0.0382970843103	0.426666666667	0.526666666667	1.29733333333	1.26953125	2.05738967658	0.3515625	7.00098334164	0.390625	398.4	139	247.4	22->21->27->28->25->20->31->9	7	0.000983341639142	7
12	0.2	5	0.477333333333	0.0238513917601	0.443333333333	0.503333333333	1.298	1.28	2.02573752771	0.36	7.00098334164	0.4	398.8	143.2	244	22->21->27->28->25->20->31->9	7	0.000983341639142	7
12	0.2125	5	0.473333333333	0.0368932393686	0.423333333333	0.52	1.29933333333	1.28953125	1.99408537883	0.3684375	7.00098334164	0.409375	399.2	142	245.4	22->21->27->28->25->20->31->9	7	0.000983341639142	7
12	0.225	5	0.501333333333	0.0314995590798	0.463333333333	0.533333333333	1.30133333333	1.298125	1.96243322996	0.376875	7.00309888441	0.41875	400	150.4	238.2	22->21->27->28->25->20->31->9	7	0.000983341639142	7
12	0.2375	5	0.493333333333	0.0390867979985	0.446666666667	0.54	1.30066666667	1.30578125	1.93078108109	0.3853125	7.00163894304	0.428125	400.2	148	240.6	22->21->27->28->25->20->31->9	7	0.000983341639142	7
12	0.25	5	0.498	0.066189962314	0.403333333333	0.576666666667	1.30133333333	1.3125	1.89912893222	0.39375	7.00098334164	0.4375	400	149.4	239.2	22->21->27->28->25->20->31->9	7	0.000983341639142	7
12	0.2625	5	0.54	0.048304589154	0.49	0.61	1.30866666667	1.31828125	1.86747678335	0.4021875	7.00098334164	0.446875	401.8	162	227.8	22->21->27->28->25->20->31->9	7	0.000983341639142	7
12	0.275	5	0.522	0.0109544511501	0.506666666667	0.536666666667	1.30133333333	1.323125	1.83582463448	0.410625	7.00098334164	0.45625	400	156.6	231.8	22->21->27->28->25->20->31->9	7	0.000983341639142	7
12	0.2875	5	0.552	0.0382680603695	0.503333333333	0.59	1.31133333333	1.32703125	1.80417248561	0.4190625	7.00098334164	0.465625	402.6	165.6	225	22->21->27->28->25->20->31->9	7	0.000983341639142	7
12	0.3	5	0.568666666667	0.0362552678167	0.54	0.61	1.312	1.33	1.77252033674	0.4275	7.00098334164	0.475	402	170.6	219.6	22->21->27->28->25->20->31->9	7	0.000983341639142	7
12	0.3125	5	0.566	0.0341076726461	0.54	0.623333333333	1.308	1.33203125	1.74086818787	0.4359375	7.00098334164	0.484375	402	169.8	220.6	22->21->27->28->25->20->31->9	7	0.000983341639142	7
12	0.325	5	0.576	0.062955010391	0.513333333333	0.67	1.308	1.333125	1.709216039	0.444375	7.00098334164	0.49375	401	172.8	216.4	22->21->27->28->25->20->31->9	7	0.000983341639142	7
12	0.333333333333	5	0.601333333333	0.0278487980989	0.57	0.643333333333	1.30933333333	1.33333333333	1.68811460642	0.45	7.00098334164	0.5	402.4	180.4	210	22->21->27->28->25->20->31->9	7	0.000983341639142	7
12	0.3375	5	0.586666666667	0.0198606254797	0.573333333333	0.62	1.30133333333	1.33328125	1.67756389013	0.4528125	7.00098334164	0.503125	399.8	176	211.8	22->21->27->28->25->20->31->9	7	0.000983341639142	7
12	0.35	5	0.604	0.0296647939484	0.57	0.63	1.30733333334	1.3325	1.64591174126	0.46125	7.00098334164	0.5125	402.2	181.2	209.4	22->21->27->28->25->20->31->9	7	0.000983341639142	7
12	0.3625	5	0.618666666667	0.032540572965	0.58	0.66	1.30733333333	1.33078125	1.61425959239	0.4696875	7.00098334164	0.521875	401.6	185.6	205	22->21->27->28->25->20->31->9	7	0.000983341639142	7
12	0.375	5	0.594666666667	0.0346890953087	0.556666666667	0.65	1.292	1.328125	1.58260744352	0.478125	7.00295525004	0.53125	395.6	178.4	206.8	22->21->27->28->25->20->31->9	7	0.000983341639142	7
12	0.3875	5	0.668666666667	0.0313226932289	0.633333333333	0.703333333333	1.314	1.32453125	1.55095529465	0.4865625	7.00098334164	0.540625	403.6	200.6	191.8	22->21->27->28->25->20->31->9	7	0.000983341639142	7
12	0.4	5	0.633333333333	0.0182574185836	0.603333333333	0.65	1.29733333333	1.32	1.51930314578	0.495	7.00098334164	0.55	398.6	190	197.2	22->21->27->28->25->20->31->9	7	0.000983341639142	7
12	0.4125	5	0.642666666667	0.0483275858652	0.576666666667	0.71	1.29133333333	1.31453125	1.48765099691	0.5034375	7.00098334164	0.559375	396.4	192.8	192.2	22->21->27->28->25->20->31->9	7	0.000983341639142	7
12	0.425	5	0.650666666667	0.0580421302925	0.583333333333	0.716666666667	1.29266666667	1.308125	1.45599884804	0.511875	7.00098334164	0.56875	396.4	195.2	189.8	22->21->27->28->25->20->31->9	7	0.000983341639142	7
12	0.4375	5	0.65	0.0496655480858	0.61	0.736666666667	1.28533333333	1.30078125	1.42434669917	0.5203125	7.00098334164	0.578125	394.6	195	188.4	22->21->27->28->25->20->31->9	7	0.000983341639142	7
12	0.45	5	0.651333333333	0.0346890953087	0.62	0.71	1.268	1.2925	1.3926945503	0.52875	7.00098334164	0.5875	389.6	195.4	183.6	22->21->27->28->25->20->31->9	7	0.000983341639142	7
12	0.4625	5	0.688666666667	0.0236408309687	0.656666666667	0.716666666667	1.27333333333	1.28328125	1.36104240143	0.5371875	7.00098334164	0.596875	391.2	206.6	173.8	22->21->27->28->25->20->31->9	7	0.000983341639142	7
12	0.475	5	0.681333333333	0.0427914840957	0.623333333333	0.72	1.256	1.273125	1.32939025256	0.545625	7.00098334164	0.60625	385.8	204.4	170.4	22->21->27->28->25->20->31->9	7	0.000983341639142	7
12	0.4875	5	0.726	0.0361632102803	0.673333333333	0.77	1.25066666667	1.26203125	1.29773810369	0.5540625	7.00098334164	0.615625	384.2	217.8	155.8	22->21->27->28->25->20->31->9	7	0.000983341639142	7
12	0.5	5	0.695333333333	0.0448206301706	0.64	0.733333333333	1.22333333333	1.25	1.26608595482	0.5625	7.00098334164	0.625	375.4	208.6	157.2	22->21->27->28->25->20->31->9	7	0.000983341639142	7
12	0.5125	5	0.664666666667	0.0337967782817	0.643333333333	0.723333333333	1.20066666667	1.23703125	1.23443380595	0.5709375	7.00098334164	0.634375	368.4	199.4	159.2	22->21->27->28->25->20->31->9	7	0.000983341639142	7
12	0.525	5	0.667333333333	0.00722649446289	0.656666666667	0.676666666667	1.17666666667	1.223125	1.20278165707	0.579375	7.00098334164	0.64375	361	200.2	151.4	22->21->27->28->25->20->31->9	7	0.000983341639142	7
12	0.5375	5	0.662666666667	0.0295710068216	0.626666666667	0.693333333333	1.14666666667	1.20828125	1.1711295082	0.5878125	7.00098334164	0.653125	352	198.8	143	22->21->27->28->25->20->31->9	7	0.000983341639142	7
12	0.55	5	0.668666666667	0.0274469184669	0.633333333333	0.693333333333	1.11333333333	1.1925	1.13947735933	0.59625	7.00098334164	0.6625	342	200.6	132.6	22->21->27->28->25->20->31->9	7	0.000983341639142	7
12	0.5625	5	0.665333333333	0.0336319953483	0.633333333333	0.71	1.08333333333	1.17578125	1.10782521046	0.6046875	7.00098334164	0.671875	333	199.6	124.2	22->21->27->28->25->20->31->9	7	0.000983341639142	7
12	0.575	5	0.632	0.0146439217577	0.616666666667	0.653333333333	1.05333333333	1.158125	1.07617306159	0.613125	7.00098334164	0.68125	323	189.6	125	22->21->27->28->25->20->31->9	7	0.000983341639142	7
12	0.5875	5	0.635333333333	0.0167663684533	0.61	0.656666666667	1.02333333333	1.13953125	1.04452091272	0.6215625	7.00098334164	0.690625	314	190.6	114.6	22->21->27->28->25->20->31->9	7	0.000983341639142	7
12	0.6	5	0.604	0.0375203648405	0.546666666667	0.643333333333	0.99	1.12	1.01286876385	0.63	7.00098334164	0.7	304	181.2	114.6	22->21->27->28->25->20->31->9	7	0.000983341639142	7
12	0.6125	5	0.623333333333	0.0390867979985	0.586666666667	0.666666666667	0.96	1.09953125	0.981216614982	0.6384375	7.00098334164	0.709375	295	187	99.8	22->21->27->28->25->20->31->9	7	0.000983341639142	7
12	0.625	5	0.605333333333	0.0315876206413	0.576666666667	0.656666666667	0.93	1.078125	0.949564466112	0.646875	7.00098334164	0.71875	285	181.6	95.8	22->21->27->28->25->20->31->9	7	0.000983341639142	7
12	0.6375	5	0.588666666667	0.018499249234	0.566666666667	0.616666666667	0.896666666667	1.05578125	0.917912317241	0.6553125	7.00098334164	0.728125	276	176.6	91.4	22->21->27->28->25->20->31->9	7	0.000983341639142	7
12	0.65	5	0.574666666667	0.0444472221352	0.526666666667	0.623333333333	0.866666666667	1.0325	0.886260168371	0.66375	7.00098334164	0.7375	266	172.4	87.2	22->21->27->28->25->20->31->9	7	0.000983341639142	7
12	0.6625	5	0.556666666667	0.0126929551764	0.543333333333	0.57	0.836666666667	1.00828125	0.854608019501	0.6721875	7.00098334164	0.746875	257	167	83.4	22->21->27->28->25->20->31->9	7	0.000983341639142	7
12	0.675	5	0.566	0.0246531494495	0.536666666667	0.593333333333	0.806666666667	0.983125	0.82295587063	0.680625	7.00098334164	0.75625	247	169.8	71.8	22->21->27->28->25->20->31->9	7	0.000983341639142	7
12	0.6875	5	0.528666666667	0.0226813677816	0.503333333333	0.56	0.773333333333	0.95703125	0.79130372176	0.6890625	7.00098334164	0.765625	238	158.6	72.8	22->21->27->28->25->20->31->9	7	0.000983341639142	7
12	0.7	5	0.524666666667	0.0203579086462	0.503333333333	0.553333333333	0.743333333333	0.93	0.759651572889	0.6975	7.00098334164	0.775	228	157.4	64.2	22->21->27->28->25->20->31->9	7	0.000983341639142	7
12	0.7125	5	0.506	0.0200554786087	0.476666666667	0.52	0.713333333333	0.90203125	0.727999424019	0.7059375	7.00098334164	0.784375	219	151.8	61.8	22->21->27->28->25->20->31->9	7	0.000983341639142	7
12	0.725	5	0.475333333333	0.0219342451685	0.453333333333	0.51	0.683333333333	0.873125	0.696347275149	0.714375	7.00098334164	0.79375	209	142.6	62	22->21->27->28->25->20->31->9	7	0.000983341639142	7
12	0.7375	5	0.466	0.0231420732769	0.446666666667	0.5	0.65	0.84328125	0.664695126278	0.7228125	7.00098334164	0.803125	200	139.8	54.4	22->21->27->28->25->20->31->9	7	0.000983341639142	7
12	0.75	5	0.462666666666	0.0264994758857	0.43	0.493333333333	0.62	0.8125	0.633042977408	0.73125	7.00098334164	0.8125	190	138.8	47	22->21->27->28->25->20->31->9	7	0.000983341639142	7
12	0.7625	5	0.448	0.0134577528255	0.43	0.466666666667	0.59	0.78078125	0.601390828537	0.7396875	7.00098334164	0.821875	181	134.4	42.2	22->21->27->28->25->20->31->9	7	0.000983341639142	7
12	0.775	5	0.431333333333	0.0279483650883	0.4	0.476666666667	0.556666666667	0.748125	0.569738679667	0.748125	7.00098334164	0.83125	171	129.4	37.4	22->21->27->28->25->20->31->9	7	0.000983341639142	7
12	0.7875	5	0.398666666667	0.00767390962215	0.386666666667	0.406666666667	0.526666666667	0.71453125	0.538086530797	0.7565625	7.00098334164	0.840625	162	119.6	38.4	22->21->27->28->25->20->31->9	7	0.000983341639142	7
12	0.8	5	0.390666666667	0.0215251790546	0.37	0.42	0.496666666667	0.68	0.506434381926	0.765	7.00098334164	0.85	152	117.2	31.2	22->21->27->28->25->20->31->9	7	0.000983341639142	7
12	0.8125	5	0.37	0.0139443337756	0.356666666667	0.39	0.466666666667	0.64453125	0.474782233056	0.7734375	7.00098334164	0.859375	143	111	29	22->21->27->28->25->20->31->9	7	0.000983341639142	7
12	0.825	5	0.339333333333	0.0248774775427	0.3	0.363333333333	0.433333333333	0.608125	0.443130084185	0.781875	7.00098334164	0.86875	133	101.8	28	22->21->27->28->25->20->31->9	7	0.000983341639142	7
12	0.8375	5	0.334666666667	0.0109544511501	0.326666666667	0.353333333333	0.403333333333	0.57078125	0.411477935315	0.7903125	7.00098334164	0.878125	124	100.4	20.6	22->21->27->28->25->20->31->9	7	0.000983341639142	7
12	0.85	5	0.294	0.0165663648529	0.266666666667	0.31	0.373333333333	0.5325	0.379825786445	0.79875	7.00098334164	0.8875	114	88.2	23.4	22->21->27->28->25->20->31->9	7	0.000983341639142	7
12	0.8625	5	0.278666666667	0.0121563883525	0.263333333333	0.293333333333	0.343333333333	0.49328125	0.348173637574	0.8071875	7.00098334164	0.896875	105	83.6	19.2	22->21->27->28->25->20->31->9	7	0.000983341639142	7
12	0.875	5	0.25	0.0113038833052	0.236666666667	0.263333333333	0.31	0.453125	0.316521488704	0.815625	7.00098334164	0.90625	95	75	17.8	22->21->27->28->25->20->31->9	7	0.000983341639142	7
12	0.8875	5	0.236666666667	0.0154560308258	0.213333333333	0.25	0.28	0.41203125	0.284869339834	0.8240625	7.00098334164	0.915625	86	71	12.8	22->21->27->28->25->20->31->9	7	0.000983341639142	7
12	0.9	5	0.214666666667	0.00960324019385	0.2	0.223333333333	0.25	0.37	0.253217190963	0.8325	7.00098334164	0.925	76	64.4	10.2	22->21->27->28->25->20->31->9	7	0.000983341639142	7
12	0.9125	5	0.18	0.0135400640077	0.166666666667	0.196666666667	0.216666666667	0.32703125	0.221565042093	0.8409375	7.00098334164	0.934375	67	54	11	22->21->27->28->25->20->31->9	7	0.000983341639142	7
12	0.925	5	0.163333333333	0.0117851130198	0.143333333333	0.173333333333	0.186666666667	0.283125	0.189912893222	0.849375	7.00098334164	0.94375	57	49	7	22->21->27->28->25->20->31->9	7	0.000983341639142	7
12	0.9375	5	0.129333333333	0.00547722557505	0.123333333333	0.136666666667	0.156666666667	0.23828125	0.158260744352	0.8578125	7.00098334164	0.953125	48	38.8	8.2	22->21->27->28->25->20->31->9	7	0.000983341639142	7
12	0.95	5	0.108666666667	0.00298142397015	0.103333333333	0.11	0.126666666667	0.1925	0.126608595482	0.86625	7.00098334164	0.9625	38	32.6	5.4	22->21->27->28->25->20->31->9	7	0.000983341639142	7
12	0.9625	5	0.0793333333333	0.00278886675511	0.0766666666667	0.0833333333333	0.0933333333333	0.14578125	0.0949564466112	0.8746875	7.00098334164	0.971875	29	23.8	4.2	22->21->27->28->25->20->31->9	7	0.000983341639142	7
12	0.975	5	0.0573333333333	0.0043461349368	0.0533333333333	0.0633333333333	0.0633333333333	0.098125	0.0633042977408	0.883125	7.00098334164	0.98125	19	17.2	1.8	22->21->27->28->25->20->31->9	7	0.000983341639142	7
12	0.9875	5	0.0306666666667	0.00278886675511	0.0266666666667	0.0333333333333	0.0333333333333	0.04953125	0.0316521488704	0.8915625	7.00098334164	0.990625	10	9.2	0.8	22->21->27->28->25->20->31->9	7	0.000983341639142	7
14	0.0125	5	0.347333333333	0.0132077418374	0.336666666667	0.37	1.46866666667	1.02453125	2.50051976076	0.2334375	7.00176749234	0.259375	450.6	104.2	332.8	22->21->27->28->25->20->31->9	7	0.000983341639142	7
14	0.025	5	0.360666666667	0.0393982515122	0.303333333333	0.396666666667	1.47	1.048125	2.46886761189	0.241875	7.00178540896	0.26875	451.6	108.2	329.4	22->21->27->28->25->20->31->9	7	0.000983341639142	7
14	0.0375	5	0.366	0.0379619692734	0.326666666667	0.416666666667	1.47	1.07078125	2.43721546302	0.2503125	7.00098334164	0.278125	451.8	109.8	328	22->21->27->28->25->20->31->9	7	0.000983341639142	7
14	0.05	5	0.403333333333	0.0295334085778	0.363333333333	0.433333333333	1.482	1.0925	2.40556331415	0.25875	7.00098334164	0.2875	454.8	121	319.8	22->21->27->28->25->20->31->9	7	0.000983341639142	7
14	0.0625	5	0.399333333333	0.0272233559855	0.37	0.443333333333	1.48133333333	1.11328125	2.37391116528	0.2671875	7.00243591321	0.296875	453.6	119.8	320	22->21->27->28->25->20->31->9	7	0.000983341639142	7
14	0.075	5	0.400666666667	0.0386867763799	0.363333333333	0.463333333333	1.47533333333	1.133125	2.34225901641	0.275625	7.00098334164	0.30625	453.4	120.2	319.4	22->21->27->28->25->20->31->9	7	0.000983341639142	7
14	0.0875	5	0.414	0.023967570683	0.38	0.443333333333	1.47866666667	1.15203125	2.31060686754	0.2840625	7.00288991265	0.315625	454.8	124.2	316.6	22->21->27->28->25->20->31->9	7	0.000983341639142	7
14	0.1	5	0.444666666667	0.0126051136008	0.433333333333	0.463333333333	1.48466666667	1.17	2.27895471867	0.2925	7.00163341225	0.325	457	133.4	309.8	22->21->27->28->25->20->31->9	7	0.000983341639142	7
14	0.1125	5	0.437333333333	0.0480393357341	0.386666666667	0.516666666667	1.482	1.18703125	2.2473025698	0.3009375	7.00098334164	0.334375	454.6	131.2	309.8	22->21->27->28->25->20->31->9	7	0.000983341639142	7
14	0.125	5	0.432	0.0401109572173	0.39	0.496666666667	1.48066666667	1.203125	2.21565042093	0.309375	7.0023828292	0.34375	454.8	129.6	312	22->21->27->28->25->20->31->9	7	0.000983341639142	7
14	0.1375	5	0.457333333333	0.025099800796	0.43	0.493333333333	1.486	1.21828125	2.18399827206	0.3178125	7.00167709288	0.353125	457.2	137.2	306.2	22->21->27->28->25->20->31->9	7	0.000983341639142	7
14	0.15	5	0.513333333333	0.0261406452356	0.476666666667	0.543333333333	1.50066666667	1.2325	2.15234612319	0.32625	7.00098334164	0.3625	460.2	154	292.4	22->21->27->28->25->20->31->9	7	0.000983341639142	7
14	0.1625	5	0.514666666667	0.032540572965	0.473333333333	0.56	1.49533333333	1.24578125	2.12069397432	0.3346875	7.00238314244	0.371875	459	154.4	290.6	22->21->27->28->25->20->31->9	7	0.000983341639142	7
14	0.175	5	0.53	0.0295334085778	0.496666666667	0.576666666667	1.49733333333	1.258125	2.08904182545	0.343125	7.00098334164	0.38125	459.6	159	288	22->21->27->28->25->20->31->9	7	0.000983341639142	7
14	0.1875	5	0.534	0.0464518866977	0.496666666667	0.613333333333	1.49533333333	1.26953125	2.05738967658	0.3515625	7.00098334164	0.390625	460.2	160.2	286.2	22->21->27->28->25->20->31->9	7	0.000983341639142	7
14	0.2	5	0.518666666667	0.0579559219484	0.46	0.586666666667	1.494	1.28	2.02573752771	0.36	7.00098334164	0.4	458.6	155.6	289.2	22->21->27->28->25->20->31->9	7	0.000983341639142	7
14	0.2125	5	0.563333333333	0.0122474487139	0.55	0.58	1.49666666667	1.28953125	1.99408537883	0.3684375	7.0021990581	0.409375	460.2	169	277.6	22->21->27->28->25->20->31->9	7	0.000983341639142	7
14	0.225	5	0.545333333333	0.0303315017762	0.503333333333	0.583333333333	1.49266666667	1.298125	1.96243322996	0.376875	7.00160858272	0.41875	458.6	163.6	282.2	22->21->27->28->25->20->31->9	7	0.000983341639142	7
14	0.2375	5	0.604	0.0359320346086	0.553333333333	0.65	1.50533333333	1.30578125	1.93078108109	0.3853125	7.00098334164	0.428125	462.6	181.2	268.4	22->21->27->28->25->20->31->9	7	0.000983341639142	7
14	0.25	5	0.588666666667	0.0630520067528	0.526666666667	0.686666666667	1.49666666667	1.3125	1.89912893222	0.39375	7.00098334164	0.4375	459.6	176.6	269.8	22->21->27->28->25->20->31->9	7	0.000983341639142	7
14	0.2625	5	0.604	0.0316578935216	0.563333333333	0.65	1.50266666667	1.31828125	1.86747678335	0.4021875	7.00098334164	0.446875	461.4	181.2	266.4	22->21->27->28->25->20->31->9	7	0.000983341639142	7
14	0.275	5	0.596	0.0436144726235	0.56	0.67	1.49133333333	1.323125	1.83582463448	0.410625	7.00098334164	0.45625	458	178.8	265.2	22->21->27->28->25->20->31->9	7	0.000983341639142	7
14	0.2875	5	0.678666666667	0.0109544511501	0.666666666667	0.693333333333	1.50866666667	1.32703125	1.80417248561	0.4190625	7.00098334164	0.465625	463.2	203.6	246.8	22->21->27->28->25->20->31->9	7	0.000983341639142	7
14	0.3	5	0.644	0.0162275485929	0.63	0.663333333333	1.494	1.33	1.77252033674	0.4275	7.00098334164	0.475	459.2	193.2	252.2	22->21->27->28->25->20->31->9	7	0.000983341639142	7
14	0.3125	5	0.638666666667	0.0333832958895	0.61	0.686666666667	1.48933333333	1.33203125	1.74086818787	0.4359375	7.00098334164	0.484375	458	191.6	252.8	22->21->27->28->25->20->31->9	7	0.000983341639142	7
14	0.325	5	0.716	0.0324379750019	0.67	0.753333333333	1.50666666667	1.333125	1.709216039	0.444375	7.00098334164	0.49375	462.6	214.8	235.4	22->21->27->28->25->20->31->9	7	0.000983341639142	7
14	0.333333333333	5	0.640666666667	0.0345124776148	0.593333333333	0.68	1.48266666667	1.33333333333	1.68811460642	0.45	7.00098334164	0.5	455.4	192.2	249.6	22->21->27->28->25->20->31->9	7	0.000983341639142	7
14	0.3375	5	0.650666666667	0.0571741977547	0.596666666667	0.723333333333	1.47666666667	1.33328125	1.67756389013	0.4528125	7.00098334164	0.503125	453.8	195.2	245.8	22->21->27->28->25->20->31->9	7	0.000983341639142	7
14	0.35	5	0.691333333333	0.0422032120947	0.646666666667	0.74	1.48466666667	1.3325	1.64591174126	0.46125	7.00098334164	0.5125	456.6	207.4	236.4	22->21->27->28->25->20->31->9	7	0.000983341639142	7
14	0.3625	5	0.709333333333	0.023380903889	0.69	0.743333333333	1.478	1.33078125	1.61425959239	0.4696875	7.00098334164	0.521875	454	212.8	229	22->21->27->28->25->20->31->9	7	0.000983341639142	7
14	0.375	5	0.678666666667	0.0311448230048	0.646666666667	0.723333333333	1.46533333333	1.328125	1.58260744352	0.478125	7.00098334164	0.53125	450	203.6	233.6	22->21->27->28->25->20->31->9	7	0.000983341639142	7
14	0.3875	5	0.712	0.0572809838525	0.626666666667	0.786666666667	1.45733333333	1.32453125	1.55095529465	0.4865625	7.00098334164	0.540625	448	213.6	221.6	22->21->27->28->25->20->31->9	7	0.000983341639142	7
14	0.4	5	0.71	0.0572518801244	0.633333333333	0.776666666667	1.44266666667	1.32	1.51930314578	0.495	7.00098334164	0.55	443.6	213	218	22->21->27->28->25->20->31->9	7	0.000983341639142	7
14	0.4125	5	0.754	0.0575132834898	0.693333333333	0.846666666667	1.43733333333	1.31453125	1.48765099691	0.5034375	7.00098334164	0.559375	441.4	226.2	203	22->21->27->28->25->20->31->9	7	0.000983341639142	7
14	0.425	5	0.74	0.0198606254797	0.713333333333	0.763333333333	1.41333333333	1.308125	1.45599884804	0.511875	7.00098334164	0.56875	434	222	200.2	22->21->27->28->25->20->31->9	7	0.000983341639142	7
14	0.4375	5	0.748666666667	0.0157409586042	0.74	0.776666666667	1.39	1.30078125	1.42434669917	0.5203125	7.00098334164	0.578125	427	224.6	191	22->21->27->28->25->20->31->9	7	0.000983341639142	7
14	0.45	5	0.678	0.0225585657543	0.653333333333	0.71	1.36333333333	1.2925	1.3926945503	0.52875	7.00098334164	0.5875	418	203.4	204.2	22->21->27->28->25->20->31->9	7	0.000983341639142	7
14	0.4625	5	0.699333333333	0.0125609624543	0.68	0.713333333333	1.33	1.28328125	1.36104240143	0.5371875	7.00098334164	0.596875	409	209.8	187.4	22->21->27->28->25->20->31->9	7	0.000983341639142	7
14	0.475	5	0.714	0.043868490337	0.676666666667	0.783333333333	1.3	1.273125	1.32939025256	0.545625	7.00098334164	0.60625	399	214.2	173.8	22->21->27->28->25->20->31->9	7	0.000983341639142	7
14	0.4875	5	0.697333333333	0.0312160927158	0.663333333333	0.746666666667	1.27	1.26203125	1.29773810369	0.5540625	7.00098334164	0.615625	390	209.2	170.2	22->21->27->28->25->20->31->9	7	0.000983341639142	7
14	0.5	5	0.696	0.0311269800798	0.653333333333	0.726666666667	1.23666666667	1.25	1.26608595482	0.5625	7.00098334164	0.625	380	208.8	161.2	22->21->27->28->25->20->31->9	7	0.000983341639142	7
14	0.5125	5	0.678666666667	0.0332164617823	0.646666666667	0.733333333333	1.20666666667	1.23703125	1.23443380595	0.5709375	7.00098334164	0.634375	371	203.6	156.6	22->21->27->28->25->20->31->9	7	0.000983341639142	7
14	0.525	5	0.680666666667	0.0268121034029	0.653333333333	0.71	1.17666666667	1.223125	1.20278165707	0.579375	7.00098334164	0.64375	361	204.2	147.6	22->21->27->28->25->20->31->9	7	0.000983341639142	7
14	0.5375	5	0.632	0.0349284983931	0.59	0.676666666667	1.14666666667	1.20828125	1.1711295082	0.5878125	7.00098334164	0.653125	352	189.6	153.2	22->21->27->28->25->20->31->9	7	0.000983341639142	7
14	0.55	5	0.639333333333	0.0155277529318	0.623333333333	0.66	1.11333333333	1.1925	1.13947735933	0.59625	7.00098334164	0.6625	342	191.8	141.2	22->21->27->28->25->20->31->9	7	0.000983341639142	7
14	0.5625	5	0.636666666667	0.0182574185835	0.616666666667	0.663333333333	1.08333333333	1.17578125	1.10782521046	0.6046875	7.00098334164	0.671875	333	191	133.6	22->21->27->28->25->20->31->9	7	0.000983341639142	7
14	0.575	5	0.62	0.0388014890894	0.573333333333	0.66	1.05333333333	1.158125	1.07617306159	0.613125	7.00098334164	0.68125	323	186	128.2	22->21->27->28->25->20->31->9	7	0.000983341639142	7
14	0.5875	5	0.654	0.0384707681233	0.596666666667	0.7	1.02333333333	1.13953125	1.04452091272	0.6215625	7.00098334164	0.690625	314	196.2	109.6	22->21->27->28->25->20->31->9	7	0.000983341639142	7
14	0.6	5	0.619333333333	0.023967570683	0.583333333333	0.65	0.99	1.12	1.01286876385	0.63	7.00098334164	0.7	304	185.8	110	22->21->27->28->25->20->31->9	7	0.000983341639142	7
14	0.6125	5	0.633333333333	0.0329140294302	0.59	0.67	0.96	1.09953125	0.981216614982	0.6384375	7.00098334164	0.709375	295	190	96.8	22->21->27->28->25->20->31->9	7	0.000983341639142	7
14	0.625	5	0.578	0.0245628445693	0.536666666667	0.6	0.93	1.078125	0.949564466112	0.646875	7.00098334164	0.71875	285	173.4	104	22->21->27->28->25->20->31->9	7	0.000983341639142	7
14	0.6375	5	0.596	0.0284214316631	0.553333333333	0.626666666667	0.896666666667	1.05578125	0.917912317241	0.6553125	7.00098334164	0.728125	276	178.8	89.8	22->21->27->28->25->20->31->9	7	0.000983341639142	7
14	0.65	5	0.587333333333	0.021002645336	0.55	0.6	0.866666666667	1.0325	0.886260168371	0.66375	7.00098334164	0.7375	266	176.2	83.2	22->21->27->28->25->20->31->9	7	0.000983341639142	7
14	0.6625	5	0.562	0.0271416039811	0.516666666667	0.59	0.836666666667	1.00828125	0.854608019501	0.6721875	7.00098334164	0.746875	257	168.6	81.4	22->21->27->28->25->20->31->9	7	0.000983341639142	7
14	0.675	5	0.559333333333	0.0175435964893	0.543333333333	0.58	0.806666666667	0.983125	0.82295587063	0.680625	7.00098334164	0.75625	247	167.8	73	22->21->27->28->25->20->31->9	7	0.000983341639142	7
14	0.6875	5	0.520666666667	0.0344318973563	0.486666666667	0.556666666667	0.773333333333	0.95703125	0.79130372176	0.6890625	7.00098334164	0.765625	238	156.2	75	22->21->27->28->25->20->31->9	7	0.000983341639142	7
14	0.7	5	0.514666666667	0.0155634900399	0.496666666667	0.536666666667	0.743333333333	0.93	0.759651572889	0.6975	7.00098334164	0.775	228	154.4	68.4	22->21->27->28->25->20->31->9	7	0.000983341639142	7
14	0.7125	5	0.506	0.0172240142437	0.486666666667	0.526666666667	0.713333333333	0.90203125	0.727999424019	0.7059375	7.00098334164	0.784375	219	151.8	61.6	22->21->27->28->25->20->31->9	7	0.000983341639142	7
14	0.725	5	0.484	0.0212655172103	0.466666666667	0.513333333333	0.683333333333	0.873125	0.696347275149	0.714375	7.00098334164	0.79375	209	145.2	59.2	22->21->27->28->25->20->31->9	7	0.000983341639142	7
14	0.7375	5	0.474	0.0213957420478	0.453333333333	0.506666666667	0.65	0.84328125	0.664695126278	0.7228125	7.00098334164	0.803125	200	142.2	51.8	22->21->27->28->25->20->31->9	7	0.000983341639142	7
14	0.75	5	0.476666666667	0.0150923085636	0.453333333333	0.49	0.62	0.8125	0.633042977408	0.73125	7.00098334164	0.8125	190	143	42.6	22->21->27->28->25->20->31->9	7	0.000983341639142	7
14	0.7625	5	0.444666666667	0.0170945085399	0.423333333333	0.463333333333	0.59	0.78078125	0.601390828537	0.7396875	7.00098334164	0.821875	181	133.4	43.2	22->21->27->28->25->20->31->9	7	0.000983341639142	7
14	0.775	5	0.402666666667	0.0221610268515	0.383333333333	0.43	0.556666666667	0.748125	0.569738679667	0.748125	7.00098334164	0.83125	171	120.8	46	22->21->27->28->25->20->31->9	7	0.000983341639142	7
14	0.7875	5	0.41	0.0236877840059	0.376666666667	0.443333333333	0.526666666667	0.71453125	0.538086530797	0.7565625	7.00098334164	0.840625	162	123	34.8	22->21->27->28->25->20->31->9	7	0.000983341639142	7
14	0.8	5	0.385333333333	0.0073029674334	0.376666666667	0.396666666667	0.496666666667	0.68	0.506434381926	0.765	7.00098334164	0.85	152	115.6	32.8	22->21->27->28->25->20->31->9	7	0.000983341639142	7
14	0.8125	5	0.374	0.0225339250415	0.356666666667	0.403333333333	0.466666666667	0.64453125	0.474782233056	0.7734375	7.00098334164	0.859375	143	112.2	27.2	22->21->27->28->25->20->31->9	7	0.000983341639142	7
14	0.825	5	0.338666666667	0.0121563883525	0.326666666667	0.353333333333	0.433333333333	0.608125	0.443130084185	0.781875	7.00098334164	0.86875	133	101.6	28.4	22->21->27->28->25->20->31->9	7	0.000983341639142	7
14	0.8375	5	0.323333333333	0.00666666666667	0.316666666667	0.333333333333	0.403333333333	0.57078125	0.411477935315	0.7903125	7.00098334164	0.878125	124	97	23.6	22->21->27->28->25->20->31->9	7	0.000983341639142	7
14	0.85	5	0.293333333333	0.0187082869339	0.273333333333	0.313333333333	0.373333333333	0.5325	0.379825786445	0.79875	7.00098334164	0.8875	114	88	23.8	22->21->27->28->25->20->31->9	7	0.000983341639142	7
14	0.8625	5	0.275333333333	0.00691214711778	0.266666666667	0.283333333333	0.343333333333	0.49328125	0.348173637574	0.8071875	7.00098334164	0.896875	105	82.6	20	22->21->27->28->25->20->31->9	7	0.000983341639142	7
14	0.875	5	0.262	0.00836660026534	0.25	0.27	0.31	0.453125	0.316521488704	0.815625	7.00098334164	0.90625	95	78.6	14.2	22->21->27->28->25->20->31->9	7	0.000983341639142	7
14	0.8875	5	0.241333333333	0.0086922698736	0.23	0.253333333333	0.28	0.41203125	0.284869339834	0.8240625	7.00098334164	0.915625	86	72.4	11.2	22->21->27->28->25->20->31->9	7	0.000983341639142	7
14	0.9	5	0.206	0.0109036181559	0.193333333333	0.22	0.25	0.37	0.253217190963	0.8325	7.00098334164	0.925	76	61.8	12.8	22->21->27->28->25->20->31->9	7	0.000983341639142	7
14	0.9125	5	0.186666666667	0.0108012344973	0.173333333333	0.196666666667	0.216666666667	0.32703125	0.221565042093	0.8409375	7.00098334164	0.934375	67	56	9	22->21->27->28->25->20->31->9	7	0.000983341639142	7
14	0.925	5	0.153333333333	0.00623609564462	0.146666666667	0.16	0.186666666667	0.283125	0.189912893222	0.849375	7.00098334164	0.94375	57	46	10	22->21->27->28->25->20->31->9	7	0.000983341639142	7
14	0.9375	5	0.133333333333	0.007453559925	0.123333333333	0.143333333333	0.156666666667	0.23828125	0.158260744352	0.8578125	7.00098334164	0.953125	48	40	6.8	22->21->27->28->25->20->31->9	7	0.000983341639142	7
14	0.95	5	0.119333333333	0.00547722557505	0.11	0.123333333333	0.126666666667	0.1925	0.126608595482	0.86625	7.00098334164	0.9625	38	35.8	2.2	22->21->27->28->25->20->31->9	7	0.000983341639142	7
14	0.9625	5	0.0826666666667	0.00278886675511	0.08	0.0866666666667	0.0933333333333	0.14578125	0.0949564466112	0.8746875	7.00098334164	0.971875	29	24.8	3.2	22->21->27->28->25->20->31->9	7	0.000983341639142	7
14	0.975	5	0.0566666666667	0.00971825315808	0.04	0.0633333333333	0.0633333333333	0.098125	0.0633042977408	0.883125	7.00098334164	0.98125	19	17	2	22->21->27->28->25->20->31->9	7	0.000983341639142	7
14	0.9875	5	0.0326666666667	0.001490711985	0.03	0.0333333333333	0.0333333333333	0.04953125	0.0316521488704	0.8915625	7.00098334164	0.990625	10	9.8	0.2	22->21->27->28->25->20->31->9	7	0.000983341639142	7
16	0.0125	5	0.358666666667	0.0487966301204	0.29	0.42	1.65466666667	1.02453125	2.50051976076	0.2334375	7.00173790174	0.259375	509.6	107.6	386	22->21->27->28->25->20->31->9	7	0.000983341639142	7
16	0.025	5	0.396	0.025970068241	0.363333333333	0.426666666667	1.666	1.048125	2.46886761189	0.241875	7.00098334164	0.26875	510.6	118.8	376.2	22->21->27->28->25->20->31->9	7	0.000983341639142	7
16	0.0375	5	0.451333333333	0.027748873851	0.403333333333	0.473333333333	1.676	1.07078125	2.43721546302	0.2503125	7.00098334164	0.278125	514.8	135.4	363.4	22->21->27->28->25->20->31->9	7	0.000983341639142	7
16	0.05	5	0.427333333333	0.0430374513908	0.37	0.47	1.67133333333	1.0925	2.40556331415	0.25875	7.00098334164	0.2875	513.4	128.2	369.2	22->21->27->28->25->20->31->9	7	0.000983341639142	7
16	0.0625	5	0.456	0.0111554670205	0.443333333333	0.473333333333	1.678	1.11328125	2.37391116528	0.2671875	7.00098334164	0.296875	515.8	136.8	363.4	22->21->27->28->25->20->31->9	7	0.000983341639142	7
16	0.075	5	0.490666666667	0.0702930374298	0.383333333333	0.58	1.68466666667	1.133125	2.34225901641	0.275625	7.00147407528	0.30625	517.2	147.2	354	22->21->27->28->25->20->31->9	7	0.000983341639142	7
16	0.0875	5	0.482	0.0306956384886	0.453333333333	0.52	1.67933333333	1.15203125	2.31060686754	0.2840625	7.00098334164	0.315625	515.8	144.6	355.4	22->21->27->28->25->20->31->9	7	0.000983341639142	7
16	0.1	5	0.49	0.0438431547933	0.433333333333	0.533333333333	1.684	1.17	2.27895471867	0.2925	7.00098334164	0.325	516.4	147	353.8	22->21->27->28->25->20->31->9	7	0.000983341639142	7
16	0.1125	5	0.503333333333	0.039930495169	0.473333333333	0.57	1.68	1.18703125	2.2473025698	0.3009375	7.00098334164	0.334375	515.8	151	348.8	22->21->27->28->25->20->31->9	7	0.000983341639142	7
16	0.125	5	0.538	0.0655150534017	0.466666666667	0.63	1.69066666667	1.203125	2.21565042093	0.309375	7.00265789247	0.34375	518.2	161.4	341.6	22->21->27->28->25->20->31->9	7	0.000983341639142	7
16	0.1375	5	0.507333333333	0.0420581607882	0.463333333333	0.56	1.68333333333	1.21828125	2.18399827206	0.3178125	7.00098334164	0.353125	516.4	152.2	348.4	22->21->27->28->25->20->31->9	7	0.000983341639142	7
16	0.15	5	0.560666666667	0.0589444182636	0.47	0.623333333333	1.684	1.2325	2.15234612319	0.32625	7.00098334164	0.3625	517.4	168.2	333.2	22->21->27->28->25->20->31->9	7	0.000983341639142	7
16	0.1625	5	0.564	0.0425179700571	0.506666666667	0.606666666667	1.68733333333	1.24578125	2.12069397432	0.3346875	7.00098334164	0.371875	517.4	169.2	332.4	22->21->27->28->25->20->31->9	7	0.000983341639142	7
16	0.175	5	0.598	0.0496431711764	0.553333333333	0.68	1.69533333333	1.258125	2.08904182545	0.343125	7.00098334164	0.38125	521.4	179.4	326.6	22->21->27->28->25->20->31->9	7	0.000983341639142	7
16	0.1875	5	0.618666666667	0.0338788691927	0.573333333333	0.663333333333	1.69333333333	1.26953125	2.05738967658	0.3515625	7.00206345896	0.390625	520.2	185.6	319.4	22->21->27->28->25->20->31->9	7	0.000983341639142	7
16	0.2	5	0.632	0.0263101163478	0.593333333333	0.656666666667	1.69533333333	1.28	2.02573752771	0.36	7.00198567132	0.4	520.4	189.6	315.4	22->21->27->28->25->20->31->9	7	0.000983341639142	7
16	0.2125	5	0.617333333333	0.0467499257278	0.55	0.666666666667	1.68066666667	1.28953125	1.99408537883	0.3684375	7.00098334164	0.409375	516.4	185.2	316	22->21->27->28->25->20->31->9	7	0.000983341639142	7
16	0.225	5	0.645333333333	0.010434983895	0.636666666667	0.663333333333	1.686	1.298125	1.96243322996	0.376875	7.00098334164	0.41875	517.8	193.6	308.8	22->21->27->28->25->20->31->9	7	0.000983341639142	7
16	0.2375	5	0.655333333333	0.035480824242	0.606666666667	0.696666666667	1.686	1.30578125	1.93078108109	0.3853125	7.00098334164	0.428125	517.8	196.6	305.8	22->21->27->28->25->20->31->9	7	0.000983341639142	7
16	0.25	5	0.628	0.0436272086356	0.58	0.673333333333	1.668	1.3125	1.89912893222	0.39375	7.00098334164	0.4375	512.8	188.4	309.4	22->21->27->28->25->20->31->9	7	0.000983341639142	7
16	0.2625	5	0.699333333333	0.034592870171	0.66	0.743333333333	1.68466666667	1.31828125	1.86747678335	0.4021875	7.00098334164	0.446875	517	209.8	292.6	22->21->27->28->25->20->31->9	7	0.000983341639142	7
16	0.275	5	0.666666666667	0.0164991582277	0.653333333333	0.693333333333	1.66533333333	1.323125	1.83582463448	0.410625	7.00098334164	0.45625	511	200	295.6	22->21->27->28->25->20->31->9	7	0.000983341639142	7
16	0.2875	5	0.708	0.0509683997961	0.663333333333	0.783333333333	1.66666666667	1.32703125	1.80417248561	0.4190625	7.00098334164	0.465625	511.8	212.4	283.8	22->21->27->28->25->20->31->9	7	0.000983341639142	7
16	0.3	5	0.676	0.0520363121076	0.61	0.753333333333	1.648	1.33	1.77252033674	0.4275	7.00098334164	0.475	505.8	202.8	288.2	22->21->27->28->25->20->31->9	7	0.000983341639142	7
16	0.3125	5	0.735333333333	0.0282449602191	0.703333333333	0.76	1.64666666667	1.33203125	1.74086818787	0.4359375	7.00098334164	0.484375	505.4	220.6	270	22->21->27->28->25->20->31->9	7	0.000983341639142	7
16	0.325	5	0.744	0.0172240142437	0.723333333333	0.763333333333	1.63866666667	1.333125	1.709216039	0.444375	7.00098334164	0.49375	503.6	223.2	265.6	22->21->27->28->25->20->31->9	7	0.000983341639142	7
16	0.333333333333	5	0.752	0.0367120930724	0.716666666667	0.803333333333	1.62666666667	1.33333333333	1.68811460642	0.45	7.00098334164	0.5	499.8	225.6	260.4	22->21->27->28->25->20->31->9	7	0.000983341639142	7
16	0.3375	5	0.728	0.0199443670689	0.696666666667	0.746666666667	1.618	1.33328125	1.67756389013	0.4528125	7.00098334164	0.503125	496.8	218.4	263.4	22->21->27->28->25->20->31->9	7	0.000983341639142	7
16	0.35	5	0.732	0.0164316767251	0.713333333333	0.753333333333	1.59666666667	1.3325	1.64591174126	0.46125	7.00098334164	0.5125	490.8	219.6	257	22->21->27->28->25->20->31->9	7	0.000983341639142	7
16	0.3625	5	0.713333333333	0.0573488351136	0.623333333333	0.776666666667	1.574	1.33078125	1.61425959239	0.4696875	7.00098334164	0.521875	483.4	214	256.6	22->21->27->28->25->20->31->9	7	0.000983341639142	7
16	0.375	5	0.742	0.0381954040283	0.696666666667	0.79	1.54666666667	1.328125	1.58260744352	0.478125	7.00098334164	0.53125	475	222.6	239.2	22->21->27->28->25->20->31->9	7	0.000983341639142	7
16	0.3875	5	0.753333333333	0.0525991127935	0.7	0.823333333333	1.51666666667	1.32453125	1.55095529465	0.4865625	7.00098334164	0.540625	466	226	226.8	22->21->27->28->25->20->31->9	7	0.000983341639142	7
16	0.4	5	0.758666666667	0.0338788691929	0.733333333333	0.81	1.48666666667	1.32	1.51930314578	0.495	7.00098334164	0.55	456	227.6	215.8	22->21->27->28->25->20->31->9	7	0.000983341639142	7
16	0.4125	5	0.744666666667	0.0186488009743	0.73	0.776666666667	1.45333333333	1.31453125	1.48765099691	0.5034375	7.00098334164	0.559375	447	223.4	210.4	22->21->27->28->25->20->31->9	7	0.000983341639142	7
16	0.425	5	0.727333333333	0.0212655172103	0.71	0.763333333333	1.42333333333	1.308125	1.45599884804	0.511875	7.00098334164	0.56875	437	218.2	206.4	22->21->27->28->25->20->31->9	7	0.000983341639142	7
16	0.4375	5	0.728666666667	0.0359474925721	0.7	0.79	1.39333333333	1.30078125	1.42434669917	0.5203125	7.00098334164	0.578125	428	218.6	198.6	22->21->27->28->25->20->31->9	7	0.000983341639142	7
16	0.45	5	0.727333333333	0.0324379750018	0.683333333333	0.763333333333	1.36333333333	1.2925	1.3926945503	0.52875	7.00098334164	0.5875	418	218.2	189	22->21->27->28->25->20->31->9	7	0.000983341639142	7
16	0.4625	5	0.714	0.0224103150853	0.68	0.74	1.33	1.28328125	1.36104240143	0.5371875	7.00098334164	0.596875	409	214.2	183.2	22->21->27->28->25->20->31->9	7	0.000983341639142	7
16	0.475	5	0.684666666667	0.0499777728373	0.633333333333	0.76	1.3	1.273125	1.32939025256	0.545625	7.00098334164	0.60625	399	205.4	182	22->21->27->28->25->20->31->9	7	0.000983341639142	7
16	0.4875	5	0.720666666667	0.0386867763799	0.656666666667	0.76	1.27	1.26203125	1.29773810369	0.5540625	7.00098334164	0.615625	390	216.2	163.4	22->21->27->28->25->20->31->9	7	0.000983341639142	7
16	0.5	5	0.702666666667	0.0264994758859	0.663333333333	0.73	1.23666666667	1.25	1.26608595482	0.5625	7.00098334164	0.625	380	210.8	159.8	22->21->27->28->25->20->31->9	7	0.000983341639142	7
16	0.5125	5	0.682	0.050365331992	0.623333333333	0.753333333333	1.20666666667	1.23703125	1.23443380595	0.5709375	7.00098334164	0.634375	371	204.6	156.4	22->21->27->28->25->20->31->9	7	0.000983341639142	7
16	0.525	5	0.694666666667	0.0291166237359	0.66	0.733333333333	1.17666666667	1.223125	1.20278165707	0.579375	7.00098334164	0.64375	361	208.4	143.2	22->21->27->28->25->20->31->9	7	0.000983341639142	7
16	0.5375	5	0.68	0.0348010216964	0.636666666667	0.716666666667	1.14666666667	1.20828125	1.1711295082	0.5878125	7.00098334164	0.653125	352	204	138.6	22->21->27->28->25->20->31->9	7	0.000983341639142	7
16	0.55	5	0.651333333333	0.0301477841453	0.606666666667	0.683333333333	1.11333333333	1.1925	1.13947735933	0.59625	7.00098334164	0.6625	342	195.4	137.4	22->21->27->28->25->20->31->9	7	0.000983341639142	7
16	0.5625	5	0.644666666667	0.0327108544676	0.59	0.676666666667	1.08333333333	1.17578125	1.10782521046	0.6046875	7.00098334164	0.671875	333	193.4	129.8	22->21->27->28->25->20->31->9	7	0.000983341639142	7
16	0.575	5	0.634	0.025429641497	0.6	0.666666666667	1.05333333333	1.158125	1.07617306159	0.613125	7.00098334164	0.68125	323	190.2	125.2	22->21->27->28->25->20->31->9	7	0.000983341639142	7
16	0.5875	5	0.62	0.0307318148576	0.576666666667	0.663333333333	1.02333333333	1.13953125	1.04452091272	0.6215625	7.00098334164	0.690625	314	186	119.8	22->21->27->28->25->20->31->9	7	0.000983341639142	7
16	0.6	5	0.624666666667	0.0257768199057	0.593333333333	0.66	0.99	1.12	1.01286876385	0.63	7.00098334164	0.7	304	187.4	108	22->21->27->28->25->20->31->9	7	0.000983341639142	7
16	0.6125	5	0.622	0.0134577528255	0.603333333333	0.64	0.96	1.09953125	0.981216614982	0.6384375	7.00098334164	0.709375	295	186.6	100	22->21->27->28->25->20->31->9	7	0.000983341639142	7
16	0.625	5	0.592666666667	0.027828841953	0.55	0.616666666667	0.93	1.078125	0.949564466112	0.646875	7.00098334164	0.71875	285	177.8	100.6	22->21->27->28->25->20->31->9	7	0.000983341639142	7
16	0.6375	5	0.590666666667	0.0217817456703	0.566666666667	0.62	0.896666666667	1.05578125	0.917912317241	0.6553125	7.00098334164	0.728125	276	177.2	91.2	22->21->27->28->25->20->31->9	7	0.000983341639142	7
16	0.65	5	0.564666666666	0.0236408309687	0.543333333333	0.603333333333	0.866666666667	1.0325	0.886260168371	0.66375	7.00098334164	0.7375	266	169.4	89.8	22->21->27->28->25->20->31->9	7	0.000983341639142	7
16	0.6625	5	0.552666666667	0.0248774775427	0.526666666667	0.586666666667	0.836666666667	1.00828125	0.854608019501	0.6721875	7.00098334164	0.746875	257	165.8	84.8	22->21->27->28->25->20->31->9	7	0.000983341639142	7
16	0.675	5	0.539333333333	0.020466775244	0.503333333333	0.553333333333	0.806666666667	0.983125	0.82295587063	0.680625	7.00098334164	0.75625	247	161.8	79	22->21->27->28->25->20->31->9	7	0.000983341639142	7
16	0.6875	5	0.566	0.0111554670205	0.546666666667	0.573333333333	0.773333333333	0.95703125	0.79130372176	0.6890625	7.00098334164	0.765625	238	169.8	62	22->21->27->28->25->20->31->9	7	0.000983341639142	7
16	0.7	5	0.514666666667	0.024106246309	0.486666666667	0.54	0.743333333333	0.93	0.759651572889	0.6975	7.00098334164	0.775	228	154.4	68.6	22->21->27->28->25->20->31->9	7	0.000983341639142	7
16	0.7125	5	0.508	0.017575235102	0.49	0.53	0.713333333333	0.90203125	0.727999424019	0.7059375	7.00098334164	0.784375	219	152.4	61.2	22->21->27->28->25->20->31->9	7	0.000983341639142	7
16	0.725	5	0.488666666667	0.027345525736	0.453333333333	0.516666666667	0.683333333333	0.873125	0.696347275149	0.714375	7.00098334164	0.79375	209	146.6	57.6	22->21->27->28->25->20->31->9	7	0.000983341639142	7
16	0.7375	5	0.472	0.0148323969742	0.45	0.49	0.65	0.84328125	0.664695126278	0.7228125	7.00098334164	0.803125	200	141.6	53	22->21->27->28->25->20->31->9	7	0.000983341639142	7
16	0.75	5	0.452666666667	0.0101105005919	0.436666666667	0.463333333333	0.62	0.8125	0.633042977408	0.73125	7.00098334164	0.8125	190	135.8	50	22->21->27->28->25->20->31->9	7	0.000983341639142	7
16	0.7625	5	0.438666666667	0.0106978710239	0.423333333333	0.45	0.59	0.78078125	0.601390828537	0.7396875	7.00098334164	0.821875	181	131.6	45.2	22->21->27->28->25->20->31->9	7	0.000983341639142	7
16	0.775	5	0.427333333333	0.0129957257931	0.41	0.446666666667	0.556666666667	0.748125	0.569738679667	0.748125	7.00098334164	0.83125	171	128.2	38.6	22->21->27->28->25->20->31->9	7	0.000983341639142	7
16	0.7875	5	0.4	0.0177951304201	0.38	0.423333333333	0.526666666667	0.71453125	0.538086530797	0.7565625	7.00098334164	0.840625	162	120	38	22->21->27->28->25->20->31->9	7	0.000983341639142	7
16	0.8	5	0.391333333333	0.0146439217575	0.376666666667	0.41	0.496666666667	0.68	0.506434381926	0.765	7.00098334164	0.85	152	117.4	31.4	22->21->27->28->25->20->31->9	7	0.000983341639142	7
16	0.8125	5	0.354	0.0103816076683	0.34	0.363333333333	0.466666666667	0.64453125	0.474782233056	0.7734375	7.00098334164	0.859375	143	106.2	33.2	22->21->27->28->25->20->31->9	7	0.000983341639142	7
16	0.825	5	0.345333333333	0.0101653004547	0.333333333333	0.356666666667	0.433333333333	0.608125	0.443130084185	0.781875	7.00098334164	0.86875	133	103.6	26.2	22->21->27->28->25->20->31->9	7	0.000983341639142	7
16	0.8375	5	0.323333333333	0.0143372087784	0.303333333333	0.34	0.403333333333	0.57078125	0.411477935315	0.7903125	7.00098334164	0.878125	124	97	23.8	22->21->27->28->25->20->31->9	7	0.000983341639142	7
16	0.85	5	0.302	0.00988826464952	0.29	0.313333333333	0.373333333333	0.5325	0.379825786445	0.79875	7.00098334164	0.8875	114	90.6	21.4	22->21->27->28->25->20->31->9	7	0.000983341639142	7
16	0.8625	5	0.271333333333	0.0121563883525	0.256666666667	0.286666666667	0.343333333333	0.49328125	0.348173637574	0.8071875	7.00098334164	0.896875	105	81.4	21	22->21->27->28->25->20->31->9	7	0.000983341639142	7
16	0.875	5	0.262666666667	0.00683130051064	0.256666666667	0.27	0.31	0.453125	0.316521488704	0.815625	7.00098334164	0.90625	95	78.8	13.8	22->21->27->28->25->20->31->9	7	0.000983341639142	7
16	0.8875	5	0.230666666667	0.00722649446289	0.22	0.24	0.28	0.41203125	0.284869339834	0.8240625	7.00098334164	0.915625	86	69.2	14.2	22->21->27->28->25->20->31->9	7	0.000983341639142	7
16	0.9	5	0.208666666667	0.00691214711752	0.196666666667	0.213333333333	0.25	0.37	0.253217190963	0.8325	7.00098334164	0.925	76	62.6	12	22->21->27->28->25->20->31->9	7	0.000983341639142	7
16	0.9125	5	0.189333333333	0.0043461349368	0.183333333333	0.193333333333	0.216666666667	0.32703125	0.221565042093	0.8409375	7.00098334164	0.934375	67	56.8	8.2	22->21->27->28->25->20->31->9	7	0.000983341639142	7
16	0.925	5	0.154666666667	0.010434983895	0.143333333333	0.17	0.186666666667	0.283125	0.189912893222	0.849375	7.00098334164	0.94375	57	46.4	9.6	22->21->27->28->25->20->31->9	7	0.000983341639142	7
16	0.9375	5	0.134	0.0043461349368	0.13	0.14	0.156666666667	0.23828125	0.158260744352	0.8578125	7.00098334164	0.953125	48	40.2	6.6	22->21->27->28->25->20->31->9	7	0.000983341639142	7
16	0.95	5	0.114666666667	0.00691214711759	0.106666666667	0.123333333333	0.126666666667	0.1925	0.126608595482	0.86625	7.00098334164	0.9625	38	34.4	3.6	22->21->27->28->25->20->31->9	7	0.000983341639142	7
16	0.9625	5	0.0853333333333	0.00605530070819	0.0766666666667	0.0933333333333	0.0933333333333	0.14578125	0.0949564466112	0.8746875	7.00098334164	0.971875	29	25.6	2.4	22->21->27->28->25->20->31->9	7	0.000983341639142	7
16	0.975	5	0.0566666666667	0.00235702260396	0.0533333333333	0.06	0.0633333333333	0.098125	0.0633042977408	0.883125	7.00098334164	0.98125	19	17	2	22->21->27->28->25->20->31->9	7	0.000983341639142	7
16	0.9875	5	0.0286666666667	0.00380058475033	0.0233333333333	0.0333333333333	0.0333333333333	0.04953125	0.0316521488704	0.8915625	7.00098334164	0.990625	10	8.6	1.4	22->21->27->28->25->20->31->9	7	0.000983341639142	7
18	0.0125	5	0.439333333333	0.0449320474593	0.39	0.493333333333	1.86666666667	1.02453125	2.50051976076	0.2334375	7.00098334164	0.259375	572.6	131.8	423	22->21->27->28->25->20->31->9	7	0.000983341639142	7
18	0.025	5	0.458666666667	0.0198046010367	0.433333333333	0.48	1.866	1.048125	2.46886761189	0.241875	7.00098334164	0.26875	573.8	137.6	418.8	22->21->27->28->25->20->31->9	7	0.000983341639142	7
18	0.0375	5	0.449333333333	0.0444347211586	0.4	0.516666666667	1.86333333333	1.07078125	2.43721546302	0.2503125	7.00098334164	0.278125	572.2	134.8	419.6	22->21->27->28->25->20->31->9	7	0.000983341639142	7
18	0.05	5	0.500666666667	0.0342701684333	0.456666666667	0.543333333333	1.86933333333	1.0925	2.40556331415	0.25875	7.00098334164	0.2875	574.6	150.2	406.4	22->21->27->28->25->20->31->9	7	0.000983341639142	7
18	0.0625	5	0.483333333333	0.0325747004762	0.45	0.536666666667	1.862	1.11328125	2.37391116528	0.2671875	7.00156039062	0.296875	571.8	145	409.2	22->21->27->28->25->20->31->9	7	0.000983341639142	7
18	0.075	5	0.496666666667	0.0414996653266	0.44	0.536666666667	1.86266666667	1.133125	2.34225901641	0.275625	7.00098334164	0.30625	571.6	149	405	22->21->27->28->25->20->31->9	7	0.000983341639142	7
18	0.0875	5	0.550666666667	0.0296647939484	0.51	0.586666666667	1.87933333333	1.15203125	2.31060686754	0.2840625	7.00098334164	0.315625	577	165.2	394.6	22->21->27->28->25->20->31->9	7	0.000983341639142	7
18	0.1	5	0.547333333333	0.030495901364	0.503333333333	0.583333333333	1.87266666667	1.17	2.27895471867	0.2925	7.00098334164	0.325	575.4	164.2	393.6	22->21->27->28->25->20->31->9	7	0.000983341639142	7
18	0.1125	5	0.556666666667	0.0340750805004	0.523333333333	0.6	1.86733333333	1.18703125	2.2473025698	0.3009375	7.0014948105	0.334375	574	167	389.8	22->21->27->28->25->20->31->9	7	0.000983341639142	7
18	0.125	5	0.564666666667	0.0219342451685	0.536666666667	0.59	1.868	1.203125	2.21565042093	0.309375	7.00098334164	0.34375	573	169.4	386.2	22->21->27->28->25->20->31->9	7	0.000983341639142	7
18	0.1375	5	0.606	0.0506293722392	0.55	0.676666666667	1.87333333333	1.21828125	2.18399827206	0.3178125	7.00098334164	0.353125	575.2	181.8	376.2	22->21->27->28->25->20->31->9	7	0.000983341639142	7
18	0.15	5	0.604666666667	0.0735451486428	0.52	0.683333333333	1.86733333333	1.2325	2.15234612319	0.32625	7.00098334164	0.3625	573.4	181.4	374.6	22->21->27->28->25->20->31->9	7	0.000983341639142	7
18	0.1625	5	0.632666666667	0.0364691650576	0.596666666667	0.693333333333	1.86466666667	1.24578125	2.12069397432	0.3346875	7.00098334164	0.371875	573	189.8	366.2	22->21->27->28->25->20->31->9	7	0.000983341639142	7
18	0.175	5	0.624	0.0318328970302	0.586666666667	0.666666666667	1.86133333333	1.258125	2.08904182545	0.343125	7.00098334164	0.38125	572	187.2	367.6	22->21->27->28->25->20->31->9	7	0.000983341639142	7
18	0.1875	5	0.644	0.0392569880545	0.62	0.713333333333	1.85666666667	1.26953125	2.05738967658	0.3515625	7.00098334164	0.390625	569.6	193.2	359.4	22->21->27->28->25->20->31->9	7	0.000983341639142	7
18	0.2	5	0.661333333333	0.028732482586	0.63	0.706666666667	1.85333333333	1.28	2.02573752771	0.36	7.00098334164	0.4	569.6	198.4	354.2	22->21->27->28->25->20->31->9	7	0.000983341639142	7
18	0.2125	5	0.677333333333	0.0201935083078	0.646666666667	0.693333333333	1.85466666667	1.28953125	1.99408537883	0.3684375	7.00098334164	0.409375	569.4	203.2	349	22->21->27->28->25->20->31->9	7	0.000983341639142	7
18	0.225	5	0.708	0.0337144874893	0.673333333333	0.763333333333	1.84466666667	1.298125	1.96243322996	0.376875	7.00098334164	0.41875	566.6	212.4	337.8	22->21->27->28->25->20->31->9	7	0.000983341639142	7
18	0.2375	5	0.688666666667	0.0438811526234	0.636666666667	0.743333333333	1.83133333333	1.30578125	1.93078108109	0.3853125	7.00098334164	0.428125	562.4	206.6	339	22->21->27->28->25->20->31->9	7	0.000983341639142	7
18	0.25	5	0.710666666667	0.0418595535359	0.646666666667	0.756666666667	1.82	1.3125	1.89912893222	0.39375	7.00098334164	0.4375	558.8	213.2	329.4	22->21->27->28->25->20->31->9	7	0.000983341639142	7
18	0.2625	5	0.73	0.0368178700573	0.696666666667	0.786666666667	1.80733333333	1.31828125	1.86747678335	0.4021875	7.00098334164	0.446875	555	219	319	22->21->27->28->25->20->31->9	7	0.000983341639142	7
18	0.275	5	0.744	0.0451786576949	0.676666666667	0.786666666667	1.788	1.323125	1.83582463448	0.410625	7.00098334164	0.45625	548.8	223.2	309.4	22->21->27->28->25->20->31->9	7	0.000983341639142	7
18	0.2875	5	0.738	0.027446918467	0.69	0.76	1.76333333333	1.32703125	1.80417248561	0.4190625	7.00098334164	0.465625	541.4	221.4	304.4	22->21->27->28->25->20->31->9	7	0.000983341639142	7
18	0.3	5	0.760666666667	0.025429641497	0.736666666667	0.8	1.73333333333	1.33	1.77252033674	0.4275	7.00098334164	0.475	532	228.2	289.6	22->21->27->28->25->20->31->9	7	0.000983341639142	7
18	0.3125	5	0.725333333333	0.0272437556556	0.69	0.763333333333	1.70333333333	1.33203125	1.74086818787	0.4359375	7.00098334164	0.484375	523	217.6	289.2	22->21->27->28->25->20->31->9	7	0.000983341639142	7
18	0.325	5	0.718666666667	0.0339607616719	0.686666666667	0.77	1.67	1.333125	1.709216039	0.444375	7.00098334164	0.49375	513	215.6	283.6	22->21->27->28->25->20->31->9	7	0.000983341639142	7
18	0.333333333333	5	0.74	0.0129099444874	0.723333333333	0.753333333333	1.65	1.33333333333	1.68811460642	0.45	7.00098334164	0.5	507	222	269.8	22->21->27->28->25->20->31->9	7	0.000983341639142	7
18	0.3375	5	0.742	0.0199443670689	0.713333333333	0.766666666667	1.64	1.33328125	1.67756389013	0.4528125	7.00098334164	0.503125	504	222.6	266.4	22->21->27->28->25->20->31->9	7	0.000983341639142	7
18	0.35	5	0.728666666667	0.0477609789589	0.673333333333	0.79	1.61	1.3325	1.64591174126	0.46125	7.00098334164	0.5125	494	218.6	261.8	22->21->27->28->25->20->31->9	7	0.000983341639142	7
18	0.3625	5	0.744666666667	0.0337144874893	0.71	0.796666666667	1.57666666667	1.33078125	1.61425959239	0.4696875	7.00098334164	0.521875	485	223.4	247.8	22->21->27->28->25->20->31->9	7	0.000983341639142	7
18	0.375	5	0.746666666667	0.0601849002842	0.673333333333	0.81	1.54666666667	1.328125	1.58260744352	0.478125	7.00098334164	0.53125	475	224	238.2	22->21->27->28->25->20->31->9	7	0.000983341639142	7
18	0.3875	5	0.752	0.0288289977473	0.716666666667	0.783333333333	1.51666666667	1.32453125	1.55095529465	0.4865625	7.00098334164	0.540625	466	225.6	227	22->21->27->28->25->20->31->9	7	0.000983341639142	7
18	0.4	5	0.722	0.019379255805	0.7	0.74	1.48666666667	1.32	1.51930314578	0.495	7.00098334164	0.55	456	216.6	227.8	22->21->27->28->25->20->31->9	7	0.000983341639142	7
18	0.4125	5	0.732666666667	0.0339443989816	0.696666666667	0.776666666667	1.45333333333	1.31453125	1.48765099691	0.5034375	7.00098334164	0.559375	447	219.8	214	22->21->27->28->25->20->31->9	7	0.000983341639142	7
18	0.425	5	0.703333333333	0.0353553390593	0.67	0.763333333333	1.42333333333	1.308125	1.45599884804	0.511875	7.00098334164	0.56875	437	211	214.6	22->21->27->28->25->20->31->9	7	0.000983341639142	7
18	0.4375	5	0.709333333333	0.025429641497	0.68	0.73	1.39333333333	1.30078125	1.42434669917	0.5203125	7.00098334164	0.578125	428	212.8	203.4	22->21->27->28->25->20->31->9	7	0.000983341639142	7
18	0.45	5	0.732666666667	0.0147948940141	0.72	0.753333333333	1.36333333333	1.2925	1.3926945503	0.52875	7.00098334164	0.5875	418	219.8	186.6	22->21->27->28->25->20->31->9	7	0.000983341639142	7
18	0.4625	5	0.7	0.0192930615047	0.676666666667	0.726666666667	1.33	1.28328125	1.36104240143	0.5371875	7.00098334164	0.596875	409	210	187.4	22->21->27->28->25->20->31->9	7	0.000983341639142	7
18	0.475	5	0.712666666667	0.0418595535359	0.656666666667	0.773333333333	1.3	1.273125	1.32939025256	0.545625	7.00098334164	0.60625	399	213.8	175.4	22->21->27->28->25->20->31->9	7	0.000983341639142	7
18	0.4875	5	0.7	0.0419655943734	0.643333333333	0.756666666667	1.27	1.26203125	1.29773810369	0.5540625	7.00098334164	0.615625	390	210	169.2	22->21->27->28->25->20->31->9	7	0.000983341639142	7
18	0.5	5	0.711333333333	0.0140633487398	0.69	0.726666666667	1.23666666667	1.25	1.26608595482	0.5625	7.00098334164	0.625	380	213.4	156.6	22->21->27->28->25->20->31->9	7	0.000983341639142	7
18	0.5125	5	0.727333333333	0.0118790197875	0.713333333333	0.74	1.20666666667	1.23703125	1.23443380595	0.5709375	7.00098334164	0.634375	371	218.2	142.6	22->21->27->28->25->20->31->9	7	0.000983341639142	7
18	0.525	5	0.702	0.0370135110466	0.646666666667	0.75	1.17666666667	1.223125	1.20278165707	0.579375	7.00098334164	0.64375	361	210.6	141.2	22->21->27->28->25->20->31->9	7	0.000983341639142	7
18	0.5375	5	0.663333333333	0.0371931893407	0.623333333333	0.716666666667	1.14666666667	1.20828125	1.1711295082	0.5878125	7.00098334164	0.653125	352	199	143.2	22->21->27->28->25->20->31->9	7	0.000983341639142	7
18	0.55	5	0.656	0.0158815056661	0.64	0.68	1.11333333333	1.1925	1.13947735933	0.59625	7.00098334164	0.6625	342	196.8	135.8	22->21->27->28->25->20->31->9	7	0.000983341639142	7
18	0.5625	5	0.648666666667	0.0246756740311	0.62	0.686666666667	1.08333333333	1.17578125	1.10782521046	0.6046875	7.00098334164	0.671875	333	194.6	128.8	22->21->27->28->25->20->31->9	7	0.000983341639142	7
18	0.575	5	0.639333333333	0.0516612900428	0.57	0.713333333333	1.05333333333	1.158125	1.07617306159	0.613125	7.00098334164	0.68125	323	191.8	123.2	22->21->27->28->25->20->31->9	7	0.000983341639142	7
18	0.5875	5	0.619333333333	0.0225339250415	0.583333333333	0.64	1.02333333333	1.13953125	1.04452091272	0.6215625	7.00098334164	0.690625	314	185.8	119.2	22->21->27->28->25->20->31->9	7	0.000983341639142	7
18	0.6	5	0.602	0.0315876206413	0.546666666667	0.626666666667	0.99	1.12	1.01286876385	0.63	7.00098334164	0.7	304	180.6	115.4	22->21->27->28->25->20->31->9	7	0.000983341639142	7
18	0.6125	5	0.617333333333	0.023499408976	0.583333333333	0.646666666667	0.96	1.09953125	0.981216614982	0.6384375	7.00098334164	0.709375	295	185.2	101.8	22->21->27->28->25->20->31->9	7	0.000983341639142	7
18	0.625	5	0.598666666667	0.0132497379429	0.576666666667	0.61	0.93	1.078125	0.949564466112	0.646875	7.00098334164	0.71875	285	179.6	98.4	22->21->27->28->25->20->31->9	7	0.000983341639142	7
18	0.6375	5	0.590666666667	0.0206020495205	0.563333333333	0.62	0.896666666667	1.05578125	0.917912317241	0.6553125	7.00098334164	0.728125	276	177.2	91	22->21->27->28->25->20->31->9	7	0.000983341639142	7
18	0.65	5	0.576666666667	0.00781735959971	0.566666666667	0.583333333333	0.866666666667	1.0325	0.886260168371	0.66375	7.00098334164	0.7375	266	173	86.4	22->21->27->28->25->20->31->9	7	0.000983341639142	7
18	0.6625	5	0.56	0.0179505493571	0.543333333333	0.586666666667	0.836666666667	1.00828125	0.854608019501	0.6721875	7.00098334164	0.746875	257	168	81	22->21->27->28->25->20->31->9	7	0.000983341639142	7
18	0.675	5	0.574666666667	0.0226813677816	0.543333333333	0.596666666667	0.806666666667	0.983125	0.82295587063	0.680625	7.00098334164	0.75625	247	172.4	69	22->21->27->28->25->20->31->9	7	0.000983341639142	7
18	0.6875	5	0.527333333333	0.0203306009093	0.51	0.56	0.773333333333	0.95703125	0.79130372176	0.6890625	7.00098334164	0.765625	238	158.2	73.4	22->21->27->28->25->20->31->9	7	0.000983341639142	7
18	0.7	5	0.526666666667	0.00881917103688	0.513333333333	0.536666666667	0.743333333333	0.93	0.759651572889	0.6975	7.00098334164	0.775	228	158	64.8	22->21->27->28->25->20->31->9	7	0.000983341639142	7
18	0.7125	5	0.498666666667	0.01192569588	0.486666666667	0.516666666667	0.713333333333	0.90203125	0.727999424019	0.7059375	7.00098334164	0.784375	219	149.6	64	22->21->27->28->25->20->31->9	7	0.000983341639142	7
18	0.725	5	0.474666666667	0.0198046010367	0.446666666667	0.5	0.683333333333	0.873125	0.696347275149	0.714375	7.00098334164	0.79375	209	142.4	62.2	22->21->27->28->25->20->31->9	7	0.000983341639142	7
18	0.7375	5	0.475333333333	0.019663841605	0.453333333333	0.5	0.65	0.84328125	0.664695126278	0.7228125	7.00098334164	0.803125	200	142.6	52.2	22->21->27->28->25->20->31->9	7	0.000983341639142	7
18	0.75	5	0.460666666667	0.0116428327977	0.446666666667	0.473333333333	0.62	0.8125	0.633042977408	0.73125	7.00098334164	0.8125	190	138.2	47.6	22->21->27->28->25->20->31->9	7	0.000983341639142	7
18	0.7625	5	0.432666666667	0.0098319208025	0.426666666667	0.45	0.59	0.78078125	0.601390828537	0.7396875	7.00098334164	0.821875	181	129.8	46.8	22->21->27->28->25->20->31->9	7	0.000983341639142	7
18	0.775	5	0.418	0.021550973167	0.386666666667	0.44	0.556666666667	0.748125	0.569738679667	0.748125	7.00098334164	0.83125	171	125.4	41.4	22->21->27->28->25->20->31->9	7	0.000983341639142	7
18	0.7875	5	0.402	0.0136626010213	0.386666666667	0.42	0.526666666667	0.71453125	0.538086530797	0.7565625	7.00098334164	0.840625	162	120.6	37.2	22->21->27->28->25->20->31->9	7	0.000983341639142	7
18	0.8	5	0.373333333333	0.0152752523165	0.35	0.39	0.496666666667	0.68	0.506434381926	0.765	7.00098334164	0.85	152	112	36.4	22->21->27->28->25->20->31->9	7	0.000983341639142	7
18	0.8125	5	0.361333333333	0.00836660026534	0.353333333333	0.373333333333	0.466666666667	0.64453125	0.474782233056	0.7734375	7.00098334164	0.859375	143	108.4	31.4	22->21->27->28->25->20->31->9	7	0.000983341639142	7
18	0.825	5	0.348	0.0223109340409	0.316666666667	0.376666666667	0.433333333333	0.608125	0.443130084185	0.781875	7.00098334164	0.86875	133	104.4	25.2	22->21->27->28->25->20->31->9	7	0.000983341639142	7
18	0.8375	5	0.32	0.0117851130198	0.306666666667	0.336666666667	0.403333333333	0.57078125	0.411477935315	0.7903125	7.00098334164	0.878125	124	96	24.2	22->21->27->28->25->20->31->9	7	0.000983341639142	7
18	0.85	5	0.286666666667	0.0139443337756	0.27	0.3	0.373333333333	0.5325	0.379825786445	0.79875	7.00098334164	0.8875	114	86	25.6	22->21->27->28->25->20->31->9	7	0.000983341639142	7
18	0.8625	5	0.266666666667	0.0135400640077	0.253333333333	0.286666666667	0.343333333333	0.49328125	0.348173637574	0.8071875	7.00098334164	0.896875	105	80	22.6	22->21->27->28->25->20->31->9	7	0.000983341639142	7
18	0.875	5	0.246666666667	0.00881917103688	0.236666666667	0.26	0.31	0.453125	0.316521488704	0.815625	7.00098334164	0.90625	95	74	18.8	22->21->27->28->25->20->31->9	7	0.000983341639142	7
18	0.8875	5	0.240666666667	0.014023789312	0.226666666667	0.263333333333	0.28	0.41203125	0.284869339834	0.8240625	7.00098334164	0.915625	86	72.2	11.6	22->21->27->28->25->20->31->9	7	0.000983341639142	7
18	0.9	5	0.204666666667	0.0167663684533	0.186666666667	0.223333333333	0.25	0.37	0.253217190963	0.8325	7.00098334164	0.925	76	61.4	13.6	22->21->27->28->25->20->31->9	7	0.000983341639142	7
18	0.9125	5	0.175333333333	0.0159164485151	0.156666666667	0.196666666667	0.216666666667	0.32703125	0.221565042093	0.8409375	7.00098334164	0.934375	67	52.6	12.4	22->21->27->28->25->20->31->9	7	0.000983341639142	7
18	0.925	5	0.157333333333	0.0086281194037	0.143333333333	0.166666666667	0.186666666667	0.283125	0.189912893222	0.849375	7.00098334164	0.94375	57	47.2	8.8	22->21->27->28->25->20->31->9	7	0.000983341639142	7
18	0.9375	5	0.136666666667	0.00333333333333	0.133333333333	0.14	0.156666666667	0.23828125	0.158260744352	0.8578125	7.00098334164	0.953125	48	41	5.6	22->21->27->28->25->20->31->9	7	0.000983341639142	7
18	0.95	5	0.115333333333	0.00557773351023	0.11	0.123333333333	0.126666666667	0.1925	0.126608595482	0.86625	7.00098334164	0.9625	38	34.6	3.4	22->21->27->28->25->20->31->9	7	0.000983341639142	7
18	0.9625	5	0.08	0.00623609564462	0.0733333333333	0.09	0.0933333333333	0.14578125	0.0949564466112	0.8746875	7.00098334164	0.971875	29	24	4	22->21->27->28->25->20->31->9	7	0.000983341639142	7
18	0.975	5	0.0573333333333	0.00494413232473	0.05	0.0633333333333	0.0633333333333	0.098125	0.0633042977408	0.883125	7.00098334164	0.98125	19	17.2	1.8	22->21->27->28->25->20->31->9	7	0.000983341639142	7
18	0.9875	5	0.0313333333333	0.00182574185835	0.03	0.0333333333333	0.0333333333333	0.04953125	0.0316521488704	0.8915625	7.00098334164	0.990625	10	9.4	0.6	22->21->27->28->25->20->31->9	7	0.000983341639142	7
20	0.0125	5	0.491333333333	0.0218072363117	0.46	0.52	2.05933333333	1.02453125	2.50051976076	0.2334375	7.00207155077	0.259375	632.4	147.4	465.4	22->21->27->28->25->20->31->9	7	0.000983341639142	7
20	0.025	5	0.524	0.0344318973563	0.48	0.563333333333	2.05666666667	1.048125	2.46886761189	0.241875	7.00098334164	0.26875	630.6	157.2	453.6	22->21->27->28->25->20->31->9	7	0.000983341639142	7
20	0.0375	5	0.519333333333	0.0314819172083	0.47	0.546666666667	2.056	1.07078125	2.43721546302	0.2503125	7.00098334164	0.278125	631.8	155.8	457	22->21->27->28->25->20->31->9	7	0.000983341639142	7
20	0.05	5	0.535333333333	0.0288289977473	0.496666666667	0.566666666667	2.052	1.0925	2.40556331415	0.25875	7.00098334164	0.2875	630.2	160.6	450.6	22->21->27->28->25->20->31->9	7	0.000983341639142	7
20	0.0625	5	0.552666666667	0.0306775343062	0.52	0.59	2.052	1.11328125	2.37391116528	0.2671875	7.00098334164	0.296875	630	165.8	445.2	22->21->27->28->25->20->31->9	7	0.000983341639142	7
20	0.075	5	0.551333333333	0.0121563883525	0.536666666667	0.566666666667	2.04466666667	1.133125	2.34225901641	0.275625	7.00098334164	0.30625	628.2	165.4	443.4	22->21->27->28->25->20->31->9	7	0.000983341639142	7
20	0.0875	5	0.555333333333	0.0367120930727	0.506666666667	0.596666666667	2.04266666667	1.15203125	2.31060686754	0.2840625	7.00152772747	0.315625	628.2	166.6	442.6	22->21->27->28->25->20->31->9	7	0.000983341639142	7
20	0.1	5	0.589333333333	0.0549444163577	0.526666666667	0.643333333333	2.046	1.17	2.27895471867	0.2925	7.00098334164	0.325	628.4	176.8	432	22->21->27->28->25->20->31->9	7	0.000983341639142	7
20	0.1125	5	0.606666666667	0.0295334085778	0.573333333333	0.653333333333	2.042	1.18703125	2.2473025698	0.3009375	7.00098334164	0.334375	626.8	182	425	22->21->27->28->25->20->31->9	7	0.000983341639142	7
20	0.125	5	0.671333333333	0.0235230383525	0.633333333333	0.693333333333	2.046	1.203125	2.21565042093	0.309375	7.00098334164	0.34375	628.6	201.4	408.6	22->21->27->28->25->20->31->9	7	0.000983341639142	7
20	0.1375	5	0.663333333333	0.021730674684	0.636666666667	0.69	2.036	1.21828125	2.18399827206	0.3178125	7.00098334164	0.353125	625.6	199	407.4	22->21->27->28->25->20->31->9	7	0.000983341639142	7
20	0.15	5	0.679333333333	0.0225339250415	0.64	0.696666666667	2.032	1.2325	2.15234612319	0.32625	7.00098334164	0.3625	623.8	203.8	400.8	22->21->27->28->25->20->31->9	7	0.000983341639142	7
20	0.1625	5	0.678666666667	0.0405928291423	0.636666666667	0.73	2.02266666667	1.24578125	2.12069397432	0.3346875	7.00098334164	0.371875	621.2	203.6	399.4	22->21->27->28->25->20->31->9	7	0.000983341639142	7
20	0.175	5	0.680666666667	0.0556975961979	0.62	0.74	2.00933333333	1.258125	2.08904182545	0.343125	7.00098334164	0.38125	617.2	204.2	395.2	22->21->27->28->25->20->31->9	7	0.000983341639142	7
20	0.1875	5	0.700666666667	0.0427135159457	0.64	0.743333333333	1.99	1.26953125	2.05738967658	0.3515625	7.00098334164	0.390625	611.6	210.2	383.2	22->21->27->28->25->20->31->9	7	0.000983341639142	7
20	0.2	5	0.717333333333	0.0471050834718	0.653333333333	0.773333333333	1.97066666667	1.28	2.02573752771	0.36	7.00098334164	0.4	605.4	215.2	372.4	22->21->27->28->25->20->31->9	7	0.000983341639142	7
20	0.2125	5	0.73	0.0324893144827	0.686666666667	0.773333333333	1.95	1.28953125	1.99408537883	0.3684375	7.00098334164	0.409375	599	219	361.8	22->21->27->28->25->20->31->9	7	0.000983341639142	7
20	0.225	5	0.738666666667	0.0285384730573	0.693333333333	0.766666666667	1.91666666667	1.298125	1.96243322996	0.376875	7.00098334164	0.41875	589	221.6	350.2	22->21->27->28->25->20->31->9	7	0.000983341639142	7
20	0.2375	5	0.704	0.0506293722392	0.656666666667	0.766666666667	1.88666666667	1.30578125	1.93078108109	0.3853125	7.00098334164	0.428125	580	211.2	351	22->21->27->28->25->20->31->9	7	0.000983341639142	7
20	0.25	5	0.748	0.0485683939295	0.713333333333	0.833333333333	1.85666666667	1.3125	1.89912893222	0.39375	7.00098334164	0.4375	570	224.4	328.6	22->21->27->28->25->20->31->9	7	0.000983341639142	7
20	0.2625	5	0.753333333333	0.0177951304201	0.73	0.773333333333	1.82666666667	1.31828125	1.86747678335	0.4021875	7.00098334164	0.446875	561	226	319.2	22->21->27->28->25->20->31->9	7	0.000983341639142	7
20	0.275	5	0.732	0.0408656334834	0.686666666667	0.796666666667	1.79333333333	1.323125	1.83582463448	0.410625	7.00098334164	0.45625	551	219.6	315.4	22->21->27->28->25->20->31->9	7	0.000983341639142	7
20	0.2875	5	0.74	0.0277888866676	0.706666666667	0.78	1.76333333333	1.32703125	1.80417248561	0.4190625	7.00098334164	0.465625	542	222	303.6	22->21->27->28->25->20->31->9	7	0.000983341639142	7
20	0.3	5	0.722666666667	0.0306775343062	0.7	0.773333333333	1.73333333333	1.33	1.77252033674	0.4275	7.00098334164	0.475	532	216.8	301.2	22->21->27->28->25->20->31->9	7	0.000983341639142	7
20	0.3125	5	0.739333333333	0.0367725743214	0.686666666667	0.79	1.70333333333	1.33203125	1.74086818787	0.4359375	7.00098334164	0.484375	523	221.8	285.4	22->21->27->28->25->20->31->9	7	0.000983341639142	7
20	0.325	5	0.762	0.0200831604419	0.736666666667	0.79	1.67	1.333125	1.709216039	0.444375	7.00098334164	0.49375	513	228.6	269.8	22->21->27->28->25->20->31->9	7	0.000983341639142	7
20	0.333333333333	5	0.746	0.0419258604894	0.7	0.806666666667	1.65	1.33333333333	1.68811460642	0.45	7.00098334164	0.5	507	223.8	268.4	22->21->27->28->25->20->31->9	7	0.000983341639142	7
20	0.3375	5	0.735333333333	0.0285384730573	0.71	0.776666666667	1.64	1.33328125	1.67756389013	0.4528125	7.00098334164	0.503125	504	220.6	268.2	22->21->27->28->25->20->31->9	7	0.000983341639142	7
20	0.35	5	0.708666666667	0.0641872261435	0.61	0.776666666667	1.61	1.3325	1.64591174126	0.46125	7.00098334164	0.5125	494	212.6	267.8	22->21->27->28->25->20->31->9	7	0.000983341639142	7
20	0.3625	5	0.754666666667	0.0331327297061	0.723333333333	0.806666666667	1.57666666667	1.33078125	1.61425959239	0.4696875	7.00098334164	0.521875	485	226.4	243.6	22->21->27->28->25->20->31->9	7	0.000983341639142	7
20	0.375	5	0.730666666667	0.0288097205818	0.693333333333	0.773333333333	1.54666666667	1.328125	1.58260744352	0.478125	7.00098334164	0.53125	475	219.2	242.2	22->21->27->28->25->20->31->9	7	0.000983341639142	7
20	0.3875	5	0.763333333333	0.0122474487139	0.743333333333	0.776666666667	1.51666666667	1.32453125	1.55095529465	0.4865625	7.00098334164	0.540625	466	229	222.6	22->21->27->28->25->20->31->9	7	0.000983341639142	7
20	0.4	5	0.752	0.0313226932289	0.716666666667	0.793333333333	1.48666666667	1.32	1.51930314578	0.495	7.00098334164	0.55	456	225.6	217.8	22->21->27->28->25->20->31->9	7	0.000983341639142	7
20	0.4125	5	0.740666666667	0.037888725969	0.696666666667	0.786666666667	1.45333333333	1.31453125	1.48765099691	0.5034375	7.00098334164	0.559375	447	222.2	212.2	22->21->27->28->25->20->31->9	7	0.000983341639142	7
20	0.425	5	0.726666666667	0.030276503541	0.68	0.756666666667	1.42333333333	1.308125	1.45599884804	0.511875	7.00098334164	0.56875	437	218	207.2	22->21->27->28->25->20->31->9	7	0.000983341639142	7
20	0.4375	5	0.723333333333	0.0291547594742	0.686666666667	0.746666666667	1.39333333333	1.30078125	1.42434669917	0.5203125	7.00098334164	0.578125	428	217	199.6	22->21->27->28->25->20->31->9	7	0.000983341639142	7
20	0.45	5	0.724	0.025970068241	0.693333333333	0.753333333333	1.36333333333	1.2925	1.3926945503	0.52875	7.00098334164	0.5875	418	217.2	189.4	22->21->27->28->25->20->31->9	7	0.000983341639142	7
20	0.4625	5	0.710666666667	0.0170619785228	0.69	0.736666666667	1.33	1.28328125	1.36104240143	0.5371875	7.00098334164	0.596875	409	213.2	183.8	22->21->27->28->25->20->31->9	7	0.000983341639142	7
20	0.475	5	0.694666666667	0.0390583608918	0.656666666667	0.756666666667	1.3	1.273125	1.32939025256	0.545625	7.00098334164	0.60625	399	208.4	179.8	22->21->27->28->25->20->31->9	7	0.000983341639142	7
20	0.4875	5	0.720666666667	0.0248774775427	0.696666666667	0.76	1.27	1.26203125	1.29773810369	0.5540625	7.00098334164	0.615625	390	216.2	163	22->21->27->28->25->20->31->9	7	0.000983341639142	7
20	0.5	5	0.686	0.0281266974796	0.65	0.723333333333	1.23666666667	1.25	1.26608595482	0.5625	7.00098334164	0.625	380	205.8	164.4	22->21->27->28->25->20->31->9	7	0.000983341639142	7
20	0.5125	5	0.677333333333	0.0230217288664	0.653333333333	0.713333333333	1.20666666667	1.23703125	1.23443380595	0.5709375	7.00098334164	0.634375	371	203.2	157.2	22->21->27->28->25->20->31->9	7	0.000983341639142	7
20	0.525	5	0.696	0.0138242942356	0.68	0.713333333333	1.17666666667	1.223125	1.20278165707	0.579375	7.00098334164	0.64375	361	208.8	142.4	22->21->27->28->25->20->31->9	7	0.000983341639142	7
20	0.5375	5	0.671333333333	0.0242212028328	0.643333333333	0.693333333333	1.14666666667	1.20828125	1.1711295082	0.5878125	7.00098334164	0.653125	352	201.4	141.6	22->21->27->28->25->20->31->9	7	0.000983341639142	7
20	0.55	5	0.644	0.0379619692734	0.586666666667	0.673333333333	1.11333333333	1.1925	1.13947735933	0.59625	7.00098334164	0.6625	342	193.2	139.8	22->21->27->28->25->20->31->9	7	0.000983341639142	7
20	0.5625	5	0.667333333333	0.0443721634461	0.606666666667	0.72	1.08333333333	1.17578125	1.10782521046	0.6046875	7.00098334164	0.671875	333	200.2	123.4	22->21->27->28->25->20->31->9	7	0.000983341639142	7
20	0.575	5	0.629333333333	0.0384707681233	0.6	0.693333333333	1.05333333333	1.158125	1.07617306159	0.613125	7.00098334164	0.68125	323	188.8	125.6	22->21->27->28->25->20->31->9	7	0.000983341639142	7
20	0.5875	5	0.64	0.0274873708375	0.616666666667	0.67	1.02333333333	1.13953125	1.04452091272	0.6215625	7.00098334164	0.690625	314	192	113.4	22->21->27->28->25->20->31->9	7	0.000983341639142	7
20	0.6	5	0.628	0.0246756740311	0.6	0.663333333333	0.99	1.12	1.01286876385	0.63	7.00098334164	0.7	304	188.4	107.4	22->21->27->28->25->20->31->9	7	0.000983341639142	7
20	0.6125	5	0.608666666667	0.0279483650883	0.58	0.643333333333	0.96	1.09953125	0.981216614982	0.6384375	7.00098334164	0.709375	295	182.6	104	22->21->27->28->25->20->31->9	7	0.000983341639142	7
20	0.625	5	0.609333333333	0.0175435964893	0.58	0.626666666667	0.93	1.078125	0.949564466112	0.646875	7.00098334164	0.71875	285	182.8	95.2	22->21->27->28->25->20->31->9	7	0.000983341639142	7
20	0.6375	5	0.588	0.0302397824801	0.546666666667	0.62	0.896666666667	1.05578125	0.917912317241	0.6553125	7.00098334164	0.728125	276	176.4	91.2	22->21->27->28->25->20->31->9	7	0.000983341639142	7
20	0.65	5	0.585333333333	0.0157409586042	0.566666666667	0.603333333333	0.866666666667	1.0325	0.886260168371	0.66375	7.00098334164	0.7375	266	175.6	83.6	22->21->27->28->25->20->31->9	7	0.000983341639142	7
20	0.6625	5	0.57	0.0268741924943	0.543333333333	0.613333333333	0.836666666667	1.00828125	0.854608019501	0.6721875	7.00098334164	0.746875	257	171	79.4	22->21->27->28->25->20->31->9	7	0.000983341639142	7
20	0.675	5	0.547333333333	0.0147948940141	0.526666666667	0.563333333333	0.806666666667	0.983125	0.82295587063	0.680625	7.00098334164	0.75625	247	164.2	76.6	22->21->27->28->25->20->31->9	7	0.000983341639142	7
20	0.6875	5	0.527333333333	0.0260768096208	0.486666666667	0.553333333333	0.773333333333	0.95703125	0.79130372176	0.6890625	7.00098334164	0.765625	238	158.2	72.8	22->21->27->28->25->20->31->9	7	0.000983341639142	7
20	0.7	5	0.516666666667	0.0135400640077	0.503333333333	0.536666666667	0.743333333333	0.93	0.759651572889	0.6975	7.00098334164	0.775	228	155	67.2	22->21->27->28->25->20->31->9	7	0.000983341639142	7
20	0.7125	5	0.506666666667	0.0124721912892	0.496666666667	0.526666666667	0.713333333333	0.90203125	0.727999424019	0.7059375	7.00098334164	0.784375	219	152	61.4	22->21->27->28->25->20->31->9	7	0.000983341639142	7
20	0.725	5	0.49	0.0147196014439	0.47	0.51	0.683333333333	0.873125	0.696347275149	0.714375	7.00098334164	0.79375	209	147	57.4	22->21->27->28->25->20->31->9	7	0.000983341639142	7
20	0.7375	5	0.472	0.018499249234	0.443333333333	0.49	0.65	0.84328125	0.664695126278	0.7228125	7.00098334164	0.803125	200	141.6	52.8	22->21->27->28->25->20->31->9	7	0.000983341639142	7
20	0.75	5	0.456666666667	0.0212132034356	0.423333333333	0.476666666667	0.62	0.8125	0.633042977408	0.73125	7.00098334164	0.8125	190	137	48.4	22->21->27->28->25->20->31->9	7	0.000983341639142	7
20	0.7625	5	0.418666666667	0.0234046529087	0.386666666667	0.443333333333	0.59	0.78078125	0.601390828537	0.7396875	7.00098334164	0.821875	181	125.6	50.6	22->21->27->28->25->20->31->9	7	0.000983341639142	7
20	0.775	5	0.425333333333	0.0106978710239	0.413333333333	0.44	0.556666666667	0.748125	0.569738679667	0.748125	7.00098334164	0.83125	171	127.6	39.2	22->21->27->28->25->20->31->9	7	0.000983341639142	7
20	0.7875	5	0.400666666667	0.0144144988736	0.383333333333	0.416666666667	0.526666666667	0.71453125	0.538086530797	0.7565625	7.00098334164	0.840625	162	120.2	37.6	22->21->27->28->25->20->31->9	7	0.000983341639142	7
20	0.8	5	0.378	0.024899799196	0.346666666667	0.406666666667	0.496666666667	0.68	0.506434381926	0.765	7.00098334164	0.85	152	113.4	35.4	22->21->27->28->25->20->31->9	7	0.000983341639142	7
20	0.8125	5	0.358	0.0142594997575	0.346666666667	0.376666666667	0.466666666667	0.64453125	0.474782233056	0.7734375	7.00098334164	0.859375	143	107.4	32.2	22->21->27->28->25->20->31->9	7	0.000983341639142	7
20	0.825	5	0.339333333333	0.0172240142437	0.323333333333	0.366666666667	0.433333333333	0.608125	0.443130084185	0.781875	7.00098334164	0.86875	133	101.8	28	22->21->27->28->25->20->31->9	7	0.000983341639142	7
20	0.8375	5	0.323333333333	0.0113038833052	0.306666666667	0.333333333333	0.403333333333	0.57078125	0.411477935315	0.7903125	7.00098334164	0.878125	124	97	24	22->21->27->28->25->20->31->9	7	0.000983341639142	7
20	0.85	5	0.302	0.00930949336251	0.286666666667	0.31	0.373333333333	0.5325	0.379825786445	0.79875	7.00098334164	0.8875	114	90.6	21	22->21->27->28->25->20->31->9	7	0.000983341639142	7
20	0.8625	5	0.279333333333	0.0193505670316	0.256666666667	0.31	0.343333333333	0.49328125	0.348173637574	0.8071875	7.00098334164	0.896875	105	83.8	19	22->21->27->28->25->20->31->9	7	0.000983341639142	7
20	0.875	5	0.254	0.00641179468722	0.246666666667	0.263333333333	0.31	0.453125	0.316521488704	0.815625	7.00098334164	0.90625	95	76.2	16.8	22->21->27->28->25->20->31->9	7	0.000983341639142	7
20	0.8875	5	0.229333333333	0.0103816076683	0.22	0.243333333333	0.28	0.41203125	0.284869339834	0.8240625	7.00098334164	0.915625	86	68.8	15	22->21->27->28->25->20->31->9	7	0.000983341639142	7
20	0.9	5	0.207333333333	0.00547722557505	0.2	0.213333333333	0.25	0.37	0.253217190963	0.8325	7.00098334164	0.925	76	62.2	12.8	22->21->27->28->25->20->31->9	7	0.000983341639142	7
20	0.9125	5	0.175333333333	0.00900617072407	0.166666666667	0.19	0.216666666667	0.32703125	0.221565042093	0.8409375	7.00098334164	0.934375	67	52.6	12.4	22->21->27->28->25->20->31->9	7	0.000983341639142	7
20	0.925	5	0.162666666667	0.0043461349368	0.156666666667	0.166666666667	0.186666666667	0.283125	0.189912893222	0.849375	7.00098334164	0.94375	57	48.8	7.2	22->21->27->28->25->20->31->9	7	0.000983341639142	7
20	0.9375	5	0.131333333333	0.00836660026534	0.123333333333	0.143333333333	0.156666666667	0.23828125	0.158260744352	0.8578125	7.00098334164	0.953125	48	39.4	7.6	22->21->27->28->25->20->31->9	7	0.000983341639142	7
20	0.95	5	0.104	0.0043461349368	0.1	0.11	0.126666666667	0.1925	0.126608595482	0.86625	7.00098334164	0.9625	38	31.2	6.8	22->21->27->28->25->20->31->9	7	0.000983341639142	7
20	0.9625	5	0.0773333333333	0.0086281194037	0.0666666666667	0.09	0.0933333333333	0.14578125	0.0949564466112	0.8746875	7.00098334164	0.971875	29	23.2	4.8	22->21->27->28->25->20->31->9	7	0.000983341639142	7
20	0.975	5	0.0506666666667	0.0036514837167	0.0466666666667	0.0566666666667	0.0633333333333	0.098125	0.0633042977408	0.883125	7.00098334164	0.98125	19	15.2	3.8	22->21->27->28->25->20->31->9	7	0.000983341639142	7
20	0.9875	5	0.0293333333333	0.00278886675511	0.0266666666667	0.0333333333333	0.0333333333333	0.04953125	0.0316521488704	0.8915625	7.00098334164	0.990625	10	8.8	1.2	22->21->27->28->25->20->31->9	7	0.000983341639142	7
22	0.0125	5	0.548	0.0405243411078	0.49	0.603333333333	2.23866666667	1.02453125	2.50051976076	0.2334375	7.00098334164	0.259375	687.6	164.4	502.2	22->21->27->28->25->20->31->9	7	0.000983341639142	7
22	0.025	5	0.542	0.0485683939295	0.503333333333	0.623333333333	2.22866666667	1.048125	2.46886761189	0.241875	7.00098334164	0.26875	685.2	162.6	501.6	22->21->27->28->25->20->31->9	7	0.000983341639142	7
22	0.0375	5	0.545333333333	0.0259914515862	0.503333333333	0.57	2.22266666667	1.07078125	2.43721546302	0.2503125	7.00098334164	0.278125	682.4	163.6	497.6	22->21->27->28->25->20->31->9	7	0.000983341639142	7
22	0.05	5	0.571333333333	0.0304229445576	0.53	0.6	2.22333333333	1.0925	2.40556331415	0.25875	7.00098334164	0.2875	682.6	171.4	490.6	22->21->27->28->25->20->31->9	7	0.000983341639142	7
22	0.0625	5	0.63	0.0312694383988	0.58	0.663333333333	2.22333333333	1.11328125	2.37391116528	0.2671875	7.00098334164	0.296875	683	189	473	22->21->27->28->25->20->31->9	7	0.000983341639142	7
22	0.075	5	0.606666666667	0.0179505493571	0.59	0.636666666667	2.21266666667	1.133125	2.34225901641	0.275625	7.00098334164	0.30625	679.6	182	476.6	22->21->27->28->25->20->31->9	7	0.000983341639142	7
22	0.0875	5	0.642	0.027446918467	0.6	0.666666666667	2.208	1.15203125	2.31060686754	0.2840625	7.00098334164	0.315625	678	192.6	465	22->21->27->28->25->20->31->9	7	0.000983341639142	7
22	0.1	5	0.663333333333	0.0226077666104	0.636666666667	0.696666666667	2.194	1.17	2.27895471867	0.2925	7.00098334164	0.325	674	199	454	22->21->27->28->25->20->31->9	7	0.000983341639142	7
22	0.1125	5	0.647333333333	0.0494076017543	0.596666666667	0.72	2.17666666667	1.18703125	2.2473025698	0.3009375	7.00098334164	0.334375	668.8	194.2	454.8	22->21->27->28->25->20->31->9	7	0.000983341639142	7
22	0.125	5	0.691333333333	0.0651749781571	0.576666666667	0.74	2.16	1.203125	2.21565042093	0.309375	7.00098334164	0.34375	663.2	207.4	436	22->21->27->28->25->20->31->9	7	0.000983341639142	7
22	0.1375	5	0.670666666667	0.0147948940141	0.653333333333	0.69	2.13333333333	1.21828125	2.18399827206	0.3178125	7.00098334164	0.353125	656	201.2	434.2	22->21->27->28->25->20->31->9	7	0.000983341639142	7
22	0.15	5	0.704666666667	0.0264154836749	0.673333333333	0.74	2.10333333333	1.2325	2.15234612319	0.32625	7.00098334164	0.3625	646	211.4	415.6	22->21->27->28->25->20->31->9	7	0.000983341639142	7
22	0.1625	5	0.702666666667	0.0519829031723	0.636666666667	0.756666666667	2.07333333333	1.24578125	2.12069397432	0.3346875	7.00098334164	0.371875	637	210.8	407.2	22->21->27->28->25->20->31->9	7	0.000983341639142	7
22	0.175	5	0.695333333333	0.0305141133103	0.646666666667	0.726666666667	2.04333333333	1.258125	2.08904182545	0.343125	7.00098334164	0.38125	627	208.6	400.8	22->21->27->28->25->20->31->9	7	0.000983341639142	7
22	0.1875	5	0.664	0.0275277637628	0.63	0.706666666667	2.01	1.26953125	2.05738967658	0.3515625	7.00098334164	0.390625	618	199.2	399.2	22->21->27->28->25->20->31->9	7	0.000983341639142	7
22	0.2	5	0.698666666667	0.035480824242	0.666666666667	0.756666666667	1.98	1.28	2.02573752771	0.36	7.00098334164	0.4	608	209.6	380.6	22->21->27->28->25->20->31->9	7	0.000983341639142	7
22	0.2125	5	0.702666666667	0.0389015852291	0.663333333333	0.766666666667	1.95	1.28953125	1.99408537883	0.3684375	7.00098334164	0.409375	599	210.8	370.4	22->21->27->28->25->20->31->9	7	0.000983341639142	7
22	0.225	5	0.736666666667	0.046127841677	0.663333333333	0.78	1.91666666667	1.298125	1.96243322996	0.376875	7.00098334164	0.41875	589	221	351.6	22->21->27->28->25->20->31->9	7	0.000983341639142	7
22	0.2375	5	0.722666666667	0.0367725743214	0.683333333333	0.78	1.88666666667	1.30578125	1.93078108109	0.3853125	7.00098334164	0.428125	580	216.8	345.4	22->21->27->28->25->20->31->9	7	0.000983341639142	7
22	0.25	5	0.710666666667	0.0282252841734	0.68	0.736666666667	1.85666666667	1.3125	1.89912893222	0.39375	7.00098334164	0.4375	570	213.2	339.6	22->21->27->28->25->20->31->9	7	0.000983341639142	7
22	0.2625	5	0.756666666667	0.02068278941	0.723333333333	0.776666666667	1.82666666667	1.31828125	1.86747678335	0.4021875	7.00098334164	0.446875	561	227	318.2	22->21->27->28->25->20->31->9	7	0.000983341639142	7
22	0.275	5	0.757333333333	0.0351504702039	0.7	0.79	1.79333333333	1.323125	1.83582463448	0.410625	7.00098334164	0.45625	551	227.2	307.8	22->21->27->28->25->20->31->9	7	0.000983341639142	7
22	0.2875	5	0.729333333333	0.0201935083078	0.7	0.746666666667	1.76333333333	1.32703125	1.80417248561	0.4190625	7.00098334164	0.465625	542	218.8	307.6	22->21->27->28->25->20->31->9	7	0.000983341639142	7
22	0.3	5	0.748	0.0250111086431	0.713333333333	0.776666666667	1.73333333333	1.33	1.77252033674	0.4275	7.00098334164	0.475	532	224.4	293.4	22->21->27->28->25->20->31->9	7	0.000983341639142	7
22	0.3125	5	0.769333333333	0.0567841918534	0.686666666667	0.83	1.70333333333	1.33203125	1.74086818787	0.4359375	7.00098334164	0.484375	523	230.8	276.4	22->21->27->28->25->20->31->9	7	0.000983341639142	7
22	0.325	5	0.732	0.0167663684533	0.716666666667	0.753333333333	1.67	1.333125	1.709216039	0.444375	7.00098334164	0.49375	513	219.6	278.8	22->21->27->28->25->20->31->9	7	0.000983341639142	7
22	0.333333333333	5	0.714666666667	0.020628997929	0.693333333333	0.74	1.65	1.33333333333	1.68811460642	0.45	7.00098334164	0.5	507	214.4	278.2	22->21->27->28->25->20->31->9	7	0.000983341639142	7
22	0.3375	5	0.750666666667	0.0219089023002	0.73	0.786666666667	1.64	1.33328125	1.67756389013	0.4528125	7.00098334164	0.503125	504	225.2	264	22->21->27->28->25->20->31->9	7	0.000983341639142	7
22	0.35	5	0.734666666667	0.0386292922822	0.686666666667	0.786666666667	1.61	1.3325	1.64591174126	0.46125	7.00098334164	0.5125	494	220.4	259.2	22->21->27->28->25->20->31->9	7	0.000983341639142	7
22	0.3625	5	0.726666666667	0.0210818510678	0.71	0.763333333333	1.57666666667	1.33078125	1.61425959239	0.4696875	7.00098334164	0.521875	485	218	252.6	22->21->27->28->25->20->31->9	7	0.000983341639142	7
22	0.375	5	0.718666666667	0.0212916258969	0.696666666667	0.743333333333	1.54666666667	1.328125	1.58260744352	0.478125	7.00098334164	0.53125	475	215.6	246	22->21->27->28->25->20->31->9	7	0.000983341639142	7
22	0.3875	5	0.718	0.0200831604419	0.683333333333	0.733333333333	1.51666666667	1.32453125	1.55095529465	0.4865625	7.00098334164	0.540625	466	215.4	237.4	22->21->27->28->25->20->31->9	7	0.000983341639142	7
22	0.4	5	0.743333333333	0.0292498812913	0.72	0.793333333333	1.48666666667	1.32	1.51930314578	0.495	7.00098334164	0.55	456	223	220.8	22->21->27->28->25->20->31->9	7	0.000983341639142	7
22	0.4125	5	0.721333333333	0.019663841605	0.69	0.743333333333	1.45333333333	1.31453125	1.48765099691	0.5034375	7.00098334164	0.559375	447	216.4	217.6	22->21->27->28->25->20->31->9	7	0.000983341639142	7
22	0.425	5	0.709333333333	0.043230647565	0.64	0.75	1.42333333333	1.308125	1.45599884804	0.511875	7.00098334164	0.56875	437	212.8	212	22->21->27->28->25->20->31->9	7	0.000983341639142	7
22	0.4375	5	0.738	0.0278487980989	0.7	0.76	1.39333333333	1.30078125	1.42434669917	0.5203125	7.00098334164	0.578125	428	221.4	195	22->21->27->28->25->20->31->9	7	0.000983341639142	7
22	0.45	5	0.702	0.037535168694	0.656666666667	0.756666666667	1.36333333333	1.2925	1.3926945503	0.52875	7.00098334164	0.5875	418	210.6	195	22->21->27->28->25->20->31->9	7	0.000983341639142	7
22	0.4625	5	0.713333333333	0.0412983723112	0.673333333333	0.773333333333	1.33	1.28328125	1.36104240143	0.5371875	7.00098334164	0.596875	409	214	183	22->21->27->28->25->20->31->9	7	0.000983341639142	7
22	0.475	5	0.687333333333	0.0194935886896	0.663333333333	0.706666666667	1.3	1.273125	1.32939025256	0.545625	7.00098334164	0.60625	399	206.2	182.6	22->21->27->28->25->20->31->9	7	0.000983341639142	7
22	0.4875	5	0.716666666667	0.0265622957508	0.693333333333	0.756666666667	1.27	1.26203125	1.29773810369	0.5540625	7.00098334164	0.615625	390	215	163.4	22->21->27->28->25->20->31->9	7	0.000983341639142	7
22	0.5	5	0.698	0.0415398068791	0.646666666667	0.756666666667	1.23666666667	1.25	1.26608595482	0.5625	7.00098334164	0.625	380	209.4	160.4	22->21->27->28->25->20->31->9	7	0.000983341639142	7
22	0.5125	5	0.666666666667	0.0382244831373	0.61	0.706666666667	1.20666666667	1.23703125	1.23443380595	0.5709375	7.00098334164	0.634375	371	200	159.4	22->21->27->28->25->20->31->9	7	0.000983341639142	7
22	0.525	5	0.681333333333	0.034286375655	0.643333333333	0.736666666667	1.17666666667	1.223125	1.20278165707	0.579375	7.00098334164	0.64375	361	204.4	146.6	22->21->27->28->25->20->31->9	7	0.000983341639142	7
22	0.5375	5	0.666666666667	0.0334165627596	0.623333333333	0.706666666667	1.14666666667	1.20828125	1.1711295082	0.5878125	7.00098334164	0.653125	352	200	142	22->21->27->28->25->20->31->9	7	0.000983341639142	7
22	0.55	5	0.658666666667	0.038485206393	0.596666666667	0.7	1.11333333333	1.1925	1.13947735933	0.59625	7.00098334164	0.6625	342	197.6	135.2	22->21->27->28->25->20->31->9	7	0.000983341639142	7
22	0.5625	5	0.659333333333	0.0280277640128	0.62	0.686666666667	1.08333333333	1.17578125	1.10782521046	0.6046875	7.00098334164	0.671875	333	197.8	126	22->21->27->28->25->20->31->9	7	0.000983341639142	7
22	0.575	5	0.628	0.0333832958895	0.59	0.656666666667	1.05333333333	1.158125	1.07617306159	0.613125	7.00098334164	0.68125	323	188.4	126.4	22->21->27->28->25->20->31->9	7	0.000983341639142	7
22	0.5875	5	0.649333333333	0.0282252841734	0.62	0.693333333333	1.02333333333	1.13953125	1.04452091272	0.6215625	7.00098334164	0.690625	314	194.8	110.4	22->21->27->28->25->20->31->9	7	0.000983341639142	7
22	0.6	5	0.618666666667	0.0314995590798	0.58	0.653333333333	0.99	1.12	1.01286876385	0.63	7.00098334164	0.7	304	185.6	110	22->21->27->28->25->20->31->9	7	0.000983341639142	7
22	0.6125	5	0.6	0.0185592145428	0.573333333333	0.623333333333	0.96	1.09953125	0.981216614982	0.6384375	7.00098334164	0.709375	295	180	106.6	22->21->27->28->25->20->31->9	7	0.000983341639142	7
22	0.625	5	0.59	0.0499444135459	0.54	0.663333333333	0.93	1.078125	0.949564466112	0.646875	7.00098334164	0.71875	285	177	101.4	22->21->27->28->25->20->31->9	7	0.000983341639142	7
22	0.6375	5	0.57	0.0395108986371	0.513333333333	0.623333333333	0.896666666667	1.05578125	0.917912317241	0.6553125	7.00098334164	0.728125	276	171	97.4	22->21->27->28->25->20->31->9	7	0.000983341639142	7
22	0.65	5	0.582	0.019663841605	0.55	0.596666666667	0.866666666667	1.0325	0.886260168371	0.66375	7.00098334164	0.7375	266	174.6	85.2	22->21->27->28->25->20->31->9	7	0.000983341639142	7
22	0.6625	5	0.562666666667	0.0138242942356	0.546666666667	0.58	0.836666666667	1.00828125	0.854608019501	0.6721875	7.00098334164	0.746875	257	168.8	81.2	22->21->27->28->25->20->31->9	7	0.000983341639142	7
22	0.675	5	0.552666666667	0.0241982552172	0.526666666667	0.576666666667	0.806666666667	0.983125	0.82295587063	0.680625	7.00098334164	0.75625	247	165.8	74.8	22->21->27->28->25->20->31->9	7	0.000983341639142	7
22	0.6875	5	0.543333333333	0.0194365063162	0.516666666667	0.563333333333	0.773333333333	0.95703125	0.79130372176	0.6890625	7.00098334164	0.765625	238	163	68.6	22->21->27->28->25->20->31->9	7	0.000983341639142	7
22	0.7	5	0.513333333333	0.0316227766017	0.47	0.543333333333	0.743333333333	0.93	0.759651572889	0.6975	7.00098334164	0.775	228	154	68	22->21->27->28->25->20->31->9	7	0.000983341639142	7
22	0.7125	5	0.505333333333	0.0334664010614	0.463333333333	0.556666666667	0.713333333333	0.90203125	0.727999424019	0.7059375	7.00098334164	0.784375	219	151.6	61.4	22->21->27->28->25->20->31->9	7	0.000983341639142	7
22	0.725	5	0.484	0.0192064803879	0.453333333333	0.5	0.683333333333	0.873125	0.696347275149	0.714375	7.00098334164	0.79375	209	145.2	58.8	22->21->27->28->25->20->31->9	7	0.000983341639142	7
22	0.7375	5	0.471333333333	0.0199443670689	0.436666666667	0.486666666667	0.65	0.84328125	0.664695126278	0.7228125	7.00098334164	0.803125	200	141.4	53	22->21->27->28->25->20->31->9	7	0.000983341639142	7
22	0.75	5	0.434	0.030495901364	0.39	0.466666666667	0.62	0.8125	0.633042977408	0.73125	7.00098334164	0.8125	190	130.2	55.6	22->21->27->28->25->20->31->9	7	0.000983341639142	7
22	0.7625	5	0.432666666667	0.0121106014164	0.42	0.45	0.59	0.78078125	0.601390828537	0.7396875	7.00098334164	0.821875	181	129.8	46.6	22->21->27->28->25->20->31->9	7	0.000983341639142	7
22	0.775	5	0.410666666667	0.0190613046073	0.39	0.44	0.556666666667	0.748125	0.569738679667	0.748125	7.00098334164	0.83125	171	123.2	43.6	22->21->27->28->25->20->31->9	7	0.000983341639142	7
22	0.7875	5	0.397333333333	0.0101105005921	0.386666666667	0.413333333333	0.526666666667	0.71453125	0.538086530797	0.7565625	7.00098334164	0.840625	162	119.2	38.6	22->21->27->28->25->20->31->9	7	0.000983341639142	7
22	0.8	5	0.370666666667	0.0158815056661	0.346666666667	0.386666666667	0.496666666667	0.68	0.506434381926	0.765	7.00098334164	0.85	152	111.2	37.6	22->21->27->28->25->20->31->9	7	0.000983341639142	7
22	0.8125	5	0.359333333333	0.0181659021246	0.336666666667	0.386666666667	0.466666666667	0.64453125	0.474782233056	0.7734375	7.00098334164	0.859375	143	107.8	32	22->21->27->28->25->20->31->9	7	0.000983341639142	7
22	0.825	5	0.336	0.0125609624543	0.316666666667	0.35	0.433333333333	0.608125	0.443130084185	0.781875	7.00098334164	0.86875	133	100.8	29.2	22->21->27->28->25->20->31->9	7	0.000983341639142	7
22	0.8375	5	0.333333333333	0.0110554159679	0.323333333333	0.35	0.403333333333	0.57078125	0.411477935315	0.7903125	7.00098334164	0.878125	124	100	20.8	22->21->27->28->25->20->31->9	7	0.000983341639142	7
22	0.85	5	0.294666666667	0.018499249234	0.263333333333	0.31	0.373333333333	0.5325	0.379825786445	0.79875	7.00098334164	0.8875	114	88.4	23	22->21->27->28->25->20->31->9	7	0.000983341639142	7
22	0.8625	5	0.274	0.00722649446289	0.263333333333	0.283333333333	0.343333333333	0.49328125	0.348173637574	0.8071875	7.00098334164	0.896875	105	82.2	20.8	22->21->27->28->25->20->31->9	7	0.000983341639142	7
22	0.875	5	0.243333333333	0.00849836585599	0.23	0.25	0.31	0.453125	0.316521488704	0.815625	7.00098334164	0.90625	95	73	19.8	22->21->27->28->25->20->31->9	7	0.000983341639142	7
22	0.8875	5	0.233333333333	0.0131233464567	0.22	0.253333333333	0.28	0.41203125	0.284869339834	0.8240625	7.00098334164	0.915625	86	70	13.8	22->21->27->28->25->20->31->9	7	0.000983341639142	7
22	0.9	5	0.208666666667	0.00380058475033	0.203333333333	0.213333333333	0.25	0.37	0.253217190963	0.8325	7.00098334164	0.925	76	62.6	12.2	22->21->27->28->25->20->31->9	7	0.000983341639142	7
22	0.9125	5	0.189333333333	0.00641179468722	0.18	0.196666666667	0.216666666667	0.32703125	0.221565042093	0.8409375	7.00098334164	0.934375	67	56.8	8.2	22->21->27->28->25->20->31->9	7	0.000983341639142	7
22	0.925	5	0.15	0.00666666666667	0.143333333333	0.16	0.186666666667	0.283125	0.189912893222	0.849375	7.00098334164	0.94375	57	45	11	22->21->27->28->25->20->31->9	7	0.000983341639142	7
22	0.9375	5	0.129333333333	0.00596284794	0.123333333333	0.136666666667	0.156666666667	0.23828125	0.158260744352	0.8578125	7.00098334164	0.953125	48	38.8	8.2	22->21->27->28->25->20->31->9	7	0.000983341639142	7
22	0.95	5	0.106	0.00596284794	0.1	0.113333333333	0.126666666667	0.1925	0.126608595482	0.86625	7.00098334164	0.9625	38	31.8	6.2	22->21->27->28->25->20->31->9	7	0.000983341639142	7
22	0.9625	5	0.0826666666667	0.00760116950066	0.07	0.09	0.0933333333333	0.14578125	0.0949564466112	0.8746875	7.00098334164	0.971875	29	24.8	3.2	22->21->27->28->25->20->31->9	7	0.000983341639142	7
22	0.975	5	0.0546666666667	0.00505525029603	0.05	0.06	0.0633333333333	0.098125	0.0633042977408	0.883125	7.00098334164	0.98125	19	16.4	2.6	22->21->27->28->25->20->31->9	7	0.000983341639142	7
22	0.9875	5	0.0326666666667	0.001490711985	0.03	0.0333333333333	0.0333333333333	0.04953125	0.0316521488704	0.8915625	7.00098334164	0.990625	10	9.8	0.2	22->21->27->28->25->20->31->9	7	0.000983341639142	7
24	0.0125	5	0.548666666667	0.0301477841456	0.513333333333	0.58	2.39066666667	1.02453125	2.50051976076	0.2334375	7.00098334164	0.259375	734.4	164.6	546.4	22->21->27->28->25->20->31->9	7	0.000983341639142	7
24	0.025	5	0.563333333333	0.0473168985553	0.493333333333	0.603333333333	2.37733333333	1.048125	2.46886761189	0.241875	7.00098334164	0.26875	730	169	538	22->21->27->28->25->20->31->9	7	0.000983341639142	7
24	0.0375	5	0.596666666667	0.0187082869339	0.563333333333	0.606666666667	2.366	1.07078125	2.43721546302	0.2503125	7.00098334164	0.278125	726.6	179	524.4	22->21->27->28->25->20->31->9	7	0.000983341639142	7
24	0.05	5	0.651333333333	0.0170945085398	0.626666666667	0.67	2.35	1.0925	2.40556331415	0.25875	7.00098334164	0.2875	722	195.4	504.4	22->21->27->28->25->20->31->9	7	0.000983341639142	7
24	0.0625	5	0.594	0.016397831835	0.58	0.62	2.32	1.11328125	2.37391116528	0.2671875	7.00098334164	0.296875	713	178.2	512.4	22->21->27->28->25->20->31->9	7	0.000983341639142	7
24	0.075	5	0.636666666667	0.050166389811	0.586666666667	0.716666666667	2.29	1.133125	2.34225901641	0.275625	7.00098334164	0.30625	703	191	490.8	22->21->27->28->25->20->31->9	7	0.000983341639142	7
24	0.0875	5	0.637333333333	0.0255386417458	0.603333333333	0.67	2.26	1.15203125	2.31060686754	0.2840625	7.00098334164	0.315625	694	191.2	481	22->21->27->28->25->20->31->9	7	0.000983341639142	7
24	0.1	5	0.634666666667	0.0574262812465	0.563333333333	0.716666666667	2.22666666667	1.17	2.27895471867	0.2925	7.00098334164	0.325	684	190.4	472.8	22->21->27->28->25->20->31->9	7	0.000983341639142	7
24	0.1125	5	0.68	0.0377123616633	0.646666666667	0.73	2.19666666667	1.18703125	2.2473025698	0.3009375	7.00098334164	0.334375	675	204	450.6	22->21->27->28->25->20->31->9	7	0.000983341639142	7
24	0.125	5	0.679333333333	0.0455460694731	0.613333333333	0.73	2.16666666667	1.203125	2.21565042093	0.309375	7.00098334164	0.34375	665	203.8	441.4	22->21->27->28->25->20->31->9	7	0.000983341639142	7
24	0.1375	5	0.676	0.0381080335654	0.62	0.72	2.13333333333	1.21828125	2.18399827206	0.3178125	7.00098334164	0.353125	656	202.8	432.4	22->21->27->28->25->20->31->9	7	0.000983341639142	7
24	0.15	5	0.702	0.037163303286	0.653333333333	0.756666666667	2.10333333333	1.2325	2.15234612319	0.32625	7.00098334164	0.3625	646	210.6	416.4	22->21->27->28->25->20->31->9	7	0.000983341639142	7
24	0.1625	5	0.701333333333	0.0401801498808	0.653333333333	0.76	2.07333333333	1.24578125	2.12069397432	0.3346875	7.00098334164	0.371875	637	210.4	407.6	22->21->27->28->25->20->31->9	7	0.000983341639142	7
24	0.175	5	0.684666666667	0.0202210011841	0.656666666667	0.706666666667	2.04333333333	1.258125	2.08904182545	0.343125	7.00098334164	0.38125	627	205.4	402.8	22->21->27->28->25->20->31->9	7	0.000983341639142	7
24	0.1875	5	0.689333333333	0.00722649446289	0.68	0.696666666667	2.01	1.26953125	2.05738967658	0.3515625	7.00098334164	0.390625	618	206.8	392.4	22->21->27->28->25->20->31->9	7	0.000983341639142	7
24	0.2	5	0.722666666667	0.0441210456207	0.683333333333	0.793333333333	1.98	1.28	2.02573752771	0.36	7.00098334164	0.4	608	216.8	373.2	22->21->27->28->25->20->31->9	7	0.000983341639142	7
24	0.2125	5	0.721333333333	0.0309659311	0.686666666667	0.77	1.95	1.28953125	1.99408537883	0.3684375	7.00098334164	0.409375	599	216.4	365	22->21->27->28->25->20->31->9	7	0.000983341639142	7
24	0.225	5	0.702666666667	0.0397492138287	0.66	0.756666666667	1.91666666667	1.298125	1.96243322996	0.376875	7.00098334164	0.41875	589	210.8	361.6	22->21->27->28->25->20->31->9	7	0.000983341639142	7
24	0.2375	5	0.734666666667	0.0564997541784	0.68	0.8	1.88666666667	1.30578125	1.93078108109	0.3853125	7.00098334164	0.428125	580	220.4	341.4	22->21->27->28->25->20->31->9	7	0.000983341639142	7
24	0.25	5	0.68	0.0365908306667	0.626666666667	0.706666666667	1.85666666667	1.3125	1.89912893222	0.39375	7.00098334164	0.4375	570	204	349.2	22->21->27->28->25->20->31->9	7	0.000983341639142	7
24	0.2625	5	0.721333333333	0.0255603860169	0.706666666667	0.766666666667	1.82666666667	1.31828125	1.86747678335	0.4021875	7.00098334164	0.446875	561	216.4	328.2	22->21->27->28->25->20->31->9	7	0.000983341639142	7
24	0.275	5	0.720666666667	0.0297582854942	0.68	0.756666666667	1.79333333333	1.323125	1.83582463448	0.410625	7.00098334164	0.45625	551	216.2	318.8	22->21->27->28->25->20->31->9	7	0.000983341639142	7
24	0.2875	5	0.756666666667	0.0396512575112	0.7	0.803333333333	1.76333333333	1.32703125	1.80417248561	0.4190625	7.00098334164	0.465625	542	227	299.8	22->21->27->28->25->20->31->9	7	0.000983341639142	7
24	0.3	5	0.735333333333	0.0342863756551	0.7	0.773333333333	1.73333333333	1.33	1.77252033674	0.4275	7.00098334164	0.475	532	220.6	296.4	22->21->27->28->25->20->31->9	7	0.000983341639142	7
24	0.3125	5	0.762	0.0350871929785	0.7	0.786666666667	1.70333333333	1.33203125	1.74086818787	0.4359375	7.00098334164	0.484375	523	228.6	279	22->21->27->28->25->20->31->9	7	0.000983341639142	7
24	0.325	5	0.748	0.0419391093001	0.693333333333	0.803333333333	1.67	1.333125	1.709216039	0.444375	7.00098334164	0.49375	513	224.4	273.8	22->21->27->28->25->20->31->9	7	0.000983341639142	7
24	0.333333333333	5	0.766	0.0208699677899	0.746666666667	0.796666666667	1.65	1.33333333333	1.68811460642	0.45	7.00098334164	0.5	507	229.8	262.4	22->21->27->28->25->20->31->9	7	0.000983341639142	7
24	0.3375	5	0.744666666667	0.0250111086431	0.713333333333	0.776666666667	1.64	1.33328125	1.67756389013	0.4528125	7.00098334164	0.503125	504	223.4	265.2	22->21->27->28->25->20->31->9	7	0.000983341639142	7
24	0.35	5	0.745333333333	0.0535205048972	0.7	0.836666666667	1.61	1.3325	1.64591174126	0.46125	7.00098334164	0.5125	494	223.6	256.4	22->21->27->28->25->20->31->9	7	0.000983341639142	7
24	0.3625	5	0.74	0.0156347191994	0.726666666667	0.76	1.57666666667	1.33078125	1.61425959239	0.4696875	7.00098334164	0.521875	485	222	248.4	22->21->27->28->25->20->31->9	7	0.000983341639142	7
24	0.375	5	0.756666666667	0.0393700393701	0.736666666667	0.826666666667	1.54666666667	1.328125	1.58260744352	0.478125	7.00098334164	0.53125	475	227	233.8	22->21->27->28->25->20->31->9	7	0.000983341639142	7
24	0.3875	5	0.758666666667	0.0378300292243	0.73	0.823333333333	1.51666666667	1.32453125	1.55095529465	0.4865625	7.00098334164	0.540625	466	227.6	225	22->21->27->28->25->20->31->9	7	0.000983341639142	7
24	0.4	5	0.753333333333	0.039015666369	0.71	0.81	1.48666666667	1.32	1.51930314578	0.495	7.00098334164	0.55	456	226	218.2	22->21->27->28->25->20->31->9	7	0.000983341639142	7
24	0.4125	5	0.722666666667	0.0125609624543	0.71	0.736666666667	1.45333333333	1.31453125	1.48765099691	0.5034375	7.00098334164	0.559375	447	216.8	217.2	22->21->27->28->25->20->31->9	7	0.000983341639142	7
24	0.425	5	0.755333333333	0.0370135110466	0.706666666667	0.803333333333	1.42333333333	1.308125	1.45599884804	0.511875	7.00098334164	0.56875	437	226.6	198.6	22->21->27->28->25->20->31->9	7	0.000983341639142	7
24	0.4375	5	0.716666666667	0.0143372087784	0.7	0.73	1.39333333333	1.30078125	1.42434669917	0.5203125	7.00098334164	0.578125	428	215	201.2	22->21->27->28->25->20->31->9	7	0.000983341639142	7
24	0.45	5	0.724666666667	0.0104349838951	0.713333333333	0.74	1.36333333333	1.2925	1.3926945503	0.52875	7.00098334164	0.5875	418	217.4	188.6	22->21->27->28->25->20->31->9	7	0.000983341639142	7
24	0.4625	5	0.728	0.0335493003736	0.696666666667	0.78	1.33	1.28328125	1.36104240143	0.5371875	7.00098334164	0.596875	409	218.4	178.8	22->21->27->28->25->20->31->9	7	0.000983341639142	7
24	0.475	5	0.708666666667	0.0296835158145	0.68	0.753333333333	1.3	1.273125	1.32939025256	0.545625	7.00098334164	0.60625	399	212.6	175.8	22->21->27->28->25->20->31->9	7	0.000983341639142	7
24	0.4875	5	0.725333333333	0.038485206393	0.673333333333	0.776666666667	1.27	1.26203125	1.29773810369	0.5540625	7.00098334164	0.615625	390	217.6	161.6	22->21->27->28->25->20->31->9	7	0.000983341639142	7
24	0.5	5	0.703333333333	0.0406201920232	0.65	0.76	1.23666666667	1.25	1.26608595482	0.5625	7.00098334164	0.625	380	211	159	22->21->27->28->25->20->31->9	7	0.000983341639142	7
24	0.5125	5	0.684	0.0203306009093	0.656666666667	0.71	1.20666666667	1.23703125	1.23443380595	0.5709375	7.00098334164	0.634375	371	205.2	154.4	22->21->27->28->25->20->31->9	7	0.000983341639142	7
24	0.525	5	0.688666666667	0.0500888100167	0.626666666667	0.766666666667	1.17666666667	1.223125	1.20278165707	0.579375	7.00098334164	0.64375	361	206.6	144.8	22->21->27->28->25->20->31->9	7	0.000983341639142	7
24	0.5375	5	0.684666666667	0.0170945085399	0.656666666667	0.703333333333	1.14666666667	1.20828125	1.1711295082	0.5878125	7.00098334164	0.653125	352	205.4	137.2	22->21->27->28->25->20->31->9	7	0.000983341639142	7
24	0.55	5	0.660666666667	0.03577708764	0.613333333333	0.713333333333	1.11333333333	1.1925	1.13947735933	0.59625	7.00098334164	0.6625	342	198.2	134.6	22->21->27->28->25->20->31->9	7	0.000983341639142	7
24	0.5625	5	0.686	0.0225339250415	0.666666666667	0.716666666667	1.08333333333	1.17578125	1.10782521046	0.6046875	7.00098334164	0.671875	333	205.8	118.2	22->21->27->28->25->20->31->9	7	0.000983341639142	7
24	0.575	5	0.633333333333	0.030276503541	0.593333333333	0.67	1.05333333333	1.158125	1.07617306159	0.613125	7.00098334164	0.68125	323	190	124.4	22->21->27->28->25->20->31->9	7	0.000983341639142	7
24	0.5875	5	0.622666666667	0.033283295777	0.58	0.666666666667	1.02333333333	1.13953125	1.04452091272	0.6215625	7.00098334164	0.690625	314	186.8	118.4	22->21->27->28->25->20->31->9	7	0.000983341639142	7
24	0.6	5	0.640666666667	0.0273252020427	0.62	0.686666666667	0.99	1.12	1.01286876385	0.63	7.00098334164	0.7	304	192.2	103.6	22->21->27->28->25->20->31->9	7	0.000983341639142	7
24	0.6125	5	0.601333333333	0.0328802541218	0.56	0.65	0.96	1.09953125	0.981216614982	0.6384375	7.00098334164	0.709375	295	180.4	106.4	22->21->27->28->25->20->31->9	7	0.000983341639142	7
24	0.625	5	0.613333333333	0.0317979733806	0.56	0.643333333333	0.93	1.078125	0.949564466112	0.646875	7.00098334164	0.71875	285	184	93.8	22->21->27->28->25->20->31->9	7	0.000983341639142	7
24	0.6375	5	0.594	0.0222860195339	0.58	0.633333333333	0.896666666667	1.05578125	0.917912317241	0.6553125	7.00098334164	0.728125	276	178.2	90.2	22->21->27->28->25->20->31->9	7	0.000983341639142	7
24	0.65	5	0.568	0.0193792558052	0.543333333333	0.596666666667	0.866666666667	1.0325	0.886260168371	0.66375	7.00098334164	0.7375	266	170.4	89.2	22->21->27->28->25->20->31->9	7	0.000983341639142	7
24	0.6625	5	0.570666666667	0.0200554786087	0.546666666667	0.596666666667	0.836666666667	1.00828125	0.854608019501	0.6721875	7.00098334164	0.746875	257	171.2	79.2	22->21->27->28->25->20->31->9	7	0.000983341639142	7
24	0.675	5	0.544666666667	0.0190904280844	0.52	0.566666666667	0.806666666667	0.983125	0.82295587063	0.680625	7.00098334164	0.75625	247	163.4	77.8	22->21->27->28->25->20->31->9	7	0.000983341639142	7
24	0.6875	5	0.530666666667	0.0220353251747	0.506666666667	0.556666666667	0.773333333333	0.95703125	0.79130372176	0.6890625	7.00098334164	0.765625	238	159.2	72.4	22->21->27->28->25->20->31->9	7	0.000983341639142	7
24	0.7	5	0.504666666667	0.0159164485152	0.48	0.52	0.743333333333	0.93	0.759651572889	0.6975	7.00098334164	0.775	228	151.4	71	22->21->27->28->25->20->31->9	7	0.000983341639142	7
24	0.7125	5	0.505333333333	0.0237580395749	0.473333333333	0.526666666667	0.713333333333	0.90203125	0.727999424019	0.7059375	7.00098334164	0.784375	219	151.6	61.4	22->21->27->28->25->20->31->9	7	0.000983341639142	7
24	0.725	5	0.498	0.0134577528255	0.483333333333	0.513333333333	0.683333333333	0.873125	0.696347275149	0.714375	7.00098334164	0.79375	209	149.4	55.4	22->21->27->28->25->20->31->9	7	0.000983341639142	7
24	0.7375	5	0.483333333333	0.0214734978779	0.456666666667	0.506666666667	0.65	0.84328125	0.664695126278	0.7228125	7.00098334164	0.803125	200	145	50	22->21->27->28->25->20->31->9	7	0.000983341639142	7
24	0.75	5	0.450666666667	0.00829993306528	0.436666666667	0.456666666667	0.62	0.8125	0.633042977408	0.73125	7.00098334164	0.8125	190	135.2	50.8	22->21->27->28->25->20->31->9	7	0.000983341639142	7
24	0.7625	5	0.432	0.0269361384678	0.39	0.46	0.59	0.78078125	0.601390828537	0.7396875	7.00098334164	0.821875	181	129.6	47	22->21->27->28->25->20->31->9	7	0.000983341639142	7
24	0.775	5	0.411333333333	0.0114503760249	0.393333333333	0.42	0.556666666667	0.748125	0.569738679667	0.748125	7.00098334164	0.83125	171	123.4	43	22->21->27->28->25->20->31->9	7	0.000983341639142	7
24	0.7875	5	0.390666666667	0.018767584347	0.36	0.41	0.526666666667	0.71453125	0.538086530797	0.7565625	7.00098334164	0.840625	162	117.2	40.4	22->21->27->28->25->20->31->9	7	0.000983341639142	7
24	0.8	5	0.371333333333	0.0170945085401	0.343333333333	0.386666666667	0.496666666667	0.68	0.506434381926	0.765	7.00098334164	0.85	152	111.4	37.6	22->21->27->28->25->20->31->9	7	0.000983341639142	7
24	0.8125	5	0.361333333333	0.0159164485151	0.343333333333	0.383333333333	0.466666666667	0.64453125	0.474782233056	0.7734375	7.00098334164	0.859375	143	108.4	31	22->21->27->28->25->20->31->9	7	0.000983341639142	7
24	0.825	5	0.333333333333	0.0198606254797	0.306666666667	0.356666666667	0.433333333333	0.608125	0.443130084185	0.781875	7.00098334164	0.86875	133	100	29.8	22->21->27->28->25->20->31->9	7	0.000983341639142	7
24	0.8375	5	0.315333333333	0.0121563883525	0.3	0.33	0.403333333333	0.57078125	0.411477935315	0.7903125	7.00098334164	0.878125	124	94.6	26.2	22->21->27->28->25->20->31->9	7	0.000983341639142	7
24	0.85	5	0.305333333333	0.0150185071014	0.29	0.32	0.373333333333	0.5325	0.379825786445	0.79875	7.00098334164	0.8875	114	91.6	20.2	22->21->27->28->25->20->31->9	7	0.000983341639142	7
24	0.8625	5	0.28	0.0122474487139	0.263333333333	0.293333333333	0.343333333333	0.49328125	0.348173637574	0.8071875	7.00098334164	0.896875	105	84	18.6	22->21->27->28->25->20->31->9	7	0.000983341639142	7
24	0.875	5	0.246666666667	0.00781735959971	0.24	0.26	0.31	0.453125	0.316521488704	0.815625	7.00098334164	0.90625	95	74	18.8	22->21->27->28->25->20->31->9	7	0.000983341639142	7
24	0.8875	5	0.226	0.00829993306533	0.213333333333	0.233333333333	0.28	0.41203125	0.284869339834	0.8240625	7.00098334164	0.915625	86	67.8	16.2	22->21->27->28->25->20->31->9	7	0.000983341639142	7
24	0.9	5	0.213333333333	0.0110554159679	0.2	0.23	0.25	0.37	0.253217190963	0.8325	7.00098334164	0.925	76	64	11	22->21->27->28->25->20->31->9	7	0.000983341639142	7
24	0.9125	5	0.182	0.0153839743456	0.17	0.206666666667	0.216666666667	0.32703125	0.221565042093	0.8409375	7.00098334164	0.934375	67	54.6	10.4	22->21->27->28->25->20->31->9	7	0.000983341639142	7
24	0.925	5	0.15	0.0147196014439	0.13	0.17	0.186666666667	0.283125	0.189912893222	0.849375	7.00098334164	0.94375	57	45	11	22->21->27->28->25->20->31->9	7	0.000983341639142	7
24	0.9375	5	0.136666666667	0.00527046276695	0.13	0.143333333333	0.156666666667	0.23828125	0.158260744352	0.8578125	7.00098334164	0.953125	48	41	6	22->21->27->28->25->20->31->9	7	0.000983341639142	7
24	0.95	5	0.108666666667	0.00505525029619	0.103333333333	0.116666666667	0.126666666667	0.1925	0.126608595482	0.86625	7.00098334164	0.9625	38	32.6	5	22->21->27->28->25->20->31->9	7	0.000983341639142	7
24	0.9625	5	0.0813333333333	0.00605530070819	0.0733333333333	0.0866666666667	0.0933333333333	0.14578125	0.0949564466112	0.8746875	7.00098334164	0.971875	29	24.4	3.6	22->21->27->28->25->20->31->9	7	0.000983341639142	7
24	0.975	5	0.0526666666667	0.0043461349368	0.0466666666667	0.0566666666667	0.0633333333333	0.098125	0.0633042977408	0.883125	7.00098334164	0.98125	19	15.8	3.2	22->21->27->28->25->20->31->9	7	0.000983341639142	7
24	0.9875	5	0.03	0.00408248290464	0.0233333333333	0.0333333333333	0.0333333333333	0.04953125	0.0316521488704	0.8915625	7.00098334164	0.990625	10	9	1	22->21->27->28->25->20->31->9	7	0.000983341639142	7
26	0.0125	5	0.572666666667	0.0481548428394	0.513333333333	0.643333333333	2.44333333333	1.02453125	2.50051976076	0.2334375	7.00098334164	0.259375	751	171.8	555.8	22->21->27->28->25->20->31->9	7	0.000983341639142	7
26	0.025	5	0.593333333333	0.0368932393686	0.553333333333	0.63	2.41333333333	1.048125	2.46886761189	0.241875	7.00098334164	0.26875	741	178	540	22->21->27->28->25->20->31->9	7	0.000983341639142	7
26	0.0375	5	0.613333333333	0.00781735959971	0.606666666667	0.623333333333	2.38333333333	1.07078125	2.43721546302	0.2503125	7.00098334164	0.278125	732	184	524.6	22->21->27->28->25->20->31->9	7	0.000983341639142	7
26	0.05	5	0.598	0.0202210011841	0.57	0.616666666667	2.35	1.0925	2.40556331415	0.25875	7.00098334164	0.2875	722	179.4	520.2	22->21->27->28->25->20->31->9	7	0.000983341639142	7
26	0.0625	5	0.624	0.0355434007002	0.58	0.666666666667	2.32	1.11328125	2.37391116528	0.2671875	7.00098334164	0.296875	713	187.2	503.6	22->21->27->28->25->20->31->9	7	0.000983341639142	7
26	0.075	5	0.607333333333	0.0231420732769	0.57	0.633333333333	2.29	1.133125	2.34225901641	0.275625	7.00098334164	0.30625	703	182.2	499.6	22->21->27->28->25->20->31->9	7	0.000983341639142	7
26	0.0875	5	0.642666666667	0.0435507366949	0.603333333333	0.693333333333	2.26	1.15203125	2.31060686754	0.2840625	7.00098334164	0.315625	694	192.8	480.4	22->21->27->28->25->20->31->9	7	0.000983341639142	7
26	0.1	5	0.63	0.032403703492	0.593333333333	0.67	2.22666666667	1.17	2.27895471867	0.2925	7.00098334164	0.325	684	189	473.8	22->21->27->28->25->20->31->9	7	0.000983341639142	7
26	0.1125	5	0.692	0.0414728827067	0.623333333333	0.733333333333	2.19666666667	1.18703125	2.2473025698	0.3009375	7.00098334164	0.334375	675	207.6	446.6	22->21->27->28->25->20->31->9	7	0.000983341639142	7
26	0.125	5	0.674666666667	0.0555077572156	0.613333333333	0.74	2.16666666667	1.203125	2.21565042093	0.309375	7.00098334164	0.34375	665	202.4	442.4	22->21->27->28->25->20->31->9	7	0.000983341639142	7
26	0.1375	5	0.698	0.0376091005535	0.633333333333	0.723333333333	2.13333333333	1.21828125	2.18399827206	0.3178125	7.00098334164	0.353125	656	209.4	426.4	22->21->27->28->25->20->31->9	7	0.000983341639142	7
26	0.15	5	0.663333333333	0.0304594448042	0.62	0.703333333333	2.10333333333	1.2325	2.15234612319	0.32625	7.00098334164	0.3625	646	199	428.2	22->21->27->28->25->20->31->9	7	0.000983341639142	7
26	0.1625	5	0.708	0.01788854382	0.676666666667	0.72	2.07333333333	1.24578125	2.12069397432	0.3346875	7.00098334164	0.371875	637	212.4	405	22->21->27->28->25->20->31->9	7	0.000983341639142	7
26	0.175	5	0.725333333333	0.0407294597176	0.673333333333	0.773333333333	2.04333333333	1.258125	2.08904182545	0.343125	7.00098334164	0.38125	627	217.6	391.6	22->21->27->28->25->20->31->9	7	0.000983341639142	7
26	0.1875	5	0.689333333333	0.0530932094423	0.63	0.746666666667	2.01	1.26953125	2.05738967658	0.3515625	7.00098334164	0.390625	618	206.8	392	22->21->27->28->25->20->31->9	7	0.000983341639142	7
26	0.2	5	0.712	0.0190904280844	0.696666666667	0.74	1.98	1.28	2.02573752771	0.36	7.00098334164	0.4	608	213.6	376.2	22->21->27->28->25->20->31->9	7	0.000983341639142	7
26	0.2125	5	0.745333333333	0.0442593367425	0.693333333333	0.806666666667	1.95	1.28953125	1.99408537883	0.3684375	7.00098334164	0.409375	599	223.6	358.8	22->21->27->28->25->20->31->9	7	0.000983341639142	7
26	0.225	5	0.726666666667	0.0340750805004	0.69	0.78	1.91666666667	1.298125	1.96243322996	0.376875	7.00098334164	0.41875	589	218	354	22->21->27->28->25->20->31->9	7	0.000983341639142	7
26	0.2375	5	0.728666666667	0.0363318042492	0.683333333333	0.763333333333	1.88666666667	1.30578125	1.93078108109	0.3853125	7.00098334164	0.428125	580	218.6	344.2	22->21->27->28->25->20->31->9	7	0.000983341639142	7
26	0.25	5	0.714666666667	0.0164316767252	0.693333333333	0.733333333333	1.85666666667	1.3125	1.89912893222	0.39375	7.00098334164	0.4375	570	214.4	338.6	22->21->27->28->25->20->31->9	7	0.000983341639142	7
26	0.2625	5	0.743333333333	0.0329983164554	0.696666666667	0.78	1.82666666667	1.31828125	1.86747678335	0.4021875	7.00098334164	0.446875	561	223	321.8	22->21->27->28->25->20->31->9	7	0.000983341639142	7
26	0.275	5	0.744	0.036998498468	0.68	0.773333333333	1.79333333333	1.323125	1.83582463448	0.410625	7.00098334164	0.45625	551	223.2	312	22->21->27->28->25->20->31->9	7	0.000983341639142	7
26	0.2875	5	0.727333333333	0.0339443989816	0.676666666667	0.763333333333	1.76333333333	1.32703125	1.80417248561	0.4190625	7.00098334164	0.465625	542	218.2	307.4	22->21->27->28->25->20->31->9	7	0.000983341639142	7
26	0.3	5	0.717333333333	0.0576097985493	0.626666666667	0.776666666667	1.73333333333	1.33	1.77252033674	0.4275	7.00098334164	0.475	532	215.2	302.2	22->21->27->28->25->20->31->9	7	0.000983341639142	7
26	0.3125	5	0.761333333333	0.0584807660689	0.69	0.823333333333	1.70333333333	1.33203125	1.74086818787	0.4359375	7.00098334164	0.484375	523	228.4	279.4	22->21->27->28->25->20->31->9	7	0.000983341639142	7
26	0.325	5	0.712	0.0654302002986	0.616666666667	0.773333333333	1.67	1.333125	1.709216039	0.444375	7.00098334164	0.49375	513	213.6	285	22->21->27->28->25->20->31->9	7	0.000983341639142	7
26	0.333333333333	5	0.73	0.0308220700148	0.7	0.78	1.65	1.33333333333	1.68811460642	0.45	7.00098334164	0.5	507	219	273.8	22->21->27->28->25->20->31->9	7	0.000983341639142	7
26	0.3375	5	0.723333333333	0.0323178657161	0.686666666667	0.753333333333	1.64	1.33328125	1.67756389013	0.4528125	7.00098334164	0.503125	504	217	272.4	22->21->27->28->25->20->31->9	7	0.000983341639142	7
26	0.35	5	0.741333333333	0.0276485884711	0.703333333333	0.776666666667	1.61	1.3325	1.64591174126	0.46125	7.00098334164	0.5125	494	222.4	257.8	22->21->27->28->25->20->31->9	7	0.000983341639142	7
26	0.3625	5	0.746666666667	0.0102740233383	0.73	0.756666666667	1.57666666667	1.33078125	1.61425959239	0.4696875	7.00098334164	0.521875	485	224	247.6	22->21->27->28->25->20->31->9	7	0.000983341639142	7
26	0.375	5	0.713333333333	0.023921166824	0.686666666667	0.74	1.54666666667	1.328125	1.58260744352	0.478125	7.00098334164	0.53125	475	214	247.8	22->21->27->28->25->20->31->9	7	0.000983341639142	7
26	0.3875	5	0.745333333333	0.04173993558	0.706666666667	0.813333333333	1.51666666667	1.32453125	1.55095529465	0.4865625	7.00098334164	0.540625	466	223.6	228.2	22->21->27->28->25->20->31->9	7	0.000983341639142	7
26	0.4	5	0.745333333333	0.0500333222296	0.706666666667	0.823333333333	1.48666666667	1.32	1.51930314578	0.495	7.00098334164	0.55	456	223.6	219.8	22->21->27->28->25->20->31->9	7	0.000983341639142	7
26	0.4125	5	0.727333333333	0.0360092580688	0.696666666667	0.786666666667	1.45333333333	1.31453125	1.48765099691	0.5034375	7.00098334164	0.559375	447	218.2	215.6	22->21->27->28->25->20->31->9	7	0.000983341639142	7
26	0.425	5	0.727333333333	0.0193505670316	0.706666666667	0.75	1.42333333333	1.308125	1.45599884804	0.511875	7.00098334164	0.56875	437	218.2	206	22->21->27->28->25->20->31->9	7	0.000983341639142	7
26	0.4375	5	0.724	0.0560951572479	0.636666666667	0.776666666667	1.39333333333	1.30078125	1.42434669917	0.5203125	7.00098334164	0.578125	428	217.2	198.4	22->21->27->28->25->20->31->9	7	0.000983341639142	7
26	0.45	5	0.714666666667	0.0157409586042	0.703333333333	0.74	1.36333333333	1.2925	1.3926945503	0.52875	7.00098334164	0.5875	418	214.4	192.2	22->21->27->28->25->20->31->9	7	0.000983341639142	7
26	0.4625	5	0.737333333333	0.0316578935216	0.713333333333	0.79	1.33	1.28328125	1.36104240143	0.5371875	7.00098334164	0.596875	409	221.2	176.2	22->21->27->28->25->20->31->9	7	0.000983341639142	7
26	0.475	5	0.72	0.0218581284143	0.683333333333	0.736666666667	1.3	1.273125	1.32939025256	0.545625	7.00098334164	0.60625	399	216	173	22->21->27->28->25->20->31->9	7	0.000983341639142	7
26	0.4875	5	0.711333333333	0.041204099041	0.646666666667	0.76	1.27	1.26203125	1.29773810369	0.5540625	7.00098334164	0.615625	390	213.4	165.8	22->21->27->28->25->20->31->9	7	0.000983341639142	7
26	0.5	5	0.693333333333	0.0246080384337	0.666666666667	0.723333333333	1.23666666667	1.25	1.26608595482	0.5625	7.00098334164	0.625	380	208	161.4	22->21->27->28->25->20->31->9	7	0.000983341639142	7
26	0.5125	5	0.74	0.0240370085031	0.716666666667	0.773333333333	1.20666666667	1.23703125	1.23443380595	0.5709375	7.00098334164	0.634375	371	222	138.8	22->21->27->28->25->20->31->9	7	0.000983341639142	7
26	0.525	5	0.694	0.0178574603146	0.676666666667	0.723333333333	1.17666666667	1.223125	1.20278165707	0.579375	7.00098334164	0.64375	361	208.2	143.2	22->21->27->28->25->20->31->9	7	0.000983341639142	7
26	0.5375	5	0.674666666667	0.0429857857643	0.62	0.723333333333	1.14666666667	1.20828125	1.1711295082	0.5878125	7.00098334164	0.653125	352	202.4	139.4	22->21->27->28->25->20->31->9	7	0.000983341639142	7
26	0.55	5	0.650666666667	0.0285189995149	0.616666666667	0.683333333333	1.11333333333	1.1925	1.13947735933	0.59625	7.00098334164	0.6625	342	195.2	137.4	22->21->27->28->25->20->31->9	7	0.000983341639142	7
26	0.5625	5	0.636666666667	0.0133333333333	0.62	0.653333333333	1.08333333333	1.17578125	1.10782521046	0.6046875	7.00098334164	0.671875	333	191	133.2	22->21->27->28->25->20->31->9	7	0.000983341639142	7
26	0.575	5	0.64	0.023921166824	0.606666666667	0.673333333333	1.05333333333	1.158125	1.07617306159	0.613125	7.00098334164	0.68125	323	192	123.6	22->21->27->28->25->20->31->9	7	0.000983341639142	7
26	0.5875	5	0.634	0.0172240142437	0.606666666667	0.65	1.02333333333	1.13953125	1.04452091272	0.6215625	7.00098334164	0.690625	314	190.2	115	22->21->27->28->25->20->31->9	7	0.000983341639142	7
26	0.6	5	0.646666666667	0.0360555127546	0.593333333333	0.683333333333	0.99	1.12	1.01286876385	0.63	7.00098334164	0.7	304	194	102	22->21->27->28->25->20->31->9	7	0.000983341639142	7
26	0.6125	5	0.592666666667	0.00683130051064	0.586666666667	0.603333333333	0.96	1.09953125	0.981216614982	0.6384375	7.00098334164	0.709375	295	177.8	109	22->21->27->28->25->20->31->9	7	0.000983341639142	7
26	0.625	5	0.604666666667	0.0265204323746	0.57	0.64	0.93	1.078125	0.949564466112	0.646875	7.00098334164	0.71875	285	181.4	96.2	22->21->27->28->25->20->31->9	7	0.000983341639142	7
26	0.6375	5	0.596	0.0173845397472	0.573333333333	0.613333333333	0.896666666667	1.05578125	0.917912317241	0.6553125	7.00098334164	0.728125	276	178.8	89.6	22->21->27->28->25->20->31->9	7	0.000983341639142	7
26	0.65	5	0.577333333333	0.00494413232473	0.57	0.583333333333	0.866666666667	1.0325	0.886260168371	0.66375	7.00098334164	0.7375	266	173.2	86	22->21->27->28->25->20->31->9	7	0.000983341639142	7
26	0.6625	5	0.542666666667	0.0207364413533	0.526666666667	0.576666666667	0.836666666667	1.00828125	0.854608019501	0.6721875	7.00098334164	0.746875	257	162.8	86.6	22->21->27->28->25->20->31->9	7	0.000983341639142	7
26	0.675	5	0.552666666667	0.0160554594384	0.533333333333	0.573333333333	0.806666666667	0.983125	0.82295587063	0.680625	7.00098334164	0.75625	247	165.8	75.4	22->21->27->28->25->20->31->9	7	0.000983341639142	7
26	0.6875	5	0.529333333333	0.0253201720198	0.496666666667	0.566666666667	0.773333333333	0.95703125	0.79130372176	0.6890625	7.00098334164	0.765625	238	158.8	72.2	22->21->27->28->25->20->31->9	7	0.000983341639142	7
26	0.7	5	0.516	0.0230217288664	0.486666666667	0.55	0.743333333333	0.93	0.759651572889	0.6975	7.00098334164	0.775	228	154.8	67.8	22->21->27->28->25->20->31->9	7	0.000983341639142	7
26	0.7125	5	0.504666666667	0.0155634900399	0.48	0.523333333333	0.713333333333	0.90203125	0.727999424019	0.7059375	7.00098334164	0.784375	219	151.4	62.4	22->21->27->28->25->20->31->9	7	0.000983341639142	7
26	0.725	5	0.490666666667	0.0184691935696	0.473333333333	0.52	0.683333333333	0.873125	0.696347275149	0.714375	7.00098334164	0.79375	209	147.2	57	22->21->27->28->25->20->31->9	7	0.000983341639142	7
26	0.7375	5	0.479333333333	0.0200554786087	0.463333333333	0.513333333333	0.65	0.84328125	0.664695126278	0.7228125	7.00098334164	0.803125	200	143.8	51.2	22->21->27->28->25->20->31->9	7	0.000983341639142	7
26	0.75	5	0.448666666667	0.0338788691927	0.41	0.476666666667	0.62	0.8125	0.633042977408	0.73125	7.00098334164	0.8125	190	134.6	50.4	22->21->27->28->25->20->31->9	7	0.000983341639142	7
26	0.7625	5	0.434	0.0158815056661	0.41	0.45	0.59	0.78078125	0.601390828537	0.7396875	7.00098334164	0.821875	181	130.2	46.2	22->21->27->28->25->20->31->9	7	0.000983341639142	7
26	0.775	5	0.412	0.0169312334656	0.383333333333	0.423333333333	0.556666666667	0.748125	0.569738679667	0.748125	7.00098334164	0.83125	171	123.6	43.2	22->21->27->28->25->20->31->9	7	0.000983341639142	7
26	0.7875	5	0.388666666667	0.0263101163476	0.356666666667	0.41	0.526666666667	0.71453125	0.538086530797	0.7565625	7.00098334164	0.840625	162	116.6	41	22->21->27->28->25->20->31->9	7	0.000983341639142	7
26	0.8	5	0.388	0.0245628445693	0.366666666667	0.43	0.496666666667	0.68	0.506434381926	0.765	7.00098334164	0.85	152	116.4	32	22->21->27->28->25->20->31->9	7	0.000983341639142	7
26	0.8125	5	0.368	0.01192569588	0.356666666667	0.383333333333	0.466666666667	0.64453125	0.474782233056	0.7734375	7.00098334164	0.859375	143	110.4	29.6	22->21->27->28->25->20->31->9	7	0.000983341639142	7
26	0.825	5	0.328	0.018499249234	0.31	0.35	0.433333333333	0.608125	0.443130084185	0.781875	7.00098334164	0.86875	133	98.4	31.6	22->21->27->28->25->20->31->9	7	0.000983341639142	7
26	0.8375	5	0.334	0.0138242942356	0.316666666667	0.35	0.403333333333	0.57078125	0.411477935315	0.7903125	7.00098334164	0.878125	124	100.2	20.6	22->21->27->28->25->20->31->9	7	0.000983341639142	7
26	0.85	5	0.293333333333	0.00666666666667	0.286666666667	0.303333333333	0.373333333333	0.5325	0.379825786445	0.79875	7.00098334164	0.8875	114	88	24	22->21->27->28->25->20->31->9	7	0.000983341639142	7
26	0.8625	5	0.28	0.0129099444874	0.266666666667	0.296666666667	0.343333333333	0.49328125	0.348173637574	0.8071875	7.00098334164	0.896875	105	84	18.8	22->21->27->28->25->20->31->9	7	0.000983341639142	7
26	0.875	5	0.264	0.00760116950066	0.253333333333	0.273333333333	0.31	0.453125	0.316521488704	0.815625	7.00098334164	0.90625	95	79.2	13.8	22->21->27->28->25->20->31->9	7	0.000983341639142	7
26	0.8875	5	0.231333333333	0.00988826464946	0.22	0.246666666667	0.28	0.41203125	0.284869339834	0.8240625	7.00098334164	0.915625	86	69.4	14.4	22->21->27->28->25->20->31->9	7	0.000983341639142	7
26	0.9	5	0.207333333333	0.00547722557505	0.203333333333	0.216666666667	0.25	0.37	0.253217190963	0.8325	7.00098334164	0.925	76	62.2	12.8	22->21->27->28->25->20->31->9	7	0.000983341639142	7
26	0.9125	5	0.184	0.00683130051064	0.173333333333	0.19	0.216666666667	0.32703125	0.221565042093	0.8409375	7.00098334164	0.934375	67	55.2	9.8	22->21->27->28->25->20->31->9	7	0.000983341639142	7
26	0.925	5	0.156666666667	0.00781735959971	0.143333333333	0.163333333333	0.186666666667	0.283125	0.189912893222	0.849375	7.00098334164	0.94375	57	47	9	22->21->27->28->25->20->31->9	7	0.000983341639142	7
26	0.9375	5	0.137333333333	0.0086281194037	0.123333333333	0.146666666667	0.156666666667	0.23828125	0.158260744352	0.8578125	7.00098334164	0.953125	48	41.2	5.8	22->21->27->28->25->20->31->9	7	0.000983341639142	7
26	0.95	5	0.11	0.00707106781187	0.1	0.116666666667	0.126666666667	0.1925	0.126608595482	0.86625	7.00098334164	0.9625	38	33	4.4	22->21->27->28->25->20->31->9	7	0.000983341639142	7
26	0.9625	5	0.0826666666667	0.00641179468722	0.0733333333333	0.09	0.0933333333333	0.14578125	0.0949564466112	0.8746875	7.00098334164	0.971875	29	24.8	3.2	22->21->27->28->25->20->31->9	7	0.000983341639142	7
26	0.975	5	0.0546666666667	0.00557773351023	0.0466666666667	0.06	0.0633333333333	0.098125	0.0633042977408	0.883125	7.00098334164	0.98125	19	16.4	2.6	22->21->27->28->25->20->31->9	7	0.000983341639142	7
26	0.9875	5	0.03	0.00333333333333	0.0266666666667	0.0333333333333	0.0333333333333	0.04953125	0.0316521488704	0.8915625	7.00098334164	0.990625	10	9	1	22->21->27->28->25->20->31->9	7	0.000983341639142	7
28	0.0125	5	0.562	0.0269361384678	0.533333333333	0.603333333333	2.44333333333	1.02453125	2.50051976076	0.2334375	7.00098334164	0.259375	751	168.6	558.4	22->21->27->28->25->20->31->9	7	0.000983341639142	7
28	0.025	5	0.587333333333	0.0576097985493	0.51	0.656666666667	2.41333333333	1.048125	2.46886761189	0.241875	7.00098334164	0.26875	741	176.2	541.8	22->21->27->28->25->20->31->9	7	0.000983341639142	7
28	0.0375	5	0.618666666667	0.0598887858173	0.566666666667	0.69	2.38333333333	1.07078125	2.43721546302	0.2503125	7.00098334164	0.278125	732	185.6	524.2	22->21->27->28->25->20->31->9	7	0.000983341639142	7
28	0.05	5	0.626	0.0661815684311	0.546666666667	0.706666666667	2.35	1.0925	2.40556331415	0.25875	7.00098334164	0.2875	722	187.8	513.4	22->21->27->28->25->20->31->9	7	0.000983341639142	7
28	0.0625	5	0.614	0.0497437879985	0.573333333333	0.67	2.32	1.11328125	2.37391116528	0.2671875	7.00098334164	0.296875	713	184.2	507.2	22->21->27->28->25->20->31->9	7	0.000983341639142	7
28	0.075	5	0.636666666667	0.0429469957558	0.57	0.683333333333	2.29	1.133125	2.34225901641	0.275625	7.00098334164	0.30625	703	191	490.2	22->21->27->28->25->20->31->9	7	0.000983341639142	7
28	0.0875	5	0.662	0.0346089262731	0.606666666667	0.7	2.26	1.15203125	2.31060686754	0.2840625	7.00098334164	0.315625	694	198.6	475	22->21->27->28->25->20->31->9	7	0.000983341639142	7
28	0.1	5	0.664666666667	0.0285384730573	0.636666666667	0.71	2.22666666667	1.17	2.27895471867	0.2925	7.00098334164	0.325	684	199.4	463.8	22->21->27->28->25->20->31->9	7	0.000983341639142	7
28	0.1125	5	0.676	0.0635697342382	0.616666666667	0.746666666667	2.19666666667	1.18703125	2.2473025698	0.3009375	7.00098334164	0.334375	675	202.8	451.6	22->21->27->28->25->20->31->9	7	0.000983341639142	7
28	0.125	5	0.65	0.041028445417	0.603333333333	0.693333333333	2.16666666667	1.203125	2.21565042093	0.309375	7.00098334164	0.34375	665	195	450.2	22->21->27->28->25->20->31->9	7	0.000983341639142	7
28	0.1375	5	0.657333333333	0.0427784992724	0.59	0.7	2.13333333333	1.21828125	2.18399827206	0.3178125	7.00098334164	0.353125	656	197.2	438	22->21->27->28->25->20->31->9	7	0.000983341639142	7
28	0.15	5	0.688666666667	0.0202210011841	0.666666666667	0.706666666667	2.10333333333	1.2325	2.15234612319	0.32625	7.00098334164	0.3625	646	206.6	421	22->21->27->28->25->20->31->9	7	0.000983341639142	7
28	0.1625	5	0.702666666667	0.025970068241	0.67	0.736666666667	2.07333333333	1.24578125	2.12069397432	0.3346875	7.00098334164	0.371875	637	210.8	406.4	22->21->27->28->25->20->31->9	7	0.000983341639142	7
28	0.175	5	0.710666666667	0.0314819172083	0.666666666667	0.74	2.04333333333	1.258125	2.08904182545	0.343125	7.00098334164	0.38125	627	213.2	395.4	22->21->27->28->25->20->31->9	7	0.000983341639142	7
28	0.1875	5	0.685333333333	0.0562039935315	0.626666666667	0.753333333333	2.01	1.26953125	2.05738967658	0.3515625	7.00098334164	0.390625	618	205.6	393.2	22->21->27->28->25->20->31->9	7	0.000983341639142	7
28	0.2	5	0.708	0.0165998661307	0.683333333333	0.723333333333	1.98	1.28	2.02573752771	0.36	7.00098334164	0.4	608	212.4	377.8	22->21->27->28->25->20->31->9	7	0.000983341639142	7
28	0.2125	5	0.697333333333	0.0326938662273	0.65	0.74	1.95	1.28953125	1.99408537883	0.3684375	7.00098334164	0.409375	599	209.2	373.4	22->21->27->28->25->20->31->9	7	0.000983341639142	7
28	0.225	5	0.753333333333	0.0432691832858	0.7	0.816666666667	1.91666666667	1.298125	1.96243322996	0.376875	7.00098334164	0.41875	589	226	346.4	22->21->27->28->25->20->31->9	7	0.000983341639142	7
28	0.2375	5	0.726	0.0368480362812	0.693333333333	0.78	1.88666666667	1.30578125	1.93078108109	0.3853125	7.00098334164	0.428125	580	217.8	344.8	22->21->27->28->25->20->31->9	7	0.000983341639142	7
28	0.25	5	0.734	0.0136218778278	0.723333333333	0.756666666667	1.85666666667	1.3125	1.89912893222	0.39375	7.00098334164	0.4375	570	220.2	333.4	22->21->27->28->25->20->31->9	7	0.000983341639142	7
28	0.2625	5	0.732666666667	0.0550454357781	0.686666666667	0.82	1.82666666667	1.31828125	1.86747678335	0.4021875	7.00098334164	0.446875	561	219.8	324.4	22->21->27->28->25->20->31->9	7	0.000983341639142	7
28	0.275	5	0.718	0.0298700890896	0.69	0.76	1.79333333333	1.323125	1.83582463448	0.410625	7.00098334164	0.45625	551	215.4	319	22->21->27->28->25->20->31->9	7	0.000983341639142	7
28	0.2875	5	0.753333333333	0.047551142059	0.693333333333	0.79	1.76333333333	1.32703125	1.80417248561	0.4190625	7.00098334164	0.465625	542	226	299.6	22->21->27->28->25->20->31->9	7	0.000983341639142	7
28	0.3	5	0.752	0.041204099041	0.686666666667	0.79	1.73333333333	1.33	1.77252033674	0.4275	7.00098334164	0.475	532	225.6	291.8	22->21->27->28->25->20->31->9	7	0.000983341639142	7
28	0.3125	5	0.725333333333	0.0255603860169	0.706666666667	0.766666666667	1.70333333333	1.33203125	1.74086818787	0.4359375	7.00098334164	0.484375	523	217.6	289.8	22->21->27->28->25->20->31->9	7	0.000983341639142	7
28	0.325	5	0.728	0.0548533398153	0.673333333333	0.82	1.67	1.333125	1.709216039	0.444375	7.00098334164	0.49375	513	218.4	279.6	22->21->27->28->25->20->31->9	7	0.000983341639142	7
28	0.333333333333	5	0.751333333333	0.0634472659423	0.69	0.843333333333	1.65	1.33333333333	1.68811460642	0.45	7.00098334164	0.5	507	225.4	267.6	22->21->27->28->25->20->31->9	7	0.000983341639142	7
28	0.3375	5	0.749333333333	0.0180123414481	0.726666666667	0.773333333333	1.64	1.33328125	1.67756389013	0.4528125	7.00098334164	0.503125	504	224.8	264.8	22->21->27->28->25->20->31->9	7	0.000983341639142	7
28	0.35	5	0.748666666667	0.0138644228954	0.733333333333	0.77	1.61	1.3325	1.64591174126	0.46125	7.00098334164	0.5125	494	224.6	255.2	22->21->27->28->25->20->31->9	7	0.000983341639142	7
28	0.3625	5	0.743333333333	0.0514241620685	0.68	0.793333333333	1.57666666667	1.33078125	1.61425959239	0.4696875	7.00098334164	0.521875	485	223	248.6	22->21->27->28->25->20->31->9	7	0.000983341639142	7
28	0.375	5	0.737333333333	0.0451171315085	0.683333333333	0.8	1.54666666667	1.328125	1.58260744352	0.478125	7.00098334164	0.53125	475	221.2	240.6	22->21->27->28->25->20->31->9	7	0.000983341639142	7
28	0.3875	5	0.753333333333	0.0355121262544	0.713333333333	0.8	1.51666666667	1.32453125	1.55095529465	0.4865625	7.00098334164	0.540625	466	226	227.6	22->21->27->28->25->20->31->9	7	0.000983341639142	7
28	0.4	5	0.744666666667	0.0332999833166	0.693333333333	0.786666666667	1.48666666667	1.32	1.51930314578	0.495	7.00098334164	0.55	456	223.4	220.2	22->21->27->28->25->20->31->9	7	0.000983341639142	7
28	0.4125	5	0.757333333333	0.0308580981628	0.72	0.796666666667	1.45333333333	1.31453125	1.48765099691	0.5034375	7.00098334164	0.559375	447	227.2	206.2	22->21->27->28->25->20->31->9	7	0.000983341639142	7
28	0.425	5	0.712	0.0271416039811	0.686666666667	0.756666666667	1.42333333333	1.308125	1.45599884804	0.511875	7.00098334164	0.56875	437	213.6	211.6	22->21->27->28->25->20->31->9	7	0.000983341639142	7
28	0.4375	5	0.713333333333	0.0283823106099	0.683333333333	0.753333333333	1.39333333333	1.30078125	1.42434669917	0.5203125	7.00098334164	0.578125	428	214	202.2	22->21->27->28->25->20->31->9	7	0.000983341639142	7
28	0.45	5	0.698666666667	0.019379255805	0.67	0.72	1.36333333333	1.2925	1.3926945503	0.52875	7.00098334164	0.5875	418	209.6	196.6	22->21->27->28->25->20->31->9	7	0.000983341639142	7
28	0.4625	5	0.712	0.0299629400723	0.676666666667	0.756666666667	1.33	1.28328125	1.36104240143	0.5371875	7.00098334164	0.596875	409	213.6	184	22->21->27->28->25->20->31->9	7	0.000983341639142	7
28	0.475	5	0.684666666667	0.037535168694	0.646666666667	0.726666666667	1.3	1.273125	1.32939025256	0.545625	7.00098334164	0.60625	399	205.4	182.8	22->21->27->28->25->20->31->9	7	0.000983341639142	7
28	0.4875	5	0.734666666667	0.018043158137	0.706666666667	0.75	1.27	1.26203125	1.29773810369	0.5540625	7.00098334164	0.615625	390	220.4	159	22->21->27->28->25->20->31->9	7	0.000983341639142	7
28	0.5	5	0.690666666667	0.023499408976	0.666666666667	0.72	1.23666666667	1.25	1.26608595482	0.5625	7.00098334164	0.625	380	207.2	162	22->21->27->28->25->20->31->9	7	0.000983341639142	7
28	0.5125	5	0.708	0.019663841605	0.69	0.736666666667	1.20666666667	1.23703125	1.23443380595	0.5709375	7.00098334164	0.634375	371	212.4	147.6	22->21->27->28->25->20->31->9	7	0.000983341639142	7
28	0.525	5	0.666	0.0319200389863	0.63	0.696666666667	1.17666666667	1.223125	1.20278165707	0.579375	7.00098334164	0.64375	361	199.8	151	22->21->27->28->25->20->31->9	7	0.000983341639142	7
28	0.5375	5	0.685333333333	0.0243356163313	0.65	0.713333333333	1.14666666667	1.20828125	1.1711295082	0.5878125	7.00098334164	0.653125	352	205.6	137.4	22->21->27->28->25->20->31->9	7	0.000983341639142	7
28	0.55	5	0.634666666667	0.0251219249086	0.606666666667	0.673333333333	1.11333333333	1.1925	1.13947735933	0.59625	7.00098334164	0.6625	342	190.4	142	22->21->27->28->25->20->31->9	7	0.000983341639142	7
28	0.5625	5	0.634	0.0392569880545	0.586666666667	0.69	1.08333333333	1.17578125	1.10782521046	0.6046875	7.00098334164	0.671875	333	190.2	133	22->21->27->28->25->20->31->9	7	0.000983341639142	7
28	0.575	5	0.622666666667	0.0305868526585	0.576666666667	0.656666666667	1.05333333333	1.158125	1.07617306159	0.613125	7.00098334164	0.68125	323	186.8	127.4	22->21->27->28->25->20->31->9	7	0.000983341639142	7
28	0.5875	5	0.614666666667	0.0284409720103	0.573333333333	0.65	1.02333333333	1.13953125	1.04452091272	0.6215625	7.00098334164	0.690625	314	184.4	121.6	22->21->27->28->25->20->31->9	7	0.000983341639142	7
28	0.6	5	0.612	0.0170945085399	0.593333333333	0.636666666667	0.99	1.12	1.01286876385	0.63	7.00098334164	0.7	304	183.6	112.6	22->21->27->28->25->20->31->9	7	0.000983341639142	7
28	0.6125	5	0.594666666667	0.0299629400723	0.57	0.646666666667	0.96	1.09953125	0.981216614982	0.6384375	7.00098334164	0.709375	295	178.4	107.8	22->21->27->28->25->20->31->9	7	0.000983341639142	7
28	0.625	5	0.590666666667	0.0479814779079	0.543333333333	0.656666666667	0.93	1.078125	0.949564466112	0.646875	7.00098334164	0.71875	285	177.2	100	22->21->27->28->25->20->31->9	7	0.000983341639142	7
28	0.6375	5	0.584666666667	0.0238746727726	0.546666666667	0.606666666667	0.896666666667	1.05578125	0.917912317241	0.6553125	7.00098334164	0.728125	276	175.4	92.6	22->21->27->28->25->20->31->9	7	0.000983341639142	7
28	0.65	5	0.558	0.0218072363117	0.53	0.58	0.866666666667	1.0325	0.886260168371	0.66375	7.00098334164	0.7375	266	167.4	92	22->21->27->28->25->20->31->9	7	0.000983341639142	7
28	0.6625	5	0.561333333333	0.0128235893744	0.543333333333	0.576666666667	0.836666666667	1.00828125	0.854608019501	0.6721875	7.00098334164	0.746875	257	168.4	82.2	22->21->27->28->25->20->31->9	7	0.000983341639142	7
28	0.675	5	0.566	0.014023789312	0.553333333333	0.59	0.806666666667	0.983125	0.82295587063	0.680625	7.00098334164	0.75625	247	169.8	70.8	22->21->27->28->25->20->31->9	7	0.000983341639142	7
28	0.6875	5	0.55	0.0168325082306	0.523333333333	0.563333333333	0.773333333333	0.95703125	0.79130372176	0.6890625	7.00098334164	0.765625	238	165	66.2	22->21->27->28->25->20->31->9	7	0.000983341639142	7
28	0.7	5	0.516666666667	0.0273861278753	0.486666666667	0.55	0.743333333333	0.93	0.759651572889	0.6975	7.00098334164	0.775	228	155	67.8	22->21->27->28->25->20->31->9	7	0.000983341639142	7
28	0.7125	5	0.503333333333	0.0233333333333	0.476666666667	0.526666666667	0.713333333333	0.90203125	0.727999424019	0.7059375	7.00098334164	0.784375	219	151	62.2	22->21->27->28->25->20->31->9	7	0.000983341639142	7
28	0.725	5	0.505333333333	0.019663841605	0.483333333333	0.533333333333	0.683333333333	0.873125	0.696347275149	0.714375	7.00098334164	0.79375	209	151.6	52.8	22->21->27->28->25->20->31->9	7	0.000983341639142	7
28	0.7375	5	0.463333333333	0.0185592145428	0.44	0.48	0.65	0.84328125	0.664695126278	0.7228125	7.00098334164	0.803125	200	139	54.8	22->21->27->28->25->20->31->9	7	0.000983341639142	7
28	0.75	5	0.439333333333	0.0173845397472	0.413333333333	0.46	0.62	0.8125	0.633042977408	0.73125	7.00098334164	0.8125	190	131.8	53.8	22->21->27->28->25->20->31->9	7	0.000983341639142	7
28	0.7625	5	0.428666666667	0.0281464424434	0.383333333333	0.453333333333	0.59	0.78078125	0.601390828537	0.7396875	7.00098334164	0.821875	181	128.6	47.8	22->21->27->28->25->20->31->9	7	0.000983341639142	7
28	0.775	5	0.414	0.0252102272016	0.386666666667	0.45	0.556666666667	0.748125	0.569738679667	0.748125	7.00098334164	0.83125	171	124.2	42.6	22->21->27->28->25->20->31->9	7	0.000983341639142	7
28	0.7875	5	0.399333333333	0.011401754251	0.383333333333	0.41	0.526666666667	0.71453125	0.538086530797	0.7565625	7.00098334164	0.840625	162	119.8	38.2	22->21->27->28->25->20->31->9	7	0.000983341639142	7
28	0.8	5	0.378666666667	0.0086922698736	0.37	0.393333333333	0.496666666667	0.68	0.506434381926	0.765	7.00098334164	0.85	152	113.6	35	22->21->27->28->25->20->31->9	7	0.000983341639142	7
28	0.8125	5	0.373333333333	0.0113038833052	0.36	0.39	0.466666666667	0.64453125	0.474782233056	0.7734375	7.00098334164	0.859375	143	112	27.4	22->21->27->28->25->20->31->9	7	0.000983341639142	7
28	0.825	5	0.332	0.0172562388074	0.316666666667	0.36	0.433333333333	0.608125	0.443130084185	0.781875	7.00098334164	0.86875	133	99.6	30.4	22->21->27->28->25->20->31->9	7	0.000983341639142	7
28	0.8375	5	0.318666666667	0.00900617072407	0.31	0.333333333333	0.403333333333	0.57078125	0.411477935315	0.7903125	7.00098334164	0.878125	124	95.6	25	22->21->27->28->25->20->31->9	7	0.000983341639142	7
28	0.85	5	0.302	0.0101653004547	0.29	0.316666666667	0.373333333333	0.5325	0.379825786445	0.79875	7.00098334164	0.8875	114	90.6	21.2	22->21->27->28->25->20->31->9	7	0.000983341639142	7
28	0.8625	5	0.262666666667	0.0165663648531	0.25	0.29	0.343333333333	0.49328125	0.348173637574	0.8071875	7.00098334164	0.896875	105	78.8	23.6	22->21->27->28->25->20->31->9	7	0.000983341639142	7
28	0.875	5	0.255333333333	0.019663841605	0.24	0.28	0.31	0.453125	0.316521488704	0.815625	7.00098334164	0.90625	95	76.6	16.4	22->21->27->28->25->20->31->9	7	0.000983341639142	7
28	0.8875	5	0.22	0.0179505493571	0.203333333333	0.246666666667	0.28	0.41203125	0.284869339834	0.8240625	7.00098334164	0.915625	86	66	17.4	22->21->27->28->25->20->31->9	7	0.000983341639142	7
28	0.9	5	0.214666666667	0.00836660026534	0.206666666667	0.226666666667	0.25	0.37	0.253217190963	0.8325	7.00098334164	0.925	76	64.4	10.6	22->21->27->28->25->20->31->9	7	0.000983341639142	7
28	0.9125	5	0.18	0.00781735959971	0.17	0.186666666667	0.216666666667	0.32703125	0.221565042093	0.8409375	7.00098334164	0.934375	67	54	11	22->21->27->28->25->20->31->9	7	0.000983341639142	7
28	0.925	5	0.156666666667	0.0105409255339	0.146666666667	0.173333333333	0.186666666667	0.283125	0.189912893222	0.849375	7.00098334164	0.94375	57	47	9	22->21->27->28->25->20->31->9	7	0.000983341639142	7
28	0.9375	5	0.132666666667	0.00547722557505	0.123333333333	0.136666666667	0.156666666667	0.23828125	0.158260744352	0.8578125	7.00098334164	0.953125	48	39.8	7.2	22->21->27->28->25->20->31->9	7	0.000983341639142	7
28	0.95	5	0.108666666667	0.00988826464946	0.0933333333333	0.12	0.126666666667	0.1925	0.126608595482	0.86625	7.00098334164	0.9625	38	32.6	5.4	22->21->27->28->25->20->31->9	7	0.000983341639142	7
28	0.9625	5	0.0773333333333	0.00278886675511	0.0733333333333	0.08	0.0933333333333	0.14578125	0.0949564466112	0.8746875	7.00098334164	0.971875	29	23.2	4.8	22->21->27->28->25->20->31->9	7	0.000983341639142	7
28	0.975	5	0.058	0.00505525029603	0.05	0.0633333333333	0.0633333333333	0.098125	0.0633042977408	0.883125	7.00098334164	0.98125	19	17.4	1.6	22->21->27->28->25->20->31->9	7	0.000983341639142	7
28	0.9875	5	0.0293333333333	0.00278886675511	0.0266666666667	0.0333333333333	0.0333333333333	0.04953125	0.0316521488704	0.8915625	7.00098334164	0.990625	10	8.8	1.2	22->21->27->28->25->20->31->9	7	0.000983341639142	7
30	0.0125	5	0.585333333333	0.0585282457926	0.526666666667	0.676666666667	2.44333333333	1.02453125	2.50051976076	0.2334375	7.00098334164	0.259375	751	175.6	552	22->21->27->28->25->20->31->9	7	0.000983341639142	7
30	0.025	5	0.58	0.0355902608401	0.56	0.643333333333	2.41333333333	1.048125	2.46886761189	0.241875	7.00098334164	0.26875	741	174	544	22->21->27->28->25->20->31->9	7	0.000983341639142	7
30	0.0375	5	0.614	0.0337803361604	0.573333333333	0.656666666667	2.38333333333	1.07078125	2.43721546302	0.2503125	7.00098334164	0.278125	732	184.2	524.6	22->21->27->28->25->20->31->9	7	0.000983341639142	7
30	0.05	5	0.625333333333	0.0472934103937	0.57	0.673333333333	2.35	1.0925	2.40556331415	0.25875	7.00098334164	0.2875	722	187.6	512.2	22->21->27->28->25->20->31->9	7	0.000983341639142	7
30	0.0625	5	0.628666666667	0.0392003401346	0.603333333333	0.696666666667	2.32	1.11328125	2.37391116528	0.2671875	7.00098334164	0.296875	713	188.6	502.8	22->21->27->28->25->20->31->9	7	0.000983341639142	7
30	0.075	5	0.624	0.0308580981628	0.586666666667	0.656666666667	2.29	1.133125	2.34225901641	0.275625	7.00098334164	0.30625	703	187.2	494.4	22->21->27->28->25->20->31->9	7	0.000983341639142	7
30	0.0875	5	0.628666666667	0.0321973083761	0.596666666667	0.666666666667	2.26	1.15203125	2.31060686754	0.2840625	7.00098334164	0.315625	694	188.6	484.4	22->21->27->28->25->20->31->9	7	0.000983341639142	7
30	0.1	5	0.656	0.0621557184283	0.553333333333	0.72	2.22666666667	1.17	2.27895471867	0.2925	7.00098334164	0.325	684	196.8	466.8	22->21->27->28->25->20->31->9	7	0.000983341639142	7
30	0.1125	5	0.644666666667	0.0684997972422	0.583333333333	0.72	2.19666666667	1.18703125	2.2473025698	0.3009375	7.00098334164	0.334375	675	193.4	459.8	22->21->27->28->25->20->31->9	7	0.000983341639142	7
30	0.125	5	0.684666666667	0.0264154836749	0.653333333333	0.72	2.16666666667	1.203125	2.21565042093	0.309375	7.00098334164	0.34375	665	205.4	439.4	22->21->27->28->25->20->31->9	7	0.000983341639142	7
30	0.1375	5	0.678666666667	0.0477609789589	0.63	0.743333333333	2.13333333333	1.21828125	2.18399827206	0.3178125	7.00098334164	0.353125	656	203.6	432.2	22->21->27->28->25->20->31->9	7	0.000983341639142	7
30	0.15	5	0.706	0.0688153729595	0.62	0.786666666667	2.10333333333	1.2325	2.15234612319	0.32625	7.00098334164	0.3625	646	211.8	415.2	22->21->27->28->25->20->31->9	7	0.000983341639142	7
30	0.1625	5	0.687333333333	0.0326087922704	0.656666666667	0.733333333333	2.07333333333	1.24578125	2.12069397432	0.3346875	7.00098334164	0.371875	637	206.2	411	22->21->27->28->25->20->31->9	7	0.000983341639142	7
30	0.175	5	0.714	0.0295710068216	0.68	0.756666666667	2.04333333333	1.258125	2.08904182545	0.343125	7.00098334164	0.38125	627	214.2	394	22->21->27->28->25->20->31->9	7	0.000983341639142	7
30	0.1875	5	0.707333333333	0.0580899685354	0.64	0.79	2.01	1.26953125	2.05738967658	0.3515625	7.00098334164	0.390625	618	212.2	387.4	22->21->27->28->25->20->31->9	7	0.000983341639142	7
30	0.2	5	0.722666666667	0.0364691650576	0.673333333333	0.756666666667	1.98	1.28	2.02573752771	0.36	7.00098334164	0.4	608	216.8	373.2	22->21->27->28->25->20->31->9	7	0.000983341639142	7
30	0.2125	5	0.712	0.0164316767252	0.686666666667	0.73	1.95	1.28953125	1.99408537883	0.3684375	7.00098334164	0.409375	599	213.6	367.6	22->21->27->28->25->20->31->9	7	0.000983341639142	7
30	0.225	5	0.730666666667	0.0326087922704	0.676666666667	0.76	1.91666666667	1.298125	1.96243322996	0.376875	7.00098334164	0.41875	589	219.2	352.6	22->21->27->28->25->20->31->9	7	0.000983341639142	7
30	0.2375	5	0.722	0.03279566367	0.683333333333	0.773333333333	1.88666666667	1.30578125	1.93078108109	0.3853125	7.00098334164	0.428125	580	216.6	345.8	22->21->27->28->25->20->31->9	7	0.000983341639142	7
30	0.25	5	0.730666666667	0.0728544973065	0.606666666667	0.79	1.85666666667	1.3125	1.89912893222	0.39375	7.00098334164	0.4375	570	219.2	334.8	22->21->27->28->25->20->31->9	7	0.000983341639142	7
30	0.2625	5	0.724	0.0405791407828	0.69	0.77	1.82666666667	1.31828125	1.86747678335	0.4021875	7.00098334164	0.446875	561	217.2	326.6	22->21->27->28->25->20->31->9	7	0.000983341639142	7
30	0.275	5	0.728	0.0260981055081	0.71	0.773333333333	1.79333333333	1.323125	1.83582463448	0.410625	7.00098334164	0.45625	551	218.4	316.4	22->21->27->28->25->20->31->9	7	0.000983341639142	7
30	0.2875	5	0.734	0.0258628863217	0.706666666667	0.76	1.76333333333	1.32703125	1.80417248561	0.4190625	7.00098334164	0.465625	542	220.2	305.8	22->21->27->28->25->20->31->9	7	0.000983341639142	7
30	0.3	5	0.74	0.0212132034356	0.716666666667	0.766666666667	1.73333333333	1.33	1.77252033674	0.4275	7.00098334164	0.475	532	222	295.6	22->21->27->28->25->20->31->9	7	0.000983341639142	7
30	0.3125	5	0.712666666667	0.0290975371237	0.68	0.76	1.70333333333	1.33203125	1.74086818787	0.4359375	7.00098334164	0.484375	523	213.8	293.8	22->21->27->28->25->20->31->9	7	0.000983341639142	7
30	0.325	5	0.744	0.0291928453944	0.696666666667	0.766666666667	1.67	1.333125	1.709216039	0.444375	7.00098334164	0.49375	513	223.2	274.8	22->21->27->28->25->20->31->9	7	0.000983341639142	7
30	0.333333333333	5	0.713333333333	0.046607104847	0.653333333333	0.783333333333	1.65	1.33333333333	1.68811460642	0.45	7.00098334164	0.5	507	214	278.2	22->21->27->28->25->20->31->9	7	0.000983341639142	7
30	0.3375	5	0.748	0.0600277713507	0.69	0.833333333333	1.64	1.33328125	1.67756389013	0.4528125	7.00098334164	0.503125	504	224.4	264	22->21->27->28->25->20->31->9	7	0.000983341639142	7
30	0.35	5	0.733333333333	0.0210818510678	0.7	0.756666666667	1.61	1.3325	1.64591174126	0.46125	7.00098334164	0.5125	494	220	260.2	22->21->27->28->25->20->31->9	7	0.000983341639142	7
30	0.3625	5	0.74	0.0310017920629	0.693333333333	0.766666666667	1.57666666667	1.33078125	1.61425959239	0.4696875	7.00098334164	0.521875	485	222	248.4	22->21->27->28->25->20->31->9	7	0.000983341639142	7
30	0.375	5	0.757333333333	0.0335327369066	0.71	0.796666666667	1.54666666667	1.328125	1.58260744352	0.478125	7.00098334164	0.53125	475	227.2	234	22->21->27->28->25->20->31->9	7	0.000983341639142	7
30	0.3875	5	0.733333333333	0.0258198889747	0.706666666667	0.766666666667	1.51666666667	1.32453125	1.55095529465	0.4865625	7.00098334164	0.540625	466	220	233.6	22->21->27->28->25->20->31->9	7	0.000983341639142	7
30	0.4	5	0.744	0.0319200389863	0.706666666667	0.79	1.48666666667	1.32	1.51930314578	0.495	7.00098334164	0.55	456	223.2	219.6	22->21->27->28->25->20->31->9	7	0.000983341639142	7
30	0.4125	5	0.736	0.0284214316631	0.706666666667	0.773333333333	1.45333333333	1.31453125	1.48765099691	0.5034375	7.00098334164	0.559375	447	220.8	213	22->21->27->28->25->20->31->9	7	0.000983341639142	7
30	0.425	5	0.745333333333	0.0404557371292	0.68	0.79	1.42333333333	1.308125	1.45599884804	0.511875	7.00098334164	0.56875	437	223.6	201.6	22->21->27->28->25->20->31->9	7	0.000983341639142	7
30	0.4375	5	0.725333333333	0.0199443670689	0.706666666667	0.75	1.39333333333	1.30078125	1.42434669917	0.5203125	7.00098334164	0.578125	428	217.6	198.6	22->21->27->28->25->20->31->9	7	0.000983341639142	7
30	0.45	5	0.734666666667	0.042334645649	0.686666666667	0.786666666667	1.36333333333	1.2925	1.3926945503	0.52875	7.00098334164	0.5875	418	220.4	185	22->21->27->28->25->20->31->9	7	0.000983341639142	7
30	0.4625	5	0.700666666667	0.0230217288664	0.67	0.73	1.33	1.28328125	1.36104240143	0.5371875	7.00098334164	0.596875	409	210.2	186.4	22->21->27->28->25->20->31->9	7	0.000983341639142	7
30	0.475	5	0.714666666667	0.0269361384678	0.68	0.75	1.3	1.273125	1.32939025256	0.545625	7.00098334164	0.60625	399	214.4	173.6	22->21->27->28->25->20->31->9	7	0.000983341639142	7
30	0.4875	5	0.712	0.0172562388074	0.696666666667	0.74	1.27	1.26203125	1.29773810369	0.5540625	7.00098334164	0.615625	390	213.6	165.2	22->21->27->28->25->20->31->9	7	0.000983341639142	7
30	0.5	5	0.700666666667	0.0344318973563	0.656666666667	0.746666666667	1.23666666667	1.25	1.26608595482	0.5625	7.00098334164	0.625	380	210.2	159	22->21->27->28->25->20->31->9	7	0.000983341639142	7
30	0.5125	5	0.678666666667	0.0172562388074	0.66	0.706666666667	1.20666666667	1.23703125	1.23443380595	0.5709375	7.00098334164	0.634375	371	203.6	157.2	22->21->27->28->25->20->31->9	7	0.000983341639142	7
30	0.525	5	0.677333333333	0.022656860624	0.653333333333	0.703333333333	1.17666666667	1.223125	1.20278165707	0.579375	7.00098334164	0.64375	361	203.2	148	22->21->27->28->25->20->31->9	7	0.000983341639142	7
30	0.5375	5	0.686	0.0308580981628	0.64	0.726666666667	1.14666666667	1.20828125	1.1711295082	0.5878125	7.00098334164	0.653125	352	205.8	136.2	22->21->27->28->25->20->31->9	7	0.000983341639142	7
30	0.55	5	0.654666666667	0.0275479380152	0.606666666667	0.673333333333	1.11333333333	1.1925	1.13947735933	0.59625	7.00098334164	0.6625	342	196.4	136.4	22->21->27->28->25->20->31->9	7	0.000983341639142	7
30	0.5625	5	0.648666666667	0.01192569588	0.63	0.656666666667	1.08333333333	1.17578125	1.10782521046	0.6046875	7.00098334164	0.671875	333	194.6	129	22->21->27->28->25->20->31->9	7	0.000983341639142	7
30	0.575	5	0.640666666667	0.0313935591413	0.6	0.676666666667	1.05333333333	1.158125	1.07617306159	0.613125	7.00098334164	0.68125	323	192.2	122.4	22->21->27->28->25->20->31->9	7	0.000983341639142	7
30	0.5875	5	0.642666666667	0.0297582854942	0.603333333333	0.68	1.02333333333	1.13953125	1.04452091272	0.6215625	7.00098334164	0.690625	314	192.8	112.6	22->21->27->28->25->20->31->9	7	0.000983341639142	7
30	0.6	5	0.613333333333	0.0156347191994	0.593333333333	0.636666666667	0.99	1.12	1.01286876385	0.63	7.00098334164	0.7	304	184	111.6	22->21->27->28->25->20->31->9	7	0.000983341639142	7
30	0.6125	5	0.598	0.0372379734501	0.553333333333	0.65	0.96	1.09953125	0.981216614982	0.6384375	7.00098334164	0.709375	295	179.4	107.6	22->21->27->28->25->20->31->9	7	0.000983341639142	7
30	0.625	5	0.596	0.018618986725	0.573333333333	0.623333333333	0.93	1.078125	0.949564466112	0.646875	7.00098334164	0.71875	285	178.8	99.8	22->21->27->28->25->20->31->9	7	0.000983341639142	7
30	0.6375	5	0.584666666667	0.0146439217577	0.563333333333	0.6	0.896666666667	1.05578125	0.917912317241	0.6553125	7.00098334164	0.728125	276	175.4	93	22->21->27->28->25->20->31->9	7	0.000983341639142	7
30	0.65	5	0.576	0.0373720037818	0.52	0.606666666667	0.866666666667	1.0325	0.886260168371	0.66375	7.00098334164	0.7375	266	172.8	86.6	22->21->27->28->25->20->31->9	7	0.000983341639142	7
30	0.6625	5	0.564	0.0253201720198	0.543333333333	0.606666666667	0.836666666667	1.00828125	0.854608019501	0.6721875	7.00098334164	0.746875	257	169.2	80.8	22->21->27->28->25->20->31->9	7	0.000983341639142	7
30	0.675	5	0.562666666667	0.011401754251	0.546666666667	0.576666666667	0.806666666667	0.983125	0.82295587063	0.680625	7.00098334164	0.75625	247	168.8	72.4	22->21->27->28->25->20->31->9	7	0.000983341639142	7
30	0.6875	5	0.533333333333	0.0345607355889	0.48	0.566666666667	0.773333333333	0.95703125	0.79130372176	0.6890625	7.00098334164	0.765625	238	160	71.2	22->21->27->28->25->20->31->9	7	0.000983341639142	7
30	0.7	5	0.516666666667	0.0244948974278	0.496666666667	0.556666666667	0.743333333333	0.93	0.759651572889	0.6975	7.00098334164	0.775	228	155	67.4	22->21->27->28->25->20->31->9	7	0.000983341639142	7
30	0.7125	5	0.496	0.0151657508881	0.473333333333	0.513333333333	0.713333333333	0.90203125	0.727999424019	0.7059375	7.00098334164	0.784375	219	148.8	64.4	22->21->27->28->25->20->31->9	7	0.000983341639142	7
30	0.725	5	0.483333333333	0.0120185042515	0.466666666667	0.5	0.683333333333	0.873125	0.696347275149	0.714375	7.00098334164	0.79375	209	145	59	22->21->27->28->25->20->31->9	7	0.000983341639142	7
30	0.7375	5	0.463333333333	0.0171593835683	0.44	0.486666666667	0.65	0.84328125	0.664695126278	0.7228125	7.00098334164	0.803125	200	139	55.4	22->21->27->28->25->20->31->9	7	0.000983341639142	7
30	0.75	5	0.449333333333	0.0269155056509	0.416666666667	0.483333333333	0.62	0.8125	0.633042977408	0.73125	7.00098334164	0.8125	190	134.8	50.6	22->21->27->28->25->20->31->9	7	0.000983341639142	7
30	0.7625	5	0.443333333333	0.0307318148576	0.393333333333	0.47	0.59	0.78078125	0.601390828537	0.7396875	7.00098334164	0.821875	181	133	43.6	22->21->27->28->25->20->31->9	7	0.000983341639142	7
30	0.775	5	0.418	0.0164316767252	0.4	0.443333333333	0.556666666667	0.748125	0.569738679667	0.748125	7.00098334164	0.83125	171	125.4	41.2	22->21->27->28->25->20->31->9	7	0.000983341639142	7
30	0.7875	5	0.396666666667	0.0113038833052	0.383333333333	0.41	0.526666666667	0.71453125	0.538086530797	0.7565625	7.00098334164	0.840625	162	119	38.6	22->21->27->28->25->20->31->9	7	0.000983341639142	7
30	0.8	5	0.386666666667	0.0258198889747	0.35	0.42	0.496666666667	0.68	0.506434381926	0.765	7.00098334164	0.85	152	116	32.8	22->21->27->28->25->20->31->9	7	0.000983341639142	7
30	0.8125	5	0.350666666667	0.0109036181559	0.333333333333	0.36	0.466666666667	0.64453125	0.474782233056	0.7734375	7.00098334164	0.859375	143	105.2	34.2	22->21->27->28->25->20->31->9	7	0.000983341639142	7
30	0.825	5	0.329333333333	0.0086281194037	0.32	0.34	0.433333333333	0.608125	0.443130084185	0.781875	7.00098334164	0.86875	133	98.8	30.6	22->21->27->28->25->20->31->9	7	0.000983341639142	7
30	0.8375	5	0.308666666667	0.01192569588	0.293333333333	0.326666666667	0.403333333333	0.57078125	0.411477935315	0.7903125	7.00098334164	0.878125	124	92.6	28.4	22->21->27->28->25->20->31->9	7	0.000983341639142	7
30	0.85	5	0.295333333333	0.0140633487398	0.28	0.316666666667	0.373333333333	0.5325	0.379825786445	0.79875	7.00098334164	0.8875	114	88.6	23.2	22->21->27->28->25->20->31->9	7	0.000983341639142	7
30	0.8625	5	0.274666666667	0.0106978710239	0.263333333333	0.29	0.343333333333	0.49328125	0.348173637574	0.8071875	7.00098334164	0.896875	105	82.4	20.2	22->21->27->28->25->20->31->9	7	0.000983341639142	7
30	0.875	5	0.248666666667	0.0159164485151	0.233333333333	0.273333333333	0.31	0.453125	0.316521488704	0.815625	7.00098334164	0.90625	95	74.6	18.2	22->21->27->28->25->20->31->9	7	0.000983341639142	7
30	0.8875	5	0.224666666667	0.00505525029603	0.22	0.233333333333	0.28	0.41203125	0.284869339834	0.8240625	7.00098334164	0.915625	86	67.4	16.4	22->21->27->28->25->20->31->9	7	0.000983341639142	7
30	0.9	5	0.204	0.014023789312	0.18	0.213333333333	0.25	0.37	0.253217190963	0.8325	7.00098334164	0.925	76	61.2	13.4	22->21->27->28->25->20->31->9	7	0.000983341639142	7
30	0.9125	5	0.182	0.0121563883525	0.17	0.196666666667	0.216666666667	0.32703125	0.221565042093	0.8409375	7.00098334164	0.934375	67	54.6	10.4	22->21->27->28->25->20->31->9	7	0.000983341639142	7
30	0.925	5	0.160666666667	0.0109036181559	0.15	0.176666666667	0.186666666667	0.283125	0.189912893222	0.849375	7.00098334164	0.94375	57	48.2	7.8	22->21->27->28->25->20->31->9	7	0.000983341639142	7
30	0.9375	5	0.136	0.00722649446289	0.126666666667	0.143333333333	0.156666666667	0.23828125	0.158260744352	0.8578125	7.00098334164	0.953125	48	40.8	6.2	22->21->27->28->25->20->31->9	7	0.000983341639142	7
30	0.95	5	0.11	0.00408248290464	0.106666666667	0.116666666667	0.126666666667	0.1925	0.126608595482	0.86625	7.00098334164	0.9625	38	33	5	22->21->27->28->25->20->31->9	7	0.000983341639142	7
30	0.9625	5	0.0833333333333	0.00666666666667	0.0733333333333	0.09	0.0933333333333	0.14578125	0.0949564466112	0.8746875	7.00098334164	0.971875	29	25	3	22->21->27->28->25->20->31->9	7	0.000983341639142	7
30	0.975	5	0.058	0.00380058475033	0.0533333333333	0.0633333333333	0.0633333333333	0.098125	0.0633042977408	0.883125	7.00098334164	0.98125	19	17.4	1.6	22->21->27->28->25->20->31->9	7	0.000983341639142	7
30	0.9875	5	0.0313333333333	0.00298142397	0.0266666666667	0.0333333333333	0.0333333333333	0.04953125	0.0316521488704	0.8915625	7.00098334164	0.990625	10	9.4	0.6	22->21->27->28->25->20->31->9	7	0.000983341639142	7
32	0.0125	5	0.544666666667	0.0263101163476	0.503333333333	0.576666666667	2.44333333333	1.02453125	2.50051976076	0.2334375	7.00098334164	0.259375	751	163.4	563.8	22->21->27->28->25->20->31->9	7	0.000983341639142	7
32	0.025	5	0.578666666667	0.043499680714	0.526666666667	0.636666666667	2.41333333333	1.048125	2.46886761189	0.241875	7.00098334164	0.26875	741	173.6	544.6	22->21->27->28->25->20->31->9	7	0.000983341639142	7
32	0.0375	5	0.583333333333	0.0415665463778	0.52	0.636666666667	2.38333333333	1.07078125	2.43721546302	0.2503125	7.00098334164	0.278125	732	175	534	22->21->27->28->25->20->31->9	7	0.000983341639142	7
32	0.05	5	0.634666666667	0.0331327297062	0.603333333333	0.69	2.35	1.0925	2.40556331415	0.25875	7.00098334164	0.2875	722	190.4	509.4	22->21->27->28->25->20->31->9	7	0.000983341639142	7
32	0.0625	5	0.642	0.0464638449645	0.6	0.71	2.32	1.11328125	2.37391116528	0.2671875	7.00098334164	0.296875	713	192.6	498.8	22->21->27->28->25->20->31->9	7	0.000983341639142	7
32	0.075	5	0.619333333333	0.0109036181559	0.603333333333	0.633333333333	2.29	1.133125	2.34225901641	0.275625	7.00098334164	0.30625	703	185.8	496.2	22->21->27->28->25->20->31->9	7	0.000983341639142	7
32	0.0875	5	0.651333333333	0.0401801498808	0.603333333333	0.71	2.26	1.15203125	2.31060686754	0.2840625	7.00098334164	0.315625	694	195.4	477.2	22->21->27->28->25->20->31->9	7	0.000983341639142	7
32	0.1	5	0.648666666667	0.0184992492341	0.623333333333	0.67	2.22666666667	1.17	2.27895471867	0.2925	7.00098334164	0.325	684	194.6	468.2	22->21->27->28->25->20->31->9	7	0.000983341639142	7
32	0.1125	5	0.646	0.0338624669312	0.613333333333	0.7	2.19666666667	1.18703125	2.2473025698	0.3009375	7.00098334164	0.334375	675	193.8	459.6	22->21->27->28->25->20->31->9	7	0.000983341639142	7
32	0.125	5	0.655333333333	0.0490804328515	0.593333333333	0.72	2.16666666667	1.203125	2.21565042093	0.309375	7.00098334164	0.34375	665	196.6	448.4	22->21->27->28->25->20->31->9	7	0.000983341639142	7
32	0.1375	5	0.662	0.02683281573	0.626666666667	0.686666666667	2.13333333333	1.21828125	2.18399827206	0.3178125	7.00098334164	0.353125	656	198.6	438	22->21->27->28->25->20->31->9	7	0.000983341639142	7
32	0.15	5	0.700666666667	0.0292878435155	0.68	0.746666666667	2.10333333333	1.2325	2.15234612319	0.32625	7.00098334164	0.3625	646	210.2	417.8	22->21->27->28->25->20->31->9	7	0.000983341639142	7
32	0.1625	5	0.68	0.0440328160454	0.616666666667	0.74	2.07333333333	1.24578125	2.12069397432	0.3346875	7.00098334164	0.371875	637	204	413.2	22->21->27->28->25->20->31->9	7	0.000983341639142	7
32	0.175	5	0.697333333333	0.045607017004	0.65	0.763333333333	2.04333333333	1.258125	2.08904182545	0.343125	7.00098334164	0.38125	627	209.2	399.2	22->21->27->28->25->20->31->9	7	0.000983341639142	7
32	0.1875	5	0.684	0.020466775244	0.66	0.7	2.01	1.26953125	2.05738967658	0.3515625	7.00098334164	0.390625	618	205.2	394	22->21->27->28->25->20->31->9	7	0.000983341639142	7
32	0.2	5	0.703333333333	0.0327448045074	0.663333333333	0.74	1.98	1.28	2.02573752771	0.36	7.00098334164	0.4	608	211	378.6	22->21->27->28->25->20->31->9	7	0.000983341639142	7
32	0.2125	5	0.758	0.0345285711002	0.716666666667	0.8	1.95	1.28953125	1.99408537883	0.3684375	7.00098334164	0.409375	599	227.4	353.4	22->21->27->28->25->20->31->9	7	0.000983341639142	7
32	0.225	5	0.72	0.0469633426787	0.686666666667	0.8	1.91666666667	1.298125	1.96243322996	0.376875	7.00098334164	0.41875	589	216	355.4	22->21->27->28->25->20->31->9	7	0.000983341639142	7
32	0.2375	5	0.734	0.018767584347	0.706666666667	0.756666666667	1.88666666667	1.30578125	1.93078108109	0.3853125	7.00098334164	0.428125	580	220.2	342	22->21->27->28->25->20->31->9	7	0.000983341639142	7
32	0.25	5	0.734666666667	0.00900617072402	0.72	0.743333333333	1.85666666667	1.3125	1.89912893222	0.39375	7.00098334164	0.4375	570	220.4	333	22->21->27->28->25->20->31->9	7	0.000983341639142	7
32	0.2625	5	0.75	0.0274873708375	0.726666666667	0.793333333333	1.82666666667	1.31828125	1.86747678335	0.4021875	7.00098334164	0.446875	561	225	319.2	22->21->27->28->25->20->31->9	7	0.000983341639142	7
32	0.275	5	0.752666666667	0.0419920627421	0.703333333333	0.803333333333	1.79333333333	1.323125	1.83582463448	0.410625	7.00098334164	0.45625	551	225.8	310.6	22->21->27->28->25->20->31->9	7	0.000983341639142	7
32	0.2875	5	0.748666666667	0.0389158636605	0.703333333333	0.81	1.76333333333	1.32703125	1.80417248561	0.4190625	7.00098334164	0.465625	542	224.6	301.6	22->21->27->28->25->20->31->9	7	0.000983341639142	7
32	0.3	5	0.728	0.0710477147962	0.663333333333	0.823333333333	1.73333333333	1.33	1.77252033674	0.4275	7.00098334164	0.475	532	218.4	299.2	22->21->27->28->25->20->31->9	7	0.000983341639142	7
32	0.3125	5	0.755333333333	0.0784077660553	0.68	0.883333333333	1.70333333333	1.33203125	1.74086818787	0.4359375	7.00098334164	0.484375	523	226.6	281	22->21->27->28->25->20->31->9	7	0.000983341639142	7
32	0.325	5	0.741333333333	0.0498107529667	0.69	0.806666666667	1.67	1.333125	1.709216039	0.444375	7.00098334164	0.49375	513	222.4	276.6	22->21->27->28->25->20->31->9	7	0.000983341639142	7
32	0.333333333333	5	0.783333333333	0.0297209241666	0.736666666667	0.813333333333	1.65	1.33333333333	1.68811460642	0.45	7.00098334164	0.5	507	235	257	22->21->27->28->25->20->31->9	7	0.000983341639142	7
32	0.3375	5	0.733333333333	0.0422952584682	0.683333333333	0.783333333333	1.64	1.33328125	1.67756389013	0.4528125	7.00098334164	0.503125	504	220	268.4	22->21->27->28->25->20->31->9	7	0.000983341639142	7
32	0.35	5	0.710666666667	0.056342208374	0.64	0.796666666667	1.61	1.3325	1.64591174126	0.46125	7.00098334164	0.5125	494	213.2	267.2	22->21->27->28->25->20->31->9	7	0.000983341639142	7
32	0.3625	5	0.746666666667	0.0374907395973	0.693333333333	0.786666666667	1.57666666667	1.33078125	1.61425959239	0.4696875	7.00098334164	0.521875	485	224	246.4	22->21->27->28->25->20->31->9	7	0.000983341639142	7
32	0.375	5	0.757333333333	0.0731968426763	0.683333333333	0.88	1.54666666667	1.328125	1.58260744352	0.478125	7.00098334164	0.53125	475	227.2	234.4	22->21->27->28->25->20->31->9	7	0.000983341639142	7
32	0.3875	5	0.739333333333	0.0157056253192	0.713333333333	0.753333333333	1.51666666667	1.32453125	1.55095529465	0.4865625	7.00098334164	0.540625	466	221.8	231.2	22->21->27->28->25->20->31->9	7	0.000983341639142	7
32	0.4	5	0.741333333334	0.0332999833165	0.696666666667	0.79	1.48666666667	1.32	1.51930314578	0.495	7.00098334164	0.55	456	222.4	221.2	22->21->27->28->25->20->31->9	7	0.000983341639142	7
32	0.4125	5	0.722666666667	0.0502991053598	0.676666666667	0.806666666667	1.45333333333	1.31453125	1.48765099691	0.5034375	7.00098334164	0.559375	447	216.8	217.4	22->21->27->28->25->20->31->9	7	0.000983341639142	7
32	0.425	5	0.74	0.0275882422621	0.706666666667	0.77	1.42333333333	1.308125	1.45599884804	0.511875	7.00098334164	0.56875	437	222	202.6	22->21->27->28->25->20->31->9	7	0.000983341639142	7
32	0.4375	5	0.713333333333	0.0269773567604	0.666666666667	0.733333333333	1.39333333333	1.30078125	1.42434669917	0.5203125	7.00098334164	0.578125	428	214	202.4	22->21->27->28->25->20->31->9	7	0.000983341639142	7
32	0.45	5	0.709333333333	0.00924962461688	0.7	0.723333333333	1.36333333333	1.2925	1.3926945503	0.52875	7.00098334164	0.5875	418	212.8	194	22->21->27->28->25->20->31->9	7	0.000983341639142	7
32	0.4625	5	0.716666666667	0.021730674684	0.69	0.746666666667	1.33	1.28328125	1.36104240143	0.5371875	7.00098334164	0.596875	409	215	182.4	22->21->27->28->25->20->31->9	7	0.000983341639142	7
32	0.475	5	0.733333333333	0.0261406452356	0.693333333333	0.753333333333	1.3	1.273125	1.32939025256	0.545625	7.00098334164	0.60625	399	220	168.8	22->21->27->28->25->20->31->9	7	0.000983341639142	7
32	0.4875	5	0.711333333333	0.0304229445576	0.663333333333	0.736666666667	1.27	1.26203125	1.29773810369	0.5540625	7.00098334164	0.615625	390	213.4	166.6	22->21->27->28->25->20->31->9	7	0.000983341639142	7
32	0.5	5	0.694666666666	0.0198046010366	0.673333333333	0.723333333333	1.23666666667	1.25	1.26608595482	0.5625	7.00098334164	0.625	380	208.4	161.6	22->21->27->28->25->20->31->9	7	0.000983341639142	7
32	0.5125	5	0.690666666667	0.031037611592	0.646666666667	0.723333333333	1.20666666667	1.23703125	1.23443380595	0.5709375	7.00098334164	0.634375	371	207.2	153.2	22->21->27->28->25->20->31->9	7	0.000983341639142	7
32	0.525	5	0.655333333333	0.024106246309	0.63	0.686666666667	1.17666666667	1.223125	1.20278165707	0.579375	7.00098334164	0.64375	361	196.6	153.8	22->21->27->28->25->20->31->9	7	0.000983341639142	7
32	0.5375	5	0.663333333333	0.0120185042515	0.65	0.68	1.14666666667	1.20828125	1.1711295082	0.5878125	7.00098334164	0.653125	352	199	144.4	22->21->27->28->25->20->31->9	7	0.000983341639142	7
32	0.55	5	0.656	0.0178574603145	0.63	0.673333333333	1.11333333333	1.1925	1.13947735933	0.59625	7.00098334164	0.6625	342	196.8	136.2	22->21->27->28->25->20->31->9	7	0.000983341639142	7
32	0.5625	5	0.638	0.0420713679359	0.596666666667	0.686666666667	1.08333333333	1.17578125	1.10782521046	0.6046875	7.00098334164	0.671875	333	191.4	132.6	22->21->27->28->25->20->31->9	7	0.000983341639142	7
32	0.575	5	0.637333333333	0.0466309387043	0.57	0.673333333333	1.05333333333	1.158125	1.07617306159	0.613125	7.00098334164	0.68125	323	191.2	123.6	22->21->27->28->25->20->31->9	7	0.000983341639142	7
32	0.5875	5	0.641333333333	0.0270390663876	0.61	0.683333333333	1.02333333333	1.13953125	1.04452091272	0.6215625	7.00098334164	0.690625	314	192.4	113	22->21->27->28->25->20->31->9	7	0.000983341639142	7
32	0.6	5	0.598666666667	0.0309659311	0.57	0.64	0.99	1.12	1.01286876385	0.63	7.00098334164	0.7	304	179.6	116.6	22->21->27->28->25->20->31->9	7	0.000983341639142	7
32	0.6125	5	0.632	0.0207632153365	0.61	0.663333333333	0.96	1.09953125	0.981216614982	0.6384375	7.00098334164	0.709375	295	189.6	97.2	22->21->27->28->25->20->31->9	7	0.000983341639142	7
32	0.625	5	0.613333333333	0.0327448045073	0.573333333333	0.653333333333	0.93	1.078125	0.949564466112	0.646875	7.00098334164	0.71875	285	184	93.6	22->21->27->28->25->20->31->9	7	0.000983341639142	7
32	0.6375	5	0.576	0.0236173194452	0.55	0.613333333333	0.896666666667	1.05578125	0.917912317241	0.6553125	7.00098334164	0.728125	276	172.8	95.2	22->21->27->28->25->20->31->9	7	0.000983341639142	7
32	0.65	5	0.585333333333	0.0243356163312	0.56	0.62	0.866666666667	1.0325	0.886260168371	0.66375	7.00098334164	0.7375	266	175.6	84	22->21->27->28->25->20->31->9	7	0.000983341639142	7
32	0.6625	5	0.572666666667	0.018767584347	0.55	0.593333333333	0.836666666667	1.00828125	0.854608019501	0.6721875	7.00098334164	0.746875	257	171.8	78.2	22->21->27->28->25->20->31->9	7	0.000983341639142	7
32	0.675	5	0.545333333333	0.0152023390013	0.523333333333	0.56	0.806666666667	0.983125	0.82295587063	0.680625	7.00098334164	0.75625	247	163.6	77.4	22->21->27->28->25->20->31->9	7	0.000983341639142	7
32	0.6875	5	0.507333333333	0.0280277640128	0.473333333333	0.536666666667	0.773333333333	0.95703125	0.79130372176	0.6890625	7.00098334164	0.765625	238	152.2	79.4	22->21->27->28->25->20->31->9	7	0.000983341639142	7
32	0.7	5	0.517333333333	0.0178574603144	0.486666666667	0.533333333333	0.743333333333	0.93	0.759651572889	0.6975	7.00098334164	0.775	228	155.2	67.2	22->21->27->28->25->20->31->9	7	0.000983341639142	7
32	0.7125	5	0.53	0.0158113883008	0.51	0.55	0.713333333333	0.90203125	0.727999424019	0.7059375	7.00098334164	0.784375	219	159	54.6	22->21->27->28->25->20->31->9	7	0.000983341639142	7
32	0.725	5	0.48	0.0124721912892	0.466666666667	0.493333333333	0.683333333333	0.873125	0.696347275149	0.714375	7.00098334164	0.79375	209	144	60	22->21->27->28->25->20->31->9	7	0.000983341639142	7
32	0.7375	5	0.478666666667	0.0121563883525	0.466666666667	0.493333333333	0.65	0.84328125	0.664695126278	0.7228125	7.00098334164	0.803125	200	143.6	50.6	22->21->27->28->25->20->31->9	7	0.000983341639142	7
32	0.75	5	0.461333333333	0.0193792558049	0.436666666667	0.49	0.62	0.8125	0.633042977408	0.73125	7.00098334164	0.8125	190	138.4	46.8	22->21->27->28->25->20->31->9	7	0.000983341639142	7
32	0.7625	5	0.451333333333	0.0229249984854	0.426666666667	0.483333333333	0.59	0.78078125	0.601390828537	0.7396875	7.00098334164	0.821875	181	135.4	40.8	22->21->27->28->25->20->31->9	7	0.000983341639142	7
32	0.775	5	0.408666666667	0.00960324019393	0.393333333333	0.416666666667	0.556666666667	0.748125	0.569738679667	0.748125	7.00098334164	0.83125	171	122.6	44.4	22->21->27->28->25->20->31->9	7	0.000983341639142	7
32	0.7875	5	0.402666666667	0.0199164923284	0.373333333333	0.426666666667	0.526666666667	0.71453125	0.538086530797	0.7565625	7.00098334164	0.840625	162	120.8	37.2	22->21->27->28->25->20->31->9	7	0.000983341639142	7
32	0.8	5	0.378	0.00649786289671	0.37	0.386666666667	0.496666666667	0.68	0.506434381926	0.765	7.00098334164	0.85	152	113.4	35.2	22->21->27->28->25->20->31->9	7	0.000983341639142	7
32	0.8125	5	0.362	0.0198046010367	0.333333333333	0.383333333333	0.466666666667	0.64453125	0.474782233056	0.7734375	7.00098334164	0.859375	143	108.6	31	22->21->27->28->25->20->31->9	7	0.000983341639142	7
32	0.825	5	0.333333333333	0.0156347191994	0.313333333333	0.356666666667	0.433333333333	0.608125	0.443130084185	0.781875	7.00098334164	0.86875	133	100	30	22->21->27->28->25->20->31->9	7	0.000983341639142	7
32	0.8375	5	0.328	0.0160900245149	0.313333333333	0.346666666667	0.403333333333	0.57078125	0.411477935315	0.7903125	7.00098334164	0.878125	124	98.4	22.2	22->21->27->28->25->20->31->9	7	0.000983341639142	7
32	0.85	5	0.289333333334	0.0136218778277	0.276666666667	0.306666666667	0.373333333333	0.5325	0.379825786445	0.79875	7.00098334164	0.8875	114	86.8	25	22->21->27->28->25->20->31->9	7	0.000983341639142	7
32	0.8625	5	0.288666666667	0.0186488009743	0.26	0.31	0.343333333333	0.49328125	0.348173637574	0.8071875	7.00098334164	0.896875	105	86.6	16.4	22->21->27->28->25->20->31->9	7	0.000983341639142	7
32	0.875	5	0.246	0.011401754251	0.233333333333	0.263333333333	0.31	0.453125	0.316521488704	0.815625	7.00098334164	0.90625	95	73.8	19	22->21->27->28->25->20->31->9	7	0.000983341639142	7
32	0.8875	5	0.236	0.00924962461701	0.226666666667	0.246666666667	0.28	0.41203125	0.284869339834	0.8240625	7.00098334164	0.915625	86	70.8	13	22->21->27->28->25->20->31->9	7	0.000983341639142	7
32	0.9	5	0.216666666667	0.00577350269175	0.206666666667	0.22	0.25	0.37	0.253217190963	0.8325	7.00098334164	0.925	76	65	10	22->21->27->28->25->20->31->9	7	0.000983341639142	7
32	0.9125	5	0.186	0.0103816076683	0.173333333333	0.196666666667	0.216666666667	0.32703125	0.221565042093	0.8409375	7.00098334164	0.934375	67	55.8	9.2	22->21->27->28->25->20->31->9	7	0.000983341639142	7
32	0.925	5	0.161333333333	0.0126051136008	0.143333333333	0.173333333333	0.186666666667	0.283125	0.189912893222	0.849375	7.00098334164	0.94375	57	48.4	7.6	22->21->27->28->25->20->31->9	7	0.000983341639142	7
32	0.9375	5	0.132666666667	0.00683130051064	0.126666666667	0.14	0.156666666667	0.23828125	0.158260744352	0.8578125	7.00098334164	0.953125	48	39.8	7.2	22->21->27->28->25->20->31->9	7	0.000983341639142	7
32	0.95	5	0.108666666667	0.00505525029619	0.103333333333	0.116666666667	0.126666666667	0.1925	0.126608595482	0.86625	7.00098334164	0.9625	38	32.6	5.2	22->21->27->28->25->20->31->9	7	0.000983341639142	7
32	0.9625	5	0.0773333333333	0.0043461349368	0.0733333333333	0.0833333333333	0.0933333333333	0.14578125	0.0949564466112	0.8746875	7.00098334164	0.971875	29	23.2	4.8	22->21->27->28->25->20->31->9	7	0.000983341639142	7
32	0.975	5	0.0566666666667	0.00408248290464	0.05	0.06	0.0633333333333	0.098125	0.0633042977408	0.883125	7.00098334164	0.98125	19	17	2	22->21->27->28->25->20->31->9	7	0.000983341639142	7
32	0.9875	5	0.0293333333333	0.001490711985	0.0266666666667	0.03	0.0333333333333	0.04953125	0.0316521488704	0.8915625	7.00098334164	0.990625	10	8.8	1.2	22->21->27->28->25->20->31->9	7	0.000983341639142	7
34	0.0125	5	0.590666666667	0.0500777173779	0.533333333333	0.67	2.44333333333	1.02453125	2.50051976076	0.2334375	7.00098334164	0.259375	751	177.2	551	22->21->27->28->25->20->31->9	7	0.000983341639142	7
34	0.025	5	0.594	0.0354651628754	0.543333333333	0.636666666667	2.41333333333	1.048125	2.46886761189	0.241875	7.00098334164	0.26875	741	178.2	539.8	22->21->27->28->25->20->31->9	7	0.000983341639142	7
34	0.0375	5	0.586666666667	0.0487624627944	0.54	0.653333333333	2.38333333333	1.07078125	2.43721546302	0.2503125	7.00098334164	0.278125	732	176	533	22->21->27->28->25->20->31->9	7	0.000983341639142	7
34	0.05	5	0.616666666667	0.0262466929134	0.583333333333	0.643333333333	2.35	1.0925	2.40556331415	0.25875	7.00098334164	0.2875	722	185	514.6	22->21->27->28->25->20->31->9	7	0.000983341639142	7
34	0.0625	5	0.592666666667	0.0193505670316	0.573333333333	0.623333333333	2.32	1.11328125	2.37391116528	0.2671875	7.00098334164	0.296875	713	177.8	512.8	22->21->27->28->25->20->31->9	7	0.000983341639142	7
34	0.075	5	0.648	0.0440706503494	0.586666666667	0.693333333333	2.29	1.133125	2.34225901641	0.275625	7.00098334164	0.30625	703	194.4	487.8	22->21->27->28->25->20->31->9	7	0.000983341639142	7
34	0.0875	5	0.656	0.0217817456703	0.633333333333	0.676666666667	2.26	1.15203125	2.31060686754	0.2840625	7.00098334164	0.315625	694	196.8	475.8	22->21->27->28->25->20->31->9	7	0.000983341639142	7
34	0.1	5	0.636666666667	0.0393700393701	0.603333333333	0.696666666667	2.22666666667	1.17	2.27895471867	0.2925	7.00098334164	0.325	684	191	472	22->21->27->28->25->20->31->9	7	0.000983341639142	7
34	0.1125	5	0.644	0.0329477701151	0.606666666667	0.696666666667	2.19666666667	1.18703125	2.2473025698	0.3009375	7.00098334164	0.334375	675	193.2	461.2	22->21->27->28->25->20->31->9	7	0.000983341639142	7
34	0.125	5	0.692	0.020628997929	0.66	0.71	2.16666666667	1.203125	2.21565042093	0.309375	7.00098334164	0.34375	665	207.6	437.8	22->21->27->28->25->20->31->9	7	0.000983341639142	7
34	0.1375	5	0.679333333333	0.0708048962525	0.573333333333	0.74	2.13333333333	1.21828125	2.18399827206	0.3178125	7.00098334164	0.353125	656	203.8	431.8	22->21->27->28->25->20->31->9	7	0.000983341639142	7
34	0.15	5	0.677333333333	0.0489557623438	0.623333333333	0.726666666667	2.10333333333	1.2325	2.15234612319	0.32625	7.00098334164	0.3625	646	203.2	423.6	22->21->27->28->25->20->31->9	7	0.000983341639142	7
34	0.1625	5	0.669333333333	0.0449320474593	0.62	0.73	2.07333333333	1.24578125	2.12069397432	0.3346875	7.00098334164	0.371875	637	200.8	417.6	22->21->27->28->25->20->31->9	7	0.000983341639142	7
34	0.175	5	0.686	0.0241982552172	0.67	0.726666666667	2.04333333333	1.258125	2.08904182545	0.343125	7.00098334164	0.38125	627	205.8	402.8	22->21->27->28->25->20->31->9	7	0.000983341639142	7
34	0.1875	5	0.699333333333	0.0476911359106	0.63	0.75	2.01	1.26953125	2.05738967658	0.3515625	7.00098334164	0.390625	618	209.8	390	22->21->27->28->25->20->31->9	7	0.000983341639142	7
34	0.2	5	0.713333333333	0.0271825107172	0.68	0.743333333333	1.98	1.28	2.02573752771	0.36	7.00098334164	0.4	608	214	375.8	22->21->27->28->25->20->31->9	7	0.000983341639142	7
34	0.2125	5	0.724666666667	0.0734695704205	0.62	0.793333333333	1.95	1.28953125	1.99408537883	0.3684375	7.00098334164	0.409375	599	217.4	363.4	22->21->27->28->25->20->31->9	7	0.000983341639142	7
34	0.225	5	0.716666666667	0.0280871659106	0.7	0.766666666667	1.91666666667	1.298125	1.96243322996	0.376875	7.00098334164	0.41875	589	215	357.6	22->21->27->28->25->20->31->9	7	0.000983341639142	7
34	0.2375	5	0.715333333333	0.024106246309	0.686666666667	0.743333333333	1.88666666667	1.30578125	1.93078108109	0.3853125	7.00098334164	0.428125	580	214.6	347.2	22->21->27->28->25->20->31->9	7	0.000983341639142	7
34	0.25	5	0.721333333333	0.0303315017762	0.676666666667	0.746666666667	1.85666666667	1.3125	1.89912893222	0.39375	7.00098334164	0.4375	570	216.4	336.4	22->21->27->28->25->20->31->9	7	0.000983341639142	7
34	0.2625	5	0.753333333333	0.0385140666943	0.716666666667	0.796666666667	1.82666666667	1.31828125	1.86747678335	0.4021875	7.00098334164	0.446875	561	226	318.4	22->21->27->28->25->20->31->9	7	0.000983341639142	7
34	0.275	5	0.718666666667	0.027446918467	0.676666666667	0.753333333333	1.79333333333	1.323125	1.83582463448	0.410625	7.00098334164	0.45625	551	215.6	319.4	22->21->27->28->25->20->31->9	7	0.000983341639142	7
34	0.2875	5	0.761333333333	0.0321973083761	0.726666666667	0.803333333333	1.76333333333	1.32703125	1.80417248561	0.4190625	7.00098334164	0.465625	542	228.4	297.8	22->21->27->28->25->20->31->9	7	0.000983341639142	7
34	0.3	5	0.721333333333	0.0242212028328	0.703333333333	0.756666666667	1.73333333333	1.33	1.77252033674	0.4275	7.00098334164	0.475	532	216.4	300.2	22->21->27->28->25->20->31->9	7	0.000983341639142	7
34	0.3125	5	0.721333333333	0.046523590193	0.676666666667	0.796666666667	1.70333333333	1.33203125	1.74086818787	0.4359375	7.00098334164	0.484375	523	216.4	291.6	22->21->27->28->25->20->31->9	7	0.000983341639142	7
34	0.325	5	0.756666666667	0.0321455025366	0.72	0.806666666667	1.67	1.333125	1.709216039	0.444375	7.00098334164	0.49375	513	227	272.2	22->21->27->28->25->20->31->9	7	0.000983341639142	7
34	0.333333333333	5	0.746	0.034992062592	0.706666666667	0.793333333333	1.65	1.33333333333	1.68811460642	0.45	7.00098334164	0.5	507	223.8	268.8	22->21->27->28->25->20->31->9	7	0.000983341639142	7
34	0.3375	5	0.742666666667	0.018767584347	0.723333333333	0.77	1.64	1.33328125	1.67756389013	0.4528125	7.00098334164	0.503125	504	222.8	266	22->21->27->28->25->20->31->9	7	0.000983341639142	7
34	0.35	5	0.761333333333	0.0116904519445	0.743333333333	0.773333333333	1.61	1.3325	1.64591174126	0.46125	7.00098334164	0.5125	494	228.4	251.6	22->21->27->28->25->20->31->9	7	0.000983341639142	7
34	0.3625	5	0.735333333333	0.0457408157144	0.66	0.776666666667	1.57666666667	1.33078125	1.61425959239	0.4696875	7.00098334164	0.521875	485	220.6	250.8	22->21->27->28->25->20->31->9	7	0.000983341639142	7
34	0.375	5	0.726666666667	0.0182574185835	0.71	0.756666666667	1.54666666667	1.328125	1.58260744352	0.478125	7.00098334164	0.53125	475	218	243.8	22->21->27->28->25->20->31->9	7	0.000983341639142	7
34	0.3875	5	0.744666666667	0.0364843954467	0.713333333333	0.8	1.51666666667	1.32453125	1.55095529465	0.4865625	7.00098334164	0.540625	466	223.4	229.2	22->21->27->28->25->20->31->9	7	0.000983341639142	7
34	0.4	5	0.731333333333	0.0219342451685	0.696666666667	0.75	1.48666666667	1.32	1.51930314578	0.495	7.00098334164	0.55	456	219.4	223.8	22->21->27->28->25->20->31->9	7	0.000983341639142	7
34	0.4125	5	0.721333333333	0.0396932683909	0.673333333333	0.756666666667	1.45333333333	1.31453125	1.48765099691	0.5034375	7.00098334164	0.559375	447	216.4	218	22->21->27->28->25->20->31->9	7	0.000983341639142	7
34	0.425	5	0.716666666667	0.0244948974278	0.683333333333	0.743333333333	1.42333333333	1.308125	1.45599884804	0.511875	7.00098334164	0.56875	437	215	209.8	22->21->27->28->25->20->31->9	7	0.000983341639142	7
34	0.4375	5	0.738	0.0243356163313	0.703333333333	0.77	1.39333333333	1.30078125	1.42434669917	0.5203125	7.00098334164	0.578125	428	221.4	194.6	22->21->27->28->25->20->31->9	7	0.000983341639142	7
34	0.45	5	0.706	0.0358546448254	0.643333333333	0.73	1.36333333333	1.2925	1.3926945503	0.52875	7.00098334164	0.5875	418	211.8	194.4	22->21->27->28->25->20->31->9	7	0.000983341639142	7
34	0.4625	5	0.729333333333	0.022779132751	0.69	0.746666666667	1.33	1.28328125	1.36104240143	0.5371875	7.00098334164	0.596875	409	218.8	177.8	22->21->27->28->25->20->31->9	7	0.000983341639142	7
34	0.475	5	0.712666666667	0.0290019156455	0.683333333333	0.753333333333	1.3	1.273125	1.32939025256	0.545625	7.00098334164	0.60625	399	213.8	174.6	22->21->27->28->25->20->31->9	7	0.000983341639142	7
34	0.4875	5	0.716666666667	0.0390867979985	0.683333333333	0.783333333333	1.27	1.26203125	1.29773810369	0.5540625	7.00098334164	0.615625	390	215	164.6	22->21->27->28->25->20->31->9	7	0.000983341639142	7
34	0.5	5	0.696666666667	0.0380058475033	0.66	0.753333333333	1.23666666667	1.25	1.26608595482	0.5625	7.00098334164	0.625	380	209	160.8	22->21->27->28->25->20->31->9	7	0.000983341639142	7
34	0.5125	5	0.666666666667	0.0507718207058	0.583333333333	0.713333333333	1.20666666667	1.23703125	1.23443380595	0.5709375	7.00098334164	0.634375	371	200	160.6	22->21->27->28->25->20->31->9	7	0.000983341639142	7
34	0.525	5	0.694666666667	0.019663841605	0.666666666667	0.716666666667	1.17666666667	1.223125	1.20278165707	0.579375	7.00098334164	0.64375	361	208.4	143	22->21->27->28->25->20->31->9	7	0.000983341639142	7
34	0.5375	5	0.674	0.0275277637628	0.646666666667	0.72	1.14666666667	1.20828125	1.1711295082	0.5878125	7.00098334164	0.653125	352	202.2	139.8	22->21->27->28->25->20->31->9	7	0.000983341639142	7
34	0.55	5	0.66	0.021730674684	0.63	0.686666666667	1.11333333333	1.1925	1.13947735933	0.59625	7.00098334164	0.6625	342	198	134.6	22->21->27->28->25->20->31->9	7	0.000983341639142	7
34	0.5625	5	0.669333333333	0.027828841953	0.646666666667	0.71	1.08333333333	1.17578125	1.10782521046	0.6046875	7.00098334164	0.671875	333	200.8	122.4	22->21->27->28->25->20->31->9	7	0.000983341639142	7
34	0.575	5	0.631333333333	0.0389158636605	0.576666666667	0.673333333333	1.05333333333	1.158125	1.07617306159	0.613125	7.00098334164	0.68125	323	189.4	125.6	22->21->27->28->25->20->31->9	7	0.000983341639142	7
34	0.5875	5	0.624666666667	0.03279566367	0.58	0.66	1.02333333333	1.13953125	1.04452091272	0.6215625	7.00098334164	0.690625	314	187.4	118.2	22->21->27->28->25->20->31->9	7	0.000983341639142	7
34	0.6	5	0.624	0.0282252841734	0.593333333333	0.67	0.99	1.12	1.01286876385	0.63	7.00098334164	0.7	304	187.2	109.2	22->21->27->28->25->20->31->9	7	0.000983341639142	7
34	0.6125	5	0.614	0.0360092580688	0.576666666667	0.66	0.96	1.09953125	0.981216614982	0.6384375	7.00098334164	0.709375	295	184.2	102.4	22->21->27->28->25->20->31->9	7	0.000983341639142	7
34	0.625	5	0.578666666667	0.0301477841456	0.55	0.626666666667	0.93	1.078125	0.949564466112	0.646875	7.00098334164	0.71875	285	173.6	104.4	22->21->27->28->25->20->31->9	7	0.000983341639142	7
34	0.6375	5	0.608666666667	0.0189443629845	0.59	0.633333333333	0.896666666667	1.05578125	0.917912317241	0.6553125	7.00098334164	0.728125	276	182.6	85.6	22->21->27->28->25->20->31->9	7	0.000983341639142	7
34	0.65	5	0.579333333333	0.018767584347	0.553333333333	0.603333333333	0.866666666667	1.0325	0.886260168371	0.66375	7.00098334164	0.7375	266	173.8	85.2	22->21->27->28->25->20->31->9	7	0.000983341639142	7
34	0.6625	5	0.556	0.0178574603146	0.53	0.58	0.836666666667	1.00828125	0.854608019501	0.6721875	7.00098334164	0.746875	257	166.8	83	22->21->27->28->25->20->31->9	7	0.000983341639142	7
34	0.675	5	0.545333333333	0.0267290935956	0.52	0.59	0.806666666667	0.983125	0.82295587063	0.680625	7.00098334164	0.75625	247	163.6	78	22->21->27->28->25->20->31->9	7	0.000983341639142	7
34	0.6875	5	0.515333333333	0.0190904280844	0.49	0.533333333333	0.773333333333	0.95703125	0.79130372176	0.6890625	7.00098334164	0.765625	238	154.6	76.8	22->21->27->28->25->20->31->9	7	0.000983341639142	7
34	0.7	5	0.514	0.025970068241	0.476666666667	0.546666666667	0.743333333333	0.93	0.759651572889	0.6975	7.00098334164	0.775	228	154.2	68.2	22->21->27->28->25->20->31->9	7	0.000983341639142	7
34	0.7125	5	0.495333333333	0.0174164673035	0.473333333333	0.51	0.713333333333	0.90203125	0.727999424019	0.7059375	7.00098334164	0.784375	219	148.6	64.8	22->21->27->28->25->20->31->9	7	0.000983341639142	7
34	0.725	5	0.480666666667	0.0165663648531	0.453333333333	0.496666666667	0.683333333333	0.873125	0.696347275149	0.714375	7.00098334164	0.79375	209	144.2	60.2	22->21->27->28->25->20->31->9	7	0.000983341639142	7
34	0.7375	5	0.462666666667	0.0144144988736	0.44	0.476666666667	0.65	0.84328125	0.664695126278	0.7228125	7.00098334164	0.803125	200	138.8	56	22->21->27->28->25->20->31->9	7	0.000983341639142	7
34	0.75	5	0.446666666667	0.0212132034356	0.41	0.46	0.62	0.8125	0.633042977408	0.73125	7.00098334164	0.8125	190	134	52	22->21->27->28->25->20->31->9	7	0.000983341639142	7
34	0.7625	5	0.44	0.0184089350286	0.416666666667	0.466666666667	0.59	0.78078125	0.601390828537	0.7396875	7.00098334164	0.821875	181	132	45	22->21->27->28->25->20->31->9	7	0.000983341639142	7
34	0.775	5	0.416666666667	0.0222361067735	0.39	0.45	0.556666666667	0.748125	0.569738679667	0.748125	7.00098334164	0.83125	171	125	42	22->21->27->28->25->20->31->9	7	0.000983341639142	7
34	0.7875	5	0.395333333333	0.0200831604419	0.363333333333	0.416666666667	0.526666666667	0.71453125	0.538086530797	0.7565625	7.00098334164	0.840625	162	118.6	39.2	22->21->27->28->25->20->31->9	7	0.000983341639142	7
34	0.8	5	0.378	0.0174164673035	0.356666666667	0.4	0.496666666667	0.68	0.506434381926	0.765	7.00098334164	0.85	152	113.4	34.6	22->21->27->28->25->20->31->9	7	0.000983341639142	7
34	0.8125	5	0.359333333333	0.0203306009093	0.326666666667	0.376666666667	0.466666666667	0.64453125	0.474782233056	0.7734375	7.00098334164	0.859375	143	107.8	31.6	22->21->27->28->25->20->31->9	7	0.000983341639142	7
34	0.825	5	0.338	0.0183484785927	0.313333333333	0.363333333333	0.433333333333	0.608125	0.443130084185	0.781875	7.00098334164	0.86875	133	101.4	28.4	22->21->27->28->25->20->31->9	7	0.000983341639142	7
34	0.8375	5	0.323333333333	0.0198606254797	0.29	0.34	0.403333333333	0.57078125	0.411477935315	0.7903125	7.00098334164	0.878125	124	97	24	22->21->27->28->25->20->31->9	7	0.000983341639142	7
34	0.85	5	0.284	0.0132077418374	0.266666666667	0.303333333333	0.373333333333	0.5325	0.379825786445	0.79875	7.00098334164	0.8875	114	85.2	26.4	22->21->27->28->25->20->31->9	7	0.000983341639142	7
34	0.8625	5	0.281333333333	0.0155634900399	0.256666666667	0.296666666667	0.343333333333	0.49328125	0.348173637574	0.8071875	7.00098334164	0.896875	105	84.4	18.2	22->21->27->28->25->20->31->9	7	0.000983341639142	7
34	0.875	5	0.252	0.0116904519445	0.24	0.27	0.31	0.453125	0.316521488704	0.815625	7.00098334164	0.90625	95	75.6	17.4	22->21->27->28->25->20->31->9	7	0.000983341639142	7
34	0.8875	5	0.224	0.00641179468722	0.216666666667	0.233333333333	0.28	0.41203125	0.284869339834	0.8240625	7.00098334164	0.915625	86	67.2	16.8	22->21->27->28->25->20->31->9	7	0.000983341639142	7
34	0.9	5	0.214	0.0116428327977	0.2	0.226666666667	0.25	0.37	0.253217190963	0.8325	7.00098334164	0.925	76	64.2	10.8	22->21->27->28->25->20->31->9	7	0.000983341639142	7
34	0.9125	5	0.181333333333	0.00802772971919	0.17	0.19	0.216666666667	0.32703125	0.221565042093	0.8409375	7.00098334164	0.934375	67	54.4	10.6	22->21->27->28->25->20->31->9	7	0.000983341639142	7
34	0.925	5	0.156	0.00494413232473	0.15	0.163333333333	0.186666666667	0.283125	0.189912893222	0.849375	7.00098334164	0.94375	57	46.8	9.2	22->21->27->28->25->20->31->9	7	0.000983341639142	7
34	0.9375	5	0.132666666667	0.00795822425754	0.12	0.14	0.156666666667	0.23828125	0.158260744352	0.8578125	7.00098334164	0.953125	48	39.8	7.2	22->21->27->28->25->20->31->9	7	0.000983341639142	7
34	0.95	5	0.113333333333	0.0057735026919	0.103333333333	0.116666666667	0.126666666667	0.1925	0.126608595482	0.86625	7.00098334164	0.9625	38	34	3.8	22->21->27->28->25->20->31->9	7	0.000983341639142	7
34	0.9625	5	0.0873333333333	0.0043461349368	0.0833333333333	0.0933333333333	0.0933333333333	0.14578125	0.0949564466112	0.8746875	7.00098334164	0.971875	29	26.2	1.8	22->21->27->28->25->20->31->9	7	0.000983341639142	7
34	0.975	5	0.052	0.00505525029603	0.0433333333333	0.0566666666667	0.0633333333333	0.098125	0.0633042977408	0.883125	7.00098334164	0.98125	19	15.6	3.4	22->21->27->28->25->20->31->9	7	0.000983341639142	7
34	0.9875	5	0.03	0.00235702260396	0.0266666666667	0.0333333333333	0.0333333333333	0.04953125	0.0316521488704	0.8915625	7.00098334164	0.990625	10	9	1	22->21->27->28->25->20->31->9	7	0.000983341639142	7
36	0.0125	5	0.557333333333	0.0643946167522	0.476666666667	0.656666666667	2.44333333333	1.02453125	2.50051976076	0.2334375	7.00098334164	0.259375	751	167.2	560.6	22->21->27->28->25->20->31->9	7	0.000983341639142	7
36	0.025	5	0.586	0.0626010294555	0.51	0.67	2.41333333333	1.048125	2.46886761189	0.241875	7.00098334164	0.26875	741	175.8	542	22->21->27->28->25->20->31->9	7	0.000983341639142	7
36	0.0375	5	0.575333333333	0.0559066682566	0.523333333333	0.653333333333	2.38333333333	1.07078125	2.43721546302	0.2503125	7.00098334164	0.278125	732	172.6	535.6	22->21->27->28->25->20->31->9	7	0.000983341639142	7
36	0.05	5	0.620666666667	0.070922492906	0.523333333333	0.696666666667	2.35	1.0925	2.40556331415	0.25875	7.00098334164	0.2875	722	186.2	512.8	22->21->27->28->25->20->31->9	7	0.000983341639142	7
36	0.0625	5	0.616	0.0561941080344	0.516666666667	0.65	2.32	1.11328125	2.37391116528	0.2671875	7.00098334164	0.296875	713	184.8	506.2	22->21->27->28->25->20->31->9	7	0.000983341639142	7
36	0.075	5	0.662666666667	0.0601110084205	0.57	0.716666666667	2.29	1.133125	2.34225901641	0.275625	7.00098334164	0.30625	703	198.8	482.4	22->21->27->28->25->20->31->9	7	0.000983341639142	7
36	0.0875	5	0.650666666667	0.0403732584764	0.6	0.696666666667	2.26	1.15203125	2.31060686754	0.2840625	7.00098334164	0.315625	694	195.2	476.8	22->21->27->28->25->20->31->9	7	0.000983341639142	7
36	0.1	5	0.641333333333	0.050199601592	0.573333333333	0.69	2.22666666667	1.17	2.27895471867	0.2925	7.00098334164	0.325	684	192.4	471.8	22->21->27->28->25->20->31->9	7	0.000983341639142	7
36	0.1125	5	0.663333333333	0.0408248290464	0.613333333333	0.72	2.19666666667	1.18703125	2.2473025698	0.3009375	7.00098334164	0.334375	675	199	455.2	22->21->27->28->25->20->31->9	7	0.000983341639142	7
36	0.125	5	0.647333333333	0.046272141847	0.596666666667	0.696666666667	2.16666666667	1.203125	2.21565042093	0.309375	7.00098334164	0.34375	665	194.2	450	22->21->27->28->25->20->31->9	7	0.000983341639142	7
36	0.1375	5	0.642666666667	0.0542320118667	0.566666666667	0.713333333333	2.13333333333	1.21828125	2.18399827206	0.3178125	7.00098334164	0.353125	656	192.8	444	22->21->27->28->25->20->31->9	7	0.000983341639142	7
36	0.15	5	0.685333333333	0.0583380950437	0.623333333333	0.766666666667	2.10333333333	1.2325	2.15234612319	0.32625	7.00098334164	0.3625	646	205.6	422.2	22->21->27->28->25->20->31->9	7	0.000983341639142	7
36	0.1625	5	0.68	0.023921166824	0.66	0.72	2.07333333333	1.24578125	2.12069397432	0.3346875	7.00098334164	0.371875	637	204	413.2	22->21->27->28->25->20->31->9	7	0.000983341639142	7
36	0.175	5	0.718666666667	0.0358701361395	0.663333333333	0.756666666667	2.04333333333	1.258125	2.08904182545	0.343125	7.00098334164	0.38125	627	215.6	392.6	22->21->27->28->25->20->31->9	7	0.000983341639142	7
36	0.1875	5	0.721333333333	0.0272437556556	0.69	0.743333333333	2.01	1.26953125	2.05738967658	0.3515625	7.00098334164	0.390625	618	216.4	383.6	22->21->27->28->25->20->31->9	7	0.000983341639142	7
36	0.2	5	0.696	0.0437416658729	0.623333333333	0.733333333333	1.98	1.28	2.02573752771	0.36	7.00098334164	0.4	608	208.8	381.6	22->21->27->28->25->20->31->9	7	0.000983341639142	7
36	0.2125	5	0.721333333333	0.03279566367	0.68	0.77	1.95	1.28953125	1.99408537883	0.3684375	7.00098334164	0.409375	599	216.4	366.2	22->21->27->28->25->20->31->9	7	0.000983341639142	7
36	0.225	5	0.716666666667	0.0665415492589	0.623333333333	0.776666666667	1.91666666667	1.298125	1.96243322996	0.376875	7.00098334164	0.41875	589	215	356.8	22->21->27->28->25->20->31->9	7	0.000983341639142	7
36	0.2375	5	0.702	0.0260981055081	0.67	0.733333333333	1.88666666667	1.30578125	1.93078108109	0.3853125	7.00098334164	0.428125	580	210.6	351.6	22->21->27->28->25->20->31->9	7	0.000983341639142	7
36	0.25	5	0.725333333333	0.0269361384678	0.683333333333	0.753333333333	1.85666666667	1.3125	1.89912893222	0.39375	7.00098334164	0.4375	570	217.6	335.6	22->21->27->28->25->20->31->9	7	0.000983341639142	7
36	0.2625	5	0.728666666667	0.0381226092147	0.69	0.79	1.82666666667	1.31828125	1.86747678335	0.4021875	7.00098334164	0.446875	561	218.6	326	22->21->27->28->25->20->31->9	7	0.000983341639142	7
36	0.275	5	0.744	0.0292878435153	0.713333333333	0.786666666667	1.79333333333	1.323125	1.83582463448	0.410625	7.00098334164	0.45625	551	223.2	312.4	22->21->27->28->25->20->31->9	7	0.000983341639142	7
36	0.2875	5	0.733333333333	0.0454606056566	0.676666666667	0.793333333333	1.76333333333	1.32703125	1.80417248561	0.4190625	7.00098334164	0.465625	542	220	306.4	22->21->27->28->25->20->31->9	7	0.000983341639142	7
36	0.3	5	0.726	0.0155277529318	0.7	0.736666666667	1.73333333333	1.33	1.77252033674	0.4275	7.00098334164	0.475	532	217.8	299	22->21->27->28->25->20->31->9	7	0.000983341639142	7
36	0.3125	5	0.730666666667	0.016397831835	0.706666666667	0.75	1.70333333333	1.33203125	1.74086818787	0.4359375	7.00098334164	0.484375	523	219.2	287.8	22->21->27->28->25->20->31->9	7	0.000983341639142	7
36	0.325	5	0.759333333333	0.0309479850358	0.706666666667	0.783333333333	1.67	1.333125	1.709216039	0.444375	7.00098334164	0.49375	513	227.8	270	22->21->27->28->25->20->31->9	7	0.000983341639142	7
36	0.333333333333	5	0.738666666667	0.0262043253427	0.696666666667	0.76	1.65	1.33333333333	1.68811460642	0.45	7.00098334164	0.5	507	221.6	270.8	22->21->27->28->25->20->31->9	7	0.000983341639142	7
36	0.3375	5	0.726666666667	0.0171593835683	0.703333333333	0.74	1.64	1.33328125	1.67756389013	0.4528125	7.00098334164	0.503125	504	218	271	22->21->27->28->25->20->31->9	7	0.000983341639142	7
36	0.35	5	0.718666666667	0.0279483650883	0.69	0.76	1.61	1.3325	1.64591174126	0.46125	7.00098334164	0.5125	494	215.6	263.6	22->21->27->28->25->20->31->9	7	0.000983341639142	7
36	0.3625	5	0.749333333333	0.0193505670316	0.723333333333	0.77	1.57666666667	1.33078125	1.61425959239	0.4696875	7.00098334164	0.521875	485	224.8	246.4	22->21->27->28->25->20->31->9	7	0.000983341639142	7
36	0.375	5	0.76	0.0424264068712	0.69	0.803333333333	1.54666666667	1.328125	1.58260744352	0.478125	7.00098334164	0.53125	475	228	232.6	22->21->27->28->25->20->31->9	7	0.000983341639142	7
36	0.3875	5	0.714666666667	0.0267290935956	0.673333333333	0.74	1.51666666667	1.32453125	1.55095529465	0.4865625	7.00098334164	0.540625	466	214.4	238.2	22->21->27->28->25->20->31->9	7	0.000983341639142	7
36	0.4	5	0.752	0.0195220672858	0.73	0.783333333333	1.48666666667	1.32	1.51930314578	0.495	7.00098334164	0.55	456	225.6	217.2	22->21->27->28->25->20->31->9	7	0.000983341639142	7
36	0.4125	5	0.750666666667	0.0314819172083	0.71	0.79	1.45333333333	1.31453125	1.48765099691	0.5034375	7.00098334164	0.559375	447	225.2	208.6	22->21->27->28->25->20->31->9	7	0.000983341639142	7
36	0.425	5	0.741333333333	0.0370135110466	0.68	0.77	1.42333333333	1.308125	1.45599884804	0.511875	7.00098334164	0.56875	437	222.4	202.6	22->21->27->28->25->20->31->9	7	0.000983341639142	7
36	0.4375	5	0.742	0.0420052906721	0.7	0.796666666667	1.39333333333	1.30078125	1.42434669917	0.5203125	7.00098334164	0.578125	428	222.6	193.2	22->21->27->28->25->20->31->9	7	0.000983341639142	7
36	0.45	5	0.692666666667	0.041257995858	0.646666666667	0.74	1.36333333333	1.2925	1.3926945503	0.52875	7.00098334164	0.5875	418	207.8	199.6	22->21->27->28->25->20->31->9	7	0.000983341639142	7
36	0.4625	5	0.734666666667	0.0294014360949	0.71	0.776666666667	1.33	1.28328125	1.36104240143	0.5371875	7.00098334164	0.596875	409	220.4	177.4	22->21->27->28->25->20->31->9	7	0.000983341639142	7
36	0.475	5	0.72	0.0147196014439	0.7	0.74	1.3	1.273125	1.32939025256	0.545625	7.00098334164	0.60625	399	216	172.2	22->21->27->28->25->20->31->9	7	0.000983341639142	7
36	0.4875	5	0.712	0.0344480284874	0.683333333333	0.763333333333	1.27	1.26203125	1.29773810369	0.5540625	7.00098334164	0.615625	390	213.6	166	22->21->27->28->25->20->31->9	7	0.000983341639142	7
36	0.5	5	0.704666666667	0.0255603860169	0.67	0.736666666667	1.23666666667	1.25	1.26608595482	0.5625	7.00098334164	0.625	380	211.4	158	22->21->27->28->25->20->31->9	7	0.000983341639142	7
36	0.5125	5	0.706666666667	0.030276503541	0.673333333333	0.736666666667	1.20666666667	1.23703125	1.23443380595	0.5709375	7.00098334164	0.634375	371	212	149.2	22->21->27->28->25->20->31->9	7	0.000983341639142	7
36	0.525	5	0.706666666667	0.0212132034356	0.686666666667	0.74	1.17666666667	1.223125	1.20278165707	0.579375	7.00098334164	0.64375	361	212	139.8	22->21->27->28->25->20->31->9	7	0.000983341639142	7
36	0.5375	5	0.670666666667	0.0211344899789	0.643333333333	0.696666666667	1.14666666667	1.20828125	1.1711295082	0.5878125	7.00098334164	0.653125	352	201.2	140.8	22->21->27->28->25->20->31->9	7	0.000983341639142	7
36	0.55	5	0.674666666667	0.0281464424434	0.653333333333	0.723333333333	1.11333333333	1.1925	1.13947735933	0.59625	7.00098334164	0.6625	342	202.4	129.6	22->21->27->28->25->20->31->9	7	0.000983341639142	7
36	0.5625	5	0.636666666667	0.0520149551144	0.563333333333	0.7	1.08333333333	1.17578125	1.10782521046	0.6046875	7.00098334164	0.671875	333	191	133	22->21->27->28->25->20->31->9	7	0.000983341639142	7
36	0.575	5	0.629333333333	0.0197765292989	0.596666666667	0.65	1.05333333333	1.158125	1.07617306159	0.613125	7.00098334164	0.68125	323	188.8	126.2	22->21->27->28->25->20->31->9	7	0.000983341639142	7
36	0.5875	5	0.632666666667	0.0123378370155	0.616666666667	0.65	1.02333333333	1.13953125	1.04452091272	0.6215625	7.00098334164	0.690625	314	189.8	115.6	22->21->27->28->25->20->31->9	7	0.000983341639142	7
36	0.6	5	0.627333333333	0.0335327369066	0.596666666667	0.67	0.99	1.12	1.01286876385	0.63	7.00098334164	0.7	304	188.2	108	22->21->27->28->25->20->31->9	7	0.000983341639142	7
36	0.6125	5	0.608	0.0271416039811	0.57	0.646666666667	0.96	1.09953125	0.981216614982	0.6384375	7.00098334164	0.709375	295	182.4	104	22->21->27->28->25->20->31->9	7	0.000983341639142	7
36	0.625	5	0.612	0.027748873851	0.573333333333	0.65	0.93	1.078125	0.949564466112	0.646875	7.00098334164	0.71875	285	183.6	94.4	22->21->27->28->25->20->31->9	7	0.000983341639142	7
36	0.6375	5	0.589333333333	0.0285189995149	0.563333333333	0.636666666667	0.896666666667	1.05578125	0.917912317241	0.6553125	7.00098334164	0.728125	276	176.8	91.4	22->21->27->28->25->20->31->9	7	0.000983341639142	7
36	0.65	5	0.586666666667	0.0340750805004	0.533333333333	0.623333333333	0.866666666667	1.0325	0.886260168371	0.66375	7.00098334164	0.7375	266	176	82.8	22->21->27->28->25->20->31->9	7	0.000983341639142	7
36	0.6625	5	0.557333333333	0.0264994758858	0.523333333333	0.593333333333	0.836666666667	1.00828125	0.854608019501	0.6721875	7.00098334164	0.746875	257	167.2	82.4	22->21->27->28->25->20->31->9	7	0.000983341639142	7
36	0.675	5	0.545333333333	0.0298700890896	0.513333333333	0.59	0.806666666667	0.983125	0.82295587063	0.680625	7.00098334164	0.75625	247	163.6	77.8	22->21->27->28->25->20->31->9	7	0.000983341639142	7
36	0.6875	5	0.54	0.02094967515	0.506666666667	0.556666666667	0.773333333333	0.95703125	0.79130372176	0.6890625	7.00098334164	0.765625	238	162	70	22->21->27->28->25->20->31->9	7	0.000983341639142	7
36	0.7	5	0.508666666667	0.0211607603308	0.473333333333	0.526666666667	0.743333333333	0.93	0.759651572889	0.6975	7.00098334164	0.775	228	152.6	69.8	22->21->27->28->25->20->31->9	7	0.000983341639142	7
36	0.7125	5	0.502	0.0260981055081	0.466666666667	0.54	0.713333333333	0.90203125	0.727999424019	0.7059375	7.00098334164	0.784375	219	150.6	63	22->21->27->28->25->20->31->9	7	0.000983341639142	7
36	0.725	5	0.488	0.0260981055081	0.453333333333	0.516666666667	0.683333333333	0.873125	0.696347275149	0.714375	7.00098334164	0.79375	209	146.4	58	22->21->27->28->25->20->31->9	7	0.000983341639142	7
36	0.7375	5	0.486666666667	0.0210818510678	0.46	0.513333333333	0.65	0.84328125	0.664695126278	0.7228125	7.00098334164	0.803125	200	146	48.8	22->21->27->28->25->20->31->9	7	0.000983341639142	7
36	0.75	5	0.448666666667	0.019663841605	0.426666666667	0.473333333333	0.62	0.8125	0.633042977408	0.73125	7.00098334164	0.8125	190	134.6	50.8	22->21->27->28->25->20->31->9	7	0.000983341639142	7
36	0.7625	5	0.433333333333	0.0129099444874	0.42	0.45	0.59	0.78078125	0.601390828537	0.7396875	7.00098334164	0.821875	181	130	46.4	22->21->27->28->25->20->31->9	7	0.000983341639142	7
36	0.775	5	0.416666666667	0.00816496580928	0.406666666667	0.426666666667	0.556666666667	0.748125	0.569738679667	0.748125	7.00098334164	0.83125	171	125	41.6	22->21->27->28->25->20->31->9	7	0.000983341639142	7
36	0.7875	5	0.394666666667	0.0195220672858	0.373333333333	0.42	0.526666666667	0.71453125	0.538086530797	0.7565625	7.00098334164	0.840625	162	118.4	39.4	22->21->27->28->25->20->31->9	7	0.000983341639142	7
36	0.8	5	0.398666666667	0.0202210011841	0.37	0.416666666667	0.496666666667	0.68	0.506434381926	0.765	7.00098334164	0.85	152	119.6	29.4	22->21->27->28->25->20->31->9	7	0.000983341639142	7
36	0.8125	5	0.362666666667	0.0190613046073	0.34	0.39	0.466666666667	0.64453125	0.474782233056	0.7734375	7.00098334164	0.859375	143	108.8	30.8	22->21->27->28->25->20->31->9	7	0.000983341639142	7
36	0.825	5	0.34	0.00666666666667	0.333333333333	0.346666666667	0.433333333333	0.608125	0.443130084185	0.781875	7.00098334164	0.86875	133	102	28	22->21->27->28->25->20->31->9	7	0.000983341639142	7
36	0.8375	5	0.319333333333	0.0116428327977	0.3	0.33	0.403333333333	0.57078125	0.411477935315	0.7903125	7.00098334164	0.878125	124	95.8	25.2	22->21->27->28->25->20->31->9	7	0.000983341639142	7
36	0.85	5	0.296666666667	0.016996731712	0.28	0.316666666667	0.373333333333	0.5325	0.379825786445	0.79875	7.00098334164	0.8875	114	89	22.4	22->21->27->28->25->20->31->9	7	0.000983341639142	7
36	0.8625	5	0.274666666667	0.0126051136008	0.26	0.29	0.343333333333	0.49328125	0.348173637574	0.8071875	7.00098334164	0.896875	105	82.4	20.4	22->21->27->28->25->20->31->9	7	0.000983341639142	7
36	0.875	5	0.247333333333	0.0178574603146	0.22	0.27	0.31	0.453125	0.316521488704	0.815625	7.00098334164	0.90625	95	74.2	18.8	22->21->27->28->25->20->31->9	7	0.000983341639142	7
36	0.8875	5	0.237333333333	0.00829993306533	0.223333333333	0.243333333333	0.28	0.41203125	0.284869339834	0.8240625	7.00098334164	0.915625	86	71.2	12.6	22->21->27->28->25->20->31->9	7	0.000983341639142	7
36	0.9	5	0.213333333333	0.00849836585599	0.206666666667	0.226666666667	0.25	0.37	0.253217190963	0.8325	7.00098334164	0.925	76	64	10.8	22->21->27->28->25->20->31->9	7	0.000983341639142	7
36	0.9125	5	0.182	0.00380058475033	0.176666666667	0.186666666667	0.216666666667	0.32703125	0.221565042093	0.8409375	7.00098334164	0.934375	67	54.6	10.4	22->21->27->28->25->20->31->9	7	0.000983341639142	7
36	0.925	5	0.154666666667	0.0073029674334	0.146666666667	0.166666666667	0.186666666667	0.283125	0.189912893222	0.849375	7.00098334164	0.94375	57	46.4	9.6	22->21->27->28->25->20->31->9	7	0.000983341639142	7
36	0.9375	5	0.13	0.0113038833052	0.116666666667	0.146666666667	0.156666666667	0.23828125	0.158260744352	0.8578125	7.00098334164	0.953125	48	39	7.8	22->21->27->28->25->20->31->9	7	0.000983341639142	7
36	0.95	5	0.107333333333	0.00547722557505	0.103333333333	0.113333333333	0.126666666667	0.1925	0.126608595482	0.86625	7.00098334164	0.9625	38	32.2	5.8	22->21->27->28->25->20->31->9	7	0.000983341639142	7
36	0.9625	5	0.0826666666667	0.0098319208025	0.0666666666667	0.0933333333333	0.0933333333333	0.14578125	0.0949564466112	0.8746875	7.00098334164	0.971875	29	24.8	3.2	22->21->27->28->25->20->31->9	7	0.000983341639142	7
36	0.975	5	0.0553333333333	0.00767390962215	0.0466666666667	0.0633333333333	0.0633333333333	0.098125	0.0633042977408	0.883125	7.00098334164	0.98125	19	16.6	2.4	22->21->27->28->25->20->31->9	7	0.000983341639142	7
36	0.9875	5	0.03	0.00408248290464	0.0233333333333	0.0333333333333	0.0333333333333	0.04953125	0.0316521488704	0.8915625	7.00098334164	0.990625	10	9	1	22->21->27->28->25->20->31->9	7	0.000983341639142	7
40	0.0125	5	0.594666666667	0.0396932683909	0.55	0.656666666667	2.44333333333	1.02453125	2.50051976076	0.2334375	7.00098334164	0.259375	751	178.4	549.6	22->21->27->28->25->20->31->9	7	0.000983341639142	7
40	0.025	5	0.594666666667	0.0372379734501	0.556666666667	0.656666666667	2.41333333333	1.048125	2.46886761189	0.241875	7.00098334164	0.26875	741	178.4	538.8	22->21->27->28->25->20->31->9	7	0.000983341639142	7
40	0.0375	5	0.596	0.0320069436911	0.553333333333	0.63	2.38333333333	1.07078125	2.43721546302	0.2503125	7.00098334164	0.278125	732	178.8	529.6	22->21->27->28->25->20->31->9	7	0.000983341639142	7
40	0.05	5	0.621333333333	0.0172562388074	0.596666666667	0.643333333333	2.35	1.0925	2.40556331415	0.25875	7.00098334164	0.2875	722	186.4	513.2	22->21->27->28->25->20->31->9	7	0.000983341639142	7
40	0.0625	5	0.606	0.0304046780026	0.556666666667	0.636666666667	2.32	1.11328125	2.37391116528	0.2671875	7.00098334164	0.296875	713	181.8	508.6	22->21->27->28->25->20->31->9	7	0.000983341639142	7
40	0.075	5	0.629333333333	0.0194935886896	0.6	0.65	2.29	1.133125	2.34225901641	0.275625	7.00098334164	0.30625	703	188.8	493.2	22->21->27->28->25->20->31->9	7	0.000983341639142	7
40	0.0875	5	0.628666666667	0.0186488009743	0.606666666667	0.65	2.26	1.15203125	2.31060686754	0.2840625	7.00098334164	0.315625	694	188.6	483.8	22->21->27->28->25->20->31->9	7	0.000983341639142	7
40	0.1	5	0.646666666667	0.0113038833052	0.626666666667	0.653333333333	2.22666666667	1.17	2.27895471867	0.2925	7.00098334164	0.325	684	194	469	22->21->27->28->25->20->31->9	7	0.000983341639142	7
40	0.1125	5	0.662	0.0170945085399	0.643333333333	0.683333333333	2.19666666667	1.18703125	2.2473025698	0.3009375	7.00098334164	0.334375	675	198.6	455.2	22->21->27->28->25->20->31->9	7	0.000983341639142	7
40	0.125	5	0.656	0.0304046780026	0.623333333333	0.686666666667	2.16666666667	1.203125	2.21565042093	0.309375	7.00098334164	0.34375	665	196.8	448	22->21->27->28->25->20->31->9	7	0.000983341639142	7
40	0.1375	5	0.7	0.0306412938514	0.663333333333	0.74	2.13333333333	1.21828125	2.18399827206	0.3178125	7.00098334164	0.353125	656	210	426.6	22->21->27->28->25->20->31->9	7	0.000983341639142	7
40	0.15	5	0.688666666667	0.027345525736	0.67	0.736666666667	2.10333333333	1.2325	2.15234612319	0.32625	7.00098334164	0.3625	646	206.6	420.8	22->21->27->28->25->20->31->9	7	0.000983341639142	7
40	0.1625	5	0.678	0.0367120930727	0.623333333333	0.716666666667	2.07333333333	1.24578125	2.12069397432	0.3346875	7.00098334164	0.371875	637	203.4	414.6	22->21->27->28->25->20->31->9	7	0.000983341639142	7
40	0.175	5	0.7	0.0240370085031	0.663333333333	0.73	2.04333333333	1.258125	2.08904182545	0.343125	7.00098334164	0.38125	627	210	398.4	22->21->27->28->25->20->31->9	7	0.000983341639142	7
40	0.1875	5	0.7	0.057008771255	0.613333333333	0.753333333333	2.01	1.26953125	2.05738967658	0.3515625	7.00098334164	0.390625	618	210	389.4	22->21->27->28->25->20->31->9	7	0.000983341639142	7
40	0.2	5	0.695333333333	0.0362552678165	0.65	0.736666666667	1.98	1.28	2.02573752771	0.36	7.00098334164	0.4	608	208.6	381	22->21->27->28->25->20->31->9	7	0.000983341639142	7
40	0.2125	5	0.721333333333	0.0471757941698	0.686666666667	0.786666666667	1.95	1.28953125	1.99408537883	0.3684375	7.00098334164	0.409375	599	216.4	364.8	22->21->27->28->25->20->31->9	7	0.000983341639142	7
40	0.225	5	0.732	0.0352451730344	0.67	0.753333333333	1.91666666667	1.298125	1.96243322996	0.376875	7.00098334164	0.41875	589	219.6	352.4	22->21->27->28->25->20->31->9	7	0.000983341639142	7
40	0.2375	5	0.742666666667	0.0679624079097	0.67	0.82	1.88666666667	1.30578125	1.93078108109	0.3853125	7.00098334164	0.428125	580	222.8	339.2	22->21->27->28->25->20->31->9	7	0.000983341639142	7
40	0.25	5	0.727333333333	0.047046076705	0.683333333333	0.793333333333	1.85666666667	1.3125	1.89912893222	0.39375	7.00098334164	0.4375	570	218.2	335.4	22->21->27->28->25->20->31->9	7	0.000983341639142	7
40	0.2625	5	0.718	0.030605010483	0.67	0.746666666667	1.82666666667	1.31828125	1.86747678335	0.4021875	7.00098334164	0.446875	561	215.4	328.8	22->21->27->28->25->20->31->9	7	0.000983341639142	7
40	0.275	5	0.769333333333	0.0294769212926	0.75	0.82	1.79333333333	1.323125	1.83582463448	0.410625	7.00098334164	0.45625	551	230.8	304.6	22->21->27->28->25->20->31->9	7	0.000983341639142	7
40	0.2875	5	0.696666666667	0.0648502548611	0.636666666667	0.78	1.76333333333	1.32703125	1.80417248561	0.4190625	7.00098334164	0.465625	542	209	316.6	22->21->27->28->25->20->31->9	7	0.000983341639142	7
40	0.3	5	0.743333333333	0.0249443825785	0.703333333333	0.77	1.73333333333	1.33	1.77252033674	0.4275	7.00098334164	0.475	532	223	293.8	22->21->27->28->25->20->31->9	7	0.000983341639142	7
40	0.3125	5	0.738666666667	0.0360246828963	0.7	0.793333333333	1.70333333333	1.33203125	1.74086818787	0.4359375	7.00098334164	0.484375	523	221.6	286.2	22->21->27->28->25->20->31->9	7	0.000983341639142	7
40	0.325	5	0.724	0.0217817456703	0.686666666667	0.74	1.67	1.333125	1.709216039	0.444375	7.00098334164	0.49375	513	217.2	281.8	22->21->27->28->25->20->31->9	7	0.000983341639142	7
40	0.333333333333	5	0.749333333333	0.0192064803879	0.72	0.766666666667	1.65	1.33333333333	1.68811460642	0.45	7.00098334164	0.5	507	224.8	266.8	22->21->27->28->25->20->31->9	7	0.000983341639142	7
40	0.3375	5	0.734666666667	0.0500333222296	0.68	0.796666666667	1.64	1.33328125	1.67756389013	0.4528125	7.00098334164	0.503125	504	220.4	268.8	22->21->27->28->25->20->31->9	7	0.000983341639142	7
40	0.35	5	0.720666666667	0.0241982552172	0.696666666667	0.76	1.61	1.3325	1.64591174126	0.46125	7.00098334164	0.5125	494	216.2	263.8	22->21->27->28->25->20->31->9	7	0.000983341639142	7
40	0.3625	5	0.706	0.0423871049574	0.656666666667	0.76	1.57666666667	1.33078125	1.61425959239	0.4696875	7.00098334164	0.521875	485	211.8	258.8	22->21->27->28->25->20->31->9	7	0.000983341639142	7
40	0.375	5	0.762666666667	0.0196355686334	0.74	0.79	1.54666666667	1.328125	1.58260744352	0.478125	7.00098334164	0.53125	475	228.8	233	22->21->27->28->25->20->31->9	7	0.000983341639142	7
40	0.3875	5	0.772	0.0431148337453	0.73	0.83	1.51666666667	1.32453125	1.55095529465	0.4865625	7.00098334164	0.540625	466	231.6	220.2	22->21->27->28->25->20->31->9	7	0.000983341639142	7
40	0.4	5	0.732666666667	0.0296647939484	0.696666666667	0.773333333333	1.48666666667	1.32	1.51930314578	0.495	7.00098334164	0.55	456	219.8	223.6	22->21->27->28->25->20->31->9	7	0.000983341639142	7
40	0.4125	5	0.714	0.0127801930085	0.693333333333	0.723333333333	1.45333333333	1.31453125	1.48765099691	0.5034375	7.00098334164	0.559375	447	214.2	219.4	22->21->27->28->25->20->31->9	7	0.000983341639142	7
40	0.425	5	0.742	0.024106246309	0.723333333333	0.783333333333	1.42333333333	1.308125	1.45599884804	0.511875	7.00098334164	0.56875	437	222.6	202.6	22->21->27->28->25->20->31->9	7	0.000983341639142	7
40	0.4375	5	0.725333333333	0.0311448230048	0.686666666667	0.766666666667	1.39333333333	1.30078125	1.42434669917	0.5203125	7.00098334164	0.578125	428	217.6	198.6	22->21->27->28->25->20->31->9	7	0.000983341639142	7
40	0.45	5	0.706	0.0438051240027	0.656666666667	0.746666666667	1.36333333333	1.2925	1.3926945503	0.52875	7.00098334164	0.5875	418	211.8	194.4	22->21->27->28->25->20->31->9	7	0.000983341639142	7
40	0.4625	5	0.707333333333	0.0390441345716	0.65	0.746666666667	1.33	1.28328125	1.36104240143	0.5371875	7.00098334164	0.596875	409	212.2	185	22->21->27->28->25->20->31->9	7	0.000983341639142	7
40	0.475	5	0.720666666667	0.0500777173779	0.646666666667	0.77	1.3	1.273125	1.32939025256	0.545625	7.00098334164	0.60625	399	216.2	172.2	22->21->27->28->25->20->31->9	7	0.000983341639142	7
40	0.4875	5	0.718	0.0232856655954	0.7	0.756666666667	1.27	1.26203125	1.29773810369	0.5540625	7.00098334164	0.615625	390	215.4	163.6	22->21->27->28->25->20->31->9	7	0.000983341639142	7
40	0.5	5	0.693333333333	0.0306412938514	0.673333333333	0.746666666667	1.23666666667	1.25	1.26608595482	0.5625	7.00098334164	0.625	380	208	161.4	22->21->27->28->25->20->31->9	7	0.000983341639142	7
40	0.5125	5	0.704	0.0317455158688	0.65	0.726666666667	1.20666666667	1.23703125	1.23443380595	0.5709375	7.00098334164	0.634375	371	211.2	149	22->21->27->28->25->20->31->9	7	0.000983341639142	7
40	0.525	5	0.664666666667	0.0368631101359	0.643333333333	0.73	1.17666666667	1.223125	1.20278165707	0.579375	7.00098334164	0.64375	361	199.4	151.4	22->21->27->28->25->20->31->9	7	0.000983341639142	7
40	0.5375	5	0.686	0.0297582854942	0.643333333333	0.726666666667	1.14666666667	1.20828125	1.1711295082	0.5878125	7.00098334164	0.653125	352	205.8	136.8	22->21->27->28->25->20->31->9	7	0.000983341639142	7
40	0.55	5	0.676666666667	0.0263523138347	0.656666666667	0.72	1.11333333333	1.1925	1.13947735933	0.59625	7.00098334164	0.6625	342	203	130.6	22->21->27->28->25->20->31->9	7	0.000983341639142	7
40	0.5625	5	0.648666666667	0.0245628445693	0.626666666667	0.69	1.08333333333	1.17578125	1.10782521046	0.6046875	7.00098334164	0.671875	333	194.6	128.4	22->21->27->28->25->20->31->9	7	0.000983341639142	7
40	0.575	5	0.600666666667	0.0263944438598	0.556666666667	0.626666666667	1.05333333333	1.158125	1.07617306159	0.613125	7.00098334164	0.68125	323	180.2	134.2	22->21->27->28->25->20->31->9	7	0.000983341639142	7
40	0.5875	5	0.616	0.0301293507693	0.586666666667	0.66	1.02333333333	1.13953125	1.04452091272	0.6215625	7.00098334164	0.690625	314	184.8	121	22->21->27->28->25->20->31->9	7	0.000983341639142	7
40	0.6	5	0.637333333333	0.0363929175039	0.593333333333	0.676666666667	0.99	1.12	1.01286876385	0.63	7.00098334164	0.7	304	191.2	105.4	22->21->27->28->25->20->31->9	7	0.000983341639142	7
40	0.6125	5	0.610666666667	0.0337803361604	0.58	0.663333333333	0.96	1.09953125	0.981216614982	0.6384375	7.00098334164	0.709375	295	183.2	104.4	22->21->27->28->25->20->31->9	7	0.000983341639142	7
40	0.625	5	0.578666666667	0.027748873851	0.546666666667	0.623333333333	0.93	1.078125	0.949564466112	0.646875	7.00098334164	0.71875	285	173.6	103.8	22->21->27->28->25->20->31->9	7	0.000983341639142	7
40	0.6375	5	0.588666666667	0.0299629400723	0.553333333333	0.616666666667	0.896666666667	1.05578125	0.917912317241	0.6553125	7.00098334164	0.728125	276	176.6	92	22->21->27->28->25->20->31->9	7	0.000983341639142	7
40	0.65	5	0.580666666667	0.0132077418374	0.566666666667	0.6	0.866666666667	1.0325	0.886260168371	0.66375	7.00098334164	0.7375	266	174.2	84.8	22->21->27->28->25->20->31->9	7	0.000983341639142	7
40	0.6625	5	0.548	0.0247879899234	0.506666666667	0.573333333333	0.836666666667	1.00828125	0.854608019501	0.6721875	7.00098334164	0.746875	257	164.4	84.6	22->21->27->28->25->20->31->9	7	0.000983341639142	7
40	0.675	5	0.57	0.0459468291736	0.493333333333	0.613333333333	0.806666666667	0.983125	0.82295587063	0.680625	7.00098334164	0.75625	247	171	70.2	22->21->27->28->25->20->31->9	7	0.000983341639142	7
40	0.6875	5	0.536666666667	0.0268741924943	0.506666666667	0.566666666667	0.773333333333	0.95703125	0.79130372176	0.6890625	7.00098334164	0.765625	238	161	70.4	22->21->27->28->25->20->31->9	7	0.000983341639142	7
40	0.7	5	0.506666666667	0.0340750805004	0.466666666667	0.56	0.743333333333	0.93	0.759651572889	0.6975	7.00098334164	0.775	228	152	70.6	22->21->27->28->25->20->31->9	7	0.000983341639142	7
40	0.7125	5	0.508666666667	0.024106246309	0.48	0.536666666667	0.713333333333	0.90203125	0.727999424019	0.7059375	7.00098334164	0.784375	219	152.6	61	22->21->27->28->25->20->31->9	7	0.000983341639142	7
40	0.725	5	0.491333333333	0.0278487980989	0.453333333333	0.523333333333	0.683333333333	0.873125	0.696347275149	0.714375	7.00098334164	0.79375	209	147.4	57	22->21->27->28->25->20->31->9	7	0.000983341639142	7
40	0.7375	5	0.464666666667	0.018499249234	0.433333333333	0.48	0.65	0.84328125	0.664695126278	0.7228125	7.00098334164	0.803125	200	139.4	55.2	22->21->27->28->25->20->31->9	7	0.000983341639142	7
40	0.75	5	0.450666666667	0.00924962461701	0.436666666667	0.46	0.62	0.8125	0.633042977408	0.73125	7.00098334164	0.8125	190	135.2	50	22->21->27->28->25->20->31->9	7	0.000983341639142	7
40	0.7625	5	0.424666666667	0.0130384048104	0.406666666667	0.44	0.59	0.78078125	0.601390828537	0.7396875	7.00098334164	0.821875	181	127.4	48.6	22->21->27->28->25->20->31->9	7	0.000983341639142	7
40	0.775	5	0.417333333333	0.0196355686334	0.386666666667	0.44	0.556666666667	0.748125	0.569738679667	0.748125	7.00098334164	0.83125	171	125.2	41.8	22->21->27->28->25->20->31->9	7	0.000983341639142	7
40	0.7875	5	0.392	0.01192569588	0.38	0.41	0.526666666667	0.71453125	0.538086530797	0.7565625	7.00098334164	0.840625	162	117.6	40	22->21->27->28->25->20->31->9	7	0.000983341639142	7
40	0.8	5	0.385333333333	0.0165998661307	0.363333333333	0.403333333333	0.496666666667	0.68	0.506434381926	0.765	7.00098334164	0.85	152	115.6	32.6	22->21->27->28->25->20->31->9	7	0.000983341639142	7
40	0.8125	5	0.362	0.010434983895	0.346666666667	0.373333333333	0.466666666667	0.64453125	0.474782233056	0.7734375	7.00098334164	0.859375	143	108.6	30.8	22->21->27->28->25->20->31->9	7	0.000983341639142	7
40	0.825	5	0.331333333333	0.0121563883525	0.31	0.34	0.433333333333	0.608125	0.443130084185	0.781875	7.00098334164	0.86875	133	99.4	30	22->21->27->28->25->20->31->9	7	0.000983341639142	7
40	0.8375	5	0.31	0.0133333333333	0.293333333333	0.326666666667	0.403333333333	0.57078125	0.411477935315	0.7903125	7.00098334164	0.878125	124	93	27.8	22->21->27->28->25->20->31->9	7	0.000983341639142	7
40	0.85	5	0.29	0.00971825315808	0.276666666667	0.303333333333	0.373333333333	0.5325	0.379825786445	0.79875	7.00098334164	0.8875	114	87	24.8	22->21->27->28->25->20->31->9	7	0.000983341639142	7
40	0.8625	5	0.277333333333	0.0138242942356	0.26	0.296666666667	0.343333333333	0.49328125	0.348173637574	0.8071875	7.00098334164	0.896875	105	83.2	19.6	22->21->27->28->25->20->31->9	7	0.000983341639142	7
40	0.875	5	0.257333333333	0.0158815056661	0.236666666667	0.276666666667	0.31	0.453125	0.316521488704	0.815625	7.00098334164	0.90625	95	77.2	15.8	22->21->27->28->25->20->31->9	7	0.000983341639142	7
40	0.8875	5	0.237333333333	0.0196355686334	0.22	0.263333333333	0.28	0.41203125	0.284869339834	0.8240625	7.00098334164	0.915625	86	71.2	12.6	22->21->27->28->25->20->31->9	7	0.000983341639142	7
40	0.9	5	0.21	0.00849836585599	0.203333333333	0.223333333333	0.25	0.37	0.253217190963	0.8325	7.00098334164	0.925	76	63	11.8	22->21->27->28->25->20->31->9	7	0.000983341639142	7
40	0.9125	5	0.179333333333	0.0086281194037	0.17	0.193333333333	0.216666666667	0.32703125	0.221565042093	0.8409375	7.00098334164	0.934375	67	53.8	11.2	22->21->27->28->25->20->31->9	7	0.000983341639142	7
40	0.925	5	0.162666666667	0.00722649446289	0.153333333333	0.173333333333	0.186666666667	0.283125	0.189912893222	0.849375	7.00098334164	0.94375	57	48.8	7.2	22->21->27->28->25->20->31->9	7	0.000983341639142	7
40	0.9375	5	0.132	0.00900617072407	0.12	0.143333333333	0.156666666667	0.23828125	0.158260744352	0.8578125	7.00098334164	0.953125	48	39.6	7.2	22->21->27->28->25->20->31->9	7	0.000983341639142	7
40	0.95	5	0.11	0.00881917103688	0.0966666666667	0.12	0.126666666667	0.1925	0.126608595482	0.86625	7.00098334164	0.9625	38	33	4.8	22->21->27->28->25->20->31->9	7	0.000983341639142	7
40	0.9625	5	0.0833333333333	0.00235702260396	0.08	0.0866666666667	0.0933333333333	0.14578125	0.0949564466112	0.8746875	7.00098334164	0.971875	29	25	3	22->21->27->28->25->20->31->9	7	0.000983341639142	7
40	0.975	5	0.052	0.00380058475033	0.0466666666667	0.0566666666667	0.0633333333333	0.098125	0.0633042977408	0.883125	7.00098334164	0.98125	19	15.6	3.4	22->21->27->28->25->20->31->9	7	0.000983341639142	7
40	0.9875	5	0.0313333333333	0.00298142397	0.0266666666667	0.0333333333333	0.0333333333333	0.04953125	0.0316521488704	0.8915625	7.00098334164	0.990625	10	9.4	0.6	22->21->27->28->25->20->31->9	7	0.000983341639142	7
44	0.0125	5	0.588666666667	0.0401801498808	0.55	0.65	2.44333333333	1.02453125	2.50051976076	0.2334375	7.00098334164	0.259375	751	176.6	551.2	22->21->27->28->25->20->31->9	7	0.000983341639142	7
44	0.025	5	0.612666666667	0.0379619692734	0.556666666667	0.643333333333	2.41333333333	1.048125	2.46886761189	0.241875	7.00098334164	0.26875	741	183.8	533.6	22->21->27->28->25->20->31->9	7	0.000983341639142	7
44	0.0375	5	0.599333333333	0.0248774775427	0.57	0.63	2.38333333333	1.07078125	2.43721546302	0.2503125	7.00098334164	0.278125	732	179.8	530.2	22->21->27->28->25->20->31->9	7	0.000983341639142	7
44	0.05	5	0.604	0.0463321342771	0.533333333333	0.66	2.35	1.0925	2.40556331415	0.25875	7.00098334164	0.2875	722	181.2	519.2	22->21->27->28->25->20->31->9	7	0.000983341639142	7
44	0.0625	5	0.612666666667	0.0415932686862	0.566666666667	0.656666666667	2.32	1.11328125	2.37391116528	0.2671875	7.00098334164	0.296875	713	183.8	508.4	22->21->27->28->25->20->31->9	7	0.000983341639142	7
44	0.075	5	0.644	0.0288097205818	0.596666666667	0.666666666667	2.29	1.133125	2.34225901641	0.275625	7.00098334164	0.30625	703	193.2	488.2	22->21->27->28->25->20->31->9	7	0.000983341639142	7
44	0.0875	5	0.664666666667	0.0388444190186	0.606666666667	0.706666666667	2.26	1.15203125	2.31060686754	0.2840625	7.00098334164	0.315625	694	199.4	473.2	22->21->27->28->25->20->31->9	7	0.000983341639142	7
44	0.1	5	0.616	0.0290019156455	0.58	0.646666666667	2.22666666667	1.17	2.27895471867	0.2925	7.00098334164	0.325	684	184.8	478	22->21->27->28->25->20->31->9	7	0.000983341639142	7
44	0.1125	5	0.670666666667	0.031304951685	0.616666666667	0.69	2.19666666667	1.18703125	2.2473025698	0.3009375	7.00098334164	0.334375	675	201.2	453.2	22->21->27->28->25->20->31->9	7	0.000983341639142	7
44	0.125	5	0.648	0.0310555058636	0.593333333333	0.666666666667	2.16666666667	1.203125	2.21565042093	0.309375	7.00098334164	0.34375	665	194.4	449.2	22->21->27->28->25->20->31->9	7	0.000983341639142	7
44	0.1375	5	0.664	0.0181659021246	0.636666666667	0.68	2.13333333333	1.21828125	2.18399827206	0.3178125	7.00098334164	0.353125	656	199.2	437.2	22->21->27->28->25->20->31->9	7	0.000983341639142	7
44	0.15	5	0.693333333333	0.0436526695124	0.643333333333	0.76	2.10333333333	1.2325	2.15234612319	0.32625	7.00098334164	0.3625	646	208	418.2	22->21->27->28->25->20->31->9	7	0.000983341639142	7
44	0.1625	5	0.726666666667	0.025055493964	0.703333333333	0.763333333333	2.07333333333	1.24578125	2.12069397432	0.3346875	7.00098334164	0.371875	637	218	400.2	22->21->27->28->25->20->31->9	7	0.000983341639142	7
44	0.175	5	0.668666666667	0.0314995590798	0.623333333333	0.71	2.04333333333	1.258125	2.08904182545	0.343125	7.00098334164	0.38125	627	200.6	407	22->21->27->28->25->20->31->9	7	0.000983341639142	7
44	0.1875	5	0.697333333333	0.02086996779	0.676666666667	0.73	2.01	1.26953125	2.05738967658	0.3515625	7.00098334164	0.390625	618	209.2	389.4	22->21->27->28->25->20->31->9	7	0.000983341639142	7
44	0.2	5	0.716	0.0322662534409	0.68	0.756666666667	1.98	1.28	2.02573752771	0.36	7.00098334164	0.4	608	214.8	375.2	22->21->27->28->25->20->31->9	7	0.000983341639142	7
44	0.2125	5	0.73	0.0388014890894	0.69	0.786666666667	1.95	1.28953125	1.99408537883	0.3684375	7.00098334164	0.409375	599	219	362.8	22->21->27->28->25->20->31->9	7	0.000983341639142	7
44	0.225	5	0.738666666667	0.0640138873822	0.673333333333	0.833333333333	1.91666666667	1.298125	1.96243322996	0.376875	7.00098334164	0.41875	589	221.6	350.6	22->21->27->28->25->20->31->9	7	0.000983341639142	7
44	0.2375	5	0.756666666667	0.0440958551844	0.706666666667	0.813333333333	1.88666666667	1.30578125	1.93078108109	0.3853125	7.00098334164	0.428125	580	227	336	22->21->27->28->25->20->31->9	7	0.000983341639142	7
44	0.25	5	0.706	0.072203416355	0.626666666667	0.8	1.85666666667	1.3125	1.89912893222	0.39375	7.00098334164	0.4375	570	211.8	341.2	22->21->27->28->25->20->31->9	7	0.000983341639142	7
44	0.2625	5	0.732	0.0112051575426	0.716666666667	0.746666666667	1.82666666667	1.31828125	1.86747678335	0.4021875	7.00098334164	0.446875	561	219.6	325.6	22->21->27->28->25->20->31->9	7	0.000983341639142	7
44	0.275	5	0.758666666667	0.0291166237359	0.726666666667	0.803333333333	1.79333333333	1.323125	1.83582463448	0.410625	7.00098334164	0.45625	551	227.6	307.4	22->21->27->28->25->20->31->9	7	0.000983341639142	7
44	0.2875	5	0.709333333333	0.0500777173779	0.646666666667	0.75	1.76333333333	1.32703125	1.80417248561	0.4190625	7.00098334164	0.465625	542	212.8	313	22->21->27->28->25->20->31->9	7	0.000983341639142	7
44	0.3	5	0.725333333333	0.037976600983	0.676666666667	0.77	1.73333333333	1.33	1.77252033674	0.4275	7.00098334164	0.475	532	217.6	300	22->21->27->28->25->20->31->9	7	0.000983341639142	7
44	0.3125	5	0.700666666667	0.0383984953409	0.646666666667	0.753333333333	1.70333333333	1.33203125	1.74086818787	0.4359375	7.00098334164	0.484375	523	210.2	297.6	22->21->27->28->25->20->31->9	7	0.000983341639142	7
44	0.325	5	0.771333333333	0.0216794833887	0.75	0.803333333333	1.67	1.333125	1.709216039	0.444375	7.00098334164	0.49375	513	231.4	267.8	22->21->27->28->25->20->31->9	7	0.000983341639142	7
44	0.333333333333	5	0.742	0.0427265205178	0.686666666667	0.783333333333	1.65	1.33333333333	1.68811460642	0.45	7.00098334164	0.5	507	222.6	269.8	22->21->27->28->25->20->31->9	7	0.000983341639142	7
44	0.3375	5	0.704	0.0347530973839	0.656666666667	0.753333333333	1.64	1.33328125	1.67756389013	0.4528125	7.00098334164	0.503125	504	211.2	277.6	22->21->27->28->25->20->31->9	7	0.000983341639142	7
44	0.35	5	0.770666666667	0.0512835256198	0.696666666667	0.826666666667	1.61	1.3325	1.64591174126	0.46125	7.00098334164	0.5125	494	231.2	249.6	22->21->27->28->25->20->31->9	7	0.000983341639142	7
44	0.3625	5	0.762	0.00930949336251	0.753333333333	0.773333333333	1.57666666667	1.33078125	1.61425959239	0.4696875	7.00098334164	0.521875	485	228.6	241.8	22->21->27->28->25->20->31->9	7	0.000983341639142	7
44	0.375	5	0.755333333333	0.0445720390679	0.703333333333	0.813333333333	1.54666666667	1.328125	1.58260744352	0.478125	7.00098334164	0.53125	475	226.6	234.4	22->21->27->28->25->20->31->9	7	0.000983341639142	7
44	0.3875	5	0.732	0.0220605228104	0.71	0.763333333333	1.51666666667	1.32453125	1.55095529465	0.4865625	7.00098334164	0.540625	466	219.6	232.4	22->21->27->28->25->20->31->9	7	0.000983341639142	7
44	0.4	5	0.73	0.0281858908755	0.703333333333	0.776666666667	1.48666666667	1.32	1.51930314578	0.495	7.00098334164	0.55	456	219	223.8	22->21->27->28->25->20->31->9	7	0.000983341639142	7
44	0.4125	5	0.738	0.0153839743456	0.716666666667	0.756666666667	1.45333333333	1.31453125	1.48765099691	0.5034375	7.00098334164	0.559375	447	221.4	212.8	22->21->27->28->25->20->31->9	7	0.000983341639142	7
44	0.425	5	0.752	0.0359474925721	0.71	0.806666666667	1.42333333333	1.308125	1.45599884804	0.511875	7.00098334164	0.56875	437	225.6	199.6	22->21->27->28->25->20->31->9	7	0.000983341639142	7
44	0.4375	5	0.720666666667	0.0449938267371	0.66	0.786666666667	1.39333333333	1.30078125	1.42434669917	0.5203125	7.00098334164	0.578125	428	216.2	200.2	22->21->27->28->25->20->31->9	7	0.000983341639142	7
44	0.45	5	0.688	0.0256688310776	0.643333333333	0.706666666667	1.36333333333	1.2925	1.3926945503	0.52875	7.00098334164	0.5875	418	206.4	199.6	22->21->27->28->25->20->31->9	7	0.000983341639142	7
44	0.4625	5	0.685333333333	0.0411366287173	0.633333333333	0.733333333333	1.33	1.28328125	1.36104240143	0.5371875	7.00098334164	0.596875	409	205.6	192	22->21->27->28->25->20->31->9	7	0.000983341639142	7
44	0.475	5	0.713333333333	0.0246080384337	0.673333333333	0.74	1.3	1.273125	1.32939025256	0.545625	7.00098334164	0.60625	399	214	174.2	22->21->27->28->25->20->31->9	7	0.000983341639142	7
44	0.4875	5	0.675333333333	0.0283431355593	0.626666666667	0.696666666667	1.27	1.26203125	1.29773810369	0.5540625	7.00098334164	0.615625	390	202.6	176.4	22->21->27->28->25->20->31->9	7	0.000983341639142	7
44	0.5	5	0.696	0.0273252020426	0.663333333333	0.73	1.23666666667	1.25	1.26608595482	0.5625	7.00098334164	0.625	380	208.8	161.2	22->21->27->28->25->20->31->9	7	0.000983341639142	7
44	0.5125	5	0.694	0.011401754251	0.68	0.71	1.20666666667	1.23703125	1.23443380595	0.5709375	7.00098334164	0.634375	371	208.2	152	22->21->27->28->25->20->31->9	7	0.000983341639142	7
44	0.525	5	0.682	0.018043158137	0.656666666667	0.7	1.17666666667	1.223125	1.20278165707	0.579375	7.00098334164	0.64375	361	204.6	146.8	22->21->27->28->25->20->31->9	7	0.000983341639142	7
44	0.5375	5	0.682	0.0126051136008	0.67	0.703333333333	1.14666666667	1.20828125	1.1711295082	0.5878125	7.00098334164	0.653125	352	204.6	137.6	22->21->27->28->25->20->31->9	7	0.000983341639142	7
44	0.55	5	0.674666666667	0.0394827669862	0.62	0.713333333333	1.11333333333	1.1925	1.13947735933	0.59625	7.00098334164	0.6625	342	202.4	130.4	22->21->27->28->25->20->31->9	7	0.000983341639142	7
44	0.5625	5	0.664	0.0160554594384	0.636666666667	0.676666666667	1.08333333333	1.17578125	1.10782521046	0.6046875	7.00098334164	0.671875	333	199.2	125	22->21->27->28->25->20->31->9	7	0.000983341639142	7
44	0.575	5	0.647333333333	0.0425179700571	0.606666666667	0.71	1.05333333333	1.158125	1.07617306159	0.613125	7.00098334164	0.68125	323	194.2	120.8	22->21->27->28->25->20->31->9	7	0.000983341639142	7
44	0.5875	5	0.626	0.00722649446289	0.62	0.636666666667	1.02333333333	1.13953125	1.04452091272	0.6215625	7.00098334164	0.690625	314	187.8	117.6	22->21->27->28->25->20->31->9	7	0.000983341639142	7
44	0.6	5	0.597333333333	0.0295710068216	0.546666666667	0.62	0.99	1.12	1.01286876385	0.63	7.00098334164	0.7	304	179.2	116.6	22->21->27->28->25->20->31->9	7	0.000983341639142	7
44	0.6125	5	0.591333333333	0.026624967397	0.553333333333	0.613333333333	0.96	1.09953125	0.981216614982	0.6384375	7.00098334164	0.709375	295	177.4	109.6	22->21->27->28->25->20->31->9	7	0.000983341639142	7
44	0.625	5	0.607333333333	0.0215251790546	0.573333333333	0.63	0.93	1.078125	0.949564466112	0.646875	7.00098334164	0.71875	285	182.2	96	22->21->27->28->25->20->31->9	7	0.000983341639142	7
44	0.6375	5	0.588666666667	0.0353238981113	0.546666666667	0.623333333333	0.896666666667	1.05578125	0.917912317241	0.6553125	7.00098334164	0.728125	276	176.6	92	22->21->27->28->25->20->31->9	7	0.000983341639142	7
44	0.65	5	0.579333333333	0.0168983891408	0.56	0.596666666667	0.866666666667	1.0325	0.886260168371	0.66375	7.00098334164	0.7375	266	173.8	85.8	22->21->27->28->25->20->31->9	7	0.000983341639142	7
44	0.6625	5	0.580666666667	0.0190613046073	0.556666666667	0.596666666667	0.836666666667	1.00828125	0.854608019501	0.6721875	7.00098334164	0.746875	257	174.2	76	22->21->27->28->25->20->31->9	7	0.000983341639142	7
44	0.675	5	0.55	0.0229734145868	0.516666666667	0.573333333333	0.806666666667	0.983125	0.82295587063	0.680625	7.00098334164	0.75625	247	165	76	22->21->27->28->25->20->31->9	7	0.000983341639142	7
44	0.6875	5	0.518666666667	0.0279483650883	0.483333333333	0.553333333333	0.773333333333	0.95703125	0.79130372176	0.6890625	7.00098334164	0.765625	238	155.6	75.6	22->21->27->28->25->20->31->9	7	0.000983341639142	7
44	0.7	5	0.526	0.0336154726279	0.486666666667	0.576666666667	0.743333333333	0.93	0.759651572889	0.6975	7.00098334164	0.775	228	157.8	65.2	22->21->27->28->25->20->31->9	7	0.000983341639142	7
44	0.7125	5	0.515333333333	0.0229249984854	0.476666666667	0.536666666667	0.713333333333	0.90203125	0.727999424019	0.7059375	7.00098334164	0.784375	219	154.6	58.8	22->21->27->28->25->20->31->9	7	0.000983341639142	7
44	0.725	5	0.487333333333	0.0266040932523	0.45	0.523333333333	0.683333333333	0.873125	0.696347275149	0.714375	7.00098334164	0.79375	209	146.2	57.6	22->21->27->28->25->20->31->9	7	0.000983341639142	7
44	0.7375	5	0.488	0.0144529889258	0.47	0.503333333333	0.65	0.84328125	0.664695126278	0.7228125	7.00098334164	0.803125	200	146.4	48.4	22->21->27->28->25->20->31->9	7	0.000983341639142	7
44	0.75	5	0.443333333333	0.0265622957508	0.413333333333	0.476666666667	0.62	0.8125	0.633042977408	0.73125	7.00098334164	0.8125	190	133	52.6	22->21->27->28->25->20->31->9	7	0.000983341639142	7
44	0.7625	5	0.448	0.0293068061871	0.396666666667	0.466666666667	0.59	0.78078125	0.601390828537	0.7396875	7.00098334164	0.821875	181	134.4	42.4	22->21->27->28->25->20->31->9	7	0.000983341639142	7
44	0.775	5	0.402666666667	0.00494413232473	0.396666666667	0.41	0.556666666667	0.748125	0.569738679667	0.748125	7.00098334164	0.83125	171	120.8	46	22->21->27->28->25->20->31->9	7	0.000983341639142	7
44	0.7875	5	0.406666666667	0.0249443825785	0.383333333333	0.436666666667	0.526666666667	0.71453125	0.538086530797	0.7565625	7.00098334164	0.840625	162	122	35.8	22->21->27->28->25->20->31->9	7	0.000983341639142	7
44	0.8	5	0.392	0.00767390962215	0.383333333333	0.4	0.496666666667	0.68	0.506434381926	0.765	7.00098334164	0.85	152	117.6	31	22->21->27->28->25->20->31->9	7	0.000983341639142	7
44	0.8125	5	0.354	0.02086996779	0.333333333333	0.386666666667	0.466666666667	0.64453125	0.474782233056	0.7734375	7.00098334164	0.859375	143	106.2	33.6	22->21->27->28->25->20->31->9	7	0.000983341639142	7
44	0.825	5	0.337333333333	0.00494413232473	0.33	0.343333333333	0.433333333333	0.608125	0.443130084185	0.781875	7.00098334164	0.86875	133	101.2	28.4	22->21->27->28->25->20->31->9	7	0.000983341639142	7
44	0.8375	5	0.321333333333	0.0116904519445	0.303333333333	0.333333333333	0.403333333333	0.57078125	0.411477935315	0.7903125	7.00098334164	0.878125	124	96.4	24.4	22->21->27->28->25->20->31->9	7	0.000983341639142	7
44	0.85	5	0.291333333333	0.0199443670689	0.266666666667	0.313333333333	0.373333333333	0.5325	0.379825786445	0.79875	7.00098334164	0.8875	114	87.4	24.2	22->21->27->28->25->20->31->9	7	0.000983341639142	7
44	0.8625	5	0.282	0.010434983895	0.266666666667	0.293333333333	0.343333333333	0.49328125	0.348173637574	0.8071875	7.00098334164	0.896875	105	84.6	18.2	22->21->27->28->25->20->31->9	7	0.000983341639142	7
44	0.875	5	0.261333333333	0.0112051575426	0.243333333333	0.273333333333	0.31	0.453125	0.316521488704	0.815625	7.00098334164	0.90625	95	78.4	14.6	22->21->27->28->25->20->31->9	7	0.000983341639142	7
44	0.8875	5	0.230666666667	0.00894427191	0.22	0.24	0.28	0.41203125	0.284869339834	0.8240625	7.00098334164	0.915625	86	69.2	14.4	22->21->27->28->25->20->31->9	7	0.000983341639142	7
44	0.9	5	0.218	0.0073029674334	0.213333333333	0.23	0.25	0.37	0.253217190963	0.8325	7.00098334164	0.925	76	65.4	9.4	22->21->27->28->25->20->31->9	7	0.000983341639142	7
44	0.9125	5	0.176	0.0132077418374	0.156666666667	0.19	0.216666666667	0.32703125	0.221565042093	0.8409375	7.00098334164	0.934375	67	52.8	12.2	22->21->27->28->25->20->31->9	7	0.000983341639142	7
44	0.925	5	0.169333333333	0.0043461349368	0.163333333333	0.173333333333	0.186666666667	0.283125	0.189912893222	0.849375	7.00098334164	0.94375	57	50.8	5.2	22->21->27->28->25->20->31->9	7	0.000983341639142	7
44	0.9375	5	0.131333333333	0.004472135955	0.126666666667	0.136666666667	0.156666666667	0.23828125	0.158260744352	0.8578125	7.00098334164	0.953125	48	39.4	7.4	22->21->27->28->25->20->31->9	7	0.000983341639142	7
44	0.95	5	0.115333333333	0.00380058475033	0.11	0.12	0.126666666667	0.1925	0.126608595482	0.86625	7.00098334164	0.9625	38	34.6	3.4	22->21->27->28->25->20->31->9	7	0.000983341639142	7
44	0.9625	5	0.084	0.00547722557505	0.08	0.09	0.0933333333333	0.14578125	0.0949564466112	0.8746875	7.00098334164	0.971875	29	25.2	2.8	22->21->27->28->25->20->31->9	7	0.000983341639142	7
44	0.975	5	0.06	0.00333333333333	0.0566666666667	0.0633333333333	0.0633333333333	0.098125	0.0633042977408	0.883125	7.00098334164	0.98125	19	18	1	22->21->27->28->25->20->31->9	7	0.000983341639142	7
44	0.9875	5	0.0306666666667	0.001490711985	0.03	0.0333333333333	0.0333333333333	0.04953125	0.0316521488704	0.8915625	7.00098334164	0.990625	10	9.2	0.8	22->21->27->28->25->20->31->9	7	0.000983341639142	7
48	0.0125	5	0.560666666667	0.0326938662273	0.523333333333	0.606666666667	2.44333333333	1.02453125	2.50051976076	0.2334375	7.00098334164	0.259375	751	168.2	559.4	22->21->27->28->25->20->31->9	7	0.000983341639142	7
48	0.025	5	0.56	0.0325747004762	0.52	0.603333333333	2.41333333333	1.048125	2.46886761189	0.241875	7.00098334164	0.26875	741	168	549.6	22->21->27->28->25->20->31->9	7	0.000983341639142	7
48	0.0375	5	0.609333333333	0.0306775343062	0.586666666667	0.663333333333	2.38333333333	1.07078125	2.43721546302	0.2503125	7.00098334164	0.278125	732	182.8	525.6	22->21->27->28->25->20->31->9	7	0.000983341639142	7
48	0.05	5	0.603333333333	0.0276887462099	0.573333333333	0.646666666667	2.35	1.0925	2.40556331415	0.25875	7.00098334164	0.2875	722	181	518.4	22->21->27->28->25->20->31->9	7	0.000983341639142	7
48	0.0625	5	0.608	0.0377565299724	0.546666666667	0.643333333333	2.32	1.11328125	2.37391116528	0.2671875	7.00098334164	0.296875	713	182.4	508.6	22->21->27->28->25->20->31->9	7	0.000983341639142	7
48	0.075	5	0.62	0.0359010987142	0.576666666667	0.656666666667	2.29	1.133125	2.34225901641	0.275625	7.00098334164	0.30625	703	186	496.4	22->21->27->28->25->20->31->9	7	0.000983341639142	7
48	0.0875	5	0.616	0.0307679486912	0.576666666667	0.656666666667	2.26	1.15203125	2.31060686754	0.2840625	7.00098334164	0.315625	694	184.8	488.4	22->21->27->28->25->20->31->9	7	0.000983341639142	7
48	0.1	5	0.623333333333	0.0399304951689	0.58	0.673333333333	2.22666666667	1.17	2.27895471867	0.2925	7.00098334164	0.325	684	187	475.4	22->21->27->28->25->20->31->9	7	0.000983341639142	7
48	0.1125	5	0.672	0.0346890953087	0.63	0.706666666667	2.19666666667	1.18703125	2.2473025698	0.3009375	7.00098334164	0.334375	675	201.6	452.8	22->21->27->28->25->20->31->9	7	0.000983341639142	7
48	0.125	5	0.664	0.0334497965448	0.633333333333	0.7	2.16666666667	1.203125	2.21565042093	0.309375	7.00098334164	0.34375	665	199.2	446	22->21->27->28->25->20->31->9	7	0.000983341639142	7
48	0.1375	5	0.667333333333	0.0493513480622	0.61	0.72	2.13333333333	1.21828125	2.18399827206	0.3178125	7.00098334164	0.353125	656	200.2	435.8	22->21->27->28->25->20->31->9	7	0.000983341639142	7
48	0.15	5	0.682666666667	0.0472228758127	0.633333333333	0.756666666667	2.10333333333	1.2325	2.15234612319	0.32625	7.00098334164	0.3625	646	204.8	422.2	22->21->27->28->25->20->31->9	7	0.000983341639142	7
48	0.1625	5	0.707333333333	0.0121106014164	0.696666666667	0.723333333333	2.07333333333	1.24578125	2.12069397432	0.3346875	7.00098334164	0.371875	637	212.2	406.2	22->21->27->28->25->20->31->9	7	0.000983341639142	7
48	0.175	5	0.694	0.0349125892607	0.65	0.736666666667	2.04333333333	1.258125	2.08904182545	0.343125	7.00098334164	0.38125	627	208.2	399.4	22->21->27->28->25->20->31->9	7	0.000983341639142	7
48	0.1875	5	0.724	0.0229007520498	0.706666666667	0.763333333333	2.01	1.26953125	2.05738967658	0.3515625	7.00098334164	0.390625	618	217.2	381	22->21->27->28->25->20->31->9	7	0.000983341639142	7
48	0.2	5	0.726666666667	0.0341565025533	0.69	0.776666666667	1.98	1.28	2.02573752771	0.36	7.00098334164	0.4	608	218	372.6	22->21->27->28->25->20->31->9	7	0.000983341639142	7
48	0.2125	5	0.736666666667	0.0210818510678	0.7	0.753333333333	1.95	1.28953125	1.99408537883	0.3684375	7.00098334164	0.409375	599	221	359.8	22->21->27->28->25->20->31->9	7	0.000983341639142	7
48	0.225	5	0.75	0.0510990323892	0.68	0.806666666667	1.91666666667	1.298125	1.96243322996	0.376875	7.00098334164	0.41875	589	225	346.8	22->21->27->28->25->20->31->9	7	0.000983341639142	7
48	0.2375	5	0.712666666667	0.0344318973563	0.683333333333	0.766666666667	1.88666666667	1.30578125	1.93078108109	0.3853125	7.00098334164	0.428125	580	213.8	348.8	22->21->27->28->25->20->31->9	7	0.000983341639142	7
48	0.25	5	0.726	0.023967570683	0.696666666667	0.76	1.85666666667	1.3125	1.89912893222	0.39375	7.00098334164	0.4375	570	217.8	335.2	22->21->27->28->25->20->31->9	7	0.000983341639142	7
48	0.2625	5	0.743333333333	0.0470224532656	0.676666666667	0.806666666667	1.82666666667	1.31828125	1.86747678335	0.4021875	7.00098334164	0.446875	561	223	321.8	22->21->27->28->25->20->31->9	7	0.000983341639142	7
48	0.275	5	0.754	0.0370735005691	0.716666666667	0.803333333333	1.79333333333	1.323125	1.83582463448	0.410625	7.00098334164	0.45625	551	226.2	309	22->21->27->28->25->20->31->9	7	0.000983341639142	7
48	0.2875	5	0.712666666667	0.0584712654976	0.613333333333	0.763333333333	1.76333333333	1.32703125	1.80417248561	0.4190625	7.00098334164	0.465625	542	213.8	312	22->21->27->28->25->20->31->9	7	0.000983341639142	7
48	0.3	5	0.741333333333	0.0441965307836	0.696666666667	0.813333333333	1.73333333333	1.33	1.77252033674	0.4275	7.00098334164	0.475	532	222.4	295	22->21->27->28->25->20->31->9	7	0.000983341639142	7
48	0.3125	5	0.71	0.0379326889225	0.67	0.746666666667	1.70333333333	1.33203125	1.74086818787	0.4359375	7.00098334164	0.484375	523	213	294.2	22->21->27->28->25->20->31->9	7	0.000983341639142	7
48	0.325	5	0.728666666667	0.0571353169628	0.653333333333	0.8	1.67	1.333125	1.709216039	0.444375	7.00098334164	0.49375	513	218.6	280	22->21->27->28->25->20->31->9	7	0.000983341639142	7
48	0.333333333333	5	0.724666666667	0.0347690794943	0.68	0.773333333333	1.65	1.33333333333	1.68811460642	0.45	7.00098334164	0.5	507	217.4	274.8	22->21->27->28->25->20->31->9	7	0.000983341639142	7
48	0.3375	5	0.738666666667	0.0374610909256	0.693333333333	0.783333333333	1.64	1.33328125	1.67756389013	0.4528125	7.00098334164	0.503125	504	221.6	267.2	22->21->27->28->25->20->31->9	7	0.000983341639142	7
48	0.35	5	0.728666666667	0.0477609789589	0.673333333333	0.79	1.61	1.3325	1.64591174126	0.46125	7.00098334164	0.5125	494	218.6	261.8	22->21->27->28->25->20->31->9	7	0.000983341639142	7
48	0.3625	5	0.732	0.0195220672858	0.713333333333	0.756666666667	1.57666666667	1.33078125	1.61425959239	0.4696875	7.00098334164	0.521875	485	219.6	251.2	22->21->27->28->25->20->31->9	7	0.000983341639142	7
48	0.375	5	0.725333333333	0.0441965307839	0.676666666667	0.783333333333	1.54666666667	1.328125	1.58260744352	0.478125	7.00098334164	0.53125	475	217.6	243.6	22->21->27->28->25->20->31->9	7	0.000983341639142	7
48	0.3875	5	0.726666666667	0.0330823887355	0.683333333333	0.77	1.51666666667	1.32453125	1.55095529465	0.4865625	7.00098334164	0.540625	466	218	234.6	22->21->27->28->25->20->31->9	7	0.000983341639142	7
48	0.4	5	0.722	0.0193792558051	0.7	0.74	1.48666666667	1.32	1.51930314578	0.495	7.00098334164	0.55	456	216.6	227.8	22->21->27->28->25->20->31->9	7	0.000983341639142	7
48	0.4125	5	0.711333333333	0.0438811526234	0.656666666667	0.766666666667	1.45333333333	1.31453125	1.48765099691	0.5034375	7.00098334164	0.559375	447	213.4	221	22->21->27->28->25->20->31->9	7	0.000983341639142	7
48	0.425	5	0.7	0.0348010216964	0.646666666667	0.743333333333	1.42333333333	1.308125	1.45599884804	0.511875	7.00098334164	0.56875	437	210	215	22->21->27->28->25->20->31->9	7	0.000983341639142	7
48	0.4375	5	0.733333333333	0.0333333333333	0.7	0.776666666667	1.39333333333	1.30078125	1.42434669917	0.5203125	7.00098334164	0.578125	428	220	195.2	22->21->27->28->25->20->31->9	7	0.000983341639142	7
48	0.45	5	0.732666666666	0.014794894014	0.72	0.753333333333	1.36333333333	1.2925	1.3926945503	0.52875	7.00098334164	0.5875	418	219.8	186.6	22->21->27->28->25->20->31->9	7	0.000983341639142	7
48	0.4625	5	0.696666666667	0.0275882422621	0.656666666667	0.723333333333	1.33	1.28328125	1.36104240143	0.5371875	7.00098334164	0.596875	409	209	188.4	22->21->27->28->25->20->31->9	7	0.000983341639142	7
48	0.475	5	0.709333333333	0.0157056253192	0.69	0.73	1.3	1.273125	1.32939025256	0.545625	7.00098334164	0.60625	399	212.8	176	22->21->27->28->25->20->31->9	7	0.000983341639142	7
48	0.4875	5	0.718666666667	0.028047578624	0.683333333333	0.746666666667	1.27	1.26203125	1.29773810369	0.5540625	7.00098334164	0.615625	390	215.6	163	22->21->27->28->25->20->31->9	7	0.000983341639142	7
48	0.5	5	0.711333333333	0.0140633487399	0.69	0.726666666667	1.23666666667	1.25	1.26608595482	0.5625	7.00098334164	0.625	380	213.4	156.6	22->21->27->28->25->20->31->9	7	0.000983341639142	7
48	0.5125	5	0.695333333333	0.0177325814377	0.676666666667	0.716666666667	1.20666666667	1.23703125	1.23443380595	0.5709375	7.00098334164	0.634375	371	208.6	152.2	22->21->27->28->25->20->31->9	7	0.000983341639142	7
48	0.525	5	0.658666666667	0.0440706503494	0.61	0.71	1.17666666667	1.223125	1.20278165707	0.579375	7.00098334164	0.64375	361	197.6	153.4	22->21->27->28->25->20->31->9	7	0.000983341639142	7
48	0.5375	5	0.672	0.032540572965	0.633333333333	0.71	1.14666666667	1.20828125	1.1711295082	0.5878125	7.00098334164	0.653125	352	201.6	140.4	22->21->27->28->25->20->31->9	7	0.000983341639142	7
48	0.55	5	0.656	0.015881505666	0.64	0.68	1.11333333333	1.1925	1.13947735933	0.59625	7.00098334164	0.6625	342	196.8	135.8	22->21->27->28->25->20->31->9	7	0.000983341639142	7
48	0.5625	5	0.640666666667	0.0168983891408	0.623333333333	0.663333333333	1.08333333333	1.17578125	1.10782521046	0.6046875	7.00098334164	0.671875	333	192.2	132.2	22->21->27->28->25->20->31->9	7	0.000983341639142	7
48	0.575	5	0.656666666667	0.0243812313972	0.623333333333	0.686666666667	1.05333333333	1.158125	1.07617306159	0.613125	7.00098334164	0.68125	323	197	118.2	22->21->27->28->25->20->31->9	7	0.000983341639142	7
48	0.5875	5	0.625333333333	0.0317630113322	0.58	0.66	1.02333333333	1.13953125	1.04452091272	0.6215625	7.00098334164	0.690625	314	187.6	118	22->21->27->28->25->20->31->9	7	0.000983341639142	7
48	0.6	5	0.602	0.0315876206411	0.546666666667	0.626666666667	0.99	1.12	1.01286876385	0.63	7.00098334164	0.7	304	180.6	115.4	22->21->27->28->25->20->31->9	7	0.000983341639142	7
48	0.6125	5	0.613333333333	0.0177951304201	0.586666666667	0.633333333333	0.96	1.09953125	0.981216614982	0.6384375	7.00098334164	0.709375	295	184	103.2	22->21->27->28->25->20->31->9	7	0.000983341639142	7
48	0.625	5	0.602	0.018043158137	0.576666666667	0.626666666667	0.93	1.078125	0.949564466112	0.646875	7.00098334164	0.71875	285	180.6	98.2	22->21->27->28->25->20->31->9	7	0.000983341639142	7
48	0.6375	5	0.577333333333	0.0153478192443	0.56	0.596666666667	0.896666666667	1.05578125	0.917912317241	0.6553125	7.00098334164	0.728125	276	173.2	94.8	22->21->27->28->25->20->31->9	7	0.000983341639142	7
48	0.65	5	0.576666666667	0.00781735959946	0.566666666667	0.583333333333	0.866666666667	1.0325	0.886260168371	0.66375	7.00098334164	0.7375	266	173	86.4	22->21->27->28->25->20->31->9	7	0.000983341639142	7
48	0.6625	5	0.573333333333	0.0229734145868	0.546666666667	0.606666666667	0.836666666667	1.00828125	0.854608019501	0.6721875	7.00098334164	0.746875	257	172	77.6	22->21->27->28->25->20->31->9	7	0.000983341639142	7
48	0.675	5	0.546	0.0158815056661	0.526666666667	0.566666666667	0.806666666667	0.983125	0.82295587063	0.680625	7.00098334164	0.75625	247	163.8	77.8	22->21->27->28->25->20->31->9	7	0.000983341639142	7
48	0.6875	5	0.535333333333	0.0160900245149	0.516666666667	0.553333333333	0.773333333333	0.95703125	0.79130372176	0.6890625	7.00098334164	0.765625	238	160.6	70.6	22->21->27->28->25->20->31->9	7	0.000983341639142	7
48	0.7	5	0.526666666667	0.00881917103713	0.513333333333	0.536666666667	0.743333333333	0.93	0.759651572889	0.6975	7.00098334164	0.775	228	158	64.8	22->21->27->28->25->20->31->9	7	0.000983341639142	7
48	0.7125	5	0.524	0.0260768096208	0.496666666667	0.55	0.713333333333	0.90203125	0.727999424019	0.7059375	7.00098334164	0.784375	219	157.2	56.4	22->21->27->28->25->20->31->9	7	0.000983341639142	7
48	0.725	5	0.48	0.0243812313972	0.443333333333	0.506666666667	0.683333333333	0.873125	0.696347275149	0.714375	7.00098334164	0.79375	209	144	60.2	22->21->27->28->25->20->31->9	7	0.000983341639142	7
48	0.7375	5	0.480666666667	0.0177012240631	0.46	0.506666666667	0.65	0.84328125	0.664695126278	0.7228125	7.00098334164	0.803125	200	144.2	50	22->21->27->28->25->20->31->9	7	0.000983341639142	7
48	0.75	5	0.460666666667	0.0116428327976	0.446666666667	0.473333333333	0.62	0.8125	0.633042977408	0.73125	7.00098334164	0.8125	190	138.2	47.6	22->21->27->28->25->20->31->9	7	0.000983341639142	7
48	0.7625	5	0.424666666667	0.0146439217577	0.41	0.443333333333	0.59	0.78078125	0.601390828537	0.7396875	7.00098334164	0.821875	181	127.4	49.4	22->21->27->28->25->20->31->9	7	0.000983341639142	7
48	0.775	5	0.411333333333	0.01192569588	0.396666666667	0.426666666667	0.556666666667	0.748125	0.569738679667	0.748125	7.00098334164	0.83125	171	123.4	43.2	22->21->27->28->25->20->31->9	7	0.000983341639142	7
48	0.7875	5	0.414666666667	0.0086922698736	0.403333333333	0.426666666667	0.526666666667	0.71453125	0.538086530797	0.7565625	7.00098334164	0.840625	162	124.4	33.4	22->21->27->28->25->20->31->9	7	0.000983341639142	7
48	0.8	5	0.373333333333	0.0152752523165	0.35	0.39	0.496666666667	0.68	0.506434381926	0.765	7.00098334164	0.85	152	112	36.4	22->21->27->28->25->20->31->9	7	0.000983341639142	7
48	0.8125	5	0.363333333333	0.0190029237517	0.336666666667	0.38	0.466666666667	0.64453125	0.474782233056	0.7734375	7.00098334164	0.859375	143	109	30.6	22->21->27->28->25->20->31->9	7	0.000983341639142	7
48	0.825	5	0.348666666667	0.0121563883525	0.333333333333	0.366666666667	0.433333333333	0.608125	0.443130084185	0.781875	7.00098334164	0.86875	133	104.6	25	22->21->27->28->25->20->31->9	7	0.000983341639142	7
48	0.8375	5	0.308666666667	0.0187971629065	0.28	0.33	0.403333333333	0.57078125	0.411477935315	0.7903125	7.00098334164	0.878125	124	92.6	27.8	22->21->27->28->25->20->31->9	7	0.000983341639142	7
48	0.85	5	0.286666666667	0.0139443337757	0.27	0.3	0.373333333333	0.5325	0.379825786445	0.79875	7.00098334164	0.8875	114	86	25.6	22->21->27->28->25->20->31->9	7	0.000983341639142	7
48	0.8625	5	0.274	0.013416407865	0.26	0.29	0.343333333333	0.49328125	0.348173637574	0.8071875	7.00098334164	0.896875	105	82.2	20.2	22->21->27->28->25->20->31->9	7	0.000983341639142	7
48	0.875	5	0.256	0.0129957257931	0.233333333333	0.266666666667	0.31	0.453125	0.316521488704	0.815625	7.00098334164	0.90625	95	76.8	15.6	22->21->27->28->25->20->31->9	7	0.000983341639142	7
48	0.8875	5	0.229333333333	0.0036514837167	0.226666666667	0.233333333333	0.28	0.41203125	0.284869339834	0.8240625	7.00098334164	0.915625	86	68.8	14.6	22->21->27->28->25->20->31->9	7	0.000983341639142	7
48	0.9	5	0.204666666667	0.0167663684531	0.186666666667	0.223333333333	0.25	0.37	0.253217190963	0.8325	7.00098334164	0.925	76	61.4	13.6	22->21->27->28->25->20->31->9	7	0.000983341639142	7
48	0.9125	5	0.184666666667	0.00691214711778	0.176666666667	0.193333333333	0.216666666667	0.32703125	0.221565042093	0.8409375	7.00098334164	0.934375	67	55.4	9.6	22->21->27->28->25->20->31->9	7	0.000983341639142	7
48	0.925	5	0.166	0.0109036181559	0.146666666667	0.173333333333	0.186666666667	0.283125	0.189912893222	0.849375	7.00098334164	0.94375	57	49.8	6.2	22->21->27->28->25->20->31->9	7	0.000983341639142	7
48	0.9375	5	0.138666666667	0.00691214711778	0.133333333333	0.15	0.156666666667	0.23828125	0.158260744352	0.8578125	7.00098334164	0.953125	48	41.6	5.2	22->21->27->28->25->20->31->9	7	0.000983341639142	7
48	0.95	5	0.115333333333	0.00557773351015	0.11	0.123333333333	0.126666666667	0.1925	0.126608595482	0.86625	7.00098334164	0.9625	38	34.6	3.4	22->21->27->28->25->20->31->9	7	0.000983341639142	7
48	0.9625	5	0.086	0.00760116950066	0.0766666666667	0.0933333333333	0.0933333333333	0.14578125	0.0949564466112	0.8746875	7.00098334164	0.971875	29	25.8	2.2	22->21->27->28->25->20->31->9	7	0.000983341639142	7
48	0.975	5	0.0553333333333	0.00505525029603	0.05	0.0633333333333	0.0633333333333	0.098125	0.0633042977408	0.883125	7.00098334164	0.98125	19	16.6	2.4	22->21->27->28->25->20->31->9	7	0.000983341639142	7
48	0.9875	5	0.028	0.00505525029603	0.02	0.0333333333333	0.0333333333333	0.04953125	0.0316521488704	0.8915625	7.00098334164	0.990625	10	8.4	1.6	22->21->27->28->25->20->31->9	7	0.000983341639142	7
52	0.0125	5	0.56	0.0176383420738	0.536666666667	0.583333333333	2.44333333333	1.02453125	2.50051976076	0.2334375	7.00098334164	0.259375	751	168	560.4	22->21->27->28->25->20->31->9	7	0.000983341639142	7
52	0.025	5	0.613333333333	0.0339116499156	0.58	0.67	2.41333333333	1.048125	2.46886761189	0.241875	7.00098334164	0.26875	741	184	534.4	22->21->27->28->25->20->31->9	7	0.000983341639142	7
52	0.0375	5	0.576	0.0561446544403	0.513333333333	0.656666666667	2.38333333333	1.07078125	2.43721546302	0.2503125	7.00098334164	0.278125	732	172.8	536.8	22->21->27->28->25->20->31->9	7	0.000983341639142	7
52	0.05	5	0.602	0.0364081797891	0.573333333333	0.663333333333	2.35	1.0925	2.40556331415	0.25875	7.00098334164	0.2875	722	180.6	519.4	22->21->27->28->25->20->31->9	7	0.000983341639142	7
52	0.0625	5	0.594	0.0411231213688	0.526666666667	0.633333333333	2.32	1.11328125	2.37391116528	0.2671875	7.00098334164	0.296875	713	178.2	513	22->21->27->28->25->20->31->9	7	0.000983341639142	7
52	0.075	5	0.628	0.0170945085399	0.606666666667	0.643333333333	2.29	1.133125	2.34225901641	0.275625	7.00098334164	0.30625	703	188.4	492.4	22->21->27->28->25->20->31->9	7	0.000983341639142	7
52	0.0875	5	0.616	0.0118790197875	0.596666666667	0.626666666667	2.26	1.15203125	2.31060686754	0.2840625	7.00098334164	0.315625	694	184.8	488	22->21->27->28->25->20->31->9	7	0.000983341639142	7
52	0.1	5	0.660666666667	0.0518223461024	0.616666666667	0.726666666667	2.22666666667	1.17	2.27895471867	0.2925	7.00098334164	0.325	684	198.2	465.4	22->21->27->28->25->20->31->9	7	0.000983341639142	7
52	0.1125	5	0.638	0.0591889629351	0.58	0.706666666667	2.19666666667	1.18703125	2.2473025698	0.3009375	7.00098334164	0.334375	675	191.4	463	22->21->27->28->25->20->31->9	7	0.000983341639142	7
52	0.125	5	0.655333333333	0.0661899623139	0.603333333333	0.75	2.16666666667	1.203125	2.21565042093	0.309375	7.00098334164	0.34375	665	196.6	448.4	22->21->27->28->25->20->31->9	7	0.000983341639142	7
52	0.1375	5	0.658	0.0267290935956	0.623333333333	0.683333333333	2.13333333333	1.21828125	2.18399827206	0.3178125	7.00098334164	0.353125	656	197.4	437.8	22->21->27->28->25->20->31->9	7	0.000983341639142	7
52	0.15	5	0.674	0.0225339250415	0.64	0.703333333333	2.10333333333	1.2325	2.15234612319	0.32625	7.00098334164	0.3625	646	202.2	425	22->21->27->28->25->20->31->9	7	0.000983341639142	7
52	0.1625	5	0.684	0.0207364413533	0.65	0.703333333333	2.07333333333	1.24578125	2.12069397432	0.3346875	7.00098334164	0.371875	637	205.2	413	22->21->27->28->25->20->31->9	7	0.000983341639142	7
52	0.175	5	0.675333333333	0.0190904280844	0.66	0.706666666667	2.04333333333	1.258125	2.08904182545	0.343125	7.00098334164	0.38125	627	202.6	405.2	22->21->27->28->25->20->31->9	7	0.000983341639142	7
52	0.1875	5	0.687333333333	0.0360863162739	0.656666666667	0.73	2.01	1.26953125	2.05738967658	0.3515625	7.00098334164	0.390625	618	206.2	393.2	22->21->27->28->25->20->31->9	7	0.000983341639142	7
52	0.2	5	0.726666666667	0.0456435464588	0.666666666667	0.77	1.98	1.28	2.02573752771	0.36	7.00098334164	0.4	608	218	371.6	22->21->27->28->25->20->31->9	7	0.000983341639142	7
52	0.2125	5	0.715333333333	0.0258843582111	0.676666666667	0.746666666667	1.95	1.28953125	1.99408537883	0.3684375	7.00098334164	0.409375	599	214.6	366.2	22->21->27->28->25->20->31->9	7	0.000983341639142	7
52	0.225	5	0.724666666667	0.0380496751337	0.666666666667	0.77	1.91666666667	1.298125	1.96243322996	0.376875	7.00098334164	0.41875	589	217.4	353.6	22->21->27->28->25->20->31->9	7	0.000983341639142	7
52	0.2375	5	0.732666666667	0.0315700279801	0.696666666667	0.77	1.88666666667	1.30578125	1.93078108109	0.3853125	7.00098334164	0.428125	580	219.8	342.2	22->21->27->28->25->20->31->9	7	0.000983341639142	7
52	0.25	5	0.724666666667	0.0221860817231	0.7	0.75	1.85666666667	1.3125	1.89912893222	0.39375	7.00098334164	0.4375	570	217.4	335.2	22->21->27->28->25->20->31->9	7	0.000983341639142	7
52	0.2625	5	0.75	0.0359783885749	0.69	0.783333333333	1.82666666667	1.31828125	1.86747678335	0.4021875	7.00098334164	0.446875	561	225	319.6	22->21->27->28->25->20->31->9	7	0.000983341639142	7
52	0.275	5	0.71	0.046248123085	0.676666666667	0.79	1.79333333333	1.323125	1.83582463448	0.410625	7.00098334164	0.45625	551	213	321.6	22->21->27->28->25->20->31->9	7	0.000983341639142	7
52	0.2875	5	0.772	0.0263101163476	0.75	0.813333333333	1.76333333333	1.32703125	1.80417248561	0.4190625	7.00098334164	0.465625	542	231.6	294.8	22->21->27->28->25->20->31->9	7	0.000983341639142	7
52	0.3	5	0.712	0.0603047814577	0.63	0.793333333333	1.73333333333	1.33	1.77252033674	0.4275	7.00098334164	0.475	532	213.6	304	22->21->27->28->25->20->31->9	7	0.000983341639142	7
52	0.3125	5	0.744666666667	0.0386292922822	0.69	0.786666666667	1.70333333333	1.33203125	1.74086818787	0.4359375	7.00098334164	0.484375	523	223.4	284.8	22->21->27->28->25->20->31->9	7	0.000983341639142	7
52	0.325	5	0.760666666667	0.0330319710449	0.723333333333	0.806666666667	1.67	1.333125	1.709216039	0.444375	7.00098334164	0.49375	513	228.2	270.4	22->21->27->28->25->20->31->9	7	0.000983341639142	7
52	0.333333333333	5	0.746	0.0335327369066	0.686666666667	0.766666666667	1.65	1.33333333333	1.68811460642	0.45	7.00098334164	0.5	507	223.8	268	22->21->27->28->25->20->31->9	7	0.000983341639142	7
52	0.3375	5	0.734666666667	0.0391294149089	0.686666666667	0.783333333333	1.64	1.33328125	1.67756389013	0.4528125	7.00098334164	0.503125	504	220.4	269.6	22->21->27->28->25->20->31->9	7	0.000983341639142	7
52	0.35	5	0.754	0.0181659021246	0.73	0.776666666667	1.61	1.3325	1.64591174126	0.46125	7.00098334164	0.5125	494	226.2	254	22->21->27->28->25->20->31->9	7	0.000983341639142	7
52	0.3625	5	0.743333333333	0.0159861050777	0.726666666667	0.76	1.57666666667	1.33078125	1.61425959239	0.4696875	7.00098334164	0.521875	485	223	247.4	22->21->27->28->25->20->31->9	7	0.000983341639142	7
52	0.375	5	0.747333333333	0.011401754251	0.736666666667	0.766666666667	1.54666666667	1.328125	1.58260744352	0.478125	7.00098334164	0.53125	475	224.2	237.4	22->21->27->28->25->20->31->9	7	0.000983341639142	7
52	0.3875	5	0.735333333333	0.0369383871392	0.686666666667	0.78	1.51666666667	1.32453125	1.55095529465	0.4865625	7.00098334164	0.540625	466	220.6	232	22->21->27->28->25->20->31->9	7	0.000983341639142	7
52	0.4	5	0.729333333333	0.0473403750631	0.68	0.806666666667	1.48666666667	1.32	1.51930314578	0.495	7.00098334164	0.55	456	218.8	224.8	22->21->27->28->25->20->31->9	7	0.000983341639142	7
52	0.4125	5	0.712	0.0314112506384	0.686666666667	0.766666666667	1.45333333333	1.31453125	1.48765099691	0.5034375	7.00098334164	0.559375	447	213.6	220	22->21->27->28->25->20->31->9	7	0.000983341639142	7
52	0.425	5	0.702666666667	0.0213957420478	0.68	0.736666666667	1.42333333333	1.308125	1.45599884804	0.511875	7.00098334164	0.56875	437	210.8	214.4	22->21->27->28->25->20->31->9	7	0.000983341639142	7
52	0.4375	5	0.717333333333	0.0455460694731	0.646666666667	0.77	1.39333333333	1.30078125	1.42434669917	0.5203125	7.00098334164	0.578125	428	215.2	201.8	22->21->27->28->25->20->31->9	7	0.000983341639142	7
52	0.45	5	0.718666666667	0.0146439217577	0.7	0.736666666667	1.36333333333	1.2925	1.3926945503	0.52875	7.00098334164	0.5875	418	215.6	191	22->21->27->28->25->20->31->9	7	0.000983341639142	7
52	0.4625	5	0.716666666667	0.031534813214	0.686666666667	0.77	1.33	1.28328125	1.36104240143	0.5371875	7.00098334164	0.596875	409	215	181.6	22->21->27->28->25->20->31->9	7	0.000983341639142	7
52	0.475	5	0.696666666667	0.0335824027993	0.67	0.753333333333	1.3	1.273125	1.32939025256	0.545625	7.00098334164	0.60625	399	209	178.4	22->21->27->28->25->20->31->9	7	0.000983341639142	7
52	0.4875	5	0.725333333333	0.0457408157144	0.673333333333	0.793333333333	1.27	1.26203125	1.29773810369	0.5540625	7.00098334164	0.615625	390	217.6	160.8	22->21->27->28->25->20->31->9	7	0.000983341639142	7
52	0.5	5	0.686	0.0098319208025	0.676666666667	0.696666666667	1.23666666667	1.25	1.26608595482	0.5625	7.00098334164	0.625	380	205.8	163.4	22->21->27->28->25->20->31->9	7	0.000983341639142	7
52	0.5125	5	0.678	0.028732482586	0.643333333333	0.7	1.20666666667	1.23703125	1.23443380595	0.5709375	7.00098334164	0.634375	371	203.4	156.4	22->21->27->28->25->20->31->9	7	0.000983341639142	7
52	0.525	5	0.685333333333	0.0399722125705	0.65	0.743333333333	1.17666666667	1.223125	1.20278165707	0.579375	7.00098334164	0.64375	361	205.6	146.4	22->21->27->28->25->20->31->9	7	0.000983341639142	7
52	0.5375	5	0.689333333333	0.046272141847	0.633333333333	0.76	1.14666666667	1.20828125	1.1711295082	0.5878125	7.00098334164	0.653125	352	206.8	135.4	22->21->27->28->25->20->31->9	7	0.000983341639142	7
52	0.55	5	0.66	0.016996731712	0.64	0.676666666667	1.11333333333	1.1925	1.13947735933	0.59625	7.00098334164	0.6625	342	198	134.4	22->21->27->28->25->20->31->9	7	0.000983341639142	7
52	0.5625	5	0.660666666667	0.0165663648531	0.64	0.683333333333	1.08333333333	1.17578125	1.10782521046	0.6046875	7.00098334164	0.671875	333	198.2	126.4	22->21->27->28->25->20->31->9	7	0.000983341639142	7
52	0.575	5	0.636666666667	0.0429469957558	0.58	0.68	1.05333333333	1.158125	1.07617306159	0.613125	7.00098334164	0.68125	323	191	124	22->21->27->28->25->20->31->9	7	0.000983341639142	7
52	0.5875	5	0.643333333333	0.0309120616517	0.61	0.686666666667	1.02333333333	1.13953125	1.04452091272	0.6215625	7.00098334164	0.690625	314	193	112.4	22->21->27->28->25->20->31->9	7	0.000983341639142	7
52	0.6	5	0.622	0.025342103745	0.606666666667	0.666666666667	0.99	1.12	1.01286876385	0.63	7.00098334164	0.7	304	186.6	109	22->21->27->28->25->20->31->9	7	0.000983341639142	7
52	0.6125	5	0.622	0.0236408309687	0.59	0.646666666667	0.96	1.09953125	0.981216614982	0.6384375	7.00098334164	0.709375	295	186.6	100.8	22->21->27->28->25->20->31->9	7	0.000983341639142	7
52	0.625	5	0.602	0.0403870166156	0.546666666667	0.646666666667	0.93	1.078125	0.949564466112	0.646875	7.00098334164	0.71875	285	180.6	97.6	22->21->27->28->25->20->31->9	7	0.000983341639142	7
52	0.6375	5	0.582666666667	0.0098319208025	0.573333333333	0.596666666667	0.896666666667	1.05578125	0.917912317241	0.6553125	7.00098334164	0.728125	276	174.8	93.6	22->21->27->28->25->20->31->9	7	0.000983341639142	7
52	0.65	5	0.573333333333	0.0229734145868	0.543333333333	0.6	0.866666666667	1.0325	0.886260168371	0.66375	7.00098334164	0.7375	266	172	87.6	22->21->27->28->25->20->31->9	7	0.000983341639142	7
52	0.6625	5	0.538	0.0219342451685	0.51	0.563333333333	0.836666666667	1.00828125	0.854608019501	0.6721875	7.00098334164	0.746875	257	161.4	88.4	22->21->27->28->25->20->31->9	7	0.000983341639142	7
52	0.675	5	0.52	0.020138409956	0.5	0.553333333333	0.806666666667	0.983125	0.82295587063	0.680625	7.00098334164	0.75625	247	156	85.2	22->21->27->28->25->20->31->9	7	0.000983341639142	7
52	0.6875	5	0.515333333333	0.0229249984854	0.483333333333	0.536666666667	0.773333333333	0.95703125	0.79130372176	0.6890625	7.00098334164	0.765625	238	154.6	76.6	22->21->27->28->25->20->31->9	7	0.000983341639142	7
52	0.7	5	0.524	0.0160554594384	0.503333333333	0.546666666667	0.743333333333	0.93	0.759651572889	0.6975	7.00098334164	0.775	228	157.2	64.6	22->21->27->28->25->20->31->9	7	0.000983341639142	7
52	0.7125	5	0.499333333333	0.0111554670205	0.48	0.506666666667	0.713333333333	0.90203125	0.727999424019	0.7059375	7.00098334164	0.784375	219	149.8	63.2	22->21->27->28->25->20->31->9	7	0.000983341639142	7
52	0.725	5	0.489333333333	0.0270185121722	0.46	0.52	0.683333333333	0.873125	0.696347275149	0.714375	7.00098334164	0.79375	209	146.8	57.8	22->21->27->28->25->20->31->9	7	0.000983341639142	7
52	0.7375	5	0.482	0.0218072363117	0.453333333333	0.506666666667	0.65	0.84328125	0.664695126278	0.7228125	7.00098334164	0.803125	200	144.6	50.4	22->21->27->28->25->20->31->9	7	0.000983341639142	7
52	0.75	5	0.468666666667	0.0321973083761	0.43	0.516666666667	0.62	0.8125	0.633042977408	0.73125	7.00098334164	0.8125	190	140.6	45.2	22->21->27->28->25->20->31->9	7	0.000983341639142	7
52	0.7625	5	0.432	0.0198046010367	0.416666666667	0.463333333333	0.59	0.78078125	0.601390828537	0.7396875	7.00098334164	0.821875	181	129.6	46.6	22->21->27->28->25->20->31->9	7	0.000983341639142	7
52	0.775	5	0.424	0.0111554670205	0.406666666667	0.436666666667	0.556666666667	0.748125	0.569738679667	0.748125	7.00098334164	0.83125	171	127.2	39.6	22->21->27->28->25->20->31->9	7	0.000983341639142	7
52	0.7875	5	0.393333333333	0.0174801474695	0.373333333333	0.413333333333	0.526666666667	0.71453125	0.538086530797	0.7565625	7.00098334164	0.840625	162	118	39.4	22->21->27->28->25->20->31->9	7	0.000983341639142	7
52	0.8	5	0.378666666667	0.0224350915606	0.346666666667	0.403333333333	0.496666666667	0.68	0.506434381926	0.765	7.00098334164	0.85	152	113.6	35	22->21->27->28->25->20->31->9	7	0.000983341639142	7
52	0.8125	5	0.368666666667	0.0221860817231	0.346666666667	0.4	0.466666666667	0.64453125	0.474782233056	0.7734375	7.00098334164	0.859375	143	110.6	29	22->21->27->28->25->20->31->9	7	0.000983341639142	7
52	0.825	5	0.336	0.00954521404218	0.323333333333	0.346666666667	0.433333333333	0.608125	0.443130084185	0.781875	7.00098334164	0.86875	133	100.8	29	22->21->27->28->25->20->31->9	7	0.000983341639142	7
52	0.8375	5	0.319333333333	0.0180123414481	0.296666666667	0.343333333333	0.403333333333	0.57078125	0.411477935315	0.7903125	7.00098334164	0.878125	124	95.8	24.6	22->21->27->28->25->20->31->9	7	0.000983341639142	7
52	0.85	5	0.307333333333	0.018767584347	0.28	0.323333333333	0.373333333333	0.5325	0.379825786445	0.79875	7.00098334164	0.8875	114	92.2	19.4	22->21->27->28->25->20->31->9	7	0.000983341639142	7
52	0.8625	5	0.261333333333	0.0109544511501	0.246666666667	0.273333333333	0.343333333333	0.49328125	0.348173637574	0.8071875	7.00098334164	0.896875	105	78.4	24	22->21->27->28->25->20->31->9	7	0.000983341639142	7
52	0.875	5	0.25	0.0120185042515	0.233333333333	0.266666666667	0.31	0.453125	0.316521488704	0.815625	7.00098334164	0.90625	95	75	17.8	22->21->27->28->25->20->31->9	7	0.000983341639142	7
52	0.8875	5	0.234666666667	0.0116904519445	0.223333333333	0.253333333333	0.28	0.41203125	0.284869339834	0.8240625	7.00098334164	0.915625	86	70.4	13.6	22->21->27->28->25->20->31->9	7	0.000983341639142	7
52	0.9	5	0.206666666667	0.00942809041582	0.2	0.223333333333	0.25	0.37	0.253217190963	0.8325	7.00098334164	0.925	76	62	12.6	22->21->27->28->25->20->31->9	7	0.000983341639142	7
52	0.9125	5	0.178666666667	0.00557773351023	0.17	0.183333333333	0.216666666667	0.32703125	0.221565042093	0.8409375	7.00098334164	0.934375	67	53.6	11.4	22->21->27->28->25->20->31->9	7	0.000983341639142	7
52	0.925	5	0.156666666667	0.00408248290464	0.153333333333	0.163333333333	0.186666666667	0.283125	0.189912893222	0.849375	7.00098334164	0.94375	57	47	9	22->21->27->28->25->20->31->9	7	0.000983341639142	7
52	0.9375	5	0.13	0.0122474487139	0.116666666667	0.146666666667	0.156666666667	0.23828125	0.158260744352	0.8578125	7.00098334164	0.953125	48	39	8	22->21->27->28->25->20->31->9	7	0.000983341639142	7
52	0.95	5	0.11	0.00707106781187	0.103333333333	0.12	0.126666666667	0.1925	0.126608595482	0.86625	7.00098334164	0.9625	38	33	4.8	22->21->27->28->25->20->31->9	7	0.000983341639142	7
52	0.9625	5	0.08	0.00408248290464	0.0733333333333	0.0833333333333	0.0933333333333	0.14578125	0.0949564466112	0.8746875	7.00098334164	0.971875	29	24	4	22->21->27->28->25->20->31->9	7	0.000983341639142	7
52	0.975	5	0.0533333333333	0.00408248290464	0.0466666666667	0.0566666666667	0.0633333333333	0.098125	0.0633042977408	0.883125	7.00098334164	0.98125	19	16	3	22->21->27->28->25->20->31->9	7	0.000983341639142	7
52	0.9875	5	0.0306666666667	0.00278886675511	0.0266666666667	0.0333333333333	0.0333333333333	0.04953125	0.0316521488704	0.8915625	7.00098334164	0.990625	10	9.2	0.8	22->21->27->28->25->20->31->9	7	0.000983341639142	7
56	0.0125	5	0.58	0.0373422608373	0.533333333333	0.636666666667	2.44333333333	1.02453125	2.50051976076	0.2334375	7.00098334164	0.259375	751	174	554.6	22->21->27->28->25->20->31->9	7	0.000983341639142	7
56	0.025	5	0.592666666667	0.05392381457	0.503333333333	0.65	2.41333333333	1.048125	2.46886761189	0.241875	7.00098334164	0.26875	741	177.8	540.2	22->21->27->28->25->20->31->9	7	0.000983341639142	7
56	0.0375	5	0.603333333333	0.0252762514802	0.563333333333	0.633333333333	2.38333333333	1.07078125	2.43721546302	0.2503125	7.00098334164	0.278125	732	181	528.2	22->21->27->28->25->20->31->9	7	0.000983341639142	7
56	0.05	5	0.609333333333	0.02385139176	0.573333333333	0.633333333333	2.35	1.0925	2.40556331415	0.25875	7.00098334164	0.2875	722	182.8	517.2	22->21->27->28->25->20->31->9	7	0.000983341639142	7
56	0.0625	5	0.613333333333	0.016996731712	0.593333333333	0.636666666667	2.32	1.11328125	2.37391116528	0.2671875	7.00098334164	0.296875	713	184	506.4	22->21->27->28->25->20->31->9	7	0.000983341639142	7
56	0.075	5	0.606666666667	0.0392994204085	0.563333333333	0.67	2.29	1.133125	2.34225901641	0.275625	7.00098334164	0.30625	703	182	500.8	22->21->27->28->25->20->31->9	7	0.000983341639142	7
56	0.0875	5	0.627333333333	0.052142965862	0.563333333333	0.683333333333	2.26	1.15203125	2.31060686754	0.2840625	7.00098334164	0.315625	694	188.2	485.8	22->21->27->28->25->20->31->9	7	0.000983341639142	7
56	0.1	5	0.628	0.0479930550531	0.543333333333	0.66	2.22666666667	1.17	2.27895471867	0.2925	7.00098334164	0.325	684	188.4	474.6	22->21->27->28->25->20->31->9	7	0.000983341639142	7
56	0.1125	5	0.685333333333	0.0367120930727	0.653333333333	0.746666666667	2.19666666667	1.18703125	2.2473025698	0.3009375	7.00098334164	0.334375	675	205.6	449.2	22->21->27->28->25->20->31->9	7	0.000983341639142	7
56	0.125	5	0.687333333333	0.0402354183387	0.633333333333	0.723333333333	2.16666666667	1.203125	2.21565042093	0.309375	7.00098334164	0.34375	665	206.2	438.2	22->21->27->28->25->20->31->9	7	0.000983341639142	7
56	0.1375	5	0.661333333333	0.0126051136008	0.64	0.673333333333	2.13333333333	1.21828125	2.18399827206	0.3178125	7.00098334164	0.353125	656	198.4	437.6	22->21->27->28->25->20->31->9	7	0.000983341639142	7
56	0.15	5	0.691333333333	0.04173993558	0.633333333333	0.733333333333	2.10333333333	1.2325	2.15234612319	0.32625	7.00098334164	0.3625	646	207.4	420.4	22->21->27->28->25->20->31->9	7	0.000983341639142	7
56	0.1625	5	0.696666666667	0.0265622957508	0.676666666667	0.733333333333	2.07333333333	1.24578125	2.12069397432	0.3346875	7.00098334164	0.371875	637	209	407.6	22->21->27->28->25->20->31->9	7	0.000983341639142	7
56	0.175	5	0.695333333333	0.0314112506384	0.66	0.74	2.04333333333	1.258125	2.08904182545	0.343125	7.00098334164	0.38125	627	208.6	400.4	22->21->27->28->25->20->31->9	7	0.000983341639142	7
56	0.1875	5	0.722666666667	0.0418595535359	0.673333333333	0.773333333333	2.01	1.26953125	2.05738967658	0.3515625	7.00098334164	0.390625	618	216.8	383.6	22->21->27->28->25->20->31->9	7	0.000983341639142	7
56	0.2	5	0.692	0.0350871929785	0.656666666667	0.743333333333	1.98	1.28	2.02573752771	0.36	7.00098334164	0.4	608	207.6	382.6	22->21->27->28->25->20->31->9	7	0.000983341639142	7
56	0.2125	5	0.719333333333	0.0224103150853	0.69	0.75	1.95	1.28953125	1.99408537883	0.3684375	7.00098334164	0.409375	599	215.8	366.4	22->21->27->28->25->20->31->9	7	0.000983341639142	7
56	0.225	5	0.727333333333	0.0299443929086	0.696666666667	0.773333333333	1.91666666667	1.298125	1.96243322996	0.376875	7.00098334164	0.41875	589	218.2	353.6	22->21->27->28->25->20->31->9	7	0.000983341639142	7
56	0.2375	5	0.717333333333	0.0378153408024	0.676666666667	0.766666666667	1.88666666667	1.30578125	1.93078108109	0.3853125	7.00098334164	0.428125	580	215.2	347.6	22->21->27->28->25->20->31->9	7	0.000983341639142	7
56	0.25	5	0.746666666667	0.043461349368	0.693333333333	0.806666666667	1.85666666667	1.3125	1.89912893222	0.39375	7.00098334164	0.4375	570	224	329.6	22->21->27->28->25->20->31->9	7	0.000983341639142	7
56	0.2625	5	0.748	0.0317630113322	0.716666666667	0.786666666667	1.82666666667	1.31828125	1.86747678335	0.4021875	7.00098334164	0.446875	561	224.4	320	22->21->27->28->25->20->31->9	7	0.000983341639142	7
56	0.275	5	0.738	0.0403870166156	0.696666666667	0.8	1.79333333333	1.323125	1.83582463448	0.410625	7.00098334164	0.45625	551	221.4	314.2	22->21->27->28->25->20->31->9	7	0.000983341639142	7
56	0.2875	5	0.753333333333	0.0545180907793	0.683333333333	0.82	1.76333333333	1.32703125	1.80417248561	0.4190625	7.00098334164	0.465625	542	226	300.2	22->21->27->28->25->20->31->9	7	0.000983341639142	7
56	0.3	5	0.766666666667	0.0159861050777	0.743333333333	0.78	1.73333333333	1.33	1.77252033674	0.4275	7.00098334164	0.475	532	230	287.2	22->21->27->28->25->20->31->9	7	0.000983341639142	7
56	0.3125	5	0.754	0.0532499347939	0.693333333333	0.84	1.70333333333	1.33203125	1.74086818787	0.4359375	7.00098334164	0.484375	523	226.2	282.8	22->21->27->28->25->20->31->9	7	0.000983341639142	7
56	0.325	5	0.766666666667	0.0126929551764	0.75	0.783333333333	1.67	1.333125	1.709216039	0.444375	7.00098334164	0.49375	513	230	268.4	22->21->27->28->25->20->31->9	7	0.000983341639142	7
56	0.333333333333	5	0.734666666667	0.032540572965	0.696666666667	0.78	1.65	1.33333333333	1.68811460642	0.45	7.00098334164	0.5	507	220.4	271	22->21->27->28->25->20->31->9	7	0.000983341639142	7
56	0.3375	5	0.724666666667	0.019379255805	0.693333333333	0.746666666667	1.64	1.33328125	1.67756389013	0.4528125	7.00098334164	0.503125	504	217.4	272	22->21->27->28->25->20->31->9	7	0.000983341639142	7
56	0.35	5	0.725333333333	0.0310555058636	0.68	0.766666666667	1.61	1.3325	1.64591174126	0.46125	7.00098334164	0.5125	494	217.6	263	22->21->27->28->25->20->31->9	7	0.000983341639142	7
56	0.3625	5	0.731333333333	0.0237580395749	0.696666666667	0.763333333333	1.57666666667	1.33078125	1.61425959239	0.4696875	7.00098334164	0.521875	485	219.4	252	22->21->27->28->25->20->31->9	7	0.000983341639142	7
56	0.375	5	0.74	0.0333333333333	0.71	0.796666666667	1.54666666667	1.328125	1.58260744352	0.478125	7.00098334164	0.53125	475	222	239.2	22->21->27->28->25->20->31->9	7	0.000983341639142	7
56	0.3875	5	0.717333333333	0.0426484336042	0.653333333333	0.763333333333	1.51666666667	1.32453125	1.55095529465	0.4865625	7.00098334164	0.540625	466	215.2	238	22->21->27->28->25->20->31->9	7	0.000983341639142	7
56	0.4	5	0.734666666667	0.0355590276083	0.676666666667	0.77	1.48666666667	1.32	1.51930314578	0.495	7.00098334164	0.55	456	220.4	223.8	22->21->27->28->25->20->31->9	7	0.000983341639142	7
56	0.4125	5	0.737333333333	0.0442467826828	0.673333333333	0.796666666667	1.45333333333	1.31453125	1.48765099691	0.5034375	7.00098334164	0.559375	447	221.2	213.4	22->21->27->28->25->20->31->9	7	0.000983341639142	7
56	0.425	5	0.737333333333	0.041257995858	0.686666666667	0.8	1.42333333333	1.308125	1.45599884804	0.511875	7.00098334164	0.56875	437	221.2	203.8	22->21->27->28->25->20->31->9	7	0.000983341639142	7
56	0.4375	5	0.717333333333	0.0285189995149	0.67	0.743333333333	1.39333333333	1.30078125	1.42434669917	0.5203125	7.00098334164	0.578125	428	215.2	201.4	22->21->27->28->25->20->31->9	7	0.000983341639142	7
56	0.45	5	0.729333333333	0.0292878435153	0.703333333333	0.776666666667	1.36333333333	1.2925	1.3926945503	0.52875	7.00098334164	0.5875	418	218.8	187.6	22->21->27->28->25->20->31->9	7	0.000983341639142	7
56	0.4625	5	0.684666666667	0.0335493003736	0.636666666667	0.716666666667	1.33	1.28328125	1.36104240143	0.5371875	7.00098334164	0.596875	409	205.4	191.6	22->21->27->28->25->20->31->9	7	0.000983341639142	7
56	0.475	5	0.729333333333	0.0255386417458	0.693333333333	0.756666666667	1.3	1.273125	1.32939025256	0.545625	7.00098334164	0.60625	399	218.8	169.2	22->21->27->28->25->20->31->9	7	0.000983341639142	7
56	0.4875	5	0.712	0.0300555042103	0.69	0.76	1.27	1.26203125	1.29773810369	0.5540625	7.00098334164	0.615625	390	213.6	165.2	22->21->27->28->25->20->31->9	7	0.000983341639142	7
56	0.5	5	0.696	0.0326938662273	0.663333333333	0.743333333333	1.23666666667	1.25	1.26608595482	0.5625	7.00098334164	0.625	380	208.8	161	22->21->27->28->25->20->31->9	7	0.000983341639142	7
56	0.5125	5	0.69	0.0404831926716	0.646666666667	0.75	1.20666666667	1.23703125	1.23443380595	0.5709375	7.00098334164	0.634375	371	207	153.4	22->21->27->28->25->20->31->9	7	0.000983341639142	7
56	0.525	5	0.673333333333	0.0281858908755	0.636666666667	0.703333333333	1.17666666667	1.223125	1.20278165707	0.579375	7.00098334164	0.64375	361	202	150	22->21->27->28->25->20->31->9	7	0.000983341639142	7
56	0.5375	5	0.668	0.0292118697336	0.63	0.71	1.14666666667	1.20828125	1.1711295082	0.5878125	7.00098334164	0.653125	352	200.4	141.4	22->21->27->28->25->20->31->9	7	0.000983341639142	7
56	0.55	5	0.658	0.0255603860169	0.62	0.686666666667	1.11333333333	1.1925	1.13947735933	0.59625	7.00098334164	0.6625	342	197.4	135.4	22->21->27->28->25->20->31->9	7	0.000983341639142	7
56	0.5625	5	0.650666666667	0.0142204860051	0.63	0.67	1.08333333333	1.17578125	1.10782521046	0.6046875	7.00098334164	0.671875	333	195.2	129	22->21->27->28->25->20->31->9	7	0.000983341639142	7
56	0.575	5	0.650666666667	0.0212655172103	0.613333333333	0.666666666667	1.05333333333	1.158125	1.07617306159	0.613125	7.00098334164	0.68125	323	195.2	119.4	22->21->27->28->25->20->31->9	7	0.000983341639142	7
56	0.5875	5	0.614	0.0196355686334	0.593333333333	0.636666666667	1.02333333333	1.13953125	1.04452091272	0.6215625	7.00098334164	0.690625	314	184.2	121.2	22->21->27->28->25->20->31->9	7	0.000983341639142	7
56	0.6	5	0.603333333333	0.0110554159679	0.593333333333	0.616666666667	0.99	1.12	1.01286876385	0.63	7.00098334164	0.7	304	181	114.8	22->21->27->28->25->20->31->9	7	0.000983341639142	7
56	0.6125	5	0.609333333333	0.0160554594384	0.59	0.63	0.96	1.09953125	0.981216614982	0.6384375	7.00098334164	0.709375	295	182.8	104	22->21->27->28->25->20->31->9	7	0.000983341639142	7
56	0.625	5	0.592	0.0381226092147	0.546666666667	0.64	0.93	1.078125	0.949564466112	0.646875	7.00098334164	0.71875	285	177.6	100.2	22->21->27->28->25->20->31->9	7	0.000983341639142	7
56	0.6375	5	0.569333333333	0.022779132751	0.546666666667	0.603333333333	0.896666666667	1.05578125	0.917912317241	0.6553125	7.00098334164	0.728125	276	170.8	97	22->21->27->28->25->20->31->9	7	0.000983341639142	7
56	0.65	5	0.594666666667	0.0152023390013	0.57	0.61	0.866666666667	1.0325	0.886260168371	0.66375	7.00098334164	0.7375	266	178.4	80.6	22->21->27->28->25->20->31->9	7	0.000983341639142	7
56	0.6625	5	0.566666666667	0.021730674684	0.54	0.586666666667	0.836666666667	1.00828125	0.854608019501	0.6721875	7.00098334164	0.746875	257	170	80.2	22->21->27->28->25->20->31->9	7	0.000983341639142	7
56	0.675	5	0.541333333333	0.0146439217577	0.52	0.556666666667	0.806666666667	0.983125	0.82295587063	0.680625	7.00098334164	0.75625	247	162.4	78.6	22->21->27->28->25->20->31->9	7	0.000983341639142	7
56	0.6875	5	0.534666666667	0.0231660671385	0.51	0.566666666667	0.773333333333	0.95703125	0.79130372176	0.6890625	7.00098334164	0.765625	238	160.4	71.2	22->21->27->28->25->20->31->9	7	0.000983341639142	7
56	0.7	5	0.498666666667	0.0126051136008	0.48	0.51	0.743333333333	0.93	0.759651572889	0.6975	7.00098334164	0.775	228	149.6	72.6	22->21->27->28->25->20->31->9	7	0.000983341639142	7
56	0.7125	5	0.508	0.0195220672858	0.486666666667	0.54	0.713333333333	0.90203125	0.727999424019	0.7059375	7.00098334164	0.784375	219	152.4	61.4	22->21->27->28->25->20->31->9	7	0.000983341639142	7
56	0.725	5	0.479333333333	0.0101105005921	0.47	0.493333333333	0.683333333333	0.873125	0.696347275149	0.714375	7.00098334164	0.79375	209	143.8	60.4	22->21->27->28->25->20->31->9	7	0.000983341639142	7
56	0.7375	5	0.474	0.0281266974796	0.426666666667	0.493333333333	0.65	0.84328125	0.664695126278	0.7228125	7.00098334164	0.803125	200	142.2	52.6	22->21->27->28->25->20->31->9	7	0.000983341639142	7
56	0.75	5	0.465333333333	0.0394827669862	0.406666666667	0.516666666667	0.62	0.8125	0.633042977408	0.73125	7.00098334164	0.8125	190	139.6	46	22->21->27->28->25->20->31->9	7	0.000983341639142	7
56	0.7625	5	0.419333333333	0.014023789312	0.403333333333	0.436666666667	0.59	0.78078125	0.601390828537	0.7396875	7.00098334164	0.821875	181	125.8	50.2	22->21->27->28->25->20->31->9	7	0.000983341639142	7
56	0.775	5	0.430666666667	0.0136218778278	0.416666666667	0.453333333333	0.556666666667	0.748125	0.569738679667	0.748125	7.00098334164	0.83125	171	129.2	37.6	22->21->27->28->25->20->31->9	7	0.000983341639142	7
56	0.7875	5	0.396	0.0162275485929	0.373333333333	0.413333333333	0.526666666667	0.71453125	0.538086530797	0.7565625	7.00098334164	0.840625	162	118.8	38.8	22->21->27->28->25->20->31->9	7	0.000983341639142	7
56	0.8	5	0.376666666667	0.00623609564462	0.37	0.383333333333	0.496666666667	0.68	0.506434381926	0.765	7.00098334164	0.85	152	113	35.4	22->21->27->28->25->20->31->9	7	0.000983341639142	7
56	0.8125	5	0.370666666667	0.0147948940141	0.36	0.396666666667	0.466666666667	0.64453125	0.474782233056	0.7734375	7.00098334164	0.859375	143	111.2	28.4	22->21->27->28->25->20->31->9	7	0.000983341639142	7
56	0.825	5	0.354666666667	0.017575235102	0.336666666667	0.376666666667	0.433333333333	0.608125	0.443130084185	0.781875	7.00098334164	0.86875	133	106.4	23.4	22->21->27->28->25->20->31->9	7	0.000983341639142	7
56	0.8375	5	0.322	0.01192569588	0.313333333333	0.336666666667	0.403333333333	0.57078125	0.411477935315	0.7903125	7.00098334164	0.878125	124	96.6	24.2	22->21->27->28->25->20->31->9	7	0.000983341639142	7
56	0.85	5	0.306666666667	0.0113038833052	0.293333333333	0.32	0.373333333333	0.5325	0.379825786445	0.79875	7.00098334164	0.8875	114	92	20	22->21->27->28->25->20->31->9	7	0.000983341639142	7
56	0.8625	5	0.275333333333	0.0160900245149	0.256666666667	0.293333333333	0.343333333333	0.49328125	0.348173637574	0.8071875	7.00098334164	0.896875	105	82.6	19.2	22->21->27->28->25->20->31->9	7	0.000983341639142	7
56	0.875	5	0.244666666667	0.0157409586042	0.23	0.266666666667	0.31	0.453125	0.316521488704	0.815625	7.00098334164	0.90625	95	73.4	19.4	22->21->27->28->25->20->31->9	7	0.000983341639142	7
56	0.8875	5	0.23	0.00971825315808	0.213333333333	0.236666666667	0.28	0.41203125	0.284869339834	0.8240625	7.00098334164	0.915625	86	69	15	22->21->27->28->25->20->31->9	7	0.000983341639142	7
56	0.9	5	0.204	0.0132077418374	0.19	0.223333333333	0.25	0.37	0.253217190963	0.8325	7.00098334164	0.925	76	61.2	13.6	22->21->27->28->25->20->31->9	7	0.000983341639142	7
56	0.9125	5	0.189333333333	0.00641179468722	0.183333333333	0.2	0.216666666667	0.32703125	0.221565042093	0.8409375	7.00098334164	0.934375	67	56.8	8.2	22->21->27->28->25->20->31->9	7	0.000983341639142	7
56	0.925	5	0.156666666667	0.00912870929175	0.146666666667	0.17	0.186666666667	0.283125	0.189912893222	0.849375	7.00098334164	0.94375	57	47	9	22->21->27->28->25->20->31->9	7	0.000983341639142	7
56	0.9375	5	0.124666666667	0.00605530070819	0.116666666667	0.133333333333	0.156666666667	0.23828125	0.158260744352	0.8578125	7.00098334164	0.953125	48	37.4	9.4	22->21->27->28->25->20->31->9	7	0.000983341639142	7
56	0.95	5	0.107333333333	0.0043461349368	0.103333333333	0.113333333333	0.126666666667	0.1925	0.126608595482	0.86625	7.00098334164	0.9625	38	32.2	5.8	22->21->27->28->25->20->31->9	7	0.000983341639142	7
56	0.9625	5	0.0793333333333	0.00760116950066	0.07	0.09	0.0933333333333	0.14578125	0.0949564466112	0.8746875	7.00098334164	0.971875	29	23.8	4.2	22->21->27->28->25->20->31->9	7	0.000983341639142	7
56	0.975	5	0.0553333333333	0.00605530070819	0.0466666666667	0.0633333333333	0.0633333333333	0.098125	0.0633042977408	0.883125	7.00098334164	0.98125	19	16.6	2.4	22->21->27->28->25->20->31->9	7	0.000983341639142	7
56	0.9875	5	0.03	0.00235702260396	0.0266666666667	0.0333333333333	0.0333333333333	0.04953125	0.0316521488704	0.8915625	7.00098334164	0.990625	10	9	1	22->21->27->28->25->20->31->9	7	0.000983341639142	7
60	0.0125	5	0.556666666667	0.0284800124844	0.52	0.586666666667	2.44333333333	1.02453125	2.50051976076	0.2334375	7.00098334164	0.259375	751	167	560.8	22->21->27->28->25->20->31->9	7	0.000983341639142	7
60	0.025	5	0.564666666667	0.0226813677816	0.533333333333	0.586666666667	2.41333333333	1.048125	2.46886761189	0.241875	7.00098334164	0.26875	741	169.4	548.8	22->21->27->28->25->20->31->9	7	0.000983341639142	7
60	0.0375	5	0.59	0.0383695481107	0.536666666667	0.626666666667	2.38333333333	1.07078125	2.43721546302	0.2503125	7.00098334164	0.278125	732	177	532.4	22->21->27->28->25->20->31->9	7	0.000983341639142	7
60	0.05	5	0.602666666667	0.0285189995149	0.573333333333	0.633333333333	2.35	1.0925	2.40556331415	0.25875	7.00098334164	0.2875	722	180.8	518.2	22->21->27->28->25->20->31->9	7	0.000983341639142	7
60	0.0625	5	0.625333333333	0.0307859997041	0.58	0.65	2.32	1.11328125	2.37391116528	0.2671875	7.00098334164	0.296875	713	187.6	503.4	22->21->27->28->25->20->31->9	7	0.000983341639142	7
60	0.075	5	0.607333333333	0.0197765292989	0.586666666667	0.64	2.29	1.133125	2.34225901641	0.275625	7.00098334164	0.30625	703	182.2	499.2	22->21->27->28->25->20->31->9	7	0.000983341639142	7
60	0.0875	5	0.663333333333	0.0795822425754	0.546666666667	0.736666666667	2.26	1.15203125	2.31060686754	0.2840625	7.00098334164	0.315625	694	199	474.2	22->21->27->28->25->20->31->9	7	0.000983341639142	7
60	0.1	5	0.662	0.0359474925721	0.61	0.693333333333	2.22666666667	1.17	2.27895471867	0.2925	7.00098334164	0.325	684	198.6	465	22->21->27->28->25->20->31->9	7	0.000983341639142	7
60	0.1125	5	0.667333333333	0.0544875113112	0.593333333333	0.733333333333	2.19666666667	1.18703125	2.2473025698	0.3009375	7.00098334164	0.334375	675	200.2	454.2	22->21->27->28->25->20->31->9	7	0.000983341639142	7
60	0.125	5	0.69	0.0419655943734	0.65	0.736666666667	2.16666666667	1.203125	2.21565042093	0.309375	7.00098334164	0.34375	665	207	437.8	22->21->27->28->25->20->31->9	7	0.000983341639142	7
60	0.1375	5	0.677333333333	0.0361632102803	0.646666666667	0.72	2.13333333333	1.21828125	2.18399827206	0.3178125	7.00098334164	0.353125	656	203.2	433	22->21->27->28->25->20->31->9	7	0.000983341639142	7
60	0.15	5	0.692666666667	0.0291928453944	0.66	0.736666666667	2.10333333333	1.2325	2.15234612319	0.32625	7.00098334164	0.3625	646	207.8	419	22->21->27->28->25->20->31->9	7	0.000983341639142	7
60	0.1625	5	0.703333333333	0.0141421356237	0.683333333333	0.72	2.07333333333	1.24578125	2.12069397432	0.3346875	7.00098334164	0.371875	637	211	407.6	22->21->27->28->25->20->31->9	7	0.000983341639142	7
60	0.175	5	0.678	0.0429857857643	0.626666666667	0.723333333333	2.04333333333	1.258125	2.08904182545	0.343125	7.00098334164	0.38125	627	203.4	404	22->21->27->28->25->20->31->9	7	0.000983341639142	7
60	0.1875	5	0.724	0.0269155056509	0.68	0.743333333333	2.01	1.26953125	2.05738967658	0.3515625	7.00098334164	0.390625	618	217.2	382	22->21->27->28->25->20->31->9	7	0.000983341639142	7
60	0.2	5	0.722	0.0348488801032	0.676666666667	0.763333333333	1.98	1.28	2.02573752771	0.36	7.00098334164	0.4	608	216.6	373.2	22->21->27->28->25->20->31->9	7	0.000983341639142	7
60	0.2125	5	0.694	0.0344318973563	0.666666666667	0.743333333333	1.95	1.28953125	1.99408537883	0.3684375	7.00098334164	0.409375	599	208.2	373.6	22->21->27->28->25->20->31->9	7	0.000983341639142	7
60	0.225	5	0.695333333333	0.018499249234	0.67	0.72	1.91666666667	1.298125	1.96243322996	0.376875	7.00098334164	0.41875	589	208.6	363.2	22->21->27->28->25->20->31->9	7	0.000983341639142	7
60	0.2375	5	0.729333333333	0.031037611592	0.683333333333	0.766666666667	1.88666666667	1.30578125	1.93078108109	0.3853125	7.00098334164	0.428125	580	218.8	344.4	22->21->27->28->25->20->31->9	7	0.000983341639142	7
60	0.25	5	0.73	0.0390867979985	0.673333333333	0.766666666667	1.85666666667	1.3125	1.89912893222	0.39375	7.00098334164	0.4375	570	219	334	22->21->27->28->25->20->31->9	7	0.000983341639142	7
60	0.2625	5	0.722	0.028047578624	0.683333333333	0.76	1.82666666667	1.31828125	1.86747678335	0.4021875	7.00098334164	0.446875	561	216.6	327.4	22->21->27->28->25->20->31->9	7	0.000983341639142	7
60	0.275	5	0.730666666667	0.0411231213688	0.683333333333	0.773333333333	1.79333333333	1.323125	1.83582463448	0.410625	7.00098334164	0.45625	551	219.2	316.4	22->21->27->28->25->20->31->9	7	0.000983341639142	7
60	0.2875	5	0.726	0.0318328970302	0.676666666667	0.756666666667	1.76333333333	1.32703125	1.80417248561	0.4190625	7.00098334164	0.465625	542	217.8	307.8	22->21->27->28->25->20->31->9	7	0.000983341639142	7
60	0.3	5	0.728	0.0459830886788	0.663333333333	0.793333333333	1.73333333333	1.33	1.77252033674	0.4275	7.00098334164	0.475	532	218.4	298.6	22->21->27->28->25->20->31->9	7	0.000983341639142	7
60	0.3125	5	0.762666666667	0.046272141847	0.7	0.813333333333	1.70333333333	1.33203125	1.74086818787	0.4359375	7.00098334164	0.484375	523	228.8	278.8	22->21->27->28->25->20->31->9	7	0.000983341639142	7
60	0.325	5	0.708666666667	0.0214216920174	0.683333333333	0.733333333333	1.67	1.333125	1.709216039	0.444375	7.00098334164	0.49375	513	212.6	285.6	22->21->27->28->25->20->31->9	7	0.000983341639142	7
60	0.333333333333	5	0.744666666667	0.0371633032858	0.703333333333	0.8	1.65	1.33333333333	1.68811460642	0.45	7.00098334164	0.5	507	223.4	269.2	22->21->27->28->25->20->31->9	7	0.000983341639142	7
60	0.3375	5	0.742666666667	0.0541294744109	0.683333333333	0.826666666667	1.64	1.33328125	1.67756389013	0.4528125	7.00098334164	0.503125	504	222.8	267.2	22->21->27->28->25->20->31->9	7	0.000983341639142	7
60	0.35	5	0.735333333333	0.030605010483	0.703333333333	0.78	1.61	1.3325	1.64591174126	0.46125	7.00098334164	0.5125	494	220.6	259.8	22->21->27->28->25->20->31->9	7	0.000983341639142	7
60	0.3625	5	0.729333333333	0.0402354183387	0.673333333333	0.766666666667	1.57666666667	1.33078125	1.61425959239	0.4696875	7.00098334164	0.521875	485	218.8	251.4	22->21->27->28->25->20->31->9	7	0.000983341639142	7
60	0.375	5	0.740666666667	0.043931765273	0.696666666667	0.806666666667	1.54666666667	1.328125	1.58260744352	0.478125	7.00098334164	0.53125	475	222.2	239.8	22->21->27->28->25->20->31->9	7	0.000983341639142	7
60	0.3875	5	0.746666666667	0.0137436854187	0.73	0.763333333333	1.51666666667	1.32453125	1.55095529465	0.4865625	7.00098334164	0.540625	466	224	228.8	22->21->27->28->25->20->31->9	7	0.000983341639142	7
60	0.4	5	0.724666666667	0.0126051136008	0.713333333333	0.743333333333	1.48666666667	1.32	1.51930314578	0.495	7.00098334164	0.55	456	217.4	226	22->21->27->28->25->20->31->9	7	0.000983341639142	7
60	0.4125	5	0.739333333333	0.0262889922042	0.71	0.766666666667	1.45333333333	1.31453125	1.48765099691	0.5034375	7.00098334164	0.559375	447	221.8	212.4	22->21->27->28->25->20->31->9	7	0.000983341639142	7
60	0.425	5	0.722	0.0265204323746	0.686666666667	0.75	1.42333333333	1.308125	1.45599884804	0.511875	7.00098334164	0.56875	437	216.6	208.4	22->21->27->28->25->20->31->9	7	0.000983341639142	7
60	0.4375	5	0.731333333333	0.0271416039811	0.69	0.76	1.39333333333	1.30078125	1.42434669917	0.5203125	7.00098334164	0.578125	428	219.4	196.4	22->21->27->28->25->20->31->9	7	0.000983341639142	7
60	0.45	5	0.691333333333	0.0315876206413	0.656666666667	0.726666666667	1.36333333333	1.2925	1.3926945503	0.52875	7.00098334164	0.5875	418	207.4	197.6	22->21->27->28->25->20->31->9	7	0.000983341639142	7
60	0.4625	5	0.710666666667	0.0173845397472	0.686666666667	0.733333333333	1.33	1.28328125	1.36104240143	0.5371875	7.00098334164	0.596875	409	213.2	183.4	22->21->27->28->25->20->31->9	7	0.000983341639142	7
60	0.475	5	0.704666666667	0.019663841605	0.676666666667	0.723333333333	1.3	1.273125	1.32939025256	0.545625	7.00098334164	0.60625	399	211.4	176.6	22->21->27->28->25->20->31->9	7	0.000983341639142	7
60	0.4875	5	0.716	0.0136218778278	0.7	0.736666666667	1.27	1.26203125	1.29773810369	0.5540625	7.00098334164	0.615625	390	214.8	164.6	22->21->27->28->25->20->31->9	7	0.000983341639142	7
60	0.5	5	0.698666666667	0.0370135110466	0.646666666667	0.743333333333	1.23666666667	1.25	1.26608595482	0.5625	7.00098334164	0.625	380	209.6	160	22->21->27->28->25->20->31->9	7	0.000983341639142	7
60	0.5125	5	0.696666666667	0.0277888866676	0.67	0.726666666667	1.20666666667	1.23703125	1.23443380595	0.5709375	7.00098334164	0.634375	371	209	151.4	22->21->27->28->25->20->31->9	7	0.000983341639142	7
60	0.525	5	0.666666666667	0.0311804782231	0.626666666667	0.703333333333	1.17666666667	1.223125	1.20278165707	0.579375	7.00098334164	0.64375	361	200	151.2	22->21->27->28->25->20->31->9	7	0.000983341639142	7
60	0.5375	5	0.68	0.0334165627596	0.623333333333	0.71	1.14666666667	1.20828125	1.1711295082	0.5878125	7.00098334164	0.653125	352	204	138.2	22->21->27->28->25->20->31->9	7	0.000983341639142	7
60	0.55	5	0.654	0.031304951685	0.616666666667	0.7	1.11333333333	1.1925	1.13947735933	0.59625	7.00098334164	0.6625	342	196.2	136.8	22->21->27->28->25->20->31->9	7	0.000983341639142	7
60	0.5625	5	0.658	0.027345525736	0.623333333333	0.686666666667	1.08333333333	1.17578125	1.10782521046	0.6046875	7.00098334164	0.671875	333	197.4	126.2	22->21->27->28->25->20->31->9	7	0.000983341639142	7
60	0.575	5	0.640666666667	0.0356214666864	0.603333333333	0.7	1.05333333333	1.158125	1.07617306159	0.613125	7.00098334164	0.68125	323	192.2	123.2	22->21->27->28->25->20->31->9	7	0.000983341639142	7
60	0.5875	5	0.635333333333	0.0177325814377	0.616666666667	0.653333333333	1.02333333333	1.13953125	1.04452091272	0.6215625	7.00098334164	0.690625	314	190.6	115.4	22->21->27->28->25->20->31->9	7	0.000983341639142	7
60	0.6	5	0.617333333333	0.0240831891576	0.596666666667	0.656666666667	0.99	1.12	1.01286876385	0.63	7.00098334164	0.7	304	185.2	110.4	22->21->27->28->25->20->31->9	7	0.000983341639142	7
60	0.6125	5	0.579333333333	0.0206020495205	0.56	0.603333333333	0.96	1.09953125	0.981216614982	0.6384375	7.00098334164	0.709375	295	173.8	113.4	22->21->27->28->25->20->31->9	7	0.000983341639142	7
60	0.625	5	0.607333333333	0.0181659021246	0.593333333333	0.636666666667	0.93	1.078125	0.949564466112	0.646875	7.00098334164	0.71875	285	182.2	95.8	22->21->27->28->25->20->31->9	7	0.000983341639142	7
60	0.6375	5	0.594	0.0201935083078	0.563333333333	0.616666666667	0.896666666667	1.05578125	0.917912317241	0.6553125	7.00098334164	0.728125	276	178.2	90.4	22->21->27->28->25->20->31->9	7	0.000983341639142	7
60	0.65	5	0.584	0.0231420732769	0.543333333333	0.596666666667	0.866666666667	1.0325	0.886260168371	0.66375	7.00098334164	0.7375	266	175.2	83.8	22->21->27->28->25->20->31->9	7	0.000983341639142	7
60	0.6625	5	0.576666666667	0.0252762514802	0.533333333333	0.596666666667	0.836666666667	1.00828125	0.854608019501	0.6721875	7.00098334164	0.746875	257	173	77.6	22->21->27->28->25->20->31->9	7	0.000983341639142	7
60	0.675	5	0.543333333333	0.0135400640077	0.53	0.56	0.806666666667	0.983125	0.82295587063	0.680625	7.00098334164	0.75625	247	163	78	22->21->27->28->25->20->31->9	7	0.000983341639142	7
60	0.6875	5	0.532	0.0216794833887	0.516666666667	0.566666666667	0.773333333333	0.95703125	0.79130372176	0.6890625	7.00098334164	0.765625	238	159.6	71.4	22->21->27->28->25->20->31->9	7	0.000983341639142	7
60	0.7	5	0.515333333333	0.018499249234	0.5	0.546666666667	0.743333333333	0.93	0.759651572889	0.6975	7.00098334164	0.775	228	154.6	67.8	22->21->27->28->25->20->31->9	7	0.000983341639142	7
60	0.7125	5	0.514666666667	0.0255603860169	0.483333333333	0.543333333333	0.713333333333	0.90203125	0.727999424019	0.7059375	7.00098334164	0.784375	219	154.4	59.2	22->21->27->28->25->20->31->9	7	0.000983341639142	7
60	0.725	5	0.476	0.0106458129484	0.463333333333	0.49	0.683333333333	0.873125	0.696347275149	0.714375	7.00098334164	0.79375	209	142.8	61.8	22->21->27->28->25->20->31->9	7	0.000983341639142	7
60	0.7375	5	0.455333333333	0.0136626010213	0.44	0.473333333333	0.65	0.84328125	0.664695126278	0.7228125	7.00098334164	0.803125	200	136.6	57.6	22->21->27->28->25->20->31->9	7	0.000983341639142	7
60	0.75	5	0.448	0.0307859997041	0.396666666667	0.473333333333	0.62	0.8125	0.633042977408	0.73125	7.00098334164	0.8125	190	134.4	50.8	22->21->27->28->25->20->31->9	7	0.000983341639142	7
60	0.7625	5	0.442666666667	0.0222860195339	0.406666666667	0.463333333333	0.59	0.78078125	0.601390828537	0.7396875	7.00098334164	0.821875	181	132.8	43.4	22->21->27->28->25->20->31->9	7	0.000983341639142	7
60	0.775	5	0.420666666667	0.0111554670205	0.406666666667	0.433333333333	0.556666666667	0.748125	0.569738679667	0.748125	7.00098334164	0.83125	171	126.2	40.4	22->21->27->28->25->20->31->9	7	0.000983341639142	7
60	0.7875	5	0.398666666667	0.0160900245149	0.373333333333	0.416666666667	0.526666666667	0.71453125	0.538086530797	0.7565625	7.00098334164	0.840625	162	119.6	38.2	22->21->27->28->25->20->31->9	7	0.000983341639142	7
60	0.8	5	0.382	0.00988826464946	0.37	0.393333333333	0.496666666667	0.68	0.506434381926	0.765	7.00098334164	0.85	152	114.6	33.8	22->21->27->28->25->20->31->9	7	0.000983341639142	7
60	0.8125	5	0.354666666667	0.0195220672858	0.33	0.383333333333	0.466666666667	0.64453125	0.474782233056	0.7734375	7.00098334164	0.859375	143	106.4	33.2	22->21->27->28->25->20->31->9	7	0.000983341639142	7
60	0.825	5	0.344	0.0168983891408	0.32	0.363333333333	0.433333333333	0.608125	0.443130084185	0.781875	7.00098334164	0.86875	133	103.2	26.4	22->21->27->28->25->20->31->9	7	0.000983341639142	7
60	0.8375	5	0.321333333333	0.00960324019393	0.306666666667	0.333333333333	0.403333333333	0.57078125	0.411477935315	0.7903125	7.00098334164	0.878125	124	96.4	24.4	22->21->27->28->25->20->31->9	7	0.000983341639142	7
60	0.85	5	0.286666666667	0.00623609564462	0.28	0.296666666667	0.373333333333	0.5325	0.379825786445	0.79875	7.00098334164	0.8875	114	86	26	22->21->27->28->25->20->31->9	7	0.000983341639142	7
60	0.8625	5	0.275333333333	0.0238746727726	0.256666666667	0.316666666667	0.343333333333	0.49328125	0.348173637574	0.8071875	7.00098334164	0.896875	105	82.6	20.4	22->21->27->28->25->20->31->9	7	0.000983341639142	7
60	0.875	5	0.253333333333	0.00707106781187	0.243333333333	0.26	0.31	0.453125	0.316521488704	0.815625	7.00098334164	0.90625	95	76	16.8	22->21->27->28->25->20->31->9	7	0.000983341639142	7
60	0.8875	5	0.236666666667	0.00781735959971	0.223333333333	0.243333333333	0.28	0.41203125	0.284869339834	0.8240625	7.00098334164	0.915625	86	71	13	22->21->27->28->25->20->31->9	7	0.000983341639142	7
60	0.9	5	0.208666666667	0.00380058475033	0.203333333333	0.213333333333	0.25	0.37	0.253217190963	0.8325	7.00098334164	0.925	76	62.6	12.4	22->21->27->28->25->20->31->9	7	0.000983341639142	7
60	0.9125	5	0.177333333333	0.0196355686334	0.16	0.2	0.216666666667	0.32703125	0.221565042093	0.8409375	7.00098334164	0.934375	67	53.2	11.8	22->21->27->28->25->20->31->9	7	0.000983341639142	7
60	0.925	5	0.160666666667	0.00760116950066	0.153333333333	0.173333333333	0.186666666667	0.283125	0.189912893222	0.849375	7.00098334164	0.94375	57	48.2	7.8	22->21->27->28->25->20->31->9	7	0.000983341639142	7
60	0.9375	5	0.14	0.00527046276695	0.133333333333	0.146666666667	0.156666666667	0.23828125	0.158260744352	0.8578125	7.00098334164	0.953125	48	42	5	22->21->27->28->25->20->31->9	7	0.000983341639142	7
60	0.95	5	0.107333333333	0.0098319208025	0.0933333333333	0.116666666667	0.126666666667	0.1925	0.126608595482	0.86625	7.00098334164	0.9625	38	32.2	5.8	22->21->27->28->25->20->31->9	7	0.000983341639142	7
60	0.9625	5	0.084	0.0043461349368	0.08	0.09	0.0933333333333	0.14578125	0.0949564466112	0.8746875	7.00098334164	0.971875	29	25.2	2.8	22->21->27->28->25->20->31->9	7	0.000983341639142	7
60	0.975	5	0.058	0.00182574185835	0.0566666666667	0.06	0.0633333333333	0.098125	0.0633042977408	0.883125	7.00098334164	0.98125	19	17.4	1.6	22->21->27->28->25->20->31->9	7	0.000983341639142	7
60	0.9875	5	0.03	0.00235702260396	0.0266666666667	0.0333333333333	0.0333333333333	0.04953125	0.0316521488704	0.8915625	7.00098334164	0.990625	10	9	1	22->21->27->28->25->20->31->9	7	0.000983341639142	7
64	0.0125	5	0.516666666667	0.0338296385503	0.486666666667	0.573333333333	2.44333333333	1.02453125	2.50051976076	0.2334375	7.00098334164	0.259375	751	155	572.8	22->21->27->28->25->20->31->9	7	0.000983341639142	7
64	0.025	5	0.596	0.0517150311268	0.546666666667	0.683333333333	2.41333333333	1.048125	2.46886761189	0.241875	7.00098334164	0.26875	741	178.8	538.6	22->21->27->28->25->20->31->9	7	0.000983341639142	7
64	0.0375	5	0.618	0.0573778896634	0.566666666667	0.696666666667	2.38333333333	1.07078125	2.43721546302	0.2503125	7.00098334164	0.278125	732	185.4	523.6	22->21->27->28->25->20->31->9	7	0.000983341639142	7
64	0.05	5	0.622666666667	0.0178574603146	0.6	0.64	2.35	1.0925	2.40556331415	0.25875	7.00098334164	0.2875	722	186.8	513.2	22->21->27->28->25->20->31->9	7	0.000983341639142	7
64	0.0625	5	0.642666666667	0.0413252680303	0.593333333333	0.706666666667	2.32	1.11328125	2.37391116528	0.2671875	7.00098334164	0.296875	713	192.8	498	22->21->27->28->25->20->31->9	7	0.000983341639142	7
64	0.075	5	0.623333333333	0.0205480466766	0.593333333333	0.643333333333	2.29	1.133125	2.34225901641	0.275625	7.00098334164	0.30625	703	187	494.4	22->21->27->28->25->20->31->9	7	0.000983341639142	7
64	0.0875	5	0.661333333333	0.0727476612835	0.58	0.74	2.26	1.15203125	2.31060686754	0.2840625	7.00098334164	0.315625	694	198.4	474.8	22->21->27->28->25->20->31->9	7	0.000983341639142	7
64	0.1	5	0.671333333334	0.0298700890897	0.646666666667	0.716666666667	2.22666666667	1.17	2.27895471867	0.2925	7.00098334164	0.325	684	201.4	461.2	22->21->27->28->25->20->31->9	7	0.000983341639142	7
64	0.1125	5	0.643333333333	0.0259272486435	0.61	0.673333333333	2.19666666667	1.18703125	2.2473025698	0.3009375	7.00098334164	0.334375	675	193	460.8	22->21->27->28->25->20->31->9	7	0.000983341639142	7
64	0.125	5	0.672666666667	0.0168983891408	0.656666666667	0.696666666667	2.16666666667	1.203125	2.21565042093	0.309375	7.00098334164	0.34375	665	201.8	442.4	22->21->27->28->25->20->31->9	7	0.000983341639142	7
64	0.1375	5	0.674	0.0530932094423	0.586666666667	0.726666666667	2.13333333333	1.21828125	2.18399827206	0.3178125	7.00098334164	0.353125	656	202.2	433.2	22->21->27->28->25->20->31->9	7	0.000983341639142	7
64	0.15	5	0.684	0.0449320474595	0.63	0.74	2.10333333333	1.2325	2.15234612319	0.32625	7.00098334164	0.3625	646	205.2	420.6	22->21->27->28->25->20->31->9	7	0.000983341639142	7
64	0.1625	5	0.687333333333	0.0347530973839	0.636666666667	0.72	2.07333333333	1.24578125	2.12069397432	0.3346875	7.00098334164	0.371875	637	206.2	411	22->21->27->28->25->20->31->9	7	0.000983341639142	7
64	0.175	5	0.736	0.0360863162739	0.696666666667	0.776666666667	2.04333333333	1.258125	2.08904182545	0.343125	7.00098334164	0.38125	627	220.8	387.4	22->21->27->28->25->20->31->9	7	0.000983341639142	7
64	0.1875	5	0.69	0.018104634152	0.663333333333	0.713333333333	2.01	1.26953125	2.05738967658	0.3515625	7.00098334164	0.390625	618	207	392	22->21->27->28->25->20->31->9	7	0.000983341639142	7
64	0.2	5	0.716	0.0437416658728	0.673333333333	0.763333333333	1.98	1.28	2.02573752771	0.36	7.00098334164	0.4	608	214.8	375.2	22->21->27->28->25->20->31->9	7	0.000983341639142	7
64	0.2125	5	0.726	0.0398887341377	0.676666666667	0.773333333333	1.95	1.28953125	1.99408537883	0.3684375	7.00098334164	0.409375	599	217.8	363.4	22->21->27->28->25->20->31->9	7	0.000983341639142	7
64	0.225	5	0.744	0.0367725743214	0.7	0.783333333333	1.91666666667	1.298125	1.96243322996	0.376875	7.00098334164	0.41875	589	223.2	348.6	22->21->27->28->25->20->31->9	7	0.000983341639142	7
64	0.2375	5	0.738666666667	0.030605010483	0.703333333333	0.786666666667	1.88666666667	1.30578125	1.93078108109	0.3853125	7.00098334164	0.428125	580	221.6	340.8	22->21->27->28->25->20->31->9	7	0.000983341639142	7
64	0.25	5	0.756666666667	0.0371184290857	0.713333333333	0.79	1.85666666667	1.3125	1.89912893222	0.39375	7.00098334164	0.4375	570	227	327	22->21->27->28->25->20->31->9	7	0.000983341639142	7
64	0.2625	5	0.738	0.0231660671385	0.71	0.766666666667	1.82666666667	1.31828125	1.86747678335	0.4021875	7.00098334164	0.446875	561	221.4	322.2	22->21->27->28->25->20->31->9	7	0.000983341639142	7
64	0.275	5	0.738666666667	0.0479930550531	0.673333333333	0.796666666667	1.79333333333	1.323125	1.83582463448	0.410625	7.00098334164	0.45625	551	221.6	313.8	22->21->27->28->25->20->31->9	7	0.000983341639142	7
64	0.2875	5	0.738	0.037535168694	0.7	0.79	1.76333333333	1.32703125	1.80417248561	0.4190625	7.00098334164	0.465625	542	221.4	304	22->21->27->28->25->20->31->9	7	0.000983341639142	7
64	0.3	5	0.764	0.0129957257929	0.75	0.783333333333	1.73333333333	1.33	1.77252033674	0.4275	7.00098334164	0.475	532	229.2	288.4	22->21->27->28->25->20->31->9	7	0.000983341639142	7
64	0.3125	5	0.752	0.0433076847171	0.7	0.8	1.70333333333	1.33203125	1.74086818787	0.4359375	7.00098334164	0.484375	523	225.6	282.4	22->21->27->28->25->20->31->9	7	0.000983341639142	7
64	0.325	5	0.766666666667	0.0538516480713	0.713333333333	0.836666666667	1.67	1.333125	1.709216039	0.444375	7.00098334164	0.49375	513	230	269	22->21->27->28->25->20->31->9	7	0.000983341639142	7
64	0.333333333333	5	0.736666666667	0.0424918292799	0.676666666667	0.796666666667	1.65	1.33333333333	1.68811460642	0.45	7.00098334164	0.5	507	221	271.8	22->21->27->28->25->20->31->9	7	0.000983341639142	7
64	0.3375	5	0.734	0.0384707681233	0.683333333333	0.77	1.64	1.33328125	1.67756389013	0.4528125	7.00098334164	0.503125	504	220.2	269	22->21->27->28->25->20->31->9	7	0.000983341639142	7
64	0.35	5	0.708666666667	0.0641872261436	0.61	0.776666666667	1.61	1.3325	1.64591174126	0.46125	7.00098334164	0.5125	494	212.6	267.8	22->21->27->28->25->20->31->9	7	0.000983341639142	7
64	0.3625	5	0.771333333333	0.0352451730344	0.733333333333	0.82	1.57666666667	1.33078125	1.61425959239	0.4696875	7.00098334164	0.521875	485	231.4	239	22->21->27->28->25->20->31->9	7	0.000983341639142	7
64	0.375	5	0.726	0.0222860195339	0.69	0.743333333333	1.54666666667	1.328125	1.58260744352	0.478125	7.00098334164	0.53125	475	217.8	244.2	22->21->27->28->25->20->31->9	7	0.000983341639142	7
64	0.3875	5	0.734	0.043931765273	0.663333333333	0.77	1.51666666667	1.32453125	1.55095529465	0.4865625	7.00098334164	0.540625	466	220.2	232.2	22->21->27->28->25->20->31->9	7	0.000983341639142	7
64	0.4	5	0.752	0.0313226932286	0.716666666667	0.793333333333	1.48666666667	1.32	1.51930314578	0.495	7.00098334164	0.55	456	225.6	217.8	22->21->27->28->25->20->31->9	7	0.000983341639142	7
64	0.4125	5	0.715333333333	0.0424002096431	0.646666666667	0.76	1.45333333333	1.31453125	1.48765099691	0.5034375	7.00098334164	0.559375	447	214.6	219.6	22->21->27->28->25->20->31->9	7	0.000983341639142	7
64	0.425	5	0.758	0.0246756740311	0.73	0.793333333333	1.42333333333	1.308125	1.45599884804	0.511875	7.00098334164	0.56875	437	227.4	198	22->21->27->28->25->20->31->9	7	0.000983341639142	7
64	0.4375	5	0.709333333333	0.0426484336042	0.653333333333	0.76	1.39333333333	1.30078125	1.42434669917	0.5203125	7.00098334164	0.578125	428	212.8	203.4	22->21->27->28->25->20->31->9	7	0.000983341639142	7
64	0.45	5	0.724	0.0259700682411	0.693333333333	0.753333333333	1.36333333333	1.2925	1.3926945503	0.52875	7.00098334164	0.5875	418	217.2	189.4	22->21->27->28->25->20->31->9	7	0.000983341639142	7
64	0.4625	5	0.713333333333	0.0336650164612	0.67	0.763333333333	1.33	1.28328125	1.36104240143	0.5371875	7.00098334164	0.596875	409	214	182.8	22->21->27->28->25->20->31->9	7	0.000983341639142	7
64	0.475	5	0.728666666667	0.0216794833887	0.706666666667	0.76	1.3	1.273125	1.32939025256	0.545625	7.00098334164	0.60625	399	218.6	169	22->21->27->28->25->20->31->9	7	0.000983341639142	7
64	0.4875	5	0.724666666667	0.0294014360949	0.686666666667	0.753333333333	1.27	1.26203125	1.29773810369	0.5540625	7.00098334164	0.615625	390	217.4	161.2	22->21->27->28->25->20->31->9	7	0.000983341639142	7
64	0.5	5	0.686	0.0281266974794	0.65	0.723333333333	1.23666666667	1.25	1.26608595482	0.5625	7.00098334164	0.625	380	205.8	164.4	22->21->27->28->25->20->31->9	7	0.000983341639142	7
64	0.5125	5	0.688	0.0387011340632	0.646666666667	0.74	1.20666666667	1.23703125	1.23443380595	0.5709375	7.00098334164	0.634375	371	206.4	153.6	22->21->27->28->25->20->31->9	7	0.000983341639142	7
64	0.525	5	0.698666666667	0.0443220537029	0.66	0.773333333333	1.17666666667	1.223125	1.20278165707	0.579375	7.00098334164	0.64375	361	209.6	141.6	22->21->27->28->25->20->31->9	7	0.000983341639142	7
64	0.5375	5	0.653333333333	0.054416092391	0.566666666667	0.696666666667	1.14666666667	1.20828125	1.1711295082	0.5878125	7.00098334164	0.653125	352	196	145.8	22->21->27->28->25->20->31->9	7	0.000983341639142	7
64	0.55	5	0.644	0.0379619692733	0.586666666667	0.673333333333	1.11333333333	1.1925	1.13947735933	0.59625	7.00098334164	0.6625	342	193.2	139.8	22->21->27->28->25->20->31->9	7	0.000983341639142	7
64	0.5625	5	0.668	0.0172562388074	0.646666666667	0.686666666667	1.08333333333	1.17578125	1.10782521046	0.6046875	7.00098334164	0.671875	333	200.4	123.8	22->21->27->28->25->20->31->9	7	0.000983341639142	7
64	0.575	5	0.634	0.0197765292989	0.616666666667	0.663333333333	1.05333333333	1.158125	1.07617306159	0.613125	7.00098334164	0.68125	323	190.2	123.8	22->21->27->28->25->20->31->9	7	0.000983341639142	7
64	0.5875	5	0.649333333333	0.0230217288664	0.613333333333	0.67	1.02333333333	1.13953125	1.04452091272	0.6215625	7.00098334164	0.690625	314	194.8	110.4	22->21->27->28->25->20->31->9	7	0.000983341639142	7
64	0.6	5	0.628	0.024675674031	0.6	0.663333333333	0.99	1.12	1.01286876385	0.63	7.00098334164	0.7	304	188.4	107.4	22->21->27->28->25->20->31->9	7	0.000983341639142	7
64	0.6125	5	0.627333333333	0.0286162347084	0.603333333333	0.663333333333	0.96	1.09953125	0.981216614982	0.6384375	7.00098334164	0.709375	295	188.2	99.2	22->21->27->28->25->20->31->9	7	0.000983341639142	7
64	0.625	5	0.616	0.0365452535298	0.556666666667	0.656666666667	0.93	1.078125	0.949564466112	0.646875	7.00098334164	0.71875	285	184.8	93.6	22->21->27->28->25->20->31->9	7	0.000983341639142	7
64	0.6375	5	0.572	0.0123827837473	0.556666666667	0.59	0.896666666667	1.05578125	0.917912317241	0.6553125	7.00098334164	0.728125	276	171.6	96.6	22->21->27->28->25->20->31->9	7	0.000983341639142	7
64	0.65	5	0.585333333333	0.0157409586039	0.566666666667	0.603333333333	0.866666666667	1.0325	0.886260168371	0.66375	7.00098334164	0.7375	266	175.6	83.6	22->21->27->28->25->20->31->9	7	0.000983341639142	7
64	0.6625	5	0.573333333333	0.0321455025366	0.52	0.603333333333	0.836666666667	1.00828125	0.854608019501	0.6721875	7.00098334164	0.746875	257	172	77.8	22->21->27->28->25->20->31->9	7	0.000983341639142	7
64	0.675	5	0.553333333333	0.0222361067735	0.526666666667	0.58	0.806666666667	0.983125	0.82295587063	0.680625	7.00098334164	0.75625	247	166	74.2	22->21->27->28->25->20->31->9	7	0.000983341639142	7
64	0.6875	5	0.531333333333	0.0211607603308	0.506666666667	0.55	0.773333333333	0.95703125	0.79130372176	0.6890625	7.00098334164	0.765625	238	159.4	72.2	22->21->27->28->25->20->31->9	7	0.000983341639142	7
64	0.7	5	0.516666666667	0.0135400640078	0.503333333333	0.536666666667	0.743333333333	0.93	0.759651572889	0.6975	7.00098334164	0.775	228	155	67.2	22->21->27->28->25->20->31->9	7	0.000983341639142	7
64	0.7125	5	0.486	0.027828841953	0.453333333333	0.516666666667	0.713333333333	0.90203125	0.727999424019	0.7059375	7.00098334164	0.784375	219	145.8	67.2	22->21->27->28->25->20->31->9	7	0.000983341639142	7
64	0.725	5	0.486	0.0288097205818	0.443333333333	0.52	0.683333333333	0.873125	0.696347275149	0.714375	7.00098334164	0.79375	209	145.8	58.4	22->21->27->28->25->20->31->9	7	0.000983341639142	7
64	0.7375	5	0.476666666667	0.0143372087784	0.463333333333	0.496666666667	0.65	0.84328125	0.664695126278	0.7228125	7.00098334164	0.803125	200	143	51.8	22->21->27->28->25->20->31->9	7	0.000983341639142	7
64	0.75	5	0.456666666667	0.0212132034358	0.423333333333	0.476666666667	0.62	0.8125	0.633042977408	0.73125	7.00098334164	0.8125	190	137	48.4	22->21->27->28->25->20->31->9	7	0.000983341639142	7
64	0.7625	5	0.445333333333	0.0157409586042	0.426666666667	0.466666666667	0.59	0.78078125	0.601390828537	0.7396875	7.00098334164	0.821875	181	133.6	43	22->21->27->28->25->20->31->9	7	0.000983341639142	7
64	0.775	5	0.412	0.0174164673035	0.386666666667	0.43	0.556666666667	0.748125	0.569738679667	0.748125	7.00098334164	0.83125	171	123.6	43.2	22->21->27->28->25->20->31->9	7	0.000983341639142	7
64	0.7875	5	0.406666666667	0.0195789002075	0.383333333333	0.433333333333	0.526666666667	0.71453125	0.538086530797	0.7565625	7.00098334164	0.840625	162	122	35.2	22->21->27->28->25->20->31->9	7	0.000983341639142	7
64	0.8	5	0.378	0.0248997991959	0.346666666667	0.406666666667	0.496666666667	0.68	0.506434381926	0.765	7.00098334164	0.85	152	113.4	35.4	22->21->27->28->25->20->31->9	7	0.000983341639142	7
64	0.8125	5	0.361333333333	0.019663841605	0.336666666667	0.383333333333	0.466666666667	0.64453125	0.474782233056	0.7734375	7.00098334164	0.859375	143	108.4	31	22->21->27->28->25->20->31->9	7	0.000983341639142	7
64	0.825	5	0.328	0.0106978710239	0.313333333333	0.343333333333	0.433333333333	0.608125	0.443130084185	0.781875	7.00098334164	0.86875	133	98.4	31.2	22->21->27->28->25->20->31->9	7	0.000983341639142	7
64	0.8375	5	0.324	0.0217817456703	0.293333333333	0.35	0.403333333333	0.57078125	0.411477935315	0.7903125	7.00098334164	0.878125	124	97.2	23.8	22->21->27->28->25->20->31->9	7	0.000983341639142	7
64	0.85	5	0.302	0.00930949336246	0.286666666667	0.31	0.373333333333	0.5325	0.379825786445	0.79875	7.00098334164	0.8875	114	90.6	21	22->21->27->28->25->20->31->9	7	0.000983341639142	7
64	0.8625	5	0.269333333333	0.0138242942356	0.256666666667	0.29	0.343333333333	0.49328125	0.348173637574	0.8071875	7.00098334164	0.896875	105	80.8	22.2	22->21->27->28->25->20->31->9	7	0.000983341639142	7
64	0.875	5	0.239333333333	0.0136218778278	0.223333333333	0.253333333333	0.31	0.453125	0.316521488704	0.815625	7.00098334164	0.90625	95	71.8	21	22->21->27->28->25->20->31->9	7	0.000983341639142	7
64	0.8875	5	0.237333333333	0.0103816076683	0.223333333333	0.246666666667	0.28	0.41203125	0.284869339834	0.8240625	7.00098334164	0.915625	86	71.2	12.8	22->21->27->28->25->20->31->9	7	0.000983341639142	7
64	0.9	5	0.207333333333	0.00547722557502	0.2	0.213333333333	0.25	0.37	0.253217190963	0.8325	7.00098334164	0.925	76	62.2	12.8	22->21->27->28->25->20->31->9	7	0.000983341639142	7
64	0.9125	5	0.180666666667	0.00641179468722	0.173333333333	0.19	0.216666666667	0.32703125	0.221565042093	0.8409375	7.00098334164	0.934375	67	54.2	10.8	22->21->27->28->25->20->31->9	7	0.000983341639142	7
64	0.925	5	0.164666666667	0.00691214711778	0.156666666667	0.173333333333	0.186666666667	0.283125	0.189912893222	0.849375	7.00098334164	0.94375	57	49.4	6.6	22->21->27->28->25->20->31->9	7	0.000983341639142	7
64	0.9375	5	0.136	0.00547722557505	0.13	0.143333333333	0.156666666667	0.23828125	0.158260744352	0.8578125	7.00098334164	0.953125	48	40.8	6	22->21->27->28->25->20->31->9	7	0.000983341639142	7
64	0.95	5	0.104	0.00434613493687	0.1	0.11	0.126666666667	0.1925	0.126608595482	0.86625	7.00098334164	0.9625	38	31.2	6.8	22->21->27->28->25->20->31->9	7	0.000983341639142	7
64	0.9625	5	0.0806666666667	0.00494413232473	0.0733333333333	0.0866666666667	0.0933333333333	0.14578125	0.0949564466112	0.8746875	7.00098334164	0.971875	29	24.2	3.8	22->21->27->28->25->20->31->9	7	0.000983341639142	7
64	0.975	5	0.0593333333333	0.0036514837167	0.0533333333333	0.0633333333333	0.0633333333333	0.098125	0.0633042977408	0.883125	7.00098334164	0.98125	19	17.8	1.2	22->21->27->28->25->20->31->9	7	0.000983341639142	7
64	0.9875	5	0.0313333333333	0.004472135955	0.0233333333333	0.0333333333333	0.0333333333333	0.04953125	0.0316521488704	0.8915625	7.00098334164	0.990625	10	9.4	0.6	22->21->27->28->25->20->31->9	7	0.000983341639142	7
