QTSP continuous window-size and Werner-parameter update.
Main run: one continuous QTSP simulation, updated at each source T_W boundary.
Update rule: W_next = W + gamma * (target_tp - observed_tp).
Update rule: w_next = w + gamma * ((tp_plus - tp_minus) / (w_plus - w_minus)).
Werner plus/minus probes are independent one-window QTSP runs; the main run is not restarted.
Werner parameter is clamped to [1.0e-6, 0.999999].

Initial update parameters:
  target_tp = 0.6
  iterations = 3000
  sim_time = 900000.0
  window_stats_interval = 300.0
  initial_window_size = 8
  initial_werner_w = 0.1132464045412435
  max_window_size = 100
  min_window_size = 1.0
  werner_bounds = [1.0e-6, 0.999999]
  rng_seed = 42
  parallel_within_iteration = true
  julia_threads = 1
  probe_repeats = 1
  gamma(1) = 0.03953438965034929
  delta(1) = 0.027722633142456987

Default simulation parameters before run overrides:
  flow_uuid = 4001
  werner_w = 0.75
  chi = 30.0
  send_rate = nothing
  distance_km = 25.0
  a_eta = 1.0
  beta_per_km = 0.046
  detector_a_p = 0.9
  detection_prob = nothing
  initial_window_size = 10
  max_window_size = 100
  memory_slots = nothing
  classical_delay = 0.0
  edge_classical_delays = nothing
  quantum_delay = 1.0
  initial_delay = 0.0
  source_ack_timeout = 10.0
  window_stats_interval = 1000.0

Run simulation parameters:
  source_node = 22
  destination_node = 9
  flow_uuid = 4001
  chi = 30.0
  send_rate = nothing
  distance_km = 25.0
  a_eta = 1.0
  beta_per_km = 0.046
  detector_a_p = 0.9
  detection_prob = nothing
  memory_slots = nothing
  classical_delay_fallback = 0.0
  edge_classical_delays = provided (68 edges; min=1.449228e-05, max=0.000561314176, mean=0.000157884802)
  quantum_delay = 1.0
  initial_delay = 0.0
  source_ack_timeout = 10.0

iter |    start |      end |    gamma |    delta |      W_est |  W_run |        w |   target |       tp |  tp_plus | tp_minus |     w_grad |     sent |    acked |  timeout |     W_next | Wrun_n |   w_next |   rate_n
-----------------------------------------------------------------------------------------------------------------------------------------------------------------------------------------------------------------------
   1 | 0.000000 | 300.0000 | 0.039534 | 0.027723 |   8.000000 |      8 | 0.113246 | 0.600000 | 0.296667 | 0.263333 | 0.226667 |   0.661313 |      272 |       89 |      175 |   8.011992 |      9 | 0.139391 | 21.79209
   2 | 300.0000 | 600.0000 | 0.039263 | 0.027642 |   8.011992 |      9 | 0.139391 | 0.600000 | 0.340000 | 0.356667 | 0.346667 |   0.180884 |      300 |      102 |      197 |   8.022200 |      9 | 0.146493 | 21.61226
   3 | 600.0000 | 900.0000 | 0.038995 | 0.027563 |   8.022200 |      9 | 0.146493 | 0.600000 | 0.303333 | 0.350000 | 0.313333 |   0.665140 |      296 |       91 |      205 |   8.033769 |      9 | 0.172430 | 20.95548
   4 | 900.0000 | 1200.000 | 0.038733 | 0.027486 |   8.033769 |      9 | 0.172430 | 0.600000 | 0.356667 | 0.356667 | 0.346667 |   0.181911 |      302 |      107 |      195 |   8.043194 |      9 | 0.179476 | 20.77707
   5 | 1200.000 | 1500.000 | 0.038474 | 0.027410 |   8.043194 |      9 | 0.179476 | 0.600000 | 0.350000 | 0.403333 | 0.350000 |   0.972866 |      302 |      105 |      197 |   8.052812 |      9 | 0.216906 | 19.82927
   6 | 1500.000 | 1800.000 | 0.038220 | 0.027336 |   8.052812 |      9 | 0.216906 | 0.600000 | 0.340000 | 0.410000 | 0.360000 |   0.914531 |      301 |      102 |      199 |   8.062750 |      9 | 0.251859 | 18.94420
   7 | 1800.000 | 2100.000 | 0.037969 | 0.027264 |   8.062750 |      9 | 0.251859 | 0.600000 | 0.356667 | 0.453333 | 0.380000 |   1.344877 |      301 |      107 |      194 |   8.071989 |      9 | 0.302923 | 17.65118
   8 | 2100.000 | 2400.000 | 0.037723 | 0.027193 |   8.071989 |      9 | 0.302923 | 0.600000 | 0.453333 | 0.460000 | 0.430000 |   0.551614 |      312 |      136 |      176 |   8.077521 |      9 | 0.323732 | 17.12427
   9 | 2400.000 | 2700.000 | 0.037480 | 0.027123 |   8.077521 |      9 | 0.323732 | 0.600000 | 0.386667 | 0.540000 | 0.486667 |   0.983165 |      305 |      116 |      189 |   8.085517 |      9 | 0.360581 | 16.19119
  10 | 2700.000 | 3000.000 | 0.037241 | 0.027055 |   8.085517 |      9 | 0.360581 | 0.600000 | 0.533333 | 0.530000 | 0.503333 |   0.492824 |      317 |      160 |      157 |   8.088000 |      9 | 0.378934 | 15.72645
  11 | 3000.000 | 3300.000 | 0.037006 | 0.026988 |   8.088000 |      9 | 0.378934 | 0.600000 | 0.500000 | 0.553333 | 0.440000 |   2.099699 |      315 |      150 |      165 |   8.091701 |      9 | 0.456636 | 13.75890
  12 | 3300.000 | 3600.000 | 0.036775 | 0.026922 |   8.091701 |      9 | 0.456636 | 0.600000 | 0.556667 | 0.603333 | 0.523333 |   1.485760 |      321 |      167 |      154 |   8.093294 |      9 | 0.511274 | 12.37537
  13 | 3600.000 | 3900.000 | 0.036546 | 0.026858 |   8.093294 |      9 | 0.511274 | 0.600000 | 0.570000 | 0.683333 | 0.533333 |   2.792495 |      322 |      171 |      151 |   8.094391 |      9 | 0.613330 | 9.791150
  14 | 3900.000 | 4200.000 | 0.036322 | 0.026794 |   8.094391 |      9 | 0.613330 | 0.600000 | 0.683333 | 0.800000 | 0.610000 |   3.545525 |      331 |      205 |      126 |   8.091364 |      9 | 0.742110 | 6.530229
  15 | 4200.000 | 4500.000 | 0.036100 | 0.026732 |   8.091364 |      9 | 0.742110 | 0.600000 | 0.796667 | 0.866667 | 0.783333 |   1.558676 |      343 |      239 |      104 |   8.084264 |      9 | 0.798378 | 5.105407
  16 | 4500.000 | 4800.000 | 0.035882 | 0.026671 |   8.084264 |      9 | 0.798378 | 0.600000 | 0.836667 | 0.873333 | 0.840000 |   0.624900 |      344 |      251 |       93 |   8.075772 |      9 | 0.820801 | 4.537623
  17 | 4800.000 | 5100.000 | 0.035667 | 0.026611 |   8.075772 |      9 | 0.820801 | 0.600000 | 0.890000 | 0.946667 | 0.950000 |  -0.062631 |      350 |      267 |       83 |   8.065428 |      9 | 0.818567 | 4.594189
  18 | 5100.000 | 5400.000 | 0.035455 | 0.026552 |   8.065428 |      9 | 0.818567 | 0.600000 | 0.943333 | 0.883333 | 0.870000 |   0.251082 |      355 |      283 |       72 |   8.053255 |      9 | 0.827469 | 4.368770
  19 | 5400.000 | 5700.000 | 0.035247 | 0.026494 |   8.053255 |      9 | 0.827469 | 0.600000 | 0.926667 | 0.983333 | 0.890000 |   1.761425 |      353 |      278 |       75 |   8.041741 |      9 | 0.889554 | 2.796691
  20 | 5700.000 | 6000.000 | 0.035041 | 0.026437 |   8.041741 |      9 | 0.889554 | 0.600000 | 0.940000 | 1.040000 | 0.966667 |   1.386967 |      353 |      282 |       71 |   8.029828 |      9 | 0.938154 | 1.566047
  21 | 6000.000 | 6300.000 | 0.034838 | 0.026380 |   8.029828 |      9 | 0.938154 | 0.600000 | 0.956667 | 0.793333 | 1.003333 |  -3.980229 |      349 |      287 |       62 |   8.017402 |      9 | 0.799492 | 5.077213
  22 | 6300.000 | 6600.000 | 0.034638 | 0.026325 |   8.017402 |      9 | 0.799492 | 0.600000 | 0.870000 | 0.950000 | 0.873333 |   1.456151 |      350 |      261 |       89 |   8.008050 |      9 | 0.849929 | 3.800046
  23 | 6600.000 | 6900.000 | 0.034440 | 0.026271 |   8.008050 |      9 | 0.849929 | 0.600000 | 0.933333 | 1.000000 | 0.950000 |   0.951631 |      353 |      280 |       73 |   7.996570 |      8 | 0.882704 | 2.970142
  24 | 6900.000 | 7200.000 | 0.034246 | 0.026217 |   7.996570 |      8 | 0.882704 | 0.600000 | 0.903333 | 0.880000 | 0.850000 |   0.572145 |      320 |      271 |       50 |   7.986182 |      8 | 0.902297 | 2.474002
  25 | 7200.000 | 7500.000 | 0.034054 | 0.026164 |   7.986182 |      8 | 0.902297 | 0.600000 | 0.913333 | 0.910000 | 0.846667 |   1.210296 |      322 |      274 |       48 |   7.975512 |      8 | 0.943512 | 1.430369
  26 | 7500.000 | 7800.000 | 0.033864 | 0.026112 |   7.975512 |      8 | 0.943512 | 0.600000 | 0.926667 | 0.650000 | 0.936667 |  -5.489076 |      318 |      278 |       40 |   7.964450 |      8 | 0.757629 | 6.137248
  27 | 7800.000 | 8100.000 | 0.033677 | 0.026061 |   7.964450 |      8 | 0.757629 | 0.600000 | 0.746667 | 0.776667 | 0.736667 |   0.767421 |      307 |      224 |       83 |   7.959510 |      8 | 0.783474 | 5.482817
  28 | 8100.000 | 8400.000 | 0.033493 | 0.026011 |   7.959510 |      8 | 0.783474 | 0.600000 | 0.720000 | 0.773333 | 0.750000 |   0.448529 |      305 |      216 |       89 |   7.955491 |      8 | 0.798496 | 5.102420
  29 | 8400.000 | 8700.000 | 0.033311 | 0.025961 |   7.955491 |      8 | 0.798496 | 0.600000 | 0.790000 | 0.830000 | 0.733333 |   1.861748 |      312 |      237 |       75 |   7.949162 |      8 | 0.860513 | 3.532053
  30 | 8700.000 | 9000.000 | 0.033131 | 0.025912 |   7.949162 |      8 | 0.860513 | 0.600000 | 0.890000 | 0.853333 | 0.853333 |   0.000000 |      319 |      267 |       52 |   7.939554 |      8 | 0.860513 | 3.532053
  31 | 9000.000 | 9300.000 | 0.032954 | 0.025864 |   7.939554 |      8 | 0.860513 | 0.600000 | 0.823333 | 0.850000 | 0.833333 |   0.322197 |      315 |      247 |       68 |   7.932194 |      8 | 0.871131 | 3.263194
  32 | 9300.000 | 9600.000 | 0.032779 | 0.025817 |   7.932194 |      8 | 0.871131 | 0.600000 | 0.860000 | 0.853333 | 0.810000 |   0.839255 |      316 |      258 |       58 |   7.923672 |      8 | 0.898641 | 2.566590
  33 | 9600.000 | 9900.000 | 0.032606 | 0.025770 |   7.923672 |      8 | 0.898641 | 0.600000 | 0.900000 | 0.910000 | 0.813333 |   1.875592 |      319 |      270 |       49 |   7.913890 |      8 | 0.959797 | 1.018004
  34 | 9900.000 | 10200.00 | 0.032436 | 0.025723 |   7.913890 |      8 | 0.959797 | 0.600000 | 0.880000 | 0.310000 | 0.900000 | -11.468164 |      300 |      264 |       36 |   7.904808 |      8 | 0.587816 | 10.43719
  35 | 10200.00 | 10500.00 | 0.032268 | 0.025678 |   7.904808 |      8 | 0.587816 | 0.600000 | 0.606667 | 0.610000 | 0.610000 |   0.000000 |      295 |      182 |      113 |   7.904592 |      8 | 0.587816 | 10.43719
  36 | 10500.00 | 10800.00 | 0.032101 | 0.025633 |   7.904592 |      8 | 0.587816 | 0.600000 | 0.656667 | 0.580000 | 0.553333 |   0.520168 |      298 |      197 |      101 |   7.902773 |      8 | 0.604514 | 10.01437
  37 | 10800.00 | 11100.00 | 0.031937 | 0.025588 |   7.902773 |      8 | 0.604514 | 0.600000 | 0.583333 | 0.566667 | 0.630000 |  -1.237543 |      292 |      175 |      117 |   7.903306 |      8 | 0.564991 | 11.01517
  38 | 11100.00 | 11400.00 | 0.031775 | 0.025545 |   7.903306 |      8 | 0.564991 | 0.600000 | 0.563333 | 0.620000 | 0.566667 |   1.043929 |      291 |      169 |      122 |   7.904471 |      8 | 0.598162 | 10.17523
  39 | 11400.00 | 11700.00 | 0.031615 | 0.025501 |   7.904471 |      8 | 0.598162 | 0.600000 | 0.613333 | 0.686667 | 0.583333 |   2.026044 |      296 |      184 |      112 |   7.904049 |      8 | 0.662215 | 8.553307
  40 | 11700.00 | 12000.00 | 0.031456 | 0.025459 |   7.904049 |      8 | 0.662215 | 0.600000 | 0.643333 | 0.713333 | 0.690000 |   0.458261 |      297 |      193 |      104 |   7.902686 |      8 | 0.676630 | 8.188287
  41 | 12000.00 | 12300.00 | 0.031300 | 0.025416 |   7.902686 |      8 | 0.676630 | 0.600000 | 0.696667 | 0.710000 | 0.696667 |   0.262298 |      304 |      209 |       95 |   7.899660 |      8 | 0.684840 | 7.980397
  42 | 12300.00 | 12600.00 | 0.031146 | 0.025375 |   7.899660 |      8 | 0.684840 | 0.600000 | 0.613333 | 0.713333 | 0.700000 |   0.262728 |      295 |      184 |      111 |   7.899245 |      8 | 0.693023 | 7.773193
  43 | 12600.00 | 12900.00 | 0.030993 | 0.025334 |   7.899245 |      8 | 0.693023 | 0.600000 | 0.666667 | 0.760000 | 0.676667 |   1.644717 |      299 |      200 |       99 |   7.897179 |      8 | 0.743998 | 6.482422
  44 | 12900.00 | 13200.00 | 0.030842 | 0.025293 |   7.897179 |      8 | 0.743998 | 0.600000 | 0.746667 | 0.766667 | 0.686667 |   1.581463 |      307 |      224 |       83 |   7.892655 |      8 | 0.792773 | 5.247332
  45 | 13200.00 | 13500.00 | 0.030693 | 0.025253 |   7.892655 |      8 | 0.792773 | 0.600000 | 0.786667 | 0.800000 | 0.733333 |   1.319980 |      311 |      236 |       75 |   7.886926 |      8 | 0.833288 | 4.221437
  46 | 13500.00 | 13800.00 | 0.030546 | 0.025213 |   7.886926 |      8 | 0.833288 | 0.600000 | 0.770000 | 0.843333 | 0.823333 |   0.396616 |      310 |      231 |       79 |   7.881733 |      8 | 0.845403 | 3.914664
  47 | 13800.00 | 14100.00 | 0.030400 | 0.025174 |   7.881733 |      8 | 0.845403 | 0.600000 | 0.856667 | 0.846667 | 0.826667 |   0.397233 |      316 |      257 |       59 |   7.873930 |      8 | 0.857479 | 3.608879
  48 | 14100.00 | 14400.00 | 0.030256 | 0.025135 |   7.873930 |      8 | 0.857479 | 0.600000 | 0.826667 | 0.853333 | 0.860000 |  -0.132615 |      314 |      248 |       66 |   7.867072 |      8 | 0.853466 | 3.710481
  49 | 14400.00 | 14700.00 | 0.030114 | 0.025097 |   7.867072 |      8 | 0.853466 | 0.600000 | 0.860000 | 0.896667 | 0.813333 |   1.660214 |      317 |      258 |       59 |   7.859243 |      8 | 0.903462 | 2.444501
  50 | 14700.00 | 15000.00 | 0.029973 | 0.025059 |   7.859243 |      8 | 0.903462 | 0.600000 | 0.890000 | 0.886667 | 0.840000 |   0.931122 |      319 |      267 |       52 |   7.850550 |      8 | 0.931371 | 1.737799
  51 | 15000.00 | 15300.00 | 0.029834 | 0.025022 |   7.850550 |      8 | 0.931371 | 0.600000 | 0.903333 | 0.880000 | 0.866667 |   0.266432 |      320 |      271 |       49 |   7.841501 |      8 | 0.939320 | 1.536521
  52 | 15300.00 | 15600.00 | 0.029697 | 0.024985 |   7.841501 |      8 | 0.939320 | 0.600000 | 0.903333 | 0.760000 | 0.923333 |  -3.268623 |      317 |      271 |       46 |   7.832493 |      8 | 0.842252 | 3.994440
  53 | 15600.00 | 15900.00 | 0.029561 | 0.024948 |   7.832493 |      8 | 0.842252 | 0.600000 | 0.796667 | 0.850000 | 0.796667 |   1.068869 |      312 |      239 |       73 |   7.826679 |      8 | 0.873849 | 3.194360
  54 | 15900.00 | 16200.00 | 0.029426 | 0.024912 |   7.826679 |      8 | 0.873849 | 0.600000 | 0.900000 | 0.823333 | 0.820000 |   0.066901 |      320 |      270 |       50 |   7.817851 |      8 | 0.875818 | 3.144510
  55 | 16200.00 | 16500.00 | 0.029293 | 0.024877 |   7.817851 |      8 | 0.875818 | 0.600000 | 0.843333 | 0.873333 | 0.903333 |  -0.602975 |      316 |      253 |       63 |   7.810723 |      8 | 0.858155 | 3.591771
  56 | 16500.00 | 16800.00 | 0.029162 | 0.024841 |   7.810723 |      8 | 0.858155 | 0.600000 | 0.863333 | 0.870000 | 0.793333 |   1.543130 |      317 |      259 |       58 |   7.803044 |      8 | 0.903155 | 2.452286
  57 | 16800.00 | 17100.00 | 0.029032 | 0.024806 |   7.803044 |      8 | 0.903155 | 0.600000 | 0.883333 | 0.920000 | 0.836667 |   1.679679 |      319 |      265 |       54 |   7.794818 |      8 | 0.951919 | 1.217506
  58 | 17100.00 | 17400.00 | 0.028903 | 0.024772 |   7.794818 |      8 | 0.951919 | 0.600000 | 0.910000 | 0.516667 | 0.903333 |  -7.804594 |      314 |      273 |       42 |   7.785858 |      8 | 0.726344 | 6.929444
  59 | 17400.00 | 17700.00 | 0.028775 | 0.024738 |   7.785858 |      8 | 0.726344 | 0.600000 | 0.783333 | 0.720000 | 0.720000 |   0.000000 |      311 |      235 |       75 |   7.780583 |      8 | 0.726344 | 6.929444
  60 | 17700.00 | 18000.00 | 0.028649 | 0.024704 |   7.780583 |      8 | 0.726344 | 0.600000 | 0.746667 | 0.783333 | 0.763333 |   0.404799 |      307 |      224 |       83 |   7.776381 |      8 | 0.737941 | 6.635782
  61 | 18000.00 | 18300.00 | 0.028525 | 0.024670 |   7.776381 |      8 | 0.737941 | 0.600000 | 0.823333 | 0.723333 | 0.730000 |  -0.135116 |      314 |      247 |       67 |   7.770010 |      8 | 0.734087 | 6.733376
  62 | 18300.00 | 18600.00 | 0.028401 | 0.024637 |   7.770010 |      8 | 0.734087 | 0.600000 | 0.730000 | 0.710000 | 0.700000 |   0.202947 |      305 |      219 |       86 |   7.766318 |      8 | 0.739851 | 6.587422
  63 | 18600.00 | 18900.00 | 0.028279 | 0.024604 |   7.766318 |      8 | 0.739851 | 0.600000 | 0.756667 | 0.753333 | 0.713333 |   0.812871 |      308 |      227 |       81 |   7.761888 |      8 | 0.762838 | 6.005341
  64 | 18900.00 | 19200.00 | 0.028158 | 0.024572 |   7.761888 |      8 | 0.762838 | 0.600000 | 0.793333 | 0.776667 | 0.703333 |   1.492235 |      311 |      238 |       73 |   7.756444 |      8 | 0.804857 | 4.941346
  65 | 19200.00 | 19500.00 | 0.028039 | 0.024539 |   7.756444 |      8 | 0.804857 | 0.600000 | 0.773333 | 0.816667 | 0.790000 |   0.543342 |      310 |      232 |       78 |   7.751584 |      8 | 0.820092 | 4.555576
  66 | 19500.00 | 19800.00 | 0.027921 | 0.024508 |   7.751584 |      8 | 0.820092 | 0.600000 | 0.790000 | 0.776667 | 0.800000 |  -0.476042 |      312 |      237 |       75 |   7.746279 |      8 | 0.806801 | 4.892137
  67 | 19800.00 | 20100.00 | 0.027803 | 0.024476 |   7.746279 |      8 | 0.806801 | 0.600000 | 0.820000 | 0.800000 | 0.773333 |   0.544749 |      312 |      246 |       66 |   7.740162 |      8 | 0.821947 | 4.508616
  68 | 20100.00 | 20400.00 | 0.027687 | 0.024445 |   7.740162 |      8 | 0.821947 | 0.600000 | 0.800000 | 0.820000 | 0.793333 |   0.545445 |      313 |      240 |       73 |   7.734625 |      8 | 0.837049 | 4.126208
  69 | 20400.00 | 20700.00 | 0.027573 | 0.024414 |   7.734625 |      8 | 0.837049 | 0.600000 | 0.816667 | 0.853333 | 0.790000 |   1.297073 |      313 |      245 |       68 |   7.728651 |      8 | 0.872812 | 3.220607
  70 | 20700.00 | 21000.00 | 0.027459 | 0.024383 |   7.728651 |      8 | 0.872812 | 0.600000 | 0.840000 | 0.896667 | 0.816667 |   1.640466 |      316 |      252 |       64 |   7.722060 |      8 | 0.917858 | 2.079973
  71 | 21000.00 | 21300.00 | 0.027347 | 0.024353 |   7.722060 |      8 | 0.917858 | 0.600000 | 0.960000 | 0.950000 | 0.870000 |   1.642509 |      325 |      288 |       37 |   7.712216 |      8 | 0.962775 | 0.942598
  72 | 21300.00 | 21600.00 | 0.027235 | 0.024323 |   7.712216 |      8 | 0.962775 | 0.600000 | 0.803333 | 0.293333 | 0.863333 | -11.717335 |      279 |      241 |       39 |   7.706678 |      8 | 0.643652 | 9.023356
  73 | 21600.00 | 21900.00 | 0.027125 | 0.024293 |   7.706678 |      8 | 0.643652 | 0.600000 | 0.670000 | 0.643333 | 0.596667 |   0.960489 |      299 |      201 |       97 |   7.704779 |      8 | 0.669705 | 8.363646
  74 | 21900.00 | 22200.00 | 0.027016 | 0.024264 |   7.704779 |      8 | 0.669705 | 0.600000 | 0.673333 | 0.680000 | 0.660000 |   0.412139 |      303 |      202 |      101 |   7.702798 |      8 | 0.680839 | 8.081709
  75 | 22200.00 | 22500.00 | 0.026908 | 0.024234 |   7.702798 |      8 | 0.680839 | 0.600000 | 0.690000 | 0.710000 | 0.650000 |   1.237906 |      301 |      207 |       94 |   7.700376 |      8 | 0.714148 | 7.238269
  76 | 22500.00 | 22800.00 | 0.026800 | 0.024206 |   7.700376 |      8 | 0.714148 | 0.600000 | 0.723333 | 0.726667 | 0.733333 |  -0.137710 |      305 |      217 |       88 |   7.697071 |      8 | 0.710457 | 7.331723
  77 | 22800.00 | 23100.00 | 0.026694 | 0.024177 |   7.697071 |      8 | 0.710457 | 0.600000 | 0.656667 | 0.733333 | 0.746667 |  -0.275746 |      299 |      197 |      102 |   7.695558 |      8 | 0.703096 | 7.518112
  78 | 23100.00 | 23400.00 | 0.026589 | 0.024148 |   7.695558 |      8 | 0.703096 | 0.600000 | 0.730000 | 0.660000 | 0.713333 |  -1.104283 |      305 |      219 |       86 |   7.692102 |      8 | 0.673734 | 8.261609
  79 | 23400.00 | 23700.00 | 0.026485 | 0.024120 |   7.692102 |      8 | 0.673734 | 0.600000 | 0.690000 | 0.663333 | 0.620000 |   0.898278 |      303 |      207 |       96 |   7.689718 |      8 | 0.697525 | 7.659179
  80 | 23700.00 | 24000.00 | 0.026382 | 0.024092 |   7.689718 |      8 | 0.697525 | 0.600000 | 0.740000 | 0.726667 | 0.696667 |   0.622605 |      306 |      222 |       84 |   7.686024 |      8 | 0.713951 | 7.243254
  81 | 24000.00 | 24300.00 | 0.026280 | 0.024065 |   7.686024 |      8 | 0.713951 | 0.600000 | 0.763333 | 0.733333 | 0.656667 |   1.592932 |      309 |      229 |       80 |   7.681732 |      8 | 0.755813 | 6.183231
  82 | 24300.00 | 24600.00 | 0.026179 | 0.024037 |   7.681732 |      8 | 0.755813 | 0.600000 | 0.763333 | 0.783333 | 0.650000 |   2.773479 |      309 |      229 |       80 |   7.677456 |      8 | 0.828420 | 4.344712
  83 | 24600.00 | 24900.00 | 0.026079 | 0.024010 |   7.677456 |      8 | 0.828420 | 0.600000 | 0.823333 | 0.840000 | 0.816667 |   0.485909 |      314 |      247 |       67 |   7.671632 |      8 | 0.841091 | 4.023840
  84 | 24900.00 | 25200.00 | 0.025979 | 0.023983 |   7.671632 |      8 | 0.841091 | 0.600000 | 0.823333 | 0.876667 | 0.806667 |   1.459364 |      312 |      247 |       65 |   7.665830 |      8 | 0.879005 | 3.063811
  85 | 25200.00 | 25500.00 | 0.025881 | 0.023956 |   7.665830 |      8 | 0.879005 | 0.600000 | 0.880000 | 0.806667 | 0.846667 |  -0.834853 |      319 |      264 |       55 |   7.658583 |      8 | 0.857398 | 3.610931
  86 | 25500.00 | 25800.00 | 0.025783 | 0.023930 |   7.658583 |      8 | 0.857398 | 0.600000 | 0.873333 | 0.843333 | 0.850000 |  -0.139296 |      320 |      262 |       58 |   7.651536 |      8 | 0.853806 | 3.701875
  87 | 25800.00 | 26100.00 | 0.025687 | 0.023904 |   7.651536 |      8 | 0.853806 | 0.600000 | 0.833333 | 0.890000 | 0.820000 |   1.464219 |      314 |      250 |       64 |   7.645542 |      8 | 0.891418 | 2.749495
  88 | 26100.00 | 26400.00 | 0.025591 | 0.023877 |   7.645542 |      8 | 0.891418 | 0.600000 | 0.880000 | 0.876667 | 0.836667 |   0.837610 |      318 |      264 |       54 |   7.638377 |      8 | 0.912853 | 2.206715
  89 | 26400.00 | 26700.00 | 0.025496 | 0.023852 |   7.638377 |      8 | 0.912853 | 0.600000 | 0.923333 | 0.843333 | 0.850000 |  -0.139753 |      322 |      277 |       45 |   7.630133 |      8 | 0.909290 | 2.296940
  90 | 26700.00 | 27000.00 | 0.025402 | 0.023826 |   7.630133 |      8 | 0.909290 | 0.600000 | 0.913333 | 0.883333 | 0.863333 |   0.419710 |      321 |      274 |       48 |   7.622173 |      8 | 0.919951 | 2.026971
  91 | 27000.00 | 27300.00 | 0.025309 | 0.023801 |   7.622173 |      8 | 0.919951 | 0.600000 | 0.876667 | 0.913333 | 0.856667 |   1.190448 |      318 |      263 |       54 |   7.615171 |      8 | 0.950080 | 1.264048
  92 | 27300.00 | 27600.00 | 0.025217 | 0.023775 |   7.615171 |      8 | 0.950080 | 0.600000 | 0.913333 | 0.553333 | 0.913333 |  -7.570869 |      314 |      274 |       40 |   7.607270 |      8 | 0.759168 | 6.098287
  93 | 27600.00 | 27900.00 | 0.025125 | 0.023750 |   7.607270 |      8 | 0.759168 | 0.600000 | 0.720000 | 0.700000 | 0.716667 |  -0.350872 |      305 |      216 |       89 |   7.604255 |      8 | 0.750352 | 6.321517
  94 | 27900.00 | 28200.00 | 0.025034 | 0.023726 |   7.604255 |      8 | 0.750352 | 0.600000 | 0.703333 | 0.763333 | 0.670000 |   1.966940 |      304 |      211 |       93 |   7.601668 |      8 | 0.799593 | 5.074641
  95 | 28200.00 | 28500.00 | 0.024945 | 0.023701 |   7.601668 |      8 | 0.799593 | 0.600000 | 0.783333 | 0.830000 | 0.753333 |   1.617379 |      310 |      235 |       75 |   7.597095 |      8 | 0.839938 | 4.053042
  96 | 28500.00 | 28800.00 | 0.024855 | 0.023676 |   7.597095 |      8 | 0.839938 | 0.600000 | 0.846667 | 0.840000 | 0.820000 |   0.422360 |      316 |      254 |       62 |   7.590964 |      8 | 0.850436 | 3.787216
  97 | 28800.00 | 29100.00 | 0.024767 | 0.023652 |   7.590964 |      8 | 0.850436 | 0.600000 | 0.796667 | 0.803333 | 0.806667 |  -0.070465 |      312 |      239 |       73 |   7.586093 |      8 | 0.848691 | 3.831408
  98 | 29100.00 | 29400.00 | 0.024679 | 0.023628 |   7.586093 |      8 | 0.848691 | 0.600000 | 0.763333 | 0.863333 | 0.783333 |   1.692892 |      308 |      229 |       79 |   7.582062 |      8 | 0.890470 | 2.773478
  99 | 29400.00 | 29700.00 | 0.024593 | 0.023604 |   7.582062 |      8 | 0.890470 | 0.600000 | 0.856667 | 0.926667 | 0.880000 |   0.988518 |      317 |      257 |       60 |   7.575750 |      8 | 0.914781 | 2.157903
 100 | 29700.00 | 30000.00 | 0.024506 | 0.023581 |   7.575750 |      8 | 0.914781 | 0.600000 | 0.883333 | 0.910000 | 0.880000 |   0.636114 |      317 |      265 |       52 |   7.568807 |      8 | 0.930369 | 1.763167
 101 | 30000.00 | 30300.00 | 0.024421 | 0.023557 |   7.568807 |      8 | 0.930369 | 0.600000 | 0.963333 | 0.906667 | 0.883333 |   0.495249 |      326 |      289 |       37 |   7.559934 |      8 | 0.942464 | 1.456915
 102 | 30300.00 | 30600.00 | 0.024336 | 0.023534 |   7.559934 |      8 | 0.942464 | 0.600000 | 0.873333 | 0.766667 | 0.856667 |  -1.912137 |      313 |      262 |       51 |   7.553282 |      8 | 0.895930 | 2.635243
 103 | 30600.00 | 30900.00 | 0.024252 | 0.023511 |   7.553282 |      8 | 0.895930 | 0.600000 | 0.920000 | 0.843333 | 0.840000 |   0.070890 |      321 |      276 |       45 |   7.545521 |      8 | 0.897649 | 2.591709
 104 | 30900.00 | 31200.00 | 0.024169 | 0.023488 |   7.545521 |      8 | 0.897649 | 0.600000 | 0.883333 | 0.830000 | 0.840000 |  -0.212877 |      319 |      265 |       54 |   7.538673 |      8 | 0.892504 | 2.721990
 105 | 31200.00 | 31500.00 | 0.024086 | 0.023465 |   7.538673 |      8 | 0.892504 | 0.600000 | 0.830000 | 0.870000 | 0.853333 |   0.355139 |      314 |      249 |       65 |   7.533133 |      8 | 0.901058 | 2.505387
 106 | 31500.00 | 31800.00 | 0.024005 | 0.023442 |   7.533133 |      8 | 0.901058 | 0.600000 | 0.883333 | 0.866667 | 0.870000 |  -0.071096 |      319 |      265 |       54 |   7.526332 |      8 | 0.899351 | 2.548602
 107 | 31800.00 | 32100.00 | 0.023923 | 0.023420 |   7.526332 |      8 | 0.899351 | 0.600000 | 0.880000 | 0.876667 | 0.906667 |  -0.640481 |      317 |      264 |       53 |   7.519633 |      8 | 0.884029 | 2.936592
 108 | 32100.00 | 32400.00 | 0.023843 | 0.023398 |   7.519633 |      8 | 0.884029 | 0.600000 | 0.883333 | 0.893333 | 0.793333 |   2.136971 |      320 |      265 |       55 |   7.512878 |      8 | 0.934980 | 1.646420
 109 | 32400.00 | 32700.00 | 0.023763 | 0.023375 |   7.512878 |      8 | 0.934980 | 0.600000 | 0.863333 | 0.890000 | 0.906667 |  -0.356499 |      314 |      259 |       55 |   7.506620 |      8 | 0.926509 | 1.860931
 110 | 32700.00 | 33000.00 | 0.023684 | 0.023354 |   7.506620 |      8 | 0.926509 | 0.600000 | 0.946667 | 0.883333 | 0.830000 |   1.141870 |      324 |      284 |       40 |   7.498410 |      8 | 0.953552 | 1.176143
 111 | 33000.00 | 33300.00 | 0.023605 | 0.023332 |   7.498410 |      8 | 0.953552 | 0.600000 | 0.903333 | 0.506667 | 0.923333 |  -8.929202 |      311 |      271 |       41 |   7.491250 |      8 | 0.742779 | 6.513277
 112 | 33300.00 | 33600.00 | 0.023527 | 0.023310 |   7.491250 |      8 | 0.742779 | 0.600000 | 0.713333 | 0.756667 | 0.710000 |   1.001000 |      304 |      214 |       89 |   7.488584 |      8 | 0.766329 | 5.916939
 113 | 33600.00 | 33900.00 | 0.023450 | 0.023289 |   7.488584 |      8 | 0.766329 | 0.600000 | 0.743333 | 0.780000 | 0.703333 |   1.646019 |      309 |      223 |       86 |   7.485222 |      8 | 0.804928 | 4.939562
 114 | 33900.00 | 34200.00 | 0.023373 | 0.023267 |   7.485222 |      8 | 0.804928 | 0.600000 | 0.833333 | 0.810000 | 0.776667 |   0.716317 |      313 |      250 |       63 |   7.479769 |      8 | 0.821670 | 4.515618
 115 | 34200.00 | 34500.00 | 0.023297 | 0.023246 |   7.479769 |      8 | 0.821670 | 0.600000 | 0.853333 | 0.790000 | 0.796667 |  -0.143394 |      317 |      256 |       61 |   7.473867 |      8 | 0.818330 | 4.600207
 116 | 34500.00 | 34800.00 | 0.023221 | 0.023225 |   7.473867 |      8 | 0.818330 | 0.600000 | 0.853333 | 0.850000 | 0.793333 |   1.219955 |      317 |      256 |       61 |   7.467984 |      8 | 0.846658 | 3.882877
 117 | 34800.00 | 35100.00 | 0.023146 | 0.023204 |   7.467984 |      8 | 0.846658 | 0.600000 | 0.860000 | 0.886667 | 0.786667 |   2.154802 |      317 |      258 |       59 |   7.461966 |      8 | 0.896534 | 2.619948
 118 | 35100.00 | 35400.00 | 0.023072 | 0.023183 |   7.461966 |      8 | 0.896534 | 0.600000 | 0.890000 | 0.916667 | 0.840000 |   1.653495 |      320 |      267 |       53 |   7.455276 |      8 | 0.934683 | 1.653949
 119 | 35400.00 | 35700.00 | 0.022998 | 0.023163 |   7.455276 |      8 | 0.934683 | 0.600000 | 0.886667 | 0.903333 | 0.896667 |   0.143910 |      316 |      266 |       50 |   7.448683 |      8 | 0.937992 | 1.570143
 120 | 35700.00 | 36000.00 | 0.022925 | 0.023142 |   7.448683 |      8 | 0.937992 | 0.600000 | 0.910000 | 0.840000 | 0.820000 |   0.432113 |      318 |      273 |       45 |   7.441576 |      8 | 0.947898 | 1.319304
 121 | 36000.00 | 36300.00 | 0.022852 | 0.023122 |   7.441576 |      8 | 0.947898 | 0.600000 | 0.853333 | 0.606667 | 0.840000 |  -5.045755 |      309 |      256 |       54 |   7.435787 |      8 | 0.832592 | 4.239049
 122 | 36300.00 | 36600.00 | 0.022780 | 0.023102 |   7.435787 |      8 | 0.832592 | 0.600000 | 0.816667 | 0.826667 | 0.803333 |   0.505017 |      315 |      245 |       69 |   7.430851 |      8 | 0.844097 | 3.947741
 123 | 36600.00 | 36900.00 | 0.022708 | 0.023081 |   7.430851 |      8 | 0.844097 | 0.600000 | 0.850000 | 0.863333 | 0.760000 |   2.238450 |      317 |      255 |       62 |   7.425174 |      8 | 0.894928 | 2.660597
 124 | 36900.00 | 37200.00 | 0.022637 | 0.023062 |   7.425174 |      8 | 0.894928 | 0.600000 | 0.883333 | 0.903333 | 0.840000 |   1.373140 |      318 |      265 |       53 |   7.418760 |      8 | 0.926013 | 1.873489
 125 | 37200.00 | 37500.00 | 0.022567 | 0.023042 |   7.418760 |      8 | 0.926013 | 0.600000 | 0.913333 | 0.900000 | 0.896667 |   0.072333 |      321 |      274 |       47 |   7.411689 |      8 | 0.927645 | 1.832155
 126 | 37500.00 | 37800.00 | 0.022497 | 0.023022 |   7.411689 |      8 | 0.927645 | 0.600000 | 0.923333 | 0.863333 | 0.883333 |  -0.434367 |      321 |      277 |       44 |   7.404415 |      8 | 0.917873 | 2.079598
 127 | 37800.00 | 38100.00 | 0.022428 | 0.023002 |   7.404415 |      8 | 0.917873 | 0.600000 | 0.883333 | 0.890000 | 0.830000 |   1.304209 |      317 |      265 |       52 |   7.398061 |      8 | 0.947123 | 1.338932
 128 | 38100.00 | 38400.00 | 0.022359 | 0.022983 |   7.398061 |      8 | 0.947123 | 0.600000 | 0.936667 | 0.633333 | 0.883333 |  -5.438799 |      319 |      281 |       38 |   7.390533 |      8 | 0.825519 | 4.418160
 129 | 38400.00 | 38700.00 | 0.022290 | 0.022964 |   7.390533 |      8 | 0.825519 | 0.600000 | 0.826667 | 0.840000 | 0.833333 |   0.145157 |      315 |      248 |       67 |   7.385481 |      8 | 0.828755 | 4.336229
 130 | 38700.00 | 39000.00 | 0.022222 | 0.022945 |   7.385481 |      8 | 0.828755 | 0.600000 | 0.806667 | 0.810000 | 0.810000 |   0.000000 |      312 |      242 |       70 |   7.380888 |      8 | 0.828755 | 4.336229
 131 | 39000.00 | 39300.00 | 0.022155 | 0.022925 |   7.380888 |      8 | 0.828755 | 0.600000 | 0.813333 | 0.863333 | 0.833333 |   0.654294 |      313 |      244 |       69 |   7.376162 |      8 | 0.843250 | 3.969169
 132 | 39300.00 | 39600.00 | 0.022088 | 0.022907 |   7.376162 |      8 | 0.843250 | 0.600000 | 0.840000 | 0.756667 | 0.816667 |  -1.309670 |      314 |      252 |       62 |   7.370861 |      8 | 0.814322 | 4.701679
 133 | 39600.00 | 39900.00 | 0.022022 | 0.022888 |   7.370861 |      8 | 0.814322 | 0.600000 | 0.806667 | 0.796667 | 0.716667 |   1.747663 |      313 |      242 |       71 |   7.366310 |      8 | 0.852809 | 3.727134
 134 | 39900.00 | 40200.00 | 0.021956 | 0.022869 |   7.366310 |      8 | 0.852809 | 0.600000 | 0.870000 | 0.783333 | 0.820000 |  -0.801667 |      319 |      261 |       58 |   7.360382 |      8 | 0.835208 | 4.172828
 135 | 40200.00 | 40500.00 | 0.021890 | 0.022850 |   7.360382 |      8 | 0.835208 | 0.600000 | 0.803333 | 0.800000 | 0.813333 |  -0.291752 |      310 |      241 |       69 |   7.355930 |      8 | 0.828821 | 4.334546
 136 | 40500.00 | 40800.00 | 0.021825 | 0.022832 |   7.355930 |      8 | 0.828821 | 0.600000 | 0.846667 | 0.813333 | 0.846667 |  -0.729971 |      318 |      254 |       64 |   7.350547 |      8 | 0.812889 | 4.737969
 137 | 40800.00 | 41100.00 | 0.021761 | 0.022814 |   7.350547 |      8 | 0.812889 | 0.600000 | 0.833333 | 0.783333 | 0.816667 |  -0.730558 |      315 |      250 |       65 |   7.345469 |      8 | 0.796992 | 5.140523
 138 | 41100.00 | 41400.00 | 0.021697 | 0.022795 |   7.345469 |      8 | 0.796992 | 0.600000 | 0.740000 | 0.803333 | 0.750000 |   1.169829 |      306 |      222 |       84 |   7.342432 |      8 | 0.822373 | 4.497818
 139 | 41400.00 | 41700.00 | 0.021633 | 0.022777 |   7.342432 |      8 | 0.822373 | 0.600000 | 0.800000 | 0.880000 | 0.770000 |   2.414693 |      312 |      240 |       72 |   7.338105 |      8 | 0.874611 | 3.175072
 140 | 41700.00 | 42000.00 | 0.021570 | 0.022759 |   7.338105 |      8 | 0.874611 | 0.600000 | 0.833333 | 0.866667 | 0.770000 |   2.123683 |      313 |      250 |       63 |   7.333072 |      8 | 0.920419 | 2.015133
 141 | 42000.00 | 42300.00 | 0.021507 | 0.022741 |   7.333072 |      8 | 0.920419 | 0.600000 | 0.913333 | 0.900000 | 0.913333 |  -0.293153 |      322 |      274 |       48 |   7.326333 |      8 | 0.914114 | 2.174785
 142 | 42300.00 | 42600.00 | 0.021445 | 0.022723 |   7.326333 |      8 | 0.914114 | 0.600000 | 0.833333 | 0.846667 | 0.880000 |  -0.733456 |      313 |      250 |       63 |   7.321329 |      8 | 0.898385 | 2.573072
 143 | 42600.00 | 42900.00 | 0.021383 | 0.022706 |   7.321329 |      8 | 0.898385 | 0.600000 | 0.836667 | 0.926667 | 0.813333 |   2.495694 |      315 |      251 |       64 |   7.316269 |      8 | 0.951751 | 1.221746
 144 | 42900.00 | 43200.00 | 0.021322 | 0.022688 |   7.316269 |      8 | 0.951751 | 0.600000 | 0.950000 | 0.570000 | 0.923333 |  -7.786726 |      317 |      285 |       32 |   7.308806 |      8 | 0.785723 | 5.425867
 145 | 43200.00 | 43500.00 | 0.021261 | 0.022671 |   7.308806 |      8 | 0.785723 | 0.600000 | 0.800000 | 0.776667 | 0.753333 |   0.514614 |      311 |      240 |       71 |   7.304554 |      8 | 0.796664 | 5.148817
 146 | 43500.00 | 43800.00 | 0.021200 | 0.022653 |   7.304554 |      8 | 0.796664 | 0.600000 | 0.853333 | 0.793333 | 0.740000 |   1.177164 |      318 |      256 |       62 |   7.299183 |      8 | 0.821620 | 4.516877
 147 | 43800.00 | 44100.00 | 0.021140 | 0.022636 |   7.299183 |      8 | 0.821620 | 0.600000 | 0.773333 | 0.883333 | 0.733333 |   3.313303 |      309 |      232 |       78 |   7.295519 |      8 | 0.891665 | 2.743233
 148 | 44100.00 | 44400.00 | 0.021081 | 0.022619 |   7.295519 |      8 | 0.891665 | 0.600000 | 0.883333 | 0.880000 | 0.843333 |   0.810534 |      320 |      265 |       54 |   7.289546 |      8 | 0.908751 | 2.310571
 149 | 44400.00 | 44700.00 | 0.021021 | 0.022602 |   7.289546 |      8 | 0.908751 | 0.600000 | 0.870000 | 0.896667 | 0.843333 |   1.179850 |      316 |      261 |       55 |   7.283870 |      8 | 0.933553 | 1.682541
 150 | 44700.00 | 45000.00 | 0.020962 | 0.022585 |   7.283870 |      8 | 0.933553 | 0.600000 | 0.923333 | 0.850000 | 0.893333 |  -0.959349 |      320 |      277 |       43 |   7.277092 |      8 | 0.913443 | 2.191769
 151 | 45000.00 | 45300.00 | 0.020904 | 0.022568 |   7.277092 |      8 | 0.913443 | 0.600000 | 0.930000 | 0.896667 | 0.876667 |   0.443108 |      322 |      279 |       43 |   7.270194 |      8 | 0.922706 | 1.957221
 152 | 45300.00 | 45600.00 | 0.020846 | 0.022551 |   7.270194 |      8 | 0.922706 | 0.600000 | 0.873333 | 0.856667 | 0.860000 |  -0.073906 |      318 |      262 |       56 |   7.264496 |      8 | 0.921165 | 1.996233
 153 | 45600.00 | 45900.00 | 0.020788 | 0.022534 |   7.264496 |      8 | 0.921165 | 0.600000 | 0.900000 | 0.896667 | 0.926667 |  -0.665650 |      319 |      270 |       49 |   7.258259 |      8 | 0.907328 | 2.346625
 154 | 45900.00 | 46200.00 | 0.020731 | 0.022518 |   7.258259 |      8 | 0.907328 | 0.600000 | 0.890000 | 0.916667 | 0.840000 |   1.702359 |      319 |      267 |       52 |   7.252248 |      8 | 0.942619 | 1.452989
 155 | 46200.00 | 46500.00 | 0.020674 | 0.022501 |   7.252248 |      8 | 0.942619 | 0.600000 | 0.916667 | 0.766667 | 0.893333 |  -2.814657 |      319 |      275 |       44 |   7.245701 |      8 | 0.884429 | 2.926456
 156 | 46500.00 | 46800.00 | 0.020617 | 0.022485 |   7.245701 |      8 | 0.884429 | 0.600000 | 0.896667 | 0.913333 | 0.833333 |   1.778976 |      320 |      269 |       51 |   7.239584 |      8 | 0.921107 | 1.997714
 157 | 46800.00 | 47100.00 | 0.020561 | 0.022469 |   7.239584 |      8 | 0.921107 | 0.600000 | 0.900000 | 0.893333 | 0.890000 |   0.074178 |      320 |      270 |       50 |   7.233416 |      8 | 0.922632 | 1.959094
 158 | 47100.00 | 47400.00 | 0.020505 | 0.022452 |   7.233416 |      8 | 0.922632 | 0.600000 | 0.900000 | 0.920000 | 0.910000 |   0.222695 |      319 |      270 |       49 |   7.227264 |      8 | 0.927198 | 1.843464
 159 | 47400.00 | 47700.00 | 0.020450 | 0.022436 |   7.227264 |      8 | 0.927198 | 0.600000 | 0.923333 | 0.876667 | 0.880000 |  -0.074285 |      321 |      277 |       44 |   7.220652 |      8 | 0.925679 | 1.881931
 160 | 47700.00 | 48000.00 | 0.020395 | 0.022420 |   7.220652 |      8 | 0.925679 | 0.600000 | 0.893333 | 0.870000 | 0.873333 |  -0.074338 |      319 |      268 |       52 |   7.214670 |      8 | 0.924163 | 1.920321
 161 | 48000.00 | 48300.00 | 0.020340 | 0.022404 |   7.214670 |      8 | 0.924163 | 0.600000 | 0.866667 | 0.896667 | 0.880000 |   0.371956 |      316 |      260 |       55 |   7.209246 |      8 | 0.931729 | 1.728747
 162 | 48300.00 | 48600.00 | 0.020286 | 0.022388 |   7.209246 |      8 | 0.931729 | 0.600000 | 0.936667 | 0.913333 | 0.846667 |   1.488878 |      322 |      281 |       41 |   7.202416 |      8 | 0.961932 | 0.963959
 163 | 48600.00 | 48900.00 | 0.020232 | 0.022372 |   7.202416 |      8 | 0.961932 | 0.600000 | 0.846667 | 0.363333 | 0.870000 | -11.323463 |      283 |      254 |       31 |   7.197426 |      8 | 0.732839 | 6.764966
 164 | 48900.00 | 49200.00 | 0.020178 | 0.022357 |   7.197426 |      8 | 0.732839 | 0.600000 | 0.746667 | 0.746667 | 0.666667 |   1.789172 |      308 |      224 |       82 |   7.194466 |      8 | 0.768941 | 5.850806
 165 | 49200.00 | 49500.00 | 0.020125 | 0.022341 |   7.194466 |      8 | 0.768941 | 0.600000 | 0.776667 | 0.776667 | 0.740000 |   0.820611 |      310 |      233 |       77 |   7.190911 |      8 | 0.785456 | 5.432631
 166 | 49500.00 | 49800.00 | 0.020072 | 0.022326 |   7.190911 |      8 | 0.785456 | 0.600000 | 0.796667 | 0.813333 | 0.746667 |   1.493058 |      312 |      239 |       73 |   7.186964 |      8 | 0.815424 | 4.673786
 167 | 49800.00 | 50100.00 | 0.020019 | 0.022310 |   7.186964 |      8 | 0.815424 | 0.600000 | 0.816667 | 0.843333 | 0.826667 |   0.373523 |      313 |      245 |       68 |   7.182626 |      8 | 0.822901 | 4.484441
 168 | 50100.00 | 50400.00 | 0.019967 | 0.022295 |   7.182626 |      8 | 0.822901 | 0.600000 | 0.850000 | 0.820000 | 0.786667 |   0.747562 |      315 |      255 |       60 |   7.177635 |      8 | 0.837828 | 4.106481
 169 | 50400.00 | 50700.00 | 0.019915 | 0.022279 |   7.177635 |      8 | 0.837828 | 0.600000 | 0.853333 | 0.810000 | 0.796667 |   0.299230 |      317 |      256 |       61 |   7.172589 |      8 | 0.843787 | 3.955587
 170 | 50700.00 | 51000.00 | 0.019863 | 0.022264 |   7.172589 |      8 | 0.843787 | 0.600000 | 0.876667 | 0.843333 | 0.800000 |   0.973163 |      320 |      263 |       57 |   7.167094 |      8 | 0.863117 | 3.466119
 171 | 51000.00 | 51300.00 | 0.019812 | 0.022249 |   7.167094 |      8 | 0.863117 | 0.600000 | 0.840000 | 0.820000 | 0.806667 |   0.299638 |      314 |      252 |       62 |   7.162339 |      8 | 0.869053 | 3.315801
 172 | 51300.00 | 51600.00 | 0.019761 | 0.022234 |   7.162339 |      8 | 0.869053 | 0.600000 | 0.836667 | 0.860000 | 0.796667 |   1.424247 |      315 |      251 |       64 |   7.157663 |      8 | 0.897197 | 2.603145
 173 | 51600.00 | 51900.00 | 0.019710 | 0.022219 |   7.157663 |      8 | 0.897197 | 0.600000 | 0.846667 | 0.893333 | 0.820000 |   1.650240 |      316 |      254 |       62 |   7.152801 |      8 | 0.929723 | 1.779525
 174 | 51900.00 | 52200.00 | 0.019660 | 0.022204 |   7.152801 |      8 | 0.929723 | 0.600000 | 0.883333 | 0.853333 | 0.910000 |  -1.276042 |      315 |      265 |       50 |   7.147231 |      8 | 0.904637 | 2.414758
 175 | 52200.00 | 52500.00 | 0.019610 | 0.022189 |   7.147231 |      8 | 0.904637 | 0.600000 | 0.923333 | 0.960000 | 0.853333 |   2.403566 |      323 |      277 |       46 |   7.140890 |      8 | 0.951770 | 1.221274
 176 | 52500.00 | 52800.00 | 0.019560 | 0.022174 |   7.140890 |      8 | 0.951770 | 0.600000 | 0.956667 | 0.560000 | 0.916667 |  -8.042273 |      320 |      287 |       33 |   7.133914 |      8 | 0.794465 | 5.204506
 177 | 52800.00 | 53100.00 | 0.019510 | 0.022160 |   7.133914 |      8 | 0.794465 | 0.600000 | 0.753333 | 0.810000 | 0.743333 |   1.504224 |      307 |      226 |       81 |   7.130922 |      8 | 0.823813 | 4.461368
 178 | 53100.00 | 53400.00 | 0.019461 | 0.022145 |   7.130922 |      8 | 0.823813 | 0.600000 | 0.856667 | 0.780000 | 0.776667 |   0.075261 |      317 |      257 |       60 |   7.125927 |      8 | 0.825277 | 4.424280
 179 | 53400.00 | 53700.00 | 0.019412 | 0.022131 |   7.125927 |      8 | 0.825277 | 0.600000 | 0.806667 | 0.810000 | 0.806667 |   0.075310 |      312 |      242 |       70 |   7.121915 |      8 | 0.826739 | 4.387261
 180 | 53700.00 | 54000.00 | 0.019364 | 0.022116 |   7.121915 |      8 | 0.826739 | 0.600000 | 0.866667 | 0.803333 | 0.830000 |  -0.602876 |      318 |      260 |       58 |   7.116752 |      8 | 0.815065 | 4.682865
 181 | 54000.00 | 54300.00 | 0.019315 | 0.022102 |   7.116752 |      8 | 0.815065 | 0.600000 | 0.780000 | 0.836667 | 0.813333 |   0.527860 |      310 |      234 |       76 |   7.113275 |      8 | 0.825261 | 4.424688
 182 | 54300.00 | 54600.00 | 0.019268 | 0.022088 |   7.113275 |      8 | 0.825261 | 0.600000 | 0.746667 | 0.813333 | 0.833333 |  -0.452745 |      308 |      224 |       84 |   7.110449 |      8 | 0.816538 | 4.645576
 183 | 54600.00 | 54900.00 | 0.019220 | 0.022073 |   7.110449 |      8 | 0.816538 | 0.600000 | 0.793333 | 0.813333 | 0.783333 |   0.679555 |      310 |      238 |       72 |   7.106733 |      8 | 0.829599 | 4.314851
 184 | 54900.00 | 55200.00 | 0.019172 | 0.022059 |   7.106733 |      8 | 0.829599 | 0.600000 | 0.790000 | 0.840000 | 0.753333 |   1.964421 |      311 |      237 |       74 |   7.103090 |      8 | 0.867262 | 3.361166
 185 | 55200.00 | 55500.00 | 0.019125 | 0.022045 |   7.103090 |      8 | 0.867262 | 0.600000 | 0.873333 | 0.820000 | 0.850000 |  -0.680427 |      318 |      262 |       56 |   7.097863 |      8 | 0.854248 | 3.690687
 186 | 55500.00 | 55800.00 | 0.019078 | 0.022031 |   7.097863 |      8 | 0.854248 | 0.600000 | 0.826667 | 0.803333 | 0.880000 |  -1.739976 |      314 |      248 |       66 |   7.093538 |      8 | 0.821052 | 4.531270
 187 | 55800.00 | 56100.00 | 0.019032 | 0.022017 |   7.093538 |      8 | 0.821052 | 0.600000 | 0.783333 | 0.830000 | 0.783333 |   1.059788 |      311 |      235 |       76 |   7.090049 |      8 | 0.841222 | 4.020535
 188 | 56100.00 | 56400.00 | 0.018986 | 0.022003 |   7.090049 |      8 | 0.841222 | 0.600000 | 0.890000 | 0.896667 | 0.800000 |   2.196662 |      320 |      267 |       53 |   7.084543 |      8 | 0.882927 | 2.964492
 189 | 56400.00 | 56700.00 | 0.018940 | 0.021989 |   7.084543 |      8 | 0.882927 | 0.600000 | 0.816667 | 0.863333 | 0.853333 |   0.227384 |      312 |      245 |       67 |   7.080440 |      8 | 0.887233 | 2.855442
 190 | 56700.00 | 57000.00 | 0.018894 | 0.021975 |   7.080440 |      8 | 0.887233 | 0.600000 | 0.926667 | 0.886667 | 0.896667 |  -0.227526 |      324 |      278 |       46 |   7.074268 |      8 | 0.882935 | 2.964297
 191 | 57000.00 | 57300.00 | 0.018848 | 0.021962 |   7.074268 |      8 | 0.882935 | 0.600000 | 0.886667 | 0.883333 | 0.856667 |   0.607115 |      319 |      266 |       53 |   7.068864 |      8 | 0.894378 | 2.674536
 192 | 57300.00 | 57600.00 | 0.018803 | 0.021948 |   7.068864 |      8 | 0.894378 | 0.600000 | 0.873333 | 0.836667 | 0.830000 |   0.151873 |      317 |      262 |       55 |   7.063725 |      8 | 0.897233 | 2.602225
 193 | 57600.00 | 57900.00 | 0.018758 | 0.021935 |   7.063725 |      8 | 0.897233 | 0.600000 | 0.933333 | 0.876667 | 0.866667 |   0.227951 |      324 |      280 |       44 |   7.057472 |      8 | 0.901509 | 2.493950
 194 | 57900.00 | 58200.00 | 0.018714 | 0.021921 |   7.057472 |      8 | 0.901509 | 0.600000 | 0.880000 | 0.886667 | 0.813333 |   1.672669 |      317 |      264 |       53 |   7.052232 |      8 | 0.932811 | 1.701340
 195 | 58200.00 | 58500.00 | 0.018669 | 0.021908 |   7.052232 |      8 | 0.932811 | 0.600000 | 0.913333 | 0.936667 | 0.863333 |   1.673695 |      321 |      274 |       47 |   7.046383 |      8 | 0.964058 | 0.910125
 196 | 58500.00 | 58800.00 | 0.018625 | 0.021894 |   7.046383 |      8 | 0.964058 | 0.600000 | 0.753333 | 0.310000 | 0.866667 | -12.712632 |      270 |      226 |       45 |   7.043527 |      8 | 0.727285 | 6.905612
 197 | 58800.00 | 59100.00 | 0.018581 | 0.021881 |   7.043527 |      8 | 0.727285 | 0.600000 | 0.713333 | 0.776667 | 0.700000 |   1.751907 |      306 |      214 |       91 |   7.041421 |      8 | 0.759837 | 6.081332
 198 | 59100.00 | 59400.00 | 0.018537 | 0.021868 |   7.041421 |      8 | 0.759837 | 0.600000 | 0.790000 | 0.770000 | 0.700000 |   1.600537 |      310 |      237 |       73 |   7.037899 |      8 | 0.789507 | 5.330042
 199 | 59400.00 | 59700.00 | 0.018494 | 0.021854 |   7.037899 |      8 | 0.789507 | 0.600000 | 0.826667 | 0.813333 | 0.716667 |   2.211600 |      314 |      248 |       66 |   7.033707 |      8 | 0.830408 | 4.294352
 200 | 59700.00 | 60000.00 | 0.018451 | 0.021841 |   7.033707 |      8 | 0.830408 | 0.600000 | 0.870000 | 0.836667 | 0.780000 |   1.297235 |      318 |      261 |       57 |   7.028725 |      8 | 0.854343 | 3.688276
 201 | 60000.00 | 60300.00 | 0.018408 | 0.021828 |   7.028725 |      8 | 0.854343 | 0.600000 | 0.833333 | 0.856667 | 0.800000 |   1.298012 |      315 |      250 |       65 |   7.024430 |      8 | 0.878237 | 3.083248
 202 | 60300.00 | 60600.00 | 0.018365 | 0.021815 |   7.024430 |      8 | 0.878237 | 0.600000 | 0.930000 | 0.880000 | 0.816667 |   1.451585 |      324 |      279 |       45 |   7.018370 |      8 | 0.904896 | 2.408206
 203 | 60600.00 | 60900.00 | 0.018323 | 0.021802 |   7.018370 |      8 | 0.904896 | 0.600000 | 0.846667 | 0.870000 | 0.836667 |   0.764446 |      314 |      254 |       60 |   7.013850 |      8 | 0.918902 | 2.053532
 204 | 60900.00 | 61200.00 | 0.018281 | 0.021789 |   7.013850 |      8 | 0.918902 | 0.600000 | 0.953333 | 0.863333 | 0.883333 |  -0.458939 |      325 |      286 |       39 |   7.007391 |      8 | 0.910513 | 2.265972
 205 | 61200.00 | 61500.00 | 0.018239 | 0.021777 |   7.007391 |      8 | 0.910513 | 0.600000 | 0.896667 | 0.900000 | 0.860000 |   0.918419 |      320 |      269 |       51 |   7.001980 |      8 | 0.927263 | 1.841817
 206 | 61500.00 | 61800.00 | 0.018197 | 0.021764 |   7.001980 |      8 | 0.927263 | 0.600000 | 0.913333 | 0.920000 | 0.890000 |   0.689219 |      319 |      274 |       45 |   6.996278 |      7 | 0.939805 | 1.524243
 207 | 61800.00 | 62100.00 | 0.018155 | 0.021751 |   6.996278 |      7 | 0.939805 | 0.600000 | 0.776667 | 0.736667 | 0.790000 |  -1.225995 |      278 |      233 |       46 |   6.993071 |      7 | 0.917547 | 2.087861
 208 | 62100.00 | 62400.00 | 0.018114 | 0.021738 |   6.993071 |      7 | 0.917547 | 0.600000 | 0.830000 | 0.726667 | 0.750000 |  -0.536685 |      284 |      249 |       35 |   6.988905 |      7 | 0.907825 | 2.334027
 209 | 62400.00 | 62700.00 | 0.018073 | 0.021726 |   6.988905 |      7 | 0.907825 | 0.600000 | 0.830000 | 0.810000 | 0.760000 |   1.150708 |      284 |      249 |       35 |   6.984748 |      7 | 0.928622 | 1.807419
 210 | 62700.00 | 63000.00 | 0.018032 | 0.021713 |   6.984748 |      7 | 0.928622 | 0.600000 | 0.830000 | 0.766667 | 0.746667 |   0.460549 |      284 |      249 |       35 |   6.980601 |      7 | 0.936926 | 1.597130
 211 | 63000.00 | 63300.00 | 0.017992 | 0.021701 |   6.980601 |      7 | 0.936926 | 0.600000 | 0.813333 | 0.780000 | 0.820000 |  -0.921629 |      281 |      244 |       37 |   6.976762 |      7 | 0.920345 | 2.017002
 212 | 63300.00 | 63600.00 | 0.017951 | 0.021688 |   6.976762 |      7 | 0.920345 | 0.600000 | 0.790000 | 0.753333 | 0.776667 |  -0.537925 |      280 |      237 |       43 |   6.973352 |      7 | 0.910689 | 2.261518
 213 | 63600.00 | 63900.00 | 0.017911 | 0.021676 |   6.973352 |      7 | 0.910689 | 0.600000 | 0.783333 | 0.780000 | 0.790000 |  -0.230671 |      280 |      235 |       45 |   6.970068 |      7 | 0.906557 | 2.366136
 214 | 63900.00 | 64200.00 | 0.017871 | 0.021664 |   6.970068 |      7 | 0.906557 | 0.600000 | 0.770000 | 0.790000 | 0.740000 |   1.154013 |      279 |      231 |       48 |   6.967030 |      7 | 0.927180 | 1.843916
 215 | 64200.00 | 64500.00 | 0.017831 | 0.021651 |   6.967030 |      7 | 0.927180 | 0.600000 | 0.783333 | 0.740000 | 0.790000 |  -1.154667 |      278 |      235 |       43 |   6.963761 |      7 | 0.906591 | 2.365270
 216 | 64500.00 | 64800.00 | 0.017792 | 0.021639 |   6.963761 |      7 | 0.906591 | 0.600000 | 0.756667 | 0.780000 | 0.760000 |   0.462128 |      277 |      227 |       50 |   6.960974 |      7 | 0.914813 | 2.157073
 217 | 64800.00 | 65100.00 | 0.017752 | 0.021627 |   6.960974 |      7 | 0.914813 | 0.600000 | 0.816667 | 0.816667 | 0.763333 |   1.233035 |      284 |      245 |       39 |   6.957127 |      7 | 0.936703 | 1.602796
 218 | 65100.00 | 65400.00 | 0.017713 | 0.021615 |   6.957127 |      7 | 0.936703 | 0.600000 | 0.816667 | 0.763333 | 0.723333 |   0.925295 |      281 |      245 |       36 |   6.953289 |      7 | 0.953093 | 1.187771
 219 | 65400.00 | 65700.00 | 0.017674 | 0.021603 |   6.953289 |      7 | 0.953093 | 0.600000 | 0.836667 | 0.546667 | 0.756667 |  -4.860513 |      281 |      251 |       30 |   6.949106 |      7 | 0.867186 | 3.363084
 220 | 65700.00 | 66000.00 | 0.017636 | 0.021591 |   6.949106 |      7 | 0.867186 | 0.600000 | 0.726667 | 0.773333 | 0.740000 |   0.771940 |      274 |      218 |       56 |   6.946872 |      7 | 0.880800 | 3.018360
 221 | 66000.00 | 66300.00 | 0.017597 | 0.021579 |   6.946872 |      7 | 0.880800 | 0.600000 | 0.756667 | 0.773333 | 0.716667 |   1.313025 |      279 |      227 |       52 |   6.944116 |      7 | 0.903905 | 2.433284
 222 | 66300.00 | 66600.00 | 0.017559 | 0.021567 |   6.944116 |      7 | 0.903905 | 0.600000 | 0.816667 | 0.773333 | 0.736667 |   0.850074 |      283 |      245 |       38 |   6.940311 |      7 | 0.918832 | 2.055319
 223 | 66600.00 | 66900.00 | 0.017521 | 0.021555 |   6.940311 |      7 | 0.918832 | 0.600000 | 0.800000 | 0.800000 | 0.760000 |   0.927864 |      282 |      240 |       42 |   6.936807 |      7 | 0.935089 | 1.643662
 224 | 66900.00 | 67200.00 | 0.017483 | 0.021543 |   6.936807 |      7 | 0.935089 | 0.600000 | 0.810000 | 0.746667 | 0.790000 |  -1.005738 |      281 |      243 |       38 |   6.933135 |      7 | 0.917505 | 2.088904
 225 | 67200.00 | 67500.00 | 0.017445 | 0.021531 |   6.933135 |      7 | 0.917505 | 0.600000 | 0.746667 | 0.810000 | 0.753333 |   1.315914 |      275 |      224 |       51 |   6.930577 |      7 | 0.940462 | 1.507601
 226 | 67500.00 | 67800.00 | 0.017408 | 0.021520 |   6.930577 |      7 | 0.940462 | 0.600000 | 0.816667 | 0.790000 | 0.793333 |  -0.077449 |      282 |      245 |       37 |   6.926805 |      7 | 0.939114 | 1.541741
 227 | 67800.00 | 68100.00 | 0.017371 | 0.021508 |   6.926805 |      7 | 0.939114 | 0.600000 | 0.843333 | 0.753333 | 0.810000 |  -1.317345 |      285 |      253 |       32 |   6.922578 |      7 | 0.916231 | 2.121182
 228 | 68100.00 | 68400.00 | 0.017334 | 0.021496 |   6.922578 |      7 | 0.916231 | 0.600000 | 0.803333 | 0.793333 | 0.773333 |   0.465197 |      281 |      241 |       40 |   6.919054 |      7 | 0.924294 | 1.917000
 229 | 68400.00 | 68700.00 | 0.017297 | 0.021485 |   6.919054 |      7 | 0.924294 | 0.600000 | 0.753333 | 0.746667 | 0.796667 |  -1.163619 |      276 |      226 |       50 |   6.916401 |      7 | 0.904168 | 2.426643
 230 | 68700.00 | 69000.00 | 0.017260 | 0.021473 |   6.916401 |      7 | 0.904168 | 0.600000 | 0.776667 | 0.776667 | 0.733333 |   1.009011 |      279 |      233 |       46 |   6.913352 |      7 | 0.921583 | 1.985653
 231 | 69000.00 | 69300.00 | 0.017223 | 0.021462 |   6.913352 |      7 | 0.921583 | 0.600000 | 0.800000 | 0.800000 | 0.780000 |   0.465946 |      281 |      240 |       41 |   6.909908 |      7 | 0.929608 | 1.782441
 232 | 69300.00 | 69600.00 | 0.017187 | 0.021450 |   6.909908 |      7 | 0.929608 | 0.600000 | 0.763333 | 0.763333 | 0.743333 |   0.466195 |      277 |      229 |       48 |   6.907100 |      7 | 0.937621 | 1.579549
 233 | 69600.00 | 69900.00 | 0.017151 | 0.021439 |   6.907100 |      7 | 0.937621 | 0.600000 | 0.820000 | 0.760000 | 0.783333 |  -0.544183 |      282 |      246 |       36 |   6.903327 |      7 | 0.928287 | 1.815884
 234 | 69900.00 | 70200.00 | 0.017115 | 0.021428 |   6.903327 |      7 | 0.928287 | 0.600000 | 0.780000 | 0.770000 | 0.756667 |   0.311126 |      278 |      234 |       44 |   6.900246 |      7 | 0.933612 | 1.681047
 235 | 70200.00 | 70500.00 | 0.017079 | 0.021416 |   6.900246 |      7 | 0.933612 | 0.600000 | 0.746667 | 0.766667 | 0.790000 |  -0.544758 |      276 |      224 |       52 |   6.897741 |      7 | 0.924308 | 1.916642
 236 | 70500.00 | 70800.00 | 0.017044 | 0.021405 |   6.897741 |      7 | 0.924308 | 0.600000 | 0.773333 | 0.760000 | 0.810000 |  -1.167952 |      278 |      232 |       46 |   6.894787 |      7 | 0.904402 | 2.420700
 237 | 70800.00 | 71100.00 | 0.017008 | 0.021394 |   6.894787 |      7 | 0.904402 | 0.600000 | 0.770000 | 0.740000 | 0.763333 |  -0.545330 |      279 |      231 |       48 |   6.891896 |      7 | 0.895127 | 2.655561
 238 | 71100.00 | 71400.00 | 0.016973 | 0.021383 |   6.891896 |      7 | 0.895127 | 0.600000 | 0.790000 | 0.776667 | 0.736667 |   0.935339 |      280 |      237 |       43 |   6.888671 |      7 | 0.911003 | 2.253567
 239 | 71400.00 | 71700.00 | 0.016938 | 0.021372 |   6.888671 |      7 | 0.911003 | 0.600000 | 0.786667 | 0.760000 | 0.760000 |   0.000000 |      279 |      236 |       43 |   6.885509 |      7 | 0.911003 | 2.253567
 240 | 71700.00 | 72000.00 | 0.016903 | 0.021360 |   6.885509 |      7 | 0.911003 | 0.600000 | 0.746667 | 0.783333 | 0.766667 |   0.390129 |      278 |      224 |       54 |   6.883030 |      7 | 0.917597 | 2.086586
 241 | 72000.00 | 72300.00 | 0.016868 | 0.021349 |   6.883030 |      7 | 0.917597 | 0.600000 | 0.790000 | 0.793333 | 0.743333 |   1.170992 |      281 |      237 |       44 |   6.879825 |      7 | 0.937350 | 1.586414
 242 | 72300.00 | 72600.00 | 0.016834 | 0.021338 |   6.879825 |      7 | 0.937350 | 0.600000 | 0.806667 | 0.773333 | 0.753333 |   0.468638 |      279 |      242 |       37 |   6.876346 |      7 | 0.945239 | 1.386652
 243 | 72600.00 | 72900.00 | 0.016799 | 0.021327 |   6.876346 |      7 | 0.945239 | 0.600000 | 0.790000 | 0.703333 | 0.770000 |  -1.562928 |      277 |      237 |       40 |   6.873154 |      7 | 0.918982 | 2.051506
 244 | 72900.00 | 73200.00 | 0.016765 | 0.021317 |   6.873154 |      7 | 0.918982 | 0.600000 | 0.793333 | 0.803333 | 0.776667 |   0.625491 |      281 |      238 |       43 |   6.869913 |      7 | 0.929469 | 1.785970
 245 | 73200.00 | 73500.00 | 0.016731 | 0.021306 |   6.869913 |      7 | 0.929469 | 0.600000 | 0.756667 | 0.820000 | 0.780000 |   0.938714 |      277 |      227 |       50 |   6.867292 |      7 | 0.945175 | 1.388273
 246 | 73500.00 | 73800.00 | 0.016697 | 0.021295 |   6.867292 |      7 | 0.945175 | 0.600000 | 0.820000 | 0.706667 | 0.743333 |  -0.860925 |      280 |      246 |       34 |   6.863618 |      7 | 0.930799 | 1.752276
 247 | 73800.00 | 74100.00 | 0.016664 | 0.021284 |   6.863618 |      7 | 0.930799 | 0.600000 | 0.820000 | 0.746667 | 0.783333 |  -0.861360 |      283 |      246 |       37 |   6.859952 |      7 | 0.916446 | 2.115728
 248 | 74100.00 | 74400.00 | 0.016630 | 0.021273 |   6.859952 |      7 | 0.916446 | 0.600000 | 0.776667 | 0.783333 | 0.746667 |   0.861795 |      278 |      233 |       45 |   6.857014 |      7 | 0.930778 | 1.752824
 249 | 74400.00 | 74700.00 | 0.016597 | 0.021263 |   6.857014 |      7 | 0.930778 | 0.600000 | 0.776667 | 0.793333 | 0.830000 |  -0.862228 |      279 |      233 |       46 |   6.854082 |      7 | 0.916468 | 2.115182
 250 | 74700.00 | 75000.00 | 0.016564 | 0.021252 |   6.854082 |      7 | 0.916468 | 0.600000 | 0.803333 | 0.816667 | 0.703333 |   2.666403 |      281 |      241 |       40 |   6.850714 |      7 | 0.960633 | 0.996848
 251 | 75000.00 | 75300.00 | 0.016530 | 0.021241 |   6.850714 |      7 | 0.960633 | 0.600000 | 0.796667 | 0.383333 | 0.773333 |  -9.180146 |      273 |      239 |       35 |   6.847463 |      7 | 0.808881 | 4.839471
 252 | 75300.00 | 75600.00 | 0.016498 | 0.021231 |   6.847463 |      7 | 0.808881 | 0.600000 | 0.723333 | 0.733333 | 0.680000 |   1.256029 |      276 |      217 |       58 |   6.845429 |      7 | 0.829602 | 4.314769
 253 | 75600.00 | 75900.00 | 0.016465 | 0.021220 |   6.845429 |      7 | 0.829602 | 0.600000 | 0.730000 | 0.743333 | 0.683333 |   1.413734 |      275 |      219 |       56 |   6.843288 |      7 | 0.852879 | 3.725358
 254 | 75900.00 | 76200.00 | 0.016432 | 0.021210 |   6.843288 |      7 | 0.852879 | 0.600000 | 0.696667 | 0.763333 | 0.760000 |   0.078580 |      272 |      209 |       63 |   6.841700 |      7 | 0.854170 | 3.692661
 255 | 76200.00 | 76500.00 | 0.016400 | 0.021199 |   6.841700 |      7 | 0.854170 | 0.600000 | 0.760000 | 0.783333 | 0.696667 |   2.044076 |      277 |      228 |       49 |   6.839076 |      7 | 0.887693 | 2.843812
 256 | 76500.00 | 76800.00 | 0.016368 | 0.021189 |   6.839076 |      7 | 0.887693 | 0.600000 | 0.783333 | 0.770000 | 0.750000 |   0.471942 |      282 |      235 |       47 |   6.836075 |      7 | 0.895417 | 2.648213
 257 | 76800.00 | 77100.00 | 0.016335 | 0.021179 |   6.836075 |      7 | 0.895417 | 0.600000 | 0.730000 | 0.756667 | 0.726667 |   0.708259 |      275 |      219 |       56 |   6.833951 |      7 | 0.906987 | 2.355247
 258 | 77100.00 | 77400.00 | 0.016304 | 0.021168 |   6.833951 |      7 | 0.906987 | 0.600000 | 0.813333 | 0.786667 | 0.766667 |   0.472403 |      282 |      244 |       38 |   6.830473 |      7 | 0.914689 | 2.160223
 259 | 77400.00 | 77700.00 | 0.016272 | 0.021158 |   6.830473 |      7 | 0.914689 | 0.600000 | 0.783333 | 0.770000 | 0.736667 |   0.787721 |      279 |      235 |       44 |   6.827490 |      7 | 0.927507 | 1.835660
 260 | 77700.00 | 78000.00 | 0.016240 | 0.021148 |   6.827490 |      7 | 0.927507 | 0.600000 | 0.786667 | 0.776667 | 0.803333 |  -0.630482 |      280 |      236 |       44 |   6.824459 |      7 | 0.917267 | 2.094931
 261 | 78000.00 | 78300.00 | 0.016209 | 0.021138 |   6.824459 |      7 | 0.917267 | 0.600000 | 0.780000 | 0.793333 | 0.726667 |   1.576968 |      280 |      234 |       46 |   6.821541 |      7 | 0.942828 | 1.447698
 262 | 78300.00 | 78600.00 | 0.016177 | 0.021127 |   6.821541 |      7 | 0.942828 | 0.600000 | 0.796667 | 0.733333 | 0.780000 |  -1.104409 |      278 |      239 |       39 |   6.818360 |      7 | 0.924962 | 1.900102
 263 | 78600.00 | 78900.00 | 0.016146 | 0.021117 |   6.818360 |      7 | 0.924962 | 0.600000 | 0.760000 | 0.836667 | 0.790000 |   1.104939 |      276 |      228 |       48 |   6.815776 |      7 | 0.942802 | 1.448354
 264 | 78900.00 | 79200.00 | 0.016115 | 0.021107 |   6.815776 |      7 | 0.942802 | 0.600000 | 0.783333 | 0.793333 | 0.763333 |   0.710658 |      278 |      235 |       44 |   6.812822 |      7 | 0.954254 | 1.158364
 265 | 79200.00 | 79500.00 | 0.016084 | 0.021097 |   6.812822 |      7 | 0.954254 | 0.600000 | 0.820000 | 0.543333 | 0.760000 |  -5.134979 |      279 |      246 |       32 |   6.809283 |      7 | 0.871663 | 3.249714
 266 | 79500.00 | 79800.00 | 0.016053 | 0.021087 |   6.809283 |      7 | 0.871663 | 0.600000 | 0.766667 | 0.760000 | 0.760000 |   0.000000 |      279 |      230 |       49 |   6.806608 |      7 | 0.871663 | 3.249714
 267 | 79800.00 | 80100.00 | 0.016023 | 0.021077 |   6.806608 |      7 | 0.871663 | 0.600000 | 0.753333 | 0.736667 | 0.676667 |   1.423345 |      278 |      226 |       52 |   6.804151 |      7 | 0.894469 | 2.672234
 268 | 80100.00 | 80400.00 | 0.015992 | 0.021067 |   6.804151 |      7 | 0.894469 | 0.600000 | 0.730000 | 0.780000 | 0.770000 |   0.237336 |      275 |      219 |       56 |   6.802072 |      7 | 0.898264 | 2.576125
 269 | 80400.00 | 80700.00 | 0.015962 | 0.021057 |   6.802072 |      7 | 0.898264 | 0.600000 | 0.773333 | 0.743333 | 0.753333 |  -0.237448 |      279 |      232 |       47 |   6.799305 |      7 | 0.894474 | 2.672097
 270 | 80700.00 | 81000.00 | 0.015932 | 0.021047 |   6.799305 |      7 | 0.894474 | 0.600000 | 0.716667 | 0.780000 | 0.776667 |   0.079187 |      273 |      215 |       58 |   6.797447 |      7 | 0.895736 | 2.640152
 271 | 81000.00 | 81300.00 | 0.015902 | 0.021038 |   6.797447 |      7 | 0.895736 | 0.600000 | 0.783333 | 0.746667 | 0.780000 |  -0.792236 |      281 |      235 |       46 |   6.794531 |      7 | 0.883138 | 2.959149
 272 | 81300.00 | 81600.00 | 0.015872 | 0.021028 |   6.794531 |      7 | 0.883138 | 0.600000 | 0.816667 | 0.760000 | 0.790000 |  -0.713345 |      283 |      245 |       38 |   6.791093 |      7 | 0.871816 | 3.245839
 273 | 81600.00 | 81900.00 | 0.015842 | 0.021018 |   6.791093 |      7 | 0.871816 | 0.600000 | 0.760000 | 0.710000 | 0.690000 |   0.475785 |      278 |      228 |       50 |   6.788558 |      7 | 0.879353 | 3.054982
 274 | 81900.00 | 82200.00 | 0.015812 | 0.021008 |   6.788558 |      7 | 0.879353 | 0.600000 | 0.773333 | 0.766667 | 0.796667 |  -0.714008 |      279 |      232 |       47 |   6.785817 |      7 | 0.868063 | 3.340864
 275 | 82200.00 | 82500.00 | 0.015783 | 0.020998 |   6.785817 |      7 | 0.868063 | 0.600000 | 0.770000 | 0.713333 | 0.776667 |  -1.508047 |      280 |      231 |       49 |   6.783134 |      7 | 0.844262 | 3.943543
 276 | 82500.00 | 82800.00 | 0.015753 | 0.020989 |   6.783134 |      7 | 0.844262 | 0.600000 | 0.706667 | 0.703333 | 0.713333 |  -0.238222 |      273 |      212 |       61 |   6.781454 |      7 | 0.840510 | 4.038569
 277 | 82800.00 | 83100.00 | 0.015724 | 0.020979 |   6.781454 |      7 | 0.840510 | 0.600000 | 0.763333 | 0.763333 | 0.766667 |  -0.079444 |      278 |      229 |       49 |   6.778885 |      7 | 0.839261 | 4.070200
 278 | 83100.00 | 83400.00 | 0.015695 | 0.020970 |   6.778885 |      7 | 0.839261 | 0.600000 | 0.710000 | 0.750000 | 0.726667 |   0.556363 |      274 |      213 |       61 |   6.777159 |      7 | 0.847993 | 3.849091
 279 | 83400.00 | 83700.00 | 0.015666 | 0.020960 |   6.777159 |      7 | 0.847993 | 0.600000 | 0.696667 | 0.773333 | 0.753333 |   0.477100 |      273 |      209 |       64 |   6.775645 |      7 | 0.855467 | 3.659833
 280 | 83700.00 | 84000.00 | 0.015637 | 0.020950 |   6.775645 |      7 | 0.855467 | 0.600000 | 0.773333 | 0.710000 | 0.670000 |   0.954634 |      280 |      232 |       48 |   6.772934 |      7 | 0.870394 | 3.281841
 281 | 84000.00 | 84300.00 | 0.015608 | 0.020941 |   6.772934 |      7 | 0.870394 | 0.600000 | 0.770000 | 0.803333 | 0.726667 |   1.830547 |      278 |      231 |       48 |   6.770281 |      7 | 0.898966 | 2.558362
 282 | 84300.00 | 84600.00 | 0.015580 | 0.020931 |   6.770281 |      7 | 0.898966 | 0.600000 | 0.766667 | 0.740000 | 0.760000 |  -0.477750 |      279 |      230 |       48 |   6.767684 |      7 | 0.891523 | 2.746835
 283 | 84600.00 | 84900.00 | 0.015551 | 0.020922 |   6.767684 |      7 | 0.891523 | 0.600000 | 0.753333 | 0.750000 | 0.723333 |   0.637287 |      277 |      226 |       51 |   6.765300 |      7 | 0.901433 | 2.495883
 284 | 84900.00 | 85200.00 | 0.015523 | 0.020913 |   6.765300 |      7 | 0.901433 | 0.600000 | 0.740000 | 0.736667 | 0.733333 |   0.079697 |      276 |      222 |       54 |   6.763127 |      7 | 0.902670 | 2.464558
 285 | 85200.00 | 85500.00 | 0.015494 | 0.020903 |   6.763127 |      7 | 0.902670 | 0.600000 | 0.780000 | 0.790000 | 0.740000 |   1.195988 |      280 |      234 |       47 |   6.760338 |      7 | 0.921201 | 1.995315
 286 | 85500.00 | 85800.00 | 0.015466 | 0.020894 |   6.760338 |      7 | 0.921201 | 0.600000 | 0.800000 | 0.793333 | 0.713333 |   1.914436 |      280 |      240 |       39 |   6.757244 |      7 | 0.950811 | 1.245554
 287 | 85800.00 | 86100.00 | 0.015438 | 0.020885 |   6.757244 |      7 | 0.950811 | 0.600000 | 0.810000 | 0.616667 | 0.803333 |  -4.469009 |      278 |      243 |       35 |   6.754002 |      7 | 0.881816 | 2.992610
 288 | 86100.00 | 86400.00 | 0.015411 | 0.020875 |   6.754002 |      7 | 0.881816 | 0.600000 | 0.740000 | 0.806667 | 0.743333 |   1.516945 |      277 |      222 |       55 |   6.751845 |      7 | 0.905193 | 2.400665
 289 | 86400.00 | 86700.00 | 0.015383 | 0.020866 |   6.751845 |      7 | 0.905193 | 0.600000 | 0.783333 | 0.820000 | 0.746667 |   1.757241 |      279 |      235 |       44 |   6.749025 |      7 | 0.932225 | 1.716187
 290 | 86700.00 | 87000.00 | 0.015355 | 0.020857 |   6.749025 |      7 | 0.932225 | 0.600000 | 0.816667 | 0.723333 | 0.796667 |  -1.758018 |      282 |      245 |       37 |   6.745698 |      7 | 0.905230 | 2.399738
 291 | 87000.00 | 87300.00 | 0.015328 | 0.020848 |   6.745698 |      7 | 0.905230 | 0.600000 | 0.736667 | 0.810000 | 0.720000 |   2.158518 |      275 |      221 |       54 |   6.743603 |      7 | 0.938315 | 1.561968
 292 | 87300.00 | 87600.00 | 0.015300 | 0.020838 |   6.743603 |      7 | 0.938315 | 0.600000 | 0.796667 | 0.773333 | 0.776667 |  -0.079980 |      279 |      239 |       40 |   6.740594 |      7 | 0.937091 | 1.592954
 293 | 87600.00 | 87900.00 | 0.015273 | 0.020829 |   6.740594 |      7 | 0.937091 | 0.600000 | 0.776667 | 0.776667 | 0.800000 |  -0.560107 |      279 |      233 |       46 |   6.737896 |      7 | 0.928537 | 1.809570
 294 | 87900.00 | 88200.00 | 0.015246 | 0.020820 |   6.737896 |      7 | 0.928537 | 0.600000 | 0.823333 | 0.806667 | 0.776667 |   0.720452 |      282 |      247 |       35 |   6.734491 |      7 | 0.939521 | 1.531438
 295 | 88200.00 | 88500.00 | 0.015219 | 0.020811 |   6.734491 |      7 | 0.939521 | 0.600000 | 0.810000 | 0.823333 | 0.780000 |   1.041106 |      281 |      243 |       38 |   6.731295 |      7 | 0.955365 | 1.130229
 296 | 88500.00 | 88800.00 | 0.015192 | 0.020802 |   6.731295 |      7 | 0.955365 | 0.600000 | 0.796667 | 0.533333 | 0.740000 |  -4.967431 |      275 |      239 |       36 |   6.728307 |      7 | 0.879900 | 3.041131
 297 | 88800.00 | 89100.00 | 0.015165 | 0.020793 |   6.728307 |      7 | 0.879900 | 0.600000 | 0.753333 | 0.790000 | 0.733333 |   1.362627 |      278 |      226 |       52 |   6.725982 |      7 | 0.900565 | 2.517872
 298 | 89100.00 | 89400.00 | 0.015138 | 0.020784 |   6.725982 |      7 | 0.900565 | 0.600000 | 0.790000 | 0.733333 | 0.723333 |   0.240567 |      281 |      237 |       44 |   6.723105 |      7 | 0.904207 | 2.425655
 299 | 89400.00 | 89700.00 | 0.015112 | 0.020775 |   6.723105 |      7 | 0.904207 | 0.600000 | 0.756667 | 0.780000 | 0.760000 |   0.481342 |      277 |      227 |       50 |   6.720738 |      7 | 0.911481 | 2.241465
 300 | 89700.00 | 90000.00 | 0.015085 | 0.020766 |   6.720738 |      7 | 0.911481 | 0.600000 | 0.800000 | 0.766667 | 0.783333 |  -0.401291 |      281 |      240 |       41 |   6.717721 |      7 | 0.905427 | 2.394754
 301 | 90000.00 | 90300.00 | 0.015059 | 0.020757 |   6.717721 |      7 | 0.905427 | 0.600000 | 0.810000 | 0.713333 | 0.753333 |  -0.963510 |      283 |      243 |       40 |   6.714558 |      7 | 0.890917 | 2.762161
 302 | 90300.00 | 90600.00 | 0.015033 | 0.020749 |   6.714558 |      7 | 0.890917 | 0.600000 | 0.746667 | 0.720000 | 0.786667 |  -1.606535 |      276 |      224 |       52 |   6.712353 |      7 | 0.866766 | 3.373701
 303 | 90600.00 | 90900.00 | 0.015007 | 0.020740 |   6.712353 |      7 | 0.866766 | 0.600000 | 0.736667 | 0.763333 | 0.716667 |   1.125053 |      275 |      221 |       54 |   6.710303 |      7 | 0.883650 | 2.946185
 304 | 90900.00 | 91200.00 | 0.014981 | 0.020731 |   6.710303 |      7 | 0.883650 | 0.600000 | 0.746667 | 0.770000 | 0.670000 |   2.411851 |      278 |      224 |       54 |   6.708105 |      7 | 0.919781 | 2.031279
 305 | 91200.00 | 91500.00 | 0.014955 | 0.020722 |   6.708105 |      7 | 0.919781 | 0.600000 | 0.776667 | 0.803333 | 0.806667 |  -0.080429 |      280 |      233 |       47 |   6.705463 |      7 | 0.918578 | 2.061736
 306 | 91500.00 | 91800.00 | 0.014929 | 0.020713 |   6.705463 |      7 | 0.918578 | 0.600000 | 0.803333 | 0.766667 | 0.813333 |  -1.126482 |      282 |      241 |       41 |   6.702428 |      7 | 0.901761 | 2.487578
 307 | 91800.00 | 92100.00 | 0.014903 | 0.020705 |   6.702428 |      7 | 0.901761 | 0.600000 | 0.796667 | 0.773333 | 0.713333 |   1.448944 |      279 |      239 |       40 |   6.699497 |      7 | 0.923355 | 1.940778
 308 | 92100.00 | 92400.00 | 0.014878 | 0.020696 |   6.699497 |      7 | 0.923355 | 0.600000 | 0.816667 | 0.810000 | 0.776667 |   0.805306 |      284 |      245 |       39 |   6.696273 |      7 | 0.935336 | 1.637395
 309 | 92400.00 | 92700.00 | 0.014852 | 0.020687 |   6.696273 |      7 | 0.935336 | 0.600000 | 0.800000 | 0.786667 | 0.790000 |  -0.080564 |      280 |      240 |       40 |   6.693303 |      7 | 0.934140 | 1.667694
 310 | 92700.00 | 93000.00 | 0.014827 | 0.020679 |   6.693303 |      7 | 0.934140 | 0.600000 | 0.793333 | 0.820000 | 0.793333 |   0.644784 |      280 |      238 |       42 |   6.690436 |      7 | 0.943700 | 1.425614
 311 | 93000.00 | 93300.00 | 0.014802 | 0.020670 |   6.690436 |      7 | 0.943700 | 0.600000 | 0.840000 | 0.726667 | 0.823333 |  -2.338314 |      282 |      252 |       30 |   6.686884 |      7 | 0.909089 | 2.302023
 312 | 93300.00 | 93600.00 | 0.014777 | 0.020662 |   6.686884 |      7 | 0.909089 | 0.600000 | 0.776667 | 0.823333 | 0.733333 |   2.177954 |      279 |      233 |       46 |   6.684273 |      7 | 0.941272 | 1.487105
 313 | 93600.00 | 93900.00 | 0.014751 | 0.020653 |   6.684273 |      7 | 0.941272 | 0.600000 | 0.763333 | 0.803333 | 0.746667 |   1.371872 |      277 |      229 |       48 |   6.681864 |      7 | 0.961509 | 0.974666
 314 | 93900.00 | 94200.00 | 0.014727 | 0.020645 |   6.681864 |      7 | 0.961509 | 0.600000 | 0.816667 | 0.416667 | 0.843333 | -10.333654 |      271 |      245 |       27 |   6.678673 |      7 | 0.809330 | 4.828091
 315 | 94200.00 | 94500.00 | 0.014702 | 0.020636 |   6.678673 |      7 | 0.809330 | 0.600000 | 0.693333 | 0.706667 | 0.676667 |   0.726884 |      272 |      208 |       63 |   6.677301 |      7 | 0.820016 | 4.557493
 316 | 94500.00 | 94800.00 | 0.014677 | 0.020628 |   6.677301 |      7 | 0.820016 | 0.600000 | 0.660000 | 0.730000 | 0.693333 |   0.888779 |      270 |      198 |       72 |   6.676420 |      7 | 0.833061 | 4.227183
 317 | 94800.00 | 95100.00 | 0.014652 | 0.020619 |   6.676420 |      7 | 0.833061 | 0.600000 | 0.710000 | 0.770000 | 0.686667 |   2.020778 |      273 |      213 |       60 |   6.674809 |      7 | 0.862670 | 3.477433
 318 | 95100.00 | 95400.00 | 0.014628 | 0.020611 |   6.674809 |      7 | 0.862670 | 0.600000 | 0.740000 | 0.746667 | 0.716667 |   0.727777 |      278 |      222 |       56 |   6.672761 |      7 | 0.873316 | 3.207865
 319 | 95400.00 | 95700.00 | 0.014603 | 0.020602 |   6.672761 |      7 | 0.873316 | 0.600000 | 0.696667 | 0.790000 | 0.720000 |   1.698838 |      272 |      209 |       63 |   6.671349 |      7 | 0.898124 | 2.579668
 320 | 95700.00 | 96000.00 | 0.014579 | 0.020594 |   6.671349 |      7 | 0.898124 | 0.600000 | 0.826667 | 0.796667 | 0.773333 |   0.566509 |      282 |      248 |       34 |   6.668045 |      7 | 0.906383 | 2.370534
 321 | 96000.00 | 96300.00 | 0.014555 | 0.020586 |   6.668045 |      7 | 0.906383 | 0.600000 | 0.756667 | 0.806667 | 0.790000 |   0.404813 |      279 |      227 |       52 |   6.665764 |      7 | 0.912275 | 2.221340
 322 | 96300.00 | 96600.00 | 0.014531 | 0.020577 |   6.665764 |      7 | 0.912275 | 0.600000 | 0.770000 | 0.766667 | 0.803333 |  -0.890949 |      279 |      231 |       48 |   6.663294 |      7 | 0.899329 | 2.549154
 323 | 96600.00 | 96900.00 | 0.014506 | 0.020569 |   6.663294 |      7 | 0.899329 | 0.600000 | 0.740000 | 0.830000 | 0.753333 |   1.863644 |      275 |      222 |       53 |   6.661263 |      7 | 0.926364 | 1.864584
 324 | 96900.00 | 97200.00 | 0.014483 | 0.020561 |   6.661263 |      7 | 0.926364 | 0.600000 | 0.803333 | 0.786667 | 0.810000 |  -0.567424 |      281 |      241 |       40 |   6.658319 |      7 | 0.918147 | 2.072671
 325 | 97200.00 | 97500.00 | 0.014459 | 0.020553 |   6.658319 |      7 | 0.918147 | 0.600000 | 0.766667 | 0.833333 | 0.803333 |   0.729837 |      279 |      230 |       49 |   6.655909 |      7 | 0.928699 | 1.805465
 326 | 97500.00 | 97800.00 | 0.014435 | 0.020544 |   6.655909 |      7 | 0.928699 | 0.600000 | 0.806667 | 0.846667 | 0.776667 |   1.703634 |      281 |      242 |       39 |   6.652926 |      7 | 0.953291 | 1.182759
 327 | 97800.00 | 98100.00 | 0.014411 | 0.020536 |   6.652926 |      7 | 0.953291 | 0.600000 | 0.813333 | 0.560000 | 0.746667 |  -4.544833 |      279 |      244 |       35 |   6.649851 |      7 | 0.887794 | 2.841244
 328 | 98100.00 | 98400.00 | 0.014388 | 0.020528 |   6.649851 |      7 | 0.887794 | 0.600000 | 0.806667 | 0.776667 | 0.696667 |   1.948560 |      281 |      242 |       39 |   6.646878 |      7 | 0.915829 | 2.131346
 329 | 98400.00 | 98700.00 | 0.014364 | 0.020520 |   6.646878 |      7 | 0.915829 | 0.600000 | 0.810000 | 0.820000 | 0.743333 |   1.868110 |      283 |      243 |       40 |   6.643861 |      7 | 0.942663 | 1.451868
 330 | 98700.00 | 99000.00 | 0.014341 | 0.020512 |   6.643861 |      7 | 0.942663 | 0.600000 | 0.786667 | 0.753333 | 0.756667 |  -0.081254 |      278 |      236 |       42 |   6.641184 |      7 | 0.941498 | 1.481374
 331 | 99000.00 | 99300.00 | 0.014317 | 0.020504 |   6.641184 |      7 | 0.941498 | 0.600000 | 0.763333 | 0.783333 | 0.780000 |   0.081286 |      276 |      229 |       48 |   6.638846 |      7 | 0.942662 | 1.451904
 332 | 99300.00 | 99600.00 | 0.014294 | 0.020496 |   6.638846 |      7 | 0.942662 | 0.600000 | 0.726667 | 0.743333 | 0.786667 |  -1.057138 |      273 |      218 |       54 |   6.637035 |      7 | 0.927551 | 1.834540
 333 | 99600.00 | 99900.00 | 0.014271 | 0.020488 |   6.637035 |      7 | 0.927551 | 0.600000 | 0.803333 | 0.810000 | 0.760000 |   1.220253 |      281 |      241 |       40 |   6.634133 |      7 | 0.944965 | 1.393578
 334 | 99900.00 | 100200.0 | 0.014248 | 0.020480 |   6.634133 |      7 | 0.944965 | 0.600000 | 0.830000 | 0.730000 | 0.783333 |  -1.302112 |      283 |      249 |       34 |   6.630856 |      7 | 0.926412 | 1.863363
 335 | 100200.0 | 100500.0 | 0.014225 | 0.020472 |   6.630856 |      7 | 0.926412 | 0.600000 | 0.783333 | 0.830000 | 0.763333 |   1.628275 |      280 |      235 |       45 |   6.628248 |      7 | 0.949575 | 1.276848
 336 | 100500.0 | 100800.0 | 0.014202 | 0.020464 |   6.628248 |      7 | 0.949575 | 0.600000 | 0.810000 | 0.653333 | 0.780000 |  -3.094927 |      279 |      243 |       36 |   6.625266 |      7 | 0.905620 | 2.389869
 337 | 100800.0 | 101100.0 | 0.014180 | 0.020456 |   6.625266 |      7 | 0.905620 | 0.600000 | 0.766667 | 0.753333 | 0.726667 |   0.651817 |      278 |      230 |       48 |   6.622903 |      7 | 0.914862 | 2.155833
 338 | 101100.0 | 101400.0 | 0.014157 | 0.020448 |   6.622903 |      7 | 0.914862 | 0.600000 | 0.816667 | 0.816667 | 0.746667 |   1.711681 |      283 |      245 |       38 |   6.619835 |      7 | 0.939094 | 1.542235
 339 | 101400.0 | 101700.0 | 0.014134 | 0.020440 |   6.619835 |      7 | 0.939094 | 0.600000 | 0.763333 | 0.833333 | 0.753333 |   1.956962 |      275 |      229 |       46 |   6.617527 |      7 | 0.966755 | 0.841828
 340 | 101700.0 | 102000.0 | 0.014112 | 0.020432 |   6.617527 |      7 | 0.966755 | 0.600000 | 0.710000 | 0.280000 | 0.800000 | -12.725154 |      248 |      213 |       36 |   6.615974 |      7 | 0.787180 | 5.388979
 341 | 102000.0 | 102300.0 | 0.014089 | 0.020424 |   6.615974 |      7 | 0.787180 | 0.600000 | 0.670000 | 0.690000 | 0.620000 |   1.713660 |      271 |      201 |       69 |   6.614988 |      7 | 0.811324 | 4.777599
 342 | 102300.0 | 102600.0 | 0.014067 | 0.020416 |   6.614988 |      7 | 0.811324 | 0.600000 | 0.750000 | 0.763333 | 0.703333 |   1.469414 |      277 |      225 |       52 |   6.612878 |      7 | 0.831994 | 4.254190
 343 | 102600.0 | 102900.0 | 0.014045 | 0.020409 |   6.612878 |      7 | 0.831994 | 0.600000 | 0.696667 | 0.743333 | 0.646667 |   2.368294 |      272 |      209 |       63 |   6.611520 |      7 | 0.865257 | 3.411930
 344 | 102900.0 | 103200.0 | 0.014023 | 0.020401 |   6.611520 |      7 | 0.865257 | 0.600000 | 0.783333 | 0.743333 | 0.740000 |   0.081696 |      282 |      235 |       47 |   6.608950 |      7 | 0.866402 | 3.382921
 345 | 103200.0 | 103500.0 | 0.014001 | 0.020393 |   6.608950 |      7 | 0.866402 | 0.600000 | 0.713333 | 0.723333 | 0.806667 |  -2.043188 |      272 |      214 |       58 |   6.607363 |      7 | 0.837796 | 4.107273
 346 | 103500.0 | 103800.0 | 0.013979 | 0.020385 |   6.607363 |      7 | 0.837796 | 0.600000 | 0.696667 | 0.720000 | 0.703333 |   0.408793 |      273 |      209 |       64 |   6.606012 |      7 | 0.843511 | 3.962575
 347 | 103800.0 | 104100.0 | 0.013957 | 0.020378 |   6.606012 |      7 | 0.843511 | 0.600000 | 0.770000 | 0.766667 | 0.726667 |   0.981473 |      279 |      231 |       48 |   6.603639 |      7 | 0.857209 | 3.615713
 348 | 104100.0 | 104400.0 | 0.013935 | 0.020370 |   6.603639 |      7 | 0.857209 | 0.600000 | 0.776667 | 0.756667 | 0.693333 |   1.554586 |      281 |      233 |       48 |   6.601177 |      7 | 0.878872 | 3.067167
 349 | 104400.0 | 104700.0 | 0.013913 | 0.020362 |   6.601177 |      7 | 0.878872 | 0.600000 | 0.763333 | 0.743333 | 0.716667 |   0.654809 |      279 |      229 |       50 |   6.598905 |      7 | 0.887983 | 2.836473
 350 | 104700.0 | 105000.0 | 0.013892 | 0.020355 |   6.598905 |      7 | 0.887983 | 0.600000 | 0.803333 | 0.796667 | 0.730000 |   1.637637 |      281 |      241 |       40 |   6.596080 |      7 | 0.910732 | 2.260421
 351 | 105000.0 | 105300.0 | 0.013870 | 0.020347 |   6.596080 |      7 | 0.910732 | 0.600000 | 0.840000 | 0.770000 | 0.770000 |   0.000000 |      284 |      252 |       32 |   6.592751 |      7 | 0.910732 | 2.260421
 352 | 105300.0 | 105600.0 | 0.013849 | 0.020339 |   6.592751 |      7 | 0.910732 | 0.600000 | 0.840000 | 0.800000 | 0.713333 |   2.130522 |      286 |      252 |       34 |   6.589427 |      7 | 0.940237 | 1.513314
 353 | 105600.0 | 105900.0 | 0.013827 | 0.020332 |   6.589427 |      7 | 0.940237 | 0.600000 | 0.823333 | 0.813333 | 0.773333 |   0.983684 |      282 |      247 |       35 |   6.586339 |      7 | 0.953838 | 1.168901
 354 | 105900.0 | 106200.0 | 0.013806 | 0.020324 |   6.586339 |      7 | 0.953838 | 0.600000 | 0.853333 | 0.566667 | 0.736667 |  -4.182213 |      281 |      256 |       25 |   6.582842 |      7 | 0.896099 | 2.630944
 355 | 106200.0 | 106500.0 | 0.013785 | 0.020317 |   6.582842 |      7 | 0.896099 | 0.600000 | 0.756667 | 0.760000 | 0.740000 |   0.492208 |      278 |      227 |       51 |   6.580682 |      7 | 0.902884 | 2.459140
 356 | 106500.0 | 106800.0 | 0.013763 | 0.020309 |   6.580682 |      7 | 0.902884 | 0.600000 | 0.760000 | 0.756667 | 0.756667 |   0.000000 |      277 |      228 |       49 |   6.578480 |      7 | 0.902884 | 2.459140
 357 | 106800.0 | 107100.0 | 0.013742 | 0.020302 |   6.578480 |      7 | 0.902884 | 0.600000 | 0.763333 | 0.773333 | 0.760000 |   0.328381 |      277 |      229 |       48 |   6.576236 |      7 | 0.907397 | 2.344871
 358 | 107100.0 | 107400.0 | 0.013721 | 0.020294 |   6.576236 |      7 | 0.907397 | 0.600000 | 0.780000 | 0.750000 | 0.826667 |  -1.888885 |      279 |      234 |       45 |   6.573766 |      7 | 0.881479 | 3.001157
 359 | 107400.0 | 107700.0 | 0.013700 | 0.020287 |   6.573766 |      7 | 0.881479 | 0.600000 | 0.846667 | 0.730000 | 0.736667 |  -0.164311 |      286 |      254 |       32 |   6.570386 |      7 | 0.879228 | 3.058159
 360 | 107700.0 | 108000.0 | 0.013679 | 0.020279 |   6.570386 |      7 | 0.879228 | 0.600000 | 0.753333 | 0.746667 | 0.756667 |  -0.246557 |      279 |      226 |       53 |   6.568289 |      7 | 0.875855 | 3.143563
 361 | 108000.0 | 108300.0 | 0.013659 | 0.020272 |   6.568289 |      7 | 0.875855 | 0.600000 | 0.796667 | 0.730000 | 0.716667 |   0.328863 |      280 |      239 |       41 |   6.565603 |      7 | 0.880347 | 3.029822
 362 | 108300.0 | 108600.0 | 0.013638 | 0.020264 |   6.565603 |      7 | 0.880347 | 0.600000 | 0.763333 | 0.766667 | 0.853333 |  -2.138389 |      280 |      229 |       51 |   6.563375 |      7 | 0.851184 | 3.768288
 363 | 108600.0 | 108900.0 | 0.013617 | 0.020257 |   6.563375 |      7 | 0.851184 | 0.600000 | 0.743333 | 0.750000 | 0.686667 |   1.563237 |      276 |      223 |       53 |   6.561423 |      7 | 0.872471 | 3.229260
 364 | 108900.0 | 109200.0 | 0.013597 | 0.020250 |   6.561423 |      7 | 0.872471 | 0.600000 | 0.723333 | 0.736667 | 0.693333 |   1.069971 |      274 |      217 |       57 |   6.559746 |      7 | 0.887019 | 2.860874
 365 | 109200.0 | 109500.0 | 0.013576 | 0.020242 |   6.559746 |      7 | 0.887019 | 0.600000 | 0.756667 | 0.790000 | 0.763333 |   0.658682 |      279 |      227 |       52 |   6.557619 |      7 | 0.895961 | 2.634435
 366 | 109500.0 | 109800.0 | 0.013556 | 0.020235 |   6.557619 |      7 | 0.895961 | 0.600000 | 0.770000 | 0.723333 | 0.796667 |  -1.812030 |      278 |      231 |       47 |   6.555315 |      7 | 0.871398 | 3.256432
 367 | 109800.0 | 110100.0 | 0.013536 | 0.020228 |   6.555315 |      7 | 0.871398 | 0.600000 | 0.763333 | 0.766667 | 0.733333 |   0.823947 |      278 |      229 |       50 |   6.553104 |      7 | 0.882550 | 2.974028
 368 | 110100.0 | 110400.0 | 0.013515 | 0.020221 |   6.553104 |      7 | 0.882550 | 0.600000 | 0.703333 | 0.793333 | 0.713333 |   1.978183 |      272 |      211 |       60 |   6.551708 |      7 | 0.909286 | 2.297030
 369 | 110400.0 | 110700.0 | 0.013495 | 0.020213 |   6.551708 |      7 | 0.909286 | 0.600000 | 0.763333 | 0.750000 | 0.750000 |   0.000000 |      280 |      229 |       51 |   6.549503 |      7 | 0.909286 | 2.297030
 370 | 110700.0 | 111000.0 | 0.013475 | 0.020206 |   6.549503 |      7 | 0.909286 | 0.600000 | 0.740000 | 0.773333 | 0.766667 |   0.164967 |      274 |      222 |       52 |   6.547617 |      7 | 0.911509 | 2.240741
 371 | 111000.0 | 111300.0 | 0.013455 | 0.020199 |   6.547617 |      7 | 0.911509 | 0.600000 | 0.783333 | 0.796667 | 0.726667 |   1.732768 |      281 |      235 |       46 |   6.545150 |      7 | 0.934824 | 1.650379
 372 | 111300.0 | 111600.0 | 0.013435 | 0.020192 |   6.545150 |      7 | 0.934824 | 0.600000 | 0.760000 | 0.796667 | 0.790000 |   0.165084 |      276 |      228 |       48 |   6.543000 |      7 | 0.937042 | 1.594217
 373 | 111600.0 | 111900.0 | 0.013415 | 0.020185 |   6.543000 |      7 | 0.937042 | 0.600000 | 0.786667 | 0.806667 | 0.780000 |   0.660571 |      279 |      236 |       43 |   6.540496 |      7 | 0.945903 | 1.369824
 374 | 111900.0 | 112200.0 | 0.013395 | 0.020177 |   6.540496 |      7 | 0.945903 | 0.600000 | 0.800000 | 0.716667 | 0.770000 |  -1.321611 |      279 |      240 |       39 |   6.537817 |      7 | 0.928200 | 1.818106
 375 | 112200.0 | 112500.0 | 0.013376 | 0.020170 |   6.537817 |      7 | 0.928200 | 0.600000 | 0.800000 | 0.776667 | 0.763333 |   0.330519 |      281 |      240 |       41 |   6.535142 |      7 | 0.932621 | 1.706161
 376 | 112500.0 | 112800.0 | 0.013356 | 0.020163 |   6.535142 |      7 | 0.932621 | 0.600000 | 0.823333 | 0.786667 | 0.756667 |   0.743931 |      282 |      247 |       35 |   6.532159 |      7 | 0.942557 | 1.454567
 377 | 112800.0 | 113100.0 | 0.013336 | 0.020156 |   6.532159 |      7 | 0.942557 | 0.600000 | 0.796667 | 0.743333 | 0.830000 |  -2.149890 |      279 |      239 |       40 |   6.529536 |      7 | 0.913885 | 2.180584
 378 | 113100.0 | 113400.0 | 0.013317 | 0.020149 |   6.529536 |      7 | 0.913885 | 0.600000 | 0.830000 | 0.823333 | 0.740000 |   2.067928 |      284 |      249 |       35 |   6.526474 |      7 | 0.941423 | 1.483269
 379 | 113400.0 | 113700.0 | 0.013297 | 0.020142 |   6.526474 |      7 | 0.941423 | 0.600000 | 0.800000 | 0.736667 | 0.783333 |  -1.158445 |      280 |      240 |       40 |   6.523814 |      7 | 0.926019 | 1.873331
 380 | 113700.0 | 114000.0 | 0.013278 | 0.020135 |   6.523814 |      7 | 0.926019 | 0.600000 | 0.830000 | 0.750000 | 0.760000 |  -0.248325 |      284 |      249 |       35 |   6.520760 |      7 | 0.922722 | 1.956823
 381 | 114000.0 | 114300.0 | 0.013259 | 0.020128 |   6.520760 |      7 | 0.922722 | 0.600000 | 0.783333 | 0.830000 | 0.740000 |   2.235703 |      280 |      235 |       45 |   6.518329 |      7 | 0.952364 | 1.206227
 382 | 114300.0 | 114600.0 | 0.013239 | 0.020121 |   6.518329 |      7 | 0.952364 | 0.600000 | 0.823333 | 0.633333 | 0.796667 |  -4.058798 |      279 |      247 |       32 |   6.515373 |      7 | 0.898628 | 2.566913
 383 | 114600.0 | 114900.0 | 0.013220 | 0.020114 |   6.515373 |      7 | 0.898628 | 0.600000 | 0.766667 | 0.760000 | 0.826667 |  -1.657227 |      278 |      230 |       48 |   6.513169 |      7 | 0.876719 | 3.121682
 384 | 114900.0 | 115200.0 | 0.013201 | 0.020107 |   6.513169 |      7 | 0.876719 | 0.600000 | 0.743333 | 0.766667 | 0.673333 |   2.320920 |      277 |      223 |       54 |   6.511277 |      7 | 0.907358 | 2.345860
 385 | 115200.0 | 115500.0 | 0.013182 | 0.020100 |   6.511277 |      7 | 0.907358 | 0.600000 | 0.790000 | 0.800000 | 0.730000 |   1.741291 |      281 |      237 |       44 |   6.508773 |      7 | 0.930311 | 1.764634
 386 | 115500.0 | 115800.0 | 0.013163 | 0.020093 |   6.508773 |      7 | 0.930311 | 0.600000 | 0.773333 | 0.743333 | 0.800000 |  -1.410102 |      278 |      232 |       46 |   6.506491 |      7 | 0.911750 | 2.234634
 387 | 115800.0 | 116100.0 | 0.013144 | 0.020086 |   6.506491 |      7 | 0.911750 | 0.600000 | 0.763333 | 0.806667 | 0.746667 |   1.493563 |      277 |      229 |       48 |   6.504344 |      7 | 0.931382 | 1.737531
 388 | 116100.0 | 116400.0 | 0.013125 | 0.020079 |   6.504344 |      7 | 0.931382 | 0.600000 | 0.806667 | 0.816667 | 0.773333 |   1.079054 |      281 |      242 |       39 |   6.501632 |      7 | 0.945545 | 1.378905
 389 | 116400.0 | 116700.0 | 0.013106 | 0.020072 |   6.501632 |      7 | 0.945545 | 0.600000 | 0.843333 | 0.740000 | 0.720000 |   0.498195 |      285 |      253 |       32 |   6.498442 |      7 | 0.952074 | 1.213565
 390 | 116700.0 | 117000.0 | 0.013088 | 0.020066 |   6.498442 |      7 | 0.952074 | 0.600000 | 0.786667 | 0.603333 | 0.713333 |  -2.741010 |      276 |      236 |       40 |   6.495999 |      7 | 0.916201 | 2.121943
 391 | 117000.0 | 117300.0 | 0.013069 | 0.020059 |   6.495999 |      7 | 0.916201 | 0.600000 | 0.780000 | 0.860000 | 0.766667 |   2.326497 |      279 |      234 |       45 |   6.493647 |      7 | 0.946606 | 1.352035
 392 | 117300.0 | 117600.0 | 0.013050 | 0.020052 |   6.493647 |      7 | 0.946606 | 0.600000 | 0.793333 | 0.716667 | 0.780000 |  -1.579231 |      278 |      238 |       40 |   6.491124 |      7 | 0.925996 | 1.873907
 393 | 117600.0 | 117900.0 | 0.013032 | 0.020045 |   6.491124 |      7 | 0.925996 | 0.600000 | 0.843333 | 0.803333 | 0.800000 |   0.083146 |      285 |      253 |       32 |   6.487953 |      7 | 0.927080 | 1.846469
 394 | 117900.0 | 118200.0 | 0.013013 | 0.020038 |   6.487953 |      7 | 0.927080 | 0.600000 | 0.793333 | 0.740000 | 0.803333 |  -1.580301 |      280 |      238 |       42 |   6.485437 |      7 | 0.906515 | 2.367213
 395 | 118200.0 | 118500.0 | 0.012995 | 0.020032 |   6.485437 |      7 | 0.906515 | 0.600000 | 0.730000 | 0.780000 | 0.716667 |   1.580834 |      275 |      219 |       56 |   6.483747 |      7 | 0.927057 | 1.847030
 396 | 118500.0 | 118800.0 | 0.012977 | 0.020025 |   6.483747 |      7 | 0.927057 | 0.600000 | 0.813333 | 0.750000 | 0.793333 |  -1.081988 |      282 |      244 |       38 |   6.480979 |      7 | 0.913017 | 2.202562
 397 | 118800.0 | 119100.0 | 0.012958 | 0.020018 |   6.480979 |      7 | 0.913017 | 0.600000 | 0.780000 | 0.803333 | 0.753333 |   1.248867 |      279 |      234 |       45 |   6.478647 |      7 | 0.929200 | 1.792774
 398 | 119100.0 | 119400.0 | 0.012940 | 0.020011 |   6.478647 |      7 | 0.929200 | 0.600000 | 0.836667 | 0.796667 | 0.730000 |   1.665714 |      285 |      251 |       34 |   6.475584 |      7 | 0.950755 | 1.246974
 399 | 119400.0 | 119700.0 | 0.012922 | 0.020005 |   6.475584 |      7 | 0.950755 | 0.600000 | 0.850000 | 0.633333 | 0.796667 |  -4.082364 |      282 |      255 |       28 |   6.472354 |      7 | 0.898002 | 2.582753
 400 | 119700.0 | 120000.0 | 0.012904 | 0.019998 |   6.472354 |      7 | 0.898002 | 0.600000 | 0.763333 | 0.760000 | 0.720000 |   1.000096 |      278 |      229 |       48 |   6.470246 |      7 | 0.910908 | 2.255973
 401 | 120000.0 | 120300.0 | 0.012886 | 0.019991 |   6.470246 |      7 | 0.910908 | 0.600000 | 0.790000 | 0.813333 | 0.740000 |   1.834121 |      280 |      237 |       43 |   6.467798 |      7 | 0.934542 | 1.657513
 402 | 120300.0 | 120600.0 | 0.012868 | 0.019985 |   6.467798 |      7 | 0.934542 | 0.600000 | 0.793333 | 0.766667 | 0.730000 |   0.917365 |      281 |      238 |       43 |   6.465310 |      7 | 0.946346 | 1.358602
 403 | 120600.0 | 120900.0 | 0.012850 | 0.019978 |   6.465310 |      7 | 0.946346 | 0.600000 | 0.770000 | 0.733333 | 0.773333 |  -1.001094 |      276 |      231 |       45 |   6.463125 |      7 | 0.933482 | 1.684341
 404 | 120900.0 | 121200.0 | 0.012832 | 0.019972 |   6.463125 |      7 | 0.933482 | 0.600000 | 0.793333 | 0.756667 | 0.760000 |  -0.083452 |      279 |      238 |       41 |   6.460644 |      7 | 0.932411 | 1.711457
 405 | 121200.0 | 121500.0 | 0.012814 | 0.019965 |   6.460644 |      7 | 0.932411 | 0.600000 | 0.783333 | 0.800000 | 0.743333 |   1.419154 |      279 |      235 |       44 |   6.458295 |      7 | 0.950597 | 1.250969
 406 | 121500.0 | 121800.0 | 0.012797 | 0.019958 |   6.458295 |      7 | 0.950597 | 0.600000 | 0.750000 | 0.636667 | 0.760000 |  -3.089763 |      273 |      225 |       49 |   6.456376 |      7 | 0.911059 | 2.252151
 407 | 121800.0 | 122100.0 | 0.012779 | 0.019952 |   6.456376 |      7 | 0.911059 | 0.600000 | 0.803333 | 0.803333 | 0.723333 |   2.004829 |      281 |      241 |       39 |   6.453777 |      7 | 0.936678 | 1.603419
 408 | 122100.0 | 122400.0 | 0.012761 | 0.019945 |   6.453777 |      7 | 0.936678 | 0.600000 | 0.836667 | 0.830000 | 0.793333 |   0.919181 |      285 |      251 |       34 |   6.450757 |      7 | 0.948408 | 1.306397
 409 | 122400.0 | 122700.0 | 0.012744 | 0.019939 |   6.450757 |      7 | 0.948408 | 0.600000 | 0.806667 | 0.680000 | 0.793333 |  -2.842036 |      278 |      242 |       36 |   6.448123 |      7 | 0.912190 | 2.223504
 410 | 122700.0 | 123000.0 | 0.012726 | 0.019932 |   6.448123 |      7 | 0.912190 | 0.600000 | 0.786667 | 0.846667 | 0.770000 |   1.923181 |      281 |      236 |       45 |   6.445748 |      7 | 0.936665 | 1.603757
 411 | 123000.0 | 123300.0 | 0.012709 | 0.019926 |   6.445748 |      7 | 0.936665 | 0.600000 | 0.813333 | 0.800000 | 0.750000 |   1.254657 |      281 |      244 |       37 |   6.443037 |      7 | 0.952610 | 1.199997
 412 | 123300.0 | 123600.0 | 0.012691 | 0.019919 |   6.443037 |      7 | 0.952610 | 0.600000 | 0.756667 | 0.620000 | 0.813333 |  -4.852919 |      272 |      227 |       45 |   6.441048 |      7 | 0.891019 | 2.759575
 413 | 123600.0 | 123900.0 | 0.012674 | 0.019913 |   6.441048 |      7 | 0.891019 | 0.600000 | 0.770000 | 0.830000 | 0.740000 |   2.259850 |      279 |      231 |       48 |   6.438894 |      7 | 0.919661 | 2.034321
 414 | 123900.0 | 124200.0 | 0.012657 | 0.019906 |   6.438894 |      7 | 0.919661 | 0.600000 | 0.793333 | 0.793333 | 0.766667 |   0.669802 |      281 |      238 |       43 |   6.436447 |      7 | 0.928139 | 1.819653
 415 | 124200.0 | 124500.0 | 0.012640 | 0.019900 |   6.436447 |      7 | 0.928139 | 0.600000 | 0.780000 | 0.773333 | 0.766667 |   0.167505 |      278 |      234 |       44 |   6.434172 |      7 | 0.930256 | 1.766042
 416 | 124500.0 | 124800.0 | 0.012622 | 0.019894 |   6.434172 |      7 | 0.930256 | 0.600000 | 0.810000 | 0.816667 | 0.723333 |   2.345820 |      281 |      243 |       38 |   6.431521 |      7 | 0.959866 | 1.016264
 417 | 124800.0 | 125100.0 | 0.012605 | 0.019887 |   6.431521 |      7 | 0.959866 | 0.600000 | 0.846667 | 0.446667 | 0.813333 |  -9.218685 |      280 |      254 |       26 |   6.428411 |      7 | 0.843661 | 3.958779
 418 | 125100.0 | 125400.0 | 0.012588 | 0.019881 |   6.428411 |      7 | 0.843661 | 0.600000 | 0.753333 | 0.756667 | 0.770000 |  -0.335332 |      278 |      226 |       52 |   6.426481 |      7 | 0.839439 | 4.065669
 419 | 125400.0 | 125700.0 | 0.012571 | 0.019874 |   6.426481 |      7 | 0.839439 | 0.600000 | 0.673333 | 0.750000 | 0.693333 |   1.425619 |      270 |      202 |       68 |   6.425559 |      7 | 0.857361 | 3.611854
 420 | 125700.0 | 126000.0 | 0.012554 | 0.019868 |   6.425559 |      7 | 0.857361 | 0.600000 | 0.756667 | 0.773333 | 0.700000 |   1.845509 |      278 |      227 |       51 |   6.423592 |      7 | 0.880531 | 3.025166
 421 | 126000.0 | 126300.0 | 0.012538 | 0.019862 |   6.423592 |      7 | 0.880531 | 0.600000 | 0.783333 | 0.756667 | 0.710000 |   1.174789 |      281 |      235 |       46 |   6.421294 |      7 | 0.895260 | 2.652202
 422 | 126300.0 | 126600.0 | 0.012521 | 0.019855 |   6.421294 |      7 | 0.895260 | 0.600000 | 0.780000 | 0.773333 | 0.770000 |   0.083940 |      279 |      234 |       45 |   6.419040 |      7 | 0.896311 | 2.625589
 423 | 126600.0 | 126900.0 | 0.012504 | 0.019849 |   6.419040 |      7 | 0.896311 | 0.600000 | 0.756667 | 0.766667 | 0.743333 |   0.587768 |      279 |      227 |       52 |   6.417081 |      7 | 0.903660 | 2.439489
 424 | 126900.0 | 127200.0 | 0.012487 | 0.019843 |   6.417081 |      7 | 0.903660 | 0.600000 | 0.776667 | 0.786667 | 0.733333 |   1.343895 |      278 |      233 |       45 |   6.414875 |      7 | 0.920442 | 2.014549
 425 | 127200.0 | 127500.0 | 0.012471 | 0.019837 |   6.414875 |      7 | 0.920442 | 0.600000 | 0.760000 | 0.766667 | 0.763333 |   0.084020 |      277 |      228 |       49 |   6.412880 |      7 | 0.921490 | 1.988018
 426 | 127500.0 | 127800.0 | 0.012454 | 0.019830 |   6.412880 |      7 | 0.921490 | 0.600000 | 0.723333 | 0.793333 | 0.746667 |   1.176651 |      273 |      217 |       56 |   6.411344 |      7 | 0.936144 | 1.616952
 427 | 127800.0 | 128100.0 | 0.012437 | 0.019824 |   6.411344 |      7 | 0.936144 | 0.600000 | 0.820000 | 0.803333 | 0.826667 |  -0.588511 |      282 |      246 |       36 |   6.408608 |      7 | 0.928824 | 1.802297
 428 | 128100.0 | 128400.0 | 0.012421 | 0.019818 |   6.408608 |      7 | 0.928824 | 0.600000 | 0.810000 | 0.806667 | 0.743333 |   1.597889 |      283 |      243 |       40 |   6.405999 |      7 | 0.948671 | 1.299727
 429 | 128400.0 | 128700.0 | 0.012405 | 0.019812 |   6.405999 |      7 | 0.948671 | 0.600000 | 0.756667 | 0.703333 | 0.763333 |  -1.514264 |      274 |      227 |       47 |   6.404056 |      7 | 0.929888 | 1.775364
 430 | 128700.0 | 129000.0 | 0.012388 | 0.019805 |   6.404056 |      7 | 0.929888 | 0.600000 | 0.826667 | 0.773333 | 0.723333 |   1.262281 |      282 |      248 |       35 |   6.401248 |      7 | 0.945525 | 1.379400
 431 | 129000.0 | 129300.0 | 0.012372 | 0.019799 |   6.401248 |      7 | 0.945525 | 0.600000 | 0.796667 | 0.766667 | 0.843333 |  -1.936102 |      279 |      239 |       39 |   6.398815 |      7 | 0.921572 | 1.985934
 432 | 129300.0 | 129600.0 | 0.012356 | 0.019793 |   6.398815 |      7 | 0.921572 | 0.600000 | 0.806667 | 0.773333 | 0.753333 |   0.505228 |      282 |      242 |       40 |   6.396261 |      7 | 0.927814 | 1.827867
 433 | 129600.0 | 129900.0 | 0.012339 | 0.019787 |   6.396261 |      7 | 0.927814 | 0.600000 | 0.776667 | 0.846667 | 0.763333 |   2.105769 |      278 |      233 |       45 |   6.394081 |      7 | 0.953798 | 1.169914
 434 | 129900.0 | 130200.0 | 0.012323 | 0.019781 |   6.394081 |      7 | 0.953798 | 0.600000 | 0.866667 | 0.556667 | 0.820000 |  -6.656296 |      285 |      260 |       25 |   6.390795 |      7 | 0.871772 | 3.246964
 435 | 130200.0 | 130500.0 | 0.012307 | 0.019775 |   6.390795 |      7 | 0.871772 | 0.600000 | 0.726667 | 0.733333 | 0.760000 |  -0.674264 |      274 |      218 |       56 |   6.389236 |      7 | 0.863473 | 3.457088
 436 | 130500.0 | 130800.0 | 0.012291 | 0.019769 |   6.389236 |      7 | 0.863473 | 0.600000 | 0.720000 | 0.733333 | 0.703333 |   0.758781 |      275 |      216 |       59 |   6.387761 |      7 | 0.872800 | 3.220934
 437 | 130800.0 | 131100.0 | 0.012275 | 0.019762 |   6.387761 |      7 | 0.872800 | 0.600000 | 0.703333 | 0.740000 | 0.760000 |  -0.506010 |      272 |      211 |       61 |   6.386493 |      7 | 0.866588 | 3.378213
 438 | 131100.0 | 131400.0 | 0.012259 | 0.019756 |   6.386493 |      7 | 0.866588 | 0.600000 | 0.770000 | 0.750000 | 0.793333 |  -1.096693 |      279 |      231 |       48 |   6.384409 |      7 | 0.853144 | 3.718645
 439 | 131400.0 | 131700.0 | 0.012243 | 0.019750 |   6.384409 |      7 | 0.853144 | 0.600000 | 0.743333 | 0.716667 | 0.746667 |  -0.759482 |      277 |      223 |       54 |   6.382654 |      7 | 0.843846 | 3.954095
 440 | 131700.0 | 132000.0 | 0.012227 | 0.019744 |   6.382654 |      7 | 0.843846 | 0.600000 | 0.723333 | 0.746667 | 0.673333 |   1.857081 |      275 |      217 |       58 |   6.381146 |      7 | 0.866552 | 3.379121
 441 | 132000.0 | 132300.0 | 0.012211 | 0.019738 |   6.381146 |      7 | 0.866552 | 0.600000 | 0.773333 | 0.760000 | 0.783333 |  -0.591070 |      280 |      232 |       48 |   6.379029 |      7 | 0.859335 | 3.561886
 442 | 132300.0 | 132600.0 | 0.012196 | 0.019732 |   6.379029 |      7 | 0.859335 | 0.600000 | 0.806667 | 0.786667 | 0.713333 |   1.858216 |      283 |      242 |       41 |   6.376509 |      7 | 0.881997 | 2.988048
 443 | 132600.0 | 132900.0 | 0.012180 | 0.019726 |   6.376509 |      7 | 0.881997 | 0.600000 | 0.746667 | 0.770000 | 0.713333 |   1.436332 |      276 |      224 |       52 |   6.374723 |      7 | 0.899491 | 2.545064
 444 | 132900.0 | 133200.0 | 0.012164 | 0.019720 |   6.374723 |      7 | 0.899491 | 0.600000 | 0.773333 | 0.780000 | 0.773333 |   0.169032 |      279 |      232 |       47 |   6.372614 |      7 | 0.901547 | 2.492999
 445 | 133200.0 | 133500.0 | 0.012148 | 0.019714 |   6.372614 |      7 | 0.901547 | 0.600000 | 0.796667 | 0.796667 | 0.816667 |  -0.507249 |      281 |      239 |       42 |   6.370225 |      7 | 0.895385 | 2.649039
 446 | 133500.0 | 133800.0 | 0.012133 | 0.019708 |   6.370225 |      7 | 0.895385 | 0.600000 | 0.766667 | 0.740000 | 0.723333 |   0.422835 |      279 |      230 |       49 |   6.368203 |      7 | 0.900515 | 2.519133
 447 | 133800.0 | 134100.0 | 0.012117 | 0.019702 |   6.368203 |      7 | 0.900515 | 0.600000 | 0.743333 | 0.743333 | 0.763333 |  -0.507555 |      277 |      223 |       54 |   6.366466 |      7 | 0.894365 | 2.674868
 448 | 134100.0 | 134400.0 | 0.012102 | 0.019696 |   6.366466 |      7 | 0.894365 | 0.600000 | 0.823333 | 0.780000 | 0.740000 |   1.015417 |      283 |      247 |       37 |   6.363763 |      7 | 0.906653 | 2.363703
 449 | 134400.0 | 134700.0 | 0.012086 | 0.019690 |   6.363763 |      7 | 0.906653 | 0.600000 | 0.793333 | 0.823333 | 0.730000 |   2.370019 |      281 |      238 |       42 |   6.361427 |      7 | 0.935298 | 1.638358
 450 | 134700.0 | 135000.0 | 0.012071 | 0.019685 |   6.361427 |      7 | 0.935298 | 0.600000 | 0.800000 | 0.813333 | 0.790000 |   0.592683 |      281 |      240 |       41 |   6.359012 |      7 | 0.942453 | 1.457198
 451 | 135000.0 | 135300.0 | 0.012056 | 0.019679 |   6.359012 |      7 | 0.942453 | 0.600000 | 0.796667 | 0.716667 | 0.766667 |  -1.270415 |      278 |      239 |       39 |   6.356641 |      7 | 0.927137 | 1.845021
 452 | 135300.0 | 135600.0 | 0.012040 | 0.019673 |   6.356641 |      7 | 0.927137 | 0.600000 | 0.780000 | 0.793333 | 0.786667 |   0.169439 |      279 |      234 |       45 |   6.354474 |      7 | 0.929177 | 1.793361
 453 | 135600.0 | 135900.0 | 0.012025 | 0.019667 |   6.354474 |      7 | 0.929177 | 0.600000 | 0.790000 | 0.800000 | 0.720000 |   2.033879 |      280 |      237 |       43 |   6.352189 |      7 | 0.953635 | 1.174047
 454 | 135900.0 | 136200.0 | 0.012010 | 0.019661 |   6.352189 |      7 | 0.953635 | 0.600000 | 0.770000 | 0.580000 | 0.800000 |  -5.594835 |      274 |      231 |       43 |   6.350148 |      7 | 0.886441 | 2.875515
 455 | 136200.0 | 136500.0 | 0.011995 | 0.019655 |   6.350148 |      7 | 0.886441 | 0.600000 | 0.790000 | 0.716667 | 0.660000 |   1.441522 |      280 |      237 |       43 |   6.347869 |      7 | 0.903732 | 2.437681
 456 | 136500.0 | 136800.0 | 0.011980 | 0.019649 |   6.347869 |      7 | 0.903732 | 0.600000 | 0.763333 | 0.803333 | 0.743333 |   1.526771 |      279 |      229 |       50 |   6.345912 |      7 | 0.922022 | 1.974538
 457 | 136800.0 | 137100.0 | 0.011965 | 0.019643 |   6.345912 |      7 | 0.922022 | 0.600000 | 0.820000 | 0.806667 | 0.733333 |   1.866606 |      282 |      246 |       36 |   6.343280 |      7 | 0.944355 | 1.409019
 458 | 137100.0 | 137400.0 | 0.011950 | 0.019638 |   6.343280 |      7 | 0.944355 | 0.600000 | 0.773333 | 0.773333 | 0.790000 |  -0.424354 |      278 |      232 |       46 |   6.341208 |      7 | 0.939284 | 1.537423
 459 | 137400.0 | 137700.0 | 0.011935 | 0.019632 |   6.341208 |      7 | 0.939284 | 0.600000 | 0.830000 | 0.763333 | 0.770000 |  -0.169792 |      283 |      249 |       34 |   6.338463 |      7 | 0.937258 | 1.588735
 460 | 137700.0 | 138000.0 | 0.011920 | 0.019626 |   6.338463 |      7 | 0.937258 | 0.600000 | 0.803333 | 0.770000 | 0.743333 |   0.679367 |      280 |      241 |       39 |   6.336040 |      7 | 0.945356 | 1.383682
 461 | 138000.0 | 138300.0 | 0.011905 | 0.019620 |   6.336040 |      7 | 0.945356 | 0.600000 | 0.820000 | 0.733333 | 0.786667 |  -1.359133 |      281 |      246 |       36 |   6.333421 |      7 | 0.929176 | 1.793397
 462 | 138300.0 | 138600.0 | 0.011890 | 0.019615 |   6.333421 |      7 | 0.929176 | 0.600000 | 0.803333 | 0.816667 | 0.793333 |   0.594795 |      281 |      241 |       39 |   6.331003 |      7 | 0.936248 | 1.614317
 463 | 138600.0 | 138900.0 | 0.011875 | 0.019609 |   6.331003 |      7 | 0.936248 | 0.600000 | 0.813333 | 0.776667 | 0.740000 |   0.934951 |      282 |      244 |       38 |   6.328470 |      7 | 0.947351 | 1.333175
 464 | 138900.0 | 139200.0 | 0.011861 | 0.019603 |   6.328470 |      7 | 0.947351 | 0.600000 | 0.816667 | 0.713333 | 0.776667 |  -1.615388 |      281 |      245 |       36 |   6.325900 |      7 | 0.928191 | 1.818323
 465 | 139200.0 | 139500.0 | 0.011846 | 0.019597 |   6.325900 |      7 | 0.928191 | 0.600000 | 0.826667 | 0.730000 | 0.783333 |  -1.360723 |      283 |      248 |       35 |   6.323215 |      7 | 0.912072 | 2.226482
 466 | 139500.0 | 139800.0 | 0.011831 | 0.019592 |   6.323215 |      7 | 0.912072 | 0.600000 | 0.756667 | 0.770000 | 0.776667 |  -0.170140 |      279 |      227 |       52 |   6.321361 |      7 | 0.910059 | 2.277454
 467 | 139800.0 | 140100.0 | 0.011817 | 0.019586 |   6.321361 |      7 | 0.910059 | 0.600000 | 0.760000 | 0.756667 | 0.796667 |  -1.021136 |      277 |      228 |       49 |   6.319471 |      7 | 0.897993 | 2.582994
 468 | 140100.0 | 140400.0 | 0.011802 | 0.019580 |   6.319471 |      7 | 0.897993 | 0.600000 | 0.806667 | 0.760000 | 0.750000 |   0.255358 |      282 |      242 |       40 |   6.317031 |      7 | 0.901007 | 2.506681
 469 | 140400.0 | 140700.0 | 0.011787 | 0.019575 |   6.317031 |      7 | 0.901007 | 0.600000 | 0.796667 | 0.770000 | 0.706667 |   1.617735 |      281 |      239 |       42 |   6.314713 |      7 | 0.920076 | 2.023820
 470 | 140700.0 | 141000.0 | 0.011773 | 0.019569 |   6.314713 |      7 | 0.920076 | 0.600000 | 0.743333 | 0.800000 | 0.776667 |   0.596180 |      275 |      223 |       52 |   6.313026 |      7 | 0.927095 | 1.846091
 471 | 141000.0 | 141300.0 | 0.011759 | 0.019563 |   6.313026 |      7 | 0.927095 | 0.600000 | 0.793333 | 0.740000 | 0.726667 |   0.340772 |      281 |      238 |       43 |   6.310752 |      7 | 0.931102 | 1.744627
 472 | 141300.0 | 141600.0 | 0.011744 | 0.019558 |   6.310752 |      7 | 0.931102 | 0.600000 | 0.773333 | 0.823333 | 0.790000 |   0.852176 |      278 |      232 |       46 |   6.308717 |      7 | 0.941110 | 1.491205
 473 | 141600.0 | 141900.0 | 0.011730 | 0.019552 |   6.308717 |      7 | 0.941110 | 0.600000 | 0.806667 | 0.786667 | 0.743333 |   1.108147 |      281 |      242 |       39 |   6.306293 |      7 | 0.954108 | 1.162063
 474 | 141900.0 | 142200.0 | 0.011716 | 0.019547 |   6.306293 |      7 | 0.954108 | 0.600000 | 0.800000 | 0.600000 | 0.833333 |  -5.968655 |      275 |      240 |       35 |   6.303950 |      7 | 0.884182 | 2.932708
 475 | 142200.0 | 142500.0 | 0.011701 | 0.019541 |   6.303950 |      7 | 0.884182 | 0.600000 | 0.803333 | 0.770000 | 0.740000 |   0.767618 |      283 |      241 |       42 |   6.301570 |      7 | 0.893164 | 2.705266
 476 | 142500.0 | 142800.0 | 0.011687 | 0.019535 |   6.301570 |      7 | 0.893164 | 0.600000 | 0.743333 | 0.800000 | 0.720000 |   2.047566 |      274 |      223 |       51 |   6.299895 |      7 | 0.917094 | 2.099318
 477 | 142800.0 | 143100.0 | 0.011673 | 0.019530 |   6.299895 |      7 | 0.917094 | 0.600000 | 0.786667 | 0.806667 | 0.800000 |   0.170679 |      281 |      236 |       45 |   6.297716 |      7 | 0.919086 | 2.048869
 478 | 143100.0 | 143400.0 | 0.011659 | 0.019524 |   6.297716 |      7 | 0.919086 | 0.600000 | 0.820000 | 0.783333 | 0.810000 |  -0.682911 |      284 |      246 |       38 |   6.295151 |      7 | 0.911125 | 2.250477
 479 | 143400.0 | 143700.0 | 0.011645 | 0.019519 |   6.295151 |      7 | 0.911125 | 0.600000 | 0.756667 | 0.783333 | 0.743333 |   1.024657 |      276 |      227 |       49 |   6.293327 |      7 | 0.923056 | 1.948345
 480 | 143700.0 | 144000.0 | 0.011631 | 0.019513 |   6.293327 |      7 | 0.923056 | 0.600000 | 0.793333 | 0.826667 | 0.763333 |   1.622833 |      281 |      238 |       43 |   6.291078 |      7 | 0.941931 | 1.470412
 481 | 144000.0 | 144300.0 | 0.011617 | 0.019508 |   6.291078 |      7 | 0.941931 | 0.600000 | 0.846667 | 0.796667 | 0.803333 |  -0.170873 |      284 |      254 |       30 |   6.288213 |      7 | 0.939946 | 1.520674
 482 | 144300.0 | 144600.0 | 0.011603 | 0.019502 |   6.288213 |      7 | 0.939946 | 0.600000 | 0.850000 | 0.793333 | 0.816667 |  -0.598224 |      285 |      255 |       30 |   6.285312 |      7 | 0.933005 | 1.696430
 483 | 144600.0 | 144900.0 | 0.011589 | 0.019497 |   6.285312 |      7 | 0.933005 | 0.600000 | 0.756667 | 0.770000 | 0.776667 |  -0.170969 |      276 |      227 |       49 |   6.283497 |      7 | 0.931024 | 1.746600
 484 | 144900.0 | 145200.0 | 0.011575 | 0.019491 |   6.283497 |      7 | 0.931024 | 0.600000 | 0.810000 | 0.770000 | 0.740000 |   0.769578 |      282 |      243 |       39 |   6.281066 |      7 | 0.939931 | 1.521043
 485 | 145200.0 | 145500.0 | 0.011561 | 0.019486 |   6.281066 |      7 | 0.939931 | 0.600000 | 0.803333 | 0.796667 | 0.756667 |   1.026392 |      280 |      241 |       40 |   6.278715 |      7 | 0.951797 | 1.220576
 486 | 145500.0 | 145800.0 | 0.011547 | 0.019480 |   6.278715 |      7 | 0.951797 | 0.600000 | 0.806667 | 0.653333 | 0.790000 |  -3.507820 |      277 |      242 |       34 |   6.276329 |      7 | 0.911292 | 2.246233
 487 | 145800.0 | 146100.0 | 0.011533 | 0.019475 |   6.276329 |      7 | 0.911292 | 0.600000 | 0.820000 | 0.743333 | 0.820000 |  -1.968352 |      283 |      246 |       37 |   6.273792 |      7 | 0.888591 | 2.821076
 488 | 146100.0 | 146400.0 | 0.011520 | 0.019469 |   6.273792 |      7 | 0.888591 | 0.600000 | 0.770000 | 0.813333 | 0.736667 |   1.968901 |      280 |      231 |       49 |   6.271833 |      7 | 0.911272 | 2.246757
 489 | 146400.0 | 146700.0 | 0.011506 | 0.019464 |   6.271833 |      7 | 0.911272 | 0.600000 | 0.800000 | 0.793333 | 0.773333 |   0.513769 |      282 |      240 |       42 |   6.269532 |      7 | 0.917183 | 2.097071
 490 | 146700.0 | 147000.0 | 0.011492 | 0.019459 |   6.269532 |      7 | 0.917183 | 0.600000 | 0.843333 | 0.800000 | 0.716667 |   2.141301 |      284 |      253 |       31 |   6.266736 |      7 | 0.941791 | 1.473947
 491 | 147000.0 | 147300.0 | 0.011479 | 0.019453 |   6.266736 |      7 | 0.941791 | 0.600000 | 0.793333 | 0.766667 | 0.820000 |  -1.370813 |      280 |      238 |       42 |   6.264517 |      7 | 0.926056 | 1.872384
 492 | 147300.0 | 147600.0 | 0.011465 | 0.019448 |   6.264517 |      7 | 0.926056 | 0.600000 | 0.813333 | 0.753333 | 0.763333 |  -0.257099 |      281 |      244 |       37 |   6.262071 |      7 | 0.923109 | 1.947024
 493 | 147600.0 | 147900.0 | 0.011451 | 0.019442 |   6.262071 |      7 | 0.923109 | 0.600000 | 0.783333 | 0.756667 | 0.703333 |   1.371572 |      279 |      235 |       44 |   6.259971 |      7 | 0.938815 | 1.549307
 494 | 147900.0 | 148200.0 | 0.011438 | 0.019437 |   6.259971 |      7 | 0.938815 | 0.600000 | 0.820000 | 0.770000 | 0.796667 |  -0.685975 |      282 |      246 |       36 |   6.257455 |      7 | 0.930969 | 1.747986
 495 | 148200.0 | 148500.0 | 0.011425 | 0.019432 |   6.257455 |      7 | 0.930969 | 0.600000 | 0.766667 | 0.813333 | 0.763333 |   1.286558 |      277 |      230 |       49 |   6.255551 |      7 | 0.945667 | 1.375799
 496 | 148500.0 | 148800.0 | 0.011411 | 0.019426 |   6.255551 |      7 | 0.945667 | 0.600000 | 0.796667 | 0.700000 | 0.803333 |  -2.659618 |      280 |      239 |       39 |   6.253307 |      7 | 0.915318 | 2.144293
 497 | 148800.0 | 149100.0 | 0.011398 | 0.019421 |   6.253307 |      7 | 0.915318 | 0.600000 | 0.790000 | 0.806667 | 0.746667 |   1.544719 |      280 |      237 |       43 |   6.251141 |      7 | 0.932924 | 1.698472
 498 | 149100.0 | 149400.0 | 0.011384 | 0.019416 |   6.251141 |      7 | 0.932924 | 0.600000 | 0.803333 | 0.820000 | 0.770000 |   1.287618 |      279 |      241 |       38 |   6.248826 |      7 | 0.947583 | 1.327288
 499 | 149400.0 | 149700.0 | 0.011371 | 0.019410 |   6.248826 |      7 | 0.947583 | 0.600000 | 0.760000 | 0.730000 | 0.786667 |  -1.459700 |      274 |      228 |       48 |   6.247007 |      7 | 0.930985 | 1.747586
 500 | 149700.0 | 150000.0 | 0.011358 | 0.019405 |   6.247007 |      7 | 0.930985 | 0.600000 | 0.763333 | 0.770000 | 0.790000 |  -0.515329 |      278 |      229 |       47 |   6.245152 |      7 | 0.925132 | 1.895794
 501 | 150000.0 | 150300.0 | 0.011345 | 0.019400 |   6.245152 |      7 | 0.925132 | 0.600000 | 0.783333 | 0.796667 | 0.763333 |   0.859115 |      279 |      235 |       44 |   6.243072 |      7 | 0.934878 | 1.649001
 502 | 150300.0 | 150600.0 | 0.011331 | 0.019395 |   6.243072 |      7 | 0.934878 | 0.600000 | 0.840000 | 0.766667 | 0.783333 |  -0.429675 |      285 |      252 |       33 |   6.240352 |      7 | 0.930009 | 1.772288
 503 | 150600.0 | 150900.0 | 0.011318 | 0.019389 |   6.240352 |      7 | 0.930009 | 0.600000 | 0.773333 | 0.820000 | 0.760000 |   1.547248 |      278 |      232 |       46 |   6.238391 |      7 | 0.947521 | 1.328852
 504 | 150900.0 | 151200.0 | 0.011305 | 0.019384 |   6.238391 |      7 | 0.947521 | 0.600000 | 0.760000 | 0.710000 | 0.793333 |  -2.149538 |      274 |      228 |       46 |   6.236582 |      7 | 0.923221 | 1.944188
 505 | 151200.0 | 151500.0 | 0.011292 | 0.019379 |   6.236582 |      7 | 0.923221 | 0.600000 | 0.826667 | 0.770000 | 0.716667 |   1.376077 |      284 |      248 |       36 |   6.234022 |      7 | 0.938759 | 1.550722
 506 | 151500.0 | 151800.0 | 0.011279 | 0.019374 |   6.234022 |      7 | 0.938759 | 0.600000 | 0.823333 | 0.806667 | 0.783333 |   0.602196 |      281 |      247 |       34 |   6.231503 |      7 | 0.945551 | 1.378733
 507 | 151800.0 | 152100.0 | 0.011266 | 0.019368 |   6.231503 |      7 | 0.945551 | 0.600000 | 0.793333 | 0.736667 | 0.830000 |  -2.409434 |      278 |      238 |       40 |   6.229325 |      7 | 0.918407 | 2.066080
 508 | 152100.0 | 152400.0 | 0.011253 | 0.019363 |   6.229325 |      7 | 0.918407 | 0.600000 | 0.730000 | 0.776667 | 0.753333 |   0.602521 |      275 |      219 |       56 |   6.227862 |      7 | 0.925187 | 1.894395
 509 | 152400.0 | 152700.0 | 0.011240 | 0.019358 |   6.227862 |      7 | 0.925187 | 0.600000 | 0.796667 | 0.756667 | 0.773333 |  -0.430487 |      280 |      239 |       41 |   6.225652 |      7 | 0.920348 | 2.016919
 510 | 152700.0 | 153000.0 | 0.011227 | 0.019353 |   6.225652 |      7 | 0.920348 | 0.600000 | 0.813333 | 0.773333 | 0.730000 |   1.119568 |      282 |      244 |       39 |   6.223257 |      7 | 0.932918 | 1.698637
 511 | 153000.0 | 153300.0 | 0.011214 | 0.019348 |   6.223257 |      7 | 0.932918 | 0.600000 | 0.803333 | 0.800000 | 0.770000 |   0.775293 |      281 |      241 |       39 |   6.220976 |      7 | 0.941612 | 1.478481
 512 | 153300.0 | 153600.0 | 0.011201 | 0.019342 |   6.220976 |      7 | 0.941612 | 0.600000 | 0.840000 | 0.760000 | 0.793333 |  -0.861666 |      284 |      252 |       32 |   6.218288 |      7 | 0.931960 | 1.722884
 513 | 153600.0 | 153900.0 | 0.011189 | 0.019337 |   6.218288 |      7 | 0.931960 | 0.600000 | 0.813333 | 0.786667 | 0.820000 |  -0.861896 |      281 |      244 |       37 |   6.215901 |      7 | 0.922317 | 1.967073
 514 | 153900.0 | 154200.0 | 0.011176 | 0.019332 |   6.215901 |      7 | 0.922317 | 0.600000 | 0.823333 | 0.776667 | 0.740000 |   0.948338 |      283 |      247 |       36 |   6.213405 |      7 | 0.932915 | 1.698700
 515 | 154200.0 | 154500.0 | 0.011163 | 0.019327 |   6.213405 |      7 | 0.932915 | 0.600000 | 0.810000 | 0.776667 | 0.773333 |   0.086235 |      282 |      243 |       40 |   6.211061 |      7 | 0.933878 | 1.674324
 516 | 154500.0 | 154800.0 | 0.011150 | 0.019322 |   6.211061 |      7 | 0.933878 | 0.600000 | 0.790000 | 0.786667 | 0.796667 |  -0.258775 |      279 |      237 |       41 |   6.208942 |      7 | 0.930992 | 1.747389
 517 | 154800.0 | 155100.0 | 0.011138 | 0.019317 |   6.208942 |      7 | 0.930992 | 0.600000 | 0.786667 | 0.740000 | 0.796667 |  -1.466780 |      280 |      236 |       44 |   6.206863 |      7 | 0.914656 | 2.161063
 518 | 155100.0 | 155400.0 | 0.011125 | 0.019312 |   6.206863 |      7 | 0.914656 | 0.600000 | 0.743333 | 0.833333 | 0.773333 |   1.553472 |      276 |      223 |       53 |   6.205269 |      7 | 0.931938 | 1.723436
 519 | 155400.0 | 155700.0 | 0.011113 | 0.019306 |   6.205269 |      7 | 0.931938 | 0.600000 | 0.760000 | 0.750000 | 0.790000 |  -1.035921 |      276 |      228 |       48 |   6.203491 |      7 | 0.920427 | 2.014934
 520 | 155700.0 | 156000.0 | 0.011100 | 0.019301 |   6.203491 |      7 | 0.920427 | 0.600000 | 0.800000 | 0.726667 | 0.766667 |  -1.036194 |      281 |      240 |       41 |   6.201271 |      7 | 0.908925 | 2.306181
 521 | 156000.0 | 156300.0 | 0.011088 | 0.019296 |   6.201271 |      7 | 0.908925 | 0.600000 | 0.796667 | 0.783333 | 0.740000 |   1.122839 |      282 |      239 |       43 |   6.199090 |      7 | 0.921374 | 1.990937
 522 | 156300.0 | 156600.0 | 0.011075 | 0.019291 |   6.199090 |      7 | 0.921374 | 0.600000 | 0.763333 | 0.816667 | 0.756667 |   1.555108 |      278 |      229 |       49 |   6.197281 |      7 | 0.938597 | 1.554822
 523 | 156600.0 | 156900.0 | 0.011063 | 0.019286 |   6.197281 |      7 | 0.938597 | 0.600000 | 0.833333 | 0.810000 | 0.826667 |  -0.432088 |      282 |      250 |       32 |   6.194700 |      7 | 0.933817 | 1.675861
 524 | 156900.0 | 157200.0 | 0.011050 | 0.019281 |   6.194700 |      7 | 0.933817 | 0.600000 | 0.793333 | 0.766667 | 0.800000 |  -0.864402 |      280 |      238 |       42 |   6.192563 |      7 | 0.924265 | 1.917729
 525 | 157200.0 | 157500.0 | 0.011038 | 0.019276 |   6.192563 |      7 | 0.924265 | 0.600000 | 0.823333 | 0.810000 | 0.730000 |   2.075105 |      283 |      247 |       37 |   6.190098 |      7 | 0.947170 | 1.337744
 526 | 157500.0 | 157800.0 | 0.011025 | 0.019271 |   6.190098 |      7 | 0.947170 | 0.600000 | 0.803333 | 0.690000 | 0.736667 |  -1.210794 |      279 |      241 |       37 |   6.187856 |      7 | 0.933821 | 1.675778
 527 | 157800.0 | 158100.0 | 0.011013 | 0.019266 |   6.187856 |      7 | 0.933821 | 0.600000 | 0.780000 | 0.840000 | 0.773333 |   1.730155 |      278 |      234 |       44 |   6.185874 |      7 | 0.952875 | 1.193285
 528 | 158100.0 | 158400.0 | 0.011001 | 0.019261 |   6.185874 |      7 | 0.952875 | 0.600000 | 0.766667 | 0.623333 | 0.723333 |  -2.595907 |      275 |      230 |       45 |   6.184041 |      7 | 0.924318 | 1.916406
 529 | 158400.0 | 158700.0 | 0.010989 | 0.019256 |   6.184041 |      7 | 0.924318 | 0.600000 | 0.780000 | 0.793333 | 0.753333 |   1.038632 |      278 |      234 |       44 |   6.182063 |      7 | 0.935731 | 1.627405
 530 | 158700.0 | 159000.0 | 0.010976 | 0.019251 |   6.182063 |      7 | 0.935731 | 0.600000 | 0.833333 | 0.793333 | 0.750000 |   1.125476 |      285 |      250 |       35 |   6.179501 |      7 | 0.948085 | 1.314587
 531 | 159000.0 | 159300.0 | 0.010964 | 0.019246 |   6.179501 |      7 | 0.948085 | 0.600000 | 0.806667 | 0.710000 | 0.726667 |  -0.432987 |      278 |      242 |       36 |   6.177236 |      7 | 0.943337 | 1.434799
 532 | 159300.0 | 159600.0 | 0.010952 | 0.019241 |   6.177236 |      7 | 0.943337 | 0.600000 | 0.806667 | 0.783333 | 0.750000 |   0.866198 |      280 |      242 |       38 |   6.174972 |      7 | 0.952824 | 1.194579
 533 | 159600.0 | 159900.0 | 0.010940 | 0.019236 |   6.174972 |      7 | 0.952824 | 0.600000 | 0.793333 | 0.620000 | 0.796667 |  -4.592032 |      277 |      238 |       39 |   6.172857 |      7 | 0.902587 | 2.466662
 534 | 159900.0 | 160200.0 | 0.010928 | 0.019231 |   6.172857 |      7 | 0.902587 | 0.600000 | 0.780000 | 0.786667 | 0.760000 |   0.693315 |      279 |      234 |       45 |   6.170890 |      7 | 0.910164 | 2.274813
 535 | 160200.0 | 160500.0 | 0.010916 | 0.019226 |   6.170890 |      7 | 0.910164 | 0.600000 | 0.800000 | 0.783333 | 0.753333 |   0.780180 |      282 |      240 |       42 |   6.168707 |      7 | 0.918680 | 2.059164
 536 | 160500.0 | 160800.0 | 0.010904 | 0.019221 |   6.168707 |      7 | 0.918680 | 0.600000 | 0.806667 | 0.763333 | 0.776667 |  -0.346835 |      283 |      242 |       41 |   6.166453 |      7 | 0.914898 | 2.154927
 537 | 160800.0 | 161100.0 | 0.010892 | 0.019216 |   6.166453 |      7 | 0.914898 | 0.600000 | 0.796667 | 0.783333 | 0.750000 |   0.867310 |      280 |      239 |       41 |   6.164311 |      7 | 0.924345 | 1.915722
 538 | 161100.0 | 161400.0 | 0.010880 | 0.019212 |   6.164311 |      7 | 0.924345 | 0.600000 | 0.776667 | 0.756667 | 0.746667 |   0.260260 |      279 |      233 |       46 |   6.162389 |      7 | 0.927176 | 1.844021
 539 | 161400.0 | 161700.0 | 0.010868 | 0.019207 |   6.162389 |      7 | 0.927176 | 0.600000 | 0.786667 | 0.773333 | 0.763333 |   0.260326 |      280 |      236 |       45 |   6.160360 |      7 | 0.930006 | 1.772380
 540 | 161700.0 | 162000.0 | 0.010856 | 0.019202 |   6.160360 |      7 | 0.930006 | 0.600000 | 0.793333 | 0.786667 | 0.763333 |   0.607582 |      280 |      238 |       41 |   6.158262 |      7 | 0.936601 | 1.605359
 541 | 162000.0 | 162300.0 | 0.010844 | 0.019197 |   6.158262 |      7 | 0.936601 | 0.600000 | 0.856667 | 0.780000 | 0.770000 |   0.260458 |      286 |      257 |       29 |   6.155478 |      7 | 0.939426 | 1.533839
 542 | 162300.0 | 162600.0 | 0.010832 | 0.019192 |   6.155478 |      7 | 0.939426 | 0.600000 | 0.813333 | 0.776667 | 0.760000 |   0.434207 |      280 |      244 |       36 |   6.153167 |      7 | 0.944129 | 1.414738
 543 | 162600.0 | 162900.0 | 0.010821 | 0.019187 |   6.153167 |      7 | 0.944129 | 0.600000 | 0.776667 | 0.766667 | 0.750000 |   0.434317 |      278 |      233 |       45 |   6.151256 |      7 | 0.948829 | 1.295736
 544 | 162900.0 | 163200.0 | 0.010809 | 0.019182 |   6.151256 |      7 | 0.948829 | 0.600000 | 0.786667 | 0.700000 | 0.750000 |  -1.303281 |      277 |      236 |       41 |   6.149238 |      7 | 0.934742 | 1.652443
 545 | 163200.0 | 163500.0 | 0.010797 | 0.019178 |   6.149238 |      7 | 0.934742 | 0.600000 | 0.773333 | 0.806667 | 0.806667 |   0.000000 |      276 |      232 |       45 |   6.147367 |      7 | 0.934742 | 1.652443
 546 | 163500.0 | 163800.0 | 0.010785 | 0.019173 |   6.147367 |      7 | 0.934742 | 0.600000 | 0.836667 | 0.810000 | 0.783333 |   0.695434 |      284 |      251 |       32 |   6.144814 |      7 | 0.942243 | 1.462516
 547 | 163800.0 | 164100.0 | 0.010774 | 0.019168 |   6.144814 |      7 | 0.942243 | 0.600000 | 0.810000 | 0.766667 | 0.773333 |  -0.173902 |      281 |      243 |       38 |   6.142552 |      7 | 0.940369 | 1.509958
 548 | 164100.0 | 164400.0 | 0.010762 | 0.019163 |   6.142552 |      7 | 0.940369 | 0.600000 | 0.783333 | 0.790000 | 0.783333 |   0.173946 |      279 |      235 |       44 |   6.140578 |      7 | 0.942241 | 1.462555
 549 | 164400.0 | 164700.0 | 0.010751 | 0.019158 |   6.140578 |      7 | 0.942241 | 0.600000 | 0.840000 | 0.763333 | 0.773333 |  -0.260984 |      284 |      252 |       33 |   6.137998 |      7 | 0.939435 | 1.533601
 550 | 164700.0 | 165000.0 | 0.010739 | 0.019153 |   6.137998 |      7 | 0.939435 | 0.600000 | 0.793333 | 0.743333 | 0.790000 |  -1.218231 |      279 |      238 |       40 |   6.135922 |      7 | 0.926353 | 1.864872
 551 | 165000.0 | 165300.0 | 0.010727 | 0.019149 |   6.135922 |      7 | 0.926353 | 0.600000 | 0.826667 | 0.803333 | 0.753333 |   1.305573 |      284 |      248 |       36 |   6.133491 |      7 | 0.940358 | 1.510232
 552 | 165300.0 | 165600.0 | 0.010716 | 0.019144 |   6.133491 |      7 | 0.940358 | 0.600000 | 0.790000 | 0.770000 | 0.720000 |   1.305899 |      279 |      237 |       42 |   6.131455 |      7 | 0.954352 | 1.155884
 553 | 165600.0 | 165900.0 | 0.010704 | 0.019139 |   6.131455 |      7 | 0.954352 | 0.600000 | 0.786667 | 0.580000 | 0.763333 |  -4.789487 |      276 |      236 |       40 |   6.129456 |      7 | 0.903084 | 2.454088
 554 | 165900.0 | 166200.0 | 0.010693 | 0.019134 |   6.129456 |      7 | 0.903084 | 0.600000 | 0.753333 | 0.796667 | 0.763333 |   0.871032 |      277 |      226 |       51 |   6.127817 |      7 | 0.912398 | 2.218245
 555 | 166200.0 | 166500.0 | 0.010681 | 0.019130 |   6.127817 |      7 | 0.912398 | 0.600000 | 0.766667 | 0.746667 | 0.770000 |  -0.609874 |      278 |      230 |       48 |   6.126037 |      7 | 0.905883 | 2.383200
 556 | 166500.0 | 166800.0 | 0.010670 | 0.019125 |   6.126037 |      7 | 0.905883 | 0.600000 | 0.740000 | 0.783333 | 0.783333 |   0.000000 |      275 |      222 |       53 |   6.124543 |      7 | 0.905883 | 2.383200
 557 | 166800.0 | 167100.0 | 0.010659 | 0.019120 |   6.124543 |      7 | 0.905883 | 0.600000 | 0.753333 | 0.776667 | 0.780000 |  -0.087168 |      277 |      226 |       51 |   6.122909 |      7 | 0.904954 | 2.406726
 558 | 167100.0 | 167400.0 | 0.010647 | 0.019115 |   6.122909 |      7 | 0.904954 | 0.600000 | 0.760000 | 0.793333 | 0.753333 |   1.046274 |      279 |      228 |       51 |   6.121205 |      7 | 0.916094 | 2.124641
 559 | 167400.0 | 167700.0 | 0.010636 | 0.019111 |   6.121205 |      7 | 0.916094 | 0.600000 | 0.836667 | 0.770000 | 0.793333 |  -0.610477 |      285 |      251 |       34 |   6.118688 |      7 | 0.909601 | 2.289056
 560 | 167700.0 | 168000.0 | 0.010625 | 0.019106 |   6.118688 |      7 | 0.909601 | 0.600000 | 0.760000 | 0.820000 | 0.753333 |   1.744650 |      277 |      228 |       50 |   6.116988 |      7 | 0.928138 | 1.819680
 561 | 168000.0 | 168300.0 | 0.010614 | 0.019101 |   6.116988 |      7 | 0.928138 | 0.600000 | 0.826667 | 0.810000 | 0.756667 |   1.396063 |      284 |      248 |       35 |   6.114582 |      7 | 0.942955 | 1.444485
 562 | 168300.0 | 168600.0 | 0.010602 | 0.019097 |   6.114582 |      7 | 0.942955 | 0.600000 | 0.853333 | 0.806667 | 0.713333 |   2.443709 |      285 |      256 |       29 |   6.111896 |      7 | 0.968864 | 0.788428
 563 | 168600.0 | 168900.0 | 0.010591 | 0.019092 |   6.111896 |      7 | 0.968864 | 0.600000 | 0.646667 | 0.246667 | 0.820000 | -15.015032 |      232 |      194 |       40 |   6.111402 |      7 | 0.809838 | 4.815227
 564 | 168900.0 | 169200.0 | 0.010580 | 0.019087 |   6.111402 |      7 | 0.809838 | 0.600000 | 0.750000 | 0.670000 | 0.723333 |  -1.397089 |      279 |      225 |       52 |   6.109815 |      7 | 0.795057 | 5.189509
 565 | 169200.0 | 169500.0 | 0.010569 | 0.019083 |   6.109815 |      7 | 0.795057 | 0.600000 | 0.793333 | 0.713333 | 0.666667 |   1.222751 |      281 |      238 |       43 |   6.107772 |      7 | 0.807980 | 4.862277
 566 | 169500.0 | 169800.0 | 0.010558 | 0.019078 |   6.107772 |      7 | 0.807980 | 0.600000 | 0.730000 | 0.720000 | 0.630000 |   2.358738 |      277 |      219 |       58 |   6.106399 |      7 | 0.832883 | 4.231696
 567 | 169800.0 | 170100.0 | 0.010547 | 0.019073 |   6.106399 |      7 | 0.832883 | 0.600000 | 0.696667 | 0.756667 | 0.673333 |   2.184548 |      271 |      209 |       62 |   6.105380 |      7 | 0.855922 | 3.648296
 568 | 170100.0 | 170400.0 | 0.010536 | 0.019069 |   6.105380 |      7 | 0.855922 | 0.600000 | 0.770000 | 0.736667 | 0.763333 |  -0.699225 |      278 |      231 |       47 |   6.103589 |      7 | 0.848556 | 3.834834
 569 | 170400.0 | 170700.0 | 0.010525 | 0.019064 |   6.103589 |      7 | 0.848556 | 0.600000 | 0.730000 | 0.763333 | 0.706667 |   1.486214 |      276 |      219 |       57 |   6.102220 |      7 | 0.864197 | 3.438760
 570 | 170700.0 | 171000.0 | 0.010514 | 0.019059 |   6.102220 |      7 | 0.864197 | 0.600000 | 0.753333 | 0.720000 | 0.693333 |   0.699564 |      278 |      226 |       52 |   6.100608 |      7 | 0.871552 | 3.252522
 571 | 171000.0 | 171300.0 | 0.010503 | 0.019055 |   6.100608 |      7 | 0.871552 | 0.600000 | 0.733333 | 0.833333 | 0.696667 |   3.586133 |      275 |      220 |       55 |   6.099208 |      7 | 0.909216 | 2.298817
 572 | 171300.0 | 171600.0 | 0.010492 | 0.019050 |   6.099208 |      7 | 0.909216 | 0.600000 | 0.796667 | 0.820000 | 0.736667 |   2.187194 |      282 |      239 |       43 |   6.097145 |      7 | 0.932163 | 1.717756
 573 | 171600.0 | 171900.0 | 0.010481 | 0.019046 |   6.097145 |      7 | 0.932163 | 0.600000 | 0.816667 | 0.746667 | 0.783333 |  -0.962597 |      282 |      245 |       37 |   6.094874 |      7 | 0.922074 | 1.973219
 574 | 171900.0 | 172200.0 | 0.010470 | 0.019041 |   6.094874 |      7 | 0.922074 | 0.600000 | 0.776667 | 0.746667 | 0.803333 |  -1.488008 |      279 |      233 |       46 |   6.093024 |      7 | 0.906495 | 2.367709
 575 | 172200.0 | 172500.0 | 0.010459 | 0.019037 |   6.093024 |      7 | 0.906495 | 0.600000 | 0.810000 | 0.803333 | 0.780000 |   0.612856 |      282 |      243 |       39 |   6.090828 |      7 | 0.912905 | 2.205401
 576 | 172500.0 | 172800.0 | 0.010448 | 0.019032 |   6.090828 |      7 | 0.912905 | 0.600000 | 0.820000 | 0.756667 | 0.756667 |   0.000000 |      283 |      246 |       38 |   6.088529 |      7 | 0.912905 | 2.205401
 577 | 172800.0 | 173100.0 | 0.010437 | 0.019027 |   6.088529 |      7 | 0.912905 | 0.600000 | 0.770000 | 0.743333 | 0.730000 |   0.350372 |      279 |      231 |       47 |   6.086755 |      7 | 0.916562 | 2.112802
 578 | 173100.0 | 173400.0 | 0.010427 | 0.019023 |   6.086755 |      7 | 0.916562 | 0.600000 | 0.820000 | 0.773333 | 0.763333 |   0.262842 |      283 |      246 |       37 |   6.084461 |      7 | 0.919302 | 2.043407
 579 | 173400.0 | 173700.0 | 0.010416 | 0.019018 |   6.084461 |      7 | 0.919302 | 0.600000 | 0.783333 | 0.833333 | 0.760000 |   1.927964 |      279 |      235 |       44 |   6.082551 |      7 | 0.939383 | 1.534916
 580 | 173700.0 | 174000.0 | 0.010405 | 0.019014 |   6.082551 |      7 | 0.939383 | 0.600000 | 0.780000 | 0.766667 | 0.753333 |   0.350623 |      277 |      234 |       43 |   6.080679 |      7 | 0.943032 | 1.442536
 581 | 174000.0 | 174300.0 | 0.010394 | 0.019009 |   6.080679 |      7 | 0.943032 | 0.600000 | 0.780000 | 0.746667 | 0.736667 |   0.263029 |      278 |      234 |       44 |   6.078808 |      7 | 0.945766 | 1.373306
 582 | 174300.0 | 174600.0 | 0.010384 | 0.019005 |   6.078808 |      7 | 0.945766 | 0.600000 | 0.796667 | 0.706667 | 0.746667 |  -1.052368 |      278 |      239 |       39 |   6.076765 |      7 | 0.934838 | 1.650008
 583 | 174600.0 | 174900.0 | 0.010373 | 0.019000 |   6.076765 |      7 | 0.934838 | 0.600000 | 0.820000 | 0.810000 | 0.730000 |   2.105235 |      281 |      246 |       35 |   6.074483 |      7 | 0.956676 | 1.097041
 584 | 174900.0 | 175200.0 | 0.010362 | 0.018996 |   6.074483 |      7 | 0.956676 | 0.600000 | 0.766667 | 0.560000 | 0.763333 |  -5.352072 |      273 |      230 |       43 |   6.072756 |      7 | 0.901216 | 2.501392
 585 | 175200.0 | 175500.0 | 0.010352 | 0.018991 |   6.072756 |      7 | 0.901216 | 0.600000 | 0.770000 | 0.790000 | 0.746667 |   1.140875 |      279 |      231 |       48 |   6.070996 |      7 | 0.913026 | 2.202339
 586 | 175500.0 | 175800.0 | 0.010341 | 0.018987 |   6.070996 |      7 | 0.913026 | 0.600000 | 0.800000 | 0.793333 | 0.726667 |   1.755607 |      282 |      240 |       42 |   6.068928 |      7 | 0.931181 | 1.742619
 587 | 175800.0 | 176100.0 | 0.010331 | 0.018982 |   6.068928 |      7 | 0.931181 | 0.600000 | 0.793333 | 0.816667 | 0.783333 |   0.878010 |      279 |      238 |       41 |   6.066931 |      7 | 0.940251 | 1.512939
 588 | 176100.0 | 176400.0 | 0.010320 | 0.018978 |   6.066931 |      7 | 0.940251 | 0.600000 | 0.796667 | 0.826667 | 0.820000 |   0.175643 |      278 |      239 |       39 |   6.064901 |      7 | 0.942064 | 1.467039
 589 | 176400.0 | 176700.0 | 0.010310 | 0.018973 |   6.064901 |      7 | 0.942064 | 0.600000 | 0.773333 | 0.753333 | 0.763333 |  -0.263527 |      279 |      232 |       47 |   6.063114 |      7 | 0.939347 | 1.535836
 590 | 176700.0 | 177000.0 | 0.010299 | 0.018969 |   6.063114 |      7 | 0.939347 | 0.600000 | 0.816667 | 0.793333 | 0.750000 |   1.142218 |      281 |      245 |       36 |   6.060883 |      7 | 0.951111 | 1.237951
 591 | 177000.0 | 177300.0 | 0.010289 | 0.018964 |   6.060883 |      7 | 0.951111 | 0.600000 | 0.816667 | 0.620000 | 0.773333 |  -4.042642 |      279 |      245 |       34 |   6.058654 |      7 | 0.909517 | 2.291182
 592 | 177300.0 | 177600.0 | 0.010278 | 0.018960 |   6.058654 |      7 | 0.909517 | 0.600000 | 0.806667 | 0.810000 | 0.776667 |   0.879041 |      281 |      242 |       39 |   6.056529 |      7 | 0.918552 | 2.062397
 593 | 177600.0 | 177900.0 | 0.010268 | 0.018956 |   6.056529 |      7 | 0.918552 | 0.600000 | 0.820000 | 0.830000 | 0.770000 |   1.582643 |      285 |      246 |       39 |   6.054270 |      7 | 0.934803 | 1.650904
 594 | 177900.0 | 178200.0 | 0.010258 | 0.018951 |   6.054270 |      7 | 0.934803 | 0.600000 | 0.826667 | 0.806667 | 0.776667 |   0.791506 |      283 |      248 |       35 |   6.051945 |      7 | 0.942922 | 1.445317
 595 | 178200.0 | 178500.0 | 0.010247 | 0.018947 |   6.051945 |      7 | 0.942922 | 0.600000 | 0.800000 | 0.823333 | 0.780000 |   1.143552 |      279 |      240 |       39 |   6.049896 |      7 | 0.954640 | 1.148588
 596 | 178500.0 | 178800.0 | 0.010237 | 0.018942 |   6.049896 |      7 | 0.954640 | 0.600000 | 0.823333 | 0.566667 | 0.770000 |  -5.367147 |      279 |      247 |       32 |   6.047610 |      7 | 0.899697 | 2.539854
 597 | 178800.0 | 179100.0 | 0.010227 | 0.018938 |   6.047610 |      7 | 0.899697 | 0.600000 | 0.796667 | 0.756667 | 0.730000 |   0.704051 |      282 |      239 |       43 |   6.045598 |      7 | 0.906897 | 2.357534
 598 | 179100.0 | 179400.0 | 0.010216 | 0.018934 |   6.045598 |      7 | 0.906897 | 0.600000 | 0.813333 | 0.733333 | 0.746667 |  -0.352107 |      282 |      244 |       38 |   6.043419 |      7 | 0.903299 | 2.448624
 599 | 179400.0 | 179700.0 | 0.010206 | 0.018929 |   6.043419 |      7 | 0.903299 | 0.600000 | 0.763333 | 0.780000 | 0.743333 |   0.968519 |      278 |      229 |       49 |   6.041752 |      7 | 0.913184 | 2.198320
 600 | 179700.0 | 180000.0 | 0.010196 | 0.018925 |   6.041752 |      7 | 0.913184 | 0.600000 | 0.780000 | 0.740000 | 0.753333 |  -0.352270 |      280 |      234 |       46 |   6.039917 |      7 | 0.909593 | 2.289269
 601 | 180000.0 | 180300.0 | 0.010186 | 0.018921 |   6.039917 |      7 | 0.909593 | 0.600000 | 0.756667 | 0.820000 | 0.773333 |   1.233230 |      277 |      227 |       50 |   6.038321 |      7 | 0.922154 | 1.971191
 602 | 180300.0 | 180600.0 | 0.010176 | 0.018916 |   6.038321 |      7 | 0.922154 | 0.600000 | 0.793333 | 0.750000 | 0.756667 |  -0.176216 |      282 |      238 |       44 |   6.036353 |      7 | 0.920361 | 2.016596
 603 | 180600.0 | 180900.0 | 0.010166 | 0.018912 |   6.036353 |      7 | 0.920361 | 0.600000 | 0.820000 | 0.793333 | 0.796667 |  -0.088128 |      282 |      246 |       36 |   6.034117 |      7 | 0.919465 | 2.039281
 604 | 180900.0 | 181200.0 | 0.010155 | 0.018907 |   6.034117 |      7 | 0.919465 | 0.600000 | 0.746667 | 0.840000 | 0.786667 |   1.410378 |      276 |      224 |       52 |   6.032628 |      7 | 0.933788 | 1.676597
 605 | 181200.0 | 181500.0 | 0.010145 | 0.018903 |   6.032628 |      7 | 0.933788 | 0.600000 | 0.816667 | 0.816667 | 0.770000 |   1.234363 |      282 |      245 |       37 |   6.030429 |      7 | 0.946311 | 1.359492
 606 | 181500.0 | 181800.0 | 0.010135 | 0.018899 |   6.030429 |      7 | 0.946311 | 0.600000 | 0.820000 | 0.710000 | 0.763333 |  -1.411024 |      282 |      246 |       36 |   6.028200 |      7 | 0.932010 | 1.721622
 607 | 181800.0 | 182100.0 | 0.010125 | 0.018894 |   6.028200 |      7 | 0.932010 | 0.600000 | 0.713333 | 0.786667 | 0.786667 |   0.000000 |      272 |      214 |       58 |   6.027052 |      7 | 0.932010 | 1.721622
 608 | 182100.0 | 182400.0 | 0.010115 | 0.018890 |   6.027052 |      7 | 0.932010 | 0.600000 | 0.750000 | 0.790000 | 0.756667 |   0.882293 |      276 |      225 |       51 |   6.025535 |      7 | 0.940935 | 1.495635
 609 | 182400.0 | 182700.0 | 0.010105 | 0.018886 |   6.025535 |      7 | 0.940935 | 0.600000 | 0.756667 | 0.760000 | 0.813333 |  -1.411990 |      276 |      227 |       49 |   6.023952 |      7 | 0.926666 | 1.856939
 610 | 182700.0 | 183000.0 | 0.010095 | 0.018882 |   6.023952 |      7 | 0.926666 | 0.600000 | 0.763333 | 0.796667 | 0.756667 |   1.059233 |      278 |      229 |       49 |   6.022303 |      7 | 0.937359 | 1.586167
 611 | 183000.0 | 183300.0 | 0.010085 | 0.018877 |   6.022303 |      7 | 0.937359 | 0.600000 | 0.810000 | 0.760000 | 0.780000 |  -0.529737 |      280 |      243 |       37 |   6.020185 |      7 | 0.932017 | 1.721450
 612 | 183300.0 | 183600.0 | 0.010075 | 0.018873 |   6.020185 |      7 | 0.932017 | 0.600000 | 0.843333 | 0.790000 | 0.743333 |   1.236333 |      285 |      253 |       32 |   6.017733 |      7 | 0.944473 | 1.406028
 613 | 183600.0 | 183900.0 | 0.010066 | 0.018869 |   6.017733 |      7 | 0.944473 | 0.600000 | 0.773333 | 0.790000 | 0.770000 |   0.529977 |      277 |      232 |       45 |   6.015988 |      7 | 0.949808 | 1.270949
 614 | 183900.0 | 184200.0 | 0.010056 | 0.018864 |   6.015988 |      7 | 0.949808 | 0.600000 | 0.776667 | 0.680000 | 0.803333 |  -3.268930 |      275 |      233 |       42 |   6.014212 |      7 | 0.916937 | 2.103307
 615 | 184200.0 | 184500.0 | 0.010046 | 0.018860 |   6.014212 |      7 | 0.916937 | 0.600000 | 0.790000 | 0.810000 | 0.766667 |   1.148802 |      281 |      237 |       44 |   6.012303 |      7 | 0.928477 | 1.811077
 616 | 184500.0 | 184800.0 | 0.010036 | 0.018856 |   6.012303 |      7 | 0.928477 | 0.600000 | 0.793333 | 0.793333 | 0.693333 |   2.651680 |      279 |      238 |       41 |   6.010363 |      7 | 0.955090 | 1.137208
 617 | 184800.0 | 185100.0 | 0.010026 | 0.018852 |   6.010363 |      7 | 0.955090 | 0.600000 | 0.813333 | 0.563333 | 0.796667 |  -6.188646 |      277 |      244 |       33 |   6.008224 |      7 | 0.893041 | 2.708387
 618 | 185100.0 | 185400.0 | 0.010016 | 0.018847 |   6.008224 |      7 | 0.893041 | 0.600000 | 0.790000 | 0.766667 | 0.750000 |   0.442146 |      281 |      237 |       44 |   6.006321 |      7 | 0.897470 | 2.596244
 619 | 185400.0 | 185700.0 | 0.010007 | 0.018843 |   6.006321 |      7 | 0.897470 | 0.600000 | 0.770000 | 0.826667 | 0.720000 |   2.830366 |      279 |      231 |       48 |   6.004620 |      7 | 0.925792 | 1.879068
 620 | 185700.0 | 186000.0 | 0.009997 | 0.018839 |   6.004620 |      7 | 0.925792 | 0.600000 | 0.796667 | 0.800000 | 0.756667 |   1.150094 |      281 |      239 |       42 |   6.002654 |      7 | 0.937290 | 1.587933
 621 | 186000.0 | 186300.0 | 0.009987 | 0.018835 |   6.002654 |      7 | 0.937290 | 0.600000 | 0.760000 | 0.833333 | 0.776667 |   1.504306 |      276 |      228 |       48 |   6.001056 |      7 | 0.952314 | 1.207504
 622 | 186300.0 | 186600.0 | 0.009978 | 0.018831 |   6.001056 |      7 | 0.952314 | 0.600000 | 0.803333 | 0.623333 | 0.813333 |  -5.044975 |      277 |      241 |       36 |   5.999027 |      6 | 0.901977 | 2.482110
 623 | 186600.0 | 186900.0 | 0.009968 | 0.018826 |   5.999027 |      6 | 0.901977 | 0.600000 | 0.676667 | 0.640000 | 0.673333 |  -0.885281 |      240 |      203 |       39 |   5.998263 |      6 | 0.893153 | 2.705559
 624 | 186900.0 | 187200.0 | 0.009958 | 0.018822 |   5.998263 |      6 | 0.893153 | 0.600000 | 0.656667 | 0.670000 | 0.620000 |   1.328217 |      238 |      197 |       40 |   5.997698 |      6 | 0.906379 | 2.370635
 625 | 187200.0 | 187500.0 | 0.009949 | 0.018818 |   5.997698 |      6 | 0.906379 | 0.600000 | 0.686667 | 0.680000 | 0.636667 |   1.151377 |      243 |      206 |       37 |   5.996836 |      6 | 0.917834 | 2.080585
 626 | 187500.0 | 187800.0 | 0.009939 | 0.018814 |   5.996836 |      6 | 0.917834 | 0.600000 | 0.693333 | 0.693333 | 0.613333 |   2.126092 |      241 |      208 |       33 |   5.995909 |      6 | 0.938965 | 1.545504
 627 | 187800.0 | 188100.0 | 0.009929 | 0.018810 |   5.995909 |      6 | 0.938965 | 0.600000 | 0.706667 | 0.656667 | 0.703333 |  -1.240495 |      242 |      212 |       30 |   5.994849 |      6 | 0.926648 | 1.857403
 628 | 188100.0 | 188400.0 | 0.009920 | 0.018806 |   5.994849 |      6 | 0.926648 | 0.600000 | 0.703333 | 0.686667 | 0.653333 |   0.886264 |      245 |      211 |       34 |   5.993824 |      6 | 0.935440 | 1.634783
 629 | 188400.0 | 188700.0 | 0.009910 | 0.018801 |   5.993824 |      6 | 0.935440 | 0.600000 | 0.686667 | 0.663333 | 0.683333 |  -0.531876 |      240 |      206 |       34 |   5.992965 |      6 | 0.930168 | 1.768256
 630 | 188700.0 | 189000.0 | 0.009901 | 0.018797 |   5.992965 |      6 | 0.930168 | 0.600000 | 0.666667 | 0.656667 | 0.636667 |   0.531994 |      239 |      200 |       39 |   5.992305 |      6 | 0.935436 | 1.634881
 631 | 189000.0 | 189300.0 | 0.009891 | 0.018793 |   5.992305 |      6 | 0.935436 | 0.600000 | 0.653333 | 0.733333 | 0.686667 |   1.241592 |      237 |      196 |       41 |   5.991778 |      6 | 0.947717 | 1.323903
 632 | 189300.0 | 189600.0 | 0.009882 | 0.018789 |   5.991778 |      6 | 0.947717 | 0.600000 | 0.713333 | 0.696667 | 0.650000 |   1.241865 |      243 |      214 |       29 |   5.990658 |      6 | 0.959989 | 1.013154
 633 | 189600.0 | 189900.0 | 0.009873 | 0.018785 |   5.990658 |      6 | 0.959989 | 0.600000 | 0.750000 | 0.470000 | 0.656667 |  -4.968552 |      245 |      225 |       20 |   5.989177 |      6 | 0.910937 | 2.255236
 634 | 189900.0 | 190200.0 | 0.009863 | 0.018781 |   5.989177 |      6 | 0.910937 | 0.600000 | 0.626667 | 0.666667 | 0.643333 |   0.621205 |      235 |      188 |       47 |   5.988914 |      6 | 0.917064 | 2.100090
 635 | 190200.0 | 190500.0 | 0.009854 | 0.018777 |   5.988914 |      6 | 0.917064 | 0.600000 | 0.686667 | 0.710000 | 0.670000 |   1.065157 |      242 |      206 |       36 |   5.988060 |      6 | 0.927559 | 1.834320
 636 | 190500.0 | 190800.0 | 0.009844 | 0.018772 |   5.988060 |      6 | 0.927559 | 0.600000 | 0.676667 | 0.693333 | 0.643333 |   1.331737 |      241 |      203 |       38 |   5.987305 |      6 | 0.940669 | 1.502351
 637 | 190800.0 | 191100.0 | 0.009835 | 0.018768 |   5.987305 |      6 | 0.940669 | 0.600000 | 0.706667 | 0.670000 | 0.660000 |   0.266406 |      242 |      212 |       30 |   5.986256 |      6 | 0.943290 | 1.436006
 638 | 191100.0 | 191400.0 | 0.009826 | 0.018764 |   5.986256 |      6 | 0.943290 | 0.600000 | 0.680000 | 0.646667 | 0.696667 |  -1.332319 |      240 |      204 |       36 |   5.985470 |      6 | 0.930199 | 1.767489
 639 | 191400.0 | 191700.0 | 0.009816 | 0.018760 |   5.985470 |      6 | 0.930199 | 0.600000 | 0.676667 | 0.713333 | 0.643333 |   1.865653 |      240 |      203 |       37 |   5.984718 |      6 | 0.948513 | 1.303751
 640 | 191700.0 | 192000.0 | 0.009807 | 0.018756 |   5.984718 |      6 | 0.948513 | 0.600000 | 0.696667 | 0.620000 | 0.700000 |  -2.132639 |      240 |      209 |       31 |   5.983770 |      6 | 0.927598 | 1.833352
 641 | 192000.0 | 192300.0 | 0.009798 | 0.018752 |   5.983770 |      6 | 0.927598 | 0.600000 | 0.723333 | 0.656667 | 0.656667 |   0.000000 |      245 |      217 |       28 |   5.982561 |      6 | 0.927598 | 1.833352
 642 | 192300.0 | 192600.0 | 0.009789 | 0.018748 |   5.982561 |      6 | 0.927598 | 0.600000 | 0.653333 | 0.726667 | 0.676667 |   1.333478 |      238 |      196 |       42 |   5.982039 |      6 | 0.940650 | 1.502833
 643 | 192600.0 | 192900.0 | 0.009779 | 0.018744 |   5.982039 |      6 | 0.940650 | 0.600000 | 0.703333 | 0.663333 | 0.686667 |  -0.622425 |      243 |      211 |       32 |   5.981029 |      6 | 0.934564 | 1.656963
 644 | 192900.0 | 193200.0 | 0.009770 | 0.018740 |   5.981029 |      6 | 0.934564 | 0.600000 | 0.713333 | 0.663333 | 0.623333 |   1.067244 |      242 |      214 |       28 |   5.979921 |      6 | 0.944991 | 1.392931
 645 | 193200.0 | 193500.0 | 0.009761 | 0.018736 |   5.979921 |      6 | 0.944991 | 0.600000 | 0.723333 | 0.673333 | 0.626667 |   1.245387 |      244 |      217 |       27 |   5.978718 |      6 | 0.957147 | 1.085117
 646 | 193500.0 | 193800.0 | 0.009752 | 0.018732 |   5.978718 |      6 | 0.957147 | 0.600000 | 0.673333 | 0.536667 | 0.686667 |  -4.003895 |      238 |      202 |       36 |   5.978002 |      6 | 0.918102 | 2.073804
 647 | 193800.0 | 194100.0 | 0.009743 | 0.018728 |   5.978002 |      6 | 0.918102 | 0.600000 | 0.713333 | 0.676667 | 0.630000 |   1.245924 |      244 |      214 |       30 |   5.976898 |      6 | 0.930240 | 1.766434
 648 | 194100.0 | 194400.0 | 0.009733 | 0.018724 |   5.976898 |      6 | 0.930240 | 0.600000 | 0.663333 | 0.726667 | 0.683333 |   1.157179 |      238 |      199 |       39 |   5.976282 |      6 | 0.941504 | 1.481226
 649 | 194400.0 | 194700.0 | 0.009724 | 0.018720 |   5.976282 |      6 | 0.941504 | 0.600000 | 0.673333 | 0.683333 | 0.683333 |   0.000000 |      240 |      202 |       38 |   5.975569 |      6 | 0.941504 | 1.481226
 650 | 194700.0 | 195000.0 | 0.009715 | 0.018716 |   5.975569 |      6 | 0.941504 | 0.600000 | 0.713333 | 0.683333 | 0.676667 |   0.178104 |      242 |      214 |       28 |   5.974468 |      6 | 0.943234 | 1.437411
 651 | 195000.0 | 195300.0 | 0.009706 | 0.018712 |   5.974468 |      6 | 0.943234 | 0.600000 | 0.720000 | 0.653333 | 0.690000 |  -0.979781 |      244 |      216 |       28 |   5.973303 |      6 | 0.933724 | 1.678221
 652 | 195300.0 | 195600.0 | 0.009697 | 0.018708 |   5.973303 |      6 | 0.933724 | 0.600000 | 0.703333 | 0.666667 | 0.660000 |   0.178180 |      243 |      211 |       32 |   5.972301 |      6 | 0.935452 | 1.634469
 653 | 195600.0 | 195900.0 | 0.009688 | 0.018704 |   5.972301 |      6 | 0.935452 | 0.600000 | 0.700000 | 0.730000 | 0.696667 |   0.891091 |      242 |      210 |       32 |   5.971332 |      6 | 0.944085 | 1.415864
 654 | 195900.0 | 196200.0 | 0.009679 | 0.018700 |   5.971332 |      6 | 0.944085 | 0.600000 | 0.703333 | 0.710000 | 0.666667 |   1.158665 |      242 |      211 |       31 |   5.970332 |      6 | 0.955300 | 1.131882
 655 | 196200.0 | 196500.0 | 0.009670 | 0.018696 |   5.970332 |      6 | 0.955300 | 0.600000 | 0.723333 | 0.570000 | 0.690000 |  -3.209295 |      243 |      217 |       26 |   5.969139 |      6 | 0.924265 | 1.917732
 656 | 196500.0 | 196800.0 | 0.009661 | 0.018692 |   5.969139 |      6 | 0.924265 | 0.600000 | 0.666667 | 0.716667 | 0.626667 |   2.407483 |      239 |      200 |       39 |   5.968495 |      6 | 0.947525 | 1.328765
 657 | 196800.0 | 197100.0 | 0.009652 | 0.018688 |   5.968495 |      6 | 0.947525 | 0.600000 | 0.696667 | 0.660000 | 0.710000 |  -1.337775 |      240 |      209 |       31 |   5.967562 |      6 | 0.934612 | 1.655736
 658 | 197100.0 | 197400.0 | 0.009643 | 0.018684 |   5.967562 |      6 | 0.934612 | 0.600000 | 0.733333 | 0.700000 | 0.676667 |   0.624427 |      246 |      220 |       26 |   5.966276 |      6 | 0.940634 | 1.503258
 659 | 197400.0 | 197700.0 | 0.009635 | 0.018680 |   5.966276 |      6 | 0.940634 | 0.600000 | 0.673333 | 0.706667 | 0.646667 |   1.606010 |      239 |      202 |       37 |   5.965570 |      6 | 0.956107 | 1.111451
 660 | 197700.0 | 198000.0 | 0.009626 | 0.018676 |   5.965570 |      6 | 0.956107 | 0.600000 | 0.686667 | 0.550000 | 0.660000 |  -2.944974 |      238 |      206 |       32 |   5.964735 |      6 | 0.927759 | 1.829254
 661 | 198000.0 | 198300.0 | 0.009617 | 0.018672 |   5.964735 |      6 | 0.927759 | 0.600000 | 0.650000 | 0.653333 | 0.683333 |  -0.803344 |      237 |      195 |       42 |   5.964255 |      6 | 0.920034 | 2.024880
 662 | 198300.0 | 198600.0 | 0.009608 | 0.018668 |   5.964255 |      6 | 0.920034 | 0.600000 | 0.666667 | 0.693333 | 0.660000 |   0.892793 |      240 |      200 |       40 |   5.963614 |      6 | 0.928612 | 1.807672
 663 | 198600.0 | 198900.0 | 0.009599 | 0.018664 |   5.963614 |      6 | 0.928612 | 0.600000 | 0.713333 | 0.710000 | 0.653333 |   1.518068 |      242 |      214 |       28 |   5.962526 |      6 | 0.943184 | 1.438680
 664 | 198900.0 | 199200.0 | 0.009590 | 0.018660 |   5.962526 |      6 | 0.943184 | 0.600000 | 0.736667 | 0.633333 | 0.650000 |  -0.446584 |      247 |      221 |       26 |   5.961215 |      6 | 0.938901 | 1.547130
 665 | 199200.0 | 199500.0 | 0.009582 | 0.018656 |   5.961215 |      6 | 0.938901 | 0.600000 | 0.710000 | 0.676667 | 0.650000 |   0.714685 |      242 |      213 |       29 |   5.960161 |      6 | 0.945749 | 1.373732
 666 | 199500.0 | 199800.0 | 0.009573 | 0.018652 |   5.960161 |      6 | 0.945749 | 0.600000 | 0.680000 | 0.640000 | 0.643333 |  -0.089354 |      239 |      204 |       35 |   5.959396 |      6 | 0.944893 | 1.395391
 667 | 199800.0 | 200100.0 | 0.009564 | 0.018648 |   5.959396 |      6 | 0.944893 | 0.600000 | 0.683333 | 0.656667 | 0.700000 |  -1.161850 |      240 |      205 |       35 |   5.958599 |      6 | 0.933781 | 1.676767
 668 | 200100.0 | 200400.0 | 0.009555 | 0.018645 |   5.958599 |      6 | 0.933781 | 0.600000 | 0.710000 | 0.676667 | 0.693333 |  -0.446959 |      244 |      213 |       31 |   5.957548 |      6 | 0.929511 | 1.784912
 669 | 200400.0 | 200700.0 | 0.009547 | 0.018641 |   5.957548 |      6 | 0.929511 | 0.600000 | 0.656667 | 0.653333 | 0.693333 |  -1.072925 |      237 |      197 |       40 |   5.957007 |      6 | 0.919268 | 2.044279
 670 | 200700.0 | 201000.0 | 0.009538 | 0.018637 |   5.957007 |      6 | 0.919268 | 0.600000 | 0.650000 | 0.660000 | 0.626667 |   0.894291 |      238 |      195 |       43 |   5.956530 |      6 | 0.927797 | 1.828292
 671 | 201000.0 | 201300.0 | 0.009529 | 0.018633 |   5.956530 |      6 | 0.927797 | 0.600000 | 0.680000 | 0.626667 | 0.663333 |  -0.983924 |      241 |      204 |       37 |   5.955767 |      6 | 0.918421 | 2.065711
 672 | 201300.0 | 201600.0 | 0.009521 | 0.018629 |   5.955767 |      6 | 0.918421 | 0.600000 | 0.686667 | 0.670000 | 0.636667 |   0.894663 |      241 |      206 |       35 |   5.954942 |      6 | 0.926939 | 1.850026
 673 | 201600.0 | 201900.0 | 0.009512 | 0.018625 |   5.954942 |      6 | 0.926939 | 0.600000 | 0.670000 | 0.646667 | 0.680000 |  -0.894848 |      240 |      201 |       39 |   5.954276 |      6 | 0.918427 | 2.065561
 674 | 201900.0 | 202200.0 | 0.009503 | 0.018621 |   5.954276 |      6 | 0.918427 | 0.600000 | 0.673333 | 0.690000 | 0.620000 |   1.879571 |      239 |      202 |       37 |   5.953579 |      6 | 0.936290 | 1.613254
 675 | 202200.0 | 202500.0 | 0.009495 | 0.018617 |   5.953579 |      6 | 0.936290 | 0.600000 | 0.646667 | 0.726667 | 0.673333 |   1.432351 |      238 |      194 |       44 |   5.953136 |      6 | 0.949890 | 1.268879
 676 | 202500.0 | 202800.0 | 0.009486 | 0.018614 |   5.953136 |      6 | 0.949890 | 0.600000 | 0.716667 | 0.653333 | 0.663333 |  -0.268621 |      243 |      215 |       28 |   5.952030 |      6 | 0.947341 | 1.333404
 677 | 202800.0 | 203100.0 | 0.009478 | 0.018610 |   5.952030 |      6 | 0.947341 | 0.600000 | 0.683333 | 0.676667 | 0.660000 |   0.447795 |      239 |      205 |       34 |   5.951240 |      6 | 0.951586 | 1.225937
 678 | 203100.0 | 203400.0 | 0.009469 | 0.018606 |   5.951240 |      6 | 0.951586 | 0.600000 | 0.670000 | 0.620000 | 0.693333 |  -1.970703 |      237 |      201 |       37 |   5.950577 |      6 | 0.932925 | 1.698466
 679 | 203400.0 | 203700.0 | 0.009461 | 0.018602 |   5.950577 |      6 | 0.932925 | 0.600000 | 0.676667 | 0.700000 | 0.633333 |   1.791917 |      239 |      203 |       35 |   5.949852 |      6 | 0.949877 | 1.269191
 680 | 203700.0 | 204000.0 | 0.009452 | 0.018598 |   5.949852 |      6 | 0.949877 | 0.600000 | 0.693333 | 0.663333 | 0.700000 |  -0.985757 |      241 |      208 |       33 |   5.948969 |      6 | 0.940560 | 1.505129
 681 | 204000.0 | 204300.0 | 0.009444 | 0.018594 |   5.948969 |      6 | 0.940560 | 0.600000 | 0.696667 | 0.633333 | 0.626667 |   0.179265 |      240 |      209 |       31 |   5.948057 |      6 | 0.942253 | 1.462261
 682 | 204300.0 | 204600.0 | 0.009435 | 0.018591 |   5.948057 |      6 | 0.942253 | 0.600000 | 0.710000 | 0.706667 | 0.680000 |   0.717208 |      244 |      213 |       31 |   5.947019 |      6 | 0.949020 | 1.290907
 683 | 204600.0 | 204900.0 | 0.009427 | 0.018587 |   5.947019 |      6 | 0.949020 | 0.600000 | 0.676667 | 0.633333 | 0.670000 |  -0.986364 |      238 |      203 |       36 |   5.946296 |      6 | 0.939721 | 1.526356
 684 | 204900.0 | 205200.0 | 0.009418 | 0.018583 |   5.946296 |      6 | 0.939721 | 0.600000 | 0.703333 | 0.693333 | 0.653333 |   1.076253 |      242 |      211 |       30 |   5.945323 |      6 | 0.949858 | 1.269679
 685 | 205200.0 | 205500.0 | 0.009410 | 0.018579 |   5.945323 |      6 | 0.949858 | 0.600000 | 0.740000 | 0.623333 | 0.683333 |  -1.614709 |      246 |      222 |       24 |   5.944005 |      6 | 0.934664 | 1.654430
 686 | 205500.0 | 205800.0 | 0.009402 | 0.018575 |   5.944005 |      6 | 0.934664 | 0.600000 | 0.676667 | 0.703333 | 0.633333 |   1.884212 |      238 |      203 |       35 |   5.943284 |      6 | 0.952378 | 1.205863
 687 | 205800.0 | 206100.0 | 0.009393 | 0.018572 |   5.943284 |      6 | 0.952378 | 0.600000 | 0.720000 | 0.616667 | 0.653333 |  -0.987169 |      243 |      216 |       27 |   5.942157 |      6 | 0.943106 | 1.440665
 688 | 206100.0 | 206400.0 | 0.009385 | 0.018568 |   5.942157 |      6 | 0.943106 | 0.600000 | 0.703333 | 0.723333 | 0.663333 |   1.615696 |      242 |      211 |       31 |   5.941188 |      6 | 0.958269 | 1.056706
 689 | 206400.0 | 206700.0 | 0.009377 | 0.018564 |   5.941188 |      6 | 0.958269 | 0.600000 | 0.740000 | 0.523333 | 0.660000 |  -3.680944 |      244 |      222 |       22 |   5.939875 |      6 | 0.923754 | 1.930680
 690 | 206700.0 | 207000.0 | 0.009368 | 0.018560 |   5.939875 |      6 | 0.923754 | 0.600000 | 0.660000 | 0.700000 | 0.650000 |   1.346960 |      237 |      198 |       39 |   5.939313 |      6 | 0.936373 | 1.611152
 691 | 207000.0 | 207300.0 | 0.009360 | 0.018557 |   5.939313 |      6 | 0.936373 | 0.600000 | 0.693333 | 0.666667 | 0.643333 |   0.628709 |      243 |      208 |       35 |   5.938439 |      6 | 0.942257 | 1.462141
 692 | 207300.0 | 207600.0 | 0.009352 | 0.018553 |   5.938439 |      6 | 0.942257 | 0.600000 | 0.733333 | 0.610000 | 0.633333 |  -0.628836 |      245 |      220 |       25 |   5.937192 |      6 | 0.936377 | 1.611051
 693 | 207600.0 | 207900.0 | 0.009343 | 0.018549 |   5.937192 |      6 | 0.936377 | 0.600000 | 0.693333 | 0.636667 | 0.703333 |  -1.797037 |      241 |      208 |       33 |   5.936320 |      6 | 0.919586 | 2.036217
 694 | 207900.0 | 208200.0 | 0.009335 | 0.018545 |   5.936320 |      6 | 0.919586 | 0.600000 | 0.633333 | 0.666667 | 0.716667 |  -1.348050 |      236 |      190 |       46 |   5.936009 |      6 | 0.907002 | 2.354875
 695 | 208200.0 | 208500.0 | 0.009327 | 0.018542 |   5.936009 |      6 | 0.907002 | 0.600000 | 0.670000 | 0.700000 | 0.626667 |   1.977538 |      240 |      201 |       39 |   5.935356 |      6 | 0.925446 | 1.887828
 696 | 208500.0 | 208800.0 | 0.009319 | 0.018538 |   5.935356 |      6 | 0.925446 | 0.600000 | 0.700000 | 0.673333 | 0.670000 |   0.089906 |      242 |      210 |       32 |   5.934424 |      6 | 0.926284 | 1.866613
 697 | 208800.0 | 209100.0 | 0.009311 | 0.018534 |   5.934424 |      6 | 0.926284 | 0.600000 | 0.700000 | 0.706667 | 0.646667 |   1.618637 |      243 |      210 |       33 |   5.933493 |      6 | 0.941355 | 1.485001
 698 | 209100.0 | 209400.0 | 0.009302 | 0.018530 |   5.933493 |      6 | 0.941355 | 0.600000 | 0.716667 | 0.670000 | 0.673333 |  -0.089942 |      243 |      215 |       28 |   5.932408 |      6 | 0.940518 | 1.506187
 699 | 209400.0 | 209700.0 | 0.009294 | 0.018527 |   5.932408 |      6 | 0.940518 | 0.600000 | 0.673333 | 0.653333 | 0.660000 |  -0.179921 |      239 |      202 |       37 |   5.931726 |      6 | 0.938846 | 1.548531
 700 | 209700.0 | 210000.0 | 0.009286 | 0.018523 |   5.931726 |      6 | 0.938846 | 0.600000 | 0.693333 | 0.673333 | 0.670000 |   0.089978 |      241 |      208 |       33 |   5.930860 |      6 | 0.939681 | 1.527374
 701 | 210000.0 | 210300.0 | 0.009278 | 0.018519 |   5.930860 |      6 | 0.939681 | 0.600000 | 0.680000 | 0.696667 | 0.690000 |   0.179993 |      241 |      204 |       37 |   5.930117 |      6 | 0.941351 | 1.485087
 702 | 210300.0 | 210600.0 | 0.009270 | 0.018516 |   5.930117 |      6 | 0.941351 | 0.600000 | 0.703333 | 0.636667 | 0.700000 |  -1.710271 |      242 |      211 |       31 |   5.929159 |      6 | 0.925497 | 1.886541
 703 | 210600.0 | 210900.0 | 0.009262 | 0.018512 |   5.929159 |      6 | 0.925497 | 0.600000 | 0.710000 | 0.666667 | 0.646667 |   0.540193 |      243 |      213 |       30 |   5.928141 |      6 | 0.930500 | 1.759851
 704 | 210900.0 | 211200.0 | 0.009254 | 0.018508 |   5.928141 |      6 | 0.930500 | 0.600000 | 0.643333 | 0.710000 | 0.636667 |   1.981103 |      237 |      193 |       44 |   5.927740 |      6 | 0.948833 | 1.295634
 705 | 211200.0 | 211500.0 | 0.009246 | 0.018505 |   5.927740 |      6 | 0.948833 | 0.600000 | 0.673333 | 0.680000 | 0.660000 |   0.540408 |      239 |      202 |       37 |   5.927062 |      6 | 0.953830 | 1.169115
 706 | 211500.0 | 211800.0 | 0.009238 | 0.018501 |   5.927062 |      6 | 0.953830 | 0.600000 | 0.666667 | 0.606667 | 0.666667 |  -1.621547 |      236 |      200 |       36 |   5.926446 |      6 | 0.938850 | 1.548419
 707 | 211800.0 | 212100.0 | 0.009230 | 0.018497 |   5.926446 |      6 | 0.938850 | 0.600000 | 0.716667 | 0.673333 | 0.650000 |   0.630727 |      245 |      215 |       30 |   5.925369 |      6 | 0.944672 | 1.401011
 708 | 212100.0 | 212400.0 | 0.009222 | 0.018494 |   5.925369 |      6 | 0.944672 | 0.600000 | 0.703333 | 0.693333 | 0.660000 |   0.901216 |      241 |      211 |       30 |   5.924416 |      6 | 0.952982 | 1.190568
 709 | 212400.0 | 212700.0 | 0.009214 | 0.018490 |   5.924416 |      6 | 0.952982 | 0.600000 | 0.713333 | 0.603333 | 0.690000 |  -2.343626 |      241 |      214 |       27 |   5.923372 |      6 | 0.931389 | 1.737354
 710 | 212700.0 | 213000.0 | 0.009206 | 0.018486 |   5.923372 |      6 | 0.931389 | 0.600000 | 0.653333 | 0.696667 | 0.643333 |   1.442516 |      239 |      196 |       43 |   5.922881 |      6 | 0.944668 | 1.401095
 711 | 213000.0 | 213300.0 | 0.009198 | 0.018483 |   5.922881 |      6 | 0.944668 | 0.600000 | 0.700000 | 0.693333 | 0.653333 |   1.082101 |      241 |      210 |       31 |   5.921961 |      6 | 0.954621 | 1.149068
 712 | 213300.0 | 213600.0 | 0.009190 | 0.018479 |   5.921961 |      6 | 0.954621 | 0.600000 | 0.676667 | 0.566667 | 0.720000 |  -4.148870 |      237 |      203 |       34 |   5.921256 |      6 | 0.916494 | 2.114527
 713 | 213600.0 | 213900.0 | 0.009182 | 0.018475 |   5.921256 |      6 | 0.916494 | 0.600000 | 0.620000 | 0.666667 | 0.680000 |  -0.360842 |      234 |      186 |       48 |   5.921073 |      6 | 0.913180 | 2.198424
 714 | 213900.0 | 214200.0 | 0.009174 | 0.018472 |   5.921073 |      6 | 0.913180 | 0.600000 | 0.696667 | 0.690000 | 0.660000 |   0.812055 |      243 |      209 |       34 |   5.920186 |      6 | 0.920630 | 2.009781
 715 | 214200.0 | 214500.0 | 0.009166 | 0.018468 |   5.920186 |      6 | 0.920630 | 0.600000 | 0.663333 | 0.666667 | 0.706667 |  -1.082952 |      239 |      199 |       40 |   5.919605 |      6 | 0.910704 | 2.261138
 716 | 214500.0 | 214800.0 | 0.009158 | 0.018464 |   5.919605 |      6 | 0.910704 | 0.600000 | 0.686667 | 0.683333 | 0.630000 |   1.444219 |      241 |      206 |       35 |   5.918812 |      6 | 0.923930 | 1.926217
 717 | 214800.0 | 215100.0 | 0.009150 | 0.018461 |   5.918812 |      6 | 0.923930 | 0.600000 | 0.666667 | 0.710000 | 0.696667 |   0.361125 |      240 |      200 |       40 |   5.918202 |      6 | 0.927235 | 1.842542
 718 | 215100.0 | 215400.0 | 0.009143 | 0.018457 |   5.918202 |      6 | 0.927235 | 0.600000 | 0.656667 | 0.703333 | 0.686667 |   0.451495 |      238 |      197 |       41 |   5.917684 |      6 | 0.931363 | 1.738017
 719 | 215400.0 | 215700.0 | 0.009135 | 0.018454 |   5.917684 |      6 | 0.931363 | 0.600000 | 0.693333 | 0.706667 | 0.693333 |   0.361266 |      241 |      208 |       33 |   5.916831 |      6 | 0.934663 | 1.654453
 720 | 215700.0 | 216000.0 | 0.009127 | 0.018450 |   5.916831 |      6 | 0.934663 | 0.600000 | 0.700000 | 0.710000 | 0.663333 |   1.264679 |      242 |      210 |       32 |   5.915918 |      6 | 0.946205 | 1.362169
 721 | 216000.0 | 216300.0 | 0.009119 | 0.018446 |   5.915918 |      6 | 0.946205 | 0.600000 | 0.716667 | 0.693333 | 0.716667 |  -0.632463 |      243 |      215 |       28 |   5.914854 |      6 | 0.940438 | 1.508215
 722 | 216300.0 | 216600.0 | 0.009111 | 0.018443 |   5.914854 |      6 | 0.940438 | 0.600000 | 0.693333 | 0.676667 | 0.663333 |   0.361478 |      242 |      208 |       34 |   5.914004 |      6 | 0.943732 | 1.424815
 723 | 216600.0 | 216900.0 | 0.009104 | 0.018439 |   5.914004 |      6 | 0.943732 | 0.600000 | 0.683333 | 0.636667 | 0.696667 |  -1.626965 |      239 |      205 |       34 |   5.913245 |      6 | 0.928920 | 1.799867
 724 | 216900.0 | 217200.0 | 0.009096 | 0.018436 |   5.913245 |      6 | 0.928920 | 0.600000 | 0.743333 | 0.713333 | 0.660000 |   1.446471 |      247 |      223 |       24 |   5.911942 |      6 | 0.942077 | 1.466706
 725 | 217200.0 | 217500.0 | 0.009088 | 0.018432 |   5.911942 |      6 | 0.942077 | 0.600000 | 0.730000 | 0.643333 | 0.703333 |  -1.627596 |      244 |      219 |       25 |   5.910760 |      6 | 0.927285 | 1.841267
 726 | 217500.0 | 217800.0 | 0.009081 | 0.018429 |   5.910760 |      6 | 0.927285 | 0.600000 | 0.713333 | 0.676667 | 0.646667 |   0.813955 |      244 |      214 |       30 |   5.909731 |      6 | 0.934676 | 1.654109
 727 | 217800.0 | 218100.0 | 0.009073 | 0.018425 |   5.909731 |      6 | 0.934676 | 0.600000 | 0.690000 | 0.686667 | 0.676667 |   0.271371 |      241 |      207 |       34 |   5.908914 |      6 | 0.937138 | 1.591764
 728 | 218100.0 | 218400.0 | 0.009065 | 0.018421 |   5.908914 |      6 | 0.937138 | 0.600000 | 0.653333 | 0.703333 | 0.653333 |   1.357116 |      237 |      196 |       41 |   5.908431 |      6 | 0.949441 | 1.280242
 729 | 218400.0 | 218700.0 | 0.009058 | 0.018418 |   5.908431 |      6 | 0.949441 | 0.600000 | 0.686667 | 0.646667 | 0.643333 |   0.090492 |      240 |      206 |       34 |   5.907646 |      6 | 0.950261 | 1.259487
 730 | 218700.0 | 219000.0 | 0.009050 | 0.018414 |   5.907646 |      6 | 0.950261 | 0.600000 | 0.703333 | 0.630000 | 0.683333 |  -1.448148 |      242 |      211 |       31 |   5.906711 |      6 | 0.937155 | 1.591344
 731 | 219000.0 | 219300.0 | 0.009042 | 0.018411 |   5.906711 |      6 | 0.937155 | 0.600000 | 0.683333 | 0.663333 | 0.683333 |  -0.543160 |      239 |      205 |       34 |   5.905957 |      6 | 0.932244 | 1.715710
 732 | 219300.0 | 219600.0 | 0.009035 | 0.018407 |   5.905957 |      6 | 0.932244 | 0.600000 | 0.666667 | 0.690000 | 0.673333 |   0.452720 |      239 |      200 |       39 |   5.905355 |      6 | 0.936334 | 1.612139
 733 | 219600.0 | 219900.0 | 0.009027 | 0.018404 |   5.905355 |      6 | 0.936334 | 0.600000 | 0.646667 | 0.710000 | 0.633333 |   2.082912 |      239 |      194 |       45 |   5.904934 |      6 | 0.955136 | 1.136024
 734 | 219900.0 | 220200.0 | 0.009020 | 0.018400 |   5.904934 |      6 | 0.955136 | 0.600000 | 0.700000 | 0.606667 | 0.683333 |  -2.083310 |      239 |      210 |       29 |   5.904032 |      6 | 0.936346 | 1.611831
 735 | 220200.0 | 220500.0 | 0.009012 | 0.018397 |   5.904032 |      6 | 0.936346 | 0.600000 | 0.740000 | 0.676667 | 0.643333 |   0.905960 |      246 |      222 |       24 |   5.902770 |      6 | 0.944510 | 1.405092
 736 | 220500.0 | 220800.0 | 0.009004 | 0.018393 |   5.902770 |      6 | 0.944510 | 0.600000 | 0.706667 | 0.680000 | 0.673333 |   0.181227 |      242 |      212 |       30 |   5.901810 |      6 | 0.946142 | 1.363771
 737 | 220800.0 | 221100.0 | 0.008997 | 0.018390 |   5.901810 |      6 | 0.946142 | 0.600000 | 0.676667 | 0.673333 | 0.673333 |   0.000000 |      238 |      203 |       35 |   5.901120 |      6 | 0.946142 | 1.363771
 738 | 221100.0 | 221400.0 | 0.008989 | 0.018386 |   5.901120 |      6 | 0.946142 | 0.600000 | 0.686667 | 0.656667 | 0.656667 |   0.000000 |      241 |      206 |       35 |   5.900341 |      6 | 0.946142 | 1.363771
 739 | 221400.0 | 221700.0 | 0.008982 | 0.018383 |   5.900341 |      6 | 0.946142 | 0.600000 | 0.703333 | 0.670000 | 0.676667 |  -0.181330 |      241 |      211 |       30 |   5.899413 |      6 | 0.944514 | 1.405012
 740 | 221700.0 | 222000.0 | 0.008974 | 0.018379 |   5.899413 |      6 | 0.944514 | 0.600000 | 0.733333 | 0.700000 | 0.683333 |   0.453412 |      245 |      220 |       25 |   5.898216 |      6 | 0.948583 | 1.301976
 741 | 222000.0 | 222300.0 | 0.008967 | 0.018376 |   5.898216 |      6 | 0.948583 | 0.600000 | 0.713333 | 0.666667 | 0.680000 |  -0.362798 |      243 |      214 |       29 |   5.897200 |      6 | 0.945329 | 1.384352
 742 | 222300.0 | 222600.0 | 0.008959 | 0.018372 |   5.897200 |      6 | 0.945329 | 0.600000 | 0.646667 | 0.716667 | 0.636667 |   2.177202 |      236 |      194 |       42 |   5.896782 |      6 | 0.964836 | 0.890413
 743 | 222600.0 | 222900.0 | 0.008952 | 0.018369 |   5.896782 |      6 | 0.964836 | 0.600000 | 0.683333 | 0.376667 | 0.693333 |  -8.619723 |      235 |      205 |       30 |   5.896036 |      6 | 0.887672 | 2.844335
 744 | 222900.0 | 223200.0 | 0.008945 | 0.018365 |   5.896036 |      6 | 0.887672 | 0.600000 | 0.650000 | 0.700000 | 0.600000 |   2.722533 |      239 |      195 |       44 |   5.895588 |      6 | 0.912024 | 2.227702
 745 | 223200.0 | 223500.0 | 0.008937 | 0.018362 |   5.895588 |      6 | 0.912024 | 0.600000 | 0.650000 | 0.680000 | 0.660000 |   0.544609 |      236 |      195 |       41 |   5.895142 |      6 | 0.916891 | 2.104454
 746 | 223500.0 | 223800.0 | 0.008930 | 0.018358 |   5.895142 |      6 | 0.916891 | 0.600000 | 0.720000 | 0.686667 | 0.603333 |   2.269633 |      246 |      216 |       30 |   5.894070 |      6 | 0.937159 | 1.591251
 747 | 223800.0 | 224100.0 | 0.008922 | 0.018355 |   5.894070 |      6 | 0.937159 | 0.600000 | 0.690000 | 0.686667 | 0.680000 |   0.181605 |      240 |      207 |       33 |   5.893267 |      6 | 0.938779 | 1.550221
 748 | 224100.0 | 224400.0 | 0.008915 | 0.018351 |   5.893267 |      6 | 0.938779 | 0.600000 | 0.700000 | 0.670000 | 0.666667 |   0.090820 |      242 |      210 |       32 |   5.892376 |      6 | 0.939589 | 1.529719
 749 | 224400.0 | 224700.0 | 0.008908 | 0.018348 |   5.892376 |      6 | 0.939589 | 0.600000 | 0.686667 | 0.676667 | 0.656667 |   0.545019 |      240 |      206 |       35 |   5.891604 |      6 | 0.944444 | 1.406785
 750 | 224700.0 | 225000.0 | 0.008900 | 0.018345 |   5.891604 |      6 | 0.944444 | 0.600000 | 0.696667 | 0.673333 | 0.670000 |   0.090854 |      241 |      209 |       31 |   5.890743 |      6 | 0.945252 | 1.386310
 751 | 225000.0 | 225300.0 | 0.008893 | 0.018341 |   5.890743 |      6 | 0.945252 | 0.600000 | 0.690000 | 0.686667 | 0.666667 |   0.545224 |      240 |      207 |       33 |   5.889943 |      6 | 0.950101 | 1.263532
 752 | 225300.0 | 225600.0 | 0.008886 | 0.018338 |   5.889943 |      6 | 0.950101 | 0.600000 | 0.670000 | 0.623333 | 0.683333 |  -1.635978 |      239 |      201 |       39 |   5.889321 |      6 | 0.935564 | 1.631630
 753 | 225600.0 | 225900.0 | 0.008878 | 0.018334 |   5.889321 |      6 | 0.935564 | 0.600000 | 0.673333 | 0.683333 | 0.676667 |   0.181809 |      240 |      202 |       37 |   5.888670 |      6 | 0.937178 | 1.590756
 754 | 225900.0 | 226200.0 | 0.008871 | 0.018331 |   5.888670 |      6 | 0.937178 | 0.600000 | 0.660000 | 0.686667 | 0.620000 |   1.818432 |      238 |      198 |       40 |   5.888137 |      6 | 0.953310 | 1.182277
 755 | 226200.0 | 226500.0 | 0.008864 | 0.018327 |   5.888137 |      6 | 0.953310 | 0.600000 | 0.736667 | 0.613333 | 0.670000 |  -1.545956 |      244 |      221 |       23 |   5.886926 |      6 | 0.939607 | 1.529265
 756 | 226500.0 | 226800.0 | 0.008857 | 0.018324 |   5.886926 |      6 | 0.939607 | 0.600000 | 0.686667 | 0.713333 | 0.676667 |   1.000511 |      241 |      206 |       35 |   5.886158 |      6 | 0.948468 | 1.304885
 757 | 226800.0 | 227100.0 | 0.008849 | 0.018321 |   5.886158 |      6 | 0.948468 | 0.600000 | 0.646667 | 0.630000 | 0.673333 |  -1.182642 |      235 |      194 |       41 |   5.885745 |      6 | 0.938002 | 1.569894
 758 | 227100.0 | 227400.0 | 0.008842 | 0.018317 |   5.885745 |      6 | 0.938002 | 0.600000 | 0.683333 | 0.686667 | 0.643333 |   1.182861 |      240 |      205 |       35 |   5.885009 |      6 | 0.948461 | 1.305052
 759 | 227400.0 | 227700.0 | 0.008835 | 0.018314 |   5.885009 |      6 | 0.948461 | 0.600000 | 0.710000 | 0.663333 | 0.683333 |  -0.546037 |      242 |      213 |       29 |   5.884037 |      6 | 0.943637 | 1.427210
 760 | 227700.0 | 228000.0 | 0.008828 | 0.018310 |   5.884037 |      6 | 0.943637 | 0.600000 | 0.696667 | 0.690000 | 0.696667 |  -0.182046 |      241 |      209 |       32 |   5.883183 |      6 | 0.942030 | 1.467903
 761 | 228000.0 | 228300.0 | 0.008821 | 0.018307 |   5.883183 |      6 | 0.942030 | 0.600000 | 0.700000 | 0.673333 | 0.640000 |   0.910399 |      242 |      210 |       32 |   5.882301 |      6 | 0.950060 | 1.264563
 762 | 228300.0 | 228600.0 | 0.008813 | 0.018304 |   5.882301 |      6 | 0.950060 | 0.600000 | 0.680000 | 0.613333 | 0.706667 |  -2.549589 |      238 |      204 |       34 |   5.881596 |      6 | 0.927590 | 1.833558
 763 | 228600.0 | 228900.0 | 0.008806 | 0.018300 |   5.881596 |      6 | 0.927590 | 0.600000 | 0.676667 | 0.660000 | 0.650000 |   0.273221 |      241 |      203 |       38 |   5.880921 |      6 | 0.929996 | 1.772633
 764 | 228900.0 | 229200.0 | 0.008799 | 0.018297 |   5.880921 |      6 | 0.929996 | 0.600000 | 0.683333 | 0.726667 | 0.643333 |   2.277259 |      241 |      205 |       37 |   5.880188 |      6 | 0.950033 | 1.265238
 765 | 229200.0 | 229500.0 | 0.008792 | 0.018293 |   5.880188 |      6 | 0.950033 | 0.600000 | 0.640000 | 0.630000 | 0.736667 |  -2.915428 |      235 |      192 |       42 |   5.879836 |      6 | 0.924401 | 1.914297
 766 | 229500.0 | 229800.0 | 0.008785 | 0.018290 |   5.879836 |      6 | 0.924401 | 0.600000 | 0.683333 | 0.676667 | 0.676667 |   0.000000 |      241 |      205 |       36 |   5.879104 |      6 | 0.924401 | 1.914297
 767 | 229800.0 | 230100.0 | 0.008778 | 0.018287 |   5.879104 |      6 | 0.924401 | 0.600000 | 0.680000 | 0.700000 | 0.676667 |   0.637984 |      240 |      204 |       36 |   5.878402 |      6 | 0.930001 | 1.772492
 768 | 230100.0 | 230400.0 | 0.008771 | 0.018283 |   5.878402 |      6 | 0.930001 | 0.600000 | 0.673333 | 0.693333 | 0.683333 |   0.273472 |      240 |      202 |       38 |   5.877759 |      6 | 0.932400 | 1.711757
 769 | 230400.0 | 230700.0 | 0.008764 | 0.018280 |   5.877759 |      6 | 0.932400 | 0.600000 | 0.666667 | 0.676667 | 0.670000 |   0.182348 |      239 |      200 |       39 |   5.877174 |      6 | 0.933998 | 1.671292
 770 | 230700.0 | 231000.0 | 0.008757 | 0.018277 |   5.877174 |      6 | 0.933998 | 0.600000 | 0.720000 | 0.730000 | 0.683333 |   1.276671 |      245 |      216 |       29 |   5.876124 |      6 | 0.945177 | 1.388212
 771 | 231000.0 | 231300.0 | 0.008750 | 0.018273 |   5.876124 |      6 | 0.945177 | 0.600000 | 0.740000 | 0.663333 | 0.673333 |  -0.273622 |      245 |      222 |       23 |   5.874899 |      6 | 0.942783 | 1.448835
 772 | 231300.0 | 231600.0 | 0.008743 | 0.018270 |   5.874899 |      6 | 0.942783 | 0.600000 | 0.696667 | 0.703333 | 0.663333 |   1.094689 |      240 |      209 |       31 |   5.874054 |      6 | 0.952353 | 1.206496
 773 | 231600.0 | 231900.0 | 0.008736 | 0.018267 |   5.874054 |      6 | 0.952353 | 0.600000 | 0.720000 | 0.600000 | 0.720000 |  -3.284666 |      244 |      216 |       28 |   5.873005 |      6 | 0.923660 | 1.933061
 774 | 231900.0 | 232200.0 | 0.008729 | 0.018263 |   5.873005 |      6 | 0.923660 | 0.600000 | 0.743333 | 0.696667 | 0.663333 |   0.912573 |      247 |      223 |       24 |   5.871754 |      6 | 0.931625 | 1.731362
 775 | 232200.0 | 232500.0 | 0.008722 | 0.018260 |   5.871754 |      6 | 0.931625 | 0.600000 | 0.680000 | 0.630000 | 0.650000 |  -0.547644 |      240 |      204 |       36 |   5.871057 |      6 | 0.926849 | 1.852307
 776 | 232500.0 | 232800.0 | 0.008715 | 0.018257 |   5.871057 |      6 | 0.926849 | 0.600000 | 0.680000 | 0.726667 | 0.673333 |   1.460649 |      241 |      204 |       37 |   5.870359 |      6 | 0.939578 | 1.529988
 777 | 232800.0 | 233100.0 | 0.008708 | 0.018253 |   5.870359 |      6 | 0.939578 | 0.600000 | 0.693333 | 0.680000 | 0.680000 |   0.000000 |      242 |      208 |       34 |   5.869547 |      6 | 0.939578 | 1.529988
 778 | 233100.0 | 233400.0 | 0.008701 | 0.018250 |   5.869547 |      6 | 0.939578 | 0.600000 | 0.700000 | 0.693333 | 0.676667 |   0.456618 |      240 |      210 |       30 |   5.868677 |      6 | 0.943551 | 1.429387
 779 | 233400.0 | 233700.0 | 0.008694 | 0.018247 |   5.868677 |      6 | 0.943551 | 0.600000 | 0.703333 | 0.683333 | 0.653333 |   0.822062 |      243 |      211 |       32 |   5.867778 |      6 | 0.950698 | 1.248417
 780 | 233700.0 | 234000.0 | 0.008687 | 0.018244 |   5.867778 |      6 | 0.950698 | 0.600000 | 0.713333 | 0.670000 | 0.753333 |  -2.283918 |      241 |      214 |       27 |   5.866794 |      6 | 0.930858 | 1.750801
 781 | 234000.0 | 234300.0 | 0.008680 | 0.018240 |   5.866794 |      6 | 0.930858 | 0.600000 | 0.656667 | 0.686667 | 0.716667 |  -0.822359 |      239 |      197 |       42 |   5.866302 |      6 | 0.923720 | 1.931549
 782 | 234300.0 | 234600.0 | 0.008673 | 0.018237 |   5.866302 |      6 | 0.923720 | 0.600000 | 0.686667 | 0.713333 | 0.663333 |   1.370845 |      241 |      206 |       35 |   5.865550 |      6 | 0.935609 | 1.630488
 783 | 234600.0 | 234900.0 | 0.008666 | 0.018234 |   5.865550 |      6 | 0.935609 | 0.600000 | 0.730000 | 0.693333 | 0.640000 |   1.462499 |      245 |      219 |       26 |   5.864424 |      6 | 0.948283 | 1.309554
 784 | 234900.0 | 235200.0 | 0.008659 | 0.018230 |   5.864424 |      6 | 0.948283 | 0.600000 | 0.690000 | 0.690000 | 0.660000 |   0.822804 |      240 |      207 |       33 |   5.863644 |      6 | 0.955408 | 1.129139
 785 | 235200.0 | 235500.0 | 0.008652 | 0.018227 |   5.863644 |      6 | 0.955408 | 0.600000 | 0.713333 | 0.576667 | 0.670000 |  -2.560293 |      241 |      214 |       27 |   5.862664 |      6 | 0.933255 | 1.690087
 786 | 235500.0 | 235800.0 | 0.008646 | 0.018224 |   5.862664 |      6 | 0.933255 | 0.600000 | 0.670000 | 0.670000 | 0.680000 |  -0.274366 |      240 |      201 |       39 |   5.862058 |      6 | 0.930883 | 1.750152
 787 | 235800.0 | 236100.0 | 0.008639 | 0.018221 |   5.862058 |      6 | 0.930883 | 0.600000 | 0.646667 | 0.686667 | 0.660000 |   0.731775 |      237 |      194 |       43 |   5.861655 |      6 | 0.937205 | 1.590076
 788 | 236100.0 | 236400.0 | 0.008632 | 0.018217 |   5.861655 |      6 | 0.937205 | 0.600000 | 0.656667 | 0.663333 | 0.703333 |  -1.097859 |      238 |      197 |       41 |   5.861166 |      6 | 0.927728 | 1.830043
 789 | 236400.0 | 236700.0 | 0.008625 | 0.018214 |   5.861166 |      6 | 0.927728 | 0.600000 | 0.713333 | 0.653333 | 0.650000 |   0.091505 |      244 |      214 |       30 |   5.860189 |      6 | 0.928518 | 1.810058
 790 | 236700.0 | 237000.0 | 0.008618 | 0.018211 |   5.860189 |      6 | 0.928518 | 0.600000 | 0.650000 | 0.696667 | 0.713333 |  -0.457605 |      236 |      195 |       41 |   5.859758 |      6 | 0.924574 | 1.909922
 791 | 237000.0 | 237300.0 | 0.008612 | 0.018208 |   5.859758 |      6 | 0.924574 | 0.600000 | 0.673333 | 0.676667 | 0.700000 |  -0.640761 |      240 |      202 |       38 |   5.859126 |      6 | 0.919056 | 2.049648
 792 | 237300.0 | 237600.0 | 0.008605 | 0.018204 |   5.859126 |      6 | 0.919056 | 0.600000 | 0.660000 | 0.670000 | 0.686667 |  -0.457768 |      238 |      198 |       41 |   5.858610 |      6 | 0.915117 | 2.149391
 793 | 237600.0 | 237900.0 | 0.008598 | 0.018201 |   5.858610 |      6 | 0.915117 | 0.600000 | 0.666667 | 0.666667 | 0.700000 |  -0.915699 |      240 |      200 |       39 |   5.858037 |      6 | 0.907243 | 2.348756
 794 | 237900.0 | 238200.0 | 0.008591 | 0.018198 |   5.858037 |      6 | 0.907243 | 0.600000 | 0.696667 | 0.680000 | 0.653333 |   0.732690 |      243 |      209 |       34 |   5.857206 |      6 | 0.913538 | 2.189361
 795 | 238200.0 | 238500.0 | 0.008585 | 0.018195 |   5.857206 |      6 | 0.913538 | 0.600000 | 0.696667 | 0.680000 | 0.626667 |   1.465640 |      242 |      209 |       33 |   5.856376 |      6 | 0.926120 | 1.870762
 796 | 238500.0 | 238800.0 | 0.008578 | 0.018191 |   5.856376 |      6 | 0.926120 | 0.600000 | 0.706667 | 0.690000 | 0.716667 |  -0.732950 |      244 |      212 |       32 |   5.855461 |      6 | 0.919833 | 2.029965
 797 | 238800.0 | 239100.0 | 0.008571 | 0.018188 |   5.855461 |      6 | 0.919833 | 0.600000 | 0.703333 | 0.690000 | 0.630000 |   1.649430 |      242 |      211 |       31 |   5.854576 |      6 | 0.933971 | 1.671974
 798 | 239100.0 | 239400.0 | 0.008565 | 0.018185 |   5.854576 |      6 | 0.933971 | 0.600000 | 0.673333 | 0.643333 | 0.713333 |  -1.924675 |      240 |      202 |       38 |   5.853948 |      6 | 0.917487 | 2.089378
 799 | 239400.0 | 239700.0 | 0.008558 | 0.018182 |   5.853948 |      6 | 0.917487 | 0.600000 | 0.663333 | 0.670000 | 0.656667 |   0.366670 |      238 |      199 |       39 |   5.853406 |      6 | 0.920625 | 2.009921
 800 | 239700.0 | 240000.0 | 0.008551 | 0.018178 |   5.853406 |      6 | 0.920625 | 0.600000 | 0.696667 | 0.703333 | 0.666667 |   1.008519 |      243 |      209 |       34 |   5.852579 |      6 | 0.929249 | 1.791543
 801 | 240000.0 | 240300.0 | 0.008545 | 0.018175 |   5.852579 |      6 | 0.929249 | 0.600000 | 0.723333 | 0.703333 | 0.616667 |   2.384194 |      244 |      217 |       27 |   5.851525 |      6 | 0.949621 | 1.275688
 802 | 240300.0 | 240600.0 | 0.008538 | 0.018172 |   5.851525 |      6 | 0.949621 | 0.600000 | 0.713333 | 0.640000 | 0.693333 |  -1.467455 |      242 |      214 |       28 |   5.850558 |      6 | 0.937092 | 1.592947
 803 | 240600.0 | 240900.0 | 0.008531 | 0.018169 |   5.850558 |      6 | 0.937092 | 0.600000 | 0.703333 | 0.673333 | 0.690000 |  -0.458660 |      242 |      211 |       31 |   5.849676 |      6 | 0.933179 | 1.692031
 804 | 240900.0 | 241200.0 | 0.008525 | 0.018166 |   5.849676 |      6 | 0.933179 | 0.600000 | 0.646667 | 0.723333 | 0.656667 |   1.834963 |      238 |      194 |       44 |   5.849278 |      6 | 0.948821 | 1.295933
 805 | 241200.0 | 241500.0 | 0.008518 | 0.018162 |   5.849278 |      6 | 0.948821 | 0.600000 | 0.630000 | 0.683333 | 0.693333 |  -0.275293 |      234 |      189 |       45 |   5.849023 |      6 | 0.946476 | 1.355312
 806 | 241500.0 | 241800.0 | 0.008512 | 0.018159 |   5.849023 |      6 | 0.946476 | 0.600000 | 0.690000 | 0.646667 | 0.646667 |   0.000000 |      241 |      207 |       34 |   5.848257 |      6 | 0.946476 | 1.355312
 807 | 241800.0 | 242100.0 | 0.008505 | 0.018156 |   5.848257 |      6 | 0.946476 | 0.600000 | 0.686667 | 0.683333 | 0.673333 |   0.275389 |      239 |      206 |       34 |   5.847519 |      6 | 0.948818 | 1.296004
 808 | 242100.0 | 242400.0 | 0.008498 | 0.018153 |   5.847519 |      6 | 0.948818 | 0.600000 | 0.690000 | 0.680000 | 0.676667 |   0.091813 |      240 |      207 |       32 |   5.846755 |      6 | 0.949599 | 1.276246
 809 | 242400.0 | 242700.0 | 0.008492 | 0.018150 |   5.846755 |      6 | 0.949599 | 0.600000 | 0.696667 | 0.630000 | 0.656667 |  -0.734628 |      240 |      209 |       31 |   5.845934 |      6 | 0.943360 | 1.434213
 810 | 242700.0 | 243000.0 | 0.008485 | 0.018147 |   5.845934 |      6 | 0.943360 | 0.600000 | 0.700000 | 0.666667 | 0.686667 |  -0.551067 |      241 |      210 |       31 |   5.845085 |      6 | 0.938684 | 1.552618
 811 | 243000.0 | 243300.0 | 0.008479 | 0.018143 |   5.845085 |      6 | 0.938684 | 0.600000 | 0.660000 | 0.690000 | 0.666667 |   0.643024 |      239 |      198 |       41 |   5.844576 |      6 | 0.944136 | 1.414561
 812 | 243300.0 | 243600.0 | 0.008472 | 0.018140 |   5.844576 |      6 | 0.944136 | 0.600000 | 0.653333 | 0.656667 | 0.670000 |  -0.367506 |      236 |      196 |       41 |   5.844125 |      6 | 0.941023 | 1.493404
 813 | 243600.0 | 243900.0 | 0.008466 | 0.018137 |   5.844125 |      6 | 0.941023 | 0.600000 | 0.693333 | 0.653333 | 0.643333 |   0.275678 |      242 |      208 |       33 |   5.843334 |      6 | 0.943357 | 1.434307
 814 | 243900.0 | 244200.0 | 0.008459 | 0.018134 |   5.843334 |      6 | 0.943357 | 0.600000 | 0.633333 | 0.653333 | 0.653333 |   0.000000 |      236 |      190 |       46 |   5.843052 |      6 | 0.943357 | 1.434307
 815 | 244200.0 | 244500.0 | 0.008453 | 0.018131 |   5.843052 |      6 | 0.943357 | 0.600000 | 0.733333 | 0.710000 | 0.680000 |   0.827320 |      243 |      220 |       23 |   5.841925 |      6 | 0.950350 | 1.257226
 816 | 244500.0 | 244800.0 | 0.008446 | 0.018128 |   5.841925 |      6 | 0.950350 | 0.600000 | 0.726667 | 0.683333 | 0.690000 |  -0.183881 |      244 |      218 |       26 |   5.840855 |      6 | 0.948797 | 1.296554
 817 | 244800.0 | 245100.0 | 0.008440 | 0.018125 |   5.840855 |      6 | 0.948797 | 0.600000 | 0.726667 | 0.676667 | 0.710000 |  -0.919563 |      244 |      218 |       26 |   5.839786 |      6 | 0.941036 | 1.493078
 818 | 245100.0 | 245400.0 | 0.008434 | 0.018121 |   5.839786 |      6 | 0.941036 | 0.600000 | 0.670000 | 0.713333 | 0.666667 |   1.287611 |      239 |      201 |       38 |   5.839196 |      6 | 0.951895 | 1.218106
 819 | 245400.0 | 245700.0 | 0.008427 | 0.018118 |   5.839196 |      6 | 0.951895 | 0.600000 | 0.636667 | 0.630000 | 0.690000 |  -1.655786 |      234 |      191 |       43 |   5.838887 |      6 | 0.937941 | 1.571433
 820 | 245700.0 | 246000.0 | 0.008421 | 0.018115 |   5.838887 |      6 | 0.937941 | 0.600000 | 0.683333 | 0.610000 | 0.690000 |  -2.208096 |      240 |      205 |       35 |   5.838185 |      6 | 0.919348 | 2.042258
 821 | 246000.0 | 246300.0 | 0.008414 | 0.018112 |   5.838185 |      6 | 0.919348 | 0.600000 | 0.670000 | 0.650000 | 0.656667 |  -0.184040 |      240 |      201 |       39 |   5.837596 |      6 | 0.917799 | 2.081471
 822 | 246300.0 | 246600.0 | 0.008408 | 0.018109 |   5.837596 |      6 | 0.917799 | 0.600000 | 0.690000 | 0.686667 | 0.650000 |   1.012392 |      242 |      207 |       35 |   5.836840 |      6 | 0.926311 | 1.865929
 823 | 246600.0 | 246900.0 | 0.008402 | 0.018106 |   5.836840 |      6 | 0.926311 | 0.600000 | 0.693333 | 0.640000 | 0.650000 |  -0.276155 |      241 |      208 |       33 |   5.836056 |      6 | 0.923991 | 1.924679
 824 | 246900.0 | 247200.0 | 0.008395 | 0.018103 |   5.836056 |      6 | 0.923991 | 0.600000 | 0.726667 | 0.673333 | 0.623333 |   1.381010 |      246 |      218 |       28 |   5.834992 |      6 | 0.935585 | 1.631103
 825 | 247200.0 | 247500.0 | 0.008389 | 0.018100 |   5.834992 |      6 | 0.935585 | 0.600000 | 0.686667 | 0.643333 | 0.660000 |  -0.460416 |      240 |      206 |       34 |   5.834265 |      6 | 0.931722 | 1.728905
 826 | 247500.0 | 247800.0 | 0.008382 | 0.018096 |   5.834265 |      6 | 0.931722 | 0.600000 | 0.703333 | 0.680000 | 0.680000 |   0.000000 |      243 |      211 |       32 |   5.833399 |      6 | 0.931722 | 1.728905
 827 | 247800.0 | 248100.0 | 0.008376 | 0.018093 |   5.833399 |      6 | 0.931722 | 0.600000 | 0.693333 | 0.646667 | 0.676667 |  -0.829032 |      242 |      208 |       34 |   5.832617 |      6 | 0.924778 | 1.904741
 828 | 248100.0 | 248400.0 | 0.008370 | 0.018090 |   5.832617 |      6 | 0.924778 | 0.600000 | 0.693333 | 0.666667 | 0.673333 |  -0.184261 |      242 |      208 |       34 |   5.831836 |      6 | 0.923236 | 1.943793
 829 | 248400.0 | 248700.0 | 0.008364 | 0.018087 |   5.831836 |      6 | 0.923236 | 0.600000 | 0.720000 | 0.713333 | 0.683333 |   0.829315 |      245 |      216 |       29 |   5.830832 |      6 | 0.930172 | 1.768162
 830 | 248700.0 | 249000.0 | 0.008357 | 0.018084 |   5.830832 |      6 | 0.930172 | 0.600000 | 0.696667 | 0.656667 | 0.643333 |   0.368647 |      241 |      209 |       32 |   5.830024 |      6 | 0.933253 | 1.690149
 831 | 249000.0 | 249300.0 | 0.008351 | 0.018081 |   5.830024 |      6 | 0.933253 | 0.600000 | 0.643333 | 0.713333 | 0.676667 |   1.013953 |      237 |      193 |       44 |   5.829663 |      6 | 0.941720 | 1.475738
 832 | 249300.0 | 249600.0 | 0.008345 | 0.018078 |   5.829663 |      6 | 0.941720 | 0.600000 | 0.696667 | 0.656667 | 0.706667 |  -1.382898 |      242 |      209 |       33 |   5.828856 |      6 | 0.930181 | 1.767946
 833 | 249600.0 | 249900.0 | 0.008338 | 0.018075 |   5.828856 |      6 | 0.930181 | 0.600000 | 0.683333 | 0.630000 | 0.730000 |  -2.766267 |      241 |      205 |       36 |   5.828161 |      6 | 0.907114 | 2.352023
 834 | 249900.0 | 250200.0 | 0.008332 | 0.018072 |   5.828161 |      6 | 0.907114 | 0.600000 | 0.710000 | 0.643333 | 0.606667 |   1.014470 |      243 |      213 |       30 |   5.827245 |      6 | 0.915567 | 2.137986
 835 | 250200.0 | 250500.0 | 0.008326 | 0.018069 |   5.827245 |      6 | 0.915567 | 0.600000 | 0.703333 | 0.686667 | 0.630000 |   1.568083 |      243 |      211 |       32 |   5.826384 |      6 | 0.928623 | 1.807393
 836 | 250500.0 | 250800.0 | 0.008320 | 0.018066 |   5.826384 |      6 | 0.928623 | 0.600000 | 0.653333 | 0.706667 | 0.633333 |   2.029628 |      237 |      196 |       41 |   5.825940 |      6 | 0.945509 | 1.379813
 837 | 250800.0 | 251100.0 | 0.008313 | 0.018063 |   5.825940 |      6 | 0.945509 | 0.600000 | 0.700000 | 0.700000 | 0.670000 |   0.830443 |      242 |      210 |       32 |   5.825109 |      6 | 0.952413 | 1.204996
 838 | 251100.0 | 251400.0 | 0.008307 | 0.018060 |   5.825109 |      6 | 0.952413 | 0.600000 | 0.683333 | 0.613333 | 0.706667 |  -2.584037 |      239 |      205 |       34 |   5.824417 |      6 | 0.930946 | 1.748559
 839 | 251400.0 | 251700.0 | 0.008301 | 0.018057 |   5.824417 |      6 | 0.930946 | 0.600000 | 0.630000 | 0.676667 | 0.656667 |   0.553816 |      236 |      189 |       47 |   5.824168 |      6 | 0.935544 | 1.632148
 840 | 251700.0 | 252000.0 | 0.008295 | 0.018054 |   5.824168 |      6 | 0.935544 | 0.600000 | 0.663333 | 0.660000 | 0.630000 |   0.830864 |      238 |      199 |       39 |   5.823642 |      6 | 0.942435 | 1.457633
 841 | 252000.0 | 252300.0 | 0.008289 | 0.018050 |   5.823642 |      6 | 0.942435 | 0.600000 | 0.690000 | 0.690000 | 0.683333 |   0.184667 |      242 |      207 |       35 |   5.822896 |      6 | 0.943966 | 1.418874
 842 | 252300.0 | 252600.0 | 0.008283 | 0.018047 |   5.822896 |      6 | 0.943966 | 0.600000 | 0.703333 | 0.686667 | 0.713333 |  -0.738794 |      240 |      211 |       29 |   5.822041 |      6 | 0.937847 | 1.573820
 843 | 252600.0 | 252900.0 | 0.008276 | 0.018044 |   5.822041 |      6 | 0.937847 | 0.600000 | 0.716667 | 0.690000 | 0.676667 |   0.369459 |      245 |      215 |       30 |   5.821075 |      6 | 0.940905 | 1.496392
 844 | 252900.0 | 253200.0 | 0.008270 | 0.018041 |   5.821075 |      6 | 0.940905 | 0.600000 | 0.680000 | 0.683333 | 0.650000 |   0.923803 |      239 |      204 |       35 |   5.820413 |      6 | 0.948545 | 1.302931
 845 | 253200.0 | 253500.0 | 0.008264 | 0.018038 |   5.820413 |      6 | 0.948545 | 0.600000 | 0.716667 | 0.646667 | 0.656667 |  -0.277187 |      243 |      215 |       28 |   5.819449 |      6 | 0.946254 | 1.360936
 846 | 253500.0 | 253800.0 | 0.008258 | 0.018035 |   5.819449 |      6 | 0.946254 | 0.600000 | 0.720000 | 0.696667 | 0.693333 |   0.092411 |      244 |      216 |       28 |   5.818458 |      6 | 0.947017 | 1.341612
 847 | 253800.0 | 254100.0 | 0.008252 | 0.018032 |   5.818458 |      6 | 0.947017 | 0.600000 | 0.680000 | 0.673333 | 0.673333 |   0.000000 |      239 |      204 |       35 |   5.817798 |      6 | 0.947017 | 1.341612
 848 | 254100.0 | 254400.0 | 0.008246 | 0.018029 |   5.817798 |      6 | 0.947017 | 0.600000 | 0.693333 | 0.686667 | 0.656667 |   0.831980 |      241 |      208 |       33 |   5.817029 |      6 | 0.953878 | 1.167896
 849 | 254400.0 | 254700.0 | 0.008240 | 0.018026 |   5.817029 |      6 | 0.953878 | 0.600000 | 0.713333 | 0.590000 | 0.683333 |  -2.588813 |      242 |      214 |       28 |   5.816095 |      6 | 0.932547 | 1.708038
 850 | 254700.0 | 255000.0 | 0.008234 | 0.018023 |   5.816095 |      6 | 0.932547 | 0.600000 | 0.710000 | 0.630000 | 0.620000 |   0.277419 |      243 |      213 |       30 |   5.815189 |      6 | 0.934831 | 1.650198
 851 | 255000.0 | 255300.0 | 0.008228 | 0.018020 |   5.815189 |      6 | 0.934831 | 0.600000 | 0.683333 | 0.646667 | 0.683333 |  -1.017373 |      241 |      205 |       36 |   5.814503 |      6 | 0.926460 | 1.862155
 852 | 255300.0 | 255600.0 | 0.008222 | 0.018017 |   5.814503 |      6 | 0.926460 | 0.600000 | 0.693333 | 0.700000 | 0.630000 |   1.942580 |      242 |      208 |       34 |   5.813736 |      6 | 0.942431 | 1.457741
 853 | 255600.0 | 255900.0 | 0.008216 | 0.018014 |   5.813736 |      6 | 0.942431 | 0.600000 | 0.670000 | 0.716667 | 0.646667 |   1.942903 |      238 |      201 |       37 |   5.813161 |      6 | 0.958393 | 1.053557
 854 | 255900.0 | 256200.0 | 0.008209 | 0.018011 |   5.813161 |      6 | 0.958393 | 0.600000 | 0.660000 | 0.520000 | 0.703333 |  -5.089401 |      232 |      198 |       34 |   5.812668 |      6 | 0.916612 | 2.111533
 855 | 256200.0 | 256500.0 | 0.008203 | 0.018008 |   5.812668 |      6 | 0.916612 | 0.600000 | 0.653333 | 0.710000 | 0.650000 |   1.665899 |      239 |      196 |       43 |   5.812231 |      6 | 0.930278 | 1.765483
 856 | 256500.0 | 256800.0 | 0.008197 | 0.018005 |   5.812231 |      6 | 0.930278 | 0.600000 | 0.713333 | 0.700000 | 0.686667 |   0.370261 |      244 |      214 |       30 |   5.811302 |      6 | 0.933313 | 1.688626
 857 | 256800.0 | 257100.0 | 0.008191 | 0.018002 |   5.811302 |      6 | 0.933313 | 0.600000 | 0.696667 | 0.670000 | 0.690000 |  -0.555483 |      242 |      209 |       33 |   5.810510 |      6 | 0.928763 | 1.803846
 858 | 257100.0 | 257400.0 | 0.008185 | 0.017999 |   5.810510 |      6 | 0.928763 | 0.600000 | 0.686667 | 0.616667 | 0.693333 |  -2.129705 |      241 |      206 |       35 |   5.809801 |      6 | 0.911330 | 2.245270
 859 | 257400.0 | 257700.0 | 0.008180 | 0.017996 |   5.809801 |      6 | 0.911330 | 0.600000 | 0.673333 | 0.683333 | 0.666667 |   0.463056 |      241 |      202 |       39 |   5.809201 |      6 | 0.915118 | 2.149363
 860 | 257700.0 | 258000.0 | 0.008174 | 0.017993 |   5.809201 |      6 | 0.915118 | 0.600000 | 0.646667 | 0.703333 | 0.623333 |   2.223034 |      237 |      194 |       43 |   5.808819 |      6 | 0.933288 | 1.689266
 861 | 258000.0 | 258300.0 | 0.008168 | 0.017990 |   5.808819 |      6 | 0.933288 | 0.600000 | 0.663333 | 0.673333 | 0.636667 |   1.019059 |      239 |      199 |       40 |   5.808302 |      6 | 0.941611 | 1.478507
 862 | 258300.0 | 258600.0 | 0.008162 | 0.017987 |   5.808302 |      6 | 0.941611 | 0.600000 | 0.703333 | 0.683333 | 0.703333 |  -0.555942 |      241 |      211 |       30 |   5.807459 |      6 | 0.937074 | 1.593401
 863 | 258600.0 | 258900.0 | 0.008156 | 0.017985 |   5.807459 |      6 | 0.937074 | 0.600000 | 0.643333 | 0.686667 | 0.660000 |   0.741377 |      237 |      193 |       44 |   5.807105 |      6 | 0.943120 | 1.440295
 864 | 258900.0 | 259200.0 | 0.008150 | 0.017982 |   5.807105 |      6 | 0.943120 | 0.600000 | 0.703333 | 0.693333 | 0.666667 |   0.741499 |      242 |      211 |       32 |   5.806263 |      6 | 0.949163 | 1.287274
 865 | 259200.0 | 259500.0 | 0.008144 | 0.017979 |   5.806263 |      6 | 0.949163 | 0.600000 | 0.693333 | 0.673333 | 0.710000 |  -1.019729 |      240 |      208 |       31 |   5.805503 |      6 | 0.940859 | 1.497559
 866 | 259500.0 | 259800.0 | 0.008138 | 0.017976 |   5.805503 |      6 | 0.940859 | 0.600000 | 0.690000 | 0.706667 | 0.676667 |   0.834460 |      242 |      207 |       35 |   5.804771 |      6 | 0.947650 | 1.325604
 867 | 259800.0 | 260100.0 | 0.008132 | 0.017973 |   5.804771 |      6 | 0.947650 | 0.600000 | 0.710000 | 0.676667 | 0.680000 |  -0.092733 |      242 |      213 |       30 |   5.803876 |      6 | 0.946895 | 1.344700
 868 | 260100.0 | 260400.0 | 0.008126 | 0.017970 |   5.803876 |      6 | 0.946895 | 0.600000 | 0.703333 | 0.680000 | 0.643333 |   1.020229 |      242 |      211 |       30 |   5.803036 |      6 | 0.955186 | 1.134768
 869 | 260400.0 | 260700.0 | 0.008120 | 0.017967 |   5.803036 |      6 | 0.955186 | 0.600000 | 0.673333 | 0.606667 | 0.713333 |  -2.968425 |      236 |      202 |       34 |   5.802441 |      6 | 0.931081 | 1.745137
 870 | 260700.0 | 261000.0 | 0.008114 | 0.017964 |   5.802441 |      6 | 0.931081 | 0.600000 | 0.690000 | 0.673333 | 0.710000 |  -1.020562 |      241 |      207 |       35 |   5.801711 |      6 | 0.922800 | 1.954834
 871 | 261000.0 | 261300.0 | 0.008109 | 0.017961 |   5.801711 |      6 | 0.922800 | 0.600000 | 0.716667 | 0.660000 | 0.653333 |   0.185587 |      244 |      215 |       28 |   5.800765 |      6 | 0.924305 | 1.916729
 872 | 261300.0 | 261600.0 | 0.008103 | 0.017958 |   5.800765 |      6 | 0.924305 | 0.600000 | 0.660000 | 0.713333 | 0.676667 |   1.020895 |      239 |      198 |       41 |   5.800278 |      6 | 0.932577 | 1.707265
 873 | 261600.0 | 261900.0 | 0.008097 | 0.017955 |   5.800278 |      6 | 0.932577 | 0.600000 | 0.636667 | 0.670000 | 0.670000 |   0.000000 |      236 |      191 |       45 |   5.799981 |      6 | 0.932577 | 1.707265
 874 | 261900.0 | 262200.0 | 0.008091 | 0.017952 |   5.799981 |      6 | 0.932577 | 0.600000 | 0.630000 | 0.670000 | 0.693333 |  -0.649872 |      235 |      189 |       46 |   5.799739 |      6 | 0.927319 | 1.840412
 875 | 262200.0 | 262500.0 | 0.008085 | 0.017949 |   5.799739 |      6 | 0.927319 | 0.600000 | 0.720000 | 0.653333 | 0.626667 |   0.742831 |      245 |      216 |       29 |   5.798769 |      6 | 0.933325 | 1.688329
 876 | 262500.0 | 262800.0 | 0.008080 | 0.017946 |   5.798769 |      6 | 0.933325 | 0.600000 | 0.673333 | 0.656667 | 0.676667 |  -0.557214 |      239 |      202 |       37 |   5.798176 |      6 | 0.928823 | 1.802328
 877 | 262800.0 | 263100.0 | 0.008074 | 0.017944 |   5.798176 |      6 | 0.928823 | 0.600000 | 0.650000 | 0.676667 | 0.666667 |   0.278652 |      238 |      195 |       44 |   5.797772 |      6 | 0.931073 | 1.745360
 878 | 263100.0 | 263400.0 | 0.008068 | 0.017941 |   5.797772 |      6 | 0.931073 | 0.600000 | 0.726667 | 0.660000 | 0.673333 |  -0.371596 |      245 |      218 |       26 |   5.796750 |      6 | 0.928075 | 1.821275
 879 | 263400.0 | 263700.0 | 0.008062 | 0.017938 |   5.796750 |      6 | 0.928075 | 0.600000 | 0.666667 | 0.700000 | 0.643333 |   1.579538 |      239 |      200 |       39 |   5.796213 |      6 | 0.940809 | 1.498815
 880 | 263700.0 | 264000.0 | 0.008056 | 0.017935 |   5.796213 |      6 | 0.940809 | 0.600000 | 0.670000 | 0.703333 | 0.680000 |   0.650503 |      239 |      201 |       38 |   5.795649 |      6 | 0.946050 | 1.366111
 881 | 264000.0 | 264300.0 | 0.008051 | 0.017932 |   5.795649 |      6 | 0.946050 | 0.600000 | 0.723333 | 0.666667 | 0.683333 |  -0.464720 |      244 |      217 |       27 |   5.794656 |      6 | 0.942309 | 1.460848
 882 | 264300.0 | 264600.0 | 0.008045 | 0.017929 |   5.794656 |      6 | 0.942309 | 0.600000 | 0.676667 | 0.670000 | 0.680000 |  -0.278877 |      239 |      203 |       36 |   5.794039 |      6 | 0.940065 | 1.517658
 883 | 264600.0 | 264900.0 | 0.008039 | 0.017926 |   5.794039 |      6 | 0.940065 | 0.600000 | 0.713333 | 0.663333 | 0.680000 |  -0.464869 |      243 |      214 |       29 |   5.793128 |      6 | 0.936328 | 1.612290
 884 | 264900.0 | 265200.0 | 0.008033 | 0.017923 |   5.793128 |      6 | 0.936328 | 0.600000 | 0.663333 | 0.683333 | 0.706667 |  -0.650922 |      239 |      199 |       40 |   5.792619 |      6 | 0.931099 | 1.744701
 885 | 265200.0 | 265500.0 | 0.008028 | 0.017920 |   5.792619 |      6 | 0.931099 | 0.600000 | 0.663333 | 0.686667 | 0.633333 |   1.488060 |      239 |      199 |       40 |   5.792111 |      6 | 0.943044 | 1.442213
 886 | 265500.0 | 265800.0 | 0.008022 | 0.017918 |   5.792111 |      6 | 0.943044 | 0.600000 | 0.720000 | 0.683333 | 0.643333 |   1.116224 |      243 |      216 |       27 |   5.791148 |      6 | 0.951999 | 1.215472
 887 | 265800.0 | 266100.0 | 0.008016 | 0.017915 |   5.791148 |      6 | 0.951999 | 0.600000 | 0.660000 | 0.636667 | 0.630000 |   0.186067 |      237 |      198 |       39 |   5.790667 |      6 | 0.953490 | 1.177702
 888 | 266100.0 | 266400.0 | 0.008011 | 0.017912 |   5.790667 |      6 | 0.953490 | 0.600000 | 0.690000 | 0.606667 | 0.730000 |  -3.442793 |      239 |      207 |       33 |   5.789946 |      6 | 0.925911 | 1.876054
 889 | 266400.0 | 266700.0 | 0.008005 | 0.017909 |   5.789946 |      6 | 0.925911 | 0.600000 | 0.713333 | 0.680000 | 0.613333 |   1.861267 |      244 |      214 |       29 |   5.789039 |      6 | 0.940811 | 1.498773
 890 | 266700.0 | 267000.0 | 0.007999 | 0.017906 |   5.789039 |      6 | 0.940811 | 0.600000 | 0.663333 | 0.683333 | 0.683333 |   0.000000 |      238 |      199 |       39 |   5.788532 |      6 | 0.940811 | 1.498773
 891 | 267000.0 | 267300.0 | 0.007994 | 0.017903 |   5.788532 |      6 | 0.940811 | 0.600000 | 0.723333 | 0.646667 | 0.676667 |  -0.837837 |      244 |      217 |       27 |   5.787547 |      6 | 0.934113 | 1.668364
 892 | 267300.0 | 267600.0 | 0.007988 | 0.017900 |   5.787547 |      6 | 0.934113 | 0.600000 | 0.750000 | 0.683333 | 0.676667 |   0.186216 |      247 |      225 |       22 |   5.786348 |      6 | 0.935601 | 1.630698
 893 | 267600.0 | 267900.0 | 0.007982 | 0.017898 |   5.786348 |      6 | 0.935601 | 0.600000 | 0.713333 | 0.656667 | 0.683333 |  -0.744981 |      242 |      214 |       28 |   5.785444 |      6 | 0.929654 | 1.781280
 894 | 267900.0 | 268200.0 | 0.007977 | 0.017895 |   5.785444 |      6 | 0.929654 | 0.600000 | 0.730000 | 0.693333 | 0.673333 |   0.558825 |      246 |      219 |       27 |   5.784407 |      6 | 0.934112 | 1.668405
 895 | 268200.0 | 268500.0 | 0.007971 | 0.017892 |   5.784407 |      6 | 0.934112 | 0.600000 | 0.703333 | 0.700000 | 0.666667 |   0.931523 |      243 |      211 |       32 |   5.783583 |      6 | 0.941537 | 1.480382
 896 | 268500.0 | 268800.0 | 0.007966 | 0.017889 |   5.783583 |      6 | 0.941537 | 0.600000 | 0.663333 | 0.643333 | 0.623333 |   0.559002 |      238 |      199 |       39 |   5.783079 |      6 | 0.945990 | 1.367630
 897 | 268800.0 | 269100.0 | 0.007960 | 0.017886 |   5.783079 |      6 | 0.945990 | 0.600000 | 0.683333 | 0.653333 | 0.636667 |   0.465909 |      240 |      205 |       35 |   5.782415 |      6 | 0.949698 | 1.273721
 898 | 269100.0 | 269400.0 | 0.007954 | 0.017883 |   5.782415 |      6 | 0.949698 | 0.600000 | 0.740000 | 0.666667 | 0.696667 |  -0.838769 |      245 |      222 |       23 |   5.781302 |      6 | 0.943027 | 1.442665
 899 | 269400.0 | 269700.0 | 0.007949 | 0.017881 |   5.781302 |      6 | 0.943027 | 0.600000 | 0.693333 | 0.683333 | 0.673333 |   0.279634 |      241 |      208 |       33 |   5.780560 |      6 | 0.945249 | 1.386381
 900 | 269700.0 | 270000.0 | 0.007943 | 0.017878 |   5.780560 |      6 | 0.945249 | 0.600000 | 0.646667 | 0.690000 | 0.683333 |   0.186452 |      236 |      194 |       42 |   5.780189 |      6 | 0.946730 | 1.348878
 901 | 270000.0 | 270300.0 | 0.007938 | 0.017875 |   5.780189 |      6 | 0.946730 | 0.600000 | 0.720000 | 0.663333 | 0.693333 |  -0.839167 |      243 |      216 |       27 |   5.779236 |      6 | 0.940069 | 1.517548
 902 | 270300.0 | 270600.0 | 0.007932 | 0.017872 |   5.779236 |      6 | 0.940069 | 0.600000 | 0.713333 | 0.676667 | 0.623333 |   1.492087 |      243 |      214 |       29 |   5.778338 |      6 | 0.951905 | 1.217853
 903 | 270600.0 | 270900.0 | 0.007927 | 0.017869 |   5.778338 |      6 | 0.951905 | 0.600000 | 0.663333 | 0.640000 | 0.676667 |  -1.025972 |      236 |      199 |       39 |   5.777835 |      6 | 0.943772 | 1.423782
 904 | 270900.0 | 271200.0 | 0.007921 | 0.017866 |   5.777835 |      6 | 0.943772 | 0.600000 | 0.690000 | 0.626667 | 0.696667 |  -1.958981 |      241 |      207 |       32 |   5.777123 |      6 | 0.928255 | 1.816707
 905 | 271200.0 | 271500.0 | 0.007916 | 0.017864 |   5.777123 |      6 | 0.928255 | 0.600000 | 0.710000 | 0.693333 | 0.686667 |   0.186599 |      244 |      213 |       31 |   5.776252 |      6 | 0.929732 | 1.779306
 906 | 271500.0 | 271800.0 | 0.007910 | 0.017861 |   5.776252 |      6 | 0.929732 | 0.600000 | 0.696667 | 0.670000 | 0.630000 |   1.119770 |      241 |      209 |       32 |   5.775487 |      6 | 0.938589 | 1.555019
 907 | 271800.0 | 272100.0 | 0.007905 | 0.017858 |   5.775487 |      6 | 0.938589 | 0.600000 | 0.700000 | 0.630000 | 0.663333 |  -0.933288 |      242 |      210 |       32 |   5.774697 |      6 | 0.931212 | 1.741824
 908 | 272100.0 | 272400.0 | 0.007899 | 0.017855 |   5.774697 |      6 | 0.931212 | 0.600000 | 0.696667 | 0.660000 | 0.633333 |   0.746747 |      241 |      209 |       32 |   5.773933 |      6 | 0.937111 | 1.592461
 909 | 272400.0 | 272700.0 | 0.007894 | 0.017852 |   5.773933 |      6 | 0.937111 | 0.600000 | 0.716667 | 0.706667 | 0.686667 |   0.560148 |      244 |      215 |       29 |   5.773012 |      6 | 0.941532 | 1.480498
 910 | 272700.0 | 273000.0 | 0.007888 | 0.017850 |   5.773012 |      6 | 0.941532 | 0.600000 | 0.676667 | 0.686667 | 0.710000 |  -0.653608 |      239 |      203 |       36 |   5.772408 |      6 | 0.936377 | 1.611051
 911 | 273000.0 | 273300.0 | 0.007883 | 0.017847 |   5.772408 |      6 | 0.936377 | 0.600000 | 0.696667 | 0.640000 | 0.660000 |  -0.560323 |      241 |      209 |       32 |   5.771646 |      6 | 0.931960 | 1.722893
 912 | 273300.0 | 273600.0 | 0.007877 | 0.017844 |   5.771646 |      6 | 0.931960 | 0.600000 | 0.693333 | 0.740000 | 0.650000 |   2.521847 |      242 |      208 |       34 |   5.770910 |      6 | 0.951825 | 1.219873
 913 | 273600.0 | 273900.0 | 0.007872 | 0.017841 |   5.770910 |      6 | 0.951825 | 0.600000 | 0.710000 | 0.623333 | 0.673333 |  -1.401245 |      242 |      213 |       29 |   5.770044 |      6 | 0.940795 | 1.499179
 914 | 273900.0 | 274200.0 | 0.007866 | 0.017839 |   5.770044 |      6 | 0.940795 | 0.600000 | 0.720000 | 0.643333 | 0.656667 |  -0.373723 |      244 |      216 |       28 |   5.769100 |      6 | 0.937855 | 1.573621
 915 | 274200.0 | 274500.0 | 0.007861 | 0.017836 |   5.769100 |      6 | 0.937855 | 0.600000 | 0.656667 | 0.670000 | 0.673333 |  -0.093445 |      236 |      197 |       39 |   5.768655 |      6 | 0.937120 | 1.592221
 916 | 274500.0 | 274800.0 | 0.007856 | 0.017833 |   5.768655 |      6 | 0.937120 | 0.600000 | 0.673333 | 0.710000 | 0.663333 |   1.308439 |      241 |      202 |       39 |   5.768079 |      6 | 0.947399 | 1.331953
 917 | 274800.0 | 275100.0 | 0.007850 | 0.017830 |   5.768079 |      6 | 0.947399 | 0.600000 | 0.690000 | 0.696667 | 0.713333 |  -0.467372 |      238 |      207 |       31 |   5.767372 |      6 | 0.943730 | 1.424857
 918 | 275100.0 | 275400.0 | 0.007845 | 0.017827 |   5.767372 |      6 | 0.943730 | 0.600000 | 0.686667 | 0.693333 | 0.643333 |   1.402333 |      241 |      206 |       35 |   5.766693 |      6 | 0.954731 | 1.146295
 919 | 275400.0 | 275700.0 | 0.007839 | 0.017825 |   5.766693 |      6 | 0.954731 | 0.600000 | 0.720000 | 0.613333 | 0.663333 |  -1.402551 |      243 |      216 |       27 |   5.765752 |      6 | 0.943736 | 1.424708
 920 | 275700.0 | 276000.0 | 0.007834 | 0.017822 |   5.765752 |      6 | 0.943736 | 0.600000 | 0.686667 | 0.670000 | 0.623333 |   1.309250 |      239 |      206 |       33 |   5.765073 |      6 | 0.953992 | 1.164994
 921 | 276000.0 | 276300.0 | 0.007829 | 0.017819 |   5.765073 |      6 | 0.953992 | 0.600000 | 0.706667 | 0.600000 | 0.683333 |  -2.338308 |      241 |      212 |       29 |   5.764238 |      6 | 0.935687 | 1.628523
 922 | 276300.0 | 276600.0 | 0.007823 | 0.017816 |   5.764238 |      6 | 0.935687 | 0.600000 | 0.673333 | 0.693333 | 0.716667 |  -0.654827 |      239 |      202 |       37 |   5.763664 |      6 | 0.930564 | 1.758242
 923 | 276600.0 | 276900.0 | 0.007818 | 0.017814 |   5.763664 |      6 | 0.930564 | 0.600000 | 0.696667 | 0.650000 | 0.666667 |  -0.467806 |      242 |      209 |       33 |   5.762908 |      6 | 0.926907 | 1.850850
 924 | 276900.0 | 277200.0 | 0.007813 | 0.017811 |   5.762908 |      6 | 0.926907 | 0.600000 | 0.716667 | 0.740000 | 0.666667 |   2.058663 |      245 |      215 |       30 |   5.761997 |      6 | 0.942990 | 1.443593
 925 | 277200.0 | 277500.0 | 0.007807 | 0.017808 |   5.761997 |      6 | 0.942990 | 0.600000 | 0.683333 | 0.640000 | 0.640000 |   0.000000 |      240 |      205 |       35 |   5.761346 |      6 | 0.942990 | 1.443593
 926 | 277500.0 | 277800.0 | 0.007802 | 0.017805 |   5.761346 |      6 | 0.942990 | 0.600000 | 0.703333 | 0.713333 | 0.693333 |   0.561626 |      242 |      211 |       31 |   5.760540 |      6 | 0.947372 | 1.332640
 927 | 277800.0 | 278100.0 | 0.007797 | 0.017803 |   5.760540 |      6 | 0.947372 | 0.600000 | 0.720000 | 0.683333 | 0.676667 |   0.187238 |      243 |      216 |       27 |   5.759605 |      6 | 0.948831 | 1.295676
 928 | 278100.0 | 278400.0 | 0.007791 | 0.017800 |   5.759605 |      6 | 0.948831 | 0.600000 | 0.696667 | 0.713333 | 0.693333 |   0.561799 |      240 |      209 |       31 |   5.758851 |      6 | 0.953209 | 1.184840
 929 | 278400.0 | 278700.0 | 0.007786 | 0.017797 |   5.758851 |      6 | 0.953209 | 0.600000 | 0.690000 | 0.600000 | 0.670000 |  -1.966597 |      239 |      207 |       32 |   5.758151 |      6 | 0.937897 | 1.572560
 930 | 278700.0 | 279000.0 | 0.007781 | 0.017795 |   5.758151 |      6 | 0.937897 | 0.600000 | 0.656667 | 0.650000 | 0.656667 |  -0.187324 |      237 |      197 |       40 |   5.757710 |      6 | 0.936439 | 1.609466
 931 | 279000.0 | 279300.0 | 0.007775 | 0.017792 |   5.757710 |      6 | 0.936439 | 0.600000 | 0.716667 | 0.670000 | 0.643333 |   0.749409 |      245 |      215 |       30 |   5.756803 |      6 | 0.942266 | 1.461919
 932 | 279300.0 | 279600.0 | 0.007770 | 0.017789 |   5.756803 |      6 | 0.942266 | 0.600000 | 0.706667 | 0.680000 | 0.663333 |   0.468452 |      242 |      212 |       30 |   5.755974 |      6 | 0.945906 | 1.369750
 933 | 279600.0 | 279900.0 | 0.007765 | 0.017786 |   5.755974 |      6 | 0.945906 | 0.600000 | 0.730000 | 0.716667 | 0.686667 |   0.843343 |      244 |      219 |       25 |   5.754964 |      6 | 0.952454 | 1.203934
 934 | 279900.0 | 280200.0 | 0.007760 | 0.017784 |   5.754964 |      6 | 0.952454 | 0.600000 | 0.653333 | 0.640000 | 0.643333 |  -0.093719 |      236 |      196 |       40 |   5.754551 |      6 | 0.951727 | 1.222348
 935 | 280200.0 | 280500.0 | 0.007754 | 0.017781 |   5.754551 |      6 | 0.951727 | 0.600000 | 0.710000 | 0.640000 | 0.693333 |  -1.499734 |      242 |      213 |       29 |   5.753698 |      6 | 0.940098 | 1.516824
 936 | 280500.0 | 280800.0 | 0.007749 | 0.017778 |   5.753698 |      6 | 0.940098 | 0.600000 | 0.690000 | 0.696667 | 0.626667 |   1.968700 |      241 |      207 |       34 |   5.753000 |      6 | 0.955353 | 1.130527
 937 | 280800.0 | 281100.0 | 0.007744 | 0.017776 |   5.753000 |      6 | 0.955353 | 0.600000 | 0.666667 | 0.573333 | 0.686667 |  -3.187904 |      235 |      200 |       35 |   5.752484 |      6 | 0.930667 | 1.755633
 938 | 281100.0 | 281400.0 | 0.007739 | 0.017773 |   5.752484 |      6 | 0.930667 | 0.600000 | 0.696667 | 0.680000 | 0.610000 |   1.969299 |      242 |      209 |       33 |   5.751736 |      6 | 0.945907 | 1.369740
 939 | 281400.0 | 281700.0 | 0.007733 | 0.017770 |   5.751736 |      6 | 0.945907 | 0.600000 | 0.686667 | 0.656667 | 0.650000 |   0.187581 |      240 |      206 |       34 |   5.751066 |      6 | 0.947357 | 1.333007
 940 | 281700.0 | 282000.0 | 0.007728 | 0.017767 |   5.751066 |      6 | 0.947357 | 0.600000 | 0.696667 | 0.683333 | 0.660000 |   0.656632 |      241 |      209 |       32 |   5.750319 |      6 | 0.952432 | 1.204511
 941 | 282000.0 | 282300.0 | 0.007723 | 0.017765 |   5.750319 |      6 | 0.952432 | 0.600000 | 0.683333 | 0.620000 | 0.683333 |  -1.782557 |      238 |      205 |       33 |   5.749675 |      6 | 0.938665 | 1.553106
 942 | 282300.0 | 282600.0 | 0.007718 | 0.017762 |   5.749675 |      6 | 0.938665 | 0.600000 | 0.703333 | 0.683333 | 0.680000 |   0.093833 |      243 |      211 |       32 |   5.748878 |      6 | 0.939389 | 1.534768
 943 | 282600.0 | 282900.0 | 0.007713 | 0.017759 |   5.748878 |      6 | 0.939389 | 0.600000 | 0.696667 | 0.666667 | 0.656667 |   0.281541 |      242 |      209 |       33 |   5.748132 |      6 | 0.941561 | 1.479784
 944 | 282900.0 | 283200.0 | 0.007707 | 0.017757 |   5.748132 |      6 | 0.941561 | 0.600000 | 0.666667 | 0.626667 | 0.700000 |  -2.064949 |      238 |      200 |       38 |   5.747618 |      6 | 0.925645 | 1.882791
 945 | 283200.0 | 283500.0 | 0.007702 | 0.017754 |   5.747618 |      6 | 0.925645 | 0.600000 | 0.710000 | 0.670000 | 0.646667 |   0.657128 |      243 |      213 |       30 |   5.746771 |      6 | 0.930707 | 1.754628
 946 | 283500.0 | 283800.0 | 0.007697 | 0.017751 |   5.746771 |      6 | 0.930707 | 0.600000 | 0.673333 | 0.690000 | 0.603333 |   2.441130 |      239 |      202 |       37 |   5.746206 |      6 | 0.949496 | 1.278841
 947 | 283800.0 | 284100.0 | 0.007692 | 0.017749 |   5.746206 |      6 | 0.949496 | 0.600000 | 0.683333 | 0.650000 | 0.630000 |   0.563423 |      240 |      205 |       35 |   5.745565 |      6 | 0.953830 | 1.169101
 948 | 284100.0 | 284400.0 | 0.007687 | 0.017746 |   5.745565 |      6 | 0.953830 | 0.600000 | 0.713333 | 0.606667 | 0.676667 |  -1.972276 |      241 |      214 |       27 |   5.744694 |      6 | 0.938670 | 1.552992
 949 | 284400.0 | 284700.0 | 0.007682 | 0.017743 |   5.744694 |      6 | 0.938670 | 0.600000 | 0.733333 | 0.673333 | 0.720000 |  -1.315048 |      245 |      220 |       25 |   5.743670 |      6 | 0.928568 | 1.808787
 950 | 284700.0 | 285000.0 | 0.007677 | 0.017741 |   5.743670 |      6 | 0.928568 | 0.600000 | 0.683333 | 0.666667 | 0.696667 |  -0.845515 |      241 |      205 |       36 |   5.743030 |      6 | 0.922077 | 1.973142
 951 | 285000.0 | 285300.0 | 0.007671 | 0.017738 |   5.743030 |      6 | 0.922077 | 0.600000 | 0.700000 | 0.643333 | 0.616667 |   0.751681 |      242 |      210 |       32 |   5.742263 |      6 | 0.927844 | 1.827124
 952 | 285300.0 | 285600.0 | 0.007666 | 0.017735 |   5.742263 |      6 | 0.927844 | 0.600000 | 0.720000 | 0.680000 | 0.653333 |   0.751794 |      244 |      216 |       28 |   5.741343 |      6 | 0.933607 | 1.681182
 953 | 285600.0 | 285900.0 | 0.007661 | 0.017733 |   5.741343 |      6 | 0.933607 | 0.600000 | 0.700000 | 0.696667 | 0.660000 |   1.033872 |      242 |      210 |       32 |   5.740577 |      6 | 0.941528 | 1.480615
 954 | 285900.0 | 286200.0 | 0.007656 | 0.017730 |   5.740577 |      6 | 0.941528 | 0.600000 | 0.673333 | 0.710000 | 0.676667 |   0.940024 |      239 |      202 |       37 |   5.740016 |      6 | 0.948725 | 1.298375
 955 | 286200.0 | 286500.0 | 0.007651 | 0.017727 |   5.740016 |      6 | 0.948725 | 0.600000 | 0.720000 | 0.686667 | 0.666667 |   0.564098 |      244 |      216 |       28 |   5.739098 |      6 | 0.953041 | 1.189087
 956 | 286500.0 | 286800.0 | 0.007646 | 0.017725 |   5.739098 |      6 | 0.953041 | 0.600000 | 0.663333 | 0.610000 | 0.636667 |  -0.752243 |      236 |      199 |       38 |   5.738613 |      6 | 0.947289 | 1.334729
 957 | 286800.0 | 287100.0 | 0.007641 | 0.017722 |   5.738613 |      6 | 0.947289 | 0.600000 | 0.703333 | 0.686667 | 0.703333 |  -0.470222 |      243 |      211 |       31 |   5.737824 |      6 | 0.943696 | 1.425709
 958 | 287100.0 | 287400.0 | 0.007636 | 0.017719 |   5.737824 |      6 | 0.943696 | 0.600000 | 0.730000 | 0.676667 | 0.693333 |  -0.470292 |      245 |      219 |       26 |   5.736831 |      6 | 0.940105 | 1.516642
 959 | 287400.0 | 287700.0 | 0.007631 | 0.017717 |   5.736831 |      6 | 0.940105 | 0.600000 | 0.700000 | 0.690000 | 0.700000 |  -0.282217 |      242 |      210 |       32 |   5.736068 |      6 | 0.937952 | 1.571174
 960 | 287700.0 | 288000.0 | 0.007626 | 0.017714 |   5.736068 |      6 | 0.937952 | 0.600000 | 0.700000 | 0.730000 | 0.693333 |   1.034951 |      242 |      210 |       32 |   5.735305 |      6 | 0.945844 | 1.371326
 961 | 288000.0 | 288300.0 | 0.007621 | 0.017712 |   5.735305 |      6 | 0.945844 | 0.600000 | 0.720000 | 0.680000 | 0.640000 |   1.129205 |      243 |      216 |       28 |   5.734391 |      6 | 0.954449 | 1.153422
 962 | 288300.0 | 288600.0 | 0.007616 | 0.017709 |   5.734391 |      6 | 0.954449 | 0.600000 | 0.640000 | 0.606667 | 0.683333 |  -2.164630 |      234 |      192 |       41 |   5.734086 |      6 | 0.937964 | 1.570858
 963 | 288600.0 | 288900.0 | 0.007611 | 0.017706 |   5.734086 |      6 | 0.937964 | 0.600000 | 0.640000 | 0.683333 | 0.670000 |   0.376513 |      237 |      192 |       45 |   5.733782 |      6 | 0.940830 | 1.498298
 964 | 288900.0 | 289200.0 | 0.007606 | 0.017704 |   5.733782 |      6 | 0.940830 | 0.600000 | 0.676667 | 0.686667 | 0.673333 |   0.376569 |      239 |      203 |       36 |   5.733199 |      6 | 0.943694 | 1.425774
 965 | 289200.0 | 289500.0 | 0.007601 | 0.017701 |   5.733199 |      6 | 0.943694 | 0.600000 | 0.723333 | 0.726667 | 0.700000 |   0.753249 |      244 |      217 |       27 |   5.732261 |      6 | 0.949419 | 1.280801
 966 | 289500.0 | 289800.0 | 0.007596 | 0.017698 |   5.732261 |      6 | 0.949419 | 0.600000 | 0.693333 | 0.666667 | 0.670000 |  -0.094170 |      240 |      208 |       32 |   5.731552 |      6 | 0.948704 | 1.298913
 967 | 289800.0 | 290100.0 | 0.007591 | 0.017696 |   5.731552 |      6 | 0.948704 | 0.600000 | 0.710000 | 0.683333 | 0.630000 |   1.506943 |      243 |      213 |       30 |   5.730717 |      6 | 0.960142 | 1.009263
 968 | 290100.0 | 290400.0 | 0.007586 | 0.017693 |   5.730717 |      6 | 0.960142 | 0.600000 | 0.673333 | 0.476667 | 0.673333 |  -5.557672 |      234 |      202 |       32 |   5.730161 |      6 | 0.917983 | 2.076808
 969 | 290400.0 | 290700.0 | 0.007581 | 0.017691 |   5.730161 |      6 | 0.917983 | 0.600000 | 0.690000 | 0.686667 | 0.636667 |   1.413176 |      242 |      207 |       35 |   5.729479 |      6 | 0.928696 | 1.805536
 970 | 290700.0 | 291000.0 | 0.007576 | 0.017688 |   5.729479 |      6 | 0.928696 | 0.600000 | 0.730000 | 0.706667 | 0.680000 |   0.753805 |      246 |      219 |       27 |   5.728494 |      6 | 0.934407 | 1.660931
 971 | 291000.0 | 291300.0 | 0.007571 | 0.017685 |   5.728494 |      6 | 0.934407 | 0.600000 | 0.676667 | 0.720000 | 0.673333 |   1.319352 |      239 |      203 |       36 |   5.727914 |      6 | 0.944396 | 1.408000
 972 | 291300.0 | 291600.0 | 0.007566 | 0.017683 |   5.727914 |      6 | 0.944396 | 0.600000 | 0.703333 | 0.710000 | 0.713333 |  -0.094253 |      243 |      211 |       32 |   5.727132 |      6 | 0.943682 | 1.426057
 973 | 291600.0 | 291900.0 | 0.007561 | 0.017680 |   5.727132 |      6 | 0.943682 | 0.600000 | 0.690000 | 0.706667 | 0.666667 |   1.131205 |      240 |      207 |       33 |   5.726451 |      6 | 0.952235 | 1.209479
 974 | 291900.0 | 292200.0 | 0.007556 | 0.017678 |   5.726451 |      6 | 0.952235 | 0.600000 | 0.703333 | 0.573333 | 0.620000 |  -1.319933 |      240 |      211 |       29 |   5.725670 |      6 | 0.942262 | 1.462026
 975 | 292200.0 | 292500.0 | 0.007551 | 0.017675 |   5.725670 |      6 | 0.942262 | 0.600000 | 0.720000 | 0.663333 | 0.666667 |  -0.094295 |      243 |      216 |       27 |   5.724764 |      6 | 0.941550 | 1.480056
 976 | 292500.0 | 292800.0 | 0.007546 | 0.017672 |   5.724764 |      6 | 0.941550 | 0.600000 | 0.703333 | 0.693333 | 0.700000 |  -0.188617 |      242 |      211 |       31 |   5.723985 |      6 | 0.940127 | 1.516098
 977 | 292800.0 | 293100.0 | 0.007541 | 0.017670 |   5.723985 |      6 | 0.940127 | 0.600000 | 0.716667 | 0.700000 | 0.643333 |   1.603479 |      244 |      215 |       29 |   5.723105 |      6 | 0.952219 | 1.209898
 978 | 293100.0 | 293400.0 | 0.007536 | 0.017667 |   5.723105 |      6 | 0.952219 | 0.600000 | 0.720000 | 0.676667 | 0.673333 |   0.094336 |      243 |      216 |       27 |   5.722200 |      6 | 0.952930 | 1.191895
 979 | 293400.0 | 293700.0 | 0.007532 | 0.017665 |   5.722200 |      6 | 0.952930 | 0.600000 | 0.666667 | 0.630000 | 0.716667 |  -2.453095 |      237 |      200 |       37 |   5.721698 |      6 | 0.934454 | 1.659730
 980 | 293700.0 | 294000.0 | 0.007527 | 0.017662 |   5.721698 |      6 | 0.934454 | 0.600000 | 0.673333 | 0.630000 | 0.733333 |  -2.925270 |      239 |      202 |       37 |   5.721146 |      6 | 0.912437 | 2.217253
 981 | 294000.0 | 294300.0 | 0.007522 | 0.017660 |   5.721146 |      6 | 0.912437 | 0.600000 | 0.663333 | 0.646667 | 0.616667 |   0.849396 |      239 |      199 |       40 |   5.720670 |      6 | 0.918826 | 2.055472
 982 | 294300.0 | 294600.0 | 0.007517 | 0.017657 |   5.720670 |      6 | 0.918826 | 0.600000 | 0.713333 | 0.706667 | 0.686667 |   0.566346 |      243 |      214 |       29 |   5.719818 |      6 | 0.923083 | 1.947673
 983 | 294600.0 | 294900.0 | 0.007512 | 0.017654 |   5.719818 |      6 | 0.923083 | 0.600000 | 0.670000 | 0.716667 | 0.713333 |   0.094405 |      240 |      201 |       39 |   5.719292 |      6 | 0.923792 | 1.929716
 984 | 294900.0 | 295200.0 | 0.007507 | 0.017652 |   5.719292 |      6 | 0.923792 | 0.600000 | 0.696667 | 0.690000 | 0.710000 |  -0.566511 |      243 |      209 |       34 |   5.718566 |      6 | 0.919539 | 2.037407
 985 | 295200.0 | 295500.0 | 0.007502 | 0.017649 |   5.718566 |      6 | 0.919539 | 0.600000 | 0.710000 | 0.676667 | 0.620000 |   1.605346 |      243 |      213 |       30 |   5.717741 |      6 | 0.931583 | 1.732434
 986 | 295500.0 | 295800.0 | 0.007498 | 0.017647 |   5.717741 |      6 | 0.931583 | 0.600000 | 0.673333 | 0.690000 | 0.690000 |   0.000000 |      240 |      202 |       38 |   5.717191 |      6 | 0.931583 | 1.732434
 987 | 295800.0 | 296100.0 | 0.007493 | 0.017644 |   5.717191 |      6 | 0.931583 | 0.600000 | 0.696667 | 0.660000 | 0.703333 |  -1.227973 |      242 |      209 |       33 |   5.716467 |      6 | 0.922382 | 1.965416
 988 | 296100.0 | 296400.0 | 0.007488 | 0.017642 |   5.716467 |      6 | 0.922382 | 0.600000 | 0.696667 | 0.690000 | 0.673333 |   0.472366 |      242 |      209 |       33 |   5.715743 |      6 | 0.925919 | 1.875852
 989 | 296400.0 | 296700.0 | 0.007483 | 0.017639 |   5.715743 |      6 | 0.925919 | 0.600000 | 0.700000 | 0.643333 | 0.673333 |  -0.850381 |      242 |      210 |       32 |   5.714995 |      6 | 0.919556 | 2.036986
 990 | 296700.0 | 297000.0 | 0.007478 | 0.017637 |   5.714995 |      6 | 0.919556 | 0.600000 | 0.733333 | 0.660000 | 0.656667 |   0.094500 |      247 |      220 |       27 |   5.713998 |      6 | 0.920262 | 2.019091
 991 | 297000.0 | 297300.0 | 0.007473 | 0.017634 |   5.713998 |      6 | 0.920262 | 0.600000 | 0.650000 | 0.673333 | 0.676667 |  -0.094514 |      237 |      195 |       42 |   5.713624 |      6 | 0.919556 | 2.036977
 992 | 297300.0 | 297600.0 | 0.007469 | 0.017632 |   5.713624 |      6 | 0.919556 | 0.600000 | 0.676667 | 0.666667 | 0.690000 |  -0.661694 |      240 |      203 |       37 |   5.713052 |      6 | 0.914614 | 2.162117
 993 | 297600.0 | 297900.0 | 0.007464 | 0.017629 |   5.713052 |      6 | 0.914614 | 0.600000 | 0.690000 | 0.686667 | 0.663333 |   0.661789 |      242 |      207 |       35 |   5.712380 |      6 | 0.919554 | 2.037039
 994 | 297900.0 | 298200.0 | 0.007459 | 0.017626 |   5.712380 |      6 | 0.919554 | 0.600000 | 0.660000 | 0.700000 | 0.686667 |   0.378219 |      238 |      198 |       40 |   5.711932 |      6 | 0.922375 | 1.965602
 995 | 298200.0 | 298500.0 | 0.007454 | 0.017624 |   5.711932 |      6 | 0.922375 | 0.600000 | 0.700000 | 0.696667 | 0.640000 |   1.607663 |      243 |      210 |       33 |   5.711187 |      6 | 0.934359 | 1.662144
 996 | 298500.0 | 298800.0 | 0.007450 | 0.017621 |   5.711187 |      6 | 0.934359 | 0.600000 | 0.656667 | 0.710000 | 0.700000 |   0.283746 |      238 |      197 |       41 |   5.710765 |      6 | 0.936473 | 1.608619
 997 | 298800.0 | 299100.0 | 0.007445 | 0.017619 |   5.710765 |      6 | 0.936473 | 0.600000 | 0.650000 | 0.650000 | 0.610000 |   1.135147 |      238 |      195 |       43 |   5.710392 |      6 | 0.944924 | 1.394626
 998 | 299100.0 | 299400.0 | 0.007440 | 0.017616 |   5.710392 |      6 | 0.944924 | 0.600000 | 0.690000 | 0.663333 | 0.670000 |  -0.189218 |      240 |      207 |       33 |   5.709723 |      6 | 0.943516 | 1.430274
 999 | 299400.0 | 299700.0 | 0.007435 | 0.017614 |   5.709723 |      6 | 0.943516 | 0.600000 | 0.686667 | 0.653333 | 0.633333 |   0.567736 |      240 |      206 |       34 |   5.709078 |      6 | 0.947737 | 1.323383
1000 | 299700.0 | 300000.0 | 0.007431 | 0.017611 |   5.709078 |      6 | 0.947737 | 0.600000 | 0.680000 | 0.656667 | 0.680000 |  -0.662453 |      239 |      204 |       35 |   5.708484 |      6 | 0.942815 | 1.448027
1001 | 300000.0 | 300300.0 | 0.007426 | 0.017609 |   5.708484 |      6 | 0.942815 | 0.600000 | 0.730000 | 0.596667 | 0.680000 |  -2.366242 |      244 |      219 |       25 |   5.707519 |      6 | 0.925243 | 1.892967
1002 | 300300.0 | 300600.0 | 0.007421 | 0.017606 |   5.707519 |      6 | 0.925243 | 0.600000 | 0.623333 | 0.666667 | 0.623333 |   1.230621 |      236 |      187 |       49 |   5.707345 |      6 | 0.934376 | 1.661712
1003 | 300600.0 | 300900.0 | 0.007416 | 0.017604 |   5.707345 |      6 | 0.934376 | 0.600000 | 0.713333 | 0.640000 | 0.613333 |   0.757413 |      243 |      214 |       30 |   5.706505 |      6 | 0.939993 | 1.519472
1004 | 300900.0 | 301200.0 | 0.007412 | 0.017601 |   5.706505 |      6 | 0.939993 | 0.600000 | 0.690000 | 0.666667 | 0.676667 |  -0.284070 |      240 |      207 |       32 |   5.705838 |      6 | 0.937888 | 1.572786
1005 | 301200.0 | 301500.0 | 0.007407 | 0.017599 |   5.705838 |      6 | 0.937888 | 0.600000 | 0.696667 | 0.703333 | 0.676667 |   0.757629 |      242 |      209 |       33 |   5.705122 |      6 | 0.943500 | 1.430685
1006 | 301500.0 | 301800.0 | 0.007402 | 0.017596 |   5.705122 |      6 | 0.943500 | 0.600000 | 0.686667 | 0.650000 | 0.653333 |  -0.094717 |      241 |      206 |       35 |   5.704480 |      6 | 0.942799 | 1.448439
1007 | 301800.0 | 302100.0 | 0.007398 | 0.017594 |   5.704480 |      6 | 0.942799 | 0.600000 | 0.670000 | 0.656667 | 0.666667 |  -0.284192 |      239 |      201 |       38 |   5.703962 |      6 | 0.940696 | 1.501675
1008 | 302100.0 | 302400.0 | 0.007393 | 0.017591 |   5.703962 |      6 | 0.940696 | 0.600000 | 0.683333 | 0.670000 | 0.700000 |  -0.852696 |      241 |      205 |       36 |   5.703346 |      6 | 0.934392 | 1.661303
1009 | 302400.0 | 302700.0 | 0.007388 | 0.017589 |   5.703346 |      6 | 0.934392 | 0.600000 | 0.636667 | 0.636667 | 0.656667 |  -0.568544 |      235 |      191 |       44 |   5.703075 |      6 | 0.930192 | 1.767669
1010 | 302700.0 | 303000.0 | 0.007384 | 0.017586 |   5.703075 |      6 | 0.930192 | 0.600000 | 0.683333 | 0.703333 | 0.710000 |  -0.189542 |      241 |      205 |       36 |   5.702460 |      6 | 0.928792 | 1.803108
1011 | 303000.0 | 303300.0 | 0.007379 | 0.017584 |   5.702460 |      6 | 0.928792 | 0.600000 | 0.640000 | 0.663333 | 0.636667 |   0.758274 |      237 |      192 |       45 |   5.702165 |      6 | 0.934387 | 1.661424
1012 | 303300.0 | 303600.0 | 0.007374 | 0.017581 |   5.702165 |      6 | 0.934387 | 0.600000 | 0.706667 | 0.673333 | 0.686667 |  -0.379190 |      242 |      212 |       30 |   5.701378 |      6 | 0.931591 | 1.732231
1013 | 303600.0 | 303900.0 | 0.007370 | 0.017579 |   5.701378 |      6 | 0.931591 | 0.600000 | 0.670000 | 0.636667 | 0.623333 |   0.379244 |      240 |      201 |       39 |   5.700862 |      6 | 0.934386 | 1.661459
1014 | 303900.0 | 304200.0 | 0.007365 | 0.017576 |   5.700862 |      6 | 0.934386 | 0.600000 | 0.720000 | 0.693333 | 0.686667 |   0.189649 |      244 |      216 |       28 |   5.699979 |      6 | 0.935783 | 1.626089
1015 | 304200.0 | 304500.0 | 0.007361 | 0.017574 |   5.699979 |      6 | 0.935783 | 0.600000 | 0.686667 | 0.726667 | 0.680000 |   1.327728 |      241 |      206 |       35 |   5.699341 |      6 | 0.945556 | 1.378627
1016 | 304500.0 | 304800.0 | 0.007356 | 0.017571 |   5.699341 |      6 | 0.945556 | 0.600000 | 0.693333 | 0.630000 | 0.666667 |  -1.043362 |      240 |      208 |       32 |   5.698654 |      6 | 0.937881 | 1.572967
1017 | 304800.0 | 305100.0 | 0.007351 | 0.017569 |   5.698654 |      6 | 0.937881 | 0.600000 | 0.736667 | 0.706667 | 0.686667 |   0.569187 |      246 |      221 |       25 |   5.697650 |      6 | 0.942065 | 1.467015
1018 | 305100.0 | 305400.0 | 0.007347 | 0.017566 |   5.697650 |      6 | 0.942065 | 0.600000 | 0.716667 | 0.660000 | 0.706667 |  -1.328289 |      244 |      215 |       29 |   5.696792 |      6 | 0.932306 | 1.714117
1019 | 305400.0 | 305700.0 | 0.007342 | 0.017564 |   5.696792 |      6 | 0.932306 | 0.600000 | 0.683333 | 0.630000 | 0.690000 |  -1.708039 |      239 |      205 |       34 |   5.696181 |      6 | 0.919766 | 2.031665
1020 | 305700.0 | 306000.0 | 0.007337 | 0.017562 |   5.696181 |      6 | 0.919766 | 0.600000 | 0.703333 | 0.673333 | 0.666667 |   0.189809 |      243 |      211 |       32 |   5.695422 |      6 | 0.921159 | 1.996399
1021 | 306000.0 | 306300.0 | 0.007333 | 0.017559 |   5.695422 |      6 | 0.921159 | 0.600000 | 0.673333 | 0.713333 | 0.653333 |   1.708518 |      241 |      202 |       39 |   5.694885 |      6 | 0.933687 | 1.679159
1022 | 306300.0 | 306600.0 | 0.007328 | 0.017557 |   5.694885 |      6 | 0.933687 | 0.600000 | 0.690000 | 0.640000 | 0.666667 |  -0.759448 |      240 |      207 |       33 |   5.694225 |      6 | 0.928122 | 1.820086
1023 | 306600.0 | 306900.0 | 0.007324 | 0.017554 |   5.694225 |      6 | 0.928122 | 0.600000 | 0.643333 | 0.693333 | 0.650000 |   1.234275 |      238 |      193 |       45 |   5.693908 |      6 | 0.937161 | 1.591189
1024 | 306900.0 | 307200.0 | 0.007319 | 0.017552 |   5.693908 |      6 | 0.937161 | 0.600000 | 0.660000 | 0.676667 | 0.640000 |   1.044533 |      238 |      198 |       40 |   5.693469 |      6 | 0.944806 | 1.397601
1025 | 307200.0 | 307500.0 | 0.007315 | 0.017549 |   5.693469 |      6 | 0.944806 | 0.600000 | 0.696667 | 0.706667 | 0.710000 |  -0.094971 |      241 |      209 |       32 |   5.692761 |      6 | 0.944112 | 1.415192
1026 | 307500.0 | 307800.0 | 0.007310 | 0.017547 |   5.692761 |      6 | 0.944112 | 0.600000 | 0.740000 | 0.656667 | 0.640000 |   0.474920 |      246 |      222 |       24 |   5.691738 |      6 | 0.947583 | 1.327282
1027 | 307800.0 | 308100.0 | 0.007306 | 0.017544 |   5.691738 |      6 | 0.947583 | 0.600000 | 0.673333 | 0.633333 | 0.666667 |  -0.949973 |      237 |      202 |       35 |   5.691202 |      6 | 0.940643 | 1.503017
1028 | 308100.0 | 308400.0 | 0.007301 | 0.017542 |   5.691202 |      6 | 0.940643 | 0.600000 | 0.733333 | 0.710000 | 0.710000 |   0.000000 |      246 |      220 |       26 |   5.690229 |      6 | 0.940643 | 1.503017
1029 | 308400.0 | 308700.0 | 0.007296 | 0.017539 |   5.690229 |      6 | 0.940643 | 0.600000 | 0.710000 | 0.723333 | 0.723333 |   0.000000 |      242 |      213 |       29 |   5.689426 |      6 | 0.940643 | 1.503017
1030 | 308700.0 | 309000.0 | 0.007292 | 0.017537 |   5.689426 |      6 | 0.940643 | 0.600000 | 0.693333 | 0.696667 | 0.693333 |   0.095037 |      241 |      208 |       33 |   5.688746 |      6 | 0.941336 | 1.485469
1031 | 309000.0 | 309300.0 | 0.007287 | 0.017535 |   5.688746 |      6 | 0.941336 | 0.600000 | 0.660000 | 0.700000 | 0.680000 |   0.570301 |      238 |      198 |       40 |   5.688308 |      6 | 0.945492 | 1.380230
1032 | 309300.0 | 309600.0 | 0.007283 | 0.017532 |   5.688308 |      6 | 0.945492 | 0.600000 | 0.723333 | 0.650000 | 0.650000 |   0.000000 |      244 |      217 |       27 |   5.687410 |      6 | 0.945492 | 1.380230
1033 | 309600.0 | 309900.0 | 0.007278 | 0.017530 |   5.687410 |      6 | 0.945492 | 0.600000 | 0.720000 | 0.660000 | 0.683333 |  -0.665535 |      242 |      216 |       26 |   5.686537 |      6 | 0.940648 | 1.502891
1034 | 309900.0 | 310200.0 | 0.007274 | 0.017527 |   5.686537 |      6 | 0.940648 | 0.600000 | 0.723333 | 0.683333 | 0.673333 |   0.285269 |      245 |      217 |       28 |   5.685640 |      6 | 0.942723 | 1.450347
1035 | 310200.0 | 310500.0 | 0.007269 | 0.017525 |   5.685640 |      6 | 0.942723 | 0.600000 | 0.673333 | 0.726667 | 0.640000 |   2.472672 |      239 |      202 |       37 |   5.685107 |      6 | 0.960698 | 0.995189
1036 | 310500.0 | 310800.0 | 0.007265 | 0.017522 |   5.685107 |      6 | 0.960698 | 0.600000 | 0.666667 | 0.510000 | 0.713333 |  -5.802071 |      235 |      200 |       36 |   5.684622 |      6 | 0.918546 | 2.062550
1037 | 310800.0 | 311100.0 | 0.007261 | 0.017520 |   5.684622 |      6 | 0.918546 | 0.600000 | 0.656667 | 0.683333 | 0.650000 |   0.951291 |      239 |      197 |       41 |   5.684211 |      6 | 0.925453 | 1.887656
1038 | 311100.0 | 311400.0 | 0.007256 | 0.017518 |   5.684211 |      6 | 0.925453 | 0.600000 | 0.653333 | 0.693333 | 0.663333 |   0.856280 |      237 |      196 |       41 |   5.683824 |      6 | 0.931666 | 1.730327
1039 | 311400.0 | 311700.0 | 0.007252 | 0.017515 |   5.683824 |      6 | 0.931666 | 0.600000 | 0.673333 | 0.733333 | 0.673333 |   1.712795 |      240 |      202 |       38 |   5.683292 |      6 | 0.944087 | 1.415819
1040 | 311700.0 | 312000.0 | 0.007247 | 0.017513 |   5.683292 |      6 | 0.944087 | 0.600000 | 0.713333 | 0.710000 | 0.636667 |   2.093705 |      243 |      214 |       29 |   5.682471 |      6 | 0.959260 | 1.031603
1041 | 312000.0 | 312300.0 | 0.007243 | 0.017510 |   5.682471 |      6 | 0.959260 | 0.600000 | 0.690000 | 0.486667 | 0.703333 |  -6.186796 |      237 |      207 |       30 |   5.681819 |      6 | 0.914451 | 2.166246
1042 | 312300.0 | 312600.0 | 0.007238 | 0.017508 |   5.681819 |      6 | 0.914451 | 0.600000 | 0.673333 | 0.710000 | 0.630000 |   2.284669 |      240 |      202 |       38 |   5.681288 |      6 | 0.930988 | 1.747500
1043 | 312600.0 | 312900.0 | 0.007234 | 0.017506 |   5.681288 |      6 | 0.930988 | 0.600000 | 0.640000 | 0.716667 | 0.666667 |   1.428114 |      237 |      192 |       45 |   5.680999 |      6 | 0.941319 | 1.485908
1044 | 312900.0 | 313200.0 | 0.007229 | 0.017503 |   5.680999 |      6 | 0.941319 | 0.600000 | 0.670000 | 0.663333 | 0.670000 |  -0.190441 |      237 |      201 |       37 |   5.680493 |      6 | 0.939942 | 1.520771
1045 | 313200.0 | 313500.0 | 0.007225 | 0.017501 |   5.680493 |      6 | 0.939942 | 0.600000 | 0.690000 | 0.703333 | 0.683333 |   0.571402 |      242 |      207 |       34 |   5.679842 |      6 | 0.944070 | 1.416233
1046 | 313500.0 | 313800.0 | 0.007221 | 0.017498 |   5.679842 |      6 | 0.944070 | 0.600000 | 0.690000 | 0.660000 | 0.643333 |   0.476234 |      241 |      207 |       34 |   5.679193 |      6 | 0.947509 | 1.329160
1047 | 313800.0 | 314100.0 | 0.007216 | 0.017496 |   5.679193 |      6 | 0.947509 | 0.600000 | 0.686667 | 0.706667 | 0.630000 |   2.190976 |      239 |      206 |       34 |   5.678567 |      6 | 0.963320 | 0.928813
1048 | 314100.0 | 314400.0 | 0.007212 | 0.017494 |   5.678567 |      6 | 0.963320 | 0.600000 | 0.693333 | 0.426667 | 0.656667 |  -6.573826 |      236 |      208 |       28 |   5.677894 |      6 | 0.915911 | 2.129285
1049 | 314400.0 | 314700.0 | 0.007207 | 0.017491 |   5.677894 |      6 | 0.915911 | 0.600000 | 0.646667 | 0.676667 | 0.683333 |  -0.190572 |      239 |      194 |       44 |   5.677558 |      6 | 0.914537 | 2.164065
1050 | 314700.0 | 315000.0 | 0.007203 | 0.017489 |   5.677558 |      6 | 0.914537 | 0.600000 | 0.676667 | 0.670000 | 0.646667 |   0.667092 |      239 |      203 |       36 |   5.677005 |      6 | 0.919342 | 2.042393
1051 | 315000.0 | 315300.0 | 0.007199 | 0.017486 |   5.677005 |      6 | 0.919342 | 0.600000 | 0.693333 | 0.706667 | 0.606667 |   2.859355 |      241 |      208 |       33 |   5.676334 |      6 | 0.939926 | 1.521188
1052 | 315300.0 | 315600.0 | 0.007194 | 0.017484 |   5.676334 |      6 | 0.939926 | 0.600000 | 0.673333 | 0.686667 | 0.660000 |   0.762599 |      240 |      202 |       38 |   5.675806 |      6 | 0.945412 | 1.382266
1053 | 315600.0 | 315900.0 | 0.007190 | 0.017482 |   5.675806 |      6 | 0.945412 | 0.600000 | 0.676667 | 0.656667 | 0.623333 |   0.953378 |      239 |      203 |       36 |   5.675255 |      6 | 0.952266 | 1.208695
1054 | 315900.0 | 316200.0 | 0.007185 | 0.017479 |   5.675255 |      6 | 0.952266 | 0.600000 | 0.693333 | 0.606667 | 0.683333 |  -2.193067 |      240 |      208 |       32 |   5.674584 |      6 | 0.936508 | 1.607720
1055 | 316200.0 | 316500.0 | 0.007181 | 0.017477 |   5.674584 |      6 | 0.936508 | 0.600000 | 0.706667 | 0.716667 | 0.673333 |   1.239728 |      243 |      212 |       31 |   5.673818 |      6 | 0.945411 | 1.382290
1056 | 316500.0 | 316800.0 | 0.007177 | 0.017475 |   5.673818 |      6 | 0.945411 | 0.600000 | 0.673333 | 0.643333 | 0.650000 |  -0.190753 |      238 |      202 |       36 |   5.673292 |      6 | 0.944042 | 1.416955
1057 | 316800.0 | 317100.0 | 0.007172 | 0.017472 |   5.673292 |      6 | 0.944042 | 0.600000 | 0.663333 | 0.666667 | 0.653333 |   0.381558 |      239 |      199 |       40 |   5.672838 |      6 | 0.946779 | 1.347657
1058 | 317100.0 | 317400.0 | 0.007168 | 0.017470 |   5.672838 |      6 | 0.946779 | 0.600000 | 0.683333 | 0.693333 | 0.633333 |   1.717245 |      239 |      205 |       34 |   5.672240 |      6 | 0.959088 | 1.035963
1059 | 317400.0 | 317700.0 | 0.007164 | 0.017467 |   5.672240 |      6 | 0.959088 | 0.600000 | 0.706667 | 0.503333 | 0.683333 |  -5.152432 |      241 |      212 |       29 |   5.671476 |      6 | 0.922177 | 1.970608
1060 | 317700.0 | 318000.0 | 0.007159 | 0.017465 |   5.671476 |      6 | 0.922177 | 0.600000 | 0.696667 | 0.710000 | 0.646667 |   1.813138 |      242 |      209 |       33 |   5.670784 |      6 | 0.935158 | 1.641906
1061 | 318000.0 | 318300.0 | 0.007155 | 0.017463 |   5.670784 |      6 | 0.935158 | 0.600000 | 0.696667 | 0.690000 | 0.640000 |   1.431618 |      241 |      209 |       32 |   5.670092 |      6 | 0.945402 | 1.382525
1062 | 318300.0 | 318600.0 | 0.007151 | 0.017460 |   5.670092 |      6 | 0.945402 | 0.600000 | 0.720000 | 0.646667 | 0.703333 |  -1.622719 |      243 |      216 |       28 |   5.669234 |      6 | 0.933798 | 1.676352
1063 | 318600.0 | 318900.0 | 0.007147 | 0.017458 |   5.669234 |      6 | 0.933798 | 0.600000 | 0.693333 | 0.700000 | 0.636667 |   1.813872 |      241 |      208 |       32 |   5.668567 |      6 | 0.946761 | 1.348110
1064 | 318900.0 | 319200.0 | 0.007142 | 0.017456 |   5.668567 |      6 | 0.946761 | 0.600000 | 0.686667 | 0.630000 | 0.680000 |  -1.432197 |      240 |      206 |       35 |   5.667948 |      6 | 0.936532 | 1.607128
1065 | 319200.0 | 319500.0 | 0.007138 | 0.017453 |   5.667948 |      6 | 0.936532 | 0.600000 | 0.686667 | 0.660000 | 0.666667 |  -0.190985 |      242 |      206 |       35 |   5.667330 |      6 | 0.935168 | 1.641647
1066 | 319500.0 | 319800.0 | 0.007134 | 0.017451 |   5.667330 |      6 | 0.935168 | 0.600000 | 0.670000 | 0.626667 | 0.686667 |  -1.719099 |      239 |      201 |       38 |   5.666830 |      6 | 0.922905 | 1.952178
1067 | 319800.0 | 320100.0 | 0.007129 | 0.017449 |   5.666830 |      6 | 0.922905 | 0.600000 | 0.710000 | 0.663333 | 0.660000 |   0.095518 |      244 |      213 |       31 |   5.666046 |      6 | 0.923586 | 1.934935
1068 | 320100.0 | 320400.0 | 0.007125 | 0.017446 |   5.666046 |      6 | 0.923586 | 0.600000 | 0.696667 | 0.686667 | 0.670000 |   0.477656 |      241 |      209 |       32 |   5.665357 |      6 | 0.926989 | 1.848756
1069 | 320400.0 | 320700.0 | 0.007121 | 0.017444 |   5.665357 |      6 | 0.926989 | 0.600000 | 0.683333 | 0.663333 | 0.656667 |   0.191088 |      241 |      205 |       36 |   5.664764 |      6 | 0.928350 | 1.814301
1070 | 320700.0 | 321000.0 | 0.007117 | 0.017442 |   5.664764 |      6 | 0.928350 | 0.600000 | 0.693333 | 0.690000 | 0.666667 |   0.668897 |      242 |      208 |       34 |   5.664100 |      6 | 0.933110 | 1.693763
1071 | 321000.0 | 321300.0 | 0.007112 | 0.017439 |   5.664100 |      6 | 0.933110 | 0.600000 | 0.696667 | 0.673333 | 0.666667 |   0.191139 |      243 |      209 |       34 |   5.663412 |      6 | 0.934470 | 1.659340
1072 | 321300.0 | 321600.0 | 0.007108 | 0.017437 |   5.663412 |      6 | 0.934470 | 0.600000 | 0.676667 | 0.670000 | 0.650000 |   0.573494 |      238 |      203 |       35 |   5.662867 |      6 | 0.938546 | 1.556118
1073 | 321600.0 | 321900.0 | 0.007104 | 0.017435 |   5.662867 |      6 | 0.938546 | 0.600000 | 0.643333 | 0.683333 | 0.690000 |  -0.191190 |      237 |      193 |       44 |   5.662559 |      6 | 0.937188 | 1.590509
1074 | 321900.0 | 322200.0 | 0.007100 | 0.017432 |   5.662559 |      6 | 0.937188 | 0.600000 | 0.716667 | 0.713333 | 0.653333 |   1.720942 |      243 |      215 |       28 |   5.661731 |      6 | 0.949406 | 1.281130
1075 | 322200.0 | 322500.0 | 0.007095 | 0.017430 |   5.661731 |      6 | 0.949406 | 0.600000 | 0.696667 | 0.683333 | 0.650000 |   0.956206 |      241 |      209 |       32 |   5.661045 |      6 | 0.956191 | 1.109332
1076 | 322500.0 | 322800.0 | 0.007091 | 0.017428 |   5.661045 |      6 | 0.956191 | 0.600000 | 0.700000 | 0.560000 | 0.680000 |  -3.442802 |      240 |      210 |       30 |   5.660336 |      6 | 0.931777 | 1.727519
1077 | 322800.0 | 323100.0 | 0.007087 | 0.017425 |   5.660336 |      6 | 0.931777 | 0.600000 | 0.623333 | 0.633333 | 0.620000 |   0.382584 |      234 |      187 |       47 |   5.660171 |      6 | 0.934489 | 1.658863
1078 | 323100.0 | 323400.0 | 0.007083 | 0.017423 |   5.660171 |      6 | 0.934489 | 0.600000 | 0.723333 | 0.733333 | 0.666667 |   1.913177 |      245 |      217 |       28 |   5.659297 |      6 | 0.948039 | 1.315743
1079 | 323400.0 | 323700.0 | 0.007078 | 0.017421 |   5.659297 |      6 | 0.948039 | 0.600000 | 0.660000 | 0.706667 | 0.703333 |   0.095672 |      238 |      198 |       40 |   5.658873 |      6 | 0.948716 | 1.298595
1080 | 323700.0 | 324000.0 | 0.007074 | 0.017418 |   5.658873 |      6 | 0.948716 | 0.600000 | 0.723333 | 0.700000 | 0.646667 |   1.530948 |      244 |      217 |       27 |   5.658000 |      6 | 0.959547 | 1.024351
1081 | 324000.0 | 324300.0 | 0.007070 | 0.017416 |   5.658000 |      6 | 0.959547 | 0.600000 | 0.723333 | 0.516667 | 0.713333 |  -5.646121 |      240 |      217 |       23 |   5.657128 |      6 | 0.919628 | 2.035159
1082 | 324300.0 | 324600.0 | 0.007066 | 0.017414 |   5.657128 |      6 | 0.919628 | 0.600000 | 0.680000 | 0.706667 | 0.673333 |   0.957096 |      241 |      204 |       37 |   5.656563 |      6 | 0.926391 | 1.863914
1083 | 324600.0 | 324900.0 | 0.007062 | 0.017411 |   5.656563 |      6 | 0.926391 | 0.600000 | 0.703333 | 0.643333 | 0.666667 |  -0.670056 |      242 |      211 |       31 |   5.655833 |      6 | 0.921659 | 1.983730
1084 | 324900.0 | 325200.0 | 0.007058 | 0.017409 |   5.655833 |      6 | 0.921659 | 0.600000 | 0.696667 | 0.663333 | 0.663333 |   0.000000 |      242 |      209 |       33 |   5.655151 |      6 | 0.921659 | 1.983730
1085 | 325200.0 | 325500.0 | 0.007053 | 0.017407 |   5.655151 |      6 | 0.921659 | 0.600000 | 0.700000 | 0.663333 | 0.680000 |  -0.478738 |      242 |      210 |       32 |   5.654445 |      6 | 0.918282 | 2.069235
1086 | 325500.0 | 325800.0 | 0.007049 | 0.017405 |   5.654445 |      6 | 0.918282 | 0.600000 | 0.633333 | 0.670000 | 0.636667 |   0.957603 |      237 |      190 |       47 |   5.654211 |      6 | 0.925033 | 1.898304
1087 | 325800.0 | 326100.0 | 0.007045 | 0.017402 |   5.654211 |      6 | 0.925033 | 0.600000 | 0.680000 | 0.663333 | 0.656667 |   0.191546 |      240 |      204 |       36 |   5.653647 |      6 | 0.926382 | 1.864134
1088 | 326100.0 | 326400.0 | 0.007041 | 0.017400 |   5.653647 |      6 | 0.926382 | 0.600000 | 0.713333 | 0.670000 | 0.623333 |   1.340998 |      244 |      214 |       30 |   5.652849 |      6 | 0.935824 | 1.625050
1089 | 326400.0 | 326700.0 | 0.007037 | 0.017398 |   5.652849 |      6 | 0.935824 | 0.600000 | 0.713333 | 0.666667 | 0.686667 |  -0.574789 |      244 |      214 |       30 |   5.652051 |      6 | 0.931779 | 1.727468
1090 | 326700.0 | 327000.0 | 0.007033 | 0.017395 |   5.652051 |      6 | 0.931779 | 0.600000 | 0.650000 | 0.703333 | 0.673333 |   0.862297 |      236 |      195 |       41 |   5.651700 |      6 | 0.937843 | 1.573912
1091 | 327000.0 | 327300.0 | 0.007028 | 0.017393 |   5.651700 |      6 | 0.937843 | 0.600000 | 0.660000 | 0.716667 | 0.670000 |   1.341528 |      238 |      198 |       40 |   5.651278 |      6 | 0.947272 | 1.335155
1092 | 327300.0 | 327600.0 | 0.007024 | 0.017391 |   5.651278 |      6 | 0.947272 | 0.600000 | 0.683333 | 0.713333 | 0.700000 |   0.383344 |      241 |      205 |       36 |   5.650693 |      6 | 0.949965 | 1.266970
1093 | 327600.0 | 327900.0 | 0.007020 | 0.017389 |   5.650693 |      6 | 0.949965 | 0.600000 | 0.703333 | 0.640000 | 0.666667 |  -0.766789 |      240 |      211 |       29 |   5.649967 |      6 | 0.944582 | 1.403278
1094 | 327900.0 | 328200.0 | 0.007016 | 0.017386 |   5.649967 |      6 | 0.944582 | 0.600000 | 0.713333 | 0.700000 | 0.656667 |   1.246195 |      244 |      214 |       30 |   5.649172 |      6 | 0.953325 | 1.181879
1095 | 328200.0 | 328500.0 | 0.007012 | 0.017384 |   5.649172 |      6 | 0.953325 | 0.600000 | 0.723333 | 0.636667 | 0.620000 |   0.479369 |      242 |      217 |       25 |   5.648307 |      6 | 0.956687 | 1.096764
1096 | 328500.0 | 328800.0 | 0.007008 | 0.017382 |   5.648307 |      6 | 0.956687 | 0.600000 | 0.650000 | 0.563333 | 0.680000 |  -3.356020 |      234 |      195 |       39 |   5.647957 |      6 | 0.933168 | 1.692297
1097 | 328800.0 | 329100.0 | 0.007004 | 0.017379 |   5.647957 |      6 | 0.933168 | 0.600000 | 0.673333 | 0.673333 | 0.633333 |   1.150786 |      239 |      202 |       37 |   5.647443 |      6 | 0.941228 | 1.488207
1098 | 329100.0 | 329400.0 | 0.007000 | 0.017377 |   5.647443 |      6 | 0.941228 | 0.600000 | 0.713333 | 0.640000 | 0.686667 |  -1.342759 |      244 |      214 |       30 |   5.646650 |      6 | 0.931829 | 1.726204
1099 | 329400.0 | 329700.0 | 0.006996 | 0.017375 |   5.646650 |      6 | 0.931829 | 0.600000 | 0.690000 | 0.686667 | 0.673333 |   0.383696 |      241 |      207 |       34 |   5.646020 |      6 | 0.934513 | 1.658236
1100 | 329700.0 | 330000.0 | 0.006992 | 0.017373 |   5.646020 |      6 | 0.934513 | 0.600000 | 0.653333 | 0.680000 | 0.656667 |   0.671555 |      238 |      196 |       42 |   5.645648 |      6 | 0.939209 | 1.539345
1101 | 330000.0 | 330300.0 | 0.006987 | 0.017370 |   5.645648 |      6 | 0.939209 | 0.600000 | 0.680000 | 0.723333 | 0.690000 |   0.959489 |      239 |      204 |       35 |   5.645089 |      6 | 0.945913 | 1.369578
1102 | 330300.0 | 330600.0 | 0.006983 | 0.017368 |   5.645089 |      6 | 0.945913 | 0.600000 | 0.716667 | 0.683333 | 0.676667 |   0.191923 |      243 |      215 |       28 |   5.644274 |      6 | 0.947253 | 1.335640
1103 | 330600.0 | 330900.0 | 0.006979 | 0.017366 |   5.644274 |      6 | 0.947253 | 0.600000 | 0.730000 | 0.673333 | 0.683333 |  -0.287922 |      245 |      219 |       26 |   5.643366 |      6 | 0.945244 | 1.386524
1104 | 330900.0 | 331200.0 | 0.006975 | 0.017364 |   5.643366 |      6 | 0.945244 | 0.600000 | 0.703333 | 0.696667 | 0.670000 |   0.767891 |      241 |      211 |       30 |   5.642646 |      6 | 0.950600 | 1.250895
1105 | 331200.0 | 331500.0 | 0.006971 | 0.017361 |   5.642646 |      6 | 0.950600 | 0.600000 | 0.690000 | 0.696667 | 0.730000 |  -0.959989 |      241 |      207 |       35 |   5.642018 |      6 | 0.943908 | 1.420355
1106 | 331500.0 | 331800.0 | 0.006967 | 0.017359 |   5.642018 |      6 | 0.943908 | 0.600000 | 0.640000 | 0.673333 | 0.650000 |   0.672079 |      236 |      192 |       43 |   5.641740 |      6 | 0.948590 | 1.301786
1107 | 331800.0 | 332100.0 | 0.006963 | 0.017357 |   5.641740 |      6 | 0.948590 | 0.600000 | 0.680000 | 0.680000 | 0.633333 |   1.344333 |      239 |      204 |       36 |   5.641183 |      6 | 0.957951 | 1.064755
1108 | 332100.0 | 332400.0 | 0.006959 | 0.017355 |   5.641183 |      6 | 0.957951 | 0.600000 | 0.610000 | 0.540000 | 0.703333 |  -4.705774 |      230 |      183 |       46 |   5.641113 |      6 | 0.925203 | 1.893990
1109 | 332400.0 | 332700.0 | 0.006955 | 0.017352 |   5.641113 |      6 | 0.925203 | 0.600000 | 0.736667 | 0.696667 | 0.630000 |   1.920973 |      245 |      221 |       24 |   5.640162 |      6 | 0.938563 | 1.555679
1110 | 332700.0 | 333000.0 | 0.006951 | 0.017350 |   5.640162 |      6 | 0.938563 | 0.600000 | 0.753333 | 0.693333 | 0.693333 |   0.000000 |      248 |      226 |       22 |   5.639097 |      6 | 0.938563 | 1.555679
1111 | 333000.0 | 333300.0 | 0.006947 | 0.017348 |   5.639097 |      6 | 0.938563 | 0.600000 | 0.723333 | 0.690000 | 0.653333 |   1.056808 |      243 |      217 |       26 |   5.638240 |      6 | 0.945905 | 1.369775
1112 | 333300.0 | 333600.0 | 0.006943 | 0.017346 |   5.638240 |      6 | 0.945905 | 0.600000 | 0.686667 | 0.680000 | 0.696667 |  -0.480430 |      241 |      206 |       35 |   5.637638 |      6 | 0.942569 | 1.454239
1113 | 333600.0 | 333900.0 | 0.006939 | 0.017343 |   5.637638 |      6 | 0.942569 | 0.600000 | 0.726667 | 0.676667 | 0.670000 |   0.192197 |      245 |      218 |       27 |   5.636759 |      6 | 0.943903 | 1.420469
1114 | 333900.0 | 334200.0 | 0.006935 | 0.017341 |   5.636759 |      6 | 0.943903 | 0.600000 | 0.663333 | 0.620000 | 0.663333 |  -1.249439 |      237 |      199 |       38 |   5.636320 |      6 | 0.935238 | 1.639878
1115 | 334200.0 | 334500.0 | 0.006931 | 0.017339 |   5.636320 |      6 | 0.935238 | 0.600000 | 0.686667 | 0.670000 | 0.703333 |  -0.961231 |      242 |      206 |       36 |   5.635719 |      6 | 0.928576 | 1.808579
1116 | 334500.0 | 334800.0 | 0.006927 | 0.017337 |   5.635719 |      6 | 0.928576 | 0.600000 | 0.686667 | 0.636667 | 0.670000 |  -0.961354 |      241 |      206 |       35 |   5.635119 |      6 | 0.921917 | 1.977204
1117 | 334800.0 | 335100.0 | 0.006923 | 0.017334 |   5.635119 |      6 | 0.921917 | 0.600000 | 0.636667 | 0.716667 | 0.700000 |   0.480739 |      236 |      191 |       45 |   5.634865 |      6 | 0.925245 | 1.892929
1118 | 335100.0 | 335400.0 | 0.006919 | 0.017332 |   5.634865 |      6 | 0.925245 | 0.600000 | 0.690000 | 0.683333 | 0.643333 |   1.153922 |      242 |      207 |       35 |   5.634242 |      6 | 0.933229 | 1.690759
1119 | 335400.0 | 335700.0 | 0.006915 | 0.017330 |   5.634242 |      6 | 0.933229 | 0.600000 | 0.673333 | 0.680000 | 0.653333 |   0.769380 |      238 |      202 |       36 |   5.633735 |      6 | 0.938549 | 1.556040
1120 | 335700.0 | 336000.0 | 0.006911 | 0.017328 |   5.633735 |      6 | 0.938549 | 0.600000 | 0.703333 | 0.726667 | 0.673333 |   1.538957 |      243 |      211 |       32 |   5.633021 |      6 | 0.949185 | 1.286720
1121 | 336000.0 | 336300.0 | 0.006907 | 0.017326 |   5.633021 |      6 | 0.949185 | 0.600000 | 0.723333 | 0.676667 | 0.636667 |   1.154366 |      244 |      217 |       27 |   5.632169 |      6 | 0.957159 | 1.084820
1122 | 336300.0 | 336600.0 | 0.006903 | 0.017323 |   5.632169 |      6 | 0.957159 | 0.600000 | 0.730000 | 0.540000 | 0.666667 |  -3.655960 |      242 |      219 |       23 |   5.631272 |      6 | 0.931921 | 1.723885
1123 | 336600.0 | 336900.0 | 0.006899 | 0.017321 |   5.631272 |      6 | 0.931921 | 0.600000 | 0.673333 | 0.710000 | 0.690000 |   0.577331 |      239 |      202 |       37 |   5.630766 |      6 | 0.935904 | 1.623025
1124 | 336900.0 | 337200.0 | 0.006895 | 0.017319 |   5.630766 |      6 | 0.935904 | 0.600000 | 0.666667 | 0.673333 | 0.640000 |   0.962341 |      240 |      200 |       40 |   5.630306 |      6 | 0.942539 | 1.454999
1125 | 337200.0 | 337500.0 | 0.006891 | 0.017317 |   5.630306 |      6 | 0.942539 | 0.600000 | 0.716667 | 0.650000 | 0.626667 |   0.673725 |      244 |      215 |       29 |   5.629502 |      6 | 0.947182 | 1.337434
1126 | 337500.0 | 337800.0 | 0.006887 | 0.017314 |   5.629502 |      6 | 0.947182 | 0.600000 | 0.693333 | 0.673333 | 0.703333 |  -0.866328 |      240 |      208 |       32 |   5.628859 |      6 | 0.941216 | 1.488523
1127 | 337800.0 | 338100.0 | 0.006883 | 0.017312 |   5.628859 |      6 | 0.941216 | 0.600000 | 0.676667 | 0.640000 | 0.703333 |  -1.829148 |      238 |      203 |       35 |   5.628332 |      6 | 0.928625 | 1.807346
1128 | 338100.0 | 338400.0 | 0.006880 | 0.017310 |   5.628332 |      6 | 0.928625 | 0.600000 | 0.696667 | 0.736667 | 0.730000 |   0.192566 |      243 |      209 |       34 |   5.627667 |      6 | 0.929949 | 1.773801
1129 | 338400.0 | 338700.0 | 0.006876 | 0.017308 |   5.627667 |      6 | 0.929949 | 0.600000 | 0.716667 | 0.666667 | 0.686667 |  -0.577773 |      244 |      215 |       29 |   5.626864 |      6 | 0.925977 | 1.874393
1130 | 338700.0 | 339000.0 | 0.006872 | 0.017306 |   5.626864 |      6 | 0.925977 | 0.600000 | 0.683333 | 0.680000 | 0.633333 |   1.348308 |      241 |      205 |       36 |   5.626292 |      6 | 0.935242 | 1.639782
1131 | 339000.0 | 339300.0 | 0.006868 | 0.017303 |   5.626292 |      6 | 0.935242 | 0.600000 | 0.690000 | 0.673333 | 0.680000 |  -0.192640 |      241 |      207 |       34 |   5.625674 |      6 | 0.933919 | 1.673283
1132 | 339300.0 | 339600.0 | 0.006864 | 0.017301 |   5.625674 |      6 | 0.933919 | 0.600000 | 0.683333 | 0.666667 | 0.660000 |   0.192664 |      241 |      205 |       36 |   5.625102 |      6 | 0.935241 | 1.639797
1133 | 339600.0 | 339900.0 | 0.006860 | 0.017299 |   5.625102 |      6 | 0.935241 | 0.600000 | 0.653333 | 0.723333 | 0.666667 |   1.637855 |      237 |      196 |       41 |   5.624736 |      6 | 0.946477 | 1.355289
1134 | 339900.0 | 340200.0 | 0.006856 | 0.017297 |   5.624736 |      6 | 0.946477 | 0.600000 | 0.723333 | 0.640000 | 0.683333 |  -1.252636 |      243 |      217 |       26 |   5.623890 |      6 | 0.937889 | 1.572758
1135 | 340200.0 | 340500.0 | 0.006852 | 0.017295 |   5.623890 |      6 | 0.937889 | 0.600000 | 0.643333 | 0.673333 | 0.633333 |   1.156426 |      238 |      193 |       45 |   5.623593 |      6 | 0.945813 | 1.372105
1136 | 340500.0 | 340800.0 | 0.006848 | 0.017292 |   5.623593 |      6 | 0.945813 | 0.600000 | 0.716667 | 0.683333 | 0.663333 |   0.578286 |      243 |      215 |       28 |   5.622794 |      6 | 0.949773 | 1.271823
1137 | 340800.0 | 341100.0 | 0.006844 | 0.017290 |   5.622794 |      6 | 0.949773 | 0.600000 | 0.686667 | 0.666667 | 0.660000 |   0.192786 |      239 |      206 |       33 |   5.622201 |      6 | 0.951093 | 1.238411
1138 | 341100.0 | 341400.0 | 0.006841 | 0.017288 |   5.622201 |      6 | 0.951093 | 0.600000 | 0.696667 | 0.660000 | 0.680000 |  -0.578432 |      241 |      209 |       32 |   5.621540 |      6 | 0.947136 | 1.338605
1139 | 341400.0 | 341700.0 | 0.006837 | 0.017286 |   5.621540 |      6 | 0.947136 | 0.600000 | 0.680000 | 0.673333 | 0.686667 |  -0.385670 |      238 |      204 |       34 |   5.620993 |      6 | 0.944499 | 1.405371
1140 | 341700.0 | 342000.0 | 0.006833 | 0.017284 |   5.620993 |      6 | 0.944499 | 0.600000 | 0.703333 | 0.690000 | 0.720000 |  -0.867867 |      242 |      211 |       31 |   5.620287 |      6 | 0.938569 | 1.555530
1141 | 342000.0 | 342300.0 | 0.006829 | 0.017282 |   5.620287 |      6 | 0.938569 | 0.600000 | 0.710000 | 0.713333 | 0.676667 |   1.060860 |      243 |      213 |       30 |   5.619536 |      6 | 0.945814 | 1.372083
1142 | 342300.0 | 342600.0 | 0.006825 | 0.017279 |   5.619536 |      6 | 0.945814 | 0.600000 | 0.660000 | 0.690000 | 0.646667 |   1.253902 |      237 |      198 |       39 |   5.619126 |      6 | 0.954372 | 1.155377
1143 | 342600.0 | 342900.0 | 0.006821 | 0.017277 |   5.619126 |      6 | 0.954372 | 0.600000 | 0.700000 | 0.623333 | 0.673333 |  -1.446992 |      241 |      210 |       31 |   5.618444 |      6 | 0.944502 | 1.405313
1144 | 342900.0 | 343200.0 | 0.006818 | 0.017275 |   5.618444 |      6 | 0.944502 | 0.600000 | 0.700000 | 0.693333 | 0.683333 |   0.289435 |      242 |      210 |       32 |   5.617762 |      6 | 0.946475 | 1.355348
1145 | 343200.0 | 343500.0 | 0.006814 | 0.017273 |   5.617762 |      6 | 0.946475 | 0.600000 | 0.726667 | 0.690000 | 0.690000 |   0.000000 |      243 |      218 |       25 |   5.616899 |      6 | 0.946475 | 1.355348
1146 | 343500.0 | 343800.0 | 0.006810 | 0.017271 |   5.616899 |      6 | 0.946475 | 0.600000 | 0.706667 | 0.630000 | 0.680000 |  -1.447537 |      243 |      212 |       31 |   5.616173 |      6 | 0.936617 | 1.604957
1147 | 343800.0 | 344100.0 | 0.006806 | 0.017269 |   5.616173 |      6 | 0.936617 | 0.600000 | 0.690000 | 0.646667 | 0.620000 |   0.772117 |      241 |      207 |       34 |   5.615560 |      6 | 0.941872 | 1.471890
1148 | 344100.0 | 344400.0 | 0.006802 | 0.017266 |   5.615560 |      6 | 0.941872 | 0.600000 | 0.693333 | 0.680000 | 0.650000 |   0.868740 |      241 |      208 |       33 |   5.614925 |      6 | 0.947782 | 1.322255
1149 | 344400.0 | 344700.0 | 0.006798 | 0.017264 |   5.614925 |      6 | 0.947782 | 0.600000 | 0.740000 | 0.676667 | 0.696667 |  -0.579232 |      245 |      222 |       23 |   5.613974 |      6 | 0.943844 | 1.421968
1150 | 344700.0 | 345000.0 | 0.006795 | 0.017262 |   5.613974 |      6 | 0.943844 | 0.600000 | 0.706667 | 0.663333 | 0.640000 |   0.675856 |      243 |      212 |       31 |   5.613249 |      6 | 0.948436 | 1.305687
1151 | 345000.0 | 345300.0 | 0.006791 | 0.017260 |   5.613249 |      6 | 0.948436 | 0.600000 | 0.710000 | 0.646667 | 0.666667 |  -0.579377 |      241 |      213 |       28 |   5.612502 |      6 | 0.944502 | 1.405313
1152 | 345300.0 | 345600.0 | 0.006787 | 0.017258 |   5.612502 |      6 | 0.944502 | 0.600000 | 0.670000 | 0.660000 | 0.673333 |  -0.386300 |      239 |      201 |       38 |   5.612027 |      6 | 0.941880 | 1.471702
1153 | 345600.0 | 345900.0 | 0.006783 | 0.017256 |   5.612027 |      6 | 0.941880 | 0.600000 | 0.720000 | 0.686667 | 0.670000 |   0.482935 |      244 |      216 |       28 |   5.611213 |      6 | 0.945156 | 1.388752
1154 | 345900.0 | 346200.0 | 0.006779 | 0.017253 |   5.611213 |      6 | 0.945156 | 0.600000 | 0.673333 | 0.706667 | 0.660000 |   1.352386 |      238 |      202 |       36 |   5.610716 |      6 | 0.954324 | 1.156593
1155 | 346200.0 | 346500.0 | 0.006776 | 0.017251 |   5.610716 |      6 | 0.954324 | 0.600000 | 0.716667 | 0.613333 | 0.696667 |  -2.415276 |      241 |      215 |       26 |   5.609925 |      6 | 0.937959 | 1.570983
1156 | 346500.0 | 346800.0 | 0.006772 | 0.017249 |   5.609925 |      6 | 0.937959 | 0.600000 | 0.676667 | 0.686667 | 0.630000 |   1.642592 |      241 |      203 |       38 |   5.609406 |      6 | 0.949082 | 1.289320
1157 | 346800.0 | 347100.0 | 0.006768 | 0.017247 |   5.609406 |      6 | 0.949082 | 0.600000 | 0.713333 | 0.643333 | 0.646667 |  -0.096635 |      242 |      214 |       28 |   5.608639 |      6 | 0.948428 | 1.305881
1158 | 347100.0 | 347400.0 | 0.006764 | 0.017245 |   5.608639 |      6 | 0.948428 | 0.600000 | 0.636667 | 0.643333 | 0.660000 |  -0.483235 |      236 |      191 |       45 |   5.608391 |      6 | 0.945160 | 1.388652
1159 | 347400.0 | 347700.0 | 0.006761 | 0.017243 |   5.608391 |      6 | 0.945160 | 0.600000 | 0.680000 | 0.683333 | 0.646667 |   1.063250 |      239 |      204 |       35 |   5.607850 |      6 | 0.952348 | 1.206635
1160 | 347700.0 | 348000.0 | 0.006757 | 0.017241 |   5.607850 |      6 | 0.952348 | 0.600000 | 0.683333 | 0.623333 | 0.713333 |  -2.610119 |      238 |      205 |       33 |   5.607287 |      6 | 0.934712 | 1.653210
1161 | 348000.0 | 348300.0 | 0.006753 | 0.017238 |   5.607287 |      6 | 0.934712 | 0.600000 | 0.686667 | 0.696667 | 0.726667 |  -0.870147 |      241 |      206 |       35 |   5.606702 |      6 | 0.928836 | 1.802004
1162 | 348300.0 | 348600.0 | 0.006749 | 0.017236 |   5.606702 |      6 | 0.928836 | 0.600000 | 0.680000 | 0.693333 | 0.643333 |   1.450425 |      240 |      204 |       36 |   5.606162 |      6 | 0.938625 | 1.554121
1163 | 348600.0 | 348900.0 | 0.006746 | 0.017234 |   5.606162 |      6 | 0.938625 | 0.600000 | 0.713333 | 0.693333 | 0.643333 |   1.450605 |      243 |      214 |       29 |   5.605397 |      6 | 0.948410 | 1.306344
1164 | 348900.0 | 349200.0 | 0.006742 | 0.017232 |   5.605397 |      6 | 0.948410 | 0.600000 | 0.690000 | 0.666667 | 0.716667 |  -1.450784 |      240 |      207 |       33 |   5.604791 |      6 | 0.938629 | 1.554014
1165 | 349200.0 | 349500.0 | 0.006738 | 0.017230 |   5.604791 |      6 | 0.938629 | 0.600000 | 0.710000 | 0.700000 | 0.663333 |   1.064040 |      244 |      213 |       31 |   5.604049 |      6 | 0.945799 | 1.372468
1166 | 349500.0 | 349800.0 | 0.006734 | 0.017228 |   5.604049 |      6 | 0.945799 | 0.600000 | 0.723333 | 0.643333 | 0.670000 |  -0.773943 |      243 |      217 |       26 |   5.603219 |      6 | 0.940587 | 1.504445
1167 | 349800.0 | 350100.0 | 0.006731 | 0.017226 |   5.603219 |      6 | 0.940587 | 0.600000 | 0.686667 | 0.686667 | 0.696667 |  -0.290264 |      242 |      206 |       36 |   5.602635 |      6 | 0.938633 | 1.553915
1168 | 350100.0 | 350400.0 | 0.006727 | 0.017224 |   5.602635 |      6 | 0.938633 | 0.600000 | 0.726667 | 0.663333 | 0.676667 |  -0.387067 |      243 |      218 |       25 |   5.601783 |      6 | 0.936029 | 1.619847
1169 | 350400.0 | 350700.0 | 0.006723 | 0.017221 |   5.601783 |      6 | 0.936029 | 0.600000 | 0.700000 | 0.700000 | 0.680000 |   0.580672 |      242 |      210 |       32 |   5.601111 |      6 | 0.939933 | 1.520991
1170 | 350700.0 | 351000.0 | 0.006720 | 0.017219 |   5.601111 |      6 | 0.939933 | 0.600000 | 0.693333 | 0.660000 | 0.683333 |  -0.677533 |      241 |      208 |       33 |   5.600484 |      6 | 0.935381 | 1.636273
1171 | 351000.0 | 351300.0 | 0.006716 | 0.017217 |   5.600484 |      6 | 0.935381 | 0.600000 | 0.680000 | 0.640000 | 0.636667 |   0.096802 |      241 |      204 |       37 |   5.599947 |      6 | 0.936031 | 1.619811
1172 | 351300.0 | 351600.0 | 0.006712 | 0.017215 |   5.599947 |      6 | 0.936031 | 0.600000 | 0.670000 | 0.676667 | 0.670000 |   0.193629 |      239 |      201 |       38 |   5.599477 |      6 | 0.937330 | 1.586902
1173 | 351600.0 | 351900.0 | 0.006708 | 0.017213 |   5.599477 |      6 | 0.937330 | 0.600000 | 0.716667 | 0.690000 | 0.640000 |   1.452392 |      243 |      215 |       28 |   5.598694 |      6 | 0.947074 | 1.340186
1174 | 351900.0 | 352200.0 | 0.006705 | 0.017211 |   5.598694 |      6 | 0.947074 | 0.600000 | 0.693333 | 0.683333 | 0.660000 |   0.677866 |      241 |      208 |       33 |   5.598068 |      6 | 0.951619 | 1.225101
1175 | 352200.0 | 352500.0 | 0.006701 | 0.017209 |   5.598068 |      6 | 0.951619 | 0.600000 | 0.693333 | 0.636667 | 0.666667 |  -0.871649 |      241 |      208 |       33 |   5.597443 |      6 | 0.945778 | 1.373004
1176 | 352500.0 | 352800.0 | 0.006697 | 0.017207 |   5.597443 |      6 | 0.945778 | 0.600000 | 0.690000 | 0.646667 | 0.686667 |  -1.162341 |      240 |      207 |       33 |   5.596840 |      6 | 0.937993 | 1.570125
1177 | 352800.0 | 353100.0 | 0.006694 | 0.017205 |   5.596840 |      6 | 0.937993 | 0.600000 | 0.623333 | 0.680000 | 0.653333 |   0.774989 |      233 |      187 |       46 |   5.596684 |      6 | 0.943181 | 1.438767
1178 | 353100.0 | 353400.0 | 0.006690 | 0.017202 |   5.596684 |      6 | 0.943181 | 0.600000 | 0.640000 | 0.663333 | 0.653333 |   0.290656 |      236 |      192 |       44 |   5.596416 |      6 | 0.945125 | 1.389529
1179 | 353400.0 | 353700.0 | 0.006686 | 0.017200 |   5.596416 |      6 | 0.945125 | 0.600000 | 0.746667 | 0.656667 | 0.653333 |   0.096897 |      246 |      224 |       22 |   5.595436 |      6 | 0.945773 | 1.373123
1180 | 353700.0 | 354000.0 | 0.006683 | 0.017198 |   5.595436 |      6 | 0.945773 | 0.600000 | 0.700000 | 0.663333 | 0.686667 |  -0.678364 |      242 |      210 |       32 |   5.594767 |      6 | 0.941240 | 1.487914
1181 | 354000.0 | 354300.0 | 0.006679 | 0.017196 |   5.594767 |      6 | 0.941240 | 0.600000 | 0.730000 | 0.656667 | 0.690000 |  -0.969209 |      245 |      219 |       26 |   5.593899 |      6 | 0.934766 | 1.651832
1182 | 354300.0 | 354600.0 | 0.006675 | 0.017194 |   5.593899 |      6 | 0.934766 | 0.600000 | 0.700000 | 0.646667 | 0.666667 |  -0.581596 |      241 |      210 |       31 |   5.593232 |      6 | 0.930884 | 1.750141
1183 | 354600.0 | 354900.0 | 0.006672 | 0.017192 |   5.593232 |      6 | 0.930884 | 0.600000 | 0.700000 | 0.663333 | 0.673333 |  -0.290834 |      243 |      210 |       33 |   5.592564 |      6 | 0.928943 | 1.799275
1184 | 354900.0 | 355200.0 | 0.006668 | 0.017190 |   5.592564 |      6 | 0.928943 | 0.600000 | 0.736667 | 0.670000 | 0.686667 |  -0.484781 |      245 |      221 |       24 |   5.591653 |      6 | 0.925711 | 1.881130
1185 | 355200.0 | 355500.0 | 0.006665 | 0.017188 |   5.591653 |      6 | 0.925711 | 0.600000 | 0.660000 | 0.646667 | 0.700000 |  -1.551489 |      239 |      198 |       41 |   5.591253 |      6 | 0.915371 | 2.142954
1186 | 355500.0 | 355800.0 | 0.006661 | 0.017186 |   5.591253 |      6 | 0.915371 | 0.600000 | 0.653333 | 0.713333 | 0.643333 |   2.036577 |      238 |      196 |       42 |   5.590898 |      6 | 0.928936 | 1.799455
1187 | 355800.0 | 356100.0 | 0.006657 | 0.017184 |   5.590898 |      6 | 0.928936 | 0.600000 | 0.720000 | 0.643333 | 0.640000 |   0.096992 |      245 |      216 |       29 |   5.590099 |      6 | 0.929582 | 1.783105
1188 | 356100.0 | 356400.0 | 0.006654 | 0.017182 |   5.590099 |      6 | 0.929582 | 0.600000 | 0.683333 | 0.710000 | 0.710000 |   0.000000 |      240 |      205 |       35 |   5.589545 |      6 | 0.929582 | 1.783105
1189 | 356400.0 | 356700.0 | 0.006650 | 0.017179 |   5.589545 |      6 | 0.929582 | 0.600000 | 0.666667 | 0.693333 | 0.676667 |   0.485076 |      240 |      200 |       40 |   5.589101 |      6 | 0.932808 | 1.701423
1190 | 356700.0 | 357000.0 | 0.006646 | 0.017177 |   5.589101 |      6 | 0.932808 | 0.600000 | 0.706667 | 0.710000 | 0.656667 |   1.552430 |      243 |      212 |       31 |   5.588392 |      6 | 0.943126 | 1.440151
1191 | 357000.0 | 357300.0 | 0.006643 | 0.017175 |   5.588392 |      6 | 0.943126 | 0.600000 | 0.680000 | 0.716667 | 0.660000 |   1.649656 |      239 |      204 |       35 |   5.587861 |      6 | 0.954084 | 1.162667
1192 | 357300.0 | 357600.0 | 0.006639 | 0.017173 |   5.587861 |      6 | 0.954084 | 0.600000 | 0.720000 | 0.580000 | 0.640000 |  -1.746906 |      241 |      216 |       26 |   5.587064 |      6 | 0.942486 | 1.456350
1193 | 357600.0 | 357900.0 | 0.006636 | 0.017171 |   5.587064 |      6 | 0.942486 | 0.600000 | 0.663333 | 0.676667 | 0.676667 |   0.000000 |      239 |      199 |       39 |   5.586644 |      6 | 0.942486 | 1.456350
1194 | 357900.0 | 358200.0 | 0.006632 | 0.017169 |   5.586644 |      6 | 0.942486 | 0.600000 | 0.680000 | 0.683333 | 0.673333 |   0.291221 |      240 |      204 |       36 |   5.586113 |      6 | 0.944418 | 1.407444
1195 | 358200.0 | 358500.0 | 0.006628 | 0.017167 |   5.586113 |      6 | 0.944418 | 0.600000 | 0.646667 | 0.616667 | 0.663333 |  -1.359196 |      236 |      194 |       42 |   5.585804 |      6 | 0.935408 | 1.635576
1196 | 358500.0 | 358800.0 | 0.006625 | 0.017165 |   5.585804 |      6 | 0.935408 | 0.600000 | 0.680000 | 0.710000 | 0.680000 |   0.873874 |      241 |      204 |       37 |   5.585274 |      6 | 0.941197 | 1.488981
1197 | 358800.0 | 359100.0 | 0.006621 | 0.017163 |   5.585274 |      6 | 0.941197 | 0.600000 | 0.656667 | 0.730000 | 0.696667 |   0.971088 |      238 |      197 |       41 |   5.584899 |      6 | 0.947627 | 1.326167
1198 | 359100.0 | 359400.0 | 0.006618 | 0.017161 |   5.584899 |      6 | 0.947627 | 0.600000 | 0.690000 | 0.643333 | 0.663333 |  -0.582723 |      239 |      207 |       32 |   5.584303 |      6 | 0.943771 | 1.423815
1199 | 359400.0 | 359700.0 | 0.006614 | 0.017159 |   5.584303 |      6 | 0.943771 | 0.600000 | 0.703333 | 0.696667 | 0.653333 |   1.262718 |      242 |      211 |       31 |   5.583620 |      6 | 0.952123 | 1.212333
1200 | 359700.0 | 360000.0 | 0.006611 | 0.017157 |   5.583620 |      6 | 0.952123 | 0.600000 | 0.723333 | 0.566667 | 0.660000 |  -2.720027 |      242 |      217 |       25 |   5.582805 |      6 | 0.934142 | 1.667641
1201 | 360000.0 | 360300.0 | 0.006607 | 0.017155 |   5.582805 |      6 | 0.934142 | 0.600000 | 0.700000 | 0.703333 | 0.676667 |   0.777244 |      243 |      210 |       33 |   5.582144 |      6 | 0.939277 | 1.537608
1202 | 360300.0 | 360600.0 | 0.006603 | 0.017153 |   5.582144 |      6 | 0.939277 | 0.600000 | 0.713333 | 0.666667 | 0.700000 |  -0.971671 |      243 |      214 |       29 |   5.581395 |      6 | 0.932861 | 1.700082
1203 | 360600.0 | 360900.0 | 0.006600 | 0.017151 |   5.581395 |      6 | 0.932861 | 0.600000 | 0.680000 | 0.686667 | 0.640000 |   1.360503 |      240 |      204 |       36 |   5.580867 |      6 | 0.941840 | 1.472713
1204 | 360900.0 | 361200.0 | 0.006596 | 0.017148 |   5.580867 |      6 | 0.941840 | 0.600000 | 0.706667 | 0.673333 | 0.643333 |   0.874714 |      243 |      212 |       31 |   5.580164 |      6 | 0.947610 | 1.326608
1205 | 361200.0 | 361500.0 | 0.006593 | 0.017146 |   5.580164 |      6 | 0.947610 | 0.600000 | 0.736667 | 0.706667 | 0.676667 |   0.874818 |      244 |      221 |       23 |   5.579263 |      6 | 0.953377 | 1.180564
1206 | 361500.0 | 361800.0 | 0.006589 | 0.017144 |   5.579263 |      6 | 0.953377 | 0.600000 | 0.680000 | 0.630000 | 0.710000 |  -2.333127 |      238 |      204 |       34 |   5.578736 |      6 | 0.938004 | 1.569852
1207 | 361800.0 | 362100.0 | 0.006586 | 0.017142 |   5.578736 |      6 | 0.938004 | 0.600000 | 0.676667 | 0.670000 | 0.633333 |   1.069478 |      240 |      203 |       37 |   5.578231 |      6 | 0.945047 | 1.391503
1208 | 362100.0 | 362400.0 | 0.006582 | 0.017140 |   5.578231 |      6 | 0.945047 | 0.600000 | 0.706667 | 0.680000 | 0.683333 |  -0.097237 |      242 |      212 |       31 |   5.577529 |      6 | 0.944407 | 1.407710
1209 | 362400.0 | 362700.0 | 0.006579 | 0.017138 |   5.577529 |      6 | 0.944407 | 0.600000 | 0.716667 | 0.703333 | 0.670000 |   0.972484 |      243 |      215 |       27 |   5.576761 |      6 | 0.950805 | 1.245709
1210 | 362700.0 | 363000.0 | 0.006575 | 0.017136 |   5.576761 |      6 | 0.950805 | 0.600000 | 0.746667 | 0.666667 | 0.693333 |  -0.778080 |      246 |      224 |       22 |   5.575797 |      6 | 0.945689 | 1.375256
1211 | 363000.0 | 363300.0 | 0.006572 | 0.017134 |   5.575797 |      6 | 0.945689 | 0.600000 | 0.693333 | 0.713333 | 0.690000 |   0.680901 |      241 |      208 |       33 |   5.575183 |      6 | 0.950163 | 1.261949
1212 | 363300.0 | 363600.0 | 0.006568 | 0.017132 |   5.575183 |      6 | 0.950163 | 0.600000 | 0.686667 | 0.710000 | 0.673333 |   1.070115 |      239 |      206 |       33 |   5.574614 |      6 | 0.957192 | 1.083969
1213 | 363600.0 | 363900.0 | 0.006565 | 0.017130 |   5.574614 |      6 | 0.957192 | 0.600000 | 0.633333 | 0.560000 | 0.660000 |  -2.918841 |      232 |      190 |       42 |   5.574395 |      6 | 0.938031 | 1.569167
1214 | 363900.0 | 364200.0 | 0.006561 | 0.017128 |   5.574395 |      6 | 0.938031 | 0.600000 | 0.663333 | 0.646667 | 0.643333 |   0.097306 |      239 |      199 |       40 |   5.573980 |      6 | 0.938669 | 1.553000
1215 | 364200.0 | 364500.0 | 0.006558 | 0.017126 |   5.573980 |      6 | 0.938669 | 0.600000 | 0.713333 | 0.703333 | 0.726667 |  -0.681225 |      243 |      214 |       29 |   5.573237 |      6 | 0.934202 | 1.666119
1216 | 364500.0 | 364800.0 | 0.006554 | 0.017124 |   5.573237 |      6 | 0.934202 | 0.600000 | 0.693333 | 0.700000 | 0.660000 |   1.167952 |      242 |      208 |       34 |   5.572625 |      6 | 0.941857 | 1.472281
1217 | 364800.0 | 365100.0 | 0.006551 | 0.017122 |   5.572625 |      6 | 0.941857 | 0.600000 | 0.740000 | 0.653333 | 0.683333 |  -0.876068 |      246 |      222 |       24 |   5.571708 |      6 | 0.936118 | 1.617600
1218 | 365100.0 | 365400.0 | 0.006547 | 0.017120 |   5.571708 |      6 | 0.936118 | 0.600000 | 0.656667 | 0.690000 | 0.690000 |   0.000000 |      237 |      197 |       40 |   5.571337 |      6 | 0.936118 | 1.617600
1219 | 365400.0 | 365700.0 | 0.006544 | 0.017118 |   5.571337 |      6 | 0.936118 | 0.600000 | 0.700000 | 0.670000 | 0.723333 |  -1.557822 |      242 |      210 |       32 |   5.570682 |      6 | 0.925924 | 1.875730
1220 | 365700.0 | 366000.0 | 0.006540 | 0.017116 |   5.570682 |      6 | 0.925924 | 0.600000 | 0.690000 | 0.680000 | 0.656667 |   0.681628 |      242 |      207 |       35 |   5.570094 |      6 | 0.930382 | 1.762845
1221 | 366000.0 | 366300.0 | 0.006537 | 0.017114 |   5.570094 |      6 | 0.930382 | 0.600000 | 0.720000 | 0.663333 | 0.653333 |   0.292161 |      243 |      216 |       27 |   5.569309 |      6 | 0.932292 | 1.714485
1222 | 366300.0 | 366600.0 | 0.006533 | 0.017112 |   5.569309 |      6 | 0.932292 | 0.600000 | 0.673333 | 0.703333 | 0.690000 |   0.389594 |      240 |      202 |       38 |   5.568830 |      6 | 0.934837 | 1.650032
1223 | 366600.0 | 366900.0 | 0.006530 | 0.017110 |   5.568830 |      6 | 0.934837 | 0.600000 | 0.696667 | 0.690000 | 0.620000 |   2.045607 |      242 |      209 |       33 |   5.568199 |      6 | 0.948195 | 1.311793
1224 | 366900.0 | 367200.0 | 0.006526 | 0.017108 |   5.568199 |      6 | 0.948195 | 0.600000 | 0.700000 | 0.610000 | 0.670000 |  -1.753584 |      241 |      210 |       31 |   5.567546 |      6 | 0.936750 | 1.601593
1225 | 367200.0 | 367500.0 | 0.006523 | 0.017106 |   5.567546 |      6 | 0.936750 | 0.600000 | 0.693333 | 0.670000 | 0.650000 |   0.584597 |      241 |      208 |       33 |   5.566938 |      6 | 0.940564 | 1.505033
1226 | 367500.0 | 367800.0 | 0.006520 | 0.017104 |   5.566938 |      6 | 0.940564 | 0.600000 | 0.720000 | 0.710000 | 0.686667 |   0.682110 |      244 |      216 |       28 |   5.566155 |      6 | 0.945011 | 1.392425
1227 | 367800.0 | 368100.0 | 0.006516 | 0.017102 |   5.566155 |      6 | 0.945011 | 0.600000 | 0.696667 | 0.696667 | 0.650000 |   1.364380 |      240 |      209 |       31 |   5.565525 |      6 | 0.953901 | 1.167303
1228 | 368100.0 | 368400.0 | 0.006513 | 0.017100 |   5.565525 |      6 | 0.953901 | 0.600000 | 0.703333 | 0.640000 | 0.710000 |  -2.046811 |      242 |      211 |       31 |   5.564852 |      6 | 0.940571 | 1.504848
1229 | 368400.0 | 368700.0 | 0.006509 | 0.017098 |   5.564852 |      6 | 0.940571 | 0.600000 | 0.696667 | 0.693333 | 0.656667 |   1.072265 |      241 |      209 |       32 |   5.564223 |      6 | 0.947551 | 1.328111
1230 | 368700.0 | 369000.0 | 0.006506 | 0.017096 |   5.564223 |      6 | 0.947551 | 0.600000 | 0.733333 | 0.680000 | 0.683333 |  -0.097490 |      244 |      220 |       24 |   5.563356 |      6 | 0.946916 | 1.344172
1231 | 369000.0 | 369300.0 | 0.006502 | 0.017094 |   5.563356 |      6 | 0.946916 | 0.600000 | 0.716667 | 0.670000 | 0.686667 |  -0.487507 |      242 |      215 |       27 |   5.562597 |      6 | 0.943746 | 1.424441
1232 | 369300.0 | 369600.0 | 0.006499 | 0.017092 |   5.562597 |      6 | 0.943746 | 0.600000 | 0.666667 | 0.683333 | 0.653333 |   0.877616 |      239 |      200 |       39 |   5.562164 |      6 | 0.949450 | 1.280015
1233 | 369600.0 | 369900.0 | 0.006496 | 0.017090 |   5.562164 |      6 | 0.949450 | 0.600000 | 0.683333 | 0.623333 | 0.690000 |  -1.950486 |      240 |      205 |       35 |   5.561622 |      6 | 0.936780 | 1.600830
1234 | 369900.0 | 370200.0 | 0.006492 | 0.017088 |   5.561622 |      6 | 0.936780 | 0.600000 | 0.703333 | 0.673333 | 0.686667 |  -0.390143 |      242 |      211 |       31 |   5.560952 |      6 | 0.934247 | 1.664967
1235 | 370200.0 | 370500.0 | 0.006489 | 0.017086 |   5.560952 |      6 | 0.934247 | 0.600000 | 0.716667 | 0.736667 | 0.653333 |   2.438677 |      244 |      215 |       29 |   5.560195 |      6 | 0.950072 | 1.264275
1236 | 370500.0 | 370800.0 | 0.006485 | 0.017084 |   5.560195 |      6 | 0.950072 | 0.600000 | 0.716667 | 0.643333 | 0.690000 |  -1.365818 |      243 |      215 |       28 |   5.559438 |      6 | 0.941214 | 1.488571
1237 | 370800.0 | 371100.0 | 0.006482 | 0.017082 |   5.559438 |      6 | 0.941214 | 0.600000 | 0.720000 | 0.643333 | 0.670000 |  -0.780559 |      244 |      216 |       28 |   5.558660 |      6 | 0.936154 | 1.616688
1238 | 371100.0 | 371400.0 | 0.006479 | 0.017080 |   5.558660 |      6 | 0.936154 | 0.600000 | 0.703333 | 0.680000 | 0.673333 |   0.195162 |      241 |      211 |       31 |   5.557991 |      6 | 0.937418 | 1.584672
1239 | 371400.0 | 371700.0 | 0.006475 | 0.017078 |   5.557991 |      6 | 0.937418 | 0.600000 | 0.690000 | 0.680000 | 0.656667 |   0.683148 |      241 |      207 |       33 |   5.557408 |      6 | 0.941842 | 1.472661
1240 | 371700.0 | 372000.0 | 0.006472 | 0.017076 |   5.557408 |      6 | 0.941842 | 0.600000 | 0.706667 | 0.686667 | 0.683333 |   0.097604 |      243 |      212 |       31 |   5.556718 |      6 | 0.942474 | 1.456666
1241 | 372000.0 | 372300.0 | 0.006468 | 0.017074 |   5.556718 |      6 | 0.942474 | 0.600000 | 0.670000 | 0.680000 | 0.720000 |  -1.171383 |      238 |      201 |       37 |   5.556265 |      6 | 0.934897 | 1.648529
1242 | 372300.0 | 372600.0 | 0.006465 | 0.017072 |   5.556265 |      6 | 0.934897 | 0.600000 | 0.723333 | 0.646667 | 0.660000 |  -0.390506 |      246 |      217 |       29 |   5.555467 |      6 | 0.932372 | 1.712458
1243 | 372600.0 | 372900.0 | 0.006462 | 0.017070 |   5.555467 |      6 | 0.932372 | 0.600000 | 0.720000 | 0.740000 | 0.706667 |   0.976379 |      243 |      216 |       27 |   5.554692 |      6 | 0.938681 | 1.552701
1244 | 372900.0 | 373200.0 | 0.006458 | 0.017068 |   5.554692 |      6 | 0.938681 | 0.600000 | 0.690000 | 0.703333 | 0.670000 |   0.976492 |      241 |      207 |       34 |   5.554111 |      6 | 0.944988 | 1.393009
1245 | 373200.0 | 373500.0 | 0.006455 | 0.017066 |   5.554111 |      6 | 0.944988 | 0.600000 | 0.670000 | 0.666667 | 0.643333 |   0.683624 |      236 |      201 |       35 |   5.553659 |      6 | 0.949400 | 1.281270
1246 | 373500.0 | 373800.0 | 0.006452 | 0.017064 |   5.553659 |      6 | 0.949400 | 0.600000 | 0.683333 | 0.623333 | 0.696667 |  -2.148781 |      241 |      205 |       36 |   5.553121 |      6 | 0.935537 | 1.632308
1247 | 373800.0 | 374100.0 | 0.006448 | 0.017062 |   5.553121 |      6 | 0.935537 | 0.600000 | 0.700000 | 0.673333 | 0.683333 |  -0.293050 |      243 |      210 |       33 |   5.552476 |      6 | 0.933648 | 1.680158
1248 | 374100.0 | 374400.0 | 0.006445 | 0.017060 |   5.552476 |      6 | 0.933648 | 0.600000 | 0.663333 | 0.670000 | 0.633333 |   1.074639 |      238 |      199 |       39 |   5.552068 |      6 | 0.940574 | 1.504780
1249 | 374400.0 | 374700.0 | 0.006442 | 0.017058 |   5.552068 |      6 | 0.940574 | 0.600000 | 0.730000 | 0.633333 | 0.613333 |   0.586234 |      245 |      219 |       26 |   5.551231 |      6 | 0.944350 | 1.409159
1250 | 374700.0 | 375000.0 | 0.006438 | 0.017056 |   5.551231 |      6 | 0.944350 | 0.600000 | 0.726667 | 0.690000 | 0.663333 |   0.781736 |      244 |      218 |       26 |   5.550415 |      6 | 0.949383 | 1.281715
1251 | 375000.0 | 375300.0 | 0.006435 | 0.017054 |   5.550415 |      6 | 0.949383 | 0.600000 | 0.640000 | 0.656667 | 0.660000 |  -0.097728 |      236 |      192 |       44 |   5.550158 |      6 | 0.948754 | 1.297639
1252 | 375300.0 | 375600.0 | 0.006432 | 0.017052 |   5.550158 |      6 | 0.948754 | 0.600000 | 0.676667 | 0.666667 | 0.700000 |  -0.977396 |      238 |      203 |       35 |   5.549665 |      6 | 0.942468 | 1.456816
1253 | 375600.0 | 375900.0 | 0.006428 | 0.017050 |   5.549665 |      6 | 0.942468 | 0.600000 | 0.696667 | 0.686667 | 0.666667 |   0.586505 |      241 |      209 |       32 |   5.549043 |      6 | 0.946238 | 1.361348
1254 | 375900.0 | 376200.0 | 0.006425 | 0.017048 |   5.549043 |      6 | 0.946238 | 0.600000 | 0.683333 | 0.660000 | 0.670000 |  -0.293286 |      239 |      205 |       34 |   5.548508 |      6 | 0.944354 | 1.409063
1255 | 376200.0 | 376500.0 | 0.006422 | 0.017046 |   5.548508 |      6 | 0.944354 | 0.600000 | 0.690000 | 0.723333 | 0.693333 |   0.879960 |      241 |      207 |       34 |   5.547930 |      6 | 0.950004 | 1.265976
1256 | 376500.0 | 376800.0 | 0.006418 | 0.017044 |   5.547930 |      6 | 0.950004 | 0.600000 | 0.710000 | 0.663333 | 0.673333 |  -0.293354 |      242 |      213 |       29 |   5.547224 |      6 | 0.948122 | 1.313652
1257 | 376800.0 | 377100.0 | 0.006415 | 0.017042 |   5.547224 |      6 | 0.948122 | 0.600000 | 0.686667 | 0.693333 | 0.716667 |  -0.684570 |      241 |      206 |       35 |   5.546668 |      6 | 0.943730 | 1.424853
1258 | 377100.0 | 377400.0 | 0.006412 | 0.017040 |   5.546668 |      6 | 0.943730 | 0.600000 | 0.700000 | 0.676667 | 0.623333 |   1.564912 |      241 |      210 |       31 |   5.546027 |      6 | 0.953764 | 1.170783
1259 | 377400.0 | 377700.0 | 0.006408 | 0.017038 |   5.546027 |      6 | 0.953764 | 0.600000 | 0.706667 | 0.646667 | 0.656667 |  -0.293455 |      240 |      212 |       28 |   5.545343 |      6 | 0.951883 | 1.218402
1260 | 377700.0 | 378000.0 | 0.006405 | 0.017036 |   5.545343 |      6 | 0.951883 | 0.600000 | 0.706667 | 0.656667 | 0.693333 |  -1.076124 |      242 |      212 |       30 |   5.544660 |      6 | 0.944991 | 1.392935
1261 | 378000.0 | 378300.0 | 0.006402 | 0.017035 |   5.544660 |      6 | 0.944991 | 0.600000 | 0.673333 | 0.683333 | 0.643333 |   1.174087 |      238 |      202 |       36 |   5.544191 |      6 | 0.952507 | 1.202611
1262 | 378300.0 | 378600.0 | 0.006398 | 0.017033 |   5.544191 |      6 | 0.952507 | 0.600000 | 0.670000 | 0.613333 | 0.686667 |  -2.152740 |      238 |      201 |       37 |   5.543743 |      6 | 0.938732 | 1.551399
1263 | 378600.0 | 378900.0 | 0.006395 | 0.017031 |   5.543743 |      6 | 0.938732 | 0.600000 | 0.706667 | 0.703333 | 0.693333 |   0.293589 |      242 |      212 |       30 |   5.543061 |      6 | 0.940610 | 1.503856
1264 | 378900.0 | 379200.0 | 0.006392 | 0.017029 |   5.543061 |      6 | 0.940610 | 0.600000 | 0.716667 | 0.706667 | 0.663333 |   1.272364 |      243 |      215 |       28 |   5.542315 |      6 | 0.948743 | 1.297919
1265 | 379200.0 | 379500.0 | 0.006389 | 0.017027 |   5.542315 |      6 | 0.948743 | 0.600000 | 0.703333 | 0.666667 | 0.680000 |  -0.391541 |      242 |      211 |       31 |   5.541655 |      6 | 0.946241 | 1.361259
1266 | 379500.0 | 379800.0 | 0.006385 | 0.017025 |   5.541655 |      6 | 0.946241 | 0.600000 | 0.716667 | 0.680000 | 0.660000 |   0.587379 |      243 |      215 |       28 |   5.540910 |      6 | 0.949992 | 1.266286
1267 | 379800.0 | 380100.0 | 0.006382 | 0.017023 |   5.540910 |      6 | 0.949992 | 0.600000 | 0.646667 | 0.723333 | 0.620000 |   3.035137 |      236 |      194 |       42 |   5.540612 |      6 | 0.969363 | 0.775793
1268 | 380100.0 | 380400.0 | 0.006379 | 0.017021 |   5.540612 |      6 | 0.969363 | 0.600000 | 0.603333 | 0.290000 | 0.690000 | -11.750255 |      218 |      181 |       38 |   5.540591 |      6 | 0.894410 | 2.673723
1269 | 380400.0 | 380700.0 | 0.006376 | 0.017019 |   5.540591 |      6 | 0.894410 | 0.600000 | 0.620000 | 0.626667 | 0.636667 |  -0.293790 |      236 |      186 |       49 |   5.540463 |      6 | 0.892537 | 2.721152
1270 | 380700.0 | 381000.0 | 0.006372 | 0.017017 |   5.540463 |      6 | 0.892537 | 0.600000 | 0.656667 | 0.630000 | 0.673333 |  -1.273234 |      238 |      197 |       41 |   5.540102 |      6 | 0.884423 | 2.926598
1271 | 381000.0 | 381300.0 | 0.006369 | 0.017015 |   5.540102 |      6 | 0.884423 | 0.600000 | 0.643333 | 0.606667 | 0.633333 |  -0.783618 |      239 |      193 |       46 |   5.539826 |      6 | 0.879433 | 3.052976
1272 | 381300.0 | 381600.0 | 0.006366 | 0.017013 |   5.539826 |      6 | 0.879433 | 0.600000 | 0.676667 | 0.653333 | 0.636667 |   0.489817 |      240 |      203 |       37 |   5.539338 |      6 | 0.882551 | 2.974021
1273 | 381600.0 | 381900.0 | 0.006363 | 0.017011 |   5.539338 |      6 | 0.882551 | 0.600000 | 0.590000 | 0.650000 | 0.596667 |   1.567591 |      234 |      177 |       57 |   5.539402 |      6 | 0.892524 | 2.721466
1274 | 381900.0 | 382200.0 | 0.006359 | 0.017009 |   5.539402 |      6 | 0.892524 | 0.600000 | 0.660000 | 0.663333 | 0.620000 |   1.273812 |      238 |      198 |       40 |   5.539020 |      6 | 0.900625 | 2.516346
1275 | 382200.0 | 382500.0 | 0.006356 | 0.017007 |   5.539020 |      6 | 0.900625 | 0.600000 | 0.720000 | 0.660000 | 0.650000 |   0.293990 |      245 |      216 |       29 |   5.538258 |      6 | 0.902494 | 2.469029
1276 | 382500.0 | 382800.0 | 0.006353 | 0.017005 |   5.538258 |      6 | 0.902494 | 0.600000 | 0.683333 | 0.676667 | 0.646667 |   0.882069 |      241 |      205 |       36 |   5.537728 |      6 | 0.908097 | 2.327135
1277 | 382800.0 | 383100.0 | 0.006350 | 0.017004 |   5.537728 |      6 | 0.908097 | 0.600000 | 0.633333 | 0.673333 | 0.630000 |   1.274244 |      237 |      190 |       47 |   5.537516 |      6 | 0.916188 | 2.122259
1278 | 383100.0 | 383400.0 | 0.006346 | 0.017002 |   5.537516 |      6 | 0.916188 | 0.600000 | 0.690000 | 0.673333 | 0.670000 |   0.098030 |      242 |      207 |       35 |   5.536945 |      6 | 0.916810 | 2.106505
1279 | 383400.0 | 383700.0 | 0.006343 | 0.017000 |   5.536945 |      6 | 0.916810 | 0.600000 | 0.670000 | 0.650000 | 0.696667 |  -1.372573 |      239 |      201 |       38 |   5.536501 |      6 | 0.908104 | 2.326967
1280 | 383700.0 | 384000.0 | 0.006340 | 0.016998 |   5.536501 |      6 | 0.908104 | 0.600000 | 0.646667 | 0.660000 | 0.663333 |  -0.098052 |      238 |      194 |       44 |   5.536205 |      6 | 0.907482 | 2.342708
1281 | 384000.0 | 384300.0 | 0.006337 | 0.016996 |   5.536205 |      6 | 0.907482 | 0.600000 | 0.686667 | 0.740000 | 0.676667 |   1.863198 |      242 |      206 |       36 |   5.535656 |      6 | 0.919289 | 2.043746
1282 | 384300.0 | 384600.0 | 0.006334 | 0.016994 |   5.535656 |      6 | 0.919289 | 0.600000 | 0.693333 | 0.693333 | 0.626667 |   1.961482 |      241 |      208 |       33 |   5.535065 |      6 | 0.931712 | 1.729173
1283 | 384600.0 | 384900.0 | 0.006330 | 0.016992 |   5.535065 |      6 | 0.931712 | 0.600000 | 0.670000 | 0.713333 | 0.686667 |   0.784681 |      240 |      201 |       39 |   5.534622 |      6 | 0.936679 | 1.603393
1284 | 384900.0 | 385200.0 | 0.006327 | 0.016990 |   5.534622 |      6 | 0.936679 | 0.600000 | 0.670000 | 0.670000 | 0.680000 |  -0.294289 |      239 |      201 |       38 |   5.534179 |      6 | 0.934817 | 1.650542
1285 | 385200.0 | 385500.0 | 0.006324 | 0.016988 |   5.534179 |      6 | 0.934817 | 0.600000 | 0.726667 | 0.653333 | 0.686667 |  -0.981072 |      244 |      218 |       26 |   5.533378 |      6 | 0.928613 | 1.807643
1286 | 385500.0 | 385800.0 | 0.006321 | 0.016986 |   5.533378 |      6 | 0.928613 | 0.600000 | 0.723333 | 0.666667 | 0.623333 |   1.275537 |      244 |      217 |       27 |   5.532598 |      6 | 0.936675 | 1.603492
1287 | 385800.0 | 386100.0 | 0.006318 | 0.016984 |   5.532598 |      6 | 0.936675 | 0.600000 | 0.740000 | 0.663333 | 0.633333 |   0.883163 |      247 |      222 |       25 |   5.531714 |      6 | 0.942255 | 1.462212
1288 | 386100.0 | 386400.0 | 0.006314 | 0.016982 |   5.531714 |      6 | 0.942255 | 0.600000 | 0.576667 | 0.660000 | 0.673333 |  -0.392561 |      230 |      173 |       57 |   5.531861 |      6 | 0.939776 | 1.524978
1289 | 386400.0 | 386700.0 | 0.006311 | 0.016981 |   5.531861 |      6 | 0.939776 | 0.600000 | 0.720000 | 0.673333 | 0.683333 |  -0.294454 |      244 |      216 |       28 |   5.531104 |      6 | 0.937918 | 1.572034
1290 | 386700.0 | 387000.0 | 0.006308 | 0.016979 |   5.531104 |      6 | 0.937918 | 0.600000 | 0.680000 | 0.676667 | 0.713333 |  -1.079785 |      240 |      204 |       36 |   5.530599 |      6 | 0.931106 | 1.744507
1291 | 387000.0 | 387300.0 | 0.006305 | 0.016977 |   5.530599 |      6 | 0.931106 | 0.600000 | 0.680000 | 0.666667 | 0.646667 |   0.589039 |      240 |      204 |       36 |   5.530095 |      6 | 0.934820 | 1.650468
1292 | 387300.0 | 387600.0 | 0.006302 | 0.016975 |   5.530095 |      6 | 0.934820 | 0.600000 | 0.646667 | 0.683333 | 0.633333 |   1.472763 |      236 |      194 |       42 |   5.529801 |      6 | 0.944101 | 1.415462
1293 | 387600.0 | 387900.0 | 0.006298 | 0.016973 |   5.529801 |      6 | 0.944101 | 0.600000 | 0.693333 | 0.666667 | 0.676667 |  -0.294586 |      242 |      208 |       34 |   5.529213 |      6 | 0.942245 | 1.462445
1294 | 387900.0 | 388200.0 | 0.006295 | 0.016971 |   5.529213 |      6 | 0.942245 | 0.600000 | 0.650000 | 0.676667 | 0.666667 |   0.294618 |      236 |      195 |       41 |   5.528898 |      6 | 0.944100 | 1.415480
1295 | 388200.0 | 388500.0 | 0.006292 | 0.016969 |   5.528898 |      6 | 0.944100 | 0.600000 | 0.710000 | 0.670000 | 0.643333 |   0.785737 |      243 |      213 |       30 |   5.528206 |      6 | 0.949044 | 1.290291
1296 | 388500.0 | 388800.0 | 0.006289 | 0.016967 |   5.528206 |      6 | 0.949044 | 0.600000 | 0.673333 | 0.643333 | 0.613333 |   0.884052 |      238 |      202 |       36 |   5.527745 |      6 | 0.954604 | 1.149507
1297 | 388800.0 | 389100.0 | 0.006286 | 0.016965 |   5.527745 |      6 | 0.954604 | 0.600000 | 0.660000 | 0.626667 | 0.696667 |  -2.063019 |      236 |      198 |       38 |   5.527368 |      6 | 0.941636 | 1.477874
1298 | 389100.0 | 389400.0 | 0.006283 | 0.016964 |   5.527368 |      6 | 0.941636 | 0.600000 | 0.726667 | 0.686667 | 0.666667 |   0.589500 |      244 |      218 |       26 |   5.526572 |      6 | 0.945340 | 1.384091
1299 | 389400.0 | 389700.0 | 0.006280 | 0.016962 |   5.526572 |      6 | 0.945340 | 0.600000 | 0.700000 | 0.666667 | 0.663333 |   0.098261 |      242 |      210 |       32 |   5.525944 |      6 | 0.945957 | 1.368467
1300 | 389700.0 | 390000.0 | 0.006276 | 0.016960 |   5.525944 |      6 | 0.945957 | 0.600000 | 0.683333 | 0.700000 | 0.690000 |   0.294815 |      240 |      205 |       35 |   5.525421 |      6 | 0.947807 | 1.321612
1301 | 390000.0 | 390300.0 | 0.006273 | 0.016958 |   5.525421 |      6 | 0.947807 | 0.600000 | 0.740000 | 0.670000 | 0.666667 |   0.098283 |      245 |      222 |       23 |   5.524543 |      6 | 0.948424 | 1.306000
1302 | 390300.0 | 390600.0 | 0.006270 | 0.016956 |   5.524543 |      6 | 0.948424 | 0.600000 | 0.716667 | 0.680000 | 0.680000 |   0.000000 |      242 |      215 |       27 |   5.523811 |      6 | 0.948424 | 1.306000
1303 | 390600.0 | 390900.0 | 0.006267 | 0.016954 |   5.523811 |      6 | 0.948424 | 0.600000 | 0.633333 | 0.716667 | 0.673333 |   1.277959 |      235 |      190 |       45 |   5.523602 |      6 | 0.956433 | 1.103199
1304 | 390900.0 | 391200.0 | 0.006264 | 0.016952 |   5.523602 |      6 | 0.956433 | 0.600000 | 0.743333 | 0.560000 | 0.700000 |  -4.129247 |      245 |      223 |       22 |   5.522705 |      6 | 0.930568 | 1.758148
1305 | 391200.0 | 391500.0 | 0.006261 | 0.016950 |   5.522705 |      6 | 0.930568 | 0.600000 | 0.696667 | 0.716667 | 0.703333 |   0.393305 |      241 |      209 |       32 |   5.522099 |      6 | 0.933030 | 1.695796
1306 | 391500.0 | 391800.0 | 0.006258 | 0.016948 |   5.522099 |      6 | 0.933030 | 0.600000 | 0.693333 | 0.676667 | 0.623333 |   1.573395 |      242 |      208 |       34 |   5.521515 |      6 | 0.942876 | 1.446485
1307 | 391800.0 | 392100.0 | 0.006255 | 0.016947 |   5.521515 |      6 | 0.942876 | 0.600000 | 0.696667 | 0.680000 | 0.676667 |   0.098348 |      241 |      209 |       32 |   5.520911 |      6 | 0.943491 | 1.430909
1308 | 392100.0 | 392400.0 | 0.006251 | 0.016945 |   5.520911 |      6 | 0.943491 | 0.600000 | 0.710000 | 0.660000 | 0.730000 |  -2.065537 |      243 |      213 |       30 |   5.520223 |      6 | 0.930578 | 1.757877
1309 | 392400.0 | 392700.0 | 0.006248 | 0.016943 |   5.520223 |      6 | 0.930578 | 0.600000 | 0.713333 | 0.676667 | 0.680000 |  -0.098370 |      244 |      214 |       30 |   5.519515 |      6 | 0.929964 | 1.773440
1310 | 392700.0 | 393000.0 | 0.006245 | 0.016941 |   5.519515 |      6 | 0.929964 | 0.600000 | 0.680000 | 0.683333 | 0.616667 |   1.967613 |      240 |      204 |       36 |   5.519015 |      6 | 0.942252 | 1.462284
1311 | 393000.0 | 393300.0 | 0.006242 | 0.016939 |   5.519015 |      6 | 0.942252 | 0.600000 | 0.743333 | 0.670000 | 0.673333 |  -0.098391 |      246 |      223 |       23 |   5.518121 |      6 | 0.941638 | 1.477835
1312 | 393300.0 | 393600.0 | 0.006239 | 0.016937 |   5.518121 |      6 | 0.941638 | 0.600000 | 0.710000 | 0.670000 | 0.673333 |  -0.098402 |      242 |      213 |       29 |   5.517434 |      6 | 0.941024 | 1.493381
1313 | 393600.0 | 393900.0 | 0.006236 | 0.016935 |   5.517434 |      6 | 0.941024 | 0.600000 | 0.656667 | 0.693333 | 0.663333 |   0.885718 |      238 |      197 |       41 |   5.517081 |      6 | 0.946547 | 1.353523
1314 | 393900.0 | 394200.0 | 0.006233 | 0.016934 |   5.517081 |      6 | 0.946547 | 0.600000 | 0.706667 | 0.650000 | 0.653333 |  -0.098424 |      242 |      212 |       30 |   5.516416 |      6 | 0.945934 | 1.369056
1315 | 394200.0 | 394500.0 | 0.006230 | 0.016932 |   5.516416 |      6 | 0.945934 | 0.600000 | 0.713333 | 0.693333 | 0.706667 |  -0.393739 |      243 |      214 |       29 |   5.515710 |      6 | 0.943481 | 1.431168
1316 | 394500.0 | 394800.0 | 0.006227 | 0.016930 |   5.515710 |      6 | 0.943481 | 0.600000 | 0.673333 | 0.716667 | 0.626667 |   2.658031 |      238 |      202 |       36 |   5.515253 |      6 | 0.960031 | 1.012076
1317 | 394800.0 | 395100.0 | 0.006224 | 0.016928 |   5.515253 |      6 | 0.960031 | 0.600000 | 0.703333 | 0.503333 | 0.650000 |  -4.332082 |      239 |      211 |       28 |   5.514610 |      6 | 0.933070 | 1.694778
1318 | 395100.0 | 395400.0 | 0.006221 | 0.016926 |   5.514610 |      6 | 0.933070 | 0.600000 | 0.703333 | 0.673333 | 0.670000 |   0.098467 |      242 |      211 |       31 |   5.513968 |      6 | 0.933683 | 1.679268
1319 | 395400.0 | 395700.0 | 0.006217 | 0.016924 |   5.513968 |      6 | 0.933683 | 0.600000 | 0.660000 | 0.593333 | 0.693333 |  -2.954340 |      238 |      198 |       40 |   5.513594 |      6 | 0.915314 | 2.144389
1320 | 395700.0 | 396000.0 | 0.006214 | 0.016922 |   5.513594 |      6 | 0.915314 | 0.600000 | 0.686667 | 0.680000 | 0.626667 |   1.575821 |      242 |      206 |       36 |   5.513056 |      6 | 0.925107 | 1.896420
1321 | 396000.0 | 396300.0 | 0.006211 | 0.016921 |   5.513056 |      6 | 0.925107 | 0.600000 | 0.740000 | 0.706667 | 0.690000 |   0.492498 |      246 |      222 |       24 |   5.512186 |      6 | 0.928166 | 1.818959
1322 | 396300.0 | 396600.0 | 0.006208 | 0.016919 |   5.512186 |      6 | 0.928166 | 0.600000 | 0.683333 | 0.673333 | 0.693333 |  -0.591062 |      241 |      205 |       36 |   5.511669 |      6 | 0.924497 | 1.911876
1323 | 396600.0 | 396900.0 | 0.006205 | 0.016917 |   5.511669 |      6 | 0.924497 | 0.600000 | 0.673333 | 0.680000 | 0.640000 |   1.182253 |      239 |      202 |       37 |   5.511214 |      6 | 0.931833 | 1.726113
1324 | 396900.0 | 397200.0 | 0.006202 | 0.016915 |   5.511214 |      6 | 0.931833 | 0.600000 | 0.676667 | 0.690000 | 0.703333 |  -0.394128 |      241 |      203 |       38 |   5.510738 |      6 | 0.929388 | 1.788010
1325 | 397200.0 | 397500.0 | 0.006199 | 0.016913 |   5.510738 |      6 | 0.929388 | 0.600000 | 0.686667 | 0.683333 | 0.693333 |  -0.295628 |      240 |      206 |       34 |   5.510201 |      6 | 0.927556 | 1.834416
1326 | 397500.0 | 397800.0 | 0.006196 | 0.016911 |   5.510201 |      6 | 0.927556 | 0.600000 | 0.683333 | 0.663333 | 0.620000 |   1.281194 |      241 |      205 |       36 |   5.509685 |      6 | 0.935494 | 1.633402
1327 | 397800.0 | 398100.0 | 0.006193 | 0.016909 |   5.509685 |      6 | 0.935494 | 0.600000 | 0.673333 | 0.693333 | 0.683333 |   0.295692 |      239 |      202 |       37 |   5.509231 |      6 | 0.937325 | 1.587033
1328 | 398100.0 | 398400.0 | 0.006190 | 0.016908 |   5.509231 |      6 | 0.937325 | 0.600000 | 0.646667 | 0.660000 | 0.686667 |  -0.788599 |      238 |      194 |       44 |   5.508942 |      6 | 0.932444 | 1.710639
1329 | 398400.0 | 398700.0 | 0.006187 | 0.016906 |   5.508942 |      6 | 0.932444 | 0.600000 | 0.653333 | 0.693333 | 0.620000 |   2.168883 |      237 |      196 |       42 |   5.508612 |      6 | 0.945863 | 1.370852
1330 | 398700.0 | 399000.0 | 0.006184 | 0.016904 |   5.508612 |      6 | 0.945863 | 0.600000 | 0.696667 | 0.636667 | 0.646667 |  -0.295789 |      242 |      209 |       32 |   5.508014 |      6 | 0.944033 | 1.417169
1331 | 399000.0 | 399300.0 | 0.006181 | 0.016902 |   5.508014 |      6 | 0.944033 | 0.600000 | 0.696667 | 0.730000 | 0.636667 |   2.760996 |      241 |      209 |       32 |   5.507417 |      6 | 0.961099 | 0.985042
1332 | 399300.0 | 399600.0 | 0.006178 | 0.016900 |   5.507417 |      6 | 0.961099 | 0.600000 | 0.663333 | 0.476667 | 0.676667 |  -5.917063 |      234 |      199 |       35 |   5.507025 |      6 | 0.924544 | 1.910676
1333 | 399600.0 | 399900.0 | 0.006175 | 0.016898 |   5.507025 |      6 | 0.924544 | 0.600000 | 0.736667 | 0.676667 | 0.696667 |  -0.591771 |      246 |      221 |       25 |   5.506181 |      6 | 0.920890 | 2.003204
1334 | 399900.0 | 400200.0 | 0.006172 | 0.016897 |   5.506181 |      6 | 0.920890 | 0.600000 | 0.713333 | 0.663333 | 0.620000 |   1.282308 |      244 |      214 |       30 |   5.505482 |      6 | 0.928804 | 1.802802
1335 | 400200.0 | 400500.0 | 0.006169 | 0.016895 |   5.505482 |      6 | 0.928804 | 0.600000 | 0.626667 | 0.743333 | 0.653333 |   2.663545 |      236 |      188 |       48 |   5.505317 |      6 | 0.945235 | 1.386741
1336 | 400500.0 | 400800.0 | 0.006166 | 0.016893 |   5.505317 |      6 | 0.945235 | 0.600000 | 0.656667 | 0.676667 | 0.623333 |   1.578568 |      235 |      197 |       38 |   5.504968 |      6 | 0.954968 | 1.140280
1337 | 400800.0 | 401100.0 | 0.006163 | 0.016891 |   5.504968 |      6 | 0.954968 | 0.600000 | 0.686667 | 0.583333 | 0.690000 |  -3.157477 |      240 |      206 |       34 |   5.504434 |      6 | 0.935509 | 1.633016
1338 | 401100.0 | 401400.0 | 0.006160 | 0.016889 |   5.504434 |      6 | 0.935509 | 0.600000 | 0.696667 | 0.696667 | 0.676667 |   0.592091 |      242 |      209 |       33 |   5.503838 |      6 | 0.939156 | 1.540663
1339 | 401400.0 | 401700.0 | 0.006157 | 0.016887 |   5.503838 |      6 | 0.939156 | 0.600000 | 0.706667 | 0.700000 | 0.683333 |   0.493462 |      243 |      212 |       31 |   5.503182 |      6 | 0.942195 | 1.463731
1340 | 401700.0 | 402000.0 | 0.006154 | 0.016886 |   5.503182 |      6 | 0.942195 | 0.600000 | 0.706667 | 0.686667 | 0.663333 |   0.690922 |      242 |      212 |       30 |   5.502525 |      6 | 0.946446 | 1.356068
1341 | 402000.0 | 402300.0 | 0.006151 | 0.016884 |   5.502525 |      6 | 0.946446 | 0.600000 | 0.693333 | 0.690000 | 0.683333 |   0.197428 |      240 |      208 |       32 |   5.501951 |      6 | 0.947661 | 1.325318
1342 | 402300.0 | 402600.0 | 0.006148 | 0.016882 |   5.501951 |      6 | 0.947661 | 0.600000 | 0.690000 | 0.636667 | 0.676667 |  -1.184693 |      240 |      207 |       33 |   5.501398 |      6 | 0.940377 | 1.509745
1343 | 402600.0 | 402900.0 | 0.006145 | 0.016880 |   5.501398 |      6 | 0.940377 | 0.600000 | 0.716667 | 0.656667 | 0.673333 |  -0.493675 |      245 |      215 |       30 |   5.500681 |      6 | 0.937344 | 1.586560
1344 | 402900.0 | 403200.0 | 0.006142 | 0.016878 |   5.500681 |      6 | 0.937344 | 0.600000 | 0.723333 | 0.696667 | 0.656667 |   1.184948 |      244 |      217 |       27 |   5.499924 |      6 | 0.944622 | 1.402273
1345 | 403200.0 | 403500.0 | 0.006139 | 0.016877 |   5.499924 |      6 | 0.944622 | 0.600000 | 0.686667 | 0.653333 | 0.666667 |  -0.395025 |      240 |      206 |       34 |   5.499391 |      6 | 0.942197 | 1.463679
1346 | 403500.0 | 403800.0 | 0.006136 | 0.016875 |   5.499391 |      6 | 0.942197 | 0.600000 | 0.720000 | 0.663333 | 0.633333 |   0.888902 |      243 |      216 |       27 |   5.498655 |      6 | 0.947651 | 1.325567
1347 | 403800.0 | 404100.0 | 0.006133 | 0.016873 |   5.498655 |      6 | 0.947651 | 0.600000 | 0.670000 | 0.680000 | 0.706667 |  -0.790220 |      238 |      201 |       37 |   5.498226 |      6 | 0.942805 | 1.448287
1348 | 404100.0 | 404400.0 | 0.006130 | 0.016871 |   5.498226 |      6 | 0.942805 | 0.600000 | 0.730000 | 0.736667 | 0.640000 |   2.864856 |      245 |      219 |       26 |   5.497429 |      6 | 0.960366 | 1.003596
1349 | 404400.0 | 404700.0 | 0.006127 | 0.016869 |   5.497429 |      6 | 0.960366 | 0.600000 | 0.696667 | 0.480000 | 0.693333 |  -6.323119 |      238 |      209 |       29 |   5.496837 |      6 | 0.921624 | 1.984614
1350 | 404700.0 | 405000.0 | 0.006124 | 0.016868 |   5.496837 |      6 | 0.921624 | 0.600000 | 0.690000 | 0.703333 | 0.650000 |   1.580949 |      242 |      207 |       35 |   5.496286 |      6 | 0.931306 | 1.739451
1351 | 405000.0 | 405300.0 | 0.006121 | 0.016866 |   5.496286 |      6 | 0.931306 | 0.600000 | 0.683333 | 0.613333 | 0.680000 |  -1.976398 |      239 |      205 |       34 |   5.495775 |      6 | 0.919208 | 2.045789
1352 | 405300.0 | 405600.0 | 0.006118 | 0.016864 |   5.495775 |      6 | 0.919208 | 0.600000 | 0.683333 | 0.680000 | 0.660000 |   0.592983 |      241 |      205 |       36 |   5.495266 |      6 | 0.922836 | 1.953922
1353 | 405600.0 | 405900.0 | 0.006115 | 0.016862 |   5.495266 |      6 | 0.922836 | 0.600000 | 0.663333 | 0.670000 | 0.646667 |   0.691887 |      238 |      199 |       39 |   5.494878 |      6 | 0.927067 | 1.846784
1354 | 405900.0 | 406200.0 | 0.006112 | 0.016860 |   5.494878 |      6 | 0.927067 | 0.600000 | 0.683333 | 0.660000 | 0.663333 |  -0.098852 |      242 |      205 |       37 |   5.494369 |      6 | 0.926463 | 1.862084
1355 | 406200.0 | 406500.0 | 0.006109 | 0.016858 |   5.494369 |      6 | 0.926463 | 0.600000 | 0.660000 | 0.656667 | 0.673333 |  -0.494311 |      239 |      198 |       41 |   5.494002 |      6 | 0.923443 | 1.938554
1356 | 406500.0 | 406800.0 | 0.006106 | 0.016857 |   5.494002 |      6 | 0.923443 | 0.600000 | 0.726667 | 0.706667 | 0.683333 |   0.692109 |      245 |      218 |       27 |   5.493229 |      6 | 0.927669 | 1.831536
1357 | 406800.0 | 407100.0 | 0.006103 | 0.016855 |   5.493229 |      6 | 0.927669 | 0.600000 | 0.676667 | 0.706667 | 0.643333 |   1.878782 |      240 |      203 |       37 |   5.492761 |      6 | 0.939136 | 1.541169
1358 | 407100.0 | 407400.0 | 0.006101 | 0.016853 |   5.492761 |      6 | 0.939136 | 0.600000 | 0.686667 | 0.650000 | 0.690000 |  -1.186726 |      240 |      206 |       34 |   5.492232 |      6 | 0.931897 | 1.724490
1359 | 407400.0 | 407700.0 | 0.006098 | 0.016851 |   5.492232 |      6 | 0.931897 | 0.600000 | 0.680000 | 0.683333 | 0.656667 |   0.791235 |      241 |      204 |       37 |   5.491744 |      6 | 0.936721 | 1.602322
1360 | 407700.0 | 408000.0 | 0.006095 | 0.016850 |   5.491744 |      6 | 0.936721 | 0.600000 | 0.676667 | 0.700000 | 0.666667 |   0.989149 |      241 |      203 |       38 |   5.491277 |      6 | 0.942750 | 1.449668
1361 | 408000.0 | 408300.0 | 0.006092 | 0.016848 |   5.491277 |      6 | 0.942750 | 0.600000 | 0.713333 | 0.700000 | 0.713333 |  -0.395702 |      242 |      214 |       28 |   5.490587 |      6 | 0.940339 | 1.510706
1362 | 408300.0 | 408600.0 | 0.006089 | 0.016846 |   5.490587 |      6 | 0.940339 | 0.600000 | 0.703333 | 0.686667 | 0.626667 |   1.780846 |      242 |      211 |       31 |   5.489958 |      6 | 0.951183 | 1.236134
1363 | 408600.0 | 408900.0 | 0.006086 | 0.016844 |   5.489958 |      6 | 0.951183 | 0.600000 | 0.660000 | 0.653333 | 0.686667 |  -0.989464 |      237 |      198 |       39 |   5.489592 |      6 | 0.945161 | 1.388618
1364 | 408900.0 | 409200.0 | 0.006083 | 0.016842 |   5.489592 |      6 | 0.945161 | 0.600000 | 0.680000 | 0.666667 | 0.713333 |  -1.385397 |      240 |      204 |       36 |   5.489106 |      6 | 0.936734 | 1.602015
1365 | 409200.0 | 409500.0 | 0.006080 | 0.016841 |   5.489106 |      6 | 0.936734 | 0.600000 | 0.733333 | 0.646667 | 0.690000 |  -1.286576 |      246 |      220 |       26 |   5.488295 |      6 | 0.928911 | 1.800096
1366 | 409500.0 | 409800.0 | 0.006077 | 0.016839 |   5.488295 |      6 | 0.928911 | 0.600000 | 0.656667 | 0.696667 | 0.643333 |   1.583646 |      238 |      197 |       41 |   5.487951 |      6 | 0.938535 | 1.556394
1367 | 409800.0 | 410100.0 | 0.006074 | 0.016837 |   5.487951 |      6 | 0.938535 | 0.600000 | 0.643333 | 0.650000 | 0.660000 |  -0.296965 |      237 |      193 |       44 |   5.487687 |      6 | 0.936731 | 1.602071
1368 | 410100.0 | 410400.0 | 0.006071 | 0.016835 |   5.487687 |      6 | 0.936731 | 0.600000 | 0.703333 | 0.680000 | 0.630000 |   1.484983 |      242 |      211 |       31 |   5.487060 |      6 | 0.945747 | 1.373771
1369 | 410400.0 | 410700.0 | 0.006069 | 0.016833 |   5.487060 |      6 | 0.945747 | 0.600000 | 0.686667 | 0.686667 | 0.706667 |  -0.594056 |      240 |      206 |       34 |   5.486534 |      6 | 0.942142 | 1.465057
1370 | 410700.0 | 411000.0 | 0.006066 | 0.016832 |   5.486534 |      6 | 0.942142 | 0.600000 | 0.703333 | 0.653333 | 0.686667 |  -0.990198 |      242 |      211 |       31 |   5.485907 |      6 | 0.936136 | 1.617145
1371 | 411000.0 | 411300.0 | 0.006063 | 0.016830 |   5.485907 |      6 | 0.936136 | 0.600000 | 0.690000 | 0.686667 | 0.676667 |   0.297091 |      241 |      207 |       34 |   5.485362 |      6 | 0.937937 | 1.571535
1372 | 411300.0 | 411600.0 | 0.006060 | 0.016828 |   5.485362 |      6 | 0.937937 | 0.600000 | 0.656667 | 0.676667 | 0.710000 |  -0.990407 |      238 |      197 |       41 |   5.485018 |      6 | 0.931935 | 1.723510
1373 | 411600.0 | 411900.0 | 0.006057 | 0.016826 |   5.485018 |      6 | 0.931935 | 0.600000 | 0.696667 | 0.650000 | 0.663333 |  -0.396205 |      242 |      209 |       33 |   5.484433 |      6 | 0.929536 | 1.784278
1374 | 411900.0 | 412200.0 | 0.006054 | 0.016825 |   5.484433 |      6 | 0.929536 | 0.600000 | 0.663333 | 0.696667 | 0.680000 |   0.495308 |      239 |      199 |       40 |   5.484049 |      6 | 0.932534 | 1.708346
1375 | 412200.0 | 412500.0 | 0.006051 | 0.016823 |   5.484049 |      6 | 0.932534 | 0.600000 | 0.733333 | 0.640000 | 0.660000 |  -0.594432 |      245 |      220 |       25 |   5.483243 |      6 | 0.928937 | 1.799430
1376 | 412500.0 | 412800.0 | 0.006048 | 0.016821 |   5.483243 |      6 | 0.928937 | 0.600000 | 0.710000 | 0.680000 | 0.660000 |   0.594495 |      243 |      213 |       30 |   5.482577 |      6 | 0.932533 | 1.708380
1377 | 412800.0 | 413100.0 | 0.006046 | 0.016819 |   5.482577 |      6 | 0.932533 | 0.600000 | 0.670000 | 0.693333 | 0.636667 |   1.684579 |      239 |      201 |       38 |   5.482154 |      6 | 0.942717 | 1.450500
1378 | 413100.0 | 413400.0 | 0.006043 | 0.016817 |   5.482154 |      6 | 0.942717 | 0.600000 | 0.723333 | 0.653333 | 0.666667 |  -0.396413 |      244 |      217 |       27 |   5.481409 |      6 | 0.940322 | 1.511155
1379 | 413400.0 | 413700.0 | 0.006040 | 0.016816 |   5.481409 |      6 | 0.940322 | 0.600000 | 0.750000 | 0.666667 | 0.670000 |  -0.099114 |      247 |      225 |       22 |   5.480503 |      6 | 0.939723 | 1.526313
1380 | 413700.0 | 414000.0 | 0.006037 | 0.016814 |   5.480503 |      6 | 0.939723 | 0.600000 | 0.693333 | 0.650000 | 0.653333 |  -0.099124 |      241 |      208 |       33 |   5.479939 |      6 | 0.939125 | 1.541466
1381 | 414000.0 | 414300.0 | 0.006034 | 0.016812 |   5.479939 |      6 | 0.939125 | 0.600000 | 0.700000 | 0.703333 | 0.650000 |   1.586152 |      242 |      210 |       32 |   5.479336 |      6 | 0.948696 | 1.299112
1382 | 414300.0 | 414600.0 | 0.006031 | 0.016810 |   5.479336 |      6 | 0.948696 | 0.600000 | 0.646667 | 0.683333 | 0.690000 |  -0.198290 |      236 |      194 |       42 |   5.479054 |      6 | 0.947500 | 1.329396
1383 | 414600.0 | 414900.0 | 0.006028 | 0.016809 |   5.479054 |      6 | 0.947500 | 0.600000 | 0.693333 | 0.653333 | 0.666667 |  -0.396621 |      241 |      208 |       33 |   5.478492 |      6 | 0.945109 | 1.389939
1384 | 414900.0 | 415200.0 | 0.006026 | 0.016807 |   5.478492 |      6 | 0.945109 | 0.600000 | 0.676667 | 0.653333 | 0.643333 |   0.297497 |      239 |      203 |       36 |   5.478030 |      6 | 0.946901 | 1.344548
1385 | 415200.0 | 415500.0 | 0.006023 | 0.016805 |   5.478030 |      6 | 0.946901 | 0.600000 | 0.686667 | 0.676667 | 0.693333 |  -0.495880 |      240 |      206 |       34 |   5.477508 |      6 | 0.943915 | 1.420172
1386 | 415500.0 | 415800.0 | 0.006020 | 0.016803 |   5.477508 |      6 | 0.943915 | 0.600000 | 0.693333 | 0.656667 | 0.693333 |  -1.091050 |      241 |      208 |       33 |   5.476946 |      6 | 0.937347 | 1.586485
1387 | 415800.0 | 416100.0 | 0.006017 | 0.016802 |   5.476946 |      6 | 0.937347 | 0.600000 | 0.690000 | 0.693333 | 0.636667 |   1.686344 |      241 |      207 |       34 |   5.476405 |      6 | 0.947494 | 1.329551
1388 | 416100.0 | 416400.0 | 0.006014 | 0.016800 |   5.476405 |      6 | 0.947494 | 0.600000 | 0.713333 | 0.650000 | 0.683333 |  -0.992071 |      242 |      214 |       28 |   5.475723 |      6 | 0.941527 | 1.480633
1389 | 416400.0 | 416700.0 | 0.006011 | 0.016798 |   5.475723 |      6 | 0.941527 | 0.600000 | 0.676667 | 0.653333 | 0.706667 |  -1.587478 |      240 |      203 |       37 |   5.475262 |      6 | 0.931984 | 1.722276
1390 | 416700.0 | 417000.0 | 0.006009 | 0.016796 |   5.475262 |      6 | 0.931984 | 0.600000 | 0.703333 | 0.693333 | 0.676667 |   0.496139 |      243 |      211 |       33 |   5.474641 |      6 | 0.934965 | 1.646790
1391 | 417000.0 | 417300.0 | 0.006006 | 0.016795 |   5.474641 |      6 | 0.934965 | 0.600000 | 0.686667 | 0.653333 | 0.663333 |  -0.297714 |      241 |      206 |       34 |   5.474121 |      6 | 0.933177 | 1.692065
1392 | 417300.0 | 417600.0 | 0.006003 | 0.016793 |   5.474121 |      6 | 0.933177 | 0.600000 | 0.680000 | 0.686667 | 0.643333 |   1.290229 |      241 |      204 |       37 |   5.473640 |      6 | 0.940922 | 1.495945
1393 | 417600.0 | 417900.0 | 0.006000 | 0.016791 |   5.473640 |      6 | 0.940922 | 0.600000 | 0.680000 | 0.686667 | 0.646667 |   1.191105 |      239 |      204 |       35 |   5.473160 |      6 | 0.948069 | 1.314978
1394 | 417900.0 | 418200.0 | 0.005997 | 0.016789 |   5.473160 |      6 | 0.948069 | 0.600000 | 0.690000 | 0.666667 | 0.640000 |   0.794152 |      240 |      207 |       33 |   5.472621 |      6 | 0.952832 | 1.194377
1395 | 418200.0 | 418500.0 | 0.005994 | 0.016788 |   5.472621 |      6 | 0.952832 | 0.600000 | 0.676667 | 0.643333 | 0.643333 |   0.000000 |      239 |      203 |       36 |   5.472161 |      6 | 0.952832 | 1.194377
1396 | 418500.0 | 418800.0 | 0.005992 | 0.016786 |   5.472161 |      6 | 0.952832 | 0.600000 | 0.650000 | 0.590000 | 0.643333 |  -1.588634 |      235 |      195 |       40 |   5.471862 |      6 | 0.943313 | 1.435403
1397 | 418800.0 | 419100.0 | 0.005989 | 0.016784 |   5.471862 |      6 | 0.943313 | 0.600000 | 0.653333 | 0.703333 | 0.666667 |   1.092299 |      237 |      196 |       41 |   5.471542 |      6 | 0.949855 | 1.269758
1398 | 419100.0 | 419400.0 | 0.005986 | 0.016782 |   5.471542 |      6 | 0.949855 | 0.600000 | 0.730000 | 0.653333 | 0.650000 |   0.099310 |      244 |      219 |       25 |   5.470764 |      6 | 0.950449 | 1.254704
1399 | 419400.0 | 419700.0 | 0.005983 | 0.016781 |   5.470764 |      6 | 0.950449 | 0.600000 | 0.670000 | 0.653333 | 0.630000 |   0.695244 |      237 |      201 |       36 |   5.470345 |      6 | 0.954609 | 1.149370
1400 | 419700.0 | 420000.0 | 0.005980 | 0.016779 |   5.470345 |      6 | 0.954609 | 0.600000 | 0.730000 | 0.610000 | 0.693333 |  -2.483270 |      244 |      219 |       25 |   5.469568 |      6 | 0.939758 | 1.525427
1401 | 420000.0 | 420300.0 | 0.005978 | 0.016777 |   5.469568 |      6 | 0.939758 | 0.600000 | 0.650000 | 0.676667 | 0.626667 |   1.490116 |      237 |      195 |       42 |   5.469269 |      6 | 0.948666 | 1.299875
1402 | 420300.0 | 420600.0 | 0.005975 | 0.016775 |   5.469269 |      6 | 0.948666 | 0.600000 | 0.710000 | 0.676667 | 0.680000 |  -0.099351 |      240 |      213 |       27 |   5.468611 |      6 | 0.948072 | 1.314906
1403 | 420600.0 | 420900.0 | 0.005972 | 0.016774 |   5.468611 |      6 | 0.948072 | 0.600000 | 0.713333 | 0.676667 | 0.670000 |   0.198723 |      243 |      214 |       29 |   5.467935 |      6 | 0.949259 | 1.284854
1404 | 420900.0 | 421200.0 | 0.005969 | 0.016772 |   5.467935 |      6 | 0.949259 | 0.600000 | 0.673333 | 0.680000 | 0.673333 |   0.198744 |      239 |      202 |       37 |   5.467497 |      6 | 0.950445 | 1.254814
1405 | 421200.0 | 421500.0 | 0.005967 | 0.016770 |   5.467497 |      6 | 0.950445 | 0.600000 | 0.686667 | 0.606667 | 0.683333 |  -2.285788 |      239 |      206 |       34 |   5.466980 |      6 | 0.936807 | 1.600159
1406 | 421500.0 | 421800.0 | 0.005964 | 0.016769 |   5.466980 |      6 | 0.936807 | 0.600000 | 0.706667 | 0.700000 | 0.706667 |  -0.198785 |      243 |      212 |       30 |   5.466344 |      6 | 0.935621 | 1.630178
1407 | 421800.0 | 422100.0 | 0.005961 | 0.016767 |   5.466344 |      6 | 0.935621 | 0.600000 | 0.653333 | 0.703333 | 0.680000 |   0.695818 |      238 |      196 |       42 |   5.466026 |      6 | 0.939769 | 1.525149
1408 | 422100.0 | 422400.0 | 0.005958 | 0.016765 |   5.466026 |      6 | 0.939769 | 0.600000 | 0.680000 | 0.660000 | 0.640000 |   0.596477 |      240 |      204 |       36 |   5.465549 |      6 | 0.943323 | 1.435157
1409 | 422400.0 | 422700.0 | 0.005955 | 0.016763 |   5.465549 |      6 | 0.943323 | 0.600000 | 0.706667 | 0.716667 | 0.703333 |   0.397692 |      243 |      212 |       31 |   5.464914 |      6 | 0.945692 | 1.375183
1410 | 422700.0 | 423000.0 | 0.005953 | 0.016762 |   5.464914 |      6 | 0.945692 | 0.600000 | 0.673333 | 0.663333 | 0.620000 |   1.292632 |      237 |      202 |       35 |   5.464477 |      6 | 0.953386 | 1.180341
1411 | 423000.0 | 423300.0 | 0.005950 | 0.016760 |   5.464477 |      6 | 0.953386 | 0.600000 | 0.693333 | 0.650000 | 0.656667 |  -0.198887 |      240 |      208 |       32 |   5.463922 |      6 | 0.952203 | 1.210306
1412 | 423300.0 | 423600.0 | 0.005947 | 0.016758 |   5.463922 |      6 | 0.952203 | 0.600000 | 0.746667 | 0.636667 | 0.683333 |  -1.392351 |      246 |      224 |       22 |   5.463050 |      6 | 0.943922 | 1.419985
1413 | 423600.0 | 423900.0 | 0.005944 | 0.016757 |   5.463050 |      6 | 0.943922 | 0.600000 | 0.713333 | 0.640000 | 0.686667 |  -1.392494 |      243 |      214 |       29 |   5.462376 |      6 | 0.935645 | 1.629589
1414 | 423900.0 | 424200.0 | 0.005942 | 0.016755 |   5.462376 |      6 | 0.935645 | 0.600000 | 0.666667 | 0.720000 | 0.656667 |   1.890007 |      238 |      200 |       38 |   5.461980 |      6 | 0.946875 | 1.345229
1415 | 424200.0 | 424500.0 | 0.005939 | 0.016753 |   5.461980 |      6 | 0.946875 | 0.600000 | 0.703333 | 0.640000 | 0.723333 |  -2.487107 |      242 |      211 |       31 |   5.461366 |      6 | 0.932104 | 1.719252
1416 | 424500.0 | 424800.0 | 0.005936 | 0.016751 |   5.461366 |      6 | 0.932104 | 0.600000 | 0.650000 | 0.706667 | 0.646667 |   1.790900 |      238 |      195 |       43 |   5.461069 |      6 | 0.942735 | 1.450052
1417 | 424800.0 | 425100.0 | 0.005933 | 0.016750 |   5.461069 |      6 | 0.942735 | 0.600000 | 0.703333 | 0.683333 | 0.686667 |  -0.099505 |      243 |      211 |       32 |   5.460456 |      6 | 0.942144 | 1.465002
1418 | 425100.0 | 425400.0 | 0.005931 | 0.016748 |   5.460456 |      6 | 0.942144 | 0.600000 | 0.686667 | 0.673333 | 0.686667 |  -0.398059 |      239 |      206 |       33 |   5.459942 |      6 | 0.939784 | 1.524782
1419 | 425400.0 | 425700.0 | 0.005928 | 0.016746 |   5.459942 |      6 | 0.939784 | 0.600000 | 0.683333 | 0.740000 | 0.676667 |   1.890974 |      241 |      205 |       36 |   5.459448 |      6 | 0.950993 | 1.240932
1420 | 425700.0 | 426000.0 | 0.005925 | 0.016745 |   5.459448 |      6 | 0.950993 | 0.600000 | 0.650000 | 0.656667 | 0.703333 |  -1.393492 |      236 |      195 |       41 |   5.459152 |      6 | 0.942737 | 1.450009
1421 | 426000.0 | 426300.0 | 0.005923 | 0.016743 |   5.459152 |      6 | 0.942737 | 0.600000 | 0.713333 | 0.710000 | 0.696667 |   0.398181 |      242 |      214 |       28 |   5.458481 |      6 | 0.945095 | 1.390294
1422 | 426300.0 | 426600.0 | 0.005920 | 0.016741 |   5.458481 |      6 | 0.945095 | 0.600000 | 0.686667 | 0.673333 | 0.670000 |   0.099555 |      241 |      206 |       35 |   5.457968 |      6 | 0.945684 | 1.375371
1423 | 426600.0 | 426900.0 | 0.005917 | 0.016739 |   5.457968 |      6 | 0.945684 | 0.600000 | 0.683333 | 0.680000 | 0.643333 |   1.095221 |      240 |      205 |       35 |   5.457475 |      6 | 0.952165 | 1.211272
1424 | 426900.0 | 427200.0 | 0.005914 | 0.016738 |   5.457475 |      6 | 0.952165 | 0.600000 | 0.696667 | 0.660000 | 0.703333 |  -1.294484 |      240 |      209 |       31 |   5.456903 |      6 | 0.944509 | 1.405138
1425 | 427200.0 | 427500.0 | 0.005912 | 0.016736 |   5.456903 |      6 | 0.944509 | 0.600000 | 0.663333 | 0.636667 | 0.653333 |  -0.497929 |      238 |      199 |       39 |   5.456528 |      6 | 0.941565 | 1.479675
1426 | 427500.0 | 427800.0 | 0.005909 | 0.016734 |   5.456528 |      6 | 0.941565 | 0.600000 | 0.666667 | 0.693333 | 0.676667 |   0.497980 |      239 |      200 |       39 |   5.456135 |      6 | 0.944508 | 1.405164
1427 | 427800.0 | 428100.0 | 0.005906 | 0.016733 |   5.456135 |      6 | 0.944508 | 0.600000 | 0.693333 | 0.660000 | 0.650000 |   0.298818 |      241 |      208 |       34 |   5.455583 |      6 | 0.946272 | 1.360474
1428 | 428100.0 | 428400.0 | 0.005904 | 0.016731 |   5.455583 |      6 | 0.946272 | 0.600000 | 0.680000 | 0.633333 | 0.683333 |  -1.494243 |      238 |      204 |       33 |   5.455111 |      6 | 0.937451 | 1.583846
1429 | 428400.0 | 428700.0 | 0.005901 | 0.016729 |   5.455111 |      6 | 0.937451 | 0.600000 | 0.723333 | 0.670000 | 0.666667 |   0.099626 |      244 |      217 |       27 |   5.454383 |      6 | 0.938039 | 1.568960
1430 | 428700.0 | 429000.0 | 0.005898 | 0.016727 |   5.454383 |      6 | 0.938039 | 0.600000 | 0.673333 | 0.650000 | 0.693333 |  -1.295273 |      239 |      202 |       37 |   5.453951 |      6 | 0.930399 | 1.762410
1431 | 429000.0 | 429300.0 | 0.005895 | 0.016726 |   5.453951 |      6 | 0.930399 | 0.600000 | 0.710000 | 0.630000 | 0.633333 |  -0.099646 |      245 |      213 |       32 |   5.453302 |      6 | 0.929812 | 1.777286
1432 | 429300.0 | 429600.0 | 0.005893 | 0.016724 |   5.453302 |      6 | 0.929812 | 0.600000 | 0.713333 | 0.653333 | 0.660000 |  -0.199313 |      244 |      214 |       30 |   5.452634 |      6 | 0.928637 | 1.807026
1433 | 429600.0 | 429900.0 | 0.005890 | 0.016722 |   5.452634 |      6 | 0.928637 | 0.600000 | 0.703333 | 0.656667 | 0.673333 |  -0.498333 |      242 |      211 |       31 |   5.452026 |      6 | 0.925702 | 1.881351
1434 | 429900.0 | 430200.0 | 0.005887 | 0.016721 |   5.452026 |      6 | 0.925702 | 0.600000 | 0.686667 | 0.660000 | 0.633333 |   0.797414 |      241 |      206 |       35 |   5.451515 |      6 | 0.930397 | 1.762474
1435 | 430200.0 | 430500.0 | 0.005885 | 0.016719 |   5.451515 |      6 | 0.930397 | 0.600000 | 0.680000 | 0.663333 | 0.680000 |  -0.498434 |      240 |      204 |       36 |   5.451045 |      6 | 0.927464 | 1.836746
1436 | 430500.0 | 430800.0 | 0.005882 | 0.016717 |   5.451045 |      6 | 0.927464 | 0.600000 | 0.673333 | 0.636667 | 0.666667 |  -0.897272 |      241 |      202 |       39 |   5.450613 |      6 | 0.922186 | 1.970388
1437 | 430800.0 | 431100.0 | 0.005879 | 0.016716 |   5.450613 |      6 | 0.922186 | 0.600000 | 0.703333 | 0.636667 | 0.656667 |  -0.598242 |      242 |      211 |       31 |   5.450006 |      6 | 0.918669 | 2.059451
1438 | 431100.0 | 431400.0 | 0.005877 | 0.016714 |   5.450006 |      6 | 0.918669 | 0.600000 | 0.683333 | 0.646667 | 0.690000 |  -1.296321 |      241 |      205 |       36 |   5.449516 |      6 | 0.911051 | 2.252353
1439 | 431400.0 | 431700.0 | 0.005874 | 0.016712 |   5.449516 |      6 | 0.911051 | 0.600000 | 0.713333 | 0.680000 | 0.640000 |   1.196725 |      244 |      214 |       30 |   5.448850 |      6 | 0.918080 | 2.074353
1440 | 431700.0 | 432000.0 | 0.005871 | 0.016711 |   5.448850 |      6 | 0.918080 | 0.600000 | 0.653333 | 0.690000 | 0.663333 |   0.797897 |      238 |      196 |       42 |   5.448537 |      6 | 0.922765 | 1.955728
1441 | 432000.0 | 432300.0 | 0.005869 | 0.016709 |   5.448537 |      6 | 0.922765 | 0.600000 | 0.683333 | 0.710000 | 0.623333 |   2.593425 |      242 |      205 |       37 |   5.448048 |      6 | 0.937985 | 1.570334
1442 | 432300.0 | 432600.0 | 0.005866 | 0.016707 |   5.448048 |      6 | 0.937985 | 0.600000 | 0.673333 | 0.686667 | 0.706667 |  -0.598543 |      239 |      202 |       37 |   5.447618 |      6 | 0.934474 | 1.659240
1443 | 432600.0 | 432900.0 | 0.005863 | 0.016706 |   5.447618 |      6 | 0.934474 | 0.600000 | 0.683333 | 0.643333 | 0.650000 |  -0.199534 |      240 |      205 |       35 |   5.447129 |      6 | 0.933304 | 1.688864
1444 | 432900.0 | 433200.0 | 0.005861 | 0.016704 |   5.447129 |      6 | 0.933304 | 0.600000 | 0.640000 | 0.660000 | 0.680000 |  -0.598663 |      236 |      192 |       44 |   5.446895 |      6 | 0.929795 | 1.777707
1445 | 433200.0 | 433500.0 | 0.005858 | 0.016702 |   5.446895 |      6 | 0.929795 | 0.600000 | 0.670000 | 0.710000 | 0.666667 |   1.297234 |      239 |      201 |       38 |   5.446485 |      6 | 0.937394 | 1.585282
1446 | 433500.0 | 433800.0 | 0.005855 | 0.016701 |   5.446485 |      6 | 0.937394 | 0.600000 | 0.696667 | 0.716667 | 0.680000 |   1.097770 |      242 |      209 |       33 |   5.445919 |      6 | 0.943822 | 1.422518
1447 | 433800.0 | 434100.0 | 0.005853 | 0.016699 |   5.445919 |      6 | 0.943822 | 0.600000 | 0.743333 | 0.700000 | 0.700000 |   0.000000 |      245 |      223 |       22 |   5.445080 |      6 | 0.943822 | 1.422518
1448 | 434100.0 | 434400.0 | 0.005850 | 0.016697 |   5.445080 |      6 | 0.943822 | 0.600000 | 0.680000 | 0.670000 | 0.690000 |  -0.598903 |      240 |      204 |       36 |   5.444612 |      6 | 0.940319 | 1.511236
1449 | 434400.0 | 434700.0 | 0.005847 | 0.016696 |   5.444612 |      6 | 0.940319 | 0.600000 | 0.666667 | 0.660000 | 0.650000 |   0.299482 |      239 |      200 |       39 |   5.444222 |      6 | 0.942070 | 1.466893
1450 | 434700.0 | 435000.0 | 0.005845 | 0.016694 |   5.444222 |      6 | 0.942070 | 0.600000 | 0.686667 | 0.690000 | 0.670000 |   0.599023 |      241 |      206 |       35 |   5.443716 |      6 | 0.945571 | 1.378238
1451 | 435000.0 | 435300.0 | 0.005842 | 0.016692 |   5.443716 |      6 | 0.945571 | 0.600000 | 0.686667 | 0.653333 | 0.680000 |  -0.798778 |      239 |      206 |       33 |   5.443209 |      6 | 0.940904 | 1.496403
1452 | 435300.0 | 435600.0 | 0.005840 | 0.016691 |   5.443209 |      6 | 0.940904 | 0.600000 | 0.686667 | 0.703333 | 0.696667 |   0.199714 |      242 |      206 |       36 |   5.442703 |      6 | 0.942071 | 1.466872
1453 | 435600.0 | 435900.0 | 0.005837 | 0.016689 |   5.442703 |      6 | 0.942071 | 0.600000 | 0.713333 | 0.673333 | 0.643333 |   0.898804 |      242 |      214 |       28 |   5.442042 |      6 | 0.947317 | 1.334029
1454 | 435900.0 | 436200.0 | 0.005834 | 0.016687 |   5.442042 |      6 | 0.947317 | 0.600000 | 0.680000 | 0.653333 | 0.663333 |  -0.299631 |      240 |      204 |       37 |   5.441575 |      6 | 0.945569 | 1.378295
1455 | 436200.0 | 436500.0 | 0.005832 | 0.016686 |   5.441575 |      6 | 0.945569 | 0.600000 | 0.673333 | 0.703333 | 0.670000 |   0.998871 |      238 |      202 |       35 |   5.441147 |      6 | 0.951394 | 1.230795
1456 | 436500.0 | 436800.0 | 0.005829 | 0.016684 |   5.441147 |      6 | 0.951394 | 0.600000 | 0.683333 | 0.696667 | 0.646667 |   1.498455 |      240 |      205 |       35 |   5.440662 |      6 | 0.960128 | 1.009623
1457 | 436800.0 | 437100.0 | 0.005826 | 0.016682 |   5.440662 |      6 | 0.960128 | 0.600000 | 0.693333 | 0.506667 | 0.693333 |  -5.594790 |      237 |      208 |       30 |   5.440118 |      6 | 0.927531 | 1.835043
1458 | 437100.0 | 437400.0 | 0.005824 | 0.016681 |   5.440118 |      6 | 0.927531 | 0.600000 | 0.736667 | 0.660000 | 0.670000 |  -0.299751 |      246 |      221 |       24 |   5.439322 |      6 | 0.925785 | 1.879246
1459 | 437400.0 | 437700.0 | 0.005821 | 0.016679 |   5.439322 |      6 | 0.925785 | 0.600000 | 0.683333 | 0.620000 | 0.640000 |  -0.599561 |      241 |      205 |       37 |   5.438837 |      6 | 0.922295 | 1.967622
1460 | 437700.0 | 438000.0 | 0.005819 | 0.016677 |   5.438837 |      6 | 0.922295 | 0.600000 | 0.656667 | 0.660000 | 0.690000 |  -0.899431 |      238 |      197 |       40 |   5.438507 |      6 | 0.917062 | 2.100140
1461 | 438000.0 | 438300.0 | 0.005816 | 0.016676 |   5.438507 |      6 | 0.917062 | 0.600000 | 0.693333 | 0.650000 | 0.673333 |  -0.699627 |      243 |      208 |       35 |   5.437964 |      6 | 0.912993 | 2.203173
1462 | 438300.0 | 438600.0 | 0.005813 | 0.016674 |   5.437964 |      6 | 0.912993 | 0.600000 | 0.713333 | 0.660000 | 0.636667 |   0.699696 |      243 |      214 |       29 |   5.437305 |      6 | 0.917060 | 2.100176
1463 | 438600.0 | 438900.0 | 0.005811 | 0.016672 |   5.437305 |      6 | 0.917060 | 0.600000 | 0.693333 | 0.666667 | 0.676667 |  -0.299900 |      242 |      208 |       34 |   5.436763 |      6 | 0.915318 | 2.144302
1464 | 438900.0 | 439200.0 | 0.005808 | 0.016671 |   5.436763 |      6 | 0.915318 | 0.600000 | 0.660000 | 0.640000 | 0.670000 |  -0.899788 |      239 |      198 |       41 |   5.436415 |      6 | 0.910092 | 2.276635
1465 | 439200.0 | 439500.0 | 0.005806 | 0.016669 |   5.436415 |      6 | 0.910092 | 0.600000 | 0.650000 | 0.686667 | 0.593333 |   2.799617 |      238 |      195 |       43 |   5.436124 |      6 | 0.926345 | 1.865076
1466 | 439500.0 | 439800.0 | 0.005803 | 0.016667 |   5.436124 |      6 | 0.926345 | 0.600000 | 0.676667 | 0.690000 | 0.660000 |   0.899966 |      241 |      203 |       38 |   5.435679 |      6 | 0.931567 | 1.732836
1467 | 439800.0 | 440100.0 | 0.005800 | 0.016666 |   5.435679 |      6 | 0.931567 | 0.600000 | 0.676667 | 0.713333 | 0.676667 |   1.100067 |      240 |      203 |       37 |   5.435235 |      6 | 0.937948 | 1.571264
1468 | 440100.0 | 440400.0 | 0.005798 | 0.016664 |   5.435235 |      6 | 0.937948 | 0.600000 | 0.670000 | 0.676667 | 0.680000 |  -0.100016 |      238 |      201 |       37 |   5.434829 |      6 | 0.937368 | 1.585947
1469 | 440400.0 | 440700.0 | 0.005795 | 0.016662 |   5.434829 |      6 | 0.937368 | 0.600000 | 0.706667 | 0.670000 | 0.653333 |   0.500129 |      243 |      212 |       31 |   5.434211 |      6 | 0.940266 | 1.512557
1470 | 440700.0 | 441000.0 | 0.005793 | 0.016661 |   5.434211 |      6 | 0.940266 | 0.600000 | 0.693333 | 0.650000 | 0.653333 |  -0.100036 |      242 |      208 |       34 |   5.433670 |      6 | 0.939687 | 1.527230
1471 | 441000.0 | 441300.0 | 0.005790 | 0.016659 |   5.433670 |      6 | 0.939687 | 0.600000 | 0.626667 | 0.700000 | 0.643333 |   1.700776 |      235 |      188 |       47 |   5.433516 |      6 | 0.949534 | 1.277876
1472 | 441300.0 | 441600.0 | 0.005787 | 0.016657 |   5.433516 |      6 | 0.949534 | 0.600000 | 0.690000 | 0.663333 | 0.626667 |   1.100610 |      239 |      207 |       32 |   5.432995 |      6 | 0.955904 | 1.116585
1473 | 441600.0 | 441900.0 | 0.005785 | 0.016656 |   5.432995 |      6 | 0.955904 | 0.600000 | 0.693333 | 0.570000 | 0.706667 |  -4.102679 |      239 |      208 |       31 |   5.432455 |      6 | 0.932171 | 1.717552
1474 | 441900.0 | 442200.0 | 0.005782 | 0.016654 |   5.432455 |      6 | 0.932171 | 0.600000 | 0.700000 | 0.673333 | 0.710000 |  -1.100827 |      242 |      210 |       32 |   5.431877 |      6 | 0.925806 | 1.878731
1475 | 442200.0 | 442500.0 | 0.005780 | 0.016653 |   5.431877 |      6 | 0.925806 | 0.600000 | 0.683333 | 0.673333 | 0.660000 |   0.400340 |      241 |      205 |       36 |   5.431395 |      6 | 0.928119 | 1.820141
1476 | 442500.0 | 442800.0 | 0.005777 | 0.016651 |   5.431395 |      6 | 0.928119 | 0.600000 | 0.690000 | 0.683333 | 0.656667 |   0.800759 |      241 |      207 |       34 |   5.430875 |      6 | 0.932745 | 1.703001
1477 | 442800.0 | 443100.0 | 0.005775 | 0.016649 |   5.430875 |      6 | 0.932745 | 0.600000 | 0.716667 | 0.686667 | 0.676667 |   0.300314 |      244 |      215 |       29 |   5.430201 |      6 | 0.934480 | 1.659088
1478 | 443100.0 | 443400.0 | 0.005772 | 0.016648 |   5.430201 |      6 | 0.934480 | 0.600000 | 0.740000 | 0.656667 | 0.686667 |  -0.901031 |      247 |      222 |       25 |   5.429393 |      6 | 0.929279 | 1.790780
1479 | 443400.0 | 443700.0 | 0.005769 | 0.016646 |   5.429393 |      6 | 0.929279 | 0.600000 | 0.656667 | 0.643333 | 0.653333 |  -0.300373 |      238 |      197 |       41 |   5.429066 |      6 | 0.927546 | 1.834662
1480 | 443700.0 | 444000.0 | 0.005767 | 0.016644 |   5.429066 |      6 | 0.927546 | 0.600000 | 0.673333 | 0.706667 | 0.650000 |   1.702282 |      239 |      202 |       37 |   5.428644 |      6 | 0.937363 | 1.586083
1481 | 444000.0 | 444300.0 | 0.005764 | 0.016643 |   5.428644 |      6 | 0.937363 | 0.600000 | 0.663333 | 0.643333 | 0.643333 |   0.000000 |      239 |      199 |       40 |   5.428278 |      6 | 0.937363 | 1.586083
1482 | 444300.0 | 444600.0 | 0.005762 | 0.016641 |   5.428278 |      6 | 0.937363 | 0.600000 | 0.700000 | 0.710000 | 0.676667 |   1.001538 |      243 |      210 |       33 |   5.427702 |      6 | 0.943133 | 1.439960
1483 | 444600.0 | 444900.0 | 0.005759 | 0.016639 |   5.427702 |      6 | 0.943133 | 0.600000 | 0.663333 | 0.673333 | 0.690000 |  -0.500818 |      237 |      199 |       38 |   5.427338 |      6 | 0.940249 | 1.512996
1484 | 444900.0 | 445200.0 | 0.005757 | 0.016638 |   5.427338 |      6 | 0.940249 | 0.600000 | 0.693333 | 0.640000 | 0.673333 |  -1.001734 |      242 |      208 |       34 |   5.426800 |      6 | 0.934482 | 1.659018
1485 | 445200.0 | 445500.0 | 0.005754 | 0.016636 |   5.426800 |      6 | 0.934482 | 0.600000 | 0.680000 | 0.686667 | 0.660000 |   0.801466 |      239 |      204 |       35 |   5.426340 |      6 | 0.939094 | 1.542241
1486 | 445500.0 | 445800.0 | 0.005752 | 0.016635 |   5.426340 |      6 | 0.939094 | 0.600000 | 0.656667 | 0.676667 | 0.636667 |   1.202316 |      238 |      197 |       41 |   5.426014 |      6 | 0.946009 | 1.367135
1487 | 445800.0 | 446100.0 | 0.005749 | 0.016633 |   5.426014 |      6 | 0.946009 | 0.600000 | 0.666667 | 0.696667 | 0.676667 |   0.601217 |      238 |      200 |       38 |   5.425631 |      6 | 0.949466 | 1.279613
1488 | 446100.0 | 446400.0 | 0.005747 | 0.016631 |   5.425631 |      6 | 0.949466 | 0.600000 | 0.693333 | 0.690000 | 0.660000 |   0.901913 |      241 |      208 |       33 |   5.425094 |      6 | 0.954649 | 1.148374
1489 | 446400.0 | 446700.0 | 0.005744 | 0.016630 |   5.425094 |      6 | 0.954649 | 0.600000 | 0.663333 | 0.623333 | 0.656667 |  -1.002223 |      235 |      199 |       36 |   5.424731 |      6 | 0.948892 | 1.294145
1490 | 446700.0 | 447000.0 | 0.005741 | 0.016628 |   5.424731 |      6 | 0.948892 | 0.600000 | 0.700000 | 0.666667 | 0.676667 |  -0.300696 |      241 |      210 |       31 |   5.424156 |      6 | 0.947165 | 1.337861
1491 | 447000.0 | 447300.0 | 0.005739 | 0.016626 |   5.424156 |      6 | 0.947165 | 0.600000 | 0.713333 | 0.660000 | 0.670000 |  -0.300726 |      242 |      214 |       28 |   5.423506 |      6 | 0.945440 | 1.381563
1492 | 447300.0 | 447600.0 | 0.005736 | 0.016625 |   5.423506 |      6 | 0.945440 | 0.600000 | 0.690000 | 0.680000 | 0.720000 |  -1.203019 |      240 |      207 |       33 |   5.422990 |      6 | 0.938539 | 1.556308
1493 | 447600.0 | 447900.0 | 0.005734 | 0.016623 |   5.422990 |      6 | 0.938539 | 0.600000 | 0.670000 | 0.686667 | 0.673333 |   0.401045 |      240 |      201 |       39 |   5.422588 |      6 | 0.940838 | 1.498079
1494 | 447900.0 | 448200.0 | 0.005731 | 0.016622 |   5.422588 |      6 | 0.940838 | 0.600000 | 0.676667 | 0.690000 | 0.673333 |   0.501356 |      240 |      203 |       37 |   5.422149 |      6 | 0.943712 | 1.425319
1495 | 448200.0 | 448500.0 | 0.005729 | 0.016620 |   5.422149 |      6 | 0.943712 | 0.600000 | 0.693333 | 0.673333 | 0.680000 |  -0.200562 |      241 |      208 |       33 |   5.421614 |      6 | 0.942563 | 1.454413
1496 | 448500.0 | 448800.0 | 0.005726 | 0.016618 |   5.421614 |      6 | 0.942563 | 0.600000 | 0.670000 | 0.656667 | 0.680000 |  -0.702034 |      239 |      201 |       38 |   5.421213 |      6 | 0.938543 | 1.556208
1497 | 448800.0 | 449100.0 | 0.005724 | 0.016617 |   5.421213 |      6 | 0.938543 | 0.600000 | 0.700000 | 0.653333 | 0.646667 |   0.200601 |      242 |      210 |       32 |   5.420641 |      6 | 0.939691 | 1.527134
1498 | 449100.0 | 449400.0 | 0.005721 | 0.016615 |   5.420641 |      6 | 0.939691 | 0.600000 | 0.660000 | 0.646667 | 0.653333 |  -0.200620 |      237 |      198 |       39 |   5.420298 |      6 | 0.938543 | 1.556198
1499 | 449400.0 | 449700.0 | 0.005719 | 0.016614 |   5.420298 |      6 | 0.938543 | 0.600000 | 0.710000 | 0.710000 | 0.680000 |   0.902878 |      242 |      213 |       29 |   5.419669 |      6 | 0.943706 | 1.425453
1500 | 449700.0 | 450000.0 | 0.005716 | 0.016612 |   5.419669 |      6 | 0.943706 | 0.600000 | 0.706667 | 0.690000 | 0.643333 |   1.404613 |      243 |      212 |       31 |   5.419059 |      6 | 0.951736 | 1.222139
1501 | 450000.0 | 450300.0 | 0.005714 | 0.016610 |   5.419059 |      6 | 0.951736 | 0.600000 | 0.726667 | 0.650000 | 0.670000 |  -0.602035 |      244 |      218 |       26 |   5.418335 |      6 | 0.948296 | 1.309244
1502 | 450300.0 | 450600.0 | 0.005711 | 0.016609 |   5.418335 |      6 | 0.948296 | 0.600000 | 0.730000 | 0.670000 | 0.693333 |  -0.702442 |      243 |      219 |       24 |   5.417593 |      6 | 0.944284 | 1.410831
1503 | 450600.0 | 450900.0 | 0.005709 | 0.016607 |   5.417593 |      6 | 0.944284 | 0.600000 | 0.706667 | 0.730000 | 0.666667 |   1.906813 |      243 |      212 |       31 |   5.416984 |      6 | 0.955169 | 1.135188
1504 | 450900.0 | 451200.0 | 0.005706 | 0.016606 |   5.416984 |      6 | 0.955169 | 0.600000 | 0.693333 | 0.620000 | 0.706667 |  -2.609575 |      239 |      208 |       31 |   5.416451 |      6 | 0.940278 | 1.512256
1505 | 451200.0 | 451500.0 | 0.005704 | 0.016604 |   5.416451 |      6 | 0.940278 | 0.600000 | 0.720000 | 0.656667 | 0.680000 |  -0.702646 |      243 |      216 |       27 |   5.415767 |      6 | 0.936271 | 1.613740
1506 | 451500.0 | 451800.0 | 0.005701 | 0.016602 |   5.415767 |      6 | 0.936271 | 0.600000 | 0.636667 | 0.683333 | 0.690000 |  -0.200775 |      235 |      191 |       44 |   5.415558 |      6 | 0.935126 | 1.642725
1507 | 451800.0 | 452100.0 | 0.005699 | 0.016601 |   5.415558 |      6 | 0.935126 | 0.600000 | 0.676667 | 0.656667 | 0.683333 |  -0.803178 |      242 |      203 |       39 |   5.415121 |      6 | 0.930549 | 1.758628
1508 | 452100.0 | 452400.0 | 0.005696 | 0.016599 |   5.415121 |      6 | 0.930549 | 0.600000 | 0.676667 | 0.696667 | 0.656667 |   1.204884 |      240 |      203 |       37 |   5.414684 |      6 | 0.937412 | 1.584833
1509 | 452400.0 | 452700.0 | 0.005694 | 0.016598 |   5.414684 |      6 | 0.937412 | 0.600000 | 0.663333 | 0.706667 | 0.636667 |   2.108749 |      238 |      199 |       39 |   5.414323 |      6 | 0.949419 | 1.280794
1510 | 452700.0 | 453000.0 | 0.005691 | 0.016596 |   5.414323 |      6 | 0.949419 | 0.600000 | 0.670000 | 0.626667 | 0.673333 |  -1.405968 |      237 |      201 |       37 |   5.413925 |      6 | 0.941417 | 1.483418
1511 | 453000.0 | 453300.0 | 0.005689 | 0.016594 |   5.413925 |      6 | 0.941417 | 0.600000 | 0.626667 | 0.660000 | 0.650000 |   0.301308 |      234 |      188 |       45 |   5.413773 |      6 | 0.943131 | 1.440013
1512 | 453300.0 | 453600.0 | 0.005686 | 0.016593 |   5.413773 |      6 | 0.943131 | 0.600000 | 0.673333 | 0.646667 | 0.696667 |  -1.506684 |      240 |      202 |       38 |   5.413356 |      6 | 0.934564 | 1.656963
1513 | 453600.0 | 453900.0 | 0.005684 | 0.016591 |   5.413356 |      6 | 0.934564 | 0.600000 | 0.696667 | 0.660000 | 0.726667 |  -2.009105 |      242 |      209 |       33 |   5.412807 |      6 | 0.923144 | 1.946132
1514 | 453900.0 | 454200.0 | 0.005682 | 0.016590 |   5.412807 |      6 | 0.923144 | 0.600000 | 0.673333 | 0.710000 | 0.640000 |   2.109762 |      239 |      202 |       37 |   5.412390 |      6 | 0.935130 | 1.642607
1515 | 454200.0 | 454500.0 | 0.005679 | 0.016588 |   5.412390 |      6 | 0.935130 | 0.600000 | 0.683333 | 0.690000 | 0.673333 |   0.502373 |      241 |      205 |       36 |   5.411917 |      6 | 0.937984 | 1.570364
1516 | 454500.0 | 454800.0 | 0.005677 | 0.016586 |   5.411917 |      6 | 0.937984 | 0.600000 | 0.723333 | 0.653333 | 0.650000 |   0.100484 |      244 |      217 |       27 |   5.411217 |      6 | 0.938554 | 1.555920
1517 | 454800.0 | 455100.0 | 0.005674 | 0.016585 |   5.411217 |      6 | 0.938554 | 0.600000 | 0.713333 | 0.660000 | 0.680000 |  -0.602963 |      242 |      214 |       28 |   5.410574 |      6 | 0.935133 | 1.642554
1518 | 455100.0 | 455400.0 | 0.005672 | 0.016583 |   5.410574 |      6 | 0.935133 | 0.600000 | 0.730000 | 0.720000 | 0.676667 |   1.306544 |      246 |      219 |       27 |   5.409836 |      6 | 0.942543 | 1.454911
1519 | 455400.0 | 455700.0 | 0.005669 | 0.016582 |   5.409836 |      6 | 0.942543 | 0.600000 | 0.693333 | 0.710000 | 0.643333 |   2.010260 |      241 |      208 |       33 |   5.409307 |      6 | 0.953940 | 1.166327
1520 | 455700.0 | 456000.0 | 0.005667 | 0.016580 |   5.409307 |      6 | 0.953940 | 0.600000 | 0.706667 | 0.616667 | 0.683333 |  -2.010452 |      241 |      212 |       29 |   5.408703 |      6 | 0.942547 | 1.454814
1521 | 456000.0 | 456300.0 | 0.005664 | 0.016578 |   5.408703 |      6 | 0.942547 | 0.600000 | 0.700000 | 0.690000 | 0.693333 |  -0.100532 |      241 |      210 |       31 |   5.408136 |      6 | 0.941977 | 1.469233
1522 | 456300.0 | 456600.0 | 0.005662 | 0.016577 |   5.408136 |      6 | 0.941977 | 0.600000 | 0.680000 | 0.693333 | 0.666667 |   0.804334 |      240 |      204 |       36 |   5.407683 |      6 | 0.946531 | 1.353916
1523 | 456600.0 | 456900.0 | 0.005659 | 0.016575 |   5.407683 |      6 | 0.946531 | 0.600000 | 0.676667 | 0.706667 | 0.643333 |   1.910476 |      239 |      203 |       36 |   5.407250 |      6 | 0.957344 | 1.080130
1524 | 456900.0 | 457200.0 | 0.005657 | 0.016574 |   5.407250 |      6 | 0.957344 | 0.600000 | 0.730000 | 0.586667 | 0.680000 |  -2.815707 |      242 |      219 |       23 |   5.406514 |      6 | 0.941415 | 1.483469
1525 | 457200.0 | 457500.0 | 0.005655 | 0.016572 |   5.406514 |      6 | 0.941415 | 0.600000 | 0.683333 | 0.660000 | 0.666667 |  -0.201141 |      240 |      205 |       35 |   5.406043 |      6 | 0.940278 | 1.512269
1526 | 457500.0 | 457800.0 | 0.005652 | 0.016571 |   5.406043 |      6 | 0.940278 | 0.600000 | 0.663333 | 0.666667 | 0.646667 |   0.603481 |      239 |      199 |       40 |   5.405685 |      6 | 0.943689 | 1.425897
1527 | 457800.0 | 458100.0 | 0.005650 | 0.016569 |   5.405685 |      6 | 0.943689 | 0.600000 | 0.676667 | 0.693333 | 0.693333 |   0.000000 |      239 |      203 |       36 |   5.405252 |      6 | 0.943689 | 1.425897
1528 | 458100.0 | 458400.0 | 0.005647 | 0.016567 |   5.405252 |      6 | 0.943689 | 0.600000 | 0.710000 | 0.716667 | 0.673333 |   1.307790 |      242 |      213 |       29 |   5.404631 |      6 | 0.951074 | 1.238884
1529 | 458400.0 | 458700.0 | 0.005645 | 0.016566 |   5.404631 |      6 | 0.951074 | 0.600000 | 0.683333 | 0.640000 | 0.626667 |   0.402435 |      237 |      205 |       32 |   5.404160 |      6 | 0.953346 | 1.181360
1530 | 458700.0 | 459000.0 | 0.005642 | 0.016564 |   5.404160 |      6 | 0.953346 | 0.600000 | 0.733333 | 0.613333 | 0.726667 |  -3.421025 |      243 |      220 |       23 |   5.403408 |      6 | 0.934043 | 1.670146
1531 | 459000.0 | 459300.0 | 0.005640 | 0.016563 |   5.403408 |      6 | 0.934043 | 0.600000 | 0.656667 | 0.686667 | 0.673333 |   0.402512 |      240 |      197 |       43 |   5.403088 |      6 | 0.936313 | 1.612661
1532 | 459300.0 | 459600.0 | 0.005638 | 0.016561 |   5.403088 |      6 | 0.936313 | 0.600000 | 0.690000 | 0.706667 | 0.636667 |   2.113387 |      240 |      207 |       33 |   5.402581 |      6 | 0.948228 | 1.310966
1533 | 459600.0 | 459900.0 | 0.005635 | 0.016560 |   5.402581 |      6 | 0.948228 | 0.600000 | 0.730000 | 0.696667 | 0.670000 |   0.805176 |      243 |      219 |       24 |   5.401848 |      6 | 0.952765 | 1.196073
1534 | 459900.0 | 460200.0 | 0.005633 | 0.016558 |   5.401848 |      6 | 0.952765 | 0.600000 | 0.680000 | 0.646667 | 0.686667 |  -1.207879 |      240 |      204 |       36 |   5.401398 |      6 | 0.945961 | 1.368355
1535 | 460200.0 | 460500.0 | 0.005630 | 0.016556 |   5.401398 |      6 | 0.945961 | 0.600000 | 0.690000 | 0.633333 | 0.690000 |  -1.711323 |      240 |      207 |       34 |   5.400891 |      6 | 0.936326 | 1.612339
1536 | 460500.0 | 460800.0 | 0.005628 | 0.016555 |   5.400891 |      6 | 0.936326 | 0.600000 | 0.676667 | 0.690000 | 0.660000 |   0.906080 |      240 |      203 |       36 |   5.400459 |      6 | 0.941425 | 1.483214
1537 | 460800.0 | 461100.0 | 0.005626 | 0.016553 |   5.400459 |      6 | 0.941425 | 0.600000 | 0.710000 | 0.686667 | 0.643333 |   1.308907 |      243 |      213 |       31 |   5.399841 |      6 | 0.948789 | 1.296762
1538 | 461100.0 | 461400.0 | 0.005623 | 0.016552 |   5.399841 |      6 | 0.948789 | 0.600000 | 0.686667 | 0.693333 | 0.643333 |   1.510419 |      238 |      206 |       31 |   5.399353 |      6 | 0.957282 | 1.081696
1539 | 461400.0 | 461700.0 | 0.005621 | 0.016550 |   5.399353 |      6 | 0.957282 | 0.600000 | 0.686667 | 0.566667 | 0.646667 |  -2.416899 |      239 |      206 |       33 |   5.398866 |      6 | 0.943697 | 1.425687
1540 | 461700.0 | 462000.0 | 0.005618 | 0.016549 |   5.398866 |      6 | 0.943697 | 0.600000 | 0.720000 | 0.673333 | 0.670000 |   0.100714 |      243 |      216 |       28 |   5.398192 |      6 | 0.944263 | 1.411359
1541 | 462000.0 | 462300.0 | 0.005616 | 0.016547 |   5.398192 |      6 | 0.944263 | 0.600000 | 0.706667 | 0.686667 | 0.700000 |  -0.402893 |      243 |      212 |       30 |   5.397593 |      6 | 0.942000 | 1.468652
1542 | 462300.0 | 462600.0 | 0.005614 | 0.016545 |   5.397593 |      6 | 0.942000 | 0.600000 | 0.700000 | 0.713333 | 0.713333 |   0.000000 |      242 |      210 |       32 |   5.397032 |      6 | 0.942000 | 1.468652
1543 | 462600.0 | 462900.0 | 0.005611 | 0.016544 |   5.397032 |      6 | 0.942000 | 0.600000 | 0.736667 | 0.633333 | 0.673333 |  -1.208906 |      245 |      221 |       24 |   5.396265 |      6 | 0.935217 | 1.640419
1544 | 462900.0 | 463200.0 | 0.005609 | 0.016542 |   5.396265 |      6 | 0.935217 | 0.600000 | 0.700000 | 0.723333 | 0.650000 |   2.216535 |      241 |      210 |       31 |   5.395704 |      6 | 0.947649 | 1.325618
1545 | 463200.0 | 463500.0 | 0.005606 | 0.016541 |   5.395704 |      6 | 0.947649 | 0.600000 | 0.663333 | 0.660000 | 0.720000 |  -1.813700 |      238 |      199 |       39 |   5.395349 |      6 | 0.937481 | 1.583097
1546 | 463500.0 | 463800.0 | 0.005604 | 0.016539 |   5.395349 |      6 | 0.937481 | 0.600000 | 0.670000 | 0.693333 | 0.700000 |  -0.201541 |      240 |      201 |       39 |   5.394957 |      6 | 0.936351 | 1.611696
1547 | 463800.0 | 464100.0 | 0.005602 | 0.016538 |   5.394957 |      6 | 0.936351 | 0.600000 | 0.686667 | 0.683333 | 0.673333 |   0.302340 |      241 |      206 |       35 |   5.394471 |      6 | 0.938045 | 1.568812
1548 | 464100.0 | 464400.0 | 0.005599 | 0.016536 |   5.394471 |      6 | 0.938045 | 0.600000 | 0.680000 | 0.650000 | 0.666667 |  -0.503947 |      239 |      204 |       35 |   5.394023 |      6 | 0.935223 | 1.640263
1549 | 464400.0 | 464700.0 | 0.005597 | 0.016535 |   5.394023 |      6 | 0.935223 | 0.600000 | 0.693333 | 0.700000 | 0.693333 |   0.201598 |      242 |      208 |       34 |   5.393501 |      6 | 0.936351 | 1.611692
1550 | 464700.0 | 465000.0 | 0.005594 | 0.016533 |   5.393501 |      6 | 0.936351 | 0.600000 | 0.723333 | 0.650000 | 0.673333 |  -0.705659 |      244 |      217 |       27 |   5.392811 |      6 | 0.932404 | 1.711657
1551 | 465000.0 | 465300.0 | 0.005592 | 0.016531 |   5.392811 |      6 | 0.932404 | 0.600000 | 0.716667 | 0.680000 | 0.666667 |   0.403271 |      244 |      215 |       29 |   5.392158 |      6 | 0.934659 | 1.654553
1552 | 465300.0 | 465600.0 | 0.005590 | 0.016530 |   5.392158 |      6 | 0.934659 | 0.600000 | 0.660000 | 0.670000 | 0.663333 |   0.201655 |      238 |      198 |       40 |   5.391823 |      6 | 0.935786 | 1.626010
1553 | 465600.0 | 465900.0 | 0.005587 | 0.016528 |   5.391823 |      6 | 0.935786 | 0.600000 | 0.706667 | 0.683333 | 0.650000 |   1.008367 |      243 |      212 |       31 |   5.391227 |      6 | 0.941420 | 1.483344
1554 | 465900.0 | 466200.0 | 0.005585 | 0.016527 |   5.391227 |      6 | 0.941420 | 0.600000 | 0.700000 | 0.676667 | 0.666667 |   0.302539 |      242 |      210 |       32 |   5.390668 |      6 | 0.943110 | 1.440558
1555 | 466200.0 | 466500.0 | 0.005583 | 0.016525 |   5.390668 |      6 | 0.943110 | 0.600000 | 0.703333 | 0.683333 | 0.653333 |   0.907700 |      242 |      211 |       31 |   5.390092 |      6 | 0.948177 | 1.312243
1556 | 466500.0 | 466800.0 | 0.005580 | 0.016524 |   5.390092 |      6 | 0.948177 | 0.600000 | 0.700000 | 0.733333 | 0.676667 |   1.714705 |      241 |      210 |       31 |   5.389534 |      6 | 0.957746 | 1.069950
1557 | 466800.0 | 467100.0 | 0.005578 | 0.016522 |   5.389534 |      6 | 0.957746 | 0.600000 | 0.730000 | 0.563333 | 0.650000 |  -2.622735 |      243 |      219 |       24 |   5.388808 |      6 | 0.943116 | 1.440394
1558 | 467100.0 | 467400.0 | 0.005576 | 0.016521 |   5.388808 |      6 | 0.943116 | 0.600000 | 0.670000 | 0.680000 | 0.680000 |   0.000000 |      239 |      201 |       38 |   5.388418 |      6 | 0.943116 | 1.440394
1559 | 467400.0 | 467700.0 | 0.005573 | 0.016519 |   5.388418 |      6 | 0.943116 | 0.600000 | 0.736667 | 0.683333 | 0.676667 |   0.201787 |      245 |      221 |       24 |   5.387656 |      6 | 0.944241 | 1.411917
1560 | 467700.0 | 468000.0 | 0.005571 | 0.016518 |   5.387656 |      6 | 0.944241 | 0.600000 | 0.653333 | 0.730000 | 0.656667 |   2.219859 |      237 |      196 |       41 |   5.387359 |      6 | 0.956607 | 1.098774
1561 | 468000.0 | 468300.0 | 0.005569 | 0.016516 |   5.387359 |      6 | 0.956607 | 0.600000 | 0.703333 | 0.603333 | 0.700000 |  -2.926450 |      238 |      211 |       27 |   5.386784 |      6 | 0.940311 | 1.511418
1562 | 468300.0 | 468600.0 | 0.005566 | 0.016514 |   5.386784 |      6 | 0.940311 | 0.600000 | 0.640000 | 0.680000 | 0.673333 |   0.201843 |      237 |      192 |       45 |   5.386561 |      6 | 0.941435 | 1.482969
1563 | 468600.0 | 468900.0 | 0.005564 | 0.016513 |   5.386561 |      6 | 0.941435 | 0.600000 | 0.683333 | 0.680000 | 0.683333 |  -0.100931 |      240 |      205 |       35 |   5.386098 |      6 | 0.940873 | 1.497189
1564 | 468900.0 | 469200.0 | 0.005562 | 0.016511 |   5.386098 |      6 | 0.940873 | 0.600000 | 0.713333 | 0.653333 | 0.680000 |  -0.807522 |      242 |      214 |       29 |   5.385467 |      6 | 0.936382 | 1.610910
1565 | 469200.0 | 469500.0 | 0.005559 | 0.016510 |   5.385467 |      6 | 0.936382 | 0.600000 | 0.680000 | 0.660000 | 0.703333 |  -1.312345 |      241 |      204 |       36 |   5.385023 |      6 | 0.929087 | 1.795646
1566 | 469500.0 | 469800.0 | 0.005557 | 0.016508 |   5.385023 |      6 | 0.929087 | 0.600000 | 0.676667 | 0.680000 | 0.596667 |   2.523974 |      240 |      203 |       37 |   5.384597 |      6 | 0.943112 | 1.440501
1567 | 469800.0 | 470100.0 | 0.005555 | 0.016507 |   5.384597 |      6 | 0.943112 | 0.600000 | 0.710000 | 0.670000 | 0.646667 |   0.706778 |      242 |      213 |       29 |   5.383986 |      6 | 0.947038 | 1.341093
1568 | 470100.0 | 470400.0 | 0.005552 | 0.016505 |   5.383986 |      6 | 0.947038 | 0.600000 | 0.713333 | 0.703333 | 0.676667 |   0.807822 |      243 |      214 |       29 |   5.383356 |      6 | 0.951523 | 1.227520
1569 | 470400.0 | 470700.0 | 0.005550 | 0.016504 |   5.383356 |      6 | 0.951523 | 0.600000 | 0.713333 | 0.623333 | 0.680000 |  -1.716780 |      241 |      214 |       27 |   5.382727 |      6 | 0.941995 | 1.468782
1570 | 470700.0 | 471000.0 | 0.005548 | 0.016502 |   5.382727 |      6 | 0.941995 | 0.600000 | 0.730000 | 0.646667 | 0.660000 |  -0.403986 |      245 |      219 |       26 |   5.382006 |      6 | 0.939754 | 1.525531
1571 | 471000.0 | 471300.0 | 0.005545 | 0.016501 |   5.382006 |      6 | 0.939754 | 0.600000 | 0.686667 | 0.696667 | 0.686667 |   0.303017 |      241 |      206 |       35 |   5.381526 |      6 | 0.941434 | 1.482983
1572 | 471300.0 | 471600.0 | 0.005543 | 0.016499 |   5.381526 |      6 | 0.941434 | 0.600000 | 0.690000 | 0.666667 | 0.676667 |  -0.303045 |      240 |      207 |       33 |   5.381027 |      6 | 0.939755 | 1.525517
1573 | 471600.0 | 471900.0 | 0.005541 | 0.016498 |   5.381027 |      6 | 0.939755 | 0.600000 | 0.670000 | 0.680000 | 0.700000 |  -0.606147 |      239 |      201 |       38 |   5.380639 |      6 | 0.936396 | 1.610557
1574 | 471900.0 | 472200.0 | 0.005538 | 0.016496 |   5.380639 |      6 | 0.936396 | 0.600000 | 0.710000 | 0.656667 | 0.680000 |  -0.707237 |      243 |      213 |       30 |   5.380030 |      6 | 0.932479 | 1.709738
1575 | 472200.0 | 472500.0 | 0.005536 | 0.016495 |   5.380030 |      6 | 0.932479 | 0.600000 | 0.680000 | 0.720000 | 0.626667 |   2.829207 |      241 |      204 |       37 |   5.379587 |      6 | 0.948142 | 1.313143
1576 | 472500.0 | 472800.0 | 0.005534 | 0.016493 |   5.379587 |      6 | 0.948142 | 0.600000 | 0.716667 | 0.700000 | 0.676667 |   0.707367 |      243 |      215 |       28 |   5.378941 |      6 | 0.952056 | 1.214027
1577 | 472800.0 | 473100.0 | 0.005531 | 0.016492 |   5.378941 |      6 | 0.952056 | 0.600000 | 0.680000 | 0.663333 | 0.710000 |  -1.414865 |      237 |      204 |       33 |   5.378499 |      6 | 0.944230 | 1.412195
1578 | 473100.0 | 473400.0 | 0.005529 | 0.016490 |   5.378499 |      6 | 0.944230 | 0.600000 | 0.720000 | 0.673333 | 0.653333 |   0.606426 |      244 |      216 |       28 |   5.377835 |      6 | 0.947583 | 1.327293
1579 | 473400.0 | 473700.0 | 0.005527 | 0.016489 |   5.377835 |      6 | 0.947583 | 0.600000 | 0.723333 | 0.690000 | 0.646667 |   1.314045 |      244 |      217 |       27 |   5.377154 |      6 | 0.954845 | 1.143399
1580 | 473700.0 | 474000.0 | 0.005524 | 0.016487 |   5.377154 |      6 | 0.954845 | 0.600000 | 0.663333 | 0.570000 | 0.650000 |  -2.426153 |      234 |      199 |       35 |   5.376804 |      6 | 0.941442 | 1.482786
1581 | 474000.0 | 474300.0 | 0.005522 | 0.016485 |   5.376804 |      6 | 0.941442 | 0.600000 | 0.700000 | 0.666667 | 0.596667 |   2.123079 |      242 |      210 |       32 |   5.376251 |      6 | 0.953166 | 1.185919
1582 | 474300.0 | 474600.0 | 0.005520 | 0.016484 |   5.376251 |      6 | 0.953166 | 0.600000 | 0.706667 | 0.616667 | 0.720000 |  -3.134357 |      241 |      212 |       29 |   5.375663 |      6 | 0.935865 | 1.624009
1583 | 474600.0 | 474900.0 | 0.005517 | 0.016482 |   5.375663 |      6 | 0.935865 | 0.600000 | 0.696667 | 0.653333 | 0.696667 |  -1.314529 |      242 |      209 |       33 |   5.375129 |      6 | 0.928612 | 1.807665
1584 | 474900.0 | 475200.0 | 0.005515 | 0.016481 |   5.375129 |      6 | 0.928612 | 0.600000 | 0.743333 | 0.650000 | 0.673333 |  -0.707888 |      247 |      223 |       24 |   5.374339 |      6 | 0.924708 | 1.906524
1585 | 475200.0 | 475500.0 | 0.005513 | 0.016479 |   5.374339 |      6 | 0.924708 | 0.600000 | 0.653333 | 0.693333 | 0.633333 |   1.820451 |      237 |      196 |       41 |   5.374045 |      6 | 0.934744 | 1.652396
1586 | 475500.0 | 475800.0 | 0.005511 | 0.016478 |   5.374045 |      6 | 0.934744 | 0.600000 | 0.670000 | 0.636667 | 0.683333 |  -1.416036 |      240 |      201 |       39 |   5.373659 |      6 | 0.926941 | 1.849987
1587 | 475800.0 | 476100.0 | 0.005508 | 0.016476 |   5.373659 |      6 | 0.926941 | 0.600000 | 0.686667 | 0.710000 | 0.690000 |   0.606928 |      241 |      206 |       35 |   5.373182 |      6 | 0.930284 | 1.765333
1588 | 476100.0 | 476400.0 | 0.005506 | 0.016475 |   5.373182 |      6 | 0.930284 | 0.600000 | 0.656667 | 0.683333 | 0.700000 |  -0.505820 |      238 |      197 |       41 |   5.372870 |      6 | 0.927499 | 1.835856
1589 | 476400.0 | 476700.0 | 0.005504 | 0.016473 |   5.372870 |      6 | 0.927499 | 0.600000 | 0.680000 | 0.676667 | 0.700000 |  -0.708213 |      241 |      204 |       37 |   5.372429 |      6 | 0.923601 | 1.934555
1590 | 476700.0 | 477000.0 | 0.005501 | 0.016472 |   5.372429 |      6 | 0.923601 | 0.600000 | 0.686667 | 0.676667 | 0.693333 |  -0.505912 |      241 |      206 |       35 |   5.371953 |      6 | 0.920818 | 2.005032
1591 | 477000.0 | 477300.0 | 0.005499 | 0.016470 |   5.371953 |      6 | 0.920818 | 0.600000 | 0.630000 | 0.673333 | 0.670000 |   0.101192 |      235 |      189 |       46 |   5.371788 |      6 | 0.921374 | 1.990942
1592 | 477300.0 | 477600.0 | 0.005497 | 0.016469 |   5.371788 |      6 | 0.921374 | 0.600000 | 0.690000 | 0.693333 | 0.693333 |   0.000000 |      241 |      207 |       34 |   5.371293 |      6 | 0.921374 | 1.990942
1593 | 477600.0 | 477900.0 | 0.005495 | 0.016467 |   5.371293 |      6 | 0.921374 | 0.600000 | 0.626667 | 0.640000 | 0.683333 |  -1.315733 |      236 |      188 |       48 |   5.371146 |      6 | 0.914145 | 2.174005
1594 | 477900.0 | 478200.0 | 0.005492 | 0.016466 |   5.371146 |      6 | 0.914145 | 0.600000 | 0.640000 | 0.680000 | 0.650000 |   0.910975 |      238 |      192 |       46 |   5.370927 |      6 | 0.919148 | 2.047309
1595 | 478200.0 | 478500.0 | 0.005490 | 0.016464 |   5.370927 |      6 | 0.919148 | 0.600000 | 0.726667 | 0.733333 | 0.650000 |   2.530717 |      245 |      218 |       27 |   5.370231 |      6 | 0.933042 | 1.695491
1596 | 478500.0 | 478800.0 | 0.005488 | 0.016463 |   5.370231 |      6 | 0.933042 | 0.600000 | 0.686667 | 0.680000 | 0.663333 |   0.506190 |      239 |      206 |       33 |   5.369756 |      6 | 0.935820 | 1.625151
1597 | 478800.0 | 479100.0 | 0.005486 | 0.016461 |   5.369756 |      6 | 0.935820 | 0.600000 | 0.670000 | 0.630000 | 0.623333 |   0.202494 |      240 |      201 |       39 |   5.369372 |      6 | 0.936931 | 1.597023
1598 | 479100.0 | 479400.0 | 0.005483 | 0.016460 |   5.369372 |      6 | 0.936931 | 0.600000 | 0.723333 | 0.693333 | 0.666667 |   0.810051 |      244 |      217 |       27 |   5.368695 |      6 | 0.941372 | 1.484550
1599 | 479400.0 | 479700.0 | 0.005481 | 0.016458 |   5.368695 |      6 | 0.941372 | 0.600000 | 0.676667 | 0.666667 | 0.690000 |  -0.708859 |      239 |      203 |       36 |   5.368275 |      6 | 0.937487 | 1.582932
1600 | 479700.0 | 480000.0 | 0.005479 | 0.016457 |   5.368275 |      6 | 0.937487 | 0.600000 | 0.710000 | 0.656667 | 0.670000 |  -0.405099 |      244 |      213 |       31 |   5.367673 |      6 | 0.935268 | 1.639133
1601 | 480000.0 | 480300.0 | 0.005477 | 0.016455 |   5.367673 |      6 | 0.935268 | 0.600000 | 0.683333 | 0.723333 | 0.620000 |   3.139804 |      239 |      205 |       34 |   5.367216 |      6 | 0.952463 | 1.203719
1602 | 480300.0 | 480600.0 | 0.005474 | 0.016454 |   5.367216 |      6 | 0.952463 | 0.600000 | 0.700000 | 0.626667 | 0.663333 |  -1.114225 |      239 |      210 |       29 |   5.366669 |      6 | 0.946363 | 1.358171
1603 | 480600.0 | 480900.0 | 0.005472 | 0.016452 |   5.366669 |      6 | 0.946363 | 0.600000 | 0.716667 | 0.686667 | 0.676667 |   0.303907 |      244 |      215 |       29 |   5.366030 |      6 | 0.948026 | 1.316061
1604 | 480900.0 | 481200.0 | 0.005470 | 0.016451 |   5.366030 |      6 | 0.948026 | 0.600000 | 0.690000 | 0.660000 | 0.646667 |   0.405246 |      240 |      207 |       34 |   5.365538 |      6 | 0.950243 | 1.259933
1605 | 481200.0 | 481500.0 | 0.005468 | 0.016449 |   5.365538 |      6 | 0.950243 | 0.600000 | 0.703333 | 0.656667 | 0.656667 |   0.000000 |      241 |      211 |       29 |   5.364973 |      6 | 0.950243 | 1.259933
1606 | 481500.0 | 481800.0 | 0.005465 | 0.016448 |   5.364973 |      6 | 0.950243 | 0.600000 | 0.696667 | 0.676667 | 0.673333 |   0.101330 |      240 |      209 |       32 |   5.364445 |      6 | 0.950797 | 1.245909
1607 | 481800.0 | 482100.0 | 0.005463 | 0.016446 |   5.364445 |      6 | 0.950797 | 0.600000 | 0.676667 | 0.633333 | 0.636667 |  -0.101339 |      239 |      203 |       35 |   5.364026 |      6 | 0.950243 | 1.259928
1608 | 482100.0 | 482400.0 | 0.005461 | 0.016445 |   5.364026 |      6 | 0.950243 | 0.600000 | 0.680000 | 0.703333 | 0.666667 |   1.114831 |      239 |      204 |       35 |   5.363589 |      6 | 0.956331 | 1.105772
1609 | 482400.0 | 482700.0 | 0.005459 | 0.016443 |   5.363589 |      6 | 0.956331 | 0.600000 | 0.683333 | 0.596667 | 0.660000 |  -1.925792 |      237 |      205 |       33 |   5.363134 |      6 | 0.945819 | 1.371957
1610 | 482700.0 | 483000.0 | 0.005456 | 0.016442 |   5.363134 |      6 | 0.945819 | 0.600000 | 0.666667 | 0.680000 | 0.646667 |   1.013666 |      238 |      200 |       37 |   5.362770 |      6 | 0.951350 | 1.231904
1611 | 483000.0 | 483300.0 | 0.005454 | 0.016440 |   5.362770 |      6 | 0.951350 | 0.600000 | 0.690000 | 0.720000 | 0.656667 |   1.926140 |      240 |      207 |       33 |   5.362280 |      6 | 0.961855 | 0.965889
1612 | 483300.0 | 483600.0 | 0.005452 | 0.016439 |   5.362280 |      6 | 0.961855 | 0.600000 | 0.703333 | 0.476667 | 0.686667 |  -6.387250 |      239 |      211 |       28 |   5.361716 |      6 | 0.927033 | 1.847658
1613 | 483600.0 | 483900.0 | 0.005450 | 0.016438 |   5.361716 |      6 | 0.927033 | 0.600000 | 0.710000 | 0.660000 | 0.630000 |   0.912547 |      242 |      213 |       29 |   5.361117 |      6 | 0.932006 | 1.721731
1614 | 483900.0 | 484200.0 | 0.005447 | 0.016436 |   5.361117 |      6 | 0.932006 | 0.600000 | 0.713333 | 0.690000 | 0.700000 |  -0.304210 |      245 |      214 |       31 |   5.360499 |      6 | 0.930349 | 1.763693
1615 | 484200.0 | 484500.0 | 0.005445 | 0.016435 |   5.360499 |      6 | 0.930349 | 0.600000 | 0.740000 | 0.670000 | 0.680000 |  -0.304237 |      246 |      222 |       24 |   5.359737 |      6 | 0.928692 | 1.805642
1616 | 484500.0 | 484800.0 | 0.005443 | 0.016433 |   5.359737 |      6 | 0.928692 | 0.600000 | 0.663333 | 0.710000 | 0.690000 |   0.608529 |      239 |      199 |       40 |   5.359392 |      6 | 0.932004 | 1.721771
1617 | 484800.0 | 485100.0 | 0.005441 | 0.016432 |   5.359392 |      6 | 0.932004 | 0.600000 | 0.700000 | 0.676667 | 0.636667 |   1.217167 |      243 |      210 |       33 |   5.358848 |      6 | 0.938627 | 1.554082
1618 | 485100.0 | 485400.0 | 0.005439 | 0.016430 |   5.358848 |      6 | 0.938627 | 0.600000 | 0.686667 | 0.663333 | 0.623333 |   1.217277 |      241 |      206 |       35 |   5.358377 |      6 | 0.945247 | 1.386446
1619 | 485400.0 | 485700.0 | 0.005436 | 0.016429 |   5.358377 |      6 | 0.945247 | 0.600000 | 0.700000 | 0.636667 | 0.740000 |  -3.144915 |      240 |      210 |       30 |   5.357833 |      6 | 0.928150 | 1.819368
1620 | 485700.0 | 486000.0 | 0.005434 | 0.016427 |   5.357833 |      6 | 0.928150 | 0.600000 | 0.656667 | 0.716667 | 0.666667 |   1.521870 |      238 |      197 |       41 |   5.357525 |      6 | 0.936420 | 1.609956
1621 | 486000.0 | 486300.0 | 0.005432 | 0.016426 |   5.357525 |      6 | 0.936420 | 0.600000 | 0.660000 | 0.690000 | 0.663333 |   0.811737 |      239 |      198 |       41 |   5.357199 |      6 | 0.940829 | 1.498305
1622 | 486300.0 | 486600.0 | 0.005430 | 0.016424 |   5.357199 |      6 | 0.940829 | 0.600000 | 0.660000 | 0.683333 | 0.673333 |   0.304429 |      238 |      198 |       40 |   5.356874 |      6 | 0.942482 | 1.456449
1623 | 486600.0 | 486900.0 | 0.005428 | 0.016423 |   5.356874 |      6 | 0.942482 | 0.600000 | 0.710000 | 0.670000 | 0.646667 |   0.710397 |      243 |      213 |       30 |   5.356277 |      6 | 0.946338 | 1.358817
1624 | 486900.0 | 487200.0 | 0.005425 | 0.016421 |   5.356277 |      6 | 0.946338 | 0.600000 | 0.720000 | 0.680000 | 0.670000 |   0.304483 |      243 |      216 |       27 |   5.355625 |      6 | 0.947990 | 1.316988
1625 | 487200.0 | 487500.0 | 0.005423 | 0.016420 |   5.355625 |      6 | 0.947990 | 0.600000 | 0.683333 | 0.670000 | 0.716667 |  -1.421049 |      240 |      205 |       35 |   5.355174 |      6 | 0.940283 | 1.512129
1626 | 487500.0 | 487800.0 | 0.005421 | 0.016418 |   5.355174 |      6 | 0.940283 | 0.600000 | 0.676667 | 0.673333 | 0.670000 |   0.101513 |      239 |      203 |       36 |   5.354758 |      6 | 0.940834 | 1.498195
1627 | 487800.0 | 488100.0 | 0.005419 | 0.016417 |   5.354758 |      6 | 0.940834 | 0.600000 | 0.663333 | 0.673333 | 0.683333 |  -0.304565 |      239 |      199 |       40 |   5.354415 |      6 | 0.939183 | 1.539985
1628 | 488100.0 | 488400.0 | 0.005417 | 0.016415 |   5.354415 |      6 | 0.939183 | 0.600000 | 0.673333 | 0.670000 | 0.670000 |   0.000000 |      238 |      202 |       36 |   5.354018 |      6 | 0.939183 | 1.539985
1629 | 488400.0 | 488700.0 | 0.005414 | 0.016414 |   5.354018 |      6 | 0.939183 | 0.600000 | 0.663333 | 0.690000 | 0.656667 |   1.015398 |      239 |      199 |       40 |   5.353675 |      6 | 0.944681 | 1.400774
1630 | 488700.0 | 489000.0 | 0.005412 | 0.016412 |   5.353675 |      6 | 0.944681 | 0.600000 | 0.733333 | 0.670000 | 0.616667 |   1.624782 |      245 |      220 |       25 |   5.352953 |      6 | 0.953474 | 1.178107
1631 | 489000.0 | 489300.0 | 0.005410 | 0.016411 |   5.352953 |      6 | 0.953474 | 0.600000 | 0.656667 | 0.616667 | 0.726667 |  -3.351412 |      236 |      197 |       39 |   5.352646 |      6 | 0.935344 | 1.637213
1632 | 489300.0 | 489600.0 | 0.005408 | 0.016410 |   5.352646 |      6 | 0.935344 | 0.600000 | 0.623333 | 0.676667 | 0.686667 |  -0.304701 |      234 |      187 |       47 |   5.352520 |      6 | 0.933696 | 1.678936
1633 | 489600.0 | 489900.0 | 0.005406 | 0.016408 |   5.352520 |      6 | 0.933696 | 0.600000 | 0.660000 | 0.696667 | 0.650000 |   1.422065 |      238 |      198 |       40 |   5.352196 |      6 | 0.941383 | 1.484287
1634 | 489900.0 | 490200.0 | 0.005403 | 0.016407 |   5.352196 |      6 | 0.941383 | 0.600000 | 0.710000 | 0.666667 | 0.666667 |   0.000000 |      243 |      213 |       30 |   5.351602 |      6 | 0.941383 | 1.484287
1635 | 490200.0 | 490500.0 | 0.005401 | 0.016405 |   5.351602 |      6 | 0.941383 | 0.600000 | 0.690000 | 0.660000 | 0.716667 |  -1.727101 |      241 |      207 |       34 |   5.351115 |      6 | 0.932054 | 1.720498
1636 | 490500.0 | 490800.0 | 0.005399 | 0.016404 |   5.351115 |      6 | 0.932054 | 0.600000 | 0.663333 | 0.643333 | 0.630000 |   0.406413 |      238 |      199 |       39 |   5.350774 |      6 | 0.934249 | 1.664937
1637 | 490800.0 | 491100.0 | 0.005397 | 0.016402 |   5.350774 |      6 | 0.934249 | 0.600000 | 0.683333 | 0.680000 | 0.670000 |   0.304837 |      241 |      205 |       36 |   5.350324 |      6 | 0.935894 | 1.623278
1638 | 491100.0 | 491400.0 | 0.005395 | 0.016401 |   5.350324 |      6 | 0.935894 | 0.600000 | 0.713333 | 0.703333 | 0.686667 |   0.508106 |      243 |      214 |       29 |   5.349712 |      6 | 0.938635 | 1.553870
1639 | 491400.0 | 491700.0 | 0.005393 | 0.016399 |   5.349712 |      6 | 0.938635 | 0.600000 | 0.703333 | 0.673333 | 0.640000 |   1.016303 |      243 |      211 |       32 |   5.349155 |      6 | 0.944115 | 1.415096
1640 | 491700.0 | 492000.0 | 0.005390 | 0.016398 |   5.349155 |      6 | 0.944115 | 0.600000 | 0.740000 | 0.670000 | 0.713333 |  -1.321311 |      245 |      222 |       24 |   5.348401 |      6 | 0.936993 | 1.595445
1641 | 492000.0 | 492300.0 | 0.005388 | 0.016396 |   5.348401 |      6 | 0.936993 | 0.600000 | 0.680000 | 0.726667 | 0.686667 |   1.219780 |      240 |      204 |       35 |   5.347969 |      6 | 0.943565 | 1.429022
1642 | 492300.0 | 492600.0 | 0.005386 | 0.016395 |   5.347969 |      6 | 0.943565 | 0.600000 | 0.686667 | 0.660000 | 0.680000 |  -0.609944 |      240 |      206 |       34 |   5.347503 |      6 | 0.940280 | 1.512207
1643 | 492600.0 | 492900.0 | 0.005384 | 0.016393 |   5.347503 |      6 | 0.940280 | 0.600000 | 0.696667 | 0.660000 | 0.733333 |  -2.236660 |      242 |      209 |       33 |   5.346982 |      6 | 0.928238 | 1.817127
1644 | 492900.0 | 493200.0 | 0.005382 | 0.016392 |   5.346982 |      6 | 0.928238 | 0.600000 | 0.673333 | 0.623333 | 0.660000 |  -1.118429 |      240 |      202 |       38 |   5.346588 |      6 | 0.922219 | 1.969539
1645 | 493200.0 | 493500.0 | 0.005380 | 0.016391 |   5.346588 |      6 | 0.922219 | 0.600000 | 0.680000 | 0.713333 | 0.683333 |   0.915159 |      240 |      204 |       36 |   5.346157 |      6 | 0.927143 | 1.844877
1646 | 493500.0 | 493800.0 | 0.005377 | 0.016389 |   5.346157 |      6 | 0.927143 | 0.600000 | 0.716667 | 0.686667 | 0.596667 |   2.745721 |      244 |      215 |       29 |   5.345530 |      6 | 0.941907 | 1.471009
1647 | 493800.0 | 494100.0 | 0.005375 | 0.016388 |   5.345530 |      6 | 0.941907 | 0.600000 | 0.706667 | 0.636667 | 0.640000 |  -0.101702 |      242 |      212 |       30 |   5.344957 |      6 | 0.941361 | 1.484851
1648 | 494100.0 | 494400.0 | 0.005373 | 0.016386 |   5.344957 |      6 | 0.941361 | 0.600000 | 0.670000 | 0.640000 | 0.690000 |  -1.525670 |      239 |      201 |       38 |   5.344580 |      6 | 0.933163 | 1.692426
1649 | 494400.0 | 494700.0 | 0.005371 | 0.016385 |   5.344580 |      6 | 0.933163 | 0.600000 | 0.746667 | 0.683333 | 0.736667 |  -1.627525 |      247 |      224 |       23 |   5.343793 |      6 | 0.924422 | 1.913770
1650 | 494700.0 | 495000.0 | 0.005369 | 0.016383 |   5.343793 |      6 | 0.924422 | 0.600000 | 0.710000 | 0.700000 | 0.646667 |   1.627669 |      243 |      213 |       31 |   5.343202 |      6 | 0.933160 | 1.692495
1651 | 495000.0 | 495300.0 | 0.005367 | 0.016382 |   5.343202 |      6 | 0.933160 | 0.600000 | 0.680000 | 0.680000 | 0.643333 |   1.119121 |      241 |      204 |       36 |   5.342773 |      6 | 0.939166 | 1.540416
1652 | 495300.0 | 495600.0 | 0.005364 | 0.016380 |   5.342773 |      6 | 0.939166 | 0.600000 | 0.676667 | 0.636667 | 0.710000 |  -2.238439 |      238 |      203 |       35 |   5.342362 |      6 | 0.927158 | 1.844480
1653 | 495600.0 | 495900.0 | 0.005362 | 0.016379 |   5.342362 |      6 | 0.927158 | 0.600000 | 0.686667 | 0.613333 | 0.646667 |  -1.017562 |      241 |      206 |       35 |   5.341897 |      6 | 0.921702 | 1.982648
1654 | 495900.0 | 496200.0 | 0.005360 | 0.016378 |   5.341897 |      6 | 0.921702 | 0.600000 | 0.670000 | 0.690000 | 0.656667 |   1.017652 |      240 |      201 |       39 |   5.341522 |      6 | 0.927156 | 1.844523
1655 | 496200.0 | 496500.0 | 0.005358 | 0.016376 |   5.341522 |      6 | 0.927156 | 0.600000 | 0.706667 | 0.646667 | 0.636667 |   0.305322 |      244 |      212 |       32 |   5.340950 |      6 | 0.928792 | 1.803098
1656 | 496500.0 | 496800.0 | 0.005356 | 0.016375 |   5.340950 |      6 | 0.928792 | 0.600000 | 0.646667 | 0.706667 | 0.666667 |   1.221397 |      237 |      194 |       43 |   5.340700 |      6 | 0.935334 | 1.637452
1657 | 496800.0 | 497100.0 | 0.005354 | 0.016373 |   5.340700 |      6 | 0.935334 | 0.600000 | 0.706667 | 0.723333 | 0.653333 |   2.137633 |      242 |      212 |       30 |   5.340129 |      6 | 0.946779 | 1.347660
1658 | 497100.0 | 497400.0 | 0.005352 | 0.016372 |   5.340129 |      6 | 0.946779 | 0.600000 | 0.700000 | 0.646667 | 0.700000 |  -1.628816 |      241 |      210 |       31 |   5.339594 |      6 | 0.938062 | 1.568385
1659 | 497400.0 | 497700.0 | 0.005350 | 0.016370 |   5.339594 |      6 | 0.938062 | 0.600000 | 0.696667 | 0.700000 | 0.660000 |   1.221719 |      241 |      209 |       32 |   5.339077 |      6 | 0.944597 | 1.402892
1660 | 497700.0 | 498000.0 | 0.005347 | 0.016369 |   5.339077 |      6 | 0.944597 | 0.600000 | 0.716667 | 0.683333 | 0.693333 |  -0.305457 |      244 |      215 |       29 |   5.338453 |      6 | 0.942964 | 1.444253
1661 | 498000.0 | 498300.0 | 0.005345 | 0.016368 |   5.338453 |      6 | 0.942964 | 0.600000 | 0.660000 | 0.693333 | 0.730000 |  -1.120106 |      238 |      198 |       40 |   5.338132 |      6 | 0.936977 | 1.595860
1662 | 498300.0 | 498600.0 | 0.005343 | 0.016366 |   5.338132 |      6 | 0.936977 | 0.600000 | 0.683333 | 0.656667 | 0.663333 |  -0.203673 |      241 |      205 |       36 |   5.337687 |      6 | 0.935888 | 1.623417
1663 | 498600.0 | 498900.0 | 0.005341 | 0.016365 |   5.337687 |      6 | 0.935888 | 0.600000 | 0.680000 | 0.663333 | 0.623333 |   1.222147 |      239 |      204 |       35 |   5.337260 |      6 | 0.942416 | 1.458129
1664 | 498900.0 | 499200.0 | 0.005339 | 0.016363 |   5.337260 |      6 | 0.942416 | 0.600000 | 0.676667 | 0.663333 | 0.643333 |   0.611127 |      240 |      203 |       37 |   5.336850 |      6 | 0.945679 | 1.375511
1665 | 499200.0 | 499500.0 | 0.005337 | 0.016362 |   5.336850 |      6 | 0.945679 | 0.600000 | 0.683333 | 0.670000 | 0.710000 |  -1.222361 |      239 |      205 |       34 |   5.336406 |      6 | 0.939155 | 1.540696
1666 | 499500.0 | 499800.0 | 0.005335 | 0.016360 |   5.336406 |      6 | 0.939155 | 0.600000 | 0.690000 | 0.636667 | 0.693333 |  -1.731830 |      241 |      207 |       34 |   5.335925 |      6 | 0.929916 | 1.774637
1667 | 499800.0 | 500100.0 | 0.005333 | 0.016359 |   5.335925 |      6 | 0.929916 | 0.600000 | 0.656667 | 0.636667 | 0.680000 |  -1.324456 |      239 |      197 |       42 |   5.335623 |      6 | 0.922854 | 1.953477
1668 | 500100.0 | 500400.0 | 0.005330 | 0.016357 |   5.335623 |      6 | 0.922854 | 0.600000 | 0.673333 | 0.660000 | 0.666667 |  -0.203780 |      240 |      202 |       38 |   5.335232 |      6 | 0.921767 | 1.980982
1669 | 500400.0 | 500700.0 | 0.005328 | 0.016356 |   5.335232 |      6 | 0.921767 | 0.600000 | 0.690000 | 0.720000 | 0.663333 |   1.732284 |      242 |      207 |       35 |   5.334753 |      6 | 0.930998 | 1.747258
1670 | 500700.0 | 501000.0 | 0.005326 | 0.016355 |   5.334753 |      6 | 0.930998 | 0.600000 | 0.690000 | 0.653333 | 0.660000 |  -0.203816 |      241 |      207 |       34 |   5.334273 |      6 | 0.929912 | 1.774747
1671 | 501000.0 | 501300.0 | 0.005324 | 0.016353 |   5.334273 |      6 | 0.929912 | 0.600000 | 0.686667 | 0.703333 | 0.693333 |   0.305750 |      241 |      206 |       35 |   5.333812 |      6 | 0.931540 | 1.733527
1672 | 501300.0 | 501600.0 | 0.005322 | 0.016352 |   5.333812 |      6 | 0.931540 | 0.600000 | 0.686667 | 0.683333 | 0.660000 |   0.713480 |      241 |      206 |       35 |   5.333351 |      6 | 0.935337 | 1.637377
1673 | 501600.0 | 501900.0 | 0.005320 | 0.016350 |   5.333351 |      6 | 0.935337 | 0.600000 | 0.730000 | 0.680000 | 0.656667 |   0.713542 |      245 |      219 |       26 |   5.332659 |      6 | 0.939133 | 1.541256
1674 | 501900.0 | 502200.0 | 0.005318 | 0.016349 |   5.332659 |      6 | 0.939133 | 0.600000 | 0.666667 | 0.666667 | 0.650000 |   0.509717 |      238 |      200 |       38 |   5.332305 |      6 | 0.941844 | 1.472620
1675 | 502200.0 | 502500.0 | 0.005316 | 0.016348 |   5.332305 |      6 | 0.941844 | 0.600000 | 0.680000 | 0.656667 | 0.670000 |  -0.407809 |      240 |      204 |       36 |   5.331879 |      6 | 0.939676 | 1.527512
1676 | 502500.0 | 502800.0 | 0.005314 | 0.016346 |   5.331879 |      6 | 0.939676 | 0.600000 | 0.673333 | 0.686667 | 0.680000 |   0.203922 |      238 |      202 |       36 |   5.331490 |      6 | 0.940759 | 1.500074
1677 | 502800.0 | 503100.0 | 0.005312 | 0.016345 |   5.331490 |      6 | 0.940759 | 0.600000 | 0.696667 | 0.680000 | 0.740000 |  -1.835461 |      243 |      209 |       34 |   5.330976 |      6 | 0.931010 | 1.746938
1678 | 503100.0 | 503400.0 | 0.005309 | 0.016343 |   5.330976 |      6 | 0.931010 | 0.600000 | 0.676667 | 0.690000 | 0.713333 |  -0.713852 |      239 |      203 |       37 |   5.330569 |      6 | 0.927220 | 1.842911
1679 | 503400.0 | 503700.0 | 0.005307 | 0.016342 |   5.330569 |      6 | 0.927220 | 0.600000 | 0.706667 | 0.666667 | 0.670000 |  -0.101988 |      243 |      212 |       30 |   5.330003 |      6 | 0.926679 | 1.856617
1680 | 503700.0 | 504000.0 | 0.005305 | 0.016340 |   5.330003 |      6 | 0.926679 | 0.600000 | 0.670000 | 0.653333 | 0.660000 |  -0.203993 |      240 |      201 |       39 |   5.329632 |      6 | 0.925597 | 1.884021
1681 | 504000.0 | 504300.0 | 0.005303 | 0.016339 |   5.329632 |      6 | 0.925597 | 0.600000 | 0.693333 | 0.663333 | 0.646667 |   0.510027 |      242 |      208 |       34 |   5.329137 |      6 | 0.928301 | 1.815532
1682 | 504300.0 | 504600.0 | 0.005301 | 0.016338 |   5.329137 |      6 | 0.928301 | 0.600000 | 0.693333 | 0.680000 | 0.686667 |  -0.204029 |      242 |      208 |       34 |   5.328642 |      6 | 0.927220 | 1.842919
1683 | 504600.0 | 504900.0 | 0.005299 | 0.016336 |   5.328642 |      6 | 0.927220 | 0.600000 | 0.686667 | 0.656667 | 0.633333 |   0.714162 |      240 |      206 |       34 |   5.328183 |      6 | 0.931004 | 1.747093
1684 | 504900.0 | 505200.0 | 0.005297 | 0.016335 |   5.328183 |      6 | 0.931004 | 0.600000 | 0.673333 | 0.676667 | 0.623333 |   1.632511 |      239 |      202 |       37 |   5.327794 |      6 | 0.939651 | 1.528129
1685 | 505200.0 | 505500.0 | 0.005295 | 0.016333 |   5.327794 |      6 | 0.939651 | 0.600000 | 0.703333 | 0.663333 | 0.673333 |  -0.306122 |      243 |      211 |       32 |   5.327247 |      6 | 0.938031 | 1.569172
1686 | 505500.0 | 505800.0 | 0.005293 | 0.016332 |   5.327247 |      6 | 0.938031 | 0.600000 | 0.663333 | 0.706667 | 0.703333 |   0.102050 |      239 |      199 |       40 |   5.326912 |      6 | 0.938571 | 1.555495
1687 | 505800.0 | 506100.0 | 0.005291 | 0.016331 |   5.326912 |      6 | 0.938571 | 0.600000 | 0.676667 | 0.713333 | 0.626667 |   2.653518 |      240 |      203 |       37 |   5.326506 |      6 | 0.952610 | 1.200005
1688 | 506100.0 | 506400.0 | 0.005289 | 0.016329 |   5.326506 |      6 | 0.952610 | 0.600000 | 0.686667 | 0.626667 | 0.683333 |  -1.735142 |      239 |      206 |       33 |   5.326048 |      6 | 0.943433 | 1.432370
1689 | 506400.0 | 506700.0 | 0.005287 | 0.016328 |   5.326048 |      6 | 0.943433 | 0.600000 | 0.693333 | 0.706667 | 0.623333 |   2.551900 |      241 |      208 |       33 |   5.325555 |      6 | 0.956924 | 1.090761
1690 | 506700.0 | 507000.0 | 0.005284 | 0.016326 |   5.325555 |      6 | 0.956924 | 0.600000 | 0.680000 | 0.550000 | 0.663333 |  -3.470884 |      239 |      204 |       35 |   5.325132 |      6 | 0.938582 | 1.555208
1691 | 507000.0 | 507300.0 | 0.005282 | 0.016325 |   5.325132 |      6 | 0.938582 | 0.600000 | 0.653333 | 0.636667 | 0.700000 |  -1.939779 |      237 |      196 |       41 |   5.324850 |      6 | 0.928335 | 1.814672
1692 | 507300.0 | 507600.0 | 0.005280 | 0.016323 |   5.324850 |      6 | 0.928335 | 0.600000 | 0.696667 | 0.656667 | 0.640000 |   0.510512 |      242 |      209 |       33 |   5.324340 |      6 | 0.931031 | 1.746413
1693 | 507600.0 | 507900.0 | 0.005278 | 0.016322 |   5.324340 |      6 | 0.931031 | 0.600000 | 0.680000 | 0.683333 | 0.670000 |   0.408445 |      240 |      204 |       36 |   5.323917 |      6 | 0.933187 | 1.691822
1694 | 507900.0 | 508200.0 | 0.005276 | 0.016321 |   5.323917 |      6 | 0.933187 | 0.600000 | 0.670000 | 0.676667 | 0.676667 |   0.000000 |      240 |      201 |       39 |   5.323548 |      6 | 0.933187 | 1.691822
1695 | 508200.0 | 508500.0 | 0.005274 | 0.016319 |   5.323548 |      6 | 0.933187 | 0.600000 | 0.690000 | 0.676667 | 0.633333 |   1.327674 |      240 |      207 |       33 |   5.323073 |      6 | 0.940189 | 1.514510
1696 | 508500.0 | 508800.0 | 0.005272 | 0.016318 |   5.323073 |      6 | 0.940189 | 0.600000 | 0.693333 | 0.620000 | 0.646667 |  -0.817100 |      242 |      208 |       34 |   5.322581 |      6 | 0.935881 | 1.623592
1697 | 508800.0 | 509100.0 | 0.005270 | 0.016316 |   5.322581 |      6 | 0.935881 | 0.600000 | 0.680000 | 0.703333 | 0.696667 |   0.204293 |      240 |      204 |       36 |   5.322160 |      6 | 0.936958 | 1.596330
1698 | 509100.0 | 509400.0 | 0.005268 | 0.016315 |   5.322160 |      6 | 0.936958 | 0.600000 | 0.710000 | 0.713333 | 0.690000 |   0.715086 |      244 |      213 |       31 |   5.321580 |      6 | 0.940725 | 1.500941
1699 | 509400.0 | 509700.0 | 0.005266 | 0.016314 |   5.321580 |      6 | 0.940725 | 0.600000 | 0.690000 | 0.666667 | 0.673333 |  -0.204328 |      240 |      207 |       33 |   5.321106 |      6 | 0.939649 | 1.528186
1700 | 509700.0 | 510000.0 | 0.005264 | 0.016312 |   5.321106 |      6 | 0.939649 | 0.600000 | 0.696667 | 0.683333 | 0.656667 |   0.817381 |      242 |      209 |       33 |   5.320598 |      6 | 0.943952 | 1.419236
1701 | 510000.0 | 510300.0 | 0.005262 | 0.016311 |   5.320598 |      6 | 0.943952 | 0.600000 | 0.653333 | 0.643333 | 0.683333 |  -1.226176 |      237 |      196 |       41 |   5.320317 |      6 | 0.937500 | 1.582612
1702 | 510300.0 | 510600.0 | 0.005260 | 0.016309 |   5.320317 |      6 | 0.937500 | 0.600000 | 0.713333 | 0.650000 | 0.663333 |  -0.408760 |      243 |      214 |       29 |   5.319721 |      6 | 0.935350 | 1.637054
1703 | 510600.0 | 510900.0 | 0.005258 | 0.016308 |   5.319721 |      6 | 0.935350 | 0.600000 | 0.740000 | 0.643333 | 0.696667 |  -1.635182 |      246 |      222 |       24 |   5.318985 |      6 | 0.926752 | 1.854756
1704 | 510900.0 | 511200.0 | 0.005256 | 0.016307 |   5.318985 |      6 | 0.926752 | 0.600000 | 0.640000 | 0.670000 | 0.626667 |   1.328699 |      237 |      192 |       45 |   5.318774 |      6 | 0.933736 | 1.677926
1705 | 511200.0 | 511500.0 | 0.005254 | 0.016305 |   5.318774 |      6 | 0.933736 | 0.600000 | 0.640000 | 0.653333 | 0.650000 |   0.102216 |      235 |      192 |       43 |   5.318564 |      6 | 0.934273 | 1.664328
1706 | 511500.0 | 511800.0 | 0.005252 | 0.016304 |   5.318564 |      6 | 0.934273 | 0.600000 | 0.723333 | 0.663333 | 0.643333 |   0.613350 |      245 |      217 |       28 |   5.317917 |      6 | 0.937494 | 1.582764
1707 | 511800.0 | 512100.0 | 0.005250 | 0.016303 |   5.317917 |      6 | 0.937494 | 0.600000 | 0.666667 | 0.676667 | 0.706667 |  -0.920104 |      238 |      200 |       38 |   5.317567 |      6 | 0.932664 | 1.705073
1708 | 512100.0 | 512400.0 | 0.005248 | 0.016301 |   5.317567 |      6 | 0.932664 | 0.600000 | 0.656667 | 0.683333 | 0.613333 |   2.147093 |      238 |      197 |       41 |   5.317269 |      6 | 0.943931 | 1.419771
1709 | 512400.0 | 512700.0 | 0.005246 | 0.016300 |   5.317269 |      6 | 0.943931 | 0.600000 | 0.750000 | 0.693333 | 0.646667 |   1.431517 |      247 |      225 |       22 |   5.316482 |      6 | 0.951440 | 1.229627
1710 | 512700.0 | 513000.0 | 0.005244 | 0.016298 |   5.316482 |      6 | 0.951440 | 0.600000 | 0.690000 | 0.673333 | 0.696667 |  -0.715820 |      240 |      207 |       33 |   5.316011 |      6 | 0.947686 | 1.324670
1711 | 513000.0 | 513300.0 | 0.005242 | 0.016297 |   5.316011 |      6 | 0.947686 | 0.600000 | 0.680000 | 0.643333 | 0.633333 |   0.306806 |      239 |      204 |       35 |   5.315591 |      6 | 0.949295 | 1.283950
1712 | 513300.0 | 513600.0 | 0.005239 | 0.016296 |   5.315591 |      6 | 0.949295 | 0.600000 | 0.680000 | 0.706667 | 0.626667 |   2.454657 |      239 |      204 |       36 |   5.315172 |      6 | 0.962156 | 0.958283
1713 | 513600.0 | 513900.0 | 0.005237 | 0.016294 |   5.315172 |      6 | 0.962156 | 0.600000 | 0.650000 | 0.456667 | 0.693333 |  -7.262313 |      231 |      195 |       35 |   5.314910 |      6 | 0.924120 | 1.921424
1714 | 513900.0 | 514200.0 | 0.005235 | 0.016293 |   5.314910 |      6 | 0.924120 | 0.600000 | 0.653333 | 0.673333 | 0.660000 |   0.409179 |      239 |      196 |       43 |   5.314631 |      6 | 0.926262 | 1.867179
1715 | 514200.0 | 514500.0 | 0.005233 | 0.016291 |   5.314631 |      6 | 0.926262 | 0.600000 | 0.693333 | 0.660000 | 0.683333 |  -0.716124 |      241 |      208 |       33 |   5.314142 |      6 | 0.922514 | 1.962079
1716 | 514500.0 | 514800.0 | 0.005231 | 0.016290 |   5.314142 |      6 | 0.922514 | 0.600000 | 0.700000 | 0.696667 | 0.653333 |   1.330058 |      242 |      210 |       33 |   5.313619 |      6 | 0.929472 | 1.785888
1717 | 514800.0 | 515100.0 | 0.005229 | 0.016289 |   5.313619 |      6 | 0.929472 | 0.600000 | 0.690000 | 0.670000 | 0.680000 |  -0.306963 |      242 |      207 |       34 |   5.313149 |      6 | 0.927867 | 1.826535
1718 | 515100.0 | 515400.0 | 0.005227 | 0.016287 |   5.313149 |      6 | 0.927867 | 0.600000 | 0.660000 | 0.663333 | 0.670000 |  -0.204659 |      238 |      198 |       40 |   5.312835 |      6 | 0.926797 | 1.853625
1719 | 515400.0 | 515700.0 | 0.005225 | 0.016286 |   5.312835 |      6 | 0.926797 | 0.600000 | 0.670000 | 0.683333 | 0.690000 |  -0.204676 |      240 |      201 |       39 |   5.312469 |      6 | 0.925728 | 1.880707
1720 | 515700.0 | 516000.0 | 0.005223 | 0.016284 |   5.312469 |      6 | 0.925728 | 0.600000 | 0.730000 | 0.653333 | 0.666667 |  -0.409388 |      245 |      219 |       26 |   5.311790 |      6 | 0.923589 | 1.934855
1721 | 516000.0 | 516300.0 | 0.005221 | 0.016283 |   5.311790 |      6 | 0.923589 | 0.600000 | 0.676667 | 0.643333 | 0.660000 |  -0.511778 |      240 |      203 |       37 |   5.311390 |      6 | 0.920917 | 2.002519
1722 | 516300.0 | 516600.0 | 0.005219 | 0.016282 |   5.311390 |      6 | 0.920917 | 0.600000 | 0.693333 | 0.716667 | 0.683333 |   1.023642 |      243 |      208 |       35 |   5.310903 |      6 | 0.926260 | 1.867231
1723 | 516600.0 | 516900.0 | 0.005217 | 0.016280 |   5.310903 |      6 | 0.926260 | 0.600000 | 0.663333 | 0.656667 | 0.613333 |   1.330848 |      239 |      199 |       40 |   5.310572 |      6 | 0.933203 | 1.691410
1724 | 516900.0 | 517200.0 | 0.005215 | 0.016279 |   5.310572 |      6 | 0.933203 | 0.600000 | 0.686667 | 0.693333 | 0.680000 |   0.409526 |      241 |      206 |       35 |   5.310120 |      6 | 0.935339 | 1.637328
1725 | 517200.0 | 517500.0 | 0.005213 | 0.016278 |   5.310120 |      6 | 0.935339 | 0.600000 | 0.660000 | 0.643333 | 0.676667 |  -1.023902 |      238 |      198 |       40 |   5.309808 |      6 | 0.930001 | 1.772494
1726 | 517500.0 | 517800.0 | 0.005211 | 0.016276 |   5.309808 |      6 | 0.930001 | 0.600000 | 0.683333 | 0.660000 | 0.636667 |   0.716792 |      242 |      205 |       37 |   5.309373 |      6 | 0.933737 | 1.677906
1727 | 517800.0 | 518100.0 | 0.005209 | 0.016275 |   5.309373 |      6 | 0.933737 | 0.600000 | 0.676667 | 0.673333 | 0.600000 |   2.252965 |      240 |      203 |       37 |   5.308974 |      6 | 0.945473 | 1.380718
1728 | 518100.0 | 518400.0 | 0.005207 | 0.016273 |   5.308974 |      6 | 0.945473 | 0.600000 | 0.663333 | 0.663333 | 0.626667 |   1.126578 |      237 |      199 |       38 |   5.308644 |      6 | 0.951339 | 1.232169
1729 | 518400.0 | 518700.0 | 0.005205 | 0.016272 |   5.308644 |      6 | 0.951339 | 0.600000 | 0.713333 | 0.670000 | 0.706667 |  -1.126673 |      242 |      214 |       28 |   5.308054 |      6 | 0.945475 | 1.380674
1730 | 518700.0 | 519000.0 | 0.005203 | 0.016271 |   5.308054 |      6 | 0.945475 | 0.600000 | 0.703333 | 0.716667 | 0.660000 |   1.741368 |      242 |      211 |       31 |   5.307516 |      6 | 0.954536 | 1.151234
1731 | 519000.0 | 519300.0 | 0.005201 | 0.016269 |   5.307516 |      6 | 0.954536 | 0.600000 | 0.703333 | 0.636667 | 0.646667 |  -0.307326 |      240 |      211 |       29 |   5.306979 |      6 | 0.952937 | 1.191711
1732 | 519300.0 | 519600.0 | 0.005199 | 0.016268 |   5.306979 |      6 | 0.952937 | 0.600000 | 0.686667 | 0.616667 | 0.653333 |  -1.126958 |      238 |      206 |       32 |   5.306528 |      6 | 0.947078 | 1.340084
1733 | 519600.0 | 519900.0 | 0.005197 | 0.016267 |   5.306528 |      6 | 0.947078 | 0.600000 | 0.673333 | 0.743333 | 0.703333 |   1.229512 |      239 |      202 |       37 |   5.306147 |      6 | 0.953468 | 1.178271
1734 | 519900.0 | 520200.0 | 0.005195 | 0.016265 |   5.306147 |      6 | 0.953468 | 0.600000 | 0.710000 | 0.623333 | 0.670000 |  -1.434551 |      242 |      213 |       29 |   5.305576 |      6 | 0.946015 | 1.366996
1735 | 520200.0 | 520500.0 | 0.005193 | 0.016264 |   5.305576 |      6 | 0.946015 | 0.600000 | 0.713333 | 0.673333 | 0.673333 |   0.000000 |      244 |      214 |       30 |   5.304987 |      6 | 0.946015 | 1.366996
1736 | 520500.0 | 520800.0 | 0.005191 | 0.016263 |   5.304987 |      6 | 0.946015 | 0.600000 | 0.730000 | 0.653333 | 0.666667 |  -0.409941 |      244 |      219 |       25 |   5.304312 |      6 | 0.943887 | 1.420886
1737 | 520800.0 | 521100.0 | 0.005189 | 0.016261 |   5.304312 |      6 | 0.943887 | 0.600000 | 0.666667 | 0.726667 | 0.720000 |   0.204988 |      238 |      200 |       38 |   5.303966 |      6 | 0.944950 | 1.393949
1738 | 521100.0 | 521400.0 | 0.005188 | 0.016260 |   5.303966 |      6 | 0.944950 | 0.600000 | 0.686667 | 0.703333 | 0.663333 |   1.230028 |      240 |      206 |       34 |   5.303517 |      6 | 0.951331 | 1.232377
1739 | 521400.0 | 521700.0 | 0.005186 | 0.016258 |   5.303517 |      6 | 0.951331 | 0.600000 | 0.706667 | 0.650000 | 0.666667 |  -0.512555 |      242 |      212 |       30 |   5.302964 |      6 | 0.948673 | 1.299679
1740 | 521700.0 | 522000.0 | 0.005184 | 0.016257 |   5.302964 |      6 | 0.948673 | 0.600000 | 0.646667 | 0.626667 | 0.656667 |  -0.922676 |      236 |      194 |       42 |   5.302722 |      6 | 0.943891 | 1.420786
1741 | 522000.0 | 522300.0 | 0.005182 | 0.016256 |   5.302722 |      6 | 0.943891 | 0.600000 | 0.690000 | 0.676667 | 0.690000 |  -0.410113 |      241 |      207 |       34 |   5.302255 |      6 | 0.941766 | 1.474595
1742 | 522300.0 | 522600.0 | 0.005180 | 0.016254 |   5.302255 |      6 | 0.941766 | 0.600000 | 0.703333 | 0.730000 | 0.663333 |   2.050735 |      242 |      211 |       31 |   5.301720 |      6 | 0.952388 | 1.205628
1743 | 522600.0 | 522900.0 | 0.005178 | 0.016253 |   5.301720 |      6 | 0.952388 | 0.600000 | 0.706667 | 0.683333 | 0.713333 |  -0.922908 |      241 |      212 |       29 |   5.301168 |      6 | 0.947609 | 1.326627
1744 | 522900.0 | 523200.0 | 0.005176 | 0.016252 |   5.301168 |      6 | 0.947609 | 0.600000 | 0.676667 | 0.663333 | 0.676667 |  -0.410216 |      238 |      203 |       35 |   5.300771 |      6 | 0.945486 | 1.380389
1745 | 523200.0 | 523500.0 | 0.005174 | 0.016250 |   5.300771 |      6 | 0.945486 | 0.600000 | 0.683333 | 0.663333 | 0.676667 |  -0.410250 |      240 |      205 |       35 |   5.300340 |      6 | 0.943363 | 1.434135
1746 | 523500.0 | 523800.0 | 0.005172 | 0.016249 |   5.300340 |      6 | 0.943363 | 0.600000 | 0.703333 | 0.650000 | 0.653333 |  -0.102571 |      241 |      211 |       30 |   5.299806 |      6 | 0.942833 | 1.447567
1747 | 523800.0 | 524100.0 | 0.005170 | 0.016248 |   5.299806 |      6 | 0.942833 | 0.600000 | 0.676667 | 0.690000 | 0.660000 |   0.923216 |      240 |      203 |       37 |   5.299409 |      6 | 0.947606 | 1.326711
1748 | 524100.0 | 524400.0 | 0.005168 | 0.016246 |   5.299409 |      6 | 0.947606 | 0.600000 | 0.700000 | 0.700000 | 0.660000 |   1.231058 |      241 |      210 |       31 |   5.298892 |      6 | 0.953968 | 1.165616
1749 | 524400.0 | 524700.0 | 0.005166 | 0.016245 |   5.298892 |      6 | 0.953968 | 0.600000 | 0.693333 | 0.606667 | 0.650000 |  -1.333757 |      238 |      208 |       30 |   5.298410 |      6 | 0.947078 | 1.340084
1750 | 524700.0 | 525000.0 | 0.005164 | 0.016243 |   5.298410 |      6 | 0.947078 | 0.600000 | 0.686667 | 0.696667 | 0.670000 |   0.820842 |      240 |      206 |       34 |   5.297963 |      6 | 0.951316 | 1.232751
1751 | 525000.0 | 525300.0 | 0.005162 | 0.016242 |   5.297963 |      6 | 0.951316 | 0.600000 | 0.736667 | 0.670000 | 0.686667 |  -0.513069 |      245 |      221 |       24 |   5.297257 |      6 | 0.948668 | 1.299814
1752 | 525300.0 | 525600.0 | 0.005160 | 0.016241 |   5.297257 |      6 | 0.948668 | 0.600000 | 0.703333 | 0.670000 | 0.690000 |  -0.615734 |      241 |      211 |       30 |   5.296724 |      6 | 0.945491 | 1.380266
1753 | 525600.0 | 525900.0 | 0.005158 | 0.016239 |   5.296724 |      6 | 0.945491 | 0.600000 | 0.670000 | 0.643333 | 0.683333 |  -1.231571 |      237 |      201 |       36 |   5.296363 |      6 | 0.939138 | 1.541123
1754 | 525900.0 | 526200.0 | 0.005156 | 0.016238 |   5.296363 |      6 | 0.939138 | 0.600000 | 0.676667 | 0.693333 | 0.646667 |   1.436952 |      241 |      203 |       38 |   5.295968 |      6 | 0.946547 | 1.353512
1755 | 526200.0 | 526500.0 | 0.005154 | 0.016237 |   5.295968 |      6 | 0.946547 | 0.600000 | 0.693333 | 0.673333 | 0.693333 |  -0.615888 |      240 |      208 |       32 |   5.295487 |      6 | 0.943373 | 1.433893
1756 | 526500.0 | 526800.0 | 0.005152 | 0.016235 |   5.295487 |      6 | 0.943373 | 0.600000 | 0.723333 | 0.680000 | 0.686667 |  -0.205313 |      244 |      217 |       27 |   5.294851 |      6 | 0.942315 | 1.460679
1757 | 526800.0 | 527100.0 | 0.005150 | 0.016234 |   5.294851 |      6 | 0.942315 | 0.600000 | 0.726667 | 0.646667 | 0.663333 |  -0.513325 |      245 |      218 |       27 |   5.294199 |      6 | 0.939671 | 1.527624
1758 | 527100.0 | 527400.0 | 0.005148 | 0.016233 |   5.294199 |      6 | 0.939671 | 0.600000 | 0.673333 | 0.660000 | 0.656667 |   0.102674 |      240 |      202 |       38 |   5.293821 |      6 | 0.940200 | 1.514239
1759 | 527400.0 | 527700.0 | 0.005146 | 0.016231 |   5.293821 |      6 | 0.940200 | 0.600000 | 0.670000 | 0.670000 | 0.680000 |  -0.308046 |      237 |      201 |       37 |   5.293461 |      6 | 0.938615 | 1.554382
1760 | 527700.0 | 528000.0 | 0.005144 | 0.016230 |   5.293461 |      6 | 0.938615 | 0.600000 | 0.693333 | 0.700000 | 0.663333 |   1.129596 |      243 |      208 |       34 |   5.292981 |      6 | 0.944426 | 1.407233
1761 | 528000.0 | 528300.0 | 0.005143 | 0.016229 |   5.292981 |      6 | 0.944426 | 0.600000 | 0.673333 | 0.706667 | 0.676667 |   0.924292 |      238 |      202 |       36 |   5.292604 |      6 | 0.949179 | 1.286874
1762 | 528300.0 | 528600.0 | 0.005141 | 0.016227 |   5.292604 |      6 | 0.949179 | 0.600000 | 0.706667 | 0.690000 | 0.630000 |   1.848736 |      243 |      212 |       31 |   5.292055 |      6 | 0.958683 | 1.046226
1763 | 528600.0 | 528900.0 | 0.005139 | 0.016226 |   5.292055 |      6 | 0.958683 | 0.600000 | 0.726667 | 0.556667 | 0.680000 |  -3.800495 |      242 |      218 |       24 |   5.291404 |      6 | 0.939153 | 1.540746
1764 | 528900.0 | 529200.0 | 0.005137 | 0.016225 |   5.291404 |      6 | 0.939153 | 0.600000 | 0.713333 | 0.673333 | 0.663333 |   0.308174 |      243 |      214 |       29 |   5.290822 |      6 | 0.940736 | 1.500662
1765 | 529200.0 | 529500.0 | 0.005135 | 0.016223 |   5.290822 |      6 | 0.940736 | 0.600000 | 0.660000 | 0.736667 | 0.656667 |   2.465594 |      237 |      198 |       39 |   5.290514 |      6 | 0.953397 | 1.180080
1766 | 529500.0 | 529800.0 | 0.005133 | 0.016222 |   5.290514 |      6 | 0.953397 | 0.600000 | 0.723333 | 0.620000 | 0.713333 |  -2.876763 |      244 |      217 |       27 |   5.289881 |      6 | 0.938630 | 1.553983
1767 | 529800.0 | 530100.0 | 0.005131 | 0.016221 |   5.289881 |      6 | 0.938630 | 0.600000 | 0.673333 | 0.713333 | 0.690000 |   0.719250 |      239 |      202 |       37 |   5.289505 |      6 | 0.942321 | 1.460534
1768 | 530100.0 | 530400.0 | 0.005129 | 0.016219 |   5.289505 |      6 | 0.942321 | 0.600000 | 0.693333 | 0.673333 | 0.690000 |  -0.513793 |      242 |      208 |       34 |   5.289026 |      6 | 0.939686 | 1.527264
1769 | 530400.0 | 530700.0 | 0.005127 | 0.016218 |   5.289026 |      6 | 0.939686 | 0.600000 | 0.723333 | 0.670000 | 0.703333 |  -1.027670 |      244 |      217 |       27 |   5.288394 |      6 | 0.934417 | 1.660684
1770 | 530700.0 | 531000.0 | 0.005125 | 0.016217 |   5.288394 |      6 | 0.934417 | 0.600000 | 0.726667 | 0.696667 | 0.643333 |   1.644407 |      244 |      218 |       26 |   5.287745 |      6 | 0.942845 | 1.447274
1771 | 531000.0 | 531300.0 | 0.005123 | 0.016215 |   5.287745 |      6 | 0.942845 | 0.600000 | 0.703333 | 0.723333 | 0.703333 |   0.616704 |      242 |      211 |       31 |   5.287215 |      6 | 0.946004 | 1.367269
1772 | 531300.0 | 531600.0 | 0.005121 | 0.016214 |   5.287215 |      6 | 0.946004 | 0.600000 | 0.666667 | 0.696667 | 0.626667 |   2.158640 |      239 |      200 |       39 |   5.286874 |      6 | 0.957059 | 1.087333
1773 | 531600.0 | 531900.0 | 0.005119 | 0.016213 |   5.286874 |      6 | 0.957059 | 0.600000 | 0.696667 | 0.583333 | 0.686667 |  -3.186827 |      238 |      209 |       29 |   5.286379 |      6 | 0.940744 | 1.500452
1774 | 531900.0 | 532200.0 | 0.005118 | 0.016211 |   5.286379 |      6 | 0.940744 | 0.600000 | 0.710000 | 0.720000 | 0.686667 |   1.028093 |      242 |      213 |       29 |   5.285816 |      6 | 0.946006 | 1.367226
1775 | 532200.0 | 532500.0 | 0.005116 | 0.016210 |   5.285816 |      6 | 0.946006 | 0.600000 | 0.680000 | 0.686667 | 0.630000 |   1.747902 |      240 |      204 |       36 |   5.285407 |      6 | 0.954947 | 1.140809
1776 | 532500.0 | 532800.0 | 0.005114 | 0.016209 |   5.285407 |      6 | 0.954947 | 0.600000 | 0.706667 | 0.620000 | 0.676667 |  -1.748046 |      241 |      212 |       29 |   5.284861 |      6 | 0.946008 | 1.367160
1777 | 532800.0 | 533100.0 | 0.005112 | 0.016207 |   5.284861 |      6 | 0.946008 | 0.600000 | 0.726667 | 0.710000 | 0.693333 |   0.514173 |      243 |      218 |       25 |   5.284214 |      6 | 0.948637 | 1.300606
1778 | 533100.0 | 533400.0 | 0.005110 | 0.016206 |   5.284214 |      6 | 0.948637 | 0.600000 | 0.696667 | 0.653333 | 0.680000 |  -0.822745 |      241 |      209 |       33 |   5.283720 |      6 | 0.944433 | 1.407062
1779 | 533400.0 | 533700.0 | 0.005108 | 0.016205 |   5.283720 |      6 | 0.944433 | 0.600000 | 0.683333 | 0.673333 | 0.693333 |  -0.617109 |      241 |      205 |       35 |   5.283294 |      6 | 0.941280 | 1.486881
1780 | 533700.0 | 534000.0 | 0.005106 | 0.016203 |   5.283294 |      6 | 0.941280 | 0.600000 | 0.696667 | 0.723333 | 0.680000 |   1.337180 |      241 |      209 |       32 |   5.282801 |      6 | 0.948108 | 1.313990
1781 | 534000.0 | 534300.0 | 0.005104 | 0.016202 |   5.282801 |      6 | 0.948108 | 0.600000 | 0.706667 | 0.686667 | 0.696667 |  -0.308605 |      242 |      212 |       31 |   5.282256 |      6 | 0.946533 | 1.353876
1782 | 534300.0 | 534600.0 | 0.005102 | 0.016201 |   5.282256 |      6 | 0.946533 | 0.600000 | 0.710000 | 0.696667 | 0.650000 |   1.440276 |      242 |      213 |       28 |   5.281695 |      6 | 0.953882 | 1.167794
1783 | 534600.0 | 534900.0 | 0.005100 | 0.016199 |   5.281695 |      6 | 0.953882 | 0.600000 | 0.696667 | 0.633333 | 0.650000 |  -0.514426 |      239 |      209 |       31 |   5.281202 |      6 | 0.951258 | 1.234233
1784 | 534900.0 | 535200.0 | 0.005099 | 0.016198 |   5.281202 |      6 | 0.951258 | 0.600000 | 0.683333 | 0.693333 | 0.693333 |   0.000000 |      239 |      205 |       33 |   5.280777 |      6 | 0.951258 | 1.234233
1785 | 535200.0 | 535500.0 | 0.005097 | 0.016197 |   5.280777 |      6 | 0.951258 | 0.600000 | 0.723333 | 0.616667 | 0.656667 |  -1.234825 |      242 |      217 |       25 |   5.280148 |      6 | 0.944965 | 1.393593
1786 | 535500.0 | 535800.0 | 0.005095 | 0.016195 |   5.280148 |      6 | 0.944965 | 0.600000 | 0.706667 | 0.723333 | 0.640000 |   2.572762 |      242 |      212 |       30 |   5.279605 |      6 | 0.958072 | 1.061688
1787 | 535800.0 | 536100.0 | 0.005093 | 0.016194 |   5.279605 |      6 | 0.958072 | 0.600000 | 0.700000 | 0.566667 | 0.686667 |  -3.705080 |      239 |      210 |       29 |   5.279096 |      6 | 0.939203 | 1.539493
1788 | 536100.0 | 536400.0 | 0.005091 | 0.016193 |   5.279096 |      6 | 0.939203 | 0.600000 | 0.663333 | 0.690000 | 0.720000 |  -0.926346 |      238 |      199 |       39 |   5.278773 |      6 | 0.934487 | 1.658910
1789 | 536400.0 | 536700.0 | 0.005089 | 0.016191 |   5.278773 |      6 | 0.934487 | 0.600000 | 0.626667 | 0.690000 | 0.640000 |   1.544035 |      235 |      188 |       47 |   5.278638 |      6 | 0.942344 | 1.459940
1790 | 536700.0 | 537000.0 | 0.005087 | 0.016190 |   5.278638 |      6 | 0.942344 | 0.600000 | 0.703333 | 0.690000 | 0.683333 |   0.205888 |      242 |      211 |       31 |   5.278112 |      6 | 0.943392 | 1.433418
1791 | 537000.0 | 537300.0 | 0.005085 | 0.016189 |   5.278112 |      6 | 0.943392 | 0.600000 | 0.690000 | 0.660000 | 0.683333 |  -0.720667 |      241 |      207 |       34 |   5.277654 |      6 | 0.939727 | 1.526217
1792 | 537300.0 | 537600.0 | 0.005083 | 0.016187 |   5.277654 |      6 | 0.939727 | 0.600000 | 0.693333 | 0.730000 | 0.683333 |   1.441452 |      241 |      208 |       33 |   5.277180 |      6 | 0.947054 | 1.340672
1793 | 537600.0 | 537900.0 | 0.005082 | 0.016186 |   5.277180 |      6 | 0.947054 | 0.600000 | 0.670000 | 0.663333 | 0.636667 |   0.823754 |      238 |      201 |       37 |   5.276824 |      6 | 0.951240 | 1.234677
1794 | 537900.0 | 538200.0 | 0.005080 | 0.016185 |   5.276824 |      6 | 0.951240 | 0.600000 | 0.653333 | 0.700000 | 0.690000 |   0.308933 |      236 |      196 |       40 |   5.276553 |      6 | 0.952810 | 1.194941
1795 | 538200.0 | 538500.0 | 0.005078 | 0.016183 |   5.276553 |      6 | 0.952810 | 0.600000 | 0.710000 | 0.646667 | 0.686667 |  -1.235832 |      241 |      213 |       28 |   5.275995 |      6 | 0.946534 | 1.353842
1796 | 538500.0 | 538800.0 | 0.005076 | 0.016182 |   5.275995 |      6 | 0.946534 | 0.600000 | 0.686667 | 0.710000 | 0.723333 |  -0.411977 |      240 |      206 |       34 |   5.275555 |      6 | 0.944443 | 1.406793
1797 | 538800.0 | 539100.0 | 0.005074 | 0.016181 |   5.275555 |      6 | 0.944443 | 0.600000 | 0.673333 | 0.630000 | 0.686667 |  -1.751047 |      239 |      202 |       37 |   5.275183 |      6 | 0.935558 | 1.631773
1798 | 539100.0 | 539400.0 | 0.005072 | 0.016179 |   5.275183 |      6 | 0.935558 | 0.600000 | 0.696667 | 0.743333 | 0.623333 |   3.708400 |      243 |      209 |       34 |   5.274692 |      6 | 0.954368 | 1.155482
1799 | 539400.0 | 539700.0 | 0.005070 | 0.016178 |   5.274692 |      6 | 0.954368 | 0.600000 | 0.723333 | 0.600000 | 0.683333 |  -2.575487 |      242 |      217 |       25 |   5.274067 |      6 | 0.941309 | 1.486145
1800 | 539700.0 | 540000.0 | 0.005068 | 0.016177 |   5.274067 |      6 | 0.941309 | 0.600000 | 0.743333 | 0.723333 | 0.670000 |   1.648445 |      245 |      223 |       22 |   5.273340 |      6 | 0.949664 | 1.274581
1801 | 540000.0 | 540300.0 | 0.005067 | 0.016176 |   5.273340 |      6 | 0.949664 | 0.600000 | 0.733333 | 0.696667 | 0.673333 |   0.721253 |      244 |      220 |       24 |   5.272665 |      6 | 0.953319 | 1.182049
1802 | 540300.0 | 540600.0 | 0.005065 | 0.016174 |   5.272665 |      6 | 0.953319 | 0.600000 | 0.673333 | 0.590000 | 0.663333 |  -2.266979 |      238 |      202 |       36 |   5.272293 |      6 | 0.941837 | 1.472782
1803 | 540600.0 | 540900.0 | 0.005063 | 0.016173 |   5.272293 |      6 | 0.941837 | 0.600000 | 0.720000 | 0.703333 | 0.596667 |   3.297692 |      243 |      216 |       27 |   5.271686 |      6 | 0.958533 | 1.050019
1804 | 540900.0 | 541200.0 | 0.005061 | 0.016172 |   5.271686 |      6 | 0.958533 | 0.600000 | 0.743333 | 0.550000 | 0.686667 |  -4.225509 |      243 |      223 |       21 |   5.270961 |      6 | 0.937148 | 1.591528
1805 | 541200.0 | 541500.0 | 0.005059 | 0.016170 |   5.270961 |      6 | 0.937148 | 0.600000 | 0.713333 | 0.680000 | 0.696667 |  -0.515348 |      244 |      214 |       29 |   5.270387 |      6 | 0.934541 | 1.657547
1806 | 541500.0 | 541800.0 | 0.005057 | 0.016169 |   5.270387 |      6 | 0.934541 | 0.600000 | 0.690000 | 0.743333 | 0.630000 |   3.504648 |      241 |      207 |       34 |   5.269932 |      6 | 0.952264 | 1.208748
1807 | 541800.0 | 542100.0 | 0.005055 | 0.016168 |   5.269932 |      6 | 0.952264 | 0.600000 | 0.730000 | 0.610000 | 0.700000 |  -2.783327 |      243 |      219 |       24 |   5.269275 |      6 | 0.938194 | 1.565045
1808 | 542100.0 | 542400.0 | 0.005054 | 0.016166 |   5.269275 |      6 | 0.938194 | 0.600000 | 0.733333 | 0.673333 | 0.716667 |  -1.340229 |      245 |      220 |       25 |   5.268601 |      6 | 0.931421 | 1.736546
1809 | 542400.0 | 542700.0 | 0.005052 | 0.016165 |   5.268601 |      6 | 0.931421 | 0.600000 | 0.650000 | 0.746667 | 0.643333 |   3.196188 |      237 |      195 |       42 |   5.268348 |      6 | 0.947567 | 1.327699
1810 | 542700.0 | 543000.0 | 0.005050 | 0.016164 |   5.268348 |      6 | 0.947567 | 0.600000 | 0.653333 | 0.710000 | 0.666667 |   1.340445 |      237 |      196 |       41 |   5.268079 |      6 | 0.954336 | 1.156296
1811 | 543000.0 | 543300.0 | 0.005048 | 0.016162 |   5.268079 |      6 | 0.954336 | 0.600000 | 0.646667 | 0.633333 | 0.703333 |  -2.165509 |      235 |      194 |       41 |   5.267844 |      6 | 0.943404 | 1.433098
1812 | 543300.0 | 543600.0 | 0.005046 | 0.016161 |   5.267844 |      6 | 0.943404 | 0.600000 | 0.763333 | 0.670000 | 0.706667 |  -1.134406 |      248 |      229 |       19 |   5.267019 |      6 | 0.937680 | 1.578049
1813 | 543600.0 | 543900.0 | 0.005044 | 0.016160 |   5.267019 |      6 | 0.937680 | 0.600000 | 0.693333 | 0.643333 | 0.716667 |  -2.268994 |      241 |      208 |       33 |   5.266549 |      6 | 0.926235 | 1.867868
1814 | 543900.0 | 544200.0 | 0.005042 | 0.016159 |   5.266549 |      6 | 0.926235 | 0.600000 | 0.680000 | 0.663333 | 0.646667 |   0.515722 |      240 |      204 |       36 |   5.266145 |      6 | 0.928835 | 1.802018
1815 | 544200.0 | 544500.0 | 0.005041 | 0.016157 |   5.266145 |      6 | 0.928835 | 0.600000 | 0.663333 | 0.690000 | 0.670000 |   0.618916 |      239 |      199 |       40 |   5.265826 |      6 | 0.931955 | 1.723022
1816 | 544500.0 | 544800.0 | 0.005039 | 0.016156 |   5.265826 |      6 | 0.931955 | 0.600000 | 0.693333 | 0.683333 | 0.630000 |   1.650576 |      241 |      208 |       33 |   5.265356 |      6 | 0.940272 | 1.512425
1817 | 544800.0 | 545100.0 | 0.005037 | 0.016155 |   5.265356 |      6 | 0.940272 | 0.600000 | 0.723333 | 0.670000 | 0.673333 |  -0.103169 |      244 |      217 |       27 |   5.264734 |      6 | 0.939752 | 1.525584
1818 | 545100.0 | 545400.0 | 0.005035 | 0.016153 |   5.264734 |      6 | 0.939752 | 0.600000 | 0.623333 | 0.650000 | 0.716667 |  -2.063551 |      235 |      187 |       48 |   5.264617 |      6 | 0.929362 | 1.788680
1819 | 545400.0 | 545700.0 | 0.005033 | 0.016152 |   5.264617 |      6 | 0.929362 | 0.600000 | 0.680000 | 0.660000 | 0.670000 |  -0.309558 |      240 |      204 |       36 |   5.264214 |      6 | 0.927804 | 1.828133
1820 | 545700.0 | 546000.0 | 0.005031 | 0.016151 |   5.264214 |      6 | 0.927804 | 0.600000 | 0.683333 | 0.716667 | 0.676667 |   1.238330 |      241 |      205 |       36 |   5.263795 |      6 | 0.934034 | 1.670365
1821 | 546000.0 | 546300.0 | 0.005030 | 0.016149 |   5.263795 |      6 | 0.934034 | 0.600000 | 0.706667 | 0.690000 | 0.636667 |   1.651238 |      242 |      212 |       30 |   5.263258 |      6 | 0.942339 | 1.460068
1822 | 546300.0 | 546600.0 | 0.005028 | 0.016148 |   5.263258 |      6 | 0.942339 | 0.600000 | 0.653333 | 0.673333 | 0.676667 |  -0.103211 |      238 |      196 |       42 |   5.262990 |      6 | 0.941820 | 1.473208
1823 | 546600.0 | 546900.0 | 0.005026 | 0.016147 |   5.262990 |      6 | 0.941820 | 0.600000 | 0.713333 | 0.680000 | 0.650000 |   0.928970 |      243 |      214 |       29 |   5.262421 |      6 | 0.946489 | 1.354983
1824 | 546900.0 | 547200.0 | 0.005024 | 0.016146 |   5.262421 |      6 | 0.946489 | 0.600000 | 0.683333 | 0.640000 | 0.630000 |   0.309682 |      240 |      205 |       35 |   5.262002 |      6 | 0.948045 | 1.315586
1825 | 547200.0 | 547500.0 | 0.005022 | 0.016144 |   5.262002 |      6 | 0.948045 | 0.600000 | 0.650000 | 0.630000 | 0.623333 |   0.206471 |      235 |      195 |       40 |   5.261751 |      6 | 0.949082 | 1.289328
1826 | 547500.0 | 547800.0 | 0.005020 | 0.016143 |   5.261751 |      6 | 0.949082 | 0.600000 | 0.710000 | 0.676667 | 0.663333 |   0.412975 |      243 |      213 |       30 |   5.261199 |      6 | 0.951155 | 1.236828
1827 | 547800.0 | 548100.0 | 0.005019 | 0.016142 |   5.261199 |      6 | 0.951155 | 0.600000 | 0.726667 | 0.676667 | 0.673333 |   0.103252 |      242 |      218 |       24 |   5.260563 |      6 | 0.951674 | 1.223707
1828 | 548100.0 | 548400.0 | 0.005017 | 0.016140 |   5.260563 |      6 | 0.951674 | 0.600000 | 0.733333 | 0.653333 | 0.673333 |  -0.619561 |      245 |      220 |       25 |   5.259894 |      6 | 0.948565 | 1.302412
1829 | 548400.0 | 548700.0 | 0.005015 | 0.016139 |   5.259894 |      6 | 0.948565 | 0.600000 | 0.653333 | 0.670000 | 0.686667 |  -0.516342 |      236 |      196 |       41 |   5.259627 |      6 | 0.945976 | 1.367981
1830 | 548700.0 | 549000.0 | 0.005013 | 0.016138 |   5.259627 |      6 | 0.945976 | 0.600000 | 0.693333 | 0.623333 | 0.673333 |  -1.549151 |      240 |      208 |       31 |   5.259159 |      6 | 0.938210 | 1.564633
1831 | 549000.0 | 549300.0 | 0.005011 | 0.016137 |   5.259159 |      6 | 0.938210 | 0.600000 | 0.706667 | 0.723333 | 0.653333 |   2.168984 |      244 |      212 |       32 |   5.258624 |      6 | 0.949079 | 1.289399
1832 | 549300.0 | 549600.0 | 0.005010 | 0.016135 |   5.258624 |      6 | 0.949079 | 0.600000 | 0.713333 | 0.626667 | 0.643333 |  -0.516466 |      242 |      214 |       28 |   5.258056 |      6 | 0.946492 | 1.354912
1833 | 549600.0 | 549900.0 | 0.005008 | 0.016134 |   5.258056 |      6 | 0.946492 | 0.600000 | 0.726667 | 0.690000 | 0.666667 |   0.723110 |      244 |      218 |       26 |   5.257422 |      6 | 0.950113 | 1.263219
1834 | 549900.0 | 550200.0 | 0.005006 | 0.016133 |   5.257422 |      6 | 0.950113 | 0.600000 | 0.726667 | 0.686667 | 0.643333 |   1.343025 |      242 |      218 |       24 |   5.256788 |      6 | 0.956836 | 1.092981
1835 | 550200.0 | 550500.0 | 0.005004 | 0.016131 |   5.256788 |      6 | 0.956836 | 0.600000 | 0.743333 | 0.590000 | 0.636667 |  -1.446450 |      246 |      223 |       23 |   5.256071 |      6 | 0.949598 | 1.276263
1836 | 550500.0 | 550800.0 | 0.005002 | 0.016130 |   5.256071 |      6 | 0.949598 | 0.600000 | 0.696667 | 0.673333 | 0.703333 |  -0.929935 |      239 |      209 |       30 |   5.255587 |      6 | 0.944946 | 1.394054
1837 | 550800.0 | 551100.0 | 0.005000 | 0.016129 |   5.255587 |      6 | 0.944946 | 0.600000 | 0.673333 | 0.660000 | 0.666667 |  -0.206669 |      240 |      202 |       38 |   5.255221 |      6 | 0.943913 | 1.420222
1838 | 551100.0 | 551400.0 | 0.004999 | 0.016128 |   5.255221 |      6 | 0.943913 | 0.600000 | 0.743333 | 0.653333 | 0.636667 |   0.516713 |      245 |      223 |       22 |   5.254504 |      6 | 0.946496 | 1.354820
1839 | 551400.0 | 551700.0 | 0.004997 | 0.016126 |   5.254504 |      6 | 0.946496 | 0.600000 | 0.670000 | 0.660000 | 0.640000 |   0.620104 |      238 |      201 |       37 |   5.254154 |      6 | 0.949594 | 1.276359
1840 | 551700.0 | 552000.0 | 0.004995 | 0.016125 |   5.254154 |      6 | 0.949594 | 0.600000 | 0.676667 | 0.640000 | 0.703333 |  -1.963820 |      240 |      203 |       37 |   5.253771 |      6 | 0.939785 | 1.524748
1841 | 552000.0 | 552300.0 | 0.004993 | 0.016124 |   5.253771 |      6 | 0.939785 | 0.600000 | 0.726667 | 0.670000 | 0.633333 |   1.137038 |      244 |      218 |       26 |   5.253139 |      6 | 0.945462 | 1.380984
1842 | 552300.0 | 552600.0 | 0.004991 | 0.016122 |   5.253139 |      6 | 0.945462 | 0.600000 | 0.673333 | 0.663333 | 0.703333 |  -1.240504 |      239 |      202 |       37 |   5.252773 |      6 | 0.939271 | 1.537774
1843 | 552600.0 | 552900.0 | 0.004990 | 0.016121 |   5.252773 |      6 | 0.939271 | 0.600000 | 0.676667 | 0.700000 | 0.666667 |   1.033835 |      240 |      203 |       37 |   5.252390 |      6 | 0.944429 | 1.407152
1844 | 552900.0 | 553200.0 | 0.004988 | 0.016120 |   5.252390 |      6 | 0.944429 | 0.600000 | 0.650000 | 0.656667 | 0.690000 |  -1.033917 |      236 |      195 |       41 |   5.252141 |      6 | 0.939272 | 1.537737
1845 | 553200.0 | 553500.0 | 0.004986 | 0.016119 |   5.252141 |      6 | 0.939272 | 0.600000 | 0.720000 | 0.646667 | 0.656667 |  -0.310200 |      245 |      216 |       29 |   5.251543 |      6 | 0.937725 | 1.576901
1846 | 553500.0 | 553800.0 | 0.004984 | 0.016117 |   5.251543 |      6 | 0.937725 | 0.600000 | 0.703333 | 0.696667 | 0.673333 |   0.723857 |      243 |      211 |       32 |   5.251028 |      6 | 0.941333 | 1.485543
1847 | 553800.0 | 554100.0 | 0.004982 | 0.016116 |   5.251028 |      6 | 0.941333 | 0.600000 | 0.720000 | 0.636667 | 0.663333 |  -0.827330 |      242 |      216 |       26 |   5.250430 |      6 | 0.937211 | 1.589923
1848 | 554100.0 | 554400.0 | 0.004981 | 0.016115 |   5.250430 |      6 | 0.937211 | 0.600000 | 0.680000 | 0.693333 | 0.663333 |   0.930820 |      242 |      204 |       38 |   5.250031 |      6 | 0.941847 | 1.472529
1849 | 554400.0 | 554700.0 | 0.004979 | 0.016114 |   5.250031 |      6 | 0.941847 | 0.600000 | 0.680000 | 0.646667 | 0.676667 |  -0.930894 |      240 |      204 |       36 |   5.249633 |      6 | 0.937212 | 1.589890
1850 | 554700.0 | 555000.0 | 0.004977 | 0.016112 |   5.249633 |      6 | 0.937212 | 0.600000 | 0.620000 | 0.690000 | 0.690000 |   0.000000 |      234 |      186 |       48 |   5.249533 |      6 | 0.937212 | 1.589890
1851 | 555000.0 | 555300.0 | 0.004975 | 0.016111 |   5.249533 |      6 | 0.937212 | 0.600000 | 0.656667 | 0.713333 | 0.653333 |   1.862081 |      238 |      197 |       41 |   5.249251 |      6 | 0.946477 | 1.355299
1852 | 555300.0 | 555600.0 | 0.004974 | 0.016110 |   5.249251 |      6 | 0.946477 | 0.600000 | 0.666667 | 0.710000 | 0.673333 |   1.138028 |      237 |      200 |       37 |   5.248920 |      6 | 0.952137 | 1.211978
1853 | 555600.0 | 555900.0 | 0.004972 | 0.016108 |   5.248920 |      6 | 0.952137 | 0.600000 | 0.690000 | 0.646667 | 0.616667 |   0.931187 |      240 |      207 |       33 |   5.248472 |      6 | 0.956766 | 1.094748
1854 | 555900.0 | 556200.0 | 0.004970 | 0.016107 |   5.248472 |      6 | 0.956766 | 0.600000 | 0.713333 | 0.593333 | 0.693333 |  -3.104202 |      241 |      214 |       27 |   5.247909 |      6 | 0.941339 | 1.485405
1855 | 556200.0 | 556500.0 | 0.004968 | 0.016106 |   5.247909 |      6 | 0.941339 | 0.600000 | 0.713333 | 0.703333 | 0.660000 |   1.345260 |      242 |      214 |       28 |   5.247346 |      6 | 0.948022 | 1.316168
1856 | 556500.0 | 556800.0 | 0.004966 | 0.016105 |   5.247346 |      6 | 0.948022 | 0.600000 | 0.696667 | 0.686667 | 0.676667 |   0.310469 |      241 |      209 |       32 |   5.246866 |      6 | 0.949564 | 1.277124
1857 | 556800.0 | 557100.0 | 0.004965 | 0.016103 |   5.246866 |      6 | 0.949564 | 0.600000 | 0.733333 | 0.703333 | 0.643333 |   1.862961 |      244 |      220 |       24 |   5.246204 |      6 | 0.958813 | 1.042926
1858 | 557100.0 | 557400.0 | 0.004963 | 0.016102 |   5.246204 |      6 | 0.958813 | 0.600000 | 0.696667 | 0.543333 | 0.696667 |  -4.761276 |      239 |      209 |       30 |   5.245724 |      6 | 0.935184 | 1.641265
1859 | 557400.0 | 557700.0 | 0.004961 | 0.016101 |   5.245724 |      6 | 0.935184 | 0.600000 | 0.683333 | 0.670000 | 0.656667 |   0.414057 |      240 |      205 |       35 |   5.245311 |      6 | 0.937238 | 1.589250
1860 | 557700.0 | 558000.0 | 0.004959 | 0.016100 |   5.245311 |      6 | 0.937238 | 0.600000 | 0.686667 | 0.686667 | 0.620000 |   2.070445 |      240 |      206 |       34 |   5.244881 |      6 | 0.947506 | 1.329247
1861 | 558000.0 | 558300.0 | 0.004958 | 0.016098 |   5.244881 |      6 | 0.947506 | 0.600000 | 0.713333 | 0.703333 | 0.713333 |  -0.310591 |      243 |      214 |       29 |   5.244319 |      6 | 0.945966 | 1.368237
1862 | 558300.0 | 558600.0 | 0.004956 | 0.016097 |   5.244319 |      6 | 0.945966 | 0.600000 | 0.713333 | 0.656667 | 0.680000 |  -0.724770 |      242 |      214 |       28 |   5.243758 |      6 | 0.942374 | 1.459187
1863 | 558600.0 | 558900.0 | 0.004954 | 0.016096 |   5.243758 |      6 | 0.942374 | 0.600000 | 0.706667 | 0.713333 | 0.716667 |  -0.103547 |      243 |      212 |       31 |   5.243229 |      6 | 0.941861 | 1.472177
1864 | 558900.0 | 559200.0 | 0.004952 | 0.016095 |   5.243229 |      6 | 0.941861 | 0.600000 | 0.680000 | 0.696667 | 0.700000 |  -0.103555 |      241 |      204 |       37 |   5.242833 |      6 | 0.941348 | 1.485162
1865 | 559200.0 | 559500.0 | 0.004950 | 0.016093 |   5.242833 |      6 | 0.941348 | 0.600000 | 0.680000 | 0.710000 | 0.700000 |   0.310689 |      239 |      204 |       35 |   5.242437 |      6 | 0.942886 | 1.446216
1866 | 559500.0 | 559800.0 | 0.004949 | 0.016092 |   5.242437 |      6 | 0.942886 | 0.600000 | 0.703333 | 0.690000 | 0.683333 |   0.207142 |      242 |      211 |       31 |   5.241926 |      6 | 0.943911 | 1.420259
1867 | 559800.0 | 560100.0 | 0.004947 | 0.016091 |   5.241926 |      6 | 0.943911 | 0.600000 | 0.720000 | 0.636667 | 0.656667 |  -0.621474 |      244 |      216 |       28 |   5.241332 |      6 | 0.940837 | 1.498108
1868 | 560100.0 | 560400.0 | 0.004945 | 0.016090 |   5.241332 |      6 | 0.940837 | 0.600000 | 0.716667 | 0.696667 | 0.676667 |   0.621523 |      243 |      215 |       28 |   5.240755 |      6 | 0.943911 | 1.420281
1869 | 560400.0 | 560700.0 | 0.004943 | 0.016088 |   5.240755 |      6 | 0.943911 | 0.600000 | 0.703333 | 0.643333 | 0.683333 |  -1.243143 |      242 |      211 |       31 |   5.240244 |      6 | 0.937765 | 1.575893
1870 | 560700.0 | 561000.0 | 0.004942 | 0.016087 |   5.240244 |      6 | 0.937765 | 0.600000 | 0.690000 | 0.676667 | 0.646667 |   0.932430 |      241 |      207 |       34 |   5.239799 |      6 | 0.942373 | 1.459216
1871 | 561000.0 | 561300.0 | 0.004940 | 0.016086 |   5.239799 |      6 | 0.942373 | 0.600000 | 0.683333 | 0.696667 | 0.670000 |   0.828892 |      240 |      205 |       35 |   5.239388 |      6 | 0.946468 | 1.355532
1872 | 561300.0 | 561600.0 | 0.004938 | 0.016084 |   5.239388 |      6 | 0.946468 | 0.600000 | 0.710000 | 0.626667 | 0.710000 |  -2.590489 |      243 |      213 |       30 |   5.238845 |      6 | 0.933675 | 1.679454
1873 | 561600.0 | 561900.0 | 0.004936 | 0.016083 |   5.238845 |      6 | 0.933675 | 0.600000 | 0.706667 | 0.663333 | 0.680000 |  -0.518138 |      242 |      212 |       30 |   5.238318 |      6 | 0.931118 | 1.744221
1874 | 561900.0 | 562200.0 | 0.004935 | 0.016082 |   5.238318 |      6 | 0.931118 | 0.600000 | 0.693333 | 0.706667 | 0.693333 |   0.414543 |      241 |      208 |       33 |   5.237857 |      6 | 0.933163 | 1.692422
1875 | 562200.0 | 562500.0 | 0.004933 | 0.016081 |   5.237857 |      6 | 0.933163 | 0.600000 | 0.730000 | 0.690000 | 0.683333 |   0.207288 |      245 |      219 |       26 |   5.237216 |      6 | 0.934186 | 1.666529
1876 | 562500.0 | 562800.0 | 0.004931 | 0.016079 |   5.237216 |      6 | 0.934186 | 0.600000 | 0.663333 | 0.680000 | 0.680000 |   0.000000 |      239 |      199 |       40 |   5.236904 |      6 | 0.934186 | 1.666529
1877 | 562800.0 | 563100.0 | 0.004929 | 0.016078 |   5.236904 |      6 | 0.934186 | 0.600000 | 0.716667 | 0.673333 | 0.670000 |   0.103660 |      245 |      215 |       30 |   5.236329 |      6 | 0.934697 | 1.653591
1878 | 563100.0 | 563400.0 | 0.004928 | 0.016077 |   5.236329 |      6 | 0.934697 | 0.600000 | 0.703333 | 0.726667 | 0.666667 |   1.866024 |      241 |      211 |       30 |   5.235820 |      6 | 0.943892 | 1.420753
1879 | 563400.0 | 563700.0 | 0.004926 | 0.016076 |   5.235820 |      6 | 0.943892 | 0.600000 | 0.656667 | 0.653333 | 0.633333 |   0.622056 |      236 |      197 |       39 |   5.235540 |      6 | 0.946956 | 1.343163
1880 | 563700.0 | 564000.0 | 0.004924 | 0.016074 |   5.235540 |      6 | 0.946956 | 0.600000 | 0.723333 | 0.666667 | 0.666667 |   0.000000 |      244 |      217 |       27 |   5.234933 |      6 | 0.946956 | 1.343163
1881 | 564000.0 | 564300.0 | 0.004922 | 0.016073 |   5.234933 |      6 | 0.946956 | 0.600000 | 0.646667 | 0.713333 | 0.670000 |   1.347999 |      236 |      194 |       43 |   5.234703 |      6 | 0.953592 | 1.175142
1882 | 564300.0 | 564600.0 | 0.004921 | 0.016072 |   5.234703 |      6 | 0.953592 | 0.600000 | 0.700000 | 0.646667 | 0.673333 |  -0.829602 |      240 |      210 |       29 |   5.234211 |      6 | 0.949509 | 1.278511
1883 | 564600.0 | 564900.0 | 0.004919 | 0.016071 |   5.234211 |      6 | 0.949509 | 0.600000 | 0.700000 | 0.643333 | 0.716667 |  -2.281583 |      241 |      210 |       31 |   5.233719 |      6 | 0.938286 | 1.562697
1884 | 564900.0 | 565200.0 | 0.004917 | 0.016069 |   5.233719 |      6 | 0.938286 | 0.600000 | 0.670000 | 0.673333 | 0.666667 |   0.207433 |      239 |      201 |       38 |   5.233375 |      6 | 0.939306 | 1.536869
1885 | 565200.0 | 565500.0 | 0.004915 | 0.016068 |   5.233375 |      6 | 0.939306 | 0.600000 | 0.676667 | 0.693333 | 0.670000 |   0.726071 |      240 |      203 |       37 |   5.232998 |      6 | 0.942875 | 1.446496
1886 | 565500.0 | 565800.0 | 0.004914 | 0.016067 |   5.232998 |      6 | 0.942875 | 0.600000 | 0.656667 | 0.670000 | 0.670000 |   0.000000 |      237 |      197 |       40 |   5.232720 |      6 | 0.942875 | 1.446496
1887 | 565800.0 | 566100.0 | 0.004912 | 0.016066 |   5.232720 |      6 | 0.942875 | 0.600000 | 0.690000 | 0.626667 | 0.700000 |  -2.282290 |      240 |      207 |       33 |   5.232278 |      6 | 0.931665 | 1.730370
1888 | 566100.0 | 566400.0 | 0.004910 | 0.016064 |   5.232278 |      6 | 0.931665 | 0.600000 | 0.713333 | 0.663333 | 0.700000 |  -1.141233 |      244 |      214 |       30 |   5.231721 |      6 | 0.926061 | 1.872268
1889 | 566400.0 | 566700.0 | 0.004909 | 0.016063 |   5.231721 |      6 | 0.926061 | 0.600000 | 0.640000 | 0.713333 | 0.680000 |   1.037565 |      236 |      192 |       44 |   5.231525 |      6 | 0.931154 | 1.743305
1890 | 566700.0 | 567000.0 | 0.004907 | 0.016062 |   5.231525 |      6 | 0.931154 | 0.600000 | 0.710000 | 0.633333 | 0.650000 |  -0.518823 |      243 |      213 |       30 |   5.230985 |      6 | 0.928608 | 1.807769
1891 | 567000.0 | 567300.0 | 0.004905 | 0.016061 |   5.230985 |      6 | 0.928608 | 0.600000 | 0.673333 | 0.693333 | 0.680000 |   0.415090 |      241 |      202 |       39 |   5.230626 |      6 | 0.930644 | 1.756212
1892 | 567300.0 | 567600.0 | 0.004903 | 0.016060 |   5.230626 |      6 | 0.930644 | 0.600000 | 0.703333 | 0.716667 | 0.686667 |   0.934025 |      243 |      211 |       32 |   5.230119 |      6 | 0.935224 | 1.640241
1893 | 567600.0 | 567900.0 | 0.004902 | 0.016058 |   5.230119 |      6 | 0.935224 | 0.600000 | 0.630000 | 0.693333 | 0.676667 |   0.518943 |      235 |      189 |       46 |   5.229972 |      6 | 0.937768 | 1.575830
1894 | 567900.0 | 568200.0 | 0.004900 | 0.016057 |   5.229972 |      6 | 0.937768 | 0.600000 | 0.646667 | 0.666667 | 0.656667 |   0.311390 |      236 |      194 |       43 |   5.229743 |      6 | 0.939293 | 1.537195
1895 | 568200.0 | 568500.0 | 0.004898 | 0.016056 |   5.229743 |      6 | 0.939293 | 0.600000 | 0.670000 | 0.686667 | 0.710000 |  -0.726632 |      240 |      201 |       38 |   5.229400 |      6 | 0.935734 | 1.627320
1896 | 568500.0 | 568800.0 | 0.004897 | 0.016055 |   5.229400 |      6 | 0.935734 | 0.600000 | 0.736667 | 0.720000 | 0.673333 |   1.453377 |      246 |      221 |       25 |   5.228731 |      6 | 0.942851 | 1.447118
1897 | 568800.0 | 569100.0 | 0.004895 | 0.016053 |   5.228731 |      6 | 0.942851 | 0.600000 | 0.696667 | 0.686667 | 0.640000 |   1.453489 |      242 |      209 |       33 |   5.228258 |      6 | 0.949965 | 1.266966
1898 | 569100.0 | 569400.0 | 0.004893 | 0.016052 |   5.228258 |      6 | 0.949965 | 0.600000 | 0.693333 | 0.666667 | 0.650000 |   0.519143 |      239 |      208 |       31 |   5.227801 |      6 | 0.952505 | 1.202643
1899 | 569400.0 | 569700.0 | 0.004891 | 0.016051 |   5.227801 |      6 | 0.952505 | 0.600000 | 0.676667 | 0.660000 | 0.676667 |  -0.519183 |      238 |      203 |       35 |   5.227426 |      6 | 0.949966 | 1.266948
1900 | 569700.0 | 570000.0 | 0.004890 | 0.016050 |   5.227426 |      6 | 0.949966 | 0.600000 | 0.676667 | 0.630000 | 0.660000 |  -0.934601 |      239 |      203 |       36 |   5.227051 |      6 | 0.945396 | 1.382666
1901 | 570000.0 | 570300.0 | 0.004888 | 0.016048 |   5.227051 |      6 | 0.945396 | 0.600000 | 0.706667 | 0.686667 | 0.706667 |  -0.623116 |      242 |      212 |       30 |   5.226530 |      6 | 0.942350 | 1.459790
1902 | 570300.0 | 570600.0 | 0.004886 | 0.016047 |   5.226530 |      6 | 0.942350 | 0.600000 | 0.690000 | 0.683333 | 0.646667 |   1.142466 |      241 |      207 |       34 |   5.226090 |      6 | 0.947933 | 1.318434
1903 | 570600.0 | 570900.0 | 0.004885 | 0.016046 |   5.226090 |      6 | 0.947933 | 0.600000 | 0.670000 | 0.696667 | 0.693333 |   0.103869 |      238 |      201 |       37 |   5.225748 |      6 | 0.948440 | 1.305587
1904 | 570900.0 | 571200.0 | 0.004883 | 0.016045 |   5.225748 |      6 | 0.948440 | 0.600000 | 0.736667 | 0.700000 | 0.626667 |   2.285284 |      245 |      221 |       24 |   5.225081 |      6 | 0.959599 | 1.023031
1905 | 571200.0 | 571500.0 | 0.004881 | 0.016043 |   5.225081 |      6 | 0.959599 | 0.600000 | 0.700000 | 0.523333 | 0.640000 |  -3.635958 |      239 |      210 |       29 |   5.224593 |      6 | 0.941851 | 1.472430
1906 | 571500.0 | 571800.0 | 0.004879 | 0.016042 |   5.224593 |      6 | 0.941851 | 0.600000 | 0.696667 | 0.706667 | 0.700000 |   0.207785 |      240 |      209 |       31 |   5.224121 |      6 | 0.942865 | 1.446757
1907 | 571800.0 | 572100.0 | 0.004878 | 0.016041 |   5.224121 |      6 | 0.942865 | 0.600000 | 0.690000 | 0.660000 | 0.676667 |  -0.519502 |      242 |      207 |       35 |   5.223682 |      6 | 0.940331 | 1.510922
1908 | 572100.0 | 572400.0 | 0.004876 | 0.016040 |   5.223682 |      6 | 0.940331 | 0.600000 | 0.703333 | 0.653333 | 0.690000 |  -1.142992 |      243 |      211 |       32 |   5.223178 |      6 | 0.934758 | 1.652046
1909 | 572400.0 | 572700.0 | 0.004874 | 0.016039 |   5.223178 |      6 | 0.934758 | 0.600000 | 0.680000 | 0.676667 | 0.703333 |  -0.831331 |      240 |      204 |       36 |   5.222788 |      6 | 0.930706 | 1.754654
1910 | 572700.0 | 573000.0 | 0.004873 | 0.016037 |   5.222788 |      6 | 0.930706 | 0.600000 | 0.696667 | 0.676667 | 0.670000 |   0.207849 |      242 |      209 |       33 |   5.222317 |      6 | 0.931718 | 1.729009
1911 | 573000.0 | 573300.0 | 0.004871 | 0.016036 |   5.222317 |      6 | 0.931718 | 0.600000 | 0.693333 | 0.686667 | 0.693333 |  -0.207865 |      241 |      208 |       33 |   5.221863 |      6 | 0.930706 | 1.754647
1912 | 573300.0 | 573600.0 | 0.004869 | 0.016035 |   5.221863 |      6 | 0.930706 | 0.600000 | 0.696667 | 0.670000 | 0.676667 |  -0.207880 |      242 |      209 |       33 |   5.221392 |      6 | 0.929694 | 1.780278
1913 | 573600.0 | 573900.0 | 0.004868 | 0.016034 |   5.221392 |      6 | 0.929694 | 0.600000 | 0.676667 | 0.673333 | 0.686667 |  -0.415793 |      239 |      203 |       36 |   5.221019 |      6 | 0.927670 | 1.831527
1914 | 573900.0 | 574200.0 | 0.004866 | 0.016032 |   5.221019 |      6 | 0.927670 | 0.600000 | 0.693333 | 0.676667 | 0.626667 |   1.559341 |      241 |      208 |       33 |   5.220565 |      6 | 0.935257 | 1.639398
1915 | 574200.0 | 574500.0 | 0.004864 | 0.016031 |   5.220565 |      6 | 0.935257 | 0.600000 | 0.743333 | 0.693333 | 0.673333 |   0.623784 |      248 |      223 |       25 |   5.219868 |      6 | 0.938291 | 1.562567
1916 | 574500.0 | 574800.0 | 0.004862 | 0.016030 |   5.219868 |      6 | 0.938291 | 0.600000 | 0.676667 | 0.706667 | 0.700000 |   0.207944 |      240 |      203 |       37 |   5.219495 |      6 | 0.939303 | 1.536964
1917 | 574800.0 | 575100.0 | 0.004861 | 0.016029 |   5.219495 |      6 | 0.939303 | 0.600000 | 0.693333 | 0.626667 | 0.680000 |  -1.663678 |      241 |      208 |       33 |   5.219041 |      6 | 0.931216 | 1.741735
1918 | 575100.0 | 575400.0 | 0.004859 | 0.016028 |   5.219041 |      6 | 0.931216 | 0.600000 | 0.646667 | 0.626667 | 0.670000 |  -1.351842 |      237 |      194 |       43 |   5.218814 |      6 | 0.924647 | 1.908066
1919 | 575400.0 | 575700.0 | 0.004857 | 0.016026 |   5.218814 |      6 | 0.924647 | 0.600000 | 0.673333 | 0.710000 | 0.656667 |   1.663932 |      240 |      202 |       38 |   5.218458 |      6 | 0.932729 | 1.703406
1920 | 575700.0 | 576000.0 | 0.004856 | 0.016025 |   5.218458 |      6 | 0.932729 | 0.600000 | 0.713333 | 0.666667 | 0.676667 |  -0.312011 |      243 |      214 |       29 |   5.217908 |      6 | 0.931214 | 1.741769
1921 | 576000.0 | 576300.0 | 0.004854 | 0.016024 |   5.217908 |      6 | 0.931214 | 0.600000 | 0.703333 | 0.656667 | 0.643333 |   0.416046 |      243 |      211 |       32 |   5.217406 |      6 | 0.933234 | 1.690632
1922 | 576300.0 | 576600.0 | 0.004852 | 0.016023 |   5.217406 |      6 | 0.933234 | 0.600000 | 0.686667 | 0.746667 | 0.620000 |   3.952741 |      241 |      206 |       35 |   5.216986 |      6 | 0.952414 | 1.204958
1923 | 576600.0 | 576900.0 | 0.004851 | 0.016021 |   5.216986 |      6 | 0.952414 | 0.600000 | 0.663333 | 0.653333 | 0.666667 |  -0.416110 |      237 |      199 |       38 |   5.216678 |      6 | 0.950396 | 1.256068
1924 | 576900.0 | 577200.0 | 0.004849 | 0.016020 |   5.216678 |      6 | 0.950396 | 0.600000 | 0.703333 | 0.740000 | 0.726667 |   0.416141 |      242 |      211 |       31 |   5.216177 |      6 | 0.952414 | 1.204972
1925 | 577200.0 | 577500.0 | 0.004847 | 0.016019 |   5.216177 |      6 | 0.952414 | 0.600000 | 0.663333 | 0.586667 | 0.643333 |  -1.768735 |      235 |      199 |       36 |   5.215870 |      6 | 0.943840 | 1.422071
1926 | 577500.0 | 577800.0 | 0.004846 | 0.016018 |   5.215870 |      6 | 0.943840 | 0.600000 | 0.713333 | 0.650000 | 0.670000 |  -0.624307 |      244 |      214 |       30 |   5.215321 |      6 | 0.940815 | 1.498674
1927 | 577800.0 | 578100.0 | 0.004844 | 0.016017 |   5.215321 |      6 | 0.940815 | 0.600000 | 0.676667 | 0.723333 | 0.693333 |   0.936531 |      239 |      203 |       36 |   5.214950 |      6 | 0.945351 | 1.383801
1928 | 578100.0 | 578400.0 | 0.004842 | 0.016015 |   5.214950 |      6 | 0.945351 | 0.600000 | 0.676667 | 0.636667 | 0.666667 |  -0.936602 |      239 |      203 |       36 |   5.214579 |      6 | 0.940816 | 1.498643
1929 | 578400.0 | 578700.0 | 0.004841 | 0.016014 |   5.214579 |      6 | 0.940816 | 0.600000 | 0.716667 | 0.686667 | 0.680000 |   0.208150 |      244 |      215 |       29 |   5.214014 |      6 | 0.941823 | 1.473129
1930 | 578700.0 | 579000.0 | 0.004839 | 0.016013 |   5.214014 |      6 | 0.941823 | 0.600000 | 0.710000 | 0.710000 | 0.656667 |   1.665323 |      242 |      213 |       29 |   5.213482 |      6 | 0.949882 | 1.269075
1931 | 579000.0 | 579300.0 | 0.004837 | 0.016012 |   5.213482 |      6 | 0.949882 | 0.600000 | 0.650000 | 0.653333 | 0.706667 |  -1.665449 |      235 |      195 |       40 |   5.213240 |      6 | 0.941826 | 1.473074
1932 | 579300.0 | 579600.0 | 0.004836 | 0.016010 |   5.213240 |      6 | 0.941826 | 0.600000 | 0.646667 | 0.683333 | 0.636667 |   1.457378 |      238 |      194 |       44 |   5.213014 |      6 | 0.948873 | 1.294623
1933 | 579600.0 | 579900.0 | 0.004834 | 0.016009 |   5.213014 |      6 | 0.948873 | 0.600000 | 0.670000 | 0.680000 | 0.703333 |  -0.728744 |      237 |      201 |       36 |   5.212676 |      6 | 0.945350 | 1.383825
1934 | 579900.0 | 580200.0 | 0.004832 | 0.016008 |   5.212676 |      6 | 0.945350 | 0.600000 | 0.696667 | 0.666667 | 0.673333 |  -0.208228 |      242 |      209 |       33 |   5.212209 |      6 | 0.944344 | 1.409304
1935 | 580200.0 | 580500.0 | 0.004831 | 0.016007 |   5.212209 |      6 | 0.944344 | 0.600000 | 0.710000 | 0.660000 | 0.693333 |  -1.041221 |      242 |      213 |       29 |   5.211677 |      6 | 0.939314 | 1.536666
1936 | 580500.0 | 580800.0 | 0.004829 | 0.016006 |   5.211677 |      6 | 0.939314 | 0.600000 | 0.673333 | 0.666667 | 0.680000 |  -0.416520 |      239 |      202 |       37 |   5.211323 |      6 | 0.937303 | 1.587598
1937 | 580800.0 | 581100.0 | 0.004827 | 0.016004 |   5.211323 |      6 | 0.937303 | 0.600000 | 0.693333 | 0.700000 | 0.713333 |  -0.416551 |      242 |      208 |       34 |   5.210872 |      6 | 0.935292 | 1.638515
1938 | 581100.0 | 581400.0 | 0.004826 | 0.016003 |   5.210872 |      6 | 0.935292 | 0.600000 | 0.710000 | 0.683333 | 0.673333 |   0.312437 |      244 |      213 |       31 |   5.210342 |      6 | 0.936800 | 1.600337
1939 | 581400.0 | 581700.0 | 0.004824 | 0.016002 |   5.210342 |      6 | 0.936800 | 0.600000 | 0.716667 | 0.666667 | 0.666667 |   0.000000 |      243 |      215 |       28 |   5.209779 |      6 | 0.936800 | 1.600337
1940 | 581700.0 | 582000.0 | 0.004822 | 0.016001 |   5.209779 |      6 | 0.936800 | 0.600000 | 0.703333 | 0.713333 | 0.696667 |   0.520807 |      242 |      211 |       31 |   5.209281 |      6 | 0.939311 | 1.536741
1941 | 582000.0 | 582300.0 | 0.004821 | 0.016000 |   5.209281 |      6 | 0.939311 | 0.600000 | 0.693333 | 0.683333 | 0.630000 |   1.666708 |      241 |      208 |       33 |   5.208831 |      6 | 0.947346 | 1.333289
1942 | 582300.0 | 582600.0 | 0.004819 | 0.015998 |   5.208831 |      6 | 0.947346 | 0.600000 | 0.716667 | 0.683333 | 0.696667 |  -0.416708 |      244 |      215 |       29 |   5.208268 |      6 | 0.945338 | 1.384139
1943 | 582600.0 | 582900.0 | 0.004817 | 0.015997 |   5.208268 |      6 | 0.945338 | 0.600000 | 0.780000 | 0.640000 | 0.656667 |  -0.520925 |      249 |      234 |       15 |   5.207401 |      6 | 0.942828 | 1.447683
1944 | 582900.0 | 583200.0 | 0.004816 | 0.015996 |   5.207401 |      6 | 0.942828 | 0.600000 | 0.690000 | 0.693333 | 0.696667 |  -0.104193 |      240 |      207 |       33 |   5.206968 |      6 | 0.942327 | 1.460389
1945 | 583200.0 | 583500.0 | 0.004814 | 0.015995 |   5.206968 |      6 | 0.942327 | 0.600000 | 0.706667 | 0.643333 | 0.666667 |  -0.729404 |      242 |      212 |       30 |   5.206454 |      6 | 0.938815 | 1.549304
1946 | 583500.0 | 583800.0 | 0.004812 | 0.015994 |   5.206454 |      6 | 0.938815 | 0.600000 | 0.670000 | 0.673333 | 0.663333 |   0.312625 |      240 |      201 |       39 |   5.206117 |      6 | 0.940320 | 1.511208
1947 | 583800.0 | 584100.0 | 0.004811 | 0.015992 |   5.206117 |      6 | 0.940320 | 0.600000 | 0.690000 | 0.686667 | 0.633333 |   1.667460 |      240 |      207 |       33 |   5.205685 |      6 | 0.948342 | 1.308082
1948 | 584100.0 | 584400.0 | 0.004809 | 0.015991 |   5.205685 |      6 | 0.948342 | 0.600000 | 0.700000 | 0.680000 | 0.690000 |  -0.312672 |      241 |      210 |       31 |   5.205204 |      6 | 0.946838 | 1.346158
1949 | 584400.0 | 584700.0 | 0.004808 | 0.015990 |   5.205204 |      6 | 0.946838 | 0.600000 | 0.696667 | 0.633333 | 0.666667 |  -1.042319 |      242 |      209 |       33 |   5.204739 |      6 | 0.941827 | 1.473044
1950 | 584700.0 | 585000.0 | 0.004806 | 0.015989 |   5.204739 |      6 | 0.941827 | 0.600000 | 0.670000 | 0.663333 | 0.660000 |   0.104240 |      239 |      201 |       38 |   5.204402 |      6 | 0.942328 | 1.460359
1951 | 585000.0 | 585300.0 | 0.004804 | 0.015988 |   5.204402 |      6 | 0.942328 | 0.600000 | 0.656667 | 0.670000 | 0.653333 |   0.521238 |      238 |      197 |       41 |   5.204130 |      6 | 0.944832 | 1.396949
1952 | 585300.0 | 585600.0 | 0.004803 | 0.015986 |   5.204130 |      6 | 0.944832 | 0.600000 | 0.690000 | 0.650000 | 0.640000 |   0.312766 |      239 |      207 |       32 |   5.203698 |      6 | 0.946334 | 1.358914
1953 | 585600.0 | 585900.0 | 0.004801 | 0.015985 |   5.203698 |      6 | 0.946334 | 0.600000 | 0.670000 | 0.690000 | 0.730000 |  -1.251158 |      239 |      201 |       38 |   5.203362 |      6 | 0.940327 | 1.511015
1954 | 585900.0 | 586200.0 | 0.004799 | 0.015984 |   5.203362 |      6 | 0.940327 | 0.600000 | 0.696667 | 0.710000 | 0.686667 |   0.729897 |      241 |      209 |       32 |   5.202898 |      6 | 0.943830 | 1.422313
1955 | 586200.0 | 586500.0 | 0.004798 | 0.015983 |   5.202898 |      6 | 0.943830 | 0.600000 | 0.746667 | 0.686667 | 0.670000 |   0.521394 |      246 |      224 |       22 |   5.202194 |      6 | 0.946332 | 1.358971
1956 | 586500.0 | 586800.0 | 0.004796 | 0.015982 |   5.202194 |      6 | 0.946332 | 0.600000 | 0.696667 | 0.646667 | 0.623333 |   0.730006 |      242 |      209 |       33 |   5.201731 |      6 | 0.949833 | 1.270316
1957 | 586800.0 | 587100.0 | 0.004794 | 0.015980 |   5.201731 |      6 | 0.949833 | 0.600000 | 0.690000 | 0.653333 | 0.656667 |  -0.104294 |      239 |      207 |       32 |   5.201299 |      6 | 0.949333 | 1.282978
1958 | 587100.0 | 587400.0 | 0.004793 | 0.015979 |   5.201299 |      6 | 0.949333 | 0.600000 | 0.683333 | 0.683333 | 0.690000 |  -0.208604 |      240 |      205 |       35 |   5.200900 |      6 | 0.948333 | 1.308294
1959 | 587400.0 | 587700.0 | 0.004791 | 0.015978 |   5.200900 |      6 | 0.948333 | 0.600000 | 0.690000 | 0.673333 | 0.723333 |  -1.564649 |      240 |      207 |       34 |   5.200469 |      6 | 0.940837 | 1.498118
1960 | 587700.0 | 588000.0 | 0.004790 | 0.015977 |   5.200469 |      6 | 0.940837 | 0.600000 | 0.703333 | 0.680000 | 0.733333 |  -1.669084 |      243 |      211 |       31 |   5.199974 |      6 | 0.932843 | 1.700543
1961 | 588000.0 | 588300.0 | 0.004788 | 0.015976 |   5.199974 |      6 | 0.932843 | 0.600000 | 0.696667 | 0.676667 | 0.676667 |   0.000000 |      241 |      209 |       32 |   5.199511 |      6 | 0.932843 | 1.700543
1962 | 588300.0 | 588600.0 | 0.004786 | 0.015974 |   5.199511 |      6 | 0.932843 | 0.600000 | 0.683333 | 0.713333 | 0.640000 |   2.295333 |      241 |      205 |       36 |   5.199112 |      6 | 0.943829 | 1.422356
1963 | 588600.0 | 588900.0 | 0.004785 | 0.015973 |   5.199112 |      6 | 0.943829 | 0.600000 | 0.690000 | 0.706667 | 0.670000 |   1.147752 |      240 |      207 |       33 |   5.198681 |      6 | 0.949320 | 1.283300
1964 | 588900.0 | 589200.0 | 0.004783 | 0.015972 |   5.198681 |      6 | 0.949320 | 0.600000 | 0.746667 | 0.666667 | 0.676667 |  -0.313047 |      246 |      224 |       22 |   5.197980 |      6 | 0.947823 | 1.321214
1965 | 589200.0 | 589500.0 | 0.004781 | 0.015971 |   5.197980 |      6 | 0.947823 | 0.600000 | 0.640000 | 0.640000 | 0.703333 |  -1.982776 |      235 |      192 |       43 |   5.197789 |      6 | 0.938342 | 1.561276
1966 | 589500.0 | 589800.0 | 0.004780 | 0.015970 |   5.197789 |      6 | 0.938342 | 0.600000 | 0.650000 | 0.660000 | 0.693333 |  -1.043644 |      237 |      195 |       42 |   5.197550 |      6 | 0.933354 | 1.687591
1967 | 589800.0 | 590100.0 | 0.004778 | 0.015968 |   5.197550 |      6 | 0.933354 | 0.600000 | 0.683333 | 0.663333 | 0.666667 |  -0.104372 |      241 |      205 |       36 |   5.197151 |      6 | 0.932855 | 1.700219
1968 | 590100.0 | 590400.0 | 0.004777 | 0.015967 |   5.197151 |      6 | 0.932855 | 0.600000 | 0.693333 | 0.713333 | 0.646667 |   2.087598 |      241 |      208 |       34 |   5.196706 |      6 | 0.942827 | 1.447723
1969 | 590400.0 | 590700.0 | 0.004775 | 0.015966 |   5.196706 |      6 | 0.942827 | 0.600000 | 0.690000 | 0.740000 | 0.716667 |   0.730714 |      241 |      207 |       33 |   5.196276 |      6 | 0.946316 | 1.359372
1970 | 590700.0 | 591000.0 | 0.004773 | 0.015965 |   5.196276 |      6 | 0.946316 | 0.600000 | 0.683333 | 0.656667 | 0.716667 |  -1.879118 |      239 |      205 |       34 |   5.195878 |      6 | 0.937346 | 1.586499
1971 | 591000.0 | 591300.0 | 0.004772 | 0.015964 |   5.195878 |      6 | 0.937346 | 0.600000 | 0.696667 | 0.703333 | 0.673333 |   0.939629 |      242 |      209 |       33 |   5.195417 |      6 | 0.941830 | 1.472966
1972 | 591300.0 | 591600.0 | 0.004770 | 0.015963 |   5.195417 |      6 | 0.941830 | 0.600000 | 0.666667 | 0.700000 | 0.686667 |   0.417644 |      237 |      200 |       37 |   5.195099 |      6 | 0.943822 | 1.422520
1973 | 591600.0 | 591900.0 | 0.004768 | 0.015961 |   5.195099 |      6 | 0.943822 | 0.600000 | 0.703333 | 0.646667 | 0.673333 |  -0.835349 |      242 |      211 |       31 |   5.194606 |      6 | 0.939839 | 1.523385
1974 | 591900.0 | 592200.0 | 0.004767 | 0.015960 |   5.194606 |      6 | 0.939839 | 0.600000 | 0.723333 | 0.680000 | 0.730000 |  -1.566396 |      245 |      217 |       28 |   5.194018 |      6 | 0.932372 | 1.712458
1975 | 592200.0 | 592500.0 | 0.004765 | 0.015959 |   5.194018 |      6 | 0.932372 | 0.600000 | 0.676667 | 0.693333 | 0.650000 |   1.357644 |      240 |      203 |       37 |   5.193653 |      6 | 0.938842 | 1.548638
1976 | 592500.0 | 592800.0 | 0.004764 | 0.015958 |   5.193653 |      6 | 0.938842 | 0.600000 | 0.666667 | 0.666667 | 0.676667 |  -0.313326 |      238 |      200 |       38 |   5.193335 |      6 | 0.937349 | 1.586432
1977 | 592800.0 | 593100.0 | 0.004762 | 0.015957 |   5.193335 |      6 | 0.937349 | 0.600000 | 0.676667 | 0.686667 | 0.726667 |  -1.253395 |      241 |      203 |       38 |   5.192970 |      6 | 0.931380 | 1.737571
1978 | 593100.0 | 593400.0 | 0.004760 | 0.015955 |   5.192970 |      6 | 0.931380 | 0.600000 | 0.670000 | 0.666667 | 0.593333 |   2.298061 |      240 |      201 |       39 |   5.192637 |      6 | 0.942320 | 1.460556
1979 | 593400.0 | 593700.0 | 0.004759 | 0.015954 |   5.192637 |      6 | 0.942320 | 0.600000 | 0.700000 | 0.653333 | 0.700000 |  -1.462511 |      241 |      210 |       31 |   5.192161 |      6 | 0.935360 | 1.636792
1980 | 593700.0 | 594000.0 | 0.004757 | 0.015953 |   5.192161 |      6 | 0.935360 | 0.600000 | 0.630000 | 0.693333 | 0.670000 |   0.731309 |      236 |      189 |       47 |   5.192018 |      6 | 0.938839 | 1.548697
1981 | 594000.0 | 594300.0 | 0.004756 | 0.015952 |   5.192018 |      6 | 0.938839 | 0.600000 | 0.720000 | 0.706667 | 0.660000 |   1.462727 |      243 |      216 |       27 |   5.191448 |      6 | 0.945795 | 1.372554
1982 | 594300.0 | 594600.0 | 0.004754 | 0.015951 |   5.191448 |      6 | 0.945795 | 0.600000 | 0.680000 | 0.716667 | 0.666667 |   1.567323 |      240 |      204 |       36 |   5.191067 |      6 | 0.953247 | 1.183879
1983 | 594600.0 | 594900.0 | 0.004752 | 0.015950 |   5.191067 |      6 | 0.953247 | 0.600000 | 0.723333 | 0.630000 | 0.670000 |  -1.253951 |      242 |      217 |       25 |   5.190481 |      6 | 0.947287 | 1.334779
1984 | 594900.0 | 595200.0 | 0.004751 | 0.015948 |   5.190481 |      6 | 0.947287 | 0.600000 | 0.690000 | 0.676667 | 0.633333 |   1.358547 |      241 |      207 |       34 |   5.190054 |      6 | 0.953741 | 1.171346
1985 | 595200.0 | 595500.0 | 0.004749 | 0.015947 |   5.190054 |      6 | 0.953741 | 0.600000 | 0.730000 | 0.646667 | 0.700000 |  -1.672181 |      242 |      219 |       24 |   5.189436 |      6 | 0.945800 | 1.372442
1986 | 595500.0 | 595800.0 | 0.004748 | 0.015946 |   5.189436 |      6 | 0.945800 | 0.600000 | 0.680000 | 0.683333 | 0.613333 |   2.194900 |      239 |      204 |       34 |   5.189056 |      6 | 0.956220 | 1.108573
1987 | 595800.0 | 596100.0 | 0.004746 | 0.015945 |   5.189056 |      6 | 0.956220 | 0.600000 | 0.686667 | 0.603333 | 0.670000 |  -2.090535 |      238 |      206 |       32 |   5.188645 |      6 | 0.946299 | 1.359811
1988 | 596100.0 | 596400.0 | 0.004744 | 0.015944 |   5.188645 |      6 | 0.946299 | 0.600000 | 0.696667 | 0.693333 | 0.670000 |   0.731741 |      242 |      209 |       33 |   5.188186 |      6 | 0.949770 | 1.271901
1989 | 596400.0 | 596700.0 | 0.004743 | 0.015943 |   5.188186 |      6 | 0.949770 | 0.600000 | 0.726667 | 0.673333 | 0.690000 |  -0.522711 |      243 |      218 |       25 |   5.187586 |      6 | 0.947291 | 1.334677
1990 | 596700.0 | 597000.0 | 0.004741 | 0.015941 |   5.187586 |      6 | 0.947291 | 0.600000 | 0.676667 | 0.636667 | 0.696667 |  -1.881897 |      238 |      203 |       35 |   5.187222 |      6 | 0.938369 | 1.560614
1991 | 597000.0 | 597300.0 | 0.004740 | 0.015940 |   5.187222 |      6 | 0.938369 | 0.600000 | 0.696667 | 0.676667 | 0.686667 |  -0.313673 |      241 |      209 |       32 |   5.186764 |      6 | 0.936882 | 1.598260
1992 | 597300.0 | 597600.0 | 0.004738 | 0.015939 |   5.186764 |      6 | 0.936882 | 0.600000 | 0.676667 | 0.700000 | 0.696667 |   0.104565 |      240 |      203 |       37 |   5.186401 |      6 | 0.937377 | 1.585715
1993 | 597600.0 | 597900.0 | 0.004737 | 0.015938 |   5.186401 |      6 | 0.937377 | 0.600000 | 0.696667 | 0.653333 | 0.723333 |  -2.196030 |      242 |      209 |       33 |   5.185943 |      6 | 0.926976 | 1.849101
1994 | 597900.0 | 598200.0 | 0.004735 | 0.015937 |   5.185943 |      6 | 0.926976 | 0.600000 | 0.676667 | 0.673333 | 0.670000 |   0.104581 |      241 |      203 |       38 |   5.185580 |      6 | 0.927471 | 1.836562
1995 | 598200.0 | 598500.0 | 0.004733 | 0.015936 |   5.185580 |      6 | 0.927471 | 0.600000 | 0.643333 | 0.693333 | 0.700000 |  -0.209176 |      237 |      193 |       44 |   5.185375 |      6 | 0.926481 | 1.861633
1996 | 598500.0 | 598800.0 | 0.004732 | 0.015934 |   5.185375 |      6 | 0.926481 | 0.600000 | 0.686667 | 0.676667 | 0.686667 |  -0.313788 |      242 |      206 |       36 |   5.184965 |      6 | 0.924996 | 1.899231
1997 | 598800.0 | 599100.0 | 0.004730 | 0.015933 |   5.184965 |      6 | 0.924996 | 0.600000 | 0.640000 | 0.676667 | 0.703333 |  -0.836828 |      236 |      192 |       44 |   5.184775 |      6 | 0.921038 | 1.999464
1998 | 599100.0 | 599400.0 | 0.004729 | 0.015932 |   5.184775 |      6 | 0.921038 | 0.600000 | 0.693333 | 0.666667 | 0.706667 |  -1.255335 |      243 |      208 |       35 |   5.184334 |      6 | 0.915102 | 2.149774
1999 | 599400.0 | 599700.0 | 0.004727 | 0.015931 |   5.184334 |      6 | 0.915102 | 0.600000 | 0.676667 | 0.653333 | 0.666667 |  -0.418475 |      240 |      203 |       37 |   5.183972 |      6 | 0.913123 | 2.199864
2000 | 599700.0 | 600000.0 | 0.004725 | 0.015930 |   5.183972 |      6 | 0.913123 | 0.600000 | 0.650000 | 0.680000 | 0.670000 |   0.313880 |      237 |      195 |       42 |   5.183735 |      6 | 0.914607 | 2.162306
2001 | 600000.0 | 600300.0 | 0.004724 | 0.015929 |   5.183735 |      6 | 0.914607 | 0.600000 | 0.640000 | 0.693333 | 0.633333 |   1.883415 |      237 |      192 |       45 |   5.183546 |      6 | 0.923504 | 1.937017
2002 | 600300.0 | 600600.0 | 0.004722 | 0.015927 |   5.183546 |      6 | 0.923504 | 0.600000 | 0.693333 | 0.703333 | 0.663333 |   1.255702 |      243 |      208 |       35 |   5.183106 |      6 | 0.929434 | 1.786863
2003 | 600600.0 | 600900.0 | 0.004721 | 0.015926 |   5.183106 |      6 | 0.929434 | 0.600000 | 0.670000 | 0.700000 | 0.693333 |   0.209299 |      238 |      201 |       37 |   5.182775 |      6 | 0.930422 | 1.761844
2004 | 600900.0 | 601200.0 | 0.004719 | 0.015925 |   5.182775 |      6 | 0.930422 | 0.600000 | 0.716667 | 0.663333 | 0.640000 |   0.732600 |      244 |      215 |       29 |   5.182225 |      6 | 0.933879 | 1.674299
2005 | 601200.0 | 601500.0 | 0.004718 | 0.015924 |   5.182225 |      6 | 0.933879 | 0.600000 | 0.696667 | 0.723333 | 0.690000 |   1.046648 |      242 |      209 |       33 |   5.181769 |      6 | 0.938817 | 1.549268
2006 | 601500.0 | 601800.0 | 0.004716 | 0.015923 |   5.181769 |      6 | 0.938817 | 0.600000 | 0.690000 | 0.696667 | 0.660000 |   1.151396 |      241 |      207 |       34 |   5.181344 |      6 | 0.944247 | 1.411770
2007 | 601800.0 | 602100.0 | 0.004714 | 0.015922 |   5.181344 |      6 | 0.944247 | 0.600000 | 0.656667 | 0.680000 | 0.700000 |  -0.628080 |      237 |      197 |       40 |   5.181077 |      6 | 0.941286 | 1.486750
2008 | 602100.0 | 602400.0 | 0.004713 | 0.015920 |   5.181077 |      6 | 0.941286 | 0.600000 | 0.686667 | 0.663333 | 0.680000 |  -0.523438 |      240 |      206 |       34 |   5.180669 |      6 | 0.938819 | 1.549216
2009 | 602400.0 | 602700.0 | 0.004711 | 0.015919 |   5.180669 |      6 | 0.938819 | 0.600000 | 0.673333 | 0.640000 | 0.643333 |  -0.104695 |      240 |      202 |       38 |   5.180323 |      6 | 0.938325 | 1.561707
2010 | 602700.0 | 603000.0 | 0.004710 | 0.015918 |   5.180323 |      6 | 0.938325 | 0.600000 | 0.676667 | 0.653333 | 0.740000 |  -2.722276 |      240 |      203 |       37 |   5.179962 |      6 | 0.925504 | 1.886366
2011 | 603000.0 | 603300.0 | 0.004708 | 0.015917 |   5.179962 |      6 | 0.925504 | 0.600000 | 0.663333 | 0.640000 | 0.640000 |   0.000000 |      239 |      199 |       40 |   5.179664 |      6 | 0.925504 | 1.886366
2012 | 603300.0 | 603600.0 | 0.004707 | 0.015916 |   5.179664 |      6 | 0.925504 | 0.600000 | 0.653333 | 0.670000 | 0.676667 |  -0.209436 |      238 |      196 |       42 |   5.179413 |      6 | 0.924518 | 1.911327
2013 | 603600.0 | 603900.0 | 0.004705 | 0.015915 |   5.179413 |      6 | 0.924518 | 0.600000 | 0.683333 | 0.646667 | 0.663333 |  -0.523629 |      240 |      205 |       35 |   5.179021 |      6 | 0.922055 | 1.973713
2014 | 603900.0 | 604200.0 | 0.004704 | 0.015913 |   5.179021 |      6 | 0.922055 | 0.600000 | 0.680000 | 0.726667 | 0.680000 |   1.466268 |      242 |      204 |       38 |   5.178644 |      6 | 0.928951 | 1.799077
2015 | 604200.0 | 604500.0 | 0.004702 | 0.015912 |   5.178644 |      6 | 0.928951 | 0.600000 | 0.686667 | 0.723333 | 0.663333 |   1.885338 |      240 |      206 |       34 |   5.178237 |      6 | 0.937816 | 1.574603
2016 | 604500.0 | 604800.0 | 0.004700 | 0.015911 |   5.178237 |      6 | 0.937816 | 0.600000 | 0.686667 | 0.693333 | 0.650000 |   1.361732 |      241 |      206 |       35 |   5.177830 |      6 | 0.944217 | 1.412525
2017 | 604800.0 | 605100.0 | 0.004699 | 0.015910 |   5.177830 |      6 | 0.944217 | 0.600000 | 0.720000 | 0.700000 | 0.650000 |   1.571343 |      244 |      216 |       28 |   5.177266 |      6 | 0.951600 | 1.225561
2018 | 605100.0 | 605400.0 | 0.004697 | 0.015909 |   5.177266 |      6 | 0.951600 | 0.600000 | 0.703333 | 0.683333 | 0.626667 |   1.780985 |      240 |      211 |       29 |   5.176780 |      6 | 0.959966 | 1.013722
2019 | 605400.0 | 605700.0 | 0.004696 | 0.015908 |   5.176780 |      6 | 0.959966 | 0.600000 | 0.713333 | 0.506667 | 0.733333 |  -7.124456 |      240 |      214 |       26 |   5.176248 |      6 | 0.926511 | 1.860858
2020 | 605700.0 | 606000.0 | 0.004694 | 0.015906 |   5.176248 |      6 | 0.926511 | 0.600000 | 0.716667 | 0.686667 | 0.616667 |   2.200359 |      244 |      215 |       29 |   5.175700 |      6 | 0.936840 | 1.599310
2021 | 606000.0 | 606300.0 | 0.004693 | 0.015905 |   5.175700 |      6 | 0.936840 | 0.600000 | 0.706667 | 0.706667 | 0.690000 |   0.523933 |      242 |      212 |       30 |   5.175200 |      6 | 0.939299 | 1.537053
2022 | 606300.0 | 606600.0 | 0.004691 | 0.015904 |   5.175200 |      6 | 0.939299 | 0.600000 | 0.703333 | 0.726667 | 0.673333 |   1.676707 |      242 |      211 |       31 |   5.174715 |      6 | 0.947165 | 1.337881
2023 | 606600.0 | 606900.0 | 0.004690 | 0.015903 |   5.174715 |      6 | 0.947165 | 0.600000 | 0.690000 | 0.703333 | 0.693333 |   0.314405 |      241 |      207 |       34 |   5.174293 |      6 | 0.948639 | 1.300545
2024 | 606900.0 | 607200.0 | 0.004688 | 0.015902 |   5.174293 |      6 | 0.948639 | 0.600000 | 0.646667 | 0.666667 | 0.686667 |  -0.628856 |      236 |      194 |       42 |   5.174074 |      6 | 0.945691 | 1.375197
2025 | 607200.0 | 607500.0 | 0.004687 | 0.015901 |   5.174074 |      6 | 0.945691 | 0.600000 | 0.716667 | 0.683333 | 0.643333 |   1.257803 |      244 |      215 |       29 |   5.173528 |      6 | 0.951586 | 1.225933
2026 | 607500.0 | 607800.0 | 0.004685 | 0.015900 |   5.173528 |      6 | 0.951586 | 0.600000 | 0.660000 | 0.650000 | 0.666667 |  -0.524123 |      236 |      198 |       38 |   5.173246 |      6 | 0.949130 | 1.288110
2027 | 607800.0 | 608100.0 | 0.004683 | 0.015898 |   5.173246 |      6 | 0.949130 | 0.600000 | 0.660000 | 0.640000 | 0.730000 |  -2.830466 |      237 |      198 |       39 |   5.172965 |      6 | 0.935874 | 1.623781
2028 | 608100.0 | 608400.0 | 0.004682 | 0.015897 |   5.172965 |      6 | 0.935874 | 0.600000 | 0.683333 | 0.713333 | 0.673333 |   1.258076 |      241 |      205 |       36 |   5.172575 |      6 | 0.941764 | 1.474632
2029 | 608400.0 | 608700.0 | 0.004680 | 0.015896 |   5.172575 |      6 | 0.941764 | 0.600000 | 0.676667 | 0.696667 | 0.713333 |  -0.524236 |      239 |      203 |       36 |   5.172216 |      6 | 0.939311 | 1.536762
2030 | 608700.0 | 609000.0 | 0.004679 | 0.015895 |   5.172216 |      6 | 0.939311 | 0.600000 | 0.713333 | 0.676667 | 0.640000 |   1.153403 |      243 |      214 |       29 |   5.171686 |      6 | 0.944707 | 1.400112
2031 | 609000.0 | 609300.0 | 0.004677 | 0.015894 |   5.171686 |      6 | 0.944707 | 0.600000 | 0.710000 | 0.690000 | 0.666667 |   0.734036 |      244 |      213 |       31 |   5.171172 |      6 | 0.948140 | 1.313175
2032 | 609300.0 | 609600.0 | 0.004676 | 0.015893 |   5.171172 |      6 | 0.948140 | 0.600000 | 0.746667 | 0.700000 | 0.676667 |   0.734089 |      246 |      224 |       22 |   5.170486 |      6 | 0.951573 | 1.226261
2033 | 609600.0 | 609900.0 | 0.004674 | 0.015892 |   5.170486 |      6 | 0.951573 | 0.600000 | 0.693333 | 0.646667 | 0.643333 |   0.104877 |      240 |      208 |       32 |   5.170050 |      6 | 0.952063 | 1.213848
2034 | 609900.0 | 610200.0 | 0.004673 | 0.015890 |   5.170050 |      6 | 0.952063 | 0.600000 | 0.756667 | 0.660000 | 0.656667 |   0.104885 |      246 |      227 |       19 |   5.169318 |      6 | 0.952553 | 1.201438
2035 | 610200.0 | 610500.0 | 0.004671 | 0.015889 |   5.169318 |      6 | 0.952553 | 0.600000 | 0.693333 | 0.643333 | 0.616667 |   0.839140 |      240 |      208 |       32 |   5.168882 |      6 | 0.956473 | 1.102184
2036 | 610500.0 | 610800.0 | 0.004670 | 0.015888 |   5.168882 |      6 | 0.956473 | 0.600000 | 0.676667 | 0.573333 | 0.696667 |  -3.881304 |      236 |      203 |       33 |   5.168524 |      6 | 0.938349 | 1.561118
2037 | 610800.0 | 611100.0 | 0.004668 | 0.015887 |   5.168524 |      6 | 0.938349 | 0.600000 | 0.646667 | 0.700000 | 0.633333 |   2.098153 |      238 |      194 |       44 |   5.168306 |      6 | 0.948143 | 1.313109
2038 | 611100.0 | 611400.0 | 0.004667 | 0.015886 |   5.168306 |      6 | 0.948143 | 0.600000 | 0.726667 | 0.663333 | 0.683333 |  -0.629491 |      244 |      218 |       26 |   5.167715 |      6 | 0.945205 | 1.387492
2039 | 611400.0 | 611700.0 | 0.004665 | 0.015885 |   5.167715 |      6 | 0.945205 | 0.600000 | 0.690000 | 0.646667 | 0.673333 |  -0.839382 |      240 |      207 |       33 |   5.167295 |      6 | 0.941290 | 1.486645
2040 | 611700.0 | 612000.0 | 0.004663 | 0.015884 |   5.167295 |      6 | 0.941290 | 0.600000 | 0.656667 | 0.696667 | 0.656667 |   1.259163 |      238 |      197 |       41 |   5.167031 |      6 | 0.947162 | 1.337954
2041 | 612000.0 | 612300.0 | 0.004662 | 0.015882 |   5.167031 |      6 | 0.947162 | 0.600000 | 0.730000 | 0.716667 | 0.633333 |   2.623444 |      244 |      219 |       25 |   5.166425 |      6 | 0.959392 | 1.028259
2042 | 612300.0 | 612600.0 | 0.004660 | 0.015881 |   5.166425 |      6 | 0.959392 | 0.600000 | 0.693333 | 0.536667 | 0.686667 |  -4.722539 |      237 |      208 |       29 |   5.165990 |      6 | 0.937383 | 1.585567
2043 | 612600.0 | 612900.0 | 0.004659 | 0.015880 |   5.165990 |      6 | 0.937383 | 0.600000 | 0.696667 | 0.670000 | 0.653333 |   0.524764 |      242 |      209 |       33 |   5.165539 |      6 | 0.939828 | 1.523660
2044 | 612900.0 | 613200.0 | 0.004657 | 0.015879 |   5.165539 |      6 | 0.939828 | 0.600000 | 0.640000 | 0.643333 | 0.686667 |  -1.364484 |      236 |      192 |       44 |   5.165353 |      6 | 0.933473 | 1.684578
2045 | 613200.0 | 613500.0 | 0.004656 | 0.015878 |   5.165353 |      6 | 0.933473 | 0.600000 | 0.676667 | 0.666667 | 0.703333 |  -1.154646 |      240 |      203 |       37 |   5.164996 |      6 | 0.928097 | 1.820704
2046 | 613500.0 | 613800.0 | 0.004654 | 0.015877 |   5.164996 |      6 | 0.928097 | 0.600000 | 0.660000 | 0.653333 | 0.673333 |  -0.629852 |      239 |      198 |       41 |   5.164717 |      6 | 0.925166 | 1.894936
2047 | 613800.0 | 614100.0 | 0.004653 | 0.015876 |   5.164717 |      6 | 0.925166 | 0.600000 | 0.683333 | 0.700000 | 0.626667 |   2.309624 |      242 |      205 |       37 |   5.164329 |      6 | 0.935912 | 1.622822
2048 | 614100.0 | 614400.0 | 0.004651 | 0.015874 |   5.164329 |      6 | 0.935912 | 0.600000 | 0.706667 | 0.703333 | 0.633333 |   2.204798 |      243 |      212 |       31 |   5.163833 |      6 | 0.946167 | 1.363142
2049 | 614400.0 | 614700.0 | 0.004650 | 0.015873 |   5.163833 |      6 | 0.946167 | 0.600000 | 0.676667 | 0.640000 | 0.673333 |  -1.049979 |      237 |      203 |       34 |   5.163476 |      6 | 0.941285 | 1.486768
2050 | 614700.0 | 615000.0 | 0.004648 | 0.015872 |   5.163476 |      6 | 0.941285 | 0.600000 | 0.703333 | 0.640000 | 0.670000 |  -0.945049 |      243 |      211 |       32 |   5.162996 |      6 | 0.936892 | 1.598002
2051 | 615000.0 | 615300.0 | 0.004647 | 0.015871 |   5.162996 |      6 | 0.936892 | 0.600000 | 0.716667 | 0.713333 | 0.706667 |   0.210026 |      244 |      215 |       29 |   5.162454 |      6 | 0.937868 | 1.573290
2052 | 615300.0 | 615600.0 | 0.004645 | 0.015870 |   5.162454 |      6 | 0.937868 | 0.600000 | 0.700000 | 0.623333 | 0.623333 |   0.000000 |      242 |      210 |       32 |   5.161989 |      6 | 0.937868 | 1.573290
2053 | 615600.0 | 615900.0 | 0.004644 | 0.015869 |   5.161989 |      6 | 0.937868 | 0.600000 | 0.696667 | 0.686667 | 0.686667 |   0.000000 |      242 |      209 |       33 |   5.161540 |      6 | 0.937868 | 1.573290
2054 | 615900.0 | 616200.0 | 0.004642 | 0.015868 |   5.161540 |      6 | 0.937868 | 0.600000 | 0.706667 | 0.696667 | 0.616667 |   2.520849 |      243 |      212 |       31 |   5.161045 |      6 | 0.949570 | 1.276965
2055 | 616200.0 | 616500.0 | 0.004641 | 0.015867 |   5.161045 |      6 | 0.949570 | 0.600000 | 0.680000 | 0.673333 | 0.653333 |   0.630257 |      239 |      204 |       35 |   5.160674 |      6 | 0.952495 | 1.202903
2056 | 616500.0 | 616800.0 | 0.004639 | 0.015865 |   5.160674 |      6 | 0.952495 | 0.600000 | 0.680000 | 0.686667 | 0.623333 |   1.995957 |      238 |      204 |       34 |   5.160303 |      6 | 0.961755 | 0.968431
2057 | 616800.0 | 617100.0 | 0.004638 | 0.015864 |   5.160303 |      6 | 0.961755 | 0.600000 | 0.650000 | 0.480000 | 0.670000 |  -5.988296 |      231 |      195 |       36 |   5.160071 |      6 | 0.933983 | 1.671667
2058 | 617100.0 | 617400.0 | 0.004636 | 0.015863 |   5.160071 |      6 | 0.933983 | 0.600000 | 0.703333 | 0.676667 | 0.676667 |   0.000000 |      243 |      211 |       32 |   5.159592 |      6 | 0.933983 | 1.671667
2059 | 617400.0 | 617700.0 | 0.004635 | 0.015862 |   5.159592 |      6 | 0.933983 | 0.600000 | 0.633333 | 0.670000 | 0.636667 |   1.050728 |      237 |      190 |       47 |   5.159437 |      6 | 0.938853 | 1.548355
2060 | 617700.0 | 618000.0 | 0.004633 | 0.015861 |   5.159437 |      6 | 0.938853 | 0.600000 | 0.673333 | 0.683333 | 0.643333 |   1.260963 |      238 |      202 |       36 |   5.159098 |      6 | 0.944695 | 1.400418
2061 | 618000.0 | 618300.0 | 0.004632 | 0.015860 |   5.159098 |      6 | 0.944695 | 0.600000 | 0.703333 | 0.693333 | 0.663333 |   0.945790 |      243 |      211 |       32 |   5.158619 |      6 | 0.949076 | 1.289493
2062 | 618300.0 | 618600.0 | 0.004630 | 0.015859 |   5.158619 |      6 | 0.949076 | 0.600000 | 0.733333 | 0.693333 | 0.706667 |  -0.420381 |      243 |      220 |       23 |   5.158002 |      6 | 0.947129 | 1.338780
2063 | 618600.0 | 618900.0 | 0.004629 | 0.015858 |   5.158002 |      6 | 0.947129 | 0.600000 | 0.703333 | 0.656667 | 0.690000 |  -1.051027 |      242 |      211 |       31 |   5.157523 |      6 | 0.942264 | 1.461968
2064 | 618900.0 | 619200.0 | 0.004627 | 0.015856 |   5.157523 |      6 | 0.942264 | 0.600000 | 0.686667 | 0.696667 | 0.693333 |   0.105110 |      241 |      206 |       35 |   5.157122 |      6 | 0.942751 | 1.449652
2065 | 619200.0 | 619500.0 | 0.004626 | 0.015855 |   5.157122 |      6 | 0.942751 | 0.600000 | 0.723333 | 0.650000 | 0.663333 |  -0.420470 |      244 |      217 |       27 |   5.156552 |      6 | 0.940806 | 1.498902
2066 | 619500.0 | 619800.0 | 0.004624 | 0.015854 |   5.156552 |      6 | 0.940806 | 0.600000 | 0.703333 | 0.670000 | 0.690000 |  -0.630750 |      241 |      211 |       30 |   5.156074 |      6 | 0.937889 | 1.572759
2067 | 619800.0 | 620100.0 | 0.004623 | 0.015853 |   5.156074 |      6 | 0.937889 | 0.600000 | 0.726667 | 0.683333 | 0.706667 |  -0.735927 |      245 |      218 |       27 |   5.155488 |      6 | 0.934487 | 1.658904
2068 | 620100.0 | 620400.0 | 0.004621 | 0.015852 |   5.155488 |      6 | 0.934487 | 0.600000 | 0.653333 | 0.680000 | 0.670000 |   0.315420 |      237 |      196 |       41 |   5.155242 |      6 | 0.935945 | 1.621994
2069 | 620400.0 | 620700.0 | 0.004620 | 0.015851 |   5.155242 |      6 | 0.935945 | 0.600000 | 0.683333 | 0.686667 | 0.663333 |   0.736032 |      241 |      205 |       36 |   5.154857 |      6 | 0.939345 | 1.535893
2070 | 620700.0 | 621000.0 | 0.004618 | 0.015850 |   5.154857 |      6 | 0.939345 | 0.600000 | 0.700000 | 0.676667 | 0.683333 |  -0.210310 |      243 |      210 |       33 |   5.154395 |      6 | 0.938374 | 1.560487
2071 | 621000.0 | 621300.0 | 0.004617 | 0.015849 |   5.154395 |      6 | 0.938374 | 0.600000 | 0.640000 | 0.693333 | 0.670000 |   0.736136 |      236 |      192 |       44 |   5.154211 |      6 | 0.941772 | 1.474429
2072 | 621300.0 | 621600.0 | 0.004615 | 0.015847 |   5.154211 |      6 | 0.941772 | 0.600000 | 0.720000 | 0.726667 | 0.690000 |   1.156866 |      243 |      216 |       27 |   5.153657 |      6 | 0.947111 | 1.339230
2073 | 621600.0 | 621900.0 | 0.004614 | 0.015846 |   5.153657 |      6 | 0.947111 | 0.600000 | 0.700000 | 0.660000 | 0.660000 |   0.000000 |      242 |      210 |       32 |   5.153195 |      6 | 0.947111 | 1.339230
2074 | 621900.0 | 622200.0 | 0.004612 | 0.015845 |   5.153195 |      6 | 0.947111 | 0.600000 | 0.666667 | 0.650000 | 0.680000 |  -0.946661 |      238 |      200 |       38 |   5.152888 |      6 | 0.942745 | 1.449792
2075 | 622200.0 | 622500.0 | 0.004611 | 0.015844 |   5.152888 |      6 | 0.942745 | 0.600000 | 0.723333 | 0.683333 | 0.676667 |   0.210384 |      243 |      217 |       26 |   5.152319 |      6 | 0.943715 | 1.425229
2076 | 622500.0 | 622800.0 | 0.004609 | 0.015843 |   5.152319 |      6 | 0.943715 | 0.600000 | 0.690000 | 0.726667 | 0.706667 |   0.631196 |      241 |      207 |       34 |   5.151904 |      6 | 0.946625 | 1.351558
2077 | 622800.0 | 623100.0 | 0.004608 | 0.015842 |   5.151904 |      6 | 0.946625 | 0.600000 | 0.686667 | 0.673333 | 0.660000 |   0.420827 |      240 |      206 |       34 |   5.151505 |      6 | 0.948564 | 1.302456
2078 | 623100.0 | 623400.0 | 0.004606 | 0.015841 |   5.151505 |      6 | 0.948564 | 0.600000 | 0.696667 | 0.660000 | 0.690000 |  -0.946928 |      241 |      209 |       32 |   5.151060 |      6 | 0.944202 | 1.412907
2079 | 623400.0 | 623700.0 | 0.004605 | 0.015840 |   5.151060 |      6 | 0.944202 | 0.600000 | 0.653333 | 0.730000 | 0.676667 |   1.683546 |      236 |      196 |       40 |   5.150814 |      6 | 0.951954 | 1.216599
2080 | 623700.0 | 624000.0 | 0.004603 | 0.015838 |   5.150814 |      6 | 0.951954 | 0.600000 | 0.693333 | 0.670000 | 0.640000 |   0.947062 |      240 |      208 |       32 |   5.150384 |      6 | 0.956314 | 1.106204
2081 | 624000.0 | 624300.0 | 0.004602 | 0.015837 |   5.150384 |      6 | 0.956314 | 0.600000 | 0.683333 | 0.603333 | 0.666667 |  -1.999493 |      238 |      205 |       33 |   5.150001 |      6 | 0.947112 | 1.339203
2082 | 624300.0 | 624600.0 | 0.004600 | 0.015836 |   5.150001 |      6 | 0.947112 | 0.600000 | 0.716667 | 0.700000 | 0.626667 |   2.315365 |      242 |      215 |       27 |   5.149464 |      6 | 0.957764 | 1.069482
2083 | 624600.0 | 624900.0 | 0.004599 | 0.015835 |   5.149464 |      6 | 0.957764 | 0.600000 | 0.676667 | 0.583333 | 0.666667 |  -2.631282 |      236 |      203 |       33 |   5.149112 |      6 | 0.945663 | 1.375906
2084 | 624900.0 | 625200.0 | 0.004598 | 0.015834 |   5.149112 |      6 | 0.945663 | 0.600000 | 0.726667 | 0.670000 | 0.686667 |  -0.526293 |      245 |      218 |       27 |   5.148529 |      6 | 0.943243 | 1.437175
2085 | 625200.0 | 625500.0 | 0.004596 | 0.015833 |   5.148529 |      6 | 0.943243 | 0.600000 | 0.666667 | 0.710000 | 0.636667 |   2.315854 |      238 |      200 |       38 |   5.148223 |      6 | 0.953887 | 1.167657
2086 | 625500.0 | 625800.0 | 0.004595 | 0.015832 |   5.148223 |      6 | 0.953887 | 0.600000 | 0.716667 | 0.636667 | 0.716667 |  -2.526563 |      241 |      215 |       26 |   5.147687 |      6 | 0.942279 | 1.461604
2087 | 625800.0 | 626100.0 | 0.004593 | 0.015831 |   5.147687 |      6 | 0.942279 | 0.600000 | 0.643333 | 0.663333 | 0.640000 |   0.736966 |      237 |      193 |       44 |   5.147488 |      6 | 0.945664 | 1.375891
2088 | 626100.0 | 626400.0 | 0.004592 | 0.015830 |   5.147488 |      6 | 0.945664 | 0.600000 | 0.740000 | 0.670000 | 0.683333 |  -0.421153 |      245 |      222 |       23 |   5.146845 |      6 | 0.943730 | 1.424857
2089 | 626400.0 | 626700.0 | 0.004590 | 0.015828 |   5.146845 |      6 | 0.943730 | 0.600000 | 0.683333 | 0.696667 | 0.723333 |  -0.842365 |      241 |      205 |       36 |   5.146462 |      6 | 0.939863 | 1.522766
2090 | 626700.0 | 627000.0 | 0.004589 | 0.015827 |   5.146462 |      6 | 0.939863 | 0.600000 | 0.706667 | 0.693333 | 0.630000 |   2.000757 |      242 |      212 |       30 |   5.145973 |      6 | 0.949044 | 1.290291
2091 | 627000.0 | 627300.0 | 0.004587 | 0.015826 |   5.145973 |      6 | 0.949044 | 0.600000 | 0.700000 | 0.680000 | 0.663333 |   0.526552 |      241 |      210 |       31 |   5.145514 |      6 | 0.951460 | 1.229128
2092 | 627300.0 | 627600.0 | 0.004586 | 0.015825 |   5.145514 |      6 | 0.951460 | 0.600000 | 0.723333 | 0.646667 | 0.673333 |  -0.842542 |      244 |      217 |       27 |   5.144949 |      6 | 0.947596 | 1.326964
2093 | 627600.0 | 627900.0 | 0.004584 | 0.015824 |   5.144949 |      6 | 0.947596 | 0.600000 | 0.693333 | 0.670000 | 0.663333 |   0.210650 |      240 |      208 |       32 |   5.144521 |      6 | 0.948562 | 1.302511
2094 | 627900.0 | 628200.0 | 0.004583 | 0.015823 |   5.144521 |      6 | 0.948562 | 0.600000 | 0.716667 | 0.646667 | 0.670000 |  -0.737328 |      244 |      215 |       29 |   5.143986 |      6 | 0.945182 | 1.388074
2095 | 628200.0 | 628500.0 | 0.004581 | 0.015822 |   5.143986 |      6 | 0.945182 | 0.600000 | 0.693333 | 0.683333 | 0.760000 |  -2.422817 |      240 |      208 |       32 |   5.143559 |      6 | 0.934083 | 1.669141
2096 | 628500.0 | 628800.0 | 0.004580 | 0.015821 |   5.143559 |      6 | 0.934083 | 0.600000 | 0.660000 | 0.686667 | 0.670000 |   0.526736 |      239 |      198 |       42 |   5.143284 |      6 | 0.936495 | 1.608055
2097 | 628800.0 | 629100.0 | 0.004578 | 0.015820 |   5.143284 |      6 | 0.936495 | 0.600000 | 0.663333 | 0.633333 | 0.660000 |  -0.842837 |      238 |      199 |       38 |   5.142994 |      6 | 0.932636 | 1.705769
2098 | 629100.0 | 629400.0 | 0.004577 | 0.015818 |   5.142994 |      6 | 0.932636 | 0.600000 | 0.653333 | 0.646667 | 0.656667 |  -0.316086 |      237 |      196 |       41 |   5.142750 |      6 | 0.931189 | 1.742402
2099 | 629400.0 | 629700.0 | 0.004576 | 0.015817 |   5.142750 |      6 | 0.931189 | 0.600000 | 0.673333 | 0.653333 | 0.666667 |  -0.421477 |      241 |      202 |       40 |   5.142414 |      6 | 0.929261 | 1.791235
2100 | 629700.0 | 630000.0 | 0.004574 | 0.015816 |   5.142414 |      6 | 0.929261 | 0.600000 | 0.700000 | 0.713333 | 0.663333 |   1.580650 |      242 |      210 |       31 |   5.141957 |      6 | 0.936491 | 1.608158
2101 | 630000.0 | 630300.0 | 0.004573 | 0.015815 |   5.141957 |      6 | 0.936491 | 0.600000 | 0.663333 | 0.646667 | 0.670000 |  -0.737688 |      239 |      199 |       40 |   5.141667 |      6 | 0.933118 | 1.693573
2102 | 630300.0 | 630600.0 | 0.004571 | 0.015814 |   5.141667 |      6 | 0.933118 | 0.600000 | 0.680000 | 0.700000 | 0.660000 |   1.264697 |      240 |      204 |       36 |   5.141301 |      6 | 0.938899 | 1.547184
2103 | 630600.0 | 630900.0 | 0.004570 | 0.015813 |   5.141301 |      6 | 0.938899 | 0.600000 | 0.696667 | 0.703333 | 0.646667 |   1.791778 |      242 |      209 |       33 |   5.140860 |      6 | 0.947087 | 1.339852
2104 | 630900.0 | 631200.0 | 0.004568 | 0.015812 |   5.140860 |      6 | 0.947087 | 0.600000 | 0.706667 | 0.683333 | 0.650000 |   1.054061 |      242 |      212 |       30 |   5.140372 |      6 | 0.951902 | 1.217922
2105 | 631200.0 | 631500.0 | 0.004567 | 0.015811 |   5.140372 |      6 | 0.951902 | 0.600000 | 0.703333 | 0.656667 | 0.706667 |  -1.581201 |      241 |      211 |       30 |   5.139901 |      6 | 0.944681 | 1.400771
2106 | 631500.0 | 631800.0 | 0.004565 | 0.015810 |   5.139901 |      6 | 0.944681 | 0.600000 | 0.606667 | 0.660000 | 0.680000 |  -0.632524 |      232 |      182 |       50 |   5.139870 |      6 | 0.941793 | 1.473893
2107 | 631800.0 | 632100.0 | 0.004564 | 0.015809 |   5.139870 |      6 | 0.941793 | 0.600000 | 0.673333 | 0.650000 | 0.703333 |  -1.686849 |      238 |      202 |       36 |   5.139535 |      6 | 0.934095 | 1.668836
2108 | 632100.0 | 632400.0 | 0.004562 | 0.015807 |   5.139535 |      6 | 0.934095 | 0.600000 | 0.696667 | 0.720000 | 0.663333 |   1.792402 |      244 |      209 |       35 |   5.139094 |      6 | 0.942272 | 1.461760
2109 | 632400.0 | 632700.0 | 0.004561 | 0.015806 |   5.139094 |      6 | 0.942272 | 0.600000 | 0.693333 | 0.726667 | 0.703333 |   0.738099 |      240 |      208 |       32 |   5.138669 |      6 | 0.945639 | 1.376515
2110 | 632700.0 | 633000.0 | 0.004560 | 0.015805 |   5.138669 |      6 | 0.945639 | 0.600000 | 0.700000 | 0.683333 | 0.693333 |  -0.316350 |      241 |      210 |       32 |   5.138213 |      6 | 0.944197 | 1.413040
2111 | 633000.0 | 633300.0 | 0.004558 | 0.015804 |   5.138213 |      6 | 0.944197 | 0.600000 | 0.676667 | 0.670000 | 0.646667 |   0.738202 |      239 |      203 |       35 |   5.137863 |      6 | 0.947561 | 1.327836
2112 | 633300.0 | 633600.0 | 0.004557 | 0.015803 |   5.137863 |      6 | 0.947561 | 0.600000 | 0.686667 | 0.630000 | 0.710000 |  -2.531153 |      239 |      206 |       33 |   5.137468 |      6 | 0.936028 | 1.619890
2113 | 633600.0 | 633900.0 | 0.004555 | 0.015802 |   5.137468 |      6 | 0.936028 | 0.600000 | 0.703333 | 0.680000 | 0.663333 |   0.527360 |      241 |      211 |       30 |   5.136998 |      6 | 0.938430 | 1.559060
2114 | 633900.0 | 634200.0 | 0.004554 | 0.015801 |   5.136998 |      6 | 0.938430 | 0.600000 | 0.663333 | 0.643333 | 0.690000 |  -1.476711 |      241 |      199 |       42 |   5.136709 |      6 | 0.931705 | 1.729340
2115 | 634200.0 | 634500.0 | 0.004552 | 0.015800 |   5.136709 |      6 | 0.931705 | 0.600000 | 0.713333 | 0.676667 | 0.640000 |   1.160353 |      242 |      214 |       28 |   5.136193 |      6 | 0.936988 | 1.595582
2116 | 634500.0 | 634800.0 | 0.004551 | 0.015799 |   5.136193 |      6 | 0.936988 | 0.600000 | 0.673333 | 0.680000 | 0.683333 |  -0.105494 |      240 |      202 |       38 |   5.135860 |      6 | 0.936508 | 1.607739
2117 | 634800.0 | 635100.0 | 0.004550 | 0.015798 |   5.135860 |      6 | 0.936508 | 0.600000 | 0.673333 | 0.670000 | 0.706667 |  -1.160514 |      239 |      202 |       37 |   5.135526 |      6 | 0.931228 | 1.741431
2118 | 635100.0 | 635400.0 | 0.004548 | 0.015797 |   5.135526 |      6 | 0.931228 | 0.600000 | 0.620000 | 0.696667 | 0.700000 |  -0.105509 |      236 |      186 |       50 |   5.135435 |      6 | 0.930748 | 1.753582
2119 | 635400.0 | 635700.0 | 0.004547 | 0.015795 |   5.135435 |      6 | 0.930748 | 0.600000 | 0.656667 | 0.710000 | 0.703333 |   0.211032 |      237 |      197 |       40 |   5.135177 |      6 | 0.931707 | 1.729287
2120 | 635700.0 | 636000.0 | 0.004545 | 0.015794 |   5.135177 |      6 | 0.931707 | 0.600000 | 0.686667 | 0.676667 | 0.650000 |   0.844185 |      241 |      206 |       35 |   5.134783 |      6 | 0.935544 | 1.632127
2121 | 636000.0 | 636300.0 | 0.004544 | 0.015793 |   5.134783 |      6 | 0.935544 | 0.600000 | 0.650000 | 0.673333 | 0.653333 |   0.633183 |      237 |      195 |       42 |   5.134556 |      6 | 0.938421 | 1.559276
2122 | 636300.0 | 636600.0 | 0.004542 | 0.015792 |   5.134556 |      6 | 0.938421 | 0.600000 | 0.666667 | 0.720000 | 0.660000 |   1.899679 |      239 |      200 |       39 |   5.134253 |      6 | 0.947050 | 1.340775
2123 | 636600.0 | 636900.0 | 0.004541 | 0.015791 |   5.134253 |      6 | 0.947050 | 0.600000 | 0.666667 | 0.673333 | 0.636667 |   1.160995 |      238 |      200 |       38 |   5.133951 |      6 | 0.952322 | 1.207280
2124 | 636900.0 | 637200.0 | 0.004539 | 0.015790 |   5.133951 |      6 | 0.952322 | 0.600000 | 0.633333 | 0.680000 | 0.690000 |  -0.316657 |      233 |      190 |       43 |   5.133799 |      6 | 0.950885 | 1.243679
2125 | 637200.0 | 637500.0 | 0.004538 | 0.015789 |   5.133799 |      6 | 0.950885 | 0.600000 | 0.673333 | 0.706667 | 0.690000 |   0.527798 |      238 |      202 |       36 |   5.133467 |      6 | 0.953280 | 1.183029
2126 | 637500.0 | 637800.0 | 0.004537 | 0.015788 |   5.133467 |      6 | 0.953280 | 0.600000 | 0.693333 | 0.633333 | 0.713333 |  -2.533604 |      240 |      208 |       32 |   5.133043 |      6 | 0.941786 | 1.474077
2127 | 637800.0 | 638100.0 | 0.004535 | 0.015787 |   5.133043 |      6 | 0.941786 | 0.600000 | 0.660000 | 0.650000 | 0.676667 |  -0.844593 |      238 |      198 |       40 |   5.132771 |      6 | 0.937956 | 1.571069
2128 | 638100.0 | 638400.0 | 0.004534 | 0.015786 |   5.132771 |      6 | 0.937956 | 0.600000 | 0.723333 | 0.716667 | 0.643333 |   2.322791 |      244 |      217 |       27 |   5.132212 |      6 | 0.948487 | 1.304406
2129 | 638400.0 | 638700.0 | 0.004532 | 0.015785 |   5.132212 |      6 | 0.948487 | 0.600000 | 0.676667 | 0.690000 | 0.673333 |   0.527943 |      239 |      203 |       36 |   5.131864 |      6 | 0.950879 | 1.243816
2130 | 638700.0 | 639000.0 | 0.004531 | 0.015783 |   5.131864 |      6 | 0.950879 | 0.600000 | 0.686667 | 0.686667 | 0.716667 |  -0.950363 |      238 |      206 |       32 |   5.131472 |      6 | 0.946573 | 1.352852
2131 | 639000.0 | 639300.0 | 0.004530 | 0.015782 |   5.131472 |      6 | 0.946573 | 0.600000 | 0.680000 | 0.643333 | 0.646667 |  -0.105603 |      240 |      204 |       36 |   5.131109 |      6 | 0.946095 | 1.364964
2132 | 639300.0 | 639600.0 | 0.004528 | 0.015781 |   5.131109 |      6 | 0.946095 | 0.600000 | 0.706667 | 0.680000 | 0.660000 |   0.633663 |      242 |      212 |       31 |   5.130626 |      6 | 0.948964 | 1.292309
2133 | 639600.0 | 639900.0 | 0.004527 | 0.015780 |   5.130626 |      6 | 0.948964 | 0.600000 | 0.720000 | 0.666667 | 0.690000 |  -0.739324 |      243 |      216 |       26 |   5.130083 |      6 | 0.945618 | 1.377052
2134 | 639900.0 | 640200.0 | 0.004525 | 0.015779 |   5.130083 |      6 | 0.945618 | 0.600000 | 0.700000 | 0.640000 | 0.663333 |  -0.739375 |      242 |      210 |       33 |   5.129631 |      6 | 0.942272 | 1.461775
2135 | 640200.0 | 640500.0 | 0.004524 | 0.015778 |   5.129631 |      6 | 0.942272 | 0.600000 | 0.673333 | 0.676667 | 0.693333 |  -0.528161 |      239 |      202 |       36 |   5.129299 |      6 | 0.939883 | 1.522276
2136 | 640500.0 | 640800.0 | 0.004522 | 0.015777 |   5.129299 |      6 | 0.939883 | 0.600000 | 0.666667 | 0.720000 | 0.650000 |   2.218429 |      237 |      200 |       37 |   5.128997 |      6 | 0.949915 | 1.268233
2137 | 640800.0 | 641100.0 | 0.004521 | 0.015776 |   5.128997 |      6 | 0.949915 | 0.600000 | 0.683333 | 0.700000 | 0.643333 |   1.795994 |      240 |      205 |       35 |   5.128621 |      6 | 0.958035 | 1.062628
2138 | 641100.0 | 641400.0 | 0.004520 | 0.015775 |   5.128621 |      6 | 0.958035 | 0.600000 | 0.713333 | 0.570000 | 0.683333 |  -3.592235 |      239 |      214 |       25 |   5.128108 |      6 | 0.941800 | 1.473736
2139 | 641400.0 | 641700.0 | 0.004518 | 0.015774 |   5.128108 |      6 | 0.941800 | 0.600000 | 0.666667 | 0.640000 | 0.640000 |   0.000000 |      239 |      200 |       39 |   5.127807 |      6 | 0.941800 | 1.473736
2140 | 641700.0 | 642000.0 | 0.004517 | 0.015773 |   5.127807 |      6 | 0.941800 | 0.600000 | 0.650000 | 0.696667 | 0.680000 |   0.528342 |      237 |      195 |       42 |   5.127581 |      6 | 0.944186 | 1.413309
2141 | 642000.0 | 642300.0 | 0.004515 | 0.015772 |   5.127581 |      6 | 0.944186 | 0.600000 | 0.706667 | 0.703333 | 0.663333 |   1.268108 |      241 |      212 |       29 |   5.127100 |      6 | 0.949912 | 1.268318
2142 | 642300.0 | 642600.0 | 0.004514 | 0.015770 |   5.127100 |      6 | 0.949912 | 0.600000 | 0.676667 | 0.636667 | 0.700000 |  -2.007976 |      239 |      203 |       36 |   5.126754 |      6 | 0.940848 | 1.497831
2143 | 642600.0 | 642900.0 | 0.004513 | 0.015769 |   5.126754 |      6 | 0.940848 | 0.600000 | 0.760000 | 0.696667 | 0.690000 |   0.211380 |      247 |      228 |       19 |   5.126032 |      6 | 0.941802 | 1.473677
2144 | 642900.0 | 643200.0 | 0.004511 | 0.015768 |   5.126032 |      6 | 0.941802 | 0.600000 | 0.653333 | 0.656667 | 0.653333 |   0.105697 |      237 |      196 |       41 |   5.125791 |      6 | 0.942279 | 1.461604
2145 | 643200.0 | 643500.0 | 0.004510 | 0.015767 |   5.125791 |      6 | 0.942279 | 0.600000 | 0.706667 | 0.690000 | 0.676667 |   0.422818 |      241 |      212 |       29 |   5.125310 |      6 | 0.944185 | 1.413320
2146 | 643500.0 | 643800.0 | 0.004508 | 0.015766 |   5.125310 |      6 | 0.944185 | 0.600000 | 0.673333 | 0.686667 | 0.686667 |   0.000000 |      240 |      202 |       38 |   5.124979 |      6 | 0.944185 | 1.413320
2147 | 643800.0 | 644100.0 | 0.004507 | 0.015765 |   5.124979 |      6 | 0.944185 | 0.600000 | 0.700000 | 0.703333 | 0.696667 |   0.211438 |      241 |      210 |       31 |   5.124529 |      6 | 0.945138 | 1.389191
2148 | 644100.0 | 644400.0 | 0.004505 | 0.015764 |   5.124529 |      6 | 0.945138 | 0.600000 | 0.673333 | 0.666667 | 0.703333 |  -1.162989 |      239 |      202 |       37 |   5.124198 |      6 | 0.939899 | 1.521872
2149 | 644400.0 | 644700.0 | 0.004504 | 0.015763 |   5.124198 |      6 | 0.939899 | 0.600000 | 0.696667 | 0.670000 | 0.650000 |   0.634401 |      242 |      209 |       33 |   5.123763 |      6 | 0.942756 | 1.449518
2150 | 644700.0 | 645000.0 | 0.004503 | 0.015762 |   5.123763 |      6 | 0.942756 | 0.600000 | 0.720000 | 0.676667 | 0.663333 |   0.422963 |      243 |      216 |       28 |   5.123223 |      6 | 0.944660 | 1.401294
2151 | 645000.0 | 645300.0 | 0.004501 | 0.015761 |   5.123223 |      6 | 0.944660 | 0.600000 | 0.696667 | 0.703333 | 0.613333 |   2.855193 |      242 |      209 |       32 |   5.122788 |      6 | 0.957512 | 1.075857
2152 | 645300.0 | 645600.0 | 0.004500 | 0.015760 |   5.122788 |      6 | 0.957512 | 0.600000 | 0.696667 | 0.596667 | 0.710000 |  -3.595674 |      238 |      209 |       31 |   5.122353 |      6 | 0.941332 | 1.485567
2153 | 645600.0 | 645900.0 | 0.004498 | 0.015759 |   5.122353 |      6 | 0.941332 | 0.600000 | 0.750000 | 0.643333 | 0.733333 |  -2.855582 |      247 |      225 |       20 |   5.121678 |      6 | 0.928486 | 1.810845
2154 | 645900.0 | 646200.0 | 0.004497 | 0.015758 |   5.121678 |      6 | 0.928486 | 0.600000 | 0.636667 | 0.706667 | 0.640000 |   2.115390 |      236 |      191 |       45 |   5.121513 |      6 | 0.938000 | 1.569956
2155 | 646200.0 | 646500.0 | 0.004496 | 0.015756 |   5.121513 |      6 | 0.938000 | 0.600000 | 0.676667 | 0.690000 | 0.653333 |   1.163544 |      241 |      203 |       38 |   5.121168 |      6 | 0.943231 | 1.437500
2156 | 646500.0 | 646800.0 | 0.004494 | 0.015755 |   5.121168 |      6 | 0.943231 | 0.600000 | 0.716667 | 0.696667 | 0.643333 |   1.692542 |      244 |      215 |       29 |   5.120644 |      6 | 0.950837 | 1.244882
2157 | 646800.0 | 647100.0 | 0.004493 | 0.015754 |   5.120644 |      6 | 0.950837 | 0.600000 | 0.686667 | 0.693333 | 0.660000 |   1.057911 |      239 |      206 |       33 |   5.120254 |      6 | 0.955590 | 1.124526
2158 | 647100.0 | 647400.0 | 0.004492 | 0.015753 |   5.120254 |      6 | 0.955590 | 0.600000 | 0.663333 | 0.613333 | 0.726667 |  -3.597142 |      236 |      199 |       37 |   5.119970 |      6 | 0.939434 | 1.533639
2159 | 647400.0 | 647700.0 | 0.004490 | 0.015752 |   5.119970 |      6 | 0.939434 | 0.600000 | 0.716667 | 0.653333 | 0.690000 |  -1.163860 |      243 |      215 |       28 |   5.119446 |      6 | 0.934208 | 1.665968
2160 | 647700.0 | 648000.0 | 0.004489 | 0.015751 |   5.119446 |      6 | 0.934208 | 0.600000 | 0.696667 | 0.683333 | 0.640000 |   1.375564 |      242 |      209 |       33 |   5.119012 |      6 | 0.940382 | 1.509618
2161 | 648000.0 | 648300.0 | 0.004487 | 0.015750 |   5.119012 |      6 | 0.940382 | 0.600000 | 0.700000 | 0.673333 | 0.680000 |  -0.211640 |      242 |      210 |       32 |   5.118564 |      6 | 0.939433 | 1.533666
2162 | 648300.0 | 648600.0 | 0.004486 | 0.015749 |   5.118564 |      6 | 0.939433 | 0.600000 | 0.653333 | 0.670000 | 0.636667 |   1.058270 |      237 |      196 |       41 |   5.118324 |      6 | 0.944180 | 1.413454
2163 | 648600.0 | 648900.0 | 0.004485 | 0.015748 |   5.118324 |      6 | 0.944180 | 0.600000 | 0.686667 | 0.676667 | 0.693333 |  -0.529171 |      241 |      206 |       35 |   5.117936 |      6 | 0.941807 | 1.473546
2164 | 648900.0 | 649200.0 | 0.004483 | 0.015747 |   5.117936 |      6 | 0.941807 | 0.600000 | 0.703333 | 0.713333 | 0.656667 |   1.799303 |      242 |      211 |       31 |   5.117472 |      6 | 0.949874 | 1.269285
2165 | 649200.0 | 649500.0 | 0.004482 | 0.015746 |   5.117472 |      6 | 0.949874 | 0.600000 | 0.740000 | 0.686667 | 0.626667 |   1.905273 |      246 |      222 |       24 |   5.116845 |      6 | 0.958413 | 1.053062
2166 | 649500.0 | 649800.0 | 0.004480 | 0.015745 |   5.116845 |      6 | 0.958413 | 0.600000 | 0.723333 | 0.560000 | 0.693333 |  -4.234228 |      241 |      217 |       24 |   5.116292 |      6 | 0.939442 | 1.533442
2167 | 649800.0 | 650100.0 | 0.004479 | 0.015744 |   5.116292 |      6 | 0.939442 | 0.600000 | 0.703333 | 0.670000 | 0.706667 |  -1.164491 |      242 |      211 |       31 |   5.115829 |      6 | 0.934226 | 1.665515
2168 | 650100.0 | 650400.0 | 0.004478 | 0.015743 |   5.115829 |      6 | 0.934226 | 0.600000 | 0.676667 | 0.676667 | 0.666667 |   0.317610 |      240 |      203 |       37 |   5.115486 |      6 | 0.935648 | 1.629504
2169 | 650400.0 | 650700.0 | 0.004476 | 0.015742 |   5.115486 |      6 | 0.935648 | 0.600000 | 0.686667 | 0.686667 | 0.676667 |   0.317632 |      240 |      206 |       35 |   5.115098 |      6 | 0.937070 | 1.593502
2170 | 650700.0 | 651000.0 | 0.004475 | 0.015740 |   5.115098 |      6 | 0.937070 | 0.600000 | 0.693333 | 0.693333 | 0.666667 |   0.847075 |      242 |      208 |       33 |   5.114681 |      6 | 0.940860 | 1.497518
2171 | 651000.0 | 651300.0 | 0.004474 | 0.015739 |   5.114681 |      6 | 0.940860 | 0.600000 | 0.680000 | 0.623333 | 0.710000 |  -2.753179 |      240 |      204 |       36 |   5.114323 |      6 | 0.928544 | 1.809389
2172 | 651300.0 | 651600.0 | 0.004472 | 0.015738 |   5.114323 |      6 | 0.928544 | 0.600000 | 0.703333 | 0.713333 | 0.653333 |   1.906175 |      242 |      211 |       31 |   5.113861 |      6 | 0.937069 | 1.593530
2173 | 651600.0 | 651900.0 | 0.004471 | 0.015737 |   5.113861 |      6 | 0.937069 | 0.600000 | 0.713333 | 0.690000 | 0.663333 |   0.847246 |      243 |      214 |       29 |   5.113354 |      6 | 0.940856 | 1.497616
2174 | 651900.0 | 652200.0 | 0.004469 | 0.015736 |   5.113354 |      6 | 0.940856 | 0.600000 | 0.690000 | 0.703333 | 0.706667 |  -0.105913 |      240 |      207 |       34 |   5.112952 |      6 | 0.940383 | 1.509602
2175 | 652200.0 | 652500.0 | 0.004468 | 0.015735 |   5.112952 |      6 | 0.940383 | 0.600000 | 0.690000 | 0.656667 | 0.640000 |   0.529600 |      241 |      207 |       33 |   5.112550 |      6 | 0.942749 | 1.449685
2176 | 652500.0 | 652800.0 | 0.004467 | 0.015734 |   5.112550 |      6 | 0.942749 | 0.600000 | 0.666667 | 0.660000 | 0.690000 |  -0.953345 |      240 |      200 |       40 |   5.112252 |      6 | 0.938491 | 1.557511
2177 | 652800.0 | 653100.0 | 0.004465 | 0.015733 |   5.112252 |      6 | 0.938491 | 0.600000 | 0.686667 | 0.656667 | 0.673333 |  -0.529672 |      239 |      206 |       33 |   5.111865 |      6 | 0.936126 | 1.617400
2178 | 653100.0 | 653400.0 | 0.004464 | 0.015732 |   5.111865 |      6 | 0.936126 | 0.600000 | 0.736667 | 0.680000 | 0.666667 |   0.423766 |      246 |      221 |       25 |   5.111255 |      6 | 0.938018 | 1.569500
2179 | 653400.0 | 653700.0 | 0.004463 | 0.015731 |   5.111255 |      6 | 0.938018 | 0.600000 | 0.693333 | 0.673333 | 0.686667 |  -0.423794 |      241 |      208 |       34 |   5.110838 |      6 | 0.936126 | 1.617388
2180 | 653700.0 | 654000.0 | 0.004461 | 0.015730 |   5.110838 |      6 | 0.936126 | 0.600000 | 0.730000 | 0.690000 | 0.670000 |   0.635734 |      246 |      219 |       26 |   5.110258 |      6 | 0.938963 | 1.545573
2181 | 654000.0 | 654300.0 | 0.004460 | 0.015729 |   5.110258 |      6 | 0.938963 | 0.600000 | 0.643333 | 0.676667 | 0.653333 |   0.741740 |      235 |      193 |       42 |   5.110065 |      6 | 0.942271 | 1.461809
2182 | 654300.0 | 654600.0 | 0.004458 | 0.015728 |   5.110065 |      6 | 0.942271 | 0.600000 | 0.653333 | 0.686667 | 0.713333 |  -0.847760 |      238 |      196 |       42 |   5.109827 |      6 | 0.938491 | 1.557516
2183 | 654600.0 | 654900.0 | 0.004457 | 0.015727 |   5.109827 |      6 | 0.938491 | 0.600000 | 0.690000 | 0.680000 | 0.633333 |   1.483679 |      240 |      207 |       33 |   5.109426 |      6 | 0.945104 | 1.390069
2184 | 654900.0 | 655200.0 | 0.004456 | 0.015726 |   5.109426 |      6 | 0.945104 | 0.600000 | 0.693333 | 0.663333 | 0.643333 |   0.635905 |      241 |      208 |       33 |   5.109010 |      6 | 0.947937 | 1.318323
2185 | 655200.0 | 655500.0 | 0.004454 | 0.015725 |   5.109010 |      6 | 0.947937 | 0.600000 | 0.690000 | 0.673333 | 0.683333 |  -0.317974 |      240 |      207 |       33 |   5.108609 |      6 | 0.946521 | 1.354187
2186 | 655500.0 | 655800.0 | 0.004453 | 0.015724 |   5.108609 |      6 | 0.946521 | 0.600000 | 0.713333 | 0.703333 | 0.653333 |   1.589977 |      242 |      214 |       28 |   5.108105 |      6 | 0.953601 | 1.174908
2187 | 655800.0 | 656100.0 | 0.004452 | 0.015722 |   5.108105 |      6 | 0.953601 | 0.600000 | 0.743333 | 0.626667 | 0.650000 |  -0.742039 |      244 |      223 |       22 |   5.107467 |      6 | 0.950298 | 1.258551
2188 | 656100.0 | 656400.0 | 0.004450 | 0.015721 |   5.107467 |      6 | 0.950298 | 0.600000 | 0.710000 | 0.683333 | 0.636667 |   1.484177 |      243 |      213 |       29 |   5.106977 |      6 | 0.956902 | 1.091304
2189 | 656400.0 | 656700.0 | 0.004449 | 0.015720 |   5.106977 |      6 | 0.956902 | 0.600000 | 0.673333 | 0.610000 | 0.670000 |  -1.908356 |      235 |      202 |       33 |   5.106651 |      6 | 0.948412 | 1.306285
2190 | 656700.0 | 657000.0 | 0.004447 | 0.015719 |   5.106651 |      6 | 0.948412 | 0.600000 | 0.680000 | 0.690000 | 0.680000 |   0.318081 |      239 |      204 |       35 |   5.106295 |      6 | 0.949827 | 1.270463
2191 | 657000.0 | 657300.0 | 0.004446 | 0.015718 |   5.106295 |      6 | 0.949827 | 0.600000 | 0.700000 | 0.700000 | 0.673333 |   0.848272 |      241 |      210 |       31 |   5.105850 |      6 | 0.953599 | 1.174962
2192 | 657300.0 | 657600.0 | 0.004445 | 0.015717 |   5.105850 |      6 | 0.953599 | 0.600000 | 0.696667 | 0.636667 | 0.673333 |  -1.166452 |      240 |      209 |       31 |   5.105421 |      6 | 0.948414 | 1.306245
2193 | 657600.0 | 657900.0 | 0.004443 | 0.015716 |   5.105421 |      6 | 0.948414 | 0.600000 | 0.670000 | 0.690000 | 0.666667 |   0.742337 |      238 |      201 |       37 |   5.105110 |      6 | 0.951713 | 1.222721
2194 | 657900.0 | 658200.0 | 0.004442 | 0.015715 |   5.105110 |      6 | 0.951713 | 0.600000 | 0.710000 | 0.640000 | 0.690000 |  -1.590829 |      241 |      213 |       28 |   5.104621 |      6 | 0.944646 | 1.401659
2195 | 658200.0 | 658500.0 | 0.004441 | 0.015714 |   5.104621 |      6 | 0.944646 | 0.600000 | 0.706667 | 0.690000 | 0.680000 |   0.318187 |      242 |      212 |       30 |   5.104147 |      6 | 0.946059 | 1.365880
2196 | 658500.0 | 658800.0 | 0.004439 | 0.015713 |   5.104147 |      6 | 0.946059 | 0.600000 | 0.656667 | 0.636667 | 0.663333 |  -0.848555 |      238 |      197 |       41 |   5.103896 |      6 | 0.942292 | 1.461267
2197 | 658800.0 | 659100.0 | 0.004438 | 0.015712 |   5.103896 |      6 | 0.942292 | 0.600000 | 0.683333 | 0.700000 | 0.636667 |   2.015454 |      238 |      205 |       33 |   5.103526 |      6 | 0.951237 | 1.234775
2198 | 659100.0 | 659400.0 | 0.004437 | 0.015711 |   5.103526 |      6 | 0.951237 | 0.600000 | 0.713333 | 0.650000 | 0.723333 |  -2.333839 |      243 |      214 |       29 |   5.103023 |      6 | 0.940882 | 1.496967
2199 | 659400.0 | 659700.0 | 0.004435 | 0.015710 |   5.103023 |      6 | 0.940882 | 0.600000 | 0.650000 | 0.680000 | 0.696667 |  -0.530453 |      238 |      195 |       43 |   5.102801 |      6 | 0.938529 | 1.556542
2200 | 659700.0 | 660000.0 | 0.004434 | 0.015709 |   5.102801 |      6 | 0.938529 | 0.600000 | 0.670000 | 0.703333 | 0.650000 |   1.697564 |      239 |      201 |       38 |   5.102491 |      6 | 0.946056 | 1.365948
2201 | 660000.0 | 660300.0 | 0.004433 | 0.015708 |   5.102491 |      6 | 0.946056 | 0.600000 | 0.743333 | 0.670000 | 0.673333 |  -0.106105 |      245 |      223 |       23 |   5.101856 |      6 | 0.945586 | 1.377857
2202 | 660300.0 | 660600.0 | 0.004431 | 0.015707 |   5.101856 |      6 | 0.945586 | 0.600000 | 0.720000 | 0.693333 | 0.676667 |   0.530559 |      243 |      216 |       26 |   5.101324 |      6 | 0.947937 | 1.318325
2203 | 660600.0 | 660900.0 | 0.004430 | 0.015706 |   5.101324 |      6 | 0.947937 | 0.600000 | 0.666667 | 0.710000 | 0.636667 |   2.334617 |      239 |      200 |       39 |   5.101029 |      6 | 0.958279 | 1.056444
2204 | 660900.0 | 661200.0 | 0.004429 | 0.015705 |   5.101029 |      6 | 0.958279 | 0.600000 | 0.656667 | 0.566667 | 0.726667 |  -5.094048 |      233 |      197 |       36 |   5.100778 |      6 | 0.935720 | 1.627684
2205 | 661200.0 | 661500.0 | 0.004427 | 0.015704 |   5.100778 |      6 | 0.935720 | 0.600000 | 0.686667 | 0.733333 | 0.663333 |   2.228794 |      242 |      206 |       36 |   5.100394 |      6 | 0.945587 | 1.377826
2206 | 661500.0 | 661800.0 | 0.004426 | 0.015703 |   5.100394 |      6 | 0.945587 | 0.600000 | 0.706667 | 0.640000 | 0.706667 |  -2.122803 |      242 |      212 |       30 |   5.099922 |      6 | 0.936192 | 1.615730
2207 | 661800.0 | 662100.0 | 0.004425 | 0.015701 |   5.099922 |      6 | 0.936192 | 0.600000 | 0.696667 | 0.686667 | 0.690000 |  -0.106147 |      240 |      209 |       31 |   5.099494 |      6 | 0.935722 | 1.627622
2208 | 662100.0 | 662400.0 | 0.004423 | 0.015700 |   5.099494 |      6 | 0.935722 | 0.600000 | 0.713333 | 0.696667 | 0.670000 |   0.849234 |      245 |      214 |       31 |   5.098993 |      6 | 0.939479 | 1.532506
2209 | 662400.0 | 662700.0 | 0.004422 | 0.015699 |   5.098993 |      6 | 0.939479 | 0.600000 | 0.733333 | 0.673333 | 0.706667 |  -1.061613 |      245 |      220 |       25 |   5.098403 |      6 | 0.934784 | 1.651373
2210 | 662700.0 | 663000.0 | 0.004421 | 0.015698 |   5.098403 |      6 | 0.934784 | 0.600000 | 0.683333 | 0.683333 | 0.676667 |   0.212337 |      241 |      205 |       36 |   5.098035 |      6 | 0.935723 | 1.627605
2211 | 663000.0 | 663300.0 | 0.004419 | 0.015697 |   5.098035 |      6 | 0.935723 | 0.600000 | 0.660000 | 0.676667 | 0.640000 |   1.167929 |      238 |      198 |       40 |   5.097770 |      6 | 0.940884 | 1.496913
2212 | 663300.0 | 663600.0 | 0.004418 | 0.015696 |   5.097770 |      6 | 0.940884 | 0.600000 | 0.676667 | 0.680000 | 0.656667 |   0.743277 |      239 |      203 |       36 |   5.097431 |      6 | 0.944168 | 1.413765
2213 | 663600.0 | 663900.0 | 0.004416 | 0.015695 |   5.097431 |      6 | 0.944168 | 0.600000 | 0.690000 | 0.680000 | 0.706667 |  -0.849516 |      241 |      207 |       34 |   5.097034 |      6 | 0.940416 | 1.508769
2214 | 663900.0 | 664200.0 | 0.004415 | 0.015694 |   5.097034 |      6 | 0.940416 | 0.600000 | 0.673333 | 0.690000 | 0.633333 |   1.805341 |      239 |      202 |       37 |   5.096710 |      6 | 0.948387 | 1.306933
2215 | 664200.0 | 664500.0 | 0.004414 | 0.015693 |   5.096710 |      6 | 0.948387 | 0.600000 | 0.700000 | 0.686667 | 0.646667 |   1.274442 |      242 |      210 |       32 |   5.096268 |      6 | 0.954012 | 1.164494
2216 | 664500.0 | 664800.0 | 0.004412 | 0.015692 |   5.096268 |      6 | 0.954012 | 0.600000 | 0.730000 | 0.610000 | 0.646667 |  -1.168316 |      245 |      219 |       26 |   5.095695 |      6 | 0.948857 | 1.295032
2217 | 664800.0 | 665100.0 | 0.004411 | 0.015691 |   5.095695 |      6 | 0.948857 | 0.600000 | 0.703333 | 0.683333 | 0.633333 |   1.593264 |      240 |      211 |       29 |   5.095239 |      6 | 0.955885 | 1.117068
2218 | 665100.0 | 665400.0 | 0.004410 | 0.015690 |   5.095239 |      6 | 0.955885 | 0.600000 | 0.696667 | 0.590000 | 0.670000 |  -2.549391 |      239 |      209 |       30 |   5.094813 |      6 | 0.944643 | 1.401744
2219 | 665400.0 | 665700.0 | 0.004408 | 0.015689 |   5.094813 |      6 | 0.944643 | 0.600000 | 0.700000 | 0.673333 | 0.650000 |   0.743622 |      243 |      210 |       33 |   5.094372 |      6 | 0.947921 | 1.318733
2220 | 665700.0 | 666000.0 | 0.004407 | 0.015688 |   5.094372 |      6 | 0.947921 | 0.600000 | 0.703333 | 0.656667 | 0.670000 |  -0.424955 |      241 |      211 |       30 |   5.093916 |      6 | 0.946048 | 1.366156
2221 | 666000.0 | 666300.0 | 0.004406 | 0.015687 |   5.093916 |      6 | 0.946048 | 0.600000 | 0.656667 | 0.653333 | 0.676667 |  -0.743720 |      236 |      197 |       39 |   5.093667 |      6 | 0.942771 | 1.449128
2222 | 666300.0 | 666600.0 | 0.004404 | 0.015686 |   5.093667 |      6 | 0.942771 | 0.600000 | 0.680000 | 0.686667 | 0.673333 |   0.425011 |      240 |      204 |       36 |   5.093314 |      6 | 0.944643 | 1.401727
2223 | 666600.0 | 666900.0 | 0.004403 | 0.015685 |   5.093314 |      6 | 0.944643 | 0.600000 | 0.680000 | 0.656667 | 0.683333 |  -0.850078 |      240 |      204 |       36 |   5.092962 |      6 | 0.940900 | 1.496507
2224 | 666900.0 | 667200.0 | 0.004402 | 0.015684 |   5.092962 |      6 | 0.940900 | 0.600000 | 0.660000 | 0.720000 | 0.666667 |   1.700268 |      238 |      198 |       40 |   5.092698 |      6 | 0.948385 | 1.306991
2225 | 667200.0 | 667500.0 | 0.004401 | 0.015683 |   5.092698 |      6 | 0.948385 | 0.600000 | 0.686667 | 0.670000 | 0.640000 |   0.956464 |      239 |      206 |       33 |   5.092317 |      6 | 0.952594 | 1.200414
2226 | 667500.0 | 667800.0 | 0.004399 | 0.015682 |   5.092317 |      6 | 0.952594 | 0.600000 | 0.733333 | 0.636667 | 0.676667 |  -1.275369 |      244 |      220 |       24 |   5.091730 |      6 | 0.946983 | 1.342484
2227 | 667800.0 | 668100.0 | 0.004398 | 0.015681 |   5.091730 |      6 | 0.946983 | 0.600000 | 0.723333 | 0.663333 | 0.660000 |   0.106288 |      244 |      217 |       27 |   5.091188 |      6 | 0.947450 | 1.330647
2228 | 668100.0 | 668400.0 | 0.004397 | 0.015680 |   5.091188 |      6 | 0.947450 | 0.600000 | 0.686667 | 0.656667 | 0.640000 |   0.531474 |      240 |      206 |       34 |   5.090807 |      6 | 0.949787 | 1.271479
2229 | 668400.0 | 668700.0 | 0.004395 | 0.015679 |   5.090807 |      6 | 0.949787 | 0.600000 | 0.676667 | 0.680000 | 0.640000 |   1.275621 |      238 |      203 |       35 |   5.090470 |      6 | 0.955394 | 1.129509
2230 | 668700.0 | 669000.0 | 0.004394 | 0.015678 |   5.090470 |      6 | 0.955394 | 0.600000 | 0.680000 | 0.613333 | 0.670000 |  -1.807249 |      238 |      204 |       34 |   5.090118 |      6 | 0.947453 | 1.330586
2231 | 669000.0 | 669300.0 | 0.004393 | 0.015677 |   5.090118 |      6 | 0.947453 | 0.600000 | 0.680000 | 0.660000 | 0.700000 |  -1.275789 |      239 |      204 |       35 |   5.089767 |      6 | 0.941849 | 1.472490
2232 | 669300.0 | 669600.0 | 0.004391 | 0.015676 |   5.089767 |      6 | 0.941849 | 0.600000 | 0.686667 | 0.693333 | 0.723333 |  -0.956905 |      240 |      206 |       34 |   5.089386 |      6 | 0.937647 | 1.578892
2233 | 669600.0 | 669900.0 | 0.004390 | 0.015675 |   5.089386 |      6 | 0.937647 | 0.600000 | 0.690000 | 0.696667 | 0.670000 |   0.850638 |      241 |      207 |       34 |   5.088991 |      6 | 0.941381 | 1.484334
2234 | 669900.0 | 670200.0 | 0.004389 | 0.015673 |   5.088991 |      6 | 0.941381 | 0.600000 | 0.663333 | 0.690000 | 0.700000 |  -0.319010 |      238 |      199 |       39 |   5.088713 |      6 | 0.939981 | 1.519785
2235 | 670200.0 | 670500.0 | 0.004387 | 0.015672 |   5.088713 |      6 | 0.939981 | 0.600000 | 0.666667 | 0.633333 | 0.683333 |  -1.595155 |      240 |      200 |       40 |   5.088421 |      6 | 0.932983 | 1.696998
2236 | 670500.0 | 670800.0 | 0.004386 | 0.015671 |   5.088421 |      6 | 0.932983 | 0.600000 | 0.696667 | 0.683333 | 0.696667 |  -0.425403 |      242 |      209 |       33 |   5.087997 |      6 | 0.931117 | 1.744244
2237 | 670800.0 | 671100.0 | 0.004385 | 0.015670 |   5.087997 |      6 | 0.931117 | 0.600000 | 0.690000 | 0.706667 | 0.676667 |   0.957219 |      242 |      207 |       35 |   5.087602 |      6 | 0.935314 | 1.637966
2238 | 671100.0 | 671400.0 | 0.004383 | 0.015669 |   5.087602 |      6 | 0.935314 | 0.600000 | 0.686667 | 0.676667 | 0.670000 |   0.212729 |      240 |      206 |       34 |   5.087222 |      6 | 0.936246 | 1.614354
2239 | 671400.0 | 671700.0 | 0.004382 | 0.015668 |   5.087222 |      6 | 0.936246 | 0.600000 | 0.673333 | 0.666667 | 0.670000 |  -0.106372 |      240 |      202 |       38 |   5.086901 |      6 | 0.935780 | 1.626157
2240 | 671700.0 | 672000.0 | 0.004381 | 0.015667 |   5.086901 |      6 | 0.935780 | 0.600000 | 0.643333 | 0.713333 | 0.686667 |   0.851028 |      236 |      193 |       43 |   5.086711 |      6 | 0.939508 | 1.531754
2241 | 672000.0 | 672300.0 | 0.004379 | 0.015666 |   5.086711 |      6 | 0.939508 | 0.600000 | 0.663333 | 0.683333 | 0.686667 |  -0.106386 |      238 |      199 |       39 |   5.086434 |      6 | 0.939042 | 1.543552
2242 | 672300.0 | 672600.0 | 0.004378 | 0.015665 |   5.086434 |      6 | 0.939042 | 0.600000 | 0.690000 | 0.643333 | 0.676667 |  -1.063925 |      241 |      207 |       34 |   5.086040 |      6 | 0.934384 | 1.661500
2243 | 672600.0 | 672900.0 | 0.004377 | 0.015664 |   5.086040 |      6 | 0.934384 | 0.600000 | 0.646667 | 0.693333 | 0.666667 |   0.851196 |      237 |      194 |       43 |   5.085835 |      6 | 0.938110 | 1.567163
2244 | 672900.0 | 673200.0 | 0.004376 | 0.015663 |   5.085835 |      6 | 0.938110 | 0.600000 | 0.703333 | 0.646667 | 0.700000 |  -1.702502 |      243 |      211 |       32 |   5.085383 |      6 | 0.930661 | 1.755793
2245 | 673200.0 | 673500.0 | 0.004374 | 0.015662 |   5.085383 |      6 | 0.930661 | 0.600000 | 0.686667 | 0.680000 | 0.703333 |  -0.744894 |      240 |      206 |       34 |   5.085004 |      6 | 0.927402 | 1.838300
2246 | 673500.0 | 673800.0 | 0.004373 | 0.015661 |   5.085004 |      6 | 0.927402 | 0.600000 | 0.646667 | 0.673333 | 0.690000 |  -0.532102 |      237 |      194 |       43 |   5.084800 |      6 | 0.925075 | 1.897219
2247 | 673800.0 | 674100.0 | 0.004372 | 0.015660 |   5.084800 |      6 | 0.925075 | 0.600000 | 0.703333 | 0.663333 | 0.653333 |   0.319282 |      243 |      211 |       32 |   5.084348 |      6 | 0.926471 | 1.861876
2248 | 674100.0 | 674400.0 | 0.004370 | 0.015659 |   5.084348 |      6 | 0.926471 | 0.600000 | 0.686667 | 0.683333 | 0.700000 |  -0.532171 |      241 |      206 |       35 |   5.083970 |      6 | 0.924145 | 1.920768
2249 | 674400.0 | 674700.0 | 0.004369 | 0.015658 |   5.083970 |      6 | 0.924145 | 0.600000 | 0.666667 | 0.706667 | 0.610000 |   3.086794 |      239 |      200 |       39 |   5.083678 |      6 | 0.937632 | 1.579274
2250 | 674700.0 | 675000.0 | 0.004368 | 0.015657 |   5.083678 |      6 | 0.937632 | 0.600000 | 0.683333 | 0.690000 | 0.673333 |   0.532241 |      241 |      205 |       36 |   5.083314 |      6 | 0.939956 | 1.520409
2251 | 675000.0 | 675300.0 | 0.004366 | 0.015656 |   5.083314 |      6 | 0.939956 | 0.600000 | 0.703333 | 0.730000 | 0.690000 |   1.277461 |      241 |      211 |       30 |   5.082863 |      6 | 0.945534 | 1.379167
2252 | 675300.0 | 675600.0 | 0.004365 | 0.015655 |   5.082863 |      6 | 0.945534 | 0.600000 | 0.693333 | 0.643333 | 0.636667 |   0.212924 |      242 |      208 |       34 |   5.082456 |      6 | 0.946464 | 1.355633
2253 | 675600.0 | 675900.0 | 0.004364 | 0.015654 |   5.082456 |      6 | 0.946464 | 0.600000 | 0.673333 | 0.666667 | 0.716667 |  -1.597034 |      238 |      202 |       36 |   5.082136 |      6 | 0.939495 | 1.532103
2254 | 675900.0 | 676200.0 | 0.004363 | 0.015653 |   5.082136 |      6 | 0.939495 | 0.600000 | 0.680000 | 0.653333 | 0.656667 |  -0.106476 |      241 |      204 |       37 |   5.081787 |      6 | 0.939030 | 1.543865
2255 | 676200.0 | 676500.0 | 0.004361 | 0.015652 |   5.081787 |      6 | 0.939030 | 0.600000 | 0.693333 | 0.730000 | 0.653333 |   2.449104 |      241 |      208 |       33 |   5.081380 |      6 | 0.949711 | 1.273403
2256 | 676500.0 | 676800.0 | 0.004360 | 0.015651 |   5.081380 |      6 | 0.949711 | 0.600000 | 0.663333 | 0.663333 | 0.686667 |  -0.745428 |      237 |      199 |       38 |   5.081104 |      6 | 0.946461 | 1.355698
2257 | 676800.0 | 677100.0 | 0.004359 | 0.015650 |   5.081104 |      6 | 0.946461 | 0.600000 | 0.653333 | 0.656667 | 0.616667 |   1.277960 |      235 |      196 |       39 |   5.080871 |      6 | 0.952031 | 1.214653
2258 | 677100.0 | 677400.0 | 0.004357 | 0.015649 |   5.080871 |      6 | 0.952031 | 0.600000 | 0.706667 | 0.673333 | 0.700000 |  -0.852028 |      241 |      212 |       29 |   5.080406 |      6 | 0.948319 | 1.308661
2259 | 677400.0 | 677700.0 | 0.004356 | 0.015648 |   5.080406 |      6 | 0.948319 | 0.600000 | 0.666667 | 0.686667 | 0.690000 |  -0.106510 |      239 |      200 |       40 |   5.080116 |      6 | 0.947855 | 1.320410
2260 | 677700.0 | 678000.0 | 0.004355 | 0.015647 |   5.080116 |      6 | 0.947855 | 0.600000 | 0.696667 | 0.693333 | 0.666667 |   0.852139 |      241 |      209 |       31 |   5.079695 |      6 | 0.951566 | 1.226445
2261 | 678000.0 | 678300.0 | 0.004353 | 0.015646 |   5.079695 |      6 | 0.951566 | 0.600000 | 0.713333 | 0.643333 | 0.690000 |  -1.491340 |      242 |      214 |       28 |   5.079202 |      6 | 0.945073 | 1.390845
2262 | 678300.0 | 678600.0 | 0.004352 | 0.015645 |   5.079202 |      6 | 0.945073 | 0.600000 | 0.700000 | 0.700000 | 0.666667 |   1.065312 |      241 |      210 |       31 |   5.078766 |      6 | 0.949709 | 1.273443
2263 | 678600.0 | 678900.0 | 0.004351 | 0.015644 |   5.078766 |      6 | 0.949709 | 0.600000 | 0.733333 | 0.700000 | 0.663333 |   1.171919 |      245 |      220 |       25 |   5.078186 |      6 | 0.954808 | 1.144331
2264 | 678900.0 | 679200.0 | 0.004350 | 0.015643 |   5.078186 |      6 | 0.954808 | 0.600000 | 0.703333 | 0.630000 | 0.663333 |  -1.065450 |      240 |      211 |       29 |   5.077737 |      6 | 0.950174 | 1.261679
2265 | 679200.0 | 679500.0 | 0.004348 | 0.015642 |   5.077737 |      6 | 0.950174 | 0.600000 | 0.696667 | 0.670000 | 0.593333 |   2.450695 |      242 |      209 |       33 |   5.077316 |      6 | 0.960830 | 0.991842
2266 | 679500.0 | 679800.0 | 0.004347 | 0.015641 |   5.077316 |      6 | 0.960830 | 0.600000 | 0.676667 | 0.510000 | 0.733333 |  -7.139443 |      236 |      203 |       33 |   5.076983 |      6 | 0.929795 | 1.777706
2267 | 679800.0 | 680100.0 | 0.004346 | 0.015640 |   5.076983 |      6 | 0.929795 | 0.600000 | 0.696667 | 0.653333 | 0.670000 |  -0.532829 |      242 |      209 |       33 |   5.076563 |      6 | 0.927480 | 1.836339
2268 | 680100.0 | 680400.0 | 0.004344 | 0.015639 |   5.076563 |      6 | 0.927480 | 0.600000 | 0.663333 | 0.653333 | 0.663333 |  -0.319718 |      239 |      199 |       40 |   5.076288 |      6 | 0.926091 | 1.871511
2269 | 680400.0 | 680700.0 | 0.004343 | 0.015638 |   5.076288 |      6 | 0.926091 | 0.600000 | 0.663333 | 0.706667 | 0.666667 |   1.278955 |      240 |      199 |       41 |   5.076013 |      6 | 0.931645 | 1.730856
2270 | 680700.0 | 681000.0 | 0.004342 | 0.015637 |   5.076013 |      6 | 0.931645 | 0.600000 | 0.726667 | 0.666667 | 0.670000 |  -0.106586 |      245 |      218 |       27 |   5.075463 |      6 | 0.931183 | 1.742575
2271 | 681000.0 | 681300.0 | 0.004341 | 0.015636 |   5.075463 |      6 | 0.931183 | 0.600000 | 0.653333 | 0.676667 | 0.643333 |   1.065933 |      238 |      196 |       42 |   5.075231 |      6 | 0.935809 | 1.625417
2272 | 681300.0 | 681600.0 | 0.004339 | 0.015635 |   5.075231 |      6 | 0.935809 | 0.600000 | 0.653333 | 0.690000 | 0.690000 |   0.000000 |      237 |      196 |       41 |   5.075000 |      6 | 0.935809 | 1.625417
2273 | 681600.0 | 681900.0 | 0.004338 | 0.015634 |   5.075000 |      6 | 0.935809 | 0.600000 | 0.680000 | 0.683333 | 0.693333 |  -0.319821 |      240 |      204 |       36 |   5.074653 |      6 | 0.934422 | 1.660548
2274 | 681900.0 | 682200.0 | 0.004337 | 0.015633 |   5.074653 |      6 | 0.934422 | 0.600000 | 0.653333 | 0.673333 | 0.683333 |  -0.319842 |      239 |      196 |       43 |   5.074422 |      6 | 0.933035 | 1.695671
2275 | 682200.0 | 682500.0 | 0.004335 | 0.015632 |   5.074422 |      6 | 0.933035 | 0.600000 | 0.720000 | 0.723333 | 0.696667 |   0.852967 |      244 |      216 |       28 |   5.073901 |      6 | 0.936733 | 1.602031
2276 | 682500.0 | 682800.0 | 0.004334 | 0.015631 |   5.073901 |      6 | 0.936733 | 0.600000 | 0.680000 | 0.666667 | 0.710000 |  -1.386161 |      240 |      204 |       36 |   5.073555 |      6 | 0.930725 | 1.754161
2277 | 682800.0 | 683100.0 | 0.004333 | 0.015630 |   5.073555 |      6 | 0.930725 | 0.600000 | 0.676667 | 0.683333 | 0.663333 |   0.639808 |      240 |      203 |       37 |   5.073222 |      6 | 0.933497 | 1.683964
2278 | 683100.0 | 683400.0 | 0.004332 | 0.015629 |   5.073222 |      6 | 0.933497 | 0.600000 | 0.706667 | 0.660000 | 0.656667 |   0.106641 |      243 |      212 |       31 |   5.072760 |      6 | 0.933959 | 1.672267
2279 | 683400.0 | 683700.0 | 0.004330 | 0.015628 |   5.072760 |      6 | 0.933959 | 0.600000 | 0.683333 | 0.703333 | 0.666667 |   1.173132 |      240 |      205 |       37 |   5.072400 |      6 | 0.939039 | 1.543630
2280 | 683700.0 | 684000.0 | 0.004329 | 0.015627 |   5.072400 |      6 | 0.939039 | 0.600000 | 0.703333 | 0.703333 | 0.626667 |   2.453070 |      243 |      211 |       30 |   5.071952 |      6 | 0.949659 | 1.274725
2281 | 684000.0 | 684300.0 | 0.004328 | 0.015626 |   5.071952 |      6 | 0.949659 | 0.600000 | 0.726667 | 0.713333 | 0.666667 |   1.493269 |      243 |      218 |       25 |   5.071404 |      6 | 0.956121 | 1.111081
2282 | 684300.0 | 684600.0 | 0.004327 | 0.015625 |   5.071404 |      6 | 0.956121 | 0.600000 | 0.710000 | 0.603333 | 0.666667 |  -2.026710 |      239 |      213 |       26 |   5.070928 |      6 | 0.947353 | 1.333118
2283 | 684600.0 | 684900.0 | 0.004325 | 0.015624 |   5.070928 |      6 | 0.947353 | 0.600000 | 0.683333 | 0.673333 | 0.680000 |  -0.213352 |      239 |      205 |       34 |   5.070568 |      6 | 0.946430 | 1.356485
2284 | 684900.0 | 685200.0 | 0.004324 | 0.015623 |   5.070568 |      6 | 0.946430 | 0.600000 | 0.673333 | 0.650000 | 0.656667 |  -0.213365 |      239 |      202 |       37 |   5.070251 |      6 | 0.945507 | 1.379847
2285 | 685200.0 | 685500.0 | 0.004323 | 0.015622 |   5.070251 |      6 | 0.945507 | 0.600000 | 0.693333 | 0.706667 | 0.680000 |   0.853516 |      240 |      208 |       32 |   5.069847 |      6 | 0.949197 | 1.286422
2286 | 685500.0 | 685800.0 | 0.004321 | 0.015621 |   5.069847 |      6 | 0.949197 | 0.600000 | 0.640000 | 0.700000 | 0.663333 |   1.173660 |      235 |      192 |       43 |   5.069674 |      6 | 0.954269 | 1.157992
2287 | 685800.0 | 686100.0 | 0.004320 | 0.015620 |   5.069674 |      6 | 0.954269 | 0.600000 | 0.700000 | 0.596667 | 0.656667 |  -1.920658 |      240 |      210 |       30 |   5.069242 |      6 | 0.945971 | 1.368102
2288 | 686100.0 | 686400.0 | 0.004319 | 0.015619 |   5.069242 |      6 | 0.945971 | 0.600000 | 0.703333 | 0.676667 | 0.656667 |   0.640260 |      240 |      211 |       29 |   5.068796 |      6 | 0.948736 | 1.298081
2289 | 686400.0 | 686700.0 | 0.004318 | 0.015618 |   5.068796 |      6 | 0.948736 | 0.600000 | 0.716667 | 0.696667 | 0.660000 |   1.173886 |      244 |      215 |       29 |   5.068292 |      6 | 0.953805 | 1.169740
2290 | 686700.0 | 687000.0 | 0.004316 | 0.015617 |   5.068292 |      6 | 0.953805 | 0.600000 | 0.700000 | 0.633333 | 0.613333 |   0.640343 |      239 |      210 |       29 |   5.067861 |      6 | 0.956569 | 1.099751
2291 | 687000.0 | 687300.0 | 0.004315 | 0.015616 |   5.067861 |      6 | 0.956569 | 0.600000 | 0.683333 | 0.600000 | 0.676667 |  -2.454804 |      237 |      205 |       32 |   5.067501 |      6 | 0.945976 | 1.367979
2292 | 687300.0 | 687600.0 | 0.004314 | 0.015615 |   5.067501 |      6 | 0.945976 | 0.600000 | 0.693333 | 0.670000 | 0.690000 |  -0.640425 |      241 |      208 |       34 |   5.067098 |      6 | 0.943213 | 1.437936
2293 | 687600.0 | 687900.0 | 0.004313 | 0.015614 |   5.067098 |      6 | 0.943213 | 0.600000 | 0.690000 | 0.733333 | 0.636667 |   3.095584 |      240 |      207 |       32 |   5.066710 |      6 | 0.956563 | 1.099890
2294 | 687900.0 | 688200.0 | 0.004311 | 0.015613 |   5.066710 |      6 | 0.956563 | 0.600000 | 0.683333 | 0.533333 | 0.686667 |  -4.910551 |      238 |      205 |       33 |   5.066351 |      6 | 0.935392 | 1.635978
2295 | 688200.0 | 688500.0 | 0.004310 | 0.015612 |   5.066351 |      6 | 0.935392 | 0.600000 | 0.690000 | 0.643333 | 0.716667 |  -2.348675 |      242 |      207 |       35 |   5.065963 |      6 | 0.925269 | 1.892310
2296 | 688500.0 | 688800.0 | 0.004309 | 0.015611 |   5.065963 |      6 | 0.925269 | 0.600000 | 0.710000 | 0.660000 | 0.656667 |   0.106765 |      242 |      213 |       29 |   5.065489 |      6 | 0.925729 | 1.880661
2297 | 688800.0 | 689100.0 | 0.004308 | 0.015610 |   5.065489 |      6 | 0.925729 | 0.600000 | 0.690000 | 0.640000 | 0.623333 |   0.533858 |      242 |      207 |       35 |   5.065101 |      6 | 0.928029 | 1.822430
2298 | 689100.0 | 689400.0 | 0.004306 | 0.015609 |   5.065101 |      6 | 0.928029 | 0.600000 | 0.666667 | 0.680000 | 0.663333 |   0.533892 |      239 |      200 |       39 |   5.064814 |      6 | 0.930328 | 1.764213
2299 | 689400.0 | 689700.0 | 0.004305 | 0.015608 |   5.064814 |      6 | 0.930328 | 0.600000 | 0.710000 | 0.713333 | 0.663333 |   1.601778 |      243 |      213 |       30 |   5.064341 |      6 | 0.937224 | 1.589601
2300 | 689700.0 | 690000.0 | 0.004304 | 0.015607 |   5.064341 |      6 | 0.937224 | 0.600000 | 0.673333 | 0.656667 | 0.646667 |   0.320376 |      240 |      202 |       38 |   5.064025 |      6 | 0.938603 | 1.554686
2301 | 690000.0 | 690300.0 | 0.004303 | 0.015606 |   5.064025 |      6 | 0.938603 | 0.600000 | 0.673333 | 0.640000 | 0.683333 |  -1.388385 |      239 |      202 |       37 |   5.063710 |      6 | 0.932629 | 1.705948
2302 | 690300.0 | 690600.0 | 0.004301 | 0.015605 |   5.063710 |      6 | 0.932629 | 0.600000 | 0.676667 | 0.710000 | 0.703333 |   0.213611 |      240 |      203 |       37 |   5.063380 |      6 | 0.933548 | 1.682682
2303 | 690600.0 | 690900.0 | 0.004300 | 0.015604 |   5.063380 |      6 | 0.933548 | 0.600000 | 0.726667 | 0.650000 | 0.666667 |  -0.534062 |      245 |      218 |       27 |   5.062835 |      6 | 0.931251 | 1.740833
2304 | 690900.0 | 691200.0 | 0.004299 | 0.015603 |   5.062835 |      6 | 0.931251 | 0.600000 | 0.670000 | 0.686667 | 0.656667 |   0.961374 |      239 |      201 |       38 |   5.062534 |      6 | 0.935384 | 1.636185
2305 | 691200.0 | 691500.0 | 0.004298 | 0.015602 |   5.062534 |      6 | 0.935384 | 0.600000 | 0.720000 | 0.643333 | 0.683333 |  -1.281913 |      245 |      216 |       29 |   5.062019 |      6 | 0.929875 | 1.775684
2306 | 691500.0 | 691800.0 | 0.004296 | 0.015601 |   5.062019 |      6 | 0.929875 | 0.600000 | 0.633333 | 0.680000 | 0.636667 |   1.388828 |      236 |      190 |       46 |   5.061875 |      6 | 0.935842 | 1.624595
2307 | 691800.0 | 692100.0 | 0.004295 | 0.015600 |   5.061875 |      6 | 0.935842 | 0.600000 | 0.710000 | 0.660000 | 0.723333 |  -2.029954 |      243 |      213 |       30 |   5.061403 |      6 | 0.927123 | 1.845368
2308 | 692100.0 | 692400.0 | 0.004294 | 0.015599 |   5.061403 |      6 | 0.927123 | 0.600000 | 0.693333 | 0.676667 | 0.700000 |  -0.747926 |      242 |      208 |       34 |   5.061002 |      6 | 0.923912 | 1.926687
2309 | 692400.0 | 692700.0 | 0.004293 | 0.015598 |   5.061002 |      6 | 0.923912 | 0.600000 | 0.670000 | 0.710000 | 0.666667 |   1.389093 |      240 |      201 |       39 |   5.060702 |      6 | 0.929874 | 1.775700
2310 | 692700.0 | 693000.0 | 0.004291 | 0.015597 |   5.060702 |      6 | 0.929874 | 0.600000 | 0.670000 | 0.683333 | 0.630000 |   1.709761 |      239 |      201 |       38 |   5.060401 |      6 | 0.937212 | 1.589912
2311 | 693000.0 | 693300.0 | 0.004290 | 0.015596 |   5.060401 |      6 | 0.937212 | 0.600000 | 0.753333 | 0.653333 | 0.656667 |  -0.106867 |      246 |      226 |       20 |   5.059743 |      6 | 0.936753 | 1.601522
2312 | 693300.0 | 693600.0 | 0.004289 | 0.015595 |   5.059743 |      6 | 0.936753 | 0.600000 | 0.683333 | 0.730000 | 0.683333 |   1.496231 |      241 |      205 |       36 |   5.059386 |      6 | 0.943170 | 1.439031
2313 | 693600.0 | 693900.0 | 0.004288 | 0.015594 |   5.059386 |      6 | 0.943170 | 0.600000 | 0.746667 | 0.686667 | 0.670000 |   0.534402 |      246 |      224 |       22 |   5.058757 |      6 | 0.945461 | 1.381012
2314 | 693900.0 | 694200.0 | 0.004286 | 0.015593 |   5.058757 |      6 | 0.945461 | 0.600000 | 0.730000 | 0.620000 | 0.710000 |  -2.885956 |      245 |      219 |       26 |   5.058200 |      6 | 0.933091 | 1.694244
2315 | 694200.0 | 694500.0 | 0.004285 | 0.015592 |   5.058200 |      6 | 0.933091 | 0.600000 | 0.690000 | 0.693333 | 0.726667 |  -1.068940 |      241 |      207 |       34 |   5.057814 |      6 | 0.928511 | 1.810230
2316 | 694500.0 | 694800.0 | 0.004284 | 0.015591 |   5.057814 |      6 | 0.928511 | 0.600000 | 0.696667 | 0.680000 | 0.656667 |   0.748306 |      242 |      209 |       33 |   5.057400 |      6 | 0.931716 | 1.729058
2317 | 694800.0 | 695100.0 | 0.004283 | 0.015590 |   5.057400 |      6 | 0.931716 | 0.600000 | 0.733333 | 0.673333 | 0.673333 |   0.000000 |      246 |      220 |       26 |   5.056829 |      6 | 0.931716 | 1.729058
2318 | 695100.0 | 695400.0 | 0.004281 | 0.015589 |   5.056829 |      6 | 0.931716 | 0.600000 | 0.666667 | 0.630000 | 0.676667 |  -1.496801 |      239 |      200 |       39 |   5.056544 |      6 | 0.925308 | 1.891328
2319 | 695400.0 | 695700.0 | 0.004280 | 0.015588 |   5.056544 |      6 | 0.925308 | 0.600000 | 0.686667 | 0.700000 | 0.686667 |   0.427684 |      241 |      206 |       35 |   5.056173 |      6 | 0.927139 | 1.844976
2320 | 695700.0 | 696000.0 | 0.004279 | 0.015587 |   5.056173 |      6 | 0.927139 | 0.600000 | 0.696667 | 0.696667 | 0.656667 |   1.283135 |      242 |      209 |       33 |   5.055759 |      6 | 0.932629 | 1.705950
2321 | 696000.0 | 696300.0 | 0.004278 | 0.015586 |   5.055759 |      6 | 0.932629 | 0.600000 | 0.626667 | 0.666667 | 0.653333 |   0.427739 |      236 |      188 |       48 |   5.055645 |      6 | 0.934459 | 1.659619
2322 | 696300.0 | 696600.0 | 0.004276 | 0.015585 |   5.055645 |      6 | 0.934459 | 0.600000 | 0.693333 | 0.686667 | 0.680000 |   0.213883 |      240 |      208 |       32 |   5.055246 |      6 | 0.935373 | 1.636459
2323 | 696600.0 | 696900.0 | 0.004275 | 0.015584 |   5.055246 |      6 | 0.935373 | 0.600000 | 0.700000 | 0.670000 | 0.590000 |   2.566756 |      243 |      210 |       33 |   5.054819 |      6 | 0.946347 | 1.358596
2324 | 696900.0 | 697200.0 | 0.004274 | 0.015583 |   5.054819 |      6 | 0.946347 | 0.600000 | 0.686667 | 0.653333 | 0.656667 |  -0.106955 |      239 |      206 |       33 |   5.054448 |      6 | 0.945890 | 1.370171
2325 | 697200.0 | 697500.0 | 0.004273 | 0.015582 |   5.054448 |      6 | 0.945890 | 0.600000 | 0.726667 | 0.643333 | 0.653333 |  -0.320885 |      245 |      218 |       27 |   5.053907 |      6 | 0.944518 | 1.404888
2326 | 697500.0 | 697800.0 | 0.004271 | 0.015581 |   5.053907 |      6 | 0.944518 | 0.600000 | 0.733333 | 0.666667 | 0.673333 |  -0.213937 |      245 |      220 |       25 |   5.053337 |      6 | 0.943605 | 1.428028
2327 | 697800.0 | 698100.0 | 0.004270 | 0.015580 |   5.053337 |      6 | 0.943605 | 0.600000 | 0.706667 | 0.646667 | 0.653333 |  -0.213950 |      241 |      212 |       30 |   5.052882 |      6 | 0.942691 | 1.451162
2328 | 698100.0 | 698400.0 | 0.004269 | 0.015579 |   5.052882 |      6 | 0.942691 | 0.600000 | 0.720000 | 0.676667 | 0.636667 |   1.283783 |      244 |      216 |       27 |   5.052370 |      6 | 0.948171 | 1.312387
2329 | 698400.0 | 698700.0 | 0.004268 | 0.015578 |   5.052370 |      6 | 0.948171 | 0.600000 | 0.686667 | 0.686667 | 0.696667 |  -0.320966 |      238 |      206 |       32 |   5.052000 |      6 | 0.946802 | 1.347073
2330 | 698700.0 | 699000.0 | 0.004267 | 0.015577 |   5.052000 |      6 | 0.946802 | 0.600000 | 0.716667 | 0.676667 | 0.703333 |  -0.855964 |      244 |      215 |       29 |   5.051502 |      6 | 0.943150 | 1.439548
2331 | 699000.0 | 699300.0 | 0.004265 | 0.015576 |   5.051502 |      6 | 0.943150 | 0.600000 | 0.693333 | 0.706667 | 0.683333 |   0.749015 |      241 |      208 |       34 |   5.051104 |      6 | 0.946344 | 1.358650
2332 | 699300.0 | 699600.0 | 0.004264 | 0.015575 |   5.051104 |      6 | 0.946344 | 0.600000 | 0.663333 | 0.686667 | 0.683333 |   0.107009 |      236 |      199 |       36 |   5.050834 |      6 | 0.946801 | 1.347096
2333 | 699600.0 | 699900.0 | 0.004263 | 0.015574 |   5.050834 |      6 | 0.946801 | 0.600000 | 0.653333 | 0.670000 | 0.630000 |   1.284188 |      237 |      196 |       41 |   5.050606 |      6 | 0.952275 | 1.208477
2334 | 699900.0 | 700200.0 | 0.004262 | 0.015573 |   5.050606 |      6 | 0.952275 | 0.600000 | 0.690000 | 0.683333 | 0.680000 |   0.107022 |      239 |      207 |       33 |   5.050223 |      6 | 0.952731 | 1.196928
2335 | 700200.0 | 700500.0 | 0.004260 | 0.015572 |   5.050223 |      6 | 0.952731 | 0.600000 | 0.680000 | 0.646667 | 0.696667 |  -1.605437 |      238 |      204 |       33 |   5.049882 |      6 | 0.945891 | 1.370124
2336 | 700500.0 | 700800.0 | 0.004259 | 0.015571 |   5.049882 |      6 | 0.945891 | 0.600000 | 0.733333 | 0.703333 | 0.613333 |   2.889968 |      246 |      220 |       26 |   5.049314 |      6 | 0.958200 | 1.058442
2337 | 700800.0 | 701100.0 | 0.004258 | 0.015570 |   5.049314 |      6 | 0.958200 | 0.600000 | 0.686667 | 0.566667 | 0.686667 |  -3.853533 |      236 |      206 |       30 |   5.048945 |      6 | 0.941792 | 1.473925
2338 | 701100.0 | 701400.0 | 0.004257 | 0.015569 |   5.048945 |      6 | 0.941792 | 0.600000 | 0.680000 | 0.670000 | 0.690000 |  -0.642296 |      240 |      204 |       36 |   5.048605 |      6 | 0.939058 | 1.543157
2339 | 701400.0 | 701700.0 | 0.004256 | 0.015568 |   5.048605 |      6 | 0.939058 | 0.600000 | 0.673333 | 0.693333 | 0.633333 |   1.927009 |      240 |      202 |       38 |   5.048293 |      6 | 0.947258 | 1.335508
2340 | 701700.0 | 702000.0 | 0.004254 | 0.015567 |   5.048293 |      6 | 0.947258 | 0.600000 | 0.673333 | 0.700000 | 0.626667 |   2.355381 |      239 |      202 |       37 |   5.047981 |      6 | 0.957279 | 1.081773
2341 | 702000.0 | 702300.0 | 0.004253 | 0.015566 |   5.047981 |      6 | 0.957279 | 0.600000 | 0.710000 | 0.580000 | 0.696667 |  -3.747432 |      239 |      213 |       26 |   5.047513 |      6 | 0.941341 | 1.485353
2342 | 702300.0 | 702600.0 | 0.004252 | 0.015565 |   5.047513 |      6 | 0.941341 | 0.600000 | 0.703333 | 0.626667 | 0.666667 |  -1.284914 |      242 |      211 |       31 |   5.047073 |      6 | 0.935878 | 1.623692
2343 | 702600.0 | 702900.0 | 0.004251 | 0.015564 |   5.047073 |      6 | 0.935878 | 0.600000 | 0.700000 | 0.690000 | 0.670000 |   0.642497 |      241 |      210 |       31 |   5.046648 |      6 | 0.938609 | 1.554538
2344 | 702900.0 | 703200.0 | 0.004249 | 0.015563 |   5.046648 |      6 | 0.938609 | 0.600000 | 0.706667 | 0.710000 | 0.700000 |   0.321269 |      244 |      212 |       32 |   5.046195 |      6 | 0.939974 | 1.519968
2345 | 703200.0 | 703500.0 | 0.004248 | 0.015562 |   5.046195 |      6 | 0.939974 | 0.600000 | 0.706667 | 0.653333 | 0.670000 |  -0.535482 |      242 |      212 |       30 |   5.045742 |      6 | 0.937699 | 1.577571
2346 | 703500.0 | 703800.0 | 0.004247 | 0.015561 |   5.045742 |      6 | 0.937699 | 0.600000 | 0.683333 | 0.676667 | 0.690000 |  -0.428412 |      240 |      205 |       35 |   5.045388 |      6 | 0.935879 | 1.623643
2347 | 703800.0 | 704100.0 | 0.004246 | 0.015560 |   5.045388 |      6 | 0.935879 | 0.600000 | 0.673333 | 0.710000 | 0.666667 |   1.392427 |      240 |      202 |       38 |   5.045077 |      6 | 0.941791 | 1.473943
2348 | 704100.0 | 704400.0 | 0.004245 | 0.015559 |   5.045077 |      6 | 0.941791 | 0.600000 | 0.713333 | 0.673333 | 0.676667 |  -0.107116 |      244 |      214 |       30 |   5.044596 |      6 | 0.941337 | 1.485456
2349 | 704400.0 | 704700.0 | 0.004243 | 0.015558 |   5.044596 |      6 | 0.941337 | 0.600000 | 0.710000 | 0.680000 | 0.673333 |   0.214246 |      243 |      213 |       30 |   5.044129 |      6 | 0.942246 | 1.462435
2350 | 704700.0 | 705000.0 | 0.004242 | 0.015557 |   5.044129 |      6 | 0.942246 | 0.600000 | 0.686667 | 0.656667 | 0.680000 |  -0.749909 |      240 |      206 |       34 |   5.043761 |      6 | 0.939065 | 1.542989
2351 | 705000.0 | 705300.0 | 0.004241 | 0.015556 |   5.043761 |      6 | 0.939065 | 0.600000 | 0.656667 | 0.673333 | 0.663333 |   0.321410 |      238 |      197 |       41 |   5.043521 |      6 | 0.940428 | 1.508474
2352 | 705300.0 | 705600.0 | 0.004240 | 0.015556 |   5.043521 |      6 | 0.940428 | 0.600000 | 0.673333 | 0.646667 | 0.653333 |  -0.214286 |      239 |      202 |       37 |   5.043210 |      6 | 0.939519 | 1.531479
2353 | 705600.0 | 705900.0 | 0.004238 | 0.015555 |   5.043210 |      6 | 0.939519 | 0.600000 | 0.733333 | 0.666667 | 0.683333 |  -0.535750 |      245 |      220 |       25 |   5.042645 |      6 | 0.937248 | 1.588978
2354 | 705900.0 | 706200.0 | 0.004237 | 0.015554 |   5.042645 |      6 | 0.937248 | 0.600000 | 0.680000 | 0.696667 | 0.666667 |   0.964409 |      239 |      204 |       35 |   5.042306 |      6 | 0.941335 | 1.485502
2355 | 706200.0 | 706500.0 | 0.004236 | 0.015553 |   5.042306 |      6 | 0.941335 | 0.600000 | 0.730000 | 0.666667 | 0.720000 |  -1.714613 |      245 |      219 |       26 |   5.041755 |      6 | 0.934072 | 1.669419
2356 | 706500.0 | 706800.0 | 0.004235 | 0.015552 |   5.041755 |      6 | 0.934072 | 0.600000 | 0.653333 | 0.730000 | 0.663333 |   2.143399 |      238 |      196 |       42 |   5.041529 |      6 | 0.943149 | 1.439574
2357 | 706800.0 | 707100.0 | 0.004234 | 0.015551 |   5.041529 |      6 | 0.943149 | 0.600000 | 0.696667 | 0.660000 | 0.660000 |   0.000000 |      241 |      209 |       32 |   5.041120 |      6 | 0.943149 | 1.439574
2358 | 707100.0 | 707400.0 | 0.004232 | 0.015550 |   5.041120 |      6 | 0.943149 | 0.600000 | 0.743333 | 0.643333 | 0.673333 |  -0.964650 |      246 |      223 |       23 |   5.040513 |      6 | 0.939066 | 1.542958
2359 | 707400.0 | 707700.0 | 0.004231 | 0.015549 |   5.040513 |      6 | 0.939066 | 0.600000 | 0.663333 | 0.720000 | 0.653333 |   2.143800 |      238 |      199 |       39 |   5.040245 |      6 | 0.948137 | 1.313266
2360 | 707700.0 | 708000.0 | 0.004230 | 0.015548 |   5.040245 |      6 | 0.948137 | 0.600000 | 0.673333 | 0.680000 | 0.656667 |   0.750377 |      239 |      202 |       38 |   5.039935 |      6 | 0.951311 | 1.232891
2361 | 708000.0 | 708300.0 | 0.004229 | 0.015547 |   5.039935 |      6 | 0.951311 | 0.600000 | 0.653333 | 0.663333 | 0.686667 |  -0.750423 |      235 |      196 |       38 |   5.039710 |      6 | 0.948137 | 1.313248
2362 | 708300.0 | 708600.0 | 0.004228 | 0.015546 |   5.039710 |      6 | 0.948137 | 0.600000 | 0.653333 | 0.693333 | 0.660000 |   1.072100 |      237 |      196 |       41 |   5.039484 |      6 | 0.952670 | 1.198478
2363 | 708600.0 | 708900.0 | 0.004226 | 0.015545 |   5.039484 |      6 | 0.952670 | 0.600000 | 0.680000 | 0.610000 | 0.660000 |  -1.608250 |      238 |      204 |       34 |   5.039146 |      6 | 0.945873 | 1.370595
2364 | 708900.0 | 709200.0 | 0.004225 | 0.015544 |   5.039146 |      6 | 0.945873 | 0.600000 | 0.710000 | 0.673333 | 0.663333 |   0.321670 |      243 |      213 |       30 |   5.038681 |      6 | 0.947232 | 1.336179
2365 | 709200.0 | 709500.0 | 0.004224 | 0.015543 |   5.038681 |      6 | 0.947232 | 0.600000 | 0.673333 | 0.653333 | 0.663333 |  -0.321690 |      238 |      202 |       36 |   5.038372 |      6 | 0.945873 | 1.370587
2366 | 709500.0 | 709800.0 | 0.004223 | 0.015542 |   5.038372 |      6 | 0.945873 | 0.600000 | 0.720000 | 0.720000 | 0.700000 |   0.643420 |      242 |      216 |       26 |   5.037865 |      6 | 0.948590 | 1.301786
2367 | 709800.0 | 710100.0 | 0.004222 | 0.015541 |   5.037865 |      6 | 0.948590 | 0.600000 | 0.710000 | 0.723333 | 0.663333 |   1.930380 |      243 |      213 |       30 |   5.037400 |      6 | 0.956740 | 1.095430
2368 | 710100.0 | 710400.0 | 0.004220 | 0.015540 |   5.037400 |      6 | 0.956740 | 0.600000 | 0.700000 | 0.610000 | 0.716667 |  -3.431999 |      239 |      210 |       29 |   5.036978 |      6 | 0.942255 | 1.462204
2369 | 710400.0 | 710700.0 | 0.004219 | 0.015539 |   5.036978 |      6 | 0.942255 | 0.600000 | 0.693333 | 0.656667 | 0.680000 |  -0.750796 |      241 |      208 |       33 |   5.036585 |      6 | 0.939087 | 1.542418
2370 | 710700.0 | 711000.0 | 0.004218 | 0.015538 |   5.036585 |      6 | 0.939087 | 0.600000 | 0.673333 | 0.700000 | 0.690000 |   0.321790 |      239 |      202 |       37 |   5.036275 |      6 | 0.940444 | 1.508048
2371 | 711000.0 | 711300.0 | 0.004217 | 0.015537 |   5.036275 |      6 | 0.940444 | 0.600000 | 0.670000 | 0.673333 | 0.680000 |  -0.214540 |      238 |      201 |       37 |   5.035980 |      6 | 0.939540 | 1.530957
2372 | 711300.0 | 711600.0 | 0.004216 | 0.015536 |   5.035980 |      6 | 0.939540 | 0.600000 | 0.683333 | 0.676667 | 0.663333 |   0.429106 |      241 |      205 |       36 |   5.035629 |      6 | 0.941349 | 1.485150
2373 | 711600.0 | 711900.0 | 0.004214 | 0.015535 |   5.035629 |      6 | 0.941349 | 0.600000 | 0.686667 | 0.676667 | 0.670000 |   0.214566 |      240 |      206 |       34 |   5.035264 |      6 | 0.942253 | 1.462252
2374 | 711900.0 | 712200.0 | 0.004213 | 0.015534 |   5.035264 |      6 | 0.942253 | 0.600000 | 0.693333 | 0.706667 | 0.696667 |   0.321870 |      241 |      208 |       34 |   5.034870 |      6 | 0.943609 | 1.427913
2375 | 712200.0 | 712500.0 | 0.004212 | 0.015533 |   5.034870 |      6 | 0.943609 | 0.600000 | 0.666667 | 0.683333 | 0.663333 |   0.643779 |      239 |      200 |       38 |   5.034589 |      6 | 0.946321 | 1.359249
2376 | 712500.0 | 712800.0 | 0.004211 | 0.015532 |   5.034589 |      6 | 0.946321 | 0.600000 | 0.646667 | 0.683333 | 0.656667 |   0.858425 |      235 |      194 |       41 |   5.034393 |      6 | 0.949936 | 1.267718
2377 | 712800.0 | 713100.0 | 0.004210 | 0.015531 |   5.034393 |      6 | 0.949936 | 0.600000 | 0.716667 | 0.680000 | 0.720000 |  -1.287717 |      243 |      215 |       28 |   5.033902 |      6 | 0.944515 | 1.404985
2378 | 713100.0 | 713400.0 | 0.004209 | 0.015530 |   5.033902 |      6 | 0.944515 | 0.600000 | 0.713333 | 0.640000 | 0.690000 |  -1.609746 |      243 |      214 |       29 |   5.033425 |      6 | 0.937740 | 1.576530
2379 | 713400.0 | 713700.0 | 0.004207 | 0.015529 |   5.033425 |      6 | 0.937740 | 0.600000 | 0.650000 | 0.710000 | 0.683333 |   0.858584 |      237 |      195 |       42 |   5.033215 |      6 | 0.941352 | 1.485059
2380 | 713700.0 | 714000.0 | 0.004206 | 0.015528 |   5.033215 |      6 | 0.941352 | 0.600000 | 0.720000 | 0.696667 | 0.690000 |   0.214659 |      244 |      216 |       28 |   5.032710 |      6 | 0.942255 | 1.462197
2381 | 714000.0 | 714300.0 | 0.004205 | 0.015528 |   5.032710 |      6 | 0.942255 | 0.600000 | 0.706667 | 0.690000 | 0.680000 |   0.322009 |      242 |      212 |       30 |   5.032261 |      6 | 0.943609 | 1.427910
2382 | 714300.0 | 714600.0 | 0.004204 | 0.015527 |   5.032261 |      6 | 0.943609 | 0.600000 | 0.706667 | 0.670000 | 0.676667 |  -0.214686 |      243 |      212 |       31 |   5.031813 |      6 | 0.942707 | 1.450763
2383 | 714600.0 | 714900.0 | 0.004203 | 0.015526 |   5.031813 |      6 | 0.942707 | 0.600000 | 0.646667 | 0.693333 | 0.656667 |   1.180845 |      236 |      194 |       42 |   5.031617 |      6 | 0.947669 | 1.325101
2384 | 714900.0 | 715200.0 | 0.004201 | 0.015525 |   5.031617 |      6 | 0.947669 | 0.600000 | 0.696667 | 0.620000 | 0.713333 |  -3.005972 |      240 |      209 |       31 |   5.031211 |      6 | 0.935040 | 1.644897
2385 | 715200.0 | 715500.0 | 0.004200 | 0.015524 |   5.031211 |      6 | 0.935040 | 0.600000 | 0.690000 | 0.703333 | 0.630000 |   2.361980 |      241 |      207 |       34 |   5.030833 |      6 | 0.944961 | 1.393684
2386 | 715500.0 | 715800.0 | 0.004199 | 0.015523 |   5.030833 |      6 | 0.944961 | 0.600000 | 0.686667 | 0.653333 | 0.673333 |  -0.644216 |      241 |      206 |       35 |   5.030469 |      6 | 0.942256 | 1.462182
2387 | 715800.0 | 716100.0 | 0.004198 | 0.015522 |   5.030469 |      6 | 0.942256 | 0.600000 | 0.726667 | 0.696667 | 0.706667 |  -0.322128 |      244 |      218 |       26 |   5.029937 |      6 | 0.940904 | 1.496423
2388 | 716100.0 | 716400.0 | 0.004197 | 0.015521 |   5.029937 |      6 | 0.940904 | 0.600000 | 0.673333 | 0.686667 | 0.746667 |  -1.932886 |      240 |      202 |       38 |   5.029629 |      6 | 0.932792 | 1.701825
2389 | 716400.0 | 716700.0 | 0.004195 | 0.015520 |   5.029629 |      6 | 0.932792 | 0.600000 | 0.716667 | 0.640000 | 0.633333 |   0.214778 |      243 |      215 |       28 |   5.029140 |      6 | 0.933693 | 1.679007
2390 | 716700.0 | 717000.0 | 0.004194 | 0.015519 |   5.029140 |      6 | 0.933693 | 0.600000 | 0.750000 | 0.693333 | 0.693333 |   0.000000 |      247 |      225 |       22 |   5.028511 |      6 | 0.933693 | 1.679007
2391 | 717000.0 | 717300.0 | 0.004193 | 0.015518 |   5.028511 |      6 | 0.933693 | 0.600000 | 0.690000 | 0.656667 | 0.650000 |   0.214805 |      242 |      207 |       35 |   5.028133 |      6 | 0.934594 | 1.656200
2392 | 717300.0 | 717600.0 | 0.004192 | 0.015517 |   5.028133 |      6 | 0.934594 | 0.600000 | 0.676667 | 0.686667 | 0.720000 |  -1.074090 |      240 |      203 |       37 |   5.027812 |      6 | 0.930091 | 1.770212
2393 | 717600.0 | 717900.0 | 0.004191 | 0.015516 |   5.027812 |      6 | 0.930091 | 0.600000 | 0.713333 | 0.676667 | 0.683333 |  -0.214831 |      245 |      214 |       31 |   5.027337 |      6 | 0.929191 | 1.793009
2394 | 717900.0 | 718200.0 | 0.004190 | 0.015515 |   5.027337 |      6 | 0.929191 | 0.600000 | 0.680000 | 0.690000 | 0.656667 |   1.074222 |      240 |      204 |       36 |   5.027002 |      6 | 0.933691 | 1.679047
2395 | 718200.0 | 718500.0 | 0.004188 | 0.015514 |   5.027002 |      6 | 0.933691 | 0.600000 | 0.706667 | 0.653333 | 0.683333 |  -0.966859 |      241 |      212 |       29 |   5.026555 |      6 | 0.929642 | 1.781590
2396 | 718500.0 | 718800.0 | 0.004187 | 0.015513 |   5.026555 |      6 | 0.929642 | 0.600000 | 0.716667 | 0.660000 | 0.656667 |   0.107435 |      245 |      215 |       30 |   5.026066 |      6 | 0.930092 | 1.770199
2397 | 718800.0 | 719100.0 | 0.004186 | 0.015512 |   5.026066 |      6 | 0.930092 | 0.600000 | 0.670000 | 0.646667 | 0.670000 |  -0.752094 |      239 |      201 |       38 |   5.025773 |      6 | 0.926943 | 1.849920
2398 | 719100.0 | 719400.0 | 0.004185 | 0.015511 |   5.025773 |      6 | 0.926943 | 0.600000 | 0.680000 | 0.696667 | 0.646667 |   1.611728 |      240 |      204 |       36 |   5.025439 |      6 | 0.933688 | 1.679127
2399 | 719400.0 | 719700.0 | 0.004184 | 0.015510 |   5.025439 |      6 | 0.933688 | 0.600000 | 0.696667 | 0.613333 | 0.660000 |  -1.504372 |      242 |      209 |       33 |   5.025034 |      6 | 0.927394 | 1.838499
2400 | 719700.0 | 720000.0 | 0.004183 | 0.015509 |   5.025034 |      6 | 0.927394 | 0.600000 | 0.690000 | 0.700000 | 0.636667 |   2.041772 |      242 |      207 |       35 |   5.024658 |      6 | 0.935934 | 1.622256
2401 | 720000.0 | 720300.0 | 0.004181 | 0.015508 |   5.024658 |      6 | 0.935934 | 0.600000 | 0.683333 | 0.693333 | 0.660000 |   1.074683 |      241 |      205 |       36 |   5.024309 |      6 | 0.940428 | 1.508469
2402 | 720300.0 | 720600.0 | 0.004180 | 0.015508 |   5.024309 |      6 | 0.940428 | 0.600000 | 0.716667 | 0.690000 | 0.696667 |  -0.214950 |      243 |      215 |       28 |   5.023822 |      6 | 0.939529 | 1.531221
2403 | 720600.0 | 720900.0 | 0.004179 | 0.015507 |   5.023822 |      6 | 0.939529 | 0.600000 | 0.656667 | 0.646667 | 0.690000 |  -1.397258 |      237 |      197 |       40 |   5.023585 |      6 | 0.933690 | 1.679080
2404 | 720900.0 | 721200.0 | 0.004178 | 0.015506 |   5.023585 |      6 | 0.933690 | 0.600000 | 0.666667 | 0.726667 | 0.663333 |   2.042272 |      239 |      200 |       39 |   5.023306 |      6 | 0.942222 | 1.463026
2405 | 721200.0 | 721500.0 | 0.004177 | 0.015505 |   5.023306 |      6 | 0.942222 | 0.600000 | 0.710000 | 0.683333 | 0.650000 |   1.074946 |      243 |      213 |       30 |   5.022847 |      6 | 0.946712 | 1.349338
2406 | 721500.0 | 721800.0 | 0.004176 | 0.015504 |   5.022847 |      6 | 0.946712 | 0.600000 | 0.666667 | 0.703333 | 0.683333 |   0.645007 |      238 |      200 |       38 |   5.022568 |      6 | 0.949405 | 1.281140
2407 | 721800.0 | 722100.0 | 0.004174 | 0.015503 |   5.022568 |      6 | 0.949405 | 0.600000 | 0.683333 | 0.630000 | 0.626667 |   0.107508 |      239 |      205 |       34 |   5.022221 |      6 | 0.949854 | 1.269776
2408 | 722100.0 | 722400.0 | 0.004173 | 0.015502 |   5.022221 |      6 | 0.949854 | 0.600000 | 0.730000 | 0.663333 | 0.630000 |   1.075142 |      244 |      219 |       25 |   5.021678 |      6 | 0.954341 | 1.156163
2409 | 722400.0 | 722700.0 | 0.004172 | 0.015501 |   5.021678 |      6 | 0.954341 | 0.600000 | 0.680000 | 0.586667 | 0.693333 |  -3.440666 |      236 |      204 |       32 |   5.021344 |      6 | 0.939986 | 1.519647
2410 | 722700.0 | 723000.0 | 0.004171 | 0.015500 |   5.021344 |      6 | 0.939986 | 0.600000 | 0.660000 | 0.693333 | 0.663333 |   0.967746 |      238 |      198 |       41 |   5.021094 |      6 | 0.944023 | 1.417439
2411 | 723000.0 | 723300.0 | 0.004170 | 0.015499 |   5.021094 |      6 | 0.944023 | 0.600000 | 0.683333 | 0.683333 | 0.630000 |   1.720543 |      239 |      205 |       33 |   5.020747 |      6 | 0.951197 | 1.235776
2412 | 723300.0 | 723600.0 | 0.004169 | 0.015498 |   5.020747 |      6 | 0.951197 | 0.600000 | 0.713333 | 0.670000 | 0.676667 |  -0.215081 |      243 |      214 |       29 |   5.020274 |      6 | 0.950300 | 1.258479
2413 | 723600.0 | 723900.0 | 0.004167 | 0.015497 |   5.020274 |      6 | 0.950300 | 0.600000 | 0.726667 | 0.683333 | 0.736667 |  -1.720752 |      244 |      218 |       26 |   5.019746 |      6 | 0.943129 | 1.440063
2414 | 723900.0 | 724200.0 | 0.004166 | 0.015496 |   5.019746 |      6 | 0.943129 | 0.600000 | 0.753333 | 0.660000 | 0.613333 |   1.505750 |      246 |      226 |       20 |   5.019107 |      6 | 0.949403 | 1.281212
2415 | 724200.0 | 724500.0 | 0.004165 | 0.015495 |   5.019107 |      6 | 0.949403 | 0.600000 | 0.700000 | 0.656667 | 0.716667 |  -1.936082 |      242 |      210 |       32 |   5.018691 |      6 | 0.941339 | 1.485404
2416 | 724500.0 | 724800.0 | 0.004164 | 0.015494 |   5.018691 |      6 | 0.941339 | 0.600000 | 0.683333 | 0.643333 | 0.696667 |  -1.721067 |      240 |      205 |       35 |   5.018344 |      6 | 0.934172 | 1.666870
2417 | 724800.0 | 725100.0 | 0.004163 | 0.015493 |   5.018344 |      6 | 0.934172 | 0.600000 | 0.706667 | 0.706667 | 0.650000 |   1.828745 |      243 |      212 |       31 |   5.017900 |      6 | 0.941785 | 1.474105
2418 | 725100.0 | 725400.0 | 0.004162 | 0.015492 |   5.017900 |      6 | 0.941785 | 0.600000 | 0.693333 | 0.636667 | 0.656667 |  -0.645478 |      241 |      208 |       33 |   5.017511 |      6 | 0.939099 | 1.542125
2419 | 725400.0 | 725700.0 | 0.004160 | 0.015491 |   5.017511 |      6 | 0.939099 | 0.600000 | 0.716667 | 0.673333 | 0.643333 |   0.968277 |      243 |      215 |       28 |   5.017026 |      6 | 0.943127 | 1.440117
2420 | 725700.0 | 726000.0 | 0.004159 | 0.015491 |   5.017026 |      6 | 0.943127 | 0.600000 | 0.660000 | 0.640000 | 0.700000 |  -1.936671 |      238 |      198 |       40 |   5.016777 |      6 | 0.935072 | 1.644088
2421 | 726000.0 | 726300.0 | 0.004158 | 0.015490 |   5.016777 |      6 | 0.935072 | 0.600000 | 0.696667 | 0.700000 | 0.723333 |  -0.753195 |      242 |      209 |       33 |   5.016375 |      6 | 0.931940 | 1.723393
2422 | 726300.0 | 726600.0 | 0.004157 | 0.015489 |   5.016375 |      6 | 0.931940 | 0.600000 | 0.686667 | 0.730000 | 0.643333 |   2.797753 |      240 |      206 |       34 |   5.016014 |      6 | 0.943570 | 1.428896
2423 | 726600.0 | 726900.0 | 0.004156 | 0.015488 |   5.016014 |      6 | 0.943570 | 0.600000 | 0.720000 | 0.670000 | 0.673333 |  -0.107612 |      244 |      216 |       28 |   5.015516 |      6 | 0.943123 | 1.440220
2424 | 726900.0 | 727200.0 | 0.004155 | 0.015487 |   5.015516 |      6 | 0.943123 | 0.600000 | 0.706667 | 0.683333 | 0.700000 |  -0.538095 |      242 |      212 |       30 |   5.015072 |      6 | 0.940888 | 1.496830
2425 | 727200.0 | 727500.0 | 0.004154 | 0.015486 |   5.015072 |      6 | 0.940888 | 0.600000 | 0.706667 | 0.686667 | 0.696667 |  -0.322876 |      243 |      212 |       31 |   5.014629 |      6 | 0.939546 | 1.530788
2426 | 727500.0 | 727800.0 | 0.004152 | 0.015485 |   5.014629 |      6 | 0.939546 | 0.600000 | 0.693333 | 0.726667 | 0.663333 |   2.045008 |      241 |      208 |       33 |   5.014242 |      6 | 0.948038 | 1.315765
2427 | 727800.0 | 728100.0 | 0.004151 | 0.015484 |   5.014242 |      6 | 0.948038 | 0.600000 | 0.696667 | 0.643333 | 0.656667 |  -0.430554 |      241 |      209 |       32 |   5.013841 |      6 | 0.946251 | 1.361023
2428 | 728100.0 | 728400.0 | 0.004150 | 0.015483 |   5.013841 |      6 | 0.946251 | 0.600000 | 0.690000 | 0.676667 | 0.670000 |   0.215290 |      241 |      207 |       34 |   5.013467 |      6 | 0.947144 | 1.338399
2429 | 728400.0 | 728700.0 | 0.004149 | 0.015482 |   5.013467 |      6 | 0.947144 | 0.600000 | 0.700000 | 0.683333 | 0.666667 |   0.538258 |      240 |      210 |       30 |   5.013052 |      6 | 0.949377 | 1.281851
2430 | 728700.0 | 729000.0 | 0.004148 | 0.015481 |   5.013052 |      6 | 0.949377 | 0.600000 | 0.680000 | 0.670000 | 0.663333 |   0.215316 |      240 |      204 |       37 |   5.012720 |      6 | 0.950271 | 1.259236
2431 | 729000.0 | 729300.0 | 0.004147 | 0.015480 |   5.012720 |      6 | 0.950271 | 0.600000 | 0.703333 | 0.676667 | 0.643333 |   1.076646 |      241 |      211 |       29 |   5.012292 |      6 | 0.954735 | 1.146189
2432 | 729300.0 | 729600.0 | 0.004145 | 0.015479 |   5.012292 |      6 | 0.954735 | 0.600000 | 0.700000 | 0.616667 | 0.696667 |  -2.584106 |      239 |      210 |       30 |   5.011877 |      6 | 0.944023 | 1.417444
2433 | 729600.0 | 729900.0 | 0.004144 | 0.015478 |   5.011877 |      6 | 0.944023 | 0.600000 | 0.696667 | 0.676667 | 0.656667 |   0.646065 |      241 |      209 |       31 |   5.011477 |      6 | 0.946700 | 1.349645
2434 | 729900.0 | 730200.0 | 0.004143 | 0.015477 |   5.011477 |      6 | 0.946700 | 0.600000 | 0.690000 | 0.643333 | 0.683333 |  -1.292209 |      240 |      207 |       33 |   5.011104 |      6 | 0.941346 | 1.485214
2435 | 730200.0 | 730500.0 | 0.004142 | 0.015476 |   5.011104 |      6 | 0.941346 | 0.600000 | 0.713333 | 0.693333 | 0.666667 |   0.861525 |      243 |      214 |       29 |   5.010634 |      6 | 0.944915 | 1.394854
2436 | 730500.0 | 730800.0 | 0.004141 | 0.015476 |   5.010634 |      6 | 0.944915 | 0.600000 | 0.676667 | 0.666667 | 0.640000 |   0.861577 |      240 |      203 |       37 |   5.010317 |      6 | 0.948482 | 1.304514
2437 | 730800.0 | 731100.0 | 0.004140 | 0.015475 |   5.010317 |      6 | 0.948482 | 0.600000 | 0.700000 | 0.636667 | 0.666667 |  -0.969332 |      240 |      210 |       30 |   5.009903 |      6 | 0.944470 | 1.406125
2438 | 731100.0 | 731400.0 | 0.004139 | 0.015474 |   5.009903 |      6 | 0.944470 | 0.600000 | 0.693333 | 0.683333 | 0.710000 |  -0.861681 |      241 |      208 |       33 |   5.009517 |      6 | 0.940903 | 1.496427
2439 | 731400.0 | 731700.0 | 0.004137 | 0.015473 |   5.009517 |      6 | 0.940903 | 0.600000 | 0.710000 | 0.650000 | 0.640000 |   0.323150 |      243 |      213 |       30 |   5.009062 |      6 | 0.942240 | 1.462571
2440 | 731700.0 | 732000.0 | 0.004136 | 0.015472 |   5.009062 |      6 | 0.942240 | 0.600000 | 0.683333 | 0.686667 | 0.666667 |   0.646338 |      240 |      205 |       35 |   5.008717 |      6 | 0.944914 | 1.394874
2441 | 732000.0 | 732300.0 | 0.004135 | 0.015471 |   5.008717 |      6 | 0.944914 | 0.600000 | 0.730000 | 0.666667 | 0.653333 |   0.430918 |      245 |      219 |       26 |   5.008179 |      6 | 0.946696 | 1.349752
2442 | 732300.0 | 732600.0 | 0.004134 | 0.015470 |   5.008179 |      6 | 0.946696 | 0.600000 | 0.696667 | 0.683333 | 0.676667 |   0.215472 |      240 |      209 |       31 |   5.007780 |      6 | 0.947587 | 1.327196
2443 | 732600.0 | 732900.0 | 0.004133 | 0.015469 |   5.007780 |      6 | 0.947587 | 0.600000 | 0.693333 | 0.690000 | 0.630000 |   1.939365 |      240 |      208 |       32 |   5.007394 |      6 | 0.955602 | 1.124236
2444 | 732900.0 | 733200.0 | 0.004132 | 0.015468 |   5.007394 |      6 | 0.955602 | 0.600000 | 0.703333 | 0.600000 | 0.683333 |  -2.693725 |      240 |      211 |       29 |   5.006967 |      6 | 0.944472 | 1.406065
2445 | 733200.0 | 733500.0 | 0.004131 | 0.015467 |   5.006967 |      6 | 0.944472 | 0.600000 | 0.690000 | 0.673333 | 0.716667 |  -1.400821 |      240 |      207 |       33 |   5.006595 |      6 | 0.938686 | 1.552584
2446 | 733500.0 | 733800.0 | 0.004130 | 0.015466 |   5.006595 |      6 | 0.938686 | 0.600000 | 0.716667 | 0.700000 | 0.683333 |   0.538810 |      245 |      215 |       30 |   5.006113 |      6 | 0.940911 | 1.496242
2447 | 733800.0 | 734100.0 | 0.004128 | 0.015465 |   5.006113 |      6 | 0.940911 | 0.600000 | 0.673333 | 0.663333 | 0.653333 |   0.323305 |      240 |      202 |       38 |   5.005811 |      6 | 0.942245 | 1.462445
2448 | 734100.0 | 734400.0 | 0.004127 | 0.015464 |   5.005811 |      6 | 0.942245 | 0.600000 | 0.700000 | 0.686667 | 0.670000 |   0.538874 |      241 |      210 |       31 |   5.005398 |      6 | 0.944470 | 1.406127
2449 | 734400.0 | 734700.0 | 0.004126 | 0.015463 |   5.005398 |      6 | 0.944470 | 0.600000 | 0.706667 | 0.656667 | 0.633333 |   0.754470 |      242 |      212 |       30 |   5.004958 |      6 | 0.947583 | 1.327300
2450 | 734700.0 | 735000.0 | 0.004125 | 0.015462 |   5.004958 |      6 | 0.947583 | 0.600000 | 0.703333 | 0.673333 | 0.700000 |  -0.862303 |      242 |      211 |       31 |   5.004532 |      6 | 0.944026 | 1.417369
2451 | 735000.0 | 735300.0 | 0.004124 | 0.015462 |   5.004532 |      6 | 0.944026 | 0.600000 | 0.743333 | 0.650000 | 0.696667 |  -1.509120 |      245 |      223 |       22 |   5.003940 |      6 | 0.937802 | 1.574956
2452 | 735300.0 | 735600.0 | 0.004123 | 0.015461 |   5.003940 |      6 | 0.937802 | 0.600000 | 0.676667 | 0.696667 | 0.653333 |   1.401410 |      241 |      203 |       38 |   5.003624 |      6 | 0.943580 | 1.428657
2453 | 735600.0 | 735900.0 | 0.004122 | 0.015460 |   5.003624 |      6 | 0.943580 | 0.600000 | 0.696667 | 0.696667 | 0.623333 |   2.371759 |      241 |      209 |       32 |   5.003226 |      6 | 0.953355 | 1.181127
2454 | 735900.0 | 736200.0 | 0.004120 | 0.015459 |   5.003226 |      6 | 0.953355 | 0.600000 | 0.713333 | 0.650000 | 0.720000 |  -2.264087 |      241 |      214 |       27 |   5.002759 |      6 | 0.944026 | 1.417355
2455 | 736200.0 | 736500.0 | 0.004119 | 0.015458 |   5.002759 |      6 | 0.944026 | 0.600000 | 0.686667 | 0.723333 | 0.706667 |   0.539101 |      240 |      206 |       35 |   5.002402 |      6 | 0.946247 | 1.361122
2456 | 736500.0 | 736800.0 | 0.004118 | 0.015457 |   5.002402 |      6 | 0.946247 | 0.600000 | 0.736667 | 0.656667 | 0.680000 |  -0.754786 |      245 |      221 |       23 |   5.001839 |      6 | 0.943138 | 1.439831
2457 | 736800.0 | 737100.0 | 0.004117 | 0.015456 |   5.001839 |      6 | 0.943138 | 0.600000 | 0.693333 | 0.676667 | 0.693333 |  -0.539165 |      241 |      208 |       34 |   5.001455 |      6 | 0.940919 | 1.496040
2458 | 737100.0 | 737400.0 | 0.004116 | 0.015455 |   5.001455 |      6 | 0.940919 | 0.600000 | 0.680000 | 0.650000 | 0.706667 |  -1.833272 |      241 |      204 |       36 |   5.001126 |      6 | 0.933373 | 1.687108
2459 | 737400.0 | 737700.0 | 0.004115 | 0.015454 |   5.001126 |      6 | 0.933373 | 0.600000 | 0.693333 | 0.663333 | 0.680000 |  -0.539230 |      241 |      208 |       33 |   5.000742 |      6 | 0.931154 | 1.743293
2460 | 737700.0 | 738000.0 | 0.004114 | 0.015453 |   5.000742 |      6 | 0.931154 | 0.600000 | 0.693333 | 0.706667 | 0.640000 |   2.157048 |      241 |      208 |       33 |   5.000358 |      6 | 0.940028 | 1.518602
2461 | 738000.0 | 738300.0 | 0.004113 | 0.015452 |   5.000358 |      6 | 0.940028 | 0.600000 | 0.653333 | 0.640000 | 0.636667 |   0.107859 |      237 |      196 |       41 |   5.000138 |      6 | 0.940471 | 1.507370
2462 | 738300.0 | 738600.0 | 0.004111 | 0.015451 |   5.000138 |      6 | 0.940471 | 0.600000 | 0.696667 | 0.710000 | 0.676667 |   1.078653 |      243 |      209 |       34 |   4.999741 |      5 | 0.944906 | 1.395073
2463 | 738600.0 | 738900.0 | 0.004110 | 0.015450 |   4.999741 |      5 | 0.944906 | 0.600000 | 0.600000 | 0.616667 | 0.530000 |   2.804665 |      203 |      180 |       24 |   4.999741 |      5 | 0.956434 | 1.103162
2464 | 738900.0 | 739200.0 | 0.004109 | 0.015450 |   4.999741 |      5 | 0.956434 | 0.600000 | 0.630000 | 0.523333 | 0.586667 |  -2.049685 |      205 |      189 |       16 |   4.999618 |      5 | 0.948012 | 1.316436
2465 | 739200.0 | 739500.0 | 0.004108 | 0.015449 |   4.999618 |      5 | 0.948012 | 0.600000 | 0.570000 | 0.566667 | 0.543333 |   0.755192 |      201 |      171 |       30 |   4.999741 |      5 | 0.951114 | 1.237878
2466 | 739500.0 | 739800.0 | 0.004107 | 0.015448 |   4.999741 |      5 | 0.951114 | 0.600000 | 0.610000 | 0.576667 | 0.580000 |  -0.107891 |      204 |      183 |       21 |   4.999700 |      5 | 0.950671 | 1.249098
2467 | 739800.0 | 740100.0 | 0.004106 | 0.015447 |   4.999700 |      5 | 0.950671 | 0.600000 | 0.586667 | 0.600000 | 0.550000 |   1.618462 |      202 |      176 |       26 |   4.999754 |      5 | 0.957316 | 1.080832
2468 | 740100.0 | 740400.0 | 0.004105 | 0.015446 |   4.999754 |      5 | 0.957316 | 0.600000 | 0.550000 | 0.560000 | 0.523333 |   1.186943 |      198 |      165 |       33 |   4.999960 |      5 | 0.962188 | 0.957463
2469 | 740400.0 | 740700.0 | 0.004104 | 0.015445 |   4.999960 |      5 | 0.962188 | 0.600000 | 0.596667 | 0.496667 | 0.576667 |  -2.589848 |      201 |      179 |       22 |   4.999973 |      5 | 0.951560 | 1.226574
2470 | 740700.0 | 741000.0 | 0.004102 | 0.015444 |   4.999973 |      5 | 0.951560 | 0.600000 | 0.566667 | 0.556667 | 0.556667 |   0.000000 |      199 |      170 |       29 |   5.000110 |      6 | 0.951560 | 1.226574
2471 | 741000.0 | 741300.0 | 0.004101 | 0.015443 |   5.000110 |      6 | 0.951560 | 0.600000 | 0.716667 | 0.646667 | 0.636667 |   0.323769 |      243 |      215 |       27 |   4.999632 |      5 | 0.952888 | 1.192950
2472 | 741300.0 | 741600.0 | 0.004100 | 0.015442 |   4.999632 |      5 | 0.952888 | 0.600000 | 0.610000 | 0.593333 | 0.560000 |   1.079296 |      203 |      183 |       21 |   4.999591 |      5 | 0.957314 | 1.080892
2473 | 741600.0 | 741900.0 | 0.004099 | 0.015441 |   4.999591 |      5 | 0.957314 | 0.600000 | 0.566667 | 0.583333 | 0.570000 |   0.431744 |      198 |      170 |       28 |   4.999727 |      5 | 0.959083 | 1.036078
2474 | 741900.0 | 742200.0 | 0.004098 | 0.015440 |   4.999727 |      5 | 0.959083 | 0.600000 | 0.573333 | 0.520000 | 0.556667 |  -1.187367 |      201 |      172 |       29 |   4.999837 |      5 | 0.954218 | 1.159289
2475 | 742200.0 | 742500.0 | 0.004097 | 0.015439 |   4.999837 |      5 | 0.954218 | 0.600000 | 0.593333 | 0.563333 | 0.546667 |   0.539744 |      202 |      178 |       24 |   4.999864 |      5 | 0.956429 | 1.103296
2476 | 742500.0 | 742800.0 | 0.004096 | 0.015438 |   4.999864 |      5 | 0.956429 | 0.600000 | 0.583333 | 0.560000 | 0.580000 |  -0.647731 |      201 |      175 |       26 |   4.999932 |      5 | 0.953776 | 1.170474
2477 | 742800.0 | 743100.0 | 0.004095 | 0.015438 |   4.999932 |      5 | 0.953776 | 0.600000 | 0.590000 | 0.570000 | 0.593333 |  -0.755732 |      202 |      177 |       26 |   4.999973 |      5 | 0.950681 | 1.248831
2478 | 743100.0 | 743400.0 | 0.004094 | 0.015437 |   4.999973 |      5 | 0.950681 | 0.600000 | 0.573333 | 0.526667 | 0.540000 |  -0.431872 |      201 |      172 |       28 |   5.000082 |      6 | 0.948914 | 1.293598
2479 | 743400.0 | 743700.0 | 0.004092 | 0.015436 |   5.000082 |      6 | 0.948914 | 0.600000 | 0.686667 | 0.670000 | 0.706667 |  -1.187719 |      240 |      206 |       34 |   4.999728 |      5 | 0.944053 | 1.416679
2480 | 743700.0 | 744000.0 | 0.004091 | 0.015435 |   4.999728 |      5 | 0.944053 | 0.600000 | 0.563333 | 0.543333 | 0.553333 |  -0.323943 |      199 |      169 |       30 |   4.999878 |      5 | 0.942727 | 1.450239
2481 | 744000.0 | 744300.0 | 0.004090 | 0.015434 |   4.999878 |      5 | 0.942727 | 0.600000 | 0.600000 | 0.596667 | 0.533333 |   2.051758 |      203 |      180 |       23 |   4.999878 |      5 | 0.951120 | 1.237735
2482 | 744300.0 | 744600.0 | 0.004089 | 0.015433 |   4.999878 |      5 | 0.951120 | 0.600000 | 0.590000 | 0.590000 | 0.540000 |   1.619905 |      203 |      177 |       26 |   4.999918 |      5 | 0.957744 | 1.070004
2483 | 744600.0 | 744900.0 | 0.004088 | 0.015432 |   4.999918 |      5 | 0.957744 | 0.600000 | 0.560000 | 0.520000 | 0.570000 |  -1.620001 |      199 |      168 |       31 |   5.000082 |      6 | 0.951121 | 1.237699
2484 | 744900.0 | 745200.0 | 0.004087 | 0.015431 |   5.000082 |      6 | 0.951121 | 0.600000 | 0.670000 | 0.650000 | 0.680000 |  -0.972058 |      237 |      201 |       35 |   4.999796 |      5 | 0.947148 | 1.338295
2485 | 745200.0 | 745500.0 | 0.004086 | 0.015430 |   4.999796 |      5 | 0.947148 | 0.600000 | 0.573333 | 0.553333 | 0.583333 |  -0.972116 |      200 |      172 |       29 |   4.999905 |      5 | 0.943176 | 1.438870
2486 | 745500.0 | 745800.0 | 0.004085 | 0.015429 |   4.999905 |      5 | 0.943176 | 0.600000 | 0.590000 | 0.606667 | 0.543333 |   2.052366 |      202 |      177 |       25 |   4.999946 |      5 | 0.951560 | 1.226590
2487 | 745800.0 | 746100.0 | 0.004084 | 0.015428 |   4.999946 |      5 | 0.951560 | 0.600000 | 0.590000 | 0.560000 | 0.553333 |   0.216051 |      203 |      177 |       26 |   4.999987 |      5 | 0.952442 | 1.204250
2488 | 746100.0 | 746400.0 | 0.004082 | 0.015428 |   4.999987 |      5 | 0.952442 | 0.600000 | 0.613333 | 0.596667 | 0.540000 |   1.836544 |      204 |      184 |       20 |   4.999932 |      5 | 0.959940 | 1.014396
2489 | 746400.0 | 746700.0 | 0.004081 | 0.015427 |   4.999932 |      5 | 0.959940 | 0.600000 | 0.630000 | 0.533333 | 0.583333 |  -1.620576 |      205 |      189 |       16 |   4.999810 |      5 | 0.953325 | 1.181879
2490 | 746700.0 | 747000.0 | 0.004080 | 0.015426 |   4.999810 |      5 | 0.953325 | 0.600000 | 0.593333 | 0.583333 | 0.576667 |   0.216090 |      202 |      178 |       24 |   4.999837 |      5 | 0.954207 | 1.159552
2491 | 747000.0 | 747300.0 | 0.004079 | 0.015425 |   4.999837 |      5 | 0.954207 | 0.600000 | 0.583333 | 0.543333 | 0.590000 |  -1.512716 |      202 |      175 |       27 |   4.999905 |      5 | 0.948037 | 1.315804
2492 | 747300.0 | 747600.0 | 0.004078 | 0.015424 |   4.999905 |      5 | 0.948037 | 0.600000 | 0.570000 | 0.583333 | 0.600000 |  -0.540288 |      199 |      171 |       28 |   5.000027 |      6 | 0.945833 | 1.371596
2493 | 747600.0 | 747900.0 | 0.004077 | 0.015423 |   5.000027 |      6 | 0.945833 | 0.600000 | 0.650000 | 0.660000 | 0.676667 |  -0.540320 |      237 |      195 |       41 |   4.999823 |      5 | 0.943630 | 1.427376
2494 | 747900.0 | 748200.0 | 0.004076 | 0.015422 |   4.999823 |      5 | 0.943630 | 0.600000 | 0.603333 | 0.563333 | 0.566667 |  -0.108070 |      203 |      181 |       23 |   4.999810 |      5 | 0.943190 | 1.438530
2495 | 748200.0 | 748500.0 | 0.004075 | 0.015421 |   4.999810 |      5 | 0.943190 | 0.600000 | 0.563333 | 0.553333 | 0.556667 |  -0.108077 |      200 |      169 |       31 |   4.999959 |      5 | 0.942749 | 1.449682
2496 | 748500.0 | 748800.0 | 0.004074 | 0.015420 |   4.999959 |      5 | 0.942749 | 0.600000 | 0.543333 | 0.556667 | 0.590000 |  -1.080830 |      198 |      163 |       35 |   5.000190 |      6 | 0.938347 | 1.561172
2497 | 748800.0 | 749100.0 | 0.004073 | 0.015419 |   5.000190 |      6 | 0.938347 | 0.600000 | 0.690000 | 0.713333 | 0.626667 |   2.810324 |      241 |      207 |       33 |   4.999823 |      5 | 0.949792 | 1.271358
2498 | 749100.0 | 749400.0 | 0.004071 | 0.015418 |   4.999823 |      5 | 0.949792 | 0.600000 | 0.563333 | 0.586667 | 0.586667 |   0.000000 |      200 |      169 |       32 |   4.999973 |      5 | 0.949792 | 1.271358
2499 | 749400.0 | 749700.0 | 0.004070 | 0.015418 |   4.999973 |      5 | 0.949792 | 0.600000 | 0.630000 | 0.546667 | 0.570000 |  -0.756715 |      206 |      189 |       17 |   4.999851 |      5 | 0.946712 | 1.349352
2500 | 749700.0 | 750000.0 | 0.004069 | 0.015417 |   4.999851 |      5 | 0.946712 | 0.600000 | 0.566667 | 0.573333 | 0.513333 |   1.945953 |      200 |      170 |       30 |   4.999986 |      5 | 0.954630 | 1.148838
2501 | 750000.0 | 750300.0 | 0.004068 | 0.015416 |   4.999986 |      5 | 0.954630 | 0.600000 | 0.610000 | 0.553333 | 0.556667 |  -0.108115 |      204 |      183 |       21 |   4.999946 |      5 | 0.954190 | 1.159976
2502 | 750300.0 | 750600.0 | 0.004067 | 0.015415 |   4.999946 |      5 | 0.954190 | 0.600000 | 0.606667 | 0.536667 | 0.566667 |  -0.973091 |      204 |      182 |       22 |   4.999919 |      5 | 0.950233 | 1.260190
2503 | 750600.0 | 750900.0 | 0.004066 | 0.015414 |   4.999919 |      5 | 0.950233 | 0.600000 | 0.613333 | 0.606667 | 0.593333 |   0.432510 |      204 |      184 |       20 |   4.999864 |      5 | 0.951991 | 1.215660
2504 | 750900.0 | 751200.0 | 0.004065 | 0.015413 |   4.999864 |      5 | 0.951991 | 0.600000 | 0.570000 | 0.550000 | 0.550000 |   0.000000 |      200 |      171 |       29 |   4.999986 |      5 | 0.951991 | 1.215660
2505 | 751200.0 | 751500.0 | 0.004064 | 0.015412 |   4.999986 |      5 | 0.951991 | 0.600000 | 0.563333 | 0.563333 | 0.543333 |   0.648842 |      199 |      169 |       30 |   5.000135 |      6 | 0.954628 | 1.148892
2506 | 751500.0 | 751800.0 | 0.004063 | 0.015411 |   5.000135 |      6 | 0.954628 | 0.600000 | 0.693333 | 0.626667 | 0.676667 |  -1.622199 |      241 |      208 |       33 |   4.999756 |      5 | 0.948038 | 1.315776
2507 | 751800.0 | 752100.0 | 0.004062 | 0.015410 |   4.999756 |      5 | 0.948038 | 0.600000 | 0.570000 | 0.560000 | 0.523333 |   1.189682 |      200 |      171 |       29 |   4.999878 |      5 | 0.952870 | 1.193420
2508 | 752100.0 | 752400.0 | 0.004061 | 0.015409 |   4.999878 |      5 | 0.952870 | 0.600000 | 0.613333 | 0.610000 | 0.563333 |   1.514230 |      204 |      184 |       20 |   4.999824 |      5 | 0.959018 | 1.037727
2509 | 752400.0 | 752700.0 | 0.004059 | 0.015408 |   4.999824 |      5 | 0.959018 | 0.600000 | 0.583333 | 0.566667 | 0.586667 |  -0.648994 |      200 |      175 |       25 |   4.999891 |      5 | 0.956384 | 1.104439
2510 | 752700.0 | 753000.0 | 0.004058 | 0.015408 |   4.999891 |      5 | 0.956384 | 0.600000 | 0.573333 | 0.573333 | 0.570000 |   0.108172 |      199 |      172 |       27 |   5.000000 |      5 | 0.956823 | 1.093322
2511 | 753000.0 | 753300.0 | 0.004057 | 0.015407 |   5.000000 |      5 | 0.956823 | 0.600000 | 0.613333 | 0.533333 | 0.543333 |  -0.324535 |      204 |      184 |       20 |   4.999946 |      5 | 0.955506 | 1.126664
2512 | 753300.0 | 753600.0 | 0.004056 | 0.015406 |   4.999946 |      5 | 0.955506 | 0.600000 | 0.583333 | 0.583333 | 0.606667 |  -0.757292 |      201 |      175 |       26 |   5.000013 |      6 | 0.952434 | 1.204446
2513 | 753600.0 | 753900.0 | 0.004055 | 0.015405 |   5.000013 |      6 | 0.952434 | 0.600000 | 0.693333 | 0.633333 | 0.703333 |  -2.272010 |      240 |      208 |       31 |   4.999635 |      5 | 0.943221 | 1.437741
2514 | 753900.0 | 754200.0 | 0.004054 | 0.015404 |   4.999635 |      5 | 0.943221 | 0.600000 | 0.586667 | 0.593333 | 0.583333 |   0.324592 |      202 |      176 |       27 |   4.999689 |      5 | 0.944537 | 1.404420
2515 | 754200.0 | 754500.0 | 0.004053 | 0.015403 |   4.999689 |      5 | 0.944537 | 0.600000 | 0.560000 | 0.563333 | 0.536667 |   0.865629 |      200 |      168 |       32 |   4.999851 |      5 | 0.948045 | 1.315583
2516 | 754500.0 | 754800.0 | 0.004052 | 0.015402 |   4.999851 |      5 | 0.948045 | 0.600000 | 0.573333 | 0.596667 | 0.596667 |   0.000000 |      201 |      172 |       29 |   4.999959 |      5 | 0.948045 | 1.315583
2517 | 754800.0 | 755100.0 | 0.004051 | 0.015401 |   4.999959 |      5 | 0.948045 | 0.600000 | 0.570000 | 0.583333 | 0.586667 |  -0.108216 |      201 |      171 |       30 |   5.000080 |      6 | 0.947607 | 1.326683
2518 | 755100.0 | 755400.0 | 0.004050 | 0.015400 |   5.000080 |      6 | 0.947607 | 0.600000 | 0.713333 | 0.660000 | 0.690000 |  -0.974003 |      243 |      214 |       28 |   4.999621 |      5 | 0.943663 | 1.426562
2519 | 755400.0 | 755700.0 | 0.004049 | 0.015399 |   4.999621 |      5 | 0.943663 | 0.600000 | 0.610000 | 0.560000 | 0.563333 |  -0.108229 |      203 |      183 |       21 |   4.999581 |      5 | 0.943224 | 1.437657
2520 | 755700.0 | 756000.0 | 0.004048 | 0.015399 |   4.999581 |      5 | 0.943224 | 0.600000 | 0.556667 | 0.540000 | 0.563333 |  -0.757647 |      199 |      167 |       32 |   4.999756 |      5 | 0.940158 | 1.515309
2521 | 756000.0 | 756300.0 | 0.004046 | 0.015398 |   4.999756 |      5 | 0.940158 | 0.600000 | 0.566667 | 0.576667 | 0.536667 |   1.298899 |      201 |      170 |       31 |   4.999891 |      5 | 0.945414 | 1.382220
2522 | 756300.0 | 756600.0 | 0.004045 | 0.015397 |   4.999891 |      5 | 0.945414 | 0.600000 | 0.556667 | 0.580000 | 0.566667 |   0.432992 |      199 |      167 |       32 |   5.000067 |      6 | 0.947165 | 1.337866
2523 | 756600.0 | 756900.0 | 0.004044 | 0.015396 |   5.000067 |      6 | 0.947165 | 0.600000 | 0.700000 | 0.650000 | 0.696667 |  -1.515559 |      242 |      210 |       31 |   4.999662 |      5 | 0.941036 | 1.493072
2524 | 756900.0 | 757200.0 | 0.004043 | 0.015395 |   4.999662 |      5 | 0.941036 | 0.600000 | 0.553333 | 0.610000 | 0.573333 |   1.190865 |      198 |      166 |       33 |   4.999851 |      5 | 0.945851 | 1.371150
2525 | 757200.0 | 757500.0 | 0.004042 | 0.015394 |   4.999851 |      5 | 0.945851 | 0.600000 | 0.543333 | 0.566667 | 0.556667 |   0.324800 |      198 |      163 |       35 |   5.000080 |      6 | 0.947164 | 1.337905
2526 | 757500.0 | 757800.0 | 0.004041 | 0.015393 |   5.000080 |      6 | 0.947164 | 0.600000 | 0.690000 | 0.690000 | 0.663333 |   0.866185 |      239 |      207 |       31 |   4.999716 |      5 | 0.950664 | 1.249272
2527 | 757800.0 | 758100.0 | 0.004040 | 0.015392 |   4.999716 |      5 | 0.950664 | 0.600000 | 0.593333 | 0.593333 | 0.563333 |   0.974515 |      204 |      178 |       27 |   4.999743 |      5 | 0.954601 | 1.149580
2528 | 758100.0 | 758400.0 | 0.004039 | 0.015391 |   4.999743 |      5 | 0.954601 | 0.600000 | 0.590000 | 0.536667 | 0.546667 |  -0.324857 |      201 |      177 |       24 |   4.999783 |      5 | 0.953289 | 1.182804
2529 | 758400.0 | 758700.0 | 0.004038 | 0.015390 |   4.999783 |      5 | 0.953289 | 0.600000 | 0.596667 | 0.593333 | 0.533333 |   1.949256 |      201 |      179 |       22 |   4.999797 |      5 | 0.961160 | 0.983503
2530 | 758700.0 | 759000.0 | 0.004037 | 0.015390 |   4.999797 |      5 | 0.961160 | 0.600000 | 0.603333 | 0.520000 | 0.583333 |  -2.057668 |      203 |      181 |       22 |   4.999783 |      5 | 0.952853 | 1.193832
2531 | 759000.0 | 759300.0 | 0.004036 | 0.015389 |   4.999783 |      5 | 0.952853 | 0.600000 | 0.593333 | 0.566667 | 0.580000 |  -0.433218 |      202 |      178 |       24 |   4.999810 |      5 | 0.951105 | 1.238103
2532 | 759300.0 | 759600.0 | 0.004035 | 0.015388 |   4.999810 |      5 | 0.951105 | 0.600000 | 0.536667 | 0.566667 | 0.600000 |  -1.083109 |      198 |      161 |       37 |   5.000066 |      6 | 0.946735 | 1.348757
2533 | 759600.0 | 759900.0 | 0.004034 | 0.015387 |   5.000066 |      6 | 0.946735 | 0.600000 | 0.680000 | 0.703333 | 0.670000 |   1.083172 |      240 |      204 |       35 |   4.999743 |      5 | 0.951104 | 1.238126
2534 | 759900.0 | 760200.0 | 0.004032 | 0.015386 |   4.999743 |      5 | 0.951104 | 0.600000 | 0.586667 | 0.603333 | 0.573333 |   0.974911 |      201 |      176 |       26 |   4.999797 |      5 | 0.955035 | 1.138579
2535 | 760200.0 | 760500.0 | 0.004031 | 0.015385 |   4.999797 |      5 | 0.955035 | 0.600000 | 0.600000 | 0.566667 | 0.563333 |   0.108330 |      202 |      180 |       23 |   4.999797 |      5 | 0.955472 | 1.127521
2536 | 760500.0 | 760800.0 | 0.004030 | 0.015384 |   4.999797 |      5 | 0.955472 | 0.600000 | 0.616667 | 0.573333 | 0.550000 |   0.758352 |      205 |      185 |       19 |   4.999730 |      5 | 0.958529 | 1.050128
2537 | 760800.0 | 761100.0 | 0.004029 | 0.015383 |   4.999730 |      5 | 0.958529 | 0.600000 | 0.576667 | 0.550000 | 0.543333 |   0.216685 |      199 |      173 |       26 |   4.999824 |      5 | 0.959402 | 1.028020
2538 | 761100.0 | 761400.0 | 0.004028 | 0.015382 |   4.999824 |      5 | 0.959402 | 0.600000 | 0.560000 | 0.480000 | 0.586667 |  -3.467156 |      197 |      168 |       29 |   4.999985 |      5 | 0.945435 | 1.381670
2539 | 761400.0 | 761700.0 | 0.004027 | 0.015382 |   4.999985 |      5 | 0.945435 | 0.600000 | 0.596667 | 0.613333 | 0.513333 |   3.250647 |      204 |      179 |       25 |   4.999998 |      5 | 0.958526 | 1.050192
2540 | 761700.0 | 762000.0 | 0.004026 | 0.015381 |   4.999998 |      5 | 0.958526 | 0.600000 | 0.573333 | 0.530000 | 0.520000 |   0.325084 |      199 |      172 |       27 |   5.000106 |      6 | 0.959835 | 1.017051
2541 | 762000.0 | 762300.0 | 0.004025 | 0.015380 |   5.000106 |      6 | 0.959835 | 0.600000 | 0.690000 | 0.523333 | 0.670000 |  -4.768168 |      239 |      207 |       31 |   4.999744 |      5 | 0.940643 | 1.503018
2542 | 762300.0 | 762600.0 | 0.004024 | 0.015379 |   4.999744 |      5 | 0.940643 | 0.600000 | 0.600000 | 0.563333 | 0.516667 |   1.517232 |      202 |      180 |       23 |   4.999744 |      5 | 0.946748 | 1.348424
2543 | 762600.0 | 762900.0 | 0.004023 | 0.015378 |   4.999744 |      5 | 0.946748 | 0.600000 | 0.603333 | 0.586667 | 0.543333 |   1.408940 |      204 |      181 |       24 |   4.999730 |      5 | 0.952416 | 1.204902
2544 | 762900.0 | 763200.0 | 0.004022 | 0.015377 |   4.999730 |      5 | 0.952416 | 0.600000 | 0.553333 | 0.536667 | 0.530000 |   0.216773 |      197 |      166 |       30 |   4.999918 |      5 | 0.953288 | 1.182827
2545 | 763200.0 | 763500.0 | 0.004021 | 0.015376 |   4.999918 |      5 | 0.953288 | 0.600000 | 0.566667 | 0.536667 | 0.543333 |  -0.216785 |      200 |      170 |       30 |   5.000052 |      6 | 0.952416 | 1.204898
2546 | 763500.0 | 763800.0 | 0.004020 | 0.015375 |   5.000052 |      6 | 0.952416 | 0.600000 | 0.660000 | 0.653333 | 0.643333 |   0.325196 |      238 |      198 |       39 |   4.999811 |      5 | 0.953724 | 1.171798
2547 | 763800.0 | 764100.0 | 0.004019 | 0.015374 |   4.999811 |      5 | 0.953724 | 0.600000 | 0.560000 | 0.580000 | 0.570000 |   0.325215 |      198 |      168 |       31 |   4.999971 |      5 | 0.955031 | 1.138705
2548 | 764100.0 | 764400.0 | 0.004018 | 0.015374 |   4.999971 |      5 | 0.955031 | 0.600000 | 0.563333 | 0.593333 | 0.580000 |   0.433645 |      199 |      169 |       30 |   5.000119 |      6 | 0.956773 | 1.094590
2549 | 764400.0 | 764700.0 | 0.004016 | 0.015373 |   5.000119 |      6 | 0.956773 | 0.600000 | 0.650000 | 0.590000 | 0.693333 |  -3.360945 |      236 |      195 |       40 |   4.999918 |      5 | 0.943274 | 1.436410
2550 | 764700.0 | 765000.0 | 0.004015 | 0.015372 |   4.999918 |      5 | 0.943274 | 0.600000 | 0.586667 | 0.580000 | 0.496667 |   2.710596 |      202 |      176 |       27 |   4.999971 |      5 | 0.954158 | 1.160806
2551 | 765000.0 | 765300.0 | 0.004014 | 0.015371 |   4.999971 |      5 | 0.954158 | 0.600000 | 0.566667 | 0.573333 | 0.593333 |  -0.650581 |      197 |      170 |       27 |   5.000105 |      6 | 0.951546 | 1.226937
2552 | 765300.0 | 765600.0 | 0.004013 | 0.015370 |   5.000105 |      6 | 0.951546 | 0.600000 | 0.680000 | 0.703333 | 0.646667 |   1.843418 |      240 |      204 |       35 |   4.999784 |      5 | 0.958944 | 1.039603
2553 | 765600.0 | 765900.0 | 0.004012 | 0.015369 |   4.999784 |      5 | 0.958944 | 0.600000 | 0.603333 | 0.550000 | 0.543333 |   0.216885 |      202 |      181 |       22 |   4.999771 |      5 | 0.959814 | 1.017569
2554 | 765900.0 | 766200.0 | 0.004011 | 0.015368 |   4.999771 |      5 | 0.959814 | 0.600000 | 0.576667 | 0.510000 | 0.566667 |  -1.843630 |      200 |      173 |       27 |   4.999864 |      5 | 0.952419 | 1.204825
2555 | 766200.0 | 766500.0 | 0.004010 | 0.015367 |   4.999864 |      5 | 0.952419 | 0.600000 | 0.536667 | 0.596667 | 0.553333 |   1.409916 |      196 |      161 |       35 |   5.000118 |      6 | 0.958073 | 1.061658
2556 | 766500.0 | 766800.0 | 0.004009 | 0.015366 |   5.000118 |      6 | 0.958073 | 0.600000 | 0.673333 | 0.570000 | 0.683333 |  -3.687685 |      237 |      202 |       34 |   4.999824 |      5 | 0.943289 | 1.436017
2557 | 766800.0 | 767100.0 | 0.004008 | 0.015366 |   4.999824 |      5 | 0.943289 | 0.600000 | 0.556667 | 0.583333 | 0.516667 |   2.169351 |      199 |      167 |       33 |   4.999998 |      5 | 0.951984 | 1.215851
2558 | 767100.0 | 767400.0 | 0.004007 | 0.015365 |   4.999998 |      5 | 0.951984 | 0.600000 | 0.590000 | 0.593333 | 0.580000 |   0.433895 |      201 |      177 |       24 |   5.000038 |      6 | 0.953722 | 1.171827
2559 | 767400.0 | 767700.0 | 0.004006 | 0.015364 |   5.000038 |      6 | 0.953722 | 0.600000 | 0.690000 | 0.613333 | 0.710000 |  -3.145921 |      239 |      207 |       31 |   4.999678 |      5 | 0.941120 | 1.490936
2560 | 767700.0 | 768000.0 | 0.004005 | 0.015363 |   4.999678 |      5 | 0.941120 | 0.600000 | 0.610000 | 0.603333 | 0.563333 |   1.301835 |      204 |      183 |       22 |   4.999638 |      5 | 0.946334 | 1.358918
2561 | 768000.0 | 768300.0 | 0.004004 | 0.015362 |   4.999638 |      5 | 0.946334 | 0.600000 | 0.546667 | 0.570000 | 0.563333 |   0.216985 |      199 |      164 |       35 |   4.999851 |      5 | 0.947203 | 1.336920
2562 | 768300.0 | 768600.0 | 0.004003 | 0.015361 |   4.999851 |      5 | 0.947203 | 0.600000 | 0.570000 | 0.556667 | 0.563333 |  -0.216997 |      200 |      171 |       29 |   4.999971 |      5 | 0.946334 | 1.358913
2563 | 768600.0 | 768900.0 | 0.004002 | 0.015360 |   4.999971 |      5 | 0.946334 | 0.600000 | 0.593333 | 0.586667 | 0.573333 |   0.434020 |      203 |      178 |       25 |   4.999998 |      5 | 0.948071 | 1.314935
2564 | 768900.0 | 769200.0 | 0.004001 | 0.015359 |   4.999998 |      5 | 0.948071 | 0.600000 | 0.553333 | 0.570000 | 0.546667 |   0.759578 |      198 |      166 |       32 |   5.000185 |      6 | 0.951110 | 1.237988
2565 | 769200.0 | 769500.0 | 0.004000 | 0.015359 |   5.000185 |      6 | 0.951110 | 0.600000 | 0.700000 | 0.636667 | 0.666667 |  -0.976657 |      241 |      210 |       30 |   4.999785 |      5 | 0.947203 | 1.336899
2566 | 769500.0 | 769800.0 | 0.003999 | 0.015358 |   4.999785 |      5 | 0.947203 | 0.600000 | 0.580000 | 0.546667 | 0.583333 |  -1.193760 |      201 |      174 |       28 |   4.999865 |      5 | 0.942430 | 1.457766
2567 | 769800.0 | 770100.0 | 0.003997 | 0.015357 |   4.999865 |      5 | 0.942430 | 0.600000 | 0.546667 | 0.580000 | 0.540000 |   1.302359 |      198 |      164 |       35 |   5.000078 |      6 | 0.947636 | 1.325938
2568 | 770100.0 | 770400.0 | 0.003996 | 0.015356 |   5.000078 |      6 | 0.947636 | 0.600000 | 0.723333 | 0.636667 | 0.690000 |  -1.736578 |      244 |      217 |       25 |   4.999585 |      5 | 0.940696 | 1.501673
2569 | 770400.0 | 770700.0 | 0.003995 | 0.015355 |   4.999585 |      5 | 0.940696 | 0.600000 | 0.630000 | 0.573333 | 0.556667 |   0.542712 |      206 |      189 |       18 |   4.999465 |      5 | 0.942865 | 1.446767
2570 | 770700.0 | 771000.0 | 0.003994 | 0.015354 |   4.999465 |      5 | 0.942865 | 0.600000 | 0.626667 | 0.610000 | 0.563333 |   1.519679 |      206 |      188 |       18 |   4.999358 |      5 | 0.948935 | 1.293062
2571 | 771000.0 | 771300.0 | 0.003993 | 0.015353 |   4.999358 |      5 | 0.948935 | 0.600000 | 0.543333 | 0.553333 | 0.516667 |   1.194102 |      197 |      163 |       34 |   4.999585 |      5 | 0.953703 | 1.172319
2572 | 771300.0 | 771600.0 | 0.003992 | 0.015352 |   4.999585 |      5 | 0.953703 | 0.600000 | 0.556667 | 0.573333 | 0.563333 |   0.325683 |      199 |      167 |       32 |   4.999758 |      5 | 0.955003 | 1.139396
2573 | 771600.0 | 771900.0 | 0.003991 | 0.015351 |   4.999758 |      5 | 0.955003 | 0.600000 | 0.596667 | 0.566667 | 0.560000 |   0.217134 |      202 |      179 |       23 |   4.999771 |      5 | 0.955870 | 1.117452
2574 | 771900.0 | 772200.0 | 0.003990 | 0.015351 |   4.999771 |      5 | 0.955870 | 0.600000 | 0.536667 | 0.580000 | 0.566667 |   0.434293 |      196 |      161 |       35 |   5.000024 |      6 | 0.957603 | 1.073572
2575 | 772200.0 | 772500.0 | 0.003989 | 0.015350 |   5.000024 |      6 | 0.957603 | 0.600000 | 0.673333 | 0.586667 | 0.683333 |  -3.148808 |      239 |      202 |       36 |   4.999731 |      5 | 0.945042 | 1.391635
2576 | 772500.0 | 772800.0 | 0.003988 | 0.015349 |   4.999731 |      5 | 0.945042 | 0.600000 | 0.553333 | 0.566667 | 0.603333 |  -1.194444 |      198 |      166 |       33 |   4.999917 |      5 | 0.940278 | 1.512254
2577 | 772800.0 | 773100.0 | 0.003987 | 0.015348 |   4.999917 |      5 | 0.940278 | 0.600000 | 0.580000 | 0.553333 | 0.540000 |   0.434368 |      201 |      174 |       27 |   4.999997 |      5 | 0.942010 | 1.468402
2578 | 773100.0 | 773400.0 | 0.003986 | 0.015347 |   4.999997 |      5 | 0.942010 | 0.600000 | 0.576667 | 0.586667 | 0.560000 |   0.868785 |      201 |      173 |       28 |   5.000090 |      6 | 0.945473 | 1.380714
2579 | 773400.0 | 773700.0 | 0.003985 | 0.015346 |   5.000090 |      6 | 0.945473 | 0.600000 | 0.686667 | 0.700000 | 0.630000 |   2.280692 |      240 |      206 |       33 |   4.999745 |      5 | 0.954561 | 1.150581
2580 | 773700.0 | 774000.0 | 0.003984 | 0.015345 |   4.999745 |      5 | 0.954561 | 0.600000 | 0.573333 | 0.556667 | 0.560000 |  -0.108611 |      200 |      172 |       29 |   4.999851 |      5 | 0.954129 | 1.161537
2581 | 774000.0 | 774300.0 | 0.003983 | 0.015344 |   4.999851 |      5 | 0.954129 | 0.600000 | 0.556667 | 0.546667 | 0.520000 |   0.868934 |      199 |      167 |       32 |   5.000024 |      6 | 0.957590 | 1.073904
2582 | 774300.0 | 774600.0 | 0.003982 | 0.015344 |   5.000024 |      6 | 0.957590 | 0.600000 | 0.703333 | 0.600000 | 0.676667 |  -2.498328 |      239 |      211 |       27 |   4.999612 |      5 | 0.947642 | 1.325800
2583 | 774600.0 | 774900.0 | 0.003981 | 0.015343 |   4.999612 |      5 | 0.947642 | 0.600000 | 0.560000 | 0.573333 | 0.556667 |   0.543146 |      200 |      168 |       33 |   4.999771 |      5 | 0.949804 | 1.271051
2584 | 774900.0 | 775200.0 | 0.003980 | 0.015342 |   4.999771 |      5 | 0.949804 | 0.600000 | 0.613333 | 0.576667 | 0.590000 |  -0.434541 |      204 |      184 |       20 |   4.999718 |      5 | 0.948075 | 1.314841
2585 | 775200.0 | 775500.0 | 0.003979 | 0.015341 |   4.999718 |      5 | 0.948075 | 0.600000 | 0.596667 | 0.530000 | 0.543333 |  -0.434566 |      203 |      179 |       24 |   4.999732 |      5 | 0.946346 | 1.358622
2586 | 775500.0 | 775800.0 | 0.003978 | 0.015340 |   4.999732 |      5 | 0.946346 | 0.600000 | 0.583333 | 0.563333 | 0.576667 |  -0.434591 |      202 |      175 |       27 |   4.999798 |      5 | 0.944617 | 1.402394
2587 | 775800.0 | 776100.0 | 0.003977 | 0.015339 |   4.999798 |      5 | 0.944617 | 0.600000 | 0.576667 | 0.600000 | 0.580000 |   0.651923 |      200 |      173 |       27 |   4.999891 |      5 | 0.947209 | 1.336749
2588 | 776100.0 | 776400.0 | 0.003976 | 0.015338 |   4.999891 |      5 | 0.947209 | 0.600000 | 0.586667 | 0.553333 | 0.576667 |  -0.760620 |      202 |      176 |       26 |   4.999944 |      5 | 0.944185 | 1.413320
2589 | 776400.0 | 776700.0 | 0.003975 | 0.015337 |   4.999944 |      5 | 0.944185 | 0.600000 | 0.573333 | 0.533333 | 0.560000 |  -0.869330 |      201 |      172 |       29 |   5.000050 |      6 | 0.940730 | 1.500811
2590 | 776700.0 | 777000.0 | 0.003974 | 0.015337 |   5.000050 |      6 | 0.940730 | 0.600000 | 0.696667 | 0.646667 | 0.703333 |  -1.847431 |      242 |      209 |       33 |   4.999665 |      5 | 0.933390 | 1.686692
2591 | 777000.0 | 777300.0 | 0.003972 | 0.015336 |   4.999665 |      5 | 0.933390 | 0.600000 | 0.573333 | 0.593333 | 0.593333 |   0.000000 |      201 |      172 |       29 |   4.999771 |      5 | 0.933390 | 1.686692
2592 | 777300.0 | 777600.0 | 0.003971 | 0.015335 |   4.999771 |      5 | 0.933390 | 0.600000 | 0.540000 | 0.586667 | 0.536667 |   1.630271 |      197 |      162 |       35 |   5.000010 |      6 | 0.939864 | 1.522746
2593 | 777600.0 | 777900.0 | 0.003970 | 0.015334 |   5.000010 |      6 | 0.939864 | 0.600000 | 0.706667 | 0.670000 | 0.640000 |   0.978218 |      244 |      212 |       31 |   4.999586 |      5 | 0.943748 | 1.424398
2594 | 777900.0 | 778200.0 | 0.003969 | 0.015333 |   4.999586 |      5 | 0.943748 | 0.600000 | 0.563333 | 0.590000 | 0.530000 |   1.956548 |      198 |      169 |       30 |   4.999732 |      5 | 0.951514 | 1.227743
2595 | 778200.0 | 778500.0 | 0.003968 | 0.015332 |   4.999732 |      5 | 0.951514 | 0.600000 | 0.570000 | 0.576667 | 0.593333 |  -0.543516 |      201 |      171 |       30 |   4.999851 |      5 | 0.949357 | 1.282359
2596 | 778500.0 | 778800.0 | 0.003967 | 0.015331 |   4.999851 |      5 | 0.949357 | 0.600000 | 0.563333 | 0.596667 | 0.566667 |   0.978385 |      200 |      169 |       31 |   4.999996 |      5 | 0.953239 | 1.184071
2597 | 778800.0 | 779100.0 | 0.003966 | 0.015331 |   4.999996 |      5 | 0.953239 | 0.600000 | 0.590000 | 0.573333 | 0.620000 |  -1.522018 |      202 |      177 |       25 |   5.000036 |      6 | 0.947202 | 1.336932
2598 | 779100.0 | 779400.0 | 0.003965 | 0.015330 |   5.000036 |      6 | 0.947202 | 0.600000 | 0.693333 | 0.710000 | 0.650000 |   1.956992 |      241 |      208 |       32 |   4.999666 |      5 | 0.954962 | 1.140436
2599 | 779400.0 | 779700.0 | 0.003964 | 0.015329 |   4.999666 |      5 | 0.954962 | 0.600000 | 0.600000 | 0.566667 | 0.560000 |   0.217456 |      202 |      180 |       23 |   4.999666 |      5 | 0.955824 | 1.118608
2600 | 779700.0 | 780000.0 | 0.003963 | 0.015328 |   4.999666 |      5 | 0.955824 | 0.600000 | 0.570000 | 0.580000 | 0.570000 |   0.326202 |      199 |      171 |       28 |   4.999785 |      5 | 0.957117 | 1.085872
2601 | 780000.0 | 780300.0 | 0.003962 | 0.015327 |   4.999785 |      5 | 0.957117 | 0.600000 | 0.576667 | 0.520000 | 0.560000 |  -1.304883 |      200 |      173 |       27 |   4.999877 |      5 | 0.951947 | 1.216789
2602 | 780300.0 | 780600.0 | 0.003961 | 0.015326 |   4.999877 |      5 | 0.951947 | 0.600000 | 0.590000 | 0.613333 | 0.573333 |   1.304956 |      202 |      177 |       25 |   4.999917 |      5 | 0.957116 | 1.085898
2603 | 780600.0 | 780900.0 | 0.003960 | 0.015325 |   4.999917 |      5 | 0.957116 | 0.600000 | 0.586667 | 0.546667 | 0.550000 |  -0.108753 |      202 |      176 |       26 |   4.999970 |      5 | 0.956685 | 1.096804
2604 | 780900.0 | 781200.0 | 0.003959 | 0.015324 |   4.999970 |      5 | 0.956685 | 0.600000 | 0.620000 | 0.540000 | 0.536667 |   0.108759 |      204 |      186 |       18 |   4.999890 |      5 | 0.957116 | 1.085901
2605 | 781200.0 | 781500.0 | 0.003958 | 0.015324 |   4.999890 |      5 | 0.957116 | 0.600000 | 0.573333 | 0.553333 | 0.556667 |  -0.108765 |      200 |      172 |       28 |   4.999996 |      5 | 0.956685 | 1.096802
2606 | 781500.0 | 781800.0 | 0.003957 | 0.015323 |   4.999996 |      5 | 0.956685 | 0.600000 | 0.560000 | 0.553333 | 0.563333 |  -0.326313 |      198 |      168 |       30 |   5.000154 |      6 | 0.955394 | 1.129498
2607 | 781800.0 | 782100.0 | 0.003956 | 0.015322 |   5.000154 |      6 | 0.955394 | 0.600000 | 0.650000 | 0.603333 | 0.723333 |  -3.915976 |      235 |      195 |       39 |   4.999956 |      5 | 0.939902 | 1.521773
2608 | 782100.0 | 782400.0 | 0.003955 | 0.015321 |   4.999956 |      5 | 0.939902 | 0.600000 | 0.586667 | 0.550000 | 0.580000 |  -0.979049 |      203 |      176 |       28 |   5.000009 |      6 | 0.936030 | 1.619823
2609 | 782400.0 | 782700.0 | 0.003954 | 0.015320 |   5.000009 |      6 | 0.936030 | 0.600000 | 0.683333 | 0.623333 | 0.653333 |  -0.979104 |      241 |      205 |       35 |   4.999680 |      5 | 0.932159 | 1.717852
2610 | 782700.0 | 783000.0 | 0.003953 | 0.015319 |   4.999680 |      5 | 0.932159 | 0.600000 | 0.576667 | 0.573333 | 0.556667 |   0.543978 |      201 |      173 |       29 |   4.999772 |      5 | 0.934309 | 1.663402
2611 | 783000.0 | 783300.0 | 0.003952 | 0.015318 |   4.999772 |      5 | 0.934309 | 0.600000 | 0.590000 | 0.576667 | 0.570000 |   0.217603 |      201 |      177 |       24 |   4.999811 |      5 | 0.935169 | 1.641627
2612 | 783300.0 | 783600.0 | 0.003951 | 0.015318 |   4.999811 |      5 | 0.935169 | 0.600000 | 0.556667 | 0.596667 | 0.553333 |   1.414501 |      200 |      167 |       33 |   4.999983 |      5 | 0.940758 | 1.500115
2613 | 783600.0 | 783900.0 | 0.003950 | 0.015317 |   4.999983 |      5 | 0.940758 | 0.600000 | 0.560000 | 0.563333 | 0.580000 |  -0.544070 |      200 |      168 |       32 |   5.000141 |      6 | 0.938609 | 1.554531
2614 | 783900.0 | 784200.0 | 0.003949 | 0.015316 |   5.000141 |      6 | 0.938609 | 0.600000 | 0.696667 | 0.696667 | 0.706667 |  -0.326460 |      241 |      209 |       31 |   4.999759 |      5 | 0.937320 | 1.587175
2615 | 784200.0 | 784500.0 | 0.003948 | 0.015315 |   4.999759 |      5 | 0.937320 | 0.600000 | 0.570000 | 0.596667 | 0.553333 |   1.414740 |      201 |      171 |       31 |   4.999877 |      5 | 0.942905 | 1.445748
2616 | 784500.0 | 784800.0 | 0.003947 | 0.015314 |   4.999877 |      5 | 0.942905 | 0.600000 | 0.580000 | 0.563333 | 0.580000 |  -0.544161 |      202 |      174 |       29 |   4.999956 |      5 | 0.940757 | 1.500132
2617 | 784800.0 | 785100.0 | 0.003946 | 0.015313 |   4.999956 |      5 | 0.940757 | 0.600000 | 0.556667 | 0.620000 | 0.576667 |   1.414899 |      200 |      167 |       32 |   5.000127 |      6 | 0.946340 | 1.358762
2618 | 785100.0 | 785400.0 | 0.003945 | 0.015312 |   5.000127 |      6 | 0.946340 | 0.600000 | 0.733333 | 0.670000 | 0.690000 |  -0.653067 |      245 |      220 |       24 |   4.999601 |      5 | 0.943764 | 1.423997
2619 | 785400.0 | 785700.0 | 0.003944 | 0.015311 |   4.999601 |      5 | 0.943764 | 0.600000 | 0.596667 | 0.616667 | 0.566667 |   1.632760 |      202 |      179 |       24 |   4.999614 |      5 | 0.950203 | 1.260944
2620 | 785700.0 | 786000.0 | 0.003943 | 0.015311 |   4.999614 |      5 | 0.950203 | 0.600000 | 0.570000 | 0.550000 | 0.576667 |  -0.870854 |      201 |      171 |       30 |   4.999733 |      5 | 0.946769 | 1.347888
2621 | 786000.0 | 786300.0 | 0.003942 | 0.015310 |   4.999733 |      5 | 0.946769 | 0.600000 | 0.600000 | 0.533333 | 0.546667 |  -0.435452 |      203 |      180 |       23 |   4.999733 |      5 | 0.945053 | 1.391351
2622 | 786300.0 | 786600.0 | 0.003941 | 0.015309 |   4.999733 |      5 | 0.945053 | 0.600000 | 0.616667 | 0.553333 | 0.570000 |  -0.544345 |      205 |      185 |       20 |   4.999667 |      5 | 0.942908 | 1.445669
2623 | 786600.0 | 786900.0 | 0.003940 | 0.015308 |   4.999667 |      5 | 0.942908 | 0.600000 | 0.576667 | 0.586667 | 0.576667 |   0.326625 |      201 |      173 |       28 |   4.999759 |      5 | 0.944195 | 1.413085
2624 | 786900.0 | 787200.0 | 0.003939 | 0.015307 |   4.999759 |      5 | 0.944195 | 0.600000 | 0.573333 | 0.573333 | 0.566667 |   0.217762 |      200 |      172 |       28 |   4.999864 |      5 | 0.945052 | 1.391367
2625 | 787200.0 | 787500.0 | 0.003938 | 0.015306 |   4.999864 |      5 | 0.945052 | 0.600000 | 0.573333 | 0.600000 | 0.550000 |   1.633310 |      201 |      172 |       30 |   4.999969 |      5 | 0.951484 | 1.228510
2626 | 787500.0 | 787800.0 | 0.003937 | 0.015305 |   4.999969 |      5 | 0.951484 | 0.600000 | 0.570000 | 0.553333 | 0.580000 |  -0.871147 |      201 |      171 |       29 |   5.000087 |      6 | 0.948055 | 1.315349
2627 | 787800.0 | 788100.0 | 0.003936 | 0.015305 |   5.000087 |      6 | 0.948055 | 0.600000 | 0.713333 | 0.643333 | 0.730000 |  -2.831388 |      242 |      214 |       27 |   4.999641 |      5 | 0.936911 | 1.597521
2628 | 788100.0 | 788400.0 | 0.003935 | 0.015304 |   4.999641 |      5 | 0.936911 | 0.600000 | 0.573333 | 0.550000 | 0.573333 |  -0.762339 |      200 |      172 |       29 |   4.999746 |      5 | 0.933911 | 1.673475
2629 | 788400.0 | 788700.0 | 0.003934 | 0.015303 |   4.999746 |      5 | 0.933911 | 0.600000 | 0.573333 | 0.580000 | 0.500000 |   2.613881 |      202 |      172 |       30 |   4.999851 |      5 | 0.944194 | 1.413113
2630 | 788700.0 | 789000.0 | 0.003933 | 0.015302 |   4.999851 |      5 | 0.944194 | 0.600000 | 0.536667 | 0.580000 | 0.596667 |  -0.544589 |      197 |      161 |       36 |   5.000100 |      6 | 0.942052 | 1.467344
2631 | 789000.0 | 789300.0 | 0.003932 | 0.015301 |   5.000100 |      6 | 0.942052 | 0.600000 | 0.700000 | 0.666667 | 0.693333 |  -0.871391 |      242 |      210 |       31 |   4.999707 |      5 | 0.938626 | 1.554097
2632 | 789300.0 | 789600.0 | 0.003931 | 0.015300 |   4.999707 |      5 | 0.938626 | 0.600000 | 0.580000 | 0.566667 | 0.530000 |   1.198230 |      202 |      174 |       29 |   4.999785 |      5 | 0.943336 | 1.434836
2633 | 789600.0 | 789900.0 | 0.003930 | 0.015299 |   4.999785 |      5 | 0.943336 | 0.600000 | 0.596667 | 0.540000 | 0.530000 |   0.326808 |      203 |      179 |       24 |   4.999798 |      5 | 0.944620 | 1.402317
2634 | 789900.0 | 790200.0 | 0.003929 | 0.015299 |   4.999798 |      5 | 0.944620 | 0.600000 | 0.546667 | 0.586667 | 0.580000 |   0.217884 |      198 |      164 |       34 |   5.000008 |      6 | 0.945476 | 1.380642
2635 | 790200.0 | 790500.0 | 0.003928 | 0.015298 |   5.000008 |      6 | 0.945476 | 0.600000 | 0.693333 | 0.680000 | 0.673333 |   0.217897 |      242 |      208 |       33 |   4.999641 |      5 | 0.946332 | 1.358971
2636 | 790500.0 | 790800.0 | 0.003927 | 0.015297 |   4.999641 |      5 | 0.946332 | 0.600000 | 0.580000 | 0.550000 | 0.530000 |   0.653726 |      200 |      174 |       27 |   4.999720 |      5 | 0.948899 | 1.293972
2637 | 790800.0 | 791100.0 | 0.003926 | 0.015296 |   4.999720 |      5 | 0.948899 | 0.600000 | 0.550000 | 0.580000 | 0.546667 |   1.089605 |      199 |      165 |       34 |   4.999916 |      5 | 0.953176 | 1.185662
2638 | 791100.0 | 791400.0 | 0.003925 | 0.015295 |   4.999916 |      5 | 0.953176 | 0.600000 | 0.543333 | 0.566667 | 0.556667 |   0.326900 |      198 |      163 |       35 |   5.000139 |      6 | 0.954459 | 1.153175
2639 | 791400.0 | 791700.0 | 0.003924 | 0.015294 |   5.000139 |      6 | 0.954459 | 0.600000 | 0.680000 | 0.633333 | 0.670000 |  -1.198699 |      238 |      204 |       33 |   4.999825 |      5 | 0.949756 | 1.272269
2640 | 791700.0 | 792000.0 | 0.003923 | 0.015294 |   4.999825 |      5 | 0.949756 | 0.600000 | 0.590000 | 0.506667 | 0.573333 |  -2.179574 |      202 |      177 |       26 |   4.999864 |      5 | 0.941206 | 1.488760
2641 | 792000.0 | 792300.0 | 0.003922 | 0.015293 |   4.999864 |      5 | 0.941206 | 0.600000 | 0.593333 | 0.546667 | 0.543333 |   0.108985 |      203 |      178 |       25 |   4.999890 |      5 | 0.941634 | 1.477937
2642 | 792300.0 | 792600.0 | 0.003921 | 0.015292 |   4.999890 |      5 | 0.941634 | 0.600000 | 0.556667 | 0.560000 | 0.553333 |   0.217982 |      199 |      167 |       32 |   5.000060 |      6 | 0.942488 | 1.456297
2643 | 792600.0 | 792900.0 | 0.003920 | 0.015291 |   5.000060 |      6 | 0.942488 | 0.600000 | 0.706667 | 0.696667 | 0.666667 |   0.980972 |      243 |      212 |       30 |   4.999642 |      5 | 0.946333 | 1.358934
2644 | 792900.0 | 793200.0 | 0.003919 | 0.015290 |   4.999642 |      5 | 0.946333 | 0.600000 | 0.560000 | 0.580000 | 0.533333 |   1.526042 |      199 |      168 |       32 |   4.999799 |      5 | 0.952313 | 1.207512
2645 | 793200.0 | 793500.0 | 0.003918 | 0.015289 |   4.999799 |      5 | 0.952313 | 0.600000 | 0.570000 | 0.566667 | 0.570000 |  -0.109009 |      200 |      171 |       29 |   4.999916 |      5 | 0.951886 | 1.218325
2646 | 793500.0 | 793800.0 | 0.003917 | 0.015288 |   4.999916 |      5 | 0.951886 | 0.600000 | 0.580000 | 0.536667 | 0.500000 |   1.199166 |      201 |      174 |       27 |   4.999995 |      5 | 0.956583 | 1.099398
2647 | 793800.0 | 794100.0 | 0.003916 | 0.015288 |   4.999995 |      5 | 0.956583 | 0.600000 | 0.606667 | 0.543333 | 0.573333 |  -0.981191 |      203 |      182 |       21 |   4.999968 |      5 | 0.952741 | 1.196683
2648 | 794100.0 | 794400.0 | 0.003915 | 0.015287 |   4.999968 |      5 | 0.952741 | 0.600000 | 0.553333 | 0.560000 | 0.566667 |  -0.218054 |      198 |      166 |       32 |   5.000151 |      6 | 0.951887 | 1.218297
2649 | 794400.0 | 794700.0 | 0.003914 | 0.015286 |   5.000151 |      6 | 0.951887 | 0.600000 | 0.680000 | 0.650000 | 0.650000 |   0.000000 |      239 |      204 |       34 |   4.999838 |      5 | 0.951887 | 1.218297
2650 | 794700.0 | 795000.0 | 0.003913 | 0.015285 |   4.999838 |      5 | 0.951887 | 0.600000 | 0.583333 | 0.563333 | 0.570000 |  -0.218079 |      201 |      175 |       27 |   4.999903 |      5 | 0.951034 | 1.239903
2651 | 795000.0 | 795300.0 | 0.003912 | 0.015284 |   4.999903 |      5 | 0.951034 | 0.600000 | 0.580000 | 0.543333 | 0.560000 |  -0.545227 |      201 |      174 |       27 |   4.999981 |      5 | 0.948901 | 1.293908
2652 | 795300.0 | 795600.0 | 0.003911 | 0.015283 |   4.999981 |      5 | 0.948901 | 0.600000 | 0.580000 | 0.566667 | 0.523333 |   1.417669 |      201 |      174 |       27 |   5.000060 |      6 | 0.954445 | 1.153525
2653 | 795600.0 | 795900.0 | 0.003910 | 0.015282 |   5.000060 |      6 | 0.954445 | 0.600000 | 0.686667 | 0.633333 | 0.726667 |  -3.053611 |      240 |      206 |       33 |   4.999721 |      5 | 0.942507 | 1.455828
2654 | 795900.0 | 796200.0 | 0.003909 | 0.015282 |   4.999721 |      5 | 0.942507 | 0.600000 | 0.540000 | 0.550000 | 0.570000 |  -0.654381 |      198 |      162 |       37 |   4.999955 |      5 | 0.939949 | 1.520594
2655 | 796200.0 | 796500.0 | 0.003908 | 0.015281 |   4.999955 |      5 | 0.939949 | 0.600000 | 0.566667 | 0.546667 | 0.590000 |  -1.417905 |      200 |      170 |       30 |   5.000086 |      6 | 0.934408 | 1.660893
2656 | 796500.0 | 796800.0 | 0.003907 | 0.015280 |   5.000086 |      6 | 0.934408 | 0.600000 | 0.670000 | 0.626667 | 0.673333 |  -1.527059 |      239 |      201 |       37 |   4.999812 |      5 | 0.928443 | 1.811955
2657 | 796800.0 | 797100.0 | 0.003906 | 0.015279 |   4.999812 |      5 | 0.928443 | 0.600000 | 0.543333 | 0.586667 | 0.526667 |   1.963471 |      198 |      163 |       36 |   5.000033 |      6 | 0.936111 | 1.617771
2658 | 797100.0 | 797400.0 | 0.003905 | 0.015278 |   5.000033 |      6 | 0.936111 | 0.600000 | 0.703333 | 0.650000 | 0.703333 |  -1.745404 |      243 |      211 |       31 |   4.999630 |      5 | 0.929296 | 1.790345
2659 | 797400.0 | 797700.0 | 0.003904 | 0.015277 |   4.999630 |      5 | 0.929296 | 0.600000 | 0.590000 | 0.590000 | 0.573333 |   0.545469 |      202 |      177 |       26 |   4.999669 |      5 | 0.931425 | 1.736426
2660 | 797700.0 | 798000.0 | 0.003903 | 0.015277 |   4.999669 |      5 | 0.931425 | 0.600000 | 0.540000 | 0.566667 | 0.506667 |   1.963797 |      198 |      162 |       36 |   4.999903 |      5 | 0.939090 | 1.542358
2661 | 798000.0 | 798300.0 | 0.003902 | 0.015276 |   4.999903 |      5 | 0.939090 | 0.600000 | 0.573333 | 0.563333 | 0.593333 |  -0.981953 |      201 |      172 |       29 |   5.000007 |      6 | 0.935258 | 1.639373
2662 | 798300.0 | 798600.0 | 0.003901 | 0.015275 |   5.000007 |      6 | 0.935258 | 0.600000 | 0.680000 | 0.713333 | 0.676667 |   1.200231 |      242 |      204 |       37 |   4.999695 |      5 | 0.939940 | 1.520823
2663 | 798600.0 | 798900.0 | 0.003900 | 0.015274 |   4.999695 |      5 | 0.939940 | 0.600000 | 0.593333 | 0.600000 | 0.576667 |   0.763826 |      200 |      178 |       23 |   4.999721 |      5 | 0.942919 | 1.445397
2664 | 798900.0 | 799200.0 | 0.003899 | 0.015273 |   4.999721 |      5 | 0.942919 | 0.600000 | 0.573333 | 0.586667 | 0.556667 |   0.982116 |      203 |      172 |       31 |   4.999825 |      5 | 0.946748 | 1.348440
2665 | 799200.0 | 799500.0 | 0.003898 | 0.015272 |   4.999825 |      5 | 0.946748 | 0.600000 | 0.560000 | 0.556667 | 0.573333 |  -0.545650 |      199 |      168 |       31 |   4.999981 |      5 | 0.944621 | 1.402294
2666 | 799500.0 | 799800.0 | 0.003897 | 0.015271 |   4.999981 |      5 | 0.944621 | 0.600000 | 0.606667 | 0.563333 | 0.593333 |  -0.982224 |      204 |      182 |       22 |   4.999955 |      5 | 0.940793 | 1.499213
2667 | 799800.0 | 800100.0 | 0.003896 | 0.015271 |   4.999955 |      5 | 0.940793 | 0.600000 | 0.583333 | 0.510000 | 0.556667 |  -1.527989 |      202 |      175 |       27 |   5.000020 |      6 | 0.934841 | 1.649946
2668 | 800100.0 | 800400.0 | 0.003895 | 0.015270 |   5.000020 |      6 | 0.934841 | 0.600000 | 0.710000 | 0.663333 | 0.690000 |  -0.873185 |      243 |      213 |       29 |   4.999592 |      5 | 0.931440 | 1.736061
2669 | 800400.0 | 800700.0 | 0.003894 | 0.015269 |   4.999592 |      5 | 0.931440 | 0.600000 | 0.566667 | 0.576667 | 0.516667 |   1.964774 |      201 |      170 |       32 |   4.999721 |      5 | 0.939090 | 1.542339
2670 | 800700.0 | 801000.0 | 0.003893 | 0.015268 |   4.999721 |      5 | 0.939090 | 0.600000 | 0.613333 | 0.610000 | 0.536667 |   2.401523 |      204 |      184 |       20 |   4.999669 |      5 | 0.948439 | 1.305614
2671 | 801000.0 | 801300.0 | 0.003892 | 0.015267 |   4.999669 |      5 | 0.948439 | 0.600000 | 0.573333 | 0.530000 | 0.556667 |  -0.873329 |      201 |      172 |       29 |   4.999773 |      5 | 0.945040 | 1.391679
2672 | 801300.0 | 801600.0 | 0.003891 | 0.015266 |   4.999773 |      5 | 0.945040 | 0.600000 | 0.590000 | 0.573333 | 0.553333 |   0.655033 |      202 |      177 |       25 |   4.999812 |      5 | 0.947589 | 1.327143
2673 | 801600.0 | 801900.0 | 0.003890 | 0.015266 |   4.999812 |      5 | 0.947589 | 0.600000 | 0.603333 | 0.540000 | 0.540000 |   0.000000 |      203 |      181 |       22 |   4.999799 |      5 | 0.947589 | 1.327143
2674 | 801900.0 | 802200.0 | 0.003889 | 0.015265 |   4.999799 |      5 | 0.947589 | 0.600000 | 0.606667 | 0.556667 | 0.586667 |  -0.982658 |      204 |      182 |       22 |   4.999773 |      5 | 0.943767 | 1.423909
2675 | 802200.0 | 802500.0 | 0.003888 | 0.015264 |   4.999773 |      5 | 0.943767 | 0.600000 | 0.566667 | 0.536667 | 0.566667 |  -0.982712 |      200 |      170 |       30 |   4.999903 |      5 | 0.939947 | 1.520655
2676 | 802500.0 | 802800.0 | 0.003887 | 0.015263 |   4.999903 |      5 | 0.939947 | 0.600000 | 0.566667 | 0.566667 | 0.560000 |   0.218392 |      201 |      170 |       31 |   5.000032 |      6 | 0.940795 | 1.499160
2677 | 802800.0 | 803100.0 | 0.003886 | 0.015262 |   5.000032 |      6 | 0.940795 | 0.600000 | 0.710000 | 0.670000 | 0.646667 |   0.764416 |      243 |      213 |       29 |   4.999605 |      5 | 0.943766 | 1.423943
2678 | 803100.0 | 803400.0 | 0.003885 | 0.015261 |   4.999605 |      5 | 0.943766 | 0.600000 | 0.556667 | 0.610000 | 0.570000 |   1.310499 |      199 |      167 |       33 |   4.999773 |      5 | 0.948857 | 1.295023
2679 | 803400.0 | 803700.0 | 0.003884 | 0.015261 |   4.999773 |      5 | 0.948857 | 0.600000 | 0.603333 | 0.583333 | 0.590000 |  -0.218428 |      203 |      181 |       22 |   4.999760 |      5 | 0.948009 | 1.316506
2680 | 803700.0 | 804000.0 | 0.003883 | 0.015260 |   4.999760 |      5 | 0.948009 | 0.600000 | 0.583333 | 0.630000 | 0.573333 |   1.856744 |      202 |      175 |       27 |   4.999825 |      5 | 0.955219 | 1.133942
2681 | 804000.0 | 804300.0 | 0.003882 | 0.015259 |   4.999825 |      5 | 0.955219 | 0.600000 | 0.563333 | 0.590000 | 0.546667 |   1.419941 |      199 |      169 |       30 |   4.999967 |      5 | 0.960731 | 0.994362
2682 | 804300.0 | 804600.0 | 0.003881 | 0.015258 |   4.999967 |      5 | 0.960731 | 0.600000 | 0.576667 | 0.530000 | 0.583333 |  -1.747716 |      200 |      173 |       27 |   5.000058 |      6 | 0.953948 | 1.166119
2683 | 804600.0 | 804900.0 | 0.003880 | 0.015257 |   5.000058 |      6 | 0.953948 | 0.600000 | 0.666667 | 0.650000 | 0.633333 |   0.546191 |      237 |      200 |       36 |   4.999799 |      5 | 0.956067 | 1.112456
2684 | 804900.0 | 805200.0 | 0.003879 | 0.015256 |   4.999799 |      5 | 0.956067 | 0.600000 | 0.553333 | 0.550000 | 0.580000 |  -0.983198 |      197 |      166 |       32 |   4.999980 |      5 | 0.952253 | 1.209031
2685 | 805200.0 | 805500.0 | 0.003878 | 0.015255 |   4.999980 |      5 | 0.952253 | 0.600000 | 0.563333 | 0.563333 | 0.570000 |  -0.218500 |      200 |      169 |       31 |   5.000123 |      6 | 0.951406 | 1.230488
2686 | 805500.0 | 805800.0 | 0.003877 | 0.015255 |   5.000123 |      6 | 0.951406 | 0.600000 | 0.703333 | 0.646667 | 0.650000 |  -0.109256 |      242 |      211 |       30 |   4.999722 |      5 | 0.950982 | 1.241214
2687 | 805800.0 | 806100.0 | 0.003876 | 0.015254 |   4.999722 |      5 | 0.950982 | 0.600000 | 0.583333 | 0.563333 | 0.560000 |   0.109262 |      201 |      175 |       27 |   4.999787 |      5 | 0.951406 | 1.230490
2688 | 806100.0 | 806400.0 | 0.003875 | 0.015253 |   4.999787 |      5 | 0.951406 | 0.600000 | 0.600000 | 0.583333 | 0.586667 |  -0.109268 |      203 |      180 |       23 |   4.999787 |      5 | 0.950982 | 1.241212
2689 | 806400.0 | 806700.0 | 0.003874 | 0.015252 |   4.999787 |      5 | 0.950982 | 0.600000 | 0.603333 | 0.566667 | 0.553333 |   0.437097 |      203 |      181 |       22 |   4.999774 |      5 | 0.952676 | 1.198332
2690 | 806700.0 | 807000.0 | 0.003873 | 0.015251 |   4.999774 |      5 | 0.952676 | 0.600000 | 0.610000 | 0.583333 | 0.580000 |   0.109280 |      204 |      183 |       21 |   4.999735 |      5 | 0.953099 | 1.187614
2691 | 807000.0 | 807300.0 | 0.003872 | 0.015250 |   4.999735 |      5 | 0.953099 | 0.600000 | 0.590000 | 0.553333 | 0.590000 |  -1.202148 |      201 |      177 |       24 |   4.999774 |      5 | 0.948444 | 1.305488
2692 | 807300.0 | 807600.0 | 0.003871 | 0.015250 |   4.999774 |      5 | 0.948444 | 0.600000 | 0.590000 | 0.570000 | 0.573333 |  -0.109292 |      203 |      177 |       26 |   4.999812 |      5 | 0.948021 | 1.316202
2693 | 807600.0 | 807900.0 | 0.003870 | 0.015249 |   4.999812 |      5 | 0.948021 | 0.600000 | 0.596667 | 0.593333 | 0.543333 |   1.639472 |      203 |      179 |       24 |   4.999825 |      5 | 0.954366 | 1.155527
2694 | 807900.0 | 808200.0 | 0.003869 | 0.015248 |   4.999825 |      5 | 0.954366 | 0.600000 | 0.570000 | 0.573333 | 0.570000 |   0.109304 |      200 |      171 |       29 |   4.999941 |      5 | 0.954789 | 1.144818
2695 | 808200.0 | 808500.0 | 0.003868 | 0.015247 |   4.999941 |      5 | 0.954789 | 0.600000 | 0.580000 | 0.560000 | 0.513333 |   1.530341 |      199 |      174 |       25 |   5.000019 |      6 | 0.960709 | 0.994914
2696 | 808500.0 | 808800.0 | 0.003867 | 0.015246 |   5.000019 |      6 | 0.960709 | 0.600000 | 0.686667 | 0.526667 | 0.683333 |  -5.137853 |      237 |      206 |       30 |   4.999683 |      5 | 0.940839 | 1.498065
2697 | 808800.0 | 809100.0 | 0.003866 | 0.015245 |   4.999683 |      5 | 0.940839 | 0.600000 | 0.626667 | 0.596667 | 0.563333 |   1.093220 |      205 |      188 |       18 |   4.999580 |      5 | 0.945066 | 1.391033
2698 | 809100.0 | 809400.0 | 0.003866 | 0.015245 |   4.999580 |      5 | 0.945066 | 0.600000 | 0.590000 | 0.546667 | 0.573333 |  -0.874624 |      204 |      177 |       27 |   4.999619 |      5 | 0.941685 | 1.476642
2699 | 809400.0 | 809700.0 | 0.003865 | 0.015244 |   4.999619 |      5 | 0.941685 | 0.600000 | 0.593333 | 0.620000 | 0.536667 |   2.733348 |      202 |      178 |       24 |   4.999645 |      5 | 0.952248 | 1.209165
2700 | 809700.0 | 810000.0 | 0.003864 | 0.015243 |   4.999645 |      5 | 0.952248 | 0.600000 | 0.583333 | 0.610000 | 0.543333 |   2.186798 |      201 |      175 |       26 |   4.999709 |      5 | 0.960697 | 0.995226
2701 | 810000.0 | 810300.0 | 0.003863 | 0.015242 |   4.999709 |      5 | 0.960697 | 0.600000 | 0.573333 | 0.516667 | 0.570000 |  -1.749534 |      199 |      172 |       27 |   4.999812 |      5 | 0.953939 | 1.166344
2702 | 810300.0 | 810600.0 | 0.003862 | 0.015241 |   4.999812 |      5 | 0.953939 | 0.600000 | 0.583333 | 0.576667 | 0.573333 |   0.109352 |      200 |      175 |       25 |   4.999877 |      5 | 0.954361 | 1.155651
2703 | 810600.0 | 810900.0 | 0.003861 | 0.015240 |   4.999877 |      5 | 0.954361 | 0.600000 | 0.576667 | 0.570000 | 0.586667 |  -0.546789 |      201 |      173 |       28 |   4.999967 |      5 | 0.952250 | 1.209105
2704 | 810900.0 | 811200.0 | 0.003860 | 0.015240 |   4.999967 |      5 | 0.952250 | 0.600000 | 0.596667 | 0.546667 | 0.606667 |  -1.968547 |      203 |      179 |       25 |   4.999979 |      5 | 0.944652 | 1.401500
2705 | 811200.0 | 811500.0 | 0.003859 | 0.015239 |   4.999979 |      5 | 0.944652 | 0.600000 | 0.563333 | 0.603333 | 0.593333 |   0.328109 |      200 |      169 |       30 |   5.000121 |      6 | 0.945918 | 1.369440
2706 | 811500.0 | 811800.0 | 0.003858 | 0.015238 |   5.000121 |      6 | 0.945918 | 0.600000 | 0.720000 | 0.676667 | 0.666667 |   0.328127 |      245 |      216 |       28 |   4.999658 |      5 | 0.947184 | 1.337387
2707 | 811800.0 | 812100.0 | 0.003857 | 0.015237 |   4.999658 |      5 | 0.947184 | 0.600000 | 0.590000 | 0.536667 | 0.560000 |  -0.765671 |      201 |      177 |       25 |   4.999697 |      5 | 0.944231 | 1.412163
2708 | 812100.0 | 812400.0 | 0.003856 | 0.015236 |   4.999697 |      5 | 0.944231 | 0.600000 | 0.580000 | 0.576667 | 0.563333 |   0.437550 |      202 |      174 |       28 |   4.999774 |      5 | 0.945918 | 1.369442
2709 | 812400.0 | 812700.0 | 0.003855 | 0.015236 |   4.999774 |      5 | 0.945918 | 0.600000 | 0.533333 | 0.556667 | 0.530000 |   0.875148 |      197 |      160 |       37 |   5.000031 |      6 | 0.949292 | 1.284017
2710 | 812700.0 | 813000.0 | 0.003854 | 0.015235 |   5.000031 |      6 | 0.949292 | 0.600000 | 0.666667 | 0.666667 | 0.643333 |   0.765796 |      238 |      200 |       37 |   4.999774 |      5 | 0.952243 | 1.209284
2711 | 813000.0 | 813300.0 | 0.003853 | 0.015234 |   4.999774 |      5 | 0.952243 | 0.600000 | 0.573333 | 0.556667 | 0.533333 |   0.765838 |      200 |      172 |       29 |   4.999877 |      5 | 0.955194 | 1.134565
2712 | 813300.0 | 813600.0 | 0.003852 | 0.015233 |   4.999877 |      5 | 0.955194 | 0.600000 | 0.563333 | 0.570000 | 0.540000 |   0.984702 |      198 |      169 |       29 |   5.000018 |      6 | 0.958987 | 1.038518
2713 | 813600.0 | 813900.0 | 0.003851 | 0.015232 |   5.000018 |      6 | 0.958987 | 0.600000 | 0.723333 | 0.566667 | 0.656667 |  -2.954266 |      242 |      217 |       25 |   4.999543 |      5 | 0.947610 | 1.326605
2714 | 813900.0 | 814200.0 | 0.003850 | 0.015231 |   4.999543 |      5 | 0.947610 | 0.600000 | 0.553333 | 0.543333 | 0.593333 |  -1.641348 |      199 |      166 |       33 |   4.999722 |      5 | 0.941291 | 1.486622
2715 | 814200.0 | 814500.0 | 0.003849 | 0.015231 |   4.999722 |      5 | 0.941291 | 0.600000 | 0.620000 | 0.573333 | 0.616667 |  -1.422579 |      206 |      186 |       20 |   4.999645 |      5 | 0.935815 | 1.625277
2716 | 814500.0 | 814800.0 | 0.003848 | 0.015230 |   4.999645 |      5 | 0.935815 | 0.600000 | 0.590000 | 0.550000 | 0.530000 |   0.656610 |      202 |      177 |       26 |   4.999684 |      5 | 0.938342 | 1.561295
2717 | 814800.0 | 815100.0 | 0.003847 | 0.015229 |   4.999684 |      5 | 0.938342 | 0.600000 | 0.543333 | 0.543333 | 0.563333 |  -0.656646 |      198 |      163 |       34 |   4.999902 |      5 | 0.935815 | 1.625264
2718 | 815100.0 | 815400.0 | 0.003846 | 0.015228 |   4.999902 |      5 | 0.935815 | 0.600000 | 0.590000 | 0.586667 | 0.546667 |   1.313363 |      203 |      177 |       26 |   4.999940 |      5 | 0.940867 | 1.497350
2719 | 815400.0 | 815700.0 | 0.003845 | 0.015227 |   4.999940 |      5 | 0.940867 | 0.600000 | 0.540000 | 0.586667 | 0.580000 |   0.218906 |      198 |      162 |       36 |   5.000171 |      6 | 0.941709 | 1.476035
2720 | 815700.0 | 816000.0 | 0.003844 | 0.015226 |   5.000171 |      6 | 0.941709 | 0.600000 | 0.710000 | 0.683333 | 0.680000 |   0.109459 |      242 |      213 |       28 |   4.999748 |      5 | 0.942130 | 1.465380
2721 | 816000.0 | 816300.0 | 0.003843 | 0.015226 |   4.999748 |      5 | 0.942130 | 0.600000 | 0.573333 | 0.613333 | 0.570000 |   1.423042 |      201 |      172 |       30 |   4.999851 |      5 | 0.947599 | 1.326886
2722 | 816300.0 | 816600.0 | 0.003842 | 0.015225 |   4.999851 |      5 | 0.947599 | 0.600000 | 0.563333 | 0.596667 | 0.586667 |   0.328412 |      200 |      169 |       31 |   4.999992 |      5 | 0.948861 | 1.294933
2723 | 816600.0 | 816900.0 | 0.003842 | 0.015224 |   4.999992 |      5 | 0.948861 | 0.600000 | 0.633333 | 0.593333 | 0.543333 |   1.642149 |      206 |      190 |       16 |   4.999864 |      5 | 0.955169 | 1.135195
2724 | 816900.0 | 817200.0 | 0.003841 | 0.015223 |   4.999864 |      5 | 0.955169 | 0.600000 | 0.560000 | 0.586667 | 0.603333 |  -0.547413 |      200 |      168 |       32 |   5.000017 |      6 | 0.953067 | 1.188430
2725 | 817200.0 | 817500.0 | 0.003840 | 0.015222 |   5.000017 |      6 | 0.953067 | 0.600000 | 0.726667 | 0.640000 | 0.656667 |  -0.547442 |      243 |      218 |       24 |   4.999531 |      5 | 0.950965 | 1.241656
2726 | 817500.0 | 817800.0 | 0.003839 | 0.015221 |   4.999531 |      5 | 0.950965 | 0.600000 | 0.550000 | 0.563333 | 0.530000 |   1.094943 |      198 |      165 |       34 |   4.999723 |      5 | 0.955168 | 1.135226
2727 | 817800.0 | 818100.0 | 0.003838 | 0.015221 |   4.999723 |      5 | 0.955168 | 0.600000 | 0.586667 | 0.580000 | 0.596667 |  -0.547501 |      201 |      176 |       25 |   4.999774 |      5 | 0.953067 | 1.188430
2728 | 818100.0 | 818400.0 | 0.003837 | 0.015220 |   4.999774 |      5 | 0.953067 | 0.600000 | 0.610000 | 0.556667 | 0.606667 |  -1.642593 |      204 |      183 |       21 |   4.999736 |      5 | 0.946765 | 1.348014
2729 | 818400.0 | 818700.0 | 0.003836 | 0.015219 |   4.999736 |      5 | 0.946765 | 0.600000 | 0.593333 | 0.523333 | 0.546667 |  -0.766585 |      202 |      178 |       24 |   4.999761 |      5 | 0.943824 | 1.422472
2730 | 818700.0 | 819000.0 | 0.003835 | 0.015218 |   4.999761 |      5 | 0.943824 | 0.600000 | 0.553333 | 0.546667 | 0.563333 |  -0.547590 |      199 |      166 |       33 |   4.999940 |      5 | 0.941724 | 1.475645
2731 | 819000.0 | 819300.0 | 0.003834 | 0.015217 |   4.999940 |      5 | 0.941724 | 0.600000 | 0.556667 | 0.533333 | 0.510000 |   0.766667 |      200 |      167 |       33 |   5.000106 |      6 | 0.944663 | 1.401216
2732 | 819300.0 | 819600.0 | 0.003833 | 0.015217 |   5.000106 |      6 | 0.944663 | 0.600000 | 0.693333 | 0.656667 | 0.673333 |  -0.547649 |      240 |      208 |       31 |   4.999749 |      5 | 0.942564 | 1.454370
2733 | 819600.0 | 819900.0 | 0.003832 | 0.015216 |   4.999749 |      5 | 0.942564 | 0.600000 | 0.590000 | 0.576667 | 0.496667 |   2.628857 |      202 |      177 |       26 |   4.999787 |      5 | 0.952638 | 1.199283
2734 | 819900.0 | 820200.0 | 0.003831 | 0.015215 |   4.999787 |      5 | 0.952638 | 0.600000 | 0.546667 | 0.556667 | 0.566667 |  -0.328625 |      198 |      164 |       35 |   4.999991 |      5 | 0.951379 | 1.231163
2735 | 820200.0 | 820500.0 | 0.003830 | 0.015214 |   4.999991 |      5 | 0.951379 | 0.600000 | 0.583333 | 0.583333 | 0.556667 |   0.876380 |      202 |      175 |       26 |   5.000055 |      6 | 0.954736 | 1.146167
2736 | 820500.0 | 820800.0 | 0.003829 | 0.015213 |   5.000055 |      6 | 0.954736 | 0.600000 | 0.676667 | 0.613333 | 0.683333 |  -2.300622 |      237 |      203 |       33 |   4.999761 |      5 | 0.945926 | 1.369238
2737 | 820800.0 | 821100.0 | 0.003828 | 0.015212 |   4.999761 |      5 | 0.945926 | 0.600000 | 0.593333 | 0.543333 | 0.573333 |  -0.986034 |      202 |      178 |       25 |   4.999787 |      5 | 0.942152 | 1.464822
2738 | 821100.0 | 821400.0 | 0.003827 | 0.015212 |   4.999787 |      5 | 0.942152 | 0.600000 | 0.596667 | 0.550000 | 0.580000 |  -0.986087 |      204 |      179 |       25 |   4.999800 |      5 | 0.938378 | 1.560387
2739 | 821400.0 | 821700.0 | 0.003826 | 0.015211 |   4.999800 |      5 | 0.938378 | 0.600000 | 0.563333 | 0.550000 | 0.553333 |  -0.109571 |      200 |      169 |       31 |   4.999940 |      5 | 0.937958 | 1.571003
2740 | 821700.0 | 822000.0 | 0.003825 | 0.015210 |   4.999940 |      5 | 0.937958 | 0.600000 | 0.580000 | 0.580000 | 0.553333 |   0.876616 |      201 |      174 |       27 |   5.000017 |      6 | 0.941312 | 1.486089
2741 | 822000.0 | 822300.0 | 0.003824 | 0.015209 |   5.000017 |      6 | 0.941312 | 0.600000 | 0.683333 | 0.676667 | 0.603333 |   2.410823 |      242 |      205 |       36 |   4.999698 |      5 | 0.950532 | 1.252621
2742 | 822300.0 | 822600.0 | 0.003824 | 0.015208 |   4.999698 |      5 | 0.950532 | 0.600000 | 0.576667 | 0.546667 | 0.596667 |  -1.643832 |      199 |      173 |       27 |   4.999787 |      5 | 0.944247 | 1.411773
2743 | 822600.0 | 822900.0 | 0.003823 | 0.015208 |   4.999787 |      5 | 0.944247 | 0.600000 | 0.573333 | 0.580000 | 0.593333 |  -0.438379 |      201 |      172 |       29 |   4.999889 |      5 | 0.942571 | 1.454206
2744 | 822900.0 | 823200.0 | 0.003822 | 0.015207 |   4.999889 |      5 | 0.942571 | 0.600000 | 0.603333 | 0.580000 | 0.556667 |   0.767204 |      204 |      181 |       23 |   4.999876 |      5 | 0.945503 | 1.379963
2745 | 823200.0 | 823500.0 | 0.003821 | 0.015206 |   4.999876 |      5 | 0.945503 | 0.600000 | 0.563333 | 0.593333 | 0.586667 |   0.219213 |      200 |      169 |       31 |   5.000016 |      6 | 0.946340 | 1.358755
2746 | 823500.0 | 823800.0 | 0.003820 | 0.015205 |   5.000016 |      6 | 0.946340 | 0.600000 | 0.703333 | 0.666667 | 0.656667 |   0.328837 |      241 |      211 |       29 |   4.999622 |      5 | 0.947596 | 1.326949
2747 | 823800.0 | 824100.0 | 0.003819 | 0.015204 |   4.999622 |      5 | 0.947596 | 0.600000 | 0.570000 | 0.623333 | 0.550000 |   2.411600 |      199 |      171 |       30 |   4.999736 |      5 | 0.956806 | 1.093750
2748 | 824100.0 | 824400.0 | 0.003818 | 0.015203 |   4.999736 |      5 | 0.956806 | 0.600000 | 0.583333 | 0.523333 | 0.583333 |  -1.973233 |      201 |      175 |       25 |   4.999800 |      5 | 0.949272 | 1.284512
2749 | 824400.0 | 824700.0 | 0.003817 | 0.015203 |   4.999800 |      5 | 0.949272 | 0.600000 | 0.553333 | 0.593333 | 0.560000 |   1.096299 |      198 |      166 |       32 |   4.999978 |      5 | 0.953457 | 1.178553
2750 | 824700.0 | 825000.0 | 0.003816 | 0.015202 |   4.999978 |      5 | 0.953457 | 0.600000 | 0.566667 | 0.520000 | 0.590000 |  -2.302352 |      200 |      170 |       30 |   5.000105 |      6 | 0.944671 | 1.401024
2751 | 825000.0 | 825300.0 | 0.003815 | 0.015201 |   5.000105 |      6 | 0.944671 | 0.600000 | 0.680000 | 0.686667 | 0.620000 |   2.192834 |      241 |      204 |       36 |   4.999800 |      5 | 0.953037 | 1.189188
2752 | 825300.0 | 825600.0 | 0.003814 | 0.015200 |   4.999800 |      5 | 0.953037 | 0.600000 | 0.586667 | 0.573333 | 0.550000 |   0.767533 |      201 |      176 |       26 |   4.999851 |      5 | 0.955964 | 1.115059
2753 | 825600.0 | 825900.0 | 0.003813 | 0.015199 |   4.999851 |      5 | 0.955964 | 0.600000 | 0.586667 | 0.570000 | 0.583333 |  -0.438614 |      201 |      176 |       25 |   4.999902 |      5 | 0.954292 | 1.157410
2754 | 825900.0 | 826200.0 | 0.003812 | 0.015199 |   4.999902 |      5 | 0.954292 | 0.600000 | 0.576667 | 0.576667 | 0.590000 |  -0.438637 |      200 |      173 |       27 |   4.999991 |      5 | 0.952620 | 1.199753
2755 | 826200.0 | 826500.0 | 0.003811 | 0.015198 |   4.999991 |      5 | 0.952620 | 0.600000 | 0.603333 | 0.596667 | 0.596667 |   0.000000 |      203 |      181 |       22 |   4.999978 |      5 | 0.952620 | 1.199753
2756 | 826500.0 | 826800.0 | 0.003810 | 0.015197 |   4.999978 |      5 | 0.952620 | 0.600000 | 0.590000 | 0.560000 | 0.533333 |   0.877368 |      202 |      177 |       25 |   5.000016 |      6 | 0.955963 | 1.115100
2757 | 826800.0 | 827100.0 | 0.003809 | 0.015196 |   5.000016 |      6 | 0.955963 | 0.600000 | 0.690000 | 0.616667 | 0.680000 |  -2.083861 |      239 |      207 |       31 |   4.999673 |      5 | 0.948024 | 1.316113
2758 | 827100.0 | 827400.0 | 0.003809 | 0.015195 |   4.999673 |      5 | 0.948024 | 0.600000 | 0.603333 | 0.613333 | 0.600000 |   0.438731 |      203 |      181 |       23 |   4.999660 |      5 | 0.949695 | 1.273803
2759 | 827400.0 | 827700.0 | 0.003808 | 0.015195 |   4.999660 |      5 | 0.949695 | 0.600000 | 0.590000 | 0.566667 | 0.590000 |  -0.767820 |      203 |      177 |       26 |   4.999699 |      5 | 0.946772 | 1.347832
2760 | 827700.0 | 828000.0 | 0.003807 | 0.015194 |   4.999699 |      5 | 0.946772 | 0.600000 | 0.593333 | 0.560000 | 0.530000 |   0.987250 |      202 |      178 |       24 |   4.999724 |      5 | 0.950530 | 1.252670
2761 | 828000.0 | 828300.0 | 0.003806 | 0.015193 |   4.999724 |      5 | 0.950530 | 0.600000 | 0.593333 | 0.590000 | 0.583333 |   0.219401 |      202 |      178 |       24 |   4.999749 |      5 | 0.951365 | 1.231527
2762 | 828300.0 | 828600.0 | 0.003805 | 0.015192 |   4.999749 |      5 | 0.951365 | 0.600000 | 0.586667 | 0.573333 | 0.556667 |   0.548531 |      202 |      176 |       26 |   4.999800 |      5 | 0.953452 | 1.178679
2763 | 828600.0 | 828900.0 | 0.003804 | 0.015191 |   4.999800 |      5 | 0.953452 | 0.600000 | 0.616667 | 0.590000 | 0.570000 |   0.658272 |      205 |      185 |       20 |   4.999737 |      5 | 0.955956 | 1.115274
2764 | 828900.0 | 829200.0 | 0.003803 | 0.015190 |   4.999737 |      5 | 0.955956 | 0.600000 | 0.573333 | 0.576667 | 0.600000 |  -0.768025 |      199 |      172 |       27 |   4.999838 |      5 | 0.953035 | 1.189232
2765 | 829200.0 | 829500.0 | 0.003802 | 0.015190 |   4.999838 |      5 | 0.953035 | 0.600000 | 0.583333 | 0.566667 | 0.536667 |   0.987513 |      200 |      175 |       25 |   4.999901 |      5 | 0.956790 | 1.094161
2766 | 829500.0 | 829800.0 | 0.003801 | 0.015189 |   4.999901 |      5 | 0.956790 | 0.600000 | 0.530000 | 0.503333 | 0.560000 |  -1.865403 |      196 |      159 |       37 |   5.000167 |      6 | 0.949699 | 1.273706
2767 | 829800.0 | 830100.0 | 0.003800 | 0.015188 |   5.000167 |      6 | 0.949699 | 0.600000 | 0.693333 | 0.596667 | 0.680000 |  -2.743385 |      241 |      208 |       32 |   4.999813 |      5 | 0.939274 | 1.537692
2768 | 830100.0 | 830400.0 | 0.003799 | 0.015187 |   4.999813 |      5 | 0.939274 | 0.600000 | 0.550000 | 0.593333 | 0.530000 |   2.085084 |      198 |      165 |       34 |   5.000003 |      6 | 0.947195 | 1.337101
2769 | 830400.0 | 830700.0 | 0.003798 | 0.015186 |   5.000003 |      6 | 0.947195 | 0.600000 | 0.720000 | 0.623333 | 0.683333 |  -1.975448 |      243 |      216 |       27 |   4.999547 |      5 | 0.939692 | 1.527098
2770 | 830700.0 | 831000.0 | 0.003797 | 0.015186 |   4.999547 |      5 | 0.939692 | 0.600000 | 0.593333 | 0.586667 | 0.560000 |   0.878023 |      204 |      178 |       26 |   4.999572 |      5 | 0.943026 | 1.442671
2771 | 831000.0 | 831300.0 | 0.003796 | 0.015185 |   4.999572 |      5 | 0.943026 | 0.600000 | 0.576667 | 0.573333 | 0.543333 |   0.987829 |      200 |      173 |       27 |   4.999661 |      5 | 0.946777 | 1.347708
2772 | 831300.0 | 831600.0 | 0.003796 | 0.015184 |   4.999661 |      5 | 0.946777 | 0.600000 | 0.543333 | 0.596667 | 0.590000 |   0.219529 |      198 |      163 |       35 |   4.999876 |      5 | 0.947610 | 1.326610
2773 | 831600.0 | 831900.0 | 0.003795 | 0.015183 |   4.999876 |      5 | 0.947610 | 0.600000 | 0.596667 | 0.573333 | 0.573333 |   0.000000 |      204 |      179 |       25 |   4.999889 |      5 | 0.947610 | 1.326610
2774 | 831900.0 | 832200.0 | 0.003794 | 0.015182 |   4.999889 |      5 | 0.947610 | 0.600000 | 0.610000 | 0.583333 | 0.576667 |   0.219553 |      204 |      183 |       21 |   4.999851 |      5 | 0.948443 | 1.305519
2775 | 832200.0 | 832500.0 | 0.003793 | 0.015182 |   4.999851 |      5 | 0.948443 | 0.600000 | 0.573333 | 0.553333 | 0.566667 |  -0.439128 |      200 |      172 |       29 |   4.999952 |      5 | 0.946777 | 1.347692
2776 | 832500.0 | 832800.0 | 0.003792 | 0.015181 |   4.999952 |      5 | 0.946777 | 0.600000 | 0.560000 | 0.570000 | 0.563333 |   0.219576 |      200 |      168 |       31 |   5.000103 |      6 | 0.947610 | 1.326610
2777 | 832800.0 | 833100.0 | 0.003791 | 0.015180 |   5.000103 |      6 | 0.947610 | 0.600000 | 0.696667 | 0.676667 | 0.686667 |  -0.329381 |      241 |      209 |       31 |   4.999737 |      5 | 0.946361 | 1.358228
2778 | 833100.0 | 833400.0 | 0.003790 | 0.015179 |   4.999737 |      5 | 0.946361 | 0.600000 | 0.603333 | 0.593333 | 0.500000 |   3.074388 |      204 |      181 |       24 |   4.999724 |      5 | 0.958013 | 1.063183
2779 | 833400.0 | 833700.0 | 0.003789 | 0.015178 |   4.999724 |      5 | 0.958013 | 0.600000 | 0.580000 | 0.566667 | 0.533333 |   1.098054 |      199 |      174 |       25 |   4.999800 |      5 | 0.962174 | 0.957829
2780 | 833700.0 | 834000.0 | 0.003788 | 0.015178 |   4.999800 |      5 | 0.962174 | 0.600000 | 0.573333 | 0.480000 | 0.573333 |  -3.074714 |      199 |      172 |       27 |   4.999901 |      5 | 0.950526 | 1.252762
2781 | 834000.0 | 834300.0 | 0.003787 | 0.015177 |   4.999901 |      5 | 0.950526 | 0.600000 | 0.573333 | 0.543333 | 0.586667 |  -1.427621 |      201 |      172 |       29 |   5.000002 |      6 | 0.945119 | 1.389669
2782 | 834300.0 | 834600.0 | 0.003786 | 0.015176 |   5.000002 |      6 | 0.945119 | 0.600000 | 0.706667 | 0.643333 | 0.736667 |  -3.075040 |      242 |      212 |       29 |   4.999598 |      5 | 0.933476 | 1.684490
2783 | 834600.0 | 834900.0 | 0.003785 | 0.015175 |   4.999598 |      5 | 0.933476 | 0.600000 | 0.563333 | 0.540000 | 0.543333 |  -0.109829 |      200 |      169 |       32 |   4.999737 |      5 | 0.933061 | 1.695018
2784 | 834900.0 | 835200.0 | 0.003784 | 0.015174 |   4.999737 |      5 | 0.933061 | 0.600000 | 0.566667 | 0.563333 | 0.550000 |   0.439338 |      200 |      170 |       30 |   4.999863 |      5 | 0.934723 | 1.652916
2785 | 835200.0 | 835500.0 | 0.003784 | 0.015174 |   4.999863 |      5 | 0.934723 | 0.600000 | 0.590000 | 0.553333 | 0.570000 |  -0.549201 |      202 |      177 |       25 |   4.999901 |      5 | 0.932645 | 1.705533
2786 | 835500.0 | 835800.0 | 0.003783 | 0.015173 |   4.999901 |      5 | 0.932645 | 0.600000 | 0.566667 | 0.556667 | 0.543333 |   0.439384 |      201 |      170 |       31 |   5.000027 |      6 | 0.934307 | 1.663448
2787 | 835800.0 | 836100.0 | 0.003782 | 0.015172 |   5.000027 |      6 | 0.934307 | 0.600000 | 0.636667 | 0.686667 | 0.650000 |   1.208371 |      236 |      191 |       44 |   4.999888 |      5 | 0.938877 | 1.547735
2788 | 836100.0 | 836400.0 | 0.003781 | 0.015171 |   4.999888 |      5 | 0.938877 | 0.600000 | 0.583333 | 0.530000 | 0.576667 |  -1.538008 |      202 |      175 |       28 |   4.999952 |      5 | 0.933062 | 1.694978
2789 | 836400.0 | 836700.0 | 0.003780 | 0.015170 |   4.999952 |      5 | 0.933062 | 0.600000 | 0.566667 | 0.586667 | 0.596667 |  -0.329591 |      200 |      170 |       30 |   5.000078 |      6 | 0.931816 | 1.726524
2790 | 836700.0 | 837000.0 | 0.003779 | 0.015170 |   5.000078 |      6 | 0.931816 | 0.600000 | 0.756667 | 0.706667 | 0.690000 |   0.549347 |      249 |      227 |       21 |   4.999485 |      5 | 0.933892 | 1.673957
2791 | 837000.0 | 837300.0 | 0.003778 | 0.015169 |   4.999485 |      5 | 0.933892 | 0.600000 | 0.550000 | 0.560000 | 0.553333 |   0.219750 |      198 |      165 |       34 |   4.999674 |      5 | 0.934723 | 1.652934
2792 | 837300.0 | 837600.0 | 0.003777 | 0.015168 |   4.999674 |      5 | 0.934723 | 0.600000 | 0.580000 | 0.596667 | 0.566667 |   0.988928 |      202 |      174 |       28 |   4.999750 |      5 | 0.938458 | 1.558350
2793 | 837600.0 | 837900.0 | 0.003776 | 0.015167 |   4.999750 |      5 | 0.938458 | 0.600000 | 0.563333 | 0.553333 | 0.573333 |  -0.659320 |      199 |      169 |       30 |   4.999888 |      5 | 0.935968 | 1.621394
2794 | 837900.0 | 838200.0 | 0.003775 | 0.015166 |   4.999888 |      5 | 0.935968 | 0.600000 | 0.520000 | 0.613333 | 0.540000 |   2.417636 |      196 |      156 |       40 |   5.000190 |      6 | 0.945096 | 1.390276
2795 | 838200.0 | 838500.0 | 0.003774 | 0.015166 |   5.000190 |      6 | 0.945096 | 0.600000 | 0.683333 | 0.680000 | 0.680000 |   0.000000 |      241 |      205 |       35 |   4.999876 |      5 | 0.945096 | 1.390276
2796 | 838500.0 | 838800.0 | 0.003773 | 0.015165 |   4.999876 |      5 | 0.945096 | 0.600000 | 0.593333 | 0.580000 | 0.580000 |   0.000000 |      202 |      178 |       25 |   4.999901 |      5 | 0.945096 | 1.390276
2797 | 838800.0 | 839100.0 | 0.003773 | 0.015164 |   4.999901 |      5 | 0.945096 | 0.600000 | 0.623333 | 0.576667 | 0.603333 |  -0.879279 |      206 |      187 |       19 |   4.999813 |      5 | 0.941778 | 1.474271
2798 | 839100.0 | 839400.0 | 0.003772 | 0.015163 |   4.999813 |      5 | 0.941778 | 0.600000 | 0.623333 | 0.560000 | 0.576667 |  -0.549579 |      206 |      187 |       20 |   4.999725 |      5 | 0.939706 | 1.526758
2799 | 839400.0 | 839700.0 | 0.003771 | 0.015162 |   4.999725 |      5 | 0.939706 | 0.600000 | 0.546667 | 0.530000 | 0.546667 |  -0.549607 |      198 |      164 |       33 |   4.999926 |      5 | 0.937633 | 1.579236
2800 | 839700.0 | 840000.0 | 0.003770 | 0.015162 |   4.999926 |      5 | 0.937633 | 0.600000 | 0.580000 | 0.583333 | 0.566667 |   0.549636 |      202 |      174 |       28 |   5.000001 |      6 | 0.939705 | 1.526768
2801 | 840000.0 | 840300.0 | 0.003769 | 0.015161 |   5.000001 |      6 | 0.939705 | 0.600000 | 0.700000 | 0.673333 | 0.660000 |   0.439732 |      242 |      210 |       31 |   4.999625 |      5 | 0.941363 | 1.484802
2802 | 840300.0 | 840600.0 | 0.003768 | 0.015160 |   4.999625 |      5 | 0.941363 | 0.600000 | 0.613333 | 0.590000 | 0.570000 |   0.659633 |      205 |      184 |       22 |   4.999574 |      5 | 0.943848 | 1.421865
2803 | 840600.0 | 840900.0 | 0.003767 | 0.015159 |   4.999574 |      5 | 0.943848 | 0.600000 | 0.553333 | 0.590000 | 0.556667 |   1.099446 |      198 |      166 |       32 |   4.999750 |      5 | 0.947990 | 1.316989
2804 | 840900.0 | 841200.0 | 0.003766 | 0.015158 |   4.999750 |      5 | 0.947990 | 0.600000 | 0.576667 | 0.576667 | 0.576667 |   0.000000 |      201 |      173 |       28 |   4.999838 |      5 | 0.947990 | 1.316989
2805 | 841200.0 | 841500.0 | 0.003765 | 0.015158 |   4.999838 |      5 | 0.947990 | 0.600000 | 0.613333 | 0.583333 | 0.533333 |   1.649343 |      204 |      184 |       20 |   4.999788 |      5 | 0.954200 | 1.159735
2806 | 841500.0 | 841800.0 | 0.003764 | 0.015157 |   4.999788 |      5 | 0.954200 | 0.600000 | 0.596667 | 0.563333 | 0.553333 |   0.329886 |      203 |      179 |       24 |   4.999800 |      5 | 0.955442 | 1.128290
2807 | 841800.0 | 842100.0 | 0.003763 | 0.015156 |   4.999800 |      5 | 0.955442 | 0.600000 | 0.590000 | 0.536667 | 0.566667 |  -0.989710 |      201 |      177 |       24 |   4.999838 |      5 | 0.951717 | 1.222607
2808 | 842100.0 | 842400.0 | 0.003763 | 0.015155 |   4.999838 |      5 | 0.951717 | 0.600000 | 0.596667 | 0.583333 | 0.570000 |   0.439894 |      203 |      179 |       24 |   4.999851 |      5 | 0.953372 | 1.180697
2809 | 842400.0 | 842700.0 | 0.003762 | 0.015154 |   4.999851 |      5 | 0.953372 | 0.600000 | 0.530000 | 0.593333 | 0.570000 |   0.769855 |      196 |      159 |       37 |   5.000114 |      6 | 0.956268 | 1.107367
2810 | 842700.0 | 843000.0 | 0.003761 | 0.015154 |   5.000114 |      6 | 0.956268 | 0.600000 | 0.733333 | 0.616667 | 0.680000 |  -2.089716 |      244 |      220 |       23 |   4.999612 |      5 | 0.948409 | 1.306368
2811 | 843000.0 | 843300.0 | 0.003760 | 0.015153 |   4.999612 |      5 | 0.948409 | 0.600000 | 0.623333 | 0.583333 | 0.533333 |   1.649862 |      204 |      187 |       19 |   4.999525 |      5 | 0.954612 | 1.149291
2812 | 843300.0 | 843600.0 | 0.003759 | 0.015152 |   4.999525 |      5 | 0.954612 | 0.600000 | 0.593333 | 0.570000 | 0.573333 |  -0.109997 |      201 |      178 |       22 |   4.999550 |      5 | 0.954199 | 1.159761
2813 | 843600.0 | 843900.0 | 0.003758 | 0.015151 |   4.999550 |      5 | 0.954199 | 0.600000 | 0.590000 | 0.543333 | 0.570000 |  -0.880019 |      203 |      177 |       26 |   4.999587 |      5 | 0.950892 | 1.243504
2814 | 843900.0 | 844200.0 | 0.003757 | 0.015150 |   4.999587 |      5 | 0.950892 | 0.600000 | 0.540000 | 0.570000 | 0.560000 |   0.330024 |      198 |      162 |       36 |   4.999813 |      5 | 0.952132 | 1.212106
2815 | 844200.0 | 844500.0 | 0.003756 | 0.015150 |   4.999813 |      5 | 0.952132 | 0.600000 | 0.593333 | 0.556667 | 0.580000 |  -0.770097 |      201 |      178 |       23 |   4.999838 |      5 | 0.949239 | 1.285353
2816 | 844500.0 | 844800.0 | 0.003755 | 0.015149 |   4.999838 |      5 | 0.949239 | 0.600000 | 0.550000 | 0.573333 | 0.583333 |  -0.330059 |      198 |      165 |       33 |   5.000026 |      6 | 0.948000 | 1.316739
2817 | 844800.0 | 845100.0 | 0.003754 | 0.015148 |   5.000026 |      6 | 0.948000 | 0.600000 | 0.703333 | 0.653333 | 0.660000 |  -0.220051 |      242 |      211 |       30 |   4.999638 |      5 | 0.947173 | 1.337659
2818 | 845100.0 | 845400.0 | 0.003754 | 0.015147 |   4.999638 |      5 | 0.947173 | 0.600000 | 0.586667 | 0.606667 | 0.573333 |   1.100311 |      203 |      176 |       28 |   4.999688 |      5 | 0.951304 | 1.233079
2819 | 845400.0 | 845700.0 | 0.003753 | 0.015146 |   4.999688 |      5 | 0.951304 | 0.600000 | 0.563333 | 0.580000 | 0.616667 |  -1.210406 |      200 |      169 |       31 |   4.999825 |      5 | 0.946761 | 1.348096
2820 | 845700.0 | 846000.0 | 0.003752 | 0.015146 |   4.999825 |      5 | 0.946761 | 0.600000 | 0.613333 | 0.536667 | 0.530000 |   0.220085 |      205 |      184 |       21 |   4.999775 |      5 | 0.947587 | 1.327187
2821 | 846000.0 | 846300.0 | 0.003751 | 0.015145 |   4.999775 |      5 | 0.947587 | 0.600000 | 0.596667 | 0.563333 | 0.560000 |   0.110048 |      202 |      179 |       23 |   4.999788 |      5 | 0.948000 | 1.316735
2822 | 846300.0 | 846600.0 | 0.003750 | 0.015144 |   4.999788 |      5 | 0.948000 | 0.600000 | 0.586667 | 0.570000 | 0.563333 |   0.220108 |      202 |      176 |       26 |   4.999838 |      5 | 0.948825 | 1.295835
2823 | 846600.0 | 846900.0 | 0.003749 | 0.015143 |   4.999838 |      5 | 0.948825 | 0.600000 | 0.596667 | 0.513333 | 0.546667 |  -1.100599 |      202 |      179 |       23 |   4.999850 |      5 | 0.944699 | 1.400317
2824 | 846900.0 | 847200.0 | 0.003748 | 0.015142 |   4.999850 |      5 | 0.944699 | 0.600000 | 0.590000 | 0.620000 | 0.560000 |   1.981182 |      204 |      177 |       27 |   4.999888 |      5 | 0.952125 | 1.212284
2825 | 847200.0 | 847500.0 | 0.003747 | 0.015142 |   4.999888 |      5 | 0.952125 | 0.600000 | 0.543333 | 0.520000 | 0.526667 |  -0.220143 |      197 |      163 |       34 |   5.000100 |      6 | 0.951300 | 1.233173
2826 | 847500.0 | 847800.0 | 0.003746 | 0.015141 |   5.000100 |      6 | 0.951300 | 0.600000 | 0.690000 | 0.630000 | 0.676667 |  -1.541080 |      240 |      207 |       32 |   4.999763 |      5 | 0.945526 | 1.379366
2827 | 847800.0 | 848100.0 | 0.003745 | 0.015140 |   4.999763 |      5 | 0.945526 | 0.600000 | 0.576667 | 0.543333 | 0.576667 |  -1.100829 |      201 |      173 |       29 |   4.999850 |      5 | 0.941403 | 1.483770
2828 | 848100.0 | 848400.0 | 0.003745 | 0.015139 |   4.999850 |      5 | 0.941403 | 0.600000 | 0.570000 | 0.590000 | 0.606667 |  -0.550443 |      201 |      171 |       30 |   4.999963 |      5 | 0.939342 | 1.535962
2829 | 848400.0 | 848700.0 | 0.003744 | 0.015139 |   4.999963 |      5 | 0.939342 | 0.600000 | 0.603333 | 0.563333 | 0.590000 |  -0.880755 |      202 |      181 |       21 |   4.999950 |      5 | 0.936045 | 1.619454
2830 | 848700.0 | 849000.0 | 0.003743 | 0.015138 |   4.999950 |      5 | 0.936045 | 0.600000 | 0.583333 | 0.593333 | 0.556667 |   1.211101 |      203 |      175 |       28 |   5.000013 |      6 | 0.940578 | 1.504674
2831 | 849000.0 | 849300.0 | 0.003742 | 0.015137 |   5.000013 |      6 | 0.940578 | 0.600000 | 0.643333 | 0.703333 | 0.683333 |   0.660635 |      237 |      193 |       43 |   4.999850 |      5 | 0.943050 | 1.442078
2832 | 849300.0 | 849600.0 | 0.003741 | 0.015136 |   4.999850 |      5 | 0.943050 | 0.600000 | 0.563333 | 0.586667 | 0.590000 |  -0.110112 |      199 |      169 |       31 |   4.999988 |      5 | 0.942638 | 1.452509
2833 | 849600.0 | 849900.0 | 0.003740 | 0.015135 |   4.999988 |      5 | 0.942638 | 0.600000 | 0.596667 | 0.593333 | 0.553333 |   1.321407 |      203 |      179 |       24 |   5.000000 |      6 | 0.947580 | 1.327365
2834 | 849900.0 | 850200.0 | 0.003739 | 0.015135 |   5.000000 |      6 | 0.947580 | 0.600000 | 0.683333 | 0.703333 | 0.663333 |   1.321476 |      240 |      205 |       34 |   4.999688 |      5 | 0.952521 | 1.202244
2835 | 850200.0 | 850500.0 | 0.003738 | 0.015134 |   4.999688 |      5 | 0.952521 | 0.600000 | 0.583333 | 0.540000 | 0.576667 |  -1.211416 |      200 |      175 |       26 |   4.999751 |      5 | 0.947993 | 1.316917
2836 | 850500.0 | 850800.0 | 0.003737 | 0.015133 |   4.999751 |      5 | 0.947993 | 0.600000 | 0.606667 | 0.583333 | 0.583333 |   0.000000 |      204 |      182 |       22 |   4.999726 |      5 | 0.947993 | 1.316917
2837 | 850800.0 | 851100.0 | 0.003737 | 0.015132 |   4.999726 |      5 | 0.947993 | 0.600000 | 0.610000 | 0.600000 | 0.573333 |   0.881121 |      205 |      183 |       22 |   4.999688 |      5 | 0.951285 | 1.233549
2838 | 851100.0 | 851400.0 | 0.003736 | 0.015131 |   4.999688 |      5 | 0.951285 | 0.600000 | 0.630000 | 0.560000 | 0.566667 |  -0.220292 |      206 |      189 |       17 |   4.999576 |      5 | 0.950462 | 1.254387
2839 | 851400.0 | 851700.0 | 0.003735 | 0.015131 |   4.999576 |      5 | 0.950462 | 0.600000 | 0.576667 | 0.593333 | 0.560000 |   1.101516 |      201 |      173 |       28 |   4.999664 |      5 | 0.954576 | 1.150217
2840 | 851700.0 | 852000.0 | 0.003734 | 0.015130 |   4.999664 |      5 | 0.954576 | 0.600000 | 0.583333 | 0.533333 | 0.580000 |  -1.542203 |      201 |      175 |       26 |   4.999726 |      5 | 0.948818 | 1.296028
2841 | 852000.0 | 852300.0 | 0.003733 | 0.015129 |   4.999726 |      5 | 0.948818 | 0.600000 | 0.563333 | 0.620000 | 0.536667 |   2.754076 |      200 |      169 |       31 |   4.999863 |      5 | 0.959098 | 1.035699
2842 | 852300.0 | 852600.0 | 0.003732 | 0.015128 |   4.999863 |      5 | 0.959098 | 0.600000 | 0.590000 | 0.546667 | 0.526667 |   0.661013 |      202 |      177 |       25 |   4.999900 |      5 | 0.961565 | 0.973232
2843 | 852600.0 | 852900.0 | 0.003731 | 0.015128 |   4.999900 |      5 | 0.961565 | 0.600000 | 0.543333 | 0.490000 | 0.556667 |  -2.203490 |      195 |      163 |       32 |   5.000111 |      6 | 0.953344 | 1.181418
2844 | 852900.0 | 853200.0 | 0.003730 | 0.015127 |   5.000111 |      6 | 0.953344 | 0.600000 | 0.706667 | 0.680000 | 0.680000 |   0.000000 |      240 |      212 |       27 |   4.999713 |      5 | 0.953344 | 1.181418
2845 | 853200.0 | 853500.0 | 0.003729 | 0.015126 |   4.999713 |      5 | 0.953344 | 0.600000 | 0.606667 | 0.546667 | 0.540000 |   0.220372 |      203 |      182 |       22 |   4.999689 |      5 | 0.954166 | 1.160607
2846 | 853500.0 | 853800.0 | 0.003729 | 0.015125 |   4.999689 |      5 | 0.954166 | 0.600000 | 0.576667 | 0.553333 | 0.576667 |  -0.771341 |      201 |      173 |       28 |   4.999776 |      5 | 0.951290 | 1.233431
2847 | 853800.0 | 854100.0 | 0.003728 | 0.015124 |   4.999776 |      5 | 0.951290 | 0.600000 | 0.553333 | 0.520000 | 0.563333 |  -1.432565 |      198 |      166 |       32 |   4.999950 |      5 | 0.945950 | 1.368651
2848 | 854100.0 | 854400.0 | 0.003727 | 0.015124 |   4.999950 |      5 | 0.945950 | 0.600000 | 0.610000 | 0.530000 | 0.546667 |  -0.551015 |      205 |      183 |       22 |   4.999912 |      5 | 0.943896 | 1.420649
2849 | 854400.0 | 854700.0 | 0.003726 | 0.015123 |   4.999912 |      5 | 0.943896 | 0.600000 | 0.580000 | 0.533333 | 0.530000 |   0.110209 |      201 |      174 |       27 |   4.999987 |      5 | 0.944307 | 1.410252
2850 | 854700.0 | 855000.0 | 0.003725 | 0.015122 |   4.999987 |      5 | 0.944307 | 0.600000 | 0.596667 | 0.590000 | 0.600000 |  -0.330643 |      203 |      179 |       24 |   4.999999 |      5 | 0.943075 | 1.441439
2851 | 855000.0 | 855300.0 | 0.003724 | 0.015121 |   4.999999 |      5 | 0.943075 | 0.600000 | 0.603333 | 0.576667 | 0.563333 |   0.440881 |      204 |      181 |       23 |   4.999987 |      5 | 0.944717 | 1.399864
2852 | 855300.0 | 855600.0 | 0.003723 | 0.015120 |   4.999987 |      5 | 0.944717 | 0.600000 | 0.573333 | 0.570000 | 0.553333 |   0.551129 |      201 |      172 |       29 |   5.000086 |      6 | 0.946769 | 1.347904
2853 | 855600.0 | 855900.0 | 0.003722 | 0.015120 |   5.000086 |      6 | 0.946769 | 0.600000 | 0.660000 | 0.673333 | 0.650000 |   0.771621 |      237 |      198 |       38 |   4.999863 |      5 | 0.949641 | 1.275174
2854 | 855900.0 | 856200.0 | 0.003721 | 0.015119 |   4.999863 |      5 | 0.949641 | 0.600000 | 0.583333 | 0.590000 | 0.586667 |   0.110237 |      201 |      175 |       27 |   4.999925 |      5 | 0.950051 | 1.264786
2855 | 856200.0 | 856500.0 | 0.003721 | 0.015118 |   4.999925 |      5 | 0.950051 | 0.600000 | 0.553333 | 0.566667 | 0.550000 |   0.551215 |      199 |      166 |       33 |   5.000098 |      6 | 0.952102 | 1.212856
2856 | 856500.0 | 856800.0 | 0.003720 | 0.015117 |   5.000098 |      6 | 0.952102 | 0.600000 | 0.700000 | 0.640000 | 0.690000 |  -1.653729 |      241 |      210 |       30 |   4.999726 |      5 | 0.945951 | 1.368619
2857 | 856800.0 | 857100.0 | 0.003719 | 0.015117 |   4.999726 |      5 | 0.945951 | 0.600000 | 0.576667 | 0.570000 | 0.546667 |   0.771780 |      200 |      173 |       28 |   4.999813 |      5 | 0.948821 | 1.295943
2858 | 857100.0 | 857400.0 | 0.003718 | 0.015116 |   4.999813 |      5 | 0.948821 | 0.600000 | 0.590000 | 0.556667 | 0.556667 |   0.000000 |      202 |      177 |       25 |   4.999850 |      5 | 0.948821 | 1.295943
2859 | 857400.0 | 857700.0 | 0.003717 | 0.015115 |   4.999850 |      5 | 0.948821 | 0.600000 | 0.590000 | 0.573333 | 0.576667 |  -0.110266 |      203 |      177 |       26 |   4.999888 |      5 | 0.948411 | 1.306321
2860 | 857700.0 | 858000.0 | 0.003716 | 0.015114 |   4.999888 |      5 | 0.948411 | 0.600000 | 0.613333 | 0.556667 | 0.613333 |  -1.874613 |      204 |      184 |       20 |   4.999838 |      5 | 0.941445 | 1.482722
2861 | 858000.0 | 858300.0 | 0.003715 | 0.015113 |   4.999838 |      5 | 0.941445 | 0.600000 | 0.566667 | 0.603333 | 0.550000 |   1.764433 |      201 |      170 |       31 |   4.999962 |      5 | 0.948000 | 1.316728
2862 | 858300.0 | 858600.0 | 0.003714 | 0.015113 |   4.999962 |      5 | 0.948000 | 0.600000 | 0.586667 | 0.563333 | 0.570000 |  -0.220565 |      202 |      176 |       26 |   5.000011 |      6 | 0.947181 | 1.337474
2863 | 858600.0 | 858900.0 | 0.003714 | 0.015112 |   5.000011 |      6 | 0.947181 | 0.600000 | 0.673333 | 0.683333 | 0.673333 |   0.330865 |      239 |      202 |       36 |   4.999739 |      5 | 0.948409 | 1.306361
2864 | 858900.0 | 859200.0 | 0.003713 | 0.015111 |   4.999739 |      5 | 0.948409 | 0.600000 | 0.576667 | 0.530000 | 0.620000 |  -2.977940 |      201 |      173 |       29 |   4.999826 |      5 | 0.937353 | 1.586320
2865 | 859200.0 | 859500.0 | 0.003712 | 0.015110 |   4.999826 |      5 | 0.937353 | 0.600000 | 0.570000 | 0.576667 | 0.560000 |   0.551499 |      200 |      171 |       29 |   4.999937 |      5 | 0.939400 | 1.534486
2866 | 859500.0 | 859800.0 | 0.003711 | 0.015110 |   4.999937 |      5 | 0.939400 | 0.600000 | 0.553333 | 0.600000 | 0.570000 |   0.992749 |      199 |      166 |       33 |   5.000110 |      6 | 0.943084 | 1.441200
2867 | 859800.0 | 860100.0 | 0.003710 | 0.015109 |   5.000110 |      6 | 0.943084 | 0.600000 | 0.693333 | 0.716667 | 0.660000 |   1.875289 |      242 |      208 |       33 |   4.999764 |      5 | 0.950042 | 1.265028
2868 | 860100.0 | 860400.0 | 0.003709 | 0.015108 |   4.999764 |      5 | 0.950042 | 0.600000 | 0.603333 | 0.536667 | 0.586667 |  -1.654752 |      203 |      181 |       23 |   4.999752 |      5 | 0.943904 | 1.420446
2869 | 860400.0 | 860700.0 | 0.003708 | 0.015107 |   4.999752 |      5 | 0.943904 | 0.600000 | 0.556667 | 0.536667 | 0.556667 |  -0.661935 |      199 |      167 |       32 |   4.999912 |      5 | 0.941449 | 1.482601
2870 | 860700.0 | 861000.0 | 0.003707 | 0.015106 |   4.999912 |      5 | 0.941449 | 0.600000 | 0.583333 | 0.590000 | 0.540000 |   1.654922 |      201 |      175 |       26 |   4.999974 |      5 | 0.947585 | 1.327241
2871 | 861000.0 | 861300.0 | 0.003707 | 0.015106 |   4.999974 |      5 | 0.947585 | 0.600000 | 0.603333 | 0.566667 | 0.570000 |  -0.110334 |      204 |      181 |       23 |   4.999962 |      5 | 0.947176 | 1.337596
2872 | 861300.0 | 861600.0 | 0.003706 | 0.015105 |   4.999962 |      5 | 0.947176 | 0.600000 | 0.603333 | 0.536667 | 0.543333 |  -0.220679 |      204 |      181 |       23 |   4.999949 |      5 | 0.946358 | 1.358303
2873 | 861600.0 | 861900.0 | 0.003705 | 0.015104 |   4.999949 |      5 | 0.946358 | 0.600000 | 0.563333 | 0.553333 | 0.570000 |  -0.551726 |      200 |      169 |       31 |   5.000085 |      6 | 0.944314 | 1.410061
2874 | 861900.0 | 862200.0 | 0.003704 | 0.015103 |   5.000085 |      6 | 0.944314 | 0.600000 | 0.720000 | 0.616667 | 0.686667 |  -2.317366 |      243 |      216 |       26 |   4.999641 |      5 | 0.935731 | 1.627406
2875 | 862200.0 | 862500.0 | 0.003703 | 0.015103 |   4.999641 |      5 | 0.935731 | 0.600000 | 0.626667 | 0.553333 | 0.533333 |   0.662139 |      206 |      188 |       19 |   4.999542 |      5 | 0.938183 | 1.565319
2876 | 862500.0 | 862800.0 | 0.003702 | 0.015102 |   4.999542 |      5 | 0.938183 | 0.600000 | 0.563333 | 0.573333 | 0.566667 |   0.220724 |      200 |      169 |       31 |   4.999678 |      5 | 0.939000 | 1.544627
2877 | 862800.0 | 863100.0 | 0.003701 | 0.015101 |   4.999678 |      5 | 0.939000 | 0.600000 | 0.593333 | 0.566667 | 0.540000 |   0.882942 |      203 |      178 |       25 |   4.999702 |      5 | 0.942268 | 1.461875
2878 | 863100.0 | 863400.0 | 0.003700 | 0.015100 |   4.999702 |      5 | 0.942268 | 0.600000 | 0.570000 | 0.566667 | 0.573333 |  -0.220747 |      200 |      171 |       29 |   4.999813 |      5 | 0.941451 | 1.482559
2879 | 863400.0 | 863700.0 | 0.003700 | 0.015099 |   4.999813 |      5 | 0.941451 | 0.600000 | 0.606667 | 0.573333 | 0.570000 |   0.110379 |      204 |      182 |       22 |   4.999789 |      5 | 0.941859 | 1.472219
2880 | 863700.0 | 864000.0 | 0.003699 | 0.015099 |   4.999789 |      5 | 0.941859 | 0.600000 | 0.596667 | 0.526667 | 0.576667 |  -1.655771 |      203 |      179 |       24 |   4.999801 |      5 | 0.935735 | 1.627294
2881 | 864000.0 | 864300.0 | 0.003698 | 0.015098 |   4.999801 |      5 | 0.935735 | 0.600000 | 0.570000 | 0.583333 | 0.570000 |   0.441561 |      201 |      171 |       30 |   4.999912 |      5 | 0.937368 | 1.585948
2882 | 864300.0 | 864600.0 | 0.003697 | 0.015097 |   4.999912 |      5 | 0.937368 | 0.600000 | 0.603333 | 0.580000 | 0.523333 |   1.876732 |      204 |      181 |       23 |   4.999900 |      5 | 0.944306 | 1.410261
2883 | 864600.0 | 864900.0 | 0.003696 | 0.015096 |   4.999900 |      5 | 0.944306 | 0.600000 | 0.596667 | 0.570000 | 0.550000 |   0.662410 |      203 |      179 |       24 |   4.999912 |      5 | 0.946755 | 1.348265
2884 | 864900.0 | 865200.0 | 0.003695 | 0.015096 |   4.999912 |      5 | 0.946755 | 0.600000 | 0.616667 | 0.566667 | 0.576667 |  -0.331222 |      205 |      185 |       20 |   4.999850 |      5 | 0.945531 | 1.379258
2885 | 865200.0 | 865500.0 | 0.003694 | 0.015095 |   4.999850 |      5 | 0.945531 | 0.600000 | 0.576667 | 0.606667 | 0.560000 |   1.545781 |      201 |      173 |       28 |   4.999937 |      5 | 0.951241 | 1.234654
2886 | 865500.0 | 865800.0 | 0.003693 | 0.015094 |   4.999937 |      5 | 0.951241 | 0.600000 | 0.576667 | 0.570000 | 0.600000 |  -0.993767 |      200 |      173 |       27 |   5.000023 |      6 | 0.947571 | 1.327596
2887 | 865800.0 | 866100.0 | 0.003693 | 0.015093 |   5.000023 |      6 | 0.947571 | 0.600000 | 0.723333 | 0.640000 | 0.690000 |  -1.656363 |      245 |      217 |       27 |   4.999567 |      5 | 0.941455 | 1.482472
2888 | 866100.0 | 866400.0 | 0.003692 | 0.015093 |   4.999567 |      5 | 0.941455 | 0.600000 | 0.610000 | 0.566667 | 0.566667 |   0.000000 |      204 |      183 |       22 |   4.999530 |      5 | 0.941455 | 1.482472
2889 | 866400.0 | 866700.0 | 0.003691 | 0.015092 |   4.999530 |      5 | 0.941455 | 0.600000 | 0.570000 | 0.606667 | 0.543333 |   2.098274 |      199 |      171 |       28 |   4.999641 |      5 | 0.949199 | 1.286368
2890 | 866700.0 | 867000.0 | 0.003690 | 0.015091 |   4.999641 |      5 | 0.949199 | 0.600000 | 0.593333 | 0.586667 | 0.606667 |  -0.662647 |      203 |      178 |       25 |   4.999666 |      5 | 0.946754 | 1.348284
2891 | 867000.0 | 867300.0 | 0.003689 | 0.015090 |   4.999666 |      5 | 0.946754 | 0.600000 | 0.586667 | 0.546667 | 0.560000 |  -0.441787 |      202 |      176 |       26 |   4.999715 |      5 | 0.945124 | 1.389554
2892 | 867300.0 | 867600.0 | 0.003688 | 0.015089 |   4.999715 |      5 | 0.945124 | 0.600000 | 0.583333 | 0.586667 | 0.613333 |  -0.883619 |      203 |      175 |       28 |   4.999776 |      5 | 0.941865 | 1.472079
2893 | 867600.0 | 867900.0 | 0.003687 | 0.015089 |   4.999776 |      5 | 0.941865 | 0.600000 | 0.573333 | 0.530000 | 0.560000 |  -0.994122 |      200 |      172 |       28 |   4.999875 |      5 | 0.938199 | 1.564903
2894 | 867900.0 | 868200.0 | 0.003687 | 0.015088 |   4.999875 |      5 | 0.938199 | 0.600000 | 0.596667 | 0.596667 | 0.566667 |   0.994173 |      203 |      179 |       24 |   4.999887 |      5 | 0.941864 | 1.472096
2895 | 868200.0 | 868500.0 | 0.003686 | 0.015087 |   4.999887 |      5 | 0.941864 | 0.600000 | 0.603333 | 0.573333 | 0.600000 |  -0.883754 |      204 |      181 |       23 |   4.999875 |      5 | 0.938607 | 1.554576
2896 | 868500.0 | 868800.0 | 0.003685 | 0.015086 |   4.999875 |      5 | 0.938607 | 0.600000 | 0.563333 | 0.596667 | 0.543333 |   1.767599 |      200 |      169 |       31 |   5.000010 |      6 | 0.945120 | 1.389647
2897 | 868800.0 | 869100.0 | 0.003684 | 0.015086 |   5.000010 |      6 | 0.945120 | 0.600000 | 0.743333 | 0.683333 | 0.680000 |   0.110481 |      246 |      223 |       22 |   4.999482 |      5 | 0.945527 | 1.379340
2898 | 869100.0 | 869400.0 | 0.003683 | 0.015085 |   4.999482 |      5 | 0.945527 | 0.600000 | 0.590000 | 0.583333 | 0.546667 |   1.215348 |      202 |      177 |       26 |   4.999519 |      5 | 0.950004 | 1.265993
2899 | 869400.0 | 869700.0 | 0.003682 | 0.015084 |   4.999519 |      5 | 0.950004 | 0.600000 | 0.573333 | 0.590000 | 0.566667 |   0.773442 |      201 |      172 |       29 |   4.999617 |      5 | 0.952852 | 1.193876
2900 | 869700.0 | 870000.0 | 0.003681 | 0.015083 |   4.999617 |      5 | 0.952852 | 0.600000 | 0.576667 | 0.563333 | 0.593333 |  -0.994477 |      201 |      173 |       28 |   4.999703 |      5 | 0.949191 | 1.286581
2901 | 870000.0 | 870300.0 | 0.003681 | 0.015083 |   4.999703 |      5 | 0.949191 | 0.600000 | 0.576667 | 0.533333 | 0.523333 |   0.331509 |      200 |      173 |       27 |   4.999789 |      5 | 0.950411 | 1.255685
2902 | 870300.0 | 870600.0 | 0.003680 | 0.015082 |   4.999789 |      5 | 0.950411 | 0.600000 | 0.553333 | 0.566667 | 0.573333 |  -0.221017 |      199 |      166 |       33 |   4.999960 |      5 | 0.949597 | 1.276278
2903 | 870600.0 | 870900.0 | 0.003679 | 0.015081 |   4.999960 |      5 | 0.949597 | 0.600000 | 0.613333 | 0.573333 | 0.540000 |   1.105142 |      205 |      184 |       21 |   4.999911 |      5 | 0.953663 | 1.173329
2904 | 870900.0 | 871200.0 | 0.003678 | 0.015080 |   4.999911 |      5 | 0.953663 | 0.600000 | 0.590000 | 0.530000 | 0.586667 |  -1.878838 |      202 |      177 |       25 |   4.999948 |      5 | 0.946753 | 1.348311
2905 | 871200.0 | 871500.0 | 0.003677 | 0.015079 |   4.999948 |      5 | 0.946753 | 0.600000 | 0.600000 | 0.536667 | 0.553333 |  -0.552627 |      203 |      180 |       23 |   4.999948 |      5 | 0.944721 | 1.399767
2906 | 871500.0 | 871800.0 | 0.003676 | 0.015079 |   4.999948 |      5 | 0.944721 | 0.600000 | 0.573333 | 0.550000 | 0.560000 |  -0.331593 |      201 |      172 |       29 |   5.000046 |      6 | 0.943502 | 1.430635
2907 | 871800.0 | 872100.0 | 0.003675 | 0.015078 |   5.000046 |      6 | 0.943502 | 0.600000 | 0.740000 | 0.676667 | 0.653333 |   0.773757 |      245 |      222 |       22 |   4.999532 |      5 | 0.946346 | 1.358623
2908 | 872100.0 | 872400.0 | 0.003675 | 0.015077 |   4.999532 |      5 | 0.946346 | 0.600000 | 0.550000 | 0.586667 | 0.543333 |   1.437050 |      199 |      165 |       35 |   4.999715 |      5 | 0.951626 | 1.224911
2909 | 872400.0 | 872700.0 | 0.003674 | 0.015076 |   4.999715 |      5 | 0.951626 | 0.600000 | 0.546667 | 0.613333 | 0.513333 |   3.316437 |      197 |      164 |       33 |   4.999911 |      5 | 0.963810 | 0.916401
2910 | 872700.0 | 873000.0 | 0.003673 | 0.015076 |   4.999911 |      5 | 0.963810 | 0.600000 | 0.590000 | 0.456667 | 0.560000 |  -3.427159 |      199 |      177 |       22 |   4.999948 |      5 | 0.951222 | 1.235136
2911 | 873000.0 | 873300.0 | 0.003672 | 0.015075 |   4.999948 |      5 | 0.951222 | 0.600000 | 0.633333 | 0.566667 | 0.516667 |   1.658387 |      207 |      190 |       17 |   4.999826 |      5 | 0.957312 | 1.080937
2912 | 873300.0 | 873600.0 | 0.003671 | 0.015074 |   4.999826 |      5 | 0.957312 | 0.600000 | 0.583333 | 0.526667 | 0.570000 |  -1.437341 |      201 |      175 |       26 |   4.999887 |      5 | 0.952035 | 1.214552
2913 | 873600.0 | 873900.0 | 0.003670 | 0.015073 |   4.999887 |      5 | 0.952035 | 0.600000 | 0.610000 | 0.533333 | 0.580000 |  -1.547984 |      204 |      183 |       21 |   4.999850 |      5 | 0.946354 | 1.358419
2914 | 873900.0 | 874200.0 | 0.003669 | 0.015073 |   4.999850 |      5 | 0.946354 | 0.600000 | 0.590000 | 0.550000 | 0.560000 |  -0.331728 |      202 |      177 |       25 |   4.999887 |      5 | 0.945136 | 1.389242
2915 | 874200.0 | 874500.0 | 0.003669 | 0.015072 |   4.999887 |      5 | 0.945136 | 0.600000 | 0.570000 | 0.560000 | 0.600000 |  -1.326978 |      200 |      171 |       29 |   4.999997 |      5 | 0.940268 | 1.512511
2916 | 874500.0 | 874800.0 | 0.003668 | 0.015071 |   4.999997 |      5 | 0.940268 | 0.600000 | 0.583333 | 0.550000 | 0.550000 |   0.000000 |      202 |      175 |       27 |   5.000058 |      6 | 0.940268 | 1.512511
2917 | 874800.0 | 875100.0 | 0.003667 | 0.015070 |   5.000058 |      6 | 0.940268 | 0.600000 | 0.643333 | 0.653333 | 0.656667 |  -0.110593 |      236 |      193 |       42 |   4.999899 |      5 | 0.939863 | 1.522780
2918 | 875100.0 | 875400.0 | 0.003666 | 0.015070 |   4.999899 |      5 | 0.939863 | 0.600000 | 0.570000 | 0.576667 | 0.526667 |   1.658974 |      200 |      171 |       30 |   5.000009 |      6 | 0.945945 | 1.368777
2919 | 875400.0 | 875700.0 | 0.003665 | 0.015069 |   5.000009 |      6 | 0.945945 | 0.600000 | 0.693333 | 0.670000 | 0.716667 |  -1.548454 |      242 |      208 |       33 |   4.999667 |      5 | 0.940269 | 1.512487
2920 | 875700.0 | 876000.0 | 0.003664 | 0.015068 |   4.999667 |      5 | 0.940269 | 0.600000 | 0.573333 | 0.590000 | 0.613333 |  -0.774266 |      200 |      172 |       29 |   4.999765 |      5 | 0.937432 | 1.584329
2921 | 876000.0 | 876300.0 | 0.003663 | 0.015067 |   4.999765 |      5 | 0.937432 | 0.600000 | 0.553333 | 0.586667 | 0.563333 |   0.774305 |      200 |      166 |       34 |   4.999936 |      5 | 0.940269 | 1.512500
2922 | 876300.0 | 876600.0 | 0.003663 | 0.015067 |   4.999936 |      5 | 0.940269 | 0.600000 | 0.593333 | 0.540000 | 0.556667 |  -0.553103 |      202 |      178 |       24 |   4.999960 |      5 | 0.938243 | 1.563797
2923 | 876600.0 | 876900.0 | 0.003662 | 0.015066 |   4.999960 |      5 | 0.938243 | 0.600000 | 0.553333 | 0.530000 | 0.556667 |  -0.885010 |      200 |      166 |       34 |   5.000131 |      6 | 0.935002 | 1.645858
2924 | 876900.0 | 877200.0 | 0.003661 | 0.015065 |   5.000131 |      6 | 0.935002 | 0.600000 | 0.683333 | 0.683333 | 0.640000 |   1.438213 |      241 |      205 |       35 |   4.999826 |      5 | 0.940267 | 1.512534
2925 | 877200.0 | 877500.0 | 0.003660 | 0.015064 |   4.999826 |      5 | 0.940267 | 0.600000 | 0.560000 | 0.540000 | 0.556667 |  -0.553187 |      199 |      168 |       32 |   4.999972 |      5 | 0.938243 | 1.563803
2926 | 877500.0 | 877800.0 | 0.003659 | 0.015063 |   4.999972 |      5 | 0.938243 | 0.600000 | 0.570000 | 0.536667 | 0.553333 |  -0.553215 |      201 |      171 |       30 |   5.000082 |      6 | 0.936218 | 1.615063
2927 | 877800.0 | 878100.0 | 0.003658 | 0.015063 |   5.000082 |      6 | 0.936218 | 0.600000 | 0.693333 | 0.646667 | 0.660000 |  -0.442594 |      242 |      208 |       33 |   4.999741 |      5 | 0.934599 | 1.656064
2928 | 878100.0 | 878400.0 | 0.003658 | 0.015062 |   4.999741 |      5 | 0.934599 | 0.600000 | 0.606667 | 0.590000 | 0.563333 |   0.885233 |      204 |      182 |       23 |   4.999716 |      5 | 0.937837 | 1.574077
2929 | 878400.0 | 878700.0 | 0.003657 | 0.015061 |   4.999716 |      5 | 0.937837 | 0.600000 | 0.533333 | 0.536667 | 0.560000 |  -0.774618 |      197 |      160 |       37 |   4.999960 |      5 | 0.935004 | 1.645802
2930 | 878700.0 | 879000.0 | 0.003656 | 0.015060 |   4.999960 |      5 | 0.935004 | 0.600000 | 0.563333 | 0.593333 | 0.586667 |   0.221330 |      200 |      169 |       31 |   5.000094 |      6 | 0.935813 | 1.625313
2931 | 879000.0 | 879300.0 | 0.003655 | 0.015060 |   5.000094 |      6 | 0.935813 | 0.600000 | 0.670000 | 0.670000 | 0.656667 |   0.442683 |      240 |      201 |       38 |   4.999838 |      5 | 0.937431 | 1.584342
2932 | 879300.0 | 879600.0 | 0.003654 | 0.015059 |   4.999838 |      5 | 0.937431 | 0.600000 | 0.563333 | 0.566667 | 0.573333 |  -0.221353 |      200 |      169 |       32 |   4.999972 |      5 | 0.936623 | 1.604824
2933 | 879600.0 | 879900.0 | 0.003653 | 0.015058 |   4.999972 |      5 | 0.936623 | 0.600000 | 0.610000 | 0.566667 | 0.580000 |  -0.442728 |      205 |      183 |       22 |   4.999936 |      5 | 0.935005 | 1.645780
2934 | 879900.0 | 880200.0 | 0.003652 | 0.015057 |   4.999936 |      5 | 0.935005 | 0.600000 | 0.533333 | 0.606667 | 0.533333 |   2.435125 |      197 |      160 |       37 |   5.000179 |      6 | 0.943899 | 1.420562
2935 | 880200.0 | 880500.0 | 0.003652 | 0.015057 |   5.000179 |      6 | 0.943899 | 0.600000 | 0.693333 | 0.666667 | 0.680000 |  -0.442772 |      241 |      208 |       32 |   4.999838 |      5 | 0.942283 | 1.461503
2936 | 880500.0 | 880800.0 | 0.003651 | 0.015056 |   4.999838 |      5 | 0.942283 | 0.600000 | 0.573333 | 0.573333 | 0.550000 |   0.774890 |      200 |      172 |       29 |   4.999936 |      5 | 0.945112 | 1.389869
2937 | 880800.0 | 881100.0 | 0.003650 | 0.015055 |   4.999936 |      5 | 0.945112 | 0.600000 | 0.543333 | 0.563333 | 0.536667 |   0.885633 |      198 |      163 |       36 |   5.000143 |      6 | 0.948344 | 1.308016
2938 | 881100.0 | 881400.0 | 0.003649 | 0.015054 |   5.000143 |      6 | 0.948344 | 0.600000 | 0.623333 | 0.690000 | 0.666667 |   0.774968 |      234 |      187 |       45 |   5.000057 |      6 | 0.951172 | 1.236407
2939 | 881400.0 | 881700.0 | 0.003648 | 0.015054 |   5.000057 |      6 | 0.951172 | 0.600000 | 0.683333 | 0.673333 | 0.683333 |  -0.332146 |      239 |      205 |       34 |   4.999753 |      5 | 0.949960 | 1.267091
2940 | 881700.0 | 882000.0 | 0.003647 | 0.015053 |   4.999753 |      5 | 0.949960 | 0.600000 | 0.596667 | 0.590000 | 0.526667 |   2.103696 |      202 |      179 |       24 |   4.999765 |      5 | 0.957633 | 1.072794
2941 | 882000.0 | 882300.0 | 0.003647 | 0.015052 |   4.999765 |      5 | 0.957633 | 0.600000 | 0.563333 | 0.546667 | 0.586667 |  -1.328717 |      199 |      169 |       30 |   4.999899 |      5 | 0.952788 | 1.195486
2942 | 882300.0 | 882600.0 | 0.003646 | 0.015051 |   4.999899 |      5 | 0.952788 | 0.600000 | 0.600000 | 0.583333 | 0.553333 |   0.996588 |      203 |      180 |       23 |   4.999899 |      5 | 0.956421 | 1.103484
2943 | 882600.0 | 882900.0 | 0.003645 | 0.015051 |   4.999899 |      5 | 0.956421 | 0.600000 | 0.533333 | 0.563333 | 0.573333 |  -0.332213 |      196 |      160 |       36 |   5.000142 |      6 | 0.955211 | 1.134146
2944 | 882900.0 | 883200.0 | 0.003644 | 0.015050 |   5.000142 |      6 | 0.955211 | 0.600000 | 0.690000 | 0.626667 | 0.696667 |  -2.325604 |      238 |      207 |       30 |   4.999814 |      5 | 0.946736 | 1.348740
2945 | 883200.0 | 883500.0 | 0.003643 | 0.015049 |   4.999814 |      5 | 0.946736 | 0.600000 | 0.573333 | 0.606667 | 0.576667 |   0.996737 |      200 |      172 |       29 |   4.999911 |      5 | 0.950367 | 1.256787
2946 | 883500.0 | 883800.0 | 0.003642 | 0.015048 |   4.999911 |      5 | 0.950367 | 0.600000 | 0.540000 | 0.603333 | 0.546667 |   1.882821 |      199 |      162 |       37 |   5.000130 |      6 | 0.957225 | 1.083131
2947 | 883800.0 | 884100.0 | 0.003642 | 0.015048 |   5.000130 |      6 | 0.957225 | 0.600000 | 0.696667 | 0.596667 | 0.716667 |  -3.987349 |      239 |      209 |       29 |   4.999778 |      5 | 0.942705 | 1.450808
2948 | 884100.0 | 884400.0 | 0.003641 | 0.015047 |   4.999778 |      5 | 0.942705 | 0.600000 | 0.556667 | 0.590000 | 0.546667 |   1.439948 |      198 |      167 |       32 |   4.999936 |      5 | 0.947947 | 1.318060
2949 | 884400.0 | 884700.0 | 0.003640 | 0.015046 |   4.999936 |      5 | 0.947947 | 0.600000 | 0.616667 | 0.586667 | 0.573333 |   0.443083 |      206 |      185 |       21 |   4.999875 |      5 | 0.949560 | 1.277221
2950 | 884700.0 | 885000.0 | 0.003639 | 0.015045 |   4.999875 |      5 | 0.949560 | 0.600000 | 0.610000 | 0.593333 | 0.530000 |   2.104750 |      204 |      183 |       21 |   4.999839 |      5 | 0.957220 | 1.083274
2951 | 885000.0 | 885300.0 | 0.003638 | 0.015045 |   4.999839 |      5 | 0.957220 | 0.600000 | 0.583333 | 0.543333 | 0.540000 |   0.110782 |      201 |      175 |       26 |   4.999899 |      5 | 0.957623 | 1.073068
2952 | 885300.0 | 885600.0 | 0.003637 | 0.015044 |   4.999899 |      5 | 0.957623 | 0.600000 | 0.593333 | 0.583333 | 0.553333 |   0.997087 |      202 |      178 |       24 |   4.999924 |      5 | 0.961249 | 0.981231
2953 | 885600.0 | 885900.0 | 0.003637 | 0.015043 |   4.999924 |      5 | 0.961249 | 0.600000 | 0.600000 | 0.496667 | 0.600000 |  -3.434581 |      201 |      180 |       21 |   4.999924 |      5 | 0.948759 | 1.297501
2954 | 885900.0 | 886200.0 | 0.003636 | 0.015042 |   4.999924 |      5 | 0.948759 | 0.600000 | 0.570000 | 0.563333 | 0.596667 |  -1.107985 |      200 |      171 |       29 |   5.000033 |      6 | 0.944731 | 1.399506
2955 | 886200.0 | 886500.0 | 0.003635 | 0.015042 |   5.000033 |      6 | 0.944731 | 0.600000 | 0.683333 | 0.670000 | 0.696667 |  -0.886432 |      240 |      205 |       34 |   4.999730 |      5 | 0.941509 | 1.481094
2956 | 886500.0 | 886800.0 | 0.003634 | 0.015041 |   4.999730 |      5 | 0.941509 | 0.600000 | 0.616667 | 0.566667 | 0.566667 |   0.000000 |      204 |      185 |       20 |   4.999669 |      5 | 0.941509 | 1.481094
2957 | 886800.0 | 887100.0 | 0.003633 | 0.015040 |   4.999669 |      5 | 0.941509 | 0.600000 | 0.583333 | 0.580000 | 0.553333 |   0.886520 |      202 |      175 |       27 |   4.999730 |      5 | 0.944730 | 1.399535
2958 | 887100.0 | 887400.0 | 0.003632 | 0.015039 |   4.999730 |      5 | 0.944730 | 0.600000 | 0.553333 | 0.560000 | 0.556667 |   0.110821 |      199 |      166 |       33 |   4.999899 |      5 | 0.945132 | 1.389342
2959 | 887400.0 | 887700.0 | 0.003632 | 0.015039 |   4.999899 |      5 | 0.945132 | 0.600000 | 0.570000 | 0.530000 | 0.540000 |  -0.332478 |      200 |      171 |       29 |   5.000008 |      6 | 0.943925 | 1.419916
2960 | 887700.0 | 888000.0 | 0.003631 | 0.015038 |   5.000008 |      6 | 0.943925 | 0.600000 | 0.653333 | 0.666667 | 0.666667 |   0.000000 |      238 |      196 |       41 |   4.999814 |      5 | 0.943925 | 1.419916
2961 | 888000.0 | 888300.0 | 0.003630 | 0.015037 |   4.999814 |      5 | 0.943925 | 0.600000 | 0.523333 | 0.530000 | 0.560000 |  -0.997534 |      195 |      157 |       39 |   5.000093 |      6 | 0.940304 | 1.511604
2962 | 888300.0 | 888600.0 | 0.003629 | 0.015036 |   5.000093 |      6 | 0.940304 | 0.600000 | 0.716667 | 0.690000 | 0.636667 |   1.773483 |      245 |      215 |       29 |   4.999669 |      5 | 0.946740 | 1.348631
2963 | 888600.0 | 888900.0 | 0.003628 | 0.015036 |   4.999669 |      5 | 0.946740 | 0.600000 | 0.596667 | 0.586667 | 0.566667 |   0.665089 |      202 |      179 |       25 |   4.999681 |      5 | 0.949153 | 1.287527
2964 | 888900.0 | 889200.0 | 0.003627 | 0.015035 |   4.999681 |      5 | 0.949153 | 0.600000 | 0.563333 | 0.566667 | 0.570000 |  -0.110854 |      200 |      169 |       30 |   4.999814 |      5 | 0.948751 | 1.297709
2965 | 889200.0 | 889500.0 | 0.003627 | 0.015034 |   4.999814 |      5 | 0.948751 | 0.600000 | 0.566667 | 0.540000 | 0.593333 |  -1.773748 |      200 |      170 |       30 |   4.999935 |      5 | 0.942318 | 1.460595
2966 | 889500.0 | 889800.0 | 0.003626 | 0.015033 |   4.999935 |      5 | 0.942318 | 0.600000 | 0.563333 | 0.556667 | 0.526667 |   0.997783 |      200 |      169 |       31 |   5.000068 |      6 | 0.945936 | 1.368988
2967 | 889800.0 | 890100.0 | 0.003625 | 0.015033 |   5.000068 |      6 | 0.945936 | 0.600000 | 0.660000 | 0.710000 | 0.630000 |   2.660886 |      239 |      198 |       40 |   4.999851 |      5 | 0.955582 | 1.124747
2968 | 890100.0 | 890400.0 | 0.003624 | 0.015032 |   4.999851 |      5 | 0.955582 | 0.600000 | 0.603333 | 0.563333 | 0.596667 |  -1.108758 |      202 |      181 |       22 |   4.999839 |      5 | 0.951563 | 1.226496
2969 | 890400.0 | 890700.0 | 0.003623 | 0.015031 |   4.999839 |      5 | 0.951563 | 0.600000 | 0.636667 | 0.566667 | 0.590000 |  -0.776169 |      207 |      191 |       16 |   4.999706 |      5 | 0.948751 | 1.297707
2970 | 890700.0 | 891000.0 | 0.003622 | 0.015030 |   4.999706 |      5 | 0.948751 | 0.600000 | 0.590000 | 0.583333 | 0.553333 |   0.997981 |      203 |      177 |       26 |   4.999742 |      5 | 0.952366 | 1.206166
2971 | 891000.0 | 891300.0 | 0.003622 | 0.015030 |   4.999742 |      5 | 0.952366 | 0.600000 | 0.566667 | 0.566667 | 0.563333 |   0.110892 |      199 |      170 |       29 |   4.999863 |      5 | 0.952768 | 1.195996
2972 | 891300.0 | 891600.0 | 0.003621 | 0.015029 |   4.999863 |      5 | 0.952768 | 0.600000 | 0.606667 | 0.550000 | 0.550000 |   0.000000 |      204 |      182 |       22 |   4.999839 |      5 | 0.952768 | 1.195996
2973 | 891600.0 | 891900.0 | 0.003620 | 0.015028 |   4.999839 |      5 | 0.952768 | 0.600000 | 0.586667 | 0.560000 | 0.570000 |  -0.332710 |      202 |      176 |       27 |   4.999887 |      5 | 0.951564 | 1.226494
2974 | 891900.0 | 892200.0 | 0.003619 | 0.015027 |   4.999887 |      5 | 0.951564 | 0.600000 | 0.570000 | 0.570000 | 0.563333 |   0.221818 |      200 |      171 |       28 |   4.999996 |      5 | 0.952366 | 1.206166
2975 | 892200.0 | 892500.0 | 0.003618 | 0.015027 |   4.999996 |      5 | 0.952366 | 0.600000 | 0.546667 | 0.563333 | 0.543333 |   0.665486 |      198 |      164 |       34 |   5.000188 |      6 | 0.954774 | 1.145192
2976 | 892500.0 | 892800.0 | 0.003618 | 0.015026 |   5.000188 |      6 | 0.954774 | 0.600000 | 0.656667 | 0.626667 | 0.673333 |  -1.552877 |      234 |      197 |       36 |   4.999984 |      5 | 0.949157 | 1.287438
2977 | 892800.0 | 893100.0 | 0.003617 | 0.015025 |   4.999984 |      5 | 0.949157 | 0.600000 | 0.616667 | 0.620000 | 0.530000 |   2.994983 |      204 |      185 |       20 |   4.999923 |      5 | 0.959989 | 1.013156
2978 | 893100.0 | 893400.0 | 0.003616 | 0.015024 |   4.999923 |      5 | 0.959989 | 0.600000 | 0.593333 | 0.510000 | 0.573333 |  -2.107685 |      202 |      178 |       24 |   4.999947 |      5 | 0.952368 | 1.206135
2979 | 893400.0 | 893700.0 | 0.003615 | 0.015024 |   4.999947 |      5 | 0.952368 | 0.600000 | 0.620000 | 0.586667 | 0.533333 |   1.774981 |      204 |      186 |       18 |   4.999875 |      5 | 0.958784 | 1.043655
2980 | 893700.0 | 894000.0 | 0.003614 | 0.015023 |   4.999875 |      5 | 0.958784 | 0.600000 | 0.543333 | 0.510000 | 0.590000 |  -2.662603 |      197 |      163 |       34 |   5.000080 |      6 | 0.949161 | 1.287332
2981 | 894000.0 | 894300.0 | 0.003613 | 0.015022 |   5.000080 |      6 | 0.949161 | 0.600000 | 0.713333 | 0.670000 | 0.676667 |  -0.221895 |      244 |      214 |       29 |   4.999670 |      5 | 0.948359 | 1.307635
2982 | 894300.0 | 894600.0 | 0.003613 | 0.015021 |   4.999670 |      5 | 0.948359 | 0.600000 | 0.636667 | 0.563333 | 0.593333 |  -0.998575 |      206 |      191 |       16 |   4.999538 |      5 | 0.944752 | 1.398981
2983 | 894600.0 | 894900.0 | 0.003612 | 0.015021 |   4.999538 |      5 | 0.944752 | 0.600000 | 0.570000 | 0.553333 | 0.610000 |  -1.886290 |      200 |      171 |       29 |   4.999646 |      5 | 0.937939 | 1.571493
2984 | 894900.0 | 895200.0 | 0.003611 | 0.015020 |   4.999646 |      5 | 0.937939 | 0.600000 | 0.566667 | 0.580000 | 0.576667 |   0.110964 |      201 |      170 |       31 |   4.999767 |      5 | 0.938340 | 1.561347
2985 | 895200.0 | 895500.0 | 0.003610 | 0.015019 |   4.999767 |      5 | 0.938340 | 0.600000 | 0.566667 | 0.603333 | 0.516667 |   2.885200 |      199 |      170 |       29 |   4.999887 |      5 | 0.948756 | 1.297598
2986 | 895500.0 | 895800.0 | 0.003609 | 0.015018 |   4.999887 |      5 | 0.948756 | 0.600000 | 0.573333 | 0.583333 | 0.596667 |  -0.443899 |      202 |      172 |       30 |   4.999983 |      5 | 0.947153 | 1.338168
2987 | 895800.0 | 896100.0 | 0.003608 | 0.015018 |   4.999983 |      5 | 0.947153 | 0.600000 | 0.593333 | 0.566667 | 0.593333 |  -0.887842 |      201 |      178 |       23 |   5.000007 |      6 | 0.943950 | 1.419293
2988 | 896100.0 | 896400.0 | 0.003608 | 0.015017 |   5.000007 |      6 | 0.943950 | 0.600000 | 0.700000 | 0.656667 | 0.710000 |  -1.775771 |      242 |      210 |       33 |   4.999646 |      5 | 0.937543 | 1.581513
2989 | 896400.0 | 896700.0 | 0.003607 | 0.015016 |   4.999646 |      5 | 0.937543 | 0.600000 | 0.606667 | 0.550000 | 0.533333 |   0.554956 |      204 |      182 |       21 |   4.999622 |      5 | 0.939545 | 1.530828
2990 | 896700.0 | 897000.0 | 0.003606 | 0.015015 |   4.999622 |      5 | 0.939545 | 0.600000 | 0.590000 | 0.580000 | 0.550000 |   0.998970 |      202 |      177 |       25 |   4.999658 |      5 | 0.943147 | 1.439612
2991 | 897000.0 | 897300.0 | 0.003605 | 0.015015 |   4.999658 |      5 | 0.943147 | 0.600000 | 0.560000 | 0.576667 | 0.583333 |  -0.222004 |      200 |      168 |       32 |   4.999803 |      5 | 0.942347 | 1.459878
2992 | 897300.0 | 897600.0 | 0.003604 | 0.015014 |   4.999803 |      5 | 0.942347 | 0.600000 | 0.596667 | 0.556667 | 0.553333 |   0.111008 |      203 |      179 |       24 |   4.999815 |      5 | 0.942747 | 1.449747
2993 | 897600.0 | 897900.0 | 0.003604 | 0.015013 |   4.999815 |      5 | 0.942747 | 0.600000 | 0.610000 | 0.593333 | 0.573333 |   0.666078 |      204 |      183 |       22 |   4.999779 |      5 | 0.945147 | 1.388968
2994 | 897900.0 | 898200.0 | 0.003603 | 0.015013 |   4.999779 |      5 | 0.945147 | 0.600000 | 0.573333 | 0.566667 | 0.520000 |   1.554259 |      201 |      172 |       28 |   4.999875 |      5 | 0.950747 | 1.247176
2995 | 898200.0 | 898500.0 | 0.003602 | 0.015012 |   4.999875 |      5 | 0.950747 | 0.600000 | 0.590000 | 0.643333 | 0.573333 |   2.331504 |      203 |      177 |       26 |   4.999911 |      5 | 0.959145 | 1.034525
2996 | 898500.0 | 898800.0 | 0.003601 | 0.015011 |   4.999911 |      5 | 0.959145 | 0.600000 | 0.610000 | 0.536667 | 0.550000 |  -0.444118 |      202 |      183 |       20 |   4.999875 |      5 | 0.957545 | 1.075023
2997 | 898800.0 | 899100.0 | 0.003600 | 0.015010 |   4.999875 |      5 | 0.957545 | 0.600000 | 0.610000 | 0.600000 | 0.566667 |   1.110349 |      203 |      183 |       19 |   4.999839 |      5 | 0.961543 | 0.973796
2998 | 899100.0 | 899400.0 | 0.003600 | 0.015010 |   4.999839 |      5 | 0.961543 | 0.600000 | 0.606667 | 0.503333 | 0.600000 |  -3.220171 |      202 |      182 |       20 |   4.999815 |      5 | 0.949952 | 1.267301
2999 | 899400.0 | 899700.0 | 0.003599 | 0.015009 |   4.999815 |      5 | 0.949952 | 0.600000 | 0.536667 | 0.596667 | 0.563333 |   1.110459 |      197 |      161 |       36 |   5.000043 |      6 | 0.953948 | 1.166110
3000 | 899700.0 | 900000.0 | 0.003598 | 0.015008 |   5.000043 |      6 | 0.953948 | 0.600000 | 0.686667 | 0.626667 | 0.673333 |  -1.554718 |      239 |      206 |       32 |   4.999731 |      5 | 0.948355 | 1.307752
