QTSP continuous window-size and Werner-parameter update.
Main run: one continuous QTSP simulation, updated at each source T_W boundary.
Update rule: W_next = W + gamma * (target_tp - observed_tp).
Update rule: w_next = w + gamma * ((tp_plus - tp_minus) / (w_plus - w_minus)).
Werner plus/minus probes are independent one-window QTSP runs; the main run is not restarted.
Werner parameter is clamped to [1.0e-6, 0.999999].

Initial update parameters:
  target_tp = 1.0
  iterations = 2000
  sim_time = 600000.0
  window_stats_interval = 300.0
  initial_window_size = 10
  initial_werner_w = 0.5967281071614003
  max_window_size = 100
  min_window_size = 1.0
  werner_bounds = [1.0e-6, 0.999999]
  rng_seed = 42
  parallel_within_iteration = true
  julia_threads = 1
  probe_repeats = 1
  gamma(1) = 0.03953438965034929
  delta(1) = 0.027722633142456987

Default simulation parameters before run overrides:
  flow_uuid = 4001
  werner_w = 0.75
  chi = 30.0
  send_rate = nothing
  distance_km = 25.0
  a_eta = 1.0
  beta_per_km = 0.046
  detector_a_p = 0.9
  detection_prob = nothing
  initial_window_size = 10
  max_window_size = 100
  memory_slots = nothing
  classical_delay = 0.0
  edge_classical_delays = nothing
  quantum_delay = 1.0
  initial_delay = 0.0
  source_ack_timeout = 10.0
  window_stats_interval = 1000.0

Run simulation parameters:
  source_node = 22
  destination_node = 9
  flow_uuid = 4001
  chi = 30.0
  send_rate = nothing
  distance_km = 25.0
  a_eta = 1.0
  beta_per_km = 0.046
  detector_a_p = 0.9
  detection_prob = nothing
  memory_slots = nothing
  classical_delay_fallback = 0.0
  edge_classical_delays = provided (68 edges; min=1.449228e-05, max=0.000561314176, mean=0.000157884802)
  quantum_delay = 1.0
  initial_delay = 0.0
  source_ack_timeout = 10.0

iter |    start |      end |    gamma |    delta |      W_est |  W_run |        w |   target |       tp |  tp_plus | tp_minus |     w_grad |     sent |    acked |  timeout |     W_next | Wrun_n |   w_next |   rate_n
-----------------------------------------------------------------------------------------------------------------------------------------------------------------------------------------------------------------------
   1 | 0.000000 | 300.0000 | 0.039534 | 0.027723 |  10.000000 |     10 | 0.596728 | 1.000000 | 0.790000 | 0.820000 | 0.666667 |   2.765490 |      377 |      237 |      130 |  10.008302 |     11 | 0.706060 | 7.443064
   2 | 300.0000 | 600.0000 | 0.039263 | 0.027642 |  10.008302 |     11 | 0.706060 | 1.000000 | 0.923333 | 1.003333 | 0.933333 |   1.266189 |      414 |      277 |      136 |  10.011312 |     11 | 0.755774 | 6.184221
   3 | 600.0000 | 900.0000 | 0.038995 | 0.027563 |  10.011312 |     11 | 0.755774 | 1.000000 | 0.976667 | 1.073333 | 1.020000 |   0.967476 |      416 |      293 |      123 |  10.012222 |     11 | 0.793501 | 5.228905
   4 | 900.0000 | 1200.000 | 0.038733 | 0.027486 |  10.012222 |     11 | 0.793501 | 1.000000 | 1.023333 | 1.130000 | 1.050000 |   1.455288 |      421 |      307 |      114 |  10.011318 |     11 | 0.849868 | 3.801593
   5 | 1200.000 | 1500.000 | 0.038474 | 0.027410 |  10.011318 |     11 | 0.849868 | 1.000000 | 1.103333 | 1.196667 | 1.083333 |   2.067341 |      432 |      331 |      101 |  10.007343 |     11 | 0.929407 | 1.787531
   6 | 1500.000 | 1800.000 | 0.038220 | 0.027336 |  10.007343 |     11 | 0.929407 | 1.000000 | 1.200000 | 0.940000 | 1.153333 |  -3.901997 |      428 |      360 |       68 |   9.999699 |     10 | 0.780275 | 5.563827
   7 | 1800.000 | 2100.000 | 0.037969 | 0.027264 |   9.999699 |     10 | 0.780275 | 1.000000 | 0.900000 | 1.000000 | 0.990000 |   0.183392 |      381 |      270 |      112 |  10.003496 |     11 | 0.787238 | 5.387505
   8 | 2100.000 | 2400.000 | 0.037723 | 0.027193 |  10.003496 |     11 | 0.787238 | 1.000000 | 1.060000 | 1.110000 | 1.046667 |   1.164519 |      427 |      318 |      108 |  10.001232 |     11 | 0.831167 | 4.275151
   9 | 2400.000 | 2700.000 | 0.037480 | 0.027123 |  10.001232 |     11 | 0.831167 | 1.000000 | 1.056667 | 1.146667 | 1.133333 |   0.245791 |      423 |      317 |      106 |   9.999109 |     10 | 0.840379 | 4.041880
  10 | 2700.000 | 3000.000 | 0.037241 | 0.027055 |   9.999109 |     10 | 0.840379 | 1.000000 | 0.970000 | 1.016667 | 1.010000 |   0.123206 |      386 |      291 |       96 |  10.000226 |     11 | 0.844967 | 3.925695
  11 | 3000.000 | 3300.000 | 0.037006 | 0.026988 |  10.000226 |     11 | 0.844967 | 1.000000 | 1.103333 | 1.173333 | 1.080000 |   1.729164 |      430 |      331 |       98 |   9.996402 |     10 | 0.908957 | 2.305366
  12 | 3300.000 | 3600.000 | 0.036775 | 0.026922 |   9.996402 |     10 | 0.908957 | 1.000000 | 1.080000 | 1.090000 | 1.073333 |   0.309533 |      393 |      324 |       70 |   9.993460 |     10 | 0.920340 | 2.017130
  13 | 3600.000 | 3900.000 | 0.036546 | 0.026858 |   9.993460 |     10 | 0.920340 | 1.000000 | 1.100000 | 1.113333 | 1.070000 |   0.806721 |      395 |      330 |       65 |   9.989805 |     10 | 0.949823 | 1.270575
  14 | 3900.000 | 4200.000 | 0.036322 | 0.026794 |   9.989805 |     10 | 0.949823 | 1.000000 | 1.076667 | 0.516667 | 1.053333 | -10.014554 |      371 |      323 |       48 |   9.987021 |     10 | 0.586077 | 10.48124
  15 | 4200.000 | 4500.000 | 0.036100 | 0.026732 |   9.987021 |     10 | 0.586077 | 1.000000 | 0.730000 | 0.796667 | 0.666667 |   2.431534 |      365 |      219 |      146 |   9.996768 |     10 | 0.673856 | 8.258528
  16 | 4500.000 | 4800.000 | 0.035882 | 0.026671 |   9.996768 |     10 | 0.673856 | 1.000000 | 0.786667 | 0.846667 | 0.760000 |   1.624739 |      372 |      236 |      136 |  10.004423 |     11 | 0.732155 | 6.782290
  17 | 4800.000 | 5100.000 | 0.035667 | 0.026611 |  10.004423 |     11 | 0.732155 | 1.000000 | 0.996667 | 1.023333 | 1.043333 |  -0.375787 |      421 |      299 |      121 |  10.004541 |     11 | 0.718752 | 7.121684
  18 | 5100.000 | 5400.000 | 0.035455 | 0.026552 |  10.004541 |     11 | 0.718752 | 1.000000 | 0.986667 | 0.953333 | 0.930000 |   0.439393 |      418 |      296 |      122 |  10.005014 |     11 | 0.734331 | 6.727201
  19 | 5400.000 | 5700.000 | 0.035247 | 0.026494 |  10.005014 |     11 | 0.734331 | 1.000000 | 1.020000 | 1.073333 | 0.963333 |   2.075965 |      422 |      306 |      116 |  10.004309 |     11 | 0.807502 | 4.874393
  20 | 5700.000 | 6000.000 | 0.035041 | 0.026437 |  10.004309 |     11 | 0.807502 | 1.000000 | 1.143333 | 1.136667 | 1.076667 |   1.134791 |      432 |      343 |       89 |   9.999287 |     10 | 0.847265 | 3.867502
  21 | 6000.000 | 6300.000 | 0.034838 | 0.026380 |   9.999287 |     10 | 0.847265 | 1.000000 | 1.070000 | 1.093333 | 0.996667 |   1.832169 |      395 |      321 |       75 |   9.996848 |     10 | 0.911094 | 2.251251
  22 | 6300.000 | 6600.000 | 0.034638 | 0.026325 |   9.996848 |     10 | 0.911094 | 1.000000 | 1.123333 | 1.140000 | 1.076667 |   1.202907 |      399 |      337 |       62 |   9.992576 |     10 | 0.952760 | 1.196200
  23 | 6600.000 | 6900.000 | 0.034440 | 0.026271 |   9.992576 |     10 | 0.952760 | 1.000000 | 0.993333 | 0.480000 | 1.160000 | -12.942177 |      351 |      298 |       55 |   9.992806 |     10 | 0.507028 | 12.48289
  24 | 6900.000 | 7200.000 | 0.034246 | 0.026217 |   9.992806 |     10 | 0.507028 | 1.000000 | 0.756667 | 0.683333 | 0.716667 |  -0.635717 |      367 |      227 |      138 |  10.001139 |     11 | 0.485257 | 13.03416
  25 | 7200.000 | 7500.000 | 0.034054 | 0.026164 |  10.001139 |     11 | 0.485257 | 1.000000 | 0.740000 | 0.693333 | 0.646667 |   0.891797 |      399 |      222 |      176 |  10.009993 |     11 | 0.515626 | 12.26517
  26 | 7500.000 | 7800.000 | 0.033864 | 0.026112 |  10.009993 |     11 | 0.515626 | 1.000000 | 0.763333 | 0.760000 | 0.773333 |  -0.255306 |      398 |      229 |      169 |  10.018007 |     11 | 0.506981 | 12.48409
  27 | 7800.000 | 8100.000 | 0.033677 | 0.026061 |  10.018007 |     11 | 0.506981 | 1.000000 | 0.743333 | 0.746667 | 0.716667 |   0.575566 |      396 |      223 |      173 |  10.026651 |     11 | 0.526364 | 11.99327
  28 | 8100.000 | 8400.000 | 0.033493 | 0.026011 |  10.026651 |     11 | 0.526364 | 1.000000 | 0.743333 | 0.783333 | 0.770000 |   0.256303 |      399 |      223 |      176 |  10.035248 |     11 | 0.534948 | 11.77590
  29 | 8400.000 | 8700.000 | 0.033311 | 0.025961 |  10.035248 |     11 | 0.534948 | 1.000000 | 0.783333 | 0.853333 | 0.720000 |   2.567928 |      400 |      235 |      165 |  10.042465 |     11 | 0.620489 | 9.609880
  30 | 8700.000 | 9000.000 | 0.033131 | 0.025912 |  10.042465 |     11 | 0.620489 | 1.000000 | 0.840000 | 0.840000 | 0.890000 |  -0.964792 |      405 |      252 |      153 |  10.047766 |     11 | 0.588524 | 10.41928
  31 | 9000.000 | 9300.000 | 0.032954 | 0.025864 |  10.047766 |     11 | 0.588524 | 1.000000 | 0.786667 | 0.943333 | 0.866667 |   1.482106 |      401 |      236 |      165 |  10.054796 |     11 | 0.637365 | 9.182534
  32 | 9300.000 | 9600.000 | 0.032779 | 0.025817 |  10.054796 |     11 | 0.637365 | 1.000000 | 0.900000 | 0.920000 | 0.830000 |   1.743069 |      412 |      270 |      142 |  10.058074 |     11 | 0.694502 | 7.735742
  33 | 9600.000 | 9900.000 | 0.032606 | 0.025770 |  10.058074 |     11 | 0.694502 | 1.000000 | 0.900000 | 1.010000 | 0.883333 |   2.457673 |      410 |      270 |      140 |  10.061335 |     11 | 0.774638 | 5.706560
  34 | 9900.000 | 10200.00 | 0.032436 | 0.025723 |  10.061335 |     11 | 0.774638 | 1.000000 | 1.010000 | 1.120000 | 0.963333 |   3.045219 |      421 |      303 |      118 |  10.061010 |     11 | 0.873412 | 3.205418
  35 | 10200.00 | 10500.00 | 0.032268 | 0.025678 |  10.061010 |     11 | 0.873412 | 1.000000 | 1.180000 | 1.190000 | 1.163333 |   0.519256 |      434 |      354 |       80 |  10.055202 |     11 | 0.890167 | 2.781149
  36 | 10500.00 | 10800.00 | 0.032101 | 0.025633 |  10.055202 |     11 | 0.890167 | 1.000000 | 1.190000 | 1.200000 | 1.213333 |  -0.260084 |      436 |      357 |       79 |  10.049103 |     11 | 0.881818 | 2.992561
  37 | 10800.00 | 11100.00 | 0.031937 | 0.025588 |  10.049103 |     11 | 0.881818 | 1.000000 | 1.220000 | 1.220000 | 1.156667 |   1.237543 |      438 |      366 |       73 |  10.042077 |     11 | 0.921342 | 1.991757
  38 | 11100.00 | 11400.00 | 0.031775 | 0.025545 |  10.042077 |     11 | 0.921342 | 1.000000 | 1.196667 | 1.110000 | 1.203333 |  -1.826876 |      432 |      359 |       72 |  10.035828 |     11 | 0.863293 | 3.461654
  39 | 11400.00 | 11700.00 | 0.031615 | 0.025501 |  10.035828 |     11 | 0.863293 | 1.000000 | 1.183333 | 1.233333 | 1.166667 |   1.307125 |      436 |      355 |       81 |  10.030032 |     11 | 0.904618 | 2.415249
  40 | 11700.00 | 12000.00 | 0.031456 | 0.025459 |  10.030032 |     11 | 0.904618 | 1.000000 | 1.176667 | 1.246667 | 1.183333 |   1.243852 |      434 |      353 |       81 |  10.024474 |     11 | 0.943745 | 1.424480
  41 | 12000.00 | 12300.00 | 0.031300 | 0.025416 |  10.024474 |     11 | 0.943745 | 1.000000 | 1.136667 | 0.686667 | 1.263333 | -11.344388 |      406 |      341 |       66 |  10.020197 |     11 | 0.588664 | 10.41574
  42 | 12300.00 | 12600.00 | 0.031146 | 0.025375 |  10.020197 |     11 | 0.588664 | 1.000000 | 0.866667 | 0.860000 | 0.840000 |   0.394092 |      409 |      260 |      148 |  10.024350 |     11 | 0.600938 | 10.10494
  43 | 12600.00 | 12900.00 | 0.030993 | 0.025334 |  10.024350 |     11 | 0.600938 | 1.000000 | 0.893333 | 0.910000 | 0.843333 |   1.315774 |      409 |      268 |      141 |  10.027655 |     11 | 0.641718 | 9.072324
  44 | 12900.00 | 13200.00 | 0.030842 | 0.025293 |  10.027655 |     11 | 0.641718 | 1.000000 | 0.896667 | 0.970000 | 0.823333 |   2.899350 |      411 |      269 |      142 |  10.030843 |     11 | 0.731140 | 6.807992
  45 | 13200.00 | 13500.00 | 0.030693 | 0.025253 |  10.030843 |     11 | 0.731140 | 1.000000 | 1.013333 | 1.023333 | 0.946667 |   1.517977 |      421 |      304 |      117 |  10.030433 |     11 | 0.777732 | 5.628213
  46 | 13500.00 | 13800.00 | 0.030546 | 0.025213 |  10.030433 |     11 | 0.777732 | 1.000000 | 1.106667 | 1.060000 | 1.003333 |   1.123746 |      430 |      332 |       98 |  10.027175 |     11 | 0.812058 | 4.759023
  47 | 13800.00 | 14100.00 | 0.030400 | 0.025174 |  10.027175 |     11 | 0.812058 | 1.000000 | 1.156667 | 1.123333 | 1.056667 |   1.324111 |      433 |      347 |       86 |  10.022412 |     11 | 0.852311 | 3.739738
  48 | 14100.00 | 14400.00 | 0.030256 | 0.025135 |  10.022412 |     11 | 0.852311 | 1.000000 | 1.183333 | 1.143333 | 1.163333 |  -0.397845 |      436 |      355 |       81 |  10.016865 |     11 | 0.840274 | 4.044545
  49 | 14400.00 | 14700.00 | 0.030114 | 0.025097 |  10.016865 |     11 | 0.840274 | 1.000000 | 1.170000 | 1.193333 | 1.073333 |   2.390708 |      435 |      351 |       84 |  10.011746 |     11 | 0.912268 | 2.221534
  50 | 14700.00 | 15000.00 | 0.029973 | 0.025059 |  10.011746 |     11 | 0.912268 | 1.000000 | 1.226667 | 1.196667 | 1.176667 |   0.399052 |      435 |      368 |       67 |  10.004952 |     11 | 0.924229 | 1.918661
  51 | 15000.00 | 15300.00 | 0.029834 | 0.025022 |  10.004952 |     11 | 0.924229 | 1.000000 | 1.213333 | 1.113333 | 1.176667 |  -1.265554 |      435 |      364 |       71 |   9.998587 |     10 | 0.886472 | 2.874732
  52 | 15300.00 | 15600.00 | 0.029697 | 0.024985 |   9.998587 |     10 | 0.886472 | 1.000000 | 1.086667 | 1.096667 | 1.100000 |  -0.066707 |      396 |      326 |       71 |   9.996014 |     10 | 0.884491 | 2.924894
  53 | 15600.00 | 15900.00 | 0.029561 | 0.024948 |   9.996014 |     10 | 0.884491 | 1.000000 | 1.093333 | 1.053333 | 1.073333 |  -0.400826 |      396 |      328 |       68 |   9.993255 |     10 | 0.872642 | 3.224924
  54 | 15900.00 | 16200.00 | 0.029426 | 0.024912 |   9.993255 |     10 | 0.872642 | 1.000000 | 1.090000 | 1.066667 | 1.033333 |   0.669012 |      399 |      327 |       72 |   9.990606 |     10 | 0.892329 | 2.726427
  55 | 16200.00 | 16500.00 | 0.029293 | 0.024877 |   9.990606 |     10 | 0.892329 | 1.000000 | 1.130000 | 1.110000 | 1.103333 |   0.133995 |      400 |      339 |       61 |   9.986798 |     10 | 0.896254 | 2.627035
  56 | 16500.00 | 16800.00 | 0.029162 | 0.024841 |   9.986798 |     10 | 0.896254 | 1.000000 | 1.113333 | 1.106667 | 1.046667 |   1.207667 |      398 |      334 |       64 |   9.983493 |     10 | 0.931471 | 1.735265
  57 | 16800.00 | 17100.00 | 0.029032 | 0.024806 |   9.983493 |     10 | 0.931471 | 1.000000 | 1.076667 | 0.960000 | 1.056667 |  -1.948428 |      391 |      323 |       68 |   9.981267 |     10 | 0.874905 | 3.167610
  58 | 17100.00 | 17400.00 | 0.028903 | 0.024772 |   9.981267 |     10 | 0.874905 | 1.000000 | 1.106667 | 1.140000 | 1.033333 |   2.152991 |      398 |      332 |       66 |   9.978184 |     10 | 0.937133 | 1.591903
  59 | 17400.00 | 17700.00 | 0.028775 | 0.024738 |   9.978184 |     10 | 0.937133 | 1.000000 | 1.096667 | 0.820000 | 1.086667 |  -5.389925 |      386 |      329 |       58 |   9.975403 |     10 | 0.782035 | 5.519238
  60 | 17700.00 | 18000.00 | 0.028649 | 0.024704 |   9.975403 |     10 | 0.782035 | 1.000000 | 1.003333 | 1.056667 | 0.970000 |   1.754127 |      393 |      301 |       91 |   9.975307 |     10 | 0.832290 | 4.246701
  61 | 18000.00 | 18300.00 | 0.028525 | 0.024670 |   9.975307 |     10 | 0.832290 | 1.000000 | 1.090000 | 1.030000 | 1.016667 |   0.270232 |      398 |      327 |       71 |   9.972740 |     10 | 0.839998 | 4.051514
  62 | 18300.00 | 18600.00 | 0.028401 | 0.024637 |   9.972740 |     10 | 0.839998 | 1.000000 | 1.066667 | 1.003333 | 0.980000 |   0.473543 |      395 |      320 |       75 |   9.970847 |     10 | 0.853448 | 3.710955
  63 | 18600.00 | 18900.00 | 0.028279 | 0.024604 |   9.970847 |     10 | 0.853448 | 1.000000 | 1.073333 | 1.063333 | 1.040000 |   0.474175 |      395 |      322 |       73 |   9.968773 |     10 | 0.866857 | 3.371408
  64 | 18900.00 | 19200.00 | 0.028158 | 0.024572 |   9.968773 |     10 | 0.866857 | 1.000000 | 1.080000 | 1.066667 | 1.000000 |   1.356577 |      398 |      324 |       74 |   9.966520 |     10 | 0.905056 | 2.404139
  65 | 19200.00 | 19500.00 | 0.028039 | 0.024539 |   9.966520 |     10 | 0.905056 | 1.000000 | 1.093333 | 1.090000 | 1.090000 |   0.000000 |      396 |      328 |       68 |   9.963903 |     10 | 0.905056 | 2.404139
  66 | 19500.00 | 19800.00 | 0.027921 | 0.024508 |   9.963903 |     10 | 0.905056 | 1.000000 | 1.136667 | 1.106667 | 1.086667 |   0.408036 |      400 |      341 |       59 |   9.960087 |     10 | 0.916449 | 2.115659
  67 | 19800.00 | 20100.00 | 0.027803 | 0.024476 |   9.960087 |     10 | 0.916449 | 1.000000 | 1.146667 | 1.066667 | 1.076667 |  -0.204281 |      398 |      344 |       55 |   9.956010 |     10 | 0.910769 | 2.259479
  68 | 20100.00 | 20400.00 | 0.027687 | 0.024445 |   9.956010 |     10 | 0.910769 | 1.000000 | 1.106667 | 1.093333 | 1.083333 |   0.204542 |      398 |      332 |       65 |   9.953056 |     10 | 0.916432 | 2.116076
  69 | 20400.00 | 20700.00 | 0.027573 | 0.024414 |   9.953056 |     10 | 0.916432 | 1.000000 | 1.140000 | 1.106667 | 1.103333 |   0.068267 |      400 |      342 |       58 |   9.949196 |     10 | 0.918315 | 2.068413
  70 | 20700.00 | 21000.00 | 0.027459 | 0.024383 |   9.949196 |     10 | 0.918315 | 1.000000 | 1.113333 | 1.140000 | 1.073333 |   1.367055 |      397 |      334 |       63 |   9.946084 |     10 | 0.955853 | 1.117885
  71 | 21000.00 | 21300.00 | 0.027347 | 0.024353 |   9.946084 |     10 | 0.955853 | 1.000000 | 0.986667 | 0.460000 | 1.100000 | -13.140073 |      336 |      296 |       41 |   9.946449 |     10 | 0.596517 | 10.21688
  72 | 21300.00 | 21600.00 | 0.027235 | 0.024323 |   9.946449 |     10 | 0.596517 | 1.000000 | 0.793333 | 0.723333 | 0.740000 |  -0.342612 |      372 |      238 |      133 |   9.952077 |     10 | 0.587186 | 10.45316
  73 | 21600.00 | 21900.00 | 0.027125 | 0.024293 |   9.952077 |     10 | 0.587186 | 1.000000 | 0.706667 | 0.780000 | 0.706667 |   1.509340 |      363 |      212 |      151 |   9.960034 |     10 | 0.628126 | 9.416477
  74 | 21900.00 | 22200.00 | 0.027016 | 0.024264 |   9.960034 |     10 | 0.628126 | 1.000000 | 0.883333 | 0.813333 | 0.786667 |   0.549518 |      381 |      265 |      116 |   9.963186 |     10 | 0.642972 | 9.040561
  75 | 22200.00 | 22500.00 | 0.026908 | 0.024234 |   9.963186 |     10 | 0.642972 | 1.000000 | 0.833333 | 0.856667 | 0.773333 |   1.719314 |      373 |      250 |      123 |   9.967670 |     10 | 0.689235 | 7.869116
  76 | 22500.00 | 22800.00 | 0.026800 | 0.024206 |   9.967670 |     10 | 0.689235 | 1.000000 | 0.823333 | 0.886667 | 0.883333 |   0.068855 |      375 |      247 |      128 |   9.972405 |     10 | 0.691080 | 7.822389
  77 | 22800.00 | 23100.00 | 0.026694 | 0.024177 |   9.972405 |     10 | 0.691080 | 1.000000 | 0.810000 | 0.886667 | 0.893333 |  -0.137873 |      374 |      243 |      131 |   9.977477 |     10 | 0.687399 | 7.915583
  78 | 23100.00 | 23400.00 | 0.026589 | 0.024148 |   9.977477 |     10 | 0.687399 | 1.000000 | 0.860000 | 0.840000 | 0.910000 |  -1.449371 |      376 |      258 |      118 |   9.981199 |     10 | 0.648862 | 8.891424
  79 | 23400.00 | 23700.00 | 0.026485 | 0.024120 |   9.981199 |     10 | 0.648862 | 1.000000 | 0.843333 | 0.830000 | 0.773333 |   1.174671 |      376 |      253 |      123 |   9.985349 |     10 | 0.679973 | 8.103631
  80 | 23700.00 | 24000.00 | 0.026382 | 0.024092 |   9.985349 |     10 | 0.679973 | 1.000000 | 0.860000 | 0.913333 | 0.826667 |   1.798637 |      376 |      258 |      118 |   9.989042 |     10 | 0.727425 | 6.902069
  81 | 24000.00 | 24300.00 | 0.026280 | 0.024065 |   9.989042 |     10 | 0.727425 | 1.000000 | 0.933333 | 0.946667 | 0.846667 |   2.077738 |      383 |      280 |      103 |   9.990794 |     10 | 0.782028 | 5.519430
  82 | 24300.00 | 24600.00 | 0.026179 | 0.024037 |   9.990794 |     10 | 0.782028 | 1.000000 | 0.926667 | 1.003333 | 0.860000 |   2.981490 |      385 |      278 |      107 |   9.992714 |     10 | 0.860080 | 3.543022
  83 | 24600.00 | 24900.00 | 0.026079 | 0.024010 |   9.992714 |     10 | 0.860080 | 1.000000 | 1.033333 | 1.076667 | 1.043333 |   0.694155 |      393 |      310 |       83 |   9.991845 |     10 | 0.878182 | 3.084633
  84 | 24900.00 | 25200.00 | 0.025979 | 0.023983 |   9.991845 |     10 | 0.878182 | 1.000000 | 1.120000 | 1.133333 | 1.043333 |   1.876326 |      400 |      336 |       64 |   9.988727 |     10 | 0.926928 | 1.850310
  85 | 25200.00 | 25500.00 | 0.025881 | 0.023956 |   9.988727 |     10 | 0.926928 | 1.000000 | 1.083333 | 0.973333 | 1.116667 |  -2.991557 |      393 |      325 |       68 |   9.986570 |     10 | 0.849504 | 3.810825
  86 | 25500.00 | 25800.00 | 0.025783 | 0.023930 |   9.986570 |     10 | 0.849504 | 1.000000 | 1.116667 | 1.060000 | 1.060000 |   0.000000 |      399 |      335 |       64 |   9.983562 |     10 | 0.849504 | 3.810825
  87 | 25800.00 | 26100.00 | 0.025687 | 0.023904 |   9.983562 |     10 | 0.849504 | 1.000000 | 1.080000 | 1.096667 | 1.010000 |   1.812843 |      397 |      324 |       73 |   9.981507 |     10 | 0.896070 | 2.631689
  88 | 26100.00 | 26400.00 | 0.025591 | 0.023877 |   9.981507 |     10 | 0.896070 | 1.000000 | 1.040000 | 1.103333 | 1.060000 |   0.907411 |      392 |      312 |       80 |   9.980484 |     10 | 0.919292 | 2.043676
  89 | 26400.00 | 26700.00 | 0.025496 | 0.023852 |   9.980484 |     10 | 0.919292 | 1.000000 | 1.076667 | 1.033333 | 1.060000 |  -0.559012 |      394 |      323 |       71 |   9.978529 |     10 | 0.905039 | 2.404579
  90 | 26700.00 | 27000.00 | 0.025402 | 0.023826 |   9.978529 |     10 | 0.905039 | 1.000000 | 1.143333 | 1.073333 | 1.043333 |   0.629565 |      401 |      343 |       59 |   9.974888 |     10 | 0.921031 | 1.999625
  91 | 27000.00 | 27300.00 | 0.025309 | 0.023801 |   9.974888 |     10 | 0.921031 | 1.000000 | 1.153333 | 1.116667 | 1.056667 |   1.260475 |      401 |      346 |       54 |   9.971007 |     10 | 0.952933 | 1.191825
  92 | 27300.00 | 27600.00 | 0.025217 | 0.023775 |   9.971007 |     10 | 0.952933 | 1.000000 | 1.056667 | 0.493333 | 1.123333 | -13.249021 |      353 |      317 |       39 |   9.969578 |     10 | 0.618835 | 9.651742
  93 | 27600.00 | 27900.00 | 0.025125 | 0.023750 |   9.969578 |     10 | 0.618835 | 1.000000 | 0.760000 | 0.803333 | 0.733333 |   1.473664 |      369 |      228 |      138 |   9.975608 |     10 | 0.655862 | 8.714177
  94 | 27900.00 | 28200.00 | 0.025034 | 0.023726 |   9.975608 |     10 | 0.655862 | 1.000000 | 0.856667 | 0.876667 | 0.733333 |   3.020658 |      379 |      257 |      122 |   9.979197 |     10 | 0.731482 | 6.799332
  95 | 28200.00 | 28500.00 | 0.024945 | 0.023701 |   9.979197 |     10 | 0.731482 | 1.000000 | 0.860000 | 0.933333 | 0.843333 |   1.898662 |      377 |      258 |      119 |   9.982689 |     10 | 0.778843 | 5.600063
  96 | 28500.00 | 28800.00 | 0.024855 | 0.023676 |   9.982689 |     10 | 0.778843 | 1.000000 | 0.973333 | 0.986667 | 0.910000 |   1.619047 |      386 |      292 |       94 |   9.983352 |     10 | 0.819086 | 4.581065
  97 | 28800.00 | 29100.00 | 0.024767 | 0.023652 |   9.983352 |     10 | 0.819086 | 1.000000 | 1.013333 | 0.966667 | 0.976667 |  -0.211396 |      392 |      304 |       88 |   9.983022 |     10 | 0.813850 | 4.713641
  98 | 29100.00 | 29400.00 | 0.024679 | 0.023628 |   9.983022 |     10 | 0.813850 | 1.000000 | 0.996667 | 1.023333 | 0.906667 |   2.468801 |      388 |      299 |       89 |   9.983104 |     10 | 0.874778 | 3.170827
  99 | 29400.00 | 29700.00 | 0.024593 | 0.023604 |   9.983104 |     10 | 0.874778 | 1.000000 | 1.096667 | 1.126667 | 1.106667 |   0.423651 |      398 |      329 |       69 |   9.980727 |     10 | 0.885197 | 2.907009
 100 | 29700.00 | 30000.00 | 0.024506 | 0.023581 |   9.980727 |     10 | 0.885197 | 1.000000 | 1.110000 | 1.130000 | 1.053333 |   1.625625 |      399 |      333 |       66 |   9.978031 |     10 | 0.925035 | 1.898238
 101 | 30000.00 | 30300.00 | 0.024421 | 0.023557 |   9.978031 |     10 | 0.925035 | 1.000000 | 1.126667 | 1.076667 | 1.100000 |  -0.495249 |      396 |      338 |       58 |   9.974938 |     10 | 0.912941 | 2.204490
 102 | 30300.00 | 30600.00 | 0.024336 | 0.023534 |   9.974938 |     10 | 0.912941 | 1.000000 | 1.116667 | 1.120000 | 1.040000 |   1.699677 |      398 |      335 |       63 |   9.972098 |     10 | 0.954305 | 1.157087
 103 | 30600.00 | 30900.00 | 0.024252 | 0.023511 |   9.972098 |     10 | 0.954305 | 1.000000 | 0.993333 | 0.476667 | 1.036667 | -11.909451 |      344 |      298 |       48 |   9.972260 |     10 | 0.665473 | 8.470797
 104 | 30900.00 | 31200.00 | 0.024169 | 0.023488 |   9.972260 |     10 | 0.665473 | 1.000000 | 0.820000 | 0.843333 | 0.830000 |   0.283836 |      374 |      246 |      126 |   9.976610 |     10 | 0.672333 | 8.297089
 105 | 31200.00 | 31500.00 | 0.024086 | 0.023465 |   9.976610 |     10 | 0.672333 | 1.000000 | 0.910000 | 0.890000 | 0.770000 |   2.557002 |      382 |      273 |      109 |   9.978778 |     10 | 0.733922 | 6.737549
 106 | 31500.00 | 31800.00 | 0.024005 | 0.023442 |   9.978778 |     10 | 0.733922 | 1.000000 | 0.900000 | 0.960000 | 0.893333 |   1.421927 |      380 |      270 |      110 |   9.981179 |     10 | 0.768055 | 5.873251
 107 | 31800.00 | 32100.00 | 0.023923 | 0.023420 |   9.981179 |     10 | 0.768055 | 1.000000 | 1.013333 | 0.976667 | 0.963333 |   0.284658 |      393 |      304 |       89 |   9.980860 |     10 | 0.774865 | 5.700811
 108 | 32100.00 | 32400.00 | 0.023843 | 0.023398 |   9.980860 |     10 | 0.774865 | 1.000000 | 0.943333 | 0.950000 | 0.916667 |   0.712324 |      384 |      283 |      101 |   9.982211 |     10 | 0.791848 | 5.270754
 109 | 32400.00 | 32700.00 | 0.023763 | 0.023375 |   9.982211 |     10 | 0.791848 | 1.000000 | 0.943333 | 1.063333 | 0.926667 |   2.923292 |      384 |      283 |      101 |   9.983557 |     10 | 0.861314 | 3.511766
 110 | 32700.00 | 33000.00 | 0.023684 | 0.023354 |   9.983557 |     10 | 0.861314 | 1.000000 | 1.026667 | 1.050000 | 0.993333 |   1.213237 |      391 |      308 |       83 |   9.982926 |     10 | 0.890048 | 2.784178
 111 | 33000.00 | 33300.00 | 0.023605 | 0.023332 |   9.982926 |     10 | 0.890048 | 1.000000 | 1.066667 | 1.140000 | 1.060000 |   1.714407 |      396 |      320 |       76 |   9.981352 |     10 | 0.930516 | 1.759449
 112 | 33300.00 | 33600.00 | 0.023527 | 0.023310 |   9.981352 |     10 | 0.930516 | 1.000000 | 1.093333 | 0.986667 | 1.123333 |  -2.931500 |      392 |      328 |       64 |   9.979156 |     10 | 0.861547 | 3.505866
 113 | 33600.00 | 33900.00 | 0.023450 | 0.023289 |   9.979156 |     10 | 0.861547 | 1.000000 | 0.990000 | 1.020000 | 1.000000 |   0.429396 |      388 |      297 |       91 |   9.979391 |     10 | 0.871616 | 3.250898
 114 | 33900.00 | 34200.00 | 0.023373 | 0.023267 |   9.979391 |     10 | 0.871616 | 1.000000 | 1.126667 | 1.096667 | 1.073333 |   0.501422 |      401 |      338 |       63 |   9.976430 |     10 | 0.883336 | 2.954136
 115 | 34200.00 | 34500.00 | 0.023297 | 0.023246 |   9.976430 |     10 | 0.883336 | 1.000000 | 1.120000 | 1.070000 | 1.056667 |   0.286788 |      399 |      336 |       63 |   9.973635 |     10 | 0.890017 | 2.784957
 116 | 34500.00 | 34800.00 | 0.023221 | 0.023225 |   9.973635 |     10 | 0.890017 | 1.000000 | 1.106667 | 1.123333 | 1.090000 |   0.717621 |      400 |      332 |       68 |   9.971158 |     10 | 0.906681 | 2.362998
 117 | 34800.00 | 35100.00 | 0.023146 | 0.023204 |   9.971158 |     10 | 0.906681 | 1.000000 | 1.116667 | 1.170000 | 1.070000 |   2.154802 |      396 |      335 |       61 |   9.968457 |     10 | 0.956556 | 1.100069
 118 | 35100.00 | 35400.00 | 0.023072 | 0.023183 |   9.968457 |     10 | 0.956556 | 1.000000 | 0.963333 | 0.463333 | 1.056667 | -12.796616 |      330 |      289 |       44 |   9.969303 |     10 | 0.661316 | 8.576060
 119 | 35400.00 | 35700.00 | 0.022998 | 0.023163 |   9.969303 |     10 | 0.661316 | 1.000000 | 0.836667 | 0.933333 | 0.820000 |   2.446474 |      376 |      251 |      122 |   9.973060 |     10 | 0.717580 | 7.151362
 120 | 35700.00 | 36000.00 | 0.022925 | 0.023142 |   9.973060 |     10 | 0.717580 | 1.000000 | 0.906667 | 0.956667 | 0.843333 |   2.448640 |      383 |      272 |      111 |   9.975199 |     10 | 0.773714 | 5.729942
 121 | 36000.00 | 36300.00 | 0.022852 | 0.023122 |   9.975199 |     10 | 0.773714 | 1.000000 | 0.986667 | 0.926667 | 0.843333 |   1.802056 |      388 |      296 |       92 |   9.975504 |     10 | 0.814895 | 4.687176
 122 | 36300.00 | 36600.00 | 0.022780 | 0.023102 |   9.975504 |     10 | 0.814895 | 1.000000 | 1.013333 | 1.000000 | 0.966667 |   0.721453 |      392 |      304 |       88 |   9.975200 |     10 | 0.831330 | 4.271022
 123 | 36600.00 | 36900.00 | 0.022708 | 0.023081 |   9.975200 |     10 | 0.831330 | 1.000000 | 1.023333 | 1.086667 | 0.936667 |   3.249363 |      390 |      307 |       83 |   9.974670 |     10 | 0.905118 | 2.402587
 124 | 36900.00 | 37200.00 | 0.022637 | 0.023062 |   9.974670 |     10 | 0.905118 | 1.000000 | 1.146667 | 1.126667 | 1.070000 |   1.228599 |      401 |      344 |       57 |   9.971350 |     10 | 0.932930 | 1.698333
 125 | 37200.00 | 37500.00 | 0.022567 | 0.023042 |   9.971350 |     10 | 0.932930 | 1.000000 | 1.113333 | 0.950000 | 1.123333 |  -3.761298 |      393 |      334 |       59 |   9.968793 |     10 | 0.848049 | 3.847664
 126 | 37500.00 | 37800.00 | 0.022497 | 0.023022 |   9.968793 |     10 | 0.848049 | 1.000000 | 1.073333 | 1.043333 | 1.043333 |   0.000000 |      397 |      322 |       75 |   9.967143 |     10 | 0.848049 | 3.847664
 127 | 37800.00 | 38100.00 | 0.022428 | 0.023002 |   9.967143 |     10 | 0.848049 | 1.000000 | 1.023333 | 1.033333 | 0.976667 |   1.231753 |      391 |      307 |       84 |   9.966619 |     10 | 0.875674 | 3.148146
 128 | 38100.00 | 38400.00 | 0.022359 | 0.022983 |   9.966619 |     10 | 0.875674 | 1.000000 | 1.036667 | 1.056667 | 1.016667 |   0.870208 |      392 |      311 |       81 |   9.965800 |     10 | 0.895131 | 2.655469
 129 | 38400.00 | 38700.00 | 0.022290 | 0.022964 |   9.965800 |     10 | 0.895131 | 1.000000 | 1.130000 | 1.093333 | 1.146667 |  -1.161253 |      401 |      339 |       62 |   9.962902 |     10 | 0.869246 | 3.310913
 130 | 38700.00 | 39000.00 | 0.022222 | 0.022945 |   9.962902 |     10 | 0.869246 | 1.000000 | 1.133333 | 1.056667 | 1.056667 |   0.000000 |      401 |      340 |       61 |   9.959939 |     10 | 0.869246 | 3.310913
 131 | 39000.00 | 39300.00 | 0.022155 | 0.022925 |   9.959939 |     10 | 0.869246 | 1.000000 | 1.090000 | 1.100000 | 1.063333 |   0.799693 |      398 |      327 |       71 |   9.957945 |     10 | 0.886963 | 2.862283
 132 | 39300.00 | 39600.00 | 0.022088 | 0.022907 |   9.957945 |     10 | 0.886963 | 1.000000 | 1.143333 | 1.003333 | 1.066667 |  -1.382430 |      402 |      343 |       59 |   9.954779 |     10 | 0.856428 | 3.635488
 133 | 39600.00 | 39900.00 | 0.022022 | 0.022888 |   9.954779 |     10 | 0.856428 | 1.000000 | 1.096667 | 1.070000 | 0.960000 |   2.403036 |      395 |      329 |       66 |   9.952650 |     10 | 0.909347 | 2.295489
 134 | 39900.00 | 40200.00 | 0.021956 | 0.022869 |   9.952650 |     10 | 0.909347 | 1.000000 | 1.150000 | 1.043333 | 1.083333 |  -0.874546 |      404 |      345 |       59 |   9.949357 |     10 | 0.890146 | 2.781700
 135 | 40200.00 | 40500.00 | 0.021890 | 0.022850 |   9.949357 |     10 | 0.890146 | 1.000000 | 1.120000 | 1.080000 | 1.050000 |   0.656443 |      399 |      336 |       63 |   9.946730 |     10 | 0.904515 | 2.417833
 136 | 40500.00 | 40800.00 | 0.021825 | 0.022832 |   9.946730 |     10 | 0.904515 | 1.000000 | 1.080000 | 1.106667 | 1.120000 |  -0.291988 |      395 |      324 |       71 |   9.944984 |     10 | 0.898143 | 2.579202
 137 | 40800.00 | 41100.00 | 0.021761 | 0.022814 |   9.944984 |     10 | 0.898143 | 1.000000 | 1.070000 | 1.083333 | 1.103333 |  -0.438335 |      394 |      321 |       73 |   9.943461 |     10 | 0.888604 | 2.820735
 138 | 41100.00 | 41400.00 | 0.021697 | 0.022795 |   9.943461 |     10 | 0.888604 | 1.000000 | 1.093333 | 1.080000 | 1.076667 |   0.073114 |      398 |      328 |       70 |   9.941436 |     10 | 0.890190 | 2.780566
 139 | 41400.00 | 41700.00 | 0.021633 | 0.022777 |   9.941436 |     10 | 0.890190 | 1.000000 | 1.113333 | 1.176667 | 1.036667 |   3.073246 |      399 |      334 |       65 |   9.938984 |     10 | 0.956675 | 1.097070
 140 | 41700.00 | 42000.00 | 0.021570 | 0.022759 |   9.938984 |     10 | 0.956675 | 1.000000 | 0.993333 | 0.440000 | 1.093333 | -14.353171 |      329 |      298 |       31 |   9.939128 |     10 | 0.647075 | 8.936657
 141 | 42000.00 | 42300.00 | 0.021507 | 0.022741 |   9.939128 |     10 | 0.647075 | 1.000000 | 0.870000 | 0.833333 | 0.763333 |   1.539051 |      380 |      261 |      119 |   9.941924 |     10 | 0.680176 | 8.098483
 142 | 42300.00 | 42600.00 | 0.021445 | 0.022723 |   9.941924 |     10 | 0.680176 | 1.000000 | 0.816667 | 0.800000 | 0.810000 |  -0.220037 |      374 |      245 |      129 |   9.945855 |     10 | 0.675458 | 8.217969
 143 | 42600.00 | 42900.00 | 0.021383 | 0.022706 |   9.945855 |     10 | 0.675458 | 1.000000 | 0.880000 | 0.913333 | 0.770000 |   3.156318 |      378 |      264 |      114 |   9.948421 |     10 | 0.742950 | 6.508939
 144 | 42900.00 | 43200.00 | 0.021322 | 0.022688 |   9.948421 |     10 | 0.742950 | 1.000000 | 0.916667 | 1.000000 | 0.933333 |   1.469194 |      383 |      275 |      108 |   9.950198 |     10 | 0.774276 | 5.715709
 145 | 43200.00 | 43500.00 | 0.021261 | 0.022671 |   9.950198 |     10 | 0.774276 | 1.000000 | 0.900000 | 0.976667 | 0.920000 |   1.249778 |      380 |      270 |      110 |   9.952324 |     10 | 0.800848 | 5.042872
 146 | 43500.00 | 43800.00 | 0.021200 | 0.022653 |   9.952324 |     10 | 0.800848 | 1.000000 | 0.970000 | 1.030000 | 0.973333 |   1.250737 |      387 |      291 |       96 |   9.952960 |     10 | 0.827364 | 4.371436
 147 | 43800.00 | 44100.00 | 0.021140 | 0.022636 |   9.952960 |     10 | 0.827364 | 1.000000 | 1.050000 | 1.106667 | 0.926667 |   3.975964 |      394 |      315 |       79 |   9.951903 |     10 | 0.911417 | 2.243063
 148 | 44100.00 | 44400.00 | 0.021081 | 0.022619 |   9.951903 |     10 | 0.911417 | 1.000000 | 1.120000 | 1.083333 | 1.056667 |   0.589479 |      399 |      336 |       64 |   9.949374 |     10 | 0.923844 | 1.928400
 149 | 44400.00 | 44700.00 | 0.021021 | 0.022602 |   9.949374 |     10 | 0.923844 | 1.000000 | 1.120000 | 1.073333 | 1.070000 |   0.073741 |      396 |      336 |       59 |   9.946851 |     10 | 0.925394 | 1.889148
 150 | 44700.00 | 45000.00 | 0.020962 | 0.022585 |   9.946851 |     10 | 0.925394 | 1.000000 | 1.083333 | 1.050000 | 1.110000 |  -1.328329 |      392 |      325 |       67 |   9.945104 |     10 | 0.897549 | 2.594232
 151 | 45000.00 | 45300.00 | 0.020904 | 0.022568 |   9.945104 |     10 | 0.897549 | 1.000000 | 1.146667 | 1.093333 | 1.060000 |   0.738513 |      401 |      344 |       57 |   9.942038 |     10 | 0.912987 | 2.203320
 152 | 45300.00 | 45600.00 | 0.020846 | 0.022551 |   9.942038 |     10 | 0.912987 | 1.000000 | 1.143333 | 1.066667 | 1.053333 |   0.295625 |      401 |      343 |       58 |   9.939050 |     10 | 0.919150 | 2.047273
 153 | 45600.00 | 45900.00 | 0.020788 | 0.022534 |   9.939050 |     10 | 0.919150 | 1.000000 | 1.156667 | 1.123333 | 1.143333 |  -0.443766 |      402 |      347 |       55 |   9.935794 |     10 | 0.909924 | 2.280868
 154 | 45900.00 | 46200.00 | 0.020731 | 0.022518 |   9.935794 |     10 | 0.909924 | 1.000000 | 1.130000 | 1.120000 | 1.080000 |   0.888187 |      398 |      339 |       59 |   9.933099 |     10 | 0.928337 | 1.814623
 155 | 46200.00 | 46500.00 | 0.020674 | 0.022501 |   9.933099 |     10 | 0.928337 | 1.000000 | 1.106667 | 1.053333 | 1.103333 |  -1.111049 |      393 |      332 |       61 |   9.930893 |     10 | 0.905368 | 2.396255
 156 | 46500.00 | 46800.00 | 0.020617 | 0.022485 |   9.930893 |     10 | 0.905368 | 1.000000 | 1.040000 | 1.163333 | 1.080000 |   1.853100 |      390 |      312 |       78 |   9.930069 |     10 | 0.943574 | 1.428815
 157 | 46800.00 | 47100.00 | 0.020561 | 0.022469 |   9.930069 |     10 | 0.943574 | 1.000000 | 1.120000 | 0.726667 | 1.113333 |  -8.604632 |      390 |      336 |       55 |   9.927601 |     10 | 0.766653 | 5.908756
 158 | 47100.00 | 47400.00 | 0.020505 | 0.022452 |   9.927601 |     10 | 0.766653 | 1.000000 | 0.986667 | 0.976667 | 0.943333 |   0.742315 |      387 |      296 |       90 |   9.927875 |     10 | 0.781874 | 5.523324
 159 | 47400.00 | 47700.00 | 0.020450 | 0.022436 |   9.927875 |     10 | 0.781874 | 1.000000 | 1.026667 | 0.973333 | 0.943333 |   0.668564 |      395 |      308 |       87 |   9.927329 |     10 | 0.795546 | 5.177124
 160 | 47700.00 | 48000.00 | 0.020395 | 0.022420 |   9.927329 |     10 | 0.795546 | 1.000000 | 0.976667 | 0.983333 | 0.940000 |   0.966396 |      387 |      293 |       94 |   9.927805 |     10 | 0.815256 | 4.678048
 161 | 48000.00 | 48300.00 | 0.020340 | 0.022404 |   9.927805 |     10 | 0.815256 | 1.000000 | 1.013333 | 1.030000 | 0.950000 |   1.785387 |      392 |      304 |       88 |   9.927534 |     10 | 0.851570 | 3.758494
 162 | 48300.00 | 48600.00 | 0.020286 | 0.022388 |   9.927534 |     10 | 0.851570 | 1.000000 | 1.073333 | 1.080000 | 0.973333 |   2.382205 |      394 |      322 |       72 |   9.926046 |     10 | 0.899895 | 2.534832
 163 | 48600.00 | 48900.00 | 0.020232 | 0.022372 |   9.926046 |     10 | 0.899895 | 1.000000 | 1.100000 | 1.143333 | 1.060000 |   1.862412 |      398 |      330 |       68 |   9.924023 |     10 | 0.937575 | 1.580719
 164 | 48900.00 | 49200.00 | 0.020178 | 0.022357 |   9.924023 |     10 | 0.937575 | 1.000000 | 1.123333 | 0.900000 | 1.080000 |  -4.025637 |      392 |      337 |       56 |   9.921535 |     10 | 0.856345 | 3.637580
 165 | 49200.00 | 49500.00 | 0.020125 | 0.022341 |   9.921535 |     10 | 0.856345 | 1.000000 | 1.053333 | 1.076667 | 1.003333 |   1.641221 |      394 |      316 |       77 |   9.920461 |     10 | 0.889374 | 2.801230
 166 | 49500.00 | 49800.00 | 0.020072 | 0.022326 |   9.920461 |     10 | 0.889374 | 1.000000 | 1.156667 | 1.113333 | 1.063333 |   1.119794 |      405 |      347 |       58 |   9.917317 |     10 | 0.911851 | 2.232097
 167 | 49800.00 | 50100.00 | 0.020019 | 0.022310 |   9.917317 |     10 | 0.911851 | 1.000000 | 1.143333 | 1.123333 | 1.130000 |  -0.149409 |      400 |      343 |       57 |   9.914447 |     10 | 0.908859 | 2.307834
 168 | 50100.00 | 50400.00 | 0.019967 | 0.022295 |   9.914447 |     10 | 0.908859 | 1.000000 | 1.106667 | 1.060000 | 1.063333 |  -0.074756 |      397 |      332 |       65 |   9.912318 |     10 | 0.907367 | 2.345631
 169 | 50400.00 | 50700.00 | 0.019915 | 0.022279 |   9.912318 |     10 | 0.907367 | 1.000000 | 1.096667 | 1.086667 | 1.083333 |   0.074808 |      397 |      329 |       68 |   9.910393 |     10 | 0.908857 | 2.307907
 170 | 50700.00 | 51000.00 | 0.019863 | 0.022264 |   9.910393 |     10 | 0.908857 | 1.000000 | 1.096667 | 1.123333 | 1.060000 |   1.422315 |      395 |      329 |       66 |   9.908472 |     10 | 0.937108 | 1.592531
 171 | 51000.00 | 51300.00 | 0.019812 | 0.022249 |   9.908472 |     10 | 0.937108 | 1.000000 | 1.110000 | 0.866667 | 1.040000 |  -3.895300 |      392 |      333 |       59 |   9.906293 |     10 | 0.859936 | 3.546671
 172 | 51300.00 | 51600.00 | 0.019761 | 0.022234 |   9.906293 |     10 | 0.859936 | 1.000000 | 1.093333 | 1.053333 | 1.010000 |   0.974485 |      398 |      328 |       70 |   9.904449 |     10 | 0.879192 | 3.059064
 173 | 51600.00 | 51900.00 | 0.019710 | 0.022219 |   9.904449 |     10 | 0.879192 | 1.000000 | 1.110000 | 1.113333 | 1.006667 |   2.400349 |      400 |      333 |       67 |   9.902281 |     10 | 0.926503 | 1.861072
 174 | 51900.00 | 52200.00 | 0.019660 | 0.022204 |   9.902281 |     10 | 0.926503 | 1.000000 | 1.150000 | 1.026667 | 1.103333 |  -1.726409 |      399 |      345 |       54 |   9.899332 |     10 | 0.892562 | 2.720504
 175 | 52200.00 | 52500.00 | 0.019610 | 0.022189 |   9.899332 |     10 | 0.892562 | 1.000000 | 1.106667 | 1.156667 | 1.046667 |   2.478678 |      398 |      332 |       66 |   9.897240 |     10 | 0.941168 | 1.489724
 176 | 52500.00 | 52800.00 | 0.019560 | 0.022174 |   9.897240 |     10 | 0.941168 | 1.000000 | 1.126667 | 0.786667 | 1.120000 |  -7.516143 |      391 |      338 |       54 |   9.894763 |     10 | 0.794154 | 5.212371
 177 | 52800.00 | 53100.00 | 0.019510 | 0.022160 |   9.894763 |     10 | 0.794154 | 1.000000 | 0.976667 | 1.000000 | 0.940000 |   1.353802 |      388 |      293 |       94 |   9.895218 |     10 | 0.820567 | 4.543546
 178 | 53100.00 | 53400.00 | 0.019461 | 0.022145 |   9.895218 |     10 | 0.820567 | 1.000000 | 1.026667 | 0.993333 | 0.950000 |   0.978391 |      392 |      308 |       84 |   9.894699 |     10 | 0.839608 | 4.061405
 179 | 53400.00 | 53700.00 | 0.019412 | 0.022131 |   9.894699 |     10 | 0.839608 | 1.000000 | 1.070000 | 1.026667 | 1.036667 |  -0.225931 |      396 |      321 |       75 |   9.893340 |     10 | 0.835222 | 4.172462
 180 | 53700.00 | 54000.00 | 0.019364 | 0.022116 |   9.893340 |     10 | 0.835222 | 1.000000 | 1.003333 | 1.006667 | 1.030000 |  -0.527516 |      391 |      301 |       90 |   9.893275 |     10 | 0.825007 | 4.431116
 181 | 54000.00 | 54300.00 | 0.019315 | 0.022102 |   9.893275 |     10 | 0.825007 | 1.000000 | 1.083333 | 1.090000 | 1.040000 |   1.131128 |      394 |      325 |       70 |   9.891666 |     10 | 0.846856 | 3.877880
 182 | 54300.00 | 54600.00 | 0.019268 | 0.022088 |   9.891666 |     10 | 0.846856 | 1.000000 | 0.990000 | 1.040000 | 1.050000 |  -0.226372 |      390 |      297 |       92 |   9.891858 |     10 | 0.842494 | 3.988324
 183 | 54600.00 | 54900.00 | 0.019220 | 0.022073 |   9.891858 |     10 | 0.842494 | 1.000000 | 1.083333 | 1.050000 | 1.003333 |   1.057086 |      398 |      325 |       73 |   9.890257 |     10 | 0.862811 | 3.473862
 184 | 54900.00 | 55200.00 | 0.019172 | 0.022059 |   9.890257 |     10 | 0.862811 | 1.000000 | 1.003333 | 1.063333 | 0.970000 |   2.115530 |      388 |      301 |       87 |   9.890193 |     10 | 0.903371 | 2.446817
 185 | 55200.00 | 55500.00 | 0.019125 | 0.022045 |   9.890193 |     10 | 0.903371 | 1.000000 | 1.073333 | 1.083333 | 1.100000 |  -0.378015 |      395 |      322 |       73 |   9.888790 |     10 | 0.896141 | 2.629884
 186 | 55500.00 | 55800.00 | 0.019078 | 0.022031 |   9.888790 |     10 | 0.896141 | 1.000000 | 1.096667 | 1.080000 | 1.136667 |  -1.286070 |      396 |      329 |       67 |   9.886946 |     10 | 0.871605 | 3.251184
 187 | 55800.00 | 56100.00 | 0.019032 | 0.022017 |   9.886946 |     10 | 0.871605 | 1.000000 | 1.083333 | 1.103333 | 1.020000 |   1.892479 |      397 |      325 |       72 |   9.885360 |     10 | 0.907622 | 2.339159
 188 | 56100.00 | 56400.00 | 0.018986 | 0.022003 |   9.885360 |     10 | 0.907622 | 1.000000 | 1.076667 | 1.156667 | 1.083333 |   1.666433 |      394 |      323 |       71 |   9.883905 |     10 | 0.939261 | 1.538023
 189 | 56400.00 | 56700.00 | 0.018940 | 0.021989 |   9.883905 |     10 | 0.939261 | 1.000000 | 1.140000 | 0.843333 | 1.126667 |  -6.442543 |      392 |      342 |       50 |   9.881253 |     10 | 0.817241 | 4.627764
 190 | 56700.00 | 57000.00 | 0.018894 | 0.021975 |   9.881253 |     10 | 0.817241 | 1.000000 | 0.973333 | 1.036667 | 1.050000 |  -0.303368 |      388 |      292 |       96 |   9.881757 |     10 | 0.811510 | 4.772903
 191 | 57000.00 | 57300.00 | 0.018848 | 0.021962 |   9.881757 |     10 | 0.811510 | 1.000000 | 0.976667 | 1.030000 | 1.010000 |   0.455337 |      386 |      293 |       93 |   9.882197 |     10 | 0.820092 | 4.555582
 192 | 57300.00 | 57600.00 | 0.018803 | 0.021948 |   9.882197 |     10 | 0.820092 | 1.000000 | 1.023333 | 0.966667 | 0.966667 |   0.000000 |      392 |      307 |       85 |   9.881758 |     10 | 0.820092 | 4.555582
 193 | 57600.00 | 57900.00 | 0.018758 | 0.021935 |   9.881758 |     10 | 0.820092 | 1.000000 | 1.066667 | 1.023333 | 0.960000 |   1.443688 |      396 |      320 |       76 |   9.880507 |     10 | 0.847173 | 3.869843
 194 | 57900.00 | 58200.00 | 0.018714 | 0.021921 |   9.880507 |     10 | 0.847173 | 1.000000 | 0.986667 | 1.033333 | 0.986667 |   1.064425 |      388 |      296 |       92 |   9.880757 |     10 | 0.867092 | 3.365454
 195 | 58200.00 | 58500.00 | 0.018669 | 0.021908 |   9.880757 |     10 | 0.867092 | 1.000000 | 1.106667 | 1.140000 | 1.003333 |   3.119159 |      400 |      332 |       68 |   9.878765 |     10 | 0.925324 | 1.890919
 196 | 58500.00 | 58800.00 | 0.018625 | 0.021894 |   9.878765 |     10 | 0.925324 | 1.000000 | 1.113333 | 1.043333 | 1.043333 |   0.000000 |      395 |      334 |       61 |   9.876655 |     10 | 0.925324 | 1.890919
 197 | 58800.00 | 59100.00 | 0.018581 | 0.021881 |   9.876655 |     10 | 0.925324 | 1.000000 | 1.183333 | 1.096667 | 1.046667 |   1.142548 |      403 |      355 |       49 |   9.873248 |     10 | 0.946554 | 1.353345
 198 | 59100.00 | 59400.00 | 0.018537 | 0.021868 |   9.873248 |     10 | 0.946554 | 1.000000 | 1.073333 | 0.670000 | 1.073333 |  -9.222143 |      378 |      322 |       55 |   9.871889 |     10 | 0.775600 | 5.682206
 199 | 59400.00 | 59700.00 | 0.018494 | 0.021854 |   9.871889 |     10 | 0.775600 | 1.000000 | 1.003333 | 1.003333 | 0.900000 |   2.364124 |      391 |      301 |       90 |   9.871827 |     10 | 0.819322 | 4.575089
 200 | 59700.00 | 60000.00 | 0.018451 | 0.021841 |   9.871827 |     10 | 0.819322 | 1.000000 | 1.013333 | 1.033333 | 0.943333 |   2.060314 |      391 |      304 |       87 |   9.871581 |     10 | 0.857336 | 3.612497
 201 | 60000.00 | 60300.00 | 0.018408 | 0.021828 |   9.871581 |     10 | 0.857336 | 1.000000 | 1.080000 | 1.083333 | 1.013333 |   1.603427 |      396 |      324 |       72 |   9.870108 |     10 | 0.886852 | 2.865110
 202 | 60300.00 | 60600.00 | 0.018365 | 0.021815 |   9.870108 |     10 | 0.886852 | 1.000000 | 1.083333 | 1.116667 | 1.033333 |   1.909980 |      397 |      325 |       72 |   9.868578 |     10 | 0.921929 | 1.976897
 203 | 60600.00 | 60900.00 | 0.018323 | 0.021802 |   9.868578 |     10 | 0.921929 | 1.000000 | 1.120000 | 1.083333 | 1.063333 |   0.458668 |      397 |      336 |       61 |   9.866379 |     10 | 0.930333 | 1.764092
 204 | 60900.00 | 61200.00 | 0.018281 | 0.021789 |   9.866379 |     10 | 0.930333 | 1.000000 | 1.063333 | 1.000000 | 1.116667 |  -2.677145 |      387 |      319 |       68 |   9.865222 |     10 | 0.881393 | 3.003327
 205 | 61200.00 | 61500.00 | 0.018239 | 0.021777 |   9.865222 |     10 | 0.881393 | 1.000000 | 1.093333 | 1.140000 | 0.993333 |   3.367538 |      398 |      328 |       70 |   9.863519 |     10 | 0.942812 | 1.448093
 206 | 61500.00 | 61800.00 | 0.018197 | 0.021764 |   9.863519 |     10 | 0.942812 | 1.000000 | 1.100000 | 0.780000 | 1.130000 |  -8.040888 |      387 |      330 |       57 |   9.861700 |     10 | 0.796494 | 5.153127
 207 | 61800.00 | 62100.00 | 0.018155 | 0.021751 |   9.861700 |     10 | 0.796494 | 1.000000 | 1.003333 | 0.973333 | 0.966667 |   0.153249 |      390 |      301 |       89 |   9.861639 |     10 | 0.799276 | 5.082675
 208 | 62100.00 | 62400.00 | 0.018114 | 0.021738 |   9.861639 |     10 | 0.799276 | 1.000000 | 0.943333 | 0.920000 | 0.946667 |  -0.613355 |      385 |      283 |      102 |   9.862666 |     10 | 0.788166 | 5.364007
 209 | 62400.00 | 62700.00 | 0.018073 | 0.021726 |   9.862666 |     10 | 0.788166 | 1.000000 | 0.920000 | 1.026667 | 0.940000 |   1.994560 |      382 |      276 |      106 |   9.864111 |     10 | 0.824213 | 4.451220
 210 | 62700.00 | 63000.00 | 0.018032 | 0.021713 |   9.864111 |     10 | 0.824213 | 1.000000 | 1.033333 | 1.000000 | 0.956667 |   0.997857 |      392 |      310 |       82 |   9.863510 |     10 | 0.842207 | 3.995595
 211 | 63000.00 | 63300.00 | 0.017992 | 0.021701 |   9.863510 |     10 | 0.842207 | 1.000000 | 1.113333 | 1.046667 | 1.046667 |   0.000000 |      400 |      334 |       66 |   9.861471 |     10 | 0.842207 | 3.995595
 212 | 63300.00 | 63600.00 | 0.017951 | 0.021688 |   9.861471 |     10 | 0.842207 | 1.000000 | 1.080000 | 1.013333 | 1.030000 |  -0.384232 |      397 |      324 |       73 |   9.860035 |     10 | 0.835309 | 4.170249
 213 | 63600.00 | 63900.00 | 0.017911 | 0.021676 |   9.860035 |     10 | 0.835309 | 1.000000 | 1.016667 | 1.093333 | 1.023333 |   1.614698 |      391 |      305 |       86 |   9.859737 |     10 | 0.864230 | 3.437924
 214 | 63900.00 | 64200.00 | 0.017871 | 0.021664 |   9.859737 |     10 | 0.864230 | 1.000000 | 1.116667 | 1.083333 | 1.060000 |   0.538539 |      400 |      335 |       65 |   9.857652 |     10 | 0.873854 | 3.194222
 215 | 64200.00 | 64500.00 | 0.017831 | 0.021651 |   9.857652 |     10 | 0.873854 | 1.000000 | 1.063333 | 1.066667 | 1.090000 |  -0.538845 |      395 |      319 |       76 |   9.856522 |     10 | 0.864246 | 3.437520
 216 | 64500.00 | 64800.00 | 0.017792 | 0.021639 |   9.856522 |     10 | 0.864246 | 1.000000 | 1.036667 | 1.070000 | 1.053333 |   0.385107 |      391 |      311 |       80 |   9.855870 |     10 | 0.871098 | 3.264023
 217 | 64800.00 | 65100.00 | 0.017752 | 0.021627 |   9.855870 |     10 | 0.871098 | 1.000000 | 1.113333 | 1.086667 | 1.053333 |   0.770647 |      399 |      334 |       65 |   9.853858 |     10 | 0.884779 | 2.917600
 218 | 65100.00 | 65400.00 | 0.017713 | 0.021615 |   9.853858 |     10 | 0.884779 | 1.000000 | 1.070000 | 1.096667 | 0.963333 |   3.084317 |      396 |      321 |       76 |   9.852618 |     10 | 0.939412 | 1.534182
 219 | 65400.00 | 65700.00 | 0.017674 | 0.021603 |   9.852618 |     10 | 0.939412 | 1.000000 | 1.056667 | 0.850000 | 1.080000 |  -5.323419 |      385 |      317 |       67 |   9.851617 |     10 | 0.845324 | 3.916669
 220 | 65700.00 | 66000.00 | 0.017636 | 0.021591 |   9.851617 |     10 | 0.845324 | 1.000000 | 1.070000 | 1.063333 | 1.046667 |   0.385970 |      396 |      321 |       75 |   9.850382 |     10 | 0.852131 | 3.744307
 221 | 66000.00 | 66300.00 | 0.017597 | 0.021579 |   9.850382 |     10 | 0.852131 | 1.000000 | 1.066667 | 1.080000 | 0.976667 |   2.394340 |      394 |      320 |       74 |   9.849209 |     10 | 0.894265 | 2.677402
 222 | 66300.00 | 66600.00 | 0.017559 | 0.021567 |   9.849209 |     10 | 0.894265 | 1.000000 | 1.090000 | 1.086667 | 1.043333 |   1.004633 |      396 |      327 |       69 |   9.847629 |     10 | 0.911905 | 2.230717
 223 | 66600.00 | 66900.00 | 0.017521 | 0.021555 |   9.847629 |     10 | 0.911905 | 1.000000 | 1.116667 | 1.103333 | 1.073333 |   0.695898 |      399 |      335 |       64 |   9.845584 |     10 | 0.924098 | 1.921974
 224 | 66900.00 | 67200.00 | 0.017483 | 0.021543 |   9.845584 |     10 | 0.924098 | 1.000000 | 1.083333 | 1.050000 | 1.103333 |  -1.237831 |      394 |      325 |       69 |   9.844128 |     10 | 0.902457 | 2.469965
 225 | 67200.00 | 67500.00 | 0.017445 | 0.021531 |   9.844128 |     10 | 0.902457 | 1.000000 | 1.103333 | 1.120000 | 1.050000 |   1.625541 |      398 |      331 |       67 |   9.842325 |     10 | 0.930815 | 1.751885
 226 | 67500.00 | 67800.00 | 0.017408 | 0.021520 |   9.842325 |     10 | 0.930815 | 1.000000 | 1.136667 | 1.026667 | 1.100000 |  -1.703875 |      394 |      341 |       54 |   9.839946 |     10 | 0.901154 | 2.502952
 227 | 67800.00 | 68100.00 | 0.017371 | 0.021508 |   9.839946 |     10 | 0.901154 | 1.000000 | 1.093333 | 1.076667 | 1.060000 |   0.387455 |      397 |      328 |       68 |   9.838325 |     10 | 0.907884 | 2.332528
 228 | 68100.00 | 68400.00 | 0.017334 | 0.021496 |   9.838325 |     10 | 0.907884 | 1.000000 | 1.140000 | 1.126667 | 1.076667 |   1.162992 |      399 |      342 |       57 |   9.835898 |     10 | 0.928043 | 1.822072
 229 | 68400.00 | 68700.00 | 0.017297 | 0.021485 |   9.835898 |     10 | 0.928043 | 1.000000 | 1.136667 | 0.996667 | 1.120000 |  -2.870259 |      399 |      341 |       58 |   9.833534 |     10 | 0.878397 | 3.079193
 230 | 68700.00 | 69000.00 | 0.017260 | 0.021473 |   9.833534 |     10 | 0.878397 | 1.000000 | 1.093333 | 1.076667 | 1.053333 |   0.543313 |      397 |      328 |       69 |   9.831923 |     10 | 0.887775 | 2.841737
 231 | 69000.00 | 69300.00 | 0.017223 | 0.021462 |   9.831923 |     10 | 0.887775 | 1.000000 | 1.140000 | 1.090000 | 1.076667 |   0.310631 |      402 |      342 |       60 |   9.829512 |     10 | 0.893125 | 2.706262
 232 | 69300.00 | 69600.00 | 0.017187 | 0.021450 |   9.829512 |     10 | 0.893125 | 1.000000 | 1.126667 | 1.066667 | 1.026667 |   0.932389 |      401 |      338 |       63 |   9.827335 |     10 | 0.909150 | 2.300479
 233 | 69600.00 | 69900.00 | 0.017151 | 0.021439 |   9.827335 |     10 | 0.909150 | 1.000000 | 1.053333 | 1.083333 | 1.120000 |  -0.855144 |      391 |      316 |       75 |   9.826420 |     10 | 0.894483 | 2.671862
 234 | 69900.00 | 70200.00 | 0.017115 | 0.021428 |   9.826420 |     10 | 0.894483 | 1.000000 | 1.093333 | 1.076667 | 1.050000 |   0.622252 |      395 |      328 |       67 |   9.824823 |     10 | 0.905133 | 2.402189
 235 | 70200.00 | 70500.00 | 0.017079 | 0.021416 |   9.824823 |     10 | 0.905133 | 1.000000 | 1.150000 | 1.080000 | 1.103333 |  -0.544758 |      404 |      345 |       59 |   9.822261 |     10 | 0.895829 | 2.637783
 236 | 70500.00 | 70800.00 | 0.017044 | 0.021405 |   9.822261 |     10 | 0.895829 | 1.000000 | 1.133333 | 1.060000 | 1.063333 |  -0.077863 |      401 |      340 |       61 |   9.819988 |     10 | 0.894502 | 2.671387
 237 | 70800.00 | 71100.00 | 0.017008 | 0.021394 |   9.819988 |     10 | 0.894502 | 1.000000 | 1.083333 | 1.043333 | 1.080000 |  -0.856947 |      396 |      325 |       71 |   9.818571 |     10 | 0.879927 | 3.040455
 238 | 71100.00 | 71400.00 | 0.016973 | 0.021383 |   9.818571 |     10 | 0.879927 | 1.000000 | 1.116667 | 1.070000 | 1.036667 |   0.779449 |      399 |      335 |       64 |   9.816591 |     10 | 0.893157 | 2.705459
 239 | 71400.00 | 71700.00 | 0.016938 | 0.021372 |   9.816591 |     10 | 0.893157 | 1.000000 | 1.080000 | 1.033333 | 1.073333 |  -0.935825 |      396 |      324 |       72 |   9.815236 |     10 | 0.877306 | 3.106832
 240 | 71700.00 | 72000.00 | 0.016903 | 0.021360 |   9.815236 |     10 | 0.877306 | 1.000000 | 1.106667 | 1.070000 | 1.070000 |   0.000000 |      398 |      332 |       66 |   9.813433 |     10 | 0.877306 | 3.106832
 241 | 72000.00 | 72300.00 | 0.016868 | 0.021349 |   9.813433 |     10 | 0.877306 | 1.000000 | 1.066667 | 1.120000 | 1.033333 |   2.029720 |      395 |      320 |       75 |   9.812308 |     10 | 0.911544 | 2.239868
 242 | 72300.00 | 72600.00 | 0.016834 | 0.021338 |   9.812308 |     10 | 0.911544 | 1.000000 | 1.096667 | 1.100000 | 1.066667 |   0.781063 |      395 |      329 |       66 |   9.810681 |     10 | 0.924692 | 1.906932
 243 | 72600.00 | 72900.00 | 0.016799 | 0.021327 |   9.810681 |     10 | 0.924692 | 1.000000 | 1.113333 | 1.046667 | 1.083333 |  -0.859610 |      396 |      334 |       62 |   9.808777 |     10 | 0.910251 | 2.272601
 244 | 72900.00 | 73200.00 | 0.016765 | 0.021317 |   9.808777 |     10 | 0.910251 | 1.000000 | 1.126667 | 1.160000 | 1.100000 |   1.407354 |      401 |      338 |       63 |   9.806653 |     10 | 0.933845 | 1.675146
 245 | 73200.00 | 73500.00 | 0.016731 | 0.021306 |   9.806653 |     10 | 0.933845 | 1.000000 | 1.110000 | 0.990000 | 1.113333 |  -2.894368 |      391 |      333 |       60 |   9.804813 |     10 | 0.885419 | 2.901380
 246 | 73500.00 | 73800.00 | 0.016697 | 0.021295 |   9.804813 |     10 | 0.885419 | 1.000000 | 1.060000 | 1.086667 | 1.013333 |   1.721849 |      394 |      318 |       74 |   9.803811 |     10 | 0.914170 | 2.173374
 247 | 73800.00 | 74100.00 | 0.016664 | 0.021284 |   9.803811 |     10 | 0.914170 | 1.000000 | 1.096667 | 1.053333 | 1.113333 |  -1.409499 |      396 |      329 |       67 |   9.802200 |     10 | 0.890682 | 2.768114
 248 | 74100.00 | 74400.00 | 0.016630 | 0.021273 |   9.802200 |     10 | 0.890682 | 1.000000 | 1.100000 | 1.093333 | 1.063333 |   0.705105 |      398 |      330 |       68 |   9.800537 |     10 | 0.902408 | 2.471193
 249 | 74400.00 | 74700.00 | 0.016597 | 0.021263 |   9.800537 |     10 | 0.902408 | 1.000000 | 1.106667 | 1.100000 | 1.123333 |  -0.548691 |      398 |      332 |       66 |   9.798767 |     10 | 0.893302 | 2.701784
 250 | 74700.00 | 75000.00 | 0.016564 | 0.021252 |   9.798767 |     10 | 0.893302 | 1.000000 | 1.146667 | 1.126667 | 1.026667 |   2.352709 |      402 |      344 |       58 |   9.796338 |     10 | 0.932271 | 1.715019
 251 | 75000.00 | 75300.00 | 0.016530 | 0.021241 |   9.796338 |     10 | 0.932271 | 1.000000 | 1.143333 | 1.000000 | 1.073333 |  -1.726181 |      396 |      343 |       54 |   9.793968 |     10 | 0.903736 | 2.437564
 252 | 75300.00 | 75600.00 | 0.016498 | 0.021231 |   9.793968 |     10 | 0.903736 | 1.000000 | 1.053333 | 1.080000 | 1.036667 |   1.020524 |      394 |      316 |       77 |   9.793088 |     10 | 0.920572 | 2.011243
 253 | 75600.00 | 75900.00 | 0.016465 | 0.021220 |   9.793088 |     10 | 0.920572 | 1.000000 | 1.046667 | 1.106667 | 1.046667 |   1.413734 |      390 |      314 |       76 |   9.792320 |     10 | 0.943849 | 1.421832
 254 | 75900.00 | 76200.00 | 0.016432 | 0.021210 |   9.792320 |     10 | 0.943849 | 1.000000 | 1.146667 | 0.760000 | 1.146667 |  -9.115233 |      390 |      344 |       46 |   9.789910 |     10 | 0.794065 | 5.214621
 255 | 76200.00 | 76500.00 | 0.016400 | 0.021199 |   9.789910 |     10 | 0.794065 | 1.000000 | 0.943333 | 1.006667 | 0.906667 |   2.358549 |      385 |      283 |      102 |   9.790839 |     10 | 0.832745 | 4.235179
 256 | 76500.00 | 76800.00 | 0.016368 | 0.021189 |   9.790839 |     10 | 0.832745 | 1.000000 | 1.043333 | 1.050000 | 1.006667 |   1.022540 |      393 |      313 |       80 |   9.790130 |     10 | 0.849482 | 3.811382
 257 | 76800.00 | 77100.00 | 0.016335 | 0.021179 |   9.790130 |     10 | 0.849482 | 1.000000 | 1.053333 | 1.040000 | 1.003333 |   0.865650 |      394 |      316 |       78 |   9.789259 |     10 | 0.863623 | 3.453312
 258 | 77100.00 | 77400.00 | 0.016304 | 0.021168 |   9.789259 |     10 | 0.863623 | 1.000000 | 1.013333 | 1.083333 | 1.063333 |   0.472403 |      391 |      304 |       87 |   9.789041 |     10 | 0.871324 | 3.258288
 259 | 77400.00 | 77700.00 | 0.016272 | 0.021158 |   9.789041 |     10 | 0.871324 | 1.000000 | 1.060000 | 1.070000 | 0.993333 |   1.811759 |      395 |      318 |       77 |   9.788065 |     10 | 0.900805 | 2.511792
 260 | 77700.00 | 78000.00 | 0.016240 | 0.021148 |   9.788065 |     10 | 0.900805 | 1.000000 | 1.096667 | 1.086667 | 1.090000 |  -0.078810 |      397 |      329 |       68 |   9.786495 |     10 | 0.899525 | 2.544201
 261 | 78000.00 | 78300.00 | 0.016209 | 0.021138 |   9.786495 |     10 | 0.899525 | 1.000000 | 1.123333 | 1.090000 | 1.020000 |   1.655816 |      399 |      337 |       62 |   9.784496 |     10 | 0.926363 | 1.864606
 262 | 78300.00 | 78600.00 | 0.016177 | 0.021127 |   9.784496 |     10 | 0.926363 | 1.000000 | 1.133333 | 1.073333 | 1.080000 |  -0.157773 |      398 |      340 |       58 |   9.782339 |     10 | 0.923811 | 1.929235
 263 | 78600.00 | 78900.00 | 0.016146 | 0.021117 |   9.782339 |     10 | 0.923811 | 1.000000 | 1.136667 | 1.133333 | 1.106667 |   0.631394 |      399 |      341 |       58 |   9.780133 |     10 | 0.934006 | 1.671093
 264 | 78900.00 | 79200.00 | 0.016115 | 0.021107 |   9.780133 |     10 | 0.934006 | 1.000000 | 1.163333 | 0.996667 | 1.043333 |  -1.105468 |      397 |      349 |       48 |   9.777500 |     10 | 0.916191 | 2.122189
 265 | 79200.00 | 79500.00 | 0.016084 | 0.021097 |   9.777500 |     10 | 0.916191 | 1.000000 | 1.130000 | 1.096667 | 1.066667 |   0.710997 |      398 |      339 |       59 |   9.775409 |     10 | 0.927627 | 1.832617
 266 | 79500.00 | 79800.00 | 0.016053 | 0.021087 |   9.775409 |     10 | 0.927627 | 1.000000 | 1.203333 | 1.103333 | 1.133333 |  -0.711335 |      403 |      361 |       42 |   9.772145 |     10 | 0.916207 | 2.121772
 267 | 79800.00 | 80100.00 | 0.016023 | 0.021077 |   9.772145 |     10 | 0.916207 | 1.000000 | 1.193333 | 1.120000 | 1.030000 |   2.135017 |      407 |      358 |       49 |   9.769048 |     10 | 0.950416 | 1.255552
 268 | 80100.00 | 80400.00 | 0.015992 | 0.021067 |   9.769048 |     10 | 0.950416 | 1.000000 | 1.120000 | 0.623333 | 1.123333 | -11.866812 |      372 |      336 |       37 |   9.767129 |     10 | 0.760640 | 6.060999
 269 | 80400.00 | 80700.00 | 0.015962 | 0.021057 |   9.767129 |     10 | 0.760640 | 1.000000 | 0.936667 | 0.960000 | 0.896667 |   1.503838 |      385 |      281 |      103 |   9.768139 |     10 | 0.784644 | 5.453178
 270 | 80700.00 | 81000.00 | 0.015932 | 0.021047 |   9.768139 |     10 | 0.784644 | 1.000000 | 1.003333 | 1.000000 | 0.903333 |   2.296409 |      389 |      301 |       88 |   9.768086 |     10 | 0.821230 | 4.526772
 271 | 81000.00 | 81300.00 | 0.015902 | 0.021038 |   9.768086 |     10 | 0.821230 | 1.000000 | 1.043333 | 0.986667 | 0.996667 |  -0.237671 |      395 |      313 |       82 |   9.767397 |     10 | 0.817450 | 4.622471
 272 | 81300.00 | 81600.00 | 0.015872 | 0.021028 |   9.767397 |     10 | 0.817450 | 1.000000 | 1.053333 | 1.030000 | 1.030000 |   0.000000 |      394 |      316 |       78 |   9.766551 |     10 | 0.817450 | 4.622471
 273 | 81600.00 | 81900.00 | 0.015842 | 0.021018 |   9.766551 |     10 | 0.817450 | 1.000000 | 1.056667 | 0.973333 | 0.916667 |   1.348056 |      394 |      317 |       77 |   9.765653 |     10 | 0.838806 | 4.081711
 274 | 81900.00 | 82200.00 | 0.015812 | 0.021008 |   9.765653 |     10 | 0.838806 | 1.000000 | 1.036667 | 1.040000 | 1.090000 |  -1.190013 |      392 |      311 |       81 |   9.765073 |     10 | 0.819989 | 4.558180
 275 | 82200.00 | 82500.00 | 0.015783 | 0.020998 |   9.765073 |     10 | 0.819989 | 1.000000 | 0.996667 | 0.986667 | 1.060000 |  -1.746160 |      390 |      299 |       91 |   9.765126 |     10 | 0.792430 | 5.256019
 276 | 82500.00 | 82800.00 | 0.015753 | 0.020989 |   9.765126 |     10 | 0.792430 | 1.000000 | 0.970000 | 0.943333 | 0.946667 |  -0.079407 |      386 |      291 |       95 |   9.765599 |     10 | 0.791179 | 5.287694
 277 | 82800.00 | 83100.00 | 0.015724 | 0.020979 |   9.765599 |     10 | 0.791179 | 1.000000 | 0.993333 | 1.056667 | 1.003333 |   1.271103 |      389 |      298 |       91 |   9.765703 |     10 | 0.811166 | 4.781596
 278 | 83100.00 | 83400.00 | 0.015695 | 0.020970 |   9.765703 |     10 | 0.811166 | 1.000000 | 0.973333 | 1.080000 | 1.030000 |   1.192205 |      388 |      292 |       96 |   9.766122 |     10 | 0.829878 | 4.307790
 279 | 83400.00 | 83700.00 | 0.015666 | 0.020960 |   9.766122 |     10 | 0.829878 | 1.000000 | 0.976667 | 1.110000 | 1.030000 |   1.908400 |      387 |      293 |       94 |   9.766487 |     10 | 0.859774 | 3.550757
 280 | 83700.00 | 84000.00 | 0.015637 | 0.020950 |   9.766487 |     10 | 0.859774 | 1.000000 | 1.023333 | 1.016667 | 0.970000 |   1.113740 |      392 |      307 |       85 |   9.766123 |     10 | 0.877190 | 3.109767
 281 | 84000.00 | 84300.00 | 0.015608 | 0.020941 |   9.766123 |     10 | 0.877190 | 1.000000 | 1.063333 | 1.130000 | 1.053333 |   1.830547 |      395 |      319 |       76 |   9.765134 |     10 | 0.905761 | 2.386287
 282 | 84300.00 | 84600.00 | 0.015580 | 0.020931 |   9.765134 |     10 | 0.905761 | 1.000000 | 1.053333 | 1.046667 | 1.103333 |  -1.353625 |      391 |      316 |       75 |   9.764303 |     10 | 0.884672 | 2.920294
 283 | 84600.00 | 84900.00 | 0.015551 | 0.020922 |   9.764303 |     10 | 0.884672 | 1.000000 | 1.116667 | 1.083333 | 1.023333 |   1.433897 |      401 |      335 |       66 |   9.762489 |     10 | 0.906971 | 2.355654
 284 | 84900.00 | 85200.00 | 0.015523 | 0.020913 |   9.762489 |     10 | 0.906971 | 1.000000 | 1.120000 | 1.043333 | 1.060000 |  -0.398484 |      398 |      336 |       62 |   9.760626 |     10 | 0.900785 | 2.512283
 285 | 85200.00 | 85500.00 | 0.015494 | 0.020903 |   9.760626 |     10 | 0.900785 | 1.000000 | 1.126667 | 1.133333 | 1.090000 |   1.036523 |      399 |      338 |       61 |   9.758663 |     10 | 0.916846 | 2.105606
 286 | 85500.00 | 85800.00 | 0.015466 | 0.020894 |   9.758663 |     10 | 0.916846 | 1.000000 | 1.140000 | 1.086667 | 1.010000 |   1.834668 |      399 |      342 |       57 |   9.756498 |     10 | 0.945222 | 1.387085
 287 | 85800.00 | 86100.00 | 0.015438 | 0.020885 |   9.756498 |     10 | 0.945222 | 1.000000 | 1.153333 | 0.743333 | 1.120000 |  -9.017822 |      390 |      346 |       44 |   9.754131 |     10 | 0.806001 | 4.912394
 288 | 86100.00 | 86400.00 | 0.015411 | 0.020875 |   9.754131 |     10 | 0.806001 | 1.000000 | 0.966667 | 1.063333 | 0.973333 |   2.155659 |      387 |      290 |       97 |   9.754645 |     10 | 0.839221 | 4.071210
 289 | 86400.00 | 86700.00 | 0.015383 | 0.020866 |   9.754645 |     10 | 0.839221 | 1.000000 | 1.033333 | 1.090000 | 0.990000 |   2.396238 |      392 |      310 |       82 |   9.754132 |     10 | 0.876081 | 3.137830
 290 | 86700.00 | 87000.00 | 0.015355 | 0.020857 |   9.754132 |     10 | 0.876081 | 1.000000 | 1.073333 | 1.083333 | 1.086667 |  -0.079910 |      394 |      322 |       72 |   9.753006 |     10 | 0.874854 | 3.168900
 291 | 87000.00 | 87300.00 | 0.015328 | 0.020848 |   9.753006 |     10 | 0.874854 | 1.000000 | 1.056667 | 1.120000 | 1.010000 |   2.638189 |      394 |      317 |       77 |   9.752137 |     10 | 0.915292 | 2.144959
 292 | 87300.00 | 87600.00 | 0.015300 | 0.020838 |   9.752137 |     10 | 0.915292 | 1.000000 | 1.103333 | 1.100000 | 1.080000 |   0.479881 |      397 |      331 |       66 |   9.750556 |     10 | 0.922634 | 1.959038
 293 | 87600.00 | 87900.00 | 0.015273 | 0.020829 |   9.750556 |     10 | 0.922634 | 1.000000 | 1.180000 | 1.096667 | 1.100000 |  -0.080015 |      402 |      354 |       48 |   9.747807 |     10 | 0.921412 | 1.989983
 294 | 87900.00 | 88200.00 | 0.015246 | 0.020820 |   9.747807 |     10 | 0.921412 | 1.000000 | 1.123333 | 1.090000 | 1.093333 |  -0.080050 |      397 |      337 |       60 |   9.745927 |     10 | 0.920192 | 2.020887
 295 | 88200.00 | 88500.00 | 0.015219 | 0.020811 |   9.745927 |     10 | 0.920192 | 1.000000 | 1.093333 | 1.126667 | 1.110000 |   0.400425 |      396 |      328 |       69 |   9.744506 |     10 | 0.926286 | 1.866576
 296 | 88500.00 | 88800.00 | 0.015192 | 0.020802 |   9.744506 |     10 | 0.926286 | 1.000000 | 1.166667 | 1.083333 | 1.050000 |   0.801199 |      400 |      350 |       49 |   9.741974 |     10 | 0.938457 | 1.558366
 297 | 88800.00 | 89100.00 | 0.015165 | 0.020793 |   9.741974 |     10 | 0.938457 | 1.000000 | 1.106667 | 0.923333 | 1.096667 |  -4.168036 |      391 |      332 |       59 |   9.740357 |     10 | 0.875248 | 3.158924
 298 | 89100.00 | 89400.00 | 0.015138 | 0.020784 |   9.740357 |     10 | 0.875248 | 1.000000 | 1.090000 | 1.026667 | 1.020000 |   0.160378 |      397 |      327 |       70 |   9.738994 |     10 | 0.877676 | 3.097445
 299 | 89400.00 | 89700.00 | 0.015112 | 0.020775 |   9.738994 |     10 | 0.877676 | 1.000000 | 1.113333 | 1.053333 | 1.050000 |   0.080224 |      399 |      334 |       65 |   9.737282 |     10 | 0.878889 | 3.066747
 300 | 89700.00 | 90000.00 | 0.015085 | 0.020766 |   9.737282 |     10 | 0.878889 | 1.000000 | 1.096667 | 1.066667 | 1.080000 |  -0.321032 |      397 |      329 |       68 |   9.735823 |     10 | 0.874046 | 3.189378
 301 | 90000.00 | 90300.00 | 0.015059 | 0.020757 |   9.735823 |     10 | 0.874046 | 1.000000 | 1.060000 | 1.016667 | 1.020000 |  -0.080292 |      395 |      318 |       77 |   9.734920 |     10 | 0.872837 | 3.219995
 302 | 90300.00 | 90600.00 | 0.015033 | 0.020749 |   9.734920 |     10 | 0.872837 | 1.000000 | 1.103333 | 1.006667 | 1.073333 |  -1.606535 |      398 |      331 |       67 |   9.733366 |     10 | 0.848686 | 3.831536
 303 | 90600.00 | 90900.00 | 0.015007 | 0.020740 |   9.733366 |     10 | 0.848686 | 1.000000 | 1.023333 | 1.056667 | 0.996667 |   1.446497 |      391 |      307 |       84 |   9.733016 |     10 | 0.870393 | 3.281872
 304 | 90900.00 | 91200.00 | 0.014981 | 0.020731 |   9.733016 |     10 | 0.870393 | 1.000000 | 1.006667 | 1.053333 | 0.973333 |   1.929481 |      389 |      302 |       87 |   9.732916 |     10 | 0.899298 | 2.549947
 305 | 91200.00 | 91500.00 | 0.014955 | 0.020722 |   9.732916 |     10 | 0.899298 | 1.000000 | 1.083333 | 1.103333 | 1.083333 |   0.482574 |      397 |      325 |       72 |   9.731670 |     10 | 0.906515 | 2.367205
 306 | 91500.00 | 91800.00 | 0.014929 | 0.020713 |   9.731670 |     10 | 0.906515 | 1.000000 | 1.120000 | 1.056667 | 1.123333 |  -1.609260 |      398 |      336 |       63 |   9.729879 |     10 | 0.882490 | 2.975551
 307 | 91800.00 | 92100.00 | 0.014903 | 0.020705 |   9.729879 |     10 | 0.882490 | 1.000000 | 1.096667 | 1.086667 | 1.010000 |   1.851428 |      398 |      329 |       68 |   9.728438 |     10 | 0.910083 | 2.276862
 308 | 92100.00 | 92400.00 | 0.014878 | 0.020696 |   9.728438 |     10 | 0.910083 | 1.000000 | 1.126667 | 1.116667 | 1.103333 |   0.322123 |      399 |      338 |       61 |   9.726553 |     10 | 0.914875 | 2.155509
 309 | 92400.00 | 92700.00 | 0.014852 | 0.020687 |   9.726553 |     10 | 0.914875 | 1.000000 | 1.106667 | 1.063333 | 1.076667 |  -0.322257 |      396 |      332 |       64 |   9.724969 |     10 | 0.910089 | 2.276705
 310 | 92700.00 | 93000.00 | 0.014827 | 0.020679 |   9.724969 |     10 | 0.910089 | 1.000000 | 1.050000 | 1.126667 | 1.090000 |   0.886578 |      392 |      315 |       77 |   9.724228 |     10 | 0.923234 | 1.943845
 311 | 93000.00 | 93300.00 | 0.014802 | 0.020670 |   9.724228 |     10 | 0.923234 | 1.000000 | 1.136667 | 1.106667 | 1.140000 |  -0.806315 |      399 |      341 |       58 |   9.722205 |     10 | 0.911299 | 2.246055
 312 | 93300.00 | 93600.00 | 0.014777 | 0.020662 |   9.722205 |     10 | 0.911299 | 1.000000 | 1.126667 | 1.136667 | 1.053333 |   2.016625 |      399 |      338 |       61 |   9.720333 |     10 | 0.941098 | 1.491502
 313 | 93600.00 | 93900.00 | 0.014751 | 0.020653 |   9.720333 |     10 | 0.941098 | 1.000000 | 1.153333 | 0.860000 | 1.063333 |  -4.922600 |      392 |      346 |       46 |   9.718071 |     10 | 0.868482 | 3.330252
 314 | 93900.00 | 94200.00 | 0.014727 | 0.020645 |   9.718071 |     10 | 0.868482 | 1.000000 | 1.090000 | 1.096667 | 1.073333 |   0.565122 |      398 |      327 |       71 |   9.716746 |     10 | 0.876805 | 3.119518
 315 | 94200.00 | 94500.00 | 0.014702 | 0.020636 |   9.716746 |     10 | 0.876805 | 1.000000 | 1.093333 | 1.066667 | 1.040000 |   0.646119 |      396 |      328 |       69 |   9.715374 |     10 | 0.886304 | 2.878986
 316 | 94500.00 | 94800.00 | 0.014677 | 0.020628 |   9.715374 |     10 | 0.886304 | 1.000000 | 1.126667 | 1.106667 | 1.060000 |   1.131173 |      401 |      338 |       62 |   9.713515 |     10 | 0.902906 | 2.458592
 317 | 94800.00 | 95100.00 | 0.014652 | 0.020619 |   9.713515 |     10 | 0.902906 | 1.000000 | 1.073333 | 1.156667 | 1.026667 |   3.152414 |      395 |      322 |       73 |   9.712440 |     10 | 0.949096 | 1.288981
 318 | 95100.00 | 95400.00 | 0.014628 | 0.020611 |   9.712440 |     10 | 0.949096 | 1.000000 | 1.070000 | 0.646667 | 1.143333 | -12.048755 |      375 |      321 |       54 |   9.711416 |     10 | 0.772850 | 5.751828
 319 | 95400.00 | 95700.00 | 0.014603 | 0.020602 |   9.711416 |     10 | 0.772850 | 1.000000 | 0.896667 | 1.026667 | 0.943333 |   2.022426 |      380 |      269 |      111 |   9.712925 |     10 | 0.802384 | 5.003975
 320 | 95700.00 | 96000.00 | 0.014579 | 0.020594 |   9.712925 |     10 | 0.802384 | 1.000000 | 1.023333 | 1.060000 | 0.993333 |   1.618598 |      392 |      307 |       85 |   9.712585 |     10 | 0.825981 | 4.406448
 321 | 96000.00 | 96300.00 | 0.014555 | 0.020586 |   9.712585 |     10 | 0.825981 | 1.000000 | 1.023333 | 1.043333 | 1.050000 |  -0.161925 |      393 |      307 |       86 |   9.712246 |     10 | 0.823625 | 4.466126
 322 | 96300.00 | 96600.00 | 0.014531 | 0.020577 |   9.712246 |     10 | 0.823625 | 1.000000 | 1.053333 | 1.040000 | 1.023333 |   0.404977 |      394 |      316 |       78 |   9.711471 |     10 | 0.829509 | 4.317119
 323 | 96600.00 | 96900.00 | 0.014506 | 0.020569 |   9.711471 |     10 | 0.829509 | 1.000000 | 1.026667 | 1.040000 | 0.996667 |   1.053364 |      392 |      308 |       84 |   9.711084 |     10 | 0.844790 | 3.930189
 324 | 96900.00 | 97200.00 | 0.014483 | 0.020561 |   9.711084 |     10 | 0.844790 | 1.000000 | 1.036667 | 1.063333 | 1.003333 |   1.459090 |      393 |      311 |       82 |   9.710553 |     10 | 0.865921 | 3.395108
 325 | 97200.00 | 97500.00 | 0.014459 | 0.020553 |   9.710553 |     10 | 0.865921 | 1.000000 | 1.146667 | 1.150000 | 1.080000 |   1.702953 |      402 |      344 |       58 |   9.708432 |     10 | 0.890544 | 2.771626
 326 | 97500.00 | 97800.00 | 0.014435 | 0.020544 |   9.708432 |     10 | 0.890544 | 1.000000 | 1.043333 | 1.133333 | 1.026667 |   2.596013 |      393 |      313 |       80 |   9.707807 |     10 | 0.928017 | 1.822742
 327 | 97800.00 | 98100.00 | 0.014411 | 0.020536 |   9.707807 |     10 | 0.928017 | 1.000000 | 1.133333 | 1.013333 | 1.050000 |  -0.892735 |      396 |      340 |       56 |   9.705885 |     10 | 0.915151 | 2.148516
 328 | 98100.00 | 98400.00 | 0.014388 | 0.020528 |   9.705885 |     10 | 0.915151 | 1.000000 | 1.123333 | 1.090000 | 1.073333 |   0.405950 |      398 |      337 |       61 |   9.704111 |     10 | 0.920992 | 2.000620
 329 | 98400.00 | 98700.00 | 0.014364 | 0.020520 |   9.704111 |     10 | 0.920992 | 1.000000 | 1.116667 | 1.130000 | 1.073333 |   1.380777 |      397 |      335 |       62 |   9.702435 |     10 | 0.940826 | 1.498397
 330 | 98700.00 | 99000.00 | 0.014341 | 0.020512 |   9.702435 |     10 | 0.940826 | 1.000000 | 1.176667 | 0.836667 | 1.120000 |  -6.906614 |      395 |      353 |       43 |   9.699901 |     10 | 0.841780 | 4.006414
 331 | 99000.00 | 99300.00 | 0.014317 | 0.020504 |   9.699901 |     10 | 0.841780 | 1.000000 | 1.033333 | 1.103333 | 0.973333 |   3.170167 |      391 |      310 |       80 |   9.699424 |     10 | 0.887168 | 2.857094
 332 | 99300.00 | 99600.00 | 0.014294 | 0.020496 |   9.699424 |     10 | 0.887168 | 1.000000 | 1.093333 | 1.076667 | 1.036667 |   0.975820 |      398 |      328 |       70 |   9.698090 |     10 | 0.901117 | 2.503891
 333 | 99600.00 | 99900.00 | 0.014271 | 0.020488 |   9.698090 |     10 | 0.901117 | 1.000000 | 1.123333 | 1.076667 | 1.033333 |   1.057552 |      399 |      337 |       62 |   9.696330 |     10 | 0.916209 | 2.121724
 334 | 99900.00 | 100200.0 | 0.014248 | 0.020480 |   9.696330 |     10 | 0.916209 | 1.000000 | 1.066667 | 1.093333 | 1.070000 |   0.569674 |      394 |      320 |       75 |   9.695380 |     10 | 0.924326 | 1.916193
 335 | 100200.0 | 100500.0 | 0.014225 | 0.020472 |   9.695380 |     10 | 0.924326 | 1.000000 | 1.190000 | 1.133333 | 1.096667 |   0.895551 |      403 |      357 |       45 |   9.692677 |     10 | 0.937065 | 1.593610
 336 | 100500.0 | 100800.0 | 0.014202 | 0.020464 |   9.692677 |     10 | 0.937065 | 1.000000 | 1.096667 | 0.893333 | 1.096667 |  -4.968173 |      390 |      329 |       61 |   9.691304 |     10 | 0.866506 | 3.380300
 337 | 100800.0 | 101100.0 | 0.014180 | 0.020456 |   9.691304 |     10 | 0.866506 | 1.000000 | 1.096667 | 1.076667 | 1.036667 |   0.977725 |      397 |      329 |       68 |   9.689934 |     10 | 0.880370 | 3.029247
 338 | 101100.0 | 101400.0 | 0.014157 | 0.020448 |   9.689934 |     10 | 0.880370 | 1.000000 | 1.060000 | 1.096667 | 1.036667 |   1.467155 |      395 |      318 |       77 |   9.689084 |     10 | 0.901140 | 2.503306
 339 | 101400.0 | 101700.0 | 0.014134 | 0.020440 |   9.689084 |     10 | 0.901140 | 1.000000 | 1.076667 | 1.180000 | 1.033333 |   3.587764 |      396 |      323 |       73 |   9.688001 |     10 | 0.951851 | 1.219227
 340 | 101700.0 | 102000.0 | 0.014112 | 0.020432 |   9.688001 |     10 | 0.951851 | 1.000000 | 1.026667 | 0.603333 | 1.140000 | -13.133011 |      359 |      308 |       52 |   9.687624 |     10 | 0.766520 | 5.912119
 341 | 102000.0 | 102300.0 | 0.014089 | 0.020424 |   9.687624 |     10 | 0.766520 | 1.000000 | 1.010000 | 0.976667 | 0.843333 |   3.264113 |      390 |      303 |       86 |   9.687483 |     10 | 0.812509 | 4.747587
 342 | 102300.0 | 102600.0 | 0.014067 | 0.020416 |   9.687483 |     10 | 0.812509 | 1.000000 | 0.980000 | 1.030000 | 0.980000 |   1.224512 |      389 |      294 |       95 |   9.687765 |     10 | 0.829735 | 4.311413
 343 | 102600.0 | 102900.0 | 0.014045 | 0.020409 |   9.687765 |     10 | 0.829735 | 1.000000 | 1.123333 | 1.056667 | 0.953333 |   2.531625 |      400 |      337 |       63 |   9.686032 |     10 | 0.865291 | 3.411066
 344 | 102900.0 | 103200.0 | 0.014023 | 0.020401 |   9.686032 |     10 | 0.865291 | 1.000000 | 1.066667 | 1.046667 | 1.060000 |  -0.326786 |      395 |      320 |       75 |   9.685098 |     10 | 0.860708 | 3.527100
 345 | 103200.0 | 103500.0 | 0.014001 | 0.020393 |   9.685098 |     10 | 0.860708 | 1.000000 | 1.053333 | 1.053333 | 1.126667 |  -1.798005 |      395 |      316 |       79 |   9.684351 |     10 | 0.835535 | 4.164530
 346 | 103500.0 | 103800.0 | 0.013979 | 0.020385 |   9.684351 |     10 | 0.835535 | 1.000000 | 1.063333 | 1.020000 | 0.990000 |   0.735827 |      395 |      319 |       76 |   9.683466 |     10 | 0.845821 | 3.904074
 347 | 103800.0 | 104100.0 | 0.013957 | 0.020378 |   9.683466 |     10 | 0.845821 | 1.000000 | 1.093333 | 1.120000 | 1.010000 |   2.699052 |      397 |      328 |       69 |   9.682163 |     10 | 0.883491 | 2.950204
 348 | 104100.0 | 104400.0 | 0.013935 | 0.020370 |   9.682163 |     10 | 0.883491 | 1.000000 | 1.033333 | 1.123333 | 1.016667 |   2.618250 |      392 |      310 |       82 |   9.681698 |     10 | 0.919976 | 2.026336
 349 | 104400.0 | 104700.0 | 0.013913 | 0.020362 |   9.681698 |     10 | 0.919976 | 1.000000 | 1.140000 | 1.093333 | 1.046667 |   1.145916 |      400 |      342 |       59 |   9.679751 |     10 | 0.935920 | 1.622623
 350 | 104700.0 | 105000.0 | 0.013892 | 0.020355 |   9.679751 |     10 | 0.935920 | 1.000000 | 1.113333 | 0.936667 | 1.086667 |  -3.684684 |      391 |      334 |       56 |   9.678176 |     10 | 0.884734 | 2.918741
 351 | 105000.0 | 105300.0 | 0.013870 | 0.020347 |   9.678176 |     10 | 0.884734 | 1.000000 | 1.080000 | 1.070000 | 1.053333 |   0.409563 |      399 |      324 |       75 |   9.677067 |     10 | 0.890414 | 2.774898
 352 | 105300.0 | 105600.0 | 0.013849 | 0.020339 |   9.677067 |     10 | 0.890414 | 1.000000 | 1.046667 | 1.103333 | 1.046667 |   1.393034 |      390 |      314 |       76 |   9.676420 |     10 | 0.909706 | 2.286405
 353 | 105600.0 | 105900.0 | 0.013827 | 0.020332 |   9.676420 |     10 | 0.909706 | 1.000000 | 1.113333 | 1.143333 | 1.046667 |   2.377237 |      398 |      334 |       64 |   9.674853 |     10 | 0.942576 | 1.454073
 354 | 105900.0 | 106200.0 | 0.013806 | 0.020324 |   9.674853 |     10 | 0.942576 | 1.000000 | 1.143333 | 0.800000 | 1.040000 |  -5.904300 |      390 |      343 |       49 |   9.672874 |     10 | 0.861063 | 3.518134
 355 | 106200.0 | 106500.0 | 0.013785 | 0.020317 |   9.672874 |     10 | 0.861063 | 1.000000 | 1.020000 | 1.056667 | 1.026667 |   0.738311 |      392 |      306 |       84 |   9.672599 |     10 | 0.871240 | 3.260427
 356 | 106500.0 | 106800.0 | 0.013763 | 0.020309 |   9.672599 |     10 | 0.871240 | 1.000000 | 1.093333 | 1.076667 | 1.083333 |  -0.164130 |      398 |      328 |       70 |   9.671314 |     10 | 0.868981 | 3.317629
 357 | 106800.0 | 107100.0 | 0.013742 | 0.020302 |   9.671314 |     10 | 0.868981 | 1.000000 | 1.046667 | 1.083333 | 1.016667 |   1.641905 |      393 |      314 |       80 |   9.670673 |     10 | 0.891544 | 2.746282
 358 | 107100.0 | 107400.0 | 0.013721 | 0.020294 |   9.670673 |     10 | 0.891544 | 1.000000 | 1.156667 | 1.053333 | 1.080000 |  -0.657004 |      403 |      347 |       55 |   9.668523 |     10 | 0.882529 | 2.974555
 359 | 107400.0 | 107700.0 | 0.013700 | 0.020287 |   9.668523 |     10 | 0.882529 | 1.000000 | 1.123333 | 1.063333 | 1.063333 |   0.000000 |      400 |      337 |       63 |   9.666834 |     10 | 0.882529 | 2.974555
 360 | 107700.0 | 108000.0 | 0.013679 | 0.020279 |   9.666834 |     10 | 0.882529 | 1.000000 | 1.073333 | 1.070000 | 1.050000 |   0.493114 |      395 |      322 |       73 |   9.665830 |     10 | 0.889275 | 2.803746
 361 | 108000.0 | 108300.0 | 0.013659 | 0.020272 |   9.665830 |     10 | 0.889275 | 1.000000 | 1.086667 | 1.070000 | 1.036667 |   0.822157 |      397 |      326 |       71 |   9.664647 |     10 | 0.900505 | 2.519394
 362 | 108300.0 | 108600.0 | 0.013638 | 0.020264 |   9.664647 |     10 | 0.900505 | 1.000000 | 1.130000 | 1.073333 | 1.203333 |  -3.207583 |      400 |      339 |       61 |   9.662874 |     10 | 0.856760 | 3.627093
 363 | 108600.0 | 108900.0 | 0.013617 | 0.020257 |   9.662874 |     10 | 0.856760 | 1.000000 | 1.073333 | 1.093333 | 0.970000 |   3.044199 |      396 |      322 |       74 |   9.661875 |     10 | 0.898214 | 2.577406
 364 | 108900.0 | 109200.0 | 0.013597 | 0.020250 |   9.661875 |     10 | 0.898214 | 1.000000 | 1.163333 | 1.083333 | 1.030000 |   1.316888 |      404 |      349 |       55 |   9.659654 |     10 | 0.916119 | 2.124009
 365 | 109200.0 | 109500.0 | 0.013576 | 0.020242 |   9.659654 |     10 | 0.916119 | 1.000000 | 1.126667 | 1.140000 | 1.106667 |   0.823353 |      397 |      338 |       60 |   9.657935 |     10 | 0.927297 | 1.840959
 366 | 109500.0 | 109800.0 | 0.013556 | 0.020235 |   9.657935 |     10 | 0.927297 | 1.000000 | 1.160000 | 1.010000 | 1.133333 |  -3.047505 |      403 |      348 |       54 |   9.655766 |     10 | 0.885985 | 2.887046
 367 | 109800.0 | 110100.0 | 0.013536 | 0.020228 |   9.655766 |     10 | 0.885985 | 1.000000 | 1.080000 | 1.076667 | 1.043333 |   0.823947 |      395 |      324 |       71 |   9.654683 |     10 | 0.897138 | 2.604642
 368 | 110100.0 | 110400.0 | 0.013515 | 0.020221 |   9.654683 |     10 | 0.897138 | 1.000000 | 1.103333 | 1.150000 | 1.010000 |   3.461820 |      398 |      331 |       68 |   9.653286 |     10 | 0.943926 | 1.419895
 369 | 110400.0 | 110700.0 | 0.013495 | 0.020213 |   9.653286 |     10 | 0.943926 | 1.000000 | 1.083333 | 0.763333 | 1.066667 |  -7.503299 |      385 |      325 |       59 |   9.652162 |     10 | 0.842667 | 3.983933
 370 | 110700.0 | 111000.0 | 0.013475 | 0.020206 |   9.652162 |     10 | 0.842667 | 1.000000 | 1.103333 | 1.023333 | 1.000000 |   0.577383 |      400 |      331 |       69 |   9.650769 |     10 | 0.850448 | 3.786923
 371 | 111000.0 | 111300.0 | 0.013455 | 0.020199 |   9.650769 |     10 | 0.850448 | 1.000000 | 0.963333 | 1.113333 | 1.003333 |   2.722921 |      385 |      289 |       96 |   9.651263 |     10 | 0.887085 | 2.859210
 372 | 111300.0 | 111600.0 | 0.013435 | 0.020192 |   9.651263 |     10 | 0.887085 | 1.000000 | 1.123333 | 1.100000 | 1.050000 |   1.238132 |      400 |      337 |       63 |   9.649606 |     10 | 0.903719 | 2.437998
 373 | 111600.0 | 111900.0 | 0.013415 | 0.020185 |   9.649606 |     10 | 0.903719 | 1.000000 | 1.106667 | 1.100000 | 1.070000 |   0.743143 |      398 |      332 |       66 |   9.648175 |     10 | 0.913689 | 2.185555
 374 | 111900.0 | 112200.0 | 0.013395 | 0.020177 |   9.648175 |     10 | 0.913689 | 1.000000 | 1.073333 | 1.090000 | 1.073333 |   0.413003 |      392 |      322 |       70 |   9.647192 |     10 | 0.919221 | 2.045467
 375 | 112200.0 | 112500.0 | 0.013376 | 0.020170 |   9.647192 |     10 | 0.919221 | 1.000000 | 1.110000 | 1.036667 | 1.093333 |  -1.404708 |      399 |      333 |       66 |   9.645721 |     10 | 0.900432 | 2.521233
 376 | 112500.0 | 112800.0 | 0.013356 | 0.020163 |   9.645721 |     10 | 0.900432 | 1.000000 | 1.143333 | 1.123333 | 1.056667 |   1.653180 |      402 |      343 |       59 |   9.643807 |     10 | 0.922512 | 1.962134
 377 | 112800.0 | 113100.0 | 0.013336 | 0.020156 |   9.643807 |     10 | 0.922512 | 1.000000 | 1.030000 | 1.083333 | 1.160000 |  -1.901826 |      385 |      309 |       76 |   9.643406 |     10 | 0.897148 | 2.604380
 378 | 113100.0 | 113400.0 | 0.013317 | 0.020149 |   9.643406 |     10 | 0.897148 | 1.000000 | 1.113333 | 1.153333 | 1.040000 |   2.812381 |      399 |      334 |       65 |   9.641897 |     10 | 0.934600 | 1.656032
 379 | 113400.0 | 113700.0 | 0.013297 | 0.020142 |   9.641897 |     10 | 0.934600 | 1.000000 | 1.150000 | 0.926667 | 1.113333 |  -4.633780 |      397 |      345 |       52 |   9.639903 |     10 | 0.872983 | 3.216280
 380 | 113700.0 | 114000.0 | 0.013278 | 0.020135 |   9.639903 |     10 | 0.872983 | 1.000000 | 1.090000 | 1.073333 | 0.983333 |   2.234924 |      397 |      327 |       70 |   9.638708 |     10 | 0.902659 | 2.464852
 381 | 114000.0 | 114300.0 | 0.013259 | 0.020128 |   9.638708 |     10 | 0.902659 | 1.000000 | 1.150000 | 1.123333 | 1.023333 |   2.484114 |      402 |      345 |       57 |   9.636719 |     10 | 0.935595 | 1.630858
 382 | 114300.0 | 114600.0 | 0.013239 | 0.020121 |   9.636719 |     10 | 0.935595 | 1.000000 | 1.143333 | 0.990000 | 1.110000 |  -2.981974 |      396 |      343 |       53 |   9.634821 |     10 | 0.896115 | 2.630545
 383 | 114600.0 | 114900.0 | 0.013220 | 0.020114 |   9.634821 |     10 | 0.896115 | 1.000000 | 1.076667 | 1.083333 | 1.123333 |  -0.994336 |      395 |      323 |       72 |   9.633808 |     10 | 0.882970 | 2.963406
 384 | 114900.0 | 115200.0 | 0.013201 | 0.020107 |   9.633808 |     10 | 0.882970 | 1.000000 | 1.060000 | 1.100000 | 0.993333 |   2.652480 |      393 |      318 |       75 |   9.633016 |     10 | 0.917985 | 2.076753
 385 | 115200.0 | 115500.0 | 0.013182 | 0.020100 |   9.633016 |     10 | 0.917985 | 1.000000 | 1.073333 | 1.166667 | 1.053333 |   2.819234 |      394 |      322 |       72 |   9.632049 |     10 | 0.955148 | 1.135720
 386 | 115500.0 | 115800.0 | 0.013163 | 0.020093 |   9.632049 |     10 | 0.955148 | 1.000000 | 0.973333 | 0.510000 | 1.090000 | -14.432812 |      340 |      292 |       50 |   9.632400 |     10 | 0.765169 | 5.946315
 387 | 115800.0 | 116100.0 | 0.013144 | 0.020086 |   9.632400 |     10 | 0.765169 | 1.000000 | 0.993333 | 0.990000 | 0.900000 |   2.240344 |      389 |      298 |       89 |   9.632488 |     10 | 0.794617 | 5.200660
 388 | 116100.0 | 116400.0 | 0.013125 | 0.020079 |   9.632488 |     10 | 0.794617 | 1.000000 | 0.996667 | 1.003333 | 0.906667 |   2.407121 |      390 |      299 |       91 |   9.632531 |     10 | 0.826211 | 4.400647
 389 | 116400.0 | 116700.0 | 0.013106 | 0.020072 |   9.632531 |     10 | 0.826211 | 1.000000 | 1.083333 | 1.030000 | 0.923333 |   2.657042 |      397 |      325 |       72 |   9.631439 |     10 | 0.861035 | 3.518836
 390 | 116700.0 | 117000.0 | 0.013088 | 0.020066 |   9.631439 |     10 | 0.861035 | 1.000000 | 1.060000 | 1.076667 | 0.940000 |   3.405497 |      396 |      318 |       78 |   9.630654 |     10 | 0.905605 | 2.390246
 391 | 117000.0 | 117300.0 | 0.013069 | 0.020059 |   9.630654 |     10 | 0.905605 | 1.000000 | 1.076667 | 1.133333 | 1.063333 |   1.744873 |      395 |      323 |       72 |   9.629652 |     10 | 0.928409 | 1.812815
 392 | 117300.0 | 117600.0 | 0.013050 | 0.020052 |   9.629652 |     10 | 0.928409 | 1.000000 | 1.116667 | 1.066667 | 1.070000 |  -0.083117 |      395 |      335 |       60 |   9.628129 |     10 | 0.927324 | 1.840282
 393 | 117600.0 | 117900.0 | 0.013032 | 0.020045 |   9.628129 |     10 | 0.927324 | 1.000000 | 1.133333 | 1.076667 | 1.133333 |  -1.413475 |      397 |      340 |       58 |   9.626392 |     10 | 0.908904 | 2.306714
 394 | 117900.0 | 118200.0 | 0.013013 | 0.020038 |   9.626392 |     10 | 0.908904 | 1.000000 | 1.130000 | 1.100000 | 1.080000 |   0.499042 |      400 |      339 |       60 |   9.624700 |     10 | 0.915398 | 2.142268
 395 | 118200.0 | 118500.0 | 0.012995 | 0.020032 |   9.624700 |     10 | 0.915398 | 1.000000 | 1.120000 | 1.110000 | 1.036667 |   1.830440 |      398 |      336 |       62 |   9.623141 |     10 | 0.939185 | 1.539952
 396 | 118500.0 | 118800.0 | 0.012977 | 0.020025 |   9.623141 |     10 | 0.939185 | 1.000000 | 1.103333 | 0.856667 | 1.103333 |  -6.159007 |      390 |      331 |       60 |   9.621800 |     10 | 0.859261 | 3.563748
 397 | 118800.0 | 119100.0 | 0.012958 | 0.020018 |   9.621800 |     10 | 0.859261 | 1.000000 | 1.106667 | 1.090000 | 1.026667 |   1.581898 |      399 |      332 |       66 |   9.620417 |     10 | 0.879760 | 3.044682
 398 | 119100.0 | 119400.0 | 0.012940 | 0.020011 |   9.620417 |     10 | 0.879760 | 1.000000 | 1.110000 | 1.103333 | 1.000000 |   2.581857 |      400 |      333 |       67 |   9.618994 |     10 | 0.913170 | 2.198693
 399 | 119400.0 | 119700.0 | 0.012922 | 0.020005 |   9.618994 |     10 | 0.913170 | 1.000000 | 1.106667 | 1.080000 | 1.073333 |   0.166627 |      396 |      332 |       64 |   9.617616 |     10 | 0.915323 | 2.144171
 400 | 119700.0 | 120000.0 | 0.012904 | 0.019998 |   9.617616 |     10 | 0.915323 | 1.000000 | 1.120000 | 1.083333 | 1.056667 |   0.666731 |      397 |      336 |       61 |   9.616067 |     10 | 0.923926 | 1.926318
 401 | 120000.0 | 120300.0 | 0.012886 | 0.019991 |   9.616067 |     10 | 0.923926 | 1.000000 | 1.183333 | 1.120000 | 1.020000 |   2.501074 |      403 |      355 |       48 |   9.613705 |     10 | 0.956155 | 1.110237
 402 | 120300.0 | 120600.0 | 0.012868 | 0.019985 |   9.613705 |     10 | 0.956155 | 1.000000 | 0.956667 | 0.520000 | 1.056667 | -13.426889 |      332 |      287 |       48 |   9.614262 |     10 | 0.783379 | 5.485216
 403 | 120600.0 | 120900.0 | 0.012850 | 0.019978 |   9.614262 |     10 | 0.783379 | 1.000000 | 0.930000 | 1.010000 | 0.913333 |   2.419310 |      384 |      279 |      102 |   9.615162 |     10 | 0.814467 | 4.698012
 404 | 120900.0 | 121200.0 | 0.012832 | 0.019972 |   9.615162 |     10 | 0.814467 | 1.000000 | 1.053333 | 1.050000 | 0.983333 |   1.669041 |      395 |      316 |       79 |   9.614478 |     10 | 0.835884 | 4.155688
 405 | 121200.0 | 121500.0 | 0.012814 | 0.019965 |   9.614478 |     10 | 0.835884 | 1.000000 | 1.083333 | 1.050000 | 0.986667 |   1.586113 |      397 |      325 |       72 |   9.613410 |     10 | 0.856209 | 3.641024
 406 | 121500.0 | 121800.0 | 0.012797 | 0.019958 |   9.613410 |     10 | 0.856209 | 1.000000 | 1.066667 | 1.026667 | 1.020000 |   0.167014 |      396 |      320 |       76 |   9.612557 |     10 | 0.858347 | 3.586907
 407 | 121800.0 | 122100.0 | 0.012779 | 0.019952 |   9.612557 |     10 | 0.858347 | 1.000000 | 1.073333 | 1.106667 | 0.990000 |   2.923710 |      394 |      322 |       72 |   9.611619 |     10 | 0.895709 | 2.640840
 408 | 122100.0 | 122400.0 | 0.012761 | 0.019945 |   9.611619 |     10 | 0.895709 | 1.000000 | 1.130000 | 1.186667 | 1.090000 |   2.423297 |      402 |      339 |       63 |   9.609960 |     10 | 0.926633 | 1.857779
 409 | 122400.0 | 122700.0 | 0.012744 | 0.019939 |   9.609960 |     10 | 0.926633 | 1.000000 | 1.103333 | 1.090000 | 1.070000 |   0.501536 |      393 |      331 |       62 |   9.608644 |     10 | 0.933024 | 1.695937
 410 | 122700.0 | 123000.0 | 0.012726 | 0.019932 |   9.608644 |     10 | 0.933024 | 1.000000 | 1.076667 | 1.056667 | 1.086667 |  -0.752549 |      389 |      323 |       67 |   9.607668 |     10 | 0.923447 | 1.938447
 411 | 123000.0 | 123300.0 | 0.012709 | 0.019926 |   9.607668 |     10 | 0.923447 | 1.000000 | 1.076667 | 1.093333 | 1.070000 |   0.585507 |      391 |      323 |       67 |   9.606694 |     10 | 0.930888 | 1.750025
 412 | 123300.0 | 123600.0 | 0.012691 | 0.019919 |   9.606694 |     10 | 0.930888 | 1.000000 | 1.083333 | 1.053333 | 1.150000 |  -2.426459 |      391 |      325 |       66 |   9.605636 |     10 | 0.900093 | 2.529814
 413 | 123600.0 | 123900.0 | 0.012674 | 0.019913 |   9.605636 |     10 | 0.900093 | 1.000000 | 1.090000 | 1.140000 | 1.083333 |   1.422869 |      397 |      327 |       70 |   9.604495 |     10 | 0.918127 | 2.073172
 414 | 123900.0 | 124200.0 | 0.012657 | 0.019906 |   9.604495 |     10 | 0.918127 | 1.000000 | 1.140000 | 1.110000 | 1.043333 |   1.674505 |      400 |      342 |       58 |   9.602723 |     10 | 0.939321 | 1.536505
 415 | 124200.0 | 124500.0 | 0.012640 | 0.019900 |   9.602723 |     10 | 0.939321 | 1.000000 | 1.133333 | 0.876667 | 1.103333 |  -5.695156 |      394 |      340 |       54 |   9.601038 |     10 | 0.867336 | 3.359282
 416 | 124500.0 | 124800.0 | 0.012622 | 0.019894 |   9.601038 |     10 | 0.867336 | 1.000000 | 1.056667 | 1.110000 | 0.976667 |   3.351171 |      394 |      317 |       77 |   9.600323 |     10 | 0.909636 | 2.288170
 417 | 124800.0 | 125100.0 | 0.012605 | 0.019887 |   9.600323 |     10 | 0.909636 | 1.000000 | 1.113333 | 1.053333 | 1.086667 |  -0.838062 |      397 |      334 |       63 |   9.598894 |     10 | 0.899072 | 2.555672
 418 | 125100.0 | 125400.0 | 0.012588 | 0.019881 |   9.598894 |     10 | 0.899072 | 1.000000 | 1.206667 | 1.093333 | 1.080000 |   0.335332 |      407 |      362 |       45 |   9.596293 |     10 | 0.903293 | 2.448781
 419 | 125400.0 | 125700.0 | 0.012571 | 0.019874 |   9.596293 |     10 | 0.903293 | 1.000000 | 1.110000 | 1.060000 | 1.056667 |   0.083860 |      399 |      333 |       66 |   9.594910 |     10 | 0.904347 | 2.422086
 420 | 125700.0 | 126000.0 | 0.012554 | 0.019868 |   9.594910 |     10 | 0.904347 | 1.000000 | 1.160000 | 1.116667 | 1.080000 |   0.922754 |      403 |      348 |       55 |   9.592901 |     10 | 0.915932 | 2.128742
 421 | 126000.0 | 126300.0 | 0.012538 | 0.019862 |   9.592901 |     10 | 0.915932 | 1.000000 | 1.113333 | 1.066667 | 1.053333 |   0.335654 |      395 |      334 |       63 |   9.591480 |     10 | 0.920140 | 2.022181
 422 | 126300.0 | 126600.0 | 0.012521 | 0.019855 |   9.591480 |     10 | 0.920140 | 1.000000 | 1.100000 | 1.143333 | 1.096667 |   1.175163 |      397 |      330 |       65 |   9.590228 |     10 | 0.934854 | 1.649599
 423 | 126600.0 | 126900.0 | 0.012504 | 0.019849 |   9.590228 |     10 | 0.934854 | 1.000000 | 1.160000 | 0.983333 | 1.073333 |  -2.267105 |      398 |      348 |       50 |   9.588227 |     10 | 0.906506 | 2.367416
 424 | 126900.0 | 127200.0 | 0.012487 | 0.019843 |   9.588227 |     10 | 0.906506 | 1.000000 | 1.083333 | 1.113333 | 1.093333 |   0.503961 |      395 |      325 |       71 |   9.587187 |     10 | 0.912800 | 2.208064
 425 | 127200.0 | 127500.0 | 0.012471 | 0.019837 |   9.587187 |     10 | 0.912800 | 1.000000 | 1.153333 | 1.046667 | 1.096667 |  -1.260300 |      401 |      346 |       54 |   9.585275 |     10 | 0.897083 | 2.606039
 426 | 127500.0 | 127800.0 | 0.012454 | 0.019830 |   9.585275 |     10 | 0.897083 | 1.000000 | 1.123333 | 1.096667 | 1.073333 |   0.588326 |      402 |      337 |       65 |   9.583739 |     10 | 0.904410 | 2.420506
 427 | 127800.0 | 128100.0 | 0.012437 | 0.019824 |   9.583739 |     10 | 0.904410 | 1.000000 | 1.116667 | 1.130000 | 1.086667 |   1.092949 |      397 |      335 |       62 |   9.582288 |     10 | 0.918003 | 2.076294
 428 | 128100.0 | 128400.0 | 0.012421 | 0.019818 |   9.582288 |     10 | 0.918003 | 1.000000 | 1.116667 | 1.113333 | 1.050000 |   1.597889 |      398 |      335 |       63 |   9.580838 |     10 | 0.937851 | 1.573725
 429 | 128400.0 | 128700.0 | 0.012405 | 0.019812 |   9.580838 |     10 | 0.937851 | 1.000000 | 1.113333 | 0.940000 | 1.073333 |  -3.365031 |      390 |      334 |       58 |   9.579433 |     10 | 0.896109 | 2.630697
 430 | 128700.0 | 129000.0 | 0.012388 | 0.019805 |   9.579433 |     10 | 0.896109 | 1.000000 | 1.120000 | 1.126667 | 1.026667 |   2.524563 |      400 |      336 |       62 |   9.577946 |     10 | 0.927384 | 1.838768
 431 | 129000.0 | 129300.0 | 0.012372 | 0.019799 |   9.577946 |     10 | 0.927384 | 1.000000 | 1.076667 | 1.143333 | 1.116667 |   0.673427 |      392 |      323 |       69 |   9.576998 |     10 | 0.935715 | 1.627799
 432 | 129300.0 | 129600.0 | 0.012356 | 0.019793 |   9.576998 |     10 | 0.935715 | 1.000000 | 1.096667 | 0.940000 | 1.103333 |  -4.126025 |      390 |      329 |       61 |   9.575803 |     10 | 0.884736 | 2.918682
 433 | 129600.0 | 129900.0 | 0.012339 | 0.019787 |   9.575803 |     10 | 0.884736 | 1.000000 | 1.106667 | 1.093333 | 1.053333 |   1.010769 |      397 |      332 |       65 |   9.574487 |     10 | 0.897208 | 2.602865
 434 | 129900.0 | 130200.0 | 0.012323 | 0.019781 |   9.574487 |     10 | 0.897208 | 1.000000 | 1.086667 | 1.103333 | 1.130000 |  -0.674055 |      397 |      326 |       71 |   9.573419 |     10 | 0.888902 | 2.813199
 435 | 130200.0 | 130500.0 | 0.012307 | 0.019775 |   9.573419 |     10 | 0.888902 | 1.000000 | 1.096667 | 1.046667 | 1.083333 |  -0.927113 |      398 |      329 |       69 |   9.572229 |     10 | 0.877492 | 3.102119
 436 | 130500.0 | 130800.0 | 0.012291 | 0.019769 |   9.572229 |     10 | 0.877492 | 1.000000 | 1.100000 | 1.053333 | 1.043333 |   0.252927 |      397 |      330 |       67 |   9.571000 |     10 | 0.880600 | 3.023401
 437 | 130800.0 | 131100.0 | 0.012275 | 0.019762 |   9.571000 |     10 | 0.880600 | 1.000000 | 1.100000 | 1.036667 | 1.053333 |  -0.421675 |      399 |      330 |       69 |   9.569773 |     10 | 0.875424 | 3.154467
 438 | 131100.0 | 131400.0 | 0.012259 | 0.019756 |   9.569773 |     10 | 0.875424 | 1.000000 | 1.116667 | 1.073333 | 1.073333 |   0.000000 |      399 |      335 |       64 |   9.568342 |     10 | 0.875424 | 3.154467
 439 | 131400.0 | 131700.0 | 0.012243 | 0.019750 |   9.568342 |     10 | 0.875424 | 1.000000 | 1.086667 | 1.066667 | 1.086667 |  -0.506321 |      398 |      326 |       72 |   9.567281 |     10 | 0.869226 | 3.311434
 440 | 131700.0 | 132000.0 | 0.012227 | 0.019744 |   9.567281 |     10 | 0.869226 | 1.000000 | 1.120000 | 1.053333 | 0.990000 |   1.603843 |      400 |      336 |       64 |   9.565814 |     10 | 0.888836 | 2.814865
 441 | 132000.0 | 132300.0 | 0.012211 | 0.019738 |   9.565814 |     10 | 0.888836 | 1.000000 | 1.113333 | 1.063333 | 1.096667 |  -0.844386 |      399 |      334 |       65 |   9.564430 |     10 | 0.878525 | 3.075959
 442 | 132300.0 | 132600.0 | 0.012196 | 0.019732 |   9.564430 |     10 | 0.878525 | 1.000000 | 1.073333 | 1.146667 | 1.036667 |   2.787324 |      396 |      322 |       74 |   9.563536 |     10 | 0.912518 | 2.215201
 443 | 132600.0 | 132900.0 | 0.012180 | 0.019726 |   9.563536 |     10 | 0.912518 | 1.000000 | 1.080000 | 1.113333 | 1.063333 |   1.267351 |      394 |      324 |       70 |   9.562562 |     10 | 0.927954 | 1.824332
 444 | 132900.0 | 133200.0 | 0.012164 | 0.019720 |   9.562562 |     10 | 0.927954 | 1.000000 | 1.133333 | 1.096667 | 1.140000 |  -1.098705 |      398 |      340 |       58 |   9.560940 |     10 | 0.914589 | 2.162752
 445 | 133200.0 | 133500.0 | 0.012148 | 0.019714 |   9.560940 |     10 | 0.914589 | 1.000000 | 1.100000 | 1.130000 | 1.180000 |  -1.268121 |      396 |      330 |       66 |   9.559725 |     10 | 0.899183 | 2.552852
 446 | 133500.0 | 133800.0 | 0.012133 | 0.019708 |   9.559725 |     10 | 0.899183 | 1.000000 | 1.156667 | 1.030000 | 1.036667 |  -0.169134 |      402 |      347 |       55 |   9.557824 |     10 | 0.897131 | 2.604814
 447 | 133800.0 | 134100.0 | 0.012117 | 0.019702 |   9.557824 |     10 | 0.897131 | 1.000000 | 1.006667 | 1.063333 | 1.040000 |   0.592148 |      389 |      302 |       88 |   9.557743 |     10 | 0.904307 | 2.423124
 448 | 134100.0 | 134400.0 | 0.012102 | 0.019696 |   9.557743 |     10 | 0.904307 | 1.000000 | 1.053333 | 1.126667 | 1.053333 |   1.861598 |      393 |      316 |       76 |   9.557098 |     10 | 0.926835 | 1.852654
 449 | 134400.0 | 134700.0 | 0.012086 | 0.019690 |   9.557098 |     10 | 0.926835 | 1.000000 | 1.043333 | 1.103333 | 1.046667 |   1.438940 |      389 |      313 |       76 |   9.556574 |     10 | 0.944227 | 1.412266
 450 | 134700.0 | 135000.0 | 0.012071 | 0.019685 |   9.556574 |     10 | 0.944227 | 1.000000 | 1.120000 | 0.806667 | 1.120000 |  -7.958883 |      387 |      336 |       55 |   9.555125 |     10 | 0.848155 | 3.844982
 451 | 135000.0 | 135300.0 | 0.012056 | 0.019679 |   9.555125 |     10 | 0.848155 | 1.000000 | 1.116667 | 1.030000 | 1.016667 |   0.338777 |      402 |      335 |       63 |   9.553719 |     10 | 0.852239 | 3.741563
 452 | 135300.0 | 135600.0 | 0.012040 | 0.019673 |   9.553719 |     10 | 0.852239 | 1.000000 | 0.986667 | 1.090000 | 1.030000 |   1.524954 |      388 |      296 |       92 |   9.553879 |     10 | 0.870600 | 3.276628
 453 | 135600.0 | 135900.0 | 0.012025 | 0.019667 |   9.553879 |     10 | 0.870600 | 1.000000 | 1.086667 | 1.096667 | 0.970000 |   3.220309 |      396 |      326 |       70 |   9.552837 |     10 | 0.909325 | 2.296047
 454 | 135900.0 | 136200.0 | 0.012010 | 0.019661 |   9.552837 |     10 | 0.909325 | 1.000000 | 1.113333 | 1.133333 | 1.080000 |   1.356324 |      398 |      334 |       64 |   9.551476 |     10 | 0.925614 | 1.883570
 455 | 136200.0 | 136500.0 | 0.011995 | 0.019655 |   9.551476 |     10 | 0.925614 | 1.000000 | 1.136667 | 1.030000 | 1.083333 |  -1.356727 |      398 |      341 |       57 |   9.549837 |     10 | 0.909341 | 2.295649
 456 | 136500.0 | 136800.0 | 0.011980 | 0.019649 |   9.549837 |     10 | 0.909341 | 1.000000 | 1.110000 | 1.113333 | 1.103333 |   0.254462 |      396 |      333 |       64 |   9.548519 |     10 | 0.912389 | 2.218459
 457 | 136800.0 | 137100.0 | 0.011965 | 0.019643 |   9.548519 |     10 | 0.912389 | 1.000000 | 1.066667 | 1.113333 | 1.050000 |   1.612069 |      394 |      320 |       73 |   9.547721 |     10 | 0.931677 | 1.730056
 458 | 137100.0 | 137400.0 | 0.011950 | 0.019638 |   9.547721 |     10 | 0.931677 | 1.000000 | 1.130000 | 1.033333 | 1.093333 |  -1.527674 |      397 |      339 |       58 |   9.546168 |     10 | 0.913422 | 2.192310
 459 | 137400.0 | 137700.0 | 0.011935 | 0.019632 |   9.546168 |     10 | 0.913422 | 1.000000 | 1.116667 | 1.063333 | 1.050000 |   0.339583 |      398 |      335 |       63 |   9.544776 |     10 | 0.917475 | 2.089685
 460 | 137700.0 | 138000.0 | 0.011920 | 0.019626 |   9.544776 |     10 | 0.917475 | 1.000000 | 1.130000 | 1.120000 | 1.060000 |   1.528575 |      399 |      339 |       60 |   9.543226 |     10 | 0.935695 | 1.628316
 461 | 138000.0 | 138300.0 | 0.011905 | 0.019620 |   9.543226 |     10 | 0.935695 | 1.000000 | 1.163333 | 0.923333 | 1.100000 |  -4.502127 |      399 |      349 |       50 |   9.541282 |     10 | 0.882097 | 2.985495
 462 | 138300.0 | 138600.0 | 0.011890 | 0.019615 |   9.541282 |     10 | 0.882097 | 1.000000 | 1.116667 | 1.136667 | 1.013333 |   3.143916 |      399 |      335 |       64 |   9.539894 |     10 | 0.919479 | 2.038933
 463 | 138600.0 | 138900.0 | 0.011875 | 0.019609 |   9.539894 |     10 | 0.919479 | 1.000000 | 1.066667 | 1.090000 | 1.036667 |   1.359929 |      392 |      320 |       72 |   9.539103 |     10 | 0.935628 | 1.629999
 464 | 138900.0 | 139200.0 | 0.011861 | 0.019603 |   9.539103 |     10 | 0.935628 | 1.000000 | 1.136667 | 0.970000 | 1.053333 |  -2.125510 |      393 |      341 |       52 |   9.537482 |     10 | 0.910419 | 2.268352
 465 | 139200.0 | 139500.0 | 0.011846 | 0.019597 |   9.537482 |     10 | 0.910419 | 1.000000 | 1.123333 | 1.060000 | 1.073333 |  -0.340181 |      400 |      337 |       63 |   9.536021 |     10 | 0.906389 | 2.370392
 466 | 139500.0 | 139800.0 | 0.011831 | 0.019592 |   9.536021 |     10 | 0.906389 | 1.000000 | 1.106667 | 1.083333 | 1.123333 |  -1.020839 |      397 |      332 |       65 |   9.534759 |     10 | 0.894311 | 2.676221
 467 | 139800.0 | 140100.0 | 0.011817 | 0.019586 |   9.534759 |     10 | 0.894311 | 1.000000 | 1.116667 | 1.066667 | 1.106667 |  -1.021136 |      399 |      335 |       64 |   9.533380 |     10 | 0.882245 | 2.981761
 468 | 140100.0 | 140400.0 | 0.011802 | 0.019580 |   9.533380 |     10 | 0.882245 | 1.000000 | 1.093333 | 1.043333 | 1.056667 |  -0.340477 |      396 |      328 |       68 |   9.532279 |     10 | 0.878227 | 3.083512
 469 | 140400.0 | 140700.0 | 0.011787 | 0.019575 |   9.532279 |     10 | 0.878227 | 1.000000 | 1.106667 | 1.103333 | 1.023333 |   2.043455 |      399 |      332 |       67 |   9.531021 |     10 | 0.902314 | 2.473583
 470 | 140700.0 | 141000.0 | 0.011773 | 0.019569 |   9.531021 |     10 | 0.902314 | 1.000000 | 1.120000 | 1.086667 | 1.026667 |   1.533034 |      400 |      336 |       64 |   9.529609 |     10 | 0.920362 | 2.016565
 471 | 141000.0 | 141300.0 | 0.011759 | 0.019563 |   9.529609 |     10 | 0.920362 | 1.000000 | 1.153333 | 1.060000 | 1.076667 |  -0.425965 |      401 |      346 |       55 |   9.527806 |     10 | 0.915353 | 2.143396
 472 | 141300.0 | 141600.0 | 0.011744 | 0.019558 |   9.527806 |     10 | 0.915353 | 1.000000 | 1.136667 | 1.143333 | 1.113333 |   0.766958 |      399 |      341 |       58 |   9.526201 |     10 | 0.924361 | 1.915315
 473 | 141600.0 | 141900.0 | 0.011730 | 0.019552 |   9.526201 |     10 | 0.924361 | 1.000000 | 1.136667 | 1.110000 | 1.030000 |   2.045810 |      398 |      341 |       57 |   9.524597 |     10 | 0.948358 | 1.307670
 474 | 141900.0 | 142200.0 | 0.011716 | 0.019547 |   9.524597 |     10 | 0.948358 | 1.000000 | 1.063333 | 0.716667 | 1.166667 | -11.510978 |      373 |      319 |       56 |   9.523855 |     10 | 0.813501 | 4.722484
 475 | 142200.0 | 142500.0 | 0.011701 | 0.019541 |   9.523855 |     10 | 0.813501 | 1.000000 | 1.063333 | 1.023333 | 0.963333 |   1.535236 |      394 |      319 |       73 |   9.523114 |     10 | 0.831465 | 4.267600
 476 | 142500.0 | 142800.0 | 0.011687 | 0.019535 |   9.523114 |     10 | 0.831465 | 1.000000 | 1.080000 | 1.043333 | 1.030000 |   0.341261 |      398 |      324 |       74 |   9.522179 |     10 | 0.835453 | 4.166608
 477 | 142800.0 | 143100.0 | 0.011673 | 0.019530 |   9.522179 |     10 | 0.835453 | 1.000000 | 1.083333 | 1.036667 | 1.040000 |  -0.085340 |      399 |      325 |       74 |   9.521207 |     10 | 0.834457 | 4.191833
 478 | 143100.0 | 143400.0 | 0.011659 | 0.019524 |   9.521207 |     10 | 0.834457 | 1.000000 | 1.030000 | 1.013333 | 1.010000 |   0.085364 |      391 |      309 |       82 |   9.520857 |     10 | 0.835452 | 4.166632
 479 | 143400.0 | 143700.0 | 0.011645 | 0.019519 |   9.520857 |     10 | 0.835452 | 1.000000 | 1.020000 | 1.086667 | 0.990000 |   2.476253 |      391 |      306 |       86 |   9.520624 |     10 | 0.864287 | 3.436480
 480 | 143700.0 | 144000.0 | 0.011631 | 0.019513 |   9.520624 |     10 | 0.864287 | 1.000000 | 1.133333 | 1.143333 | 1.013333 |   3.331077 |      402 |      340 |       61 |   9.519073 |     10 | 0.903030 | 2.455459
 481 | 144000.0 | 144300.0 | 0.011617 | 0.019508 |   9.519073 |     10 | 0.903030 | 1.000000 | 1.073333 | 1.103333 | 1.076667 |   0.683491 |      395 |      322 |       73 |   9.518221 |     10 | 0.910969 | 2.254409
 482 | 144300.0 | 144600.0 | 0.011603 | 0.019502 |   9.518221 |     10 | 0.910969 | 1.000000 | 1.083333 | 1.106667 | 1.126667 |  -0.512763 |      395 |      325 |       70 |   9.517255 |     10 | 0.905020 | 2.405058
 483 | 144600.0 | 144900.0 | 0.011589 | 0.019497 |   9.517255 |     10 | 0.905020 | 1.000000 | 1.170000 | 1.073333 | 1.073333 |   0.000000 |      404 |      351 |       53 |   9.515284 |     10 | 0.905020 | 2.405058
 484 | 144900.0 | 145200.0 | 0.011575 | 0.019491 |   9.515284 |     10 | 0.905020 | 1.000000 | 1.170000 | 1.086667 | 1.043333 |   1.111612 |      403 |      351 |       52 |   9.513317 |     10 | 0.917887 | 2.079253
 485 | 145200.0 | 145500.0 | 0.011561 | 0.019486 |   9.513317 |     10 | 0.917887 | 1.000000 | 1.076667 | 1.136667 | 1.083333 |   1.368522 |      392 |      323 |       69 |   9.512430 |     10 | 0.933708 | 1.678630
 486 | 145500.0 | 145800.0 | 0.011547 | 0.019480 |   9.512430 |     10 | 0.933708 | 1.000000 | 1.143333 | 1.020000 | 1.073333 |  -1.368905 |      396 |      343 |       53 |   9.510775 |     10 | 0.917901 | 2.078886
 487 | 145800.0 | 146100.0 | 0.011533 | 0.019475 |   9.510775 |     10 | 0.917901 | 1.000000 | 1.076667 | 1.060000 | 1.160000 |  -2.567415 |      393 |      323 |       70 |   9.509891 |     10 | 0.888290 | 2.828681
 488 | 146100.0 | 146400.0 | 0.011520 | 0.019469 |   9.509891 |     10 | 0.888290 | 1.000000 | 1.080000 | 1.133333 | 1.060000 |   1.883297 |      396 |      324 |       72 |   9.508970 |     10 | 0.909985 | 2.279333
 489 | 146400.0 | 146700.0 | 0.011506 | 0.019464 |   9.508970 |     10 | 0.909985 | 1.000000 | 1.080000 | 1.126667 | 1.093333 |   0.856282 |      396 |      324 |       72 |   9.508049 |     10 | 0.919837 | 2.029857
 490 | 146700.0 | 147000.0 | 0.011492 | 0.019459 |   9.508049 |     10 | 0.919837 | 1.000000 | 1.086667 | 1.106667 | 1.010000 |   2.483910 |      393 |      326 |       67 |   9.507053 |     10 | 0.948383 | 1.307033
 491 | 147000.0 | 147300.0 | 0.011479 | 0.019453 |   9.507053 |     10 | 0.948383 | 1.000000 | 1.120000 | 0.690000 | 1.160000 | -12.080292 |      381 |      336 |       46 |   9.505676 |     10 | 0.809718 | 4.818264
 492 | 147300.0 | 147600.0 | 0.011465 | 0.019448 |   9.505676 |     10 | 0.809718 | 1.000000 | 0.936667 | 0.986667 | 0.980000 |   0.171399 |      383 |      281 |      101 |   9.506402 |     10 | 0.811683 | 4.768504
 493 | 147600.0 | 147900.0 | 0.011451 | 0.019442 |   9.506402 |     10 | 0.811683 | 1.000000 | 0.986667 | 1.013333 | 0.916667 |   2.485975 |      390 |      296 |       94 |   9.506555 |     10 | 0.840151 | 4.047643
 494 | 147900.0 | 148200.0 | 0.011438 | 0.019437 |   9.506555 |     10 | 0.840151 | 1.000000 | 1.076667 | 1.076667 | 0.986667 |   2.315167 |      396 |      323 |       73 |   9.505678 |     10 | 0.866632 | 3.377102
 495 | 148200.0 | 148500.0 | 0.011425 | 0.019432 |   9.505678 |     10 | 0.866632 | 1.000000 | 1.046667 | 1.096667 | 1.050000 |   1.200788 |      393 |      314 |       79 |   9.505144 |     10 | 0.880351 | 3.029728
 496 | 148500.0 | 148800.0 | 0.011411 | 0.019426 |   9.505144 |     10 | 0.880351 | 1.000000 | 1.110000 | 1.040000 | 1.050000 |  -0.257382 |      400 |      333 |       67 |   9.503889 |     10 | 0.877414 | 3.104098
 497 | 148800.0 | 149100.0 | 0.011398 | 0.019421 |   9.503889 |     10 | 0.877414 | 1.000000 | 1.106667 | 1.070000 | 1.040000 |   0.772359 |      398 |      332 |       66 |   9.502673 |     10 | 0.886217 | 2.881188
 498 | 149100.0 | 149400.0 | 0.011384 | 0.019416 |   9.502673 |     10 | 0.886217 | 1.000000 | 1.110000 | 1.113333 | 1.056667 |   1.459301 |      399 |      333 |       66 |   9.501421 |     10 | 0.902830 | 2.460513
 499 | 149400.0 | 149700.0 | 0.011371 | 0.019410 |   9.501421 |     10 | 0.902830 | 1.000000 | 1.140000 | 1.136667 | 1.050000 |   2.232482 |      401 |      342 |       59 |   9.499829 |     10 | 0.928216 | 1.817703
 500 | 149700.0 | 150000.0 | 0.011358 | 0.019405 |   9.499829 |     10 | 0.928216 | 1.000000 | 1.136667 | 1.060000 | 1.153333 |  -2.404868 |      397 |      341 |       56 |   9.498277 |     10 | 0.900902 | 2.509340
 501 | 150000.0 | 150300.0 | 0.011345 | 0.019400 |   9.498277 |     10 | 0.900902 | 1.000000 | 1.123333 | 1.116667 | 1.076667 |   1.030938 |      399 |      337 |       62 |   9.496878 |     10 | 0.912597 | 2.213189
 502 | 150300.0 | 150600.0 | 0.011331 | 0.019395 |   9.496878 |     10 | 0.912597 | 1.000000 | 1.056667 | 1.060000 | 1.076667 |  -0.429675 |      392 |      317 |       75 |   9.496236 |     10 | 0.907728 | 2.336475
 503 | 150600.0 | 150900.0 | 0.011318 | 0.019389 |   9.496236 |     10 | 0.907728 | 1.000000 | 1.146667 | 1.106667 | 1.076667 |   0.773624 |      402 |      344 |       58 |   9.494576 |     10 | 0.916484 | 2.114757
 504 | 150900.0 | 151200.0 | 0.011305 | 0.019384 |   9.494576 |     10 | 0.916484 | 1.000000 | 1.163333 | 1.136667 | 1.076667 |   1.547668 |      401 |      349 |       52 |   9.492729 |     10 | 0.933981 | 1.671715
 505 | 151200.0 | 151500.0 | 0.011292 | 0.019379 |   9.492729 |     10 | 0.933981 | 1.000000 | 1.083333 | 0.973333 | 1.060000 |  -2.236125 |      388 |      325 |       63 |   9.491788 |     10 | 0.908731 | 2.311097
 506 | 151500.0 | 151800.0 | 0.011279 | 0.019374 |   9.491788 |     10 | 0.908731 | 1.000000 | 1.100000 | 1.120000 | 1.110000 |   0.258084 |      399 |      330 |       69 |   9.490660 |     10 | 0.911642 | 2.237388
 507 | 151800.0 | 152100.0 | 0.011266 | 0.019368 |   9.490660 |     10 | 0.911642 | 1.000000 | 1.126667 | 1.090000 | 1.103333 |  -0.344205 |      400 |      338 |       62 |   9.489233 |     10 | 0.907764 | 2.335580
 508 | 152100.0 | 152400.0 | 0.011253 | 0.019363 |   9.489233 |     10 | 0.907764 | 1.000000 | 1.056667 | 1.100000 | 1.086667 |   0.344297 |      392 |      317 |       75 |   9.488596 |     10 | 0.911638 | 2.237474
 509 | 152400.0 | 152700.0 | 0.011240 | 0.019358 |   9.488596 |     10 | 0.911638 | 1.000000 | 1.096667 | 1.080000 | 1.083333 |  -0.086097 |      396 |      329 |       67 |   9.487509 |     10 | 0.910670 | 2.261979
 510 | 152700.0 | 153000.0 | 0.011227 | 0.019353 |   9.487509 |     10 | 0.910670 | 1.000000 | 1.143333 | 1.090000 | 1.046667 |   1.119568 |      402 |      343 |       59 |   9.485900 |     10 | 0.923240 | 1.943697
 511 | 153000.0 | 153300.0 | 0.011214 | 0.019348 |   9.485900 |     10 | 0.923240 | 1.000000 | 1.100000 | 1.106667 | 1.100000 |   0.172287 |      393 |      330 |       63 |   9.484778 |     10 | 0.925172 | 1.894773
 512 | 153300.0 | 153600.0 | 0.011201 | 0.019342 |   9.484778 |     10 | 0.925172 | 1.000000 | 1.103333 | 1.080000 | 1.080000 |   0.000000 |      396 |      331 |       65 |   9.483621 |     10 | 0.925172 | 1.894773
 513 | 153600.0 | 153900.0 | 0.011189 | 0.019337 |   9.483621 |     10 | 0.925172 | 1.000000 | 1.083333 | 1.063333 | 1.126667 |  -1.637603 |      394 |      325 |       69 |   9.482689 |     10 | 0.906849 | 2.358732
 514 | 153900.0 | 154200.0 | 0.011176 | 0.019332 |   9.482689 |     10 | 0.906849 | 1.000000 | 1.143333 | 1.070000 | 1.043333 |   0.689701 |      401 |      343 |       58 |   9.481087 |     10 | 0.914557 | 2.163552
 515 | 154200.0 | 154500.0 | 0.011163 | 0.019327 |   9.481087 |     10 | 0.914557 | 1.000000 | 1.106667 | 1.083333 | 1.096667 |  -0.344942 |      396 |      332 |       64 |   9.479896 |     10 | 0.910707 | 2.261057
 516 | 154500.0 | 154800.0 | 0.011150 | 0.019322 |   9.479896 |     10 | 0.910707 | 1.000000 | 1.056667 | 1.106667 | 1.063333 |   1.121359 |      394 |      317 |       77 |   9.479264 |     10 | 0.923211 | 1.944442
 517 | 154800.0 | 155100.0 | 0.011138 | 0.019317 |   9.479264 |     10 | 0.923211 | 1.000000 | 1.140000 | 1.020000 | 1.096667 |  -1.984468 |      397 |      342 |       56 |   9.477705 |     10 | 0.901108 | 2.504119
 518 | 155100.0 | 155400.0 | 0.011125 | 0.019312 |   9.477705 |     10 | 0.901108 | 1.000000 | 1.146667 | 1.133333 | 1.036667 |   2.502816 |      401 |      344 |       56 |   9.476073 |     10 | 0.928952 | 1.799052
 519 | 155400.0 | 155700.0 | 0.011113 | 0.019306 |   9.476073 |     10 | 0.928952 | 1.000000 | 1.110000 | 1.016667 | 1.106667 |  -2.330823 |      396 |      333 |       63 |   9.474851 |     10 | 0.903051 | 2.454924
 520 | 155700.0 | 156000.0 | 0.011100 | 0.019301 |   9.474851 |     10 | 0.903051 | 1.000000 | 1.170000 | 1.030000 | 1.086667 |  -1.467942 |      404 |      351 |       53 |   9.472964 |     10 | 0.886756 | 2.867523
 521 | 156000.0 | 156300.0 | 0.011088 | 0.019296 |   9.472964 |     10 | 0.886756 | 1.000000 | 1.143333 | 1.110000 | 1.046667 |   1.641072 |      402 |      343 |       59 |   9.471375 |     10 | 0.904952 | 2.406782
 522 | 156300.0 | 156600.0 | 0.011075 | 0.019291 |   9.471375 |     10 | 0.904952 | 1.000000 | 1.080000 | 1.090000 | 1.056667 |   0.863949 |      395 |      324 |       71 |   9.470488 |     10 | 0.914520 | 2.164496
 523 | 156600.0 | 156900.0 | 0.011063 | 0.019286 |   9.470488 |     10 | 0.914520 | 1.000000 | 1.116667 | 1.113333 | 1.180000 |  -1.728351 |      399 |      335 |       64 |   9.469198 |     10 | 0.895400 | 2.648650
 524 | 156900.0 | 157200.0 | 0.011050 | 0.019281 |   9.469198 |     10 | 0.895400 | 1.000000 | 1.090000 | 1.113333 | 1.130000 |  -0.432201 |      396 |      327 |       69 |   9.468203 |     10 | 0.890624 | 2.769585
 525 | 157200.0 | 157500.0 | 0.011038 | 0.019276 |   9.468203 |     10 | 0.890624 | 1.000000 | 1.040000 | 1.113333 | 1.056667 |   1.469866 |      393 |      312 |       81 |   9.467762 |     10 | 0.906848 | 2.358761
 526 | 157500.0 | 157800.0 | 0.011025 | 0.019271 |   9.467762 |     10 | 0.906848 | 1.000000 | 1.090000 | 1.073333 | 0.993333 |   2.075646 |      395 |      327 |       68 |   9.466770 |     10 | 0.929733 | 1.779273
 527 | 157800.0 | 158100.0 | 0.011013 | 0.019266 |   9.466770 |     10 | 0.929733 | 1.000000 | 1.193333 | 1.100000 | 1.126667 |  -0.692062 |      404 |      358 |       46 |   9.464640 |     10 | 0.922112 | 1.972270
 528 | 158100.0 | 158400.0 | 0.011001 | 0.019261 |   9.464640 |     10 | 0.922112 | 1.000000 | 1.120000 | 1.123333 | 1.026667 |   2.509377 |      396 |      336 |       60 |   9.463320 |     10 | 0.949717 | 1.273254
 529 | 158400.0 | 158700.0 | 0.010989 | 0.019256 |   9.463320 |     10 | 0.949717 | 1.000000 | 1.076667 | 0.676667 | 1.106667 | -11.165296 |      371 |      323 |       49 |   9.462478 |     10 | 0.827025 | 4.380016
 530 | 158700.0 | 159000.0 | 0.010976 | 0.019251 |   9.462478 |     10 | 0.827025 | 1.000000 | 1.103333 | 1.036667 | 0.996667 |   1.038901 |      401 |      331 |       69 |   9.461344 |     10 | 0.838429 | 4.091261
 531 | 159000.0 | 159300.0 | 0.010964 | 0.019246 |   9.461344 |     10 | 0.838429 | 1.000000 | 1.016667 | 1.033333 | 0.953333 |   2.078339 |      390 |      305 |       85 |   9.461161 |     10 | 0.861216 | 3.514244
 532 | 159300.0 | 159600.0 | 0.010952 | 0.019241 |   9.461161 |     10 | 0.861216 | 1.000000 | 1.056667 | 1.103333 | 0.980000 |   3.204933 |      393 |      317 |       76 |   9.460540 |     10 | 0.896317 | 2.625431
 533 | 159600.0 | 159900.0 | 0.010940 | 0.019236 |   9.460540 |     10 | 0.896317 | 1.000000 | 1.073333 | 1.086667 | 1.053333 |   0.866421 |      397 |      322 |       75 |   9.459738 |     10 | 0.905796 | 2.385416
 534 | 159900.0 | 160200.0 | 0.010928 | 0.019231 |   9.459738 |     10 | 0.905796 | 1.000000 | 1.146667 | 1.123333 | 1.113333 |   0.259993 |      401 |      344 |       57 |   9.458135 |     10 | 0.908637 | 2.313472
 535 | 160200.0 | 160500.0 | 0.010916 | 0.019226 |   9.458135 |     10 | 0.908637 | 1.000000 | 1.123333 | 1.096667 | 1.046667 |   1.300299 |      399 |      337 |       62 |   9.456789 |     10 | 0.922831 | 1.954058
 536 | 160500.0 | 160800.0 | 0.010904 | 0.019221 |   9.456789 |     10 | 0.922831 | 1.000000 | 1.140000 | 1.080000 | 1.080000 |   0.000000 |      399 |      342 |       57 |   9.455262 |     10 | 0.922831 | 1.954058
 537 | 160800.0 | 161100.0 | 0.010892 | 0.019216 |   9.455262 |     10 | 0.922831 | 1.000000 | 1.086667 | 1.103333 | 1.066667 |   0.954041 |      396 |      326 |       70 |   9.454318 |     10 | 0.933222 | 1.690933
 538 | 161100.0 | 161400.0 | 0.010880 | 0.019212 |   9.454318 |     10 | 0.933222 | 1.000000 | 1.093333 | 0.976667 | 1.106667 |  -3.383374 |      389 |      328 |       61 |   9.453303 |     10 | 0.896411 | 2.623046
 539 | 161400.0 | 161700.0 | 0.010868 | 0.019207 |   9.453303 |     10 | 0.896411 | 1.000000 | 1.136667 | 1.113333 | 1.100000 |   0.347101 |      402 |      341 |       61 |   9.451818 |     10 | 0.900184 | 2.527525
 540 | 161700.0 | 162000.0 | 0.010856 | 0.019202 |   9.451818 |     10 | 0.900184 | 1.000000 | 1.053333 | 1.100000 | 1.080000 |   0.520784 |      394 |      316 |       78 |   9.451239 |     10 | 0.905837 | 2.384364
 541 | 162000.0 | 162300.0 | 0.010844 | 0.019197 |   9.451239 |     10 | 0.905837 | 1.000000 | 1.136667 | 1.073333 | 1.080000 |  -0.173639 |      400 |      341 |       59 |   9.449757 |     10 | 0.903954 | 2.432044
 542 | 162300.0 | 162600.0 | 0.010832 | 0.019192 |   9.449757 |     10 | 0.903954 | 1.000000 | 1.143333 | 1.103333 | 1.056667 |   1.215780 |      400 |      343 |       57 |   9.448204 |     10 | 0.917124 | 2.098561
 543 | 162600.0 | 162900.0 | 0.010821 | 0.019187 |   9.448204 |     10 | 0.917124 | 1.000000 | 1.130000 | 1.086667 | 1.026667 |   1.563542 |      398 |      339 |       60 |   9.446797 |     10 | 0.934043 | 1.670156
 544 | 162900.0 | 163200.0 | 0.010809 | 0.019182 |   9.446797 |     10 | 0.934043 | 1.000000 | 1.123333 | 1.003333 | 1.063333 |  -1.563937 |      393 |      337 |       55 |   9.445464 |     10 | 0.917138 | 2.098204
 545 | 163200.0 | 163500.0 | 0.010797 | 0.019178 |   9.445464 |     10 | 0.917138 | 1.000000 | 1.056667 | 1.150000 | 1.076667 |   1.911961 |      390 |      317 |       73 |   9.444852 |     10 | 0.937782 | 1.575470
 546 | 163500.0 | 163800.0 | 0.010785 | 0.019173 |   9.444852 |     10 | 0.937782 | 1.000000 | 1.116667 | 0.946667 | 1.130000 |  -4.781106 |      391 |      335 |       56 |   9.443594 |     10 | 0.886216 | 2.881216
 547 | 163800.0 | 164100.0 | 0.010774 | 0.019168 |   9.443594 |     10 | 0.886216 | 1.000000 | 1.050000 | 1.103333 | 1.003333 |   2.608532 |      393 |      315 |       78 |   9.443055 |     10 | 0.914319 | 2.169583
 548 | 164100.0 | 164400.0 | 0.010762 | 0.019163 |   9.443055 |     10 | 0.914319 | 1.000000 | 1.166667 | 1.123333 | 1.086667 |   0.956702 |      403 |      350 |       53 |   9.441262 |     10 | 0.924615 | 1.908867
 549 | 164400.0 | 164700.0 | 0.010751 | 0.019158 |   9.441262 |     10 | 0.924615 | 1.000000 | 1.143333 | 1.080000 | 1.093333 |  -0.347979 |      398 |      343 |       55 |   9.439721 |     10 | 0.920874 | 2.003594
 550 | 164700.0 | 165000.0 | 0.010739 | 0.019153 |   9.439721 |     10 | 0.920874 | 1.000000 | 1.203333 | 1.020000 | 1.083333 |  -1.653313 |      405 |      361 |       44 |   9.437537 |     10 | 0.903120 | 2.453176
 551 | 165000.0 | 165300.0 | 0.010727 | 0.019149 |   9.437537 |     10 | 0.903120 | 1.000000 | 1.093333 | 1.093333 | 1.063333 |   0.783344 |      397 |      328 |       69 |   9.436536 |     10 | 0.911523 | 2.240392
 552 | 165300.0 | 165600.0 | 0.010716 | 0.019144 |   9.436536 |     10 | 0.911523 | 1.000000 | 1.120000 | 1.096667 | 1.013333 |   2.176498 |      398 |      336 |       62 |   9.435250 |     10 | 0.934846 | 1.649813
 553 | 165600.0 | 165900.0 | 0.010704 | 0.019139 |   9.435250 |     10 | 0.934846 | 1.000000 | 1.136667 | 0.973333 | 1.060000 |  -2.264121 |      394 |      341 |       53 |   9.433787 |     10 | 0.910610 | 2.263510
 554 | 165900.0 | 166200.0 | 0.010693 | 0.019134 |   9.433787 |     10 | 0.910610 | 1.000000 | 1.130000 | 1.146667 | 1.126667 |   0.522619 |      399 |      339 |       60 |   9.432397 |     10 | 0.916198 | 2.122004
 555 | 166200.0 | 166500.0 | 0.010681 | 0.019130 |   9.432397 |     10 | 0.916198 | 1.000000 | 1.113333 | 1.083333 | 1.106667 |  -0.609874 |      397 |      334 |       63 |   9.431186 |     10 | 0.909684 | 2.286958
 556 | 166500.0 | 166800.0 | 0.010670 | 0.019125 |   9.431186 |     10 | 0.909684 | 1.000000 | 1.170000 | 1.130000 | 1.106667 |   0.610025 |      403 |      351 |       52 |   9.429373 |     10 | 0.916193 | 2.122139
 557 | 166800.0 | 167100.0 | 0.010659 | 0.019120 |   9.429373 |     10 | 0.916193 | 1.000000 | 1.146667 | 1.066667 | 1.116667 |  -1.307520 |      402 |      344 |       58 |   9.427809 |     10 | 0.902256 | 2.475034
 558 | 167100.0 | 167400.0 | 0.010647 | 0.019115 |   9.427809 |     10 | 0.902256 | 1.000000 | 1.053333 | 1.100000 | 1.100000 |   0.000000 |      393 |      316 |       77 |   9.427241 |     10 | 0.902256 | 2.475034
 559 | 167400.0 | 167700.0 | 0.010636 | 0.019111 |   9.427241 |     10 | 0.902256 | 1.000000 | 1.066667 | 1.093333 | 1.100000 |  -0.174422 |      392 |      320 |       72 |   9.426532 |     10 | 0.900401 | 2.522010
 560 | 167700.0 | 168000.0 | 0.010625 | 0.019106 |   9.426532 |     10 | 0.900401 | 1.000000 | 1.136667 | 1.190000 | 1.093333 |   2.529742 |      403 |      341 |       62 |   9.425080 |     10 | 0.927279 | 1.841415
 561 | 168000.0 | 168300.0 | 0.010614 | 0.019101 |   9.425080 |     10 | 0.927279 | 1.000000 | 1.083333 | 1.063333 | 1.096667 |  -0.872539 |      391 |      325 |       66 |   9.424196 |     10 | 0.918019 | 2.075912
 562 | 168300.0 | 168600.0 | 0.010602 | 0.019097 |   9.424196 |     10 | 0.918019 | 1.000000 | 1.146667 | 1.140000 | 1.060000 |   2.094608 |      401 |      344 |       57 |   9.422641 |     10 | 0.940226 | 1.513577
 563 | 168600.0 | 168900.0 | 0.010591 | 0.019092 |   9.422641 |     10 | 0.940226 | 1.000000 | 1.153333 | 0.863333 | 1.130000 |  -6.983736 |      395 |      346 |       50 |   9.421017 |     10 | 0.866261 | 3.386507
 564 | 168900.0 | 169200.0 | 0.010580 | 0.019087 |   9.421017 |     10 | 0.866261 | 1.000000 | 1.100000 | 1.026667 | 1.086667 |  -1.571725 |      398 |      330 |       67 |   9.419959 |     10 | 0.849632 | 3.807575
 565 | 169200.0 | 169500.0 | 0.010569 | 0.019083 |   9.419959 |     10 | 0.849632 | 1.000000 | 1.020000 | 1.103333 | 1.006667 |   2.532841 |      391 |      306 |       85 |   9.419747 |     10 | 0.876401 | 3.129736
 566 | 169500.0 | 169800.0 | 0.010558 | 0.019078 |   9.419747 |     10 | 0.876401 | 1.000000 | 1.086667 | 1.100000 | 1.023333 |   2.009295 |      397 |      326 |       71 |   9.418832 |     10 | 0.897615 | 2.592575
 567 | 169800.0 | 170100.0 | 0.010547 | 0.019073 |   9.418832 |     10 | 0.897615 | 1.000000 | 1.186667 | 1.143333 | 1.040000 |   2.708839 |      405 |      356 |       49 |   9.416864 |     10 | 0.926184 | 1.869159
 568 | 170100.0 | 170400.0 | 0.010536 | 0.019069 |   9.416864 |     10 | 0.926184 | 1.000000 | 1.103333 | 1.053333 | 1.146667 |  -2.447288 |      394 |      331 |       63 |   9.415775 |     10 | 0.900400 | 2.522041
 569 | 170400.0 | 170700.0 | 0.010525 | 0.019064 |   9.415775 |     10 | 0.900400 | 1.000000 | 1.023333 | 1.093333 | 1.043333 |   1.311365 |      391 |      307 |       84 |   9.415530 |     10 | 0.914202 | 2.172564
 570 | 170700.0 | 171000.0 | 0.010514 | 0.019059 |   9.415530 |     10 | 0.914202 | 1.000000 | 1.066667 | 1.073333 | 1.053333 |   0.524673 |      392 |      320 |       72 |   9.414829 |     10 | 0.919718 | 2.032885
 571 | 171000.0 | 171300.0 | 0.010503 | 0.019055 |   9.414829 |     10 | 0.919718 | 1.000000 | 1.130000 | 1.143333 | 1.036667 |   2.798933 |      399 |      339 |       60 |   9.413463 |     10 | 0.949114 | 1.288530
 572 | 171300.0 | 171600.0 | 0.010492 | 0.019050 |   9.413463 |     10 | 0.949114 | 1.000000 | 1.106667 | 0.706667 | 1.066667 |  -9.448678 |      377 |      332 |       46 |   9.412344 |     10 | 0.849982 | 3.798716
 573 | 171600.0 | 171900.0 | 0.010481 | 0.019046 |   9.412344 |     10 | 0.849982 | 1.000000 | 0.983333 | 0.983333 | 1.000000 |  -0.437544 |      388 |      295 |       92 |   9.412519 |     10 | 0.845396 | 3.914835
 574 | 171900.0 | 172200.0 | 0.010470 | 0.019041 |   9.412519 |     10 | 0.845396 | 1.000000 | 1.050000 | 1.020000 | 1.056667 |  -0.962829 |      393 |      315 |       78 |   9.411995 |     10 | 0.835316 | 4.170094
 575 | 172200.0 | 172500.0 | 0.010459 | 0.019037 |   9.411995 |     10 | 0.835316 | 1.000000 | 1.020000 | 1.090000 | 1.016667 |   1.926120 |      394 |      306 |       88 |   9.411786 |     10 | 0.855461 | 3.659983
 576 | 172500.0 | 172800.0 | 0.010448 | 0.019032 |   9.411786 |     10 | 0.855461 | 1.000000 | 1.090000 | 1.080000 | 1.010000 |   1.839010 |      396 |      327 |       69 |   9.410846 |     10 | 0.874675 | 3.173448
 577 | 172800.0 | 173100.0 | 0.010437 | 0.019027 |   9.410846 |     10 | 0.874675 | 1.000000 | 1.066667 | 1.036667 | 1.003333 |   0.875929 |      394 |      320 |       74 |   9.410150 |     10 | 0.883817 | 2.941948
 578 | 173100.0 | 173400.0 | 0.010427 | 0.019023 |   9.410150 |     10 | 0.883817 | 1.000000 | 1.043333 | 1.053333 | 1.026667 |   0.700911 |      394 |      313 |       81 |   9.409698 |     10 | 0.891125 | 2.756896
 579 | 173400.0 | 173700.0 | 0.010416 | 0.019018 |   9.409698 |     10 | 0.891125 | 1.000000 | 1.090000 | 1.160000 | 1.046667 |   2.979581 |      397 |      327 |       70 |   9.408761 |     10 | 0.922160 | 1.971046
 580 | 173700.0 | 174000.0 | 0.010405 | 0.019014 |   9.408761 |     10 | 0.922160 | 1.000000 | 1.146667 | 1.086667 | 1.070000 |   0.438278 |      399 |      344 |       55 |   9.407235 |     10 | 0.926720 | 1.855571
 581 | 174000.0 | 174300.0 | 0.010394 | 0.019009 |   9.407235 |     10 | 0.926720 | 1.000000 | 1.173333 | 1.050000 | 1.076667 |  -0.701412 |      403 |      352 |       51 |   9.405433 |     10 | 0.919429 | 2.040185
 582 | 174300.0 | 174600.0 | 0.010384 | 0.019005 |   9.405433 |     10 | 0.919429 | 1.000000 | 1.130000 | 1.070000 | 1.026667 |   1.140065 |      399 |      339 |       60 |   9.404083 |     10 | 0.931268 | 1.740425
 583 | 174600.0 | 174900.0 | 0.010373 | 0.019000 |   9.404083 |     10 | 0.931268 | 1.000000 | 1.156667 | 1.053333 | 1.083333 |  -0.789463 |      397 |      347 |       50 |   9.402458 |     10 | 0.923078 | 1.947787
 584 | 174900.0 | 175200.0 | 0.010362 | 0.018996 |   9.402458 |     10 | 0.923078 | 1.000000 | 1.183333 | 1.106667 | 1.090000 |   0.438694 |      403 |      355 |       48 |   9.400558 |     10 | 0.927624 | 1.832676
 585 | 175200.0 | 175500.0 | 0.010352 | 0.018991 |   9.400558 |     10 | 0.927624 | 1.000000 | 1.090000 | 1.090000 | 1.096667 |  -0.175519 |      396 |      327 |       69 |   9.399627 |     10 | 0.925807 | 1.878684
 586 | 175500.0 | 175800.0 | 0.010341 | 0.018987 |   9.399627 |     10 | 0.925807 | 1.000000 | 1.110000 | 1.073333 | 1.050000 |   0.614462 |      394 |      333 |       61 |   9.398489 |     10 | 0.932162 | 1.717782
 587 | 175800.0 | 176100.0 | 0.010331 | 0.018982 |   9.398489 |     10 | 0.932162 | 1.000000 | 1.176667 | 1.036667 | 1.100000 |  -1.668220 |      401 |      353 |       48 |   9.396664 |     10 | 0.914928 | 2.154174
 588 | 176100.0 | 176400.0 | 0.010320 | 0.018978 |   9.396664 |     10 | 0.914928 | 1.000000 | 1.103333 | 1.150000 | 1.120000 |   0.790395 |      396 |      331 |       65 |   9.395598 |     10 | 0.923085 | 1.947624
 589 | 176400.0 | 176700.0 | 0.010310 | 0.018973 |   9.395598 |     10 | 0.923085 | 1.000000 | 1.120000 | 1.063333 | 1.056667 |   0.175685 |      397 |      336 |       61 |   9.394360 |     10 | 0.924896 | 1.901760
 590 | 176700.0 | 177000.0 | 0.010299 | 0.018969 |   9.394360 |     10 | 0.924896 | 1.000000 | 1.040000 | 1.103333 | 1.066667 |   0.966492 |      388 |      312 |       76 |   9.393948 |     10 | 0.934850 | 1.649704
 591 | 177000.0 | 177300.0 | 0.010289 | 0.018964 |   9.393948 |     10 | 0.934850 | 1.000000 | 1.086667 | 0.973333 | 1.083333 |  -2.900156 |      390 |      326 |       64 |   9.393057 |     10 | 0.905011 | 2.405283
 592 | 177300.0 | 177600.0 | 0.010278 | 0.018960 |   9.393057 |     10 | 0.905011 | 1.000000 | 1.180000 | 1.123333 | 1.090000 |   0.879041 |      406 |      354 |       52 |   9.391207 |     10 | 0.914046 | 2.176498
 593 | 177600.0 | 177900.0 | 0.010268 | 0.018956 |   9.391207 |     10 | 0.914046 | 1.000000 | 1.080000 | 1.126667 | 1.083333 |   1.143020 |      394 |      324 |       70 |   9.390385 |     10 | 0.925783 | 1.879308
 594 | 177900.0 | 178200.0 | 0.010258 | 0.018951 |   9.390385 |     10 | 0.925783 | 1.000000 | 1.153333 | 1.103333 | 1.080000 |   0.615616 |      398 |      346 |       52 |   9.388812 |     10 | 0.932098 | 1.719407
 595 | 178200.0 | 178500.0 | 0.010247 | 0.018947 |   9.388812 |     10 | 0.932098 | 1.000000 | 1.113333 | 1.023333 | 1.123333 |  -2.638967 |      394 |      334 |       61 |   9.387651 |     10 | 0.905055 | 2.404166
 596 | 178500.0 | 178800.0 | 0.010237 | 0.018942 |   9.387651 |     10 | 0.905055 | 1.000000 | 1.126667 | 1.133333 | 1.063333 |   1.847706 |      399 |      338 |       60 |   9.386354 |     10 | 0.923970 | 1.925206
 597 | 178800.0 | 179100.0 | 0.010227 | 0.018938 |   9.386354 |     10 | 0.923970 | 1.000000 | 1.153333 | 1.066667 | 1.033333 |   0.880064 |      399 |      346 |       53 |   9.384786 |     10 | 0.932970 | 1.697306
 598 | 179100.0 | 179400.0 | 0.010216 | 0.018934 |   9.384786 |     10 | 0.932970 | 1.000000 | 1.130000 | 1.003333 | 1.080000 |  -2.024617 |      396 |      339 |       57 |   9.383458 |     10 | 0.912286 | 2.221071
 599 | 179400.0 | 179700.0 | 0.010206 | 0.018929 |   9.383458 |     10 | 0.912286 | 1.000000 | 1.073333 | 1.113333 | 1.083333 |   0.792425 |      394 |      322 |       73 |   9.382710 |     10 | 0.920374 | 2.016278
 600 | 179700.0 | 180000.0 | 0.010196 | 0.018925 |   9.382710 |     10 | 0.920374 | 1.000000 | 1.133333 | 1.043333 | 1.066667 |  -0.616473 |      398 |      340 |       57 |   9.381350 |     10 | 0.914088 | 2.175439
 601 | 180000.0 | 180300.0 | 0.010186 | 0.018921 |   9.381350 |     10 | 0.914088 | 1.000000 | 1.146667 | 1.160000 | 1.106667 |   1.409405 |      401 |      344 |       57 |   9.379856 |     10 | 0.928444 | 1.811921
 602 | 180300.0 | 180600.0 | 0.010176 | 0.018916 |   9.379856 |     10 | 0.928444 | 1.000000 | 1.126667 | 1.016667 | 1.070000 |  -1.409730 |      395 |      338 |       59 |   9.378567 |     10 | 0.914099 | 2.175160
 603 | 180600.0 | 180900.0 | 0.010166 | 0.018912 |   9.378567 |     10 | 0.914099 | 1.000000 | 1.070000 | 1.076667 | 1.120000 |  -1.145669 |      395 |      321 |       73 |   9.377856 |     10 | 0.902453 | 2.470066
 604 | 180900.0 | 181200.0 | 0.010155 | 0.018907 |   9.377856 |     10 | 0.902453 | 1.000000 | 1.073333 | 1.166667 | 1.100000 |   1.762972 |      393 |      322 |       70 |   9.377111 |     10 | 0.920356 | 2.016712
 605 | 181200.0 | 181500.0 | 0.010145 | 0.018903 |   9.377111 |     10 | 0.920356 | 1.000000 | 1.123333 | 1.116667 | 1.050000 |   1.763376 |      398 |      337 |       61 |   9.375860 |     10 | 0.938247 | 1.563704
 606 | 181500.0 | 181800.0 | 0.010135 | 0.018899 |   9.375860 |     10 | 0.938247 | 1.000000 | 1.113333 | 0.890000 | 1.076667 |  -4.938583 |      393 |      334 |       59 |   9.374711 |     10 | 0.888192 | 2.831158
 607 | 181800.0 | 182100.0 | 0.010125 | 0.018894 |   9.374711 |     10 | 0.888192 | 1.000000 | 1.156667 | 1.066667 | 1.103333 |  -0.970300 |      402 |      347 |       55 |   9.373125 |     10 | 0.878368 | 3.079933
 608 | 182100.0 | 182400.0 | 0.010115 | 0.018890 |   9.373125 |     10 | 0.878368 | 1.000000 | 1.053333 | 1.096667 | 1.040000 |   1.499897 |      394 |      316 |       78 |   9.372585 |     10 | 0.893540 | 2.695756
 609 | 182400.0 | 182700.0 | 0.010105 | 0.018886 |   9.372585 |     10 | 0.893540 | 1.000000 | 1.130000 | 1.076667 | 1.120000 |  -1.147242 |      400 |      339 |       61 |   9.371272 |     10 | 0.881947 | 2.989315
 610 | 182700.0 | 183000.0 | 0.010095 | 0.018882 |   9.371272 |     10 | 0.881947 | 1.000000 | 1.063333 | 1.056667 | 1.036667 |   0.529617 |      396 |      319 |       77 |   9.370632 |     10 | 0.887293 | 2.853929
 611 | 183000.0 | 183300.0 | 0.010085 | 0.018877 |   9.370632 |     10 | 0.887293 | 1.000000 | 1.000000 | 1.056667 | 1.043333 |   0.353158 |      389 |      300 |       89 |   9.370632 |     10 | 0.890855 | 2.763740
 612 | 183300.0 | 183600.0 | 0.010075 | 0.018873 |   9.370632 |     10 | 0.890855 | 1.000000 | 1.120000 | 1.120000 | 1.050000 |   1.854500 |      400 |      336 |       64 |   9.369423 |     10 | 0.909540 | 2.290606
 613 | 183600.0 | 183900.0 | 0.010066 | 0.018869 |   9.369423 |     10 | 0.909540 | 1.000000 | 1.096667 | 1.143333 | 1.083333 |   1.589931 |      396 |      329 |       67 |   9.368450 |     10 | 0.925543 | 1.885369
 614 | 183900.0 | 184200.0 | 0.010056 | 0.018864 |   9.368450 |     10 | 0.925543 | 1.000000 | 1.140000 | 1.080000 | 1.080000 |   0.000000 |      398 |      342 |       56 |   9.367042 |     10 | 0.925543 | 1.885369
 615 | 184200.0 | 184500.0 | 0.010046 | 0.018860 |   9.367042 |     10 | 0.925543 | 1.000000 | 1.153333 | 1.106667 | 1.090000 |   0.441847 |      400 |      346 |       54 |   9.365502 |     10 | 0.929982 | 1.772973
 616 | 184500.0 | 184800.0 | 0.010036 | 0.018856 |   9.365502 |     10 | 0.929982 | 1.000000 | 1.120000 | 1.063333 | 0.996667 |   1.767787 |      396 |      336 |       61 |   9.364298 |     10 | 0.947724 | 1.323728
 617 | 184800.0 | 185100.0 | 0.010026 | 0.018852 |   9.364298 |     10 | 0.947724 | 1.000000 | 1.090000 | 0.716667 | 1.076667 |  -9.548197 |      379 |      327 |       52 |   9.363395 |     10 | 0.851991 | 3.747831
 618 | 185100.0 | 185400.0 | 0.010016 | 0.018847 |   9.363395 |     10 | 0.851991 | 1.000000 | 1.043333 | 1.050000 | 1.026667 |   0.619004 |      393 |      313 |       79 |   9.362961 |     10 | 0.858192 | 3.590831
 619 | 185400.0 | 185700.0 | 0.010007 | 0.018843 |   9.362961 |     10 | 0.858192 | 1.000000 | 1.003333 | 1.136667 | 1.013333 |   3.272611 |      389 |      301 |       88 |   9.362928 |     10 | 0.890940 | 2.761597
 620 | 185700.0 | 186000.0 | 0.009997 | 0.018839 |   9.362928 |     10 | 0.890940 | 1.000000 | 1.126667 | 1.090000 | 1.080000 |   0.265406 |      401 |      338 |       63 |   9.361662 |     10 | 0.893593 | 2.694412
 621 | 186000.0 | 186300.0 | 0.009987 | 0.018835 |   9.361662 |     10 | 0.893593 | 1.000000 | 1.086667 | 1.160000 | 1.026667 |   3.539542 |      397 |      326 |       71 |   9.360796 |     10 | 0.928943 | 1.799283
 622 | 186300.0 | 186600.0 | 0.009978 | 0.018831 |   9.360796 |     10 | 0.928943 | 1.000000 | 1.190000 | 1.056667 | 1.103333 |  -1.239117 |      402 |      357 |       45 |   9.358900 |     10 | 0.916580 | 2.112344
 623 | 186600.0 | 186900.0 | 0.009968 | 0.018826 |   9.358900 |     10 | 0.916580 | 1.000000 | 1.200000 | 1.110000 | 1.146667 |  -0.973809 |      406 |      360 |       46 |   9.356907 |     10 | 0.906873 | 2.358137
 624 | 186900.0 | 187200.0 | 0.009958 | 0.018822 |   9.356907 |     10 | 0.906873 | 1.000000 | 1.093333 | 1.090000 | 1.063333 |   0.708382 |      395 |      328 |       67 |   9.355977 |     10 | 0.913927 | 2.179512
 625 | 187200.0 | 187500.0 | 0.009949 | 0.018818 |   9.355977 |     10 | 0.913927 | 1.000000 | 1.110000 | 1.100000 | 1.080000 |   0.531405 |      398 |      333 |       65 |   9.354883 |     10 | 0.919214 | 2.045642
 626 | 187500.0 | 187800.0 | 0.009939 | 0.018814 |   9.354883 |     10 | 0.919214 | 1.000000 | 1.130000 | 1.103333 | 1.036667 |   1.771743 |      397 |      339 |       58 |   9.353591 |     10 | 0.936823 | 1.599741
 627 | 187800.0 | 188100.0 | 0.009929 | 0.018810 |   9.353591 |     10 | 0.936823 | 1.000000 | 1.090000 | 0.923333 | 1.140000 |  -5.759442 |      391 |      327 |       64 |   9.352697 |     10 | 0.879635 | 3.047844
 628 | 188100.0 | 188400.0 | 0.009920 | 0.018806 |   9.352697 |     10 | 0.879635 | 1.000000 | 1.120000 | 1.073333 | 1.030000 |   1.152143 |      400 |      336 |       64 |   9.351507 |     10 | 0.891064 | 2.758438
 629 | 188400.0 | 188700.0 | 0.009910 | 0.018801 |   9.351507 |     10 | 0.891064 | 1.000000 | 1.073333 | 1.113333 | 1.086667 |   0.709168 |      395 |      322 |       73 |   9.350780 |     10 | 0.898092 | 2.580474
 630 | 188700.0 | 189000.0 | 0.009901 | 0.018797 |   9.350780 |     10 | 0.898092 | 1.000000 | 1.156667 | 1.053333 | 0.993333 |   1.595981 |      402 |      347 |       55 |   9.349229 |     10 | 0.913894 | 2.180350
 631 | 189000.0 | 189300.0 | 0.009891 | 0.018793 |   9.349229 |     10 | 0.913894 | 1.000000 | 1.140000 | 1.090000 | 1.133333 |  -1.152907 |      400 |      342 |       58 |   9.347844 |     10 | 0.902490 | 2.469115
 632 | 189300.0 | 189600.0 | 0.009882 | 0.018789 |   9.347844 |     10 | 0.902490 | 1.000000 | 1.150000 | 1.163333 | 1.046667 |   3.104663 |      403 |      345 |       58 |   9.346362 |     10 | 0.933170 | 1.692242
 633 | 189600.0 | 189900.0 | 0.009873 | 0.018785 |   9.346362 |     10 | 0.933170 | 1.000000 | 1.106667 | 1.040000 | 1.076667 |  -0.975966 |      391 |      332 |       59 |   9.345309 |     10 | 0.923535 | 1.936223
 634 | 189900.0 | 190200.0 | 0.009863 | 0.018781 |   9.345309 |     10 | 0.923535 | 1.000000 | 1.133333 | 1.103333 | 1.093333 |   0.266231 |      397 |      340 |       57 |   9.343994 |     10 | 0.926161 | 1.869731
 635 | 190200.0 | 190500.0 | 0.009854 | 0.018777 |   9.343994 |     10 | 0.926161 | 1.000000 | 1.173333 | 1.096667 | 1.133333 |  -0.976394 |      402 |      352 |       50 |   9.342286 |     10 | 0.916540 | 2.113354
 636 | 190500.0 | 190800.0 | 0.009844 | 0.018772 |   9.342286 |     10 | 0.916540 | 1.000000 | 1.063333 | 1.086667 | 1.066667 |   0.532695 |      392 |      319 |       73 |   9.341662 |     10 | 0.921784 | 1.980566
 637 | 190800.0 | 191100.0 | 0.009835 | 0.018768 |   9.341662 |     10 | 0.921784 | 1.000000 | 1.120000 | 1.096667 | 1.126667 |  -0.799217 |      396 |      336 |       61 |   9.340482 |     10 | 0.913924 | 2.179602
 638 | 191100.0 | 191400.0 | 0.009826 | 0.018764 |   9.340482 |     10 | 0.913924 | 1.000000 | 1.100000 | 1.093333 | 1.080000 |   0.355285 |      396 |      330 |       66 |   9.339500 |     10 | 0.917415 | 2.091206
 639 | 191400.0 | 191700.0 | 0.009816 | 0.018760 |   9.339500 |     10 | 0.917415 | 1.000000 | 1.153333 | 1.146667 | 1.043333 |   2.754060 |      402 |      346 |       55 |   9.337994 |     10 | 0.944449 | 1.406640
 640 | 191700.0 | 192000.0 | 0.009807 | 0.018756 |   9.337994 |     10 | 0.944449 | 1.000000 | 1.106667 | 0.776667 | 1.153333 | -10.041175 |      386 |      332 |       54 |   9.336948 |     10 | 0.845975 | 3.900175
 641 | 192000.0 | 192300.0 | 0.009798 | 0.018752 |   9.336948 |     10 | 0.845975 | 1.000000 | 1.066667 | 1.023333 | 0.996667 |   0.711034 |      395 |      320 |       75 |   9.336295 |     10 | 0.852942 | 3.723770
 642 | 192300.0 | 192600.0 | 0.009789 | 0.018748 |   9.336295 |     10 | 0.852942 | 1.000000 | 1.070000 | 1.126667 | 1.040000 |   2.311362 |      396 |      321 |       75 |   9.335610 |     10 | 0.875566 | 3.150871
 643 | 192600.0 | 192900.0 | 0.009779 | 0.018744 |   9.335610 |     10 | 0.875566 | 1.000000 | 1.123333 | 1.063333 | 1.050000 |   0.355671 |      400 |      337 |       63 |   9.334404 |     10 | 0.879045 | 3.062797
 644 | 192900.0 | 193200.0 | 0.009770 | 0.018740 |   9.334404 |     10 | 0.879045 | 1.000000 | 1.086667 | 1.050000 | 0.986667 |   1.689804 |      398 |      326 |       72 |   9.333557 |     10 | 0.895554 | 2.644746
 645 | 193200.0 | 193500.0 | 0.009761 | 0.018736 |   9.333557 |     10 | 0.895554 | 1.000000 | 1.043333 | 1.090000 | 1.000000 |   2.401819 |      391 |      313 |       78 |   9.333134 |     10 | 0.918998 | 2.051105
 646 | 193500.0 | 193800.0 | 0.009752 | 0.018732 |   9.333134 |     10 | 0.918998 | 1.000000 | 1.146667 | 1.083333 | 1.080000 |   0.088975 |      400 |      344 |       56 |   9.331704 |     10 | 0.919866 | 2.029134
 647 | 193800.0 | 194100.0 | 0.009743 | 0.018728 |   9.331704 |     10 | 0.919866 | 1.000000 | 1.190000 | 1.126667 | 1.066667 |   1.601903 |      405 |      357 |       48 |   9.329853 |     10 | 0.935473 | 1.633945
 648 | 194100.0 | 194400.0 | 0.009733 | 0.018724 |   9.329853 |     10 | 0.935473 | 1.000000 | 1.056667 | 1.006667 | 1.113333 |  -2.848440 |      385 |      317 |       68 |   9.329301 |     10 | 0.907747 | 2.335997
 649 | 194400.0 | 194700.0 | 0.009724 | 0.018720 |   9.329301 |     10 | 0.907747 | 1.000000 | 1.086667 | 1.100000 | 1.136667 |  -0.979361 |      396 |      326 |       71 |   9.328458 |     10 | 0.898224 | 2.577153
 650 | 194700.0 | 195000.0 | 0.009715 | 0.018716 |   9.328458 |     10 | 0.898224 | 1.000000 | 1.076667 | 1.106667 | 1.106667 |   0.000000 |      395 |      323 |       71 |   9.327714 |     10 | 0.898224 | 2.577153
 651 | 195000.0 | 195300.0 | 0.009706 | 0.018712 |   9.327714 |     10 | 0.898224 | 1.000000 | 1.103333 | 1.066667 | 1.086667 |  -0.534426 |      397 |      331 |       66 |   9.326711 |     10 | 0.893036 | 2.708504
 652 | 195300.0 | 195600.0 | 0.009697 | 0.018708 |   9.326711 |     10 | 0.893036 | 1.000000 | 1.066667 | 1.103333 | 1.046667 |   1.514531 |      395 |      320 |       75 |   9.326064 |     10 | 0.907723 | 2.336611
 653 | 195600.0 | 195900.0 | 0.009688 | 0.018704 |   9.326064 |     10 | 0.907723 | 1.000000 | 1.106667 | 1.130000 | 1.126667 |   0.089109 |      398 |      332 |       66 |   9.325031 |     10 | 0.908586 | 2.314750
 654 | 195900.0 | 196200.0 | 0.009679 | 0.018700 |   9.325031 |     10 | 0.908586 | 1.000000 | 1.130000 | 1.143333 | 1.060000 |   2.228202 |      399 |      339 |       60 |   9.323772 |     10 | 0.930154 | 1.768630
 655 | 196200.0 | 196500.0 | 0.009670 | 0.018696 |   9.323772 |     10 | 0.930154 | 1.000000 | 1.103333 | 1.066667 | 1.143333 |  -2.050383 |      394 |      331 |       63 |   9.322773 |     10 | 0.910326 | 2.270701
 656 | 196500.0 | 196800.0 | 0.009661 | 0.018692 |   9.322773 |     10 | 0.910326 | 1.000000 | 1.130000 | 1.116667 | 1.006667 |   2.942479 |      400 |      339 |       61 |   9.321517 |     10 | 0.938754 | 1.550853
 657 | 196800.0 | 197100.0 | 0.009652 | 0.018688 |   9.321517 |     10 | 0.938754 | 1.000000 | 1.160000 | 0.930000 | 1.143333 |  -5.707838 |      396 |      348 |       48 |   9.319973 |     10 | 0.883660 | 2.945928
 658 | 197100.0 | 197400.0 | 0.009643 | 0.018684 |   9.319973 |     10 | 0.883660 | 1.000000 | 1.110000 | 1.080000 | 1.086667 |  -0.178408 |      398 |      333 |       65 |   9.318912 |     10 | 0.881940 | 2.989493
 659 | 197400.0 | 197700.0 | 0.009635 | 0.018680 |   9.318912 |     10 | 0.881940 | 1.000000 | 1.146667 | 1.163333 | 1.043333 |   3.212020 |      402 |      344 |       58 |   9.317499 |     10 | 0.912886 | 2.205879
 660 | 197700.0 | 198000.0 | 0.009626 | 0.018676 |   9.317499 |     10 | 0.912886 | 1.000000 | 1.116667 | 1.086667 | 1.026667 |   1.606349 |      399 |      335 |       64 |   9.316376 |     10 | 0.928348 | 1.814351
 661 | 198000.0 | 198300.0 | 0.009617 | 0.018672 |   9.316376 |     10 | 0.928348 | 1.000000 | 1.110000 | 1.030000 | 1.113333 |  -2.231512 |      394 |      333 |       61 |   9.315318 |     10 | 0.906888 | 2.357755
 662 | 198300.0 | 198600.0 | 0.009608 | 0.018668 |   9.315318 |     10 | 0.906888 | 1.000000 | 1.130000 | 1.153333 | 1.090000 |   1.696307 |      399 |      339 |       60 |   9.314069 |     10 | 0.923186 | 1.945060
 663 | 198600.0 | 198900.0 | 0.009599 | 0.018664 |   9.314069 |     10 | 0.923186 | 1.000000 | 1.150000 | 1.116667 | 1.073333 |   1.160875 |      401 |      345 |       56 |   9.312629 |     10 | 0.934330 | 1.662890
 664 | 198900.0 | 199200.0 | 0.009590 | 0.018660 |   9.312629 |     10 | 0.934330 | 1.000000 | 1.146667 | 0.963333 | 1.070000 |  -2.858140 |      395 |      344 |       52 |   9.311223 |     10 | 0.906919 | 2.356972
 665 | 199200.0 | 199500.0 | 0.009582 | 0.018656 |   9.311223 |     10 | 0.906919 | 1.000000 | 1.053333 | 1.103333 | 1.076667 |   0.714685 |      393 |      316 |       76 |   9.310712 |     10 | 0.913767 | 2.183574
 666 | 199500.0 | 199800.0 | 0.009573 | 0.018652 |   9.310712 |     10 | 0.913767 | 1.000000 | 1.126667 | 1.063333 | 1.076667 |  -0.357417 |      399 |      338 |       61 |   9.309499 |     10 | 0.910345 | 2.270212
 667 | 199800.0 | 200100.0 | 0.009564 | 0.018648 |   9.309499 |     10 | 0.910345 | 1.000000 | 1.116667 | 1.103333 | 1.120000 |  -0.446865 |      399 |      335 |       64 |   9.308383 |     10 | 0.906071 | 2.378434
 668 | 200100.0 | 200400.0 | 0.009555 | 0.018645 |   9.308383 |     10 | 0.906071 | 1.000000 | 1.106667 | 1.073333 | 1.086667 |  -0.357567 |      397 |      332 |       65 |   9.307364 |     10 | 0.902655 | 2.464950
 669 | 200400.0 | 200700.0 | 0.009547 | 0.018641 |   9.307364 |     10 | 0.902655 | 1.000000 | 1.150000 | 1.080000 | 1.136667 |  -1.519977 |      402 |      345 |       57 |   9.305932 |     10 | 0.888144 | 2.832386
 670 | 200700.0 | 201000.0 | 0.009538 | 0.018637 |   9.305932 |     10 | 0.888144 | 1.000000 | 1.100000 | 1.096667 | 1.010000 |   2.325155 |      399 |      330 |       69 |   9.304978 |     10 | 0.910321 | 2.270819
 671 | 201000.0 | 201300.0 | 0.009529 | 0.018633 |   9.304978 |     10 | 0.910321 | 1.000000 | 1.116667 | 1.056667 | 1.076667 |  -0.536686 |      398 |      335 |       63 |   9.303866 |     10 | 0.905207 | 2.400320
 672 | 201300.0 | 201600.0 | 0.009521 | 0.018629 |   9.303866 |     10 | 0.905207 | 1.000000 | 1.140000 | 1.096667 | 1.040000 |   1.520927 |      400 |      342 |       58 |   9.302534 |     10 | 0.919687 | 2.033656
 673 | 201600.0 | 201900.0 | 0.009512 | 0.018625 |   9.302534 |     10 | 0.919687 | 1.000000 | 1.156667 | 1.103333 | 1.076667 |   0.715879 |      401 |      347 |       54 |   9.301043 |     10 | 0.926497 | 1.861228
 674 | 201900.0 | 202200.0 | 0.009503 | 0.018621 |   9.301043 |     10 | 0.926497 | 1.000000 | 1.176667 | 1.086667 | 1.073333 |   0.358014 |      402 |      353 |       50 |   9.299364 |     10 | 0.929899 | 1.775074
 675 | 202200.0 | 202500.0 | 0.009495 | 0.018617 |   9.299364 |     10 | 0.929899 | 1.000000 | 1.083333 | 1.103333 | 1.093333 |   0.268566 |      392 |      325 |       66 |   9.298573 |     10 | 0.932449 | 1.710504
 676 | 202500.0 | 202800.0 | 0.009486 | 0.018614 |   9.298573 |     10 | 0.932449 | 1.000000 | 1.150000 | 1.020000 | 1.083333 |  -1.701268 |      397 |      345 |       52 |   9.297150 |     10 | 0.916310 | 2.119164
 677 | 202800.0 | 203100.0 | 0.009478 | 0.018610 |   9.297150 |     10 | 0.916310 | 1.000000 | 1.126667 | 1.130000 | 1.030000 |   2.686768 |      398 |      338 |       60 |   9.295950 |     10 | 0.941775 | 1.474359
 678 | 203100.0 | 203400.0 | 0.009469 | 0.018606 |   9.295950 |     10 | 0.941775 | 1.000000 | 1.150000 | 0.843333 | 1.140000 |  -7.972389 |      392 |      345 |       47 |   9.294529 |     10 | 0.866283 | 3.385954
 679 | 203400.0 | 203700.0 | 0.009461 | 0.018602 |   9.294529 |     10 | 0.866283 | 1.000000 | 1.026667 | 1.100000 | 0.996667 |   2.777471 |      391 |      308 |       83 |   9.294277 |     10 | 0.892559 | 2.720579
 680 | 203700.0 | 204000.0 | 0.009452 | 0.018598 |   9.294277 |     10 | 0.892559 | 1.000000 | 1.080000 | 1.126667 | 1.053333 |   1.971514 |      396 |      324 |       72 |   9.293521 |     10 | 0.911195 | 2.248704
 681 | 204000.0 | 204300.0 | 0.009444 | 0.018594 |   9.293521 |     10 | 0.911195 | 1.000000 | 1.193333 | 1.066667 | 1.060000 |   0.179265 |      404 |      358 |       46 |   9.291695 |     10 | 0.912888 | 2.205836
 682 | 204300.0 | 204600.0 | 0.009435 | 0.018591 |   9.291695 |     10 | 0.912888 | 1.000000 | 1.100000 | 1.120000 | 1.093333 |   0.717208 |      397 |      330 |       67 |   9.290751 |     10 | 0.919655 | 2.034482
 683 | 204600.0 | 204900.0 | 0.009427 | 0.018587 |   9.290751 |     10 | 0.919655 | 1.000000 | 1.133333 | 1.103333 | 1.083333 |   0.538016 |      398 |      340 |       58 |   9.289495 |     10 | 0.924726 | 1.906056
 684 | 204900.0 | 205200.0 | 0.009418 | 0.018583 |   9.289495 |     10 | 0.924726 | 1.000000 | 1.080000 | 1.113333 | 1.083333 |   0.807190 |      393 |      324 |       69 |   9.288741 |     10 | 0.932329 | 1.713548
 685 | 205200.0 | 205500.0 | 0.009410 | 0.018579 |   9.288741 |     10 | 0.932329 | 1.000000 | 1.116667 | 1.040000 | 1.130000 |  -2.422064 |      391 |      335 |       57 |   9.287643 |     10 | 0.909537 | 2.290673
 686 | 205500.0 | 205800.0 | 0.009402 | 0.018575 |   9.287643 |     10 | 0.909537 | 1.000000 | 1.073333 | 1.133333 | 1.060000 |   1.973936 |      396 |      322 |       73 |   9.286954 |     10 | 0.928095 | 1.820746
 687 | 205800.0 | 206100.0 | 0.009393 | 0.018572 |   9.286954 |     10 | 0.928095 | 1.000000 | 1.103333 | 1.126667 | 1.076667 |   1.346140 |      393 |      331 |       62 |   9.285983 |     10 | 0.940740 | 1.500561
 688 | 206100.0 | 206400.0 | 0.009385 | 0.018568 |   9.285983 |     10 | 0.940740 | 1.000000 | 1.146667 | 0.913333 | 1.083333 |  -4.577806 |      392 |      344 |       50 |   9.284607 |     10 | 0.897778 | 2.588444
 689 | 206400.0 | 206700.0 | 0.009377 | 0.018564 |   9.284607 |     10 | 0.897778 | 1.000000 | 1.073333 | 1.093333 | 1.050000 |   1.167129 |      395 |      322 |       71 |   9.283919 |     10 | 0.908721 | 2.311331
 690 | 206700.0 | 207000.0 | 0.009368 | 0.018560 |   9.283919 |     10 | 0.908721 | 1.000000 | 1.093333 | 1.076667 | 1.093333 |  -0.448987 |      397 |      328 |       69 |   9.283045 |     10 | 0.904515 | 2.417840
 691 | 207000.0 | 207300.0 | 0.009360 | 0.018557 |   9.283045 |     10 | 0.904515 | 1.000000 | 1.090000 | 1.076667 | 1.040000 |   0.987971 |      395 |      327 |       68 |   9.282202 |     10 | 0.913763 | 2.183679
 692 | 207300.0 | 207600.0 | 0.009352 | 0.018553 |   9.282202 |     10 | 0.913763 | 1.000000 | 1.083333 | 1.000000 | 1.040000 |  -1.078005 |      395 |      325 |       70 |   9.281423 |     10 | 0.903681 | 2.438953
 693 | 207600.0 | 207900.0 | 0.009343 | 0.018549 |   9.281423 |     10 | 0.903681 | 1.000000 | 1.056667 | 1.016667 | 1.070000 |  -1.437630 |      394 |      317 |       77 |   9.280894 |     10 | 0.890249 | 2.779086
 694 | 207900.0 | 208200.0 | 0.009335 | 0.018545 |   9.280894 |     10 | 0.890249 | 1.000000 | 1.066667 | 1.096667 | 1.136667 |  -1.078440 |      394 |      320 |       74 |   9.280271 |     10 | 0.880181 | 3.034013
 695 | 208200.0 | 208500.0 | 0.009327 | 0.018542 |   9.280271 |     10 | 0.880181 | 1.000000 | 1.096667 | 1.126667 | 1.033333 |   2.516867 |      398 |      329 |       69 |   9.279370 |     10 | 0.903656 | 2.439589
 696 | 208500.0 | 208800.0 | 0.009319 | 0.018538 |   9.279370 |     10 | 0.903656 | 1.000000 | 1.143333 | 1.073333 | 1.063333 |   0.269719 |      401 |      343 |       58 |   9.278034 |     10 | 0.906170 | 2.375943
 697 | 208800.0 | 209100.0 | 0.009311 | 0.018534 |   9.278034 |     10 | 0.906170 | 1.000000 | 1.116667 | 1.116667 | 1.060000 |   1.528712 |      399 |      335 |       64 |   9.276948 |     10 | 0.920403 | 2.015532
 698 | 209100.0 | 209400.0 | 0.009302 | 0.018530 |   9.276948 |     10 | 0.920403 | 1.000000 | 1.130000 | 1.146667 | 1.073333 |   1.978731 |      398 |      339 |       59 |   9.275738 |     10 | 0.938810 | 1.549434
 699 | 209400.0 | 209700.0 | 0.009294 | 0.018527 |   9.275738 |     10 | 0.938810 | 1.000000 | 1.176667 | 0.910000 | 1.103333 |  -5.217699 |      397 |      353 |       44 |   9.274096 |     10 | 0.890315 | 2.777409
 700 | 209700.0 | 210000.0 | 0.009286 | 0.018523 |   9.274096 |     10 | 0.890315 | 1.000000 | 1.090000 | 1.066667 | 1.036667 |   0.809805 |      396 |      327 |       69 |   9.273261 |     10 | 0.897835 | 2.586989
 701 | 210000.0 | 210300.0 | 0.009278 | 0.018519 |   9.273261 |     10 | 0.897835 | 1.000000 | 1.100000 | 1.116667 | 1.070000 |   1.259948 |      399 |      330 |       69 |   9.272333 |     10 | 0.909525 | 2.290982
 702 | 210300.0 | 210600.0 | 0.009270 | 0.018516 |   9.272333 |     10 | 0.909525 | 1.000000 | 1.063333 | 1.043333 | 1.083333 |  -1.080171 |      393 |      319 |       74 |   9.271746 |     10 | 0.899512 | 2.544532
 703 | 210600.0 | 210900.0 | 0.009262 | 0.018512 |   9.271746 |     10 | 0.899512 | 1.000000 | 1.126667 | 1.080000 | 1.063333 |   0.450161 |      399 |      338 |       61 |   9.270572 |     10 | 0.903681 | 2.438957
 704 | 210900.0 | 211200.0 | 0.009254 | 0.018508 |   9.270572 |     10 | 0.903681 | 1.000000 | 1.126667 | 1.100000 | 1.063333 |   0.990552 |      399 |      338 |       61 |   9.269400 |     10 | 0.912848 | 2.206848
 705 | 211200.0 | 211500.0 | 0.009246 | 0.018505 |   9.269400 |     10 | 0.912848 | 1.000000 | 1.160000 | 1.133333 | 1.100000 |   0.900681 |      403 |      348 |       55 |   9.267921 |     10 | 0.921175 | 1.995982
 706 | 211500.0 | 211800.0 | 0.009238 | 0.018501 |   9.267921 |     10 | 0.921175 | 1.000000 | 1.083333 | 1.113333 | 1.090000 |   0.630602 |      392 |      325 |       67 |   9.267151 |     10 | 0.927000 | 1.848475
 707 | 211800.0 | 212100.0 | 0.009230 | 0.018497 |   9.267151 |     10 | 0.927000 | 1.000000 | 1.140000 | 1.076667 | 1.060000 |   0.450519 |      397 |      342 |       55 |   9.265859 |     10 | 0.931159 | 1.743183
 708 | 212100.0 | 212400.0 | 0.009222 | 0.018494 |   9.265859 |     10 | 0.931159 | 1.000000 | 1.203333 | 1.060000 | 1.090000 |  -0.811095 |      402 |      361 |       41 |   9.263984 |     10 | 0.923679 | 1.932582
 709 | 212400.0 | 212700.0 | 0.009214 | 0.018490 |   9.263984 |     10 | 0.923679 | 1.000000 | 1.090000 | 1.073333 | 1.116667 |  -1.171813 |      395 |      327 |       68 |   9.263155 |     10 | 0.912882 | 2.205975
 710 | 212700.0 | 213000.0 | 0.009206 | 0.018486 |   9.263155 |     10 | 0.912882 | 1.000000 | 1.096667 | 1.130000 | 1.060000 |   1.893303 |      396 |      329 |       67 |   9.262265 |     10 | 0.930311 | 1.764634
 711 | 213000.0 | 213300.0 | 0.009198 | 0.018483 |   9.262265 |     10 | 0.930311 | 1.000000 | 1.083333 | 1.066667 | 1.043333 |   0.631225 |      391 |      325 |       66 |   9.261498 |     10 | 0.936117 | 1.617619
 712 | 213300.0 | 213600.0 | 0.009190 | 0.018479 |   9.261498 |     10 | 0.936117 | 1.000000 | 1.146667 | 0.956667 | 1.136667 |  -4.870413 |      395 |      344 |       52 |   9.260150 |     10 | 0.891359 | 2.750984
 713 | 213600.0 | 213900.0 | 0.009182 | 0.018475 |   9.260150 |     10 | 0.891359 | 1.000000 | 1.070000 | 1.090000 | 1.063333 |   0.721685 |      395 |      321 |       73 |   9.259508 |     10 | 0.897985 | 2.583189
 714 | 213900.0 | 214200.0 | 0.009174 | 0.018472 |   9.259508 |     10 | 0.897985 | 1.000000 | 1.073333 | 1.133333 | 1.070000 |   1.714338 |      396 |      322 |       74 |   9.258835 |     10 | 0.913713 | 2.184942
 715 | 214200.0 | 214500.0 | 0.009166 | 0.018468 |   9.258835 |     10 | 0.913713 | 1.000000 | 1.110000 | 1.053333 | 1.116667 |  -1.714674 |      396 |      333 |       63 |   9.257827 |     10 | 0.897996 | 2.582925
 716 | 214500.0 | 214800.0 | 0.009158 | 0.018464 |   9.257827 |     10 | 0.897996 | 1.000000 | 1.080000 | 1.103333 | 1.066667 |   0.992901 |      397 |      324 |       73 |   9.257094 |     10 | 0.907089 | 2.352667
 717 | 214800.0 | 215100.0 | 0.009150 | 0.018461 |   9.257094 |     10 | 0.907089 | 1.000000 | 1.063333 | 1.150000 | 1.106667 |   1.173658 |      394 |      319 |       76 |   9.256514 |     10 | 0.917829 | 2.080723
 718 | 215100.0 | 215400.0 | 0.009143 | 0.018457 |   9.256514 |     10 | 0.917829 | 1.000000 | 1.110000 | 1.136667 | 1.110000 |   0.722392 |      396 |      333 |       62 |   9.255509 |     10 | 0.924433 | 1.913483
 719 | 215400.0 | 215700.0 | 0.009135 | 0.018454 |   9.255509 |     10 | 0.924433 | 1.000000 | 1.123333 | 1.113333 | 1.096667 |   0.451583 |      397 |      337 |       61 |   9.254382 |     10 | 0.928558 | 1.809028
 720 | 215700.0 | 216000.0 | 0.009127 | 0.018450 |   9.254382 |     10 | 0.928558 | 1.000000 | 1.120000 | 1.083333 | 1.066667 |   0.451671 |      395 |      336 |       58 |   9.253287 |     10 | 0.932681 | 1.704641
 721 | 216000.0 | 216300.0 | 0.009119 | 0.018446 |   9.253287 |     10 | 0.932681 | 1.000000 | 1.133333 | 1.030000 | 1.160000 |  -3.523721 |      394 |      340 |       55 |   9.252071 |     10 | 0.900547 | 2.518322
 722 | 216300.0 | 216600.0 | 0.009111 | 0.018443 |   9.252071 |     10 | 0.900547 | 1.000000 | 1.056667 | 1.106667 | 1.100000 |   0.180739 |      394 |      317 |       76 |   9.251555 |     10 | 0.902194 | 2.476623
 723 | 216600.0 | 216900.0 | 0.009104 | 0.018439 |   9.251555 |     10 | 0.902194 | 1.000000 | 1.110000 | 1.030000 | 1.086667 |  -1.536578 |      398 |      333 |       65 |   9.250553 |     10 | 0.888205 | 2.830838
 724 | 216900.0 | 217200.0 | 0.009096 | 0.018436 |   9.250553 |     10 | 0.888205 | 1.000000 | 1.103333 | 1.120000 | 1.050000 |   1.898494 |      400 |      331 |       69 |   9.249613 |     10 | 0.905474 | 2.393565
 725 | 217200.0 | 217500.0 | 0.009088 | 0.018432 |   9.249613 |     10 | 0.905474 | 1.000000 | 1.126667 | 1.073333 | 1.093333 |  -0.542532 |      398 |      338 |       60 |   9.248462 |     10 | 0.900543 | 2.518418
 726 | 217500.0 | 217800.0 | 0.009081 | 0.018429 |   9.248462 |     10 | 0.900543 | 1.000000 | 1.123333 | 1.086667 | 1.093333 |  -0.180879 |      400 |      337 |       63 |   9.247342 |     10 | 0.898901 | 2.560009
 727 | 217800.0 | 218100.0 | 0.009073 | 0.018425 |   9.247342 |     10 | 0.898901 | 1.000000 | 1.046667 | 1.096667 | 1.073333 |   0.633199 |      393 |      314 |       79 |   9.246919 |     10 | 0.904646 | 2.414537
 728 | 218100.0 | 218400.0 | 0.009065 | 0.018421 |   9.246919 |     10 | 0.904646 | 1.000000 | 1.160000 | 1.136667 | 1.016667 |   3.257078 |      403 |      348 |       55 |   9.245468 |     10 | 0.934172 | 1.666884
 729 | 218400.0 | 218700.0 | 0.009058 | 0.018418 |   9.245468 |     10 | 0.934172 | 1.000000 | 1.140000 | 1.016667 | 1.046667 |  -0.814426 |      393 |      342 |       52 |   9.244200 |     10 | 0.926795 | 1.853675
 730 | 218700.0 | 219000.0 | 0.009050 | 0.018414 |   9.244200 |     10 | 0.926795 | 1.000000 | 1.136667 | 1.066667 | 1.130000 |  -1.719676 |      397 |      341 |       55 |   9.242964 |     10 | 0.911232 | 2.247756
 731 | 219000.0 | 219300.0 | 0.009042 | 0.018411 |   9.242964 |     10 | 0.911232 | 1.000000 | 1.160000 | 1.113333 | 1.060000 |   1.448426 |      402 |      348 |       54 |   9.241517 |     10 | 0.924329 | 1.916114
 732 | 219300.0 | 219600.0 | 0.009035 | 0.018407 |   9.241517 |     10 | 0.924329 | 1.000000 | 1.056667 | 1.116667 | 1.120000 |  -0.090544 |      390 |      317 |       73 |   9.241005 |     10 | 0.923511 | 1.936828
 733 | 219600.0 | 219900.0 | 0.009027 | 0.018404 |   9.241005 |     10 | 0.923511 | 1.000000 | 1.116667 | 1.156667 | 1.076667 |   2.173473 |      395 |      335 |       60 |   9.239952 |     10 | 0.943131 | 1.440012
 734 | 219900.0 | 220200.0 | 0.009020 | 0.018400 |   9.239952 |     10 | 0.943131 | 1.000000 | 1.116667 | 0.846667 | 1.083333 |  -6.431089 |      389 |      335 |       55 |   9.238899 |     10 | 0.885126 | 2.908808
 735 | 220200.0 | 220500.0 | 0.009012 | 0.018397 |   9.238899 |     10 | 0.885126 | 1.000000 | 1.066667 | 1.073333 | 1.053333 |   0.543576 |      395 |      320 |       74 |   9.238299 |     10 | 0.890025 | 2.784765
 736 | 220500.0 | 220800.0 | 0.009004 | 0.018393 |   9.238299 |     10 | 0.890025 | 1.000000 | 1.126667 | 1.076667 | 1.033333 |   1.177973 |      401 |      338 |       63 |   9.237158 |     10 | 0.900632 | 2.516178
 737 | 220800.0 | 221100.0 | 0.008997 | 0.018390 |   9.237158 |     10 | 0.900632 | 1.000000 | 1.150000 | 1.030000 | 1.070000 |  -1.087567 |      402 |      345 |       57 |   9.235808 |     10 | 0.890847 | 2.763944
 738 | 221100.0 | 221400.0 | 0.008989 | 0.018386 |   9.235808 |     10 | 0.890847 | 1.000000 | 1.146667 | 1.080000 | 1.020000 |   1.631662 |      403 |      344 |       59 |   9.234490 |     10 | 0.905515 | 2.392535
 739 | 221400.0 | 221700.0 | 0.008982 | 0.018383 |   9.234490 |     10 | 0.905515 | 1.000000 | 1.150000 | 1.113333 | 1.103333 |   0.271995 |      400 |      345 |       55 |   9.233143 |     10 | 0.907958 | 2.330673
 740 | 221700.0 | 222000.0 | 0.008974 | 0.018379 |   9.233143 |     10 | 0.907958 | 1.000000 | 1.076667 | 1.140000 | 1.073333 |   1.813647 |      394 |      323 |       71 |   9.232455 |     10 | 0.924234 | 1.918528
 741 | 222000.0 | 222300.0 | 0.008967 | 0.018376 |   9.232455 |     10 | 0.924234 | 1.000000 | 1.143333 | 1.093333 | 1.056667 |   0.997695 |      399 |      343 |       57 |   9.231169 |     10 | 0.933180 | 1.691994
 742 | 222300.0 | 222600.0 | 0.008959 | 0.018372 |   9.231169 |     10 | 0.933180 | 1.000000 | 1.106667 | 1.083333 | 1.063333 |   0.544301 |      393 |      332 |       60 |   9.230214 |     10 | 0.938057 | 1.568509
 743 | 222600.0 | 222900.0 | 0.008952 | 0.018369 |   9.230214 |     10 | 0.938057 | 1.000000 | 1.070000 | 0.973333 | 1.130000 |  -4.264495 |      387 |      321 |       66 |   9.229587 |     10 | 0.899881 | 2.535186
 744 | 222900.0 | 223200.0 | 0.008945 | 0.018365 |   9.229587 |     10 | 0.899881 | 1.000000 | 1.113333 | 1.106667 | 1.016667 |   2.450279 |      398 |      334 |       64 |   9.228573 |     10 | 0.921798 | 1.980217
 745 | 223200.0 | 223500.0 | 0.008937 | 0.018362 |   9.228573 |     10 | 0.921798 | 1.000000 | 1.163333 | 1.123333 | 1.100000 |   0.635378 |      401 |      349 |       52 |   9.227114 |     10 | 0.927476 | 1.836428
 746 | 223500.0 | 223800.0 | 0.008930 | 0.018358 |   9.227114 |     10 | 0.927476 | 1.000000 | 1.086667 | 1.100000 | 1.036667 |   1.724921 |      392 |      326 |       66 |   9.226340 |     10 | 0.942879 | 1.446393
 747 | 223800.0 | 224100.0 | 0.008922 | 0.018355 |   9.226340 |     10 | 0.942879 | 1.000000 | 1.136667 | 0.853333 | 1.126667 |  -7.445800 |      392 |      341 |       53 |   9.225120 |     10 | 0.876445 | 3.128626
 748 | 224100.0 | 224400.0 | 0.008915 | 0.018351 |   9.225120 |     10 | 0.876445 | 1.000000 | 1.050000 | 1.076667 | 1.050000 |   0.726556 |      393 |      315 |       76 |   9.224675 |     10 | 0.882922 | 2.964610
 749 | 224400.0 | 224700.0 | 0.008908 | 0.018348 |   9.224675 |     10 | 0.882922 | 1.000000 | 1.096667 | 1.066667 | 1.066667 |   0.000000 |      399 |      329 |       70 |   9.223814 |     10 | 0.882922 | 2.964610
 750 | 224700.0 | 225000.0 | 0.008900 | 0.018345 |   9.223814 |     10 | 0.882922 | 1.000000 | 1.126667 | 1.086667 | 1.013333 |   1.998780 |      399 |      338 |       61 |   9.222686 |     10 | 0.900712 | 2.514141
 751 | 225000.0 | 225300.0 | 0.008893 | 0.018341 |   9.222686 |     10 | 0.900712 | 1.000000 | 1.093333 | 1.086667 | 1.070000 |   0.454353 |      397 |      328 |       69 |   9.221856 |     10 | 0.904753 | 2.411827
 752 | 225300.0 | 225600.0 | 0.008886 | 0.018338 |   9.221856 |     10 | 0.904753 | 1.000000 | 1.070000 | 1.073333 | 1.060000 |   0.363551 |      394 |      321 |       73 |   9.221234 |     10 | 0.907983 | 2.330028
 753 | 225600.0 | 225900.0 | 0.008878 | 0.018334 |   9.221234 |     10 | 0.907983 | 1.000000 | 1.030000 | 1.113333 | 1.066667 |   1.272665 |      389 |      309 |       80 |   9.220968 |     10 | 0.919282 | 2.043911
 754 | 225900.0 | 226200.0 | 0.008871 | 0.018331 |   9.220968 |     10 | 0.919282 | 1.000000 | 1.236667 | 1.063333 | 1.016667 |   1.272903 |      410 |      371 |       39 |   9.218868 |     10 | 0.930574 | 1.757976
 755 | 226200.0 | 226500.0 | 0.008864 | 0.018327 |   9.218868 |     10 | 0.930574 | 1.000000 | 1.180000 | 1.083333 | 1.106667 |  -0.636570 |      402 |      354 |       48 |   9.217273 |     10 | 0.924932 | 1.900853
 756 | 226500.0 | 226800.0 | 0.008857 | 0.018324 |   9.217273 |     10 | 0.924932 | 1.000000 | 1.156667 | 1.126667 | 1.083333 |   1.182422 |      400 |      347 |       53 |   9.215885 |     10 | 0.935404 | 1.635677
 757 | 226800.0 | 227100.0 | 0.008849 | 0.018321 |   9.215885 |     10 | 0.935404 | 1.000000 | 1.090000 | 0.963333 | 1.086667 |  -3.365980 |      389 |      327 |       62 |   9.215089 |     10 | 0.905617 | 2.389932
 758 | 227100.0 | 227400.0 | 0.008842 | 0.018317 |   9.215089 |     10 | 0.905617 | 1.000000 | 1.076667 | 1.140000 | 1.030000 |   3.002648 |      395 |      323 |       72 |   9.214411 |     10 | 0.932167 | 1.717642
 759 | 227400.0 | 227700.0 | 0.008835 | 0.018314 |   9.214411 |     10 | 0.932167 | 1.000000 | 1.106667 | 1.030000 | 1.090000 |  -1.638112 |      394 |      332 |       63 |   9.213469 |     10 | 0.917695 | 2.084115
 760 | 227700.0 | 228000.0 | 0.008828 | 0.018310 |   9.213469 |     10 | 0.917695 | 1.000000 | 1.110000 | 1.140000 | 1.083333 |   1.547392 |      396 |      333 |       62 |   9.212497 |     10 | 0.931355 | 1.738220
 761 | 228000.0 | 228300.0 | 0.008821 | 0.018307 |   9.212497 |     10 | 0.931355 | 1.000000 | 1.193333 | 1.026667 | 1.070000 |  -1.183519 |      403 |      358 |       45 |   9.210792 |     10 | 0.920915 | 2.002562
 762 | 228300.0 | 228600.0 | 0.008813 | 0.018304 |   9.210792 |     10 | 0.920915 | 1.000000 | 1.146667 | 1.073333 | 1.086667 |  -0.364227 |      400 |      344 |       56 |   9.209500 |     10 | 0.917705 | 2.083847
 763 | 228600.0 | 228900.0 | 0.008806 | 0.018300 |   9.209500 |     10 | 0.917705 | 1.000000 | 1.106667 | 1.106667 | 1.083333 |   0.637515 |      397 |      332 |       65 |   9.208560 |     10 | 0.923319 | 1.941687
 764 | 228900.0 | 229200.0 | 0.008799 | 0.018297 |   9.208560 |     10 | 0.923319 | 1.000000 | 1.120000 | 1.130000 | 1.073333 |   1.548536 |      395 |      336 |       59 |   9.207504 |     10 | 0.936945 | 1.596659
 765 | 229200.0 | 229500.0 | 0.008792 | 0.018293 |   9.207504 |     10 | 0.936945 | 1.000000 | 1.136667 | 0.956667 | 1.176667 |  -6.013071 |      394 |      341 |       53 |   9.206303 |     10 | 0.884078 | 2.935343
 766 | 229500.0 | 229800.0 | 0.008785 | 0.018290 |   9.206303 |     10 | 0.884078 | 1.000000 | 1.166667 | 1.043333 | 1.093333 |  -1.366858 |      405 |      350 |       55 |   9.204839 |     10 | 0.872070 | 3.239399
 767 | 229800.0 | 230100.0 | 0.008778 | 0.018287 |   9.204839 |     10 | 0.872070 | 1.000000 | 1.053333 | 1.090000 | 1.070000 |   0.546844 |      393 |      316 |       77 |   9.204370 |     10 | 0.876870 | 3.117853
 768 | 230100.0 | 230400.0 | 0.008771 | 0.018283 |   9.204370 |     10 | 0.876870 | 1.000000 | 1.043333 | 1.086667 | 1.053333 |   0.911574 |      394 |      313 |       81 |   9.203990 |     10 | 0.884866 | 2.915401
 769 | 230400.0 | 230700.0 | 0.008764 | 0.018280 |   9.203990 |     10 | 0.884866 | 1.000000 | 1.090000 | 1.063333 | 1.086667 |  -0.638218 |      395 |      327 |       68 |   9.203202 |     10 | 0.879272 | 3.057029
 770 | 230700.0 | 231000.0 | 0.008757 | 0.018277 |   9.203202 |     10 | 0.879272 | 1.000000 | 1.080000 | 1.130000 | 1.076667 |   1.459052 |      398 |      324 |       74 |   9.202501 |     10 | 0.892049 | 2.733510
 771 | 231000.0 | 231300.0 | 0.008750 | 0.018273 |   9.202501 |     10 | 0.892049 | 1.000000 | 1.123333 | 1.060000 | 1.103333 |  -1.185697 |      399 |      337 |       63 |   9.201422 |     10 | 0.881674 | 2.996206
 772 | 231300.0 | 231600.0 | 0.008743 | 0.018270 |   9.201422 |     10 | 0.881674 | 1.000000 | 1.080000 | 1.110000 | 1.043333 |   1.824482 |      396 |      324 |       71 |   9.200723 |     10 | 0.897625 | 2.592308
 773 | 231600.0 | 231900.0 | 0.008736 | 0.018267 |   9.200723 |     10 | 0.897625 | 1.000000 | 1.150000 | 1.076667 | 1.096667 |  -0.547444 |      401 |      345 |       56 |   9.199412 |     10 | 0.892843 | 2.713403
 774 | 231900.0 | 232200.0 | 0.008729 | 0.018263 |   9.199412 |     10 | 0.892843 | 1.000000 | 1.066667 | 1.123333 | 1.050000 |   2.007662 |      395 |      320 |       75 |   9.198830 |     10 | 0.910367 | 2.269666
 775 | 232200.0 | 232500.0 | 0.008722 | 0.018260 |   9.198830 |     10 | 0.910367 | 1.000000 | 1.093333 | 1.053333 | 1.070000 |  -0.456370 |      395 |      328 |       67 |   9.198016 |     10 | 0.906387 | 2.370453
 776 | 232500.0 | 232800.0 | 0.008715 | 0.018257 |   9.198016 |     10 | 0.906387 | 1.000000 | 1.150000 | 1.150000 | 1.120000 |   0.821615 |      403 |      345 |       58 |   9.196709 |     10 | 0.913547 | 2.189148
 777 | 232800.0 | 233100.0 | 0.008708 | 0.018253 |   9.196709 |     10 | 0.913547 | 1.000000 | 1.130000 | 1.116667 | 1.110000 |   0.182614 |      399 |      339 |       60 |   9.195577 |     10 | 0.915137 | 2.148883
 778 | 233100.0 | 233400.0 | 0.008701 | 0.018250 |   9.195577 |     10 | 0.915137 | 1.000000 | 1.170000 | 1.083333 | 1.100000 |  -0.456618 |      401 |      351 |       51 |   9.194098 |     10 | 0.911164 | 2.249484
 779 | 233400.0 | 233700.0 | 0.008694 | 0.018247 |   9.194098 |     10 | 0.911164 | 1.000000 | 1.113333 | 1.100000 | 1.076667 |   0.639381 |      398 |      334 |       63 |   9.193113 |     10 | 0.916722 | 2.108729
 780 | 233700.0 | 234000.0 | 0.008687 | 0.018244 |   9.193113 |     10 | 0.916722 | 1.000000 | 1.113333 | 1.163333 | 1.193333 |  -0.822210 |      398 |      334 |       64 |   9.192128 |     10 | 0.909580 | 2.289588
 781 | 234000.0 | 234300.0 | 0.008680 | 0.018240 |   9.192128 |     10 | 0.909580 | 1.000000 | 1.113333 | 1.126667 | 1.153333 |  -0.730986 |      398 |      334 |       64 |   9.191144 |     10 | 0.903235 | 2.450252
 782 | 234300.0 | 234600.0 | 0.008673 | 0.018237 |   9.191144 |     10 | 0.903235 | 1.000000 | 1.123333 | 1.136667 | 1.100000 |   1.005287 |      399 |      337 |       62 |   9.190075 |     10 | 0.911954 | 2.229474
 783 | 234600.0 | 234900.0 | 0.008666 | 0.018234 |   9.190075 |     10 | 0.911954 | 1.000000 | 1.110000 | 1.060000 | 1.070000 |  -0.274218 |      396 |      333 |       63 |   9.189122 |     10 | 0.909578 | 2.289649
 784 | 234900.0 | 235200.0 | 0.008659 | 0.018230 |   9.189122 |     10 | 0.909578 | 1.000000 | 1.060000 | 1.106667 | 1.040000 |   1.828452 |      393 |      318 |       75 |   9.188602 |     10 | 0.925411 | 1.888727
 785 | 235200.0 | 235500.0 | 0.008652 | 0.018227 |   9.188602 |     10 | 0.925411 | 1.000000 | 1.126667 | 1.130000 | 1.063333 |   1.828781 |      396 |      338 |       58 |   9.187506 |     10 | 0.941234 | 1.488050
 786 | 235500.0 | 235800.0 | 0.008646 | 0.018224 |   9.187506 |     10 | 0.941234 | 1.000000 | 1.130000 | 0.850000 | 1.100000 |  -6.859160 |      394 |      339 |       55 |   9.186382 |     10 | 0.881933 | 2.989672
 787 | 235800.0 | 236100.0 | 0.008639 | 0.018221 |   9.186382 |     10 | 0.881933 | 1.000000 | 1.086667 | 1.080000 | 1.066667 |   0.365887 |      396 |      326 |       70 |   9.185633 |     10 | 0.885093 | 2.909634
 788 | 236100.0 | 236400.0 | 0.008632 | 0.018217 |   9.185633 |     10 | 0.885093 | 1.000000 | 1.143333 | 1.066667 | 1.103333 |  -1.006371 |      402 |      343 |       59 |   9.184396 |     10 | 0.876406 | 3.129603
 789 | 236400.0 | 236700.0 | 0.008625 | 0.018214 |   9.184396 |     10 | 0.876406 | 1.000000 | 1.103333 | 1.063333 | 1.003333 |   1.647083 |      397 |      331 |       66 |   9.183505 |     10 | 0.890613 | 2.769873
 790 | 236700.0 | 237000.0 | 0.008618 | 0.018211 |   9.183505 |     10 | 0.890613 | 1.000000 | 1.073333 | 1.083333 | 1.100000 |  -0.457605 |      396 |      322 |       74 |   9.182873 |     10 | 0.886669 | 2.869737
 791 | 237000.0 | 237300.0 | 0.008612 | 0.018208 |   9.182873 |     10 | 0.886669 | 1.000000 | 1.093333 | 1.110000 | 1.116667 |  -0.183075 |      396 |      328 |       68 |   9.182069 |     10 | 0.885092 | 2.909658
 792 | 237300.0 | 237600.0 | 0.008605 | 0.018204 |   9.182069 |     10 | 0.885092 | 1.000000 | 1.076667 | 1.086667 | 1.086667 |   0.000000 |      397 |      323 |       74 |   9.181409 |     10 | 0.885092 | 2.909658
 793 | 237600.0 | 237900.0 | 0.008598 | 0.018201 |   9.181409 |     10 | 0.885092 | 1.000000 | 1.123333 | 1.073333 | 1.073333 |   0.000000 |      400 |      337 |       63 |   9.180349 |     10 | 0.885092 | 2.909658
 794 | 237900.0 | 238200.0 | 0.008591 | 0.018198 |   9.180349 |     10 | 0.885092 | 1.000000 | 1.070000 | 1.106667 | 1.030000 |   2.106483 |      395 |      321 |       74 |   9.179748 |     10 | 0.903190 | 2.451395
 795 | 238200.0 | 238500.0 | 0.008585 | 0.018195 |   9.179748 |     10 | 0.903190 | 1.000000 | 1.010000 | 1.123333 | 1.020000 |   2.839677 |      388 |      303 |       85 |   9.179662 |     10 | 0.927568 | 1.834110
 796 | 238500.0 | 238800.0 | 0.008578 | 0.018191 |   9.179662 |     10 | 0.927568 | 1.000000 | 1.176667 | 1.083333 | 1.120000 |  -1.007806 |      402 |      353 |       49 |   9.178146 |     10 | 0.918923 | 2.053014
 797 | 238800.0 | 239100.0 | 0.008571 | 0.018188 |   9.178146 |     10 | 0.918923 | 1.000000 | 1.146667 | 1.133333 | 1.053333 |   2.199239 |      401 |      344 |       57 |   9.176889 |     10 | 0.937773 | 1.575693
 798 | 239100.0 | 239400.0 | 0.008565 | 0.018185 |   9.176889 |     10 | 0.937773 | 1.000000 | 1.146667 | 0.910000 | 1.180000 |  -7.423747 |      395 |      344 |       51 |   9.175633 |     10 | 0.874192 | 3.185682
 799 | 239400.0 | 239700.0 | 0.008558 | 0.018182 |   9.175633 |     10 | 0.874192 | 1.000000 | 1.153333 | 1.056667 | 1.046667 |   0.275002 |      403 |      346 |       57 |   9.174321 |     10 | 0.876545 | 3.126089
 800 | 239700.0 | 240000.0 | 0.008551 | 0.018178 |   9.174321 |     10 | 0.876545 | 1.000000 | 1.060000 | 1.100000 | 1.086667 |   0.366734 |      395 |      318 |       77 |   9.173808 |     10 | 0.879681 | 3.046679
 801 | 240000.0 | 240300.0 | 0.008545 | 0.018175 |   9.173808 |     10 | 0.879681 | 1.000000 | 1.056667 | 1.083333 | 0.983333 |   2.750993 |      392 |      317 |       75 |   9.173323 |     10 | 0.903187 | 2.451462
 802 | 240300.0 | 240600.0 | 0.008538 | 0.018172 |   9.173323 |     10 | 0.903187 | 1.000000 | 1.093333 | 1.080000 | 1.076667 |   0.091716 |      397 |      328 |       69 |   9.172527 |     10 | 0.903970 | 2.431633
 803 | 240600.0 | 240900.0 | 0.008531 | 0.018169 |   9.172527 |     10 | 0.903970 | 1.000000 | 1.140000 | 1.133333 | 1.080000 |   1.467713 |      401 |      342 |       59 |   9.171332 |     10 | 0.916492 | 2.114565
 804 | 240900.0 | 241200.0 | 0.008525 | 0.018166 |   9.171332 |     10 | 0.916492 | 1.000000 | 1.140000 | 1.136667 | 1.073333 |   1.743215 |      399 |      342 |       57 |   9.170139 |     10 | 0.931353 | 1.738272
 805 | 241200.0 | 241500.0 | 0.008518 | 0.018162 |   9.170139 |     10 | 0.931353 | 1.000000 | 1.083333 | 1.066667 | 1.120000 |  -1.468228 |      389 |      325 |       64 |   9.169429 |     10 | 0.918846 | 2.054960
 806 | 241500.0 | 241800.0 | 0.008512 | 0.018159 |   9.169429 |     10 | 0.918846 | 1.000000 | 1.083333 | 1.090000 | 1.056667 |   0.917804 |      394 |      325 |       69 |   9.168720 |     10 | 0.926658 | 1.857148
 807 | 241800.0 | 242100.0 | 0.008505 | 0.018156 |   9.168720 |     10 | 0.926658 | 1.000000 | 1.063333 | 1.126667 | 1.090000 |   1.009761 |      390 |      319 |       71 |   9.168181 |     10 | 0.935246 | 1.639685
 808 | 242100.0 | 242400.0 | 0.008498 | 0.018153 |   9.168181 |     10 | 0.935246 | 1.000000 | 1.180000 | 1.010000 | 1.046667 |  -1.009938 |      401 |      354 |       47 |   9.166651 |     10 | 0.926663 | 1.857019
 809 | 242400.0 | 242700.0 | 0.008492 | 0.018150 |   9.166651 |     10 | 0.926663 | 1.000000 | 1.130000 | 1.096667 | 1.073333 |   0.642800 |      397 |      339 |       58 |   9.165547 |     10 | 0.932122 | 1.718797
 810 | 242700.0 | 243000.0 | 0.008485 | 0.018147 |   9.165547 |     10 | 0.932122 | 1.000000 | 1.160000 | 1.036667 | 1.120000 |  -2.296114 |      398 |      348 |       50 |   9.164190 |     10 | 0.912638 | 2.212150
 811 | 243000.0 | 243300.0 | 0.008479 | 0.018143 |   9.164190 |     10 | 0.912638 | 1.000000 | 1.126667 | 1.133333 | 1.106667 |   0.734885 |      398 |      338 |       60 |   9.163116 |     10 | 0.918869 | 2.054371
 812 | 243300.0 | 243600.0 | 0.008472 | 0.018140 |   9.163116 |     10 | 0.918869 | 1.000000 | 1.126667 | 1.073333 | 1.080000 |  -0.183753 |      398 |      338 |       60 |   9.162042 |     10 | 0.917312 | 2.093793
 813 | 243600.0 | 243900.0 | 0.008466 | 0.018137 |   9.162042 |     10 | 0.917312 | 1.000000 | 1.120000 | 1.086667 | 1.070000 |   0.459463 |      397 |      336 |       61 |   9.161027 |     10 | 0.921202 | 1.995298
 814 | 243900.0 | 244200.0 | 0.008459 | 0.018134 |   9.161027 |     10 | 0.921202 | 1.000000 | 1.136667 | 1.050000 | 1.073333 |  -0.643360 |      400 |      341 |       59 |   9.159870 |     10 | 0.915760 | 2.133109
 815 | 244200.0 | 244500.0 | 0.008453 | 0.018131 |   9.159870 |     10 | 0.915760 | 1.000000 | 1.180000 | 1.093333 | 1.063333 |   0.827320 |      403 |      354 |       49 |   9.158349 |     10 | 0.922753 | 1.956028
 816 | 244500.0 | 244800.0 | 0.008446 | 0.018128 |   9.158349 |     10 | 0.922753 | 1.000000 | 1.116667 | 1.166667 | 1.123333 |   1.195225 |      395 |      335 |       60 |   9.157364 |     10 | 0.932848 | 1.700395
 817 | 244800.0 | 245100.0 | 0.008440 | 0.018125 |   9.157364 |     10 | 0.932848 | 1.000000 | 1.053333 | 1.046667 | 1.170000 |  -3.402384 |      388 |      316 |       72 |   9.156913 |     10 | 0.904132 | 2.427535
 818 | 245100.0 | 245400.0 | 0.008434 | 0.018121 |   9.156913 |     10 | 0.904132 | 1.000000 | 1.116667 | 1.133333 | 1.080000 |   1.471556 |      399 |      335 |       64 |   9.155929 |     10 | 0.916543 | 2.113282
 819 | 245400.0 | 245700.0 | 0.008427 | 0.018118 |   9.155929 |     10 | 0.916543 | 1.000000 | 1.130000 | 1.096667 | 1.116667 |  -0.551929 |      399 |      339 |       60 |   9.154834 |     10 | 0.911892 | 2.231057
 820 | 245700.0 | 246000.0 | 0.008421 | 0.018115 |   9.154834 |     10 | 0.911892 | 1.000000 | 1.110000 | 1.053333 | 1.133333 |  -2.208096 |      398 |      333 |       65 |   9.153908 |     10 | 0.893298 | 2.701883
 821 | 246000.0 | 246300.0 | 0.008414 | 0.018112 |   9.153908 |     10 | 0.893298 | 1.000000 | 1.126667 | 1.106667 | 1.010000 |   2.668575 |      399 |      338 |       61 |   9.152842 |     10 | 0.915752 | 2.133303
 822 | 246300.0 | 246600.0 | 0.008408 | 0.018109 |   9.152842 |     10 | 0.915752 | 1.000000 | 1.163333 | 1.090000 | 1.083333 |   0.184071 |      403 |      349 |       54 |   9.151469 |     10 | 0.917300 | 2.094114
 823 | 246600.0 | 246900.0 | 0.008402 | 0.018106 |   9.151469 |     10 | 0.917300 | 1.000000 | 1.110000 | 1.046667 | 1.080000 |  -0.920515 |      397 |      333 |       64 |   9.150544 |     10 | 0.909566 | 2.289946
 824 | 246900.0 | 247200.0 | 0.008395 | 0.018103 |   9.150544 |     10 | 0.909566 | 1.000000 | 1.110000 | 1.090000 | 1.056667 |   0.920673 |      396 |      333 |       64 |   9.149621 |     10 | 0.917295 | 2.094229
 825 | 247200.0 | 247500.0 | 0.008389 | 0.018100 |   9.149621 |     10 | 0.917295 | 1.000000 | 1.163333 | 1.050000 | 1.053333 |  -0.092083 |      403 |      349 |       53 |   9.148251 |     10 | 0.916523 | 2.113789
 826 | 247500.0 | 247800.0 | 0.008382 | 0.018096 |   9.148251 |     10 | 0.916523 | 1.000000 | 1.113333 | 1.110000 | 1.090000 |   0.552593 |      397 |      334 |       63 |   9.147301 |     10 | 0.921155 | 1.996496
 827 | 247800.0 | 248100.0 | 0.008376 | 0.018093 |   9.147301 |     10 | 0.921155 | 1.000000 | 1.183333 | 1.073333 | 1.120000 |  -1.289605 |      404 |      355 |       49 |   9.145765 |     10 | 0.910353 | 2.270020
 828 | 248100.0 | 248400.0 | 0.008370 | 0.018090 |   9.145765 |     10 | 0.910353 | 1.000000 | 1.130000 | 1.043333 | 1.050000 |  -0.184261 |      398 |      339 |       59 |   9.144677 |     10 | 0.908811 | 2.309071
 829 | 248400.0 | 248700.0 | 0.008364 | 0.018087 |   9.144677 |     10 | 0.908811 | 1.000000 | 1.070000 | 1.116667 | 1.143333 |  -0.737169 |      394 |      321 |       73 |   9.144092 |     10 | 0.902645 | 2.465188
 830 | 248700.0 | 249000.0 | 0.008357 | 0.018084 |   9.144092 |     10 | 0.902645 | 1.000000 | 1.160000 | 1.093333 | 1.030000 |   1.751075 |      402 |      348 |       54 |   9.142754 |     10 | 0.917279 | 2.094627
 831 | 249000.0 | 249300.0 | 0.008351 | 0.018081 |   9.142754 |     10 | 0.917279 | 1.000000 | 1.186667 | 1.123333 | 1.110000 |   0.368710 |      405 |      356 |       49 |   9.141196 |     10 | 0.920359 | 2.016659
 832 | 249300.0 | 249600.0 | 0.008345 | 0.018078 |   9.141196 |     10 | 0.920359 | 1.000000 | 1.120000 | 1.060000 | 1.120000 |  -1.659478 |      396 |      336 |       61 |   9.140194 |     10 | 0.906511 | 2.367309
 833 | 249600.0 | 249900.0 | 0.008338 | 0.018075 |   9.140194 |     10 | 0.906511 | 1.000000 | 1.140000 | 1.090000 | 1.146667 |  -1.567551 |      402 |      342 |       59 |   9.139027 |     10 | 0.893440 | 2.698286
 834 | 249900.0 | 250200.0 | 0.008332 | 0.018072 |   9.139027 |     10 | 0.893440 | 1.000000 | 1.083333 | 1.063333 | 1.006667 |   1.567817 |      397 |      325 |       72 |   9.138333 |     10 | 0.906503 | 2.367501
 835 | 250200.0 | 250500.0 | 0.008326 | 0.018069 |   9.138333 |     10 | 0.906503 | 1.000000 | 1.153333 | 1.093333 | 1.080000 |   0.368961 |      401 |      346 |       55 |   9.137056 |     10 | 0.909575 | 2.289715
 836 | 250500.0 | 250800.0 | 0.008320 | 0.018066 |   9.137056 |     10 | 0.909575 | 1.000000 | 1.083333 | 1.143333 | 1.040000 |   2.859931 |      393 |      325 |       68 |   9.136363 |     10 | 0.933369 | 1.687217
 837 | 250800.0 | 251100.0 | 0.008313 | 0.018063 |   9.136363 |     10 | 0.933369 | 1.000000 | 1.116667 | 1.036667 | 1.116667 |  -2.214515 |      396 |      335 |       61 |   9.135393 |     10 | 0.914959 | 2.153397
 838 | 251100.0 | 251400.0 | 0.008307 | 0.018060 |   9.135393 |     10 | 0.914959 | 1.000000 | 1.096667 | 1.113333 | 1.080000 |   0.922870 |      395 |      329 |       66 |   9.134590 |     10 | 0.922625 | 1.959267
 839 | 251400.0 | 251700.0 | 0.008301 | 0.018057 |   9.134590 |     10 | 0.922625 | 1.000000 | 1.156667 | 1.096667 | 1.080000 |   0.461513 |      399 |      347 |       52 |   9.133289 |     10 | 0.926456 | 1.862258
 840 | 251700.0 | 252000.0 | 0.008295 | 0.018054 |   9.133289 |     10 | 0.926456 | 1.000000 | 1.060000 | 1.083333 | 1.063333 |   0.553909 |      390 |      318 |       72 |   9.132791 |     10 | 0.931051 | 1.745915
 841 | 252000.0 | 252300.0 | 0.008289 | 0.018050 |   9.132791 |     10 | 0.931051 | 1.000000 | 1.130000 | 1.060000 | 1.100000 |  -1.108005 |      396 |      339 |       58 |   9.131714 |     10 | 0.921867 | 1.978468
 842 | 252300.0 | 252600.0 | 0.008283 | 0.018047 |   9.131714 |     10 | 0.921867 | 1.000000 | 1.080000 | 1.153333 | 1.120000 |   0.923493 |      394 |      324 |       69 |   9.131051 |     10 | 0.929516 | 1.784785
 843 | 252600.0 | 252900.0 | 0.008276 | 0.018044 |   9.131051 |     10 | 0.929516 | 1.000000 | 1.126667 | 1.066667 | 1.140000 |  -2.032025 |      395 |      338 |       57 |   9.130003 |     10 | 0.912698 | 2.210643
 844 | 252900.0 | 253200.0 | 0.008270 | 0.018041 |   9.130003 |     10 | 0.912698 | 1.000000 | 1.133333 | 1.116667 | 1.096667 |   0.554282 |      399 |      340 |       59 |   9.128900 |     10 | 0.917282 | 2.094566
 845 | 253200.0 | 253500.0 | 0.008264 | 0.018038 |   9.128900 |     10 | 0.917282 | 1.000000 | 1.166667 | 1.056667 | 1.063333 |  -0.184792 |      404 |      350 |       54 |   9.127523 |     10 | 0.915755 | 2.133236
 846 | 253500.0 | 253800.0 | 0.008258 | 0.018035 |   9.127523 |     10 | 0.915755 | 1.000000 | 1.096667 | 1.160000 | 1.076667 |   2.310282 |      393 |      329 |       65 |   9.126725 |     10 | 0.934833 | 1.650139
 847 | 253800.0 | 254100.0 | 0.008252 | 0.018032 |   9.126725 |     10 | 0.934833 | 1.000000 | 1.110000 | 1.003333 | 1.103333 |  -2.772802 |      391 |      333 |       58 |   9.125817 |     10 | 0.911952 | 2.229524
 848 | 254100.0 | 254400.0 | 0.008246 | 0.018029 |   9.125817 |     10 | 0.911952 | 1.000000 | 1.126667 | 1.120000 | 1.026667 |   2.588381 |      398 |      338 |       59 |   9.124772 |     10 | 0.933295 | 1.689074
 849 | 254400.0 | 254700.0 | 0.008240 | 0.018026 |   9.124772 |     10 | 0.933295 | 1.000000 | 1.136667 | 1.013333 | 1.106667 |  -2.588813 |      398 |      341 |       58 |   9.123646 |     10 | 0.911964 | 2.229215
 850 | 254700.0 | 255000.0 | 0.008234 | 0.018023 |   9.123646 |     10 | 0.911964 | 1.000000 | 1.073333 | 1.056667 | 1.043333 |   0.369892 |      396 |      322 |       73 |   9.123043 |     10 | 0.915010 | 2.152096
 851 | 255000.0 | 255300.0 | 0.008228 | 0.018020 |   9.123043 |     10 | 0.915010 | 1.000000 | 1.073333 | 1.023333 | 1.093333 |  -1.942257 |      393 |      322 |       71 |   9.122439 |     10 | 0.899030 | 2.556741
 852 | 255300.0 | 255600.0 | 0.008222 | 0.018017 |   9.122439 |     10 | 0.899030 | 1.000000 | 1.120000 | 1.126667 | 1.026667 |   2.775115 |      399 |      336 |       63 |   9.121453 |     10 | 0.921845 | 1.979006
 853 | 255600.0 | 255900.0 | 0.008216 | 0.018014 |   9.121453 |     10 | 0.921845 | 1.000000 | 1.050000 | 1.163333 | 1.073333 |   2.498019 |      389 |      315 |       74 |   9.121042 |     10 | 0.942368 | 1.459341
 854 | 255900.0 | 256200.0 | 0.008209 | 0.018011 |   9.121042 |     10 | 0.942368 | 1.000000 | 1.133333 | 0.836667 | 1.103333 |  -7.402766 |      390 |      340 |       51 |   9.119947 |     10 | 0.881595 | 2.998216
 855 | 256200.0 | 256500.0 | 0.008203 | 0.018008 |   9.119947 |     10 | 0.881595 | 1.000000 | 1.096667 | 1.150000 | 1.016667 |   3.701997 |      397 |      329 |       67 |   9.119154 |     10 | 0.911964 | 2.229215
 856 | 256500.0 | 256800.0 | 0.008197 | 0.018005 |   9.119154 |     10 | 0.911964 | 1.000000 | 1.110000 | 1.136667 | 1.100000 |   1.018218 |      397 |      333 |       64 |   9.118252 |     10 | 0.920311 | 2.017860
 857 | 256800.0 | 257100.0 | 0.008191 | 0.018002 |   9.118252 |     10 | 0.920311 | 1.000000 | 1.096667 | 1.126667 | 1.130000 |  -0.092581 |      394 |      329 |       65 |   9.117461 |     10 | 0.919553 | 2.037063
 858 | 257100.0 | 257400.0 | 0.008185 | 0.017999 |   9.117461 |     10 | 0.919553 | 1.000000 | 1.123333 | 1.036667 | 1.146667 |  -3.055664 |      396 |      337 |       59 |   9.116451 |     10 | 0.894541 | 2.670411
 859 | 257400.0 | 257700.0 | 0.008180 | 0.017996 |   9.116451 |     10 | 0.894541 | 1.000000 | 1.113333 | 1.076667 | 1.093333 |  -0.463056 |      400 |      334 |       66 |   9.115524 |     10 | 0.890753 | 2.766319
 860 | 257700.0 | 258000.0 | 0.008174 | 0.017993 |   9.115524 |     10 | 0.890753 | 1.000000 | 1.053333 | 1.073333 | 1.010000 |   1.759902 |      393 |      316 |       77 |   9.115088 |     10 | 0.905138 | 2.402076
 861 | 258000.0 | 258300.0 | 0.008168 | 0.017990 |   9.115088 |     10 | 0.905138 | 1.000000 | 1.200000 | 1.106667 | 1.040000 |   1.852834 |      406 |      360 |       46 |   9.113455 |     10 | 0.920271 | 2.018878
 862 | 258300.0 | 258600.0 | 0.008162 | 0.017987 |   9.113455 |     10 | 0.920271 | 1.000000 | 1.056667 | 1.096667 | 1.136667 |  -1.111883 |      393 |      317 |       76 |   9.112992 |     10 | 0.911196 | 2.248667
 863 | 258600.0 | 258900.0 | 0.008156 | 0.017985 |   9.112992 |     10 | 0.911196 | 1.000000 | 1.130000 | 1.083333 | 1.053333 |   0.834050 |      398 |      339 |       60 |   9.111932 |     10 | 0.917998 | 2.076422
 864 | 258900.0 | 259200.0 | 0.008150 | 0.017982 |   9.111932 |     10 | 0.917998 | 1.000000 | 1.126667 | 1.093333 | 1.070000 |   0.648812 |      399 |      338 |       60 |   9.110900 |     10 | 0.923286 | 1.942529
 865 | 259200.0 | 259500.0 | 0.008144 | 0.017979 |   9.110900 |     10 | 0.923286 | 1.000000 | 1.063333 | 1.093333 | 1.133333 |  -1.112431 |      391 |      319 |       72 |   9.110384 |     10 | 0.914227 | 2.171931
 866 | 259500.0 | 259800.0 | 0.008138 | 0.017976 |   9.110384 |     10 | 0.914227 | 1.000000 | 1.076667 | 1.130000 | 1.113333 |   0.463589 |      393 |      323 |       70 |   9.109760 |     10 | 0.917999 | 2.076400
 867 | 259800.0 | 260100.0 | 0.008132 | 0.017973 |   9.109760 |     10 | 0.917999 | 1.000000 | 1.126667 | 1.123333 | 1.113333 |   0.278199 |      399 |      338 |       62 |   9.108730 |     10 | 0.920262 | 2.019114
 868 | 260100.0 | 260400.0 | 0.008126 | 0.017970 |   9.108730 |     10 | 0.920262 | 1.000000 | 1.120000 | 1.080000 | 1.080000 |   0.000000 |      397 |      336 |       60 |   9.107755 |     10 | 0.920262 | 2.019114
 869 | 260400.0 | 260700.0 | 0.008120 | 0.017967 |   9.107755 |     10 | 0.920262 | 1.000000 | 1.113333 | 1.100000 | 1.143333 |  -1.205923 |      397 |      334 |       63 |   9.106834 |     10 | 0.910469 | 2.267077
 870 | 260700.0 | 261000.0 | 0.008114 | 0.017964 |   9.106834 |     10 | 0.910469 | 1.000000 | 1.176667 | 1.110000 | 1.113333 |  -0.092778 |      403 |      353 |       50 |   9.105401 |     10 | 0.909716 | 2.286140
 871 | 261000.0 | 261300.0 | 0.008109 | 0.017961 |   9.105401 |     10 | 0.909716 | 1.000000 | 1.086667 | 1.073333 | 1.063333 |   0.278381 |      396 |      326 |       70 |   9.104698 |     10 | 0.911974 | 2.228982
 872 | 261300.0 | 261600.0 | 0.008103 | 0.017958 |   9.104698 |     10 | 0.911974 | 1.000000 | 1.180000 | 1.103333 | 1.086667 |   0.464043 |      404 |      354 |       51 |   9.103240 |     10 | 0.915734 | 2.133771
 873 | 261600.0 | 261900.0 | 0.008097 | 0.017955 |   9.103240 |     10 | 0.915734 | 1.000000 | 1.146667 | 1.093333 | 1.110000 |  -0.464119 |      401 |      344 |       56 |   9.102052 |     10 | 0.911976 | 2.228929
 874 | 261900.0 | 262200.0 | 0.008091 | 0.017952 |   9.102052 |     10 | 0.911976 | 1.000000 | 1.100000 | 1.076667 | 1.100000 |  -0.649872 |      394 |      330 |       65 |   9.101243 |     10 | 0.906717 | 2.362075
 875 | 262200.0 | 262500.0 | 0.008085 | 0.017949 |   9.101243 |     10 | 0.906717 | 1.000000 | 1.146667 | 1.060000 | 1.053333 |   0.185708 |      402 |      344 |       57 |   9.100057 |     10 | 0.908219 | 2.324054
 876 | 262500.0 | 262800.0 | 0.008080 | 0.017946 |   9.100057 |     10 | 0.908219 | 1.000000 | 1.156667 | 1.080000 | 1.116667 |  -1.021558 |      403 |      347 |       56 |   9.098791 |     10 | 0.899965 | 2.533052
 877 | 262800.0 | 263100.0 | 0.008074 | 0.017944 |   9.098791 |     10 | 0.899965 | 1.000000 | 1.116667 | 1.100000 | 0.993333 |   2.972287 |      398 |      335 |       63 |   9.097849 |     10 | 0.923963 | 1.925396
 878 | 263100.0 | 263400.0 | 0.008068 | 0.017941 |   9.097849 |     10 | 0.923963 | 1.000000 | 1.090000 | 1.110000 | 1.113333 |  -0.092899 |      393 |      327 |       66 |   9.097123 |     10 | 0.923213 | 1.944375
 879 | 263400.0 | 263700.0 | 0.008062 | 0.017938 |   9.097123 |     10 | 0.923213 | 1.000000 | 1.133333 | 1.106667 | 1.070000 |   1.022054 |      398 |      340 |       59 |   9.096048 |     10 | 0.931453 | 1.735725
 880 | 263700.0 | 264000.0 | 0.008056 | 0.017935 |   9.096048 |     10 | 0.931453 | 1.000000 | 1.146667 | 1.070000 | 1.096667 |  -0.743432 |      399 |      344 |       54 |   9.094867 |     10 | 0.925464 | 1.887386
 881 | 264000.0 | 264300.0 | 0.008051 | 0.017932 |   9.094867 |     10 | 0.925464 | 1.000000 | 1.086667 | 1.126667 | 1.090000 |   1.022384 |      391 |      326 |       65 |   9.094169 |     10 | 0.933695 | 1.678967
 882 | 264300.0 | 264600.0 | 0.008045 | 0.017929 |   9.094169 |     10 | 0.933695 | 1.000000 | 1.193333 | 1.013333 | 1.150000 |  -3.811316 |      400 |      358 |       43 |   9.092614 |     10 | 0.903033 | 2.455375
 883 | 264600.0 | 264900.0 | 0.008039 | 0.017926 |   9.092614 |     10 | 0.903033 | 1.000000 | 1.113333 | 1.073333 | 1.036667 |   1.022713 |      399 |      334 |       64 |   9.091703 |     10 | 0.911255 | 2.247185
 884 | 264900.0 | 265200.0 | 0.008033 | 0.017923 |   9.091703 |     10 | 0.911255 | 1.000000 | 1.126667 | 1.093333 | 1.116667 |  -0.650922 |      399 |      338 |       61 |   9.090685 |     10 | 0.906025 | 2.379597
 885 | 265200.0 | 265500.0 | 0.008028 | 0.017920 |   9.090685 |     10 | 0.906025 | 1.000000 | 1.113333 | 1.116667 | 1.060000 |   1.581064 |      399 |      334 |       65 |   9.089775 |     10 | 0.918718 | 2.058203
 886 | 265500.0 | 265800.0 | 0.008022 | 0.017918 |   9.089775 |     10 | 0.918718 | 1.000000 | 1.066667 | 1.096667 | 1.003333 |   2.604523 |      391 |      320 |       71 |   9.089240 |     10 | 0.939612 | 1.529140
 887 | 265800.0 | 266100.0 | 0.008016 | 0.017915 |   9.089240 |     10 | 0.939612 | 1.000000 | 1.076667 | 0.930000 | 1.043333 |  -3.163141 |      384 |      323 |       61 |   9.088626 |     10 | 0.914255 | 2.171221
 888 | 266100.0 | 266400.0 | 0.008011 | 0.017912 |   9.088626 |     10 | 0.914255 | 1.000000 | 1.153333 | 1.110000 | 1.150000 |  -1.116581 |      402 |      346 |       56 |   9.087397 |     10 | 0.905310 | 2.397713
 889 | 266400.0 | 266700.0 | 0.008005 | 0.017909 |   9.087397 |     10 | 0.905310 | 1.000000 | 1.076667 | 1.113333 | 0.983333 |   3.629470 |      394 |      323 |       71 |   9.086784 |     10 | 0.934364 | 1.662016
 890 | 266700.0 | 267000.0 | 0.007999 | 0.017906 |   9.086784 |     10 | 0.934364 | 1.000000 | 1.213333 | 0.976667 | 1.126667 |  -4.188518 |      405 |      364 |       41 |   9.085077 |     10 | 0.900859 | 2.510433
 891 | 267000.0 | 267300.0 | 0.007994 | 0.017903 |   9.085077 |     10 | 0.900859 | 1.000000 | 1.033333 | 1.070000 | 1.063333 |   0.186186 |      390 |      310 |       80 |   9.084811 |     10 | 0.902347 | 2.472746
 892 | 267300.0 | 267600.0 | 0.007988 | 0.017900 |   9.084811 |     10 | 0.902347 | 1.000000 | 1.096667 | 1.140000 | 1.120000 |   0.558647 |      398 |      329 |       69 |   9.084039 |     10 | 0.906809 | 2.359747
 893 | 267600.0 | 267900.0 | 0.007982 | 0.017898 |   9.084039 |     10 | 0.906809 | 1.000000 | 1.106667 | 1.043333 | 1.096667 |  -1.489963 |      398 |      332 |       66 |   9.083187 |     10 | 0.894916 | 2.660912
 894 | 267900.0 | 268200.0 | 0.007977 | 0.017895 |   9.083187 |     10 | 0.894916 | 1.000000 | 1.126667 | 1.120000 | 1.046667 |   2.049025 |      399 |      338 |       61 |   9.082177 |     10 | 0.911261 | 2.247036
 895 | 268200.0 | 268500.0 | 0.007971 | 0.017892 |   9.082177 |     10 | 0.911261 | 1.000000 | 1.120000 | 1.153333 | 1.103333 |   1.397284 |      399 |      336 |       63 |   9.081220 |     10 | 0.922399 | 1.965002
 896 | 268500.0 | 268800.0 | 0.007966 | 0.017889 |   9.081220 |     10 | 0.922399 | 1.000000 | 1.170000 | 1.070000 | 1.086667 |  -0.465835 |      402 |      351 |       51 |   9.079866 |     10 | 0.918688 | 2.058962
 897 | 268800.0 | 269100.0 | 0.007960 | 0.017886 |   9.079866 |     10 | 0.918688 | 1.000000 | 1.176667 | 1.093333 | 1.066667 |   0.745455 |      404 |      353 |       51 |   9.078460 |     10 | 0.924622 | 1.908708
 898 | 269100.0 | 269400.0 | 0.007954 | 0.017883 |   9.078460 |     10 | 0.924622 | 1.000000 | 1.106667 | 1.116667 | 1.093333 |   0.652376 |      394 |      332 |       62 |   9.077611 |     10 | 0.929811 | 1.777306
 899 | 269400.0 | 269700.0 | 0.007949 | 0.017881 |   9.077611 |     10 | 0.929811 | 1.000000 | 1.156667 | 1.083333 | 1.126667 |  -1.211747 |      398 |      347 |       51 |   9.076366 |     10 | 0.920179 | 2.021205
 900 | 269700.0 | 270000.0 | 0.007943 | 0.017878 |   9.076366 |     10 | 0.920179 | 1.000000 | 1.120000 | 1.100000 | 1.120000 |  -0.559356 |      398 |      336 |       62 |   9.075413 |     10 | 0.915736 | 2.133713
 901 | 270000.0 | 270300.0 | 0.007938 | 0.017875 |   9.075413 |     10 | 0.915736 | 1.000000 | 1.116667 | 1.093333 | 1.090000 |   0.093241 |      397 |      335 |       64 |   9.074487 |     10 | 0.916476 | 2.114971
 902 | 270300.0 | 270600.0 | 0.007932 | 0.017872 |   9.074487 |     10 | 0.916476 | 1.000000 | 1.123333 | 1.096667 | 1.096667 |   0.000000 |      398 |      337 |       59 |   9.073508 |     10 | 0.916476 | 2.114971
 903 | 270600.0 | 270900.0 | 0.007927 | 0.017869 |   9.073508 |     10 | 0.916476 | 1.000000 | 1.096667 | 1.110000 | 1.133333 |  -0.652891 |      396 |      329 |       67 |   9.072742 |     10 | 0.911301 | 2.246017
 904 | 270900.0 | 271200.0 | 0.007921 | 0.017866 |   9.072742 |     10 | 0.911301 | 1.000000 | 1.130000 | 1.060000 | 1.113333 |  -1.492557 |      398 |      339 |       59 |   9.071712 |     10 | 0.899478 | 2.545389
 905 | 271200.0 | 271500.0 | 0.007916 | 0.017864 |   9.071712 |     10 | 0.899478 | 1.000000 | 1.123333 | 1.103333 | 1.103333 |   0.000000 |      400 |      337 |       63 |   9.070736 |     10 | 0.899478 | 2.545389
 906 | 271500.0 | 271800.0 | 0.007910 | 0.017861 |   9.070736 |     10 | 0.899478 | 1.000000 | 1.086667 | 1.063333 | 1.070000 |  -0.186628 |      397 |      326 |       71 |   9.070051 |     10 | 0.898002 | 2.582770
 907 | 271800.0 | 272100.0 | 0.007905 | 0.017858 |   9.070051 |     10 | 0.898002 | 1.000000 | 1.126667 | 1.040000 | 1.053333 |  -0.373315 |      400 |      338 |       62 |   9.069049 |     10 | 0.895051 | 2.657492
 908 | 272100.0 | 272400.0 | 0.007899 | 0.017855 |   9.069049 |     10 | 0.895051 | 1.000000 | 1.073333 | 1.070000 | 1.020000 |   1.400151 |      394 |      322 |       72 |   9.068470 |     10 | 0.906111 | 2.377435
 909 | 272400.0 | 272700.0 | 0.007894 | 0.017852 |   9.068470 |     10 | 0.906111 | 1.000000 | 1.140000 | 1.126667 | 1.080000 |   1.307012 |      402 |      342 |       60 |   9.067365 |     10 | 0.916428 | 2.116190
 910 | 272700.0 | 273000.0 | 0.007888 | 0.017850 |   9.067365 |     10 | 0.916428 | 1.000000 | 1.060000 | 1.133333 | 1.106667 |   0.746981 |      392 |      318 |       74 |   9.066892 |     10 | 0.922320 | 1.966987
 911 | 273000.0 | 273300.0 | 0.007883 | 0.017847 |   9.066892 |     10 | 0.922320 | 1.000000 | 1.146667 | 1.040000 | 1.103333 |  -1.774356 |      400 |      344 |       56 |   9.065736 |     10 | 0.908333 | 2.321154
 912 | 273300.0 | 273600.0 | 0.007877 | 0.017844 |   9.065736 |     10 | 0.908333 | 1.000000 | 1.096667 | 1.163333 | 1.010000 |   4.296480 |      396 |      329 |       67 |   9.064974 |     10 | 0.942178 | 1.464156
 913 | 273600.0 | 273900.0 | 0.007872 | 0.017841 |   9.064974 |     10 | 0.942178 | 1.000000 | 1.110000 | 0.856667 | 1.093333 |  -6.632558 |      389 |      333 |       58 |   9.064108 |     10 | 0.889968 | 2.786205
 914 | 273900.0 | 274200.0 | 0.007866 | 0.017839 |   9.064108 |     10 | 0.889968 | 1.000000 | 1.080000 | 1.070000 | 1.043333 |   0.747447 |      396 |      324 |       71 |   9.063479 |     10 | 0.895847 | 2.637322
 915 | 274200.0 | 274500.0 | 0.007861 | 0.017836 |   9.063479 |     10 | 0.895847 | 1.000000 | 1.143333 | 1.103333 | 1.030000 |   2.055798 |      401 |      343 |       59 |   9.062352 |     10 | 0.912008 | 2.228111
 916 | 274500.0 | 274800.0 | 0.007856 | 0.017833 |   9.062352 |     10 | 0.912008 | 1.000000 | 1.130000 | 1.160000 | 1.076667 |   2.336498 |      401 |      339 |       60 |   9.061331 |     10 | 0.930362 | 1.763346
 917 | 274800.0 | 275100.0 | 0.007850 | 0.017830 |   9.061331 |     10 | 0.930362 | 1.000000 | 1.183333 | 1.113333 | 1.160000 |  -1.308642 |      401 |      355 |       47 |   9.059892 |     10 | 0.920089 | 2.023475
 918 | 275100.0 | 275400.0 | 0.007845 | 0.017827 |   9.059892 |     10 | 0.920089 | 1.000000 | 1.136667 | 1.123333 | 1.096667 |   0.747911 |      400 |      341 |       58 |   9.058820 |     10 | 0.925956 | 1.874909
 919 | 275400.0 | 275700.0 | 0.007839 | 0.017825 |   9.058820 |     10 | 0.925956 | 1.000000 | 1.076667 | 1.103333 | 1.086667 |   0.467517 |      391 |      323 |       68 |   9.058219 |     10 | 0.929621 | 1.782105
 920 | 275700.0 | 276000.0 | 0.007834 | 0.017822 |   9.058219 |     10 | 0.929621 | 1.000000 | 1.103333 | 1.033333 | 1.050000 |  -0.467589 |      393 |      331 |       62 |   9.057409 |     10 | 0.925958 | 1.874860
 921 | 276000.0 | 276300.0 | 0.007829 | 0.017819 |   9.057409 |     10 | 0.925958 | 1.000000 | 1.156667 | 1.073333 | 1.073333 |   0.000000 |      400 |      347 |       53 |   9.056183 |     10 | 0.925958 | 1.874860
 922 | 276300.0 | 276600.0 | 0.007823 | 0.017816 |   9.056183 |     10 | 0.925958 | 1.000000 | 1.110000 | 1.100000 | 1.133333 |  -0.935467 |      393 |      333 |       60 |   9.055322 |     10 | 0.918640 | 2.060173
 923 | 276600.0 | 276900.0 | 0.007818 | 0.017814 |   9.055322 |     10 | 0.918640 | 1.000000 | 1.123333 | 1.096667 | 1.083333 |   0.374245 |      400 |      337 |       63 |   9.054358 |     10 | 0.921566 | 1.986087
 924 | 276900.0 | 277200.0 | 0.007813 | 0.017811 |   9.054358 |     10 | 0.921566 | 1.000000 | 1.156667 | 1.120000 | 1.073333 |   1.310058 |      400 |      347 |       53 |   9.053134 |     10 | 0.931801 | 1.726924
 925 | 277200.0 | 277500.0 | 0.007807 | 0.017808 |   9.053134 |     10 | 0.931801 | 1.000000 | 1.110000 | 1.013333 | 1.060000 |  -1.310260 |      393 |      333 |       60 |   9.052275 |     10 | 0.921571 | 1.985950
 926 | 277500.0 | 277800.0 | 0.007802 | 0.017805 |   9.052275 |     10 | 0.921571 | 1.000000 | 1.123333 | 1.153333 | 1.070000 |   2.340110 |      399 |      337 |       62 |   9.051313 |     10 | 0.939828 | 1.523648
 927 | 277800.0 | 278100.0 | 0.007797 | 0.017803 |   9.051313 |     10 | 0.939828 | 1.000000 | 1.066667 | 0.913333 | 1.103333 |  -5.336270 |      384 |      320 |       64 |   9.050793 |     10 | 0.898224 | 2.577141
 928 | 278100.0 | 278400.0 | 0.007791 | 0.017800 |   9.050793 |     10 | 0.898224 | 1.000000 | 1.053333 | 1.113333 | 1.070000 |   1.217231 |      393 |      316 |       77 |   9.050378 |     10 | 0.907708 | 2.336997
 929 | 278400.0 | 278700.0 | 0.007786 | 0.017797 |   9.050378 |     10 | 0.907708 | 1.000000 | 1.120000 | 1.096667 | 1.076667 |   0.561885 |      399 |      336 |       63 |   9.049443 |     10 | 0.912083 | 2.226220
 930 | 278700.0 | 279000.0 | 0.007781 | 0.017795 |   9.049443 |     10 | 0.912083 | 1.000000 | 1.123333 | 1.066667 | 1.066667 |   0.000000 |      399 |      337 |       62 |   9.048484 |     10 | 0.912083 | 2.226220
 931 | 279000.0 | 279300.0 | 0.007775 | 0.017792 |   9.048484 |     10 | 0.912083 | 1.000000 | 1.110000 | 1.083333 | 1.096667 |  -0.374705 |      397 |      333 |       64 |   9.047628 |     10 | 0.909169 | 2.299994
 932 | 279300.0 | 279600.0 | 0.007770 | 0.017789 |   9.047628 |     10 | 0.909169 | 1.000000 | 1.106667 | 1.100000 | 1.066667 |   0.936905 |      398 |      332 |       66 |   9.046800 |     10 | 0.916449 | 2.115656
 933 | 279600.0 | 279900.0 | 0.007765 | 0.017786 |   9.046800 |     10 | 0.916449 | 1.000000 | 1.080000 | 1.160000 | 1.083333 |   2.155210 |      393 |      324 |       69 |   9.046178 |     10 | 0.933184 | 1.691904
 934 | 279900.0 | 280200.0 | 0.007760 | 0.017784 |   9.046178 |     10 | 0.933184 | 1.000000 | 1.113333 | 1.026667 | 1.063333 |  -1.030910 |      394 |      334 |       60 |   9.045299 |     10 | 0.925184 | 1.894462
 935 | 280200.0 | 280500.0 | 0.007754 | 0.017781 |   9.045299 |     10 | 0.925184 | 1.000000 | 1.116667 | 1.116667 | 1.110000 |   0.187467 |      397 |      335 |       62 |   9.044394 |     10 | 0.926638 | 1.857652
 936 | 280500.0 | 280800.0 | 0.007749 | 0.017778 |   9.044394 |     10 | 0.926638 | 1.000000 | 1.133333 | 1.116667 | 1.036667 |   2.249943 |      398 |      340 |       58 |   9.043361 |     10 | 0.944073 | 1.416170
 937 | 280800.0 | 281100.0 | 0.007744 | 0.017776 |   9.043361 |     10 | 0.944073 | 1.000000 | 1.146667 | 0.823333 | 1.126667 |  -8.532331 |      391 |      344 |       47 |   9.042225 |     10 | 0.878000 | 3.089247
 938 | 281100.0 | 281400.0 | 0.007739 | 0.017773 |   9.042225 |     10 | 0.878000 | 1.000000 | 1.123333 | 1.106667 | 0.993333 |   3.188388 |      400 |      337 |       63 |   9.041271 |     10 | 0.902674 | 2.464468
 939 | 281400.0 | 281700.0 | 0.007733 | 0.017770 |   9.041271 |     10 | 0.902674 | 1.000000 | 1.066667 | 1.050000 | 1.043333 |   0.187581 |      394 |      320 |       74 |   9.040755 |     10 | 0.904124 | 2.427735
 940 | 281700.0 | 282000.0 | 0.007728 | 0.017767 |   9.040755 |     10 | 0.904124 | 1.000000 | 1.093333 | 1.120000 | 1.036667 |   2.345114 |      397 |      328 |       69 |   9.040034 |     10 | 0.922248 | 1.968819
 941 | 282000.0 | 282300.0 | 0.007723 | 0.017765 |   9.040034 |     10 | 0.922248 | 1.000000 | 1.103333 | 1.133333 | 1.093333 |   1.125825 |      396 |      331 |       65 |   9.039236 |     10 | 0.930943 | 1.748654
 942 | 282300.0 | 282600.0 | 0.007718 | 0.017762 |   9.039236 |     10 | 0.930943 | 1.000000 | 1.083333 | 1.063333 | 1.110000 |  -1.313662 |      390 |      325 |       65 |   9.038593 |     10 | 0.920804 | 2.005379
 943 | 282600.0 | 282900.0 | 0.007713 | 0.017759 |   9.038593 |     10 | 0.920804 | 1.000000 | 1.116667 | 1.110000 | 1.056667 |   1.501555 |      395 |      335 |       60 |   9.037693 |     10 | 0.932385 | 1.712131
 944 | 282900.0 | 283200.0 | 0.007707 | 0.017757 |   9.037693 |     10 | 0.932385 | 1.000000 | 1.126667 | 0.980000 | 1.120000 |  -3.942176 |      395 |      338 |       57 |   9.036717 |     10 | 0.902001 | 2.481507
 945 | 283200.0 | 283500.0 | 0.007702 | 0.017754 |   9.036717 |     10 | 0.902001 | 1.000000 | 1.046667 | 1.110000 | 1.013333 |   2.722389 |      394 |      314 |       80 |   9.036357 |     10 | 0.922969 | 1.950547
 946 | 283500.0 | 283800.0 | 0.007697 | 0.017751 |   9.036357 |     10 | 0.922969 | 1.000000 | 1.086667 | 1.106667 | 0.996667 |   3.098358 |      393 |      326 |       67 |   9.035690 |     10 | 0.946818 | 1.346664
 947 | 283800.0 | 284100.0 | 0.007692 | 0.017749 |   9.035690 |     10 | 0.946818 | 1.000000 | 1.090000 | 0.763333 | 1.070000 |  -8.639147 |      379 |      327 |       53 |   9.034998 |     10 | 0.880366 | 3.029344
 948 | 284100.0 | 284400.0 | 0.007687 | 0.017746 |   9.034998 |     10 | 0.880366 | 1.000000 | 1.116667 | 1.100000 | 1.083333 |   0.469589 |      400 |      335 |       64 |   9.034101 |     10 | 0.883975 | 2.937941
 949 | 284400.0 | 284700.0 | 0.007682 | 0.017743 |   9.034101 |     10 | 0.883975 | 1.000000 | 1.140000 | 1.086667 | 1.113333 |  -0.751456 |      401 |      342 |       59 |   9.033026 |     10 | 0.878203 | 3.084110
 950 | 284700.0 | 285000.0 | 0.007677 | 0.017741 |   9.033026 |     10 | 0.878203 | 1.000000 | 1.103333 | 1.060000 | 1.086667 |  -0.751569 |      399 |      331 |       68 |   9.032233 |     10 | 0.872434 | 3.230203
 951 | 285000.0 | 285300.0 | 0.007671 | 0.017738 |   9.032233 |     10 | 0.872434 | 1.000000 | 1.080000 | 1.036667 | 0.993333 |   1.221482 |      396 |      324 |       72 |   9.031619 |     10 | 0.881804 | 2.992924
 952 | 285300.0 | 285600.0 | 0.007666 | 0.017735 |   9.031619 |     10 | 0.881804 | 1.000000 | 1.056667 | 1.090000 | 1.040000 |   1.409614 |      395 |      317 |       78 |   9.031184 |     10 | 0.892611 | 2.719282
 953 | 285600.0 | 285900.0 | 0.007661 | 0.017733 |   9.031184 |     10 | 0.892611 | 1.000000 | 1.120000 | 1.063333 | 1.066667 |  -0.093988 |      399 |      336 |       63 |   9.030265 |     10 | 0.891891 | 2.737516
 954 | 285900.0 | 286200.0 | 0.007656 | 0.017730 |   9.030265 |     10 | 0.891891 | 1.000000 | 1.153333 | 1.133333 | 1.063333 |   1.974050 |      402 |      346 |       56 |   9.029091 |     10 | 0.907004 | 2.354812
 955 | 286200.0 | 286500.0 | 0.007651 | 0.017727 |   9.029091 |     10 | 0.907004 | 1.000000 | 1.060000 | 1.090000 | 1.050000 |   1.128197 |      393 |      318 |       75 |   9.028632 |     10 | 0.915636 | 2.136237
 956 | 286500.0 | 286800.0 | 0.007646 | 0.017725 |   9.028632 |     10 | 0.915636 | 1.000000 | 1.106667 | 1.060000 | 1.030000 |   0.846274 |      397 |      332 |       65 |   9.027816 |     10 | 0.922107 | 1.972389
 957 | 286800.0 | 287100.0 | 0.007641 | 0.017722 |   9.027816 |     10 | 0.922107 | 1.000000 | 1.053333 | 1.113333 | 1.116667 |  -0.094044 |      389 |      316 |       73 |   9.027409 |     10 | 0.921388 | 1.990585
 958 | 287100.0 | 287400.0 | 0.007636 | 0.017719 |   9.027409 |     10 | 0.921388 | 1.000000 | 1.120000 | 1.100000 | 1.140000 |  -1.128701 |      398 |      336 |       62 |   9.026493 |     10 | 0.912770 | 2.208824
 959 | 287400.0 | 287700.0 | 0.007631 | 0.017717 |   9.026493 |     10 | 0.912770 | 1.000000 | 1.153333 | 1.106667 | 1.083333 |   0.658507 |      402 |      346 |       56 |   9.025323 |     10 | 0.917795 | 2.081583
 960 | 287700.0 | 288000.0 | 0.007626 | 0.017714 |   9.025323 |     10 | 0.917795 | 1.000000 | 1.126667 | 1.160000 | 1.120000 |   1.129037 |      397 |      338 |       59 |   9.024357 |     10 | 0.926404 | 1.863568
 961 | 288000.0 | 288300.0 | 0.007621 | 0.017712 |   9.024357 |     10 | 0.926404 | 1.000000 | 1.086667 | 1.106667 | 1.046667 |   1.693807 |      392 |      326 |       66 |   9.023696 |     10 | 0.939312 | 1.536712
 962 | 288300.0 | 288600.0 | 0.007616 | 0.017709 |   9.023696 |     10 | 0.939312 | 1.000000 | 1.140000 | 0.940000 | 1.133333 |  -5.458632 |      396 |      342 |       54 |   9.022630 |     10 | 0.897741 | 2.589376
 963 | 288600.0 | 288900.0 | 0.007611 | 0.017706 |   9.022630 |     10 | 0.897741 | 1.000000 | 1.116667 | 1.113333 | 1.070000 |   1.223668 |      400 |      335 |       65 |   9.021742 |     10 | 0.907054 | 2.353555
 964 | 288900.0 | 289200.0 | 0.007606 | 0.017704 |   9.021742 |     10 | 0.907054 | 1.000000 | 1.066667 | 1.100000 | 1.043333 |   1.600418 |      392 |      320 |       72 |   9.021235 |     10 | 0.919226 | 2.045330
 965 | 289200.0 | 289500.0 | 0.007601 | 0.017701 |   9.021235 |     10 | 0.919226 | 1.000000 | 1.163333 | 1.166667 | 1.116667 |   1.412342 |      403 |      349 |       54 |   9.019994 |     10 | 0.929961 | 1.773505
 966 | 289500.0 | 289800.0 | 0.007596 | 0.017698 |   9.019994 |     10 | 0.929961 | 1.000000 | 1.100000 | 1.110000 | 1.116667 |  -0.188340 |      393 |      330 |       63 |   9.019234 |     10 | 0.928531 | 1.809730
 967 | 289800.0 | 290100.0 | 0.007591 | 0.017696 |   9.019234 |     10 | 0.928531 | 1.000000 | 1.156667 | 1.056667 | 1.080000 |  -0.659288 |      400 |      347 |       53 |   9.018045 |     10 | 0.923526 | 1.936453
 968 | 290100.0 | 290400.0 | 0.007586 | 0.017693 |   9.018045 |     10 | 0.923526 | 1.000000 | 1.180000 | 1.066667 | 1.076667 |  -0.282593 |      403 |      354 |       49 |   9.016679 |     10 | 0.921382 | 1.990735
 969 | 290400.0 | 290700.0 | 0.007581 | 0.017691 |   9.016679 |     10 | 0.921382 | 1.000000 | 1.080000 | 1.110000 | 1.100000 |   0.282635 |      392 |      324 |       69 |   9.016073 |     10 | 0.923525 | 1.936480
 970 | 290700.0 | 291000.0 | 0.007576 | 0.017688 |   9.016073 |     10 | 0.923525 | 1.000000 | 1.100000 | 1.143333 | 1.113333 |   0.848030 |      395 |      330 |       64 |   9.015315 |     10 | 0.929949 | 1.773800
 971 | 291000.0 | 291300.0 | 0.007571 | 0.017685 |   9.015315 |     10 | 0.929949 | 1.000000 | 1.126667 | 1.123333 | 1.083333 |   1.130873 |      397 |      338 |       59 |   9.014356 |     10 | 0.938511 | 1.557002
 972 | 291300.0 | 291600.0 | 0.007566 | 0.017683 |   9.014356 |     10 | 0.938511 | 1.000000 | 1.123333 | 0.963333 | 1.106667 |  -4.052890 |      393 |      337 |       57 |   9.013423 |     10 | 0.907847 | 2.333467
 973 | 291600.0 | 291900.0 | 0.007561 | 0.017680 |   9.013423 |     10 | 0.907847 | 1.000000 | 1.066667 | 1.153333 | 1.050000 |   2.922280 |      393 |      320 |       72 |   9.012919 |     10 | 0.929943 | 1.773973
 974 | 291900.0 | 292200.0 | 0.007556 | 0.017678 |   9.012919 |     10 | 0.929943 | 1.000000 | 1.103333 | 0.970000 | 1.086667 |  -3.299832 |      396 |      331 |       65 |   9.012138 |     10 | 0.905009 | 2.405340
 975 | 292200.0 | 292500.0 | 0.007551 | 0.017675 |   9.012138 |     10 | 0.905009 | 1.000000 | 1.096667 | 1.123333 | 1.070000 |   1.508715 |      396 |      329 |       67 |   9.011408 |     10 | 0.916401 | 2.116861
 976 | 292500.0 | 292800.0 | 0.007546 | 0.017672 |   9.011408 |     10 | 0.916401 | 1.000000 | 1.116667 | 1.160000 | 1.140000 |   0.565851 |      396 |      335 |       61 |   9.010528 |     10 | 0.920671 | 2.008736
 977 | 292800.0 | 293100.0 | 0.007541 | 0.017670 |   9.010528 |     10 | 0.920671 | 1.000000 | 1.153333 | 1.093333 | 1.016667 |   2.169413 |      401 |      346 |       55 |   9.009372 |     10 | 0.937032 | 1.594465
 978 | 293100.0 | 293400.0 | 0.007536 | 0.017667 |   9.009372 |     10 | 0.937032 | 1.000000 | 1.143333 | 1.000000 | 1.153333 |  -4.339459 |      395 |      343 |       52 |   9.008291 |     10 | 0.904328 | 2.422589
 979 | 293400.0 | 293700.0 | 0.007532 | 0.017665 |   9.008291 |     10 | 0.904328 | 1.000000 | 1.076667 | 1.090000 | 1.103333 |  -0.377399 |      395 |      323 |       72 |   9.007714 |     10 | 0.901485 | 2.494564
 980 | 293700.0 | 294000.0 | 0.007527 | 0.017662 |   9.007714 |     10 | 0.901485 | 1.000000 | 1.106667 | 1.076667 | 1.146667 |  -1.981635 |      397 |      332 |       65 |   9.006911 |     10 | 0.886570 | 2.872241
 981 | 294000.0 | 294300.0 | 0.007522 | 0.017660 |   9.006911 |     10 | 0.886570 | 1.000000 | 1.073333 | 1.080000 | 1.006667 |   2.076301 |      395 |      322 |       73 |   9.006360 |     10 | 0.902188 | 2.476778
 982 | 294300.0 | 294600.0 | 0.007517 | 0.017657 |   9.006360 |     10 | 0.902188 | 1.000000 | 1.096667 | 1.150000 | 1.100000 |   1.415865 |      397 |      329 |       69 |   9.005633 |     10 | 0.912831 | 2.207280
 983 | 294600.0 | 294900.0 | 0.007512 | 0.017654 |   9.005633 |     10 | 0.912831 | 1.000000 | 1.070000 | 1.143333 | 1.120000 |   0.660833 |      395 |      321 |       73 |   9.005107 |     10 | 0.917795 | 2.081577
 984 | 294900.0 | 295200.0 | 0.007507 | 0.017652 |   9.005107 |     10 | 0.917795 | 1.000000 | 1.120000 | 1.143333 | 1.166667 |  -0.660929 |      397 |      336 |       61 |   9.004206 |     10 | 0.912833 | 2.207217
 985 | 295200.0 | 295500.0 | 0.007502 | 0.017649 |   9.004206 |     10 | 0.912833 | 1.000000 | 1.133333 | 1.093333 | 1.036667 |   1.605346 |      400 |      340 |       60 |   9.003206 |     10 | 0.924877 | 1.902244
 986 | 295500.0 | 295800.0 | 0.007498 | 0.017647 |   9.003206 |     10 | 0.924877 | 1.000000 | 1.116667 | 1.143333 | 1.093333 |   1.416687 |      395 |      335 |       60 |   9.002331 |     10 | 0.935499 | 1.633285
 987 | 295800.0 | 296100.0 | 0.007493 | 0.017644 |   9.002331 |     10 | 0.935499 | 1.000000 | 1.090000 | 0.986667 | 1.156667 |  -4.817434 |      390 |      327 |       64 |   9.001657 |     10 | 0.899403 | 2.547289
 988 | 296100.0 | 296400.0 | 0.007488 | 0.017642 |   9.001657 |     10 | 0.899403 | 1.000000 | 1.063333 | 1.053333 | 1.090000 |  -1.039205 |      394 |      319 |       75 |   9.001183 |     10 | 0.891622 | 2.744329
 989 | 296400.0 | 296700.0 | 0.007483 | 0.017639 |   9.001183 |     10 | 0.891622 | 1.000000 | 1.133333 | 1.103333 | 1.103333 |   0.000000 |      401 |      340 |       60 |   9.000185 |     10 | 0.891622 | 2.744329
 990 | 296700.0 | 297000.0 | 0.007478 | 0.017637 |   9.000185 |     10 | 0.891622 | 1.000000 | 1.080000 | 1.056667 | 1.053333 |   0.094500 |      396 |      324 |       72 |   8.999587 |      9 | 0.892328 | 2.726434
 991 | 297000.0 | 297300.0 | 0.007473 | 0.017634 |   8.999587 |      9 | 0.892328 | 1.000000 | 1.000000 | 0.973333 | 0.930000 |   1.228683 |      359 |      300 |       60 |   8.999587 |      9 | 0.901511 | 2.493917
 992 | 297300.0 | 297600.0 | 0.007469 | 0.017632 |   8.999587 |      9 | 0.901511 | 1.000000 | 1.056667 | 0.973333 | 0.980000 |  -0.189055 |      363 |      317 |       46 |   8.999163 |      9 | 0.900099 | 2.529671
 993 | 297600.0 | 297900.0 | 0.007464 | 0.017629 |   8.999163 |      9 | 0.900099 | 1.000000 | 0.990000 | 1.013333 | 0.993333 |   0.567248 |      357 |      297 |       60 |   8.999238 |      9 | 0.904333 | 2.422462
 994 | 297900.0 | 298200.0 | 0.007459 | 0.017626 |   8.999238 |      9 | 0.904333 | 1.000000 | 1.030000 | 1.013333 | 1.040000 |  -0.756439 |      362 |      309 |       53 |   8.999014 |      9 | 0.898690 | 2.565336
 995 | 298200.0 | 298500.0 | 0.007454 | 0.017624 |   8.999014 |      9 | 0.898690 | 1.000000 | 0.976667 | 1.003333 | 0.926667 |   2.175074 |      358 |      293 |       65 |   8.999188 |      9 | 0.914904 | 2.154775
 996 | 298500.0 | 298800.0 | 0.007450 | 0.017621 |   8.999188 |      9 | 0.914904 | 1.000000 | 1.013333 | 1.036667 | 1.003333 |   0.945820 |      359 |      304 |       55 |   8.999089 |      9 | 0.921950 | 1.976359
 997 | 298800.0 | 299100.0 | 0.007445 | 0.017619 |   8.999089 |      9 | 0.921950 | 1.000000 | 0.973333 | 0.956667 | 0.913333 |   1.229742 |      355 |      292 |       63 |   8.999287 |      9 | 0.931105 | 1.744533
 998 | 299100.0 | 299400.0 | 0.007440 | 0.017616 |   8.999287 |      9 | 0.931105 | 1.000000 | 0.906667 | 0.926667 | 0.990000 |  -1.797573 |      347 |      272 |       76 |   8.999982 |      9 | 0.917731 | 2.083188
 999 | 299400.0 | 299700.0 | 0.007435 | 0.017614 |   8.999982 |      9 | 0.917731 | 1.000000 | 1.006667 | 1.003333 | 0.923333 |   2.270943 |      359 |      302 |       56 |   8.999932 |      9 | 0.934616 | 1.655624
1000 | 299700.0 | 300000.0 | 0.007431 | 0.017611 |   8.999932 |      9 | 0.934616 | 1.000000 | 0.983333 | 0.926667 | 0.986667 |  -1.703451 |      352 |      295 |       57 |   9.000056 |     10 | 0.921959 | 1.976139
1001 | 300000.0 | 300300.0 | 0.007426 | 0.017609 |   9.000056 |     10 | 0.921959 | 1.000000 | 1.146667 | 1.033333 | 1.080000 |  -1.325096 |      402 |      344 |       57 |   8.998967 |      9 | 0.912119 | 2.225305
1002 | 300300.0 | 300600.0 | 0.007421 | 0.017606 |   8.998967 |      9 | 0.912119 | 1.000000 | 1.066667 | 0.980000 | 0.946667 |   0.946632 |      364 |      320 |       45 |   8.998472 |      9 | 0.919144 | 2.047417
1003 | 300600.0 | 300900.0 | 0.007416 | 0.017604 |   8.998472 |      9 | 0.919144 | 1.000000 | 1.053333 | 0.940000 | 0.940000 |   0.000000 |      362 |      316 |       46 |   8.998077 |      9 | 0.919144 | 2.047417
1004 | 300900.0 | 301200.0 | 0.007412 | 0.017601 |   8.998077 |      9 | 0.919144 | 1.000000 | 1.023333 | 0.996667 | 0.953333 |   1.230972 |      360 |      307 |       53 |   8.997904 |      9 | 0.928268 | 1.816390
1005 | 301200.0 | 301500.0 | 0.007407 | 0.017599 |   8.997904 |      9 | 0.928268 | 1.000000 | 1.026667 | 1.026667 | 1.013333 |   0.378815 |      357 |      308 |       49 |   8.997706 |      9 | 0.931073 | 1.745340
1006 | 301500.0 | 301800.0 | 0.007402 | 0.017596 |   8.997706 |      9 | 0.931073 | 1.000000 | 0.986667 | 0.953333 | 0.986667 |  -0.947171 |      357 |      296 |       61 |   8.997805 |      9 | 0.924062 | 1.922878
1007 | 301800.0 | 302100.0 | 0.007398 | 0.017594 |   8.997805 |      9 | 0.924062 | 1.000000 | 1.043333 | 0.973333 | 0.946667 |   0.757844 |      360 |      313 |       48 |   8.997484 |      9 | 0.929668 | 1.780917
1008 | 302100.0 | 302400.0 | 0.007393 | 0.017591 |   8.997484 |      9 | 0.929668 | 1.000000 | 0.966667 | 0.996667 | 0.980000 |   0.473720 |      352 |      290 |       61 |   8.997731 |      9 | 0.933171 | 1.692235
1009 | 302400.0 | 302700.0 | 0.007388 | 0.017589 |   8.997731 |      9 | 0.933171 | 1.000000 | 1.023333 | 0.916667 | 1.010000 |  -2.653207 |      360 |      307 |       53 |   8.997558 |      9 | 0.913568 | 2.188613
1010 | 302700.0 | 303000.0 | 0.007384 | 0.017586 |   8.997558 |      9 | 0.913568 | 1.000000 | 1.043333 | 1.000000 | 1.006667 |  -0.189542 |      362 |      313 |       49 |   8.997238 |      9 | 0.912168 | 2.224051
1011 | 303000.0 | 303300.0 | 0.007379 | 0.017584 |   8.997238 |      9 | 0.912168 | 1.000000 | 1.040000 | 0.976667 | 0.913333 |   1.800900 |      361 |      312 |       49 |   8.996943 |      9 | 0.925457 | 1.887552
1012 | 303300.0 | 303600.0 | 0.007374 | 0.017581 |   8.996943 |      9 | 0.925457 | 1.000000 | 0.996667 | 1.010000 | 1.036667 |  -0.758381 |      356 |      299 |       57 |   8.996968 |      9 | 0.919865 | 2.029167
1013 | 303600.0 | 303900.0 | 0.007370 | 0.017579 |   8.996968 |      9 | 0.919865 | 1.000000 | 1.050000 | 0.950000 | 0.920000 |   0.853299 |      363 |      315 |       48 |   8.996599 |      9 | 0.926153 | 1.869928
1014 | 303900.0 | 304200.0 | 0.007365 | 0.017576 |   8.996599 |      9 | 0.926153 | 1.000000 | 0.970000 | 1.006667 | 1.026667 |  -0.568946 |      353 |      291 |       62 |   8.996820 |      9 | 0.921963 | 1.976035
1015 | 304200.0 | 304500.0 | 0.007361 | 0.017574 |   8.996820 |      9 | 0.921963 | 1.000000 | 1.026667 | 1.023333 | 1.013333 |   0.284513 |      361 |      308 |       53 |   8.996624 |      9 | 0.924057 | 1.923008
1016 | 304500.0 | 304800.0 | 0.007356 | 0.017571 |   8.996624 |      9 | 0.924057 | 1.000000 | 0.996667 | 0.946667 | 0.986667 |  -1.138213 |      357 |      299 |       58 |   8.996648 |      9 | 0.915684 | 2.135016
1017 | 304800.0 | 305100.0 | 0.007351 | 0.017569 |   8.996648 |      9 | 0.915684 | 1.000000 | 1.016667 | 1.013333 | 0.990000 |   0.664051 |      361 |      305 |       56 |   8.996526 |      9 | 0.920566 | 2.011404
1018 | 305100.0 | 305400.0 | 0.007347 | 0.017566 |   8.996526 |      9 | 0.920566 | 1.000000 | 1.043333 | 0.990000 | 1.033333 |  -1.233411 |      362 |      313 |       49 |   8.996208 |      9 | 0.911505 | 2.240856
1019 | 305400.0 | 305700.0 | 0.007342 | 0.017564 |   8.996208 |      9 | 0.911505 | 1.000000 | 1.026667 | 0.926667 | 1.026667 |  -2.846732 |      361 |      308 |       53 |   8.996012 |      9 | 0.890604 | 2.770104
1020 | 305700.0 | 306000.0 | 0.007337 | 0.017562 |   8.996012 |      9 | 0.890604 | 1.000000 | 1.043333 | 0.996667 | 0.966667 |   0.854140 |      362 |      313 |       49 |   8.995694 |      9 | 0.896871 | 2.611407
1021 | 306000.0 | 306300.0 | 0.007333 | 0.017559 |   8.995694 |      9 | 0.896871 | 1.000000 | 0.973333 | 1.056667 | 0.986667 |   1.993272 |      357 |      292 |       65 |   8.995889 |      9 | 0.911487 | 2.241292
1022 | 306300.0 | 306600.0 | 0.007328 | 0.017557 |   8.995889 |      9 | 0.911487 | 1.000000 | 0.990000 | 0.926667 | 0.963333 |  -1.044241 |      356 |      297 |       59 |   8.995963 |      9 | 0.903835 | 2.435068
1023 | 306600.0 | 306900.0 | 0.007324 | 0.017554 |   8.995963 |      9 | 0.903835 | 1.000000 | 1.003333 | 0.966667 | 0.936667 |   0.854498 |      360 |      301 |       59 |   8.995938 |      9 | 0.910093 | 2.276601
1024 | 306900.0 | 307200.0 | 0.007319 | 0.017552 |   8.995938 |      9 | 0.910093 | 1.000000 | 1.013333 | 1.010000 | 0.986667 |   0.664703 |      360 |      304 |       56 |   8.995841 |      9 | 0.914958 | 2.153409
1025 | 307200.0 | 307500.0 | 0.007315 | 0.017549 |   8.995841 |      9 | 0.914958 | 1.000000 | 1.036667 | 1.010000 | 1.026667 |  -0.474854 |      361 |      311 |       50 |   8.995572 |      9 | 0.911485 | 2.241361
1026 | 307500.0 | 307800.0 | 0.007310 | 0.017547 |   8.995572 |      9 | 0.911485 | 1.000000 | 1.003333 | 1.020000 | 0.956667 |   1.804697 |      358 |      301 |       57 |   8.995548 |      9 | 0.924677 | 1.907304
1027 | 307800.0 | 308100.0 | 0.007306 | 0.017544 |   8.995548 |      9 | 0.924677 | 1.000000 | 1.053333 | 0.960000 | 0.980000 |  -0.569984 |      363 |      316 |       47 |   8.995158 |      9 | 0.920513 | 2.012745
1028 | 308100.0 | 308400.0 | 0.007301 | 0.017542 |   8.995158 |      9 | 0.920513 | 1.000000 | 1.036667 | 1.026667 | 0.990000 |   1.045115 |      362 |      311 |       51 |   8.994891 |      9 | 0.928144 | 1.819529
1029 | 308400.0 | 308700.0 | 0.007296 | 0.017539 |   8.994891 |      9 | 0.928144 | 1.000000 | 1.046667 | 1.050000 | 1.056667 |  -0.190047 |      361 |      314 |       47 |   8.994550 |      9 | 0.926757 | 1.854643
1030 | 308700.0 | 309000.0 | 0.007292 | 0.017537 |   8.994550 |      9 | 0.926757 | 1.000000 | 1.026667 | 1.016667 | 1.000000 |   0.475185 |      359 |      308 |       51 |   8.994356 |      9 | 0.930222 | 1.766902
1031 | 309000.0 | 309300.0 | 0.007287 | 0.017535 |   8.994356 |      9 | 0.930222 | 1.000000 | 0.986667 | 1.060000 | 1.003333 |   1.615852 |      355 |      296 |       59 |   8.994453 |      9 | 0.941997 | 1.468727
1032 | 309300.0 | 309600.0 | 0.007283 | 0.017532 |   8.994453 |      9 | 0.941997 | 1.000000 | 0.996667 | 0.860000 | 1.013333 |  -4.372911 |      353 |      299 |       54 |   8.994477 |      9 | 0.910150 | 2.275166
1033 | 309600.0 | 309900.0 | 0.007278 | 0.017530 |   8.994477 |      9 | 0.910150 | 1.000000 | 0.983333 | 0.980000 | 0.950000 |   0.855688 |      358 |      295 |       63 |   8.994599 |      9 | 0.916378 | 2.117460
1034 | 309900.0 | 310200.0 | 0.007274 | 0.017527 |   8.994599 |      9 | 0.916378 | 1.000000 | 1.026667 | 1.013333 | 0.993333 |   0.570538 |      361 |      308 |       53 |   8.994405 |      9 | 0.920528 | 2.012373
1035 | 310200.0 | 310500.0 | 0.007269 | 0.017525 |   8.994405 |      9 | 0.920528 | 1.000000 | 0.990000 | 1.033333 | 0.953333 |   2.282467 |      356 |      297 |       59 |   8.994477 |      9 | 0.937120 | 1.592227
1036 | 310500.0 | 310800.0 | 0.007265 | 0.017522 |   8.994477 |      9 | 0.937120 | 1.000000 | 1.056667 | 1.023333 | 1.033333 |  -0.285348 |      361 |      317 |       44 |   8.994066 |      9 | 0.935047 | 1.644720
1037 | 310800.0 | 311100.0 | 0.007261 | 0.017520 |   8.994066 |      9 | 0.935047 | 1.000000 | 1.066667 | 0.976667 | 0.980000 |  -0.095129 |      363 |      320 |       43 |   8.993582 |      9 | 0.934356 | 1.662209
1038 | 311100.0 | 311400.0 | 0.007256 | 0.017518 |   8.993582 |      9 | 0.934356 | 1.000000 | 1.063333 | 0.993333 | 0.983333 |   0.285427 |      361 |      319 |       42 |   8.993122 |      9 | 0.936427 | 1.609766
1039 | 311400.0 | 311700.0 | 0.007252 | 0.017515 |   8.993122 |      9 | 0.936427 | 1.000000 | 0.993333 | 0.996667 | 1.003333 |  -0.190311 |      355 |      298 |       57 |   8.993170 |      9 | 0.935047 | 1.644712
1040 | 311700.0 | 312000.0 | 0.007247 | 0.017513 |   8.993170 |      9 | 0.935047 | 1.000000 | 1.016667 | 0.993333 | 0.956667 |   1.046852 |      358 |      305 |       53 |   8.993050 |      9 | 0.942634 | 1.452604
1041 | 312000.0 | 312300.0 | 0.007243 | 0.017510 |   8.993050 |      9 | 0.942634 | 1.000000 | 1.020000 | 0.826667 | 1.006667 |  -5.139800 |      354 |      306 |       49 |   8.992905 |      9 | 0.905408 | 2.395230
1042 | 312300.0 | 312600.0 | 0.007238 | 0.017508 |   8.992905 |      9 | 0.905408 | 1.000000 | 1.020000 | 1.050000 | 0.913333 |   3.902977 |      361 |      306 |       54 |   8.992760 |      9 | 0.933659 | 1.679873
1043 | 312600.0 | 312900.0 | 0.007234 | 0.017506 |   8.992760 |      9 | 0.933659 | 1.000000 | 1.060000 | 1.013333 | 1.000000 |   0.380831 |      362 |      318 |       44 |   8.992326 |      9 | 0.936414 | 1.610115
1044 | 312900.0 | 313200.0 | 0.007229 | 0.017503 |   8.992326 |      9 | 0.936414 | 1.000000 | 1.016667 | 0.933333 | 0.986667 |  -1.523531 |      355 |      305 |       50 |   8.992205 |      9 | 0.925399 | 1.889014
1045 | 313200.0 | 313500.0 | 0.007225 | 0.017501 |   8.992205 |      9 | 0.925399 | 1.000000 | 1.010000 | 1.030000 | 1.013333 |   0.476169 |      357 |      303 |       54 |   8.992133 |      9 | 0.928840 | 1.801899
1046 | 313500.0 | 313800.0 | 0.007221 | 0.017498 |   8.992133 |      9 | 0.928840 | 1.000000 | 1.046667 | 0.983333 | 0.990000 |  -0.190494 |      363 |      314 |       49 |   8.991796 |      9 | 0.927464 | 1.836728
1047 | 313800.0 | 314100.0 | 0.007216 | 0.017496 |   8.991796 |      9 | 0.927464 | 1.000000 | 1.070000 | 1.036667 | 0.926667 |   3.143574 |      363 |      321 |       42 |   8.991291 |      9 | 0.950149 | 1.262318
1048 | 314100.0 | 314400.0 | 0.007212 | 0.017494 |   8.991291 |      9 | 0.950149 | 1.000000 | 0.956667 | 0.693333 | 0.990000 |  -8.479282 |      340 |      287 |       53 |   8.991604 |      9 | 0.888998 | 2.810753
1049 | 314400.0 | 314700.0 | 0.007207 | 0.017491 |   8.991604 |      9 | 0.888998 | 1.000000 | 0.970000 | 0.963333 | 0.973333 |  -0.285858 |      355 |      291 |       64 |   8.991820 |      9 | 0.886938 | 2.862922
1050 | 314700.0 | 315000.0 | 0.007203 | 0.017489 |   8.991820 |      9 | 0.886938 | 1.000000 | 0.973333 | 0.966667 | 0.970000 |  -0.095299 |      357 |      292 |       65 |   8.992012 |      9 | 0.886252 | 2.880304
1051 | 315000.0 | 315300.0 | 0.007199 | 0.017486 |   8.992012 |      9 | 0.886252 | 1.000000 | 0.966667 | 1.036667 | 0.906667 |   3.717162 |      357 |      290 |       67 |   8.992252 |      9 | 0.913010 | 2.202738
1052 | 315300.0 | 315600.0 | 0.007194 | 0.017484 |   8.992252 |      9 | 0.913010 | 1.000000 | 0.986667 | 1.046667 | 0.983333 |   1.811172 |      357 |      296 |       61 |   8.992348 |      9 | 0.926040 | 1.872797
1053 | 315600.0 | 315900.0 | 0.007190 | 0.017482 |   8.992348 |      9 | 0.926040 | 1.000000 | 0.960000 | 0.970000 | 0.903333 |   1.906756 |      352 |      288 |       64 |   8.992635 |      9 | 0.939749 | 1.525654
1054 | 315900.0 | 316200.0 | 0.007185 | 0.017479 |   8.992635 |      9 | 0.939749 | 1.000000 | 0.990000 | 0.886667 | 0.970000 |  -2.383769 |      353 |      297 |       56 |   8.992707 |      9 | 0.922621 | 1.959378
1055 | 316200.0 | 316500.0 | 0.007181 | 0.017477 |   8.992707 |      9 | 0.922621 | 1.000000 | 1.043333 | 1.046667 | 1.010000 |   1.049001 |      361 |      313 |       48 |   8.992396 |      9 | 0.930154 | 1.768630
1056 | 316500.0 | 316800.0 | 0.007177 | 0.017475 |   8.992396 |      9 | 0.930154 | 1.000000 | 0.973333 | 0.943333 | 0.946667 |  -0.095377 |      353 |      292 |       61 |   8.992587 |      9 | 0.929469 | 1.785962
1057 | 316800.0 | 317100.0 | 0.007172 | 0.017472 |   8.992587 |      9 | 0.929469 | 1.000000 | 1.046667 | 0.956667 | 0.970000 |  -0.381558 |      361 |      314 |       47 |   8.992253 |      9 | 0.926732 | 1.855260
1058 | 317100.0 | 317400.0 | 0.007168 | 0.017470 |   8.992253 |      9 | 0.926732 | 1.000000 | 1.040000 | 1.003333 | 0.960000 |   1.240232 |      359 |      312 |       47 |   8.991966 |      9 | 0.935623 | 1.630147
1059 | 317400.0 | 317700.0 | 0.007164 | 0.017467 |   8.991966 |      9 | 0.935623 | 1.000000 | 1.026667 | 0.956667 | 0.966667 |  -0.286246 |      358 |      308 |       50 |   8.991775 |      9 | 0.933572 | 1.682072
1060 | 317700.0 | 318000.0 | 0.007159 | 0.017465 |   8.991775 |      9 | 0.933572 | 1.000000 | 1.043333 | 1.010000 | 0.973333 |   1.049711 |      360 |      313 |       47 |   8.991465 |      9 | 0.941087 | 1.491770
1061 | 318000.0 | 318300.0 | 0.007155 | 0.017463 |   8.991465 |      9 | 0.941087 | 1.000000 | 1.003333 | 0.910000 | 1.003333 |  -2.672353 |      351 |      301 |       51 |   8.991441 |      9 | 0.921966 | 1.975948
1062 | 318300.0 | 318600.0 | 0.007151 | 0.017460 |   8.991441 |      9 | 0.921966 | 1.000000 | 1.056667 | 1.003333 | 0.996667 |   0.190908 |      364 |      317 |       46 |   8.991036 |      9 | 0.923331 | 1.941380
1063 | 318600.0 | 318900.0 | 0.007147 | 0.017458 |   8.991036 |      9 | 0.923331 | 1.000000 | 0.986667 | 1.000000 | 0.950000 |   1.432004 |      356 |      296 |       60 |   8.991131 |      9 | 0.933565 | 1.682242
1064 | 318900.0 | 319200.0 | 0.007142 | 0.017456 |   8.991131 |      9 | 0.933565 | 1.000000 | 1.006667 | 0.940000 | 0.973333 |  -0.954798 |      356 |      302 |       54 |   8.991083 |      9 | 0.926746 | 1.854920
1065 | 319200.0 | 319500.0 | 0.007138 | 0.017453 |   8.991083 |      9 | 0.926746 | 1.000000 | 1.006667 | 0.960000 | 0.996667 |  -1.050419 |      357 |      302 |       55 |   8.991036 |      9 | 0.919248 | 2.044777
1066 | 319500.0 | 319800.0 | 0.007134 | 0.017451 |   8.991036 |      9 | 0.919248 | 1.000000 | 1.033333 | 0.956667 | 1.010000 |  -1.528088 |      361 |      310 |       51 |   8.990798 |      9 | 0.908347 | 2.320805
1067 | 319800.0 | 320100.0 | 0.007129 | 0.017449 |   8.990798 |      9 | 0.908347 | 1.000000 | 1.013333 | 0.990000 | 1.016667 |  -0.764147 |      360 |      304 |       56 |   8.990703 |      9 | 0.902899 | 2.458755
1068 | 320100.0 | 320400.0 | 0.007125 | 0.017446 |   8.990703 |      9 | 0.902899 | 1.000000 | 1.033333 | 1.046667 | 0.956667 |   2.579341 |      361 |      310 |       51 |   8.990465 |      9 | 0.921277 | 1.993391
1069 | 320400.0 | 320700.0 | 0.007121 | 0.017444 |   8.990465 |      9 | 0.921277 | 1.000000 | 1.000000 | 0.963333 | 0.966667 |  -0.095544 |      358 |      300 |       58 |   8.990465 |      9 | 0.920597 | 2.010619
1070 | 320700.0 | 321000.0 | 0.007117 | 0.017442 |   8.990465 |      9 | 0.920597 | 1.000000 | 1.020000 | 1.003333 | 0.976667 |   0.764454 |      360 |      306 |       54 |   8.990323 |      9 | 0.926037 | 1.872862
1071 | 321000.0 | 321300.0 | 0.007112 | 0.017439 |   8.990323 |      9 | 0.926037 | 1.000000 | 1.030000 | 0.983333 | 1.000000 |  -0.477848 |      361 |      309 |       52 |   8.990110 |      9 | 0.922639 | 1.958920
1072 | 321300.0 | 321600.0 | 0.007108 | 0.017437 |   8.990110 |      9 | 0.922639 | 1.000000 | 0.966667 | 0.986667 | 0.993333 |  -0.191165 |      353 |      290 |       63 |   8.990347 |      9 | 0.921280 | 1.993328
1073 | 321600.0 | 321900.0 | 0.007104 | 0.017435 |   8.990347 |      9 | 0.921280 | 1.000000 | 1.003333 | 0.973333 | 0.976667 |  -0.095595 |      359 |      301 |       58 |   8.990323 |      9 | 0.920601 | 2.010523
1074 | 321900.0 | 322200.0 | 0.007100 | 0.017432 |   8.990323 |      9 | 0.920601 | 1.000000 | 1.033333 | 1.043333 | 0.993333 |   1.434118 |      359 |      310 |       49 |   8.990086 |      9 | 0.930782 | 1.752707
1075 | 322200.0 | 322500.0 | 0.007095 | 0.017430 |   8.990086 |      9 | 0.930782 | 1.000000 | 1.006667 | 1.013333 | 0.993333 |   0.573724 |      358 |      302 |       56 |   8.990039 |      9 | 0.934853 | 1.649628
1076 | 322500.0 | 322800.0 | 0.007091 | 0.017428 |   8.990039 |      9 | 0.934853 | 1.000000 | 0.993333 | 0.943333 | 1.003333 |  -1.721401 |      355 |      298 |       57 |   8.990086 |      9 | 0.922647 | 1.958722
1077 | 322800.0 | 323100.0 | 0.007087 | 0.017425 |   8.990086 |      9 | 0.922647 | 1.000000 | 0.993333 | 0.960000 | 0.946667 |   0.382584 |      357 |      298 |       59 |   8.990134 |      9 | 0.925358 | 1.890066
1078 | 323100.0 | 323400.0 | 0.007083 | 0.017423 |   8.990134 |      9 | 0.925358 | 1.000000 | 1.046667 | 1.013333 | 1.003333 |   0.286977 |      360 |      314 |       46 |   8.989803 |      9 | 0.927390 | 1.838598
1079 | 323400.0 | 323700.0 | 0.007078 | 0.017421 |   8.989803 |      9 | 0.927390 | 1.000000 | 0.943333 | 1.020000 | 0.973333 |   1.339402 |      351 |      283 |       68 |   8.990204 |      9 | 0.936871 | 1.598524
1080 | 323700.0 | 324000.0 | 0.007074 | 0.017418 |   8.990204 |      9 | 0.936871 | 1.000000 | 0.966667 | 0.980000 | 0.963333 |   0.478421 |      351 |      290 |       61 |   8.990440 |      9 | 0.940256 | 1.512823
1081 | 324000.0 | 324300.0 | 0.007070 | 0.017416 |   8.990440 |      9 | 0.940256 | 1.000000 | 1.030000 | 0.900000 | 1.036667 |  -3.923575 |      355 |      309 |       46 |   8.990228 |      9 | 0.912516 | 2.215249
1082 | 324300.0 | 324600.0 | 0.007066 | 0.017414 |   8.990228 |      9 | 0.912516 | 1.000000 | 0.986667 | 1.036667 | 0.970000 |   1.914193 |      357 |      296 |       61 |   8.990322 |      9 | 0.926041 | 1.872760
1083 | 324600.0 | 324900.0 | 0.007062 | 0.017411 |   8.990322 |      9 | 0.926041 | 1.000000 | 1.020000 | 0.973333 | 0.993333 |  -0.574334 |      359 |      306 |       53 |   8.990181 |      9 | 0.921986 | 1.975459
1084 | 324900.0 | 325200.0 | 0.007058 | 0.017409 |   8.990181 |      9 | 0.921986 | 1.000000 | 1.050000 | 0.986667 | 0.966667 |   0.574410 |      361 |      315 |       47 |   8.989828 |      9 | 0.926040 | 1.872807
1085 | 325200.0 | 325500.0 | 0.007053 | 0.017407 |   8.989828 |      9 | 0.926040 | 1.000000 | 1.046667 | 0.940000 | 1.013333 |  -2.106448 |      362 |      314 |       47 |   8.989499 |      9 | 0.911182 | 2.249026
1086 | 325500.0 | 325800.0 | 0.007049 | 0.017405 |   8.989499 |      9 | 0.911182 | 1.000000 | 0.996667 | 1.003333 | 0.953333 |   1.436404 |      356 |      299 |       57 |   8.989522 |      9 | 0.921307 | 1.992630
1087 | 325800.0 | 326100.0 | 0.007045 | 0.017402 |   8.989522 |      9 | 0.921307 | 1.000000 | 1.013333 | 1.010000 | 1.006667 |   0.095773 |      359 |      304 |       55 |   8.989428 |      9 | 0.921982 | 1.975545
1088 | 326100.0 | 326400.0 | 0.007041 | 0.017400 |   8.989428 |      9 | 0.921982 | 1.000000 | 1.013333 | 0.986667 | 0.953333 |   0.957856 |      360 |      304 |       56 |   8.989334 |      9 | 0.928726 | 1.804771
1089 | 326400.0 | 326700.0 | 0.007037 | 0.017398 |   8.989334 |      9 | 0.928726 | 1.000000 | 1.040000 | 1.000000 | 1.000000 |   0.000000 |      360 |      312 |       48 |   8.989053 |      9 | 0.928726 | 1.804771
1090 | 326700.0 | 327000.0 | 0.007033 | 0.017395 |   8.989053 |      9 | 0.928726 | 1.000000 | 1.063333 | 1.020000 | 1.000000 |   0.574865 |      363 |      319 |       44 |   8.988608 |      9 | 0.932769 | 1.702400
1091 | 327000.0 | 327300.0 | 0.007028 | 0.017393 |   8.988608 |      9 | 0.932769 | 1.000000 | 1.053333 | 1.023333 | 1.016667 |   0.191647 |      360 |      316 |       45 |   8.988233 |      9 | 0.934116 | 1.668292
1092 | 327300.0 | 327600.0 | 0.007024 | 0.017391 |   8.988233 |      9 | 0.934116 | 1.000000 | 1.050000 | 1.023333 | 0.976667 |   1.341704 |      360 |      315 |       44 |   8.987881 |      9 | 0.943541 | 1.429645
1093 | 327600.0 | 327900.0 | 0.007020 | 0.017389 |   8.987881 |      9 | 0.943541 | 1.000000 | 1.013333 | 0.840000 | 1.006667 |  -4.792429 |      353 |      304 |       49 |   8.987788 |      9 | 0.909897 | 2.281569
1094 | 327900.0 | 328200.0 | 0.007016 | 0.017386 |   8.987788 |      9 | 0.909897 | 1.000000 | 1.006667 | 1.053333 | 0.950000 |   2.971696 |      360 |      302 |       58 |   8.987741 |      9 | 0.930747 | 1.753616
1095 | 328200.0 | 328500.0 | 0.007012 | 0.017384 |   8.987741 |      9 | 0.930747 | 1.000000 | 1.043333 | 1.006667 | 0.946667 |   1.725727 |      359 |      313 |       46 |   8.987437 |      9 | 0.942847 | 1.447203
1096 | 328500.0 | 328800.0 | 0.007008 | 0.017382 |   8.987437 |      9 | 0.942847 | 1.000000 | 0.986667 | 0.853333 | 1.010000 |  -4.506655 |      352 |      296 |       57 |   8.987531 |      9 | 0.911265 | 2.246919
1097 | 328800.0 | 329100.0 | 0.007004 | 0.017379 |   8.987531 |      9 | 0.911265 | 1.000000 | 1.003333 | 0.976667 | 0.960000 |   0.479494 |      359 |      301 |       57 |   8.987507 |      9 | 0.914623 | 2.161881
1098 | 329100.0 | 329400.0 | 0.007000 | 0.017377 |   8.987507 |      9 | 0.914623 | 1.000000 | 1.020000 | 0.946667 | 1.003333 |  -1.630493 |      360 |      306 |       54 |   8.987367 |      9 | 0.903210 | 2.450878
1099 | 329400.0 | 329700.0 | 0.006996 | 0.017375 |   8.987367 |      9 | 0.903210 | 1.000000 | 0.966667 | 1.030000 | 0.946667 |   2.398097 |      355 |      290 |       65 |   8.987601 |      9 | 0.919987 | 2.026076
1100 | 329700.0 | 330000.0 | 0.006992 | 0.017373 |   8.987601 |      9 | 0.919987 | 1.000000 | 1.016667 | 1.000000 | 0.973333 |   0.767491 |      358 |      305 |       53 |   8.987484 |      9 | 0.925353 | 1.890201
1101 | 330000.0 | 330300.0 | 0.006987 | 0.017370 |   8.987484 |      9 | 0.925353 | 1.000000 | 1.006667 | 1.086667 | 1.003333 |   2.398723 |      358 |      302 |       56 |   8.987437 |      9 | 0.942114 | 1.465783
1102 | 330300.0 | 330600.0 | 0.006983 | 0.017368 |   8.987437 |      9 | 0.942114 | 1.000000 | 1.000000 | 0.890000 | 1.000000 |  -3.166727 |      351 |      300 |       51 |   8.987437 |      9 | 0.919999 | 2.025761
1103 | 330600.0 | 330900.0 | 0.006979 | 0.017366 |   8.987437 |      9 | 0.919999 | 1.000000 | 0.976667 | 0.973333 | 0.993333 |  -0.575843 |      357 |      293 |       64 |   8.987600 |      9 | 0.915980 | 2.127529
1104 | 330900.0 | 331200.0 | 0.006975 | 0.017364 |   8.987600 |      9 | 0.915980 | 1.000000 | 1.006667 | 1.040000 | 0.953333 |   2.495646 |      357 |      302 |       56 |   8.987554 |      9 | 0.933388 | 1.686733
1105 | 331200.0 | 331500.0 | 0.006971 | 0.017361 |   8.987554 |      9 | 0.933388 | 1.000000 | 1.023333 | 1.026667 | 0.993333 |   0.959989 |      358 |      307 |       50 |   8.987391 |      9 | 0.940080 | 1.517273
1106 | 331500.0 | 331800.0 | 0.006967 | 0.017359 |   8.987391 |      9 | 0.940080 | 1.000000 | 1.010000 | 0.913333 | 0.960000 |  -1.344158 |      354 |      303 |       51 |   8.987321 |      9 | 0.930715 | 1.754410
1107 | 331800.0 | 332100.0 | 0.006963 | 0.017357 |   8.987321 |      9 | 0.930715 | 1.000000 | 1.076667 | 0.983333 | 0.933333 |   1.440357 |      364 |      323 |       41 |   8.986788 |      9 | 0.940745 | 1.500449
1108 | 332100.0 | 332400.0 | 0.006959 | 0.017355 |   8.986788 |      9 | 0.940745 | 1.000000 | 0.990000 | 0.883333 | 1.023333 |  -4.033521 |      353 |      297 |       56 |   8.986857 |      9 | 0.912675 | 2.211221
1109 | 332400.0 | 332700.0 | 0.006955 | 0.017352 |   8.986857 |      9 | 0.912675 | 1.000000 | 0.976667 | 1.000000 | 0.940000 |   1.728876 |      356 |      293 |       63 |   8.987019 |      9 | 0.924699 | 1.906741
1110 | 332700.0 | 333000.0 | 0.006951 | 0.017350 |   8.987019 |      9 | 0.924699 | 1.000000 | 1.033333 | 1.013333 | 1.026667 |  -0.384244 |      360 |      310 |       50 |   8.986788 |      9 | 0.922028 | 1.974373
1111 | 333000.0 | 333300.0 | 0.006947 | 0.017348 |   8.986788 |      9 | 0.922028 | 1.000000 | 1.030000 | 0.990000 | 0.983333 |   0.192147 |      361 |      309 |       52 |   8.986579 |      9 | 0.923363 | 1.940572
1112 | 333300.0 | 333600.0 | 0.006943 | 0.017346 |   8.986579 |      9 | 0.923363 | 1.000000 | 1.026667 | 0.993333 | 1.000000 |  -0.192172 |      360 |      308 |       52 |   8.986394 |      9 | 0.922029 | 1.974358
1113 | 333600.0 | 333900.0 | 0.006939 | 0.017343 |   8.986394 |      9 | 0.922029 | 1.000000 | 1.016667 | 0.990000 | 0.980000 |   0.288295 |      359 |      305 |       54 |   8.986279 |      9 | 0.924030 | 1.923702
1114 | 333900.0 | 334200.0 | 0.006935 | 0.017341 |   8.986279 |      9 | 0.924030 | 1.000000 | 1.016667 | 0.930000 | 0.993333 |  -1.826103 |      360 |      305 |       55 |   8.986163 |      9 | 0.911366 | 2.244378
1115 | 334200.0 | 334500.0 | 0.006931 | 0.017339 |   8.986163 |      9 | 0.911366 | 1.000000 | 1.006667 | 0.983333 | 1.000000 |  -0.480615 |      360 |      302 |       58 |   8.986117 |      9 | 0.908034 | 2.328728
1116 | 334500.0 | 334800.0 | 0.006927 | 0.017337 |   8.986117 |      9 | 0.908034 | 1.000000 | 0.966667 | 0.963333 | 0.946667 |   0.480677 |      354 |      290 |       64 |   8.986348 |      9 | 0.911364 | 2.244415
1117 | 334800.0 | 335100.0 | 0.006923 | 0.017334 |   8.986348 |      9 | 0.911364 | 1.000000 | 0.986667 | 1.046667 | 1.010000 |   1.057626 |      358 |      296 |       62 |   8.986440 |      9 | 0.918686 | 2.059010
1118 | 335100.0 | 335400.0 | 0.006919 | 0.017332 |   8.986440 |      9 | 0.918686 | 1.000000 | 1.013333 | 1.013333 | 0.976667 |   1.057762 |      359 |      304 |       55 |   8.986348 |      9 | 0.926005 | 1.873688
1119 | 335400.0 | 335700.0 | 0.006915 | 0.017330 |   8.986348 |      9 | 0.926005 | 1.000000 | 0.943333 | 1.003333 | 0.966667 |   1.057898 |      352 |      283 |       69 |   8.986740 |      9 | 0.933320 | 1.688448
1120 | 335700.0 | 336000.0 | 0.006911 | 0.017328 |   8.986740 |      9 | 0.933320 | 1.000000 | 1.033333 | 1.033333 | 1.010000 |   0.673294 |      359 |      310 |       49 |   8.986509 |      9 | 0.937973 | 1.570621
1121 | 336000.0 | 336300.0 | 0.006907 | 0.017326 |   8.986509 |      9 | 0.937973 | 1.000000 | 1.003333 | 0.943333 | 0.973333 |  -0.865774 |      355 |      301 |       54 |   8.986486 |      9 | 0.931993 | 1.722045
1122 | 336300.0 | 336600.0 | 0.006903 | 0.017323 |   8.986486 |      9 | 0.931993 | 1.000000 | 1.000000 | 0.983333 | 0.990000 |  -0.192419 |      354 |      300 |       54 |   8.986486 |      9 | 0.930665 | 1.755680
1123 | 336600.0 | 336900.0 | 0.006899 | 0.017321 |   8.986486 |      9 | 0.930665 | 1.000000 | 1.020000 | 1.033333 | 1.030000 |   0.096222 |      358 |      306 |       53 |   8.986348 |      9 | 0.931329 | 1.738870
1124 | 336900.0 | 337200.0 | 0.006895 | 0.017319 |   8.986348 |      9 | 0.931329 | 1.000000 | 1.033333 | 1.026667 | 0.960000 |   1.924682 |      359 |      310 |       48 |   8.986118 |      9 | 0.944600 | 1.402819
1125 | 337200.0 | 337500.0 | 0.006891 | 0.017317 |   8.986118 |      9 | 0.944600 | 1.000000 | 1.036667 | 0.823333 | 0.940000 |  -3.368623 |      355 |      311 |       45 |   8.985866 |      9 | 0.921386 | 1.990648
1126 | 337500.0 | 337800.0 | 0.006887 | 0.017314 |   8.985866 |      9 | 0.921386 | 1.000000 | 0.973333 | 1.013333 | 1.010000 |   0.096259 |      355 |      292 |       62 |   8.986049 |      9 | 0.922049 | 1.973860
1127 | 337800.0 | 338100.0 | 0.006883 | 0.017312 |   8.986049 |      9 | 0.922049 | 1.000000 | 1.086667 | 0.963333 | 1.043333 |  -2.310503 |      365 |      326 |       39 |   8.985453 |      9 | 0.906144 | 2.376585
1128 | 338100.0 | 338400.0 | 0.006880 | 0.017310 |   8.985453 |      9 | 0.906144 | 1.000000 | 0.936667 | 1.050000 | 1.033333 |   0.481416 |      353 |      281 |       72 |   8.985888 |      9 | 0.909456 | 2.292721
1129 | 338400.0 | 338700.0 | 0.006876 | 0.017308 |   8.985888 |      9 | 0.909456 | 1.000000 | 1.006667 | 0.950000 | 1.013333 |  -1.829614 |      358 |      302 |       56 |   8.985843 |      9 | 0.896877 | 2.611263
1130 | 338700.0 | 339000.0 | 0.006872 | 0.017306 |   8.985843 |      9 | 0.896877 | 1.000000 | 0.956667 | 0.976667 | 0.960000 |   0.481539 |      355 |      287 |       69 |   8.986140 |      9 | 0.900186 | 2.527473
1131 | 339000.0 | 339300.0 | 0.006868 | 0.017303 |   8.986140 |      9 | 0.900186 | 1.000000 | 1.013333 | 0.990000 | 0.973333 |   0.481600 |      360 |      304 |       55 |   8.986049 |      9 | 0.903493 | 2.443720
1132 | 339300.0 | 339600.0 | 0.006864 | 0.017301 |   8.986049 |      9 | 0.903493 | 1.000000 | 1.023333 | 0.960000 | 0.976667 |  -0.481661 |      361 |      307 |       54 |   8.985889 |      9 | 0.900187 | 2.527436
1133 | 339600.0 | 339900.0 | 0.006860 | 0.017299 |   8.985889 |      9 | 0.900187 | 1.000000 | 0.983333 | 1.076667 | 0.983333 |   2.697643 |      357 |      295 |       62 |   8.986003 |      9 | 0.918693 | 2.058835
1134 | 339900.0 | 340200.0 | 0.006856 | 0.017297 |   8.986003 |      9 | 0.918693 | 1.000000 | 0.963333 | 1.000000 | 0.993333 |   0.192713 |      356 |      289 |       67 |   8.986254 |      9 | 0.920014 | 2.025378
1135 | 340200.0 | 340500.0 | 0.006852 | 0.017295 |   8.986254 |      9 | 0.920014 | 1.000000 | 1.016667 | 0.976667 | 0.933333 |   1.252795 |      358 |      305 |       53 |   8.986140 |      9 | 0.928599 | 1.808005
1136 | 340500.0 | 340800.0 | 0.006848 | 0.017292 |   8.986140 |      9 | 0.928599 | 1.000000 | 1.046667 | 1.020000 | 0.980000 |   1.156572 |      362 |      314 |       48 |   8.985821 |      9 | 0.936519 | 1.607441
1137 | 340800.0 | 341100.0 | 0.006844 | 0.017290 |   8.985821 |      9 | 0.936519 | 1.000000 | 1.010000 | 0.963333 | 0.953333 |   0.289180 |      355 |      303 |       52 |   8.985752 |      9 | 0.938499 | 1.557322
1138 | 341100.0 | 341400.0 | 0.006841 | 0.017288 |   8.985752 |      9 | 0.938499 | 1.000000 | 1.026667 | 0.953333 | 1.026667 |  -2.120918 |      357 |      308 |       49 |   8.985570 |      9 | 0.923990 | 1.924699
1139 | 341400.0 | 341700.0 | 0.006837 | 0.017286 |   8.985570 |      9 | 0.923990 | 1.000000 | 1.023333 | 0.993333 | 0.976667 |   0.482088 |      359 |      307 |       52 |   8.985410 |      9 | 0.927286 | 1.841241
1140 | 341700.0 | 342000.0 | 0.006833 | 0.017284 |   8.985410 |      9 | 0.927286 | 1.000000 | 1.043333 | 1.033333 | 0.993333 |   1.157156 |      360 |      313 |       47 |   8.985114 |      9 | 0.935193 | 1.641029
1141 | 342000.0 | 342300.0 | 0.006829 | 0.017282 |   8.985114 |      9 | 0.935193 | 1.000000 | 0.986667 | 0.986667 | 1.010000 |  -0.675093 |      354 |      296 |       58 |   8.985205 |      9 | 0.930583 | 1.757768
1142 | 342300.0 | 342600.0 | 0.006825 | 0.017279 |   8.985205 |      9 | 0.930583 | 1.000000 | 0.980000 | 0.993333 | 0.950000 |   1.253902 |      354 |      294 |       60 |   8.985342 |      9 | 0.939141 | 1.541062
1143 | 342600.0 | 342900.0 | 0.006821 | 0.017277 |   8.985342 |      9 | 0.939141 | 1.000000 | 0.996667 | 0.973333 | 0.990000 |  -0.482331 |      354 |      299 |       55 |   8.985364 |      9 | 0.935851 | 1.624374
1144 | 342900.0 | 343200.0 | 0.006818 | 0.017275 |   8.985364 |      9 | 0.935851 | 1.000000 | 1.006667 | 0.940000 | 0.993333 |  -1.543652 |      356 |      302 |       55 |   8.985319 |      9 | 0.925327 | 1.890856
1145 | 343200.0 | 343500.0 | 0.006814 | 0.017273 |   8.985319 |      9 | 0.925327 | 1.000000 | 1.013333 | 1.026667 | 1.026667 |   0.000000 |      359 |      304 |       54 |   8.985228 |      9 | 0.925327 | 1.890856
1146 | 343500.0 | 343800.0 | 0.006810 | 0.017271 |   8.985228 |      9 | 0.925327 | 1.000000 | 1.053333 | 0.940000 | 1.026667 |  -2.509064 |      362 |      316 |       46 |   8.984865 |      9 | 0.908240 | 2.323512
1147 | 343800.0 | 344100.0 | 0.006806 | 0.017269 |   8.984865 |      9 | 0.908240 | 1.000000 | 0.990000 | 0.926667 | 0.900000 |   0.772117 |      357 |      297 |       60 |   8.984933 |      9 | 0.913495 | 2.190445
1148 | 344100.0 | 344400.0 | 0.006802 | 0.017266 |   8.984933 |      9 | 0.913495 | 1.000000 | 1.016667 | 1.006667 | 0.943333 |   1.834006 |      359 |      305 |       54 |   8.984820 |      9 | 0.925971 | 1.874549
1149 | 344400.0 | 344700.0 | 0.006798 | 0.017264 |   8.984820 |      9 | 0.925971 | 1.000000 | 1.043333 | 0.966667 | 0.986667 |  -0.579232 |      362 |      313 |       49 |   8.984525 |      9 | 0.922033 | 1.974262
1150 | 344700.0 | 345000.0 | 0.006795 | 0.017262 |   8.984525 |      9 | 0.922033 | 1.000000 | 1.010000 | 0.993333 | 0.963333 |   0.868957 |      359 |      303 |       56 |   8.984457 |      9 | 0.927937 | 1.824758
1151 | 345000.0 | 345300.0 | 0.006791 | 0.017260 |   8.984457 |      9 | 0.927937 | 1.000000 | 1.033333 | 0.953333 | 0.956667 |  -0.096563 |      359 |      310 |       49 |   8.984231 |      9 | 0.927281 | 1.841362
1152 | 345300.0 | 345600.0 | 0.006787 | 0.017258 |   8.984231 |      9 | 0.927281 | 1.000000 | 0.943333 | 0.960000 | 0.946667 |   0.386300 |      351 |      283 |       68 |   8.984615 |      9 | 0.929903 | 1.774973
1153 | 345600.0 | 345900.0 | 0.006783 | 0.017256 |   8.984615 |      9 | 0.929903 | 1.000000 | 1.030000 | 0.980000 | 0.996667 |  -0.482935 |      359 |      309 |       50 |   8.984412 |      9 | 0.926627 | 1.857923
1154 | 345900.0 | 346200.0 | 0.006779 | 0.017253 |   8.984412 |      9 | 0.926627 | 1.000000 | 1.046667 | 1.020000 | 0.993333 |   0.772792 |      362 |      314 |       48 |   8.984095 |      9 | 0.931866 | 1.725261
1155 | 346200.0 | 346500.0 | 0.006776 | 0.017251 |   8.984095 |      9 | 0.931866 | 1.000000 | 0.983333 | 1.016667 | 1.006667 |   0.289833 |      353 |      295 |       58 |   8.984208 |      9 | 0.933830 | 1.675534
1156 | 346500.0 | 346800.0 | 0.006772 | 0.017249 |   8.984208 |      9 | 0.933830 | 1.000000 | 1.006667 | 1.006667 | 0.936667 |   2.029085 |      354 |      302 |       52 |   8.984163 |      9 | 0.947571 | 1.327597
1157 | 346800.0 | 347100.0 | 0.006768 | 0.017247 |   8.984163 |      9 | 0.947571 | 1.000000 | 0.993333 | 0.753333 | 0.963333 |  -6.088010 |      348 |      298 |       50 |   8.984208 |      9 | 0.906367 | 2.370956
1158 | 347100.0 | 347400.0 | 0.006764 | 0.017245 |   8.984208 |      9 | 0.906367 | 1.000000 | 1.013333 | 0.973333 | 0.950000 |   0.676530 |      360 |      304 |       56 |   8.984118 |      9 | 0.910943 | 2.255078
1159 | 347400.0 | 347700.0 | 0.006761 | 0.017243 |   8.984118 |      9 | 0.910943 | 1.000000 | 1.050000 | 0.980000 | 0.963333 |   0.483295 |      363 |      315 |       48 |   8.983780 |      9 | 0.914210 | 2.172343
1160 | 347700.0 | 348000.0 | 0.006757 | 0.017241 |   8.983780 |      9 | 0.914210 | 1.000000 | 0.990000 | 0.983333 | 1.020000 |  -1.063382 |      356 |      297 |       59 |   8.983848 |      9 | 0.907025 | 2.354281
1161 | 348000.0 | 348300.0 | 0.006753 | 0.017238 |   8.983848 |      9 | 0.907025 | 1.000000 | 0.976667 | 0.990000 | 1.023333 |  -0.966831 |      355 |      293 |       62 |   8.984005 |      9 | 0.900496 | 2.519608
1162 | 348300.0 | 348600.0 | 0.006749 | 0.017236 |   8.984005 |      9 | 0.900496 | 1.000000 | 0.993333 | 1.003333 | 0.936667 |   1.933901 |      358 |      298 |       60 |   8.984050 |      9 | 0.913549 | 2.189097
1163 | 348600.0 | 348900.0 | 0.006746 | 0.017234 |   8.984050 |      9 | 0.913549 | 1.000000 | 1.043333 | 1.020000 | 0.953333 |   1.934140 |      363 |      313 |       50 |   8.983758 |      9 | 0.926595 | 1.858728
1164 | 348900.0 | 349200.0 | 0.006742 | 0.017232 |   8.983758 |      9 | 0.926595 | 1.000000 | 1.010000 | 0.983333 | 1.046667 |  -1.837660 |      358 |      303 |       55 |   8.983691 |      9 | 0.914206 | 2.172443
1165 | 349200.0 | 349500.0 | 0.006738 | 0.017230 |   8.983691 |      9 | 0.914206 | 1.000000 | 1.010000 | 0.996667 | 0.970000 |   0.773847 |      361 |      303 |       58 |   8.983623 |      9 | 0.919421 | 2.040409
1166 | 349500.0 | 349800.0 | 0.006734 | 0.017228 |   8.983623 |      9 | 0.919421 | 1.000000 | 0.986667 | 0.993333 | 0.956667 |   1.064171 |      355 |      296 |       59 |   8.983713 |      9 | 0.926587 | 1.858941
1167 | 349800.0 | 350100.0 | 0.006731 | 0.017226 |   8.983713 |      9 | 0.926587 | 1.000000 | 1.010000 | 0.996667 | 1.026667 |  -0.870793 |      357 |      303 |       54 |   8.983646 |      9 | 0.920726 | 2.007351
1168 | 350100.0 | 350400.0 | 0.006727 | 0.017224 |   8.983646 |      9 | 0.920726 | 1.000000 | 1.050000 | 0.943333 | 1.016667 |  -2.128867 |      363 |      315 |       48 |   8.983309 |      9 | 0.906405 | 2.369977
1169 | 350400.0 | 350700.0 | 0.006723 | 0.017221 |   8.983309 |      9 | 0.906405 | 1.000000 | 0.996667 | 1.013333 | 0.980000 |   0.967786 |      359 |      299 |       60 |   8.983332 |      9 | 0.912912 | 2.205218
1170 | 350700.0 | 351000.0 | 0.006720 | 0.017219 |   8.983332 |      9 | 0.912912 | 1.000000 | 0.976667 | 1.000000 | 0.996667 |   0.096790 |      356 |      293 |       63 |   8.983489 |      9 | 0.913562 | 2.188749
1171 | 351000.0 | 351300.0 | 0.006716 | 0.017217 |   8.983489 |      9 | 0.913562 | 1.000000 | 1.013333 | 0.966667 | 0.943333 |   0.677617 |      359 |      304 |       55 |   8.983399 |      9 | 0.918113 | 2.073516
1172 | 351300.0 | 351600.0 | 0.006712 | 0.017215 |   8.983399 |      9 | 0.918113 | 1.000000 | 1.056667 | 0.996667 | 0.996667 |   0.000000 |      365 |      317 |       48 |   8.983019 |      9 | 0.918113 | 2.073516
1173 | 351600.0 | 351900.0 | 0.006708 | 0.017213 |   8.983019 |      9 | 0.918113 | 1.000000 | 1.026667 | 0.993333 | 0.963333 |   0.871435 |      359 |      308 |       51 |   8.982840 |      9 | 0.923959 | 1.925487
1174 | 351900.0 | 352200.0 | 0.006705 | 0.017211 |   8.982840 |      9 | 0.923959 | 1.000000 | 1.046667 | 1.020000 | 0.993333 |   0.774704 |      363 |      314 |       49 |   8.982527 |      9 | 0.929153 | 1.793961
1175 | 352200.0 | 352500.0 | 0.006701 | 0.017209 |   8.982527 |      9 | 0.929153 | 1.000000 | 1.026667 | 1.006667 | 0.940000 |   1.936998 |      359 |      308 |       51 |   8.982348 |      9 | 0.942133 | 1.465287
1176 | 352500.0 | 352800.0 | 0.006697 | 0.017207 |   8.982348 |      9 | 0.942133 | 1.000000 | 0.996667 | 0.846667 | 1.026667 |  -5.230535 |      352 |      299 |       53 |   8.982370 |      9 | 0.907102 | 2.352328
1177 | 352800.0 | 353100.0 | 0.006694 | 0.017205 |   8.982370 |      9 | 0.907102 | 1.000000 | 1.043333 | 0.976667 | 0.953333 |   0.678115 |      361 |      313 |       48 |   8.982080 |      9 | 0.911641 | 2.237391
1178 | 353100.0 | 353400.0 | 0.006690 | 0.017202 |   8.982080 |      9 | 0.911641 | 1.000000 | 1.003333 | 0.956667 | 0.930000 |   0.775083 |      359 |      301 |       58 |   8.982058 |      9 | 0.916827 | 2.106089
1179 | 353400.0 | 353700.0 | 0.006686 | 0.017200 |   8.982058 |      9 | 0.916827 | 1.000000 | 1.033333 | 0.960000 | 0.973333 |  -0.387589 |      361 |      310 |       52 |   8.981835 |      9 | 0.914235 | 2.171712
1180 | 353700.0 | 354000.0 | 0.006683 | 0.017198 |   8.981835 |      9 | 0.914235 | 1.000000 | 1.006667 | 1.003333 | 0.990000 |   0.387636 |      360 |      302 |       57 |   8.981791 |      9 | 0.916826 | 2.106117
1181 | 354000.0 | 354300.0 | 0.006679 | 0.017196 |   8.981791 |      9 | 0.916826 | 1.000000 | 1.033333 | 0.983333 | 0.990000 |  -0.193842 |      361 |      310 |       51 |   8.981568 |      9 | 0.915531 | 2.138900
1182 | 354300.0 | 354600.0 | 0.006675 | 0.017194 |   8.981568 |      9 | 0.915531 | 1.000000 | 1.036667 | 0.993333 | 0.983333 |   0.290798 |      360 |      311 |       49 |   8.981323 |      9 | 0.917472 | 2.089746
1183 | 354600.0 | 354900.0 | 0.006672 | 0.017192 |   8.981323 |      9 | 0.917472 | 1.000000 | 1.033333 | 0.960000 | 0.956667 |   0.096945 |      362 |      310 |       52 |   8.981101 |      9 | 0.918119 | 2.073368
1184 | 354900.0 | 355200.0 | 0.006668 | 0.017190 |   8.981101 |      9 | 0.918119 | 1.000000 | 1.000000 | 0.976667 | 1.026667 |  -1.454344 |      358 |      300 |       58 |   8.981101 |      9 | 0.908421 | 2.318932
1185 | 355200.0 | 355500.0 | 0.006665 | 0.017188 |   8.981101 |      9 | 0.908421 | 1.000000 | 0.923333 | 0.953333 | 1.010000 |  -1.648457 |      350 |      277 |       73 |   8.981612 |      9 | 0.897435 | 2.597120
1186 | 355500.0 | 355800.0 | 0.006661 | 0.017186 |   8.981612 |      9 | 0.897435 | 1.000000 | 1.013333 | 1.036667 | 0.966667 |   2.036577 |      360 |      304 |       56 |   8.981523 |      9 | 0.911000 | 2.253621
1187 | 355800.0 | 356100.0 | 0.006657 | 0.017184 |   8.981523 |      9 | 0.911000 | 1.000000 | 0.986667 | 0.956667 | 0.926667 |   0.872925 |      357 |      296 |       61 |   8.981612 |      9 | 0.916812 | 2.106470
1188 | 356100.0 | 356400.0 | 0.006654 | 0.017182 |   8.981612 |      9 | 0.916812 | 1.000000 | 0.986667 | 0.963333 | 1.026667 |  -1.843064 |      357 |      296 |       61 |   8.981700 |      9 | 0.904549 | 2.416992
1189 | 356400.0 | 356700.0 | 0.006650 | 0.017179 |   8.981700 |      9 | 0.904549 | 1.000000 | 0.990000 | 1.016667 | 1.000000 |   0.485076 |      357 |      297 |       60 |   8.981767 |      9 | 0.907774 | 2.335310
1190 | 356700.0 | 357000.0 | 0.006646 | 0.017177 |   8.981767 |      9 | 0.907774 | 1.000000 | 0.963333 | 1.006667 | 0.990000 |   0.485134 |      355 |      289 |       66 |   8.982011 |      9 | 0.910999 | 2.253663
1191 | 357000.0 | 357300.0 | 0.006643 | 0.017175 |   8.982011 |      9 | 0.910999 | 1.000000 | 1.030000 | 1.043333 | 0.943333 |   2.911158 |      361 |      309 |       52 |   8.981811 |      9 | 0.930337 | 1.763985
1192 | 357300.0 | 357600.0 | 0.006639 | 0.017173 |   8.981811 |      9 | 0.930337 | 1.000000 | 1.103333 | 0.963333 | 0.943333 |   0.582302 |      367 |      331 |       37 |   8.981125 |      9 | 0.934203 | 1.666090
1193 | 357600.0 | 357900.0 | 0.006636 | 0.017171 |   8.981125 |      9 | 0.934203 | 1.000000 | 1.080000 | 0.990000 | 0.986667 |   0.097062 |      363 |      324 |       39 |   8.980595 |      9 | 0.934847 | 1.649782
1194 | 357900.0 | 358200.0 | 0.006632 | 0.017169 |   8.980595 |      9 | 0.934847 | 1.000000 | 0.996667 | 0.970000 | 0.990000 |  -0.582442 |      356 |      299 |       57 |   8.980617 |      9 | 0.930984 | 1.747594
1195 | 358200.0 | 358500.0 | 0.006628 | 0.017167 |   8.980617 |      9 | 0.930984 | 1.000000 | 1.080000 | 0.960000 | 0.966667 |  -0.194171 |      364 |      324 |       39 |   8.980086 |      9 | 0.929697 | 1.780184
1196 | 358500.0 | 358800.0 | 0.006625 | 0.017165 |   8.980086 |      9 | 0.929697 | 1.000000 | 1.016667 | 1.063333 | 1.010000 |   1.553554 |      358 |      305 |       53 |   8.979976 |      9 | 0.939989 | 1.519571
1197 | 358800.0 | 359100.0 | 0.006621 | 0.017163 |   8.979976 |      9 | 0.939989 | 1.000000 | 1.070000 | 0.950000 | 1.033333 |  -2.427721 |      361 |      321 |       40 |   8.979512 |      9 | 0.923915 | 1.926608
1198 | 359100.0 | 359400.0 | 0.006618 | 0.017161 |   8.979512 |      9 | 0.923915 | 1.000000 | 0.996667 | 0.976667 | 0.963333 |   0.388482 |      358 |      299 |       59 |   8.979535 |      9 | 0.926486 | 1.861509
1199 | 359400.0 | 359700.0 | 0.006614 | 0.017159 |   8.979535 |      9 | 0.926486 | 1.000000 | 0.956667 | 1.026667 | 1.010000 |   0.485661 |      351 |      287 |       64 |   8.979821 |      9 | 0.929698 | 1.780170
1200 | 359700.0 | 360000.0 | 0.006611 | 0.017157 |   8.979821 |      9 | 0.929698 | 1.000000 | 1.023333 | 0.926667 | 0.963333 |  -1.068582 |      360 |      307 |       53 |   8.979667 |      9 | 0.922634 | 1.959041
1201 | 360000.0 | 360300.0 | 0.006607 | 0.017155 |   8.979667 |      9 | 0.922634 | 1.000000 | 1.036667 | 1.000000 | 1.006667 |  -0.194311 |      360 |      311 |       49 |   8.979425 |      9 | 0.921350 | 1.991550
1202 | 360300.0 | 360600.0 | 0.006603 | 0.017153 |   8.979425 |      9 | 0.921350 | 1.000000 | 1.003333 | 0.970000 | 1.013333 |  -1.263173 |      358 |      301 |       57 |   8.979403 |      9 | 0.913009 | 2.202767
1203 | 360600.0 | 360900.0 | 0.006600 | 0.017151 |   8.979403 |      9 | 0.913009 | 1.000000 | 1.010000 | 1.003333 | 0.960000 |   1.263324 |      358 |      303 |       55 |   8.979337 |      9 | 0.921347 | 1.991638
1204 | 360900.0 | 361200.0 | 0.006596 | 0.017148 |   8.979337 |      9 | 0.921347 | 1.000000 | 1.010000 | 0.990000 | 0.956667 |   0.971904 |      360 |      303 |       57 |   8.979271 |      9 | 0.927758 | 1.829299
1205 | 361200.0 | 361500.0 | 0.006593 | 0.017146 |   8.979271 |      9 | 0.927758 | 1.000000 | 0.973333 | 1.020000 | 1.006667 |   0.388808 |      353 |      292 |       61 |   8.979446 |      9 | 0.930321 | 1.764391
1206 | 361500.0 | 361800.0 | 0.006589 | 0.017144 |   8.979446 |      9 | 0.930321 | 1.000000 | 1.026667 | 0.983333 | 1.026667 |  -1.263777 |      359 |      308 |       51 |   8.979271 |      9 | 0.921994 | 1.975255
1207 | 361800.0 | 362100.0 | 0.006586 | 0.017142 |   8.979271 |      9 | 0.921994 | 1.000000 | 0.976667 | 1.006667 | 0.973333 |   0.972252 |      355 |      293 |       62 |   8.979424 |      9 | 0.928397 | 1.813119
1208 | 362100.0 | 362400.0 | 0.006582 | 0.017140 |   8.979424 |      9 | 0.928397 | 1.000000 | 1.020000 | 0.990000 | 0.990000 |   0.000000 |      358 |      306 |       52 |   8.979293 |      9 | 0.928397 | 1.813119
1209 | 362400.0 | 362700.0 | 0.006579 | 0.017138 |   8.979293 |      9 | 0.928397 | 1.000000 | 1.000000 | 1.006667 | 0.976667 |   0.875236 |      357 |      300 |       57 |   8.979293 |      9 | 0.934155 | 1.667318
1210 | 362700.0 | 363000.0 | 0.006575 | 0.017136 |   8.979293 |      9 | 0.934155 | 1.000000 | 1.046667 | 0.970000 | 1.013333 |  -1.264380 |      360 |      314 |       46 |   8.978986 |      9 | 0.925841 | 1.877832
1211 | 363000.0 | 363300.0 | 0.006572 | 0.017134 |   8.978986 |      9 | 0.925841 | 1.000000 | 1.096667 | 1.043333 | 1.006667 |   1.069987 |      367 |      329 |       38 |   8.978351 |      9 | 0.932873 | 1.699779
1212 | 363300.0 | 363600.0 | 0.006568 | 0.017132 |   8.978351 |      9 | 0.932873 | 1.000000 | 0.990000 | 1.016667 | 1.016667 |   0.000000 |      355 |      297 |       58 |   8.978416 |      9 | 0.932873 | 1.699779
1213 | 363600.0 | 363900.0 | 0.006565 | 0.017130 |   8.978416 |      9 | 0.932873 | 1.000000 | 1.040000 | 0.986667 | 0.996667 |  -0.291884 |      359 |      312 |       47 |   8.978154 |      9 | 0.930957 | 1.748299
1214 | 363900.0 | 364200.0 | 0.006561 | 0.017128 |   8.978154 |      9 | 0.930957 | 1.000000 | 1.050000 | 0.950000 | 0.943333 |   0.194613 |      360 |      315 |       45 |   8.977826 |      9 | 0.932233 | 1.715966
1215 | 364200.0 | 364500.0 | 0.006558 | 0.017126 |   8.977826 |      9 | 0.932233 | 1.000000 | 1.073333 | 1.003333 | 1.043333 |  -1.167814 |      363 |      322 |       41 |   8.977345 |      9 | 0.924575 | 1.909884
1216 | 364500.0 | 364800.0 | 0.006554 | 0.017124 |   8.977345 |      9 | 0.924575 | 1.000000 | 1.053333 | 1.026667 | 0.993333 |   0.973293 |      361 |      316 |       45 |   8.976995 |      9 | 0.930954 | 1.748352
1217 | 364800.0 | 365100.0 | 0.006551 | 0.017122 |   8.976995 |      9 | 0.930954 | 1.000000 | 1.000000 | 0.946667 | 0.993333 |  -1.362772 |      358 |      300 |       59 |   8.976995 |      9 | 0.922027 | 1.974403
1218 | 365100.0 | 365400.0 | 0.006547 | 0.017120 |   8.976995 |      9 | 0.922027 | 1.000000 | 1.073333 | 1.013333 | 0.980000 |   0.973524 |      365 |      322 |       42 |   8.976515 |      9 | 0.928401 | 1.813005
1219 | 365400.0 | 365700.0 | 0.006544 | 0.017118 |   8.976515 |      9 | 0.928401 | 1.000000 | 0.970000 | 0.990000 | 1.023333 |  -0.973639 |      354 |      291 |       63 |   8.976711 |      9 | 0.922030 | 1.974337
1220 | 365700.0 | 366000.0 | 0.006540 | 0.017116 |   8.976711 |      9 | 0.922030 | 1.000000 | 1.063333 | 0.980000 | 0.996667 |  -0.486877 |      364 |      319 |       45 |   8.976297 |      9 | 0.918846 | 2.054969
1221 | 366000.0 | 366300.0 | 0.006537 | 0.017114 |   8.976297 |      9 | 0.918846 | 1.000000 | 0.940000 | 0.993333 | 0.956667 |   1.071256 |      352 |      282 |       70 |   8.976689 |      9 | 0.925848 | 1.877651
1222 | 366300.0 | 366600.0 | 0.006533 | 0.017112 |   8.976689 |      9 | 0.925848 | 1.000000 | 0.990000 | 1.026667 | 0.996667 |   0.876586 |      354 |      297 |       57 |   8.976755 |      9 | 0.931575 | 1.732631
1223 | 366600.0 | 366900.0 | 0.006530 | 0.017110 |   8.976755 |      9 | 0.931575 | 1.000000 | 1.060000 | 1.010000 | 0.953333 |   1.655968 |      363 |      318 |       45 |   8.976363 |      9 | 0.942389 | 1.458819
1224 | 366900.0 | 367200.0 | 0.006526 | 0.017108 |   8.976363 |      9 | 0.942389 | 1.000000 | 1.080000 | 0.790000 | 0.956667 |  -4.871068 |      363 |      324 |       39 |   8.975841 |      9 | 0.910598 | 2.263819
1225 | 367200.0 | 367500.0 | 0.006523 | 0.017106 |   8.975841 |      9 | 0.910598 | 1.000000 | 0.943333 | 1.013333 | 0.960000 |   1.558925 |      352 |      283 |       69 |   8.976210 |      9 | 0.920767 | 2.006325
1226 | 367500.0 | 367800.0 | 0.006520 | 0.017104 |   8.976210 |      9 | 0.920767 | 1.000000 | 0.953333 | 1.043333 | 1.016667 |   0.779554 |      353 |      286 |       67 |   8.976515 |      9 | 0.925849 | 1.877630
1227 | 367800.0 | 368100.0 | 0.006516 | 0.017102 |   8.976515 |      9 | 0.925849 | 1.000000 | 0.960000 | 1.020000 | 0.960000 |   1.754203 |      352 |      288 |       64 |   8.976775 |      9 | 0.937280 | 1.588187
1228 | 368100.0 | 368400.0 | 0.006513 | 0.017100 |   8.976775 |      9 | 0.937280 | 1.000000 | 1.000000 | 0.963333 | 0.983333 |  -0.584803 |      353 |      300 |       54 |   8.976775 |      9 | 0.933471 | 1.684629
1229 | 368400.0 | 368700.0 | 0.006509 | 0.017098 |   8.976775 |      9 | 0.933471 | 1.000000 | 1.076667 | 0.953333 | 0.976667 |  -0.682350 |      363 |      323 |       39 |   8.976276 |      9 | 0.929029 | 1.797098
1230 | 368700.0 | 369000.0 | 0.006506 | 0.017096 |   8.976276 |      9 | 0.929029 | 1.000000 | 1.046667 | 0.993333 | 1.030000 |  -1.072390 |      361 |      314 |       47 |   8.975973 |      9 | 0.922053 | 1.973763
1231 | 369000.0 | 369300.0 | 0.006502 | 0.017094 |   8.975973 |      9 | 0.922053 | 1.000000 | 1.033333 | 0.966667 | 1.020000 |  -1.560023 |      360 |      310 |       51 |   8.975756 |      9 | 0.911909 | 2.230624
1232 | 369300.0 | 369600.0 | 0.006499 | 0.017092 |   8.975756 |      9 | 0.911909 | 1.000000 | 1.020000 | 0.983333 | 0.960000 |   0.682590 |      360 |      306 |       53 |   8.975626 |      9 | 0.916345 | 2.118293
1233 | 369600.0 | 369900.0 | 0.006496 | 0.017090 |   8.975626 |      9 | 0.916345 | 1.000000 | 1.000000 | 0.970000 | 0.973333 |  -0.097524 |      359 |      300 |       59 |   8.975626 |      9 | 0.915711 | 2.134334
1234 | 369900.0 | 370200.0 | 0.006492 | 0.017088 |   8.975626 |      9 | 0.915711 | 1.000000 | 1.056667 | 0.986667 | 0.986667 |   0.000000 |      363 |      317 |       46 |   8.975258 |      9 | 0.915711 | 2.134334
1235 | 370200.0 | 370500.0 | 0.006489 | 0.017086 |   8.975258 |      9 | 0.915711 | 1.000000 | 1.010000 | 1.080000 | 0.920000 |   4.682259 |      360 |      303 |       57 |   8.975193 |      9 | 0.946093 | 1.365006
1236 | 370500.0 | 370800.0 | 0.006485 | 0.017084 |   8.975193 |      9 | 0.946093 | 1.000000 | 1.016667 | 0.773333 | 1.003333 |  -6.731533 |      353 |      305 |       48 |   8.975085 |      9 | 0.902437 | 2.470465
1237 | 370800.0 | 371100.0 | 0.006482 | 0.017082 |   8.975085 |      9 | 0.902437 | 1.000000 | 1.003333 | 0.950000 | 0.966667 |  -0.487849 |      358 |      301 |       57 |   8.975063 |      9 | 0.899275 | 2.550538
1238 | 371100.0 | 371400.0 | 0.006479 | 0.017080 |   8.975063 |      9 | 0.899275 | 1.000000 | 1.063333 | 0.983333 | 0.956667 |   0.780650 |      366 |      319 |       47 |   8.974653 |      9 | 0.904332 | 2.422473
1239 | 371400.0 | 371700.0 | 0.006475 | 0.017078 |   8.974653 |      9 | 0.904332 | 1.000000 | 1.003333 | 0.993333 | 0.930000 |   1.854259 |      359 |      301 |       58 |   8.974632 |      9 | 0.916339 | 2.118442
1240 | 371700.0 | 372000.0 | 0.006472 | 0.017076 |   8.974632 |      9 | 0.916339 | 1.000000 | 1.020000 | 1.003333 | 1.000000 |   0.097604 |      358 |      306 |       52 |   8.974502 |      9 | 0.916971 | 2.102447
1241 | 372000.0 | 372300.0 | 0.006468 | 0.017074 |   8.974502 |      9 | 0.916971 | 1.000000 | 1.036667 | 1.036667 | 0.976667 |   1.757075 |      363 |      311 |       52 |   8.974265 |      9 | 0.928336 | 1.814652
1242 | 372300.0 | 372600.0 | 0.006465 | 0.017072 |   8.974265 |      9 | 0.928336 | 1.000000 | 1.060000 | 0.943333 | 0.980000 |  -1.073892 |      361 |      318 |       43 |   8.973877 |      9 | 0.921393 | 1.990456
1243 | 372600.0 | 372900.0 | 0.006462 | 0.017070 |   8.973877 |      9 | 0.921393 | 1.000000 | 1.026667 | 1.030000 | 1.036667 |  -0.195276 |      360 |      308 |       52 |   8.973705 |      9 | 0.920132 | 2.022407
1244 | 372900.0 | 373200.0 | 0.006458 | 0.017068 |   8.973705 |      9 | 0.920132 | 1.000000 | 1.033333 | 0.996667 | 0.993333 |   0.097649 |      362 |      310 |       52 |   8.973489 |      9 | 0.920762 | 2.006438
1245 | 373200.0 | 373500.0 | 0.006455 | 0.017066 |   8.973489 |      9 | 0.920762 | 1.000000 | 1.026667 | 0.960000 | 0.970000 |  -0.292982 |      359 |      308 |       51 |   8.973317 |      9 | 0.918871 | 2.054326
1246 | 373500.0 | 373800.0 | 0.006452 | 0.017064 |   8.973317 |      9 | 0.918871 | 1.000000 | 1.033333 | 0.980000 | 0.993333 |  -0.390687 |      362 |      310 |       52 |   8.973102 |      9 | 0.916350 | 2.118151
1247 | 373800.0 | 374100.0 | 0.006448 | 0.017062 |   8.973102 |      9 | 0.916350 | 1.000000 | 0.956667 | 1.010000 | 1.030000 |  -0.586099 |      355 |      287 |       68 |   8.973382 |      9 | 0.912571 | 2.213850
1248 | 374100.0 | 374400.0 | 0.006445 | 0.017060 |   8.973382 |      9 | 0.912571 | 1.000000 | 1.020000 | 0.986667 | 0.920000 |   1.953889 |      360 |      306 |       54 |   8.973253 |      9 | 0.925164 | 1.894982
1249 | 374400.0 | 374700.0 | 0.006442 | 0.017058 |   8.973253 |      9 | 0.925164 | 1.000000 | 0.960000 | 0.946667 | 0.973333 |  -0.781646 |      352 |      288 |       64 |   8.973510 |      9 | 0.920129 | 2.022478
1250 | 374700.0 | 375000.0 | 0.006438 | 0.017056 |   8.973510 |      9 | 0.920129 | 1.000000 | 0.996667 | 1.000000 | 0.970000 |   0.879453 |      358 |      299 |       59 |   8.973532 |      9 | 0.925791 | 1.879103
1251 | 375000.0 | 375300.0 | 0.006435 | 0.017054 |   8.973532 |      9 | 0.925791 | 1.000000 | 1.040000 | 1.000000 | 0.983333 |   0.488641 |      361 |      312 |       49 |   8.973275 |      9 | 0.928935 | 1.799483
1252 | 375300.0 | 375600.0 | 0.006432 | 0.017052 |   8.973275 |      9 | 0.928935 | 1.000000 | 0.993333 | 1.026667 | 0.986667 |   1.172875 |      355 |      298 |       57 |   8.973317 |      9 | 0.936479 | 1.608471
1253 | 375600.0 | 375900.0 | 0.006428 | 0.017050 |   8.973317 |      9 | 0.936479 | 1.000000 | 1.013333 | 0.980000 | 0.970000 |   0.293252 |      356 |      304 |       52 |   8.973232 |      9 | 0.938364 | 1.560737
1254 | 375900.0 | 376200.0 | 0.006425 | 0.017048 |   8.973232 |      9 | 0.938364 | 1.000000 | 1.050000 | 0.910000 | 0.993333 |  -2.444052 |      358 |      315 |       44 |   8.972910 |      9 | 0.922661 | 1.958359
1255 | 376200.0 | 376500.0 | 0.006422 | 0.017046 |   8.972910 |      9 | 0.922661 | 1.000000 | 0.953333 | 1.036667 | 1.013333 |   0.684413 |      353 |      286 |       66 |   8.973210 |      9 | 0.927056 | 1.847069
1256 | 376500.0 | 376800.0 | 0.006418 | 0.017044 |   8.973210 |      9 | 0.927056 | 1.000000 | 0.966667 | 0.976667 | 1.023333 |  -1.368984 |      353 |      290 |       63 |   8.973424 |      9 | 0.918269 | 2.069559
1257 | 376800.0 | 377100.0 | 0.006415 | 0.017042 |   8.973424 |      9 | 0.918269 | 1.000000 | 1.080000 | 1.053333 | 1.036667 |   0.488979 |      366 |      324 |       42 |   8.972911 |      9 | 0.921406 | 1.990130
1258 | 377100.0 | 377400.0 | 0.006412 | 0.017040 |   8.972911 |      9 | 0.921406 | 1.000000 | 0.986667 | 1.003333 | 0.930000 |   2.151754 |      356 |      296 |       60 |   8.972996 |      9 | 0.935202 | 1.640784
1259 | 377400.0 | 377700.0 | 0.006408 | 0.017038 |   8.972996 |      9 | 0.935202 | 1.000000 | 1.013333 | 0.996667 | 0.963333 |   0.978182 |      357 |      304 |       53 |   8.972911 |      9 | 0.941471 | 1.482054
1260 | 377700.0 | 378000.0 | 0.006405 | 0.017036 |   8.972911 |      9 | 0.941471 | 1.000000 | 1.000000 | 0.903333 | 1.006667 |  -3.032712 |      351 |      300 |       51 |   8.972911 |      9 | 0.922046 | 1.973920
1261 | 378000.0 | 378300.0 | 0.006402 | 0.017035 |   8.972911 |      9 | 0.922046 | 1.000000 | 1.000000 | 1.016667 | 0.973333 |   1.271928 |      359 |      300 |       59 |   8.972911 |      9 | 0.930189 | 1.767736
1262 | 378300.0 | 378600.0 | 0.006398 | 0.017033 |   8.972911 |      9 | 0.930189 | 1.000000 | 1.050000 | 1.016667 | 1.010000 |   0.195704 |      363 |      315 |       48 |   8.972591 |      9 | 0.931441 | 1.736028
1263 | 378600.0 | 378900.0 | 0.006395 | 0.017031 |   8.972591 |      9 | 0.931441 | 1.000000 | 1.043333 | 1.030000 | 1.023333 |   0.195726 |      360 |      313 |       47 |   8.972314 |      9 | 0.932693 | 1.704333
1264 | 378900.0 | 379200.0 | 0.006392 | 0.017029 |   8.972314 |      9 | 0.932693 | 1.000000 | 1.036667 | 1.013333 | 0.960000 |   1.565987 |      361 |      311 |       50 |   8.972080 |      9 | 0.942702 | 1.450872
1265 | 379200.0 | 379500.0 | 0.006389 | 0.017027 |   8.972080 |      9 | 0.942702 | 1.000000 | 1.033333 | 0.866667 | 0.966667 |  -2.936560 |      355 |      310 |       46 |   8.971867 |      9 | 0.923942 | 1.925922
1266 | 379500.0 | 379800.0 | 0.006385 | 0.017025 |   8.971867 |      9 | 0.923942 | 1.000000 | 1.016667 | 0.990000 | 0.950000 |   1.174758 |      358 |      305 |       52 |   8.971760 |      9 | 0.931443 | 1.735978
1267 | 379800.0 | 380100.0 | 0.006382 | 0.017023 |   8.971760 |      9 | 0.931443 | 1.000000 | 1.016667 | 1.000000 | 0.940000 |   1.762338 |      357 |      305 |       53 |   8.971654 |      9 | 0.942691 | 1.451175
1268 | 380100.0 | 380400.0 | 0.006379 | 0.017021 |   8.971654 |      9 | 0.942691 | 1.000000 | 1.040000 | 0.866667 | 1.026667 |  -4.700102 |      357 |      312 |       44 |   8.971399 |      9 | 0.912709 | 2.210347
1269 | 380400.0 | 380700.0 | 0.006376 | 0.017019 |   8.971399 |      9 | 0.912709 | 1.000000 | 1.043333 | 0.966667 | 0.936667 |   0.881369 |      363 |      313 |       50 |   8.971122 |      9 | 0.918329 | 2.068059
1270 | 380700.0 | 381000.0 | 0.006372 | 0.017017 |   8.971122 |      9 | 0.918329 | 1.000000 | 1.013333 | 0.976667 | 1.033333 |  -1.664998 |      358 |      304 |       55 |   8.971037 |      9 | 0.907719 | 2.336719
1271 | 381000.0 | 381300.0 | 0.006369 | 0.017015 |   8.971037 |      9 | 0.907719 | 1.000000 | 1.010000 | 0.940000 | 0.973333 |  -0.979522 |      359 |      303 |       56 |   8.970974 |      9 | 0.901480 | 2.494691
1272 | 381300.0 | 381600.0 | 0.006366 | 0.017013 |   8.970974 |      9 | 0.901480 | 1.000000 | 0.966667 | 1.006667 | 0.963333 |   1.273523 |      357 |      290 |       66 |   8.971186 |      9 | 0.909587 | 2.289408
1273 | 381600.0 | 381900.0 | 0.006363 | 0.017011 |   8.971186 |      9 | 0.909587 | 1.000000 | 1.050000 | 1.010000 | 0.943333 |   1.959488 |      362 |      315 |       48 |   8.970868 |      9 | 0.922054 | 1.973714
1274 | 381900.0 | 382200.0 | 0.006359 | 0.017009 |   8.970868 |      9 | 0.922054 | 1.000000 | 1.006667 | 0.990000 | 0.990000 |   0.000000 |      358 |      302 |       55 |   8.970825 |      9 | 0.922054 | 1.973714
1275 | 382200.0 | 382500.0 | 0.006356 | 0.017007 |   8.970825 |      9 | 0.922054 | 1.000000 | 1.000000 | 1.006667 | 0.996667 |   0.293990 |      358 |      300 |       58 |   8.970825 |      9 | 0.923923 | 1.926398
1276 | 382500.0 | 382800.0 | 0.006353 | 0.017005 |   8.970825 |      9 | 0.923923 | 1.000000 | 1.013333 | 1.000000 | 0.963333 |   1.078085 |      359 |      304 |       56 |   8.970741 |      9 | 0.930772 | 1.752972
1277 | 382800.0 | 383100.0 | 0.006350 | 0.017004 |   8.970741 |      9 | 0.930772 | 1.000000 | 1.023333 | 0.996667 | 1.026667 |  -0.882169 |      358 |      307 |       51 |   8.970593 |      9 | 0.925171 | 1.894810
1278 | 383100.0 | 383400.0 | 0.006346 | 0.017002 |   8.970593 |      9 | 0.925171 | 1.000000 | 1.013333 | 0.993333 | 0.983333 |   0.294090 |      358 |      304 |       53 |   8.970508 |      9 | 0.927037 | 1.847549
1279 | 383400.0 | 383700.0 | 0.006343 | 0.017000 |   8.970508 |      9 | 0.927037 | 1.000000 | 1.040000 | 0.996667 | 1.066667 |  -2.058860 |      361 |      312 |       49 |   8.970254 |      9 | 0.913977 | 2.178242
1280 | 383700.0 | 384000.0 | 0.006340 | 0.016998 |   8.970254 |      9 | 0.913977 | 1.000000 | 1.003333 | 0.976667 | 1.000000 |  -0.686364 |      358 |      301 |       57 |   8.970233 |      9 | 0.909626 | 2.288430
1281 | 384000.0 | 384300.0 | 0.006337 | 0.016996 |   8.970233 |      9 | 0.909626 | 1.000000 | 0.913333 | 1.070000 | 0.996667 |   2.157387 |      350 |      274 |       76 |   8.970782 |      9 | 0.923297 | 1.942263
1282 | 384300.0 | 384600.0 | 0.006334 | 0.016994 |   8.970782 |      9 | 0.923297 | 1.000000 | 1.013333 | 0.993333 | 0.950000 |   1.274963 |      360 |      304 |       56 |   8.970698 |      9 | 0.931372 | 1.737790
1283 | 384600.0 | 384900.0 | 0.006330 | 0.016992 |   8.970698 |      9 | 0.931372 | 1.000000 | 1.050000 | 1.033333 | 1.030000 |   0.098085 |      361 |      315 |       46 |   8.970381 |      9 | 0.931992 | 1.722067
1284 | 384900.0 | 385200.0 | 0.006327 | 0.016990 |   8.970381 |      9 | 0.931992 | 1.000000 | 1.003333 | 0.960000 | 0.946667 |   0.392385 |      357 |      301 |       56 |   8.970360 |      9 | 0.934475 | 1.659202
1285 | 385200.0 | 385500.0 | 0.006324 | 0.016988 |   8.970360 |      9 | 0.934475 | 1.000000 | 1.053333 | 0.936667 | 0.983333 |  -1.373501 |      361 |      316 |       45 |   8.970023 |      9 | 0.925789 | 1.879144
1286 | 385500.0 | 385800.0 | 0.006321 | 0.016986 |   8.970023 |      9 | 0.925789 | 1.000000 | 1.043333 | 0.983333 | 0.950000 |   0.981182 |      361 |      313 |       48 |   8.969749 |      9 | 0.931991 | 1.722104
1287 | 385800.0 | 386100.0 | 0.006318 | 0.016984 |   8.969749 |      9 | 0.931991 | 1.000000 | 1.043333 | 0.993333 | 0.963333 |   0.883163 |      361 |      313 |       48 |   8.969475 |      9 | 0.937570 | 1.580824
1288 | 386100.0 | 386400.0 | 0.006314 | 0.016982 |   8.969475 |      9 | 0.937570 | 1.000000 | 1.103333 | 0.970000 | 0.993333 |  -0.686982 |      367 |      331 |       36 |   8.968823 |      9 | 0.933233 | 1.690666
1289 | 386400.0 | 386700.0 | 0.006311 | 0.016981 |   8.968823 |      9 | 0.933233 | 1.000000 | 1.060000 | 0.946667 | 1.023333 |  -2.257479 |      361 |      318 |       43 |   8.968444 |      9 | 0.918985 | 2.051431
1290 | 386700.0 | 387000.0 | 0.006308 | 0.016979 |   8.968444 |      9 | 0.918985 | 1.000000 | 1.026667 | 0.983333 | 0.996667 |  -0.392649 |      360 |      308 |       52 |   8.968276 |      9 | 0.916508 | 2.114149
1291 | 387000.0 | 387300.0 | 0.006305 | 0.016977 |   8.968276 |      9 | 0.916508 | 1.000000 | 1.016667 | 0.986667 | 0.980000 |   0.196346 |      360 |      305 |       55 |   8.968171 |      9 | 0.917746 | 2.082802
1292 | 387300.0 | 387600.0 | 0.006302 | 0.016975 |   8.968171 |      9 | 0.917746 | 1.000000 | 0.993333 | 1.013333 | 0.926667 |   2.552789 |      356 |      298 |       58 |   8.968213 |      9 | 0.933833 | 1.675459
1293 | 387600.0 | 387900.0 | 0.006298 | 0.016973 |   8.968213 |      9 | 0.933833 | 1.000000 | 0.990000 | 0.973333 | 0.993333 |  -0.589171 |      354 |      297 |       57 |   8.968276 |      9 | 0.930122 | 1.769425
1294 | 387900.0 | 388200.0 | 0.006295 | 0.016971 |   8.968276 |      9 | 0.930122 | 1.000000 | 0.990000 | 1.036667 | 0.980000 |   1.669504 |      355 |      297 |       58 |   8.968339 |      9 | 0.940632 | 1.503293
1295 | 388200.0 | 388500.0 | 0.006292 | 0.016969 |   8.968339 |      9 | 0.940632 | 1.000000 | 1.006667 | 0.906667 | 0.970000 |  -1.866125 |      354 |      302 |       52 |   8.968297 |      9 | 0.928890 | 1.800618
1296 | 388500.0 | 388800.0 | 0.006289 | 0.016967 |   8.968297 |      9 | 0.928890 | 1.000000 | 1.046667 | 0.920000 | 0.906667 |   0.392912 |      362 |      314 |       48 |   8.968003 |      9 | 0.931361 | 1.738048
1297 | 388800.0 | 389100.0 | 0.006286 | 0.016965 |   8.968003 |      9 | 0.931361 | 1.000000 | 1.060000 | 1.006667 | 1.023333 |  -0.491195 |      361 |      318 |       44 |   8.967626 |      9 | 0.928274 | 1.816230
1298 | 389100.0 | 389400.0 | 0.006283 | 0.016964 |   8.967626 |      9 | 0.928274 | 1.000000 | 1.040000 | 0.983333 | 1.003333 |  -0.589500 |      362 |      312 |       49 |   8.967375 |      9 | 0.924570 | 1.910013
1299 | 389400.0 | 389700.0 | 0.006280 | 0.016962 |   8.967375 |      9 | 0.924570 | 1.000000 | 0.970000 | 1.003333 | 0.986667 |   0.491304 |      354 |      291 |       63 |   8.967563 |      9 | 0.927655 | 1.831891
1300 | 389700.0 | 390000.0 | 0.006276 | 0.016960 |   8.967563 |      9 | 0.927655 | 1.000000 | 1.020000 | 1.016667 | 1.010000 |   0.196544 |      359 |      306 |       53 |   8.967438 |      9 | 0.928889 | 1.800654
1301 | 390000.0 | 390300.0 | 0.006273 | 0.016958 |   8.967438 |      9 | 0.928889 | 1.000000 | 1.036667 | 0.973333 | 0.960000 |   0.393131 |      361 |      311 |       51 |   8.967208 |      9 | 0.931355 | 1.738206
1302 | 390300.0 | 390600.0 | 0.006270 | 0.016956 |   8.967208 |      9 | 0.931355 | 1.000000 | 1.036667 | 0.950000 | 0.980000 |  -0.884642 |      358 |      311 |       46 |   8.966978 |      9 | 0.925808 | 1.878661
1303 | 390600.0 | 390900.0 | 0.006267 | 0.016954 |   8.966978 |      9 | 0.925808 | 1.000000 | 1.013333 | 1.063333 | 0.990000 |   2.162699 |      358 |      304 |       54 |   8.966894 |      9 | 0.939362 | 1.535460
1304 | 390900.0 | 391200.0 | 0.006264 | 0.016952 |   8.966894 |      9 | 0.939362 | 1.000000 | 0.930000 | 0.906667 | 1.046667 |  -4.129247 |      344 |      279 |       65 |   8.967333 |      9 | 0.913497 | 2.190408
1305 | 391200.0 | 391500.0 | 0.006261 | 0.016950 |   8.967333 |      9 | 0.913497 | 1.000000 | 1.020000 | 1.023333 | 0.983333 |   1.179915 |      360 |      306 |       54 |   8.967207 |      9 | 0.920884 | 2.003352
1306 | 391500.0 | 391800.0 | 0.006258 | 0.016948 |   8.967207 |      9 | 0.920884 | 1.000000 | 1.000000 | 1.006667 | 0.933333 |   2.163418 |      357 |      300 |       57 |   8.967207 |      9 | 0.934422 | 1.660550
1307 | 391800.0 | 392100.0 | 0.006255 | 0.016947 |   8.967207 |      9 | 0.934422 | 1.000000 | 1.026667 | 0.970000 | 0.980000 |  -0.295044 |      358 |      308 |       50 |   8.967041 |      9 | 0.932577 | 1.707278
1308 | 392100.0 | 392400.0 | 0.006251 | 0.016945 |   8.967041 |      9 | 0.932577 | 1.000000 | 0.996667 | 0.976667 | 1.043333 |  -1.967178 |      354 |      299 |       55 |   8.967062 |      9 | 0.920279 | 2.018675
1309 | 392400.0 | 392700.0 | 0.006248 | 0.016943 |   8.967062 |      9 | 0.920279 | 1.000000 | 1.066667 | 0.990000 | 1.016667 |  -0.786958 |      365 |      320 |       45 |   8.966645 |      9 | 0.915362 | 2.143186
1310 | 392700.0 | 393000.0 | 0.006245 | 0.016941 |   8.966645 |      9 | 0.915362 | 1.000000 | 0.996667 | 1.006667 | 0.946667 |   1.770851 |      356 |      299 |       57 |   8.966666 |      9 | 0.926421 | 1.863145
1311 | 393000.0 | 393300.0 | 0.006242 | 0.016939 |   8.966666 |      9 | 0.926421 | 1.000000 | 0.970000 | 0.943333 | 1.026667 |  -2.459787 |      354 |      291 |       64 |   8.966853 |      9 | 0.911067 | 2.251941
1312 | 393300.0 | 393600.0 | 0.006239 | 0.016937 |   8.966853 |      9 | 0.911067 | 1.000000 | 0.986667 | 0.950000 | 0.996667 |  -1.377632 |      358 |      296 |       61 |   8.966936 |      9 | 0.902472 | 2.469582
1313 | 393600.0 | 393900.0 | 0.006236 | 0.016935 |   8.966936 |      9 | 0.902472 | 1.000000 | 0.960000 | 0.993333 | 0.906667 |   2.558742 |      354 |      288 |       66 |   8.967186 |      9 | 0.918428 | 2.065546
1314 | 393900.0 | 394200.0 | 0.006233 | 0.016934 |   8.967186 |      9 | 0.918428 | 1.000000 | 1.033333 | 0.976667 | 0.956667 |   0.590544 |      361 |      310 |       51 |   8.966978 |      9 | 0.922109 | 1.972343
1315 | 394200.0 | 394500.0 | 0.006230 | 0.016932 |   8.966978 |      9 | 0.922109 | 1.000000 | 1.030000 | 1.046667 | 1.020000 |   0.787478 |      362 |      309 |       53 |   8.966791 |      9 | 0.927014 | 1.848120
1316 | 394500.0 | 394800.0 | 0.006227 | 0.016930 |   8.966791 |      9 | 0.927014 | 1.000000 | 1.026667 | 1.050000 | 0.930000 |   3.544042 |      360 |      308 |       52 |   8.966625 |      9 | 0.949082 | 1.289331
1317 | 394800.0 | 395100.0 | 0.006224 | 0.016928 |   8.966625 |      9 | 0.949082 | 1.000000 | 1.040000 | 0.733333 | 0.980000 |  -7.285775 |      353 |      312 |       41 |   8.966376 |      9 | 0.903738 | 2.437511
1318 | 395100.0 | 395400.0 | 0.006221 | 0.016926 |   8.966376 |      9 | 0.903738 | 1.000000 | 0.986667 | 1.020000 | 0.926667 |   2.757082 |      357 |      296 |       61 |   8.966459 |      9 | 0.920889 | 2.003232
1319 | 395400.0 | 395700.0 | 0.006217 | 0.016924 |   8.966459 |      9 | 0.920889 | 1.000000 | 1.033333 | 0.933333 | 1.006667 |  -2.166516 |      360 |      310 |       50 |   8.966252 |      9 | 0.907419 | 2.344320
1320 | 395700.0 | 396000.0 | 0.006214 | 0.016922 |   8.966252 |      9 | 0.907419 | 1.000000 | 0.983333 | 0.983333 | 0.923333 |   1.772798 |      356 |      295 |       61 |   8.966355 |      9 | 0.918435 | 2.065355
1321 | 396000.0 | 396300.0 | 0.006211 | 0.016921 |   8.966355 |      9 | 0.918435 | 1.000000 | 1.040000 | 0.993333 | 1.010000 |  -0.492498 |      362 |      312 |       50 |   8.966107 |      9 | 0.915376 | 2.142816
1322 | 396300.0 | 396600.0 | 0.006208 | 0.016919 |   8.966107 |      9 | 0.915376 | 1.000000 | 1.010000 | 0.973333 | 1.040000 |  -1.970207 |      360 |      303 |       57 |   8.966045 |      9 | 0.903145 | 2.452540
1323 | 396600.0 | 396900.0 | 0.006205 | 0.016917 |   8.966045 |      9 | 0.903145 | 1.000000 | 0.973333 | 0.996667 | 0.910000 |   2.561549 |      356 |      292 |       64 |   8.966210 |      9 | 0.919040 | 2.050052
1324 | 396900.0 | 397200.0 | 0.006202 | 0.016915 |   8.966210 |      9 | 0.919040 | 1.000000 | 1.003333 | 1.013333 | 1.053333 |  -1.182383 |      359 |      301 |       58 |   8.966190 |      9 | 0.911706 | 2.235745
1325 | 397200.0 | 397500.0 | 0.006199 | 0.016913 |   8.966190 |      9 | 0.911706 | 1.000000 | 0.956667 | 0.980000 | 1.006667 |  -0.788341 |      355 |      287 |       68 |   8.966458 |      9 | 0.906819 | 2.359492
1326 | 397500.0 | 397800.0 | 0.006196 | 0.016911 |   8.966458 |      9 | 0.906819 | 1.000000 | 1.010000 | 0.986667 | 0.920000 |   1.971068 |      359 |      303 |       56 |   8.966396 |      9 | 0.919032 | 2.050242
1327 | 397800.0 | 398100.0 | 0.006193 | 0.016909 |   8.966396 |      9 | 0.919032 | 1.000000 | 0.970000 | 1.020000 | 0.986667 |   0.985641 |      354 |      291 |       63 |   8.966582 |      9 | 0.925136 | 1.895675
1328 | 398100.0 | 398400.0 | 0.006190 | 0.016908 |   8.966582 |      9 | 0.925136 | 1.000000 | 1.006667 | 1.000000 | 1.030000 |  -0.887174 |      358 |      302 |       56 |   8.966541 |      9 | 0.919645 | 2.034732
1329 | 398400.0 | 398700.0 | 0.006187 | 0.016906 |   8.966541 |      9 | 0.919645 | 1.000000 | 1.013333 | 1.020000 | 0.953333 |   1.971712 |      359 |      304 |       55 |   8.966458 |      9 | 0.931844 | 1.725835
1330 | 398700.0 | 399000.0 | 0.006184 | 0.016904 |   8.966458 |      9 | 0.931844 | 1.000000 | 1.060000 | 0.980000 | 0.970000 |   0.295789 |      361 |      318 |       43 |   8.966087 |      9 | 0.933673 | 1.679518
1331 | 399000.0 | 399300.0 | 0.006181 | 0.016902 |   8.966087 |      9 | 0.933673 | 1.000000 | 1.003333 | 1.030000 | 0.970000 |   1.774926 |      358 |      301 |       58 |   8.966067 |      9 | 0.944643 | 1.401722
1332 | 399300.0 | 399600.0 | 0.006178 | 0.016900 |   8.966067 |      9 | 0.944643 | 1.000000 | 0.993333 | 0.836667 | 0.976667 |  -4.141944 |      350 |      298 |       51 |   8.966108 |      9 | 0.919055 | 2.049666
1333 | 399600.0 | 399900.0 | 0.006175 | 0.016898 |   8.966108 |      9 | 0.919055 | 1.000000 | 0.983333 | 0.990000 | 1.040000 |  -1.479426 |      356 |      295 |       61 |   8.966211 |      9 | 0.909920 | 2.280986
1334 | 399900.0 | 400200.0 | 0.006172 | 0.016897 |   8.966211 |      9 | 0.909920 | 1.000000 | 0.966667 | 0.980000 | 0.906667 |   2.170060 |      356 |      290 |       66 |   8.966416 |      9 | 0.923313 | 1.941845
1335 | 400200.0 | 400500.0 | 0.006169 | 0.016895 |   8.966416 |      9 | 0.923313 | 1.000000 | 0.980000 | 1.073333 | 0.966667 |   3.156794 |      353 |      294 |       59 |   8.966540 |      9 | 0.942787 | 1.448736
1336 | 400500.0 | 400800.0 | 0.006166 | 0.016893 |   8.966540 |      9 | 0.942787 | 1.000000 | 1.016667 | 0.890000 | 0.933333 |  -1.282586 |      356 |      305 |       51 |   8.966437 |      9 | 0.934879 | 1.648985
1337 | 400800.0 | 401100.0 | 0.006163 | 0.016891 |   8.966437 |      9 | 0.934879 | 1.000000 | 1.023333 | 0.963333 | 0.966667 |  -0.098671 |      358 |      307 |       51 |   8.966293 |      9 | 0.934271 | 1.664383
1338 | 401100.0 | 401400.0 | 0.006160 | 0.016889 |   8.966293 |      9 | 0.934271 | 1.000000 | 1.063333 | 0.976667 | 0.996667 |  -0.592091 |      361 |      319 |       43 |   8.965903 |      9 | 0.930623 | 1.756736
1339 | 401400.0 | 401700.0 | 0.006157 | 0.016887 |   8.965903 |      9 | 0.930623 | 1.000000 | 1.033333 | 0.990000 | 0.970000 |   0.592155 |      359 |      310 |       48 |   8.965698 |      9 | 0.934269 | 1.664418
1340 | 401700.0 | 402000.0 | 0.006154 | 0.016886 |   8.965698 |      9 | 0.934269 | 1.000000 | 1.056667 | 0.983333 | 0.993333 |  -0.296109 |      363 |      317 |       46 |   8.965349 |      9 | 0.932447 | 1.710560
1341 | 402000.0 | 402300.0 | 0.006151 | 0.016884 |   8.965349 |      9 | 0.932447 | 1.000000 | 1.060000 | 0.986667 | 1.003333 |  -0.493569 |      360 |      318 |       43 |   8.964980 |      9 | 0.929411 | 1.787433
1342 | 402300.0 | 402600.0 | 0.006148 | 0.016882 |   8.964980 |      9 | 0.929411 | 1.000000 | 1.000000 | 0.946667 | 0.996667 |  -1.480866 |      357 |      300 |       56 |   8.964980 |      9 | 0.920307 | 2.017966
1343 | 402600.0 | 402900.0 | 0.006145 | 0.016880 |   8.964980 |      9 | 0.920307 | 1.000000 | 1.010000 | 0.963333 | 1.010000 |  -1.382291 |      359 |      303 |       56 |   8.964919 |      9 | 0.911813 | 2.233049
1344 | 402900.0 | 403200.0 | 0.006142 | 0.016878 |   8.964919 |      9 | 0.911813 | 1.000000 | 0.986667 | 1.003333 | 0.966667 |   1.086203 |      357 |      296 |       61 |   8.965001 |      9 | 0.918484 | 2.064119
1345 | 403200.0 | 403500.0 | 0.006139 | 0.016877 |   8.965001 |      9 | 0.918484 | 1.000000 | 0.983333 | 0.976667 | 0.970000 |   0.197513 |      356 |      295 |       61 |   8.965103 |      9 | 0.919697 | 2.033416
1346 | 403500.0 | 403800.0 | 0.006136 | 0.016875 |   8.965103 |      9 | 0.919697 | 1.000000 | 1.023333 | 0.993333 | 0.956667 |   1.086436 |      361 |      307 |       54 |   8.964960 |      9 | 0.926363 | 1.864614
1347 | 403800.0 | 404100.0 | 0.006133 | 0.016873 |   8.964960 |      9 | 0.926363 | 1.000000 | 1.046667 | 1.000000 | 1.010000 |  -0.296333 |      361 |      314 |       48 |   8.964674 |      9 | 0.924546 | 1.910633
1348 | 404100.0 | 404400.0 | 0.006130 | 0.016871 |   8.964674 |      9 | 0.924546 | 1.000000 | 1.043333 | 1.043333 | 0.970000 |   2.173339 |      362 |      313 |       48 |   8.964408 |      9 | 0.937868 | 1.573282
1349 | 404400.0 | 404700.0 | 0.006127 | 0.016869 |   8.964408 |      9 | 0.937868 | 1.000000 | 1.063333 | 0.933333 | 0.990000 |  -1.679579 |      361 |      319 |       42 |   8.964020 |      9 | 0.927577 | 1.833865
1350 | 404700.0 | 405000.0 | 0.006124 | 0.016868 |   8.964020 |      9 | 0.927577 | 1.000000 | 1.070000 | 1.030000 | 0.976667 |   1.580949 |      363 |      321 |       42 |   8.963591 |      9 | 0.937259 | 1.588702
1351 | 405000.0 | 405300.0 | 0.006121 | 0.016866 |   8.963591 |      9 | 0.937259 | 1.000000 | 0.970000 | 0.906667 | 1.030000 |  -3.656337 |      349 |      291 |       59 |   8.963775 |      9 | 0.914878 | 2.155427
1352 | 405300.0 | 405600.0 | 0.006118 | 0.016864 |   8.963775 |      9 | 0.914878 | 1.000000 | 1.010000 | 1.026667 | 1.036667 |  -0.296491 |      359 |      303 |       55 |   8.963714 |      9 | 0.913064 | 2.201360
1353 | 405600.0 | 405900.0 | 0.006115 | 0.016862 |   8.963714 |      9 | 0.913064 | 1.000000 | 0.973333 | 1.023333 | 0.980000 |   1.284934 |      356 |      292 |       64 |   8.963877 |      9 | 0.920922 | 2.002390
1354 | 405900.0 | 406200.0 | 0.006112 | 0.016860 |   8.963877 |      9 | 0.920922 | 1.000000 | 1.070000 | 0.983333 | 1.003333 |  -0.593110 |      365 |      321 |       44 |   8.963449 |      9 | 0.917297 | 2.094188
1355 | 406200.0 | 406500.0 | 0.006109 | 0.016858 |   8.963449 |      9 | 0.917297 | 1.000000 | 1.010000 | 1.036667 | 1.000000 |   1.087484 |      359 |      303 |       56 |   8.963388 |      9 | 0.923941 | 1.925955
1356 | 406500.0 | 406800.0 | 0.006106 | 0.016857 |   8.963388 |      9 | 0.923941 | 1.000000 | 0.950000 | 1.070000 | 0.996667 |   2.175200 |      351 |      285 |       66 |   8.963693 |      9 | 0.937223 | 1.589614
1357 | 406800.0 | 407100.0 | 0.006103 | 0.016855 |   8.963693 |      9 | 0.937223 | 1.000000 | 0.986667 | 1.003333 | 1.000000 |   0.098883 |      352 |      296 |       56 |   8.963774 |      9 | 0.937827 | 1.574332
1358 | 407100.0 | 407400.0 | 0.006101 | 0.016853 |   8.963774 |      9 | 0.937827 | 1.000000 | 1.020000 | 0.913333 | 1.023333 |  -3.263496 |      357 |      306 |       51 |   8.963652 |      9 | 0.917918 | 2.078466
1359 | 407400.0 | 407700.0 | 0.006098 | 0.016851 |   8.963652 |      9 | 0.917918 | 1.000000 | 1.023333 | 0.986667 | 0.966667 |   0.593426 |      359 |      307 |       52 |   8.963510 |      9 | 0.921536 | 1.986839
1360 | 407700.0 | 408000.0 | 0.006095 | 0.016850 |   8.963510 |      9 | 0.921536 | 1.000000 | 0.990000 | 1.026667 | 0.956667 |   2.077212 |      358 |      297 |       61 |   8.963571 |      9 | 0.934196 | 1.666266
1361 | 408000.0 | 408300.0 | 0.006092 | 0.016848 |   8.963571 |      9 | 0.934196 | 1.000000 | 1.070000 | 1.030000 | 1.046667 |  -0.494627 |      361 |      321 |       40 |   8.963145 |      9 | 0.931183 | 1.742565
1362 | 408300.0 | 408600.0 | 0.006089 | 0.016846 |   8.963145 |      9 | 0.931183 | 1.000000 | 1.020000 | 0.986667 | 0.956667 |   0.890423 |      360 |      306 |       54 |   8.963023 |      9 | 0.936605 | 1.605279
1363 | 408600.0 | 408900.0 | 0.006086 | 0.016844 |   8.963023 |      9 | 0.936605 | 1.000000 | 1.040000 | 0.950000 | 0.996667 |  -1.385250 |      358 |      312 |       46 |   8.962779 |      9 | 0.928174 | 1.818755
1364 | 408900.0 | 409200.0 | 0.006083 | 0.016842 |   8.962779 |      9 | 0.928174 | 1.000000 | 0.990000 | 0.946667 | 1.043333 |  -2.869751 |      355 |      297 |       58 |   8.962840 |      9 | 0.910717 | 2.260792
1365 | 409200.0 | 409500.0 | 0.006080 | 0.016841 |   8.962840 |      9 | 0.910717 | 1.000000 | 0.973333 | 0.963333 | 0.960000 |   0.098967 |      356 |      292 |       64 |   8.963002 |      9 | 0.911319 | 2.245555
1366 | 409500.0 | 409800.0 | 0.006077 | 0.016839 |   8.963002 |      9 | 0.911319 | 1.000000 | 0.990000 | 1.013333 | 0.940000 |   2.177514 |      358 |      297 |       62 |   8.963063 |      9 | 0.924552 | 1.910466
1367 | 409800.0 | 410100.0 | 0.006074 | 0.016837 |   8.963063 |      9 | 0.924552 | 1.000000 | 0.966667 | 0.993333 | 0.970000 |   0.692919 |      354 |      290 |       63 |   8.963266 |      9 | 0.928761 | 1.803886
1368 | 410100.0 | 410400.0 | 0.006071 | 0.016835 |   8.963266 |      9 | 0.928761 | 1.000000 | 1.063333 | 1.000000 | 0.930000 |   2.078976 |      362 |      319 |       44 |   8.962881 |      9 | 0.941384 | 1.484266
1369 | 410400.0 | 410700.0 | 0.006069 | 0.016833 |   8.962881 |      9 | 0.941384 | 1.000000 | 1.040000 | 0.896667 | 1.033333 |  -4.059382 |      358 |      312 |       45 |   8.962638 |      9 | 0.916749 | 2.108055
1370 | 410700.0 | 411000.0 | 0.006066 | 0.016832 |   8.962638 |      9 | 0.916749 | 1.000000 | 1.020000 | 0.946667 | 1.000000 |  -1.584317 |      360 |      306 |       54 |   8.962517 |      9 | 0.907139 | 2.351395
1371 | 411000.0 | 411300.0 | 0.006063 | 0.016830 |   8.962517 |      9 | 0.907139 | 1.000000 | 1.036667 | 1.010000 | 0.976667 |   0.990302 |      360 |      311 |       49 |   8.962295 |      9 | 0.913143 | 2.199364
1372 | 411300.0 | 411600.0 | 0.006060 | 0.016828 |   8.962295 |      9 | 0.913143 | 1.000000 | 1.030000 | 1.016667 | 1.010000 |   0.198081 |      363 |      309 |       54 |   8.962113 |      9 | 0.914344 | 2.168969
1373 | 411600.0 | 411900.0 | 0.006057 | 0.016826 |   8.962113 |      9 | 0.914344 | 1.000000 | 0.996667 | 0.973333 | 0.990000 |  -0.495256 |      357 |      299 |       58 |   8.962133 |      9 | 0.911344 | 2.244928
1374 | 411900.0 | 412200.0 | 0.006054 | 0.016825 |   8.962133 |      9 | 0.911344 | 1.000000 | 0.983333 | 0.990000 | 0.996667 |  -0.198123 |      358 |      295 |       63 |   8.962234 |      9 | 0.910144 | 2.275301
1375 | 412200.0 | 412500.0 | 0.006051 | 0.016823 |   8.962234 |      9 | 0.910144 | 1.000000 | 1.020000 | 0.950000 | 0.940000 |   0.297216 |      360 |      306 |       54 |   8.962113 |      9 | 0.911943 | 2.229759
1376 | 412500.0 | 412800.0 | 0.006048 | 0.016821 |   8.962113 |      9 | 0.911943 | 1.000000 | 1.000000 | 1.013333 | 0.983333 |   0.891742 |      357 |      300 |       57 |   8.962113 |      9 | 0.917336 | 2.093184
1377 | 412800.0 | 413100.0 | 0.006046 | 0.016819 |   8.962113 |      9 | 0.917336 | 1.000000 | 1.060000 | 0.993333 | 0.933333 |   1.783671 |      365 |      318 |       47 |   8.961750 |      9 | 0.928120 | 1.820134
1378 | 413100.0 | 413400.0 | 0.006043 | 0.016817 |   8.961750 |      9 | 0.928120 | 1.000000 | 1.023333 | 0.963333 | 0.993333 |  -0.891929 |      359 |      307 |       52 |   8.961609 |      9 | 0.922730 | 1.956609
1379 | 413400.0 | 413700.0 | 0.006040 | 0.016816 |   8.961609 |      9 | 0.922730 | 1.000000 | 0.976667 | 0.983333 | 0.973333 |   0.297341 |      353 |      293 |       60 |   8.961750 |      9 | 0.924526 | 1.911134
1380 | 413700.0 | 414000.0 | 0.006037 | 0.016814 |   8.961750 |      9 | 0.924526 | 1.000000 | 0.986667 | 0.963333 | 0.976667 |  -0.396496 |      355 |      296 |       59 |   8.961831 |      9 | 0.922132 | 1.971744
1381 | 414000.0 | 414300.0 | 0.006034 | 0.016812 |   8.961831 |      9 | 0.922132 | 1.000000 | 0.993333 | 0.996667 | 0.940000 |   1.685286 |      357 |      298 |       60 |   8.961871 |      9 | 0.932301 | 1.714244
1382 | 414300.0 | 414600.0 | 0.006031 | 0.016810 |   8.961871 |      9 | 0.932301 | 1.000000 | 1.043333 | 1.003333 | 1.023333 |  -0.594869 |      360 |      313 |       46 |   8.961610 |      9 | 0.928714 | 1.805093
1383 | 414600.0 | 414900.0 | 0.006028 | 0.016809 |   8.961610 |      9 | 0.928714 | 1.000000 | 1.053333 | 0.960000 | 0.966667 |  -0.198310 |      362 |      316 |       46 |   8.961288 |      9 | 0.927518 | 1.835365
1384 | 414900.0 | 415200.0 | 0.006026 | 0.016807 |   8.961288 |      9 | 0.927518 | 1.000000 | 1.026667 | 0.970000 | 0.986667 |  -0.495828 |      360 |      308 |       53 |   8.961127 |      9 | 0.924531 | 1.911017
1385 | 415200.0 | 415500.0 | 0.006023 | 0.016805 |   8.961127 |      9 | 0.924531 | 1.000000 | 0.970000 | 0.963333 | 1.013333 |  -1.487640 |      354 |      291 |       62 |   8.961308 |      9 | 0.915571 | 2.137890
1386 | 415500.0 | 415800.0 | 0.006020 | 0.016803 |   8.961308 |      9 | 0.915571 | 1.000000 | 1.036667 | 0.980000 | 0.956667 |   0.694304 |      363 |      311 |       52 |   8.961087 |      9 | 0.919751 | 2.032055
1387 | 415800.0 | 416100.0 | 0.006017 | 0.016802 |   8.961087 |      9 | 0.919751 | 1.000000 | 1.053333 | 1.010000 | 0.953333 |   1.686344 |      363 |      316 |       47 |   8.960766 |      9 | 0.929897 | 1.775121
1388 | 416100.0 | 416400.0 | 0.006014 | 0.016800 |   8.960766 |      9 | 0.929897 | 1.000000 | 1.010000 | 0.946667 | 1.023333 |  -2.281762 |      356 |      303 |       53 |   8.960706 |      9 | 0.916174 | 2.122610
1389 | 416400.0 | 416700.0 | 0.006011 | 0.016798 |   8.960706 |      9 | 0.916174 | 1.000000 | 1.023333 | 0.953333 | 1.023333 |  -2.083566 |      360 |      307 |       53 |   8.960566 |      9 | 0.903649 | 2.439767
1390 | 416700.0 | 417000.0 | 0.006009 | 0.016796 |   8.960566 |      9 | 0.903649 | 1.000000 | 1.030000 | 0.993333 | 0.986667 |   0.198455 |      360 |      309 |       51 |   8.960386 |      9 | 0.904842 | 2.409572
1391 | 417000.0 | 417300.0 | 0.006006 | 0.016795 |   8.960386 |      9 | 0.904842 | 1.000000 | 0.946667 | 0.940000 | 0.966667 |  -0.793905 |      355 |      284 |       71 |   8.960706 |      9 | 0.900074 | 2.530306
1392 | 417300.0 | 417600.0 | 0.006003 | 0.016793 |   8.960706 |      9 | 0.900074 | 1.000000 | 0.940000 | 1.023333 | 0.940000 |   2.481210 |      352 |      282 |       70 |   8.961066 |      9 | 0.914968 | 2.153152
1393 | 417600.0 | 417900.0 | 0.006000 | 0.016791 |   8.961066 |      9 | 0.914968 | 1.000000 | 0.980000 | 1.006667 | 0.923333 |   2.481468 |      357 |      294 |       63 |   8.961186 |      9 | 0.929857 | 1.776136
1394 | 417900.0 | 418200.0 | 0.005997 | 0.016789 |   8.961186 |      9 | 0.929857 | 1.000000 | 1.026667 | 1.000000 | 0.980000 |   0.595614 |      359 |      308 |       51 |   8.961026 |      9 | 0.933429 | 1.685685
1395 | 418200.0 | 418500.0 | 0.005994 | 0.016788 |   8.961026 |      9 | 0.933429 | 1.000000 | 0.980000 | 0.983333 | 0.990000 |  -0.198559 |      353 |      294 |       60 |   8.961146 |      9 | 0.932239 | 1.715824
1396 | 418500.0 | 418800.0 | 0.005992 | 0.016786 |   8.961146 |      9 | 0.932239 | 1.000000 | 1.033333 | 0.956667 | 0.933333 |   0.695028 |      359 |      310 |       48 |   8.960947 |      9 | 0.936403 | 1.610375
1397 | 418800.0 | 419100.0 | 0.005989 | 0.016784 |   8.960947 |      9 | 0.936403 | 1.000000 | 1.033333 | 1.000000 | 0.980000 |   0.595800 |      359 |      310 |       49 |   8.960747 |      9 | 0.939972 | 1.520023
1398 | 419100.0 | 419400.0 | 0.005986 | 0.016782 |   8.960747 |      9 | 0.939972 | 1.000000 | 0.943333 | 0.906667 | 0.993333 |  -2.582066 |      348 |      283 |       65 |   8.961086 |      9 | 0.924515 | 1.911406
1399 | 419400.0 | 419700.0 | 0.005983 | 0.016781 |   8.961086 |      9 | 0.924515 | 1.000000 | 0.996667 | 0.986667 | 0.960000 |   0.794564 |      357 |      299 |       58 |   8.961106 |      9 | 0.929269 | 1.791024
1400 | 419700.0 | 420000.0 | 0.005980 | 0.016779 |   8.961106 |      9 | 0.929269 | 1.000000 | 1.046667 | 1.003333 | 0.990000 |   0.397323 |      360 |      314 |       46 |   8.960827 |      9 | 0.931645 | 1.730855
1401 | 420000.0 | 420300.0 | 0.005978 | 0.016777 |   8.960827 |      9 | 0.931645 | 1.000000 | 0.990000 | 0.990000 | 0.900000 |   2.682209 |      355 |      297 |       58 |   8.960887 |      9 | 0.947679 | 1.324861
1402 | 420300.0 | 420600.0 | 0.005975 | 0.016775 |   8.960887 |      9 | 0.947679 | 1.000000 | 1.006667 | 0.770000 | 0.990000 |  -6.557189 |      349 |      302 |       48 |   8.960847 |      9 | 0.908500 | 2.316931
1403 | 420600.0 | 420900.0 | 0.005972 | 0.016774 |   8.960847 |      9 | 0.908500 | 1.000000 | 1.006667 | 1.020000 | 0.956667 |   1.887870 |      360 |      302 |       57 |   8.960807 |      9 | 0.919775 | 2.031438
1404 | 420900.0 | 421200.0 | 0.005969 | 0.016772 |   8.960807 |      9 | 0.919775 | 1.000000 | 1.003333 | 1.003333 | 0.970000 |   0.993719 |      357 |      301 |       56 |   8.960787 |      9 | 0.925707 | 1.881234
1405 | 421200.0 | 421500.0 | 0.005967 | 0.016770 |   8.960787 |      9 | 0.925707 | 1.000000 | 0.996667 | 0.926667 | 0.976667 |  -1.490732 |      358 |      299 |       59 |   8.960807 |      9 | 0.916812 | 2.106459
1406 | 421500.0 | 421800.0 | 0.005964 | 0.016769 |   8.960807 |      9 | 0.916812 | 1.000000 | 0.953333 | 1.043333 | 1.023333 |   0.596354 |      354 |      286 |       68 |   8.961085 |      9 | 0.920369 | 2.016402
1407 | 421800.0 | 422100.0 | 0.005961 | 0.016767 |   8.961085 |      9 | 0.920369 | 1.000000 | 0.980000 | 1.043333 | 0.996667 |   1.391636 |      355 |      294 |       61 |   8.961205 |      9 | 0.928664 | 1.806343
1408 | 422100.0 | 422400.0 | 0.005958 | 0.016765 |   8.961205 |      9 | 0.928664 | 1.000000 | 0.986667 | 0.936667 | 0.970000 |  -0.994128 |      355 |      296 |       59 |   8.961284 |      9 | 0.922741 | 1.956331
1409 | 422400.0 | 422700.0 | 0.005955 | 0.016763 |   8.961284 |      9 | 0.922741 | 1.000000 | 0.960000 | 1.043333 | 1.060000 |  -0.497115 |      354 |      288 |       66 |   8.961522 |      9 | 0.919780 | 2.031297
1410 | 422700.0 | 423000.0 | 0.005953 | 0.016762 |   8.961522 |      9 | 0.919780 | 1.000000 | 0.940000 | 1.003333 | 0.890000 |   3.380731 |      353 |      282 |       71 |   8.961879 |      9 | 0.939905 | 1.521709
1411 | 423000.0 | 423300.0 | 0.005950 | 0.016760 |   8.961879 |      9 | 0.939905 | 1.000000 | 0.986667 | 0.950000 | 0.970000 |  -0.596661 |      352 |      296 |       56 |   8.961959 |      9 | 0.936355 | 1.611604
1412 | 423300.0 | 423600.0 | 0.005947 | 0.016758 |   8.961959 |      9 | 0.936355 | 1.000000 | 1.000000 | 0.926667 | 1.023333 |  -2.884157 |      354 |      300 |       54 |   8.961959 |      9 | 0.919202 | 2.045939
1413 | 423600.0 | 423900.0 | 0.005944 | 0.016757 |   8.961959 |      9 | 0.919202 | 1.000000 | 1.013333 | 0.930000 | 0.980000 |  -1.491958 |      359 |      304 |       55 |   8.961880 |      9 | 0.910333 | 2.270515
1414 | 423900.0 | 424200.0 | 0.005942 | 0.016755 |   8.961880 |      9 | 0.910333 | 1.000000 | 1.010000 | 1.013333 | 0.960000 |   1.591585 |      360 |      303 |       57 |   8.961820 |      9 | 0.919790 | 2.031054
1415 | 424200.0 | 424500.0 | 0.005939 | 0.016753 |   8.961820 |      9 | 0.919790 | 1.000000 | 1.036667 | 0.956667 | 1.036667 |  -2.387622 |      362 |      311 |       51 |   8.961602 |      9 | 0.905610 | 2.390116
1416 | 424500.0 | 424800.0 | 0.005936 | 0.016751 |   8.961602 |      9 | 0.905610 | 1.000000 | 1.003333 | 1.036667 | 0.943333 |   2.785845 |      358 |      301 |       57 |   8.961583 |      9 | 0.922147 | 1.971361
1417 | 424800.0 | 425100.0 | 0.005933 | 0.016750 |   8.961583 |      9 | 0.922147 | 1.000000 | 1.020000 | 0.986667 | 1.000000 |  -0.398018 |      359 |      306 |       53 |   8.961464 |      9 | 0.919786 | 2.031162
1418 | 425100.0 | 425400.0 | 0.005931 | 0.016748 |   8.961464 |      9 | 0.919786 | 1.000000 | 0.966667 | 0.986667 | 0.973333 |   0.398059 |      355 |      290 |       65 |   8.961662 |      9 | 0.922147 | 1.971382
1419 | 425400.0 | 425700.0 | 0.005928 | 0.016746 |   8.961662 |      9 | 0.922147 | 1.000000 | 1.010000 | 1.066667 | 0.986667 |   2.388599 |      358 |      303 |       55 |   8.961602 |      9 | 0.936306 | 1.612835
1420 | 425700.0 | 426000.0 | 0.005925 | 0.016745 |   8.961602 |      9 | 0.936306 | 1.000000 | 0.993333 | 0.940000 | 1.030000 |  -2.687448 |      354 |      298 |       57 |   8.961642 |      9 | 0.920382 | 2.016056
1421 | 426000.0 | 426300.0 | 0.005923 | 0.016743 |   8.961642 |      9 | 0.920382 | 1.000000 | 1.013333 | 1.003333 | 0.983333 |   0.597272 |      358 |      304 |       53 |   8.961563 |      9 | 0.923920 | 1.926484
1422 | 426300.0 | 426600.0 | 0.005920 | 0.016741 |   8.961563 |      9 | 0.923920 | 1.000000 | 1.023333 | 0.986667 | 0.983333 |   0.099555 |      361 |      307 |       54 |   8.961425 |      9 | 0.924509 | 1.911560
1423 | 426600.0 | 426900.0 | 0.005917 | 0.016739 |   8.961425 |      9 | 0.924509 | 1.000000 | 1.063333 | 0.993333 | 0.966667 |   0.796525 |      363 |      319 |       44 |   8.961050 |      9 | 0.929222 | 1.792216
1424 | 426900.0 | 427200.0 | 0.005914 | 0.016738 |   8.961050 |      9 | 0.929222 | 1.000000 | 1.023333 | 1.010000 | 0.996667 |   0.398303 |      358 |      307 |       51 |   8.960912 |      9 | 0.931578 | 1.732565
1425 | 427200.0 | 427500.0 | 0.005912 | 0.016736 |   8.960912 |      9 | 0.931578 | 1.000000 | 1.003333 | 0.966667 | 1.000000 |  -0.995858 |      357 |      301 |       56 |   8.960892 |      9 | 0.925691 | 1.881639
1426 | 427500.0 | 427800.0 | 0.005909 | 0.016734 |   8.960892 |      9 | 0.925691 | 1.000000 | 1.006667 | 1.003333 | 1.000000 |   0.099596 |      358 |      302 |       56 |   8.960853 |      9 | 0.926279 | 1.866737
1427 | 427800.0 | 428100.0 | 0.005906 | 0.016733 |   8.960853 |      9 | 0.926279 | 1.000000 | 1.033333 | 0.966667 | 0.960000 |   0.199212 |      360 |      310 |       50 |   8.960656 |      9 | 0.927456 | 1.836943
1428 | 428100.0 | 428400.0 | 0.005904 | 0.016731 |   8.960656 |      9 | 0.927456 | 1.000000 | 1.036667 | 0.946667 | 1.006667 |  -1.793091 |      361 |      311 |       50 |   8.960440 |      9 | 0.916870 | 2.104989
1429 | 428400.0 | 428700.0 | 0.005901 | 0.016729 |   8.960440 |      9 | 0.916870 | 1.000000 | 1.056667 | 0.980000 | 1.003333 |  -0.697384 |      363 |      317 |       46 |   8.960105 |      9 | 0.912755 | 2.209192
1430 | 428700.0 | 429000.0 | 0.005898 | 0.016727 |   8.960105 |      9 | 0.912755 | 1.000000 | 0.970000 | 0.970000 | 0.996667 |  -0.797091 |      355 |      291 |       64 |   8.960282 |      9 | 0.908054 | 2.328239
1431 | 429000.0 | 429300.0 | 0.005895 | 0.016726 |   8.960282 |      9 | 0.908054 | 1.000000 | 0.970000 | 0.956667 | 0.950000 |   0.199293 |      356 |      291 |       65 |   8.960459 |      9 | 0.909229 | 2.298488
1432 | 429300.0 | 429600.0 | 0.005893 | 0.016724 |   8.960459 |      9 | 0.909229 | 1.000000 | 1.026667 | 0.986667 | 0.963333 |   0.697596 |      361 |      308 |       53 |   8.960302 |      9 | 0.913339 | 2.194396
1433 | 429600.0 | 429900.0 | 0.005890 | 0.016722 |   8.960302 |      9 | 0.913339 | 1.000000 | 0.986667 | 0.953333 | 1.043333 |  -2.691000 |      357 |      296 |       61 |   8.960380 |      9 | 0.897489 | 2.595750
1434 | 429900.0 | 430200.0 | 0.005887 | 0.016721 |   8.960380 |      9 | 0.897489 | 1.000000 | 1.050000 | 0.990000 | 0.936667 |   1.594828 |      365 |      315 |       50 |   8.960086 |      9 | 0.906879 | 2.357995
1435 | 430200.0 | 430500.0 | 0.005885 | 0.016719 |   8.960086 |      9 | 0.906879 | 1.000000 | 0.950000 | 0.966667 | 0.986667 |  -0.598121 |      352 |      285 |       67 |   8.960380 |      9 | 0.903359 | 2.447121
1436 | 430500.0 | 430800.0 | 0.005882 | 0.016717 |   8.960380 |      9 | 0.903359 | 1.000000 | 0.973333 | 0.973333 | 0.950000 |   0.697878 |      356 |      292 |       64 |   8.960537 |      9 | 0.907464 | 2.343177
1437 | 430800.0 | 431100.0 | 0.005879 | 0.016716 |   8.960537 |      9 | 0.907464 | 1.000000 | 0.983333 | 0.956667 | 0.963333 |  -0.199414 |      358 |      295 |       63 |   8.960635 |      9 | 0.906291 | 2.372865
1438 | 431100.0 | 431400.0 | 0.005877 | 0.016714 |   8.960635 |      9 | 0.906291 | 1.000000 | 1.080000 | 0.936667 | 0.966667 |  -0.897453 |      365 |      324 |       41 |   8.960165 |      9 | 0.901017 | 2.506413
1439 | 431400.0 | 431700.0 | 0.005874 | 0.016712 |   8.960165 |      9 | 0.901017 | 1.000000 | 0.973333 | 1.003333 | 0.966667 |   1.096997 |      357 |      292 |       65 |   8.960322 |      9 | 0.907461 | 2.343246
1440 | 431700.0 | 432000.0 | 0.005871 | 0.016711 |   8.960322 |      9 | 0.907461 | 1.000000 | 1.000000 | 0.993333 | 0.980000 |   0.398948 |      358 |      300 |       58 |   8.960322 |      9 | 0.909803 | 2.283933
1441 | 432000.0 | 432300.0 | 0.005869 | 0.016709 |   8.960322 |      9 | 0.909803 | 1.000000 | 0.990000 | 1.016667 | 0.933333 |   2.493678 |      357 |      297 |       60 |   8.960380 |      9 | 0.924438 | 1.913362
1442 | 432300.0 | 432600.0 | 0.005866 | 0.016707 |   8.960380 |      9 | 0.924438 | 1.000000 | 1.030000 | 1.013333 | 1.023333 |  -0.299271 |      360 |      309 |       51 |   8.960204 |      9 | 0.922682 | 1.957815
1443 | 432600.0 | 432900.0 | 0.005863 | 0.016706 |   8.960204 |      9 | 0.922682 | 1.000000 | 1.073333 | 0.993333 | 1.003333 |  -0.299302 |      365 |      322 |       43 |   8.959774 |      9 | 0.920927 | 2.002252
1444 | 432900.0 | 433200.0 | 0.005861 | 0.016704 |   8.959774 |      9 | 0.920927 | 1.000000 | 0.990000 | 0.976667 | 1.013333 |  -1.097549 |      356 |      297 |       60 |   8.959833 |      9 | 0.914495 | 2.165131
1445 | 433200.0 | 433500.0 | 0.005858 | 0.016702 |   8.959833 |      9 | 0.914495 | 1.000000 | 0.983333 | 1.033333 | 1.000000 |   0.997872 |      356 |      295 |       60 |   8.959931 |      9 | 0.920341 | 2.017111
1446 | 433500.0 | 433800.0 | 0.005855 | 0.016701 |   8.959931 |      9 | 0.920341 | 1.000000 | 1.063333 | 1.020000 | 0.973333 |   1.397161 |      363 |      319 |       44 |   8.959560 |      9 | 0.928522 | 1.809958
1447 | 433800.0 | 434100.0 | 0.005853 | 0.016699 |   8.959560 |      9 | 0.928522 | 1.000000 | 1.020000 | 1.040000 | 1.030000 |   0.299422 |      358 |      306 |       52 |   8.959443 |      9 | 0.930274 | 1.765583
1448 | 434100.0 | 434400.0 | 0.005850 | 0.016697 |   8.959443 |      9 | 0.930274 | 1.000000 | 1.003333 | 0.996667 | 1.020000 |  -0.698721 |      356 |      301 |       55 |   8.959423 |      9 | 0.926186 | 1.869087
1449 | 434400.0 | 434700.0 | 0.005847 | 0.016696 |   8.959423 |      9 | 0.926186 | 1.000000 | 0.970000 | 0.966667 | 0.943333 |   0.698791 |      354 |      291 |       63 |   8.959599 |      9 | 0.930273 | 1.765620
1450 | 434700.0 | 435000.0 | 0.005845 | 0.016694 |   8.959599 |      9 | 0.930273 | 1.000000 | 1.036667 | 0.990000 | 0.996667 |  -0.199674 |      360 |      311 |       49 |   8.959384 |      9 | 0.929105 | 1.795171
1451 | 435000.0 | 435300.0 | 0.005842 | 0.016692 |   8.959384 |      9 | 0.929105 | 1.000000 | 1.016667 | 0.983333 | 0.950000 |   0.998472 |      358 |      305 |       53 |   8.959287 |      9 | 0.934939 | 1.647464
1452 | 435300.0 | 435600.0 | 0.005840 | 0.016691 |   8.959287 |      9 | 0.934939 | 1.000000 | 1.060000 | 1.000000 | 1.033333 |  -0.998572 |      362 |      318 |       44 |   8.958936 |      9 | 0.929108 | 1.795119
1453 | 435600.0 | 435900.0 | 0.005837 | 0.016689 |   8.958936 |      9 | 0.929108 | 1.000000 | 1.033333 | 0.960000 | 0.973333 |  -0.399469 |      360 |      310 |       50 |   8.958742 |      9 | 0.926776 | 1.854161
1454 | 435900.0 | 436200.0 | 0.005834 | 0.016687 |   8.958742 |      9 | 0.926776 | 1.000000 | 0.956667 | 0.950000 | 0.966667 |  -0.499385 |      351 |      287 |       64 |   8.958995 |      9 | 0.923862 | 1.927936
1455 | 436200.0 | 436500.0 | 0.005832 | 0.016686 |   8.958995 |      9 | 0.923862 | 1.000000 | 1.043333 | 1.043333 | 0.990000 |   1.598193 |      362 |      313 |       49 |   8.958742 |      9 | 0.933182 | 1.691937
1456 | 436500.0 | 436800.0 | 0.005829 | 0.016684 |   8.958742 |      9 | 0.933182 | 1.000000 | 1.000000 | 0.996667 | 0.940000 |   1.698249 |      357 |      300 |       57 |   8.958742 |      9 | 0.943081 | 1.441275
1457 | 436800.0 | 437100.0 | 0.005826 | 0.016682 |   8.958742 |      9 | 0.943081 | 1.000000 | 1.010000 | 0.860000 | 1.020000 |  -4.795534 |      354 |      303 |       51 |   8.958684 |      9 | 0.915141 | 2.148778
1458 | 437100.0 | 437400.0 | 0.005824 | 0.016681 |   8.958684 |      9 | 0.915141 | 1.000000 | 1.006667 | 0.956667 | 0.953333 |   0.099917 |      358 |      302 |       57 |   8.958645 |      9 | 0.915723 | 2.134044
1459 | 437400.0 | 437700.0 | 0.005821 | 0.016679 |   8.958645 |      9 | 0.915723 | 1.000000 | 0.960000 | 0.896667 | 0.963333 |  -1.998537 |      354 |      288 |       65 |   8.958878 |      9 | 0.904089 | 2.428630
1460 | 437700.0 | 438000.0 | 0.005819 | 0.016677 |   8.958878 |      9 | 0.904089 | 1.000000 | 1.016667 | 0.980000 | 1.010000 |  -0.899431 |      361 |      305 |       56 |   8.958781 |      9 | 0.898856 | 2.561148
1461 | 438000.0 | 438300.0 | 0.005816 | 0.016676 |   8.958781 |      9 | 0.898856 | 1.000000 | 0.970000 | 0.963333 | 0.970000 |  -0.199893 |      356 |      291 |       65 |   8.958955 |      9 | 0.897693 | 2.590586
1462 | 438300.0 | 438600.0 | 0.005813 | 0.016674 |   8.958955 |      9 | 0.897693 | 1.000000 | 1.053333 | 0.940000 | 0.923333 |   0.499783 |      364 |      316 |       48 |   8.958645 |      9 | 0.900599 | 2.517016
1463 | 438600.0 | 438900.0 | 0.005811 | 0.016672 |   8.958645 |      9 | 0.900599 | 1.000000 | 0.960000 | 0.973333 | 0.993333 |  -0.599799 |      356 |      288 |       68 |   8.958878 |      9 | 0.897113 | 2.605269
1464 | 438900.0 | 439200.0 | 0.005808 | 0.016671 |   8.958878 |      9 | 0.897113 | 1.000000 | 0.950000 | 0.943333 | 0.966667 |  -0.699835 |      354 |      285 |       69 |   8.959168 |      9 | 0.893049 | 2.708195
1465 | 439200.0 | 439500.0 | 0.005806 | 0.016669 |   8.959168 |      9 | 0.893049 | 1.000000 | 0.996667 | 0.990000 | 0.876667 |   3.399535 |      359 |      299 |       60 |   8.959187 |      9 | 0.912785 | 2.208445
1466 | 439500.0 | 439800.0 | 0.005803 | 0.016667 |   8.959187 |      9 | 0.912785 | 1.000000 | 1.033333 | 1.020000 | 0.956667 |   1.899928 |      360 |      310 |       50 |   8.958994 |      9 | 0.923810 | 1.929270
1467 | 439800.0 | 440100.0 | 0.005800 | 0.016666 |   8.958994 |      9 | 0.923810 | 1.000000 | 1.100000 | 1.020000 | 1.026667 |  -0.200012 |      368 |      330 |       38 |   8.958414 |      9 | 0.922650 | 1.958646
1468 | 440100.0 | 440400.0 | 0.005798 | 0.016664 |   8.958414 |      9 | 0.922650 | 1.000000 | 0.990000 | 1.003333 | 1.003333 |   0.000000 |      355 |      297 |       58 |   8.958472 |      9 | 0.922650 | 1.958646
1469 | 440400.0 | 440700.0 | 0.005795 | 0.016662 |   8.958472 |      9 | 0.922650 | 1.000000 | 0.980000 | 0.996667 | 0.933333 |   1.900492 |      355 |      294 |       62 |   8.958588 |      9 | 0.933663 | 1.679763
1470 | 440700.0 | 441000.0 | 0.005793 | 0.016661 |   8.958588 |      9 | 0.933663 | 1.000000 | 1.020000 | 0.973333 | 0.973333 |   0.000000 |      357 |      306 |       50 |   8.958472 |      9 | 0.933663 | 1.679763
1471 | 441000.0 | 441300.0 | 0.005790 | 0.016659 |   8.958472 |      9 | 0.933663 | 1.000000 | 1.006667 | 0.993333 | 0.990000 |   0.100046 |      356 |      302 |       54 |   8.958433 |      9 | 0.934242 | 1.665095
1472 | 441300.0 | 441600.0 | 0.005787 | 0.016657 |   8.958433 |      9 | 0.934242 | 1.000000 | 1.056667 | 0.996667 | 0.926667 |   2.101165 |      360 |      317 |       43 |   8.958105 |      9 | 0.946403 | 1.357176
1473 | 441600.0 | 441900.0 | 0.005785 | 0.016656 |   8.958105 |      9 | 0.946403 | 1.000000 | 1.030000 | 0.783333 | 1.053333 |  -8.105294 |      352 |      309 |       44 |   8.957932 |      9 | 0.899515 | 2.544452
1474 | 441900.0 | 442200.0 | 0.005782 | 0.016654 |   8.957932 |      9 | 0.899515 | 1.000000 | 0.990000 | 0.963333 | 1.036667 |  -2.201655 |      360 |      297 |       62 |   8.957990 |      9 | 0.886785 | 2.866811
1475 | 442200.0 | 442500.0 | 0.005780 | 0.016653 |   8.957990 |      9 | 0.886785 | 1.000000 | 0.956667 | 0.966667 | 0.943333 |   0.700595 |      353 |      287 |       66 |   8.958240 |      9 | 0.890834 | 2.764277
1476 | 442500.0 | 442800.0 | 0.005777 | 0.016651 |   8.958240 |      9 | 0.890834 | 1.000000 | 0.990000 | 1.006667 | 0.976667 |   0.900854 |      360 |      297 |       63 |   8.958298 |      9 | 0.896038 | 2.632495
1477 | 442800.0 | 443100.0 | 0.005775 | 0.016649 |   8.958298 |      9 | 0.896038 | 1.000000 | 0.920000 | 0.993333 | 0.966667 |   0.800838 |      352 |      276 |       76 |   8.958760 |      9 | 0.900663 | 2.515395
1478 | 443100.0 | 443400.0 | 0.005772 | 0.016648 |   8.958760 |      9 | 0.900663 | 1.000000 | 0.996667 | 0.983333 | 0.976667 |   0.200229 |      359 |      299 |       60 |   8.958779 |      9 | 0.901818 | 2.486130
1479 | 443400.0 | 443700.0 | 0.005769 | 0.016646 |   8.958779 |      9 | 0.901818 | 1.000000 | 1.023333 | 0.933333 | 0.930000 |   0.100124 |      361 |      307 |       54 |   8.958645 |      9 | 0.902396 | 2.471503
1480 | 443700.0 | 444000.0 | 0.005767 | 0.016644 |   8.958645 |      9 | 0.902396 | 1.000000 | 0.986667 | 1.026667 | 0.920000 |   3.204295 |      357 |      296 |       61 |   8.958721 |      9 | 0.920875 | 2.003589
1481 | 444000.0 | 444300.0 | 0.005764 | 0.016643 |   8.958721 |      9 | 0.920875 | 1.000000 | 0.990000 | 0.973333 | 0.960000 |   0.400576 |      356 |      297 |       59 |   8.958779 |      9 | 0.923184 | 1.945120
1482 | 444300.0 | 444600.0 | 0.005762 | 0.016641 |   8.958779 |      9 | 0.923184 | 1.000000 | 1.036667 | 1.026667 | 0.976667 |   1.502307 |      360 |      311 |       49 |   8.958568 |      9 | 0.931840 | 1.725937
1483 | 444600.0 | 444900.0 | 0.005759 | 0.016639 |   8.958568 |      9 | 0.931840 | 1.000000 | 0.990000 | 0.973333 | 1.040000 |  -2.003273 |      355 |      297 |       58 |   8.958625 |      9 | 0.920302 | 2.018081
1484 | 444900.0 | 445200.0 | 0.005757 | 0.016638 |   8.958625 |      9 | 0.920302 | 1.000000 | 0.956667 | 0.976667 | 0.933333 |   1.302255 |      354 |      287 |       67 |   8.958875 |      9 | 0.927799 | 1.828253
1485 | 445200.0 | 445500.0 | 0.005754 | 0.016636 |   8.958875 |      9 | 0.927799 | 1.000000 | 1.000000 | 0.976667 | 0.986667 |  -0.300550 |      354 |      300 |       54 |   8.958875 |      9 | 0.926070 | 1.872044
1486 | 445500.0 | 445800.0 | 0.005752 | 0.016635 |   8.958875 |      9 | 0.926070 | 1.000000 | 1.043333 | 1.030000 | 0.950000 |   2.404632 |      362 |      313 |       49 |   8.958626 |      9 | 0.939900 | 1.521833
1487 | 445800.0 | 446100.0 | 0.005749 | 0.016633 |   8.958626 |      9 | 0.939900 | 1.000000 | 1.023333 | 0.936667 | 1.036667 |  -3.006084 |      356 |      307 |       49 |   8.958491 |      9 | 0.922618 | 1.959447
1488 | 446100.0 | 446400.0 | 0.005747 | 0.016631 |   8.958491 |      9 | 0.922618 | 1.000000 | 0.950000 | 1.026667 | 0.976667 |   1.503189 |      353 |      285 |       68 |   8.958779 |      9 | 0.931256 | 1.740715
1489 | 446400.0 | 446700.0 | 0.005744 | 0.016630 |   8.958779 |      9 | 0.931256 | 1.000000 | 1.000000 | 0.993333 | 0.933333 |   1.804002 |      355 |      300 |       55 |   8.958779 |      9 | 0.941618 | 1.478327
1490 | 446700.0 | 447000.0 | 0.005741 | 0.016628 |   8.958779 |      9 | 0.941618 | 1.000000 | 0.966667 | 0.910000 | 0.996667 |  -2.606035 |      348 |      290 |       58 |   8.958970 |      9 | 0.926656 | 1.857202
1491 | 447000.0 | 447300.0 | 0.005739 | 0.016626 |   8.958970 |      9 | 0.926656 | 1.000000 | 1.030000 | 0.993333 | 1.003333 |  -0.300726 |      359 |      309 |       50 |   8.958798 |      9 | 0.924930 | 1.900903
1492 | 447300.0 | 447600.0 | 0.005736 | 0.016625 |   8.958798 |      9 | 0.924930 | 1.000000 | 0.970000 | 0.920000 | 1.056667 |  -4.110316 |      354 |      291 |       63 |   8.958970 |      9 | 0.901351 | 2.497950
1493 | 447600.0 | 447900.0 | 0.005734 | 0.016623 |   8.958970 |      9 | 0.901351 | 1.000000 | 0.996667 | 1.013333 | 0.983333 |   0.902352 |      358 |      299 |       59 |   8.958989 |      9 | 0.906525 | 2.366936
1494 | 447900.0 | 448200.0 | 0.005731 | 0.016622 |   8.958989 |      9 | 0.906525 | 1.000000 | 1.016667 | 0.943333 | 0.983333 |  -1.203253 |      362 |      305 |       57 |   8.958894 |      9 | 0.899629 | 2.541562
1495 | 448200.0 | 448500.0 | 0.005729 | 0.016620 |   8.958894 |      9 | 0.899629 | 1.000000 | 1.000000 | 0.993333 | 0.983333 |   0.300843 |      358 |      300 |       58 |   8.958894 |      9 | 0.901353 | 2.497920
1496 | 448500.0 | 448800.0 | 0.005726 | 0.016618 |   8.958894 |      9 | 0.901353 | 1.000000 | 0.980000 | 1.006667 | 0.976667 |   0.902615 |      356 |      294 |       62 |   8.959008 |      9 | 0.906521 | 2.367040
1497 | 448800.0 | 449100.0 | 0.005724 | 0.016617 |   8.959008 |      9 | 0.906521 | 1.000000 | 0.976667 | 0.970000 | 0.920000 |   1.504505 |      358 |      293 |       65 |   8.959142 |      9 | 0.915133 | 2.148981
1498 | 449100.0 | 449400.0 | 0.005721 | 0.016615 |   8.959142 |      9 | 0.915133 | 1.000000 | 1.010000 | 1.010000 | 0.973333 |   1.103410 |      357 |      303 |       54 |   8.959085 |      9 | 0.921446 | 1.989126
1499 | 449400.0 | 449700.0 | 0.005719 | 0.016614 |   8.959085 |      9 | 0.921446 | 1.000000 | 0.973333 | 1.043333 | 1.016667 |   0.802558 |      357 |      292 |       65 |   8.959237 |      9 | 0.926036 | 1.872908
1500 | 449700.0 | 450000.0 | 0.005716 | 0.016612 |   8.959237 |      9 | 0.926036 | 1.000000 | 1.026667 | 1.013333 | 0.986667 |   0.802636 |      359 |      308 |       51 |   8.959085 |      9 | 0.930624 | 1.756729
1501 | 450000.0 | 450300.0 | 0.005714 | 0.016610 |   8.959085 |      9 | 0.930624 | 1.000000 | 1.010000 | 0.993333 | 0.990000 |   0.100339 |      358 |      303 |       55 |   8.959028 |      9 | 0.931197 | 1.742211
1502 | 450300.0 | 450600.0 | 0.005711 | 0.016609 |   8.959028 |      9 | 0.931197 | 1.000000 | 1.003333 | 0.993333 | 1.006667 |  -0.401395 |      354 |      301 |       53 |   8.959008 |      9 | 0.928904 | 1.800261
1503 | 450600.0 | 450900.0 | 0.005709 | 0.016607 |   8.959008 |      9 | 0.928904 | 1.000000 | 1.046667 | 1.060000 | 0.953333 |   3.211474 |      361 |      314 |       47 |   8.958742 |      9 | 0.947238 | 1.336020
1504 | 450900.0 | 451200.0 | 0.005706 | 0.016606 |   8.958742 |      9 | 0.947238 | 1.000000 | 1.060000 | 0.806667 | 1.010000 |  -6.122464 |      355 |      318 |       39 |   8.958400 |      9 | 0.912301 | 2.220679
1505 | 451200.0 | 451500.0 | 0.005704 | 0.016604 |   8.958400 |      9 | 0.912301 | 1.000000 | 0.996667 | 0.996667 | 0.963333 |   1.003779 |      359 |      299 |       58 |   8.958419 |      9 | 0.918027 | 2.075703
1506 | 451500.0 | 451800.0 | 0.005701 | 0.016602 |   8.958419 |      9 | 0.918027 | 1.000000 | 1.010000 | 1.043333 | 0.996667 |   1.405427 |      359 |      303 |       57 |   8.958362 |      9 | 0.926040 | 1.872804
1507 | 451800.0 | 452100.0 | 0.005699 | 0.016601 |   8.958362 |      9 | 0.926040 | 1.000000 | 0.983333 | 0.960000 | 1.030000 |  -2.108343 |      354 |      295 |       58 |   8.958457 |      9 | 0.914024 | 2.177049
1508 | 452100.0 | 452400.0 | 0.005696 | 0.016599 |   8.958457 |      9 | 0.914024 | 1.000000 | 1.023333 | 1.013333 | 1.000000 |   0.401628 |      362 |      307 |       55 |   8.958324 |      9 | 0.916312 | 2.119117
1509 | 452400.0 | 452700.0 | 0.005694 | 0.016598 |   8.958324 |      9 | 0.916312 | 1.000000 | 0.973333 | 1.046667 | 0.983333 |   1.907916 |      353 |      292 |       61 |   8.958476 |      9 | 0.927176 | 1.844034
1510 | 452700.0 | 453000.0 | 0.005691 | 0.016596 |   8.958476 |      9 | 0.927176 | 1.000000 | 0.966667 | 0.970000 | 0.980000 |  -0.301279 |      354 |      290 |       64 |   8.958665 |      9 | 0.925461 | 1.887454
1511 | 453000.0 | 453300.0 | 0.005689 | 0.016594 |   8.958665 |      9 | 0.925461 | 1.000000 | 0.986667 | 0.980000 | 0.920000 |   1.807847 |      355 |      296 |       59 |   8.958741 |      9 | 0.935746 | 1.627025
1512 | 453300.0 | 453600.0 | 0.005686 | 0.016593 |   8.958741 |      9 | 0.935746 | 1.000000 | 1.023333 | 0.923333 | 1.033333 |  -3.314705 |      357 |      307 |       50 |   8.958608 |      9 | 0.916897 | 2.104316
1513 | 453600.0 | 453900.0 | 0.005684 | 0.016591 |   8.958608 |      9 | 0.916897 | 1.000000 | 1.026667 | 0.966667 | 1.056667 |  -2.712291 |      361 |      308 |       53 |   8.958457 |      9 | 0.901480 | 2.494694
1514 | 453900.0 | 454200.0 | 0.005682 | 0.016590 |   8.958457 |      9 | 0.901480 | 1.000000 | 1.010000 | 0.996667 | 0.930000 |   2.009298 |      359 |      303 |       56 |   8.958400 |      9 | 0.912896 | 2.205622
1515 | 454200.0 | 454500.0 | 0.005679 | 0.016588 |   8.958400 |      9 | 0.912896 | 1.000000 | 0.996667 | 1.006667 | 0.953333 |   1.607592 |      359 |      299 |       60 |   8.958419 |      9 | 0.922026 | 1.974444
1516 | 454500.0 | 454800.0 | 0.005677 | 0.016586 |   8.958419 |      9 | 0.922026 | 1.000000 | 1.036667 | 0.976667 | 0.963333 |   0.401937 |      360 |      311 |       49 |   8.958211 |      9 | 0.924307 | 1.916668
1517 | 454800.0 | 455100.0 | 0.005674 | 0.016585 |   8.958211 |      9 | 0.924307 | 1.000000 | 1.006667 | 0.980000 | 1.013333 |  -1.004938 |      355 |      302 |       53 |   8.958173 |      9 | 0.918605 | 2.061058
1518 | 455100.0 | 455400.0 | 0.005672 | 0.016583 |   8.958173 |      9 | 0.918605 | 1.000000 | 1.016667 | 1.060000 | 1.013333 |   1.407047 |      361 |      305 |       56 |   8.958079 |      9 | 0.926586 | 1.858981
1519 | 455400.0 | 455700.0 | 0.005669 | 0.016582 |   8.958079 |      9 | 0.926586 | 1.000000 | 0.963333 | 1.046667 | 0.993333 |   1.608208 |      352 |      289 |       63 |   8.958286 |      9 | 0.935703 | 1.628113
1520 | 455700.0 | 456000.0 | 0.005667 | 0.016580 |   8.958286 |      9 | 0.935703 | 1.000000 | 1.020000 | 0.986667 | 1.010000 |  -0.703658 |      356 |      306 |       50 |   8.958173 |      9 | 0.931715 | 1.729084
1521 | 456000.0 | 456300.0 | 0.005664 | 0.016578 |   8.958173 |      9 | 0.931715 | 1.000000 | 1.073333 | 0.996667 | 0.986667 |   0.301597 |      364 |      322 |       43 |   8.957758 |      9 | 0.933424 | 1.685825
1522 | 456300.0 | 456600.0 | 0.005662 | 0.016577 |   8.957758 |      9 | 0.933424 | 1.000000 | 0.993333 | 0.976667 | 0.983333 |  -0.201084 |      355 |      298 |       56 |   8.957795 |      9 | 0.932285 | 1.714655
1523 | 456600.0 | 456900.0 | 0.005659 | 0.016575 |   8.957795 |      9 | 0.932285 | 1.000000 | 0.996667 | 1.000000 | 0.963333 |   1.106065 |      355 |      299 |       56 |   8.957814 |      9 | 0.938545 | 1.556147
1524 | 456900.0 | 457200.0 | 0.005657 | 0.016574 |   8.957814 |      9 | 0.938545 | 1.000000 | 1.010000 | 0.980000 | 0.986667 |  -0.201122 |      354 |      303 |       51 |   8.957758 |      9 | 0.937407 | 1.584957
1525 | 457200.0 | 457500.0 | 0.005655 | 0.016572 |   8.957758 |      9 | 0.937407 | 1.000000 | 1.050000 | 0.916667 | 0.986667 |  -2.111982 |      360 |      315 |       47 |   8.957475 |      9 | 0.925465 | 1.887359
1526 | 457500.0 | 457800.0 | 0.005652 | 0.016571 |   8.957475 |      9 | 0.925465 | 1.000000 | 1.040000 | 0.990000 | 0.956667 |   1.005801 |      361 |      312 |       48 |   8.957249 |      9 | 0.931150 | 1.743406
1527 | 457800.0 | 458100.0 | 0.005650 | 0.016569 |   8.957249 |      9 | 0.931150 | 1.000000 | 1.010000 | 1.010000 | 1.030000 |  -0.603538 |      357 |      303 |       53 |   8.957192 |      9 | 0.927740 | 1.829749
1528 | 458100.0 | 458400.0 | 0.005647 | 0.016567 |   8.957192 |      9 | 0.927740 | 1.000000 | 1.016667 | 1.033333 | 1.003333 |   0.905393 |      358 |      305 |       53 |   8.957098 |      9 | 0.932853 | 1.700278
1529 | 458400.0 | 458700.0 | 0.005645 | 0.016566 |   8.957098 |      9 | 0.932853 | 1.000000 | 1.000000 | 0.976667 | 0.943333 |   1.006088 |      354 |      300 |       54 |   8.957098 |      9 | 0.938532 | 1.556470
1530 | 458700.0 | 459000.0 | 0.005642 | 0.016564 |   8.957098 |      9 | 0.938532 | 1.000000 | 1.033333 | 0.893333 | 1.026667 |  -4.024735 |      358 |      310 |       49 |   8.956910 |      9 | 0.915823 | 2.131511
1531 | 459000.0 | 459300.0 | 0.005640 | 0.016563 |   8.956910 |      9 | 0.915823 | 1.000000 | 1.023333 | 1.026667 | 0.956667 |   2.113186 |      360 |      307 |       52 |   8.956779 |      9 | 0.927741 | 1.829715
1532 | 459300.0 | 459600.0 | 0.005638 | 0.016561 |   8.956779 |      9 | 0.927741 | 1.000000 | 0.966667 | 1.043333 | 0.963333 |   2.415299 |      353 |      290 |       63 |   8.956966 |      9 | 0.941358 | 1.484921
1533 | 459600.0 | 459900.0 | 0.005635 | 0.016560 |   8.956966 |      9 | 0.941358 | 1.000000 | 1.036667 | 0.913333 | 0.993333 |  -2.415528 |      356 |      311 |       46 |   8.956760 |      9 | 0.927746 | 1.829600
1534 | 459900.0 | 460200.0 | 0.005633 | 0.016558 |   8.956760 |      9 | 0.927746 | 1.000000 | 1.006667 | 1.003333 | 1.006667 |  -0.100657 |      357 |      302 |       56 |   8.956722 |      9 | 0.927179 | 1.843957
1535 | 460200.0 | 460500.0 | 0.005630 | 0.016556 |   8.956722 |      9 | 0.927179 | 1.000000 | 1.026667 | 0.926667 | 1.013333 |  -2.617318 |      359 |      308 |       49 |   8.956572 |      9 | 0.912442 | 2.217110
1536 | 460500.0 | 460800.0 | 0.005628 | 0.016555 |   8.956572 |      9 | 0.912442 | 1.000000 | 1.040000 | 1.006667 | 0.940000 |   2.013512 |      362 |      312 |       50 |   8.956347 |      9 | 0.923774 | 1.930165
1537 | 460800.0 | 461100.0 | 0.005626 | 0.016553 |   8.956347 |      9 | 0.923774 | 1.000000 | 1.076667 | 1.006667 | 0.976667 |   0.906166 |      365 |      323 |       42 |   8.955916 |      9 | 0.928872 | 1.801083
1538 | 461100.0 | 461400.0 | 0.005623 | 0.016552 |   8.955916 |      9 | 0.928872 | 1.000000 | 1.090000 | 1.003333 | 0.976667 |   0.805557 |      364 |      327 |       37 |   8.955410 |      9 | 0.933402 | 1.686381
1539 | 461400.0 | 461700.0 | 0.005621 | 0.016550 |   8.955410 |      9 | 0.933402 | 1.000000 | 1.000000 | 0.973333 | 0.976667 |  -0.100704 |      355 |      300 |       55 |   8.955410 |      9 | 0.932836 | 1.700714
1540 | 461700.0 | 462000.0 | 0.005618 | 0.016549 |   8.955410 |      9 | 0.932836 | 1.000000 | 1.043333 | 0.976667 | 1.016667 |  -1.208564 |      358 |      313 |       45 |   8.955166 |      9 | 0.926046 | 1.872652
1541 | 462000.0 | 462300.0 | 0.005616 | 0.016547 |   8.955166 |      9 | 0.926046 | 1.000000 | 1.016667 | 1.020000 | 0.983333 |   1.107955 |      359 |      305 |       54 |   8.955073 |      9 | 0.932268 | 1.715095
1542 | 462300.0 | 462600.0 | 0.005614 | 0.016545 |   8.955073 |      9 | 0.932268 | 1.000000 | 1.013333 | 0.993333 | 1.023333 |  -0.906594 |      357 |      304 |       54 |   8.954998 |      9 | 0.927179 | 1.843962
1543 | 462600.0 | 462900.0 | 0.005611 | 0.016544 |   8.954998 |      9 | 0.927179 | 1.000000 | 0.993333 | 0.973333 | 1.000000 |  -0.805937 |      356 |      298 |       57 |   8.955035 |      9 | 0.922656 | 1.958474
1544 | 462900.0 | 463200.0 | 0.005609 | 0.016542 |   8.955035 |      9 | 0.922656 | 1.000000 | 1.006667 | 1.040000 | 0.973333 |   2.015032 |      358 |      302 |       56 |   8.954998 |      9 | 0.933958 | 1.672291
1545 | 463200.0 | 463500.0 | 0.005606 | 0.016541 |   8.954998 |      9 | 0.933958 | 1.000000 | 1.076667 | 0.970000 | 1.050000 |  -2.418266 |      363 |      323 |       40 |   8.954568 |      9 | 0.920400 | 2.015596
1546 | 463500.0 | 463800.0 | 0.005604 | 0.016539 |   8.954568 |      9 | 0.920400 | 1.000000 | 1.053333 | 1.010000 | 0.993333 |   0.503853 |      362 |      316 |       46 |   8.954269 |      9 | 0.923224 | 1.944098
1547 | 463800.0 | 464100.0 | 0.005602 | 0.016538 |   8.954269 |      9 | 0.923224 | 1.000000 | 1.013333 | 0.983333 | 0.973333 |   0.302340 |      359 |      304 |       55 |   8.954194 |      9 | 0.924918 | 1.901213
1548 | 464100.0 | 464400.0 | 0.005599 | 0.016536 |   8.954194 |      9 | 0.924918 | 1.000000 | 1.030000 | 0.993333 | 0.990000 |   0.100789 |      359 |      309 |       50 |   8.954026 |      9 | 0.925482 | 1.886923
1549 | 464400.0 | 464700.0 | 0.005597 | 0.016535 |   8.954026 |      9 | 0.925482 | 1.000000 | 1.010000 | 1.050000 | 1.020000 |   0.907191 |      358 |      303 |       56 |   8.953970 |      9 | 0.930559 | 1.758354
1550 | 464700.0 | 465000.0 | 0.005594 | 0.016533 |   8.953970 |      9 | 0.930559 | 1.000000 | 0.976667 | 1.003333 | 0.996667 |   0.201617 |      354 |      293 |       60 |   8.954101 |      9 | 0.931687 | 1.729792
1551 | 465000.0 | 465300.0 | 0.005592 | 0.016531 |   8.954101 |      9 | 0.931687 | 1.000000 | 1.000000 | 0.990000 | 1.000000 |  -0.302454 |      354 |      300 |       54 |   8.954101 |      9 | 0.929996 | 1.772620
1552 | 465300.0 | 465600.0 | 0.005590 | 0.016530 |   8.954101 |      9 | 0.929996 | 1.000000 | 1.046667 | 0.963333 | 0.973333 |  -0.302482 |      362 |      314 |       48 |   8.953840 |      9 | 0.928305 | 1.815434
1553 | 465600.0 | 465900.0 | 0.005587 | 0.016528 |   8.953840 |      9 | 0.928305 | 1.000000 | 1.033333 | 1.013333 | 0.980000 |   1.008367 |      358 |      310 |       48 |   8.953654 |      9 | 0.933939 | 1.672768
1554 | 465900.0 | 466200.0 | 0.005585 | 0.016527 |   8.953654 |      9 | 0.933939 | 1.000000 | 0.993333 | 0.980000 | 0.973333 |   0.201692 |      354 |      298 |       56 |   8.953691 |      9 | 0.935066 | 1.644244
1555 | 466200.0 | 466500.0 | 0.005583 | 0.016525 |   8.953691 |      9 | 0.935066 | 1.000000 | 1.006667 | 0.980000 | 1.003333 |  -0.705989 |      356 |      302 |       54 |   8.953654 |      9 | 0.931125 | 1.744045
1556 | 466500.0 | 466800.0 | 0.005580 | 0.016524 |   8.953654 |      9 | 0.931125 | 1.000000 | 1.050000 | 1.083333 | 1.036667 |   1.412110 |      360 |      315 |       45 |   8.953375 |      9 | 0.939005 | 1.544510
1557 | 466800.0 | 467100.0 | 0.005578 | 0.016522 |   8.953375 |      9 | 0.939005 | 1.000000 | 1.033333 | 0.923333 | 0.960000 |  -1.109619 |      356 |      310 |       47 |   8.953189 |      9 | 0.932815 | 1.701236
1558 | 467100.0 | 467400.0 | 0.005576 | 0.016521 |   8.953189 |      9 | 0.932815 | 1.000000 | 1.016667 | 0.983333 | 1.020000 |  -1.109722 |      356 |      305 |       50 |   8.953096 |      9 | 0.926628 | 1.857910
1559 | 467400.0 | 467700.0 | 0.005573 | 0.016519 |   8.953096 |      9 | 0.926628 | 1.000000 | 1.030000 | 1.026667 | 1.006667 |   0.605360 |      360 |      309 |       51 |   8.952929 |      9 | 0.930002 | 1.772480
1560 | 467700.0 | 468000.0 | 0.005571 | 0.016518 |   8.952929 |      9 | 0.930002 | 1.000000 | 1.006667 | 1.020000 | 0.983333 |   1.109929 |      357 |      302 |       55 |   8.952892 |      9 | 0.936185 | 1.615908
1561 | 468000.0 | 468300.0 | 0.005569 | 0.016516 |   8.952892 |      9 | 0.936185 | 1.000000 | 1.060000 | 1.013333 | 1.023333 |  -0.302736 |      360 |      318 |       42 |   8.952558 |      9 | 0.934499 | 1.658595
1562 | 468300.0 | 468600.0 | 0.005566 | 0.016514 |   8.952558 |      9 | 0.934499 | 1.000000 | 0.996667 | 0.963333 | 1.013333 |  -1.513822 |      355 |      299 |       56 |   8.952576 |      9 | 0.926073 | 1.871962
1563 | 468600.0 | 468900.0 | 0.005564 | 0.016513 |   8.952576 |      9 | 0.926073 | 1.000000 | 0.986667 | 1.016667 | 1.000000 |   0.504654 |      356 |      296 |       61 |   8.952650 |      9 | 0.928881 | 1.800863
1564 | 468900.0 | 469200.0 | 0.005562 | 0.016511 |   8.952650 |      9 | 0.928881 | 1.000000 | 1.066667 | 0.956667 | 0.996667 |  -1.211283 |      364 |      320 |       43 |   8.952280 |      9 | 0.922144 | 1.971444
1565 | 469200.0 | 469500.0 | 0.005559 | 0.016510 |   8.952280 |      9 | 0.922144 | 1.000000 | 1.033333 | 0.970000 | 1.013333 |  -1.312345 |      360 |      310 |       50 |   8.952094 |      9 | 0.914849 | 2.156180
1566 | 469500.0 | 469800.0 | 0.005557 | 0.016508 |   8.952094 |      9 | 0.914849 | 1.000000 | 0.983333 | 0.986667 | 0.943333 |   1.312467 |      357 |      295 |       62 |   8.952187 |      9 | 0.922142 | 1.971505
1567 | 469800.0 | 470100.0 | 0.005555 | 0.016507 |   8.952187 |      9 | 0.922142 | 1.000000 | 1.053333 | 0.960000 | 0.986667 |  -0.807747 |      362 |      316 |       46 |   8.951891 |      9 | 0.917655 | 2.085114
1568 | 470100.0 | 470400.0 | 0.005552 | 0.016505 |   8.951891 |      9 | 0.917655 | 1.000000 | 1.000000 | 1.036667 | 0.983333 |   1.615643 |      358 |      300 |       58 |   8.951891 |      9 | 0.926625 | 1.857970
1569 | 470400.0 | 470700.0 | 0.005550 | 0.016504 |   8.951891 |      9 | 0.926625 | 1.000000 | 0.976667 | 1.000000 | 1.003333 |  -0.100987 |      355 |      293 |       62 |   8.952020 |      9 | 0.926065 | 1.872162
1570 | 470700.0 | 471000.0 | 0.005548 | 0.016502 |   8.952020 |      9 | 0.926065 | 1.000000 | 0.963333 | 0.960000 | 0.956667 |   0.100996 |      355 |      289 |       66 |   8.952224 |      9 | 0.926625 | 1.857974
1571 | 471000.0 | 471300.0 | 0.005545 | 0.016501 |   8.952224 |      9 | 0.926625 | 1.000000 | 1.000000 | 1.016667 | 1.016667 |   0.000000 |      356 |      300 |       56 |   8.952224 |      9 | 0.926625 | 1.857974
1572 | 471300.0 | 471600.0 | 0.005543 | 0.016499 |   8.952224 |      9 | 0.926625 | 1.000000 | 1.000000 | 1.000000 | 1.000000 |   0.000000 |      357 |      300 |       57 |   8.952224 |      9 | 0.926625 | 1.857974
1573 | 471600.0 | 471900.0 | 0.005541 | 0.016498 |   8.952224 |      9 | 0.926625 | 1.000000 | 1.046667 | 1.013333 | 1.020000 |  -0.202049 |      362 |      314 |       48 |   8.951965 |      9 | 0.925506 | 1.886321
1574 | 471900.0 | 472200.0 | 0.005538 | 0.016496 |   8.951965 |      9 | 0.925506 | 1.000000 | 1.063333 | 0.966667 | 0.996667 |  -0.909304 |      361 |      319 |       42 |   8.951614 |      9 | 0.920470 | 2.013840
1575 | 472200.0 | 472500.0 | 0.005536 | 0.016495 |   8.951614 |      9 | 0.920470 | 1.000000 | 0.970000 | 1.080000 | 0.960000 |   3.637552 |      356 |      291 |       65 |   8.951780 |      9 | 0.940607 | 1.503931
1576 | 472500.0 | 472800.0 | 0.005534 | 0.016493 |   8.951780 |      9 | 0.940607 | 1.000000 | 1.010000 | 0.926667 | 0.973333 |  -1.414734 |      353 |      303 |       50 |   8.951725 |      9 | 0.932778 | 1.702165
1577 | 472800.0 | 473100.0 | 0.005531 | 0.016492 |   8.951725 |      9 | 0.932778 | 1.000000 | 1.016667 | 1.003333 | 0.983333 |   0.606371 |      357 |      305 |       53 |   8.951633 |      9 | 0.936132 | 1.617235
1578 | 473100.0 | 473400.0 | 0.005529 | 0.016490 |   8.951633 |      9 | 0.936132 | 1.000000 | 1.006667 | 0.976667 | 0.980000 |  -0.101071 |      356 |      302 |       53 |   8.951596 |      9 | 0.935574 | 1.631385
1579 | 473400.0 | 473700.0 | 0.005527 | 0.016489 |   8.951596 |      9 | 0.935574 | 1.000000 | 0.990000 | 1.000000 | 0.933333 |   2.021608 |      355 |      297 |       58 |   8.951651 |      9 | 0.946746 | 1.348471
1580 | 473700.0 | 474000.0 | 0.005524 | 0.016487 |   8.951651 |      9 | 0.946746 | 1.000000 | 1.013333 | 0.750000 | 0.960000 |  -6.368651 |      351 |      304 |       47 |   8.951578 |      9 | 0.911564 | 2.239361
1581 | 474000.0 | 474300.0 | 0.005522 | 0.016485 |   8.951578 |      9 | 0.911564 | 1.000000 | 1.013333 | 0.996667 | 0.866667 |   3.942861 |      359 |      304 |       55 |   8.951504 |      9 | 0.933336 | 1.688037
1582 | 474300.0 | 474600.0 | 0.005520 | 0.016484 |   8.951504 |      9 | 0.933336 | 1.000000 | 1.036667 | 0.933333 | 1.030000 |  -2.932140 |      360 |      311 |       49 |   8.951301 |      9 | 0.917152 | 2.097863
1583 | 474600.0 | 474900.0 | 0.005517 | 0.016482 |   8.951301 |      9 | 0.917152 | 1.000000 | 1.036667 | 1.000000 | 1.023333 |  -0.707823 |      361 |      311 |       50 |   8.951099 |      9 | 0.913246 | 2.196755
1584 | 474900.0 | 475200.0 | 0.005515 | 0.016481 |   8.951099 |      9 | 0.913246 | 1.000000 | 0.993333 | 0.976667 | 0.993333 |  -0.505634 |      358 |      298 |       60 |   8.951136 |      9 | 0.910458 | 2.267369
1585 | 475200.0 | 475500.0 | 0.005513 | 0.016479 |   8.951136 |      9 | 0.910458 | 1.000000 | 1.003333 | 1.006667 | 0.946667 |   1.820451 |      358 |      301 |       57 |   8.951118 |      9 | 0.920494 | 2.013241
1586 | 475500.0 | 475800.0 | 0.005511 | 0.016478 |   8.951118 |      9 | 0.920494 | 1.000000 | 1.013333 | 0.960000 | 1.006667 |  -1.416036 |      361 |      304 |       57 |   8.951044 |      9 | 0.912690 | 2.210832
1587 | 475800.0 | 476100.0 | 0.005508 | 0.016476 |   8.951044 |      9 | 0.912690 | 1.000000 | 1.013333 | 1.043333 | 1.060000 |  -0.505773 |      358 |      304 |       54 |   8.950971 |      9 | 0.909904 | 2.281377
1588 | 476100.0 | 476400.0 | 0.005506 | 0.016475 |   8.950971 |      9 | 0.909904 | 1.000000 | 1.036667 | 1.050000 | 1.003333 |   1.416295 |      362 |      311 |       51 |   8.950769 |      9 | 0.917703 | 2.083914
1589 | 476400.0 | 476700.0 | 0.005504 | 0.016473 |   8.950769 |      9 | 0.917703 | 1.000000 | 1.080000 | 1.016667 | 1.020000 |  -0.101173 |      366 |      324 |       42 |   8.950328 |      9 | 0.917146 | 2.098014
1590 | 476700.0 | 477000.0 | 0.005501 | 0.016472 |   8.950328 |      9 | 0.917146 | 1.000000 | 0.996667 | 0.993333 | 1.000000 |  -0.202365 |      357 |      299 |       59 |   8.950347 |      9 | 0.916032 | 2.126205
1591 | 477000.0 | 477300.0 | 0.005499 | 0.016470 |   8.950347 |      9 | 0.916032 | 1.000000 | 1.056667 | 1.016667 | 0.976667 |   1.214301 |      362 |      317 |       44 |   8.950035 |      9 | 0.922710 | 1.957114
1592 | 477300.0 | 477600.0 | 0.005497 | 0.016469 |   8.950035 |      9 | 0.922710 | 1.000000 | 1.020000 | 1.016667 | 1.033333 |  -0.506005 |      360 |      306 |       54 |   8.949925 |      9 | 0.919929 | 2.027546
1593 | 477600.0 | 477900.0 | 0.005495 | 0.016467 |   8.949925 |      9 | 0.919929 | 1.000000 | 1.053333 | 0.980000 | 1.020000 |  -1.214523 |      363 |      316 |       47 |   8.949632 |      9 | 0.913255 | 2.196527
1594 | 477900.0 | 478200.0 | 0.005492 | 0.016466 |   8.949632 |      9 | 0.913255 | 1.000000 | 0.976667 | 0.980000 | 0.930000 |   1.518292 |      353 |      293 |       60 |   8.949760 |      9 | 0.921594 | 1.985369
1595 | 478200.0 | 478500.0 | 0.005490 | 0.016464 |   8.949760 |      9 | 0.921594 | 1.000000 | 1.036667 | 1.030000 | 0.973333 |   1.720888 |      361 |      311 |       50 |   8.949559 |      9 | 0.931042 | 1.746132
1596 | 478500.0 | 478800.0 | 0.005488 | 0.016463 |   8.949559 |      9 | 0.931042 | 1.000000 | 1.023333 | 0.976667 | 1.010000 |  -1.012379 |      359 |      307 |       52 |   8.949431 |      9 | 0.925486 | 1.886814
1597 | 478800.0 | 479100.0 | 0.005486 | 0.016461 |   8.949431 |      9 | 0.925486 | 1.000000 | 1.026667 | 0.883333 | 0.973333 |  -2.733673 |      360 |      308 |       52 |   8.949285 |      9 | 0.910491 | 2.266533
1598 | 479100.0 | 479400.0 | 0.005483 | 0.016460 |   8.949285 |      9 | 0.910491 | 1.000000 | 0.986667 | 0.973333 | 0.946667 |   0.810051 |      358 |      296 |       62 |   8.949358 |      9 | 0.914932 | 2.154060
1599 | 479400.0 | 479700.0 | 0.005481 | 0.016458 |   8.949358 |      9 | 0.914932 | 1.000000 | 1.003333 | 0.996667 | 0.976667 |   0.607593 |      359 |      301 |       58 |   8.949340 |      9 | 0.918263 | 2.069732
1600 | 479700.0 | 480000.0 | 0.005479 | 0.016457 |   8.949340 |      9 | 0.918263 | 1.000000 | 0.990000 | 0.976667 | 1.020000 |  -1.316572 |      357 |      297 |       60 |   8.949394 |      9 | 0.911049 | 2.252384
1601 | 480000.0 | 480300.0 | 0.005477 | 0.016455 |   8.949394 |      9 | 0.911049 | 1.000000 | 1.026667 | 1.070000 | 0.940000 |   3.950076 |      360 |      308 |       52 |   8.949248 |      9 | 0.932682 | 1.704605
1602 | 480300.0 | 480600.0 | 0.005474 | 0.016454 |   8.949248 |      9 | 0.932682 | 1.000000 | 0.990000 | 0.956667 | 0.986667 |  -0.911639 |      353 |      297 |       56 |   8.949303 |      9 | 0.927692 | 1.830975
1603 | 480600.0 | 480900.0 | 0.005472 | 0.016452 |   8.949303 |      9 | 0.927692 | 1.000000 | 0.970000 | 1.006667 | 0.986667 |   0.607814 |      354 |      291 |       63 |   8.949467 |      9 | 0.931018 | 1.746755
1604 | 480900.0 | 481200.0 | 0.005470 | 0.016451 |   8.949467 |      9 | 0.931018 | 1.000000 | 1.070000 | 1.006667 | 0.980000 |   0.810493 |      362 |      321 |       41 |   8.949084 |      9 | 0.935451 | 1.634498
1605 | 481200.0 | 481500.0 | 0.005468 | 0.016449 |   8.949084 |      9 | 0.935451 | 1.000000 | 1.086667 | 0.996667 | 0.986667 |   0.303962 |      363 |      326 |       37 |   8.948610 |      9 | 0.937113 | 1.592415
1606 | 481500.0 | 481800.0 | 0.005465 | 0.016448 |   8.948610 |      9 | 0.937113 | 1.000000 | 1.016667 | 0.993333 | 0.996667 |  -0.101330 |      356 |      305 |       51 |   8.948519 |      9 | 0.936559 | 1.606438
1607 | 481800.0 | 482100.0 | 0.005463 | 0.016446 |   8.948519 |      9 | 0.936559 | 1.000000 | 1.023333 | 0.936667 | 0.913333 |   0.709374 |      358 |      307 |       52 |   8.948392 |      9 | 0.940434 | 1.508308
1608 | 482100.0 | 482400.0 | 0.005461 | 0.016445 |   8.948392 |      9 | 0.940434 | 1.000000 | 1.040000 | 0.940000 | 0.983333 |  -1.317528 |      358 |      312 |       46 |   8.948173 |      9 | 0.933239 | 1.690492
1609 | 482400.0 | 482700.0 | 0.005459 | 0.016443 |   8.948173 |      9 | 0.933239 | 1.000000 | 1.006667 | 0.980000 | 0.950000 |   0.912217 |      355 |      302 |       52 |   8.948137 |      9 | 0.938219 | 1.564405
1610 | 482700.0 | 483000.0 | 0.005456 | 0.016442 |   8.948137 |      9 | 0.938219 | 1.000000 | 1.013333 | 0.943333 | 0.966667 |  -0.709566 |      355 |      304 |       52 |   8.948064 |      9 | 0.934347 | 1.662441
1611 | 483000.0 | 483300.0 | 0.005454 | 0.016440 |   8.948064 |      9 | 0.934347 | 1.000000 | 1.066667 | 1.023333 | 0.973333 |   1.520637 |      363 |      320 |       42 |   8.947701 |      9 | 0.942641 | 1.452430
1612 | 483300.0 | 483600.0 | 0.005452 | 0.016439 |   8.947701 |      9 | 0.942641 | 1.000000 | 1.033333 | 0.870000 | 0.986667 |  -3.548472 |      356 |      310 |       46 |   8.947519 |      9 | 0.923295 | 1.942301
1613 | 483600.0 | 483900.0 | 0.005450 | 0.016438 |   8.947519 |      9 | 0.923295 | 1.000000 | 1.030000 | 0.990000 | 0.930000 |   1.825093 |      360 |      309 |       51 |   8.947356 |      9 | 0.933241 | 1.690447
1614 | 483900.0 | 484200.0 | 0.005447 | 0.016436 |   8.947356 |      9 | 0.933241 | 1.000000 | 0.993333 | 0.980000 | 1.040000 |  -1.825258 |      354 |      298 |       57 |   8.947392 |      9 | 0.923298 | 1.942221
1615 | 484200.0 | 484500.0 | 0.005445 | 0.016435 |   8.947392 |      9 | 0.923298 | 1.000000 | 1.046667 | 0.996667 | 1.016667 |  -0.608474 |      362 |      314 |       47 |   8.947138 |      9 | 0.919985 | 2.026119
1616 | 484500.0 | 484800.0 | 0.005443 | 0.016433 |   8.947138 |      9 | 0.919985 | 1.000000 | 1.000000 | 1.033333 | 0.963333 |   2.129851 |      357 |      300 |       57 |   8.947138 |      9 | 0.931578 | 1.732570
1617 | 484800.0 | 485100.0 | 0.005441 | 0.016432 |   8.947138 |      9 | 0.931578 | 1.000000 | 1.013333 | 0.983333 | 0.956667 |   0.811445 |      359 |      304 |       55 |   8.947065 |      9 | 0.935993 | 1.620777
1618 | 485100.0 | 485400.0 | 0.005439 | 0.016430 |   8.947065 |      9 | 0.935993 | 1.000000 | 1.016667 | 0.933333 | 0.936667 |  -0.101440 |      357 |      305 |       52 |   8.946975 |      9 | 0.935441 | 1.634747
1619 | 485400.0 | 485700.0 | 0.005436 | 0.016429 |   8.946975 |      9 | 0.935441 | 1.000000 | 1.040000 | 0.940000 | 1.050000 |  -3.347813 |      359 |      312 |       47 |   8.946757 |      9 | 0.917241 | 2.095599
1620 | 485700.0 | 486000.0 | 0.005434 | 0.016427 |   8.946757 |      9 | 0.917241 | 1.000000 | 0.993333 | 1.030000 | 0.983333 |   1.420412 |      356 |      298 |       58 |   8.946793 |      9 | 0.924960 | 1.900148
1621 | 486000.0 | 486300.0 | 0.005432 | 0.016426 |   8.946793 |      9 | 0.924960 | 1.000000 | 1.030000 | 1.016667 | 0.986667 |   0.913204 |      361 |      309 |       52 |   8.946630 |      9 | 0.929920 | 1.774541
1622 | 486300.0 | 486600.0 | 0.005430 | 0.016424 |   8.946630 |      9 | 0.929920 | 1.000000 | 1.046667 | 1.000000 | 0.963333 |   1.116238 |      359 |      314 |       45 |   8.946377 |      9 | 0.935981 | 1.621069
1623 | 486600.0 | 486900.0 | 0.005428 | 0.016423 |   8.946377 |      9 | 0.935981 | 1.000000 | 1.040000 | 0.980000 | 0.976667 |   0.101485 |      362 |      312 |       50 |   8.946160 |      9 | 0.936532 | 1.607122
1624 | 486900.0 | 487200.0 | 0.005425 | 0.016421 |   8.946160 |      9 | 0.936532 | 1.000000 | 1.053333 | 0.970000 | 0.993333 |  -0.710461 |      360 |      316 |       44 |   8.945871 |      9 | 0.932677 | 1.704724
1625 | 487200.0 | 487500.0 | 0.005423 | 0.016420 |   8.945871 |      9 | 0.932677 | 1.000000 | 1.010000 | 0.960000 | 1.010000 |  -1.522552 |      355 |      303 |       52 |   8.945816 |      9 | 0.924420 | 1.913804
1626 | 487500.0 | 487800.0 | 0.005421 | 0.016418 |   8.945816 |      9 | 0.924420 | 1.000000 | 1.040000 | 0.993333 | 0.980000 |   0.406050 |      362 |      312 |       50 |   8.945599 |      9 | 0.926622 | 1.858067
1627 | 487800.0 | 488100.0 | 0.005419 | 0.016417 |   8.945599 |      9 | 0.926622 | 1.000000 | 1.013333 | 0.980000 | 1.040000 |  -1.827390 |      359 |      304 |       56 |   8.945527 |      9 | 0.916720 | 2.108804
1628 | 488100.0 | 488400.0 | 0.005417 | 0.016415 |   8.945527 |      9 | 0.916720 | 1.000000 | 1.020000 | 0.976667 | 0.960000 |   0.507654 |      360 |      306 |       53 |   8.945419 |      9 | 0.919469 | 2.039177
1629 | 488400.0 | 488700.0 | 0.005414 | 0.016414 |   8.945419 |      9 | 0.919469 | 1.000000 | 1.056667 | 0.986667 | 0.976667 |   0.304619 |      362 |      317 |       45 |   8.945112 |      9 | 0.921119 | 1.997414
1630 | 488700.0 | 489000.0 | 0.005412 | 0.016412 |   8.945112 |      9 | 0.921119 | 1.000000 | 1.056667 | 1.003333 | 0.933333 |   2.132526 |      363 |      317 |       46 |   8.944805 |      9 | 0.932660 | 1.705163
1631 | 489000.0 | 489300.0 | 0.005410 | 0.016411 |   8.944805 |      9 | 0.932660 | 1.000000 | 0.993333 | 0.953333 | 1.026667 |  -2.234275 |      355 |      298 |       57 |   8.944841 |      9 | 0.920573 | 2.011234
1632 | 489300.0 | 489600.0 | 0.005408 | 0.016410 |   8.944841 |      9 | 0.920573 | 1.000000 | 1.056667 | 0.976667 | 0.963333 |   0.406268 |      363 |      317 |       46 |   8.944535 |      9 | 0.922770 | 1.955602
1633 | 489600.0 | 489900.0 | 0.005406 | 0.016408 |   8.944535 |      9 | 0.922770 | 1.000000 | 1.016667 | 0.993333 | 0.990000 |   0.101576 |      360 |      305 |       55 |   8.944445 |      9 | 0.923319 | 1.941699
1634 | 489900.0 | 490200.0 | 0.005403 | 0.016407 |   8.944445 |      9 | 0.923319 | 1.000000 | 1.043333 | 0.986667 | 1.020000 |  -1.015851 |      362 |      313 |       49 |   8.944211 |      9 | 0.917830 | 2.080690
1635 | 490200.0 | 490500.0 | 0.005401 | 0.016405 |   8.944211 |      9 | 0.917830 | 1.000000 | 0.980000 | 0.986667 | 0.990000 |  -0.101594 |      356 |      294 |       62 |   8.944319 |      9 | 0.917281 | 2.094585
1636 | 490500.0 | 490800.0 | 0.005399 | 0.016404 |   8.944319 |      9 | 0.917281 | 1.000000 | 1.016667 | 0.953333 | 0.950000 |   0.101603 |      359 |      305 |       54 |   8.944229 |      9 | 0.917830 | 2.080695
1637 | 490800.0 | 491100.0 | 0.005397 | 0.016402 |   8.944229 |      9 | 0.917830 | 1.000000 | 0.986667 | 0.966667 | 0.956667 |   0.304837 |      357 |      296 |       61 |   8.944301 |      9 | 0.919475 | 2.039037
1638 | 491100.0 | 491400.0 | 0.005395 | 0.016401 |   8.944301 |      9 | 0.919475 | 1.000000 | 1.066667 | 1.033333 | 1.013333 |   0.609728 |      363 |      320 |       43 |   8.943941 |      9 | 0.922764 | 1.955746
1639 | 491400.0 | 491700.0 | 0.005393 | 0.016399 |   8.943941 |      9 | 0.922764 | 1.000000 | 1.043333 | 0.963333 | 0.970000 |  -0.203261 |      363 |      313 |       50 |   8.943707 |      9 | 0.921668 | 1.983501
1640 | 491700.0 | 492000.0 | 0.005390 | 0.016398 |   8.943707 |      9 | 0.921668 | 1.000000 | 1.023333 | 0.993333 | 1.010000 |  -0.508197 |      358 |      307 |       51 |   8.943582 |      9 | 0.918929 | 2.052866
1641 | 492000.0 | 492300.0 | 0.005388 | 0.016396 |   8.943582 |      9 | 0.918929 | 1.000000 | 0.990000 | 1.030000 | 1.016667 |   0.406593 |      358 |      297 |       61 |   8.943636 |      9 | 0.921119 | 1.997391
1642 | 492300.0 | 492600.0 | 0.005386 | 0.016395 |   8.943636 |      9 | 0.921119 | 1.000000 | 1.020000 | 0.990000 | 1.023333 |  -1.016574 |      359 |      306 |       53 |   8.943528 |      9 | 0.915644 | 2.136035
1643 | 492600.0 | 492900.0 | 0.005384 | 0.016393 |   8.943528 |      9 | 0.915644 | 1.000000 | 1.063333 | 0.986667 | 1.020000 |  -1.016664 |      364 |      319 |       45 |   8.943187 |      9 | 0.910171 | 2.274634
1644 | 492900.0 | 493200.0 | 0.005382 | 0.016392 |   8.943187 |      9 | 0.910171 | 1.000000 | 1.006667 | 0.953333 | 1.006667 |  -1.626806 |      359 |      302 |       57 |   8.943151 |      9 | 0.901416 | 2.496324
1645 | 493200.0 | 493500.0 | 0.005380 | 0.016391 |   8.943151 |      9 | 0.901416 | 1.000000 | 0.993333 | 1.020000 | 1.010000 |   0.305053 |      359 |      298 |       61 |   8.943187 |      9 | 0.903057 | 2.454771
1646 | 493500.0 | 493800.0 | 0.005377 | 0.016389 |   8.943187 |      9 | 0.903057 | 1.000000 | 0.983333 | 1.016667 | 0.920000 |   2.949108 |      357 |      295 |       62 |   8.943276 |      9 | 0.918915 | 2.053208
1647 | 493800.0 | 494100.0 | 0.005375 | 0.016388 |   8.943276 |      9 | 0.918915 | 1.000000 | 1.010000 | 0.970000 | 0.960000 |   0.305107 |      357 |      303 |       55 |   8.943223 |      9 | 0.920555 | 2.011680
1648 | 494100.0 | 494400.0 | 0.005373 | 0.016386 |   8.943223 |      9 | 0.920555 | 1.000000 | 1.006667 | 0.990000 | 0.990000 |   0.000000 |      360 |      302 |       57 |   8.943187 |      9 | 0.920555 | 2.011680
1649 | 494400.0 | 494700.0 | 0.005371 | 0.016385 |   8.943187 |      9 | 0.920555 | 1.000000 | 0.983333 | 1.016667 | 1.040000 |  -0.712042 |      357 |      295 |       62 |   8.943276 |      9 | 0.916731 | 2.108518
1650 | 494700.0 | 495000.0 | 0.005369 | 0.016383 |   8.943276 |      9 | 0.916731 | 1.000000 | 0.970000 | 1.020000 | 0.956667 |   1.932857 |      354 |      291 |       63 |   8.943437 |      9 | 0.927108 | 1.845754
1651 | 495000.0 | 495300.0 | 0.005367 | 0.016382 |   8.943437 |      9 | 0.927108 | 1.000000 | 1.046667 | 0.950000 | 0.960000 |  -0.305215 |      361 |      314 |       47 |   8.943187 |      9 | 0.925470 | 1.887230
1652 | 495300.0 | 495600.0 | 0.005364 | 0.016380 |   8.943187 |      9 | 0.925470 | 1.000000 | 1.040000 | 0.980000 | 1.026667 |  -1.424461 |      363 |      312 |       51 |   8.942972 |      9 | 0.917828 | 2.080726
1653 | 495600.0 | 495900.0 | 0.005362 | 0.016379 |   8.942972 |      9 | 0.917828 | 1.000000 | 1.053333 | 0.966667 | 0.970000 |  -0.101756 |      362 |      316 |       46 |   8.942686 |      9 | 0.917283 | 2.094542
1654 | 495900.0 | 496200.0 | 0.005360 | 0.016378 |   8.942686 |      9 | 0.917283 | 1.000000 | 0.990000 | 1.013333 | 0.976667 |   1.119417 |      356 |      297 |       59 |   8.942740 |      9 | 0.923283 | 1.942605
1655 | 496200.0 | 496500.0 | 0.005358 | 0.016376 |   8.942740 |      9 | 0.923283 | 1.000000 | 1.003333 | 0.963333 | 0.943333 |   0.610645 |      359 |      301 |       58 |   8.942722 |      9 | 0.926555 | 1.859756
1656 | 496500.0 | 496800.0 | 0.005356 | 0.016375 |   8.942722 |      9 | 0.926555 | 1.000000 | 1.006667 | 1.013333 | 1.010000 |   0.101783 |      356 |      302 |       54 |   8.942686 |      9 | 0.927100 | 1.845952
1657 | 496800.0 | 497100.0 | 0.005354 | 0.016373 |   8.942686 |      9 | 0.927100 | 1.000000 | 1.003333 | 1.033333 | 0.996667 |   1.119712 |      358 |      301 |       57 |   8.942669 |      9 | 0.933095 | 1.694156
1658 | 497100.0 | 497400.0 | 0.005352 | 0.016372 |   8.942669 |      9 | 0.933095 | 1.000000 | 0.986667 | 0.960000 | 1.010000 |  -1.527015 |      355 |      296 |       59 |   8.942740 |      9 | 0.924923 | 1.901086
1659 | 497400.0 | 497700.0 | 0.005350 | 0.016370 |   8.942740 |      9 | 0.924923 | 1.000000 | 1.043333 | 1.040000 | 1.006667 |   1.018099 |      362 |      313 |       49 |   8.942508 |      9 | 0.930369 | 1.763176
1660 | 497700.0 | 498000.0 | 0.005347 | 0.016369 |   8.942508 |      9 | 0.930369 | 1.000000 | 1.063333 | 1.023333 | 1.020000 |   0.101819 |      360 |      319 |       42 |   8.942170 |      9 | 0.930913 | 1.749389
1661 | 498000.0 | 498300.0 | 0.005345 | 0.016368 |   8.942170 |      9 | 0.930913 | 1.000000 | 1.036667 | 1.006667 | 1.046667 |  -1.221933 |      360 |      311 |       48 |   8.941974 |      9 | 0.924382 | 1.914779
1662 | 498300.0 | 498600.0 | 0.005343 | 0.016366 |   8.941974 |      9 | 0.924382 | 1.000000 | 1.006667 | 0.996667 | 0.996667 |   0.000000 |      356 |      302 |       54 |   8.941938 |      9 | 0.924382 | 1.914779
1663 | 498600.0 | 498900.0 | 0.005341 | 0.016365 |   8.941938 |      9 | 0.924382 | 1.000000 | 1.016667 | 0.976667 | 0.973333 |   0.101846 |      359 |      305 |       54 |   8.941849 |      9 | 0.924926 | 1.901005
1664 | 498900.0 | 499200.0 | 0.005339 | 0.016363 |   8.941849 |      9 | 0.924926 | 1.000000 | 1.053333 | 0.963333 | 0.943333 |   0.611127 |      362 |      316 |       46 |   8.941564 |      9 | 0.928189 | 1.818387
1665 | 499200.0 | 499500.0 | 0.005337 | 0.016362 |   8.941564 |      9 | 0.928189 | 1.000000 | 1.010000 | 0.960000 | 1.040000 |  -2.444723 |      358 |      303 |       55 |   8.941511 |      9 | 0.915142 | 2.148757
1666 | 499500.0 | 499800.0 | 0.005335 | 0.016360 |   8.941511 |      9 | 0.915142 | 1.000000 | 1.043333 | 0.970000 | 0.980000 |  -0.305617 |      362 |      313 |       49 |   8.941280 |      9 | 0.913511 | 2.190041
1667 | 499800.0 | 500100.0 | 0.005333 | 0.016359 |   8.941280 |      9 | 0.913511 | 1.000000 | 0.983333 | 0.960000 | 0.973333 |  -0.407525 |      357 |      295 |       62 |   8.941368 |      9 | 0.911338 | 2.245069
1668 | 500100.0 | 500400.0 | 0.005330 | 0.016357 |   8.941368 |      9 | 0.911338 | 1.000000 | 0.990000 | 0.976667 | 0.990000 |  -0.407561 |      357 |      297 |       60 |   8.941422 |      9 | 0.909166 | 2.300080
1669 | 500400.0 | 500700.0 | 0.005328 | 0.016356 |   8.941422 |      9 | 0.909166 | 1.000000 | 0.976667 | 1.030000 | 1.020000 |   0.305697 |      357 |      293 |       64 |   8.941546 |      9 | 0.910795 | 2.258834
1670 | 500700.0 | 501000.0 | 0.005326 | 0.016355 |   8.941546 |      9 | 0.910795 | 1.000000 | 1.070000 | 0.966667 | 0.966667 |   0.000000 |      364 |      321 |       43 |   8.941173 |      9 | 0.910795 | 2.258834
1671 | 501000.0 | 501300.0 | 0.005324 | 0.016353 |   8.941173 |      9 | 0.910795 | 1.000000 | 0.956667 | 1.010000 | 0.993333 |   0.509584 |      355 |      287 |       68 |   8.941404 |      9 | 0.913508 | 2.190134
1672 | 501300.0 | 501600.0 | 0.005322 | 0.016352 |   8.941404 |      9 | 0.913508 | 1.000000 | 0.966667 | 0.983333 | 0.990000 |  -0.203851 |      354 |      290 |       64 |   8.941581 |      9 | 0.912423 | 2.217606
1673 | 501600.0 | 501900.0 | 0.005320 | 0.016350 |   8.941581 |      9 | 0.912423 | 1.000000 | 1.003333 | 0.993333 | 0.963333 |   0.917411 |      360 |      301 |       59 |   8.941564 |      9 | 0.917303 | 2.094022
1674 | 501900.0 | 502200.0 | 0.005318 | 0.016349 |   8.941564 |      9 | 0.917303 | 1.000000 | 0.970000 | 1.023333 | 0.963333 |   1.834982 |      354 |      291 |       64 |   8.941723 |      9 | 0.927061 | 1.846931
1675 | 502200.0 | 502500.0 | 0.005316 | 0.016348 |   8.941723 |      9 | 0.927061 | 1.000000 | 1.030000 | 0.953333 | 1.016667 |  -1.937094 |      357 |      309 |       47 |   8.941564 |      9 | 0.916764 | 2.107669
1676 | 502500.0 | 502800.0 | 0.005314 | 0.016346 |   8.941564 |      9 | 0.916764 | 1.000000 | 1.020000 | 1.000000 | 0.990000 |   0.305884 |      361 |      306 |       55 |   8.941457 |      9 | 0.918390 | 2.066513
1677 | 502800.0 | 503100.0 | 0.005312 | 0.016345 |   8.941457 |      9 | 0.918390 | 1.000000 | 1.030000 | 0.983333 | 1.093333 |  -3.365011 |      361 |      309 |       52 |   8.941298 |      9 | 0.900516 | 2.519096
1678 | 503100.0 | 503400.0 | 0.005309 | 0.016343 |   8.941298 |      9 | 0.900516 | 1.000000 | 0.900000 | 0.993333 | 1.016667 |  -0.713852 |      350 |      270 |       80 |   8.941829 |      9 | 0.896726 | 2.615069
1679 | 503400.0 | 503700.0 | 0.005307 | 0.016342 |   8.941829 |      9 | 0.896726 | 1.000000 | 1.003333 | 0.993333 | 0.963333 |   0.917890 |      359 |      301 |       58 |   8.941811 |      9 | 0.901598 | 2.491713
1680 | 503700.0 | 504000.0 | 0.005305 | 0.016340 |   8.941811 |      9 | 0.901598 | 1.000000 | 1.026667 | 0.953333 | 0.950000 |   0.101997 |      363 |      308 |       55 |   8.941670 |      9 | 0.902139 | 2.478011
1681 | 504000.0 | 504300.0 | 0.005303 | 0.016339 |   8.941670 |      9 | 0.902139 | 1.000000 | 0.976667 | 0.976667 | 0.966667 |   0.306016 |      355 |      293 |       62 |   8.941794 |      9 | 0.903762 | 2.436917
1682 | 504300.0 | 504600.0 | 0.005301 | 0.016338 |   8.941794 |      9 | 0.903762 | 1.000000 | 1.013333 | 1.023333 | 1.003333 |   0.612086 |      359 |      304 |       55 |   8.941723 |      9 | 0.907006 | 2.354756
1683 | 504600.0 | 504900.0 | 0.005299 | 0.016336 |   8.941723 |      9 | 0.907006 | 1.000000 | 0.990000 | 0.976667 | 0.956667 |   0.612139 |      358 |      297 |       61 |   8.941776 |      9 | 0.910250 | 2.272619
1684 | 504900.0 | 505200.0 | 0.005297 | 0.016335 |   8.941776 |      9 | 0.910250 | 1.000000 | 1.063333 | 0.953333 | 0.910000 |   1.326415 |      366 |      319 |       48 |   8.941440 |      9 | 0.917276 | 2.094711
1685 | 505200.0 | 505500.0 | 0.005295 | 0.016333 |   8.941440 |      9 | 0.917276 | 1.000000 | 0.963333 | 0.970000 | 0.996667 |  -0.816326 |      353 |      289 |       63 |   8.941635 |      9 | 0.912954 | 2.204159
1686 | 505500.0 | 505800.0 | 0.005293 | 0.016332 |   8.941635 |      9 | 0.912954 | 1.000000 | 0.960000 | 1.046667 | 1.020000 |   0.816397 |      355 |      288 |       68 |   8.941846 |      9 | 0.917275 | 2.094744
1687 | 505800.0 | 506100.0 | 0.005291 | 0.016331 |   8.941846 |      9 | 0.917275 | 1.000000 | 0.916667 | 1.080000 | 0.943333 |   4.184394 |      350 |      275 |       74 |   8.942287 |      9 | 0.939413 | 1.534163
1688 | 506100.0 | 506400.0 | 0.005289 | 0.016329 |   8.942287 |      9 | 0.939413 | 1.000000 | 1.006667 | 0.920000 | 1.020000 |  -3.062016 |      354 |      302 |       53 |   8.942252 |      9 | 0.923219 | 1.944219
1689 | 506400.0 | 506700.0 | 0.005287 | 0.016328 |   8.942252 |      9 | 0.923219 | 1.000000 | 1.006667 | 1.026667 | 0.940000 |   2.653976 |      358 |      302 |       55 |   8.942217 |      9 | 0.937250 | 1.588945
1690 | 506700.0 | 507000.0 | 0.005284 | 0.016326 |   8.942217 |      9 | 0.937250 | 1.000000 | 1.020000 | 0.920000 | 0.936667 |  -0.510424 |      358 |      306 |       52 |   8.942111 |      9 | 0.934552 | 1.657246
1691 | 507000.0 | 507300.0 | 0.005282 | 0.016325 |   8.942111 |      9 | 0.934552 | 1.000000 | 0.986667 | 0.886667 | 1.026667 |  -4.287932 |      352 |      296 |       56 |   8.942181 |      9 | 0.911902 | 2.230800
1692 | 507300.0 | 507600.0 | 0.005280 | 0.016323 |   8.942181 |      9 | 0.911902 | 1.000000 | 0.970000 | 0.983333 | 0.970000 |   0.408410 |      355 |      291 |       64 |   8.942340 |      9 | 0.914058 | 2.176193
1693 | 507600.0 | 507900.0 | 0.005278 | 0.016322 |   8.942340 |      9 | 0.914058 | 1.000000 | 1.023333 | 1.000000 | 0.940000 |   1.838001 |      360 |      307 |       53 |   8.942217 |      9 | 0.923760 | 1.930534
1694 | 507900.0 | 508200.0 | 0.005276 | 0.016321 |   8.942217 |      9 | 0.923760 | 1.000000 | 1.056667 | 1.003333 | 1.003333 |   0.000000 |      363 |      317 |       46 |   8.941918 |      9 | 0.923760 | 1.930534
1695 | 508200.0 | 508500.0 | 0.005274 | 0.016319 |   8.941918 |      9 | 0.923760 | 1.000000 | 0.960000 | 0.976667 | 0.926667 |   1.531931 |      353 |      288 |       65 |   8.942129 |      9 | 0.931839 | 1.725942
1696 | 508500.0 | 508800.0 | 0.005272 | 0.016318 |   8.942129 |      9 | 0.931839 | 1.000000 | 1.006667 | 0.890000 | 0.966667 |  -2.349163 |      357 |      302 |       55 |   8.942094 |      9 | 0.919454 | 2.039554
1697 | 508800.0 | 509100.0 | 0.005270 | 0.016316 |   8.942094 |      9 | 0.919454 | 1.000000 | 1.033333 | 1.023333 | 1.026667 |  -0.102146 |      361 |      310 |       51 |   8.941918 |      9 | 0.918916 | 2.053185
1698 | 509100.0 | 509400.0 | 0.005268 | 0.016315 |   8.941918 |      9 | 0.918916 | 1.000000 | 0.976667 | 1.046667 | 1.010000 |   1.123706 |      354 |      293 |       61 |   8.942041 |      9 | 0.924836 | 1.903288
1699 | 509400.0 | 509700.0 | 0.005266 | 0.016314 |   8.942041 |      9 | 0.924836 | 1.000000 | 1.076667 | 1.013333 | 0.996667 |   0.510819 |      365 |      323 |       42 |   8.941637 |      9 | 0.927526 | 1.835173
1700 | 509700.0 | 510000.0 | 0.005264 | 0.016312 |   8.941637 |      9 | 0.927526 | 1.000000 | 1.076667 | 0.996667 | 0.976667 |   0.613036 |      363 |      323 |       40 |   8.941233 |      9 | 0.930753 | 1.753461
1701 | 510000.0 | 510300.0 | 0.005262 | 0.016311 |   8.941233 |      9 | 0.930753 | 1.000000 | 0.983333 | 0.936667 | 0.960000 |  -0.715270 |      356 |      295 |       61 |   8.941321 |      9 | 0.926989 | 1.848763
1702 | 510300.0 | 510600.0 | 0.005260 | 0.016309 |   8.941321 |      9 | 0.926989 | 1.000000 | 1.000000 | 0.950000 | 0.990000 |  -1.226281 |      357 |      300 |       58 |   8.941321 |      9 | 0.920539 | 2.012089
1703 | 510600.0 | 510900.0 | 0.005258 | 0.016308 |   8.941321 |      9 | 0.920539 | 1.000000 | 0.930000 | 0.940000 | 1.030000 |  -2.759369 |      351 |      279 |       71 |   8.941689 |      9 | 0.906031 | 2.379461
1704 | 510900.0 | 511200.0 | 0.005256 | 0.016307 |   8.941689 |      9 | 0.906031 | 1.000000 | 1.023333 | 1.003333 | 0.933333 |   2.146360 |      362 |      307 |       55 |   8.941567 |      9 | 0.917312 | 2.093814
1705 | 511200.0 | 511500.0 | 0.005254 | 0.016305 |   8.941567 |      9 | 0.917312 | 1.000000 | 1.020000 | 0.976667 | 0.990000 |  -0.408865 |      359 |      306 |       53 |   8.941462 |      9 | 0.915163 | 2.148206
1706 | 511500.0 | 511800.0 | 0.005252 | 0.016304 |   8.941462 |      9 | 0.915163 | 1.000000 | 0.960000 | 1.003333 | 0.963333 |   1.226701 |      355 |      288 |       67 |   8.941672 |      9 | 0.921606 | 1.985078
1707 | 511800.0 | 512100.0 | 0.005250 | 0.016303 |   8.941672 |      9 | 0.921606 | 1.000000 | 0.983333 | 0.963333 | 1.036667 |  -2.249144 |      356 |      295 |       62 |   8.941759 |      9 | 0.909799 | 2.284056
1708 | 512100.0 | 512400.0 | 0.005248 | 0.016301 |   8.941759 |      9 | 0.909799 | 1.000000 | 1.016667 | 0.953333 | 0.920000 |   1.022425 |      361 |      305 |       55 |   8.941672 |      9 | 0.915164 | 2.148198
1709 | 512400.0 | 512700.0 | 0.005246 | 0.016300 |   8.941672 |      9 | 0.915164 | 1.000000 | 1.036667 | 1.000000 | 0.943333 |   1.738271 |      361 |      311 |       50 |   8.941479 |      9 | 0.924282 | 1.917309
1710 | 512700.0 | 513000.0 | 0.005244 | 0.016298 |   8.941479 |      9 | 0.924282 | 1.000000 | 1.010000 | 1.033333 | 1.040000 |  -0.204520 |      357 |      303 |       54 |   8.941427 |      9 | 0.923210 | 1.944464
1711 | 513000.0 | 513300.0 | 0.005242 | 0.016297 |   8.941427 |      9 | 0.923210 | 1.000000 | 0.986667 | 0.943333 | 0.950000 |  -0.204537 |      357 |      296 |       61 |   8.941497 |      9 | 0.922138 | 1.971611
1712 | 513300.0 | 513600.0 | 0.005239 | 0.016296 |   8.941497 |      9 | 0.922138 | 1.000000 | 1.010000 | 1.050000 | 0.940000 |   3.375154 |      359 |      303 |       56 |   8.941444 |      9 | 0.939822 | 1.523819
1713 | 513600.0 | 513900.0 | 0.005237 | 0.016294 |   8.941444 |      9 | 0.939822 | 1.000000 | 1.016667 | 0.910000 | 0.990000 |  -2.454866 |      355 |      305 |       50 |   8.941357 |      9 | 0.926964 | 1.849388
1714 | 513900.0 | 514200.0 | 0.005235 | 0.016293 |   8.941357 |      9 | 0.926964 | 1.000000 | 0.980000 | 0.996667 | 0.976667 |   0.613769 |      354 |      294 |       60 |   8.941462 |      9 | 0.930178 | 1.768020
1715 | 514200.0 | 514500.0 | 0.005233 | 0.016291 |   8.941462 |      9 | 0.930178 | 1.000000 | 0.990000 | 0.953333 | 1.010000 |  -1.739159 |      356 |      297 |       59 |   8.941514 |      9 | 0.921076 | 1.998493
1716 | 514500.0 | 514800.0 | 0.005231 | 0.016290 |   8.941514 |      9 | 0.921076 | 1.000000 | 1.026667 | 1.006667 | 0.970000 |   1.125434 |      360 |      308 |       52 |   8.941375 |      9 | 0.926964 | 1.849408
1717 | 514800.0 | 515100.0 | 0.005229 | 0.016289 |   8.941375 |      9 | 0.926964 | 1.000000 | 1.056667 | 1.013333 | 0.993333 |   0.613925 |      362 |      317 |       45 |   8.941078 |      9 | 0.930174 | 1.768114
1718 | 515100.0 | 515400.0 | 0.005227 | 0.016287 |   8.941078 |      9 | 0.930174 | 1.000000 | 0.993333 | 0.970000 | 1.006667 |  -1.125625 |      355 |      298 |       57 |   8.941113 |      9 | 0.924290 | 1.917109
1719 | 515400.0 | 515700.0 | 0.005225 | 0.016286 |   8.941113 |      9 | 0.924290 | 1.000000 | 1.030000 | 1.000000 | 1.030000 |  -0.921044 |      361 |      309 |       52 |   8.940956 |      9 | 0.919477 | 2.038977
1720 | 515700.0 | 516000.0 | 0.005223 | 0.016284 |   8.940956 |      9 | 0.919477 | 1.000000 | 1.073333 | 0.963333 | 1.020000 |  -1.739897 |      365 |      322 |       43 |   8.940573 |      9 | 0.910389 | 2.269104
1721 | 516000.0 | 516300.0 | 0.005221 | 0.016283 |   8.940573 |      9 | 0.910389 | 1.000000 | 0.976667 | 0.980000 | 0.966667 |   0.409422 |      357 |      293 |       64 |   8.940695 |      9 | 0.912527 | 2.214973
1722 | 516300.0 | 516600.0 | 0.005219 | 0.016282 |   8.940695 |      9 | 0.912527 | 1.000000 | 0.970000 | 1.016667 | 0.990000 |   0.818914 |      355 |      291 |       64 |   8.940852 |      9 | 0.916801 | 2.106743
1723 | 516600.0 | 516900.0 | 0.005217 | 0.016280 |   8.940852 |      9 | 0.916801 | 1.000000 | 0.990000 | 0.953333 | 0.956667 |  -0.102373 |      358 |      297 |       61 |   8.940904 |      9 | 0.916267 | 2.120267
1724 | 516900.0 | 517200.0 | 0.005215 | 0.016279 |   8.940904 |      9 | 0.916267 | 1.000000 | 1.036667 | 1.003333 | 1.023333 |  -0.614289 |      362 |      311 |       51 |   8.940713 |      9 | 0.913063 | 2.201391
1725 | 517200.0 | 517500.0 | 0.005213 | 0.016278 |   8.940713 |      9 | 0.913063 | 1.000000 | 0.986667 | 0.956667 | 0.976667 |  -0.614341 |      357 |      296 |       61 |   8.940782 |      9 | 0.909860 | 2.282491
1726 | 517500.0 | 517800.0 | 0.005211 | 0.016276 |   8.940782 |      9 | 0.909860 | 1.000000 | 1.030000 | 0.990000 | 0.956667 |   1.023989 |      362 |      309 |       53 |   8.940626 |      9 | 0.915197 | 2.147365
1727 | 517800.0 | 518100.0 | 0.005209 | 0.016275 |   8.940626 |      9 | 0.915197 | 1.000000 | 0.973333 | 0.973333 | 0.940000 |   1.024075 |      354 |      292 |       62 |   8.940765 |      9 | 0.920531 | 2.012280
1728 | 518100.0 | 518400.0 | 0.005207 | 0.016273 |   8.940765 |      9 | 0.920531 | 1.000000 | 1.040000 | 1.013333 | 0.923333 |   2.765236 |      361 |      312 |       49 |   8.940556 |      9 | 0.934931 | 1.647659
1729 | 518400.0 | 518700.0 | 0.005205 | 0.016272 |   8.940556 |      9 | 0.934931 | 1.000000 | 1.050000 | 0.990000 | 1.040000 |  -1.536372 |      362 |      315 |       47 |   8.940296 |      9 | 0.926934 | 1.850166
1730 | 518700.0 | 519000.0 | 0.005203 | 0.016271 |   8.940296 |      9 | 0.926934 | 1.000000 | 1.063333 | 1.046667 | 0.966667 |   2.458402 |      363 |      319 |       44 |   8.939967 |      9 | 0.939726 | 1.526251
1731 | 519000.0 | 519300.0 | 0.005201 | 0.016269 |   8.939967 |      9 | 0.939726 | 1.000000 | 1.020000 | 0.956667 | 0.940000 |   0.512210 |      355 |      306 |       49 |   8.939863 |      9 | 0.942390 | 1.458789
1732 | 519300.0 | 519600.0 | 0.005199 | 0.016268 |   8.939863 |      9 | 0.942390 | 1.000000 | 0.993333 | 0.873333 | 0.976667 |  -3.175971 |      352 |      298 |       55 |   8.939897 |      9 | 0.925877 | 1.876929
1733 | 519600.0 | 519900.0 | 0.005197 | 0.016267 |   8.939897 |      9 | 0.925877 | 1.000000 | 1.026667 | 1.090000 | 1.013333 |   2.356564 |      359 |      308 |       50 |   8.939759 |      9 | 0.938125 | 1.566788
1734 | 519900.0 | 520200.0 | 0.005195 | 0.016265 |   8.939759 |      9 | 0.938125 | 1.000000 | 1.013333 | 0.946667 | 0.996667 |  -1.537019 |      354 |      304 |       50 |   8.939689 |      9 | 0.930139 | 1.768994
1735 | 520200.0 | 520500.0 | 0.005193 | 0.016264 |   8.939689 |      9 | 0.930139 | 1.000000 | 0.986667 | 1.006667 | 1.023333 |  -0.512383 |      357 |      296 |       61 |   8.939759 |      9 | 0.927478 | 1.836376
1736 | 520500.0 | 520800.0 | 0.005191 | 0.016263 |   8.939759 |      9 | 0.927478 | 1.000000 | 1.010000 | 0.946667 | 0.986667 |  -1.229822 |      358 |      303 |       55 |   8.939707 |      9 | 0.921094 | 1.998044
1737 | 520800.0 | 521100.0 | 0.005189 | 0.016261 |   8.939707 |      9 | 0.921094 | 1.000000 | 1.026667 | 1.043333 | 1.016667 |   0.819950 |      359 |      308 |       51 |   8.939568 |      9 | 0.925349 | 1.890297
1738 | 521100.0 | 521400.0 | 0.005188 | 0.016260 |   8.939568 |      9 | 0.925349 | 1.000000 | 1.006667 | 1.003333 | 0.990000 |   0.410009 |      357 |      302 |       55 |   8.939534 |      9 | 0.927476 | 1.836440
1739 | 521400.0 | 521700.0 | 0.005186 | 0.016258 |   8.939534 |      9 | 0.927476 | 1.000000 | 0.993333 | 0.993333 | 0.950000 |   1.332642 |      358 |      298 |       60 |   8.939568 |      9 | 0.934386 | 1.661455
1740 | 521700.0 | 522000.0 | 0.005184 | 0.016257 |   8.939568 |      9 | 0.934386 | 1.000000 | 0.980000 | 0.913333 | 0.963333 |  -1.537793 |      354 |      294 |       60 |   8.939672 |      9 | 0.926415 | 1.863301
1741 | 522000.0 | 522300.0 | 0.005182 | 0.016256 |   8.939672 |      9 | 0.926415 | 1.000000 | 1.040000 | 1.010000 | 1.006667 |   0.102528 |      360 |      312 |       49 |   8.939465 |      9 | 0.926946 | 1.849848
1742 | 522300.0 | 522600.0 | 0.005180 | 0.016254 |   8.939465 |      9 | 0.926946 | 1.000000 | 0.996667 | 1.050000 | 0.993333 |   1.743124 |      355 |      299 |       55 |   8.939482 |      9 | 0.935975 | 1.621226
1743 | 522600.0 | 522900.0 | 0.005178 | 0.016253 |   8.939482 |      9 | 0.935975 | 1.000000 | 1.016667 | 1.010000 | 1.020000 |  -0.307636 |      355 |      305 |       50 |   8.939396 |      9 | 0.934382 | 1.661559
1744 | 522900.0 | 523200.0 | 0.005176 | 0.016252 |   8.939396 |      9 | 0.934382 | 1.000000 | 0.983333 | 0.960000 | 0.993333 |  -1.025539 |      353 |      295 |       59 |   8.939482 |      9 | 0.929074 | 1.795963
1745 | 523200.0 | 523500.0 | 0.005174 | 0.016250 |   8.939482 |      9 | 0.929074 | 1.000000 | 1.010000 | 0.976667 | 0.970000 |   0.205125 |      357 |      303 |       53 |   8.939430 |      9 | 0.930135 | 1.769090
1746 | 523500.0 | 523800.0 | 0.005172 | 0.016249 |   8.939430 |      9 | 0.930135 | 1.000000 | 0.996667 | 0.946667 | 0.983333 |  -1.128281 |      355 |      299 |       56 |   8.939447 |      9 | 0.924300 | 1.916847
1747 | 523800.0 | 524100.0 | 0.005170 | 0.016248 |   8.939447 |      9 | 0.924300 | 1.000000 | 0.990000 | 0.973333 | 1.006667 |  -1.025796 |      355 |      297 |       58 |   8.939499 |      9 | 0.918997 | 2.051132
1748 | 524100.0 | 524400.0 | 0.005168 | 0.016246 |   8.939499 |      9 | 0.918997 | 1.000000 | 0.966667 | 1.036667 | 0.983333 |   1.641410 |      355 |      290 |       65 |   8.939671 |      9 | 0.927480 | 1.836340
1749 | 524400.0 | 524700.0 | 0.005166 | 0.016245 |   8.939671 |      9 | 0.927480 | 1.000000 | 0.976667 | 0.990000 | 0.943333 |   1.436354 |      354 |      293 |       61 |   8.939792 |      9 | 0.934900 | 1.648452
1750 | 524700.0 | 525000.0 | 0.005164 | 0.016243 |   8.939792 |      9 | 0.934900 | 1.000000 | 0.986667 | 1.046667 | 0.963333 |   2.565131 |      354 |      296 |       58 |   8.939861 |      9 | 0.948146 | 1.313037
1751 | 525000.0 | 525300.0 | 0.005162 | 0.016242 |   8.939861 |      9 | 0.948146 | 1.000000 | 0.993333 | 0.790000 | 1.003333 |  -6.567284 |      347 |      298 |       49 |   8.939895 |      9 | 0.914246 | 2.171446
1752 | 525300.0 | 525600.0 | 0.005160 | 0.016241 |   8.939895 |      9 | 0.914246 | 1.000000 | 1.020000 | 0.990000 | 1.043333 |  -1.641958 |      359 |      306 |       53 |   8.939792 |      9 | 0.905773 | 2.385985
1753 | 525600.0 | 525900.0 | 0.005158 | 0.016239 |   8.939792 |      9 | 0.905773 | 1.000000 | 0.976667 | 0.943333 | 0.970000 |  -0.821047 |      356 |      293 |       63 |   8.939912 |      9 | 0.901538 | 2.493223
1754 | 525900.0 | 526200.0 | 0.005156 | 0.016238 |   8.939912 |      9 | 0.901538 | 1.000000 | 1.003333 | 1.053333 | 0.910000 |   4.413495 |      360 |      301 |       59 |   8.939895 |      9 | 0.924295 | 1.916989
1755 | 526200.0 | 526500.0 | 0.005154 | 0.016237 |   8.939895 |      9 | 0.924295 | 1.000000 | 0.996667 | 0.986667 | 0.996667 |  -0.307944 |      356 |      299 |       57 |   8.939912 |      9 | 0.922707 | 1.957180
1756 | 526500.0 | 526800.0 | 0.005152 | 0.016235 |   8.939912 |      9 | 0.922707 | 1.000000 | 1.030000 | 1.020000 | 1.010000 |   0.307969 |      359 |      309 |       50 |   8.939758 |      9 | 0.924294 | 1.917001
1757 | 526800.0 | 527100.0 | 0.005150 | 0.016234 |   8.939758 |      9 | 0.924294 | 1.000000 | 1.053333 | 0.976667 | 0.973333 |   0.102665 |      363 |      316 |       47 |   8.939483 |      9 | 0.924823 | 1.903612
1758 | 527100.0 | 527400.0 | 0.005148 | 0.016233 |   8.939483 |      9 | 0.924823 | 1.000000 | 1.033333 | 0.966667 | 1.006667 |  -1.232082 |      360 |      310 |       50 |   8.939312 |      9 | 0.918480 | 2.064232
1759 | 527400.0 | 527700.0 | 0.005146 | 0.016231 |   8.939312 |      9 | 0.918480 | 1.000000 | 1.023333 | 0.956667 | 0.980000 |  -0.718774 |      361 |      307 |       54 |   8.939191 |      9 | 0.914781 | 2.157900
1760 | 527700.0 | 528000.0 | 0.005144 | 0.016230 |   8.939191 |      9 | 0.914781 | 1.000000 | 1.026667 | 0.980000 | 0.990000 |  -0.308072 |      361 |      308 |       53 |   8.939054 |      9 | 0.913196 | 2.198032
1761 | 528000.0 | 528300.0 | 0.005143 | 0.016229 |   8.939054 |      9 | 0.913196 | 1.000000 | 1.006667 | 1.053333 | 0.993333 |   1.848583 |      358 |      302 |       56 |   8.939020 |      9 | 0.922702 | 1.957313
1762 | 528300.0 | 528600.0 | 0.005141 | 0.016227 |   8.939020 |      9 | 0.922702 | 1.000000 | 1.020000 | 1.006667 | 0.920000 |   2.670397 |      358 |      306 |       53 |   8.938917 |      9 | 0.936430 | 1.609710
1763 | 528600.0 | 528900.0 | 0.005139 | 0.016226 |   8.938917 |      9 | 0.936430 | 1.000000 | 0.996667 | 0.960000 | 1.030000 |  -2.157038 |      355 |      299 |       55 |   8.938934 |      9 | 0.925345 | 1.890384
1764 | 528900.0 | 529200.0 | 0.005137 | 0.016225 |   8.938934 |      9 | 0.925345 | 1.000000 | 1.040000 | 1.003333 | 0.976667 |   0.821797 |      361 |      312 |       49 |   8.938729 |      9 | 0.929567 | 1.783492
1765 | 529200.0 | 529500.0 | 0.005135 | 0.016223 |   8.938729 |      9 | 0.929567 | 1.000000 | 0.983333 | 1.073333 | 0.973333 |   3.081992 |      355 |      295 |       60 |   8.938814 |      9 | 0.945392 | 1.382764
1766 | 529500.0 | 529800.0 | 0.005133 | 0.016222 |   8.938814 |      9 | 0.945392 | 1.000000 | 0.983333 | 0.826667 | 1.036667 |  -6.472718 |      349 |      295 |       54 |   8.938900 |      9 | 0.912168 | 2.224046
1767 | 529800.0 | 530100.0 | 0.005131 | 0.016221 |   8.938900 |      9 | 0.912168 | 1.000000 | 0.963333 | 1.053333 | 0.990000 |   1.952251 |      354 |      289 |       65 |   8.939088 |      9 | 0.922185 | 1.970401
1768 | 530100.0 | 530400.0 | 0.005129 | 0.016219 |   8.939088 |      9 | 0.922185 | 1.000000 | 1.033333 | 1.006667 | 0.993333 |   0.411034 |      361 |      310 |       51 |   8.938917 |      9 | 0.924294 | 1.917017
1769 | 530400.0 | 530700.0 | 0.005127 | 0.016218 |   8.938917 |      9 | 0.924294 | 1.000000 | 1.020000 | 0.976667 | 1.033333 |  -1.747039 |      359 |      306 |       53 |   8.938815 |      9 | 0.915336 | 2.143831
1770 | 530700.0 | 531000.0 | 0.005125 | 0.016217 |   8.938815 |      9 | 0.915336 | 1.000000 | 1.076667 | 1.023333 | 0.990000 |   1.027755 |      366 |      323 |       43 |   8.938422 |      9 | 0.920604 | 2.010450
1771 | 531000.0 | 531300.0 | 0.005123 | 0.016215 |   8.938422 |      9 | 0.920604 | 1.000000 | 1.030000 | 1.056667 | 1.003333 |   1.644543 |      360 |      309 |       52 |   8.938268 |      9 | 0.929029 | 1.797103
1772 | 531300.0 | 531600.0 | 0.005121 | 0.016214 |   8.938268 |      9 | 0.929029 | 1.000000 | 1.000000 | 1.010000 | 0.966667 |   1.336301 |      356 |      300 |       55 |   8.938268 |      9 | 0.935873 | 1.623809
1773 | 531600.0 | 531900.0 | 0.005119 | 0.016213 |   8.938268 |      9 | 0.935873 | 1.000000 | 1.033333 | 0.963333 | 1.016667 |  -1.644814 |      358 |      310 |       48 |   8.938097 |      9 | 0.927452 | 1.837032
1774 | 531900.0 | 532200.0 | 0.005118 | 0.016211 |   8.938097 |      9 | 0.927452 | 1.000000 | 1.060000 | 1.013333 | 1.000000 |   0.411237 |      361 |      318 |       43 |   8.937790 |      9 | 0.929557 | 1.783741
1775 | 532200.0 | 532500.0 | 0.005116 | 0.016210 |   8.937790 |      9 | 0.929557 | 1.000000 | 1.033333 | 1.036667 | 0.926667 |   3.392986 |      361 |      310 |       51 |   8.937620 |      9 | 0.946914 | 1.344226
1776 | 532500.0 | 532800.0 | 0.005114 | 0.016209 |   8.937620 |      9 | 0.946914 | 1.000000 | 1.013333 | 0.820000 | 0.993333 |  -5.346963 |      351 |      304 |       47 |   8.937552 |      9 | 0.919571 | 2.036594
1777 | 532800.0 | 533100.0 | 0.005112 | 0.016207 |   8.937552 |      9 | 0.919571 | 1.000000 | 1.020000 | 1.040000 | 1.006667 |   1.028347 |      361 |      306 |       55 |   8.937449 |      9 | 0.924828 | 1.903485
1778 | 533100.0 | 533400.0 | 0.005110 | 0.016206 |   8.937449 |      9 | 0.924828 | 1.000000 | 0.990000 | 0.956667 | 0.976667 |  -0.617059 |      355 |      297 |       58 |   8.937500 |      9 | 0.921675 | 1.983328
1779 | 533400.0 | 533700.0 | 0.005108 | 0.016205 |   8.937500 |      9 | 0.921675 | 1.000000 | 1.023333 | 0.996667 | 0.990000 |   0.205703 |      360 |      307 |       53 |   8.937381 |      9 | 0.922726 | 1.956721
1780 | 533700.0 | 534000.0 | 0.005106 | 0.016203 |   8.937381 |      9 | 0.922726 | 1.000000 | 1.053333 | 1.026667 | 0.960000 |   2.057199 |      363 |      316 |       47 |   8.937109 |      9 | 0.933230 | 1.690735
1781 | 534000.0 | 534300.0 | 0.005104 | 0.016202 |   8.937109 |      9 | 0.933230 | 1.000000 | 0.953333 | 1.003333 | 1.016667 |  -0.411474 |      353 |      286 |       67 |   8.937347 |      9 | 0.931130 | 1.743917
1782 | 534300.0 | 534600.0 | 0.005102 | 0.016201 |   8.937347 |      9 | 0.931130 | 1.000000 | 1.006667 | 1.000000 | 0.970000 |   0.925891 |      355 |      302 |       53 |   8.937313 |      9 | 0.935854 | 1.624292
1783 | 534600.0 | 534900.0 | 0.005100 | 0.016199 |   8.937313 |      9 | 0.935854 | 1.000000 | 1.003333 | 0.956667 | 0.953333 |   0.102885 |      356 |      301 |       55 |   8.937296 |      9 | 0.936379 | 1.611005
1784 | 534900.0 | 535200.0 | 0.005099 | 0.016198 |   8.937296 |      9 | 0.936379 | 1.000000 | 0.986667 | 1.013333 | 1.013333 |   0.000000 |      352 |      296 |       56 |   8.937364 |      9 | 0.936379 | 1.611005
1785 | 535200.0 | 535500.0 | 0.005097 | 0.016197 |   8.937364 |      9 | 0.936379 | 1.000000 | 1.083333 | 0.923333 | 0.963333 |  -1.234825 |      364 |      325 |       39 |   8.936939 |      9 | 0.930085 | 1.770365
1786 | 535500.0 | 535800.0 | 0.005095 | 0.016195 |   8.936939 |      9 | 0.930085 | 1.000000 | 0.990000 | 1.040000 | 0.956667 |   2.572762 |      356 |      297 |       59 |   8.936990 |      9 | 0.943193 | 1.438460
1787 | 535800.0 | 536100.0 | 0.005093 | 0.016194 |   8.936990 |      9 | 0.943193 | 1.000000 | 0.990000 | 0.900000 | 1.023333 |  -3.807999 |      350 |      297 |       53 |   8.937041 |      9 | 0.923799 | 1.929537
1788 | 536100.0 | 536400.0 | 0.005091 | 0.016193 |   8.937041 |      9 | 0.923799 | 1.000000 | 1.033333 | 1.026667 | 1.046667 |  -0.617564 |      362 |      310 |       52 |   8.936871 |      9 | 0.920655 | 2.009149
1789 | 536400.0 | 536700.0 | 0.005089 | 0.016191 |   8.936871 |      9 | 0.920655 | 1.000000 | 1.013333 | 1.000000 | 0.946667 |   1.646971 |      358 |      304 |       54 |   8.936804 |      9 | 0.929037 | 1.796914
1790 | 536700.0 | 537000.0 | 0.005087 | 0.016190 |   8.936804 |      9 | 0.929037 | 1.000000 | 1.026667 | 1.013333 | 0.993333 |   0.617665 |      360 |      308 |       52 |   8.936668 |      9 | 0.932179 | 1.717349
1791 | 537000.0 | 537300.0 | 0.005085 | 0.016189 |   8.936668 |      9 | 0.932179 | 1.000000 | 0.996667 | 0.936667 | 1.006667 |  -2.162002 |      357 |      299 |       58 |   8.936685 |      9 | 0.921184 | 1.995746
1792 | 537300.0 | 537600.0 | 0.005083 | 0.016187 |   8.936685 |      9 | 0.921184 | 1.000000 | 1.046667 | 1.060000 | 0.993333 |   2.059217 |      362 |      314 |       48 |   8.936448 |      9 | 0.931652 | 1.730682
1793 | 537600.0 | 537900.0 | 0.005082 | 0.016186 |   8.936448 |      9 | 0.931652 | 1.000000 | 1.003333 | 1.000000 | 0.943333 |   1.750477 |      355 |      301 |       54 |   8.936431 |      9 | 0.940547 | 1.505443
1794 | 537900.0 | 538200.0 | 0.005080 | 0.016185 |   8.936431 |      9 | 0.940547 | 1.000000 | 1.006667 | 0.953333 | 1.000000 |  -1.441687 |      354 |      302 |       52 |   8.936397 |      9 | 0.933224 | 1.690880
1795 | 538200.0 | 538500.0 | 0.005078 | 0.016183 |   8.936397 |      9 | 0.933224 | 1.000000 | 1.016667 | 0.980000 | 0.976667 |   0.102986 |      357 |      305 |       52 |   8.936312 |      9 | 0.933747 | 1.677639
1796 | 538500.0 | 538800.0 | 0.005076 | 0.016182 |   8.936312 |      9 | 0.933747 | 1.000000 | 1.003333 | 1.033333 | 0.980000 |   1.647910 |      356 |      301 |       55 |   8.936295 |      9 | 0.942112 | 1.465832
1797 | 538800.0 | 539100.0 | 0.005074 | 0.016181 |   8.936295 |      9 | 0.942112 | 1.000000 | 0.996667 | 0.840000 | 1.020000 |  -5.562148 |      355 |      299 |       56 |   8.936312 |      9 | 0.913889 | 2.180474
1798 | 539100.0 | 539400.0 | 0.005072 | 0.016179 |   8.936312 |      9 | 0.913889 | 1.000000 | 1.063333 | 1.070000 | 0.943333 |   3.914422 |      364 |      319 |       45 |   8.935991 |      9 | 0.933744 | 1.677722
1799 | 539400.0 | 539700.0 | 0.005070 | 0.016178 |   8.935991 |      9 | 0.933744 | 1.000000 | 1.000000 | 0.956667 | 1.013333 |  -1.751331 |      356 |      300 |       57 |   8.935991 |      9 | 0.924864 | 1.902573
1800 | 539700.0 | 540000.0 | 0.005068 | 0.016177 |   8.935991 |      9 | 0.924864 | 1.000000 | 0.980000 | 1.036667 | 0.966667 |   2.163584 |      355 |      294 |       60 |   8.936092 |      9 | 0.935830 | 1.624896
1801 | 540000.0 | 540300.0 | 0.005067 | 0.016176 |   8.936092 |      9 | 0.935830 | 1.000000 | 1.040000 | 0.980000 | 0.976667 |   0.103036 |      359 |      312 |       47 |   8.935890 |      9 | 0.936352 | 1.611677
1802 | 540300.0 | 540600.0 | 0.005065 | 0.016174 |   8.935890 |      9 | 0.936352 | 1.000000 | 1.036667 | 0.920000 | 0.963333 |  -1.339579 |      358 |      311 |       47 |   8.935704 |      9 | 0.929567 | 1.783474
1803 | 540600.0 | 540900.0 | 0.005063 | 0.016173 |   8.935704 |      9 | 0.929567 | 1.000000 | 1.006667 | 0.990000 | 0.936667 |   1.648846 |      356 |      302 |       54 |   8.935670 |      9 | 0.937915 | 1.572093
1804 | 540900.0 | 541200.0 | 0.005061 | 0.016172 |   8.935670 |      9 | 0.937915 | 1.000000 | 1.003333 | 0.960000 | 0.990000 |  -0.927551 |      355 |      301 |       54 |   8.935653 |      9 | 0.933221 | 1.690960
1805 | 541200.0 | 541500.0 | 0.005059 | 0.016170 |   8.935653 |      9 | 0.933221 | 1.000000 | 0.960000 | 1.023333 | 1.046667 |  -0.721487 |      352 |      288 |       64 |   8.935856 |      9 | 0.929571 | 1.783387
1806 | 541500.0 | 541800.0 | 0.005057 | 0.016169 |   8.935856 |      9 | 0.929571 | 1.000000 | 1.010000 | 1.063333 | 0.956667 |   3.298492 |      357 |      303 |       54 |   8.935805 |      9 | 0.946252 | 1.360988
1807 | 541800.0 | 542100.0 | 0.005055 | 0.016168 |   8.935805 |      9 | 0.946252 | 1.000000 | 1.023333 | 0.790000 | 1.030000 |  -7.422206 |      353 |      307 |       47 |   8.935687 |      9 | 0.908730 | 2.311113
1808 | 542100.0 | 542400.0 | 0.005054 | 0.016166 |   8.935687 |      9 | 0.908730 | 1.000000 | 1.040000 | 1.010000 | 1.046667 |  -1.134040 |      363 |      312 |       50 |   8.935485 |      9 | 0.902999 | 2.456229
1809 | 542400.0 | 542700.0 | 0.005052 | 0.016165 |   8.935485 |      9 | 0.902999 | 1.000000 | 1.010000 | 1.046667 | 0.933333 |   3.505497 |      360 |      303 |       57 |   8.935435 |      9 | 0.920708 | 2.007816
1810 | 542700.0 | 543000.0 | 0.005050 | 0.016164 |   8.935435 |      9 | 0.920708 | 1.000000 | 1.040000 | 1.040000 | 0.963333 |   2.371557 |      362 |      312 |       50 |   8.935233 |      9 | 0.932684 | 1.704564
1811 | 543000.0 | 543300.0 | 0.005048 | 0.016162 |   8.935233 |      9 | 0.932684 | 1.000000 | 1.030000 | 1.023333 | 1.013333 |   0.309358 |      357 |      309 |       48 |   8.935081 |      9 | 0.934245 | 1.665021
1812 | 543300.0 | 543600.0 | 0.005046 | 0.016161 |   8.935081 |      9 | 0.934245 | 1.000000 | 1.050000 | 0.980000 | 1.016667 |  -1.134406 |      361 |      315 |       46 |   8.934829 |      9 | 0.928521 | 1.809971
1813 | 543600.0 | 543900.0 | 0.005044 | 0.016160 |   8.934829 |      9 | 0.928521 | 1.000000 | 1.026667 | 0.953333 | 0.996667 |  -1.340769 |      359 |      308 |       51 |   8.934694 |      9 | 0.921758 | 1.981228
1814 | 543900.0 | 544200.0 | 0.005042 | 0.016159 |   8.934694 |      9 | 0.921758 | 1.000000 | 1.013333 | 0.996667 | 0.980000 |   0.515722 |      359 |      304 |       55 |   8.934627 |      9 | 0.924358 | 1.915379
1815 | 544200.0 | 544500.0 | 0.005041 | 0.016157 |   8.934627 |      9 | 0.924358 | 1.000000 | 0.980000 | 1.000000 | 1.023333 |  -0.722069 |      355 |      294 |       61 |   8.934728 |      9 | 0.920719 | 2.007541
1816 | 544500.0 | 544800.0 | 0.005039 | 0.016156 |   8.934728 |      9 | 0.920719 | 1.000000 | 1.046667 | 0.990000 | 0.950000 |   1.237932 |      363 |      314 |       49 |   8.934493 |      9 | 0.926956 | 1.849594
1817 | 544800.0 | 545100.0 | 0.005037 | 0.016155 |   8.934493 |      9 | 0.926956 | 1.000000 | 1.020000 | 0.996667 | 0.986667 |   0.309508 |      359 |      306 |       53 |   8.934392 |      9 | 0.928515 | 1.810118
1818 | 545100.0 | 545400.0 | 0.005035 | 0.016153 |   8.934392 |      9 | 0.928515 | 1.000000 | 0.996667 | 0.950000 | 1.016667 |  -2.063551 |      355 |      299 |       57 |   8.934409 |      9 | 0.918125 | 2.073214
1819 | 545400.0 | 545700.0 | 0.005033 | 0.016152 |   8.934409 |      9 | 0.918125 | 1.000000 | 1.010000 | 0.973333 | 0.973333 |   0.000000 |      360 |      303 |       56 |   8.934358 |      9 | 0.918125 | 2.073214
1820 | 545700.0 | 546000.0 | 0.005031 | 0.016151 |   8.934358 |      9 | 0.918125 | 1.000000 | 0.983333 | 1.066667 | 0.986667 |   2.476659 |      355 |      295 |       60 |   8.934442 |      9 | 0.930586 | 1.757678
1821 | 546000.0 | 546300.0 | 0.005030 | 0.016149 |   8.934442 |      9 | 0.930586 | 1.000000 | 1.046667 | 0.966667 | 0.946667 |   0.619214 |      363 |      314 |       50 |   8.934208 |      9 | 0.933701 | 1.678817
1822 | 546300.0 | 546600.0 | 0.005028 | 0.016148 |   8.934208 |      9 | 0.933701 | 1.000000 | 1.023333 | 1.010000 | 1.023333 |  -0.412843 |      358 |      307 |       50 |   8.934090 |      9 | 0.931625 | 1.731376
1823 | 546600.0 | 546900.0 | 0.005026 | 0.016147 |   8.934090 |      9 | 0.931625 | 1.000000 | 0.986667 | 0.980000 | 0.916667 |   1.961160 |      354 |      296 |       58 |   8.934157 |      9 | 0.941481 | 1.481790
1824 | 546900.0 | 547200.0 | 0.005024 | 0.016146 |   8.934157 |      9 | 0.941481 | 1.000000 | 1.006667 | 0.873333 | 0.940000 |  -2.064544 |      353 |      302 |       51 |   8.934124 |      9 | 0.931109 | 1.744438
1825 | 547200.0 | 547500.0 | 0.005022 | 0.016144 |   8.934124 |      9 | 0.931109 | 1.000000 | 1.050000 | 0.960000 | 0.946667 |   0.412942 |      363 |      315 |       48 |   8.933873 |      9 | 0.933183 | 1.691923
1826 | 547500.0 | 547800.0 | 0.005020 | 0.016143 |   8.933873 |      9 | 0.933183 | 1.000000 | 0.990000 | 0.993333 | 0.976667 |   0.516219 |      354 |      297 |       57 |   8.933923 |      9 | 0.935775 | 1.626298
1827 | 547800.0 | 548100.0 | 0.005019 | 0.016142 |   8.933923 |      9 | 0.935775 | 1.000000 | 0.993333 | 0.966667 | 0.966667 |   0.000000 |      353 |      298 |       55 |   8.933956 |      9 | 0.935775 | 1.626298
1828 | 548100.0 | 548400.0 | 0.005017 | 0.016140 |   8.933956 |      9 | 0.935775 | 1.000000 | 1.056667 | 0.960000 | 0.993333 |  -1.032602 |      361 |      317 |       44 |   8.933672 |      9 | 0.930594 | 1.757473
1829 | 548400.0 | 548700.0 | 0.005015 | 0.016139 |   8.933672 |      9 | 0.930594 | 1.000000 | 1.050000 | 0.966667 | 1.040000 |  -2.271906 |      363 |      315 |       48 |   8.933421 |      9 | 0.919201 | 2.045977
1830 | 548700.0 | 549000.0 | 0.005013 | 0.016138 |   8.933421 |      9 | 0.919201 | 1.000000 | 0.920000 | 0.950000 | 0.970000 |  -0.619660 |      349 |      276 |       73 |   8.933822 |      9 | 0.916094 | 2.124637
1831 | 549000.0 | 549300.0 | 0.005011 | 0.016137 |   8.933822 |      9 | 0.916094 | 1.000000 | 1.010000 | 1.056667 | 0.950000 |   3.305119 |      359 |      303 |       56 |   8.933772 |      9 | 0.932657 | 1.705233
1832 | 549300.0 | 549600.0 | 0.005010 | 0.016135 |   8.933772 |      9 | 0.932657 | 1.000000 | 1.066667 | 0.923333 | 0.963333 |  -1.239518 |      361 |      320 |       41 |   8.933438 |      9 | 0.926448 | 1.862465
1833 | 549600.0 | 549900.0 | 0.005008 | 0.016134 |   8.933438 |      9 | 0.926448 | 1.000000 | 1.080000 | 1.000000 | 1.020000 |  -0.619809 |      364 |      324 |       40 |   8.933038 |      9 | 0.923344 | 1.941059
1834 | 549900.0 | 550200.0 | 0.005006 | 0.016133 |   8.933038 |      9 | 0.923344 | 1.000000 | 0.993333 | 1.016667 | 0.973333 |   1.343025 |      356 |      298 |       60 |   8.933071 |      9 | 0.930067 | 1.770821
1835 | 550200.0 | 550500.0 | 0.005004 | 0.016131 |   8.933071 |      9 | 0.930067 | 1.000000 | 1.073333 | 1.006667 | 0.936667 |   2.169675 |      364 |      322 |       40 |   8.932704 |      9 | 0.940924 | 1.495898
1836 | 550500.0 | 550800.0 | 0.005002 | 0.016130 |   8.932704 |      9 | 0.940924 | 1.000000 | 0.986667 | 0.903333 | 1.020000 |  -3.616413 |      352 |      296 |       56 |   8.932771 |      9 | 0.922834 | 1.953974
1837 | 550800.0 | 551100.0 | 0.005000 | 0.016129 |   8.932771 |      9 | 0.922834 | 1.000000 | 1.036667 | 0.966667 | 0.996667 |  -0.930009 |      361 |      311 |       50 |   8.932587 |      9 | 0.918184 | 2.071731
1838 | 551100.0 | 551400.0 | 0.004999 | 0.016128 |   8.932587 |      9 | 0.918184 | 1.000000 | 1.033333 | 0.956667 | 0.936667 |   0.620055 |      361 |      310 |       51 |   8.932421 |      9 | 0.921283 | 1.993248
1839 | 551400.0 | 551700.0 | 0.004997 | 0.016126 |   8.932421 |      9 | 0.921283 | 1.000000 | 0.983333 | 1.006667 | 0.936667 |   2.170365 |      355 |      295 |       60 |   8.932504 |      9 | 0.932128 | 1.718635
1840 | 551700.0 | 552000.0 | 0.004995 | 0.016125 |   8.932504 |      9 | 0.932128 | 1.000000 | 1.090000 | 0.973333 | 1.023333 |  -1.550384 |      365 |      327 |       38 |   8.932055 |      9 | 0.924384 | 1.914732
1841 | 552000.0 | 552300.0 | 0.004993 | 0.016124 |   8.932055 |      9 | 0.924384 | 1.000000 | 1.046667 | 1.026667 | 0.940000 |   2.687545 |      362 |      314 |       48 |   8.931822 |      9 | 0.937803 | 1.574926
1842 | 552300.0 | 552600.0 | 0.004991 | 0.016122 |   8.931822 |      9 | 0.937803 | 1.000000 | 0.966667 | 0.953333 | 1.033333 |  -2.481008 |      353 |      290 |       63 |   8.931988 |      9 | 0.925420 | 1.888505
1843 | 552600.0 | 552900.0 | 0.004990 | 0.016121 |   8.931988 |      9 | 0.925420 | 1.000000 | 1.000000 | 1.033333 | 0.973333 |   1.860903 |      355 |      300 |       55 |   8.931988 |      9 | 0.934705 | 1.653387
1844 | 552900.0 | 553200.0 | 0.004988 | 0.016120 |   8.931988 |      9 | 0.934705 | 1.000000 | 1.020000 | 0.946667 | 1.000000 |  -1.654267 |      356 |      306 |       50 |   8.931888 |      9 | 0.926454 | 1.862322
1845 | 553200.0 | 553500.0 | 0.004986 | 0.016119 |   8.931888 |      9 | 0.926454 | 1.000000 | 1.006667 | 0.970000 | 1.000000 |  -0.930599 |      357 |      302 |       55 |   8.931855 |      9 | 0.921814 | 1.979815
1846 | 553500.0 | 553800.0 | 0.004984 | 0.016117 |   8.931855 |      9 | 0.921814 | 1.000000 | 1.036667 | 1.023333 | 1.033333 |  -0.310224 |      362 |      311 |       51 |   8.931672 |      9 | 0.920267 | 2.018968
1847 | 553800.0 | 554100.0 | 0.004982 | 0.016116 |   8.931672 |      9 | 0.920267 | 1.000000 | 1.026667 | 0.963333 | 0.963333 |   0.000000 |      358 |      308 |       50 |   8.931539 |      9 | 0.920267 | 2.018968
1848 | 554100.0 | 554400.0 | 0.004981 | 0.016115 |   8.931539 |      9 | 0.920267 | 1.000000 | 1.020000 | 1.006667 | 0.933333 |   2.275338 |      360 |      306 |       54 |   8.931440 |      9 | 0.931600 | 1.732005
1849 | 554400.0 | 554700.0 | 0.004979 | 0.016114 |   8.931440 |      9 | 0.931600 | 1.000000 | 0.963333 | 0.923333 | 0.990000 |  -2.068652 |      352 |      289 |       63 |   8.931622 |      9 | 0.921300 | 1.992808
1850 | 554700.0 | 555000.0 | 0.004977 | 0.016112 |   8.931622 |      9 | 0.921300 | 1.000000 | 0.996667 | 1.013333 | 0.983333 |   0.930967 |      357 |      299 |       58 |   8.931639 |      9 | 0.925934 | 1.875479
1851 | 555000.0 | 555300.0 | 0.004975 | 0.016111 |   8.931639 |      9 | 0.925934 | 1.000000 | 1.046667 | 1.023333 | 0.933333 |   2.793121 |      361 |      314 |       48 |   8.931407 |      9 | 0.939831 | 1.523592
1852 | 555300.0 | 555600.0 | 0.004974 | 0.016110 |   8.931407 |      9 | 0.939831 | 1.000000 | 0.940000 | 0.960000 | 0.980000 |  -0.620743 |      347 |      282 |       64 |   8.931705 |      9 | 0.936743 | 1.601768
1853 | 555600.0 | 555900.0 | 0.004972 | 0.016108 |   8.931705 |      9 | 0.936743 | 1.000000 | 1.026667 | 0.920000 | 0.920000 |   0.000000 |      356 |      308 |       48 |   8.931572 |      9 | 0.936743 | 1.601768
1854 | 555900.0 | 556200.0 | 0.004970 | 0.016107 |   8.931572 |      9 | 0.936743 | 1.000000 | 1.006667 | 1.013333 | 1.010000 |   0.103473 |      356 |      302 |       54 |   8.931539 |      9 | 0.937258 | 1.588746
1855 | 556200.0 | 556500.0 | 0.004968 | 0.016106 |   8.931539 |      9 | 0.937258 | 1.000000 | 1.070000 | 0.986667 | 0.990000 |  -0.103482 |      361 |      321 |       40 |   8.931192 |      9 | 0.936743 | 1.601764
1856 | 556500.0 | 556800.0 | 0.004966 | 0.016105 |   8.931192 |      9 | 0.936743 | 1.000000 | 1.076667 | 0.970000 | 0.993333 |  -0.724428 |      362 |      323 |       40 |   8.930811 |      9 | 0.933146 | 1.692867
1857 | 556800.0 | 557100.0 | 0.004965 | 0.016103 |   8.930811 |      9 | 0.933146 | 1.000000 | 1.000000 | 1.030000 | 0.960000 |   2.173455 |      357 |      300 |       56 |   8.930811 |      9 | 0.943936 | 1.419635
1858 | 557100.0 | 557400.0 | 0.004963 | 0.016102 |   8.930811 |      9 | 0.943936 | 1.000000 | 0.996667 | 0.873333 | 1.033333 |  -4.968288 |      352 |      299 |       53 |   8.930827 |      9 | 0.919279 | 2.043990
1859 | 557400.0 | 557700.0 | 0.004961 | 0.016101 |   8.930827 |      9 | 0.919279 | 1.000000 | 0.996667 | 1.000000 | 0.966667 |   1.035141 |      358 |      299 |       59 |   8.930844 |      9 | 0.924415 | 1.913952
1860 | 557700.0 | 558000.0 | 0.004959 | 0.016100 |   8.930844 |      9 | 0.924415 | 1.000000 | 1.040000 | 1.003333 | 0.936667 |   2.070445 |      360 |      312 |       48 |   8.930646 |      9 | 0.934683 | 1.653949
1861 | 558000.0 | 558300.0 | 0.004958 | 0.016098 |   8.930646 |      9 | 0.934683 | 1.000000 | 0.980000 | 0.990000 | 1.033333 |  -1.345895 |      351 |      294 |       57 |   8.930745 |      9 | 0.928010 | 1.822904
1862 | 558300.0 | 558600.0 | 0.004956 | 0.016097 |   8.930745 |      9 | 0.928010 | 1.000000 | 1.043333 | 1.000000 | 1.016667 |  -0.517693 |      362 |      313 |       49 |   8.930530 |      9 | 0.925445 | 1.887868
1863 | 558600.0 | 558900.0 | 0.004954 | 0.016096 |   8.930530 |      9 | 0.925445 | 1.000000 | 1.033333 | 0.993333 | 1.040000 |  -1.449653 |      358 |      310 |       49 |   8.930365 |      9 | 0.918263 | 2.069718
1864 | 558900.0 | 559200.0 | 0.004952 | 0.016095 |   8.930365 |      9 | 0.918263 | 1.000000 | 1.050000 | 1.023333 | 0.986667 |   1.139102 |      363 |      315 |       47 |   8.930117 |      9 | 0.923904 | 1.926876
1865 | 559200.0 | 559500.0 | 0.004950 | 0.016093 |   8.930117 |      9 | 0.923904 | 1.000000 | 0.966667 | 1.070000 | 0.990000 |   2.485509 |      354 |      290 |       64 |   8.930282 |      9 | 0.936209 | 1.615307
1866 | 559500.0 | 559800.0 | 0.004949 | 0.016092 |   8.930282 |      9 | 0.936209 | 1.000000 | 0.993333 | 0.956667 | 1.006667 |  -1.553565 |      353 |      298 |       57 |   8.930315 |      9 | 0.928521 | 1.809983
1867 | 559800.0 | 560100.0 | 0.004947 | 0.016091 |   8.930315 |      9 | 0.928521 | 1.000000 | 1.003333 | 0.936667 | 0.970000 |  -1.035791 |      357 |      301 |       54 |   8.930299 |      9 | 0.923397 | 1.939732
1868 | 560100.0 | 560400.0 | 0.004945 | 0.016090 |   8.930299 |      9 | 0.923397 | 1.000000 | 1.050000 | 1.016667 | 1.026667 |  -0.310762 |      363 |      315 |       48 |   8.930051 |      9 | 0.921860 | 1.978646
1869 | 560400.0 | 560700.0 | 0.004943 | 0.016088 |   8.930051 |      9 | 0.921860 | 1.000000 | 1.010000 | 0.963333 | 0.990000 |  -0.828762 |      357 |      303 |       54 |   8.930002 |      9 | 0.917763 | 2.082387
1870 | 560700.0 | 561000.0 | 0.004942 | 0.016087 |   8.930002 |      9 | 0.917763 | 1.000000 | 1.020000 | 1.030000 | 0.933333 |   3.004498 |      360 |      306 |       54 |   8.929903 |      9 | 0.932610 | 1.706429
1871 | 561000.0 | 561300.0 | 0.004940 | 0.016086 |   8.929903 |      9 | 0.932610 | 1.000000 | 1.006667 | 1.016667 | 0.986667 |   0.932503 |      355 |      302 |       53 |   8.929870 |      9 | 0.937217 | 1.589785
1872 | 561300.0 | 561600.0 | 0.004938 | 0.016084 |   8.929870 |      9 | 0.937217 | 1.000000 | 0.990000 | 0.923333 | 1.010000 |  -2.694109 |      352 |      297 |       55 |   8.929920 |      9 | 0.923913 | 1.926664
1873 | 561600.0 | 561900.0 | 0.004936 | 0.016083 |   8.929920 |      9 | 0.923913 | 1.000000 | 1.010000 | 0.973333 | 0.993333 |  -0.621766 |      358 |      303 |       55 |   8.929870 |      9 | 0.920843 | 2.004384
1874 | 561900.0 | 562200.0 | 0.004935 | 0.016082 |   8.929870 |      9 | 0.920843 | 1.000000 | 1.006667 | 1.010000 | 1.016667 |  -0.207271 |      358 |      302 |       57 |   8.929837 |      9 | 0.919820 | 2.030283
1875 | 562200.0 | 562500.0 | 0.004933 | 0.016081 |   8.929837 |      9 | 0.919820 | 1.000000 | 1.053333 | 1.010000 | 0.973333 |   1.140082 |      363 |      316 |       46 |   8.929574 |      9 | 0.925444 | 1.887876
1876 | 562500.0 | 562800.0 | 0.004931 | 0.016079 |   8.929574 |      9 | 0.925444 | 1.000000 | 1.030000 | 0.956667 | 0.976667 |  -0.621911 |      360 |      309 |       51 |   8.929426 |      9 | 0.922378 | 1.965531
1877 | 562800.0 | 563100.0 | 0.004929 | 0.016078 |   8.929426 |      9 | 0.922378 | 1.000000 | 1.063333 | 0.973333 | 1.006667 |  -1.036600 |      363 |      319 |       44 |   8.929114 |      9 | 0.917268 | 2.094920
1878 | 563100.0 | 563400.0 | 0.004928 | 0.016077 |   8.929114 |      9 | 0.917268 | 1.000000 | 1.046667 | 1.006667 | 1.006667 |   0.000000 |      364 |      314 |       50 |   8.928884 |      9 | 0.917268 | 2.094920
1879 | 563400.0 | 563700.0 | 0.004926 | 0.016076 |   8.928884 |      9 | 0.917268 | 1.000000 | 1.016667 | 1.003333 | 0.933333 |   2.177198 |      359 |      305 |       55 |   8.928802 |      9 | 0.927993 | 1.823352
1880 | 563700.0 | 564000.0 | 0.004924 | 0.016074 |   8.928802 |      9 | 0.927993 | 1.000000 | 1.026667 | 0.990000 | 0.970000 |   0.622105 |      359 |      308 |       50 |   8.928671 |      9 | 0.931056 | 1.745783
1881 | 564000.0 | 564300.0 | 0.004922 | 0.016073 |   8.928671 |      9 | 0.931056 | 1.000000 | 1.040000 | 1.040000 | 0.986667 |   1.659075 |      360 |      312 |       48 |   8.928474 |      9 | 0.939223 | 1.538988
1882 | 564300.0 | 564600.0 | 0.004921 | 0.016072 |   8.928474 |      9 | 0.939223 | 1.000000 | 1.046667 | 0.953333 | 1.020000 |  -2.074005 |      359 |      314 |       45 |   8.928244 |      9 | 0.929017 | 1.797410
1883 | 564600.0 | 564900.0 | 0.004919 | 0.016071 |   8.928244 |      9 | 0.929017 | 1.000000 | 1.040000 | 0.960000 | 1.043333 |  -2.592708 |      358 |      312 |       46 |   8.928047 |      9 | 0.916264 | 2.120349
1884 | 564900.0 | 565200.0 | 0.004917 | 0.016069 |   8.928047 |      9 | 0.916264 | 1.000000 | 1.046667 | 1.010000 | 0.990000 |   0.622298 |      363 |      314 |       49 |   8.927818 |      9 | 0.919324 | 2.042865
1885 | 565200.0 | 565500.0 | 0.004915 | 0.016068 |   8.927818 |      9 | 0.919324 | 1.000000 | 1.033333 | 1.030000 | 1.010000 |   0.622346 |      362 |      310 |       52 |   8.927654 |      9 | 0.922383 | 1.965403
1886 | 565500.0 | 565800.0 | 0.004914 | 0.016067 |   8.927654 |      9 | 0.922383 | 1.000000 | 1.020000 | 1.000000 | 0.980000 |   0.622395 |      359 |      306 |       53 |   8.927556 |      9 | 0.925441 | 1.887961
1887 | 565800.0 | 566100.0 | 0.004912 | 0.016066 |   8.927556 |      9 | 0.925441 | 1.000000 | 0.986667 | 0.976667 | 1.010000 |  -1.037405 |      355 |      296 |       60 |   8.927621 |      9 | 0.920345 | 2.016995
1888 | 566100.0 | 566400.0 | 0.004910 | 0.016064 |   8.927621 |      9 | 0.920345 | 1.000000 | 1.013333 | 0.990000 | 1.000000 |  -0.311245 |      360 |      304 |       55 |   8.927556 |      9 | 0.918817 | 2.055694
1889 | 566400.0 | 566700.0 | 0.004909 | 0.016063 |   8.927556 |      9 | 0.918817 | 1.000000 | 1.080000 | 1.053333 | 1.040000 |   0.415026 |      365 |      324 |       41 |   8.927163 |      9 | 0.920854 | 2.004109
1890 | 566700.0 | 567000.0 | 0.004907 | 0.016062 |   8.927163 |      9 | 0.920854 | 1.000000 | 1.026667 | 0.976667 | 0.920000 |   1.763997 |      360 |      308 |       52 |   8.927032 |      9 | 0.929510 | 1.784933
1891 | 567000.0 | 567300.0 | 0.004905 | 0.016061 |   8.927032 |      9 | 0.929510 | 1.000000 | 1.016667 | 0.976667 | 1.003333 |  -0.830181 |      358 |      305 |       53 |   8.926951 |      9 | 0.925438 | 1.888046
1892 | 567300.0 | 567600.0 | 0.004903 | 0.016060 |   8.926951 |      9 | 0.925438 | 1.000000 | 1.040000 | 1.020000 | 1.006667 |   0.415122 |      360 |      312 |       48 |   8.926755 |      9 | 0.927473 | 1.836504
1893 | 567600.0 | 567900.0 | 0.004902 | 0.016058 |   8.926755 |      9 | 0.927473 | 1.000000 | 0.973333 | 1.000000 | 0.993333 |   0.207577 |      354 |      292 |       62 |   8.926885 |      9 | 0.928491 | 1.810739
1894 | 567900.0 | 568200.0 | 0.004900 | 0.016057 |   8.926885 |      9 | 0.928491 | 1.000000 | 1.023333 | 0.973333 | 0.970000 |   0.103797 |      358 |      307 |       51 |   8.926771 |      9 | 0.928999 | 1.797861
1895 | 568200.0 | 568500.0 | 0.004898 | 0.016056 |   8.926771 |      9 | 0.928999 | 1.000000 | 1.046667 | 1.016667 | 1.020000 |  -0.103805 |      362 |      314 |       48 |   8.926542 |      9 | 0.928491 | 1.810736
1896 | 568500.0 | 568800.0 | 0.004897 | 0.016055 |   8.926542 |      9 | 0.928491 | 1.000000 | 1.043333 | 1.056667 | 1.016667 |   1.245751 |      359 |      313 |       46 |   8.926330 |      9 | 0.934591 | 1.656277
1897 | 568800.0 | 569100.0 | 0.004895 | 0.016053 |   8.926330 |      9 | 0.934591 | 1.000000 | 0.976667 | 0.993333 | 0.993333 |   0.000000 |      354 |      293 |       61 |   8.926444 |      9 | 0.934591 | 1.656277
1898 | 569100.0 | 569400.0 | 0.004893 | 0.016052 |   8.926444 |      9 | 0.934591 | 1.000000 | 1.080000 | 0.960000 | 0.960000 |   0.000000 |      362 |      324 |       38 |   8.926053 |      9 | 0.934591 | 1.656277
1899 | 569400.0 | 569700.0 | 0.004891 | 0.016051 |   8.926053 |      9 | 0.934591 | 1.000000 | 1.036667 | 1.010000 | 1.016667 |  -0.207673 |      359 |      311 |       48 |   8.925874 |      9 | 0.933575 | 1.681999
1900 | 569700.0 | 570000.0 | 0.004890 | 0.016050 |   8.925874 |      9 | 0.933575 | 1.000000 | 1.060000 | 0.983333 | 0.963333 |   0.623068 |      360 |      318 |       42 |   8.925580 |      9 | 0.936621 | 1.604854
1901 | 570000.0 | 570300.0 | 0.004888 | 0.016048 |   8.925580 |      9 | 0.936621 | 1.000000 | 0.996667 | 0.983333 | 1.040000 |  -1.765494 |      354 |      299 |       56 |   8.925596 |      9 | 0.927992 | 1.823372
1902 | 570300.0 | 570600.0 | 0.004886 | 0.016047 |   8.925596 |      9 | 0.927992 | 1.000000 | 0.963333 | 0.976667 | 1.000000 |  -0.727024 |      353 |      289 |       63 |   8.925776 |      9 | 0.924439 | 1.913325
1903 | 570600.0 | 570900.0 | 0.004885 | 0.016046 |   8.925776 |      9 | 0.924439 | 1.000000 | 1.013333 | 1.040000 | 1.010000 |   0.934817 |      359 |      304 |       55 |   8.925710 |      9 | 0.929006 | 1.797702
1904 | 570900.0 | 571200.0 | 0.004883 | 0.016045 |   8.925710 |      9 | 0.929006 | 1.000000 | 0.996667 | 1.003333 | 0.906667 |   3.012419 |      355 |      299 |       56 |   8.925727 |      9 | 0.943715 | 1.425242
1905 | 571200.0 | 571500.0 | 0.004881 | 0.016043 |   8.925727 |      9 | 0.943715 | 1.000000 | 1.003333 | 0.840000 | 0.986667 |  -4.570918 |      352 |      301 |       51 |   8.925710 |      9 | 0.921403 | 1.990200
1906 | 571500.0 | 571800.0 | 0.004879 | 0.016042 |   8.925710 |      9 | 0.921403 | 1.000000 | 1.013333 | 1.000000 | 1.010000 |  -0.311677 |      358 |      304 |       54 |   8.925645 |      9 | 0.919883 | 2.028710
1907 | 571800.0 | 572100.0 | 0.004878 | 0.016041 |   8.925645 |      9 | 0.919883 | 1.000000 | 0.963333 | 0.976667 | 0.976667 |   0.000000 |      356 |      289 |       67 |   8.925824 |      9 | 0.919883 | 2.028710
1908 | 572100.0 | 572400.0 | 0.004876 | 0.016040 |   8.925824 |      9 | 0.919883 | 1.000000 | 1.043333 | 0.953333 | 1.020000 |  -2.078168 |      360 |      313 |       47 |   8.925613 |      9 | 0.909749 | 2.285300
1909 | 572400.0 | 572700.0 | 0.004874 | 0.016039 |   8.925613 |      9 | 0.909749 | 1.000000 | 0.956667 | 0.960000 | 0.983333 |  -0.727414 |      355 |      287 |       68 |   8.925824 |      9 | 0.906204 | 2.375082
1910 | 572700.0 | 573000.0 | 0.004873 | 0.016037 |   8.925824 |      9 | 0.906204 | 1.000000 | 0.960000 | 1.023333 | 0.970000 |   1.662789 |      355 |      288 |       67 |   8.926019 |      9 | 0.914306 | 2.169921
1911 | 573000.0 | 573300.0 | 0.004871 | 0.016036 |   8.926019 |      9 | 0.914306 | 1.000000 | 1.046667 | 1.023333 | 0.986667 |   1.143255 |      362 |      314 |       48 |   8.925792 |      9 | 0.919875 | 2.028912
1912 | 573300.0 | 573600.0 | 0.004869 | 0.016035 |   8.925792 |      9 | 0.919875 | 1.000000 | 0.993333 | 1.006667 | 1.013333 |  -0.207880 |      358 |      298 |       61 |   8.925824 |      9 | 0.918862 | 2.054543
1913 | 573600.0 | 573900.0 | 0.004868 | 0.016034 |   8.925824 |      9 | 0.918862 | 1.000000 | 0.996667 | 0.990000 | 0.990000 |   0.000000 |      356 |      299 |       56 |   8.925840 |      9 | 0.918862 | 2.054543
1914 | 573900.0 | 574200.0 | 0.004866 | 0.016032 |   8.925840 |      9 | 0.918862 | 1.000000 | 0.943333 | 0.983333 | 0.916667 |   2.079122 |      354 |      283 |       71 |   8.926116 |      9 | 0.928979 | 1.798371
1915 | 574200.0 | 574500.0 | 0.004864 | 0.016031 |   8.926116 |      9 | 0.928979 | 1.000000 | 1.016667 | 1.013333 | 1.003333 |   0.311892 |      359 |      305 |       54 |   8.926035 |      9 | 0.930496 | 1.759956
1916 | 574500.0 | 574800.0 | 0.004862 | 0.016030 |   8.926035 |      9 | 0.930496 | 1.000000 | 0.976667 | 1.033333 | 1.006667 |   0.831776 |      354 |      293 |       61 |   8.926149 |      9 | 0.934541 | 1.657543
1917 | 574800.0 | 575100.0 | 0.004861 | 0.016029 |   8.926149 |      9 | 0.934541 | 1.000000 | 0.966667 | 0.910000 | 0.996667 |  -2.703477 |      351 |      290 |       61 |   8.926311 |      9 | 0.921400 | 1.990296
1918 | 575100.0 | 575400.0 | 0.004859 | 0.016028 |   8.926311 |      9 | 0.921400 | 1.000000 | 1.033333 | 0.953333 | 1.020000 |  -2.079757 |      360 |      310 |       50 |   8.926149 |      9 | 0.911294 | 2.246190
1919 | 575400.0 | 575700.0 | 0.004857 | 0.016026 |   8.926149 |      9 | 0.911294 | 1.000000 | 0.963333 | 1.060000 | 0.933333 |   3.951839 |      355 |      289 |       66 |   8.926327 |      9 | 0.930490 | 1.760122
1920 | 575700.0 | 576000.0 | 0.004856 | 0.016025 |   8.926327 |      9 | 0.930490 | 1.000000 | 1.013333 | 1.000000 | 0.953333 |   1.456051 |      359 |      304 |       55 |   8.926262 |      9 | 0.937560 | 1.581093
1921 | 576000.0 | 576300.0 | 0.004854 | 0.016024 |   8.926262 |      9 | 0.937560 | 1.000000 | 1.073333 | 0.953333 | 0.943333 |   0.312035 |      361 |      322 |       39 |   8.925906 |      9 | 0.939074 | 1.542740
1922 | 576300.0 | 576600.0 | 0.004852 | 0.016023 |   8.925906 |      9 | 0.939074 | 1.000000 | 1.010000 | 0.953333 | 0.956667 |  -0.104020 |      354 |      303 |       52 |   8.925858 |      9 | 0.938570 | 1.555521
1923 | 576600.0 | 576900.0 | 0.004851 | 0.016021 |   8.925858 |      9 | 0.938570 | 1.000000 | 1.026667 | 0.956667 | 1.016667 |  -1.872493 |      356 |      308 |       47 |   8.925728 |      9 | 0.929487 | 1.785515
1924 | 576900.0 | 577200.0 | 0.004849 | 0.016020 |   8.925728 |      9 | 0.929487 | 1.000000 | 1.010000 | 1.066667 | 1.060000 |   0.208071 |      357 |      303 |       54 |   8.925680 |      9 | 0.930496 | 1.759967
1925 | 577200.0 | 577500.0 | 0.004847 | 0.016019 |   8.925680 |      9 | 0.930496 | 1.000000 | 1.066667 | 0.893333 | 0.973333 |  -2.497037 |      362 |      320 |       42 |   8.925357 |      9 | 0.918392 | 2.066460
1926 | 577500.0 | 577800.0 | 0.004846 | 0.016018 |   8.925357 |      9 | 0.918392 | 1.000000 | 0.963333 | 0.943333 | 0.993333 |  -1.560767 |      353 |      289 |       65 |   8.925534 |      9 | 0.910829 | 2.257966
1927 | 577800.0 | 578100.0 | 0.004844 | 0.016017 |   8.925534 |      9 | 0.910829 | 1.000000 | 0.953333 | 1.046667 | 0.956667 |   2.809594 |      355 |      286 |       68 |   8.925760 |      9 | 0.924438 | 1.913347
1928 | 578100.0 | 578400.0 | 0.004842 | 0.016015 |   8.925760 |      9 | 0.924438 | 1.000000 | 0.996667 | 0.963333 | 0.993333 |  -0.936602 |      356 |      299 |       57 |   8.925776 |      9 | 0.919903 | 2.028189
1929 | 578400.0 | 578700.0 | 0.004841 | 0.016014 |   8.925776 |      9 | 0.919903 | 1.000000 | 1.006667 | 0.990000 | 0.983333 |   0.208150 |      359 |      302 |       57 |   8.925744 |      9 | 0.920911 | 2.002676
1930 | 578700.0 | 579000.0 | 0.004839 | 0.016013 |   8.925744 |      9 | 0.920911 | 1.000000 | 1.000000 | 1.016667 | 0.950000 |   2.081654 |      359 |      300 |       59 |   8.925744 |      9 | 0.930984 | 1.747609
1931 | 579000.0 | 579300.0 | 0.004837 | 0.016012 |   8.925744 |      9 | 0.930984 | 1.000000 | 0.953333 | 0.966667 | 1.026667 |  -1.873630 |      350 |      286 |       64 |   8.925970 |      9 | 0.921920 | 1.977107
1932 | 579300.0 | 579600.0 | 0.004836 | 0.016010 |   8.925970 |      9 | 0.921920 | 1.000000 | 1.083333 | 1.036667 | 0.926667 |   3.435249 |      367 |      325 |       42 |   8.925567 |      9 | 0.938532 | 1.556473
1933 | 579600.0 | 579900.0 | 0.004834 | 0.016009 |   8.925567 |      9 | 0.938532 | 1.000000 | 1.013333 | 0.976667 | 1.053333 |  -2.394446 |      352 |      304 |       48 |   8.925502 |      9 | 0.926957 | 1.849564
1934 | 579900.0 | 580200.0 | 0.004832 | 0.016008 |   8.925502 |      9 | 0.926957 | 1.000000 | 1.036667 | 1.006667 | 0.986667 |   0.624685 |      360 |      311 |       49 |   8.925325 |      9 | 0.929976 | 1.773126
1935 | 580200.0 | 580500.0 | 0.004831 | 0.016007 |   8.925325 |      9 | 0.929976 | 1.000000 | 1.000000 | 0.973333 | 1.010000 |  -1.145343 |      356 |      300 |       56 |   8.925325 |      9 | 0.924443 | 1.913224
1936 | 580500.0 | 580800.0 | 0.004829 | 0.016006 |   8.925325 |      9 | 0.924443 | 1.000000 | 0.973333 | 0.973333 | 0.993333 |  -0.624780 |      355 |      292 |       63 |   8.925454 |      9 | 0.921426 | 1.989621
1937 | 580800.0 | 581100.0 | 0.004827 | 0.016004 |   8.925454 |      9 | 0.921426 | 1.000000 | 1.030000 | 1.016667 | 1.010000 |   0.208276 |      361 |      309 |       52 |   8.925309 |      9 | 0.922432 | 1.964162
1938 | 581100.0 | 581400.0 | 0.004826 | 0.016003 |   8.925309 |      9 | 0.922432 | 1.000000 | 1.033333 | 0.996667 | 0.990000 |   0.208291 |      361 |      310 |       51 |   8.925148 |      9 | 0.923437 | 1.938710
1939 | 581400.0 | 581700.0 | 0.004824 | 0.016002 |   8.925148 |      9 | 0.923437 | 1.000000 | 1.016667 | 0.990000 | 1.003333 |  -0.416614 |      358 |      305 |       54 |   8.925068 |      9 | 0.921427 | 1.989601
1940 | 581700.0 | 582000.0 | 0.004822 | 0.016001 |   8.925068 |      9 | 0.921427 | 1.000000 | 1.073333 | 1.030000 | 1.020000 |   0.312484 |      365 |      322 |       42 |   8.924714 |      9 | 0.922934 | 1.951443
1941 | 582000.0 | 582300.0 | 0.004821 | 0.016000 |   8.924714 |      9 | 0.922934 | 1.000000 | 0.970000 | 1.023333 | 0.910000 |   3.541754 |      353 |      291 |       62 |   8.924859 |      9 | 0.940008 | 1.519107
1942 | 582300.0 | 582600.0 | 0.004819 | 0.015998 |   8.924859 |      9 | 0.940008 | 1.000000 | 1.050000 | 0.950000 | 1.033333 |  -2.604427 |      358 |      315 |       43 |   8.924618 |      9 | 0.927457 | 1.836916
1943 | 582600.0 | 582900.0 | 0.004817 | 0.015997 |   8.924618 |      9 | 0.927457 | 1.000000 | 1.026667 | 0.940000 | 1.000000 |  -1.875328 |      358 |      308 |       51 |   8.924490 |      9 | 0.918423 | 2.065678
1944 | 582900.0 | 583200.0 | 0.004816 | 0.015996 |   8.924490 |      9 | 0.918423 | 1.000000 | 1.036667 | 1.020000 | 0.996667 |   0.729349 |      362 |      311 |       50 |   8.924313 |      9 | 0.921935 | 1.976739
1945 | 583200.0 | 583500.0 | 0.004814 | 0.015995 |   8.924313 |      9 | 0.921935 | 1.000000 | 1.016667 | 0.986667 | 0.973333 |   0.416802 |      358 |      305 |       53 |   8.924233 |      9 | 0.923942 | 1.925930
1946 | 583500.0 | 583800.0 | 0.004812 | 0.015994 |   8.924233 |      9 | 0.923942 | 1.000000 | 1.043333 | 1.043333 | 0.973333 |   2.188377 |      362 |      313 |       49 |   8.924024 |      9 | 0.934473 | 1.659255
1947 | 583800.0 | 584100.0 | 0.004811 | 0.015992 |   8.924024 |      9 | 0.934473 | 1.000000 | 1.036667 | 0.990000 | 0.983333 |   0.208433 |      360 |      311 |       49 |   8.923848 |      9 | 0.935476 | 1.633865
1948 | 584100.0 | 584400.0 | 0.004809 | 0.015991 |   8.923848 |      9 | 0.935476 | 1.000000 | 1.063333 | 0.970000 | 1.020000 |  -1.563361 |      360 |      319 |       41 |   8.923543 |      9 | 0.927957 | 1.824245
1949 | 584400.0 | 584700.0 | 0.004808 | 0.015990 |   8.923543 |      9 | 0.927957 | 1.000000 | 0.986667 | 0.966667 | 0.986667 |  -0.625391 |      357 |      296 |       61 |   8.923607 |      9 | 0.924951 | 1.900377
1950 | 584700.0 | 585000.0 | 0.004806 | 0.015989 |   8.923607 |      9 | 0.924951 | 1.000000 | 1.000000 | 0.980000 | 0.990000 |  -0.312719 |      356 |      300 |       56 |   8.923607 |      9 | 0.923448 | 1.938432
1951 | 585000.0 | 585300.0 | 0.004804 | 0.015988 |   8.923607 |      9 | 0.923448 | 1.000000 | 0.970000 | 0.953333 | 0.960000 |  -0.208495 |      354 |      291 |       63 |   8.923751 |      9 | 0.922446 | 1.963796
1952 | 585300.0 | 585600.0 | 0.004803 | 0.015986 |   8.923751 |      9 | 0.922446 | 1.000000 | 1.043333 | 0.976667 | 0.940000 |   1.146809 |      361 |      313 |       48 |   8.923543 |      9 | 0.927954 | 1.824333
1953 | 585600.0 | 585900.0 | 0.004801 | 0.015985 |   8.923543 |      9 | 0.927954 | 1.000000 | 1.023333 | 1.023333 | 1.080000 |  -1.772474 |      361 |      307 |       54 |   8.923431 |      9 | 0.919444 | 2.039810
1954 | 585900.0 | 586200.0 | 0.004799 | 0.015984 |   8.923431 |      9 | 0.919444 | 1.000000 | 1.096667 | 1.026667 | 1.013333 |   0.417084 |      367 |      329 |       38 |   8.922967 |      9 | 0.921446 | 1.989123
1955 | 586200.0 | 586500.0 | 0.004798 | 0.015983 |   8.922967 |      9 | 0.921446 | 1.000000 | 1.020000 | 1.003333 | 1.000000 |   0.104279 |      360 |      306 |       54 |   8.922871 |      9 | 0.921946 | 1.976454
1956 | 586500.0 | 586800.0 | 0.004796 | 0.015982 |   8.922871 |      9 | 0.921946 | 1.000000 | 0.973333 | 0.933333 | 0.946667 |  -0.417146 |      354 |      292 |       62 |   8.922999 |      9 | 0.919946 | 2.027114
1957 | 586800.0 | 587100.0 | 0.004794 | 0.015980 |   8.922999 |      9 | 0.919946 | 1.000000 | 0.983333 | 1.003333 | 0.973333 |   0.938649 |      356 |      295 |       61 |   8.923079 |      9 | 0.924446 | 1.913159
1958 | 587100.0 | 587400.0 | 0.004793 | 0.015979 |   8.923079 |      9 | 0.924446 | 1.000000 | 1.003333 | 1.036667 | 0.913333 |   3.859180 |      357 |      301 |       56 |   8.923063 |      9 | 0.942942 | 1.444803
1959 | 587400.0 | 587700.0 | 0.004791 | 0.015978 |   8.923063 |      9 | 0.942942 | 1.000000 | 1.020000 | 0.873333 | 1.050000 |  -5.528427 |      354 |      306 |       48 |   8.922967 |      9 | 0.916455 | 2.115514
1960 | 587700.0 | 588000.0 | 0.004790 | 0.015977 |   8.922967 |      9 | 0.916455 | 1.000000 | 1.023333 | 0.966667 | 1.013333 |  -1.460448 |      361 |      307 |       54 |   8.922856 |      9 | 0.909460 | 2.292636
1961 | 588000.0 | 588300.0 | 0.004788 | 0.015976 |   8.922856 |      9 | 0.909460 | 1.000000 | 1.000000 | 0.983333 | 0.983333 |   0.000000 |      357 |      300 |       57 |   8.922856 |      9 | 0.909460 | 2.292636
1962 | 588300.0 | 588600.0 | 0.004786 | 0.015974 |   8.922856 |      9 | 0.909460 | 1.000000 | 1.066667 | 0.993333 | 0.910000 |   2.608332 |      366 |      320 |       47 |   8.922537 |      9 | 0.921944 | 1.976514
1963 | 588600.0 | 588900.0 | 0.004785 | 0.015973 |   8.922537 |      9 | 0.921944 | 1.000000 | 0.953333 | 1.076667 | 0.970000 |   3.338914 |      353 |      286 |       66 |   8.922760 |      9 | 0.937919 | 1.571986
1964 | 588900.0 | 589200.0 | 0.004783 | 0.015972 |   8.922760 |      9 | 0.937919 | 1.000000 | 1.020000 | 0.933333 | 0.993333 |  -1.878279 |      356 |      306 |       50 |   8.922664 |      9 | 0.928936 | 1.799473
1965 | 589200.0 | 589500.0 | 0.004781 | 0.015971 |   8.922664 |      9 | 0.928936 | 1.000000 | 1.030000 | 0.920000 | 1.020000 |  -3.130699 |      360 |      309 |       51 |   8.922521 |      9 | 0.913966 | 2.178518
1966 | 589500.0 | 589800.0 | 0.004780 | 0.015970 |   8.922521 |      9 | 0.913966 | 1.000000 | 0.950000 | 0.956667 | 0.986667 |  -0.939279 |      352 |      285 |       67 |   8.922760 |      9 | 0.909477 | 2.292201
1967 | 589800.0 | 590100.0 | 0.004778 | 0.015968 |   8.922760 |      9 | 0.909477 | 1.000000 | 0.993333 | 0.966667 | 0.973333 |  -0.208744 |      360 |      298 |       62 |   8.922792 |      9 | 0.908479 | 2.317457
1968 | 590100.0 | 590400.0 | 0.004777 | 0.015967 |   8.922792 |      9 | 0.908479 | 1.000000 | 1.013333 | 1.026667 | 0.936667 |   2.818258 |      359 |      304 |       55 |   8.922728 |      9 | 0.921941 | 1.976587
1969 | 590400.0 | 590700.0 | 0.004775 | 0.015966 |   8.922728 |      9 | 0.921941 | 1.000000 | 1.036667 | 1.046667 | 1.030000 |   0.521938 |      361 |      311 |       50 |   8.922553 |      9 | 0.924433 | 1.913480
1970 | 590700.0 | 591000.0 | 0.004773 | 0.015965 |   8.922553 |      9 | 0.924433 | 1.000000 | 0.990000 | 0.973333 | 1.020000 |  -1.461536 |      355 |      297 |       58 |   8.922601 |      9 | 0.917457 | 2.090134
1971 | 591000.0 | 591300.0 | 0.004772 | 0.015964 |   8.922601 |      9 | 0.917457 | 1.000000 | 1.046667 | 1.026667 | 0.986667 |   1.252838 |      363 |      314 |       49 |   8.922378 |      9 | 0.923435 | 1.938756
1972 | 591300.0 | 591600.0 | 0.004770 | 0.015963 |   8.922378 |      9 | 0.923435 | 1.000000 | 1.006667 | 1.040000 | 1.023333 |   0.522055 |      358 |      302 |       56 |   8.922346 |      9 | 0.925925 | 1.875699
1973 | 591600.0 | 591900.0 | 0.004768 | 0.015961 |   8.922346 |      9 | 0.925925 | 1.000000 | 1.013333 | 0.963333 | 0.986667 |  -0.730931 |      357 |      304 |       53 |   8.922282 |      9 | 0.922440 | 1.963956
1974 | 591900.0 | 592200.0 | 0.004767 | 0.015960 |   8.922282 |      9 | 0.922440 | 1.000000 | 1.026667 | 0.956667 | 1.060000 |  -3.237219 |      359 |      308 |       51 |   8.922155 |      9 | 0.907008 | 2.354706
1975 | 592200.0 | 592500.0 | 0.004765 | 0.015959 |   8.922155 |      9 | 0.907008 | 1.000000 | 1.053333 | 1.013333 | 0.966667 |   1.462078 |      364 |      316 |       48 |   8.921901 |      9 | 0.913976 | 2.178285
1976 | 592500.0 | 592800.0 | 0.004764 | 0.015958 |   8.921901 |      9 | 0.913976 | 1.000000 | 0.976667 | 0.986667 | 0.990000 |  -0.104442 |      356 |      293 |       63 |   8.922012 |      9 | 0.913478 | 2.190883
1977 | 592800.0 | 593100.0 | 0.004762 | 0.015957 |   8.922012 |      9 | 0.913478 | 1.000000 | 0.966667 | 1.026667 | 1.026667 |   0.000000 |      354 |      290 |       64 |   8.922171 |      9 | 0.913478 | 2.190883
1978 | 593100.0 | 593400.0 | 0.004760 | 0.015955 |   8.922171 |      9 | 0.913478 | 1.000000 | 0.980000 | 0.960000 | 0.886667 |   2.298061 |      357 |      294 |       63 |   8.922266 |      9 | 0.924418 | 1.913868
1979 | 593400.0 | 593700.0 | 0.004759 | 0.015954 |   8.922266 |      9 | 0.924418 | 1.000000 | 0.973333 | 0.973333 | 1.036667 |  -1.984836 |      354 |      292 |       62 |   8.922393 |      9 | 0.914972 | 2.153045
1980 | 593700.0 | 594000.0 | 0.004757 | 0.015953 |   8.922393 |      9 | 0.914972 | 1.000000 | 1.016667 | 0.983333 | 0.966667 |   0.522364 |      360 |      305 |       55 |   8.922314 |      9 | 0.917457 | 2.090121
1981 | 594000.0 | 594300.0 | 0.004756 | 0.015952 |   8.922314 |      9 | 0.917457 | 1.000000 | 1.053333 | 1.056667 | 0.953333 |   3.238895 |      364 |      316 |       48 |   8.922060 |      9 | 0.932860 | 1.700089
1982 | 594300.0 | 594600.0 | 0.004754 | 0.015951 |   8.922060 |      9 | 0.932860 | 1.000000 | 1.066667 | 1.033333 | 0.960000 |   2.298741 |      362 |      320 |       43 |   8.921743 |      9 | 0.943789 | 1.423365
1983 | 594600.0 | 594900.0 | 0.004752 | 0.015950 |   8.921743 |      9 | 0.943789 | 1.000000 | 1.043333 | 0.863333 | 0.970000 |  -3.343870 |      357 |      313 |       43 |   8.921537 |      9 | 0.927897 | 1.825767
1984 | 594900.0 | 595200.0 | 0.004751 | 0.015948 |   8.921537 |      9 | 0.927897 | 1.000000 | 1.023333 | 1.006667 | 0.926667 |   2.508087 |      358 |      307 |       51 |   8.921427 |      9 | 0.939813 | 1.524045
1985 | 595200.0 | 595500.0 | 0.004749 | 0.015947 |   8.921427 |      9 | 0.939813 | 1.000000 | 1.056667 | 0.940000 | 1.010000 |  -2.194738 |      359 |      317 |       42 |   8.921157 |      9 | 0.929389 | 1.787983
1986 | 595500.0 | 595800.0 | 0.004748 | 0.015946 |   8.921157 |      9 | 0.929389 | 1.000000 | 0.970000 | 0.983333 | 0.973333 |   0.313557 |      353 |      291 |       62 |   8.921300 |      9 | 0.930878 | 1.750287
1987 | 595800.0 | 596100.0 | 0.004746 | 0.015945 |   8.921300 |      9 | 0.930878 | 1.000000 | 1.016667 | 1.006667 | 0.990000 |   0.522634 |      358 |      305 |       53 |   8.921221 |      9 | 0.933358 | 1.687478
1988 | 596100.0 | 596400.0 | 0.004744 | 0.015944 |   8.921221 |      9 | 0.933358 | 1.000000 | 1.020000 | 1.010000 | 1.013333 |  -0.104534 |      358 |      306 |       52 |   8.921126 |      9 | 0.932863 | 1.700036
1989 | 596400.0 | 596700.0 | 0.004743 | 0.015943 |   8.921126 |      9 | 0.932863 | 1.000000 | 1.000000 | 1.006667 | 1.026667 |  -0.627253 |      356 |      300 |       56 |   8.921126 |      9 | 0.929888 | 1.775368
1990 | 596700.0 | 597000.0 | 0.004741 | 0.015941 |   8.921126 |      9 | 0.929888 | 1.000000 | 1.000000 | 0.976667 | 1.056667 |  -2.509196 |      355 |      300 |       55 |   8.921126 |      9 | 0.917991 | 2.076617
1991 | 597000.0 | 597300.0 | 0.004740 | 0.015940 |   8.921126 |      9 | 0.917991 | 1.000000 | 1.013333 | 0.993333 | 1.000000 |  -0.209115 |      359 |      304 |       55 |   8.921063 |      9 | 0.917000 | 2.101714
1992 | 597300.0 | 597600.0 | 0.004738 | 0.015939 |   8.921063 |      9 | 0.917000 | 1.000000 | 1.016667 | 1.036667 | 1.023333 |   0.418261 |      360 |      305 |       55 |   8.920984 |      9 | 0.918981 | 2.051533
1993 | 597600.0 | 597900.0 | 0.004737 | 0.015938 |   8.920984 |      9 | 0.918981 | 1.000000 | 1.070000 | 0.960000 | 1.060000 |  -3.137186 |      365 |      321 |       44 |   8.920652 |      9 | 0.904122 | 2.427799
1994 | 597900.0 | 598200.0 | 0.004735 | 0.015937 |   8.920652 |      9 | 0.904122 | 1.000000 | 1.006667 | 1.016667 | 0.960000 |   1.777869 |      359 |      302 |       57 |   8.920621 |      9 | 0.912540 | 2.214637
1995 | 598200.0 | 598500.0 | 0.004733 | 0.015936 |   8.920621 |      9 | 0.912540 | 1.000000 | 1.066667 | 0.993333 | 1.016667 |  -0.732117 |      364 |      320 |       45 |   8.920305 |      9 | 0.909075 | 2.302386
1996 | 598500.0 | 598800.0 | 0.004732 | 0.015934 |   8.920305 |      9 | 0.909075 | 1.000000 | 0.970000 | 1.030000 | 1.000000 |   0.941363 |      357 |      291 |       65 |   8.920447 |      9 | 0.913529 | 2.189595
1997 | 598800.0 | 599100.0 | 0.004730 | 0.015933 |   8.920447 |      9 | 0.913529 | 1.000000 | 1.026667 | 1.006667 | 1.003333 |   0.104604 |      360 |      308 |       52 |   8.920321 |      9 | 0.914024 | 2.177066
1998 | 599100.0 | 599400.0 | 0.004729 | 0.015932 |   8.920321 |      9 | 0.914024 | 1.000000 | 1.020000 | 0.990000 | 1.030000 |  -1.255335 |      360 |      306 |       54 |   8.920226 |      9 | 0.908088 | 2.327376
1999 | 599400.0 | 599700.0 | 0.004727 | 0.015931 |   8.920226 |      9 | 0.908088 | 1.000000 | 0.993333 | 0.983333 | 1.033333 |  -1.569283 |      358 |      298 |       61 |   8.920258 |      9 | 0.900670 | 2.515215
2000 | 599700.0 | 600000.0 | 0.004725 | 0.015930 |   8.920258 |      9 | 0.900670 | 1.000000 | 0.960000 | 0.983333 | 0.993333 |  -0.313880 |      356 |      288 |       67 |   8.920447 |      9 | 0.899186 | 2.552773
