QTSP continuous window-size and Werner-parameter update.
Main run: one continuous QTSP simulation, updated at each source T_W boundary.
Update rule: W_next = W + gamma * (target_tp - observed_tp).
Update rule: w_next = w + gamma * ((tp_plus - tp_minus) / (w_plus - w_minus)).
Werner plus/minus probes are independent one-window QTSP runs; the main run is not restarted.
Werner parameter is clamped to [1.0e-6, 0.999999].

Initial update parameters:
  target_tp = 0.6
  iterations = 3000
  sim_time = 900000.0
  window_stats_interval = 300.0
  initial_window_size = 8
  initial_werner_w = 0.0968078694646196
  max_window_size = 100
  min_window_size = 1.0
  werner_bounds = [1.0e-6, 0.999999]
  rng_seed = 42
  parallel_within_iteration = true
  julia_threads = 1
  probe_repeats = 1
  gamma(1) = 0.03953438965034929
  delta(1) = 0.027722633142456987

Default simulation parameters before run overrides:
  flow_uuid = 4001
  werner_w = 0.75
  chi = 30.0
  send_rate = nothing
  distance_km = 25.0
  a_eta = 1.0
  beta_per_km = 0.046
  detector_a_p = 0.9
  detection_prob = nothing
  initial_window_size = 10
  max_window_size = 100
  memory_slots = nothing
  classical_delay = 0.0
  edge_classical_delays = nothing
  quantum_delay = 1.0
  initial_delay = 0.0
  source_ack_timeout = 10.0
  window_stats_interval = 1000.0

Run simulation parameters:
  source_node = 22
  destination_node = 9
  flow_uuid = 4001
  chi = 30.0
  send_rate = nothing
  distance_km = 25.0
  a_eta = 1.0
  beta_per_km = 0.046
  detector_a_p = 0.9
  detection_prob = nothing
  memory_slots = nothing
  classical_delay_fallback = 0.0
  edge_classical_delays = provided (68 edges; min=1.449228e-05, max=0.000561314176, mean=0.000157884802)
  quantum_delay = 1.0
  initial_delay = 0.0
  source_ack_timeout = 10.0

iter |    start |      end |    gamma |    delta |      W_est |  W_run |        w |   target |       tp |  tp_plus | tp_minus |     w_grad |     sent |    acked |  timeout |     W_next | Wrun_n |   w_next |   rate_n
-----------------------------------------------------------------------------------------------------------------------------------------------------------------------------------------------------------------------
   1 | 0.000000 | 300.0000 | 0.039534 | 0.027723 |   8.000000 |      8 | 0.096808 | 0.600000 | 0.280000 | 0.256667 | 0.223333 |   0.601193 |      268 |       84 |      176 |   8.012651 |      9 | 0.120576 | 22.26853
   2 | 300.0000 | 600.0000 | 0.039263 | 0.027642 |   8.012651 |      9 | 0.120576 | 0.600000 | 0.333333 | 0.320000 | 0.336667 |  -0.301474 |      301 |      100 |      200 |   8.023121 |      9 | 0.108739 | 22.56826
   3 | 600.0000 | 900.0000 | 0.038995 | 0.027563 |   8.023121 |      9 | 0.108739 | 0.600000 | 0.270000 | 0.323333 | 0.283333 |   0.725607 |      295 |       81 |      214 |   8.035990 |      9 | 0.137034 | 21.85177
   4 | 900.0000 | 1200.000 | 0.038733 | 0.027486 |   8.035990 |      9 | 0.137034 | 0.600000 | 0.313333 | 0.333333 | 0.343333 |  -0.181911 |      300 |       94 |      206 |   8.047093 |      9 | 0.129989 | 22.03018
   5 | 1200.000 | 1500.000 | 0.038474 | 0.027410 |   8.047093 |      9 | 0.129989 | 0.600000 | 0.313333 | 0.346667 | 0.316667 |   0.547237 |      296 |       94 |      202 |   8.058122 |      9 | 0.151043 | 21.49705
   6 | 1500.000 | 1800.000 | 0.038220 | 0.027336 |   8.058122 |      9 | 0.151043 | 0.600000 | 0.293333 | 0.333333 | 0.300000 |   0.609687 |      296 |       88 |      208 |   8.069843 |      9 | 0.174345 | 20.90700
   7 | 1800.000 | 2100.000 | 0.037969 | 0.027264 |   8.069843 |      9 | 0.174345 | 0.600000 | 0.293333 | 0.380000 | 0.316667 |   1.161485 |      298 |       88 |      210 |   8.081487 |      9 | 0.218446 | 19.79030
   8 | 2100.000 | 2400.000 | 0.037723 | 0.027193 |   8.081487 |      9 | 0.218446 | 0.600000 | 0.383333 | 0.390000 | 0.350000 |   0.735486 |      303 |      115 |      188 |   8.089660 |      9 | 0.246190 | 19.08776
   9 | 2400.000 | 2700.000 | 0.037480 | 0.027123 |   8.089660 |      9 | 0.246190 | 0.600000 | 0.340000 | 0.486667 | 0.433333 |   0.983165 |      302 |      102 |      200 |   8.099405 |      9 | 0.283039 | 18.15467
  10 | 2700.000 | 3000.000 | 0.037241 | 0.027055 |   8.099405 |      9 | 0.283039 | 0.600000 | 0.466667 | 0.453333 | 0.433333 |   0.369618 |      312 |      140 |      172 |   8.104370 |      9 | 0.296804 | 17.80612
  11 | 3000.000 | 3300.000 | 0.037006 | 0.026988 |   8.104370 |      9 | 0.296804 | 0.600000 | 0.420000 | 0.486667 | 0.390000 |   1.790920 |      309 |      126 |      183 |   8.111031 |      9 | 0.363079 | 16.12792
  12 | 3300.000 | 3600.000 | 0.036775 | 0.026922 |   8.111031 |      9 | 0.363079 | 0.600000 | 0.496667 | 0.546667 | 0.466667 |   1.485760 |      312 |      149 |      163 |   8.114831 |      9 | 0.417718 | 14.74439
  13 | 3600.000 | 3900.000 | 0.036546 | 0.026858 |   8.114831 |      9 | 0.417718 | 0.600000 | 0.480000 | 0.616667 | 0.463333 |   2.854550 |      314 |      144 |      170 |   8.119217 |      9 | 0.522041 | 12.10273
  14 | 3900.000 | 4200.000 | 0.036322 | 0.026794 |   8.119217 |      9 | 0.522041 | 0.600000 | 0.620000 | 0.683333 | 0.563333 |   2.239279 |      326 |      186 |      140 |   8.118491 |      9 | 0.603376 | 10.04320
  15 | 4200.000 | 4500.000 | 0.036100 | 0.026732 |   8.118491 |      9 | 0.603376 | 0.600000 | 0.726667 | 0.756667 | 0.613333 |   2.680922 |      335 |      218 |      117 |   8.113918 |      9 | 0.700158 | 7.592516
  16 | 4500.000 | 4800.000 | 0.035882 | 0.026671 |   8.113918 |      9 | 0.700158 | 0.600000 | 0.750000 | 0.780000 | 0.720000 |   1.124820 |      339 |      225 |      114 |   8.108536 |      9 | 0.740519 | 6.570505
  17 | 4800.000 | 5100.000 | 0.035667 | 0.026611 |   8.108536 |      9 | 0.740519 | 0.600000 | 0.793333 | 0.880000 | 0.886667 |  -0.125262 |      339 |      238 |      101 |   8.101640 |      9 | 0.736051 | 6.683637
  18 | 5100.000 | 5400.000 | 0.035455 | 0.026552 |   8.101640 |      9 | 0.736051 | 0.600000 | 0.890000 | 0.810000 | 0.783333 |   0.502163 |      352 |      267 |       85 |   8.091358 |      9 | 0.753856 | 6.232798
  19 | 5400.000 | 5700.000 | 0.035247 | 0.026494 |   8.091358 |      9 | 0.753856 | 0.600000 | 0.836667 | 0.900000 | 0.803333 |   1.824333 |      346 |      251 |       95 |   8.083016 |      9 | 0.818157 | 4.604573
  20 | 5700.000 | 6000.000 | 0.035041 | 0.026437 |   8.083016 |      9 | 0.818157 | 0.600000 | 0.903333 | 0.960000 | 0.893333 |   1.260879 |      351 |      271 |       80 |   8.072387 |      9 | 0.862339 | 3.485806
  21 | 6000.000 | 6300.000 | 0.034838 | 0.026380 |   8.072387 |      9 | 0.862339 | 0.600000 | 0.856667 | 0.996667 | 0.913333 |   1.579456 |      345 |      257 |       88 |   8.063445 |      9 | 0.917364 | 2.092486
  22 | 6300.000 | 6600.000 | 0.034638 | 0.026325 |   8.063445 |      9 | 0.917364 | 0.600000 | 1.033333 | 1.053333 | 0.970000 |   1.582773 |      360 |      310 |       50 |   8.048436 |      9 | 0.972187 | 0.704260
  23 | 6600.000 | 6900.000 | 0.034440 | 0.026271 |   8.048436 |      9 | 0.972187 | 0.600000 | 0.636667 | 0.040000 | 1.030000 | -18.842287 |      212 |      191 |       25 |   8.047173 |      9 | 0.323254 | 17.13636
  24 | 6900.000 | 7200.000 | 0.034246 | 0.026217 |   8.047173 |      9 | 0.323254 | 0.600000 | 0.453333 | 0.423333 | 0.473333 |  -0.953575 |      311 |      136 |      171 |   8.052196 |      9 | 0.290598 | 17.96326
  25 | 7200.000 | 7500.000 | 0.034054 | 0.026164 |   8.052196 |      9 | 0.290598 | 0.600000 | 0.430000 | 0.440000 | 0.353333 |   1.656194 |      309 |      129 |      180 |   8.057985 |      9 | 0.346998 | 16.53513
  26 | 7500.000 | 7800.000 | 0.033864 | 0.026112 |   8.057985 |      9 | 0.346998 | 0.600000 | 0.456667 | 0.436667 | 0.456667 |  -0.382959 |      313 |      137 |      176 |   8.062839 |      9 | 0.334029 | 16.86352
  27 | 7800.000 | 8100.000 | 0.033677 | 0.026061 |   8.062839 |      9 | 0.334029 | 0.600000 | 0.493333 | 0.503333 | 0.446667 |   1.087180 |      313 |      148 |      165 |   8.066431 |      9 | 0.370643 | 15.93641
  28 | 8100.000 | 8400.000 | 0.033493 | 0.026011 |   8.066431 |      9 | 0.370643 | 0.600000 | 0.516667 | 0.460000 | 0.506667 |  -0.897059 |      317 |      155 |      162 |   8.069222 |      9 | 0.340597 | 16.69720
  29 | 8400.000 | 8700.000 | 0.033311 | 0.025961 |   8.069222 |      9 | 0.340597 | 0.600000 | 0.436667 | 0.530000 | 0.440000 |   1.733351 |      308 |      131 |      177 |   8.074663 |      9 | 0.398337 | 15.23514
  30 | 8700.000 | 9000.000 | 0.033131 | 0.025912 |   8.074663 |      9 | 0.398337 | 0.600000 | 0.563333 | 0.540000 | 0.506667 |   0.643194 |      323 |      169 |      154 |   8.075878 |      9 | 0.419647 | 14.69553
  31 | 9000.000 | 9300.000 | 0.032954 | 0.025864 |   8.075878 |      9 | 0.419647 | 0.600000 | 0.543333 | 0.590000 | 0.556667 |   0.644394 |      318 |      163 |      155 |   8.077745 |      9 | 0.440882 | 14.15781
  32 | 9300.000 | 9600.000 | 0.032779 | 0.025817 |   8.077745 |      9 | 0.440882 | 0.600000 | 0.536667 | 0.600000 | 0.523333 |   1.484837 |      318 |      161 |      157 |   8.079821 |      9 | 0.489554 | 12.92536
  33 | 9600.000 | 9900.000 | 0.032606 | 0.025770 |   8.079821 |      9 | 0.489554 | 0.600000 | 0.590000 | 0.600000 | 0.576667 |   0.452729 |      323 |      177 |      146 |   8.080147 |      9 | 0.504316 | 12.55157
  34 | 9900.000 | 10200.00 | 0.032436 | 0.025723 |   8.080147 |      9 | 0.504316 | 0.600000 | 0.610000 | 0.666667 | 0.566667 |   1.943757 |      326 |      183 |      143 |   8.079823 |      9 | 0.567364 | 10.95509
  35 | 10200.00 | 10500.00 | 0.032268 | 0.025678 |   8.079823 |      9 | 0.567364 | 0.600000 | 0.650000 | 0.683333 | 0.700000 |  -0.324535 |      328 |      195 |      133 |   8.078209 |      9 | 0.556892 | 11.22026
  36 | 10500.00 | 10800.00 | 0.032101 | 0.025633 |   8.078209 |      9 | 0.556892 | 0.600000 | 0.663333 | 0.616667 | 0.586667 |   0.585189 |      329 |      199 |      130 |   8.076176 |      9 | 0.575677 | 10.74458
  37 | 10800.00 | 11100.00 | 0.031937 | 0.025588 |   8.076176 |      9 | 0.575677 | 0.600000 | 0.670000 | 0.626667 | 0.686667 |  -1.172409 |      330 |      201 |      129 |   8.073941 |      9 | 0.538234 | 11.69271
  38 | 11100.00 | 11400.00 | 0.031775 | 0.025545 |   8.073941 |      9 | 0.538234 | 0.600000 | 0.603333 | 0.666667 | 0.633333 |   0.652456 |      325 |      181 |      144 |   8.073835 |      9 | 0.558965 | 11.16775
  39 | 11400.00 | 11700.00 | 0.031615 | 0.025501 |   8.073835 |      9 | 0.558965 | 0.600000 | 0.653333 | 0.770000 | 0.643333 |   2.483538 |      329 |      196 |      133 |   8.072149 |      9 | 0.637482 | 9.179584
  40 | 11700.00 | 12000.00 | 0.031456 | 0.025459 |   8.072149 |      9 | 0.637482 | 0.600000 | 0.700000 | 0.763333 | 0.746667 |   0.327329 |      332 |      210 |      122 |   8.069003 |      9 | 0.647778 | 8.918855
  41 | 12000.00 | 12300.00 | 0.031300 | 0.025416 |   8.069003 |      9 | 0.647778 | 0.600000 | 0.750000 | 0.770000 | 0.783333 |  -0.262298 |      338 |      225 |      113 |   8.064308 |      9 | 0.639568 | 9.126746
  42 | 12300.00 | 12600.00 | 0.031146 | 0.025375 |   8.064308 |      9 | 0.639568 | 0.600000 | 0.663333 | 0.760000 | 0.726667 |   0.656821 |      329 |      199 |      130 |   8.062335 |      9 | 0.660026 | 8.608735
  43 | 12600.00 | 12900.00 | 0.030993 | 0.025334 |   8.062335 |      9 | 0.660026 | 0.600000 | 0.723333 | 0.806667 | 0.730000 |   1.513140 |      336 |      217 |      119 |   8.058513 |      9 | 0.706922 | 7.421226
  44 | 12900.00 | 13200.00 | 0.030842 | 0.025293 |   8.058513 |      9 | 0.706922 | 0.600000 | 0.840000 | 0.843333 | 0.700000 |   2.833455 |      346 |      252 |       94 |   8.051111 |      9 | 0.794313 | 5.208357
  45 | 13200.00 | 13500.00 | 0.030693 | 0.025253 |   8.051111 |      9 | 0.794313 | 0.600000 | 0.853333 | 0.886667 | 0.846667 |   0.791988 |      346 |      256 |       90 |   8.043335 |      9 | 0.818621 | 4.592820
  46 | 13500.00 | 13800.00 | 0.030546 | 0.025213 |   8.043335 |      9 | 0.818621 | 0.600000 | 0.896667 | 0.923333 | 0.893333 |   0.594925 |      351 |      269 |       82 |   8.034273 |      9 | 0.836794 | 4.132660
  47 | 13800.00 | 14100.00 | 0.030400 | 0.025174 |   8.034273 |      9 | 0.836794 | 0.600000 | 0.940000 | 0.946667 | 0.916667 |   0.595850 |      355 |      282 |       73 |   8.023937 |      9 | 0.854908 | 3.673982
  48 | 14100.00 | 14400.00 | 0.030256 | 0.025135 |   8.023937 |      9 | 0.854908 | 0.600000 | 0.940000 | 0.960000 | 0.950000 |   0.198923 |      352 |      282 |       70 |   8.013650 |      9 | 0.860927 | 3.521579
  49 | 14400.00 | 14700.00 | 0.030114 | 0.025097 |   8.013650 |      9 | 0.860927 | 0.600000 | 0.950000 | 0.993333 | 0.923333 |   1.394580 |      355 |      285 |       70 |   8.003110 |      9 | 0.902923 | 2.458156
  50 | 14700.00 | 15000.00 | 0.029973 | 0.025059 |   8.003110 |      9 | 0.902923 | 0.600000 | 0.983333 | 0.986667 | 0.940000 |   0.931122 |      359 |      295 |       64 |   7.991620 |      8 | 0.930832 | 1.751454
  51 | 15000.00 | 15300.00 | 0.029834 | 0.025022 |   7.991620 |      8 | 0.930832 | 0.600000 | 0.896667 | 0.886667 | 0.866667 |   0.399649 |      318 |      269 |       50 |   7.982769 |      8 | 0.942755 | 1.449537
  52 | 15300.00 | 15600.00 | 0.029697 | 0.024985 |   7.982769 |      8 | 0.942755 | 0.600000 | 0.873333 | 0.693333 | 0.923333 |  -4.602755 |      314 |      262 |       52 |   7.974652 |      8 | 0.806068 | 4.910688
  53 | 15600.00 | 15900.00 | 0.029561 | 0.024948 |   7.974652 |      8 | 0.806068 | 0.600000 | 0.846667 | 0.810000 | 0.756667 |   1.068869 |      316 |      254 |       62 |   7.967360 |      8 | 0.837665 | 4.110608
  54 | 15900.00 | 16200.00 | 0.029426 | 0.024912 |   7.967360 |      8 | 0.837665 | 0.600000 | 0.840000 | 0.796667 | 0.803333 |  -0.133802 |      316 |      252 |       64 |   7.960298 |      8 | 0.833727 | 4.210308
  55 | 16200.00 | 16500.00 | 0.029293 | 0.024877 |   7.960298 |      8 | 0.833727 | 0.600000 | 0.826667 | 0.813333 | 0.863333 |  -1.004959 |      313 |      248 |       65 |   7.953658 |      8 | 0.804289 | 4.955742
  56 | 16500.00 | 16800.00 | 0.029162 | 0.024841 |   7.953658 |      8 | 0.804289 | 0.600000 | 0.810000 | 0.806667 | 0.766667 |   0.805111 |      312 |      243 |       69 |   7.947534 |      8 | 0.827767 | 4.361228
  57 | 16800.00 | 17100.00 | 0.029032 | 0.024806 |   7.947534 |      8 | 0.827767 | 0.600000 | 0.843333 | 0.856667 | 0.750000 |   2.149989 |      317 |      253 |       64 |   7.940470 |      8 | 0.890185 | 2.780709
  58 | 17100.00 | 17400.00 | 0.028903 | 0.024772 |   7.940470 |      8 | 0.890185 | 0.600000 | 0.876667 | 0.946667 | 0.850000 |   1.951148 |      318 |      263 |       55 |   7.932474 |      8 | 0.946578 | 1.352725
  59 | 17400.00 | 17700.00 | 0.028775 | 0.024738 |   7.932474 |      8 | 0.946578 | 0.600000 | 0.883333 | 0.620000 | 0.896667 |  -5.592047 |      313 |      265 |       48 |   7.924321 |      8 | 0.785665 | 5.427334
  60 | 17700.00 | 18000.00 | 0.028649 | 0.024704 |   7.924321 |      8 | 0.785665 | 0.600000 | 0.836667 | 0.873333 | 0.816667 |   1.146929 |      315 |      251 |       64 |   7.917540 |      8 | 0.818524 | 4.595291
  61 | 18000.00 | 18300.00 | 0.028525 | 0.024670 |   7.917540 |      8 | 0.818524 | 0.600000 | 0.836667 | 0.796667 | 0.806667 |  -0.202674 |      316 |      251 |       65 |   7.910789 |      8 | 0.812742 | 4.741682
  62 | 18300.00 | 18600.00 | 0.028401 | 0.024637 |   7.910789 |      8 | 0.812742 | 0.600000 | 0.850000 | 0.793333 | 0.756667 |   0.744139 |      317 |      255 |       62 |   7.903689 |      8 | 0.833877 | 4.206518
  63 | 18600.00 | 18900.00 | 0.028279 | 0.024604 |   7.903689 |      8 | 0.833877 | 0.600000 | 0.830000 | 0.823333 | 0.806667 |   0.338696 |      313 |      249 |       64 |   7.897185 |      8 | 0.843455 | 3.963984
  64 | 18900.00 | 19200.00 | 0.028158 | 0.024572 |   7.897185 |      8 | 0.843455 | 0.600000 | 0.806667 | 0.833333 | 0.766667 |   1.356577 |      312 |      242 |       70 |   7.891365 |      8 | 0.881654 | 2.996716
  65 | 19200.00 | 19500.00 | 0.028039 | 0.024539 |   7.891365 |      8 | 0.881654 | 0.600000 | 0.826667 | 0.890000 | 0.853333 |   0.747095 |      315 |      248 |       67 |   7.885010 |      8 | 0.902602 | 2.466283
  66 | 19500.00 | 19800.00 | 0.027921 | 0.024508 |   7.885010 |      8 | 0.902602 | 0.600000 | 0.900000 | 0.890000 | 0.873333 |   0.340030 |      321 |      270 |       51 |   7.876634 |      8 | 0.912096 | 2.225883
  67 | 19800.00 | 20100.00 | 0.027803 | 0.024476 |   7.876634 |      8 | 0.912096 | 0.600000 | 0.890000 | 0.870000 | 0.876667 |  -0.136187 |      318 |      267 |       51 |   7.868571 |      8 | 0.908309 | 2.321763
  68 | 20100.00 | 20400.00 | 0.027687 | 0.024445 |   7.868571 |      8 | 0.908309 | 0.600000 | 0.893333 | 0.886667 | 0.863333 |   0.477264 |      320 |      268 |       52 |   7.860449 |      8 | 0.921524 | 1.987155
  69 | 20400.00 | 20700.00 | 0.027573 | 0.024414 |   7.860449 |      8 | 0.921524 | 0.600000 | 0.913333 | 0.900000 | 0.876667 |   0.477869 |      321 |      274 |       47 |   7.851810 |      8 | 0.934700 | 1.653513
  70 | 20700.00 | 21000.00 | 0.027459 | 0.024383 |   7.851810 |      8 | 0.934700 | 0.600000 | 0.943333 | 0.883333 | 0.873333 |   0.205058 |      321 |      283 |       38 |   7.842382 |      8 | 0.940331 | 1.510933
  71 | 21000.00 | 21300.00 | 0.027347 | 0.024353 |   7.842382 |      8 | 0.940331 | 0.600000 | 0.926667 | 0.793333 | 0.876667 |  -1.710947 |      320 |      278 |       42 |   7.833449 |      8 | 0.893542 | 2.695699
  72 | 21300.00 | 21600.00 | 0.027235 | 0.024323 |   7.833449 |      8 | 0.893542 | 0.600000 | 0.876667 | 0.806667 | 0.823333 |  -0.342612 |      318 |      263 |       55 |   7.825914 |      8 | 0.884211 | 2.931979
  73 | 21600.00 | 21900.00 | 0.027125 | 0.024293 |   7.825914 |      8 | 0.884211 | 0.600000 | 0.846667 | 0.860000 | 0.840000 |   0.411638 |      316 |      254 |       63 |   7.819223 |      8 | 0.895377 | 2.649246
  74 | 21900.00 | 22200.00 | 0.027016 | 0.024264 |   7.819223 |      8 | 0.895377 | 0.600000 | 0.930000 | 0.883333 | 0.886667 |  -0.068690 |      323 |      279 |       43 |   7.810308 |      8 | 0.893521 | 2.696235
  75 | 22200.00 | 22500.00 | 0.026908 | 0.024234 |   7.810308 |      8 | 0.893521 | 0.600000 | 0.856667 | 0.910000 | 0.856667 |   1.100361 |      315 |      257 |       58 |   7.803401 |      8 | 0.923129 | 1.946510
  76 | 22500.00 | 22800.00 | 0.026800 | 0.024206 |   7.803401 |      8 | 0.923129 | 0.600000 | 0.896667 | 0.903333 | 0.876667 |   0.550839 |      319 |      269 |       50 |   7.795451 |      8 | 0.937892 | 1.572694
  77 | 22800.00 | 23100.00 | 0.026694 | 0.024177 |   7.795451 |      8 | 0.937892 | 0.600000 | 1.013333 | 0.820000 | 0.903333 |  -1.723413 |      330 |      304 |       26 |   7.784417 |      8 | 0.891886 | 2.737627
  78 | 23100.00 | 23400.00 | 0.026589 | 0.024148 |   7.784417 |      8 | 0.891886 | 0.600000 | 0.916667 | 0.826667 | 0.876667 |  -1.035265 |      321 |      275 |       46 |   7.775997 |      8 | 0.864359 | 3.434656
  79 | 23400.00 | 23700.00 | 0.026485 | 0.024120 |   7.775997 |      8 | 0.864359 | 0.600000 | 0.863333 | 0.823333 | 0.816667 |   0.138197 |      316 |      259 |       57 |   7.769023 |      8 | 0.868019 | 3.341975
  80 | 23700.00 | 24000.00 | 0.026382 | 0.024092 |   7.769023 |      8 | 0.868019 | 0.600000 | 0.860000 | 0.883333 | 0.870000 |   0.276713 |      318 |      258 |       60 |   7.762163 |      8 | 0.875320 | 3.157119
  81 | 24000.00 | 24300.00 | 0.026280 | 0.024065 |   7.762163 |      8 | 0.875320 | 0.600000 | 0.883333 | 0.890000 | 0.826667 |   1.315900 |      320 |      265 |       55 |   7.754717 |      8 | 0.909902 | 2.281447
  82 | 24300.00 | 24600.00 | 0.026179 | 0.024037 |   7.754717 |      8 | 0.909902 | 0.600000 | 0.856667 | 0.923333 | 0.820000 |   2.149446 |      315 |      257 |       58 |   7.747998 |      8 | 0.966172 | 0.856596
  83 | 24600.00 | 24900.00 | 0.026079 | 0.024010 |   7.747998 |      8 | 0.966172 | 0.600000 | 0.756667 | 0.220000 | 0.873333 | -13.605439 |      256 |      227 |       31 |   7.743912 |      8 | 0.611361 | 9.841014
  84 | 24900.00 | 25200.00 | 0.025979 | 0.023983 |   7.743912 |      8 | 0.611361 | 0.600000 | 0.650000 | 0.700000 | 0.573333 |   2.640755 |      299 |      195 |      102 |   7.742614 |      8 | 0.679966 | 8.103818
  85 | 25200.00 | 25500.00 | 0.025881 | 0.023956 |   7.742614 |      8 | 0.679966 | 0.600000 | 0.726667 | 0.606667 | 0.686667 |  -1.669706 |      306 |      218 |       88 |   7.739335 |      8 | 0.636752 | 9.198060
  86 | 25500.00 | 25800.00 | 0.025783 | 0.023930 |   7.739335 |      8 | 0.636752 | 0.600000 | 0.663333 | 0.656667 | 0.673333 |  -0.348241 |      299 |      199 |      100 |   7.737702 |      8 | 0.627773 | 9.425419
  87 | 25800.00 | 26100.00 | 0.025687 | 0.023904 |   7.737702 |      8 | 0.627773 | 0.600000 | 0.670000 | 0.676667 | 0.620000 |   1.185320 |      301 |      201 |      100 |   7.735904 |      8 | 0.658220 | 8.654445
  88 | 26100.00 | 26400.00 | 0.025591 | 0.023877 |   7.735904 |      8 | 0.658220 | 0.600000 | 0.670000 | 0.683333 | 0.633333 |   1.047013 |      300 |      201 |       99 |   7.734113 |      8 | 0.685015 | 7.975969
  89 | 26400.00 | 26700.00 | 0.025496 | 0.023852 |   7.734113 |      8 | 0.685015 | 0.600000 | 0.663333 | 0.633333 | 0.663333 |  -0.628888 |      301 |      199 |      102 |   7.732498 |      8 | 0.668980 | 8.381985
  90 | 26700.00 | 27000.00 | 0.025402 | 0.023826 |   7.732498 |      8 | 0.668980 | 0.600000 | 0.643333 | 0.680000 | 0.663333 |   0.349758 |      297 |      193 |      104 |   7.731397 |      8 | 0.677865 | 8.157011
  91 | 27000.00 | 27300.00 | 0.025309 | 0.023801 |   7.731397 |      8 | 0.677865 | 0.600000 | 0.666667 | 0.606667 | 0.670000 |  -1.330501 |      300 |      200 |      100 |   7.729710 |      8 | 0.644191 | 9.009689
  92 | 27300.00 | 27600.00 | 0.025217 | 0.023775 |   7.729710 |      8 | 0.644191 | 0.600000 | 0.653333 | 0.680000 | 0.673333 |   0.140201 |      299 |      196 |      103 |   7.728365 |      8 | 0.647727 | 8.920166
  93 | 27600.00 | 27900.00 | 0.025125 | 0.023750 |   7.728365 |      8 | 0.647727 | 0.600000 | 0.580000 | 0.603333 | 0.616667 |  -0.280698 |      290 |      174 |      116 |   7.728868 |      8 | 0.640674 | 9.098750
  94 | 27900.00 | 28200.00 | 0.025034 | 0.023726 |   7.728868 |      8 | 0.640674 | 0.600000 | 0.706667 | 0.666667 | 0.580000 |   1.826444 |      305 |      212 |       93 |   7.726197 |      8 | 0.686398 | 7.940937
  95 | 28200.00 | 28500.00 | 0.024945 | 0.023701 |   7.726197 |      8 | 0.686398 | 0.600000 | 0.730000 | 0.706667 | 0.650000 |   1.195454 |      306 |      219 |       87 |   7.722955 |      8 | 0.716218 | 7.185841
  96 | 28500.00 | 28800.00 | 0.024855 | 0.023676 |   7.722955 |      8 | 0.716218 | 0.600000 | 0.700000 | 0.743333 | 0.686667 |   1.196687 |      303 |      210 |       93 |   7.720469 |      8 | 0.745962 | 6.432669
  97 | 28800.00 | 29100.00 | 0.024767 | 0.023652 |   7.720469 |      8 | 0.745962 | 0.600000 | 0.696667 | 0.703333 | 0.720000 |  -0.352327 |      302 |      209 |       93 |   7.718075 |      8 | 0.737236 | 6.653628
  98 | 29100.00 | 29400.00 | 0.024679 | 0.023628 |   7.718075 |      8 | 0.737236 | 0.600000 | 0.670000 | 0.733333 | 0.670000 |   1.340206 |      301 |      201 |      100 |   7.716347 |      8 | 0.770312 | 5.816101
  99 | 29400.00 | 29700.00 | 0.024593 | 0.023604 |   7.716347 |      8 | 0.770312 | 0.600000 | 0.753333 | 0.803333 | 0.786667 |   0.353042 |      307 |      226 |       81 |   7.712576 |      8 | 0.778994 | 5.596253
 100 | 29700.00 | 30000.00 | 0.024506 | 0.023581 |   7.712576 |      8 | 0.778994 | 0.600000 | 0.813333 | 0.756667 | 0.766667 |  -0.212038 |      314 |      244 |       70 |   7.707348 |      8 | 0.773798 | 5.727831
 101 | 30000.00 | 30300.00 | 0.024421 | 0.023557 |   7.707348 |      8 | 0.773798 | 0.600000 | 0.746667 | 0.840000 | 0.746667 |   1.980995 |      307 |      224 |       83 |   7.703767 |      8 | 0.822175 | 4.502822
 102 | 30300.00 | 30600.00 | 0.024336 | 0.023534 |   7.703767 |      8 | 0.822175 | 0.600000 | 0.843333 | 0.843333 | 0.716667 |   2.691156 |      316 |      253 |       63 |   7.697845 |      8 | 0.887668 | 2.844435
 103 | 30600.00 | 30900.00 | 0.024252 | 0.023511 |   7.697845 |      8 | 0.887668 | 0.600000 | 0.856667 | 0.816667 | 0.840000 |  -0.496227 |      317 |      257 |       60 |   7.691620 |      8 | 0.875634 | 3.149172
 104 | 30900.00 | 31200.00 | 0.024169 | 0.023488 |   7.691620 |      8 | 0.875634 | 0.600000 | 0.806667 | 0.820000 | 0.830000 |  -0.212877 |      311 |      242 |       69 |   7.686625 |      8 | 0.870489 | 3.279453
 105 | 31200.00 | 31500.00 | 0.024086 | 0.023465 |   7.686625 |      8 | 0.870489 | 0.600000 | 0.870000 | 0.863333 | 0.826667 |   0.781306 |      318 |      261 |       57 |   7.680122 |      8 | 0.889307 | 2.802927
 106 | 31500.00 | 31800.00 | 0.024005 | 0.023442 |   7.680122 |      8 | 0.889307 | 0.600000 | 0.876667 | 0.856667 | 0.860000 |  -0.071096 |      318 |      263 |       55 |   7.673481 |      8 | 0.887601 | 2.846142
 107 | 31800.00 | 32100.00 | 0.023923 | 0.023420 |   7.673481 |      8 | 0.887601 | 0.600000 | 0.880000 | 0.860000 | 0.890000 |  -0.640481 |      319 |      264 |       55 |   7.666782 |      8 | 0.872278 | 3.234132
 108 | 32100.00 | 32400.00 | 0.023843 | 0.023398 |   7.666782 |      8 | 0.872278 | 0.600000 | 0.810000 | 0.886667 | 0.780000 |   2.279435 |      312 |      243 |       69 |   7.661775 |      8 | 0.926626 | 1.857949
 109 | 32400.00 | 32700.00 | 0.023763 | 0.023375 |   7.661775 |      8 | 0.926626 | 0.600000 | 0.953333 | 0.933333 | 0.886667 |   0.998197 |      325 |      286 |       39 |   7.653379 |      8 | 0.950346 | 1.257319
 110 | 32700.00 | 33000.00 | 0.023684 | 0.023354 |   7.653379 |      8 | 0.950346 | 0.600000 | 0.906667 | 0.590000 | 0.843333 |  -5.423883 |      313 |      272 |       42 |   7.646116 |      8 | 0.821890 | 4.510064
 111 | 33000.00 | 33300.00 | 0.023605 | 0.023332 |   7.646116 |      8 | 0.821890 | 0.600000 | 0.810000 | 0.883333 | 0.820000 |   1.357239 |      313 |      243 |       69 |   7.641159 |      8 | 0.853927 | 3.698819
 112 | 33300.00 | 33600.00 | 0.023527 | 0.023310 |   7.641159 |      8 | 0.853927 | 0.600000 | 0.796667 | 0.853333 | 0.803333 |   1.072500 |      311 |      239 |       72 |   7.636532 |      8 | 0.879160 | 3.059886
 113 | 33600.00 | 33900.00 | 0.023450 | 0.023289 |   7.636532 |      8 | 0.879160 | 0.600000 | 0.906667 | 0.833333 | 0.830000 |   0.071566 |      321 |      272 |       49 |   7.629341 |      8 | 0.880838 | 3.017392
 114 | 33900.00 | 34200.00 | 0.023373 | 0.023267 |   7.629341 |      8 | 0.880838 | 0.600000 | 0.906667 | 0.886667 | 0.863333 |   0.501422 |      321 |      272 |       49 |   7.622173 |      8 | 0.892557 | 2.720630
 115 | 34200.00 | 34500.00 | 0.023297 | 0.023246 |   7.622173 |      8 | 0.892557 | 0.600000 | 0.906667 | 0.866667 | 0.876667 |  -0.215091 |      321 |      272 |       49 |   7.615029 |      8 | 0.887547 | 2.847515
 116 | 34500.00 | 34800.00 | 0.023221 | 0.023225 |   7.615029 |      8 | 0.887547 | 0.600000 | 0.900000 | 0.903333 | 0.873333 |   0.645859 |      320 |      270 |       50 |   7.608062 |      8 | 0.902544 | 2.467752
 117 | 34800.00 | 35100.00 | 0.023146 | 0.023204 |   7.608062 |      8 | 0.902544 | 0.600000 | 0.880000 | 0.930000 | 0.866667 |   1.364708 |      319 |      264 |       55 |   7.601582 |      8 | 0.934132 | 1.667897
 118 | 35100.00 | 35400.00 | 0.023072 | 0.023183 |   7.601582 |      8 | 0.934132 | 0.600000 | 0.876667 | 0.906667 | 0.860000 |   1.006475 |      316 |      263 |       53 |   7.595198 |      8 | 0.957353 | 1.079898
 119 | 35400.00 | 35700.00 | 0.022998 | 0.023163 |   7.595198 |      8 | 0.957353 | 0.600000 | 0.890000 | 0.426667 | 0.903333 | -10.289583 |      305 |      267 |       38 |   7.588529 |      8 | 0.720714 | 7.072012
 120 | 35700.00 | 36000.00 | 0.022925 | 0.023142 |   7.588529 |      8 | 0.720714 | 0.600000 | 0.680000 | 0.776667 | 0.663333 |   2.448640 |      300 |      204 |       96 |   7.586695 |      8 | 0.776848 | 5.650592
 121 | 36000.00 | 36300.00 | 0.022852 | 0.023122 |   7.586695 |      8 | 0.776848 | 0.600000 | 0.800000 | 0.756667 | 0.653333 |   2.234549 |      313 |      240 |       73 |   7.582125 |      8 | 0.827912 | 4.357563
 122 | 36300.00 | 36600.00 | 0.022780 | 0.023102 |   7.582125 |      8 | 0.827912 | 0.600000 | 0.810000 | 0.820000 | 0.803333 |   0.360726 |      313 |      243 |       70 |   7.577341 |      8 | 0.836129 | 4.149486
 123 | 36600.00 | 36900.00 | 0.022708 | 0.023081 |   7.577341 |      8 | 0.836129 | 0.600000 | 0.826667 | 0.863333 | 0.753333 |   2.382866 |      315 |      248 |       67 |   7.572194 |      8 | 0.890240 | 2.779300
 124 | 36900.00 | 37200.00 | 0.022637 | 0.023062 |   7.572194 |      8 | 0.890240 | 0.600000 | 0.876667 | 0.903333 | 0.840000 |   1.373140 |      316 |      263 |       53 |   7.565931 |      8 | 0.921325 | 1.992192
 125 | 37200.00 | 37500.00 | 0.022567 | 0.023042 |   7.565931 |      8 | 0.921325 | 0.600000 | 0.926667 | 0.906667 | 0.896667 |   0.216998 |      323 |      278 |       45 |   7.558559 |      8 | 0.926222 | 1.868192
 126 | 37500.00 | 37800.00 | 0.022497 | 0.023022 |   7.558559 |      8 | 0.926222 | 0.600000 | 0.896667 | 0.866667 | 0.876667 |  -0.217184 |      319 |      269 |       50 |   7.551885 |      8 | 0.921336 | 1.991914
 127 | 37800.00 | 38100.00 | 0.022428 | 0.023002 |   7.551885 |      8 | 0.921336 | 0.600000 | 0.930000 | 0.886667 | 0.833333 |   1.159297 |      321 |      279 |       42 |   7.544483 |      8 | 0.947336 | 1.333544
 128 | 38100.00 | 38400.00 | 0.022359 | 0.022983 |   7.544483 |      8 | 0.947336 | 0.600000 | 0.916667 | 0.630000 | 0.883333 |  -5.511316 |      317 |      275 |       42 |   7.537403 |      8 | 0.824110 | 4.453828
 129 | 38400.00 | 38700.00 | 0.022290 | 0.022964 |   7.537403 |      8 | 0.824110 | 0.600000 | 0.813333 | 0.836667 | 0.826667 |   0.217735 |      314 |      244 |       70 |   7.532648 |      8 | 0.828964 | 4.330932
 130 | 38700.00 | 39000.00 | 0.022222 | 0.022945 |   7.532648 |      8 | 0.828964 | 0.600000 | 0.810000 | 0.810000 | 0.810000 |   0.000000 |      312 |      243 |       69 |   7.527981 |      8 | 0.828964 | 4.330932
 131 | 39000.00 | 39300.00 | 0.022155 | 0.022925 |   7.527981 |      8 | 0.828964 | 0.600000 | 0.816667 | 0.863333 | 0.833333 |   0.654294 |      312 |      245 |       67 |   7.523181 |      8 | 0.843460 | 3.963872
 132 | 39300.00 | 39600.00 | 0.022088 | 0.022907 |   7.523181 |      8 | 0.843460 | 0.600000 | 0.840000 | 0.756667 | 0.816667 |  -1.309670 |      317 |      252 |       65 |   7.517880 |      8 | 0.814531 | 4.696382
 133 | 39600.00 | 39900.00 | 0.022022 | 0.022888 |   7.517880 |      8 | 0.814531 | 0.600000 | 0.830000 | 0.796667 | 0.720000 |   1.674844 |      314 |      249 |       65 |   7.512815 |      8 | 0.851414 | 3.762443
 134 | 39900.00 | 40200.00 | 0.021956 | 0.022869 |   7.512815 |      8 | 0.851414 | 0.600000 | 0.820000 | 0.783333 | 0.820000 |  -0.801667 |      312 |      246 |       66 |   7.507985 |      8 | 0.833813 | 4.208137
 135 | 40200.00 | 40500.00 | 0.021890 | 0.022850 |   7.507985 |      8 | 0.833813 | 0.600000 | 0.846667 | 0.800000 | 0.813333 |  -0.291752 |      318 |      254 |       64 |   7.502585 |      8 | 0.827427 | 4.369855
 136 | 40500.00 | 40800.00 | 0.021825 | 0.022832 |   7.502585 |      8 | 0.827427 | 0.600000 | 0.840000 | 0.813333 | 0.840000 |  -0.583977 |      315 |      252 |       63 |   7.497347 |      8 | 0.814681 | 4.692594
 137 | 40800.00 | 41100.00 | 0.021761 | 0.022814 |   7.497347 |      8 | 0.814681 | 0.600000 | 0.760000 | 0.786667 | 0.823333 |  -0.803614 |      308 |      228 |       80 |   7.493865 |      8 | 0.797194 | 5.135403
 138 | 41100.00 | 41400.00 | 0.021697 | 0.022795 |   7.493865 |      8 | 0.797194 | 0.600000 | 0.796667 | 0.803333 | 0.750000 |   1.169829 |      313 |      239 |       74 |   7.489598 |      8 | 0.822575 | 4.492698
 139 | 41400.00 | 41700.00 | 0.021633 | 0.022777 |   7.489598 |      8 | 0.822575 | 0.600000 | 0.766667 | 0.880000 | 0.770000 |   2.414693 |      308 |      230 |       78 |   7.485993 |      8 | 0.874813 | 3.169952
 140 | 41700.00 | 42000.00 | 0.021570 | 0.022759 |   7.485993 |      8 | 0.874813 | 0.600000 | 0.870000 | 0.866667 | 0.770000 |   2.123683 |      318 |      261 |       57 |   7.480169 |      8 | 0.920621 | 2.010013
 141 | 42000.00 | 42300.00 | 0.021507 | 0.022741 |   7.480169 |      8 | 0.920621 | 0.600000 | 0.843333 | 0.900000 | 0.913333 |  -0.293153 |      312 |      253 |       59 |   7.474935 |      8 | 0.914316 | 2.169665
 142 | 42300.00 | 42600.00 | 0.021445 | 0.022723 |   7.474935 |      8 | 0.914316 | 0.600000 | 0.843333 | 0.846667 | 0.880000 |  -0.733456 |      316 |      253 |       63 |   7.469717 |      8 | 0.898587 | 2.567952
 143 | 42600.00 | 42900.00 | 0.021383 | 0.022706 |   7.469717 |      8 | 0.898587 | 0.600000 | 0.946667 | 0.926667 | 0.813333 |   2.495694 |      325 |      284 |       41 |   7.462304 |      8 | 0.951953 | 1.216626
 144 | 42900.00 | 43200.00 | 0.021322 | 0.022688 |   7.462304 |      8 | 0.951953 | 0.600000 | 0.886667 | 0.566667 | 0.923333 |  -7.860185 |      310 |      266 |       44 |   7.456192 |      8 | 0.784359 | 5.460409
 145 | 43200.00 | 43500.00 | 0.021261 | 0.022671 |   7.456192 |      8 | 0.784359 | 0.600000 | 0.843333 | 0.776667 | 0.753333 |   0.514614 |      316 |      253 |       63 |   7.451018 |      8 | 0.795300 | 5.183358
 146 | 43500.00 | 43800.00 | 0.021200 | 0.022653 |   7.451018 |      8 | 0.795300 | 0.600000 | 0.756667 | 0.793333 | 0.736667 |   1.250737 |      308 |      227 |       81 |   7.447697 |      8 | 0.821816 | 4.511922
 147 | 43800.00 | 44100.00 | 0.021140 | 0.022636 |   7.447697 |      8 | 0.821816 | 0.600000 | 0.806667 | 0.883333 | 0.733333 |   3.313303 |      314 |      242 |       72 |   7.443328 |      8 | 0.891861 | 2.738278
 148 | 44100.00 | 44400.00 | 0.021081 | 0.022619 |   7.443328 |      8 | 0.891861 | 0.600000 | 0.876667 | 0.880000 | 0.843333 |   0.810534 |      317 |      263 |       54 |   7.437495 |      8 | 0.908947 | 2.305616
 149 | 44400.00 | 44700.00 | 0.021021 | 0.022602 |   7.437495 |      8 | 0.908947 | 0.600000 | 0.900000 | 0.893333 | 0.843333 |   1.106109 |      319 |      270 |       49 |   7.431189 |      8 | 0.932199 | 1.716838
 150 | 44700.00 | 45000.00 | 0.020962 | 0.022585 |   7.431189 |      8 | 0.932199 | 0.600000 | 0.943333 | 0.863333 | 0.893333 |  -0.664165 |      323 |      283 |       40 |   7.423992 |      8 | 0.918276 | 2.069380
 151 | 45000.00 | 45300.00 | 0.020904 | 0.022568 |   7.423992 |      8 | 0.918276 | 0.600000 | 0.863333 | 0.893333 | 0.873333 |   0.443108 |      317 |      259 |       58 |   7.418487 |      8 | 0.927539 | 1.834833
 152 | 45300.00 | 45600.00 | 0.020846 | 0.022551 |   7.418487 |      8 | 0.927539 | 0.600000 | 0.916667 | 0.860000 | 0.873333 |  -0.295625 |      320 |      275 |       45 |   7.411886 |      8 | 0.921377 | 1.990879
 153 | 45600.00 | 45900.00 | 0.020788 | 0.022534 |   7.411886 |      8 | 0.921377 | 0.600000 | 0.886667 | 0.896667 | 0.926667 |  -0.665650 |      318 |      266 |       52 |   7.405927 |      8 | 0.907539 | 2.341272
 154 | 45900.00 | 46200.00 | 0.020731 | 0.022518 |   7.405927 |      8 | 0.907539 | 0.600000 | 0.886667 | 0.916667 | 0.846667 |   1.554328 |      319 |      266 |       53 |   7.399984 |      8 | 0.939761 | 1.525343
 155 | 46200.00 | 46500.00 | 0.020674 | 0.022501 |   7.399984 |      8 | 0.939761 | 0.600000 | 0.936667 | 0.816667 | 0.893333 |  -1.703608 |      319 |      281 |       38 |   7.393024 |      8 | 0.904541 | 2.417178
 156 | 46500.00 | 46800.00 | 0.020617 | 0.022485 |   7.393024 |      8 | 0.904541 | 0.600000 | 0.886667 | 0.933333 | 0.850000 |   1.853100 |      320 |      266 |       54 |   7.387113 |      8 | 0.942747 | 1.449738
 157 | 46800.00 | 47100.00 | 0.020561 | 0.022469 |   7.387113 |      8 | 0.942747 | 0.600000 | 0.896667 | 0.746667 | 0.916667 |  -3.783071 |      315 |      269 |       46 |   7.381014 |      8 | 0.864963 | 3.419368
 158 | 47100.00 | 47400.00 | 0.020505 | 0.022452 |   7.381014 |      8 | 0.864963 | 0.600000 | 0.866667 | 0.860000 | 0.860000 |   0.000000 |      318 |      260 |       58 |   7.375546 |      8 | 0.864963 | 3.419368
 159 | 47400.00 | 47700.00 | 0.020450 | 0.022436 |   7.375546 |      8 | 0.864963 | 0.600000 | 0.860000 | 0.833333 | 0.796667 |   0.817134 |      317 |      258 |       59 |   7.370229 |      8 | 0.881673 | 2.996235
 160 | 47700.00 | 48000.00 | 0.020395 | 0.022420 |   7.370229 |      8 | 0.881673 | 0.600000 | 0.820000 | 0.843333 | 0.820000 |   0.520367 |      313 |      246 |       67 |   7.365742 |      8 | 0.892286 | 2.727501
 161 | 48000.00 | 48300.00 | 0.020340 | 0.022404 |   7.365742 |      8 | 0.892286 | 0.600000 | 0.910000 | 0.873333 | 0.846667 |   0.595129 |      321 |      273 |       48 |   7.359436 |      8 | 0.904391 | 2.420984
 162 | 48300.00 | 48600.00 | 0.020286 | 0.022388 |   7.359436 |      8 | 0.904391 | 0.600000 | 0.933333 | 0.913333 | 0.833333 |   1.786654 |      324 |      280 |       44 |   7.352674 |      8 | 0.940634 | 1.503237
 163 | 48600.00 | 48900.00 | 0.020232 | 0.022372 |   7.352674 |      8 | 0.940634 | 0.600000 | 0.930000 | 0.813333 | 0.890000 |  -1.713419 |      319 |      279 |       40 |   7.345998 |      8 | 0.905969 | 2.381021
 164 | 48900.00 | 49200.00 | 0.020178 | 0.022357 |   7.345998 |      8 | 0.905969 | 0.600000 | 0.896667 | 0.923333 | 0.836667 |   1.938269 |      319 |      269 |       50 |   7.340012 |      8 | 0.945080 | 1.390681
 165 | 49200.00 | 49500.00 | 0.020125 | 0.022341 |   7.340012 |      8 | 0.945080 | 0.600000 | 0.960000 | 0.686667 | 0.886667 |  -4.476059 |      323 |      288 |       35 |   7.332767 |      8 | 0.855001 | 3.671636
 166 | 49500.00 | 49800.00 | 0.020072 | 0.022326 |   7.332767 |      8 | 0.855001 | 0.600000 | 0.866667 | 0.843333 | 0.810000 |   0.746529 |      318 |      260 |       58 |   7.327415 |      8 | 0.869985 | 3.292214
 167 | 49800.00 | 50100.00 | 0.020019 | 0.022310 |   7.327415 |      8 | 0.869985 | 0.600000 | 0.883333 | 0.896667 | 0.870000 |   0.597637 |      318 |      265 |       53 |   7.321743 |      8 | 0.881949 | 2.989263
 168 | 50100.00 | 50400.00 | 0.019967 | 0.022295 |   7.321743 |      8 | 0.881949 | 0.600000 | 0.903333 | 0.846667 | 0.833333 |   0.299025 |      320 |      271 |       49 |   7.315686 |      8 | 0.887919 | 2.838078
 169 | 50400.00 | 50700.00 | 0.019915 | 0.022279 |   7.315686 |      8 | 0.887919 | 0.600000 | 0.893333 | 0.850000 | 0.840000 |   0.224423 |      321 |      268 |       53 |   7.309844 |      8 | 0.892389 | 2.724908
 170 | 50700.00 | 51000.00 | 0.019863 | 0.022264 |   7.309844 |      8 | 0.892389 | 0.600000 | 0.856667 | 0.880000 | 0.843333 |   0.823445 |      317 |      257 |       60 |   7.304746 |      8 | 0.908745 | 2.310743
 171 | 51000.00 | 51300.00 | 0.019812 | 0.022249 |   7.304746 |      8 | 0.908745 | 0.600000 | 0.876667 | 0.886667 | 0.840000 |   1.048735 |      317 |      263 |       54 |   7.299265 |      8 | 0.929522 | 1.784628
 172 | 51300.00 | 51600.00 | 0.019761 | 0.022234 |   7.299265 |      8 | 0.929522 | 0.600000 | 0.830000 | 0.876667 | 0.860000 |   0.374802 |      311 |      249 |       62 |   7.294720 |      8 | 0.936928 | 1.597087
 173 | 51600.00 | 51900.00 | 0.019710 | 0.022219 |   7.294720 |      8 | 0.936928 | 0.600000 | 0.923333 | 0.830000 | 0.850000 |  -0.450066 |      320 |      277 |       43 |   7.288347 |      8 | 0.928057 | 1.821711
 174 | 51900.00 | 52200.00 | 0.019660 | 0.022204 |   7.288347 |      8 | 0.928057 | 0.600000 | 0.946667 | 0.850000 | 0.910000 |  -1.351103 |      324 |      284 |       40 |   7.281532 |      8 | 0.901495 | 2.494310
 175 | 52200.00 | 52500.00 | 0.019610 | 0.022189 |   7.281532 |      8 | 0.901495 | 0.600000 | 0.916667 | 0.956667 | 0.856667 |   2.253343 |      322 |      275 |       47 |   7.275322 |      8 | 0.945682 | 1.375419
 176 | 52500.00 | 52800.00 | 0.019560 | 0.022174 |   7.275322 |      8 | 0.945682 | 0.600000 | 0.880000 | 0.693333 | 0.916667 |  -5.035816 |      312 |      264 |       48 |   7.269845 |      8 | 0.847183 | 3.869592
 177 | 52800.00 | 53100.00 | 0.019510 | 0.022160 |   7.269845 |      8 | 0.847183 | 0.600000 | 0.890000 | 0.843333 | 0.783333 |   1.353802 |      321 |      267 |       54 |   7.264187 |      8 | 0.873596 | 3.200767
 178 | 53100.00 | 53400.00 | 0.019461 | 0.022145 |   7.264187 |      8 | 0.873596 | 0.600000 | 0.836667 | 0.800000 | 0.813333 |  -0.301043 |      314 |      251 |       63 |   7.259582 |      8 | 0.867737 | 3.349119
 179 | 53400.00 | 53700.00 | 0.019412 | 0.022131 |   7.259582 |      8 | 0.867737 | 0.600000 | 0.870000 | 0.843333 | 0.840000 |   0.075310 |      318 |      261 |       57 |   7.254340 |      8 | 0.869199 | 3.312100
 180 | 53700.00 | 54000.00 | 0.019364 | 0.022116 |   7.254340 |      8 | 0.869199 | 0.600000 | 0.843333 | 0.826667 | 0.850000 |  -0.527516 |      316 |      253 |       63 |   7.249628 |      8 | 0.858985 | 3.570753
 181 | 54000.00 | 54300.00 | 0.019315 | 0.022102 |   7.249628 |      8 | 0.858985 | 0.600000 | 0.783333 | 0.880000 | 0.860000 |   0.452451 |      309 |      235 |       74 |   7.246087 |      8 | 0.867724 | 3.349459
 182 | 54300.00 | 54600.00 | 0.019268 | 0.022088 |   7.246087 |      8 | 0.867724 | 0.600000 | 0.876667 | 0.846667 | 0.856667 |  -0.226372 |      319 |      263 |       56 |   7.240757 |      8 | 0.863362 | 3.459903
 183 | 54600.00 | 54900.00 | 0.019220 | 0.022073 |   7.240757 |      8 | 0.863362 | 0.600000 | 0.793333 | 0.866667 | 0.816667 |   1.132592 |      311 |      238 |       73 |   7.237041 |      8 | 0.885130 | 2.908694
 184 | 54900.00 | 55200.00 | 0.019172 | 0.022059 |   7.237041 |      8 | 0.885130 | 0.600000 | 0.886667 | 0.920000 | 0.793333 |   2.871076 |      319 |      266 |       53 |   7.231545 |      8 | 0.940176 | 1.514847
 185 | 55200.00 | 55500.00 | 0.019125 | 0.022045 |   7.231545 |      8 | 0.940176 | 0.600000 | 0.916667 | 0.810000 | 0.903333 |  -2.116883 |      318 |      275 |       44 |   7.225488 |      8 | 0.899690 | 2.540024
 186 | 55500.00 | 55800.00 | 0.019078 | 0.022031 |   7.225488 |      8 | 0.899690 | 0.600000 | 0.856667 | 0.856667 | 0.920000 |  -1.437372 |      317 |      257 |       59 |   7.220591 |      8 | 0.872267 | 3.234418
 187 | 55800.00 | 56100.00 | 0.019032 | 0.022017 |   7.220591 |      8 | 0.872267 | 0.600000 | 0.900000 | 0.880000 | 0.830000 |   1.135487 |      322 |      270 |       52 |   7.214882 |      8 | 0.893878 | 2.687203
 188 | 56100.00 | 56400.00 | 0.018986 | 0.022003 |   7.214882 |      8 | 0.893878 | 0.600000 | 0.860000 | 0.933333 | 0.856667 |   1.742180 |      316 |      258 |       58 |   7.209946 |      8 | 0.926954 | 1.849651
 189 | 56400.00 | 56700.00 | 0.018940 | 0.021989 |   7.209946 |      8 | 0.926954 | 0.600000 | 0.960000 | 0.903333 | 0.910000 |  -0.151589 |      325 |      288 |       37 |   7.203127 |      8 | 0.924083 | 1.922351
 190 | 56700.00 | 57000.00 | 0.018894 | 0.021975 |   7.203127 |      8 | 0.924083 | 0.600000 | 0.933333 | 0.890000 | 0.910000 |  -0.455053 |      323 |      280 |       43 |   7.196829 |      8 | 0.915485 | 2.140060
 191 | 57000.00 | 57300.00 | 0.018848 | 0.021962 |   7.196829 |      8 | 0.915485 | 0.600000 | 0.926667 | 0.910000 | 0.883333 |   0.607115 |      322 |      278 |       44 |   7.190672 |      8 | 0.926928 | 1.850299
 192 | 57300.00 | 57600.00 | 0.018803 | 0.021948 |   7.190672 |      8 | 0.926928 | 0.600000 | 0.933333 | 0.853333 | 0.870000 |  -0.379683 |      323 |      280 |       43 |   7.184405 |      8 | 0.919789 | 2.031078
 193 | 57600.00 | 57900.00 | 0.018758 | 0.021935 |   7.184405 |      8 | 0.919789 | 0.600000 | 0.913333 | 0.870000 | 0.883333 |  -0.303934 |      321 |      274 |       47 |   7.178527 |      8 | 0.914088 | 2.175444
 194 | 57900.00 | 58200.00 | 0.018714 | 0.021921 |   7.178527 |      8 | 0.914088 | 0.600000 | 0.850000 | 0.890000 | 0.840000 |   1.140456 |      313 |      255 |       58 |   7.173849 |      8 | 0.935430 | 1.635027
 195 | 58200.00 | 58500.00 | 0.018669 | 0.021908 |   7.173849 |      8 | 0.935430 | 0.600000 | 0.863333 | 0.906667 | 0.863333 |   0.989002 |      315 |      259 |       57 |   7.168932 |      8 | 0.953894 | 1.167492
 196 | 58500.00 | 58800.00 | 0.018625 | 0.021894 |   7.168932 |      8 | 0.953894 | 0.600000 | 0.890000 | 0.530000 | 0.870000 |  -7.764602 |      312 |      267 |       44 |   7.163531 |      8 | 0.809278 | 4.829406
 197 | 58800.00 | 59100.00 | 0.018581 | 0.021881 |   7.163531 |      8 | 0.809278 | 0.600000 | 0.843333 | 0.846667 | 0.730000 |   2.665946 |      315 |      253 |       62 |   7.159010 |      8 | 0.858814 | 3.575067
 198 | 59100.00 | 59400.00 | 0.018537 | 0.021868 |   7.159010 |      8 | 0.858814 | 0.600000 | 0.936667 | 0.860000 | 0.760000 |   2.286482 |      325 |      281 |       45 |   7.152769 |      8 | 0.901200 | 2.501795
 199 | 59400.00 | 59700.00 | 0.018494 | 0.021854 |   7.152769 |      8 | 0.901200 | 0.600000 | 0.846667 | 0.913333 | 0.826667 |   1.982814 |      314 |      254 |       59 |   7.148207 |      8 | 0.937870 | 1.573245
 200 | 59700.00 | 60000.00 | 0.018451 | 0.021841 |   7.148207 |      8 | 0.937870 | 0.600000 | 0.910000 | 0.853333 | 0.880000 |  -0.610464 |      319 |      273 |       46 |   7.142487 |      8 | 0.926606 | 1.858457
 201 | 60000.00 | 60300.00 | 0.018408 | 0.021828 |   7.142487 |      8 | 0.926606 | 0.600000 | 0.903333 | 0.896667 | 0.886667 |   0.229061 |      318 |      271 |       47 |   7.136903 |      8 | 0.930823 | 1.751688
 202 | 60300.00 | 60600.00 | 0.018365 | 0.021815 |   7.136903 |      8 | 0.930823 | 0.600000 | 0.930000 | 0.903333 | 0.853333 |   1.145988 |      322 |      279 |       43 |   7.130843 |      8 | 0.951869 | 1.218760
 203 | 60600.00 | 60900.00 | 0.018323 | 0.021802 |   7.130843 |      8 | 0.951869 | 0.600000 | 0.910000 | 0.540000 | 0.900000 |  -8.256017 |      312 |      273 |       39 |   7.125163 |      8 | 0.800596 | 5.049246
 204 | 60900.00 | 61200.00 | 0.018281 | 0.021789 |   7.125163 |      8 | 0.800596 | 0.600000 | 0.766667 | 0.820000 | 0.786667 |   0.764898 |      307 |      230 |       77 |   7.122116 |      8 | 0.814579 | 4.695179
 205 | 61200.00 | 61500.00 | 0.018239 | 0.021777 |   7.122116 |      8 | 0.814579 | 0.600000 | 0.820000 | 0.850000 | 0.760000 |   2.066444 |      315 |      246 |       69 |   7.118104 |      8 | 0.852268 | 3.740831
 206 | 61500.00 | 61800.00 | 0.018197 | 0.021764 |   7.118104 |      8 | 0.852268 | 0.600000 | 0.826667 | 0.903333 | 0.826667 |   1.761337 |      315 |      248 |       67 |   7.113979 |      8 | 0.884319 | 2.929252
 207 | 61800.00 | 62100.00 | 0.018155 | 0.021751 |   7.113979 |      8 | 0.884319 | 0.600000 | 0.940000 | 0.863333 | 0.830000 |   0.766247 |      324 |      282 |       42 |   7.107806 |      8 | 0.898230 | 2.576991
 208 | 62100.00 | 62400.00 | 0.018114 | 0.021738 |   7.107806 |      8 | 0.898230 | 0.600000 | 0.910000 | 0.803333 | 0.853333 |  -1.150040 |      321 |      273 |       48 |   7.102191 |      8 | 0.877398 | 3.104489
 209 | 62400.00 | 62700.00 | 0.018073 | 0.021726 |   7.102191 |      8 | 0.877398 | 0.600000 | 0.866667 | 0.896667 | 0.850000 |   1.073994 |      318 |      260 |       58 |   7.097371 |      8 | 0.896808 | 2.612988
 210 | 62700.00 | 63000.00 | 0.018032 | 0.021713 |   7.097371 |      8 | 0.896808 | 0.600000 | 0.880000 | 0.870000 | 0.833333 |   0.844340 |      318 |      264 |       54 |   7.092322 |      8 | 0.912034 | 2.227459
 211 | 63000.00 | 63300.00 | 0.017992 | 0.021701 |   7.092322 |      8 | 0.912034 | 0.600000 | 0.876667 | 0.890000 | 0.896667 |  -0.153605 |      318 |      263 |       55 |   7.087345 |      8 | 0.909270 | 2.297437
 212 | 63300.00 | 63600.00 | 0.017951 | 0.021688 |   7.087345 |      8 | 0.909270 | 0.600000 | 0.863333 | 0.836667 | 0.870000 |  -0.768465 |      317 |      259 |       58 |   7.082618 |      8 | 0.895475 | 2.646746
 213 | 63600.00 | 63900.00 | 0.017911 | 0.021676 |   7.082618 |      8 | 0.895475 | 0.600000 | 0.896667 | 0.890000 | 0.870000 |   0.461342 |      320 |      269 |       51 |   7.077304 |      8 | 0.903738 | 2.437510
 214 | 63900.00 | 64200.00 | 0.017871 | 0.021664 |   7.077304 |      8 | 0.903738 | 0.600000 | 0.883333 | 0.906667 | 0.856667 |   1.154013 |      318 |      265 |       53 |   7.072241 |      8 | 0.924362 | 1.915291
 215 | 64200.00 | 64500.00 | 0.017831 | 0.021651 |   7.072241 |      8 | 0.924362 | 0.600000 | 0.950000 | 0.850000 | 0.903333 |  -1.231645 |      324 |      285 |       39 |   7.066000 |      8 | 0.902400 | 2.471402
 216 | 64500.00 | 64800.00 | 0.017792 | 0.021639 |   7.066000 |      8 | 0.902400 | 0.600000 | 0.900000 | 0.846667 | 0.866667 |  -0.462128 |      320 |      270 |       50 |   7.060662 |      8 | 0.894178 | 2.679599
 217 | 64800.00 | 65100.00 | 0.017752 | 0.021627 |   7.060662 |      8 | 0.894178 | 0.600000 | 0.870000 | 0.906667 | 0.856667 |   1.155970 |      318 |      261 |       57 |   7.055869 |      8 | 0.914699 | 2.159964
 218 | 65100.00 | 65400.00 | 0.017713 | 0.021615 |   7.055869 |      8 | 0.914699 | 0.600000 | 0.950000 | 0.906667 | 0.810000 |   2.236130 |      324 |      285 |       39 |   7.049669 |      8 | 0.954309 | 1.156986
 219 | 65400.00 | 65700.00 | 0.017674 | 0.021603 |   7.049669 |      8 | 0.954309 | 0.600000 | 0.926667 | 0.520000 | 0.860000 |  -7.869403 |      315 |      278 |       37 |   7.043896 |      8 | 0.815221 | 4.678922
 220 | 65700.00 | 66000.00 | 0.017636 | 0.021591 |   7.043896 |      8 | 0.815221 | 0.600000 | 0.813333 | 0.826667 | 0.796667 |   0.694746 |      314 |      244 |       70 |   7.040133 |      8 | 0.827473 | 4.368671
 221 | 66000.00 | 66300.00 | 0.017597 | 0.021579 |   7.040133 |      8 | 0.827473 | 0.600000 | 0.800000 | 0.833333 | 0.760000 |   1.699209 |      311 |      240 |       71 |   7.036614 |      8 | 0.857375 | 3.611513
 222 | 66300.00 | 66600.00 | 0.017559 | 0.021567 |   7.036614 |      8 | 0.857375 | 0.600000 | 0.850000 | 0.836667 | 0.816667 |   0.463677 |      316 |      255 |       61 |   7.032224 |      8 | 0.865517 | 3.405350
 223 | 66600.00 | 66900.00 | 0.017521 | 0.021555 |   7.032224 |      8 | 0.865517 | 0.600000 | 0.863333 | 0.843333 | 0.833333 |   0.231966 |      317 |      259 |       58 |   7.027610 |      8 | 0.869581 | 3.302436
 224 | 66900.00 | 67200.00 | 0.017483 | 0.021543 |   7.027610 |      8 | 0.869581 | 0.600000 | 0.896667 | 0.840000 | 0.846667 |  -0.154729 |      321 |      269 |       52 |   7.022424 |      8 | 0.866876 | 3.370935
 225 | 67200.00 | 67500.00 | 0.017445 | 0.021531 |   7.022424 |      8 | 0.866876 | 0.600000 | 0.876667 | 0.873333 | 0.803333 |   1.625541 |      319 |      263 |       56 |   7.017597 |      8 | 0.895234 | 2.652855
 226 | 67500.00 | 67800.00 | 0.017408 | 0.021520 |   7.017597 |      8 | 0.895234 | 0.600000 | 0.900000 | 0.903333 | 0.873333 |   0.697040 |      321 |      270 |       51 |   7.012375 |      8 | 0.907368 | 2.345600
 227 | 67800.00 | 68100.00 | 0.017371 | 0.021508 |   7.012375 |      8 | 0.907368 | 0.600000 | 0.853333 | 0.863333 | 0.880000 |  -0.387455 |      313 |      256 |       57 |   7.007974 |      8 | 0.900638 | 2.516024
 228 | 68100.00 | 68400.00 | 0.017334 | 0.021496 |   7.007974 |      8 | 0.900638 | 0.600000 | 0.906667 | 0.910000 | 0.883333 |   0.620262 |      323 |      272 |       51 |   7.002658 |      8 | 0.911389 | 2.243781
 229 | 68400.00 | 68700.00 | 0.017297 | 0.021485 |   7.002658 |      8 | 0.911389 | 0.600000 | 0.856667 | 0.853333 | 0.900000 |  -1.086044 |      314 |      257 |       57 |   6.998219 |      7 | 0.892604 | 2.719449
 230 | 68700.00 | 69000.00 | 0.017260 | 0.021473 |   6.998219 |      7 | 0.892604 | 0.600000 | 0.763333 | 0.776667 | 0.726667 |   1.164243 |      279 |      229 |       51 |   6.995400 |      7 | 0.912699 | 2.210613
 231 | 69000.00 | 69300.00 | 0.017223 | 0.021462 |   6.995400 |      7 | 0.912699 | 0.600000 | 0.756667 | 0.796667 | 0.766667 |   0.698920 |      277 |      227 |       50 |   6.992702 |      7 | 0.924737 | 1.905795
 232 | 69300.00 | 69600.00 | 0.017187 | 0.021450 |   6.992702 |      7 | 0.924737 | 0.600000 | 0.786667 | 0.766667 | 0.733333 |   0.776991 |      279 |      236 |       43 |   6.989493 |      7 | 0.938091 | 1.567643
 233 | 69600.00 | 69900.00 | 0.017151 | 0.021439 |   6.989493 |      7 | 0.938091 | 0.600000 | 0.803333 | 0.760000 | 0.783333 |  -0.544183 |      280 |      241 |       39 |   6.986006 |      7 | 0.928758 | 1.803977
 234 | 69900.00 | 70200.00 | 0.017115 | 0.021428 |   6.986006 |      7 | 0.928758 | 0.600000 | 0.803333 | 0.770000 | 0.756667 |   0.311126 |      280 |      241 |       39 |   6.982526 |      7 | 0.934083 | 1.669141
 235 | 70200.00 | 70500.00 | 0.017079 | 0.021416 |   6.982526 |      7 | 0.934083 | 0.600000 | 0.773333 | 0.763333 | 0.786667 |  -0.544758 |      278 |      232 |       46 |   6.979565 |      7 | 0.924779 | 1.904735
 236 | 70500.00 | 70800.00 | 0.017044 | 0.021405 |   6.979565 |      7 | 0.924779 | 0.600000 | 0.786667 | 0.763333 | 0.810000 |  -1.090088 |      280 |      236 |       44 |   6.976384 |      7 | 0.906200 | 2.375190
 237 | 70800.00 | 71100.00 | 0.017008 | 0.021394 |   6.976384 |      7 | 0.906200 | 0.600000 | 0.796667 | 0.740000 | 0.763333 |  -0.545330 |      280 |      239 |       41 |   6.973039 |      7 | 0.896924 | 2.610051
 238 | 71100.00 | 71400.00 | 0.016973 | 0.021383 |   6.973039 |      7 | 0.896924 | 0.600000 | 0.760000 | 0.776667 | 0.740000 |   0.857394 |      279 |      228 |       51 |   6.970323 |      7 | 0.911477 | 2.241556
 239 | 71400.00 | 71700.00 | 0.016938 | 0.021372 |   6.970323 |      7 | 0.911477 | 0.600000 | 0.763333 | 0.760000 | 0.766667 |  -0.155971 |      278 |      229 |       49 |   6.967557 |      7 | 0.908835 | 2.308451
 240 | 71700.00 | 72000.00 | 0.016903 | 0.021360 |   6.967557 |      7 | 0.908835 | 0.600000 | 0.756667 | 0.786667 | 0.766667 |   0.468155 |      276 |      227 |       49 |   6.964909 |      7 | 0.916748 | 2.108074
 241 | 72000.00 | 72300.00 | 0.016868 | 0.021349 |   6.964909 |      7 | 0.916748 | 0.600000 | 0.793333 | 0.793333 | 0.743333 |   1.170992 |      282 |      238 |       44 |   6.961647 |      7 | 0.936501 | 1.607903
 242 | 72300.00 | 72600.00 | 0.016834 | 0.021338 |   6.961647 |      7 | 0.936501 | 0.600000 | 0.856667 | 0.776667 | 0.753333 |   0.546744 |      286 |      257 |       30 |   6.957327 |      7 | 0.945705 | 1.374847
 243 | 72600.00 | 72900.00 | 0.016799 | 0.021327 |   6.957327 |      7 | 0.945705 | 0.600000 | 0.800000 | 0.696667 | 0.770000 |  -1.719220 |      278 |      240 |       38 |   6.953967 |      7 | 0.916823 | 2.106186
 244 | 72900.00 | 73200.00 | 0.016765 | 0.021317 |   6.953967 |      7 | 0.916823 | 0.600000 | 0.760000 | 0.803333 | 0.770000 |   0.781863 |      277 |      228 |       48 |   6.951284 |      7 | 0.929931 | 1.774267
 245 | 73200.00 | 73500.00 | 0.016731 | 0.021306 |   6.951284 |      7 | 0.929931 | 0.600000 | 0.816667 | 0.820000 | 0.780000 |   0.938714 |      282 |      245 |       37 |   6.947659 |      7 | 0.945637 | 1.376569
 246 | 73500.00 | 73800.00 | 0.016697 | 0.021295 |   6.947659 |      7 | 0.945637 | 0.600000 | 0.813333 | 0.696667 | 0.743333 |  -1.095722 |      281 |      244 |       37 |   6.944097 |      7 | 0.927341 | 1.839846
 247 | 73800.00 | 74100.00 | 0.016664 | 0.021284 |   6.944097 |      7 | 0.927341 | 0.600000 | 0.803333 | 0.750000 | 0.780000 |  -0.704749 |      282 |      241 |       41 |   6.940709 |      7 | 0.915598 | 2.137216
 248 | 74100.00 | 74400.00 | 0.016630 | 0.021273 |   6.940709 |      7 | 0.915598 | 0.600000 | 0.803333 | 0.783333 | 0.743333 |   0.940140 |      280 |      241 |       39 |   6.937328 |      7 | 0.931232 | 1.741321
 249 | 74400.00 | 74700.00 | 0.016597 | 0.021263 |   6.937328 |      7 | 0.931232 | 0.600000 | 0.776667 | 0.793333 | 0.830000 |  -0.862228 |      278 |      233 |       45 |   6.934395 |      7 | 0.916922 | 2.103678
 250 | 74700.00 | 75000.00 | 0.016564 | 0.021252 |   6.934395 |      7 | 0.916922 | 0.600000 | 0.810000 | 0.816667 | 0.703333 |   2.666403 |      283 |      243 |       40 |   6.930917 |      7 | 0.961087 | 0.985345
 251 | 75000.00 | 75300.00 | 0.016530 | 0.021241 |   6.930917 |      7 | 0.961087 | 0.600000 | 0.800000 | 0.373333 | 0.773333 |  -9.415534 |      271 |      240 |       31 |   6.927611 |      7 | 0.805444 | 4.926496
 252 | 75300.00 | 75600.00 | 0.016498 | 0.021231 |   6.927611 |      7 | 0.805444 | 0.600000 | 0.676667 | 0.723333 | 0.676667 |   1.099026 |      271 |      203 |       68 |   6.926346 |      7 | 0.823575 | 4.467382
 253 | 75600.00 | 75900.00 | 0.016465 | 0.021220 |   6.926346 |      7 | 0.823575 | 0.600000 | 0.743333 | 0.743333 | 0.683333 |   1.413734 |      276 |      223 |       53 |   6.923986 |      7 | 0.846852 | 3.877970
 254 | 75900.00 | 76200.00 | 0.016432 | 0.021210 |   6.923986 |      7 | 0.846852 | 0.600000 | 0.753333 | 0.763333 | 0.750000 |   0.314318 |      279 |      226 |       53 |   6.921467 |      7 | 0.852017 | 3.747185
 255 | 76200.00 | 76500.00 | 0.016400 | 0.021199 |   6.921467 |      7 | 0.852017 | 0.600000 | 0.740000 | 0.783333 | 0.696667 |   2.044076 |      276 |      222 |       54 |   6.919171 |      7 | 0.885540 | 2.898336
 256 | 76500.00 | 76800.00 | 0.016368 | 0.021189 |   6.919171 |      7 | 0.885540 | 0.600000 | 0.733333 | 0.770000 | 0.750000 |   0.471942 |      275 |      220 |       55 |   6.916988 |      7 | 0.893264 | 2.702737
 257 | 76800.00 | 77100.00 | 0.016335 | 0.021179 |   6.916988 |      7 | 0.893264 | 0.600000 | 0.796667 | 0.753333 | 0.716667 |   0.865650 |      281 |      239 |       42 |   6.913776 |      7 | 0.907405 | 2.344667
 258 | 77100.00 | 77400.00 | 0.016304 | 0.021168 |   6.913776 |      7 | 0.907405 | 0.600000 | 0.750000 | 0.786667 | 0.766667 |   0.472403 |      277 |      225 |       52 |   6.911330 |      7 | 0.915107 | 2.149643
 259 | 77400.00 | 77700.00 | 0.016272 | 0.021158 |   6.911330 |      7 | 0.915107 | 0.600000 | 0.763333 | 0.770000 | 0.736667 |   0.787721 |      278 |      229 |       49 |   6.908672 |      7 | 0.927924 | 1.825080
 260 | 77700.00 | 78000.00 | 0.016240 | 0.021148 |   6.908672 |      7 | 0.927924 | 0.600000 | 0.790000 | 0.776667 | 0.803333 |  -0.630482 |      280 |      237 |       44 |   6.905587 |      7 | 0.917685 | 2.084351
 261 | 78000.00 | 78300.00 | 0.016209 | 0.021138 |   6.905587 |      7 | 0.917685 | 0.600000 | 0.803333 | 0.793333 | 0.726667 |   1.576968 |      282 |      241 |       40 |   6.902291 |      7 | 0.943246 | 1.437118
 262 | 78300.00 | 78600.00 | 0.016177 | 0.021127 |   6.902291 |      7 | 0.943246 | 0.600000 | 0.806667 | 0.730000 | 0.780000 |  -1.183295 |      279 |      242 |       37 |   6.898948 |      7 | 0.924103 | 1.921837
 263 | 78600.00 | 78900.00 | 0.016146 | 0.021117 |   6.898948 |      7 | 0.924103 | 0.600000 | 0.740000 | 0.833333 | 0.790000 |   1.026015 |      275 |      222 |       53 |   6.896687 |      7 | 0.940669 | 1.502356
 264 | 78900.00 | 79200.00 | 0.016115 | 0.021107 |   6.896687 |      7 | 0.940669 | 0.600000 | 0.820000 | 0.813333 | 0.763333 |   1.184430 |      281 |      246 |       35 |   6.893142 |      7 | 0.959756 | 1.019039
 265 | 79200.00 | 79500.00 | 0.016084 | 0.021097 |   6.893142 |      7 | 0.959756 | 0.600000 | 0.730000 | 0.420000 | 0.766667 |  -8.215967 |      264 |      219 |       46 |   6.891051 |      7 | 0.827610 | 4.365201
 266 | 79500.00 | 79800.00 | 0.016053 | 0.021087 |   6.891051 |      7 | 0.827610 | 0.600000 | 0.733333 | 0.720000 | 0.733333 |  -0.316149 |      277 |      220 |       56 |   6.888911 |      7 | 0.822535 | 4.493714
 267 | 79800.00 | 80100.00 | 0.016023 | 0.021077 |   6.888911 |      7 | 0.822535 | 0.600000 | 0.756667 | 0.686667 | 0.656667 |   0.711672 |      277 |      227 |       50 |   6.886400 |      7 | 0.833938 | 4.204974
 268 | 80100.00 | 80400.00 | 0.015992 | 0.021067 |   6.886400 |      7 | 0.833938 | 0.600000 | 0.746667 | 0.736667 | 0.720000 |   0.395560 |      276 |      224 |       52 |   6.884055 |      7 | 0.840264 | 4.044792
 269 | 80400.00 | 80700.00 | 0.015962 | 0.021057 |   6.884055 |      7 | 0.840264 | 0.600000 | 0.773333 | 0.720000 | 0.703333 |   0.395747 |      280 |      232 |       48 |   6.881288 |      7 | 0.846581 | 3.884839
 270 | 80700.00 | 81000.00 | 0.015932 | 0.021047 |   6.881288 |      7 | 0.846581 | 0.600000 | 0.743333 | 0.750000 | 0.716667 |   0.791865 |      278 |      223 |       55 |   6.879005 |      7 | 0.859196 | 3.565389
 271 | 81000.00 | 81300.00 | 0.015902 | 0.021038 |   6.879005 |      7 | 0.859196 | 0.600000 | 0.736667 | 0.726667 | 0.756667 |  -0.713012 |      275 |      221 |       54 |   6.876831 |      7 | 0.847858 | 3.852486
 272 | 81300.00 | 81600.00 | 0.015872 | 0.021028 |   6.876831 |      7 | 0.847858 | 0.600000 | 0.743333 | 0.746667 | 0.773333 |  -0.634084 |      277 |      223 |       54 |   6.874557 |      7 | 0.837795 | 4.107322
 273 | 81600.00 | 81900.00 | 0.015842 | 0.021018 |   6.874557 |      7 | 0.837795 | 0.600000 | 0.723333 | 0.686667 | 0.670000 |   0.396487 |      275 |      217 |       58 |   6.872603 |      7 | 0.844076 | 3.948274
 274 | 81900.00 | 82200.00 | 0.015812 | 0.021008 |   6.872603 |      7 | 0.844076 | 0.600000 | 0.703333 | 0.726667 | 0.766667 |  -0.952011 |      274 |      211 |       63 |   6.870969 |      7 | 0.829022 | 4.329450
 275 | 82200.00 | 82500.00 | 0.015783 | 0.020998 |   6.870969 |      7 | 0.829022 | 0.600000 | 0.720000 | 0.686667 | 0.740000 |  -1.269934 |      273 |      216 |       57 |   6.869075 |      7 | 0.808979 | 4.836969
 276 | 82500.00 | 82800.00 | 0.015753 | 0.020989 |   6.869075 |      7 | 0.808979 | 0.600000 | 0.750000 | 0.660000 | 0.696667 |  -0.873482 |      279 |      225 |       54 |   6.866712 |      7 | 0.795219 | 5.185399
 277 | 82800.00 | 83100.00 | 0.015724 | 0.020979 |   6.866712 |      7 | 0.795219 | 0.600000 | 0.690000 | 0.740000 | 0.723333 |   0.397220 |      270 |      207 |       63 |   6.865297 |      7 | 0.801465 | 5.027243
 278 | 83100.00 | 83400.00 | 0.015695 | 0.020970 |   6.865297 |      7 | 0.801465 | 0.600000 | 0.683333 | 0.723333 | 0.706667 |   0.397402 |      273 |      205 |       68 |   6.863989 |      7 | 0.807702 | 4.869308
 279 | 83400.00 | 83700.00 | 0.015666 | 0.020960 |   6.863989 |      7 | 0.807702 | 0.600000 | 0.663333 | 0.750000 | 0.700000 |   1.192750 |      269 |      199 |       70 |   6.862997 |      7 | 0.826388 | 4.396162
 280 | 83700.00 | 84000.00 | 0.015637 | 0.020950 |   6.862997 |      7 | 0.826388 | 0.600000 | 0.713333 | 0.693333 | 0.636667 |   1.352399 |      273 |      214 |       59 |   6.861225 |      7 | 0.847535 | 3.860675
 281 | 84000.00 | 84300.00 | 0.015608 | 0.020941 |   6.861225 |      7 | 0.847535 | 0.600000 | 0.776667 | 0.790000 | 0.720000 |   1.671369 |      281 |      233 |       48 |   6.858467 |      7 | 0.873622 | 3.200106
 282 | 84300.00 | 84600.00 | 0.015580 | 0.020931 |   6.858467 |      7 | 0.873622 | 0.600000 | 0.766667 | 0.716667 | 0.743333 |  -0.637000 |      279 |      230 |       49 |   6.855870 |      7 | 0.863698 | 3.451404
 283 | 84600.00 | 84900.00 | 0.015551 | 0.020922 |   6.855870 |      7 | 0.863698 | 0.600000 | 0.706667 | 0.720000 | 0.703333 |   0.398305 |      273 |      212 |       61 |   6.854212 |      7 | 0.869892 | 3.294559
 284 | 84900.00 | 85200.00 | 0.015523 | 0.020913 |   6.854212 |      7 | 0.869892 | 0.600000 | 0.773333 | 0.736667 | 0.703333 |   0.796968 |      279 |      232 |       47 |   6.851521 |      7 | 0.882263 | 2.981301
 285 | 85200.00 | 85500.00 | 0.015494 | 0.020903 |   6.851521 |      7 | 0.882263 | 0.600000 | 0.760000 | 0.783333 | 0.726667 |   1.355453 |      277 |      228 |       49 |   6.849042 |      7 | 0.903265 | 2.449493
 286 | 85500.00 | 85800.00 | 0.015466 | 0.020894 |   6.849042 |      7 | 0.903265 | 0.600000 | 0.756667 | 0.786667 | 0.683333 |   2.472813 |      277 |      227 |       50 |   6.846619 |      7 | 0.941511 | 1.481051
 287 | 85800.00 | 86100.00 | 0.015438 | 0.020885 |   6.846619 |      7 | 0.941511 | 0.600000 | 0.793333 | 0.760000 | 0.800000 |  -0.957645 |      280 |      238 |       42 |   6.843634 |      7 | 0.926726 | 1.855421
 288 | 86100.00 | 86400.00 | 0.015411 | 0.020875 |   6.843634 |      7 | 0.926726 | 0.600000 | 0.780000 | 0.830000 | 0.773333 |   1.357267 |      279 |      234 |       45 |   6.840860 |      7 | 0.947642 | 1.325786
 289 | 86400.00 | 86700.00 | 0.015383 | 0.020866 |   6.840860 |      7 | 0.947642 | 0.600000 | 0.770000 | 0.710000 | 0.770000 |  -1.437743 |      275 |      231 |       44 |   6.838245 |      7 | 0.925526 | 1.885814
 290 | 86700.00 | 87000.00 | 0.015355 | 0.020857 |   6.838245 |      7 | 0.925526 | 0.600000 | 0.830000 | 0.730000 | 0.796667 |  -1.598198 |      283 |      249 |       34 |   6.834714 |      7 | 0.900985 | 2.507224
 291 | 87000.00 | 87300.00 | 0.015328 | 0.020848 |   6.834714 |      7 | 0.900985 | 0.600000 | 0.766667 | 0.806667 | 0.720000 |   2.078573 |      279 |      230 |       49 |   6.832159 |      7 | 0.932845 | 1.700482
 292 | 87300.00 | 87600.00 | 0.015300 | 0.020838 |   6.832159 |      7 | 0.932845 | 0.600000 | 0.833333 | 0.773333 | 0.766667 |   0.159960 |      283 |      250 |       33 |   6.828589 |      7 | 0.935292 | 1.638509
 293 | 87600.00 | 87900.00 | 0.015273 | 0.020829 |   6.828589 |      7 | 0.935292 | 0.600000 | 0.860000 | 0.773333 | 0.793333 |  -0.480092 |      287 |      258 |       29 |   6.824618 |      7 | 0.927960 | 1.824179
 294 | 87900.00 | 88200.00 | 0.015246 | 0.020820 |   6.824618 |      7 | 0.927960 | 0.600000 | 0.750000 | 0.810000 | 0.776667 |   0.800502 |      275 |      225 |       50 |   6.822331 |      7 | 0.940164 | 1.515144
 295 | 88200.00 | 88500.00 | 0.015219 | 0.020811 |   6.822331 |      7 | 0.940164 | 0.600000 | 0.810000 | 0.813333 | 0.783333 |   0.720766 |      281 |      243 |       38 |   6.819135 |      7 | 0.951133 | 1.237384
 296 | 88500.00 | 88800.00 | 0.015192 | 0.020802 |   6.819135 |      7 | 0.951133 | 0.600000 | 0.826667 | 0.626667 | 0.740000 |  -2.724075 |      278 |      248 |       30 |   6.815691 |      7 | 0.909749 | 2.285298
 297 | 88800.00 | 89100.00 | 0.015165 | 0.020793 |   6.815691 |      7 | 0.909749 | 0.600000 | 0.780000 | 0.816667 | 0.753333 |   1.522936 |      280 |      234 |       46 |   6.812962 |      7 | 0.932845 | 1.700479
 298 | 89100.00 | 89400.00 | 0.015138 | 0.020784 |   6.812962 |      7 | 0.932845 | 0.600000 | 0.820000 | 0.740000 | 0.753333 |  -0.320757 |      282 |      246 |       36 |   6.809631 |      7 | 0.927989 | 1.823435
 299 | 89400.00 | 89700.00 | 0.015112 | 0.020775 |   6.809631 |      7 | 0.927989 | 0.600000 | 0.760000 | 0.773333 | 0.790000 |  -0.401118 |      278 |      228 |       50 |   6.807213 |      7 | 0.921928 | 1.976927
 300 | 89700.00 | 90000.00 | 0.015085 | 0.020766 |   6.807213 |      7 | 0.921928 | 0.600000 | 0.763333 | 0.773333 | 0.790000 |  -0.401291 |      278 |      229 |       49 |   6.804749 |      7 | 0.915874 | 2.130215
 301 | 90000.00 | 90300.00 | 0.015059 | 0.020757 |   6.804749 |      7 | 0.915874 | 0.600000 | 0.810000 | 0.723333 | 0.770000 |  -1.124095 |      282 |      243 |       39 |   6.801587 |      7 | 0.898946 | 2.558858
 302 | 90300.00 | 90600.00 | 0.015033 | 0.020749 |   6.801587 |      7 | 0.898946 | 0.600000 | 0.780000 | 0.730000 | 0.786667 |  -1.365555 |      280 |      234 |       46 |   6.798881 |      7 | 0.878418 | 3.078667
 303 | 90600.00 | 90900.00 | 0.015007 | 0.020740 |   6.798881 |      7 | 0.878418 | 0.600000 | 0.820000 | 0.773333 | 0.726667 |   1.125053 |      284 |      246 |       38 |   6.795580 |      7 | 0.895301 | 2.651151
 304 | 90900.00 | 91200.00 | 0.014981 | 0.020731 |   6.795580 |      7 | 0.895301 | 0.600000 | 0.760000 | 0.770000 | 0.676667 |   2.251061 |      277 |      228 |       49 |   6.793183 |      7 | 0.929024 | 1.797238
 305 | 91200.00 | 91500.00 | 0.014955 | 0.020722 |   6.793183 |      7 | 0.929024 | 0.600000 | 0.776667 | 0.803333 | 0.806667 |  -0.080429 |      279 |      233 |       46 |   6.790541 |      7 | 0.927821 | 1.827695
 306 | 91500.00 | 91800.00 | 0.014929 | 0.020713 |   6.790541 |      7 | 0.927821 | 0.600000 | 0.813333 | 0.773333 | 0.823333 |  -1.206945 |      281 |      244 |       37 |   6.787356 |      7 | 0.909803 | 2.283955
 307 | 91800.00 | 92100.00 | 0.014903 | 0.020705 |   6.787356 |      7 | 0.909803 | 0.600000 | 0.790000 | 0.783333 | 0.720000 |   1.529440 |      282 |      237 |       45 |   6.784524 |      7 | 0.932596 | 1.706777
 308 | 92100.00 | 92400.00 | 0.014878 | 0.020696 |   6.784524 |      7 | 0.932596 | 0.600000 | 0.770000 | 0.813333 | 0.776667 |   0.885837 |      276 |      231 |       45 |   6.781995 |      7 | 0.945776 | 1.373055
 309 | 92400.00 | 92700.00 | 0.014852 | 0.020687 |   6.781995 |      7 | 0.945776 | 0.600000 | 0.836667 | 0.716667 | 0.800000 |  -2.014109 |      284 |      251 |       33 |   6.778480 |      7 | 0.915861 | 2.130533
 310 | 92700.00 | 93000.00 | 0.014827 | 0.020679 |   6.778480 |      7 | 0.915861 | 0.600000 | 0.796667 | 0.826667 | 0.783333 |   1.047774 |      281 |      239 |       42 |   6.775564 |      7 | 0.931397 | 1.737153
 311 | 93000.00 | 93300.00 | 0.014802 | 0.020670 |   6.775564 |      7 | 0.931397 | 0.600000 | 0.760000 | 0.776667 | 0.816667 |  -0.967578 |      276 |      228 |       48 |   6.773196 |      7 | 0.917075 | 2.099805
 312 | 93300.00 | 93600.00 | 0.014777 | 0.020662 |   6.773196 |      7 | 0.917075 | 0.600000 | 0.806667 | 0.826667 | 0.736667 |   2.177954 |      282 |      242 |       40 |   6.770142 |      7 | 0.949258 | 1.284887
 313 | 93600.00 | 93900.00 | 0.014751 | 0.020653 |   6.770142 |      7 | 0.949258 | 0.600000 | 0.796667 | 0.680000 | 0.750000 |  -1.694666 |      278 |      239 |       39 |   6.767241 |      7 | 0.924259 | 1.917899
 314 | 93900.00 | 94200.00 | 0.014727 | 0.020645 |   6.767241 |      7 | 0.924259 | 0.600000 | 0.753333 | 0.830000 | 0.806667 |   0.565122 |      276 |      226 |       50 |   6.764983 |      7 | 0.932581 | 1.707165
 315 | 94200.00 | 94500.00 | 0.014702 | 0.020636 |   6.764983 |      7 | 0.932581 | 0.600000 | 0.856667 | 0.773333 | 0.783333 |  -0.242295 |      287 |      257 |       30 |   6.761209 |      7 | 0.929019 | 1.797364
 316 | 94500.00 | 94800.00 | 0.014677 | 0.020628 |   6.761209 |      7 | 0.929019 | 0.600000 | 0.766667 | 0.790000 | 0.770000 |   0.484788 |      277 |      230 |       47 |   6.758763 |      7 | 0.936134 | 1.617195
 317 | 94800.00 | 95100.00 | 0.014652 | 0.020619 |   6.758763 |      7 | 0.936134 | 0.600000 | 0.786667 | 0.830000 | 0.766667 |   1.535791 |      280 |      236 |       44 |   6.756028 |      7 | 0.958637 | 1.047385
 318 | 95100.00 | 95400.00 | 0.014628 | 0.020611 |   6.756028 |      7 | 0.958637 | 0.600000 | 0.736667 | 0.453333 | 0.796667 |  -8.329005 |      265 |      221 |       44 |   6.754029 |      7 | 0.836803 | 4.132440
 319 | 95400.00 | 95700.00 | 0.014603 | 0.020602 |   6.754029 |      7 | 0.836803 | 0.600000 | 0.740000 | 0.780000 | 0.690000 |   2.184220 |      276 |      222 |       54 |   6.751984 |      7 | 0.868699 | 3.324759
 320 | 95700.00 | 96000.00 | 0.014579 | 0.020594 |   6.751984 |      7 | 0.868699 | 0.600000 | 0.743333 | 0.783333 | 0.770000 |   0.323720 |      276 |      223 |       53 |   6.749895 |      7 | 0.873419 | 3.205254
 321 | 96000.00 | 96300.00 | 0.014555 | 0.020586 |   6.749895 |      7 | 0.873419 | 0.600000 | 0.756667 | 0.763333 | 0.760000 |   0.080963 |      279 |      227 |       52 |   6.747615 |      7 | 0.874597 | 3.175415
 322 | 96300.00 | 96600.00 | 0.014531 | 0.020577 |   6.747615 |      7 | 0.874597 | 0.600000 | 0.733333 | 0.740000 | 0.770000 |  -0.728958 |      275 |      220 |       55 |   6.745677 |      7 | 0.864005 | 3.443627
 323 | 96600.00 | 96900.00 | 0.014506 | 0.020569 |   6.745677 |      7 | 0.864005 | 0.600000 | 0.790000 | 0.773333 | 0.710000 |   1.539532 |      281 |      237 |       44 |   6.742921 |      7 | 0.886338 | 2.878112
 324 | 96900.00 | 97200.00 | 0.014483 | 0.020561 |   6.742921 |      7 | 0.886338 | 0.600000 | 0.773333 | 0.780000 | 0.773333 |   0.162121 |      278 |      232 |       46 |   6.740411 |      7 | 0.888686 | 2.818659
 325 | 97200.00 | 97500.00 | 0.014459 | 0.020553 |   6.740411 |      7 | 0.888686 | 0.600000 | 0.796667 | 0.813333 | 0.790000 |   0.567651 |      282 |      239 |       43 |   6.737567 |      7 | 0.896894 | 2.610832
 326 | 97500.00 | 97800.00 | 0.014435 | 0.020544 |   6.737567 |      7 | 0.896894 | 0.600000 | 0.756667 | 0.813333 | 0.760000 |   1.298007 |      278 |      227 |       51 |   6.735306 |      7 | 0.915630 | 2.136389
 327 | 97800.00 | 98100.00 | 0.014411 | 0.020536 |   6.735306 |      7 | 0.915630 | 0.600000 | 0.690000 | 0.760000 | 0.710000 |   1.217366 |      270 |      207 |       63 |   6.734009 |      7 | 0.933174 | 1.692152
 328 | 98100.00 | 98400.00 | 0.014388 | 0.020528 |   6.734009 |      7 | 0.933174 | 0.600000 | 0.793333 | 0.803333 | 0.730000 |   1.786180 |      281 |      238 |       43 |   6.731227 |      7 | 0.958873 | 1.041412
 329 | 98400.00 | 98700.00 | 0.014364 | 0.020520 |   6.731227 |      7 | 0.958873 | 0.600000 | 0.836667 | 0.473333 | 0.780000 |  -7.472440 |      276 |      251 |       27 |   6.727828 |      7 | 0.851538 | 3.759325
 330 | 98700.00 | 99000.00 | 0.014341 | 0.020512 |   6.727828 |      7 | 0.851538 | 0.600000 | 0.710000 | 0.763333 | 0.683333 |   1.950103 |      274 |      213 |       59 |   6.726250 |      7 | 0.879503 | 3.051179
 331 | 99000.00 | 99300.00 | 0.014317 | 0.020504 |   6.726250 |      7 | 0.879503 | 0.600000 | 0.713333 | 0.780000 | 0.733333 |   1.138009 |      275 |      214 |       61 |   6.724627 |      7 | 0.895797 | 2.638602
 332 | 99300.00 | 99600.00 | 0.014294 | 0.020496 |   6.724627 |      7 | 0.895797 | 0.600000 | 0.783333 | 0.776667 | 0.740000 |   0.894501 |      279 |      235 |       44 |   6.722007 |      7 | 0.908583 | 2.314833
 333 | 99600.00 | 99900.00 | 0.014271 | 0.020488 |   6.722007 |      7 | 0.908583 | 0.600000 | 0.783333 | 0.790000 | 0.753333 |   0.894852 |      279 |      235 |       44 |   6.719390 |      7 | 0.921354 | 1.991461
 334 | 99900.00 | 100200.0 | 0.014248 | 0.020480 |   6.719390 |      7 | 0.921354 | 0.600000 | 0.753333 | 0.793333 | 0.766667 |   0.651056 |      277 |      226 |       51 |   6.717206 |      7 | 0.930630 | 1.756568
 335 | 100200.0 | 100500.0 | 0.014225 | 0.020472 |   6.717206 |      7 | 0.930630 | 0.600000 | 0.770000 | 0.830000 | 0.770000 |   1.465448 |      279 |      231 |       48 |   6.714787 |      7 | 0.951476 | 1.228706
 336 | 100500.0 | 100800.0 | 0.014202 | 0.020464 |   6.714787 |      7 | 0.951476 | 0.600000 | 0.780000 | 0.616667 | 0.780000 |  -3.990827 |      274 |      234 |       40 |   6.712231 |      7 | 0.894797 | 2.663916
 337 | 100800.0 | 101100.0 | 0.014180 | 0.020456 |   6.712231 |      7 | 0.894797 | 0.600000 | 0.800000 | 0.750000 | 0.726667 |   0.570339 |      282 |      240 |       42 |   6.709395 |      7 | 0.902884 | 2.459135
 338 | 101100.0 | 101400.0 | 0.014157 | 0.020448 |   6.709395 |      7 | 0.902884 | 0.600000 | 0.773333 | 0.820000 | 0.723333 |   2.363750 |      280 |      232 |       48 |   6.706941 |      7 | 0.936348 | 1.611785
 339 | 101400.0 | 101700.0 | 0.014134 | 0.020440 |   6.706941 |      7 | 0.936348 | 0.600000 | 0.810000 | 0.843333 | 0.753333 |   2.201582 |      281 |      243 |       38 |   6.703973 |      7 | 0.967466 | 0.823827
 340 | 101700.0 | 102000.0 | 0.014112 | 0.020432 |   6.703973 |      7 | 0.967466 | 0.600000 | 0.733333 | 0.260000 | 0.800000 | -13.214583 |      244 |      220 |       25 |   6.702091 |      7 | 0.780984 | 5.545868
 341 | 102000.0 | 102300.0 | 0.014089 | 0.020424 |   6.702091 |      7 | 0.780984 | 0.600000 | 0.643333 | 0.686667 | 0.620000 |   1.632057 |      267 |      193 |       73 |   6.701481 |      7 | 0.803978 | 4.963602
 342 | 102300.0 | 102600.0 | 0.014067 | 0.020416 |   6.701481 |      7 | 0.803978 | 0.600000 | 0.696667 | 0.750000 | 0.693333 |   1.387780 |      274 |      209 |       65 |   6.700121 |      7 | 0.823500 | 4.469271
 343 | 102600.0 | 102900.0 | 0.014045 | 0.020409 |   6.700121 |      7 | 0.823500 | 0.600000 | 0.796667 | 0.743333 | 0.643333 |   2.449959 |      282 |      239 |       43 |   6.697359 |      7 | 0.857910 | 3.597967
 344 | 102900.0 | 103200.0 | 0.014023 | 0.020401 |   6.697359 |      7 | 0.857910 | 0.600000 | 0.726667 | 0.740000 | 0.736667 |   0.081696 |      275 |      218 |       57 |   6.695583 |      7 | 0.859055 | 3.568959
 345 | 103200.0 | 103500.0 | 0.014001 | 0.020393 |   6.695583 |      7 | 0.859055 | 0.600000 | 0.766667 | 0.723333 | 0.806667 |  -2.043188 |      278 |      230 |       48 |   6.693249 |      7 | 0.830449 | 4.293310
 346 | 103500.0 | 103800.0 | 0.013979 | 0.020385 |   6.693249 |      7 | 0.830449 | 0.600000 | 0.796667 | 0.710000 | 0.690000 |   0.490551 |      282 |      239 |       43 |   6.690500 |      7 | 0.837307 | 4.119673
 347 | 103800.0 | 104100.0 | 0.013957 | 0.020378 |   6.690500 |      7 | 0.837307 | 0.600000 | 0.766667 | 0.766667 | 0.726667 |   0.981473 |      280 |      230 |       50 |   6.688174 |      7 | 0.851005 | 3.772811
 348 | 104100.0 | 104400.0 | 0.013935 | 0.020370 |   6.688174 |      7 | 0.851005 | 0.600000 | 0.780000 | 0.733333 | 0.686667 |   1.145485 |      281 |      234 |       47 |   6.685666 |      7 | 0.866967 | 3.368619
 349 | 104400.0 | 104700.0 | 0.013913 | 0.020362 |   6.685666 |      7 | 0.866967 | 0.600000 | 0.766667 | 0.730000 | 0.710000 |   0.491107 |      278 |      230 |       48 |   6.683347 |      7 | 0.873800 | 3.195599
 350 | 104700.0 | 105000.0 | 0.013892 | 0.020355 |   6.683347 |      7 | 0.873800 | 0.600000 | 0.750000 | 0.796667 | 0.703333 |   2.292692 |      276 |      225 |       51 |   6.681263 |      7 | 0.905649 | 2.389125
 351 | 105000.0 | 105300.0 | 0.013870 | 0.020347 |   6.681263 |      7 | 0.905649 | 0.600000 | 0.753333 | 0.773333 | 0.766667 |   0.163825 |      278 |      226 |       52 |   6.679136 |      7 | 0.907921 | 2.331588
 352 | 105300.0 | 105600.0 | 0.013849 | 0.020339 |   6.679136 |      7 | 0.907921 | 0.600000 | 0.763333 | 0.803333 | 0.713333 |   2.212465 |      278 |      229 |       49 |   6.676874 |      7 | 0.938561 | 1.555747
 353 | 105600.0 | 105900.0 | 0.013827 | 0.020332 |   6.676874 |      7 | 0.938561 | 0.600000 | 0.810000 | 0.820000 | 0.773333 |   1.147632 |      280 |      243 |       37 |   6.673971 |      7 | 0.954429 | 1.153931
 354 | 105900.0 | 106200.0 | 0.013806 | 0.020324 |   6.673971 |      7 | 0.954429 | 0.600000 | 0.826667 | 0.556667 | 0.736667 |  -4.428225 |      278 |      248 |       30 |   6.670841 |      7 | 0.893294 | 2.701977
 355 | 106200.0 | 106500.0 | 0.013785 | 0.020317 |   6.670841 |      7 | 0.893294 | 0.600000 | 0.810000 | 0.760000 | 0.740000 |   0.492208 |      283 |      243 |       40 |   6.667947 |      7 | 0.900079 | 2.530173
 356 | 106500.0 | 106800.0 | 0.013763 | 0.020309 |   6.667947 |      7 | 0.900079 | 0.600000 | 0.810000 | 0.756667 | 0.750000 |   0.164130 |      283 |      243 |       40 |   6.665056 |      7 | 0.902338 | 2.472972
 357 | 106800.0 | 107100.0 | 0.013742 | 0.020302 |   6.665056 |      7 | 0.902338 | 0.600000 | 0.796667 | 0.773333 | 0.760000 |   0.328381 |      281 |      239 |       42 |   6.662354 |      7 | 0.906851 | 2.358702
 358 | 107100.0 | 107400.0 | 0.013721 | 0.020294 |   6.662354 |      7 | 0.906851 | 0.600000 | 0.803333 | 0.750000 | 0.826667 |  -1.888885 |      282 |      241 |       41 |   6.659564 |      7 | 0.880933 | 3.014988
 359 | 107400.0 | 107700.0 | 0.013700 | 0.020287 |   6.659564 |      7 | 0.880933 | 0.600000 | 0.730000 | 0.730000 | 0.736667 |  -0.164311 |      275 |      219 |       56 |   6.657783 |      7 | 0.878682 | 3.071990
 360 | 107700.0 | 108000.0 | 0.013679 | 0.020279 |   6.657783 |      7 | 0.878682 | 0.600000 | 0.783333 | 0.746667 | 0.756667 |  -0.246557 |      281 |      235 |       46 |   6.655275 |      7 | 0.875309 | 3.157395
 361 | 108000.0 | 108300.0 | 0.013659 | 0.020272 |   6.655275 |      7 | 0.875309 | 0.600000 | 0.736667 | 0.730000 | 0.716667 |   0.328863 |      275 |      221 |       54 |   6.653408 |      7 | 0.879801 | 3.043654
 362 | 108300.0 | 108600.0 | 0.013638 | 0.020264 |   6.653408 |      7 | 0.879801 | 0.600000 | 0.763333 | 0.766667 | 0.853333 |  -2.138389 |      278 |      229 |       49 |   6.651181 |      7 | 0.850637 | 3.782120
 363 | 108600.0 | 108900.0 | 0.013617 | 0.020257 |   6.651181 |      7 | 0.850637 | 0.600000 | 0.693333 | 0.750000 | 0.686667 |   1.563237 |      273 |      208 |       65 |   6.649910 |      7 | 0.871925 | 3.243092
 364 | 108900.0 | 109200.0 | 0.013597 | 0.020250 |   6.649910 |      7 | 0.871925 | 0.600000 | 0.760000 | 0.736667 | 0.693333 |   1.069971 |      278 |      228 |       50 |   6.647734 |      7 | 0.886473 | 2.874706
 365 | 109200.0 | 109500.0 | 0.013576 | 0.020242 |   6.647734 |      7 | 0.886473 | 0.600000 | 0.716667 | 0.790000 | 0.763333 |   0.658682 |      275 |      215 |       60 |   6.646150 |      7 | 0.895415 | 2.648266
 366 | 109500.0 | 109800.0 | 0.013556 | 0.020235 |   6.646150 |      7 | 0.895415 | 0.600000 | 0.740000 | 0.723333 | 0.793333 |  -1.729665 |      275 |      222 |       53 |   6.644252 |      7 | 0.871968 | 3.241991
 367 | 109800.0 | 110100.0 | 0.013536 | 0.020228 |   6.644252 |      7 | 0.871968 | 0.600000 | 0.740000 | 0.766667 | 0.733333 |   0.823947 |      276 |      222 |       54 |   6.642357 |      7 | 0.883121 | 2.959587
 368 | 110100.0 | 110400.0 | 0.013515 | 0.020221 |   6.642357 |      7 | 0.883121 | 0.600000 | 0.766667 | 0.793333 | 0.713333 |   1.978183 |      278 |      230 |       48 |   6.640105 |      7 | 0.909856 | 2.282589
 369 | 110400.0 | 110700.0 | 0.013495 | 0.020213 |   6.640105 |      7 | 0.909856 | 0.600000 | 0.733333 | 0.750000 | 0.753333 |  -0.082454 |      276 |      220 |       56 |   6.638305 |      7 | 0.908744 | 2.310765
 370 | 110700.0 | 111000.0 | 0.013475 | 0.020206 |   6.638305 |      7 | 0.908744 | 0.600000 | 0.796667 | 0.773333 | 0.766667 |   0.164967 |      281 |      239 |       42 |   6.635655 |      7 | 0.910967 | 2.254477
 371 | 111000.0 | 111300.0 | 0.013455 | 0.020199 |   6.635655 |      7 | 0.910967 | 0.600000 | 0.786667 | 0.796667 | 0.726667 |   1.732768 |      282 |      236 |       46 |   6.633144 |      7 | 0.934281 | 1.664114
 372 | 111300.0 | 111600.0 | 0.013435 | 0.020192 |   6.633144 |      7 | 0.934281 | 0.600000 | 0.820000 | 0.796667 | 0.786667 |   0.247626 |      280 |      246 |       34 |   6.630188 |      7 | 0.937608 | 1.579872
 373 | 111600.0 | 111900.0 | 0.013415 | 0.020185 |   6.630188 |      7 | 0.937608 | 0.600000 | 0.826667 | 0.803333 | 0.780000 |   0.578000 |      283 |      248 |       35 |   6.627147 |      7 | 0.945362 | 1.383527
 374 | 111900.0 | 112200.0 | 0.013395 | 0.020177 |   6.627147 |      7 | 0.945362 | 0.600000 | 0.816667 | 0.716667 | 0.770000 |  -1.321611 |      282 |      245 |       37 |   6.624245 |      7 | 0.927659 | 1.831810
 375 | 112200.0 | 112500.0 | 0.013376 | 0.020170 |   6.624245 |      7 | 0.927659 | 0.600000 | 0.813333 | 0.780000 | 0.763333 |   0.413149 |      281 |      244 |       37 |   6.621391 |      7 | 0.933185 | 1.691879
 376 | 112500.0 | 112800.0 | 0.013356 | 0.020163 |   6.621391 |      7 | 0.933185 | 0.600000 | 0.813333 | 0.790000 | 0.756667 |   0.826590 |      282 |      244 |       39 |   6.618542 |      7 | 0.944225 | 1.412329
 377 | 112800.0 | 113100.0 | 0.013336 | 0.020156 |   6.618542 |      7 | 0.944225 | 0.600000 | 0.786667 | 0.730000 | 0.830000 |  -2.480643 |      279 |      236 |       42 |   6.616053 |      7 | 0.911142 | 2.250041
 378 | 113100.0 | 113400.0 | 0.013317 | 0.020149 |   6.616053 |      7 | 0.911142 | 0.600000 | 0.816667 | 0.823333 | 0.740000 |   2.067928 |      282 |      245 |       37 |   6.613167 |      7 | 0.938680 | 1.552726
 379 | 113400.0 | 113700.0 | 0.013297 | 0.020142 |   6.613167 |      7 | 0.938680 | 0.600000 | 0.770000 | 0.750000 | 0.783333 |  -0.827461 |      278 |      231 |       47 |   6.610907 |      7 | 0.927677 | 1.831342
 380 | 113700.0 | 114000.0 | 0.013278 | 0.020135 |   6.610907 |      7 | 0.927677 | 0.600000 | 0.780000 | 0.746667 | 0.760000 |  -0.331100 |      278 |      234 |       44 |   6.608517 |      7 | 0.923281 | 1.942664
 381 | 114000.0 | 114300.0 | 0.013259 | 0.020128 |   6.608517 |      7 | 0.923281 | 0.600000 | 0.793333 | 0.830000 | 0.740000 |   2.235703 |      281 |      238 |       43 |   6.605954 |      7 | 0.952923 | 1.192069
 382 | 114300.0 | 114600.0 | 0.013239 | 0.020121 |   6.605954 |      7 | 0.952923 | 0.600000 | 0.746667 | 0.616667 | 0.796667 |  -4.472961 |      270 |      224 |       46 |   6.604012 |      7 | 0.893704 | 2.691600
 383 | 114600.0 | 114900.0 | 0.013220 | 0.020114 |   6.604012 |      7 | 0.893704 | 0.600000 | 0.760000 | 0.760000 | 0.820000 |  -1.491504 |      279 |      228 |       51 |   6.601897 |      7 | 0.873986 | 3.190892
 384 | 114900.0 | 115200.0 | 0.013201 | 0.020107 |   6.601897 |      7 | 0.873986 | 0.600000 | 0.803333 | 0.756667 | 0.670000 |   2.155140 |      281 |      241 |       40 |   6.599212 |      7 | 0.902436 | 2.470486
 385 | 115200.0 | 115500.0 | 0.013182 | 0.020100 |   6.599212 |      7 | 0.902436 | 0.600000 | 0.756667 | 0.796667 | 0.723333 |   1.824210 |      278 |      227 |       51 |   6.597147 |      7 | 0.926483 | 1.861582
 386 | 115500.0 | 115800.0 | 0.013163 | 0.020093 |   6.597147 |      7 | 0.926483 | 0.600000 | 0.813333 | 0.750000 | 0.800000 |  -1.244208 |      281 |      244 |       37 |   6.594339 |      7 | 0.910105 | 2.276289
 387 | 115800.0 | 116100.0 | 0.013144 | 0.020086 |   6.594339 |      7 | 0.910105 | 0.600000 | 0.796667 | 0.803333 | 0.746667 |   1.410587 |      282 |      239 |       43 |   6.591754 |      7 | 0.928646 | 1.806803
 388 | 116100.0 | 116400.0 | 0.013125 | 0.020079 |   6.591754 |      7 | 0.928646 | 0.600000 | 0.796667 | 0.816667 | 0.770000 |   1.162058 |      281 |      239 |       42 |   6.589173 |      7 | 0.943898 | 1.420589
 389 | 116400.0 | 116700.0 | 0.013106 | 0.020072 |   6.589173 |      7 | 0.943898 | 0.600000 | 0.826667 | 0.760000 | 0.716667 |   1.079423 |      283 |      248 |       35 |   6.586202 |      7 | 0.958046 | 1.062354
 390 | 116700.0 | 117000.0 | 0.013088 | 0.020066 |   6.586202 |      7 | 0.958046 | 0.600000 | 0.773333 | 0.476667 | 0.720000 |  -6.063446 |      272 |      232 |       40 |   6.583933 |      7 | 0.878689 | 3.071796
 391 | 117000.0 | 117300.0 | 0.013069 | 0.020059 |   6.583933 |      7 | 0.878689 | 0.600000 | 0.733333 | 0.820000 | 0.743333 |   1.911051 |      277 |      220 |       57 |   6.582191 |      7 | 0.903665 | 2.439371
 392 | 117300.0 | 117600.0 | 0.013050 | 0.020052 |   6.582191 |      7 | 0.903665 | 0.600000 | 0.793333 | 0.790000 | 0.736667 |   1.329879 |      280 |      238 |       42 |   6.579668 |      7 | 0.921020 | 1.999901
 393 | 117600.0 | 117900.0 | 0.013032 | 0.020045 |   6.579668 |      7 | 0.921020 | 0.600000 | 0.826667 | 0.806667 | 0.793333 |   0.332582 |      282 |      248 |       34 |   6.576714 |      7 | 0.925355 | 1.890152
 394 | 117900.0 | 118200.0 | 0.013013 | 0.020038 |   6.576714 |      7 | 0.925355 | 0.600000 | 0.813333 | 0.743333 | 0.803333 |  -1.497127 |      284 |      244 |       40 |   6.573938 |      7 | 0.905872 | 2.383488
 395 | 118200.0 | 118500.0 | 0.012995 | 0.020032 |   6.573938 |      7 | 0.905872 | 0.600000 | 0.786667 | 0.780000 | 0.710000 |   1.747238 |      278 |      236 |       42 |   6.571512 |      7 | 0.928577 | 1.808550
 396 | 118500.0 | 118800.0 | 0.012977 | 0.020025 |   6.571512 |      7 | 0.928577 | 0.600000 | 0.773333 | 0.750000 | 0.793333 |  -1.081988 |      279 |      232 |       47 |   6.569263 |      7 | 0.914537 | 2.164081
 397 | 118800.0 | 119100.0 | 0.012958 | 0.020018 |   6.569263 |      7 | 0.914537 | 0.600000 | 0.813333 | 0.806667 | 0.753333 |   1.332125 |      283 |      244 |       39 |   6.566498 |      7 | 0.931799 | 1.726974
 398 | 119100.0 | 119400.0 | 0.012940 | 0.020011 |   6.566498 |      7 | 0.931799 | 0.600000 | 0.766667 | 0.793333 | 0.726667 |   1.665714 |      279 |      230 |       49 |   6.564342 |      7 | 0.953353 | 1.181174
 399 | 119400.0 | 119700.0 | 0.012922 | 0.020005 |   6.564342 |      7 | 0.953353 | 0.600000 | 0.813333 | 0.580000 | 0.806667 |  -5.665322 |      276 |      244 |       32 |   6.561585 |      7 | 0.880146 | 3.034908
 400 | 119700.0 | 120000.0 | 0.012904 | 0.019998 |   6.561585 |      7 | 0.880146 | 0.600000 | 0.726667 | 0.736667 | 0.710000 |   0.666731 |      276 |      218 |       58 |   6.559950 |      7 | 0.888749 | 2.817054
 401 | 120000.0 | 120300.0 | 0.012886 | 0.019991 |   6.559950 |      7 | 0.888749 | 0.600000 | 0.750000 | 0.783333 | 0.713333 |   1.750752 |      276 |      225 |       51 |   6.558017 |      7 | 0.911309 | 2.245798
 402 | 120300.0 | 120600.0 | 0.012868 | 0.019985 |   6.558017 |      7 | 0.911309 | 0.600000 | 0.770000 | 0.756667 | 0.736667 |   0.500381 |      279 |      231 |       48 |   6.555830 |      7 | 0.917748 | 2.082755
 403 | 120600.0 | 120900.0 | 0.012850 | 0.019978 |   6.555830 |      7 | 0.917748 | 0.600000 | 0.810000 | 0.810000 | 0.753333 |   1.418216 |      283 |      243 |       40 |   6.553131 |      7 | 0.935972 | 1.621291
 404 | 120900.0 | 121200.0 | 0.012832 | 0.019972 |   6.553131 |      7 | 0.935972 | 0.600000 | 0.826667 | 0.753333 | 0.763333 |  -0.250356 |      281 |      248 |       34 |   6.550223 |      7 | 0.932760 | 1.702640
 405 | 121200.0 | 121500.0 | 0.012814 | 0.019965 |   6.550223 |      7 | 0.932760 | 0.600000 | 0.793333 | 0.803333 | 0.743333 |   1.502633 |      281 |      238 |       42 |   6.547745 |      7 | 0.952015 | 1.215064
 406 | 121500.0 | 121800.0 | 0.012797 | 0.019958 |   6.547745 |      7 | 0.952015 | 0.600000 | 0.813333 | 0.603333 | 0.760000 |  -3.924834 |      277 |      244 |       33 |   6.545015 |      7 | 0.901790 | 2.486835
 407 | 121800.0 | 122100.0 | 0.012779 | 0.019952 |   6.545015 |      7 | 0.901790 | 0.600000 | 0.753333 | 0.796667 | 0.720000 |   1.921295 |      278 |      226 |       52 |   6.543056 |      7 | 0.926343 | 1.865134
 408 | 122100.0 | 122400.0 | 0.012761 | 0.019945 |   6.543056 |      7 | 0.926343 | 0.600000 | 0.750000 | 0.836667 | 0.790000 |   1.169867 |      275 |      225 |       50 |   6.541142 |      7 | 0.941272 | 1.487105
 409 | 122400.0 | 122700.0 | 0.012744 | 0.019939 |   6.541142 |      7 | 0.941272 | 0.600000 | 0.750000 | 0.780000 | 0.790000 |  -0.250768 |      275 |      225 |       50 |   6.539230 |      7 | 0.938076 | 1.568026
 410 | 122700.0 | 123000.0 | 0.012726 | 0.019932 |   6.539230 |      7 | 0.938076 | 0.600000 | 0.836667 | 0.833333 | 0.786667 |   1.170632 |      284 |      251 |       33 |   6.536218 |      7 | 0.952974 | 1.190789
 411 | 123000.0 | 123300.0 | 0.012709 | 0.019926 |   6.536218 |      7 | 0.952974 | 0.600000 | 0.800000 | 0.610000 | 0.753333 |  -3.596684 |      277 |      240 |       37 |   6.533677 |      7 | 0.907264 | 2.348236
 412 | 123300.0 | 123600.0 | 0.012691 | 0.019919 |   6.533677 |      7 | 0.907264 | 0.600000 | 0.816667 | 0.783333 | 0.760000 |   0.585697 |      282 |      245 |       37 |   6.530927 |      7 | 0.914697 | 2.160011
 413 | 123600.0 | 123900.0 | 0.012674 | 0.019913 |   6.530927 |      7 | 0.914697 | 0.600000 | 0.796667 | 0.826667 | 0.753333 |   1.841359 |      282 |      239 |       43 |   6.528434 |      7 | 0.938035 | 1.569062
 414 | 123900.0 | 124200.0 | 0.012657 | 0.019906 |   6.528434 |      7 | 0.938035 | 0.600000 | 0.793333 | 0.783333 | 0.790000 |  -0.167450 |      278 |      238 |       40 |   6.525987 |      7 | 0.935916 | 1.622729
 415 | 124200.0 | 124500.0 | 0.012640 | 0.019900 |   6.525987 |      7 | 0.935916 | 0.600000 | 0.830000 | 0.763333 | 0.770000 |  -0.167505 |      284 |      249 |       36 |   6.523080 |      7 | 0.933798 | 1.676340
 416 | 124500.0 | 124800.0 | 0.012622 | 0.019894 |   6.523080 |      7 | 0.933798 | 0.600000 | 0.820000 | 0.820000 | 0.723333 |   2.429599 |      282 |      246 |       35 |   6.520303 |      7 | 0.964466 | 0.899784
 417 | 124800.0 | 125100.0 | 0.012605 | 0.019887 |   6.520303 |      7 | 0.964466 | 0.600000 | 0.740000 | 0.343333 | 0.820000 | -11.984290 |      257 |      222 |       35 |   6.518538 |      7 | 0.813399 | 4.725054
 418 | 125100.0 | 125400.0 | 0.012588 | 0.019881 |   6.518538 |      7 | 0.813399 | 0.600000 | 0.750000 | 0.713333 | 0.736667 |  -0.586832 |      279 |      225 |       54 |   6.516650 |      7 | 0.806012 | 4.912112
 419 | 125400.0 | 125700.0 | 0.012571 | 0.019874 |   6.516650 |      7 | 0.806012 | 0.600000 | 0.670000 | 0.723333 | 0.663333 |   1.509479 |      268 |      201 |       67 |   6.515770 |      7 | 0.824988 | 4.431601
 420 | 125700.0 | 126000.0 | 0.012554 | 0.019868 |   6.515770 |      7 | 0.824988 | 0.600000 | 0.693333 | 0.743333 | 0.670000 |   1.845509 |      274 |      208 |       66 |   6.514598 |      7 | 0.848157 | 3.844913
 421 | 126000.0 | 126300.0 | 0.012538 | 0.019862 |   6.514598 |      7 | 0.848157 | 0.600000 | 0.666667 | 0.736667 | 0.683333 |   1.342616 |      268 |      200 |       68 |   6.513763 |      7 | 0.864991 | 3.418669
 422 | 126300.0 | 126600.0 | 0.012521 | 0.019855 |   6.513763 |      7 | 0.864991 | 0.600000 | 0.750000 | 0.746667 | 0.743333 |   0.083940 |      278 |      225 |       53 |   6.511884 |      7 | 0.866042 | 3.392056
 423 | 126600.0 | 126900.0 | 0.012504 | 0.019849 |   6.511884 |      7 | 0.866042 | 0.600000 | 0.766667 | 0.750000 | 0.733333 |   0.419834 |      278 |      230 |       48 |   6.509800 |      7 | 0.871291 | 3.259127
 424 | 126900.0 | 127200.0 | 0.012487 | 0.019843 |   6.509800 |      7 | 0.871291 | 0.600000 | 0.733333 | 0.753333 | 0.673333 |   2.015843 |      277 |      220 |       57 |   6.508135 |      7 | 0.896464 | 2.621718
 425 | 127200.0 | 127500.0 | 0.012471 | 0.019837 |   6.508135 |      7 | 0.896464 | 0.600000 | 0.750000 | 0.766667 | 0.756667 |   0.252060 |      277 |      225 |       52 |   6.506265 |      7 | 0.899607 | 2.542123
 426 | 127500.0 | 127800.0 | 0.012454 | 0.019830 |   6.506265 |      7 | 0.899607 | 0.600000 | 0.776667 | 0.786667 | 0.743333 |   1.092605 |      277 |      233 |       44 |   6.504065 |      7 | 0.913214 | 2.197562
 427 | 127800.0 | 128100.0 | 0.012437 | 0.019824 |   6.504065 |      7 | 0.913214 | 0.600000 | 0.783333 | 0.800000 | 0.790000 |   0.252219 |      282 |      235 |       47 |   6.501784 |      7 | 0.916351 | 2.118129
 428 | 128100.0 | 128400.0 | 0.012421 | 0.019818 |   6.501784 |      7 | 0.916351 | 0.600000 | 0.810000 | 0.806667 | 0.730000 |   1.934286 |      282 |      243 |       39 |   6.499176 |      7 | 0.940377 | 1.509755
 429 | 128400.0 | 128700.0 | 0.012405 | 0.019812 |   6.499176 |      7 | 0.940377 | 0.600000 | 0.803333 | 0.820000 | 0.760000 |   1.514264 |      280 |      241 |       39 |   6.496654 |      7 | 0.959161 | 1.034118
 430 | 128700.0 | 129000.0 | 0.012388 | 0.019805 |   6.496654 |      7 | 0.959161 | 0.600000 | 0.823333 | 0.463333 | 0.746667 |  -7.152928 |      276 |      247 |       29 |   6.493887 |      7 | 0.870549 | 3.277917
 431 | 129000.0 | 129300.0 | 0.012372 | 0.019799 |   6.493887 |      7 | 0.870549 | 0.600000 | 0.706667 | 0.796667 | 0.786667 |   0.252535 |      275 |      212 |       63 |   6.492567 |      7 | 0.873674 | 3.198804
 432 | 129300.0 | 129600.0 | 0.012356 | 0.019793 |   6.492567 |      7 | 0.873674 | 0.600000 | 0.730000 | 0.750000 | 0.700000 |   1.263069 |      274 |      219 |       55 |   6.490961 |      7 | 0.889279 | 2.803635
 433 | 129600.0 | 129900.0 | 0.012339 | 0.019787 |   6.490961 |      7 | 0.889279 | 0.600000 | 0.766667 | 0.823333 | 0.746667 |   1.937308 |      278 |      230 |       48 |   6.488905 |      7 | 0.913184 | 2.198319
 434 | 129900.0 | 130200.0 | 0.012323 | 0.019781 |   6.488905 |      7 | 0.913184 | 0.600000 | 0.773333 | 0.770000 | 0.810000 |  -1.011083 |      280 |      232 |       48 |   6.486769 |      7 | 0.900725 | 2.513820
 435 | 130200.0 | 130500.0 | 0.012307 | 0.019775 |   6.486769 |      7 | 0.900725 | 0.600000 | 0.766667 | 0.750000 | 0.780000 |  -0.758547 |      278 |      230 |       48 |   6.484717 |      7 | 0.891389 | 2.750209
 436 | 130500.0 | 130800.0 | 0.012291 | 0.019769 |   6.484717 |      7 | 0.891389 | 0.600000 | 0.810000 | 0.750000 | 0.716667 |   0.843090 |      282 |      243 |       39 |   6.482136 |      7 | 0.901752 | 2.487816
 437 | 130800.0 | 131100.0 | 0.012275 | 0.019762 |   6.482136 |      7 | 0.901752 | 0.600000 | 0.823333 | 0.750000 | 0.776667 |  -0.674680 |      285 |      247 |       38 |   6.479395 |      7 | 0.893470 | 2.697522
 438 | 131100.0 | 131400.0 | 0.012259 | 0.019756 |   6.479395 |      7 | 0.893470 | 0.600000 | 0.756667 | 0.770000 | 0.803333 |  -0.843610 |      277 |      227 |       50 |   6.477474 |      7 | 0.883128 | 2.959393
 439 | 131400.0 | 131700.0 | 0.012243 | 0.019750 |   6.477474 |      7 | 0.883128 | 0.600000 | 0.756667 | 0.746667 | 0.763333 |  -0.421935 |      277 |      227 |       50 |   6.475556 |      7 | 0.877963 | 3.090198
 440 | 131700.0 | 132000.0 | 0.012227 | 0.019744 |   6.475556 |      7 | 0.877963 | 0.600000 | 0.770000 | 0.756667 | 0.716667 |   1.012953 |      280 |      231 |       49 |   6.473478 |      7 | 0.890348 | 2.776576
 441 | 132000.0 | 132300.0 | 0.012211 | 0.019738 |   6.473478 |      7 | 0.890348 | 0.600000 | 0.790000 | 0.763333 | 0.810000 |  -1.182140 |      281 |      237 |       44 |   6.471158 |      7 | 0.875913 | 3.142107
 442 | 132300.0 | 132600.0 | 0.012196 | 0.019732 |   6.471158 |      7 | 0.875913 | 0.600000 | 0.706667 | 0.820000 | 0.726667 |   2.365002 |      273 |      212 |       61 |   6.469857 |      7 | 0.904755 | 2.411766
 443 | 132600.0 | 132900.0 | 0.012180 | 0.019726 |   6.469857 |      7 | 0.904755 | 0.600000 | 0.816667 | 0.783333 | 0.740000 |   1.098371 |      283 |      245 |       38 |   6.467218 |      7 | 0.918133 | 2.073014
 444 | 132900.0 | 133200.0 | 0.012164 | 0.019720 |   6.467218 |      7 | 0.918133 | 0.600000 | 0.820000 | 0.793333 | 0.790000 |   0.084516 |      283 |      246 |       37 |   6.464542 |      7 | 0.919161 | 2.046982
 445 | 133200.0 | 133500.0 | 0.012148 | 0.019714 |   6.464542 |      7 | 0.919161 | 0.600000 | 0.796667 | 0.820000 | 0.836667 |  -0.422707 |      281 |      239 |       42 |   6.462152 |      7 | 0.914026 | 2.177015
 446 | 133500.0 | 133800.0 | 0.012133 | 0.019708 |   6.462152 |      7 | 0.914026 | 0.600000 | 0.803333 | 0.733333 | 0.733333 |   0.000000 |      280 |      241 |       39 |   6.459685 |      7 | 0.914026 | 2.177015
 447 | 133800.0 | 134100.0 | 0.012117 | 0.019702 |   6.459685 |      7 | 0.914026 | 0.600000 | 0.760000 | 0.746667 | 0.766667 |  -0.507555 |      279 |      228 |       51 |   6.457747 |      7 | 0.907876 | 2.332750
 448 | 134100.0 | 134400.0 | 0.012102 | 0.019696 |   6.457747 |      7 | 0.907876 | 0.600000 | 0.760000 | 0.790000 | 0.746667 |   1.100035 |      277 |      228 |       49 |   6.455810 |      7 | 0.921188 | 1.995654
 449 | 134400.0 | 134700.0 | 0.012086 | 0.019690 |   6.455810 |      7 | 0.921188 | 0.600000 | 0.803333 | 0.806667 | 0.736667 |   1.777514 |      282 |      241 |       41 |   6.453353 |      7 | 0.942672 | 1.451646
 450 | 134700.0 | 135000.0 | 0.012071 | 0.019685 |   6.453353 |      7 | 0.942672 | 0.600000 | 0.786667 | 0.790000 | 0.793333 |  -0.084669 |      279 |      236 |       43 |   6.451100 |      7 | 0.941650 | 1.477526
 451 | 135000.0 | 135300.0 | 0.012056 | 0.019679 |   6.451100 |      7 | 0.941650 | 0.600000 | 0.790000 | 0.723333 | 0.760000 |  -0.931638 |      278 |      237 |       41 |   6.448809 |      7 | 0.930418 | 1.761929
 452 | 135300.0 | 135600.0 | 0.012040 | 0.019673 |   6.448809 |      7 | 0.930418 | 0.600000 | 0.833333 | 0.790000 | 0.783333 |   0.169439 |      284 |      250 |       35 |   6.445999 |      7 | 0.932458 | 1.710269
 453 | 135600.0 | 135900.0 | 0.012025 | 0.019667 |   6.445999 |      7 | 0.932458 | 0.600000 | 0.776667 | 0.793333 | 0.720000 |   1.864389 |      278 |      233 |       44 |   6.443875 |      7 | 0.954878 | 1.142565
 454 | 135900.0 | 136200.0 | 0.012010 | 0.019661 |   6.443875 |      7 | 0.954878 | 0.600000 | 0.806667 | 0.556667 | 0.796667 |  -6.103456 |      276 |      242 |       34 |   6.441393 |      7 | 0.881576 | 2.998711
 455 | 136200.0 | 136500.0 | 0.011995 | 0.019655 |   6.441393 |      7 | 0.881576 | 0.600000 | 0.810000 | 0.716667 | 0.653333 |   1.611113 |      284 |      243 |       41 |   6.438874 |      7 | 0.900901 | 2.509367
 456 | 136500.0 | 136800.0 | 0.011980 | 0.019649 |   6.438874 |      7 | 0.900901 | 0.600000 | 0.803333 | 0.796667 | 0.743333 |   1.357130 |      281 |      241 |       40 |   6.436438 |      7 | 0.917159 | 2.097685
 457 | 136800.0 | 137100.0 | 0.011965 | 0.019643 |   6.436438 |      7 | 0.917159 | 0.600000 | 0.783333 | 0.806667 | 0.733333 |   1.866606 |      280 |      235 |       45 |   6.434245 |      7 | 0.939492 | 1.532166
 458 | 137100.0 | 137400.0 | 0.011950 | 0.019638 |   6.434245 |      7 | 0.939492 | 0.600000 | 0.803333 | 0.806667 | 0.786667 |   0.509225 |      280 |      241 |       39 |   6.431815 |      7 | 0.945577 | 1.378081
 459 | 137400.0 | 137700.0 | 0.011935 | 0.019632 |   6.431815 |      7 | 0.945577 | 0.600000 | 0.813333 | 0.720000 | 0.770000 |  -1.273438 |      281 |      244 |       37 |   6.429269 |      7 | 0.930379 | 1.762924
 460 | 137700.0 | 138000.0 | 0.011920 | 0.019626 |   6.429269 |      7 | 0.930379 | 0.600000 | 0.823333 | 0.776667 | 0.733333 |   1.103971 |      283 |      247 |       36 |   6.426607 |      7 | 0.943538 | 1.429713
 461 | 138000.0 | 138300.0 | 0.011905 | 0.019620 |   6.426607 |      7 | 0.943538 | 0.600000 | 0.796667 | 0.750000 | 0.786667 |  -0.934404 |      280 |      239 |       41 |   6.424265 |      7 | 0.932414 | 1.711391
 462 | 138300.0 | 138600.0 | 0.011890 | 0.019615 |   6.424265 |      7 | 0.932414 | 0.600000 | 0.766667 | 0.816667 | 0.793333 |   0.594795 |      276 |      230 |       46 |   6.422284 |      7 | 0.939486 | 1.532312
 463 | 138600.0 | 138900.0 | 0.011875 | 0.019609 |   6.422284 |      7 | 0.939486 | 0.600000 | 0.826667 | 0.770000 | 0.746667 |   0.594969 |      284 |      248 |       36 |   6.419592 |      7 | 0.946552 | 1.353403
 464 | 138900.0 | 139200.0 | 0.011861 | 0.019603 |   6.419592 |      7 | 0.946552 | 0.600000 | 0.816667 | 0.726667 | 0.770000 |  -1.105265 |      280 |      245 |       35 |   6.417022 |      7 | 0.933443 | 1.685347
 465 | 139200.0 | 139500.0 | 0.011846 | 0.019597 |   6.417022 |      7 | 0.933443 | 0.600000 | 0.780000 | 0.723333 | 0.786667 |  -1.615859 |      279 |      234 |       45 |   6.414890 |      7 | 0.914301 | 2.170035
 466 | 139500.0 | 139800.0 | 0.011831 | 0.019592 |   6.414890 |      7 | 0.914301 | 0.600000 | 0.753333 | 0.770000 | 0.776667 |  -0.170140 |      276 |      226 |       50 |   6.413076 |      7 | 0.912288 | 2.221007
 467 | 139800.0 | 140100.0 | 0.011817 | 0.019586 |   6.413076 |      7 | 0.912288 | 0.600000 | 0.766667 | 0.760000 | 0.800000 |  -1.021136 |      277 |      230 |       47 |   6.411106 |      7 | 0.900222 | 2.526547
 468 | 140100.0 | 140400.0 | 0.011802 | 0.019580 |   6.411106 |      7 | 0.900222 | 0.600000 | 0.756667 | 0.760000 | 0.753333 |   0.170239 |      278 |      227 |       51 |   6.409257 |      7 | 0.902231 | 2.475672
 469 | 140400.0 | 140700.0 | 0.011787 | 0.019575 |   6.409257 |      7 | 0.902231 | 0.600000 | 0.763333 | 0.770000 | 0.706667 |   1.617735 |      278 |      229 |       49 |   6.407332 |      7 | 0.921300 | 1.992811
 470 | 140700.0 | 141000.0 | 0.011773 | 0.019569 |   6.407332 |      7 | 0.921300 | 0.600000 | 0.833333 | 0.800000 | 0.776667 |   0.596180 |      284 |      250 |       34 |   6.404585 |      7 | 0.928319 | 1.815082
 471 | 141000.0 | 141300.0 | 0.011759 | 0.019563 |   6.404585 |      7 | 0.928319 | 0.600000 | 0.783333 | 0.740000 | 0.726667 |   0.340772 |      280 |      235 |       45 |   6.402429 |      7 | 0.932326 | 1.713618
 472 | 141300.0 | 141600.0 | 0.011744 | 0.019558 |   6.402429 |      7 | 0.932326 | 0.600000 | 0.793333 | 0.826667 | 0.793333 |   0.852176 |      280 |      238 |       42 |   6.400159 |      7 | 0.942334 | 1.460195
 473 | 141600.0 | 141900.0 | 0.011730 | 0.019552 |   6.400159 |      7 | 0.942334 | 0.600000 | 0.830000 | 0.776667 | 0.743333 |   0.852421 |      282 |      249 |       33 |   6.397461 |      7 | 0.952333 | 1.207010
 474 | 141900.0 | 142200.0 | 0.011716 | 0.019547 |   6.397461 |      7 | 0.952333 | 0.600000 | 0.756667 | 0.640000 | 0.833333 |  -4.945457 |      272 |      227 |       45 |   6.395626 |      7 | 0.894394 | 2.674115
 475 | 142200.0 | 142500.0 | 0.011701 | 0.019541 |   6.395626 |      7 | 0.894394 | 0.600000 | 0.776667 | 0.776667 | 0.746667 |   0.767618 |      280 |      233 |       47 |   6.393558 |      7 | 0.903376 | 2.446673
 476 | 142500.0 | 142800.0 | 0.011687 | 0.019535 |   6.393558 |      7 | 0.903376 | 0.600000 | 0.850000 | 0.816667 | 0.730000 |   2.218196 |      286 |      255 |       31 |   6.390637 |      7 | 0.929301 | 1.790230
 477 | 142800.0 | 143100.0 | 0.011673 | 0.019530 |   6.390637 |      7 | 0.929301 | 0.600000 | 0.790000 | 0.823333 | 0.810000 |   0.341358 |      280 |      237 |       43 |   6.388419 |      7 | 0.933285 | 1.689332
 478 | 143100.0 | 143400.0 | 0.011659 | 0.019524 |   6.388419 |      7 | 0.933285 | 0.600000 | 0.810000 | 0.793333 | 0.820000 |  -0.682911 |      281 |      243 |       38 |   6.385970 |      7 | 0.925323 | 1.890940
 479 | 143400.0 | 143700.0 | 0.011645 | 0.019519 |   6.385970 |      7 | 0.925323 | 0.600000 | 0.773333 | 0.810000 | 0.756667 |   1.366209 |      278 |      232 |       46 |   6.383952 |      7 | 0.941232 | 1.488097
 480 | 143700.0 | 144000.0 | 0.011631 | 0.019513 |   6.383952 |      7 | 0.941232 | 0.600000 | 0.816667 | 0.806667 | 0.773333 |   0.854122 |      282 |      245 |       38 |   6.381432 |      7 | 0.951166 | 1.236554
 481 | 144000.0 | 144300.0 | 0.011617 | 0.019508 |   6.381432 |      7 | 0.951166 | 0.600000 | 0.820000 | 0.653333 | 0.800000 |  -3.759201 |      278 |      246 |       32 |   6.378876 |      7 | 0.907497 | 2.342325
 482 | 144300.0 | 144600.0 | 0.011603 | 0.019502 |   6.378876 |      7 | 0.907497 | 0.600000 | 0.796667 | 0.796667 | 0.800000 |  -0.085461 |      282 |      239 |       42 |   6.376595 |      7 | 0.906506 | 2.367433
 483 | 144600.0 | 144900.0 | 0.011589 | 0.019497 |   6.376595 |      7 | 0.906506 | 0.600000 | 0.786667 | 0.750000 | 0.743333 |   0.170969 |      280 |      236 |       44 |   6.374431 |      7 | 0.908487 | 2.317264
 484 | 144900.0 | 145200.0 | 0.011575 | 0.019491 |   6.374431 |      7 | 0.908487 | 0.600000 | 0.806667 | 0.753333 | 0.723333 |   0.769578 |      281 |      242 |       39 |   6.372039 |      7 | 0.917395 | 2.091706
 485 | 145200.0 | 145500.0 | 0.011561 | 0.019486 |   6.372039 |      7 | 0.917395 | 0.600000 | 0.850000 | 0.800000 | 0.736667 |   1.625120 |      287 |      255 |       32 |   6.369149 |      7 | 0.936183 | 1.615967
 486 | 145500.0 | 145800.0 | 0.011547 | 0.019480 |   6.369149 |      7 | 0.936183 | 0.600000 | 0.796667 | 0.823333 | 0.780000 |   1.112236 |      279 |      239 |       40 |   6.366878 |      7 | 0.949026 | 1.290758
 487 | 145800.0 | 146100.0 | 0.011533 | 0.019475 |   6.366878 |      7 | 0.949026 | 0.600000 | 0.783333 | 0.673333 | 0.836667 |  -4.193445 |      276 |      235 |       41 |   6.364764 |      7 | 0.900661 | 2.515424
 488 | 146100.0 | 146400.0 | 0.011520 | 0.019469 |   6.364764 |      7 | 0.900661 | 0.600000 | 0.783333 | 0.820000 | 0.743333 |   1.968901 |      280 |      235 |       45 |   6.362652 |      7 | 0.923342 | 1.941105
 489 | 146400.0 | 146700.0 | 0.011506 | 0.019464 |   6.362652 |      7 | 0.923342 | 0.600000 | 0.790000 | 0.806667 | 0.773333 |   0.856282 |      279 |      237 |       42 |   6.360466 |      7 | 0.933195 | 1.691629
 490 | 146700.0 | 147000.0 | 0.011492 | 0.019459 |   6.360466 |      7 | 0.933195 | 0.600000 | 0.810000 | 0.800000 | 0.733333 |   1.713041 |      282 |      243 |       39 |   6.358052 |      7 | 0.952881 | 1.193129
 491 | 147000.0 | 147300.0 | 0.011479 | 0.019453 |   6.358052 |      7 | 0.952881 | 0.600000 | 0.786667 | 0.593333 | 0.820000 |  -5.825957 |      277 |      236 |       41 |   6.355910 |      7 | 0.886007 | 2.886489
 492 | 147300.0 | 147600.0 | 0.011465 | 0.019448 |   6.355910 |      7 | 0.886007 | 0.600000 | 0.723333 | 0.756667 | 0.746667 |   0.257099 |      274 |      217 |       57 |   6.354496 |      7 | 0.888955 | 2.811849
 493 | 147600.0 | 147900.0 | 0.011451 | 0.019442 |   6.354496 |      7 | 0.888955 | 0.600000 | 0.810000 | 0.740000 | 0.690000 |   1.285849 |      282 |      243 |       39 |   6.352091 |      7 | 0.903680 | 2.438990
 494 | 147900.0 | 148200.0 | 0.011438 | 0.019437 |   6.352091 |      7 | 0.903680 | 0.600000 | 0.733333 | 0.783333 | 0.780000 |   0.085747 |      276 |      220 |       56 |   6.350566 |      7 | 0.904661 | 2.414155
 495 | 148200.0 | 148500.0 | 0.011425 | 0.019432 |   6.350566 |      7 | 0.904661 | 0.600000 | 0.726667 | 0.806667 | 0.753333 |   1.372329 |      275 |      218 |       57 |   6.349119 |      7 | 0.920339 | 2.017156
 496 | 148500.0 | 148800.0 | 0.011411 | 0.019426 |   6.349119 |      7 | 0.920339 | 0.600000 | 0.813333 | 0.750000 | 0.776667 |  -0.686353 |      282 |      244 |       38 |   6.346684 |      7 | 0.912507 | 2.215477
 497 | 148800.0 | 149100.0 | 0.011398 | 0.019421 |   6.346684 |      7 | 0.912507 | 0.600000 | 0.796667 | 0.806667 | 0.746667 |   1.544719 |      281 |      239 |       42 |   6.344443 |      7 | 0.930113 | 1.769656
 498 | 149100.0 | 149400.0 | 0.011384 | 0.019416 |   6.344443 |      7 | 0.930113 | 0.600000 | 0.783333 | 0.816667 | 0.770000 |   1.201777 |      279 |      235 |       44 |   6.342356 |      7 | 0.943795 | 1.423218
 499 | 149400.0 | 149700.0 | 0.011371 | 0.019410 |   6.342356 |      7 | 0.943795 | 0.600000 | 0.793333 | 0.790000 | 0.783333 |   0.171729 |      279 |      238 |       41 |   6.340157 |      7 | 0.945747 | 1.373771
 500 | 149700.0 | 150000.0 | 0.011358 | 0.019405 |   6.340157 |      7 | 0.945747 | 0.600000 | 0.780000 | 0.710000 | 0.800000 |  -2.318980 |      277 |      234 |       43 |   6.338113 |      7 | 0.919409 | 2.040707
 501 | 150000.0 | 150300.0 | 0.011345 | 0.019400 |   6.338113 |      7 | 0.919409 | 0.600000 | 0.806667 | 0.793333 | 0.763333 |   0.773204 |      282 |      242 |       40 |   6.335768 |      7 | 0.928180 | 1.818593
 502 | 150300.0 | 150600.0 | 0.011331 | 0.019395 |   6.335768 |      7 | 0.928180 | 0.600000 | 0.830000 | 0.770000 | 0.780000 |  -0.257805 |      283 |      249 |       34 |   6.333162 |      7 | 0.925259 | 1.892565
 503 | 150600.0 | 150900.0 | 0.011318 | 0.019389 |   6.333162 |      7 | 0.925259 | 0.600000 | 0.760000 | 0.813333 | 0.760000 |   1.375332 |      276 |      228 |       48 |   6.331351 |      7 | 0.940826 | 1.498400
 504 | 150900.0 | 151200.0 | 0.011305 | 0.019384 |   6.331351 |      7 | 0.940826 | 0.600000 | 0.763333 | 0.793333 | 0.793333 |   0.000000 |      276 |      229 |       47 |   6.329505 |      7 | 0.940826 | 1.498400
 505 | 151200.0 | 151500.0 | 0.011292 | 0.019379 |   6.329505 |      7 | 0.940826 | 0.600000 | 0.806667 | 0.743333 | 0.746667 |  -0.086005 |      279 |      242 |       37 |   6.327171 |      7 | 0.939854 | 1.522991
 506 | 151500.0 | 151800.0 | 0.011279 | 0.019374 |   6.327171 |      7 | 0.939854 | 0.600000 | 0.820000 | 0.806667 | 0.783333 |   0.602196 |      282 |      246 |       37 |   6.324690 |      7 | 0.946646 | 1.351002
 507 | 151800.0 | 152100.0 | 0.011266 | 0.019368 |   6.324690 |      7 | 0.946646 | 0.600000 | 0.800000 | 0.723333 | 0.830000 |  -2.753639 |      280 |      240 |       40 |   6.322436 |      7 | 0.915624 | 2.136542
 508 | 152100.0 | 152400.0 | 0.011253 | 0.019363 |   6.322436 |      7 | 0.915624 | 0.600000 | 0.796667 | 0.773333 | 0.753333 |   0.516446 |      281 |      239 |       41 |   6.320223 |      7 | 0.921436 | 1.989383
 509 | 152400.0 | 152700.0 | 0.011240 | 0.019358 |   6.320223 |      7 | 0.921436 | 0.600000 | 0.853333 | 0.763333 | 0.770000 |  -0.172195 |      286 |      256 |       30 |   6.317376 |      7 | 0.919500 | 2.038393
 510 | 152700.0 | 153000.0 | 0.011227 | 0.019353 |   6.317376 |      7 | 0.919500 | 0.600000 | 0.796667 | 0.773333 | 0.726667 |   1.205688 |      281 |      239 |       42 |   6.315168 |      7 | 0.933037 | 1.695627
 511 | 153000.0 | 153300.0 | 0.011214 | 0.019348 |   6.315168 |      7 | 0.933037 | 0.600000 | 0.816667 | 0.800000 | 0.770000 |   0.775293 |      282 |      245 |       37 |   6.312738 |      7 | 0.941731 | 1.475472
 512 | 153300.0 | 153600.0 | 0.011201 | 0.019342 |   6.312738 |      7 | 0.941731 | 0.600000 | 0.770000 | 0.756667 | 0.793333 |  -0.947833 |      275 |      231 |       44 |   6.310834 |      7 | 0.931114 | 1.744315
 513 | 153600.0 | 153900.0 | 0.011189 | 0.019337 |   6.310834 |      7 | 0.931114 | 0.600000 | 0.783333 | 0.790000 | 0.820000 |  -0.775707 |      281 |      235 |       46 |   6.308782 |      7 | 0.922435 | 1.964085
 514 | 153900.0 | 154200.0 | 0.011176 | 0.019332 |   6.308782 |      7 | 0.922435 | 0.600000 | 0.743333 | 0.776667 | 0.740000 |   0.948338 |      276 |      223 |       53 |   6.307181 |      7 | 0.933033 | 1.695712
 515 | 154200.0 | 154500.0 | 0.011163 | 0.019327 |   6.307181 |      7 | 0.933033 | 0.600000 | 0.793333 | 0.776667 | 0.773333 |   0.086235 |      279 |      238 |       41 |   6.305022 |      7 | 0.933996 | 1.671336
 516 | 154500.0 | 154800.0 | 0.011150 | 0.019322 |   6.305022 |      7 | 0.933996 | 0.600000 | 0.776667 | 0.786667 | 0.796667 |  -0.258775 |      279 |      233 |       46 |   6.303052 |      7 | 0.931110 | 1.744401
 517 | 154800.0 | 155100.0 | 0.011138 | 0.019317 |   6.303052 |      7 | 0.931110 | 0.600000 | 0.816667 | 0.740000 | 0.796667 |  -1.466780 |      281 |      245 |       36 |   6.300639 |      7 | 0.914774 | 2.158075
 518 | 155100.0 | 155400.0 | 0.011125 | 0.019312 |   6.300639 |      7 | 0.914774 | 0.600000 | 0.796667 | 0.833333 | 0.773333 |   1.553472 |      282 |      239 |       43 |   6.298451 |      7 | 0.932056 | 1.720448
 519 | 155400.0 | 155700.0 | 0.011113 | 0.019306 |   6.298451 |      7 | 0.932056 | 0.600000 | 0.820000 | 0.746667 | 0.790000 |  -1.122248 |      282 |      246 |       36 |   6.296007 |      7 | 0.919585 | 2.036238
 520 | 155700.0 | 156000.0 | 0.011100 | 0.019301 |   6.296007 |      7 | 0.919585 | 0.600000 | 0.820000 | 0.730000 | 0.766667 |  -0.949845 |      282 |      246 |       36 |   6.293565 |      7 | 0.909042 | 2.303213
 521 | 156000.0 | 156300.0 | 0.011088 | 0.019296 |   6.293565 |      7 | 0.909042 | 0.600000 | 0.780000 | 0.786667 | 0.740000 |   1.209211 |      280 |      234 |       46 |   6.291569 |      7 | 0.922449 | 1.963720
 522 | 156300.0 | 156600.0 | 0.011075 | 0.019291 |   6.291569 |      7 | 0.922449 | 0.600000 | 0.793333 | 0.823333 | 0.763333 |   1.555108 |      280 |      238 |       42 |   6.289428 |      7 | 0.939672 | 1.527605
 523 | 156600.0 | 156900.0 | 0.011063 | 0.019286 |   6.289428 |      7 | 0.939672 | 0.600000 | 0.766667 | 0.806667 | 0.823333 |  -0.432088 |      276 |      230 |       46 |   6.287584 |      7 | 0.934892 | 1.648644
 524 | 156900.0 | 157200.0 | 0.011050 | 0.019281 |   6.287584 |      7 | 0.934892 | 0.600000 | 0.766667 | 0.763333 | 0.800000 |  -0.950842 |      278 |      230 |       48 |   6.285742 |      7 | 0.924385 | 1.914699
 525 | 157200.0 | 157500.0 | 0.011038 | 0.019276 |   6.285742 |      7 | 0.924385 | 0.600000 | 0.810000 | 0.810000 | 0.730000 |   2.075105 |      282 |      243 |       39 |   6.283424 |      7 | 0.947290 | 1.334714
 526 | 157500.0 | 157800.0 | 0.011025 | 0.019271 |   6.283424 |      7 | 0.947290 | 0.600000 | 0.823333 | 0.686667 | 0.736667 |  -1.297279 |      282 |      247 |       35 |   6.280962 |      7 | 0.932987 | 1.696894
 527 | 157800.0 | 158100.0 | 0.011013 | 0.019266 |   6.280962 |      7 | 0.932987 | 0.600000 | 0.806667 | 0.840000 | 0.773333 |   1.730155 |      280 |      242 |       38 |   6.278686 |      7 | 0.952041 | 1.214401
 528 | 158100.0 | 158400.0 | 0.011001 | 0.019261 |   6.278686 |      7 | 0.952041 | 0.600000 | 0.806667 | 0.643333 | 0.723333 |  -2.076726 |      279 |      242 |       37 |   6.276412 |      7 | 0.929195 | 1.792897
 529 | 158400.0 | 158700.0 | 0.010989 | 0.019256 |   6.276412 |      7 | 0.929195 | 0.600000 | 0.816667 | 0.793333 | 0.763333 |   0.778974 |      283 |      245 |       38 |   6.274031 |      7 | 0.937755 | 1.576146
 530 | 158700.0 | 159000.0 | 0.010976 | 0.019251 |   6.274031 |      7 | 0.937755 | 0.600000 | 0.760000 | 0.786667 | 0.750000 |   0.952326 |      275 |      228 |       47 |   6.272275 |      7 | 0.948208 | 1.311454
 531 | 159000.0 | 159300.0 | 0.010964 | 0.019246 |   6.272275 |      7 | 0.948208 | 0.600000 | 0.806667 | 0.710000 | 0.726667 |  -0.432987 |      279 |      242 |       37 |   6.270009 |      7 | 0.943461 | 1.431666
 532 | 159300.0 | 159600.0 | 0.010952 | 0.019241 |   6.270009 |      7 | 0.943461 | 0.600000 | 0.840000 | 0.783333 | 0.750000 |   0.866198 |      283 |      252 |       31 |   6.267381 |      7 | 0.952948 | 1.191447
 533 | 159600.0 | 159900.0 | 0.010940 | 0.019236 |   6.267381 |      7 | 0.952948 | 0.600000 | 0.786667 | 0.616667 | 0.796667 |  -4.678674 |      275 |      236 |       39 |   6.265339 |      7 | 0.901763 | 2.487532
 534 | 159900.0 | 160200.0 | 0.010928 | 0.019231 |   6.265339 |      7 | 0.901763 | 0.600000 | 0.776667 | 0.786667 | 0.760000 |   0.693315 |      280 |      233 |       47 |   6.263408 |      7 | 0.909339 | 2.295682
 535 | 160200.0 | 160500.0 | 0.010916 | 0.019226 |   6.263408 |      7 | 0.909339 | 0.600000 | 0.793333 | 0.783333 | 0.753333 |   0.780180 |      281 |      238 |       43 |   6.261298 |      7 | 0.917856 | 2.080033
 536 | 160500.0 | 160800.0 | 0.010904 | 0.019221 |   6.261298 |      7 | 0.917856 | 0.600000 | 0.793333 | 0.763333 | 0.776667 |  -0.346835 |      280 |      238 |       42 |   6.259189 |      7 | 0.914074 | 2.175796
 537 | 160800.0 | 161100.0 | 0.010892 | 0.019216 |   6.259189 |      7 | 0.914074 | 0.600000 | 0.843333 | 0.783333 | 0.750000 |   0.867310 |      285 |      253 |       32 |   6.256539 |      7 | 0.923521 | 1.936591
 538 | 161100.0 | 161400.0 | 0.010880 | 0.019212 |   6.256539 |      7 | 0.923521 | 0.600000 | 0.760000 | 0.756667 | 0.746667 |   0.260260 |      277 |      228 |       49 |   6.254798 |      7 | 0.926352 | 1.864890
 539 | 161400.0 | 161700.0 | 0.010868 | 0.019207 |   6.254798 |      7 | 0.926352 | 0.600000 | 0.750000 | 0.773333 | 0.760000 |   0.347101 |      278 |      225 |       53 |   6.253168 |      7 | 0.930124 | 1.769369
 540 | 161700.0 | 162000.0 | 0.010856 | 0.019202 |   6.253168 |      7 | 0.930124 | 0.600000 | 0.790000 | 0.786667 | 0.763333 |   0.607582 |      279 |      237 |       42 |   6.251105 |      7 | 0.936720 | 1.602348
 541 | 162000.0 | 162300.0 | 0.010844 | 0.019197 |   6.251105 |      7 | 0.936720 | 0.600000 | 0.790000 | 0.780000 | 0.770000 |   0.260458 |      279 |      237 |       42 |   6.249045 |      7 | 0.939545 | 1.530827
 542 | 162300.0 | 162600.0 | 0.010832 | 0.019192 |   6.249045 |      7 | 0.939545 | 0.600000 | 0.856667 | 0.776667 | 0.760000 |   0.434207 |      285 |      257 |       28 |   6.246265 |      7 | 0.944248 | 1.411726
 543 | 162600.0 | 162900.0 | 0.010821 | 0.019187 |   6.246265 |      7 | 0.944248 | 0.600000 | 0.810000 | 0.763333 | 0.750000 |   0.347454 |      280 |      243 |       37 |   6.243992 |      7 | 0.948008 | 1.316525
 544 | 162900.0 | 163200.0 | 0.010809 | 0.019182 |   6.243992 |      7 | 0.948008 | 0.600000 | 0.813333 | 0.713333 | 0.750000 |  -0.955739 |      281 |      244 |       37 |   6.241687 |      7 | 0.937678 | 1.578110
 545 | 163200.0 | 163500.0 | 0.010797 | 0.019178 |   6.241687 |      7 | 0.937678 | 0.600000 | 0.793333 | 0.800000 | 0.806667 |  -0.173815 |      280 |      238 |       42 |   6.239599 |      7 | 0.935801 | 1.625631
 546 | 163500.0 | 163800.0 | 0.010785 | 0.019173 |   6.239599 |      7 | 0.935801 | 0.600000 | 0.836667 | 0.810000 | 0.783333 |   0.695434 |      284 |      251 |       33 |   6.237047 |      7 | 0.943301 | 1.435704
 547 | 163800.0 | 164100.0 | 0.010774 | 0.019168 |   6.237047 |      7 | 0.943301 | 0.600000 | 0.803333 | 0.756667 | 0.773333 |  -0.434755 |      280 |      241 |       39 |   6.234856 |      7 | 0.938618 | 1.554310
 548 | 164100.0 | 164400.0 | 0.010762 | 0.019163 |   6.234856 |      7 | 0.938618 | 0.600000 | 0.800000 | 0.796667 | 0.780000 |   0.434864 |      281 |      240 |       41 |   6.232703 |      7 | 0.943298 | 1.435803
 549 | 164400.0 | 164700.0 | 0.010751 | 0.019158 |   6.232703 |      7 | 0.943298 | 0.600000 | 0.746667 | 0.753333 | 0.780000 |  -0.695958 |      274 |      224 |       50 |   6.231127 |      7 | 0.935816 | 1.625257
 550 | 164700.0 | 165000.0 | 0.010739 | 0.019153 |   6.231127 |      7 | 0.935816 | 0.600000 | 0.796667 | 0.730000 | 0.790000 |  -1.566296 |      279 |      239 |       40 |   6.229015 |      7 | 0.918995 | 2.051177
 551 | 165000.0 | 165300.0 | 0.010727 | 0.019149 |   6.229015 |      7 | 0.918995 | 0.600000 | 0.740000 | 0.806667 | 0.750000 |   1.479649 |      275 |      222 |       53 |   6.227513 |      7 | 0.934868 | 1.649252
 552 | 165300.0 | 165600.0 | 0.010716 | 0.019144 |   6.227513 |      7 | 0.934868 | 0.600000 | 0.766667 | 0.780000 | 0.720000 |   1.567078 |      278 |      230 |       48 |   6.225727 |      7 | 0.951661 | 1.224035
 553 | 165600.0 | 165900.0 | 0.010704 | 0.019139 |   6.225727 |      7 | 0.951661 | 0.600000 | 0.803333 | 0.633333 | 0.763333 |  -3.396182 |      276 |      241 |       35 |   6.223550 |      7 | 0.915307 | 2.144579
 554 | 165900.0 | 166200.0 | 0.010693 | 0.019134 |   6.223550 |      7 | 0.915307 | 0.600000 | 0.780000 | 0.806667 | 0.786667 |   0.522619 |      280 |      234 |       46 |   6.221626 |      7 | 0.920895 | 2.003074
 555 | 166200.0 | 166500.0 | 0.010681 | 0.019130 |   6.221626 |      7 | 0.920895 | 0.600000 | 0.803333 | 0.753333 | 0.773333 |  -0.522749 |      281 |      241 |       41 |   6.219454 |      7 | 0.915311 | 2.144463
 556 | 166500.0 | 166800.0 | 0.010670 | 0.019125 |   6.219454 |      7 | 0.915311 | 0.600000 | 0.776667 | 0.783333 | 0.796667 |  -0.348586 |      279 |      233 |       45 |   6.217569 |      7 | 0.911592 | 2.238646
 557 | 166800.0 | 167100.0 | 0.010659 | 0.019120 |   6.217569 |      7 | 0.911592 | 0.600000 | 0.803333 | 0.776667 | 0.803333 |  -0.697344 |      281 |      241 |       40 |   6.215401 |      7 | 0.904159 | 2.426857
 558 | 167100.0 | 167400.0 | 0.010647 | 0.019115 |   6.215401 |      7 | 0.904159 | 0.600000 | 0.776667 | 0.793333 | 0.753333 |   1.046274 |      280 |      233 |       47 |   6.213520 |      7 | 0.915299 | 2.144771
 559 | 167400.0 | 167700.0 | 0.010636 | 0.019111 |   6.213520 |      7 | 0.915299 | 0.600000 | 0.796667 | 0.770000 | 0.790000 |  -0.523266 |      281 |      239 |       42 |   6.211429 |      7 | 0.909734 | 2.285699
 560 | 167700.0 | 168000.0 | 0.010625 | 0.019106 |   6.211429 |      7 | 0.909734 | 0.600000 | 0.833333 | 0.820000 | 0.753333 |   1.744650 |      284 |      250 |       34 |   6.208950 |      7 | 0.928270 | 1.816323
 561 | 168000.0 | 168300.0 | 0.010614 | 0.019101 |   6.208950 |      7 | 0.928270 | 0.600000 | 0.836667 | 0.810000 | 0.756667 |   1.396063 |      284 |      251 |       33 |   6.206438 |      7 | 0.943087 | 1.441128
 562 | 168300.0 | 168600.0 | 0.010602 | 0.019097 |   6.206438 |      7 | 0.943087 | 0.600000 | 0.773333 | 0.803333 | 0.713333 |   2.356434 |      277 |      232 |       45 |   6.204600 |      7 | 0.968071 | 0.808501
 563 | 168600.0 | 168900.0 | 0.010591 | 0.019092 |   6.204600 |      7 | 0.968071 | 0.600000 | 0.713333 | 0.263333 | 0.813333 | -14.403955 |      241 |      214 |       28 |   6.203400 |      7 | 0.815517 | 4.671419
 564 | 168900.0 | 169200.0 | 0.010580 | 0.019087 |   6.203400 |      7 | 0.815517 | 0.600000 | 0.733333 | 0.670000 | 0.726667 |  -1.484407 |      276 |      220 |       55 |   6.201989 |      7 | 0.799812 | 5.069094
 565 | 169200.0 | 169500.0 | 0.010569 | 0.019083 |   6.201989 |      7 | 0.799812 | 0.600000 | 0.686667 | 0.713333 | 0.666667 |   1.222751 |      272 |      206 |       66 |   6.201073 |      7 | 0.812735 | 4.741862
 566 | 169500.0 | 169800.0 | 0.010558 | 0.019078 |   6.201073 |      7 | 0.812735 | 0.600000 | 0.663333 | 0.726667 | 0.630000 |   2.533459 |      269 |      199 |       70 |   6.200404 |      7 | 0.839483 | 4.064571
 567 | 169800.0 | 170100.0 | 0.010547 | 0.019073 |   6.200404 |      7 | 0.839483 | 0.600000 | 0.760000 | 0.756667 | 0.673333 |   2.184548 |      279 |      228 |       51 |   6.198717 |      7 | 0.862522 | 3.481171
 568 | 170100.0 | 170400.0 | 0.010536 | 0.019069 |   6.198717 |      7 | 0.862522 | 0.600000 | 0.756667 | 0.740000 | 0.773333 |  -0.874031 |      278 |      227 |       51 |   6.197066 |      7 | 0.853314 | 3.714343
 569 | 170400.0 | 170700.0 | 0.010525 | 0.019064 |   6.197066 |      7 | 0.853314 | 0.600000 | 0.736667 | 0.763333 | 0.713333 |   1.311365 |      275 |      221 |       54 |   6.195628 |      7 | 0.867115 | 3.364866
 570 | 170700.0 | 171000.0 | 0.010514 | 0.019059 |   6.195628 |      7 | 0.867115 | 0.600000 | 0.750000 | 0.730000 | 0.700000 |   0.787010 |      278 |      225 |       53 |   6.194051 |      7 | 0.875390 | 3.155348
 571 | 171000.0 | 171300.0 | 0.010503 | 0.019055 |   6.194051 |      7 | 0.875390 | 0.600000 | 0.786667 | 0.833333 | 0.700000 |   3.498666 |      281 |      236 |       45 |   6.192090 |      7 | 0.912135 | 2.224905
 572 | 171300.0 | 171600.0 | 0.010492 | 0.019050 |   6.192090 |      7 | 0.912135 | 0.600000 | 0.820000 | 0.816667 | 0.736667 |   2.099706 |      282 |      246 |       36 |   6.189782 |      7 | 0.934164 | 1.667086
 573 | 171600.0 | 171900.0 | 0.010481 | 0.019046 |   6.189782 |      7 | 0.934164 | 0.600000 | 0.810000 | 0.750000 | 0.783333 |  -0.875088 |      283 |      243 |       40 |   6.187581 |      7 | 0.924992 | 1.899325
 574 | 171900.0 | 172200.0 | 0.010470 | 0.019041 |   6.187581 |      7 | 0.924992 | 0.600000 | 0.786667 | 0.743333 | 0.803333 |  -1.575538 |      278 |      236 |       43 |   6.185627 |      7 | 0.908497 | 2.317021
 575 | 172200.0 | 172500.0 | 0.010459 | 0.019037 |   6.185627 |      7 | 0.908497 | 0.600000 | 0.783333 | 0.806667 | 0.780000 |   0.700407 |      281 |      235 |       45 |   6.183710 |      7 | 0.915822 | 2.131526
 576 | 172500.0 | 172800.0 | 0.010448 | 0.019032 |   6.183710 |      7 | 0.915822 | 0.600000 | 0.733333 | 0.753333 | 0.760000 |  -0.175144 |      275 |      220 |       55 |   6.182316 |      7 | 0.913992 | 2.177863
 577 | 172800.0 | 173100.0 | 0.010437 | 0.019027 |   6.182316 |      7 | 0.913992 | 0.600000 | 0.816667 | 0.743333 | 0.733333 |   0.262779 |      282 |      245 |       37 |   6.180055 |      7 | 0.916735 | 2.108413
 578 | 173100.0 | 173400.0 | 0.010427 | 0.019023 |   6.180055 |      7 | 0.916735 | 0.600000 | 0.790000 | 0.770000 | 0.763333 |   0.175228 |      280 |      237 |       43 |   6.178074 |      7 | 0.918562 | 2.062150
 579 | 173400.0 | 173700.0 | 0.010416 | 0.019018 |   6.178074 |      7 | 0.918562 | 0.600000 | 0.776667 | 0.833333 | 0.760000 |   1.927964 |      279 |      233 |       46 |   6.176234 |      7 | 0.938643 | 1.553659
 580 | 173700.0 | 174000.0 | 0.010405 | 0.019014 |   6.176234 |      7 | 0.938643 | 0.600000 | 0.786667 | 0.770000 | 0.756667 |   0.350623 |      278 |      236 |       42 |   6.174292 |      7 | 0.942291 | 1.461279
 581 | 174000.0 | 174300.0 | 0.010394 | 0.019009 |   6.174292 |      7 | 0.942291 | 0.600000 | 0.776667 | 0.750000 | 0.736667 |   0.350706 |      278 |      233 |       45 |   6.172455 |      7 | 0.945937 | 1.368972
 582 | 174300.0 | 174600.0 | 0.010384 | 0.019005 |   6.172455 |      7 | 0.945937 | 0.600000 | 0.826667 | 0.706667 | 0.746667 |  -1.052368 |      282 |      248 |       34 |   6.170102 |      7 | 0.935009 | 1.645674
 583 | 174600.0 | 174900.0 | 0.010373 | 0.019000 |   6.170102 |      7 | 0.935009 | 0.600000 | 0.820000 | 0.810000 | 0.730000 |   2.105235 |      281 |      246 |       35 |   6.167820 |      7 | 0.956847 | 1.092707
 584 | 174900.0 | 175200.0 | 0.010362 | 0.018996 |   6.167820 |      7 | 0.956847 | 0.600000 | 0.766667 | 0.556667 | 0.763333 |  -5.439811 |      271 |      230 |       42 |   6.166093 |      7 | 0.900478 | 2.520081
 585 | 175200.0 | 175500.0 | 0.010352 | 0.018991 |   6.166093 |      7 | 0.900478 | 0.600000 | 0.803333 | 0.790000 | 0.746667 |   1.140875 |      283 |      241 |       41 |   6.163988 |      7 | 0.912288 | 2.221028
 586 | 175500.0 | 175800.0 | 0.010341 | 0.018987 |   6.163988 |      7 | 0.912288 | 0.600000 | 0.793333 | 0.793333 | 0.723333 |   1.843387 |      280 |      238 |       42 |   6.161988 |      7 | 0.931351 | 1.738321
 587 | 175800.0 | 176100.0 | 0.010331 | 0.018982 |   6.161988 |      7 | 0.931351 | 0.600000 | 0.810000 | 0.816667 | 0.783333 |   0.878010 |      283 |      243 |       40 |   6.159819 |      7 | 0.940421 | 1.508642
 588 | 176100.0 | 176400.0 | 0.010320 | 0.018978 |   6.159819 |      7 | 0.940421 | 0.600000 | 0.800000 | 0.826667 | 0.820000 |   0.175643 |      279 |      240 |       39 |   6.157755 |      7 | 0.942234 | 1.462741
 589 | 176400.0 | 176700.0 | 0.010310 | 0.018973 |   6.157755 |      7 | 0.942234 | 0.600000 | 0.830000 | 0.750000 | 0.763333 |  -0.351369 |      282 |      249 |       33 |   6.155384 |      7 | 0.938611 | 1.554470
 590 | 176700.0 | 177000.0 | 0.010299 | 0.018969 |   6.155384 |      7 | 0.938611 | 0.600000 | 0.806667 | 0.790000 | 0.750000 |   1.054355 |      281 |      242 |       39 |   6.153255 |      7 | 0.949470 | 1.279499
 591 | 177000.0 | 177300.0 | 0.010289 | 0.018964 |   6.153255 |      7 | 0.949470 | 0.600000 | 0.796667 | 0.650000 | 0.770000 |  -3.163807 |      278 |      239 |       39 |   6.151232 |      7 | 0.916918 | 2.103768
 592 | 177300.0 | 177600.0 | 0.010278 | 0.018960 |   6.151232 |      7 | 0.916918 | 0.600000 | 0.820000 | 0.813333 | 0.783333 |   0.791137 |      283 |      246 |       37 |   6.148970 |      7 | 0.925050 | 1.897861
 593 | 177600.0 | 177900.0 | 0.010268 | 0.018956 |   6.148970 |      7 | 0.925050 | 0.600000 | 0.843333 | 0.830000 | 0.773333 |   1.494718 |      285 |      253 |       32 |   6.146472 |      7 | 0.940398 | 1.509228
 594 | 177900.0 | 178200.0 | 0.010258 | 0.018951 |   6.146472 |      7 | 0.940398 | 0.600000 | 0.783333 | 0.800000 | 0.780000 |   0.527671 |      277 |      235 |       42 |   6.144591 |      7 | 0.945811 | 1.372170
 595 | 178200.0 | 178500.0 | 0.010247 | 0.018947 |   6.144591 |      7 | 0.945811 | 0.600000 | 0.843333 | 0.786667 | 0.783333 |   0.087966 |      284 |      253 |       31 |   6.142098 |      7 | 0.946712 | 1.349345
 596 | 178500.0 | 178800.0 | 0.010237 | 0.018942 |   6.142098 |      7 | 0.946712 | 0.600000 | 0.776667 | 0.730000 | 0.773333 |  -1.143818 |      276 |      233 |       43 |   6.140289 |      7 | 0.935003 | 1.645844
 597 | 178800.0 | 179100.0 | 0.010227 | 0.018938 |   6.140289 |      7 | 0.935003 | 0.600000 | 0.766667 | 0.750000 | 0.753333 |  -0.088006 |      276 |      230 |       46 |   6.138585 |      7 | 0.934103 | 1.668634
 598 | 179100.0 | 179400.0 | 0.010216 | 0.018934 |   6.138585 |      7 | 0.934103 | 0.600000 | 0.813333 | 0.743333 | 0.773333 |  -0.792241 |      282 |      244 |       38 |   6.136405 |      7 | 0.926009 | 1.873586
 599 | 179400.0 | 179700.0 | 0.010206 | 0.018929 |   6.136405 |      7 | 0.926009 | 0.600000 | 0.810000 | 0.790000 | 0.776667 |   0.352189 |      281 |      243 |       38 |   6.134262 |      7 | 0.929603 | 1.782567
 600 | 179700.0 | 180000.0 | 0.010196 | 0.018925 |   6.134262 |      7 | 0.929603 | 0.600000 | 0.773333 | 0.743333 | 0.753333 |  -0.264203 |      278 |      232 |       46 |   6.132495 |      7 | 0.926909 | 1.850779
 601 | 180000.0 | 180300.0 | 0.010186 | 0.018921 |   6.132495 |      7 | 0.926909 | 0.600000 | 0.840000 | 0.820000 | 0.803333 |   0.440439 |      286 |      252 |       34 |   6.130050 |      7 | 0.931396 | 1.737179
 602 | 180300.0 | 180600.0 | 0.010176 | 0.018916 |   6.130050 |      7 | 0.931396 | 0.600000 | 0.730000 | 0.753333 | 0.760000 |  -0.176216 |      274 |      219 |       55 |   6.128727 |      7 | 0.929603 | 1.782584
 603 | 180600.0 | 180900.0 | 0.010166 | 0.018912 |   6.128727 |      7 | 0.929603 | 0.600000 | 0.746667 | 0.793333 | 0.800000 |  -0.176257 |      276 |      224 |       52 |   6.127236 |      7 | 0.927811 | 1.827954
 604 | 180900.0 | 181200.0 | 0.010155 | 0.018907 |   6.127236 |      7 | 0.927811 | 0.600000 | 0.773333 | 0.840000 | 0.796667 |   1.145932 |      279 |      232 |       47 |   6.125476 |      7 | 0.939448 | 1.533274
 605 | 181200.0 | 181500.0 | 0.010145 | 0.018903 |   6.125476 |      7 | 0.939448 | 0.600000 | 0.720000 | 0.803333 | 0.770000 |   0.881688 |      271 |      216 |       55 |   6.124258 |      7 | 0.948393 | 1.306770
 606 | 181500.0 | 181800.0 | 0.010135 | 0.018899 |   6.124258 |      7 | 0.948393 | 0.600000 | 0.820000 | 0.690000 | 0.763333 |  -1.940158 |      281 |      246 |       35 |   6.122029 |      7 | 0.928729 | 1.804699
 607 | 181800.0 | 182100.0 | 0.010125 | 0.018894 |   6.122029 |      7 | 0.928729 | 0.600000 | 0.810000 | 0.790000 | 0.786667 |   0.088209 |      282 |      243 |       39 |   6.119902 |      7 | 0.929622 | 1.782083
 608 | 182100.0 | 182400.0 | 0.010115 | 0.018890 |   6.119902 |      7 | 0.929622 | 0.600000 | 0.793333 | 0.790000 | 0.756667 |   0.882293 |      280 |      238 |       42 |   6.117947 |      7 | 0.938547 | 1.556096
 609 | 182400.0 | 182700.0 | 0.010105 | 0.018886 |   6.117947 |      7 | 0.938547 | 0.600000 | 0.790000 | 0.773333 | 0.813333 |  -1.058992 |      280 |      237 |       43 |   6.116027 |      7 | 0.927846 | 1.827074
 610 | 182700.0 | 183000.0 | 0.010095 | 0.018882 |   6.116027 |      7 | 0.927846 | 0.600000 | 0.780000 | 0.800000 | 0.756667 |   1.147503 |      278 |      234 |       44 |   6.114210 |      7 | 0.939430 | 1.533737
 611 | 183000.0 | 183300.0 | 0.010085 | 0.018877 |   6.114210 |      7 | 0.939430 | 0.600000 | 0.803333 | 0.760000 | 0.783333 |  -0.618026 |      279 |      241 |       38 |   6.112159 |      7 | 0.933197 | 1.691568
 612 | 183300.0 | 183600.0 | 0.010075 | 0.018873 |   6.112159 |      7 | 0.933197 | 0.600000 | 0.790000 | 0.790000 | 0.746667 |   1.148024 |      281 |      237 |       44 |   6.110245 |      7 | 0.944764 | 1.398676
 613 | 183600.0 | 183900.0 | 0.010066 | 0.018869 |   6.110245 |      7 | 0.944764 | 0.600000 | 0.833333 | 0.786667 | 0.770000 |   0.441648 |      282 |      250 |       32 |   6.107896 |      7 | 0.949209 | 1.286110
 614 | 183900.0 | 184200.0 | 0.010056 | 0.018864 |   6.107896 |      7 | 0.949209 | 0.600000 | 0.813333 | 0.690000 | 0.803333 |  -3.003882 |      278 |      244 |       34 |   6.105751 |      7 | 0.919003 | 2.050980
 615 | 184200.0 | 184500.0 | 0.010046 | 0.018860 |   6.105751 |      7 | 0.919003 | 0.600000 | 0.790000 | 0.806667 | 0.766667 |   1.060433 |      281 |      237 |       44 |   6.103842 |      7 | 0.929656 | 1.781229
 616 | 184500.0 | 184800.0 | 0.010036 | 0.018856 |   6.103842 |      7 | 0.929656 | 0.600000 | 0.756667 | 0.793333 | 0.693333 |   2.651680 |      277 |      227 |       50 |   6.102270 |      7 | 0.956268 | 1.107361
 617 | 184800.0 | 185100.0 | 0.010026 | 0.018852 |   6.102270 |      7 | 0.956268 | 0.600000 | 0.790000 | 0.546667 | 0.793333 |  -6.542283 |      274 |      237 |       37 |   6.100365 |      7 | 0.890674 | 2.768320
 618 | 185100.0 | 185400.0 | 0.010016 | 0.018847 |   6.100365 |      7 | 0.890674 | 0.600000 | 0.786667 | 0.760000 | 0.750000 |   0.265287 |      281 |      236 |       45 |   6.098495 |      7 | 0.893331 | 2.701035
 619 | 185400.0 | 185700.0 | 0.010007 | 0.018843 |   6.098495 |      7 | 0.893331 | 0.600000 | 0.786667 | 0.830000 | 0.713333 |   3.095713 |      280 |      236 |       44 |   6.096627 |      7 | 0.924309 | 1.916624
 620 | 185700.0 | 186000.0 | 0.009997 | 0.018839 |   6.096627 |      7 | 0.924309 | 0.600000 | 0.786667 | 0.793333 | 0.756667 |   0.973156 |      280 |      236 |       44 |   6.094761 |      7 | 0.934038 | 1.670279
 621 | 186000.0 | 186300.0 | 0.009987 | 0.018835 |   6.094761 |      7 | 0.934038 | 0.600000 | 0.810000 | 0.830000 | 0.776667 |   1.415817 |      281 |      243 |       38 |   6.092664 |      7 | 0.948178 | 1.312227
 622 | 186300.0 | 186600.0 | 0.009978 | 0.018831 |   6.092664 |      7 | 0.948178 | 0.600000 | 0.813333 | 0.703333 | 0.810000 |  -2.832266 |      280 |      244 |       36 |   6.090535 |      7 | 0.919919 | 2.027796
 623 | 186600.0 | 186900.0 | 0.009968 | 0.018826 |   6.090535 |      7 | 0.919919 | 0.600000 | 0.780000 | 0.780000 | 0.793333 |  -0.354112 |      280 |      234 |       46 |   6.088741 |      7 | 0.916389 | 2.117175
 624 | 186900.0 | 187200.0 | 0.009958 | 0.018822 |   6.088741 |      7 | 0.916389 | 0.600000 | 0.793333 | 0.793333 | 0.730000 |   1.682408 |      280 |      238 |       42 |   6.086816 |      7 | 0.933143 | 1.692939
 625 | 187200.0 | 187500.0 | 0.009949 | 0.018818 |   6.086816 |      7 | 0.933143 | 0.600000 | 0.756667 | 0.790000 | 0.773333 |   0.442837 |      277 |      227 |       50 |   6.085257 |      7 | 0.937548 | 1.581381
 626 | 187500.0 | 187800.0 | 0.009939 | 0.018814 |   6.085257 |      7 | 0.937548 | 0.600000 | 0.803333 | 0.810000 | 0.750000 |   1.594569 |      279 |      241 |       38 |   6.083236 |      7 | 0.953397 | 1.180071
 627 | 187800.0 | 188100.0 | 0.009929 | 0.018810 |   6.083236 |      7 | 0.953397 | 0.600000 | 0.863333 | 0.586667 | 0.800000 |  -5.670835 |      284 |      259 |       25 |   6.080621 |      7 | 0.897089 | 2.605895
 628 | 188100.0 | 188400.0 | 0.009920 | 0.018806 |   6.080621 |      7 | 0.897089 | 0.600000 | 0.716667 | 0.780000 | 0.740000 |   1.063517 |      273 |      215 |       58 |   6.079464 |      7 | 0.907639 | 2.338751
 629 | 188400.0 | 188700.0 | 0.009910 | 0.018801 |   6.079464 |      7 | 0.907639 | 0.600000 | 0.796667 | 0.790000 | 0.770000 |   0.531876 |      282 |      239 |       43 |   6.077515 |      7 | 0.912910 | 2.205278
 630 | 188700.0 | 189000.0 | 0.009901 | 0.018797 |   6.077515 |      7 | 0.912910 | 0.600000 | 0.800000 | 0.753333 | 0.720000 |   0.886656 |      281 |      240 |       41 |   6.075535 |      7 | 0.921688 | 1.982987
 631 | 189000.0 | 189300.0 | 0.009891 | 0.018793 |   6.075535 |      7 | 0.921688 | 0.600000 | 0.776667 | 0.813333 | 0.793333 |   0.532111 |      279 |      233 |       46 |   6.073787 |      7 | 0.926952 | 1.849710
 632 | 189300.0 | 189600.0 | 0.009882 | 0.018789 |   6.073787 |      7 | 0.926952 | 0.600000 | 0.796667 | 0.836667 | 0.746667 |   2.395026 |      279 |      239 |       40 |   6.071844 |      7 | 0.950619 | 1.250408
 633 | 189600.0 | 189900.0 | 0.009873 | 0.018785 |   6.071844 |      7 | 0.950619 | 0.600000 | 0.800000 | 0.676667 | 0.746667 |  -1.863207 |      279 |      240 |       39 |   6.069869 |      7 | 0.932225 | 1.716189
 634 | 189900.0 | 190200.0 | 0.009863 | 0.018781 |   6.069869 |      7 | 0.932225 | 0.600000 | 0.826667 | 0.790000 | 0.776667 |   0.354974 |      283 |      248 |       35 |   6.067634 |      7 | 0.935726 | 1.627534
 635 | 190200.0 | 190500.0 | 0.009854 | 0.018777 |   6.067634 |      7 | 0.935726 | 0.600000 | 0.786667 | 0.800000 | 0.793333 |   0.177526 |      278 |      236 |       42 |   6.065794 |      7 | 0.937475 | 1.583239
 636 | 190500.0 | 190800.0 | 0.009844 | 0.018772 |   6.065794 |      7 | 0.937475 | 0.600000 | 0.806667 | 0.766667 | 0.756667 |   0.266347 |      281 |      242 |       40 |   6.063760 |      7 | 0.940097 | 1.516845
 637 | 190800.0 | 191100.0 | 0.009835 | 0.018768 |   6.063760 |      7 | 0.940097 | 0.600000 | 0.863333 | 0.753333 | 0.783333 |  -0.799217 |      287 |      259 |       27 |   6.061170 |      7 | 0.932237 | 1.715881
 638 | 191100.0 | 191400.0 | 0.009826 | 0.018764 |   6.061170 |      7 | 0.932237 | 0.600000 | 0.766667 | 0.770000 | 0.790000 |  -0.532928 |      277 |      230 |       47 |   6.059532 |      7 | 0.927000 | 1.848474
 639 | 191400.0 | 191700.0 | 0.009816 | 0.018760 |   6.059532 |      7 | 0.927000 | 0.600000 | 0.830000 | 0.820000 | 0.743333 |   2.043334 |      284 |      249 |       35 |   6.057275 |      7 | 0.947058 | 1.340571
 640 | 191700.0 | 192000.0 | 0.009807 | 0.018756 |   6.057275 |      7 | 0.947058 | 0.600000 | 0.790000 | 0.700000 | 0.823333 |  -3.287818 |      277 |      237 |       40 |   6.055411 |      7 | 0.914815 | 2.157038
 641 | 192000.0 | 192300.0 | 0.009798 | 0.018752 |   6.055411 |      7 | 0.914815 | 0.600000 | 0.793333 | 0.770000 | 0.770000 |   0.000000 |      281 |      238 |       43 |   6.053517 |      7 | 0.914815 | 2.157038
 642 | 192300.0 | 192600.0 | 0.009789 | 0.018748 |   6.053517 |      7 | 0.914815 | 0.600000 | 0.823333 | 0.843333 | 0.796667 |   1.244580 |      283 |      247 |       36 |   6.051331 |      7 | 0.926997 | 1.848554
 643 | 192600.0 | 192900.0 | 0.009779 | 0.018744 |   6.051331 |      7 | 0.926997 | 0.600000 | 0.806667 | 0.766667 | 0.773333 |  -0.177836 |      281 |      242 |       39 |   6.049310 |      7 | 0.925258 | 1.892591
 644 | 192900.0 | 193200.0 | 0.009770 | 0.018740 |   6.049310 |      7 | 0.925258 | 0.600000 | 0.810000 | 0.756667 | 0.736667 |   0.533622 |      282 |      243 |       39 |   6.047258 |      7 | 0.930472 | 1.760575
 645 | 193200.0 | 193500.0 | 0.009761 | 0.018736 |   6.047258 |      7 | 0.930472 | 0.600000 | 0.816667 | 0.796667 | 0.736667 |   1.601212 |      282 |      245 |       37 |   6.045143 |      7 | 0.946101 | 1.364814
 646 | 193500.0 | 193800.0 | 0.009752 | 0.018732 |   6.045143 |      7 | 0.946101 | 0.600000 | 0.830000 | 0.733333 | 0.803333 |  -1.868484 |      283 |      249 |       34 |   6.042900 |      7 | 0.927880 | 1.826201
 647 | 193800.0 | 194100.0 | 0.009743 | 0.018728 |   6.042900 |      7 | 0.927880 | 0.600000 | 0.793333 | 0.793333 | 0.756667 |   0.978941 |      279 |      238 |       41 |   6.041017 |      7 | 0.937417 | 1.584697
 648 | 194100.0 | 194400.0 | 0.009733 | 0.018724 |   6.041017 |      7 | 0.937417 | 0.600000 | 0.806667 | 0.816667 | 0.796667 |   0.534082 |      282 |      242 |       40 |   6.039005 |      7 | 0.942616 | 1.453062
 649 | 194400.0 | 194700.0 | 0.009724 | 0.018720 |   6.039005 |      7 | 0.942616 | 0.600000 | 0.836667 | 0.760000 | 0.800000 |  -1.068394 |      282 |      251 |       31 |   6.036704 |      7 | 0.932226 | 1.716142
 650 | 194700.0 | 195000.0 | 0.009715 | 0.018716 |   6.036704 |      7 | 0.932226 | 0.600000 | 0.773333 | 0.776667 | 0.786667 |  -0.267156 |      278 |      232 |       47 |   6.035020 |      7 | 0.929631 | 1.781865
 651 | 195000.0 | 195300.0 | 0.009706 | 0.018712 |   6.035020 |      7 | 0.929631 | 0.600000 | 0.766667 | 0.783333 | 0.763333 |   0.534426 |      278 |      230 |       47 |   6.033402 |      7 | 0.934818 | 1.650514
 652 | 195300.0 | 195600.0 | 0.009697 | 0.018708 |   6.033402 |      7 | 0.934818 | 0.600000 | 0.786667 | 0.770000 | 0.753333 |   0.445450 |      278 |      236 |       42 |   6.031592 |      7 | 0.939138 | 1.541133
 653 | 195600.0 | 195900.0 | 0.009688 | 0.018704 |   6.031592 |      7 | 0.939138 | 0.600000 | 0.836667 | 0.820000 | 0.820000 |   0.000000 |      284 |      251 |       33 |   6.029299 |      7 | 0.939138 | 1.541133
 654 | 195900.0 | 196200.0 | 0.009679 | 0.018700 |   6.029299 |      7 | 0.939138 | 0.600000 | 0.843333 | 0.810000 | 0.783333 |   0.713025 |      284 |      253 |       31 |   6.026944 |      7 | 0.946039 | 1.366375
 655 | 196200.0 | 196500.0 | 0.009670 | 0.018696 |   6.026944 |      7 | 0.946039 | 0.600000 | 0.830000 | 0.726667 | 0.793333 |  -1.782942 |      282 |      249 |       33 |   6.024720 |      7 | 0.928798 | 1.802958
 656 | 196500.0 | 196800.0 | 0.009661 | 0.018692 |   6.024720 |      7 | 0.928798 | 0.600000 | 0.753333 | 0.836667 | 0.730000 |   2.853313 |      277 |      226 |       51 |   6.023238 |      7 | 0.956365 | 1.104923
 657 | 196800.0 | 197100.0 | 0.009652 | 0.018688 |   6.023238 |      7 | 0.956365 | 0.600000 | 0.823333 | 0.540000 | 0.813333 |  -7.313167 |      277 |      247 |       31 |   6.021083 |      7 | 0.885775 | 2.892364
 658 | 197100.0 | 197400.0 | 0.009643 | 0.018684 |   6.021083 |      7 | 0.885775 | 0.600000 | 0.736667 | 0.780000 | 0.760000 |   0.535223 |      277 |      221 |       55 |   6.019765 |      7 | 0.890937 | 2.761668
 659 | 197400.0 | 197700.0 | 0.009635 | 0.018680 |   6.019765 |      7 | 0.890937 | 0.600000 | 0.703333 | 0.826667 | 0.716667 |   2.944351 |      273 |      211 |       62 |   6.018769 |      7 | 0.919304 | 2.043356
 660 | 197700.0 | 198000.0 | 0.009626 | 0.018676 |   6.018769 |      7 | 0.919304 | 0.600000 | 0.780000 | 0.793333 | 0.750000 |   1.160141 |      278 |      234 |       44 |   6.017037 |      7 | 0.930471 | 1.760585
 661 | 198000.0 | 198300.0 | 0.009617 | 0.018672 |   6.017037 |      7 | 0.930471 | 0.600000 | 0.796667 | 0.743333 | 0.800000 |  -1.517428 |      281 |      239 |       42 |   6.015145 |      7 | 0.915879 | 2.130100
 662 | 198300.0 | 198600.0 | 0.009608 | 0.018668 |   6.015145 |      7 | 0.915879 | 0.600000 | 0.790000 | 0.816667 | 0.766667 |   1.339189 |      281 |      237 |       44 |   6.013320 |      7 | 0.928745 | 1.804288
 663 | 198600.0 | 198900.0 | 0.009599 | 0.018664 |   6.013320 |      7 | 0.928745 | 0.600000 | 0.763333 | 0.810000 | 0.763333 |   1.250173 |      277 |      229 |       48 |   6.011752 |      7 | 0.940746 | 1.500412
 664 | 198900.0 | 199200.0 | 0.009590 | 0.018660 |   6.011752 |      7 | 0.940746 | 0.600000 | 0.806667 | 0.723333 | 0.760000 |  -0.982486 |      280 |      242 |       38 |   6.009770 |      7 | 0.931324 | 1.739003
 665 | 199200.0 | 199500.0 | 0.009582 | 0.018656 |   6.009770 |      7 | 0.931324 | 0.600000 | 0.790000 | 0.790000 | 0.760000 |   0.804021 |      280 |      237 |       43 |   6.007949 |      7 | 0.939027 | 1.543930
 666 | 199500.0 | 199800.0 | 0.009573 | 0.018652 |   6.007949 |      7 | 0.939027 | 0.600000 | 0.746667 | 0.756667 | 0.766667 |  -0.268063 |      275 |      224 |       51 |   6.006545 |      7 | 0.936461 | 1.608909
 667 | 199800.0 | 200100.0 | 0.009564 | 0.018648 |   6.006545 |      7 | 0.936461 | 0.600000 | 0.823333 | 0.770000 | 0.810000 |  -1.072477 |      282 |      247 |       35 |   6.004409 |      7 | 0.926204 | 1.868640
 668 | 200100.0 | 200400.0 | 0.009555 | 0.018645 |   6.004409 |      7 | 0.926204 | 0.600000 | 0.820000 | 0.773333 | 0.770000 |   0.089392 |      283 |      246 |       37 |   6.002307 |      7 | 0.927058 | 1.847011
 669 | 200400.0 | 200700.0 | 0.009547 | 0.018641 |   6.002307 |      7 | 0.927058 | 0.600000 | 0.803333 | 0.760000 | 0.810000 |  -1.341156 |      280 |      241 |       39 |   6.000366 |      7 | 0.914255 | 2.171219
 670 | 200700.0 | 201000.0 | 0.009538 | 0.018637 |   6.000366 |      7 | 0.914255 | 0.600000 | 0.746667 | 0.780000 | 0.716667 |   1.699152 |      276 |      224 |       52 |   5.998967 |      6 | 0.930461 | 1.760843
 671 | 201000.0 | 201300.0 | 0.009529 | 0.018633 |   5.998967 |      6 | 0.930461 | 0.600000 | 0.713333 | 0.626667 | 0.663333 |  -0.983924 |      243 |      214 |       30 |   5.997887 |      6 | 0.921085 | 1.998263
 672 | 201300.0 | 201600.0 | 0.009521 | 0.018629 |   5.997887 |      6 | 0.921085 | 0.600000 | 0.703333 | 0.670000 | 0.636667 |   0.894663 |      242 |      211 |       31 |   5.996903 |      6 | 0.929603 | 1.782578
 673 | 201600.0 | 201900.0 | 0.009512 | 0.018625 |   5.996903 |      6 | 0.929603 | 0.600000 | 0.696667 | 0.646667 | 0.680000 |  -0.894848 |      243 |      209 |       34 |   5.995984 |      6 | 0.921091 | 1.998112
 674 | 201900.0 | 202200.0 | 0.009503 | 0.018621 |   5.995984 |      6 | 0.921091 | 0.600000 | 0.693333 | 0.693333 | 0.620000 |   1.969075 |      242 |      208 |       34 |   5.995097 |      6 | 0.939804 | 1.524267
 675 | 202200.0 | 202500.0 | 0.009495 | 0.018617 |   5.995097 |      6 | 0.939804 | 0.600000 | 0.710000 | 0.730000 | 0.673333 |   1.521873 |      243 |      213 |       30 |   5.994052 |      6 | 0.954254 | 1.158369
 676 | 202500.0 | 202800.0 | 0.009486 | 0.018614 |   5.994052 |      6 | 0.954254 | 0.600000 | 0.750000 | 0.586667 | 0.663333 |  -2.059430 |      245 |      225 |       20 |   5.992629 |      6 | 0.934718 | 1.653063
 677 | 202800.0 | 203100.0 | 0.009478 | 0.018610 |   5.992629 |      6 | 0.934718 | 0.600000 | 0.673333 | 0.686667 | 0.650000 |   0.985148 |      240 |      202 |       38 |   5.991934 |      6 | 0.944055 | 1.416634
 678 | 203100.0 | 203400.0 | 0.009469 | 0.018606 |   5.991934 |      6 | 0.944055 | 0.600000 | 0.683333 | 0.653333 | 0.690000 |  -0.985351 |      240 |      205 |       35 |   5.991145 |      6 | 0.934724 | 1.652899
 679 | 203400.0 | 203700.0 | 0.009461 | 0.018602 |   5.991145 |      6 | 0.934724 | 0.600000 | 0.730000 | 0.696667 | 0.633333 |   1.702321 |      245 |      219 |       26 |   5.989915 |      6 | 0.950829 | 1.245089
 680 | 203700.0 | 204000.0 | 0.009452 | 0.018598 |   5.989915 |      6 | 0.950829 | 0.600000 | 0.683333 | 0.650000 | 0.700000 |  -1.344214 |      237 |      205 |       32 |   5.989128 |      6 | 0.938123 | 1.566821
 681 | 204000.0 | 204300.0 | 0.009444 | 0.018594 |   5.989128 |      6 | 0.938123 | 0.600000 | 0.636667 | 0.636667 | 0.630000 |   0.179265 |      237 |      191 |       46 |   5.988781 |      6 | 0.939816 | 1.523953
 682 | 204300.0 | 204600.0 | 0.009435 | 0.018591 |   5.988781 |      6 | 0.939816 | 0.600000 | 0.723333 | 0.713333 | 0.670000 |   1.165464 |      244 |      217 |       27 |   5.987618 |      6 | 0.950813 | 1.245503
 683 | 204600.0 | 204900.0 | 0.009427 | 0.018587 |   5.987618 |      6 | 0.950813 | 0.600000 | 0.706667 | 0.613333 | 0.676667 |  -1.703719 |      240 |      212 |       28 |   5.986612 |      6 | 0.934752 | 1.652188
 684 | 204900.0 | 205200.0 | 0.009418 | 0.018583 |   5.986612 |      6 | 0.934752 | 0.600000 | 0.716667 | 0.686667 | 0.646667 |   1.076253 |      245 |      215 |       30 |   5.985513 |      6 | 0.944889 | 1.395511
 685 | 205200.0 | 205500.0 | 0.009410 | 0.018579 |   5.985513 |      6 | 0.944889 | 0.600000 | 0.713333 | 0.656667 | 0.683333 |  -0.717649 |      243 |      214 |       29 |   5.984447 |      6 | 0.938136 | 1.566511
 686 | 205500.0 | 205800.0 | 0.009402 | 0.018575 |   5.984447 |      6 | 0.938136 | 0.600000 | 0.650000 | 0.703333 | 0.633333 |   1.884212 |      237 |      195 |       42 |   5.983977 |      6 | 0.955850 | 1.117945
 687 | 205800.0 | 206100.0 | 0.009393 | 0.018572 |   5.983977 |      6 | 0.955850 | 0.600000 | 0.696667 | 0.550000 | 0.653333 |  -2.782022 |      238 |      209 |       30 |   5.983069 |      6 | 0.929718 | 1.779660
 688 | 206100.0 | 206400.0 | 0.009385 | 0.018568 |   5.983069 |      6 | 0.929718 | 0.600000 | 0.663333 | 0.720000 | 0.663333 |   1.525935 |      239 |      199 |       39 |   5.982474 |      6 | 0.944039 | 1.417033
 689 | 206400.0 | 206700.0 | 0.009377 | 0.018564 |   5.982474 |      6 | 0.944039 | 0.600000 | 0.696667 | 0.703333 | 0.656667 |   1.256908 |      243 |      209 |       34 |   5.981568 |      6 | 0.955824 | 1.118603
 690 | 206700.0 | 207000.0 | 0.009368 | 0.018560 |   5.981568 |      6 | 0.955824 | 0.600000 | 0.736667 | 0.556667 | 0.660000 |  -2.783718 |      243 |      221 |       22 |   5.980288 |      6 | 0.929746 | 1.778960
 691 | 207000.0 | 207300.0 | 0.009360 | 0.018557 |   5.980288 |      6 | 0.929746 | 0.600000 | 0.636667 | 0.676667 | 0.640000 |   0.987971 |      236 |      191 |       45 |   5.979945 |      6 | 0.938993 | 1.544800
 692 | 207300.0 | 207600.0 | 0.009352 | 0.018553 |   5.979945 |      6 | 0.938993 | 0.600000 | 0.666667 | 0.613333 | 0.630000 |  -0.449169 |      239 |      200 |       40 |   5.979321 |      6 | 0.934793 | 1.651164
 693 | 207600.0 | 207900.0 | 0.009343 | 0.018549 |   5.979321 |      6 | 0.934793 | 0.600000 | 0.663333 | 0.640000 | 0.703333 |  -1.707185 |      239 |      199 |       39 |   5.978729 |      6 | 0.918842 | 2.055072
 694 | 207900.0 | 208200.0 | 0.009335 | 0.018545 |   5.978729 |      6 | 0.918842 | 0.600000 | 0.706667 | 0.666667 | 0.716667 |  -1.348050 |      243 |      212 |       31 |   5.977734 |      6 | 0.906257 | 2.373730
 695 | 208200.0 | 208500.0 | 0.009327 | 0.018542 |   5.977734 |      6 | 0.906257 | 0.600000 | 0.676667 | 0.700000 | 0.626667 |   1.977538 |      241 |      203 |       38 |   5.977018 |      6 | 0.924702 | 1.906683
 696 | 208500.0 | 208800.0 | 0.009319 | 0.018538 |   5.977018 |      6 | 0.924702 | 0.600000 | 0.693333 | 0.673333 | 0.670000 |   0.089906 |      242 |      208 |       34 |   5.976149 |      6 | 0.925540 | 1.885468
 697 | 208800.0 | 209100.0 | 0.009311 | 0.018534 |   5.976149 |      6 | 0.925540 | 0.600000 | 0.640000 | 0.706667 | 0.646667 |   1.618637 |      236 |      192 |       44 |   5.975776 |      6 | 0.940610 | 1.503856
 698 | 209100.0 | 209400.0 | 0.009302 | 0.018530 |   5.975776 |      6 | 0.940610 | 0.600000 | 0.706667 | 0.670000 | 0.673333 |  -0.089942 |      243 |      212 |       31 |   5.974784 |      6 | 0.939773 | 1.525042
 699 | 209400.0 | 209700.0 | 0.009294 | 0.018527 |   5.974784 |      6 | 0.939773 | 0.600000 | 0.660000 | 0.656667 | 0.660000 |  -0.089960 |      238 |      198 |       40 |   5.974226 |      6 | 0.938937 | 1.546214
 700 | 209700.0 | 210000.0 | 0.009286 | 0.018523 |   5.974226 |      6 | 0.938937 | 0.600000 | 0.653333 | 0.673333 | 0.670000 |   0.089978 |      237 |      196 |       41 |   5.973731 |      6 | 0.939773 | 1.525056
 701 | 210000.0 | 210300.0 | 0.009278 | 0.018519 |   5.973731 |      6 | 0.939773 | 0.600000 | 0.706667 | 0.696667 | 0.690000 |   0.179993 |      244 |      212 |       32 |   5.972741 |      6 | 0.941443 | 1.482770
 702 | 210300.0 | 210600.0 | 0.009270 | 0.018516 |   5.972741 |      6 | 0.941443 | 0.600000 | 0.676667 | 0.636667 | 0.700000 |  -1.710271 |      238 |      203 |       35 |   5.972031 |      6 | 0.925589 | 1.884224
 703 | 210600.0 | 210900.0 | 0.009262 | 0.018512 |   5.972031 |      6 | 0.925589 | 0.600000 | 0.706667 | 0.666667 | 0.646667 |   0.540193 |      244 |      212 |       32 |   5.971043 |      6 | 0.930592 | 1.757534
 704 | 210900.0 | 211200.0 | 0.009254 | 0.018508 |   5.971043 |      6 | 0.930592 | 0.600000 | 0.676667 | 0.710000 | 0.636667 |   1.981103 |      240 |      203 |       37 |   5.970333 |      6 | 0.948925 | 1.293317
 705 | 211200.0 | 211500.0 | 0.009246 | 0.018505 |   5.970333 |      6 | 0.948925 | 0.600000 | 0.673333 | 0.680000 | 0.660000 |   0.540408 |      238 |      202 |       36 |   5.969655 |      6 | 0.953921 | 1.166797
 706 | 211500.0 | 211800.0 | 0.009238 | 0.018501 |   5.969655 |      6 | 0.953921 | 0.600000 | 0.703333 | 0.606667 | 0.666667 |  -1.621547 |      240 |      211 |       29 |   5.968701 |      6 | 0.938942 | 1.546102
 707 | 211800.0 | 212100.0 | 0.009230 | 0.018497 |   5.968701 |      6 | 0.938942 | 0.600000 | 0.706667 | 0.673333 | 0.650000 |   0.630727 |      242 |      212 |       30 |   5.967716 |      6 | 0.944763 | 1.398693
 708 | 212100.0 | 212400.0 | 0.009222 | 0.018494 |   5.967716 |      6 | 0.944763 | 0.600000 | 0.723333 | 0.693333 | 0.660000 |   0.901216 |      244 |      217 |       27 |   5.966579 |      6 | 0.953074 | 1.188251
 709 | 212400.0 | 212700.0 | 0.009214 | 0.018490 |   5.966579 |      6 | 0.953074 | 0.600000 | 0.666667 | 0.600000 | 0.690000 |  -2.433766 |      237 |      200 |       37 |   5.965965 |      6 | 0.930650 | 1.756067
 710 | 212700.0 | 213000.0 | 0.009206 | 0.018486 |   5.965965 |      6 | 0.930650 | 0.600000 | 0.696667 | 0.696667 | 0.643333 |   1.442516 |      243 |      209 |       34 |   5.965075 |      6 | 0.943929 | 1.419808
 711 | 213000.0 | 213300.0 | 0.009198 | 0.018483 |   5.965075 |      6 | 0.943929 | 0.600000 | 0.733333 | 0.696667 | 0.653333 |   1.172276 |      244 |      220 |       24 |   5.963848 |      6 | 0.954712 | 1.146779
 712 | 213300.0 | 213600.0 | 0.009190 | 0.018479 |   5.963848 |      6 | 0.954712 | 0.600000 | 0.740000 | 0.563333 | 0.720000 |  -4.239063 |      245 |      222 |       23 |   5.962562 |      6 | 0.915755 | 2.133226
 713 | 213600.0 | 213900.0 | 0.009182 | 0.018475 |   5.962562 |      6 | 0.915755 | 0.600000 | 0.703333 | 0.660000 | 0.680000 |  -0.541263 |      243 |      211 |       32 |   5.961613 |      6 | 0.910785 | 2.259072
 714 | 213900.0 | 214200.0 | 0.009174 | 0.018472 |   5.961613 |      6 | 0.910785 | 0.600000 | 0.663333 | 0.690000 | 0.660000 |   0.812055 |      239 |      199 |       40 |   5.961032 |      6 | 0.918235 | 2.070428
 715 | 214200.0 | 214500.0 | 0.009166 | 0.018468 |   5.961032 |      6 | 0.918235 | 0.600000 | 0.646667 | 0.660000 | 0.706667 |  -1.263444 |      238 |      194 |       44 |   5.960604 |      6 | 0.906654 | 2.363679
 716 | 214500.0 | 214800.0 | 0.009158 | 0.018464 |   5.960604 |      6 | 0.906654 | 0.600000 | 0.670000 | 0.683333 | 0.630000 |   1.444219 |      239 |      201 |       38 |   5.959963 |      6 | 0.919881 | 2.028757
 717 | 214800.0 | 215100.0 | 0.009150 | 0.018461 |   5.959963 |      6 | 0.919881 | 0.600000 | 0.676667 | 0.706667 | 0.696667 |   0.270844 |      241 |      203 |       38 |   5.959262 |      6 | 0.922359 | 1.966001
 718 | 215100.0 | 215400.0 | 0.009143 | 0.018457 |   5.959262 |      6 | 0.922359 | 0.600000 | 0.670000 | 0.706667 | 0.686667 |   0.541794 |      239 |      201 |       38 |   5.958622 |      6 | 0.927313 | 1.840572
 719 | 215400.0 | 215700.0 | 0.009135 | 0.018454 |   5.958622 |      6 | 0.927313 | 0.600000 | 0.653333 | 0.710000 | 0.693333 |   0.451583 |      239 |      196 |       43 |   5.958134 |      6 | 0.931438 | 1.736116
 720 | 215700.0 | 216000.0 | 0.009127 | 0.018450 |   5.958134 |      6 | 0.931438 | 0.600000 | 0.656667 | 0.700000 | 0.663333 |   0.993677 |      238 |      197 |       41 |   5.957617 |      6 | 0.940507 | 1.506465
 721 | 216000.0 | 216300.0 | 0.009119 | 0.018446 |   5.957617 |      6 | 0.940507 | 0.600000 | 0.690000 | 0.690000 | 0.713333 |  -0.632463 |      242 |      207 |       35 |   5.956797 |      6 | 0.934739 | 1.652510
 722 | 216300.0 | 216600.0 | 0.009111 | 0.018443 |   5.956797 |      6 | 0.934739 | 0.600000 | 0.756667 | 0.680000 | 0.666667 |   0.361478 |      248 |      227 |       21 |   5.955369 |      6 | 0.938033 | 1.569110
 723 | 216600.0 | 216900.0 | 0.009104 | 0.018439 |   5.955369 |      6 | 0.938033 | 0.600000 | 0.700000 | 0.646667 | 0.700000 |  -1.446191 |      241 |      210 |       31 |   5.954459 |      6 | 0.924867 | 1.902490
 724 | 216900.0 | 217200.0 | 0.009096 | 0.018436 |   5.954459 |      6 | 0.924867 | 0.600000 | 0.663333 | 0.710000 | 0.660000 |   1.356067 |      239 |      199 |       40 |   5.953883 |      6 | 0.937202 | 1.590152
 725 | 217200.0 | 217500.0 | 0.009088 | 0.018432 |   5.953883 |      6 | 0.937202 | 0.600000 | 0.683333 | 0.653333 | 0.700000 |  -1.265908 |      240 |      205 |       35 |   5.953125 |      6 | 0.925697 | 1.881477
 726 | 217500.0 | 217800.0 | 0.009081 | 0.018429 |   5.953125 |      6 | 0.925697 | 0.600000 | 0.693333 | 0.676667 | 0.643333 |   0.904395 |      242 |      208 |       34 |   5.952278 |      6 | 0.933910 | 1.673524
 727 | 217800.0 | 218100.0 | 0.009073 | 0.018425 |   5.952278 |      6 | 0.933910 | 0.600000 | 0.716667 | 0.686667 | 0.676667 |   0.271371 |      244 |      215 |       29 |   5.951219 |      6 | 0.936372 | 1.611178
 728 | 218100.0 | 218400.0 | 0.009065 | 0.018421 |   5.951219 |      6 | 0.936372 | 0.600000 | 0.710000 | 0.703333 | 0.653333 |   1.357116 |      243 |      213 |       30 |   5.950222 |      6 | 0.948674 | 1.299656
 729 | 218400.0 | 218700.0 | 0.009058 | 0.018418 |   5.950222 |      6 | 0.948674 | 0.600000 | 0.656667 | 0.656667 | 0.643333 |   0.361967 |      238 |      197 |       41 |   5.949709 |      6 | 0.951953 | 1.216638
 730 | 218700.0 | 219000.0 | 0.009050 | 0.018414 |   5.949709 |      6 | 0.951953 | 0.600000 | 0.690000 | 0.616667 | 0.683333 |  -1.810185 |      238 |      207 |       31 |   5.948894 |      6 | 0.935571 | 1.631460
 731 | 219000.0 | 219300.0 | 0.009042 | 0.018411 |   5.948894 |      6 | 0.935571 | 0.600000 | 0.673333 | 0.666667 | 0.676667 |  -0.271580 |      240 |      202 |       38 |   5.948231 |      6 | 0.933115 | 1.693642
 732 | 219300.0 | 219600.0 | 0.009035 | 0.018407 |   5.948231 |      6 | 0.933115 | 0.600000 | 0.676667 | 0.690000 | 0.673333 |   0.452720 |      241 |      203 |       38 |   5.947539 |      6 | 0.937205 | 1.590072
 733 | 219600.0 | 219900.0 | 0.009027 | 0.018404 |   5.947539 |      6 | 0.937205 | 0.600000 | 0.716667 | 0.710000 | 0.633333 |   2.082912 |      243 |      215 |       28 |   5.946485 |      6 | 0.956008 | 1.113956
 734 | 219900.0 | 220200.0 | 0.009020 | 0.018400 |   5.946485 |      6 | 0.956008 | 0.600000 | 0.686667 | 0.586667 | 0.683333 |  -2.626783 |      238 |      206 |       32 |   5.945704 |      6 | 0.932316 | 1.713887
 735 | 220200.0 | 220500.0 | 0.009012 | 0.018397 |   5.945704 |      6 | 0.932316 | 0.600000 | 0.706667 | 0.683333 | 0.643333 |   1.087152 |      242 |      212 |       30 |   5.944742 |      6 | 0.942113 | 1.465800
 736 | 220500.0 | 220800.0 | 0.009004 | 0.018393 |   5.944742 |      6 | 0.942113 | 0.600000 | 0.673333 | 0.683333 | 0.673333 |   0.271840 |      238 |      202 |       36 |   5.944082 |      6 | 0.944561 | 1.403819
 737 | 220800.0 | 221100.0 | 0.008997 | 0.018390 |   5.944082 |      6 | 0.944561 | 0.600000 | 0.716667 | 0.673333 | 0.670000 |   0.090631 |      244 |      215 |       29 |   5.943032 |      6 | 0.945376 | 1.383172
 738 | 221100.0 | 221400.0 | 0.008989 | 0.018386 |   5.943032 |      6 | 0.945376 | 0.600000 | 0.666667 | 0.660000 | 0.656667 |   0.090648 |      238 |      200 |       38 |   5.942433 |      6 | 0.946191 | 1.362538
 739 | 221400.0 | 221700.0 | 0.008982 | 0.018383 |   5.942433 |      6 | 0.946191 | 0.600000 | 0.683333 | 0.670000 | 0.676667 |  -0.181330 |      240 |      205 |       35 |   5.941685 |      6 | 0.944562 | 1.403779
 740 | 221700.0 | 222000.0 | 0.008974 | 0.018379 |   5.941685 |      6 | 0.944562 | 0.600000 | 0.670000 | 0.700000 | 0.683333 |   0.453412 |      238 |      201 |       37 |   5.941056 |      6 | 0.948631 | 1.300742
 741 | 222000.0 | 222300.0 | 0.008967 | 0.018376 |   5.941056 |      6 | 0.948631 | 0.600000 | 0.663333 | 0.666667 | 0.680000 |  -0.362798 |      238 |      199 |       39 |   5.940489 |      6 | 0.945378 | 1.383119
 742 | 222300.0 | 222600.0 | 0.008959 | 0.018372 |   5.940489 |      6 | 0.945378 | 0.600000 | 0.736667 | 0.716667 | 0.636667 |   2.177202 |      245 |      221 |       24 |   5.939264 |      6 | 0.964885 | 0.889179
 743 | 222600.0 | 222900.0 | 0.008952 | 0.018369 |   5.939264 |      6 | 0.964885 | 0.600000 | 0.670000 | 0.376667 | 0.693333 |  -8.619723 |      232 |      201 |       31 |   5.938637 |      6 | 0.887721 | 2.843101
 744 | 222900.0 | 223200.0 | 0.008945 | 0.018365 |   5.938637 |      6 | 0.887721 | 0.600000 | 0.610000 | 0.700000 | 0.600000 |   2.722533 |      235 |      183 |       52 |   5.938548 |      6 | 0.912073 | 2.226469
 745 | 223200.0 | 223500.0 | 0.008937 | 0.018362 |   5.938548 |      6 | 0.912073 | 0.600000 | 0.656667 | 0.680000 | 0.660000 |   0.544609 |      238 |      197 |       41 |   5.938042 |      6 | 0.916940 | 2.103221
 746 | 223500.0 | 223800.0 | 0.008930 | 0.018358 |   5.938042 |      6 | 0.916940 | 0.600000 | 0.693333 | 0.686667 | 0.603333 |   2.269633 |      243 |      208 |       35 |   5.937208 |      6 | 0.937207 | 1.590017
 747 | 223800.0 | 224100.0 | 0.008922 | 0.018355 |   5.937208 |      6 | 0.937207 | 0.600000 | 0.700000 | 0.686667 | 0.680000 |   0.181605 |      240 |      210 |       31 |   5.936316 |      6 | 0.938828 | 1.548987
 748 | 224100.0 | 224400.0 | 0.008915 | 0.018351 |   5.936316 |      6 | 0.938828 | 0.600000 | 0.710000 | 0.666667 | 0.666667 |   0.000000 |      244 |      213 |       30 |   5.935335 |      6 | 0.938828 | 1.548987
 749 | 224400.0 | 224700.0 | 0.008908 | 0.018348 |   5.935335 |      6 | 0.938828 | 0.600000 | 0.676667 | 0.676667 | 0.656667 |   0.545019 |      239 |      203 |       36 |   5.934652 |      6 | 0.943683 | 1.426054
 750 | 224700.0 | 225000.0 | 0.008900 | 0.018345 |   5.934652 |      6 | 0.943683 | 0.600000 | 0.700000 | 0.673333 | 0.670000 |   0.090854 |      243 |      210 |       33 |   5.933762 |      6 | 0.944491 | 1.405578
 751 | 225000.0 | 225300.0 | 0.008893 | 0.018341 |   5.933762 |      6 | 0.944491 | 0.600000 | 0.686667 | 0.690000 | 0.663333 |   0.726965 |      239 |      206 |       33 |   5.932992 |      6 | 0.950956 | 1.241875
 752 | 225300.0 | 225600.0 | 0.008886 | 0.018338 |   5.932992 |      6 | 0.950956 | 0.600000 | 0.630000 | 0.616667 | 0.683333 |  -1.817753 |      234 |      189 |       45 |   5.932725 |      6 | 0.934804 | 1.650873
 753 | 225600.0 | 225900.0 | 0.008878 | 0.018334 |   5.932725 |      6 | 0.934804 | 0.600000 | 0.696667 | 0.683333 | 0.676667 |   0.181809 |      242 |      209 |       33 |   5.931867 |      6 | 0.936418 | 1.609999
 754 | 225900.0 | 226200.0 | 0.008871 | 0.018331 |   5.931867 |      6 | 0.936418 | 0.600000 | 0.680000 | 0.686667 | 0.620000 |   1.818432 |      240 |      204 |       36 |   5.931157 |      6 | 0.952550 | 1.201520
 755 | 226200.0 | 226500.0 | 0.008864 | 0.018327 |   5.931157 |      6 | 0.952550 | 0.600000 | 0.693333 | 0.620000 | 0.670000 |  -1.364079 |      240 |      208 |       32 |   5.930330 |      6 | 0.940459 | 1.507685
 756 | 226500.0 | 226800.0 | 0.008857 | 0.018324 |   5.930330 |      6 | 0.940459 | 0.600000 | 0.676667 | 0.710000 | 0.676667 |   0.909555 |      240 |      203 |       37 |   5.929651 |      6 | 0.948514 | 1.303704
 757 | 226800.0 | 227100.0 | 0.008849 | 0.018321 |   5.929651 |      6 | 0.948514 | 0.600000 | 0.716667 | 0.630000 | 0.673333 |  -1.182642 |      242 |      215 |       27 |   5.928618 |      6 | 0.938049 | 1.568712
 758 | 227100.0 | 227400.0 | 0.008842 | 0.018317 |   5.928618 |      6 | 0.938049 | 0.600000 | 0.743333 | 0.686667 | 0.643333 |   1.182861 |      247 |      223 |       24 |   5.927351 |      6 | 0.948508 | 1.303871
 759 | 227400.0 | 227700.0 | 0.008835 | 0.018314 |   5.927351 |      6 | 0.948508 | 0.600000 | 0.686667 | 0.663333 | 0.683333 |  -0.546037 |      239 |      206 |       33 |   5.926585 |      6 | 0.943684 | 1.426028
 760 | 227700.0 | 228000.0 | 0.008828 | 0.018310 |   5.926585 |      6 | 0.943684 | 0.600000 | 0.716667 | 0.690000 | 0.696667 |  -0.182046 |      243 |      215 |       28 |   5.925555 |      6 | 0.942077 | 1.466722
 761 | 228000.0 | 228300.0 | 0.008821 | 0.018307 |   5.925555 |      6 | 0.942077 | 0.600000 | 0.750000 | 0.673333 | 0.640000 |   0.910399 |      248 |      225 |       23 |   5.924232 |      6 | 0.950107 | 1.263382
 762 | 228300.0 | 228600.0 | 0.008813 | 0.018304 |   5.924232 |      6 | 0.950107 | 0.600000 | 0.683333 | 0.613333 | 0.706667 |  -2.549589 |      238 |      205 |       33 |   5.923498 |      6 | 0.927636 | 1.832377
 763 | 228600.0 | 228900.0 | 0.008806 | 0.018300 |   5.923498 |      6 | 0.927636 | 0.600000 | 0.673333 | 0.660000 | 0.650000 |   0.273221 |      241 |      202 |       39 |   5.922852 |      6 | 0.930042 | 1.771451
 764 | 228900.0 | 229200.0 | 0.008799 | 0.018297 |   5.922852 |      6 | 0.930042 | 0.600000 | 0.696667 | 0.726667 | 0.643333 |   2.277259 |      242 |      209 |       33 |   5.922001 |      6 | 0.950080 | 1.264056
 765 | 229200.0 | 229500.0 | 0.008792 | 0.018293 |   5.922001 |      6 | 0.950080 | 0.600000 | 0.700000 | 0.636667 | 0.736667 |  -2.733214 |      241 |      210 |       31 |   5.921122 |      6 | 0.926050 | 1.872549
 766 | 229500.0 | 229800.0 | 0.008785 | 0.018290 |   5.921122 |      6 | 0.926050 | 0.600000 | 0.690000 | 0.676667 | 0.680000 |  -0.091124 |      241 |      207 |       34 |   5.920332 |      6 | 0.925249 | 1.892820
 767 | 229800.0 | 230100.0 | 0.008778 | 0.018287 |   5.920332 |      6 | 0.925249 | 0.600000 | 0.706667 | 0.703333 | 0.676667 |   0.729125 |      242 |      212 |       30 |   5.919395 |      6 | 0.931649 | 1.730758
 768 | 230100.0 | 230400.0 | 0.008771 | 0.018283 |   5.919395 |      6 | 0.931649 | 0.600000 | 0.660000 | 0.693333 | 0.683333 |   0.273472 |      240 |      198 |       42 |   5.918869 |      6 | 0.934048 | 1.670022
 769 | 230400.0 | 230700.0 | 0.008764 | 0.018280 |   5.918869 |      6 | 0.934048 | 0.600000 | 0.713333 | 0.680000 | 0.683333 |  -0.091174 |      243 |      214 |       29 |   5.917876 |      6 | 0.933249 | 1.690255
 770 | 230700.0 | 231000.0 | 0.008757 | 0.018277 |   5.917876 |      6 | 0.933249 | 0.600000 | 0.716667 | 0.733333 | 0.683333 |   1.367861 |      243 |      215 |       28 |   5.916854 |      6 | 0.945227 | 1.386955
 771 | 231000.0 | 231300.0 | 0.008750 | 0.018273 |   5.916854 |      6 | 0.945227 | 0.600000 | 0.693333 | 0.663333 | 0.673333 |  -0.273622 |      241 |      208 |       33 |   5.916038 |      6 | 0.942833 | 1.447577
 772 | 231300.0 | 231600.0 | 0.008743 | 0.018270 |   5.916038 |      6 | 0.942833 | 0.600000 | 0.710000 | 0.703333 | 0.663333 |   1.094689 |      243 |      213 |       30 |   5.915076 |      6 | 0.952403 | 1.205239
 773 | 231600.0 | 231900.0 | 0.008736 | 0.018267 |   5.915076 |      6 | 0.952403 | 0.600000 | 0.673333 | 0.600000 | 0.720000 |  -3.284666 |      238 |      202 |       36 |   5.914435 |      6 | 0.923710 | 1.931804
 774 | 231900.0 | 232200.0 | 0.008729 | 0.018263 |   5.914435 |      6 | 0.923710 | 0.600000 | 0.636667 | 0.696667 | 0.663333 |   0.912573 |      236 |      191 |       45 |   5.914115 |      6 | 0.931675 | 1.730105
 775 | 232200.0 | 232500.0 | 0.008722 | 0.018260 |   5.914115 |      6 | 0.931675 | 0.600000 | 0.663333 | 0.630000 | 0.650000 |  -0.547644 |      238 |      199 |       39 |   5.913563 |      6 | 0.926899 | 1.851049
 776 | 232500.0 | 232800.0 | 0.008715 | 0.018257 |   5.913563 |      6 | 0.926899 | 0.600000 | 0.710000 | 0.726667 | 0.673333 |   1.460649 |      244 |      213 |       31 |   5.912604 |      6 | 0.939628 | 1.528730
 777 | 232800.0 | 233100.0 | 0.008708 | 0.018253 |   5.912604 |      6 | 0.939628 | 0.600000 | 0.676667 | 0.680000 | 0.680000 |   0.000000 |      240 |      203 |       37 |   5.911937 |      6 | 0.939628 | 1.528730
 778 | 233100.0 | 233400.0 | 0.008701 | 0.018250 |   5.911937 |      6 | 0.939628 | 0.600000 | 0.683333 | 0.693333 | 0.676667 |   0.456618 |      240 |      205 |       35 |   5.911212 |      6 | 0.943601 | 1.428130
 779 | 233400.0 | 233700.0 | 0.008694 | 0.018247 |   5.911212 |      6 | 0.943601 | 0.600000 | 0.680000 | 0.683333 | 0.653333 |   0.822062 |      240 |      204 |       36 |   5.910516 |      6 | 0.950747 | 1.247160
 780 | 233700.0 | 234000.0 | 0.008687 | 0.018244 |   5.910516 |      6 | 0.950747 | 0.600000 | 0.700000 | 0.670000 | 0.753333 |  -2.283918 |      240 |      210 |       30 |   5.909647 |      6 | 0.930907 | 1.749544
 781 | 234000.0 | 234300.0 | 0.008680 | 0.018240 |   5.909647 |      6 | 0.930907 | 0.600000 | 0.700000 | 0.686667 | 0.716667 |  -0.822359 |      242 |      210 |       32 |   5.908779 |      6 | 0.923769 | 1.930291
 782 | 234300.0 | 234600.0 | 0.008673 | 0.018237 |   5.908779 |      6 | 0.923769 | 0.600000 | 0.720000 | 0.713333 | 0.663333 |   1.370845 |      245 |      216 |       29 |   5.907739 |      6 | 0.935659 | 1.629231
 783 | 234600.0 | 234900.0 | 0.008666 | 0.018234 |   5.907739 |      6 | 0.935659 | 0.600000 | 0.700000 | 0.693333 | 0.640000 |   1.462499 |      243 |      210 |       33 |   5.906872 |      6 | 0.948333 | 1.308297
 784 | 234900.0 | 235200.0 | 0.008659 | 0.018230 |   5.906872 |      6 | 0.948333 | 0.600000 | 0.716667 | 0.690000 | 0.660000 |   0.822804 |      241 |      215 |       26 |   5.905862 |      6 | 0.955458 | 1.127882
 785 | 235200.0 | 235500.0 | 0.008652 | 0.018227 |   5.905862 |      6 | 0.955458 | 0.600000 | 0.670000 | 0.576667 | 0.670000 |  -2.560293 |      236 |      201 |       35 |   5.905256 |      6 | 0.933305 | 1.688830
 786 | 235500.0 | 235800.0 | 0.008646 | 0.018224 |   5.905256 |      6 | 0.933305 | 0.600000 | 0.663333 | 0.670000 | 0.680000 |  -0.274366 |      239 |      199 |       40 |   5.904709 |      6 | 0.930933 | 1.748895
 787 | 235800.0 | 236100.0 | 0.008639 | 0.018221 |   5.904709 |      6 | 0.930933 | 0.600000 | 0.703333 | 0.686667 | 0.660000 |   0.731775 |      243 |      211 |       32 |   5.903816 |      6 | 0.937255 | 1.588819
 788 | 236100.0 | 236400.0 | 0.008632 | 0.018217 |   5.903816 |      6 | 0.937255 | 0.600000 | 0.743333 | 0.663333 | 0.703333 |  -1.097859 |      246 |      223 |       23 |   5.902579 |      6 | 0.927778 | 1.828786
 789 | 236400.0 | 236700.0 | 0.008625 | 0.018214 |   5.902579 |      6 | 0.927778 | 0.600000 | 0.706667 | 0.653333 | 0.650000 |   0.091505 |      242 |      212 |       31 |   5.901659 |      6 | 0.928567 | 1.808801
 790 | 236700.0 | 237000.0 | 0.008618 | 0.018211 |   5.901659 |      6 | 0.928567 | 0.600000 | 0.686667 | 0.696667 | 0.713333 |  -0.457605 |      242 |      206 |       35 |   5.900912 |      6 | 0.924623 | 1.908665
 791 | 237000.0 | 237300.0 | 0.008612 | 0.018208 |   5.900912 |      6 | 0.924623 | 0.600000 | 0.636667 | 0.676667 | 0.700000 |  -0.640761 |      237 |      191 |       46 |   5.900596 |      6 | 0.919105 | 2.048391
 792 | 237300.0 | 237600.0 | 0.008605 | 0.018204 |   5.900596 |      6 | 0.919105 | 0.600000 | 0.630000 | 0.670000 | 0.686667 |  -0.457768 |      235 |      189 |       46 |   5.900338 |      6 | 0.915166 | 2.148134
 793 | 237600.0 | 237900.0 | 0.008598 | 0.018201 |   5.900338 |      6 | 0.915166 | 0.600000 | 0.663333 | 0.666667 | 0.700000 |  -0.915699 |      239 |      199 |       40 |   5.899793 |      6 | 0.907293 | 2.347499
 794 | 237900.0 | 238200.0 | 0.008591 | 0.018198 |   5.899793 |      6 | 0.907293 | 0.600000 | 0.650000 | 0.680000 | 0.653333 |   0.732690 |      238 |      195 |       43 |   5.899364 |      6 | 0.913588 | 2.188103
 795 | 238200.0 | 238500.0 | 0.008585 | 0.018195 |   5.899364 |      6 | 0.913588 | 0.600000 | 0.680000 | 0.680000 | 0.626667 |   1.465640 |      241 |      204 |       37 |   5.898677 |      6 | 0.926170 | 1.869504
 796 | 238500.0 | 238800.0 | 0.008578 | 0.018191 |   5.898677 |      6 | 0.926170 | 0.600000 | 0.690000 | 0.690000 | 0.716667 |  -0.732950 |      242 |      207 |       35 |   5.897905 |      6 | 0.919883 | 2.028708
 797 | 238800.0 | 239100.0 | 0.008571 | 0.018188 |   5.897905 |      6 | 0.919883 | 0.600000 | 0.706667 | 0.690000 | 0.630000 |   1.649430 |      243 |      212 |       31 |   5.896991 |      6 | 0.934020 | 1.670717
 798 | 239100.0 | 239400.0 | 0.008565 | 0.018185 |   5.896991 |      6 | 0.934020 | 0.600000 | 0.656667 | 0.643333 | 0.713333 |  -1.924675 |      237 |      197 |       40 |   5.896505 |      6 | 0.917536 | 2.088121
 799 | 239400.0 | 239700.0 | 0.008558 | 0.018182 |   5.896505 |      6 | 0.917536 | 0.600000 | 0.630000 | 0.670000 | 0.656667 |   0.366670 |      237 |      189 |       48 |   5.896249 |      6 | 0.920674 | 2.008663
 800 | 239700.0 | 240000.0 | 0.008551 | 0.018178 |   5.896249 |      6 | 0.920674 | 0.600000 | 0.676667 | 0.703333 | 0.666667 |   1.008519 |      240 |      203 |       37 |   5.895593 |      6 | 0.929298 | 1.790286
 801 | 240000.0 | 240300.0 | 0.008545 | 0.018175 |   5.895593 |      6 | 0.929298 | 0.600000 | 0.616667 | 0.703333 | 0.616667 |   2.384194 |      235 |      185 |       50 |   5.895451 |      6 | 0.949670 | 1.274431
 802 | 240300.0 | 240600.0 | 0.008538 | 0.018172 |   5.895451 |      6 | 0.949670 | 0.600000 | 0.743333 | 0.640000 | 0.693333 |  -1.467455 |      246 |      223 |       23 |   5.894227 |      6 | 0.937141 | 1.591690
 803 | 240600.0 | 240900.0 | 0.008531 | 0.018169 |   5.894227 |      6 | 0.937141 | 0.600000 | 0.726667 | 0.673333 | 0.690000 |  -0.458660 |      243 |      218 |       25 |   5.893146 |      6 | 0.933228 | 1.690774
 804 | 240900.0 | 241200.0 | 0.008525 | 0.018166 |   5.893146 |      6 | 0.933228 | 0.600000 | 0.713333 | 0.723333 | 0.656667 |   1.834963 |      245 |      214 |       31 |   5.892180 |      6 | 0.948871 | 1.294676
 805 | 241200.0 | 241500.0 | 0.008518 | 0.018162 |   5.892180 |      6 | 0.948871 | 0.600000 | 0.650000 | 0.683333 | 0.693333 |  -0.275293 |      236 |      195 |       41 |   5.891754 |      6 | 0.946526 | 1.354055
 806 | 241500.0 | 241800.0 | 0.008512 | 0.018159 |   5.891754 |      6 | 0.946526 | 0.600000 | 0.630000 | 0.646667 | 0.646667 |   0.000000 |      234 |      189 |       45 |   5.891499 |      6 | 0.946526 | 1.354055
 807 | 241800.0 | 242100.0 | 0.008505 | 0.018156 |   5.891499 |      6 | 0.946526 | 0.600000 | 0.686667 | 0.683333 | 0.673333 |   0.275389 |      239 |      206 |       33 |   5.890762 |      6 | 0.948868 | 1.294747
 808 | 242100.0 | 242400.0 | 0.008498 | 0.018153 |   5.890762 |      6 | 0.948868 | 0.600000 | 0.703333 | 0.680000 | 0.676667 |   0.091813 |      241 |      211 |       30 |   5.889883 |      6 | 0.949648 | 1.274989
 809 | 242400.0 | 242700.0 | 0.008492 | 0.018150 |   5.889883 |      6 | 0.949648 | 0.600000 | 0.713333 | 0.630000 | 0.656667 |  -0.734628 |      243 |      214 |       29 |   5.888921 |      6 | 0.943410 | 1.432956
 810 | 242700.0 | 243000.0 | 0.008485 | 0.018147 |   5.888921 |      6 | 0.943410 | 0.600000 | 0.710000 | 0.666667 | 0.686667 |  -0.551067 |      242 |      213 |       29 |   5.887988 |      6 | 0.938734 | 1.551361
 811 | 243000.0 | 243300.0 | 0.008479 | 0.018143 |   5.887988 |      6 | 0.938734 | 0.600000 | 0.736667 | 0.690000 | 0.666667 |   0.643024 |      245 |      221 |       24 |   5.886829 |      6 | 0.944186 | 1.413304
 812 | 243300.0 | 243600.0 | 0.008472 | 0.018140 |   5.886829 |      6 | 0.944186 | 0.600000 | 0.703333 | 0.656667 | 0.670000 |  -0.367506 |      242 |      211 |       31 |   5.885953 |      6 | 0.941072 | 1.492147
 813 | 243600.0 | 243900.0 | 0.008466 | 0.018137 |   5.885953 |      6 | 0.941072 | 0.600000 | 0.690000 | 0.653333 | 0.643333 |   0.275678 |      240 |      207 |       33 |   5.885191 |      6 | 0.943406 | 1.433050
 814 | 243900.0 | 244200.0 | 0.008459 | 0.018134 |   5.885191 |      6 | 0.943406 | 0.600000 | 0.703333 | 0.653333 | 0.653333 |   0.000000 |      243 |      211 |       32 |   5.884317 |      6 | 0.943406 | 1.433050
 815 | 244200.0 | 244500.0 | 0.008453 | 0.018131 |   5.884317 |      6 | 0.943406 | 0.600000 | 0.700000 | 0.710000 | 0.680000 |   0.827320 |      242 |      210 |       32 |   5.883472 |      6 | 0.950400 | 1.255969
 816 | 244500.0 | 244800.0 | 0.008446 | 0.018128 |   5.883472 |      6 | 0.950400 | 0.600000 | 0.713333 | 0.683333 | 0.690000 |  -0.183881 |      242 |      214 |       28 |   5.882515 |      6 | 0.948846 | 1.295297
 817 | 244800.0 | 245100.0 | 0.008440 | 0.018125 |   5.882515 |      6 | 0.948846 | 0.600000 | 0.710000 | 0.673333 | 0.710000 |  -1.011520 |      242 |      213 |       29 |   5.881586 |      6 | 0.940309 | 1.511473
 818 | 245100.0 | 245400.0 | 0.008434 | 0.018121 |   5.881586 |      6 | 0.940309 | 0.600000 | 0.643333 | 0.713333 | 0.666667 |   1.287611 |      236 |      193 |       43 |   5.881221 |      6 | 0.951168 | 1.236502
 819 | 245400.0 | 245700.0 | 0.008427 | 0.018118 |   5.881221 |      6 | 0.951168 | 0.600000 | 0.713333 | 0.640000 | 0.690000 |  -1.379822 |      242 |      214 |       29 |   5.880266 |      6 | 0.939540 | 1.530941
 820 | 245700.0 | 246000.0 | 0.008421 | 0.018115 |   5.880266 |      6 | 0.939540 | 0.600000 | 0.686667 | 0.610000 | 0.690000 |  -2.208096 |      241 |      206 |       34 |   5.879536 |      6 | 0.920947 | 2.001766
 821 | 246000.0 | 246300.0 | 0.008414 | 0.018112 |   5.879536 |      6 | 0.920947 | 0.600000 | 0.713333 | 0.653333 | 0.656667 |  -0.092020 |      244 |      214 |       30 |   5.878582 |      6 | 0.920172 | 2.021372
 822 | 246300.0 | 246600.0 | 0.008408 | 0.018109 |   5.878582 |      6 | 0.920172 | 0.600000 | 0.700000 | 0.693333 | 0.650000 |   1.196464 |      243 |      210 |       33 |   5.877742 |      6 | 0.930232 | 1.766641
 823 | 246600.0 | 246900.0 | 0.008402 | 0.018106 |   5.877742 |      6 | 0.930232 | 0.600000 | 0.663333 | 0.640000 | 0.653333 |  -0.368206 |      239 |      199 |       40 |   5.877210 |      6 | 0.927139 | 1.844974
 824 | 246900.0 | 247200.0 | 0.008395 | 0.018103 |   5.877210 |      6 | 0.927139 | 0.600000 | 0.693333 | 0.673333 | 0.626667 |   1.288942 |      242 |      208 |       34 |   5.876426 |      6 | 0.937960 | 1.570970
 825 | 247200.0 | 247500.0 | 0.008389 | 0.018100 |   5.876426 |      6 | 0.937960 | 0.600000 | 0.670000 | 0.646667 | 0.660000 |  -0.368332 |      238 |      201 |       37 |   5.875839 |      6 | 0.934870 | 1.649211
 826 | 247500.0 | 247800.0 | 0.008382 | 0.018096 |   5.875839 |      6 | 0.934870 | 0.600000 | 0.650000 | 0.680000 | 0.680000 |   0.000000 |      239 |      195 |       44 |   5.875420 |      6 | 0.934870 | 1.649211
 827 | 247800.0 | 248100.0 | 0.008376 | 0.018093 |   5.875420 |      6 | 0.934870 | 0.600000 | 0.660000 | 0.650000 | 0.680000 |  -0.829032 |      237 |      198 |       39 |   5.874917 |      6 | 0.927926 | 1.825047
 828 | 248100.0 | 248400.0 | 0.008370 | 0.018090 |   5.874917 |      6 | 0.927926 | 0.600000 | 0.690000 | 0.663333 | 0.673333 |  -0.276391 |      242 |      207 |       35 |   5.874164 |      6 | 0.925612 | 1.883625
 829 | 248400.0 | 248700.0 | 0.008364 | 0.018087 |   5.874164 |      6 | 0.925612 | 0.600000 | 0.710000 | 0.713333 | 0.683333 |   0.829315 |      244 |      213 |       31 |   5.873244 |      6 | 0.932548 | 1.707994
 830 | 248700.0 | 249000.0 | 0.008357 | 0.018084 |   5.873244 |      6 | 0.932548 | 0.600000 | 0.703333 | 0.656667 | 0.643333 |   0.368647 |      242 |      211 |       31 |   5.872380 |      6 | 0.935629 | 1.629981
 831 | 249000.0 | 249300.0 | 0.008351 | 0.018081 |   5.872380 |      6 | 0.935629 | 0.600000 | 0.690000 | 0.710000 | 0.676667 |   0.921775 |      241 |      207 |       34 |   5.871629 |      6 | 0.943327 | 1.435063
 832 | 249300.0 | 249600.0 | 0.008345 | 0.018078 |   5.871629 |      6 | 0.943327 | 0.600000 | 0.716667 | 0.653333 | 0.706667 |  -1.475092 |      244 |      215 |       29 |   5.870655 |      6 | 0.931018 | 1.746751
 833 | 249600.0 | 249900.0 | 0.008338 | 0.018075 |   5.870655 |      6 | 0.931018 | 0.600000 | 0.700000 | 0.626667 | 0.730000 |  -2.858476 |      243 |      210 |       33 |   5.869821 |      6 | 0.907183 | 2.350298
 834 | 249900.0 | 250200.0 | 0.008332 | 0.018072 |   5.869821 |      6 | 0.907183 | 0.600000 | 0.660000 | 0.643333 | 0.606667 |   1.014470 |      238 |      198 |       40 |   5.869321 |      6 | 0.915635 | 2.136260
 835 | 250200.0 | 250500.0 | 0.008326 | 0.018069 |   5.869321 |      6 | 0.915635 | 0.600000 | 0.690000 | 0.686667 | 0.630000 |   1.568083 |      242 |      207 |       35 |   5.868572 |      6 | 0.928691 | 1.805667
 836 | 250500.0 | 250800.0 | 0.008320 | 0.018066 |   5.868572 |      6 | 0.928691 | 0.600000 | 0.696667 | 0.706667 | 0.633333 |   2.029628 |      242 |      209 |       33 |   5.867768 |      6 | 0.945577 | 1.378088
 837 | 250800.0 | 251100.0 | 0.008313 | 0.018063 |   5.867768 |      6 | 0.945577 | 0.600000 | 0.710000 | 0.700000 | 0.670000 |   0.830443 |      242 |      213 |       29 |   5.866853 |      6 | 0.952481 | 1.203270
 838 | 251100.0 | 251400.0 | 0.008307 | 0.018060 |   5.866853 |      6 | 0.952481 | 0.600000 | 0.706667 | 0.613333 | 0.706667 |  -2.584037 |      241 |      212 |       29 |   5.865967 |      6 | 0.931014 | 1.746833
 839 | 251400.0 | 251700.0 | 0.008301 | 0.018057 |   5.865967 |      6 | 0.931014 | 0.600000 | 0.700000 | 0.676667 | 0.656667 |   0.553816 |      242 |      210 |       32 |   5.865137 |      6 | 0.935612 | 1.630422
 840 | 251700.0 | 252000.0 | 0.008295 | 0.018054 |   5.865137 |      6 | 0.935612 | 0.600000 | 0.666667 | 0.660000 | 0.630000 |   0.830864 |      240 |      200 |       40 |   5.864584 |      6 | 0.942504 | 1.455907
 841 | 252000.0 | 252300.0 | 0.008289 | 0.018050 |   5.864584 |      6 | 0.942504 | 0.600000 | 0.673333 | 0.690000 | 0.683333 |   0.184667 |      238 |      202 |       36 |   5.863976 |      6 | 0.944034 | 1.417148
 842 | 252300.0 | 252600.0 | 0.008283 | 0.018047 |   5.863976 |      6 | 0.944034 | 0.600000 | 0.673333 | 0.686667 | 0.713333 |  -0.738794 |      239 |      202 |       37 |   5.863369 |      6 | 0.937915 | 1.572094
 843 | 252600.0 | 252900.0 | 0.008276 | 0.018044 |   5.863369 |      6 | 0.937915 | 0.600000 | 0.713333 | 0.690000 | 0.676667 |   0.369459 |      244 |      214 |       30 |   5.862431 |      6 | 0.940973 | 1.494666
 844 | 252900.0 | 253200.0 | 0.008270 | 0.018041 |   5.862431 |      6 | 0.940973 | 0.600000 | 0.676667 | 0.683333 | 0.650000 |   0.923803 |      239 |      203 |       36 |   5.861797 |      6 | 0.948613 | 1.301205
 845 | 253200.0 | 253500.0 | 0.008264 | 0.018038 |   5.861797 |      6 | 0.948613 | 0.600000 | 0.716667 | 0.646667 | 0.656667 |  -0.277187 |      243 |      215 |       28 |   5.860833 |      6 | 0.946322 | 1.359210
 846 | 253500.0 | 253800.0 | 0.008258 | 0.018035 |   5.860833 |      6 | 0.946322 | 0.600000 | 0.686667 | 0.696667 | 0.693333 |   0.092411 |      240 |      206 |       34 |   5.860117 |      6 | 0.947085 | 1.339886
 847 | 253800.0 | 254100.0 | 0.008252 | 0.018032 |   5.860117 |      6 | 0.947085 | 0.600000 | 0.663333 | 0.673333 | 0.673333 |   0.000000 |      237 |      199 |       38 |   5.859594 |      6 | 0.947085 | 1.339886
 848 | 254100.0 | 254400.0 | 0.008246 | 0.018029 |   5.859594 |      6 | 0.947085 | 0.600000 | 0.680000 | 0.686667 | 0.656667 |   0.831980 |      239 |      204 |       36 |   5.858935 |      6 | 0.953946 | 1.166170
 849 | 254400.0 | 254700.0 | 0.008240 | 0.018026 |   5.858935 |      6 | 0.953946 | 0.600000 | 0.683333 | 0.586667 | 0.683333 |  -2.681271 |      240 |      205 |       34 |   5.858248 |      6 | 0.931853 | 1.725603
 850 | 254700.0 | 255000.0 | 0.008234 | 0.018023 |   5.858248 |      6 | 0.931853 | 0.600000 | 0.653333 | 0.630000 | 0.620000 |   0.277419 |      238 |      196 |       42 |   5.857809 |      6 | 0.934137 | 1.667763
 851 | 255000.0 | 255300.0 | 0.008228 | 0.018020 |   5.857809 |      6 | 0.934137 | 0.600000 | 0.703333 | 0.650000 | 0.683333 |  -0.924884 |      242 |      211 |       31 |   5.856959 |      6 | 0.926527 | 1.860451
 852 | 255300.0 | 255600.0 | 0.008222 | 0.018017 |   5.856959 |      6 | 0.926527 | 0.600000 | 0.680000 | 0.700000 | 0.630000 |   1.942580 |      240 |      204 |       36 |   5.856301 |      6 | 0.942498 | 1.456037
 853 | 255600.0 | 255900.0 | 0.008216 | 0.018014 |   5.856301 |      6 | 0.942498 | 0.600000 | 0.680000 | 0.716667 | 0.646667 |   1.942903 |      240 |      204 |       36 |   5.855644 |      6 | 0.958460 | 1.051853
 854 | 255900.0 | 256200.0 | 0.008209 | 0.018011 |   5.855644 |      6 | 0.958460 | 0.600000 | 0.716667 | 0.516667 | 0.703333 |  -5.181936 |      241 |      215 |       26 |   5.854686 |      6 | 0.915919 | 2.129065
 855 | 256200.0 | 256500.0 | 0.008203 | 0.018008 |   5.854686 |      6 | 0.915919 | 0.600000 | 0.663333 | 0.710000 | 0.650000 |   1.665899 |      239 |      199 |       40 |   5.854166 |      6 | 0.929586 | 1.783015
 856 | 256500.0 | 256800.0 | 0.008197 | 0.018005 |   5.854166 |      6 | 0.929586 | 0.600000 | 0.680000 | 0.700000 | 0.686667 |   0.370261 |      241 |      204 |       37 |   5.853511 |      6 | 0.932621 | 1.706158
 857 | 256800.0 | 257100.0 | 0.008191 | 0.018002 |   5.853511 |      6 | 0.932621 | 0.600000 | 0.680000 | 0.670000 | 0.690000 |  -0.555483 |      240 |      204 |       36 |   5.852855 |      6 | 0.928071 | 1.821378
 858 | 257100.0 | 257400.0 | 0.008185 | 0.017999 |   5.852855 |      6 | 0.928071 | 0.600000 | 0.740000 | 0.616667 | 0.693333 |  -2.129705 |      246 |      222 |       24 |   5.851709 |      6 | 0.910638 | 2.262803
 859 | 257400.0 | 257700.0 | 0.008180 | 0.017996 |   5.851709 |      6 | 0.910638 | 0.600000 | 0.636667 | 0.683333 | 0.666667 |   0.463056 |      236 |      191 |       45 |   5.851409 |      6 | 0.914425 | 2.166895
 860 | 257700.0 | 258000.0 | 0.008174 | 0.017993 |   5.851409 |      6 | 0.914425 | 0.600000 | 0.616667 | 0.703333 | 0.623333 |   2.223034 |      236 |      185 |       51 |   5.851273 |      6 | 0.932596 | 1.706798
 861 | 258000.0 | 258300.0 | 0.008168 | 0.017990 |   5.851273 |      6 | 0.932596 | 0.600000 | 0.646667 | 0.673333 | 0.636667 |   1.019059 |      237 |      194 |       43 |   5.850892 |      6 | 0.940919 | 1.496039
 862 | 258300.0 | 258600.0 | 0.008162 | 0.017987 |   5.850892 |      6 | 0.940919 | 0.600000 | 0.723333 | 0.683333 | 0.703333 |  -0.555942 |      244 |      217 |       27 |   5.849885 |      6 | 0.936381 | 1.610933
 863 | 258600.0 | 258900.0 | 0.008156 | 0.017985 |   5.849885 |      6 | 0.936381 | 0.600000 | 0.670000 | 0.686667 | 0.660000 |   0.741377 |      239 |      201 |       38 |   5.849315 |      6 | 0.942428 | 1.457827
 864 | 258900.0 | 259200.0 | 0.008150 | 0.017982 |   5.849315 |      6 | 0.942428 | 0.600000 | 0.676667 | 0.696667 | 0.666667 |   0.834187 |      240 |      203 |       37 |   5.848690 |      6 | 0.949226 | 1.285679
 865 | 259200.0 | 259500.0 | 0.008144 | 0.017979 |   5.848690 |      6 | 0.949226 | 0.600000 | 0.726667 | 0.673333 | 0.710000 |  -1.019729 |      242 |      218 |       25 |   5.847658 |      6 | 0.940922 | 1.495964
 866 | 259500.0 | 259800.0 | 0.008138 | 0.017976 |   5.847658 |      6 | 0.940922 | 0.600000 | 0.670000 | 0.706667 | 0.676667 |   0.834460 |      240 |      201 |       38 |   5.847088 |      6 | 0.947713 | 1.324009
 867 | 259800.0 | 260100.0 | 0.008132 | 0.017973 |   5.847088 |      6 | 0.947713 | 0.600000 | 0.706667 | 0.676667 | 0.680000 |  -0.092733 |      242 |      212 |       30 |   5.846221 |      6 | 0.946958 | 1.343104
 868 | 260100.0 | 260400.0 | 0.008126 | 0.017970 |   5.846221 |      6 | 0.946958 | 0.600000 | 0.700000 | 0.680000 | 0.643333 |   1.020229 |      241 |      210 |       32 |   5.845408 |      6 | 0.955249 | 1.133172
 869 | 260400.0 | 260700.0 | 0.008120 | 0.017967 |   5.845408 |      6 | 0.955249 | 0.600000 | 0.683333 | 0.606667 | 0.713333 |  -2.968425 |      238 |      205 |       32 |   5.844732 |      6 | 0.931144 | 1.743542
 870 | 260700.0 | 261000.0 | 0.008114 | 0.017964 |   5.844732 |      6 | 0.931144 | 0.600000 | 0.720000 | 0.673333 | 0.710000 |  -1.020562 |      244 |      216 |       28 |   5.843758 |      6 | 0.922863 | 1.953239
 871 | 261000.0 | 261300.0 | 0.008109 | 0.017961 |   5.843758 |      6 | 0.922863 | 0.600000 | 0.653333 | 0.660000 | 0.653333 |   0.185587 |      238 |      196 |       42 |   5.843326 |      6 | 0.924368 | 1.915133
 872 | 261300.0 | 261600.0 | 0.008103 | 0.017958 |   5.843326 |      6 | 0.924368 | 0.600000 | 0.656667 | 0.713333 | 0.676667 |   1.020895 |      238 |      197 |       41 |   5.842866 |      6 | 0.932640 | 1.705670
 873 | 261600.0 | 261900.0 | 0.008097 | 0.017955 |   5.842866 |      6 | 0.932640 | 0.600000 | 0.716667 | 0.670000 | 0.670000 |   0.000000 |      244 |      215 |       29 |   5.841922 |      6 | 0.932640 | 1.705670
 874 | 261900.0 | 262200.0 | 0.008091 | 0.017952 |   5.841922 |      6 | 0.932640 | 0.600000 | 0.633333 | 0.670000 | 0.693333 |  -0.649872 |      236 |      190 |       46 |   5.841652 |      6 | 0.927382 | 1.838816
 875 | 262200.0 | 262500.0 | 0.008085 | 0.017949 |   5.841652 |      6 | 0.927382 | 0.600000 | 0.683333 | 0.653333 | 0.626667 |   0.742831 |      242 |      205 |       37 |   5.840978 |      6 | 0.933388 | 1.686734
 876 | 262500.0 | 262800.0 | 0.008080 | 0.017946 |   5.840978 |      6 | 0.933388 | 0.600000 | 0.733333 | 0.656667 | 0.676667 |  -0.557214 |      245 |      220 |       25 |   5.839901 |      6 | 0.928886 | 1.800732
 877 | 262800.0 | 263100.0 | 0.008074 | 0.017944 |   5.839901 |      6 | 0.928886 | 0.600000 | 0.643333 | 0.676667 | 0.666667 |   0.278652 |      237 |      193 |       44 |   5.839551 |      6 | 0.931136 | 1.743765
 878 | 263100.0 | 263400.0 | 0.008068 | 0.017941 |   5.839551 |      6 | 0.931136 | 0.600000 | 0.710000 | 0.660000 | 0.673333 |  -0.371596 |      243 |      213 |       30 |   5.838664 |      6 | 0.928138 | 1.819680
 879 | 263400.0 | 263700.0 | 0.008062 | 0.017938 |   5.838664 |      6 | 0.928138 | 0.600000 | 0.740000 | 0.700000 | 0.643333 |   1.579538 |      246 |      222 |       24 |   5.837535 |      6 | 0.940872 | 1.497220
 880 | 263700.0 | 264000.0 | 0.008056 | 0.017935 |   5.837535 |      6 | 0.940872 | 0.600000 | 0.733333 | 0.703333 | 0.680000 |   0.650503 |      245 |      220 |       25 |   5.836461 |      6 | 0.946113 | 1.364516
 881 | 264000.0 | 264300.0 | 0.008051 | 0.017932 |   5.836461 |      6 | 0.946113 | 0.600000 | 0.733333 | 0.666667 | 0.683333 |  -0.464720 |      245 |      220 |       25 |   5.835387 |      6 | 0.942372 | 1.459252
 882 | 264300.0 | 264600.0 | 0.008045 | 0.017929 |   5.835387 |      6 | 0.942372 | 0.600000 | 0.696667 | 0.670000 | 0.680000 |  -0.278877 |      242 |      209 |       33 |   5.834610 |      6 | 0.940128 | 1.516062
 883 | 264600.0 | 264900.0 | 0.008039 | 0.017926 |   5.834610 |      6 | 0.940128 | 0.600000 | 0.660000 | 0.663333 | 0.680000 |  -0.464869 |      238 |      198 |       40 |   5.834127 |      6 | 0.936391 | 1.610694
 884 | 264900.0 | 265200.0 | 0.008033 | 0.017923 |   5.834127 |      6 | 0.936391 | 0.600000 | 0.700000 | 0.683333 | 0.706667 |  -0.650922 |      242 |      210 |       32 |   5.833324 |      6 | 0.931162 | 1.743106
 885 | 265200.0 | 265500.0 | 0.008028 | 0.017920 |   5.833324 |      6 | 0.931162 | 0.600000 | 0.720000 | 0.686667 | 0.633333 |   1.488060 |      243 |      216 |       27 |   5.832361 |      6 | 0.943107 | 1.440618
 886 | 265500.0 | 265800.0 | 0.008022 | 0.017918 |   5.832361 |      6 | 0.943107 | 0.600000 | 0.700000 | 0.683333 | 0.643333 |   1.116224 |      243 |      210 |       33 |   5.831558 |      6 | 0.952062 | 1.213876
 887 | 265800.0 | 266100.0 | 0.008016 | 0.017915 |   5.831558 |      6 | 0.952062 | 0.600000 | 0.650000 | 0.636667 | 0.630000 |   0.186067 |      236 |      195 |       41 |   5.831158 |      6 | 0.953553 | 1.176107
 888 | 266100.0 | 266400.0 | 0.008011 | 0.017912 |   5.831158 |      6 | 0.953553 | 0.600000 | 0.740000 | 0.606667 | 0.730000 |  -3.442793 |      244 |      222 |       22 |   5.830036 |      6 | 0.925974 | 1.874458
 889 | 266400.0 | 266700.0 | 0.008005 | 0.017909 |   5.830036 |      6 | 0.925974 | 0.600000 | 0.676667 | 0.680000 | 0.613333 |   1.861267 |      240 |      203 |       37 |   5.829422 |      6 | 0.940874 | 1.497178
 890 | 266700.0 | 267000.0 | 0.007999 | 0.017906 |   5.829422 |      6 | 0.940874 | 0.600000 | 0.663333 | 0.683333 | 0.683333 |   0.000000 |      239 |      199 |       40 |   5.828916 |      6 | 0.940874 | 1.497178
 891 | 267000.0 | 267300.0 | 0.007994 | 0.017903 |   5.828916 |      6 | 0.940874 | 0.600000 | 0.700000 | 0.646667 | 0.676667 |  -0.837837 |      241 |      210 |       31 |   5.828116 |      6 | 0.934176 | 1.666768
 892 | 267300.0 | 267600.0 | 0.007988 | 0.017900 |   5.828116 |      6 | 0.934176 | 0.600000 | 0.703333 | 0.683333 | 0.676667 |   0.186216 |      242 |      211 |       31 |   5.827291 |      6 | 0.935664 | 1.629102
 893 | 267600.0 | 267900.0 | 0.007982 | 0.017898 |   5.827291 |      6 | 0.935664 | 0.600000 | 0.713333 | 0.656667 | 0.683333 |  -0.744981 |      244 |      214 |       30 |   5.826386 |      6 | 0.929717 | 1.779685
 894 | 267900.0 | 268200.0 | 0.007977 | 0.017895 |   5.826386 |      6 | 0.929717 | 0.600000 | 0.686667 | 0.693333 | 0.673333 |   0.558825 |      240 |      206 |       34 |   5.825695 |      6 | 0.934175 | 1.666809
 895 | 268200.0 | 268500.0 | 0.007971 | 0.017892 |   5.825695 |      6 | 0.934175 | 0.600000 | 0.703333 | 0.700000 | 0.666667 |   0.931523 |      243 |      211 |       32 |   5.824871 |      6 | 0.941600 | 1.478787
 896 | 268500.0 | 268800.0 | 0.007966 | 0.017889 |   5.824871 |      6 | 0.941600 | 0.600000 | 0.723333 | 0.643333 | 0.623333 |   0.559002 |      243 |      217 |       26 |   5.823889 |      6 | 0.946053 | 1.366034
 897 | 268800.0 | 269100.0 | 0.007960 | 0.017886 |   5.823889 |      6 | 0.946053 | 0.600000 | 0.670000 | 0.653333 | 0.636667 |   0.465909 |      239 |      201 |       38 |   5.823332 |      6 | 0.949762 | 1.272125
 898 | 269100.0 | 269400.0 | 0.007954 | 0.017883 |   5.823332 |      6 | 0.949762 | 0.600000 | 0.700000 | 0.666667 | 0.696667 |  -0.838769 |      240 |      210 |       30 |   5.822536 |      6 | 0.943090 | 1.441070
 899 | 269400.0 | 269700.0 | 0.007949 | 0.017881 |   5.822536 |      6 | 0.943090 | 0.600000 | 0.706667 | 0.683333 | 0.673333 |   0.279634 |      242 |      212 |       30 |   5.821688 |      6 | 0.945312 | 1.384785
 900 | 269700.0 | 270000.0 | 0.007943 | 0.017878 |   5.821688 |      6 | 0.945312 | 0.600000 | 0.706667 | 0.690000 | 0.683333 |   0.186452 |      242 |      212 |       30 |   5.820841 |      6 | 0.946793 | 1.347283
 901 | 270000.0 | 270300.0 | 0.007938 | 0.017875 |   5.820841 |      6 | 0.946793 | 0.600000 | 0.716667 | 0.663333 | 0.693333 |  -0.839167 |      242 |      215 |       27 |   5.819915 |      6 | 0.940132 | 1.515953
 902 | 270300.0 | 270600.0 | 0.007932 | 0.017872 |   5.819915 |      6 | 0.940132 | 0.600000 | 0.663333 | 0.676667 | 0.623333 |   1.492087 |      239 |      199 |       40 |   5.819413 |      6 | 0.951968 | 1.216257
 903 | 270600.0 | 270900.0 | 0.007927 | 0.017869 |   5.819413 |      6 | 0.951968 | 0.600000 | 0.670000 | 0.636667 | 0.676667 |  -1.119242 |      237 |      201 |       36 |   5.818858 |      6 | 0.943096 | 1.440908
 904 | 270900.0 | 271200.0 | 0.007921 | 0.017866 |   5.818858 |      6 | 0.943096 | 0.600000 | 0.700000 | 0.626667 | 0.696667 |  -1.958981 |      241 |      210 |       31 |   5.818066 |      6 | 0.927579 | 1.833833
 905 | 271200.0 | 271500.0 | 0.007916 | 0.017864 |   5.818066 |      6 | 0.927579 | 0.600000 | 0.660000 | 0.690000 | 0.686667 |   0.093299 |      239 |      198 |       41 |   5.817591 |      6 | 0.928317 | 1.815132
 906 | 271500.0 | 271800.0 | 0.007910 | 0.017861 |   5.817591 |      6 | 0.928317 | 0.600000 | 0.710000 | 0.673333 | 0.630000 |   1.213084 |      242 |      213 |       29 |   5.816721 |      6 | 0.937913 | 1.572155
 907 | 271800.0 | 272100.0 | 0.007905 | 0.017858 |   5.816721 |      6 | 0.937913 | 0.600000 | 0.673333 | 0.630000 | 0.663333 |  -0.933288 |      240 |      202 |       38 |   5.816141 |      6 | 0.930536 | 1.758960
 908 | 272100.0 | 272400.0 | 0.007899 | 0.017855 |   5.816141 |      6 | 0.930536 | 0.600000 | 0.700000 | 0.663333 | 0.633333 |   0.840091 |      241 |      210 |       31 |   5.815351 |      6 | 0.937171 | 1.590926
 909 | 272400.0 | 272700.0 | 0.007894 | 0.017852 |   5.815351 |      6 | 0.937171 | 0.600000 | 0.683333 | 0.706667 | 0.686667 |   0.560148 |      241 |      205 |       36 |   5.814693 |      6 | 0.941593 | 1.478964
 910 | 272700.0 | 273000.0 | 0.007888 | 0.017850 |   5.814693 |      6 | 0.941593 | 0.600000 | 0.710000 | 0.686667 | 0.710000 |  -0.653608 |      243 |      213 |       30 |   5.813826 |      6 | 0.936437 | 1.609516
 911 | 273000.0 | 273300.0 | 0.007883 | 0.017847 |   5.813826 |      6 | 0.936437 | 0.600000 | 0.720000 | 0.640000 | 0.660000 |  -0.560323 |      245 |      216 |       29 |   5.812880 |      6 | 0.932020 | 1.721358
 912 | 273300.0 | 273600.0 | 0.007877 | 0.017844 |   5.812880 |      6 | 0.932020 | 0.600000 | 0.676667 | 0.740000 | 0.650000 |   2.521847 |      240 |      203 |       37 |   5.812276 |      6 | 0.951886 | 1.218338
 913 | 273600.0 | 273900.0 | 0.007872 | 0.017841 |   5.812276 |      6 | 0.951886 | 0.600000 | 0.703333 | 0.623333 | 0.673333 |  -1.401245 |      241 |      211 |       30 |   5.811462 |      6 | 0.940855 | 1.497644
 914 | 273900.0 | 274200.0 | 0.007866 | 0.017839 |   5.811462 |      6 | 0.940855 | 0.600000 | 0.716667 | 0.643333 | 0.656667 |  -0.373723 |      244 |      215 |       29 |   5.810545 |      6 | 0.937916 | 1.572086
 915 | 274200.0 | 274500.0 | 0.007861 | 0.017836 |   5.810545 |      6 | 0.937916 | 0.600000 | 0.700000 | 0.670000 | 0.673333 |  -0.093445 |      241 |      210 |       31 |   5.809758 |      6 | 0.937181 | 1.590686
 916 | 274500.0 | 274800.0 | 0.007856 | 0.017833 |   5.809758 |      6 | 0.937181 | 0.600000 | 0.670000 | 0.710000 | 0.663333 |   1.308439 |      239 |      201 |       38 |   5.809209 |      6 | 0.947459 | 1.330418
 917 | 274800.0 | 275100.0 | 0.007850 | 0.017830 |   5.809209 |      6 | 0.947459 | 0.600000 | 0.673333 | 0.696667 | 0.720000 |  -0.654321 |      239 |      202 |       37 |   5.808633 |      6 | 0.942323 | 1.460483
 918 | 275100.0 | 275400.0 | 0.007845 | 0.017827 |   5.808633 |      6 | 0.942323 | 0.600000 | 0.723333 | 0.690000 | 0.643333 |   1.308845 |      244 |      217 |       27 |   5.807665 |      6 | 0.952590 | 1.200492
 919 | 275400.0 | 275700.0 | 0.007839 | 0.017825 |   5.807665 |      6 | 0.952590 | 0.600000 | 0.710000 | 0.650000 | 0.663333 |  -0.374014 |      242 |      213 |       29 |   5.806803 |      6 | 0.949658 | 1.274736
 920 | 275700.0 | 276000.0 | 0.007834 | 0.017822 |   5.806803 |      6 | 0.949658 | 0.600000 | 0.740000 | 0.643333 | 0.633333 |   0.280554 |      245 |      222 |       23 |   5.805706 |      6 | 0.951856 | 1.219083
 921 | 276000.0 | 276300.0 | 0.007829 | 0.017819 |   5.805706 |      6 | 0.951856 | 0.600000 | 0.656667 | 0.623333 | 0.676667 |  -1.496517 |      235 |      197 |       38 |   5.805263 |      6 | 0.940141 | 1.515741
 922 | 276300.0 | 276600.0 | 0.007823 | 0.017816 |   5.805263 |      6 | 0.940141 | 0.600000 | 0.693333 | 0.693333 | 0.720000 |  -0.748374 |      243 |      208 |       35 |   5.804532 |      6 | 0.934286 | 1.663992
 923 | 276600.0 | 276900.0 | 0.007818 | 0.017814 |   5.804532 |      6 | 0.934286 | 0.600000 | 0.673333 | 0.646667 | 0.666667 |  -0.561367 |      239 |      202 |       37 |   5.803959 |      6 | 0.929897 | 1.775121
 924 | 276900.0 | 277200.0 | 0.007813 | 0.017811 |   5.803959 |      6 | 0.929897 | 0.600000 | 0.693333 | 0.743333 | 0.666667 |   2.152239 |      241 |      208 |       33 |   5.803230 |      6 | 0.946712 | 1.349352
 925 | 277200.0 | 277500.0 | 0.007807 | 0.017808 |   5.803230 |      6 | 0.946712 | 0.600000 | 0.686667 | 0.633333 | 0.646667 |  -0.374360 |      241 |      206 |       35 |   5.802553 |      6 | 0.943789 | 1.423360
 926 | 277500.0 | 277800.0 | 0.007802 | 0.017805 |   5.802553 |      6 | 0.943789 | 0.600000 | 0.696667 | 0.713333 | 0.693333 |   0.561626 |      242 |      209 |       33 |   5.801799 |      6 | 0.948171 | 1.312407
 927 | 277800.0 | 278100.0 | 0.007797 | 0.017803 |   5.801799 |      6 | 0.948171 | 0.600000 | 0.676667 | 0.680000 | 0.676667 |   0.093619 |      238 |      203 |       35 |   5.801201 |      6 | 0.948901 | 1.293925
 928 | 278100.0 | 278400.0 | 0.007791 | 0.017800 |   5.801201 |      6 | 0.948901 | 0.600000 | 0.710000 | 0.710000 | 0.693333 |   0.468166 |      242 |      213 |       29 |   5.800344 |      6 | 0.952548 | 1.201562
 929 | 278400.0 | 278700.0 | 0.007786 | 0.017797 |   5.800344 |      6 | 0.952548 | 0.600000 | 0.710000 | 0.610000 | 0.670000 |  -1.685655 |      242 |      213 |       29 |   5.799488 |      6 | 0.939424 | 1.533893
 930 | 278700.0 | 279000.0 | 0.007781 | 0.017795 |   5.799488 |      6 | 0.939424 | 0.600000 | 0.680000 | 0.646667 | 0.656667 |  -0.280986 |      239 |      204 |       35 |   5.798866 |      6 | 0.937238 | 1.589252
 931 | 279000.0 | 279300.0 | 0.007775 | 0.017792 |   5.798866 |      6 | 0.937238 | 0.600000 | 0.670000 | 0.670000 | 0.643333 |   0.749409 |      239 |      201 |       38 |   5.798321 |      6 | 0.943064 | 1.441705
 932 | 279300.0 | 279600.0 | 0.007770 | 0.017789 |   5.798321 |      6 | 0.943064 | 0.600000 | 0.710000 | 0.680000 | 0.663333 |   0.468452 |      242 |      213 |       29 |   5.797467 |      6 | 0.946704 | 1.349537
 933 | 279600.0 | 279900.0 | 0.007765 | 0.017786 |   5.797467 |      6 | 0.946704 | 0.600000 | 0.666667 | 0.713333 | 0.686667 |   0.749638 |      238 |      200 |       38 |   5.796949 |      6 | 0.952525 | 1.202144
 934 | 279900.0 | 280200.0 | 0.007760 | 0.017784 |   5.796949 |      6 | 0.952525 | 0.600000 | 0.683333 | 0.640000 | 0.643333 |  -0.093719 |      238 |      205 |       33 |   5.796302 |      6 | 0.951798 | 1.220559
 935 | 280200.0 | 280500.0 | 0.007754 | 0.017781 |   5.796302 |      6 | 0.951798 | 0.600000 | 0.720000 | 0.640000 | 0.693333 |  -1.499734 |      243 |      216 |       27 |   5.795372 |      6 | 0.940169 | 1.515034
 936 | 280500.0 | 280800.0 | 0.007749 | 0.017778 |   5.795372 |      6 | 0.940169 | 0.600000 | 0.730000 | 0.696667 | 0.626667 |   1.968700 |      244 |      219 |       25 |   5.794364 |      6 | 0.955424 | 1.128737
 937 | 280800.0 | 281100.0 | 0.007744 | 0.017776 |   5.794364 |      6 | 0.955424 | 0.600000 | 0.683333 | 0.570000 | 0.686667 |  -3.281666 |      238 |      205 |       33 |   5.793719 |      6 | 0.930012 | 1.772228
 938 | 281100.0 | 281400.0 | 0.007739 | 0.017773 |   5.793719 |      6 | 0.930012 | 0.600000 | 0.696667 | 0.683333 | 0.610000 |   2.063075 |      241 |      209 |       32 |   5.792971 |      6 | 0.945977 | 1.367960
 939 | 281400.0 | 281700.0 | 0.007733 | 0.017770 |   5.792971 |      6 | 0.945977 | 0.600000 | 0.733333 | 0.656667 | 0.650000 |   0.187581 |      245 |      220 |       25 |   5.791940 |      6 | 0.947427 | 1.331227
 940 | 281700.0 | 282000.0 | 0.007728 | 0.017767 |   5.791940 |      6 | 0.947427 | 0.600000 | 0.703333 | 0.683333 | 0.660000 |   0.656632 |      240 |      211 |       29 |   5.791141 |      6 | 0.952502 | 1.202731
 941 | 282000.0 | 282300.0 | 0.007723 | 0.017765 |   5.791141 |      6 | 0.952502 | 0.600000 | 0.673333 | 0.616667 | 0.683333 |  -1.876376 |      239 |      202 |       37 |   5.790575 |      6 | 0.938011 | 1.569673
 942 | 282300.0 | 282600.0 | 0.007718 | 0.017762 |   5.790575 |      6 | 0.938011 | 0.600000 | 0.720000 | 0.686667 | 0.680000 |   0.187666 |      244 |      216 |       28 |   5.789649 |      6 | 0.939459 | 1.532998
 943 | 282600.0 | 282900.0 | 0.007713 | 0.017759 |   5.789649 |      6 | 0.939459 | 0.600000 | 0.673333 | 0.663333 | 0.656667 |   0.187694 |      239 |      202 |       37 |   5.789083 |      6 | 0.940907 | 1.496341
 944 | 282900.0 | 283200.0 | 0.007707 | 0.017757 |   5.789083 |      6 | 0.940907 | 0.600000 | 0.686667 | 0.626667 | 0.700000 |  -2.064949 |      241 |      206 |       35 |   5.788415 |      6 | 0.924991 | 1.899348
 945 | 283200.0 | 283500.0 | 0.007702 | 0.017754 |   5.788415 |      6 | 0.924991 | 0.600000 | 0.723333 | 0.670000 | 0.646667 |   0.657128 |      245 |      217 |       28 |   5.787465 |      6 | 0.930053 | 1.771185
 946 | 283500.0 | 283800.0 | 0.007697 | 0.017751 |   5.787465 |      6 | 0.930053 | 0.600000 | 0.683333 | 0.683333 | 0.603333 |   2.253351 |      240 |      205 |       35 |   5.786824 |      6 | 0.947397 | 1.331998
 947 | 283800.0 | 284100.0 | 0.007692 | 0.017749 |   5.786824 |      6 | 0.947397 | 0.600000 | 0.706667 | 0.666667 | 0.630000 |   1.032941 |      242 |      212 |       30 |   5.786003 |      6 | 0.955342 | 1.130808
 948 | 284100.0 | 284400.0 | 0.007687 | 0.017746 |   5.786003 |      6 | 0.955342 | 0.600000 | 0.710000 | 0.576667 | 0.676667 |  -2.817537 |      241 |      213 |       28 |   5.785158 |      6 | 0.933684 | 1.679224
 949 | 284400.0 | 284700.0 | 0.007682 | 0.017743 |   5.785158 |      6 | 0.933684 | 0.600000 | 0.656667 | 0.676667 | 0.716667 |  -1.127184 |      238 |      197 |       41 |   5.784723 |      6 | 0.925026 | 1.898476
 950 | 284700.0 | 285000.0 | 0.007677 | 0.017741 |   5.784723 |      6 | 0.925026 | 0.600000 | 0.616667 | 0.666667 | 0.693333 |  -0.751569 |      234 |      185 |       49 |   5.784595 |      6 | 0.919256 | 2.044569
 951 | 285000.0 | 285300.0 | 0.007671 | 0.017738 |   5.784595 |      6 | 0.919256 | 0.600000 | 0.680000 | 0.643333 | 0.610000 |   0.939602 |      242 |      204 |       38 |   5.783981 |      6 | 0.926464 | 1.862048
 952 | 285300.0 | 285600.0 | 0.007666 | 0.017735 |   5.783981 |      6 | 0.926464 | 0.600000 | 0.716667 | 0.680000 | 0.653333 |   0.751794 |      243 |      215 |       28 |   5.783087 |      6 | 0.932228 | 1.716105
 953 | 285600.0 | 285900.0 | 0.007661 | 0.017733 |   5.783087 |      6 | 0.932228 | 0.600000 | 0.673333 | 0.696667 | 0.656667 |   1.127860 |      240 |      202 |       38 |   5.782525 |      6 | 0.940869 | 1.497305
 954 | 285900.0 | 286200.0 | 0.007656 | 0.017730 |   5.782525 |      6 | 0.940869 | 0.600000 | 0.700000 | 0.710000 | 0.676667 |   0.940024 |      241 |      210 |       31 |   5.781759 |      6 | 0.948066 | 1.315065
 955 | 286200.0 | 286500.0 | 0.007651 | 0.017727 |   5.781759 |      6 | 0.948066 | 0.600000 | 0.683333 | 0.693333 | 0.666667 |   0.752131 |      240 |      205 |       35 |   5.781121 |      6 | 0.953820 | 1.169348
 956 | 286500.0 | 286800.0 | 0.007646 | 0.017725 |   5.781121 |      6 | 0.953820 | 0.600000 | 0.716667 | 0.603333 | 0.640000 |  -1.034335 |      242 |      215 |       27 |   5.780229 |      6 | 0.945912 | 1.369606
 957 | 286800.0 | 287100.0 | 0.007641 | 0.017722 |   5.780229 |      6 | 0.945912 | 0.600000 | 0.720000 | 0.686667 | 0.703333 |  -0.470222 |      243 |      216 |       27 |   5.779313 |      6 | 0.942319 | 1.460585
 958 | 287100.0 | 287400.0 | 0.007636 | 0.017719 |   5.779313 |      6 | 0.942319 | 0.600000 | 0.700000 | 0.676667 | 0.693333 |  -0.470292 |      241 |      210 |       31 |   5.778549 |      6 | 0.938728 | 1.551518
 959 | 287400.0 | 287700.0 | 0.007631 | 0.017717 |   5.778549 |      6 | 0.938728 | 0.600000 | 0.683333 | 0.693333 | 0.696667 |  -0.094072 |      241 |      205 |       36 |   5.777913 |      6 | 0.938010 | 1.569695
 960 | 287700.0 | 288000.0 | 0.007626 | 0.017714 |   5.777913 |      6 | 0.938010 | 0.600000 | 0.700000 | 0.730000 | 0.693333 |   1.034951 |      242 |      210 |       32 |   5.777150 |      6 | 0.945902 | 1.369848
 961 | 288000.0 | 288300.0 | 0.007621 | 0.017712 |   5.777150 |      6 | 0.945902 | 0.600000 | 0.716667 | 0.680000 | 0.640000 |   1.129205 |      243 |      215 |       28 |   5.776261 |      6 | 0.954508 | 1.151944
 962 | 288300.0 | 288600.0 | 0.007616 | 0.017709 |   5.776261 |      6 | 0.954508 | 0.600000 | 0.723333 | 0.606667 | 0.683333 |  -2.164630 |      243 |      217 |       26 |   5.775322 |      6 | 0.938022 | 1.569380
 963 | 288600.0 | 288900.0 | 0.007611 | 0.017706 |   5.775322 |      6 | 0.938022 | 0.600000 | 0.713333 | 0.683333 | 0.670000 |   0.376513 |      244 |      214 |       30 |   5.774460 |      6 | 0.940888 | 1.496819
 964 | 288900.0 | 289200.0 | 0.007606 | 0.017704 |   5.774460 |      6 | 0.940888 | 0.600000 | 0.713333 | 0.686667 | 0.673333 |   0.376569 |      243 |      214 |       29 |   5.773598 |      6 | 0.943752 | 1.424296
 965 | 289200.0 | 289500.0 | 0.007601 | 0.017701 |   5.773598 |      6 | 0.943752 | 0.600000 | 0.716667 | 0.726667 | 0.700000 |   0.753249 |      243 |      215 |       28 |   5.772711 |      6 | 0.949477 | 1.279323
 966 | 289500.0 | 289800.0 | 0.007596 | 0.017698 |   5.772711 |      6 | 0.949477 | 0.600000 | 0.666667 | 0.666667 | 0.670000 |  -0.094170 |      238 |      200 |       38 |   5.772204 |      6 | 0.948762 | 1.297435
 967 | 289800.0 | 290100.0 | 0.007591 | 0.017696 |   5.772204 |      6 | 0.948762 | 0.600000 | 0.683333 | 0.680000 | 0.630000 |   1.412759 |      239 |      205 |       34 |   5.771572 |      6 | 0.959486 | 1.025887
 968 | 290100.0 | 290400.0 | 0.007586 | 0.017693 |   5.771572 |      6 | 0.959486 | 0.600000 | 0.706667 | 0.490000 | 0.673333 |  -5.180881 |      239 |      212 |       27 |   5.770763 |      6 | 0.920185 | 2.021057
 969 | 290400.0 | 290700.0 | 0.007581 | 0.017691 |   5.770763 |      6 | 0.920185 | 0.600000 | 0.696667 | 0.683333 | 0.636667 |   1.318964 |      241 |      209 |       32 |   5.770030 |      6 | 0.930184 | 1.767869
 970 | 290700.0 | 291000.0 | 0.007576 | 0.017688 |   5.770030 |      6 | 0.930184 | 0.600000 | 0.673333 | 0.706667 | 0.680000 |   0.753805 |      240 |      202 |       38 |   5.769474 |      6 | 0.935894 | 1.623264
 971 | 291000.0 | 291300.0 | 0.007571 | 0.017685 |   5.769474 |      6 | 0.935894 | 0.600000 | 0.713333 | 0.716667 | 0.673333 |   1.225112 |      244 |      214 |       30 |   5.768616 |      6 | 0.945170 | 1.388400
 972 | 291300.0 | 291600.0 | 0.007566 | 0.017683 |   5.768616 |      6 | 0.945170 | 0.600000 | 0.716667 | 0.706667 | 0.713333 |  -0.188507 |      243 |      215 |       28 |   5.767734 |      6 | 0.943743 | 1.424515
 973 | 291600.0 | 291900.0 | 0.007561 | 0.017680 |   5.767734 |      6 | 0.943743 | 0.600000 | 0.686667 | 0.706667 | 0.666667 |   1.131205 |      240 |      206 |       34 |   5.767078 |      6 | 0.952296 | 1.207937
 974 | 291900.0 | 292200.0 | 0.007556 | 0.017678 |   5.767078 |      6 | 0.952296 | 0.600000 | 0.723333 | 0.573333 | 0.620000 |  -1.319933 |      244 |      217 |       27 |   5.766146 |      6 | 0.942323 | 1.460484
 975 | 292200.0 | 292500.0 | 0.007551 | 0.017675 |   5.766146 |      6 | 0.942323 | 0.600000 | 0.700000 | 0.663333 | 0.666667 |  -0.094295 |      241 |      210 |       31 |   5.765391 |      6 | 0.941611 | 1.478514
 976 | 292500.0 | 292800.0 | 0.007546 | 0.017672 |   5.765391 |      6 | 0.941611 | 0.600000 | 0.710000 | 0.693333 | 0.700000 |  -0.188617 |      243 |      213 |       30 |   5.764561 |      6 | 0.940187 | 1.514555
 977 | 292800.0 | 293100.0 | 0.007541 | 0.017670 |   5.764561 |      6 | 0.940187 | 0.600000 | 0.713333 | 0.700000 | 0.643333 |   1.603479 |      243 |      214 |       29 |   5.763707 |      6 | 0.952280 | 1.208355
 978 | 293100.0 | 293400.0 | 0.007536 | 0.017667 |   5.763707 |      6 | 0.952280 | 0.600000 | 0.720000 | 0.673333 | 0.673333 |   0.000000 |      243 |      216 |       27 |   5.762802 |      6 | 0.952280 | 1.208355
 979 | 293400.0 | 293700.0 | 0.007532 | 0.017665 |   5.762802 |      6 | 0.952280 | 0.600000 | 0.700000 | 0.633333 | 0.713333 |  -2.264396 |      241 |      210 |       31 |   5.762049 |      6 | 0.935225 | 1.640203
 980 | 293700.0 | 294000.0 | 0.007527 | 0.017662 |   5.762049 |      6 | 0.935225 | 0.600000 | 0.700000 | 0.630000 | 0.733333 |  -2.925270 |      243 |      210 |       33 |   5.761296 |      6 | 0.913208 | 2.197725
 981 | 294000.0 | 294300.0 | 0.007522 | 0.017660 |   5.761296 |      6 | 0.913208 | 0.600000 | 0.626667 | 0.646667 | 0.616667 |   0.849396 |      234 |      188 |       46 |   5.761096 |      6 | 0.919597 | 2.035945
 982 | 294300.0 | 294600.0 | 0.007517 | 0.017657 |   5.761096 |      6 | 0.919597 | 0.600000 | 0.716667 | 0.706667 | 0.686667 |   0.566346 |      245 |      215 |       30 |   5.760219 |      6 | 0.923854 | 1.928146
 983 | 294600.0 | 294900.0 | 0.007512 | 0.017654 |   5.760219 |      6 | 0.923854 | 0.600000 | 0.650000 | 0.716667 | 0.713333 |   0.094405 |      238 |      195 |       43 |   5.759843 |      6 | 0.924563 | 1.910188
 984 | 294900.0 | 295200.0 | 0.007507 | 0.017652 |   5.759843 |      6 | 0.924563 | 0.600000 | 0.646667 | 0.690000 | 0.710000 |  -0.566511 |      237 |      194 |       43 |   5.759493 |      6 | 0.920310 | 2.017880
 985 | 295200.0 | 295500.0 | 0.007502 | 0.017649 |   5.759493 |      6 | 0.920310 | 0.600000 | 0.660000 | 0.673333 | 0.626667 |   1.322050 |      239 |      198 |       41 |   5.759043 |      6 | 0.930229 | 1.766726
 986 | 295500.0 | 295800.0 | 0.007498 | 0.017647 |   5.759043 |      6 | 0.930229 | 0.600000 | 0.690000 | 0.690000 | 0.690000 |   0.000000 |      241 |      207 |       34 |   5.758368 |      6 | 0.930229 | 1.766726
 987 | 295800.0 | 296100.0 | 0.007493 | 0.017644 |   5.758368 |      6 | 0.930229 | 0.600000 | 0.673333 | 0.660000 | 0.703333 |  -1.227973 |      240 |      202 |       38 |   5.757818 |      6 | 0.921028 | 1.999707
 988 | 296100.0 | 296400.0 | 0.007488 | 0.017642 |   5.757818 |      6 | 0.921028 | 0.600000 | 0.700000 | 0.686667 | 0.673333 |   0.377893 |      241 |      210 |       31 |   5.757070 |      6 | 0.923858 | 1.928056
 989 | 296400.0 | 296700.0 | 0.007483 | 0.017639 |   5.757070 |      6 | 0.923858 | 0.600000 | 0.660000 | 0.643333 | 0.673333 |  -0.850381 |      239 |      198 |       41 |   5.756621 |      6 | 0.917494 | 2.089190
 990 | 296700.0 | 297000.0 | 0.007478 | 0.017637 |   5.756621 |      6 | 0.917494 | 0.600000 | 0.700000 | 0.660000 | 0.656667 |   0.094500 |      243 |      210 |       33 |   5.755873 |      6 | 0.918201 | 2.071296
 991 | 297000.0 | 297300.0 | 0.007473 | 0.017634 |   5.755873 |      6 | 0.918201 | 0.600000 | 0.653333 | 0.673333 | 0.676667 |  -0.094514 |      240 |      196 |       44 |   5.755474 |      6 | 0.917494 | 2.089181
 992 | 297300.0 | 297600.0 | 0.007469 | 0.017632 |   5.755474 |      6 | 0.917494 | 0.600000 | 0.673333 | 0.666667 | 0.690000 |  -0.661694 |      239 |      202 |       37 |   5.754927 |      6 | 0.912553 | 2.214321
 993 | 297600.0 | 297900.0 | 0.007464 | 0.017629 |   5.754927 |      6 | 0.912553 | 0.600000 | 0.683333 | 0.683333 | 0.663333 |   0.567248 |      241 |      205 |       36 |   5.754305 |      6 | 0.916786 | 2.107112
 994 | 297900.0 | 298200.0 | 0.007459 | 0.017626 |   5.754305 |      6 | 0.916786 | 0.600000 | 0.633333 | 0.700000 | 0.686667 |   0.378219 |      236 |      190 |       46 |   5.754056 |      6 | 0.919608 | 2.035675
 995 | 298200.0 | 298500.0 | 0.007454 | 0.017624 |   5.754056 |      6 | 0.919608 | 0.600000 | 0.650000 | 0.696667 | 0.640000 |   1.607663 |      238 |      195 |       43 |   5.753683 |      6 | 0.931592 | 1.732217
 996 | 298500.0 | 298800.0 | 0.007450 | 0.017621 |   5.753683 |      6 | 0.931592 | 0.600000 | 0.663333 | 0.713333 | 0.696667 |   0.472910 |      239 |      199 |       40 |   5.753211 |      6 | 0.935115 | 1.643009
 997 | 298800.0 | 299100.0 | 0.007445 | 0.017619 |   5.753211 |      6 | 0.935115 | 0.600000 | 0.656667 | 0.653333 | 0.610000 |   1.229742 |      239 |      197 |       42 |   5.752789 |      6 | 0.944270 | 1.411182
 998 | 299100.0 | 299400.0 | 0.007440 | 0.017616 |   5.752789 |      6 | 0.944270 | 0.600000 | 0.660000 | 0.663333 | 0.670000 |  -0.189218 |      237 |      198 |       39 |   5.752343 |      6 | 0.942862 | 1.446830
 999 | 299400.0 | 299700.0 | 0.007435 | 0.017614 |   5.752343 |      6 | 0.942862 | 0.600000 | 0.706667 | 0.653333 | 0.633333 |   0.567736 |      242 |      212 |       31 |   5.751550 |      6 | 0.947083 | 1.339939
1000 | 299700.0 | 300000.0 | 0.007431 | 0.017611 |   5.751550 |      6 | 0.947083 | 0.600000 | 0.703333 | 0.656667 | 0.680000 |  -0.662453 |      242 |      211 |       30 |   5.750782 |      6 | 0.942161 | 1.464584
1001 | 300000.0 | 300300.0 | 0.007426 | 0.017609 |   5.750782 |      6 | 0.942161 | 0.600000 | 0.723333 | 0.596667 | 0.680000 |  -2.366242 |      243 |      217 |       26 |   5.749866 |      6 | 0.924589 | 1.909524
1002 | 300300.0 | 300600.0 | 0.007421 | 0.017606 |   5.749866 |      6 | 0.924589 | 0.600000 | 0.686667 | 0.666667 | 0.623333 |   1.230621 |      242 |      206 |       36 |   5.749223 |      6 | 0.933722 | 1.678269
1003 | 300600.0 | 300900.0 | 0.007416 | 0.017604 |   5.749223 |      6 | 0.933722 | 0.600000 | 0.700000 | 0.636667 | 0.613333 |   0.662737 |      242 |      210 |       32 |   5.748481 |      6 | 0.938637 | 1.553809
1004 | 300900.0 | 301200.0 | 0.007412 | 0.017601 |   5.748481 |      6 | 0.938637 | 0.600000 | 0.730000 | 0.670000 | 0.676667 |  -0.189380 |      244 |      219 |       25 |   5.747518 |      6 | 0.937234 | 1.589351
1005 | 301200.0 | 301500.0 | 0.007407 | 0.017599 |   5.747518 |      6 | 0.937234 | 0.600000 | 0.706667 | 0.703333 | 0.673333 |   0.852333 |      243 |      212 |       31 |   5.746728 |      6 | 0.943547 | 1.429488
1006 | 301500.0 | 301800.0 | 0.007402 | 0.017596 |   5.746728 |      6 | 0.943547 | 0.600000 | 0.700000 | 0.650000 | 0.653333 |  -0.094717 |      242 |      210 |       32 |   5.745988 |      6 | 0.942846 | 1.447242
1007 | 301800.0 | 302100.0 | 0.007398 | 0.017594 |   5.745988 |      6 | 0.942846 | 0.600000 | 0.703333 | 0.656667 | 0.666667 |  -0.284192 |      241 |      211 |       30 |   5.745223 |      6 | 0.940743 | 1.500477
1008 | 302100.0 | 302400.0 | 0.007393 | 0.017591 |   5.745223 |      6 | 0.940743 | 0.600000 | 0.670000 | 0.670000 | 0.700000 |  -0.852696 |      239 |      201 |       38 |   5.744706 |      6 | 0.934439 | 1.660105
1009 | 302400.0 | 302700.0 | 0.007388 | 0.017589 |   5.744706 |      6 | 0.934439 | 0.600000 | 0.676667 | 0.636667 | 0.656667 |  -0.568544 |      240 |      203 |       37 |   5.744139 |      6 | 0.930239 | 1.766472
1010 | 302700.0 | 303000.0 | 0.007384 | 0.017586 |   5.744139 |      6 | 0.930239 | 0.600000 | 0.680000 | 0.703333 | 0.710000 |  -0.189542 |      241 |      204 |       37 |   5.743549 |      6 | 0.928839 | 1.801910
1011 | 303000.0 | 303300.0 | 0.007379 | 0.017584 |   5.743549 |      6 | 0.928839 | 0.600000 | 0.640000 | 0.663333 | 0.636667 |   0.758274 |      236 |      192 |       44 |   5.743253 |      6 | 0.934435 | 1.660227
1012 | 303300.0 | 303600.0 | 0.007374 | 0.017581 |   5.743253 |      6 | 0.934435 | 0.600000 | 0.706667 | 0.673333 | 0.686667 |  -0.379190 |      243 |      212 |       31 |   5.742467 |      6 | 0.931638 | 1.731034
1013 | 303600.0 | 303900.0 | 0.007370 | 0.017579 |   5.742467 |      6 | 0.931638 | 0.600000 | 0.700000 | 0.636667 | 0.623333 |   0.379244 |      241 |      210 |       31 |   5.741730 |      6 | 0.934433 | 1.660261
1014 | 303900.0 | 304200.0 | 0.007365 | 0.017576 |   5.741730 |      6 | 0.934433 | 0.600000 | 0.686667 | 0.693333 | 0.686667 |   0.189649 |      243 |      206 |       37 |   5.741091 |      6 | 0.935830 | 1.624892
1015 | 304200.0 | 304500.0 | 0.007361 | 0.017574 |   5.741091 |      6 | 0.935830 | 0.600000 | 0.720000 | 0.726667 | 0.680000 |   1.327728 |      244 |      216 |       28 |   5.740208 |      6 | 0.945603 | 1.377429
1016 | 304500.0 | 304800.0 | 0.007356 | 0.017571 |   5.740208 |      6 | 0.945603 | 0.600000 | 0.686667 | 0.630000 | 0.666667 |  -1.043362 |      239 |      206 |       33 |   5.739571 |      6 | 0.937928 | 1.571770
1017 | 304800.0 | 305100.0 | 0.007351 | 0.017569 |   5.739571 |      6 | 0.937928 | 0.600000 | 0.700000 | 0.706667 | 0.686667 |   0.569187 |      242 |      210 |       32 |   5.738836 |      6 | 0.942112 | 1.465817
1018 | 305100.0 | 305400.0 | 0.007347 | 0.017566 |   5.738836 |      6 | 0.942112 | 0.600000 | 0.666667 | 0.660000 | 0.706667 |  -1.328289 |      239 |      200 |       39 |   5.738346 |      6 | 0.932354 | 1.712920
1019 | 305400.0 | 305700.0 | 0.007342 | 0.017564 |   5.738346 |      6 | 0.932354 | 0.600000 | 0.700000 | 0.630000 | 0.690000 |  -1.708039 |      242 |      210 |       32 |   5.737612 |      6 | 0.919813 | 2.030468
1020 | 305700.0 | 306000.0 | 0.007337 | 0.017562 |   5.737612 |      6 | 0.919813 | 0.600000 | 0.726667 | 0.673333 | 0.666667 |   0.189809 |      244 |      218 |       26 |   5.736682 |      6 | 0.921206 | 1.995202
1021 | 306000.0 | 306300.0 | 0.007333 | 0.017559 |   5.736682 |      6 | 0.921206 | 0.600000 | 0.700000 | 0.713333 | 0.653333 |   1.708518 |      243 |      210 |       33 |   5.735949 |      6 | 0.933734 | 1.677961
1022 | 306300.0 | 306600.0 | 0.007328 | 0.017557 |   5.735949 |      6 | 0.933734 | 0.600000 | 0.676667 | 0.636667 | 0.666667 |  -0.854379 |      240 |      203 |       37 |   5.735387 |      6 | 0.927473 | 1.836505
1023 | 306600.0 | 306900.0 | 0.007324 | 0.017554 |   5.735387 |      6 | 0.927473 | 0.600000 | 0.653333 | 0.693333 | 0.650000 |   1.234275 |      239 |      196 |       43 |   5.734996 |      6 | 0.936513 | 1.607608
1024 | 306900.0 | 307200.0 | 0.007319 | 0.017552 |   5.734996 |      6 | 0.936513 | 0.600000 | 0.683333 | 0.676667 | 0.640000 |   1.044533 |      240 |      205 |       35 |   5.734387 |      6 | 0.944158 | 1.414020
1025 | 307200.0 | 307500.0 | 0.007315 | 0.017549 |   5.734387 |      6 | 0.944158 | 0.600000 | 0.656667 | 0.696667 | 0.710000 |  -0.379883 |      237 |      197 |       40 |   5.733972 |      6 | 0.941379 | 1.484382
1026 | 307500.0 | 307800.0 | 0.007310 | 0.017547 |   5.733972 |      6 | 0.941379 | 0.600000 | 0.683333 | 0.663333 | 0.640000 |   0.664888 |      241 |      205 |       37 |   5.733363 |      6 | 0.946240 | 1.361308
1027 | 307800.0 | 308100.0 | 0.007306 | 0.017544 |   5.733363 |      6 | 0.946240 | 0.600000 | 0.710000 | 0.630000 | 0.666667 |  -1.044970 |      242 |      213 |       28 |   5.732559 |      6 | 0.938605 | 1.554616
1028 | 308100.0 | 308400.0 | 0.007301 | 0.017542 |   5.732559 |      6 | 0.938605 | 0.600000 | 0.680000 | 0.713333 | 0.710000 |   0.095010 |      240 |      204 |       36 |   5.731975 |      6 | 0.939299 | 1.537051
1029 | 308400.0 | 308700.0 | 0.007296 | 0.017539 |   5.731975 |      6 | 0.939299 | 0.600000 | 0.686667 | 0.723333 | 0.723333 |   0.000000 |      240 |      206 |       35 |   5.731343 |      6 | 0.939299 | 1.537051
1030 | 308700.0 | 309000.0 | 0.007292 | 0.017537 |   5.731343 |      6 | 0.939299 | 0.600000 | 0.666667 | 0.696667 | 0.693333 |   0.095037 |      238 |      200 |       37 |   5.730857 |      6 | 0.939992 | 1.519503
1031 | 309000.0 | 309300.0 | 0.007287 | 0.017535 |   5.730857 |      6 | 0.939992 | 0.600000 | 0.660000 | 0.703333 | 0.680000 |   0.665351 |      238 |      198 |       40 |   5.730419 |      6 | 0.944841 | 1.396725
1032 | 309300.0 | 309600.0 | 0.007283 | 0.017532 |   5.730419 |      6 | 0.944841 | 0.600000 | 0.710000 | 0.653333 | 0.650000 |   0.095063 |      242 |      213 |       29 |   5.729618 |      6 | 0.945533 | 1.379194
1033 | 309600.0 | 309900.0 | 0.007278 | 0.017530 |   5.729618 |      6 | 0.945533 | 0.600000 | 0.666667 | 0.656667 | 0.683333 |  -0.760612 |      239 |      200 |       40 |   5.729133 |      6 | 0.939997 | 1.519377
1034 | 309900.0 | 310200.0 | 0.007274 | 0.017527 |   5.729133 |      6 | 0.939997 | 0.600000 | 0.703333 | 0.683333 | 0.673333 |   0.285269 |      242 |      211 |       30 |   5.728381 |      6 | 0.942072 | 1.466834
1035 | 310200.0 | 310500.0 | 0.007269 | 0.017525 |   5.728381 |      6 | 0.942072 | 0.600000 | 0.686667 | 0.726667 | 0.640000 |   2.472672 |      241 |      206 |       35 |   5.727751 |      6 | 0.960047 | 1.011675
1036 | 310500.0 | 310800.0 | 0.007265 | 0.017522 |   5.727751 |      6 | 0.960047 | 0.600000 | 0.653333 | 0.526667 | 0.716667 |  -5.421608 |      232 |      196 |       36 |   5.727364 |      6 | 0.920659 | 2.009045
1037 | 310800.0 | 311100.0 | 0.007261 | 0.017520 |   5.727364 |      6 | 0.920659 | 0.600000 | 0.670000 | 0.683333 | 0.650000 |   0.951291 |      239 |      201 |       38 |   5.726856 |      6 | 0.927566 | 1.834152
1038 | 311100.0 | 311400.0 | 0.007256 | 0.017518 |   5.726856 |      6 | 0.927566 | 0.600000 | 0.693333 | 0.696667 | 0.663333 |   0.951422 |      242 |      208 |       34 |   5.726178 |      6 | 0.934470 | 1.659342
1039 | 311400.0 | 311700.0 | 0.007252 | 0.017515 |   5.726178 |      6 | 0.934470 | 0.600000 | 0.666667 | 0.726667 | 0.676667 |   1.427329 |      239 |      200 |       39 |   5.725695 |      6 | 0.944820 | 1.397251
1040 | 311700.0 | 312000.0 | 0.007247 | 0.017513 |   5.725695 |      6 | 0.944820 | 0.600000 | 0.690000 | 0.710000 | 0.636667 |   2.093705 |      240 |      207 |       33 |   5.725043 |      6 | 0.959993 | 1.013036
1041 | 312000.0 | 312300.0 | 0.007243 | 0.017510 |   5.725043 |      6 | 0.959993 | 0.600000 | 0.680000 | 0.470000 | 0.703333 |  -6.662704 |      235 |      204 |       33 |   5.724463 |      6 | 0.911737 | 2.234958
1042 | 312300.0 | 312600.0 | 0.007238 | 0.017508 |   5.724463 |      6 | 0.911737 | 0.600000 | 0.673333 | 0.710000 | 0.623333 |   2.475059 |      241 |      202 |       37 |   5.723933 |      6 | 0.929653 | 1.781317
1043 | 312600.0 | 312900.0 | 0.007234 | 0.017506 |   5.723933 |      6 | 0.929653 | 0.600000 | 0.656667 | 0.720000 | 0.666667 |   1.523322 |      238 |      197 |       41 |   5.723523 |      6 | 0.940672 | 1.502286
1044 | 312900.0 | 313200.0 | 0.007229 | 0.017503 |   5.723523 |      6 | 0.940672 | 0.600000 | 0.670000 | 0.663333 | 0.666667 |  -0.095221 |      239 |      201 |       38 |   5.723017 |      6 | 0.939984 | 1.519717
1045 | 313200.0 | 313500.0 | 0.007225 | 0.017501 |   5.723017 |      6 | 0.939984 | 0.600000 | 0.680000 | 0.703333 | 0.683333 |   0.571402 |      240 |      204 |       36 |   5.722439 |      6 | 0.944112 | 1.415180
1046 | 313500.0 | 313800.0 | 0.007221 | 0.017498 |   5.722439 |      6 | 0.944112 | 0.600000 | 0.720000 | 0.660000 | 0.643333 |   0.476234 |      244 |      216 |       28 |   5.721572 |      6 | 0.947551 | 1.328107
1047 | 313800.0 | 314100.0 | 0.007216 | 0.017496 |   5.721572 |      6 | 0.947551 | 0.600000 | 0.710000 | 0.706667 | 0.630000 |   2.190976 |      243 |      213 |       30 |   5.720778 |      6 | 0.963361 | 0.927760
1048 | 314100.0 | 314400.0 | 0.007212 | 0.017494 |   5.720778 |      6 | 0.963361 | 0.600000 | 0.700000 | 0.426667 | 0.656667 |  -6.573826 |      236 |      210 |       26 |   5.720057 |      6 | 0.915952 | 2.128232
1049 | 314400.0 | 314700.0 | 0.007207 | 0.017491 |   5.720057 |      6 | 0.915952 | 0.600000 | 0.666667 | 0.676667 | 0.683333 |  -0.190572 |      239 |      200 |       39 |   5.719577 |      6 | 0.914579 | 2.163012
1050 | 314700.0 | 315000.0 | 0.007203 | 0.017489 |   5.719577 |      6 | 0.914579 | 0.600000 | 0.690000 | 0.670000 | 0.646667 |   0.667092 |      242 |      207 |       35 |   5.718928 |      6 | 0.919384 | 2.041340
1051 | 315000.0 | 315300.0 | 0.007199 | 0.017486 |   5.718928 |      6 | 0.919384 | 0.600000 | 0.673333 | 0.706667 | 0.606667 |   2.859355 |      240 |      202 |       38 |   5.718401 |      6 | 0.939967 | 1.520135
1052 | 315300.0 | 315600.0 | 0.007194 | 0.017484 |   5.718401 |      6 | 0.939967 | 0.600000 | 0.660000 | 0.686667 | 0.660000 |   0.762599 |      237 |      198 |       39 |   5.717969 |      6 | 0.945453 | 1.381212
1053 | 315600.0 | 315900.0 | 0.007190 | 0.017482 |   5.717969 |      6 | 0.945453 | 0.600000 | 0.680000 | 0.656667 | 0.623333 |   0.953378 |      240 |      204 |       37 |   5.717394 |      6 | 0.952308 | 1.207641
1054 | 315900.0 | 316200.0 | 0.007185 | 0.017479 |   5.717394 |      6 | 0.952308 | 0.600000 | 0.730000 | 0.606667 | 0.683333 |  -2.193067 |      243 |      219 |       23 |   5.716460 |      6 | 0.936550 | 1.606667
1055 | 316200.0 | 316500.0 | 0.007181 | 0.017477 |   5.716460 |      6 | 0.936550 | 0.600000 | 0.706667 | 0.716667 | 0.673333 |   1.239728 |      241 |      212 |       29 |   5.715694 |      6 | 0.945452 | 1.381237
1056 | 316500.0 | 316800.0 | 0.007177 | 0.017475 |   5.715694 |      6 | 0.945452 | 0.600000 | 0.690000 | 0.643333 | 0.650000 |  -0.190753 |      241 |      207 |       34 |   5.715048 |      6 | 0.944083 | 1.415902
1057 | 316800.0 | 317100.0 | 0.007172 | 0.017472 |   5.715048 |      6 | 0.944083 | 0.600000 | 0.700000 | 0.666667 | 0.653333 |   0.381558 |      241 |      210 |       31 |   5.714330 |      6 | 0.946820 | 1.346604
1058 | 317100.0 | 317400.0 | 0.007168 | 0.017470 |   5.714330 |      6 | 0.946820 | 0.600000 | 0.686667 | 0.693333 | 0.633333 |   1.717245 |      240 |      206 |       34 |   5.713709 |      6 | 0.959130 | 1.034909
1059 | 317400.0 | 317700.0 | 0.007164 | 0.017467 |   5.713709 |      6 | 0.959130 | 0.600000 | 0.683333 | 0.503333 | 0.683333 |  -5.152432 |      237 |      205 |       32 |   5.713112 |      6 | 0.922219 | 1.969555
1060 | 317700.0 | 318000.0 | 0.007159 | 0.017465 |   5.713112 |      6 | 0.922219 | 0.600000 | 0.633333 | 0.710000 | 0.646667 |   1.813138 |      236 |      190 |       46 |   5.712874 |      6 | 0.935200 | 1.640852
1061 | 318000.0 | 318300.0 | 0.007155 | 0.017463 |   5.712874 |      6 | 0.935200 | 0.600000 | 0.730000 | 0.690000 | 0.640000 |   1.431618 |      245 |      219 |       26 |   5.711943 |      6 | 0.945443 | 1.381472
1062 | 318300.0 | 318600.0 | 0.007151 | 0.017460 |   5.711943 |      6 | 0.945443 | 0.600000 | 0.680000 | 0.646667 | 0.703333 |  -1.622719 |      239 |      204 |       35 |   5.711371 |      6 | 0.933839 | 1.675299
1063 | 318600.0 | 318900.0 | 0.007147 | 0.017458 |   5.711371 |      6 | 0.933839 | 0.600000 | 0.713333 | 0.700000 | 0.636667 |   1.813872 |      244 |      214 |       30 |   5.710561 |      6 | 0.946802 | 1.347057
1064 | 318900.0 | 319200.0 | 0.007142 | 0.017456 |   5.710561 |      6 | 0.946802 | 0.600000 | 0.653333 | 0.626667 | 0.680000 |  -1.527677 |      237 |      196 |       41 |   5.710180 |      6 | 0.935891 | 1.623342
1065 | 319200.0 | 319500.0 | 0.007138 | 0.017453 |   5.710180 |      6 | 0.935891 | 0.600000 | 0.703333 | 0.660000 | 0.666667 |  -0.190985 |      242 |      211 |       31 |   5.709443 |      6 | 0.934528 | 1.657862
1066 | 319500.0 | 319800.0 | 0.007134 | 0.017451 |   5.709443 |      6 | 0.934528 | 0.600000 | 0.663333 | 0.626667 | 0.686667 |  -1.719099 |      239 |      199 |       40 |   5.708991 |      6 | 0.922265 | 1.968393
1067 | 319800.0 | 320100.0 | 0.007129 | 0.017449 |   5.708991 |      6 | 0.922265 | 0.600000 | 0.713333 | 0.663333 | 0.660000 |   0.095518 |      245 |      214 |       31 |   5.708183 |      6 | 0.922946 | 1.951149
1068 | 320100.0 | 320400.0 | 0.007125 | 0.017446 |   5.708183 |      6 | 0.922946 | 0.600000 | 0.720000 | 0.686667 | 0.670000 |   0.477656 |      244 |      216 |       28 |   5.707328 |      6 | 0.926349 | 1.864971
1069 | 320400.0 | 320700.0 | 0.007121 | 0.017444 |   5.707328 |      6 | 0.926349 | 0.600000 | 0.706667 | 0.663333 | 0.656667 |   0.191088 |      242 |      212 |       30 |   5.706569 |      6 | 0.927710 | 1.830516
1070 | 320700.0 | 321000.0 | 0.007117 | 0.017442 |   5.706569 |      6 | 0.927710 | 0.600000 | 0.696667 | 0.690000 | 0.666667 |   0.668897 |      242 |      209 |       33 |   5.705881 |      6 | 0.932470 | 1.709978
1071 | 321000.0 | 321300.0 | 0.007112 | 0.017439 |   5.705881 |      6 | 0.932470 | 0.600000 | 0.703333 | 0.673333 | 0.666667 |   0.191139 |      242 |      211 |       31 |   5.705146 |      6 | 0.933829 | 1.675555
1072 | 321300.0 | 321600.0 | 0.007108 | 0.017437 |   5.705146 |      6 | 0.933829 | 0.600000 | 0.703333 | 0.670000 | 0.646667 |   0.669076 |      243 |      211 |       32 |   5.704411 |      6 | 0.938585 | 1.555129
1073 | 321600.0 | 321900.0 | 0.007104 | 0.017435 |   5.704411 |      6 | 0.938585 | 0.600000 | 0.633333 | 0.683333 | 0.690000 |  -0.191190 |      235 |      190 |       45 |   5.704174 |      6 | 0.937227 | 1.589520
1074 | 321900.0 | 322200.0 | 0.007100 | 0.017432 |   5.704174 |      6 | 0.937227 | 0.600000 | 0.690000 | 0.713333 | 0.653333 |   1.720942 |      241 |      207 |       34 |   5.703535 |      6 | 0.949445 | 1.280141
1075 | 322200.0 | 322500.0 | 0.007095 | 0.017430 |   5.703535 |      6 | 0.949445 | 0.600000 | 0.736667 | 0.683333 | 0.650000 |   0.956206 |      245 |      221 |       24 |   5.702566 |      6 | 0.956230 | 1.108343
1076 | 322500.0 | 322800.0 | 0.007091 | 0.017428 |   5.702566 |      6 | 0.956230 | 0.600000 | 0.720000 | 0.560000 | 0.676667 |  -3.347168 |      242 |      216 |       26 |   5.701715 |      6 | 0.932494 | 1.709358
1077 | 322800.0 | 323100.0 | 0.007087 | 0.017425 |   5.701715 |      6 | 0.932494 | 0.600000 | 0.646667 | 0.630000 | 0.620000 |   0.286938 |      237 |      194 |       43 |   5.701384 |      6 | 0.934528 | 1.657866
1078 | 323100.0 | 323400.0 | 0.007083 | 0.017423 |   5.701384 |      6 | 0.934528 | 0.600000 | 0.663333 | 0.733333 | 0.666667 |   1.913177 |      239 |      199 |       40 |   5.700935 |      6 | 0.948078 | 1.314746
1079 | 323400.0 | 323700.0 | 0.007078 | 0.017421 |   5.700935 |      6 | 0.948078 | 0.600000 | 0.680000 | 0.706667 | 0.703333 |   0.095672 |      240 |      204 |       36 |   5.700369 |      6 | 0.948756 | 1.297598
1080 | 323700.0 | 324000.0 | 0.007074 | 0.017418 |   5.700369 |      6 | 0.948756 | 0.600000 | 0.700000 | 0.700000 | 0.646667 |   1.530948 |      241 |      210 |       31 |   5.699662 |      6 | 0.959586 | 1.023354
1081 | 324000.0 | 324300.0 | 0.007070 | 0.017416 |   5.699662 |      6 | 0.959586 | 0.600000 | 0.716667 | 0.516667 | 0.710000 |  -5.550424 |      238 |      215 |       24 |   5.698837 |      6 | 0.920344 | 2.017029
1082 | 324300.0 | 324600.0 | 0.007066 | 0.017414 |   5.698837 |      6 | 0.920344 | 0.600000 | 0.703333 | 0.706667 | 0.673333 |   0.957096 |      243 |      211 |       31 |   5.698107 |      6 | 0.927107 | 1.845785
1083 | 324600.0 | 324900.0 | 0.007062 | 0.017411 |   5.698107 |      6 | 0.927107 | 0.600000 | 0.643333 | 0.643333 | 0.666667 |  -0.670056 |      238 |      193 |       45 |   5.697801 |      6 | 0.922375 | 1.965601
1084 | 324900.0 | 325200.0 | 0.007058 | 0.017409 |   5.697801 |      6 | 0.922375 | 0.600000 | 0.643333 | 0.663333 | 0.663333 |   0.000000 |      236 |      193 |       43 |   5.697495 |      6 | 0.922375 | 1.965601
1085 | 325200.0 | 325500.0 | 0.007053 | 0.017407 |   5.697495 |      6 | 0.922375 | 0.600000 | 0.713333 | 0.663333 | 0.680000 |  -0.478738 |      244 |      214 |       30 |   5.696696 |      6 | 0.918998 | 2.051105
1086 | 325500.0 | 325800.0 | 0.007049 | 0.017405 |   5.696696 |      6 | 0.918998 | 0.600000 | 0.676667 | 0.670000 | 0.636667 |   0.957603 |      241 |      203 |       38 |   5.696155 |      6 | 0.925749 | 1.880175
1087 | 325800.0 | 326100.0 | 0.007045 | 0.017402 |   5.696155 |      6 | 0.925749 | 0.600000 | 0.643333 | 0.663333 | 0.656667 |   0.191546 |      236 |      193 |       43 |   5.695850 |      6 | 0.927098 | 1.846004
1088 | 326100.0 | 326400.0 | 0.007041 | 0.017400 |   5.695850 |      6 | 0.927098 | 0.600000 | 0.706667 | 0.670000 | 0.623333 |   1.340998 |      244 |      212 |       32 |   5.695099 |      6 | 0.936540 | 1.606921
1089 | 326400.0 | 326700.0 | 0.007037 | 0.017398 |   5.695099 |      6 | 0.936540 | 0.600000 | 0.696667 | 0.666667 | 0.686667 |  -0.574789 |      241 |      209 |       32 |   5.694419 |      6 | 0.932495 | 1.709338
1090 | 326700.0 | 327000.0 | 0.007033 | 0.017395 |   5.694419 |      6 | 0.932495 | 0.600000 | 0.730000 | 0.703333 | 0.673333 |   0.862297 |      245 |      219 |       26 |   5.693504 |      6 | 0.938559 | 1.555782
1091 | 327000.0 | 327300.0 | 0.007028 | 0.017393 |   5.693504 |      6 | 0.938559 | 0.600000 | 0.706667 | 0.716667 | 0.670000 |   1.341528 |      243 |      212 |       31 |   5.692755 |      6 | 0.947988 | 1.317026
1092 | 327300.0 | 327600.0 | 0.007024 | 0.017391 |   5.692755 |      6 | 0.947988 | 0.600000 | 0.686667 | 0.713333 | 0.700000 |   0.383344 |      239 |      206 |       34 |   5.692146 |      6 | 0.950681 | 1.248841
1093 | 327600.0 | 327900.0 | 0.007020 | 0.017389 |   5.692146 |      6 | 0.950681 | 0.600000 | 0.653333 | 0.630000 | 0.666667 |  -1.054334 |      236 |      196 |       39 |   5.691771 |      6 | 0.943279 | 1.436264
1094 | 327900.0 | 328200.0 | 0.007016 | 0.017386 |   5.691771 |      6 | 0.943279 | 0.600000 | 0.660000 | 0.700000 | 0.656667 |   1.246195 |      237 |      198 |       39 |   5.691351 |      6 | 0.952023 | 1.214865
1095 | 328200.0 | 328500.0 | 0.007012 | 0.017384 |   5.691351 |      6 | 0.952023 | 0.600000 | 0.623333 | 0.646667 | 0.620000 |   0.766990 |      234 |      187 |       47 |   5.691187 |      6 | 0.957401 | 1.078681
1096 | 328500.0 | 328800.0 | 0.007008 | 0.017382 |   5.691187 |      6 | 0.957401 | 0.600000 | 0.756667 | 0.546667 | 0.680000 |  -3.835451 |      245 |      227 |       18 |   5.690089 |      6 | 0.930522 | 1.759290
1097 | 328800.0 | 329100.0 | 0.007004 | 0.017379 |   5.690089 |      6 | 0.930522 | 0.600000 | 0.730000 | 0.676667 | 0.626667 |   1.438482 |      246 |      219 |       27 |   5.689178 |      6 | 0.940597 | 1.504178
1098 | 329100.0 | 329400.0 | 0.007000 | 0.017377 |   5.689178 |      6 | 0.940597 | 0.600000 | 0.723333 | 0.643333 | 0.686667 |  -1.246848 |      243 |      217 |       26 |   5.688315 |      6 | 0.931870 | 1.725175
1099 | 329400.0 | 329700.0 | 0.006996 | 0.017375 |   5.688315 |      6 | 0.931870 | 0.600000 | 0.700000 | 0.686667 | 0.673333 |   0.383696 |      243 |      210 |       33 |   5.687616 |      6 | 0.934554 | 1.657207
1100 | 329700.0 | 330000.0 | 0.006992 | 0.017373 |   5.687616 |      6 | 0.934554 | 0.600000 | 0.703333 | 0.680000 | 0.656667 |   0.671555 |      241 |      211 |       30 |   5.686893 |      6 | 0.939249 | 1.538316
1101 | 330000.0 | 330300.0 | 0.006987 | 0.017370 |   5.686893 |      6 | 0.939249 | 0.600000 | 0.673333 | 0.723333 | 0.690000 |   0.959489 |      240 |      202 |       38 |   5.686381 |      6 | 0.945954 | 1.368549
1102 | 330300.0 | 330600.0 | 0.006983 | 0.017368 |   5.686381 |      6 | 0.945954 | 0.600000 | 0.700000 | 0.680000 | 0.676667 |   0.095961 |      242 |      210 |       32 |   5.685682 |      6 | 0.946624 | 1.351580
1103 | 330600.0 | 330900.0 | 0.006979 | 0.017366 |   5.685682 |      6 | 0.946624 | 0.600000 | 0.660000 | 0.673333 | 0.683333 |  -0.287922 |      237 |      198 |       40 |   5.685264 |      6 | 0.944614 | 1.402464
1104 | 330900.0 | 331200.0 | 0.006975 | 0.017364 |   5.685264 |      6 | 0.944614 | 0.600000 | 0.660000 | 0.696667 | 0.670000 |   0.767891 |      238 |      198 |       39 |   5.684845 |      6 | 0.949970 | 1.266835
1105 | 331200.0 | 331500.0 | 0.006971 | 0.017361 |   5.684845 |      6 | 0.949970 | 0.600000 | 0.703333 | 0.706667 | 0.730000 |  -0.671992 |      241 |      211 |       30 |   5.684125 |      6 | 0.945286 | 1.385457
1106 | 331500.0 | 331800.0 | 0.006967 | 0.017359 |   5.684125 |      6 | 0.945286 | 0.600000 | 0.683333 | 0.670000 | 0.653333 |   0.480057 |      240 |      205 |       35 |   5.683544 |      6 | 0.948630 | 1.300765
1107 | 331800.0 | 332100.0 | 0.006963 | 0.017357 |   5.683544 |      6 | 0.948630 | 0.600000 | 0.713333 | 0.680000 | 0.633333 |   1.344333 |      242 |      214 |       28 |   5.682755 |      6 | 0.957991 | 1.063734
1108 | 332100.0 | 332400.0 | 0.006959 | 0.017355 |   5.682755 |      6 | 0.957991 | 0.600000 | 0.726667 | 0.536667 | 0.703333 |  -4.801811 |      242 |      218 |       24 |   5.681874 |      6 | 0.924575 | 1.909892
1109 | 332400.0 | 332700.0 | 0.006955 | 0.017352 |   5.681874 |      6 | 0.924575 | 0.600000 | 0.706667 | 0.696667 | 0.630000 |   1.920973 |      243 |      212 |       31 |   5.681132 |      6 | 0.937935 | 1.571581
1110 | 332700.0 | 333000.0 | 0.006951 | 0.017350 |   5.681132 |      6 | 0.937935 | 0.600000 | 0.666667 | 0.693333 | 0.693333 |   0.000000 |      239 |      200 |       39 |   5.680668 |      6 | 0.937935 | 1.571581
1111 | 333000.0 | 333300.0 | 0.006947 | 0.017348 |   5.680668 |      6 | 0.937935 | 0.600000 | 0.673333 | 0.690000 | 0.653333 |   1.056808 |      239 |      202 |       38 |   5.680159 |      6 | 0.945277 | 1.385677
1112 | 333300.0 | 333600.0 | 0.006943 | 0.017346 |   5.680159 |      6 | 0.945277 | 0.600000 | 0.703333 | 0.683333 | 0.696667 |  -0.384344 |      242 |      211 |       30 |   5.679441 |      6 | 0.942609 | 1.453248
1113 | 333600.0 | 333900.0 | 0.006939 | 0.017343 |   5.679441 |      6 | 0.942609 | 0.600000 | 0.703333 | 0.676667 | 0.670000 |   0.192197 |      242 |      211 |       32 |   5.678724 |      6 | 0.943942 | 1.419478
1114 | 333900.0 | 334200.0 | 0.006935 | 0.017341 |   5.678724 |      6 | 0.943942 | 0.600000 | 0.683333 | 0.620000 | 0.663333 |  -1.249439 |      239 |      205 |       33 |   5.678146 |      6 | 0.935277 | 1.638887
1115 | 334200.0 | 334500.0 | 0.006931 | 0.017339 |   5.678146 |      6 | 0.935277 | 0.600000 | 0.696667 | 0.670000 | 0.703333 |  -0.961231 |      242 |      209 |       33 |   5.677476 |      6 | 0.928615 | 1.807588
1116 | 334500.0 | 334800.0 | 0.006927 | 0.017337 |   5.677476 |      6 | 0.928615 | 0.600000 | 0.703333 | 0.636667 | 0.670000 |  -0.961354 |      244 |      211 |       33 |   5.676761 |      6 | 0.921956 | 1.976213
1117 | 334800.0 | 335100.0 | 0.006923 | 0.017334 |   5.676761 |      6 | 0.921956 | 0.600000 | 0.690000 | 0.716667 | 0.700000 |   0.480739 |      240 |      207 |       34 |   5.676138 |      6 | 0.925284 | 1.891938
1118 | 335100.0 | 335400.0 | 0.006919 | 0.017332 |   5.676138 |      6 | 0.925284 | 0.600000 | 0.680000 | 0.683333 | 0.643333 |   1.153922 |      241 |      204 |       36 |   5.675584 |      6 | 0.933268 | 1.689768
1119 | 335400.0 | 335700.0 | 0.006915 | 0.017330 |   5.675584 |      6 | 0.933268 | 0.600000 | 0.690000 | 0.680000 | 0.653333 |   0.769380 |      242 |      207 |       35 |   5.674962 |      6 | 0.938588 | 1.555049
1120 | 335700.0 | 336000.0 | 0.006911 | 0.017328 |   5.674962 |      6 | 0.938588 | 0.600000 | 0.650000 | 0.726667 | 0.673333 |   1.538957 |      237 |      195 |       42 |   5.674616 |      6 | 0.949224 | 1.285729
1121 | 336000.0 | 336300.0 | 0.006907 | 0.017326 |   5.674616 |      6 | 0.949224 | 0.600000 | 0.713333 | 0.673333 | 0.636667 |   1.058169 |      242 |      214 |       28 |   5.673833 |      6 | 0.956533 | 1.100654
1122 | 336300.0 | 336600.0 | 0.006903 | 0.017323 |   5.673833 |      6 | 0.956533 | 0.600000 | 0.650000 | 0.553333 | 0.666667 |  -3.271122 |      235 |      195 |       40 |   5.673488 |      6 | 0.933952 | 1.672449
1123 | 336600.0 | 336900.0 | 0.006899 | 0.017321 |   5.673488 |      6 | 0.933952 | 0.600000 | 0.713333 | 0.710000 | 0.690000 |   0.577331 |      243 |      214 |       29 |   5.672706 |      6 | 0.937935 | 1.571589
1124 | 336900.0 | 337200.0 | 0.006895 | 0.017319 |   5.672706 |      6 | 0.937935 | 0.600000 | 0.690000 | 0.670000 | 0.640000 |   0.866107 |      241 |      207 |       34 |   5.672086 |      6 | 0.943907 | 1.420366
1125 | 337200.0 | 337500.0 | 0.006891 | 0.017317 |   5.672086 |      6 | 0.943907 | 0.600000 | 0.680000 | 0.653333 | 0.626667 |   0.769971 |      239 |      204 |       35 |   5.671534 |      6 | 0.949213 | 1.286005
1126 | 337500.0 | 337800.0 | 0.006887 | 0.017314 |   5.671534 |      6 | 0.949213 | 0.600000 | 0.696667 | 0.670000 | 0.703333 |  -0.962587 |      241 |      209 |       32 |   5.670869 |      6 | 0.942584 | 1.453882
1127 | 337800.0 | 338100.0 | 0.006883 | 0.017312 |   5.670869 |      6 | 0.942584 | 0.600000 | 0.706667 | 0.653333 | 0.706667 |  -1.540335 |      243 |      212 |       31 |   5.670134 |      6 | 0.931981 | 1.722365
1128 | 338100.0 | 338400.0 | 0.006880 | 0.017310 |   5.670134 |      6 | 0.931981 | 0.600000 | 0.696667 | 0.740000 | 0.730000 |   0.288850 |      241 |      209 |       32 |   5.669469 |      6 | 0.933968 | 1.672047
1129 | 338400.0 | 338700.0 | 0.006876 | 0.017308 |   5.669469 |      6 | 0.933968 | 0.600000 | 0.666667 | 0.666667 | 0.686667 |  -0.577773 |      239 |      200 |       39 |   5.669011 |      6 | 0.929995 | 1.772639
1130 | 338700.0 | 339000.0 | 0.006872 | 0.017306 |   5.669011 |      6 | 0.929995 | 0.600000 | 0.670000 | 0.680000 | 0.633333 |   1.348308 |      240 |      201 |       39 |   5.668530 |      6 | 0.939261 | 1.538028
1131 | 339000.0 | 339300.0 | 0.006868 | 0.017303 |   5.668530 |      6 | 0.939261 | 0.600000 | 0.690000 | 0.673333 | 0.683333 |  -0.288960 |      240 |      207 |       33 |   5.667912 |      6 | 0.937276 | 1.588279
1132 | 339300.0 | 339600.0 | 0.006864 | 0.017301 |   5.667912 |      6 | 0.937276 | 0.600000 | 0.730000 | 0.663333 | 0.663333 |   0.000000 |      246 |      219 |       27 |   5.667019 |      6 | 0.937276 | 1.588279
1133 | 339600.0 | 339900.0 | 0.006860 | 0.017299 |   5.667019 |      6 | 0.937276 | 0.600000 | 0.700000 | 0.720000 | 0.666667 |   1.541510 |      242 |      210 |       32 |   5.666333 |      6 | 0.947851 | 1.320507
1134 | 339900.0 | 340200.0 | 0.006856 | 0.017297 |   5.666333 |      6 | 0.947851 | 0.600000 | 0.683333 | 0.640000 | 0.683333 |  -1.252636 |      239 |      205 |       34 |   5.665762 |      6 | 0.939263 | 1.537976
1135 | 340200.0 | 340500.0 | 0.006852 | 0.017295 |   5.665762 |      6 | 0.939263 | 0.600000 | 0.710000 | 0.670000 | 0.633333 |   1.060057 |      243 |      213 |       30 |   5.665008 |      6 | 0.946526 | 1.354045
1136 | 340500.0 | 340800.0 | 0.006848 | 0.017292 |   5.665008 |      6 | 0.946526 | 0.600000 | 0.720000 | 0.683333 | 0.663333 |   0.578286 |      243 |      216 |       27 |   5.664187 |      6 | 0.950487 | 1.253763
1137 | 340800.0 | 341100.0 | 0.006844 | 0.017290 |   5.664187 |      6 | 0.950487 | 0.600000 | 0.720000 | 0.656667 | 0.660000 |  -0.096393 |      243 |      216 |       27 |   5.663365 |      6 | 0.949827 | 1.270469
1138 | 341100.0 | 341400.0 | 0.006841 | 0.017288 |   5.663365 |      6 | 0.949827 | 0.600000 | 0.696667 | 0.670000 | 0.680000 |  -0.289216 |      240 |      209 |       31 |   5.662704 |      6 | 0.947848 | 1.320566
1139 | 341400.0 | 341700.0 | 0.006837 | 0.017286 |   5.662704 |      6 | 0.947848 | 0.600000 | 0.673333 | 0.670000 | 0.686667 |  -0.482088 |      239 |      202 |       37 |   5.662203 |      6 | 0.944553 | 1.404024
1140 | 341700.0 | 342000.0 | 0.006833 | 0.017284 |   5.662203 |      6 | 0.944553 | 0.600000 | 0.720000 | 0.690000 | 0.720000 |  -0.867867 |      243 |      216 |       27 |   5.661383 |      6 | 0.938623 | 1.554183
1141 | 342000.0 | 342300.0 | 0.006829 | 0.017282 |   5.661383 |      6 | 0.938623 | 0.600000 | 0.670000 | 0.713333 | 0.676667 |   1.060860 |      240 |      201 |       39 |   5.660905 |      6 | 0.945867 | 1.370736
1142 | 342300.0 | 342600.0 | 0.006825 | 0.017279 |   5.660905 |      6 | 0.945867 | 0.600000 | 0.720000 | 0.690000 | 0.646667 |   1.253902 |      243 |      216 |       27 |   5.660086 |      6 | 0.954425 | 1.154030
1143 | 342600.0 | 342900.0 | 0.006821 | 0.017277 |   5.660086 |      6 | 0.954425 | 0.600000 | 0.656667 | 0.623333 | 0.673333 |  -1.446992 |      235 |      197 |       38 |   5.659699 |      6 | 0.944555 | 1.403966
1144 | 342900.0 | 343200.0 | 0.006818 | 0.017275 |   5.659699 |      6 | 0.944555 | 0.600000 | 0.710000 | 0.690000 | 0.683333 |   0.192956 |      243 |      213 |       30 |   5.658949 |      6 | 0.945870 | 1.370656
1145 | 343200.0 | 343500.0 | 0.006814 | 0.017273 |   5.658949 |      6 | 0.945870 | 0.600000 | 0.636667 | 0.690000 | 0.690000 |   0.000000 |      235 |      191 |       44 |   5.658699 |      6 | 0.945870 | 1.370656
1146 | 343500.0 | 343800.0 | 0.006810 | 0.017271 |   5.658699 |      6 | 0.945870 | 0.600000 | 0.696667 | 0.633333 | 0.680000 |  -1.351035 |      240 |      209 |       31 |   5.658041 |      6 | 0.936670 | 1.603624
1147 | 343800.0 | 344100.0 | 0.006806 | 0.017269 |   5.658041 |      6 | 0.936670 | 0.600000 | 0.686667 | 0.646667 | 0.620000 |   0.772117 |      242 |      206 |       36 |   5.657451 |      6 | 0.941925 | 1.470557
1148 | 344100.0 | 344400.0 | 0.006802 | 0.017266 |   5.657451 |      6 | 0.941925 | 0.600000 | 0.683333 | 0.680000 | 0.650000 |   0.868740 |      240 |      205 |       35 |   5.656884 |      6 | 0.947834 | 1.320923
1149 | 344400.0 | 344700.0 | 0.006798 | 0.017264 |   5.656884 |      6 | 0.947834 | 0.600000 | 0.716667 | 0.676667 | 0.696667 |  -0.579232 |      242 |      215 |       27 |   5.656091 |      6 | 0.943897 | 1.420636
1150 | 344700.0 | 345000.0 | 0.006795 | 0.017262 |   5.656091 |      6 | 0.943897 | 0.600000 | 0.710000 | 0.663333 | 0.640000 |   0.675856 |      242 |      213 |       29 |   5.655344 |      6 | 0.948489 | 1.304354
1151 | 345000.0 | 345300.0 | 0.006791 | 0.017260 |   5.655344 |      6 | 0.948489 | 0.600000 | 0.686667 | 0.646667 | 0.666667 |  -0.579377 |      241 |      206 |       35 |   5.654755 |      6 | 0.944554 | 1.403981
1152 | 345300.0 | 345600.0 | 0.006787 | 0.017258 |   5.654755 |      6 | 0.944554 | 0.600000 | 0.710000 | 0.660000 | 0.673333 |  -0.386300 |      242 |      213 |       29 |   5.654009 |      6 | 0.941932 | 1.470370
1153 | 345600.0 | 345900.0 | 0.006783 | 0.017256 |   5.654009 |      6 | 0.941932 | 0.600000 | 0.706667 | 0.686667 | 0.670000 |   0.482935 |      242 |      212 |       30 |   5.653285 |      6 | 0.945208 | 1.387420
1154 | 345900.0 | 346200.0 | 0.006779 | 0.017253 |   5.653285 |      6 | 0.945208 | 0.600000 | 0.690000 | 0.706667 | 0.660000 |   1.352386 |      242 |      207 |       35 |   5.652675 |      6 | 0.954377 | 1.155260
1155 | 346200.0 | 346500.0 | 0.006776 | 0.017251 |   5.652675 |      6 | 0.954377 | 0.600000 | 0.730000 | 0.613333 | 0.696667 |  -2.415276 |      242 |      219 |       23 |   5.651794 |      6 | 0.938012 | 1.569651
1156 | 346500.0 | 346800.0 | 0.006772 | 0.017249 |   5.651794 |      6 | 0.938012 | 0.600000 | 0.700000 | 0.686667 | 0.630000 |   1.642592 |      242 |      210 |       32 |   5.651117 |      6 | 0.949135 | 1.287987
1157 | 346800.0 | 347100.0 | 0.006768 | 0.017247 |   5.651117 |      6 | 0.949135 | 0.600000 | 0.693333 | 0.640000 | 0.646667 |  -0.193270 |      239 |      208 |       31 |   5.650485 |      6 | 0.947827 | 1.321110
1158 | 347100.0 | 347400.0 | 0.006764 | 0.017245 |   5.650485 |      6 | 0.947827 | 0.600000 | 0.680000 | 0.643333 | 0.656667 |  -0.386588 |      240 |      204 |       36 |   5.649944 |      6 | 0.945212 | 1.387326
1159 | 347400.0 | 347700.0 | 0.006761 | 0.017243 |   5.649944 |      6 | 0.945212 | 0.600000 | 0.680000 | 0.683333 | 0.646667 |   1.063250 |      239 |      204 |       35 |   5.649403 |      6 | 0.952400 | 1.205310
1160 | 347700.0 | 348000.0 | 0.006757 | 0.017241 |   5.649403 |      6 | 0.952400 | 0.600000 | 0.706667 | 0.623333 | 0.713333 |  -2.610119 |      241 |      212 |       29 |   5.648683 |      6 | 0.934764 | 1.651885
1161 | 348000.0 | 348300.0 | 0.006753 | 0.017238 |   5.648683 |      6 | 0.934764 | 0.600000 | 0.690000 | 0.696667 | 0.726667 |  -0.870147 |      241 |      207 |       34 |   5.648075 |      6 | 0.928888 | 1.800679
1162 | 348300.0 | 348600.0 | 0.006749 | 0.017236 |   5.648075 |      6 | 0.928888 | 0.600000 | 0.673333 | 0.693333 | 0.643333 |   1.450425 |      239 |      202 |       37 |   5.647580 |      6 | 0.938677 | 1.552795
1163 | 348600.0 | 348900.0 | 0.006746 | 0.017234 |   5.647580 |      6 | 0.938677 | 0.600000 | 0.683333 | 0.693333 | 0.643333 |   1.450605 |      241 |      205 |       36 |   5.647018 |      6 | 0.948462 | 1.305019
1164 | 348900.0 | 349200.0 | 0.006742 | 0.017232 |   5.647018 |      6 | 0.948462 | 0.600000 | 0.620000 | 0.666667 | 0.716667 |  -1.450784 |      233 |      186 |       47 |   5.646883 |      6 | 0.938682 | 1.552689
1165 | 349200.0 | 349500.0 | 0.006738 | 0.017230 |   5.646883 |      6 | 0.938682 | 0.600000 | 0.636667 | 0.700000 | 0.663333 |   1.064040 |      235 |      191 |       44 |   5.646636 |      6 | 0.945851 | 1.371142
1166 | 349500.0 | 349800.0 | 0.006734 | 0.017228 |   5.646636 |      6 | 0.945851 | 0.600000 | 0.750000 | 0.643333 | 0.670000 |  -0.773943 |      247 |      225 |       22 |   5.645626 |      6 | 0.940639 | 1.503119
1167 | 349800.0 | 350100.0 | 0.006731 | 0.017226 |   5.645626 |      6 | 0.940639 | 0.600000 | 0.700000 | 0.686667 | 0.696667 |  -0.290264 |      241 |      210 |       31 |   5.644953 |      6 | 0.938685 | 1.552590
1168 | 350100.0 | 350400.0 | 0.006727 | 0.017224 |   5.644953 |      6 | 0.938685 | 0.600000 | 0.723333 | 0.660000 | 0.676667 |  -0.483833 |      244 |      217 |       28 |   5.644123 |      6 | 0.935431 | 1.635004
1169 | 350400.0 | 350700.0 | 0.006723 | 0.017221 |   5.644123 |      6 | 0.935431 | 0.600000 | 0.700000 | 0.700000 | 0.680000 |   0.580672 |      242 |      210 |       31 |   5.643451 |      6 | 0.939335 | 1.536149
1170 | 350700.0 | 351000.0 | 0.006720 | 0.017219 |   5.643451 |      6 | 0.939335 | 0.600000 | 0.720000 | 0.660000 | 0.683333 |  -0.677533 |      244 |      216 |       28 |   5.642644 |      6 | 0.934782 | 1.651431
1171 | 351000.0 | 351300.0 | 0.006716 | 0.017217 |   5.642644 |      6 | 0.934782 | 0.600000 | 0.733333 | 0.640000 | 0.636667 |   0.096802 |      245 |      220 |       25 |   5.641749 |      6 | 0.935432 | 1.634969
1172 | 351300.0 | 351600.0 | 0.006712 | 0.017215 |   5.641749 |      6 | 0.935432 | 0.600000 | 0.663333 | 0.676667 | 0.670000 |   0.193629 |      239 |      199 |       40 |   5.641324 |      6 | 0.936732 | 1.602060
1173 | 351600.0 | 351900.0 | 0.006708 | 0.017213 |   5.641324 |      6 | 0.936732 | 0.600000 | 0.663333 | 0.693333 | 0.640000 |   1.549219 |      238 |      199 |       39 |   5.640899 |      6 | 0.947125 | 1.338896
1174 | 351900.0 | 352200.0 | 0.006705 | 0.017211 |   5.640899 |      6 | 0.947125 | 0.600000 | 0.736667 | 0.683333 | 0.660000 |   0.677866 |      246 |      221 |       25 |   5.639983 |      6 | 0.951670 | 1.223811
1175 | 352200.0 | 352500.0 | 0.006701 | 0.017209 |   5.639983 |      6 | 0.951670 | 0.600000 | 0.686667 | 0.633333 | 0.666667 |  -0.968499 |      239 |      206 |       33 |   5.639402 |      6 | 0.945180 | 1.388148
1176 | 352500.0 | 352800.0 | 0.006697 | 0.017207 |   5.639402 |      6 | 0.945180 | 0.600000 | 0.676667 | 0.646667 | 0.686667 |  -1.162341 |      239 |      203 |       36 |   5.638888 |      6 | 0.937395 | 1.585268
1177 | 352800.0 | 353100.0 | 0.006694 | 0.017205 |   5.638888 |      6 | 0.937395 | 0.600000 | 0.696667 | 0.683333 | 0.653333 |   0.871862 |      242 |      209 |       33 |   5.638241 |      6 | 0.943231 | 1.437491
1178 | 353100.0 | 353400.0 | 0.006690 | 0.017202 |   5.638241 |      6 | 0.943231 | 0.600000 | 0.686667 | 0.663333 | 0.653333 |   0.290656 |      240 |      206 |       34 |   5.637661 |      6 | 0.945175 | 1.388253
1179 | 353400.0 | 353700.0 | 0.006686 | 0.017200 |   5.637661 |      6 | 0.945175 | 0.600000 | 0.706667 | 0.656667 | 0.653333 |   0.096897 |      241 |      212 |       30 |   5.636948 |      6 | 0.945823 | 1.371847
1180 | 353700.0 | 354000.0 | 0.006683 | 0.017198 |   5.636948 |      6 | 0.945823 | 0.600000 | 0.683333 | 0.663333 | 0.686667 |  -0.678364 |      240 |      205 |       34 |   5.636391 |      6 | 0.941290 | 1.486638
1181 | 354000.0 | 354300.0 | 0.006679 | 0.017196 |   5.636391 |      6 | 0.941290 | 0.600000 | 0.673333 | 0.656667 | 0.690000 |  -0.969209 |      239 |      202 |       37 |   5.635902 |      6 | 0.934817 | 1.650556
1182 | 354300.0 | 354600.0 | 0.006675 | 0.017194 |   5.635902 |      6 | 0.934817 | 0.600000 | 0.633333 | 0.643333 | 0.666667 |  -0.678529 |      236 |      190 |       46 |   5.635679 |      6 | 0.930287 | 1.765250
1183 | 354600.0 | 354900.0 | 0.006672 | 0.017192 |   5.635679 |      6 | 0.930287 | 0.600000 | 0.686667 | 0.663333 | 0.673333 |  -0.290834 |      241 |      206 |       35 |   5.635101 |      6 | 0.928347 | 1.814384
1184 | 354900.0 | 355200.0 | 0.006668 | 0.017190 |   5.635101 |      6 | 0.928347 | 0.600000 | 0.656667 | 0.673333 | 0.686667 |  -0.387825 |      239 |      197 |       42 |   5.634723 |      6 | 0.925761 | 1.879867
1185 | 355200.0 | 355500.0 | 0.006665 | 0.017188 |   5.634723 |      6 | 0.925761 | 0.600000 | 0.696667 | 0.646667 | 0.700000 |  -1.551489 |      242 |      209 |       33 |   5.634079 |      6 | 0.915421 | 2.141692
1186 | 355500.0 | 355800.0 | 0.006661 | 0.017186 |   5.634079 |      6 | 0.915421 | 0.600000 | 0.680000 | 0.713333 | 0.643333 |   2.036577 |      240 |      204 |       36 |   5.633546 |      6 | 0.928986 | 1.798193
1187 | 355800.0 | 356100.0 | 0.006657 | 0.017184 |   5.633546 |      6 | 0.928986 | 0.600000 | 0.713333 | 0.643333 | 0.640000 |   0.096992 |      244 |      214 |       30 |   5.632791 |      6 | 0.929632 | 1.781843
1188 | 356100.0 | 356400.0 | 0.006654 | 0.017182 |   5.632791 |      6 | 0.929632 | 0.600000 | 0.696667 | 0.710000 | 0.710000 |   0.000000 |      241 |      209 |       32 |   5.632148 |      6 | 0.929632 | 1.781843
1189 | 356400.0 | 356700.0 | 0.006650 | 0.017179 |   5.632148 |      6 | 0.929632 | 0.600000 | 0.706667 | 0.693333 | 0.676667 |   0.485076 |      243 |      212 |       31 |   5.631439 |      6 | 0.932858 | 1.700161
1190 | 356700.0 | 357000.0 | 0.006646 | 0.017177 |   5.631439 |      6 | 0.932858 | 0.600000 | 0.680000 | 0.710000 | 0.656667 |   1.552430 |      241 |      204 |       37 |   5.630907 |      6 | 0.943176 | 1.438889
1191 | 357000.0 | 357300.0 | 0.006643 | 0.017175 |   5.630907 |      6 | 0.943176 | 0.600000 | 0.716667 | 0.720000 | 0.660000 |   1.746695 |      244 |      215 |       29 |   5.630132 |      6 | 0.954779 | 1.145082
1192 | 357300.0 | 357600.0 | 0.006639 | 0.017173 |   5.630132 |      6 | 0.954779 | 0.600000 | 0.730000 | 0.573333 | 0.640000 |  -1.941006 |      241 |      219 |       22 |   5.629269 |      6 | 0.941892 | 1.471397
1193 | 357600.0 | 357900.0 | 0.006636 | 0.017171 |   5.629269 |      6 | 0.941892 | 0.600000 | 0.686667 | 0.676667 | 0.676667 |   0.000000 |      242 |      206 |       36 |   5.628694 |      6 | 0.941892 | 1.471397
1194 | 357900.0 | 358200.0 | 0.006632 | 0.017169 |   5.628694 |      6 | 0.941892 | 0.600000 | 0.683333 | 0.683333 | 0.673333 |   0.291221 |      239 |      205 |       35 |   5.628141 |      6 | 0.943823 | 1.422491
1195 | 358200.0 | 358500.0 | 0.006628 | 0.017167 |   5.628141 |      6 | 0.943823 | 0.600000 | 0.690000 | 0.616667 | 0.663333 |  -1.359196 |      240 |      207 |       32 |   5.627545 |      6 | 0.934814 | 1.650623
1196 | 358500.0 | 358800.0 | 0.006625 | 0.017165 |   5.627545 |      6 | 0.934814 | 0.600000 | 0.733333 | 0.710000 | 0.680000 |   0.873874 |      247 |      220 |       27 |   5.626661 |      6 | 0.940603 | 1.504028
1197 | 358800.0 | 359100.0 | 0.006621 | 0.017163 |   5.626661 |      6 | 0.940603 | 0.600000 | 0.733333 | 0.723333 | 0.696667 |   0.776871 |      244 |      220 |       24 |   5.625779 |      6 | 0.945747 | 1.373776
1198 | 359100.0 | 359400.0 | 0.006618 | 0.017161 |   5.625779 |      6 | 0.945747 | 0.600000 | 0.686667 | 0.646667 | 0.660000 |  -0.388482 |      241 |      206 |       35 |   5.625205 |      6 | 0.943176 | 1.438875
1199 | 359400.0 | 359700.0 | 0.006614 | 0.017159 |   5.625205 |      6 | 0.943176 | 0.600000 | 0.690000 | 0.700000 | 0.653333 |   1.359850 |      239 |      207 |       33 |   5.624610 |      6 | 0.952171 | 1.211125
1200 | 359700.0 | 360000.0 | 0.006611 | 0.017157 |   5.624610 |      6 | 0.952171 | 0.600000 | 0.636667 | 0.566667 | 0.660000 |  -2.720027 |      234 |      191 |       42 |   5.624367 |      6 | 0.934190 | 1.666434
1201 | 360000.0 | 360300.0 | 0.006607 | 0.017155 |   5.624367 |      6 | 0.934190 | 0.600000 | 0.663333 | 0.700000 | 0.676667 |   0.680088 |      239 |      199 |       40 |   5.623949 |      6 | 0.938683 | 1.552654
1202 | 360300.0 | 360600.0 | 0.006603 | 0.017153 |   5.623949 |      6 | 0.938683 | 0.600000 | 0.716667 | 0.666667 | 0.700000 |  -0.971671 |      243 |      215 |       29 |   5.623179 |      6 | 0.932266 | 1.715129
1203 | 360600.0 | 360900.0 | 0.006600 | 0.017151 |   5.623179 |      6 | 0.932266 | 0.600000 | 0.693333 | 0.686667 | 0.640000 |   1.360503 |      242 |      208 |       33 |   5.622563 |      6 | 0.941246 | 1.487760
1204 | 360900.0 | 361200.0 | 0.006596 | 0.017148 |   5.622563 |      6 | 0.941246 | 0.600000 | 0.713333 | 0.670000 | 0.633333 |   1.069094 |      243 |      214 |       29 |   5.621815 |      6 | 0.948298 | 1.309187
1205 | 361200.0 | 361500.0 | 0.006593 | 0.017146 |   5.621815 |      6 | 0.948298 | 0.600000 | 0.676667 | 0.703333 | 0.676667 |   0.777616 |      239 |      203 |       36 |   5.621310 |      6 | 0.953425 | 1.179370
1206 | 361500.0 | 361800.0 | 0.006589 | 0.017144 |   5.621310 |      6 | 0.953425 | 0.600000 | 0.706667 | 0.630000 | 0.710000 |  -2.333127 |      241 |      212 |       29 |   5.620607 |      6 | 0.938051 | 1.568658
1207 | 361800.0 | 362100.0 | 0.006586 | 0.017142 |   5.620607 |      6 | 0.938051 | 0.600000 | 0.696667 | 0.670000 | 0.633333 |   1.069478 |      241 |      209 |       32 |   5.619970 |      6 | 0.945094 | 1.390309
1208 | 362100.0 | 362400.0 | 0.006582 | 0.017140 |   5.619970 |      6 | 0.945094 | 0.600000 | 0.730000 | 0.680000 | 0.683333 |  -0.097237 |      246 |      219 |       27 |   5.619114 |      6 | 0.944454 | 1.406516
1209 | 362400.0 | 362700.0 | 0.006579 | 0.017138 |   5.619114 |      6 | 0.944454 | 0.600000 | 0.676667 | 0.703333 | 0.670000 |   0.972484 |      238 |      203 |       35 |   5.618610 |      6 | 0.950852 | 1.244515
1210 | 362700.0 | 363000.0 | 0.006575 | 0.017136 |   5.618610 |      6 | 0.950852 | 0.600000 | 0.683333 | 0.666667 | 0.693333 |  -0.778080 |      239 |      205 |       34 |   5.618062 |      6 | 0.945736 | 1.374062
1211 | 363000.0 | 363300.0 | 0.006572 | 0.017134 |   5.618062 |      6 | 0.945736 | 0.600000 | 0.706667 | 0.713333 | 0.690000 |   0.680901 |      242 |      212 |       30 |   5.617361 |      6 | 0.950211 | 1.260755
1212 | 363300.0 | 363600.0 | 0.006568 | 0.017132 |   5.617361 |      6 | 0.950211 | 0.600000 | 0.700000 | 0.710000 | 0.673333 |   1.070115 |      240 |      210 |       30 |   5.616704 |      6 | 0.957239 | 1.082776
1213 | 363600.0 | 363900.0 | 0.006565 | 0.017130 |   5.616704 |      6 | 0.957239 | 0.600000 | 0.723333 | 0.556667 | 0.660000 |  -3.016136 |      243 |      217 |       26 |   5.615895 |      6 | 0.937439 | 1.584146
1214 | 363900.0 | 364200.0 | 0.006561 | 0.017128 |   5.615895 |      6 | 0.937439 | 0.600000 | 0.680000 | 0.646667 | 0.643333 |   0.097306 |      239 |      204 |       35 |   5.615370 |      6 | 0.938078 | 1.567980
1215 | 364200.0 | 364500.0 | 0.006558 | 0.017126 |   5.615370 |      6 | 0.938078 | 0.600000 | 0.706667 | 0.703333 | 0.726667 |  -0.681225 |      244 |      212 |       32 |   5.614670 |      6 | 0.933610 | 1.681099
1216 | 364500.0 | 364800.0 | 0.006554 | 0.017124 |   5.614670 |      6 | 0.933610 | 0.600000 | 0.696667 | 0.700000 | 0.660000 |   1.167952 |      241 |      209 |       32 |   5.614037 |      6 | 0.941265 | 1.487260
1217 | 364800.0 | 365100.0 | 0.006551 | 0.017122 |   5.614037 |      6 | 0.941265 | 0.600000 | 0.716667 | 0.653333 | 0.683333 |  -0.876068 |      243 |      215 |       28 |   5.613272 |      6 | 0.935527 | 1.632579
1218 | 365100.0 | 365400.0 | 0.006547 | 0.017120 |   5.613272 |      6 | 0.935527 | 0.600000 | 0.716667 | 0.693333 | 0.690000 |   0.097352 |      244 |      215 |       29 |   5.612509 |      6 | 0.936164 | 1.616439
1219 | 365400.0 | 365700.0 | 0.006544 | 0.017118 |   5.612509 |      6 | 0.936164 | 0.600000 | 0.663333 | 0.670000 | 0.723333 |  -1.557822 |      238 |      199 |       39 |   5.612094 |      6 | 0.925970 | 1.874570
1220 | 365700.0 | 366000.0 | 0.006540 | 0.017116 |   5.612094 |      6 | 0.925970 | 0.600000 | 0.683333 | 0.683333 | 0.656667 |   0.779003 |      241 |      205 |       36 |   5.611549 |      6 | 0.931065 | 1.745558
1221 | 366000.0 | 366300.0 | 0.006537 | 0.017114 |   5.611549 |      6 | 0.931065 | 0.600000 | 0.713333 | 0.660000 | 0.653333 |   0.194774 |      244 |      214 |       30 |   5.610808 |      6 | 0.932338 | 1.713318
1222 | 366300.0 | 366600.0 | 0.006533 | 0.017112 |   5.610808 |      6 | 0.932338 | 0.600000 | 0.713333 | 0.703333 | 0.690000 |   0.389594 |      243 |      214 |       29 |   5.610068 |      6 | 0.934883 | 1.648865
1223 | 366600.0 | 366900.0 | 0.006530 | 0.017110 |   5.610068 |      6 | 0.934883 | 0.600000 | 0.716667 | 0.690000 | 0.620000 |   2.045607 |      244 |      215 |       30 |   5.609306 |      6 | 0.948241 | 1.310626
1224 | 366900.0 | 367200.0 | 0.006526 | 0.017108 |   5.609306 |      6 | 0.948241 | 0.600000 | 0.713333 | 0.610000 | 0.670000 |  -1.753584 |      243 |      214 |       28 |   5.608566 |      6 | 0.936796 | 1.600426
1225 | 367200.0 | 367500.0 | 0.006523 | 0.017106 |   5.608566 |      6 | 0.936796 | 0.600000 | 0.703333 | 0.670000 | 0.650000 |   0.584597 |      242 |      211 |       31 |   5.607892 |      6 | 0.940610 | 1.503866
1226 | 367500.0 | 367800.0 | 0.006520 | 0.017104 |   5.607892 |      6 | 0.940610 | 0.600000 | 0.693333 | 0.710000 | 0.686667 |   0.682110 |      240 |      208 |       32 |   5.607284 |      6 | 0.945057 | 1.391258
1227 | 367800.0 | 368100.0 | 0.006516 | 0.017102 |   5.607284 |      6 | 0.945057 | 0.600000 | 0.706667 | 0.696667 | 0.650000 |   1.364380 |      242 |      212 |       30 |   5.606589 |      6 | 0.953947 | 1.166136
1228 | 368100.0 | 368400.0 | 0.006513 | 0.017100 |   5.606589 |      6 | 0.953947 | 0.600000 | 0.666667 | 0.640000 | 0.710000 |  -2.046811 |      237 |      200 |       37 |   5.606155 |      6 | 0.940617 | 1.503681
1229 | 368400.0 | 368700.0 | 0.006509 | 0.017098 |   5.606155 |      6 | 0.940617 | 0.600000 | 0.726667 | 0.693333 | 0.656667 |   1.072265 |      245 |      218 |       28 |   5.605330 |      6 | 0.947597 | 1.326944
1230 | 368700.0 | 369000.0 | 0.006506 | 0.017096 |   5.605330 |      6 | 0.947597 | 0.600000 | 0.706667 | 0.680000 | 0.683333 |  -0.097490 |      240 |      212 |       27 |   5.604636 |      6 | 0.946962 | 1.343004
1231 | 369000.0 | 369300.0 | 0.006502 | 0.017094 |   5.604636 |      6 | 0.946962 | 0.600000 | 0.713333 | 0.670000 | 0.686667 |  -0.487507 |      244 |      214 |       30 |   5.603899 |      6 | 0.943792 | 1.423274
1232 | 369300.0 | 369600.0 | 0.006499 | 0.017092 |   5.603899 |      6 | 0.943792 | 0.600000 | 0.670000 | 0.686667 | 0.653333 |   0.975129 |      237 |      201 |       36 |   5.603444 |      6 | 0.950130 | 1.262801
1233 | 369600.0 | 369900.0 | 0.006496 | 0.017090 |   5.603444 |      6 | 0.950130 | 0.600000 | 0.683333 | 0.620000 | 0.690000 |  -2.048010 |      240 |      205 |       35 |   5.602903 |      6 | 0.936827 | 1.599657
1234 | 369900.0 | 370200.0 | 0.006492 | 0.017088 |   5.602903 |      6 | 0.936827 | 0.600000 | 0.693333 | 0.673333 | 0.686667 |  -0.390143 |      241 |      208 |       33 |   5.602297 |      6 | 0.934294 | 1.663793
1235 | 370200.0 | 370500.0 | 0.006489 | 0.017086 |   5.602297 |      6 | 0.934294 | 0.600000 | 0.670000 | 0.736667 | 0.653333 |   2.438677 |      239 |      201 |       38 |   5.601843 |      6 | 0.950118 | 1.263102
1236 | 370500.0 | 370800.0 | 0.006485 | 0.017084 |   5.601843 |      6 | 0.950118 | 0.600000 | 0.736667 | 0.643333 | 0.690000 |  -1.365818 |      246 |      221 |       25 |   5.600956 |      6 | 0.941260 | 1.487398
1237 | 370800.0 | 371100.0 | 0.006482 | 0.017082 |   5.600956 |      6 | 0.941260 | 0.600000 | 0.713333 | 0.643333 | 0.670000 |  -0.780559 |      243 |      214 |       29 |   5.600222 |      6 | 0.936200 | 1.615515
1238 | 371100.0 | 371400.0 | 0.006479 | 0.017080 |   5.600222 |      6 | 0.936200 | 0.600000 | 0.623333 | 0.680000 | 0.673333 |   0.195162 |      235 |      187 |       48 |   5.600071 |      6 | 0.937465 | 1.583498
1239 | 371400.0 | 371700.0 | 0.006475 | 0.017078 |   5.600071 |      6 | 0.937465 | 0.600000 | 0.673333 | 0.680000 | 0.656667 |   0.683148 |      240 |      202 |       38 |   5.599596 |      6 | 0.941888 | 1.471487
1240 | 371700.0 | 372000.0 | 0.006472 | 0.017076 |   5.599596 |      6 | 0.941888 | 0.600000 | 0.693333 | 0.686667 | 0.683333 |   0.097604 |      239 |      208 |       31 |   5.598992 |      6 | 0.942520 | 1.455492
1241 | 372000.0 | 372300.0 | 0.006468 | 0.017074 |   5.598992 |      6 | 0.942520 | 0.600000 | 0.680000 | 0.680000 | 0.720000 |  -1.171383 |      241 |      204 |       37 |   5.598474 |      6 | 0.934943 | 1.647355
1242 | 372300.0 | 372600.0 | 0.006465 | 0.017072 |   5.598474 |      6 | 0.934943 | 0.600000 | 0.686667 | 0.646667 | 0.660000 |  -0.390506 |      240 |      206 |       34 |   5.597914 |      6 | 0.932418 | 1.711284
1243 | 372600.0 | 372900.0 | 0.006462 | 0.017070 |   5.597914 |      6 | 0.932418 | 0.600000 | 0.693333 | 0.740000 | 0.706667 |   0.976379 |      241 |      208 |       33 |   5.597311 |      6 | 0.938727 | 1.551527
1244 | 372900.0 | 373200.0 | 0.006458 | 0.017068 |   5.597311 |      6 | 0.938727 | 0.600000 | 0.693333 | 0.703333 | 0.670000 |   0.976492 |      243 |      208 |       35 |   5.596708 |      6 | 0.945034 | 1.391836
1245 | 373200.0 | 373500.0 | 0.006455 | 0.017066 |   5.596708 |      6 | 0.945034 | 0.600000 | 0.693333 | 0.666667 | 0.643333 |   0.683624 |      240 |      208 |       32 |   5.596106 |      6 | 0.949447 | 1.280097
1246 | 373500.0 | 373800.0 | 0.006452 | 0.017064 |   5.596106 |      6 | 0.949447 | 0.600000 | 0.713333 | 0.623333 | 0.696667 |  -2.148781 |      241 |      214 |       27 |   5.595374 |      6 | 0.935584 | 1.631134
1247 | 373800.0 | 374100.0 | 0.006448 | 0.017062 |   5.595374 |      6 | 0.935584 | 0.600000 | 0.700000 | 0.673333 | 0.683333 |  -0.293050 |      243 |      210 |       33 |   5.594730 |      6 | 0.933694 | 1.678984
1248 | 374100.0 | 374400.0 | 0.006445 | 0.017060 |   5.594730 |      6 | 0.933694 | 0.600000 | 0.676667 | 0.670000 | 0.633333 |   1.074639 |      239 |      203 |       36 |   5.594235 |      6 | 0.940620 | 1.503607
1249 | 374400.0 | 374700.0 | 0.006442 | 0.017058 |   5.594235 |      6 | 0.940620 | 0.600000 | 0.660000 | 0.633333 | 0.613333 |   0.586234 |      238 |      198 |       40 |   5.593849 |      6 | 0.944396 | 1.407985
1250 | 374700.0 | 375000.0 | 0.006438 | 0.017056 |   5.593849 |      6 | 0.944396 | 0.600000 | 0.716667 | 0.690000 | 0.663333 |   0.781736 |      244 |      215 |       29 |   5.593098 |      6 | 0.949429 | 1.280541
1251 | 375000.0 | 375300.0 | 0.006435 | 0.017054 |   5.593098 |      6 | 0.949429 | 0.600000 | 0.720000 | 0.656667 | 0.660000 |  -0.097728 |      243 |      216 |       27 |   5.592326 |      6 | 0.948800 | 1.296465
1252 | 375300.0 | 375600.0 | 0.006432 | 0.017052 |   5.592326 |      6 | 0.948800 | 0.600000 | 0.696667 | 0.666667 | 0.700000 |  -0.977396 |      241 |      209 |       32 |   5.591704 |      6 | 0.942514 | 1.455642
1253 | 375600.0 | 375900.0 | 0.006428 | 0.017050 |   5.591704 |      6 | 0.942514 | 0.600000 | 0.703333 | 0.686667 | 0.666667 |   0.586505 |      242 |      211 |       31 |   5.591040 |      6 | 0.946284 | 1.360174
1254 | 375900.0 | 376200.0 | 0.006425 | 0.017048 |   5.591040 |      6 | 0.946284 | 0.600000 | 0.650000 | 0.660000 | 0.670000 |  -0.293286 |      237 |      195 |       42 |   5.590718 |      6 | 0.944400 | 1.407889
1255 | 376200.0 | 376500.0 | 0.006422 | 0.017046 |   5.590718 |      6 | 0.944400 | 0.600000 | 0.666667 | 0.723333 | 0.693333 |   0.879960 |      238 |      200 |       38 |   5.590290 |      6 | 0.950051 | 1.264802
1256 | 376500.0 | 376800.0 | 0.006418 | 0.017044 |   5.590290 |      6 | 0.950051 | 0.600000 | 0.640000 | 0.663333 | 0.673333 |  -0.293354 |      235 |      192 |       43 |   5.590034 |      6 | 0.948168 | 1.312479
1257 | 376800.0 | 377100.0 | 0.006415 | 0.017042 |   5.590034 |      6 | 0.948168 | 0.600000 | 0.690000 | 0.693333 | 0.716667 |  -0.684570 |      240 |      207 |       33 |   5.589456 |      6 | 0.943776 | 1.423679
1258 | 377100.0 | 377400.0 | 0.006412 | 0.017040 |   5.589456 |      6 | 0.943776 | 0.600000 | 0.686667 | 0.676667 | 0.623333 |   1.564912 |      240 |      206 |       34 |   5.588901 |      6 | 0.953810 | 1.169609
1259 | 377400.0 | 377700.0 | 0.006408 | 0.017038 |   5.588901 |      6 | 0.953810 | 0.600000 | 0.703333 | 0.646667 | 0.656667 |  -0.293455 |      241 |      211 |       31 |   5.588238 |      6 | 0.951929 | 1.217228
1260 | 377700.0 | 378000.0 | 0.006405 | 0.017036 |   5.588238 |      6 | 0.951929 | 0.600000 | 0.636667 | 0.653333 | 0.693333 |  -1.173953 |      234 |      191 |       42 |   5.588004 |      6 | 0.944410 | 1.407628
1261 | 378000.0 | 378300.0 | 0.006402 | 0.017035 |   5.588004 |      6 | 0.944410 | 0.600000 | 0.700000 | 0.686667 | 0.643333 |   1.271928 |      241 |      210 |       31 |   5.587363 |      6 | 0.952553 | 1.201444
1262 | 378300.0 | 378600.0 | 0.006398 | 0.017033 |   5.587363 |      6 | 0.952553 | 0.600000 | 0.740000 | 0.613333 | 0.686667 |  -2.152740 |      244 |      222 |       22 |   5.586468 |      6 | 0.938779 | 1.550231
1263 | 378600.0 | 378900.0 | 0.006395 | 0.017031 |   5.586468 |      6 | 0.938779 | 0.600000 | 0.690000 | 0.703333 | 0.693333 |   0.293589 |      240 |      207 |       33 |   5.585892 |      6 | 0.940656 | 1.502688
1264 | 378900.0 | 379200.0 | 0.006392 | 0.017029 |   5.585892 |      6 | 0.940656 | 0.600000 | 0.650000 | 0.706667 | 0.663333 |   1.272364 |      239 |      195 |       44 |   5.585572 |      6 | 0.948789 | 1.296751
1265 | 379200.0 | 379500.0 | 0.006389 | 0.017027 |   5.585572 |      6 | 0.948789 | 0.600000 | 0.703333 | 0.666667 | 0.680000 |  -0.391541 |      241 |      211 |       30 |   5.584912 |      6 | 0.946288 | 1.360091
1266 | 379500.0 | 379800.0 | 0.006385 | 0.017025 |   5.584912 |      6 | 0.946288 | 0.600000 | 0.670000 | 0.680000 | 0.660000 |   0.587379 |      238 |      201 |       37 |   5.584465 |      6 | 0.950038 | 1.265119
1267 | 379800.0 | 380100.0 | 0.006382 | 0.017023 |   5.584465 |      6 | 0.950038 | 0.600000 | 0.686667 | 0.720000 | 0.620000 |   2.937229 |      240 |      206 |       34 |   5.583912 |      6 | 0.968784 | 0.790448
1268 | 380100.0 | 380400.0 | 0.006379 | 0.017021 |   5.583912 |      6 | 0.968784 | 0.600000 | 0.676667 | 0.300000 | 0.690000 | -11.456499 |      226 |      203 |       23 |   5.583423 |      6 | 0.895705 | 2.640930
1269 | 380400.0 | 380700.0 | 0.006376 | 0.017019 |   5.583423 |      6 | 0.895705 | 0.600000 | 0.663333 | 0.630000 | 0.636667 |  -0.195860 |      240 |      199 |       41 |   5.583019 |      6 | 0.894456 | 2.672549
1270 | 380700.0 | 381000.0 | 0.006372 | 0.017017 |   5.583019 |      6 | 0.894456 | 0.600000 | 0.670000 | 0.640000 | 0.673333 |  -0.979411 |      239 |      201 |       38 |   5.582573 |      6 | 0.888215 | 2.830584
1271 | 381000.0 | 381300.0 | 0.006369 | 0.017015 |   5.582573 |      6 | 0.888215 | 0.600000 | 0.626667 | 0.616667 | 0.640000 |  -0.685665 |      237 |      188 |       49 |   5.582403 |      6 | 0.883848 | 2.941165
1272 | 381300.0 | 381600.0 | 0.006366 | 0.017013 |   5.582403 |      6 | 0.883848 | 0.600000 | 0.693333 | 0.660000 | 0.640000 |   0.587780 |      241 |      208 |       33 |   5.581809 |      6 | 0.887590 | 2.846419
1273 | 381600.0 | 381900.0 | 0.006363 | 0.017011 |   5.581809 |      6 | 0.887590 | 0.600000 | 0.690000 | 0.656667 | 0.596667 |   1.763540 |      243 |      207 |       36 |   5.581237 |      6 | 0.898810 | 2.562294
1274 | 381900.0 | 382200.0 | 0.006359 | 0.017009 |   5.581237 |      6 | 0.898810 | 0.600000 | 0.686667 | 0.660000 | 0.626667 |   0.979855 |      241 |      206 |       35 |   5.580686 |      6 | 0.905042 | 2.404510
1275 | 382200.0 | 382500.0 | 0.006356 | 0.017007 |   5.580686 |      6 | 0.905042 | 0.600000 | 0.590000 | 0.660000 | 0.653333 |   0.195993 |      233 |      177 |       56 |   5.580749 |      6 | 0.906287 | 2.372965
1276 | 382500.0 | 382800.0 | 0.006353 | 0.017005 |   5.580749 |      6 | 0.906287 | 0.600000 | 0.703333 | 0.676667 | 0.656667 |   0.588046 |      243 |      211 |       32 |   5.580093 |      6 | 0.910023 | 2.278370
1277 | 382800.0 | 383100.0 | 0.006350 | 0.017004 |   5.580093 |      6 | 0.910023 | 0.600000 | 0.666667 | 0.673333 | 0.636667 |   1.078207 |      240 |      200 |       40 |   5.579669 |      6 | 0.916869 | 2.105013
1278 | 383100.0 | 383400.0 | 0.006346 | 0.017002 |   5.579669 |      6 | 0.916869 | 0.600000 | 0.673333 | 0.673333 | 0.670000 |   0.098030 |      240 |      202 |       38 |   5.579204 |      6 | 0.917491 | 2.089259
1279 | 383400.0 | 383700.0 | 0.006343 | 0.017000 |   5.579204 |      6 | 0.917491 | 0.600000 | 0.623333 | 0.650000 | 0.696667 |  -1.372573 |      234 |      187 |       47 |   5.579056 |      6 | 0.908785 | 2.309721
1280 | 383700.0 | 384000.0 | 0.006340 | 0.016998 |   5.579056 |      6 | 0.908785 | 0.600000 | 0.663333 | 0.660000 | 0.663333 |  -0.098052 |      240 |      199 |       42 |   5.578654 |      6 | 0.908163 | 2.325462
1281 | 384000.0 | 384300.0 | 0.006337 | 0.016996 |   5.578654 |      6 | 0.908163 | 0.600000 | 0.640000 | 0.740000 | 0.676667 |   1.863198 |      237 |      192 |       44 |   5.578401 |      6 | 0.919970 | 2.026500
1282 | 384300.0 | 384600.0 | 0.006334 | 0.016994 |   5.578401 |      6 | 0.919970 | 0.600000 | 0.703333 | 0.693333 | 0.626667 |   1.961482 |      244 |      211 |       33 |   5.577746 |      6 | 0.932393 | 1.711926
1283 | 384600.0 | 384900.0 | 0.006330 | 0.016992 |   5.577746 |      6 | 0.932393 | 0.600000 | 0.666667 | 0.713333 | 0.686667 |   0.784681 |      239 |      200 |       39 |   5.577324 |      6 | 0.937360 | 1.586147
1284 | 384900.0 | 385200.0 | 0.006327 | 0.016990 |   5.577324 |      6 | 0.937360 | 0.600000 | 0.676667 | 0.673333 | 0.680000 |  -0.196192 |      240 |      203 |       37 |   5.576839 |      6 | 0.936119 | 1.617579
1285 | 385200.0 | 385500.0 | 0.006324 | 0.016988 |   5.576839 |      6 | 0.936119 | 0.600000 | 0.716667 | 0.653333 | 0.686667 |  -0.981072 |      243 |      215 |       28 |   5.576102 |      6 | 0.929915 | 1.774680
1286 | 385500.0 | 385800.0 | 0.006321 | 0.016986 |   5.576102 |      6 | 0.929915 | 0.600000 | 0.666667 | 0.666667 | 0.626667 |   1.177419 |      239 |      200 |       39 |   5.575680 |      6 | 0.937357 | 1.586233
1287 | 385800.0 | 386100.0 | 0.006318 | 0.016984 |   5.575680 |      6 | 0.937357 | 0.600000 | 0.683333 | 0.663333 | 0.633333 |   0.883163 |      240 |      205 |       35 |   5.575154 |      6 | 0.942936 | 1.444953
1288 | 386100.0 | 386400.0 | 0.006314 | 0.016982 |   5.575154 |      6 | 0.942936 | 0.600000 | 0.733333 | 0.663333 | 0.673333 |  -0.294421 |      245 |      220 |       25 |   5.574312 |      6 | 0.941077 | 1.492028
1289 | 386400.0 | 386700.0 | 0.006311 | 0.016981 |   5.574312 |      6 | 0.941077 | 0.600000 | 0.726667 | 0.673333 | 0.683333 |  -0.294454 |      245 |      218 |       27 |   5.573512 |      6 | 0.939219 | 1.539084
1290 | 386700.0 | 387000.0 | 0.006308 | 0.016979 |   5.573512 |      6 | 0.939219 | 0.600000 | 0.620000 | 0.676667 | 0.713333 |  -1.079785 |      234 |      186 |       48 |   5.573386 |      6 | 0.932408 | 1.711557
1291 | 387000.0 | 387300.0 | 0.006305 | 0.016977 |   5.573386 |      6 | 0.932408 | 0.600000 | 0.736667 | 0.666667 | 0.646667 |   0.589039 |      245 |      221 |       24 |   5.572525 |      6 | 0.936121 | 1.617518
1292 | 387300.0 | 387600.0 | 0.006302 | 0.016975 |   5.572525 |      6 | 0.936121 | 0.600000 | 0.700000 | 0.683333 | 0.633333 |   1.472763 |      243 |      210 |       33 |   5.571894 |      6 | 0.945402 | 1.382512
1293 | 387600.0 | 387900.0 | 0.006298 | 0.016973 |   5.571894 |      6 | 0.945402 | 0.600000 | 0.700000 | 0.666667 | 0.676667 |  -0.294586 |      241 |      210 |       31 |   5.571265 |      6 | 0.943547 | 1.429495
1294 | 387900.0 | 388200.0 | 0.006295 | 0.016971 |   5.571265 |      6 | 0.943547 | 0.600000 | 0.690000 | 0.673333 | 0.666667 |   0.196412 |      240 |      207 |       33 |   5.570698 |      6 | 0.944783 | 1.398185
1295 | 388200.0 | 388500.0 | 0.006292 | 0.016969 |   5.570698 |      6 | 0.944783 | 0.600000 | 0.716667 | 0.670000 | 0.643333 |   0.785737 |      244 |      215 |       29 |   5.569964 |      6 | 0.949727 | 1.272995
1296 | 388500.0 | 388800.0 | 0.006289 | 0.016967 |   5.569964 |      6 | 0.949727 | 0.600000 | 0.710000 | 0.633333 | 0.613333 |   0.589368 |      242 |      213 |       29 |   5.569272 |      6 | 0.953434 | 1.179140
1297 | 388800.0 | 389100.0 | 0.006286 | 0.016965 |   5.569272 |      6 | 0.953434 | 0.600000 | 0.693333 | 0.640000 | 0.696667 |  -1.670063 |      238 |      208 |       30 |   5.568685 |      6 | 0.942936 | 1.444960
1298 | 389100.0 | 389400.0 | 0.006283 | 0.016964 |   5.568685 |      6 | 0.942936 | 0.600000 | 0.730000 | 0.686667 | 0.666667 |   0.589500 |      244 |      219 |       25 |   5.567869 |      6 | 0.946640 | 1.351178
1299 | 389400.0 | 389700.0 | 0.006280 | 0.016962 |   5.567869 |      6 | 0.946640 | 0.600000 | 0.723333 | 0.666667 | 0.670000 |  -0.098261 |      244 |      217 |       27 |   5.567094 |      6 | 0.946023 | 1.366802
1300 | 389700.0 | 390000.0 | 0.006276 | 0.016960 |   5.567094 |      6 | 0.946023 | 0.600000 | 0.660000 | 0.700000 | 0.690000 |   0.294815 |      238 |      198 |       40 |   5.566718 |      6 | 0.947873 | 1.319947
1301 | 390000.0 | 390300.0 | 0.006273 | 0.016958 |   5.566718 |      6 | 0.947873 | 0.600000 | 0.703333 | 0.670000 | 0.666667 |   0.098283 |      241 |      211 |       30 |   5.566069 |      6 | 0.948489 | 1.304335
1302 | 390300.0 | 390600.0 | 0.006270 | 0.016956 |   5.566069 |      6 | 0.948489 | 0.600000 | 0.706667 | 0.680000 | 0.680000 |   0.000000 |      241 |      212 |       29 |   5.565401 |      6 | 0.948489 | 1.304335
1303 | 390600.0 | 390900.0 | 0.006267 | 0.016954 |   5.565401 |      6 | 0.948489 | 0.600000 | 0.670000 | 0.713333 | 0.673333 |   1.179654 |      238 |      201 |       37 |   5.564962 |      6 | 0.955882 | 1.117135
1304 | 390900.0 | 391200.0 | 0.006264 | 0.016952 |   5.564962 |      6 | 0.955882 | 0.600000 | 0.710000 | 0.573333 | 0.700000 |  -3.735985 |      241 |      213 |       28 |   5.564273 |      6 | 0.932481 | 1.709707
1305 | 391200.0 | 391500.0 | 0.006261 | 0.016950 |   5.564273 |      6 | 0.932481 | 0.600000 | 0.700000 | 0.716667 | 0.703333 |   0.393305 |      242 |      210 |       32 |   5.563647 |      6 | 0.934943 | 1.647355
1306 | 391500.0 | 391800.0 | 0.006258 | 0.016948 |   5.563647 |      6 | 0.934943 | 0.600000 | 0.663333 | 0.673333 | 0.623333 |   1.475058 |      238 |      199 |       39 |   5.563250 |      6 | 0.944173 | 1.413626
1307 | 391800.0 | 392100.0 | 0.006255 | 0.016947 |   5.563250 |      6 | 0.944173 | 0.600000 | 0.713333 | 0.683333 | 0.676667 |   0.196696 |      243 |      214 |       29 |   5.562542 |      6 | 0.945404 | 1.382474
1308 | 392100.0 | 392400.0 | 0.006251 | 0.016945 |   5.562542 |      6 | 0.945404 | 0.600000 | 0.736667 | 0.653333 | 0.726667 |  -2.163896 |      245 |      221 |       24 |   5.561687 |      6 | 0.931876 | 1.725011
1309 | 392400.0 | 392700.0 | 0.006248 | 0.016943 |   5.561687 |      6 | 0.931876 | 0.600000 | 0.683333 | 0.676667 | 0.680000 |  -0.098370 |      240 |      205 |       35 |   5.561167 |      6 | 0.931262 | 1.740575
1310 | 392700.0 | 393000.0 | 0.006245 | 0.016941 |   5.561167 |      6 | 0.931262 | 0.600000 | 0.670000 | 0.686667 | 0.616667 |   2.065993 |      240 |      201 |       39 |   5.560729 |      6 | 0.944164 | 1.413861
1311 | 393000.0 | 393300.0 | 0.006242 | 0.016939 |   5.560729 |      6 | 0.944164 | 0.600000 | 0.680000 | 0.673333 | 0.673333 |   0.000000 |      239 |      204 |       35 |   5.560230 |      6 | 0.944164 | 1.413861
1312 | 393300.0 | 393600.0 | 0.006239 | 0.016937 |   5.560230 |      6 | 0.944164 | 0.600000 | 0.693333 | 0.666667 | 0.673333 |  -0.196805 |      241 |      208 |       33 |   5.559648 |      6 | 0.942936 | 1.444952
1313 | 393600.0 | 393900.0 | 0.006236 | 0.016935 |   5.559648 |      6 | 0.942936 | 0.600000 | 0.686667 | 0.693333 | 0.676667 |   0.492066 |      240 |      206 |       34 |   5.559107 |      6 | 0.946005 | 1.367253
1314 | 393900.0 | 394200.0 | 0.006233 | 0.016934 |   5.559107 |      6 | 0.946005 | 0.600000 | 0.683333 | 0.653333 | 0.653333 |   0.000000 |      240 |      205 |       35 |   5.558588 |      6 | 0.946005 | 1.367253
1315 | 394200.0 | 394500.0 | 0.006230 | 0.016932 |   5.558588 |      6 | 0.946005 | 0.600000 | 0.636667 | 0.693333 | 0.706667 |  -0.393739 |      235 |      191 |       44 |   5.558359 |      6 | 0.943552 | 1.429365
1316 | 394500.0 | 394800.0 | 0.006227 | 0.016930 |   5.558359 |      6 | 0.943552 | 0.600000 | 0.666667 | 0.713333 | 0.630000 |   2.461140 |      238 |      200 |       38 |   5.557944 |      6 | 0.958877 | 1.041317
1317 | 394800.0 | 395100.0 | 0.006224 | 0.016928 |   5.557944 |      6 | 0.958877 | 0.600000 | 0.696667 | 0.526667 | 0.650000 |  -3.642887 |      239 |      209 |       30 |   5.557343 |      6 | 0.936205 | 1.615407
1318 | 395100.0 | 395400.0 | 0.006221 | 0.016926 |   5.557343 |      6 | 0.936205 | 0.600000 | 0.696667 | 0.673333 | 0.670000 |   0.098467 |      241 |      209 |       32 |   5.556741 |      6 | 0.936817 | 1.599897
1319 | 395400.0 | 395700.0 | 0.006217 | 0.016924 |   5.556741 |      6 | 0.936817 | 0.600000 | 0.666667 | 0.593333 | 0.700000 |  -3.151296 |      240 |      200 |       40 |   5.556327 |      6 | 0.917224 | 2.096026
1320 | 395700.0 | 396000.0 | 0.006214 | 0.016922 |   5.556327 |      6 | 0.917224 | 0.600000 | 0.726667 | 0.680000 | 0.623333 |   1.674310 |      244 |      218 |       26 |   5.555540 |      6 | 0.927629 | 1.832558
1321 | 396000.0 | 396300.0 | 0.006211 | 0.016921 |   5.555540 |      6 | 0.927629 | 0.600000 | 0.726667 | 0.706667 | 0.690000 |   0.492498 |      246 |      218 |       28 |   5.554753 |      6 | 0.930688 | 1.755098
1322 | 396300.0 | 396600.0 | 0.006208 | 0.016919 |   5.554753 |      6 | 0.930688 | 0.600000 | 0.630000 | 0.676667 | 0.693333 |  -0.492552 |      236 |      189 |       47 |   5.554567 |      6 | 0.927630 | 1.832529
1323 | 396600.0 | 396900.0 | 0.006205 | 0.016917 |   5.554567 |      6 | 0.927630 | 0.600000 | 0.646667 | 0.676667 | 0.640000 |   1.083732 |      237 |      194 |       43 |   5.554277 |      6 | 0.934355 | 1.662246
1324 | 396900.0 | 397200.0 | 0.006202 | 0.016915 |   5.554277 |      6 | 0.934355 | 0.600000 | 0.666667 | 0.686667 | 0.706667 |  -0.591191 |      239 |      200 |       39 |   5.553864 |      6 | 0.930688 | 1.755092
1325 | 397200.0 | 397500.0 | 0.006199 | 0.016913 |   5.553864 |      6 | 0.930688 | 0.600000 | 0.706667 | 0.683333 | 0.693333 |  -0.295628 |      242 |      212 |       30 |   5.553202 |      6 | 0.928856 | 1.801497
1326 | 397500.0 | 397800.0 | 0.006196 | 0.016911 |   5.553202 |      6 | 0.928856 | 0.600000 | 0.700000 | 0.660000 | 0.620000 |   1.182641 |      244 |      210 |       34 |   5.552583 |      6 | 0.936183 | 1.615947
1327 | 397800.0 | 398100.0 | 0.006193 | 0.016909 |   5.552583 |      6 | 0.936183 | 0.600000 | 0.690000 | 0.690000 | 0.683333 |   0.197128 |      241 |      207 |       34 |   5.552026 |      6 | 0.937404 | 1.585033
1328 | 398100.0 | 398400.0 | 0.006190 | 0.016908 |   5.552026 |      6 | 0.937404 | 0.600000 | 0.703333 | 0.660000 | 0.683333 |  -0.690024 |      242 |      211 |       31 |   5.551386 |      6 | 0.933133 | 1.693189
1329 | 398400.0 | 398700.0 | 0.006187 | 0.016906 |   5.551386 |      6 | 0.933133 | 0.600000 | 0.680000 | 0.693333 | 0.620000 |   2.168883 |      239 |      204 |       35 |   5.550891 |      6 | 0.946552 | 1.353402
1330 | 398700.0 | 399000.0 | 0.006184 | 0.016904 |   5.550891 |      6 | 0.946552 | 0.600000 | 0.713333 | 0.633333 | 0.646667 |  -0.394385 |      243 |      214 |       29 |   5.550190 |      6 | 0.944113 | 1.415158
1331 | 399000.0 | 399300.0 | 0.006181 | 0.016902 |   5.550190 |      6 | 0.944113 | 0.600000 | 0.720000 | 0.730000 | 0.640000 |   2.662389 |      244 |      216 |       28 |   5.549448 |      6 | 0.960569 | 0.998464
1332 | 399300.0 | 399600.0 | 0.006178 | 0.016900 |   5.549448 |      6 | 0.960569 | 0.600000 | 0.693333 | 0.486667 | 0.676667 |  -5.621210 |      238 |      208 |       30 |   5.548872 |      6 | 0.925842 | 1.877816
1333 | 399600.0 | 399900.0 | 0.006175 | 0.016898 |   5.548872 |      6 | 0.925842 | 0.600000 | 0.720000 | 0.676667 | 0.696667 |  -0.591771 |      244 |      216 |       28 |   5.548131 |      6 | 0.922188 | 1.970344
1334 | 399900.0 | 400200.0 | 0.006172 | 0.016897 |   5.548131 |      6 | 0.922188 | 0.600000 | 0.646667 | 0.666667 | 0.620000 |   1.380948 |      238 |      194 |       44 |   5.547843 |      6 | 0.930711 | 1.754527
1335 | 400200.0 | 400500.0 | 0.006169 | 0.016895 |   5.547843 |      6 | 0.930711 | 0.600000 | 0.723333 | 0.740000 | 0.653333 |   2.564895 |      245 |      217 |       28 |   5.547082 |      6 | 0.946533 | 1.353876
1336 | 400500.0 | 400800.0 | 0.006166 | 0.016893 |   5.547082 |      6 | 0.946533 | 0.600000 | 0.696667 | 0.673333 | 0.636667 |   1.085265 |      240 |      209 |       32 |   5.546486 |      6 | 0.953225 | 1.184434
1337 | 400800.0 | 401100.0 | 0.006163 | 0.016891 |   5.546486 |      6 | 0.953225 | 0.600000 | 0.686667 | 0.603333 | 0.690000 |  -2.565450 |      239 |      206 |       32 |   5.545952 |      6 | 0.937414 | 1.584781
1338 | 401100.0 | 401400.0 | 0.006160 | 0.016889 |   5.545952 |      6 | 0.937414 | 0.600000 | 0.696667 | 0.693333 | 0.676667 |   0.493409 |      242 |      209 |       33 |   5.545356 |      6 | 0.940453 | 1.507821
1339 | 401400.0 | 401700.0 | 0.006157 | 0.016887 |   5.545356 |      6 | 0.940453 | 0.600000 | 0.696667 | 0.696667 | 0.683333 |   0.394770 |      242 |      209 |       33 |   5.544761 |      6 | 0.942884 | 1.446275
1340 | 401700.0 | 402000.0 | 0.006154 | 0.016886 |   5.544761 |      6 | 0.942884 | 0.600000 | 0.673333 | 0.686667 | 0.663333 |   0.690922 |      238 |      202 |       36 |   5.544310 |      6 | 0.947136 | 1.338612
1341 | 402000.0 | 402300.0 | 0.006151 | 0.016884 |   5.544310 |      6 | 0.947136 | 0.600000 | 0.680000 | 0.690000 | 0.683333 |   0.197428 |      238 |      204 |       34 |   5.543818 |      6 | 0.948350 | 1.307863
1342 | 402300.0 | 402600.0 | 0.006148 | 0.016882 |   5.543818 |      6 | 0.948350 | 0.600000 | 0.693333 | 0.633333 | 0.676667 |  -1.283418 |      241 |      208 |       33 |   5.543244 |      6 | 0.940460 | 1.507658
1343 | 402600.0 | 402900.0 | 0.006145 | 0.016880 |   5.543244 |      6 | 0.940460 | 0.600000 | 0.740000 | 0.656667 | 0.673333 |  -0.493675 |      247 |      222 |       25 |   5.542384 |      6 | 0.937426 | 1.584473
1344 | 402900.0 | 403200.0 | 0.006142 | 0.016878 |   5.542384 |      6 | 0.937426 | 0.600000 | 0.663333 | 0.696667 | 0.656667 |   1.184948 |      238 |      199 |       39 |   5.541995 |      6 | 0.944704 | 1.400186
1345 | 403200.0 | 403500.0 | 0.006139 | 0.016877 |   5.541995 |      6 | 0.944704 | 0.600000 | 0.703333 | 0.650000 | 0.666667 |  -0.493782 |      242 |      211 |       31 |   5.541360 |      6 | 0.941673 | 1.476943
1346 | 403500.0 | 403800.0 | 0.006136 | 0.016875 |   5.541360 |      6 | 0.941673 | 0.600000 | 0.710000 | 0.663333 | 0.633333 |   0.888902 |      243 |      213 |       30 |   5.540685 |      6 | 0.947127 | 1.338832
1347 | 403800.0 | 404100.0 | 0.006133 | 0.016873 |   5.540685 |      6 | 0.947127 | 0.600000 | 0.666667 | 0.680000 | 0.706667 |  -0.790220 |      238 |      200 |       38 |   5.540277 |      6 | 0.942281 | 1.461551
1348 | 404100.0 | 404400.0 | 0.006130 | 0.016871 |   5.540277 |      6 | 0.942281 | 0.600000 | 0.720000 | 0.736667 | 0.640000 |   2.864856 |      245 |      216 |       29 |   5.539541 |      6 | 0.959842 | 1.016861
1349 | 404400.0 | 404700.0 | 0.006127 | 0.016869 |   5.539541 |      6 | 0.959842 | 0.600000 | 0.693333 | 0.490000 | 0.693333 |  -6.026723 |      234 |      208 |       26 |   5.538969 |      6 | 0.922916 | 1.951893
1350 | 404700.0 | 405000.0 | 0.006124 | 0.016868 |   5.538969 |      6 | 0.922916 | 0.600000 | 0.633333 | 0.703333 | 0.653333 |   1.482140 |      239 |      190 |       49 |   5.538765 |      6 | 0.931993 | 1.722053
1351 | 405000.0 | 405300.0 | 0.006121 | 0.016866 |   5.538765 |      6 | 0.931993 | 0.600000 | 0.696667 | 0.613333 | 0.680000 |  -1.976398 |      242 |      209 |       33 |   5.538173 |      6 | 0.919895 | 2.028391
1352 | 405300.0 | 405600.0 | 0.006118 | 0.016864 |   5.538173 |      6 | 0.919895 | 0.600000 | 0.713333 | 0.680000 | 0.660000 |   0.592983 |      244 |      214 |       30 |   5.537480 |      6 | 0.923523 | 1.936524
1353 | 405600.0 | 405900.0 | 0.006115 | 0.016862 |   5.537480 |      6 | 0.923523 | 0.600000 | 0.656667 | 0.670000 | 0.646667 |   0.691887 |      238 |      197 |       41 |   5.537133 |      6 | 0.927754 | 1.829386
1354 | 405900.0 | 406200.0 | 0.006112 | 0.016860 |   5.537133 |      6 | 0.927754 | 0.600000 | 0.633333 | 0.660000 | 0.663333 |  -0.098852 |      236 |      190 |       46 |   5.536930 |      6 | 0.927150 | 1.844686
1355 | 406200.0 | 406500.0 | 0.006109 | 0.016858 |   5.536930 |      6 | 0.927150 | 0.600000 | 0.690000 | 0.653333 | 0.680000 |  -0.790897 |      241 |      207 |       34 |   5.536380 |      6 | 0.922318 | 1.967038
1356 | 406500.0 | 406800.0 | 0.006106 | 0.016857 |   5.536380 |      6 | 0.922318 | 0.600000 | 0.686667 | 0.706667 | 0.683333 |   0.692109 |      242 |      206 |       36 |   5.535851 |      6 | 0.926544 | 1.860020
1357 | 406800.0 | 407100.0 | 0.006103 | 0.016855 |   5.535851 |      6 | 0.926544 | 0.600000 | 0.706667 | 0.706667 | 0.643333 |   1.878782 |      243 |      212 |       31 |   5.535199 |      6 | 0.938012 | 1.569653
1358 | 407100.0 | 407400.0 | 0.006101 | 0.016853 |   5.535199 |      6 | 0.938012 | 0.600000 | 0.690000 | 0.646667 | 0.690000 |  -1.285620 |      241 |      207 |       34 |   5.534650 |      6 | 0.930169 | 1.768251
1359 | 407400.0 | 407700.0 | 0.006098 | 0.016851 |   5.534650 |      6 | 0.930169 | 0.600000 | 0.640000 | 0.683333 | 0.656667 |   0.791235 |      237 |      192 |       45 |   5.534407 |      6 | 0.934993 | 1.646082
1360 | 407700.0 | 408000.0 | 0.006095 | 0.016850 |   5.534407 |      6 | 0.934993 | 0.600000 | 0.700000 | 0.703333 | 0.663333 |   1.186979 |      242 |      210 |       32 |   5.533797 |      6 | 0.942228 | 1.462898
1361 | 408000.0 | 408300.0 | 0.006092 | 0.016848 |   5.533797 |      6 | 0.942228 | 0.600000 | 0.666667 | 0.700000 | 0.713333 |  -0.395702 |      238 |      200 |       38 |   5.533391 |      6 | 0.939817 | 1.523936
1362 | 408300.0 | 408600.0 | 0.006089 | 0.016846 |   5.533391 |      6 | 0.939817 | 0.600000 | 0.730000 | 0.686667 | 0.626667 |   1.780846 |      244 |      219 |       25 |   5.532599 |      6 | 0.950660 | 1.249364
1363 | 408600.0 | 408900.0 | 0.006086 | 0.016844 |   5.532599 |      6 | 0.950660 | 0.600000 | 0.716667 | 0.656667 | 0.686667 |  -0.890518 |      244 |      215 |       29 |   5.531889 |      6 | 0.945241 | 1.386599
1364 | 408900.0 | 409200.0 | 0.006083 | 0.016842 |   5.531889 |      6 | 0.945241 | 0.600000 | 0.670000 | 0.666667 | 0.713333 |  -1.385397 |      237 |      201 |       36 |   5.531464 |      6 | 0.936813 | 1.599996
1365 | 409200.0 | 409500.0 | 0.006080 | 0.016841 |   5.531464 |      6 | 0.936813 | 0.600000 | 0.726667 | 0.646667 | 0.690000 |  -1.286576 |      245 |      218 |       27 |   5.530693 |      6 | 0.928991 | 1.798077
1366 | 409500.0 | 409800.0 | 0.006077 | 0.016839 |   5.530693 |      6 | 0.928991 | 0.600000 | 0.733333 | 0.696667 | 0.643333 |   1.583646 |      245 |      220 |       25 |   5.529883 |      6 | 0.938615 | 1.554376
1367 | 409800.0 | 410100.0 | 0.006074 | 0.016837 |   5.529883 |      6 | 0.938615 | 0.600000 | 0.696667 | 0.650000 | 0.660000 |  -0.296965 |      242 |      209 |       34 |   5.529296 |      6 | 0.936811 | 1.600053
1368 | 410100.0 | 410400.0 | 0.006071 | 0.016835 |   5.529296 |      6 | 0.936811 | 0.600000 | 0.686667 | 0.680000 | 0.630000 |   1.484983 |      240 |      206 |       33 |   5.528770 |      6 | 0.945827 | 1.371753
1369 | 410400.0 | 410700.0 | 0.006069 | 0.016833 |   5.528770 |      6 | 0.945827 | 0.600000 | 0.656667 | 0.686667 | 0.706667 |  -0.594056 |      238 |      197 |       41 |   5.528426 |      6 | 0.942222 | 1.463039
1370 | 410700.0 | 411000.0 | 0.006066 | 0.016832 |   5.528426 |      6 | 0.942222 | 0.600000 | 0.693333 | 0.653333 | 0.686667 |  -0.990198 |      241 |      208 |       33 |   5.527860 |      6 | 0.936216 | 1.615126
1371 | 411000.0 | 411300.0 | 0.006063 | 0.016830 |   5.527860 |      6 | 0.936216 | 0.600000 | 0.680000 | 0.686667 | 0.676667 |   0.297091 |      240 |      204 |       36 |   5.527375 |      6 | 0.938017 | 1.569517
1372 | 411300.0 | 411600.0 | 0.006060 | 0.016828 |   5.527375 |      6 | 0.938017 | 0.600000 | 0.683333 | 0.676667 | 0.710000 |  -0.990407 |      241 |      205 |       36 |   5.526870 |      6 | 0.932015 | 1.721492
1373 | 411600.0 | 411900.0 | 0.006057 | 0.016826 |   5.526870 |      6 | 0.932015 | 0.600000 | 0.696667 | 0.650000 | 0.663333 |  -0.396205 |      242 |      209 |       33 |   5.526284 |      6 | 0.929615 | 1.782259
1374 | 411900.0 | 412200.0 | 0.006054 | 0.016825 |   5.526284 |      6 | 0.929615 | 0.600000 | 0.683333 | 0.696667 | 0.680000 |   0.495308 |      240 |      205 |       35 |   5.525780 |      6 | 0.932614 | 1.706328
1375 | 412200.0 | 412500.0 | 0.006051 | 0.016823 |   5.525780 |      6 | 0.932614 | 0.600000 | 0.706667 | 0.640000 | 0.660000 |  -0.594432 |      243 |      212 |       31 |   5.525134 |      6 | 0.929017 | 1.797412
1376 | 412500.0 | 412800.0 | 0.006048 | 0.016821 |   5.525134 |      6 | 0.929017 | 0.600000 | 0.690000 | 0.680000 | 0.660000 |   0.594495 |      242 |      207 |       35 |   5.524590 |      6 | 0.932613 | 1.706362
1377 | 412800.0 | 413100.0 | 0.006046 | 0.016819 |   5.524590 |      6 | 0.932613 | 0.600000 | 0.690000 | 0.693333 | 0.636667 |   1.684579 |      241 |      207 |       34 |   5.524046 |      6 | 0.942797 | 1.448481
1378 | 413100.0 | 413400.0 | 0.006043 | 0.016817 |   5.524046 |      6 | 0.942797 | 0.600000 | 0.693333 | 0.653333 | 0.666667 |  -0.396413 |      241 |      208 |       33 |   5.523482 |      6 | 0.940401 | 1.509137
1379 | 413400.0 | 413700.0 | 0.006040 | 0.016816 |   5.523482 |      6 | 0.940401 | 0.600000 | 0.686667 | 0.666667 | 0.670000 |  -0.099114 |      240 |      206 |       34 |   5.522958 |      6 | 0.939803 | 1.524295
1380 | 413700.0 | 414000.0 | 0.006037 | 0.016814 |   5.522958 |      6 | 0.939803 | 0.600000 | 0.686667 | 0.650000 | 0.653333 |  -0.099124 |      240 |      206 |       34 |   5.522435 |      6 | 0.939204 | 1.539448
1381 | 414000.0 | 414300.0 | 0.006034 | 0.016812 |   5.522435 |      6 | 0.939204 | 0.600000 | 0.673333 | 0.703333 | 0.650000 |   1.586152 |      240 |      202 |       38 |   5.521993 |      6 | 0.948775 | 1.297094
1382 | 414300.0 | 414600.0 | 0.006031 | 0.016810 |   5.521993 |      6 | 0.948775 | 0.600000 | 0.680000 | 0.683333 | 0.690000 |  -0.198290 |      240 |      204 |       36 |   5.521510 |      6 | 0.947580 | 1.327377
1383 | 414600.0 | 414900.0 | 0.006028 | 0.016809 |   5.521510 |      6 | 0.947580 | 0.600000 | 0.646667 | 0.653333 | 0.666667 |  -0.396621 |      235 |      194 |       41 |   5.521229 |      6 | 0.945189 | 1.387921
1384 | 414900.0 | 415200.0 | 0.006026 | 0.016807 |   5.521229 |      6 | 0.945189 | 0.600000 | 0.653333 | 0.653333 | 0.643333 |   0.297497 |      237 |      196 |       41 |   5.520907 |      6 | 0.946981 | 1.342530
1385 | 415200.0 | 415500.0 | 0.006023 | 0.016805 |   5.520907 |      6 | 0.946981 | 0.600000 | 0.723333 | 0.676667 | 0.693333 |  -0.495880 |      243 |      217 |       26 |   5.520165 |      6 | 0.943995 | 1.418154
1386 | 415500.0 | 415800.0 | 0.006020 | 0.016803 |   5.520165 |      6 | 0.943995 | 0.600000 | 0.663333 | 0.656667 | 0.693333 |  -1.091050 |      237 |      199 |       38 |   5.519783 |      6 | 0.937427 | 1.584466
1387 | 415800.0 | 416100.0 | 0.006017 | 0.016802 |   5.519783 |      6 | 0.937427 | 0.600000 | 0.706667 | 0.693333 | 0.636667 |   1.686344 |      243 |      212 |       31 |   5.519142 |      6 | 0.947573 | 1.327532
1388 | 416100.0 | 416400.0 | 0.006014 | 0.016800 |   5.519142 |      6 | 0.947573 | 0.600000 | 0.673333 | 0.650000 | 0.683333 |  -0.992071 |      239 |      202 |       37 |   5.518701 |      6 | 0.941607 | 1.478615
1389 | 416400.0 | 416700.0 | 0.006011 | 0.016798 |   5.518701 |      6 | 0.941607 | 0.600000 | 0.706667 | 0.653333 | 0.706667 |  -1.587478 |      242 |      212 |       30 |   5.518059 |      6 | 0.932064 | 1.720258
1390 | 416700.0 | 417000.0 | 0.006009 | 0.016796 |   5.518059 |      6 | 0.932064 | 0.600000 | 0.700000 | 0.693333 | 0.676667 |   0.496139 |      241 |      210 |       31 |   5.517458 |      6 | 0.935045 | 1.644772
1391 | 417000.0 | 417300.0 | 0.006006 | 0.016795 |   5.517458 |      6 | 0.935045 | 0.600000 | 0.673333 | 0.653333 | 0.663333 |  -0.297714 |      240 |      202 |       38 |   5.517018 |      6 | 0.933257 | 1.690047
1392 | 417300.0 | 417600.0 | 0.006003 | 0.016793 |   5.517018 |      6 | 0.933257 | 0.600000 | 0.666667 | 0.686667 | 0.643333 |   1.290229 |      239 |      200 |       39 |   5.516618 |      6 | 0.941002 | 1.493927
1393 | 417600.0 | 417900.0 | 0.006000 | 0.016791 |   5.516618 |      6 | 0.941002 | 0.600000 | 0.703333 | 0.686667 | 0.646667 |   1.191105 |      242 |      211 |       31 |   5.515998 |      6 | 0.948149 | 1.312959
1394 | 417900.0 | 418200.0 | 0.005997 | 0.016789 |   5.515998 |      6 | 0.948149 | 0.600000 | 0.666667 | 0.666667 | 0.640000 |   0.794152 |      238 |      200 |       38 |   5.515598 |      6 | 0.952912 | 1.192358
1395 | 418200.0 | 418500.0 | 0.005994 | 0.016788 |   5.515598 |      6 | 0.952912 | 0.600000 | 0.686667 | 0.643333 | 0.643333 |   0.000000 |      239 |      206 |       33 |   5.515078 |      6 | 0.952912 | 1.192358
1396 | 418500.0 | 418800.0 | 0.005992 | 0.016786 |   5.515078 |      6 | 0.952912 | 0.600000 | 0.713333 | 0.590000 | 0.643333 |  -1.588634 |      242 |      214 |       28 |   5.514399 |      6 | 0.943393 | 1.433385
1397 | 418800.0 | 419100.0 | 0.005989 | 0.016784 |   5.514399 |      6 | 0.943393 | 0.600000 | 0.673333 | 0.703333 | 0.666667 |   1.092299 |      239 |      202 |       37 |   5.513960 |      6 | 0.949935 | 1.267739
1398 | 419100.0 | 419400.0 | 0.005986 | 0.016782 |   5.513960 |      6 | 0.949935 | 0.600000 | 0.693333 | 0.650000 | 0.650000 |   0.000000 |      240 |      208 |       32 |   5.513402 |      6 | 0.949935 | 1.267739
1399 | 419400.0 | 419700.0 | 0.005983 | 0.016781 |   5.513402 |      6 | 0.949935 | 0.600000 | 0.750000 | 0.656667 | 0.630000 |   0.794564 |      247 |      225 |       22 |   5.512504 |      6 | 0.954689 | 1.147357
1400 | 419700.0 | 420000.0 | 0.005980 | 0.016779 |   5.512504 |      6 | 0.954689 | 0.600000 | 0.710000 | 0.610000 | 0.693333 |  -2.483270 |      241 |      213 |       28 |   5.511846 |      6 | 0.939838 | 1.523414
1401 | 420000.0 | 420300.0 | 0.005978 | 0.016777 |   5.511846 |      6 | 0.939838 | 0.600000 | 0.663333 | 0.676667 | 0.626667 |   1.490116 |      238 |      199 |       39 |   5.511468 |      6 | 0.948745 | 1.297862
1402 | 420300.0 | 420600.0 | 0.005975 | 0.016775 |   5.511468 |      6 | 0.948745 | 0.600000 | 0.720000 | 0.676667 | 0.680000 |  -0.099351 |      244 |      216 |       28 |   5.510751 |      6 | 0.948151 | 1.312893
1403 | 420600.0 | 420900.0 | 0.005972 | 0.016774 |   5.510751 |      6 | 0.948151 | 0.600000 | 0.643333 | 0.676667 | 0.670000 |   0.198723 |      235 |      193 |       42 |   5.510492 |      6 | 0.949338 | 1.282842
1404 | 420900.0 | 421200.0 | 0.005969 | 0.016772 |   5.510492 |      6 | 0.949338 | 0.600000 | 0.703333 | 0.680000 | 0.673333 |   0.198744 |      242 |      211 |       31 |   5.509875 |      6 | 0.950525 | 1.252801
1405 | 421200.0 | 421500.0 | 0.005967 | 0.016770 |   5.509875 |      6 | 0.950525 | 0.600000 | 0.683333 | 0.606667 | 0.683333 |  -2.285788 |      238 |      205 |       33 |   5.509378 |      6 | 0.936886 | 1.598146
1406 | 421500.0 | 421800.0 | 0.005964 | 0.016769 |   5.509378 |      6 | 0.936886 | 0.600000 | 0.683333 | 0.703333 | 0.706667 |  -0.099392 |      241 |      205 |       36 |   5.508881 |      6 | 0.936294 | 1.613156
1407 | 421800.0 | 422100.0 | 0.005961 | 0.016767 |   5.508881 |      6 | 0.936294 | 0.600000 | 0.643333 | 0.703333 | 0.683333 |   0.596416 |      237 |      193 |       44 |   5.508623 |      6 | 0.939849 | 1.523131
1408 | 422100.0 | 422400.0 | 0.005958 | 0.016765 |   5.508623 |      6 | 0.939849 | 0.600000 | 0.706667 | 0.660000 | 0.640000 |   0.596477 |      241 |      212 |       29 |   5.507987 |      6 | 0.943403 | 1.433138
1409 | 422400.0 | 422700.0 | 0.005955 | 0.016763 |   5.507987 |      6 | 0.943403 | 0.600000 | 0.696667 | 0.716667 | 0.703333 |   0.397692 |      242 |      209 |       33 |   5.507411 |      6 | 0.945771 | 1.373165
1410 | 422700.0 | 423000.0 | 0.005953 | 0.016762 |   5.507411 |      6 | 0.945771 | 0.600000 | 0.683333 | 0.663333 | 0.620000 |   1.292632 |      240 |      205 |       35 |   5.506915 |      6 | 0.953466 | 1.178322
1411 | 423000.0 | 423300.0 | 0.005950 | 0.016760 |   5.506915 |      6 | 0.953466 | 0.600000 | 0.700000 | 0.650000 | 0.656667 |  -0.198887 |      240 |      210 |       30 |   5.506320 |      6 | 0.952283 | 1.208287
1412 | 423300.0 | 423600.0 | 0.005947 | 0.016758 |   5.506320 |      6 | 0.952283 | 0.600000 | 0.670000 | 0.636667 | 0.683333 |  -1.392351 |      238 |      201 |       37 |   5.505904 |      6 | 0.944002 | 1.417967
1413 | 423600.0 | 423900.0 | 0.005944 | 0.016757 |   5.505904 |      6 | 0.944002 | 0.600000 | 0.660000 | 0.640000 | 0.686667 |  -1.392494 |      237 |      198 |       39 |   5.505547 |      6 | 0.935724 | 1.627570
1414 | 423900.0 | 424200.0 | 0.005942 | 0.016755 |   5.505547 |      6 | 0.935724 | 0.600000 | 0.690000 | 0.720000 | 0.656667 |   1.890007 |      242 |      207 |       35 |   5.505012 |      6 | 0.946954 | 1.343210
1415 | 424200.0 | 424500.0 | 0.005939 | 0.016753 |   5.505012 |      6 | 0.946954 | 0.600000 | 0.683333 | 0.640000 | 0.723333 |  -2.487107 |      239 |      205 |       34 |   5.504518 |      6 | 0.932183 | 1.717234
1416 | 424500.0 | 424800.0 | 0.005936 | 0.016751 |   5.504518 |      6 | 0.932183 | 0.600000 | 0.723333 | 0.706667 | 0.646667 |   1.790900 |      244 |      217 |       28 |   5.503785 |      6 | 0.942815 | 1.448034
1417 | 424800.0 | 425100.0 | 0.005933 | 0.016750 |   5.503785 |      6 | 0.942815 | 0.600000 | 0.676667 | 0.683333 | 0.686667 |  -0.099505 |      240 |      203 |       36 |   5.503331 |      6 | 0.942224 | 1.462984
1418 | 425100.0 | 425400.0 | 0.005931 | 0.016748 |   5.503331 |      6 | 0.942224 | 0.600000 | 0.713333 | 0.673333 | 0.686667 |  -0.398059 |      243 |      214 |       29 |   5.502658 |      6 | 0.939863 | 1.522763
1419 | 425400.0 | 425700.0 | 0.005928 | 0.016746 |   5.502658 |      6 | 0.939863 | 0.600000 | 0.716667 | 0.740000 | 0.676667 |   1.890974 |      244 |      215 |       29 |   5.501967 |      6 | 0.951073 | 1.238914
1420 | 425700.0 | 426000.0 | 0.005925 | 0.016745 |   5.501967 |      6 | 0.951073 | 0.600000 | 0.726667 | 0.656667 | 0.703333 |  -1.393492 |      243 |      218 |       25 |   5.501216 |      6 | 0.942816 | 1.447991
1421 | 426000.0 | 426300.0 | 0.005923 | 0.016743 |   5.501216 |      6 | 0.942816 | 0.600000 | 0.686667 | 0.710000 | 0.696667 |   0.398181 |      240 |      206 |       34 |   5.500703 |      6 | 0.945174 | 1.388276
1422 | 426300.0 | 426600.0 | 0.005920 | 0.016741 |   5.500703 |      6 | 0.945174 | 0.600000 | 0.686667 | 0.673333 | 0.670000 |   0.099555 |      240 |      206 |       34 |   5.500190 |      6 | 0.945764 | 1.373353
1423 | 426600.0 | 426900.0 | 0.005917 | 0.016739 |   5.500190 |      6 | 0.945764 | 0.600000 | 0.670000 | 0.680000 | 0.643333 |   1.095221 |      237 |      201 |       36 |   5.499776 |      6 | 0.952244 | 1.209254
1424 | 426900.0 | 427200.0 | 0.005914 | 0.016738 |   5.499776 |      6 | 0.952244 | 0.600000 | 0.716667 | 0.656667 | 0.703333 |  -1.394060 |      243 |      215 |       28 |   5.499086 |      6 | 0.943999 | 1.418032
1425 | 427200.0 | 427500.0 | 0.005912 | 0.016736 |   5.499086 |      6 | 0.943999 | 0.600000 | 0.683333 | 0.636667 | 0.653333 |  -0.497929 |      240 |      205 |       35 |   5.498593 |      6 | 0.941056 | 1.492569
1426 | 427500.0 | 427800.0 | 0.005909 | 0.016734 |   5.498593 |      6 | 0.941056 | 0.600000 | 0.733333 | 0.693333 | 0.676667 |   0.497980 |      245 |      220 |       25 |   5.497805 |      6 | 0.943998 | 1.418059
1427 | 427800.0 | 428100.0 | 0.005906 | 0.016733 |   5.497805 |      6 | 0.943998 | 0.600000 | 0.673333 | 0.660000 | 0.650000 |   0.298818 |      239 |      202 |       37 |   5.497372 |      6 | 0.945763 | 1.373368
1428 | 428100.0 | 428400.0 | 0.005904 | 0.016731 |   5.497372 |      6 | 0.945763 | 0.600000 | 0.693333 | 0.636667 | 0.683333 |  -1.394627 |      241 |      208 |       33 |   5.496821 |      6 | 0.937530 | 1.581849
1429 | 428400.0 | 428700.0 | 0.005901 | 0.016729 |   5.496821 |      6 | 0.937530 | 0.600000 | 0.676667 | 0.670000 | 0.666667 |   0.099626 |      239 |      203 |       36 |   5.496369 |      6 | 0.938118 | 1.566962
1430 | 428700.0 | 429000.0 | 0.005898 | 0.016727 |   5.496369 |      6 | 0.938118 | 0.600000 | 0.680000 | 0.650000 | 0.693333 |  -1.295273 |      239 |      204 |       35 |   5.495897 |      6 | 0.930478 | 1.760413
1431 | 429000.0 | 429300.0 | 0.005895 | 0.016726 |   5.495897 |      6 | 0.930478 | 0.600000 | 0.646667 | 0.630000 | 0.633333 |  -0.099646 |      238 |      194 |       44 |   5.495622 |      6 | 0.929891 | 1.775289
1432 | 429300.0 | 429600.0 | 0.005893 | 0.016724 |   5.495622 |      6 | 0.929891 | 0.600000 | 0.666667 | 0.653333 | 0.660000 |  -0.199313 |      238 |      200 |       38 |   5.495229 |      6 | 0.928716 | 1.805029
1433 | 429600.0 | 429900.0 | 0.005890 | 0.016722 |   5.495229 |      6 | 0.928716 | 0.600000 | 0.686667 | 0.656667 | 0.673333 |  -0.498333 |      242 |      206 |       36 |   5.494718 |      6 | 0.925781 | 1.879354
1434 | 429900.0 | 430200.0 | 0.005887 | 0.016721 |   5.494718 |      6 | 0.925781 | 0.600000 | 0.726667 | 0.660000 | 0.633333 |   0.797414 |      245 |      218 |       27 |   5.493973 |      6 | 0.930476 | 1.760477
1435 | 430200.0 | 430500.0 | 0.005885 | 0.016719 |   5.493973 |      6 | 0.930476 | 0.600000 | 0.676667 | 0.663333 | 0.680000 |  -0.498434 |      240 |      203 |       37 |   5.493521 |      6 | 0.927542 | 1.834749
1436 | 430500.0 | 430800.0 | 0.005882 | 0.016717 |   5.493521 |      6 | 0.927542 | 0.600000 | 0.653333 | 0.636667 | 0.666667 |  -0.897272 |      237 |      196 |       41 |   5.493208 |      6 | 0.922265 | 1.968391
1437 | 430800.0 | 431100.0 | 0.005879 | 0.016716 |   5.493208 |      6 | 0.922265 | 0.600000 | 0.670000 | 0.636667 | 0.656667 |  -0.598242 |      241 |      201 |       40 |   5.492796 |      6 | 0.918747 | 2.057454
1438 | 431100.0 | 431400.0 | 0.005877 | 0.016714 |   5.492796 |      6 | 0.918747 | 0.600000 | 0.686667 | 0.646667 | 0.690000 |  -1.296321 |      240 |      206 |       34 |   5.492287 |      6 | 0.911129 | 2.250356
1439 | 431400.0 | 431700.0 | 0.005874 | 0.016712 |   5.492287 |      6 | 0.911129 | 0.600000 | 0.680000 | 0.680000 | 0.640000 |   1.196725 |      241 |      204 |       37 |   5.491817 |      6 | 0.918159 | 2.072356
1440 | 431700.0 | 432000.0 | 0.005871 | 0.016711 |   5.491817 |      6 | 0.918159 | 0.600000 | 0.703333 | 0.690000 | 0.663333 |   0.797897 |      243 |      211 |       32 |   5.491210 |      6 | 0.922844 | 1.953731
1441 | 432000.0 | 432300.0 | 0.005869 | 0.016709 |   5.491210 |      6 | 0.922844 | 0.600000 | 0.673333 | 0.710000 | 0.623333 |   2.593425 |      241 |      202 |       39 |   5.490780 |      6 | 0.938064 | 1.568337
1442 | 432300.0 | 432600.0 | 0.005866 | 0.016707 |   5.490780 |      6 | 0.938064 | 0.600000 | 0.683333 | 0.686667 | 0.706667 |  -0.598543 |      241 |      205 |       36 |   5.490291 |      6 | 0.934553 | 1.657242
1443 | 432600.0 | 432900.0 | 0.005863 | 0.016706 |   5.490291 |      6 | 0.934553 | 0.600000 | 0.676667 | 0.643333 | 0.650000 |  -0.199534 |      240 |      203 |       37 |   5.489842 |      6 | 0.933383 | 1.686867
1444 | 432900.0 | 433200.0 | 0.005861 | 0.016704 |   5.489842 |      6 | 0.933383 | 0.600000 | 0.693333 | 0.660000 | 0.680000 |  -0.598663 |      242 |      208 |       34 |   5.489295 |      6 | 0.929874 | 1.775710
1445 | 433200.0 | 433500.0 | 0.005858 | 0.016702 |   5.489295 |      6 | 0.929874 | 0.600000 | 0.726667 | 0.710000 | 0.666667 |   1.297234 |      242 |      218 |       24 |   5.488553 |      6 | 0.937473 | 1.583285
1446 | 433500.0 | 433800.0 | 0.005855 | 0.016701 |   5.488553 |      6 | 0.937473 | 0.600000 | 0.700000 | 0.716667 | 0.680000 |   1.097770 |      244 |      210 |       35 |   5.487967 |      6 | 0.943901 | 1.420521
1447 | 433800.0 | 434100.0 | 0.005853 | 0.016699 |   5.487967 |      6 | 0.943901 | 0.600000 | 0.663333 | 0.700000 | 0.700000 |   0.000000 |      238 |      199 |       38 |   5.487596 |      6 | 0.943901 | 1.420521
1448 | 434100.0 | 434400.0 | 0.005850 | 0.016697 |   5.487596 |      6 | 0.943901 | 0.600000 | 0.710000 | 0.670000 | 0.690000 |  -0.598903 |      243 |      213 |       30 |   5.486953 |      6 | 0.940397 | 1.509239
1449 | 434400.0 | 434700.0 | 0.005847 | 0.016696 |   5.486953 |      6 | 0.940397 | 0.600000 | 0.726667 | 0.663333 | 0.650000 |   0.399309 |      244 |      218 |       26 |   5.486212 |      6 | 0.942732 | 1.450115
1450 | 434700.0 | 435000.0 | 0.005845 | 0.016694 |   5.486212 |      6 | 0.942732 | 0.600000 | 0.710000 | 0.690000 | 0.670000 |   0.599023 |      242 |      213 |       29 |   5.485569 |      6 | 0.946234 | 1.361459
1451 | 435000.0 | 435300.0 | 0.005842 | 0.016692 |   5.485569 |      6 | 0.946234 | 0.600000 | 0.663333 | 0.650000 | 0.680000 |  -0.898625 |      238 |      199 |       39 |   5.485199 |      6 | 0.940984 | 1.494396
1452 | 435300.0 | 435600.0 | 0.005840 | 0.016691 |   5.485199 |      6 | 0.940984 | 0.600000 | 0.683333 | 0.703333 | 0.696667 |   0.199714 |      240 |      205 |       36 |   5.484713 |      6 | 0.942150 | 1.464865
1453 | 435600.0 | 435900.0 | 0.005837 | 0.016689 |   5.484713 |      6 | 0.942150 | 0.600000 | 0.676667 | 0.673333 | 0.643333 |   0.898804 |      240 |      203 |       36 |   5.484265 |      6 | 0.947396 | 1.332022
1454 | 435900.0 | 436200.0 | 0.005834 | 0.016687 |   5.484265 |      6 | 0.947396 | 0.600000 | 0.703333 | 0.653333 | 0.663333 |  -0.299631 |      242 |      211 |       31 |   5.483662 |      6 | 0.945648 | 1.376287
1455 | 436200.0 | 436500.0 | 0.005832 | 0.016686 |   5.483662 |      6 | 0.945648 | 0.600000 | 0.666667 | 0.700000 | 0.670000 |   0.898984 |      237 |      200 |       37 |   5.483273 |      6 | 0.950890 | 1.243537
1456 | 436500.0 | 436800.0 | 0.005829 | 0.016684 |   5.483273 |      6 | 0.950890 | 0.600000 | 0.716667 | 0.700000 | 0.646667 |   1.598352 |      243 |      215 |       29 |   5.482593 |      6 | 0.960207 | 1.007621
1457 | 436800.0 | 437100.0 | 0.005826 | 0.016682 |   5.482593 |      6 | 0.960207 | 0.600000 | 0.680000 | 0.503333 | 0.693333 |  -5.694697 |      236 |      204 |       31 |   5.482127 |      6 | 0.927028 | 1.847780
1458 | 437100.0 | 437400.0 | 0.005824 | 0.016681 |   5.482127 |      6 | 0.927028 | 0.600000 | 0.623333 | 0.656667 | 0.670000 |  -0.399668 |      236 |      187 |       49 |   5.481991 |      6 | 0.924700 | 1.906718
1459 | 437400.0 | 437700.0 | 0.005821 | 0.016679 |   5.481991 |      6 | 0.924700 | 0.600000 | 0.670000 | 0.620000 | 0.640000 |  -0.599561 |      239 |      201 |       38 |   5.481584 |      6 | 0.921210 | 1.995094
1460 | 437700.0 | 438000.0 | 0.005819 | 0.016677 |   5.481584 |      6 | 0.921210 | 0.600000 | 0.663333 | 0.660000 | 0.690000 |  -0.899431 |      240 |      199 |       41 |   5.481215 |      6 | 0.915977 | 2.127612
1461 | 438000.0 | 438300.0 | 0.005816 | 0.016676 |   5.481215 |      6 | 0.915977 | 0.600000 | 0.670000 | 0.650000 | 0.673333 |  -0.699627 |      239 |      201 |       38 |   5.480808 |      6 | 0.911908 | 2.230645
1462 | 438300.0 | 438600.0 | 0.005813 | 0.016674 |   5.480808 |      6 | 0.911908 | 0.600000 | 0.673333 | 0.660000 | 0.636667 |   0.699696 |      240 |      202 |       38 |   5.480382 |      6 | 0.915975 | 2.127648
1463 | 438600.0 | 438900.0 | 0.005811 | 0.016672 |   5.480382 |      6 | 0.915975 | 0.600000 | 0.670000 | 0.663333 | 0.676667 |  -0.399866 |      239 |      201 |       38 |   5.479975 |      6 | 0.913652 | 2.186483
1464 | 438900.0 | 439200.0 | 0.005808 | 0.016671 |   5.479975 |      6 | 0.913652 | 0.600000 | 0.696667 | 0.640000 | 0.670000 |  -0.899788 |      243 |      209 |       34 |   5.479414 |      6 | 0.908426 | 2.318816
1465 | 439200.0 | 439500.0 | 0.005806 | 0.016669 |   5.479414 |      6 | 0.908426 | 0.600000 | 0.720000 | 0.683333 | 0.593333 |   2.699631 |      245 |      216 |       29 |   5.478717 |      6 | 0.924099 | 1.921955
1466 | 439500.0 | 439800.0 | 0.005803 | 0.016667 |   5.478717 |      6 | 0.924099 | 0.600000 | 0.646667 | 0.686667 | 0.660000 |   0.799970 |      237 |      194 |       43 |   5.478446 |      6 | 0.928741 | 1.804408
1467 | 439800.0 | 440100.0 | 0.005800 | 0.016666 |   5.478446 |      6 | 0.928741 | 0.600000 | 0.673333 | 0.716667 | 0.676667 |   1.200073 |      240 |      202 |       38 |   5.478021 |      6 | 0.935702 | 1.628148
1468 | 440100.0 | 440400.0 | 0.005798 | 0.016664 |   5.478021 |      6 | 0.935702 | 0.600000 | 0.663333 | 0.673333 | 0.680000 |  -0.200032 |      238 |      199 |       39 |   5.477654 |      6 | 0.934542 | 1.657515
1469 | 440400.0 | 440700.0 | 0.005795 | 0.016662 |   5.477654 |      6 | 0.934542 | 0.600000 | 0.693333 | 0.670000 | 0.646667 |   0.700181 |      243 |      208 |       35 |   5.477113 |      6 | 0.938599 | 1.554768
1470 | 440700.0 | 441000.0 | 0.005793 | 0.016661 |   5.477113 |      6 | 0.938599 | 0.600000 | 0.660000 | 0.653333 | 0.650000 |   0.100036 |      237 |      198 |       39 |   5.476765 |      6 | 0.939179 | 1.540095
1471 | 441000.0 | 441300.0 | 0.005790 | 0.016659 |   5.476765 |      6 | 0.939179 | 0.600000 | 0.686667 | 0.703333 | 0.643333 |   1.800821 |      241 |      206 |       35 |   5.476264 |      6 | 0.949606 | 1.276073
1472 | 441300.0 | 441600.0 | 0.005787 | 0.016657 |   5.476264 |      6 | 0.949606 | 0.600000 | 0.700000 | 0.663333 | 0.626667 |   1.100610 |      239 |      210 |       29 |   5.475685 |      6 | 0.955975 | 1.114782
1473 | 441600.0 | 441900.0 | 0.005785 | 0.016656 |   5.475685 |      6 | 0.955975 | 0.600000 | 0.643333 | 0.570000 | 0.706667 |  -4.102679 |      236 |      193 |       43 |   5.475434 |      6 | 0.932242 | 1.715749
1474 | 441900.0 | 442200.0 | 0.005782 | 0.016654 |   5.475434 |      6 | 0.932242 | 0.600000 | 0.670000 | 0.673333 | 0.710000 |  -1.100827 |      239 |      201 |       38 |   5.475029 |      6 | 0.925877 | 1.876928
1475 | 442200.0 | 442500.0 | 0.005780 | 0.016653 |   5.475029 |      6 | 0.925877 | 0.600000 | 0.680000 | 0.673333 | 0.660000 |   0.400340 |      242 |      204 |       38 |   5.474567 |      6 | 0.928191 | 1.818338
1476 | 442500.0 | 442800.0 | 0.005777 | 0.016651 |   5.474567 |      6 | 0.928191 | 0.600000 | 0.666667 | 0.683333 | 0.656667 |   0.800759 |      239 |      200 |       39 |   5.474182 |      6 | 0.932817 | 1.701198
1477 | 442800.0 | 443100.0 | 0.005775 | 0.016649 |   5.474182 |      6 | 0.932817 | 0.600000 | 0.676667 | 0.686667 | 0.676667 |   0.300314 |      239 |      203 |       36 |   5.473739 |      6 | 0.934551 | 1.657285
1478 | 443100.0 | 443400.0 | 0.005772 | 0.016648 |   5.473739 |      6 | 0.934551 | 0.600000 | 0.713333 | 0.656667 | 0.686667 |  -0.901031 |      243 |      214 |       29 |   5.473085 |      6 | 0.929350 | 1.788977
1479 | 443400.0 | 443700.0 | 0.005769 | 0.016646 |   5.473085 |      6 | 0.929350 | 0.600000 | 0.690000 | 0.643333 | 0.653333 |  -0.300373 |      242 |      207 |       35 |   5.472566 |      6 | 0.927617 | 1.832859
1480 | 443700.0 | 444000.0 | 0.005767 | 0.016644 |   5.472566 |      6 | 0.927617 | 0.600000 | 0.656667 | 0.706667 | 0.650000 |   1.702282 |      240 |      197 |       43 |   5.472239 |      6 | 0.937434 | 1.584280
1481 | 444000.0 | 444300.0 | 0.005764 | 0.016643 |   5.472239 |      6 | 0.937434 | 0.600000 | 0.666667 | 0.643333 | 0.643333 |   0.000000 |      238 |      200 |       38 |   5.471855 |      6 | 0.937434 | 1.584280
1482 | 444300.0 | 444600.0 | 0.005762 | 0.016641 |   5.471855 |      6 | 0.937434 | 0.600000 | 0.696667 | 0.710000 | 0.676667 |   1.001538 |      242 |      209 |       33 |   5.471298 |      6 | 0.943205 | 1.438158
1483 | 444600.0 | 444900.0 | 0.005759 | 0.016639 |   5.471298 |      6 | 0.943205 | 0.600000 | 0.663333 | 0.673333 | 0.690000 |  -0.500818 |      237 |      199 |       38 |   5.470933 |      6 | 0.940320 | 1.511194
1484 | 444900.0 | 445200.0 | 0.005757 | 0.016638 |   5.470933 |      6 | 0.940320 | 0.600000 | 0.706667 | 0.640000 | 0.673333 |  -1.001734 |      243 |      212 |       31 |   5.470319 |      6 | 0.934554 | 1.657215
1485 | 445200.0 | 445500.0 | 0.005754 | 0.016636 |   5.470319 |      6 | 0.934554 | 0.600000 | 0.650000 | 0.686667 | 0.660000 |   0.801466 |      237 |      195 |       42 |   5.470031 |      6 | 0.939165 | 1.540438
1486 | 445500.0 | 445800.0 | 0.005752 | 0.016635 |   5.470031 |      6 | 0.939165 | 0.600000 | 0.713333 | 0.676667 | 0.636667 |   1.202316 |      243 |      214 |       29 |   5.469379 |      6 | 0.946081 | 1.365333
1487 | 445800.0 | 446100.0 | 0.005749 | 0.016633 |   5.469379 |      6 | 0.946081 | 0.600000 | 0.706667 | 0.696667 | 0.676667 |   0.601217 |      242 |      212 |       30 |   5.468766 |      6 | 0.949537 | 1.277810
1488 | 446100.0 | 446400.0 | 0.005747 | 0.016631 |   5.468766 |      6 | 0.949537 | 0.600000 | 0.713333 | 0.690000 | 0.660000 |   0.901913 |      243 |      214 |       29 |   5.468115 |      6 | 0.954720 | 1.146571
1489 | 446400.0 | 446700.0 | 0.005744 | 0.016630 |   5.468115 |      6 | 0.954720 | 0.600000 | 0.740000 | 0.623333 | 0.656667 |  -1.002223 |      244 |      222 |       22 |   5.467311 |      6 | 0.948963 | 1.292342
1490 | 446700.0 | 447000.0 | 0.005741 | 0.016628 |   5.467311 |      6 | 0.948963 | 0.600000 | 0.703333 | 0.666667 | 0.676667 |  -0.300696 |      242 |      211 |       31 |   5.466717 |      6 | 0.947237 | 1.336059
1491 | 447000.0 | 447300.0 | 0.005739 | 0.016626 |   5.466717 |      6 | 0.947237 | 0.600000 | 0.683333 | 0.660000 | 0.670000 |  -0.300726 |      239 |      205 |       34 |   5.466239 |      6 | 0.945511 | 1.379760
1492 | 447300.0 | 447600.0 | 0.005736 | 0.016625 |   5.466239 |      6 | 0.945511 | 0.600000 | 0.730000 | 0.680000 | 0.720000 |  -1.203019 |      245 |      219 |       26 |   5.465493 |      6 | 0.938610 | 1.554505
1493 | 447600.0 | 447900.0 | 0.005734 | 0.016623 |   5.465493 |      6 | 0.938610 | 0.600000 | 0.636667 | 0.686667 | 0.670000 |   0.501307 |      235 |      191 |       44 |   5.465283 |      6 | 0.941484 | 1.481720
1494 | 447900.0 | 448200.0 | 0.005731 | 0.016622 |   5.465283 |      6 | 0.941484 | 0.600000 | 0.673333 | 0.686667 | 0.673333 |   0.401084 |      240 |      202 |       38 |   5.464863 |      6 | 0.943783 | 1.423511
1495 | 448200.0 | 448500.0 | 0.005729 | 0.016620 |   5.464863 |      6 | 0.943783 | 0.600000 | 0.693333 | 0.673333 | 0.680000 |  -0.200562 |      241 |      208 |       33 |   5.464328 |      6 | 0.942634 | 1.452605
1496 | 448500.0 | 448800.0 | 0.005726 | 0.016618 |   5.464328 |      6 | 0.942634 | 0.600000 | 0.670000 | 0.656667 | 0.680000 |  -0.702034 |      239 |      201 |       38 |   5.463927 |      6 | 0.938614 | 1.554401
1497 | 448800.0 | 449100.0 | 0.005724 | 0.016617 |   5.463927 |      6 | 0.938614 | 0.600000 | 0.663333 | 0.653333 | 0.646667 |   0.200601 |      238 |      199 |       40 |   5.463565 |      6 | 0.939762 | 1.525326
1498 | 449100.0 | 449400.0 | 0.005721 | 0.016615 |   5.463565 |      6 | 0.939762 | 0.600000 | 0.623333 | 0.646667 | 0.653333 |  -0.200620 |      234 |      187 |       46 |   5.463431 |      6 | 0.938614 | 1.554391
1499 | 449400.0 | 449700.0 | 0.005719 | 0.016614 |   5.463431 |      6 | 0.938614 | 0.600000 | 0.670000 | 0.710000 | 0.680000 |   0.902878 |      240 |      201 |       39 |   5.463031 |      6 | 0.943778 | 1.423645
1500 | 449700.0 | 450000.0 | 0.005716 | 0.016612 |   5.463031 |      6 | 0.943778 | 0.600000 | 0.703333 | 0.690000 | 0.643333 |   1.404613 |      242 |      211 |       31 |   5.462440 |      6 | 0.951807 | 1.220332
1501 | 450000.0 | 450300.0 | 0.005714 | 0.016610 |   5.462440 |      6 | 0.951807 | 0.600000 | 0.686667 | 0.650000 | 0.670000 |  -0.602035 |      239 |      206 |       33 |   5.461945 |      6 | 0.948367 | 1.307436
1502 | 450300.0 | 450600.0 | 0.005711 | 0.016609 |   5.461945 |      6 | 0.948367 | 0.600000 | 0.690000 | 0.670000 | 0.693333 |  -0.702442 |      241 |      207 |       34 |   5.461431 |      6 | 0.944355 | 1.409024
1503 | 450600.0 | 450900.0 | 0.005709 | 0.016607 |   5.461431 |      6 | 0.944355 | 0.600000 | 0.720000 | 0.730000 | 0.666667 |   1.906813 |      243 |      216 |       27 |   5.460746 |      6 | 0.955241 | 1.133380
1504 | 450900.0 | 451200.0 | 0.005706 | 0.016606 |   5.460746 |      6 | 0.955241 | 0.600000 | 0.726667 | 0.616667 | 0.706667 |  -2.709943 |      242 |      218 |       24 |   5.460023 |      6 | 0.939777 | 1.524951
1505 | 451200.0 | 451500.0 | 0.005704 | 0.016604 |   5.460023 |      6 | 0.939777 | 0.600000 | 0.726667 | 0.656667 | 0.680000 |  -0.702646 |      244 |      218 |       26 |   5.459301 |      6 | 0.935769 | 1.626435
1506 | 451500.0 | 451800.0 | 0.005701 | 0.016602 |   5.459301 |      6 | 0.935769 | 0.600000 | 0.690000 | 0.686667 | 0.690000 |  -0.100388 |      241 |      207 |       34 |   5.458788 |      6 | 0.935197 | 1.640928
1507 | 451800.0 | 452100.0 | 0.005699 | 0.016601 |   5.458788 |      6 | 0.935197 | 0.600000 | 0.700000 | 0.656667 | 0.683333 |  -0.803178 |      242 |      210 |       32 |   5.458218 |      6 | 0.930620 | 1.756830
1508 | 452100.0 | 452400.0 | 0.005696 | 0.016599 |   5.458218 |      6 | 0.930620 | 0.600000 | 0.700000 | 0.696667 | 0.656667 |   1.204884 |      243 |      210 |       33 |   5.457648 |      6 | 0.937483 | 1.583035
1509 | 452400.0 | 452700.0 | 0.005694 | 0.016598 |   5.457648 |      6 | 0.937483 | 0.600000 | 0.666667 | 0.706667 | 0.636667 |   2.108749 |      238 |      200 |       38 |   5.457269 |      6 | 0.949490 | 1.278996
1510 | 452700.0 | 453000.0 | 0.005691 | 0.016596 |   5.457269 |      6 | 0.949490 | 0.600000 | 0.680000 | 0.626667 | 0.673333 |  -1.405968 |      238 |      204 |       34 |   5.456813 |      6 | 0.941488 | 1.481620
1511 | 453000.0 | 453300.0 | 0.005689 | 0.016594 |   5.456813 |      6 | 0.941488 | 0.600000 | 0.730000 | 0.660000 | 0.650000 |   0.301308 |      245 |      219 |       26 |   5.456074 |      6 | 0.943202 | 1.438216
1512 | 453300.0 | 453600.0 | 0.005686 | 0.016593 |   5.456074 |      6 | 0.943202 | 0.600000 | 0.683333 | 0.646667 | 0.696667 |  -1.506684 |      240 |      205 |       35 |   5.455600 |      6 | 0.934635 | 1.655166
1513 | 453600.0 | 453900.0 | 0.005684 | 0.016591 |   5.455600 |      6 | 0.934635 | 0.600000 | 0.653333 | 0.660000 | 0.726667 |  -2.009105 |      238 |      196 |       42 |   5.455297 |      6 | 0.923215 | 1.944335
1514 | 453900.0 | 454200.0 | 0.005682 | 0.016590 |   5.455297 |      6 | 0.923215 | 0.600000 | 0.663333 | 0.710000 | 0.640000 |   2.109762 |      239 |      199 |       40 |   5.454937 |      6 | 0.935201 | 1.640810
1515 | 454200.0 | 454500.0 | 0.005679 | 0.016588 |   5.454937 |      6 | 0.935201 | 0.600000 | 0.710000 | 0.690000 | 0.673333 |   0.502373 |      243 |      213 |       30 |   5.454312 |      6 | 0.938055 | 1.568566
1516 | 454500.0 | 454800.0 | 0.005677 | 0.016586 |   5.454312 |      6 | 0.938055 | 0.600000 | 0.696667 | 0.653333 | 0.650000 |   0.100484 |      241 |      209 |       32 |   5.453763 |      6 | 0.938625 | 1.554122
1517 | 454800.0 | 455100.0 | 0.005674 | 0.016585 |   5.453763 |      6 | 0.938625 | 0.600000 | 0.716667 | 0.660000 | 0.680000 |  -0.602963 |      243 |      215 |       28 |   5.453101 |      6 | 0.935204 | 1.640756
1518 | 455100.0 | 455400.0 | 0.005672 | 0.016583 |   5.453101 |      6 | 0.935204 | 0.600000 | 0.646667 | 0.720000 | 0.676667 |   1.306544 |      236 |      194 |       42 |   5.452837 |      6 | 0.942614 | 1.453113
1519 | 455400.0 | 455700.0 | 0.005669 | 0.016582 |   5.452837 |      6 | 0.942614 | 0.600000 | 0.706667 | 0.710000 | 0.643333 |   2.010260 |      242 |      212 |       30 |   5.452232 |      6 | 0.954011 | 1.164529
1520 | 455700.0 | 456000.0 | 0.005667 | 0.016580 |   5.452232 |      6 | 0.954011 | 0.600000 | 0.736667 | 0.613333 | 0.683333 |  -2.110975 |      245 |      221 |       24 |   5.451458 |      6 | 0.942048 | 1.467440
1521 | 456000.0 | 456300.0 | 0.005664 | 0.016578 |   5.451458 |      6 | 0.942048 | 0.600000 | 0.673333 | 0.690000 | 0.693333 |  -0.100532 |      239 |      202 |       37 |   5.451042 |      6 | 0.941479 | 1.481860
1522 | 456300.0 | 456600.0 | 0.005662 | 0.016577 |   5.451042 |      6 | 0.941479 | 0.600000 | 0.673333 | 0.693333 | 0.666667 |   0.804334 |      239 |      202 |       37 |   5.450627 |      6 | 0.946033 | 1.366543
1523 | 456600.0 | 456900.0 | 0.005659 | 0.016575 |   5.450627 |      6 | 0.946033 | 0.600000 | 0.690000 | 0.706667 | 0.643333 |   1.910476 |      240 |      207 |       33 |   5.450118 |      6 | 0.956845 | 1.092756
1524 | 456900.0 | 457200.0 | 0.005657 | 0.016574 |   5.450118 |      6 | 0.956845 | 0.600000 | 0.706667 | 0.600000 | 0.680000 |  -2.413463 |      240 |      212 |       29 |   5.449514 |      6 | 0.943192 | 1.438476
1525 | 457200.0 | 457500.0 | 0.005655 | 0.016572 |   5.449514 |      6 | 0.943192 | 0.600000 | 0.693333 | 0.656667 | 0.670000 |  -0.402282 |      241 |      208 |       32 |   5.448986 |      6 | 0.940917 | 1.496076
1526 | 457500.0 | 457800.0 | 0.005652 | 0.016571 |   5.448986 |      6 | 0.940917 | 0.600000 | 0.676667 | 0.663333 | 0.646667 |   0.502901 |      238 |      203 |       35 |   5.448553 |      6 | 0.943760 | 1.424100
1527 | 457800.0 | 458100.0 | 0.005650 | 0.016569 |   5.448553 |      6 | 0.943760 | 0.600000 | 0.720000 | 0.693333 | 0.693333 |   0.000000 |      245 |      216 |       29 |   5.447875 |      6 | 0.943760 | 1.424100
1528 | 458100.0 | 458400.0 | 0.005647 | 0.016567 |   5.447875 |      6 | 0.943760 | 0.600000 | 0.713333 | 0.716667 | 0.673333 |   1.307790 |      243 |      214 |       29 |   5.447235 |      6 | 0.951145 | 1.237086
1529 | 458400.0 | 458700.0 | 0.005645 | 0.016566 |   5.447235 |      6 | 0.951145 | 0.600000 | 0.700000 | 0.640000 | 0.626667 |   0.402435 |      240 |      210 |       30 |   5.446671 |      6 | 0.953417 | 1.179563
1530 | 458700.0 | 459000.0 | 0.005642 | 0.016564 |   5.446671 |      6 | 0.953417 | 0.600000 | 0.736667 | 0.610000 | 0.726667 |  -3.521643 |      245 |      221 |       24 |   5.445899 |      6 | 0.933546 | 1.682724
1531 | 459000.0 | 459300.0 | 0.005640 | 0.016563 |   5.445899 |      6 | 0.933546 | 0.600000 | 0.700000 | 0.690000 | 0.673333 |   0.503140 |      241 |      210 |       31 |   5.445335 |      6 | 0.936384 | 1.610868
1532 | 459300.0 | 459600.0 | 0.005638 | 0.016561 |   5.445335 |      6 | 0.936384 | 0.600000 | 0.660000 | 0.706667 | 0.636667 |   2.113387 |      239 |      198 |       41 |   5.444997 |      6 | 0.948298 | 1.309173
1533 | 459600.0 | 459900.0 | 0.005635 | 0.016560 |   5.444997 |      6 | 0.948298 | 0.600000 | 0.670000 | 0.696667 | 0.670000 |   0.805176 |      239 |      201 |       38 |   5.444603 |      6 | 0.952836 | 1.194280
1534 | 459900.0 | 460200.0 | 0.005633 | 0.016558 |   5.444603 |      6 | 0.952836 | 0.600000 | 0.680000 | 0.643333 | 0.686667 |  -1.308535 |      237 |      204 |       34 |   5.444152 |      6 | 0.945465 | 1.380919
1535 | 460200.0 | 460500.0 | 0.005630 | 0.016556 |   5.444152 |      6 | 0.945465 | 0.600000 | 0.686667 | 0.633333 | 0.690000 |  -1.711323 |      241 |      206 |       34 |   5.443664 |      6 | 0.935830 | 1.624903
1536 | 460500.0 | 460800.0 | 0.005628 | 0.016555 |   5.443664 |      6 | 0.935830 | 0.600000 | 0.690000 | 0.693333 | 0.660000 |   1.006756 |      241 |      207 |       34 |   5.443158 |      6 | 0.941496 | 1.481431
1537 | 460800.0 | 461100.0 | 0.005626 | 0.016553 |   5.443158 |      6 | 0.941496 | 0.600000 | 0.730000 | 0.686667 | 0.643333 |   1.308907 |      245 |      219 |       26 |   5.442426 |      6 | 0.948859 | 1.294978
1538 | 461100.0 | 461400.0 | 0.005623 | 0.016552 |   5.442426 |      6 | 0.948859 | 0.600000 | 0.726667 | 0.693333 | 0.643333 |   1.510419 |      243 |      218 |       25 |   5.441714 |      6 | 0.957352 | 1.079913
1539 | 461400.0 | 461700.0 | 0.005621 | 0.016550 |   5.441714 |      6 | 0.957352 | 0.600000 | 0.676667 | 0.566667 | 0.646667 |  -2.416899 |      238 |      203 |       35 |   5.441283 |      6 | 0.943768 | 1.423903
1540 | 461700.0 | 462000.0 | 0.005618 | 0.016549 |   5.441283 |      6 | 0.943768 | 0.600000 | 0.703333 | 0.673333 | 0.670000 |   0.100714 |      242 |      211 |       31 |   5.440703 |      6 | 0.944333 | 1.409575
1541 | 462000.0 | 462300.0 | 0.005616 | 0.016547 |   5.440703 |      6 | 0.944333 | 0.600000 | 0.696667 | 0.686667 | 0.700000 |  -0.402893 |      241 |      209 |       32 |   5.440160 |      6 | 0.942071 | 1.466869
1542 | 462300.0 | 462600.0 | 0.005614 | 0.016545 |   5.440160 |      6 | 0.942071 | 0.600000 | 0.703333 | 0.713333 | 0.713333 |   0.000000 |      242 |      211 |       31 |   5.439580 |      6 | 0.942071 | 1.466869
1543 | 462600.0 | 462900.0 | 0.005611 | 0.016544 |   5.439580 |      6 | 0.942071 | 0.600000 | 0.700000 | 0.633333 | 0.673333 |  -1.208906 |      241 |      210 |       31 |   5.439018 |      6 | 0.935287 | 1.638636
1544 | 462900.0 | 463200.0 | 0.005609 | 0.016542 |   5.439018 |      6 | 0.935287 | 0.600000 | 0.736667 | 0.723333 | 0.650000 |   2.216535 |      246 |      221 |       25 |   5.438252 |      6 | 0.947719 | 1.323834
1545 | 463200.0 | 463500.0 | 0.005606 | 0.016541 |   5.438252 |      6 | 0.947719 | 0.600000 | 0.670000 | 0.660000 | 0.720000 |  -1.813700 |      239 |      201 |       38 |   5.437859 |      6 | 0.937551 | 1.581314
1546 | 463500.0 | 463800.0 | 0.005604 | 0.016539 |   5.437859 |      6 | 0.937551 | 0.600000 | 0.730000 | 0.693333 | 0.700000 |  -0.201541 |      245 |      219 |       26 |   5.437131 |      6 | 0.936422 | 1.609913
1547 | 463800.0 | 464100.0 | 0.005602 | 0.016538 |   5.437131 |      6 | 0.936422 | 0.600000 | 0.650000 | 0.680000 | 0.673333 |   0.201560 |      237 |      195 |       42 |   5.436851 |      6 | 0.937551 | 1.581323
1548 | 464100.0 | 464400.0 | 0.005599 | 0.016536 |   5.436851 |      6 | 0.937551 | 0.600000 | 0.706667 | 0.653333 | 0.666667 |  -0.403158 |      243 |      212 |       31 |   5.436254 |      6 | 0.935293 | 1.638484
1549 | 464400.0 | 464700.0 | 0.005597 | 0.016535 |   5.436254 |      6 | 0.935293 | 0.600000 | 0.643333 | 0.700000 | 0.693333 |   0.201598 |      237 |      193 |       44 |   5.436011 |      6 | 0.936422 | 1.609913
1550 | 464700.0 | 465000.0 | 0.005594 | 0.016533 |   5.436011 |      6 | 0.936422 | 0.600000 | 0.683333 | 0.650000 | 0.673333 |  -0.705659 |      240 |      205 |       35 |   5.435545 |      6 | 0.932474 | 1.709878
1551 | 465000.0 | 465300.0 | 0.005592 | 0.016531 |   5.435545 |      6 | 0.932474 | 0.600000 | 0.713333 | 0.680000 | 0.666667 |   0.403271 |      243 |      214 |       29 |   5.434911 |      6 | 0.934729 | 1.652774
1552 | 465300.0 | 465600.0 | 0.005590 | 0.016530 |   5.434911 |      6 | 0.934729 | 0.600000 | 0.683333 | 0.670000 | 0.663333 |   0.201655 |      241 |      205 |       36 |   5.434445 |      6 | 0.935856 | 1.624231
1553 | 465600.0 | 465900.0 | 0.005587 | 0.016528 |   5.434445 |      6 | 0.935856 | 0.600000 | 0.676667 | 0.683333 | 0.650000 |   1.008367 |      239 |      203 |       36 |   5.434017 |      6 | 0.941490 | 1.481565
1554 | 465900.0 | 466200.0 | 0.005585 | 0.016527 |   5.434017 |      6 | 0.941490 | 0.600000 | 0.716667 | 0.676667 | 0.666667 |   0.302539 |      244 |      215 |       29 |   5.433365 |      6 | 0.943180 | 1.438780
1555 | 466200.0 | 466500.0 | 0.005583 | 0.016525 |   5.433365 |      6 | 0.943180 | 0.600000 | 0.710000 | 0.683333 | 0.653333 |   0.907700 |      242 |      213 |       30 |   5.432751 |      6 | 0.948247 | 1.310465
1556 | 466500.0 | 466800.0 | 0.005580 | 0.016524 |   5.432751 |      6 | 0.948247 | 0.600000 | 0.720000 | 0.733333 | 0.676667 |   1.714705 |      243 |      216 |       26 |   5.432082 |      6 | 0.957816 | 1.068172
1557 | 466800.0 | 467100.0 | 0.005578 | 0.016522 |   5.432082 |      6 | 0.957816 | 0.600000 | 0.733333 | 0.560000 | 0.650000 |  -2.723610 |      243 |      220 |       23 |   5.431338 |      6 | 0.942624 | 1.452863
1558 | 467100.0 | 467400.0 | 0.005576 | 0.016521 |   5.431338 |      6 | 0.942624 | 0.600000 | 0.683333 | 0.680000 | 0.680000 |   0.000000 |      240 |      205 |       36 |   5.430873 |      6 | 0.942624 | 1.452863
1559 | 467400.0 | 467700.0 | 0.005573 | 0.016519 |   5.430873 |      6 | 0.942624 | 0.600000 | 0.683333 | 0.686667 | 0.676667 |   0.302680 |      239 |      205 |       33 |   5.430409 |      6 | 0.944311 | 1.410148
1560 | 467700.0 | 468000.0 | 0.005571 | 0.016518 |   5.430409 |      6 | 0.944311 | 0.600000 | 0.676667 | 0.730000 | 0.656667 |   2.219859 |      241 |      203 |       38 |   5.429982 |      6 | 0.956677 | 1.097005
1561 | 468000.0 | 468300.0 | 0.005569 | 0.016516 |   5.429982 |      6 | 0.956677 | 0.600000 | 0.710000 | 0.603333 | 0.700000 |  -2.926450 |      240 |      213 |       27 |   5.429369 |      6 | 0.940381 | 1.509649
1562 | 468300.0 | 468600.0 | 0.005566 | 0.016514 |   5.429369 |      6 | 0.940381 | 0.600000 | 0.680000 | 0.676667 | 0.673333 |   0.100921 |      240 |      204 |       36 |   5.428924 |      6 | 0.940943 | 1.495424
1563 | 468600.0 | 468900.0 | 0.005564 | 0.016513 |   5.428924 |      6 | 0.940943 | 0.600000 | 0.716667 | 0.680000 | 0.683333 |  -0.100931 |      243 |      215 |       28 |   5.428275 |      6 | 0.940381 | 1.509644
1564 | 468900.0 | 469200.0 | 0.005562 | 0.016511 |   5.428275 |      6 | 0.940381 | 0.600000 | 0.680000 | 0.653333 | 0.680000 |  -0.807522 |      241 |      204 |       37 |   5.427830 |      6 | 0.935890 | 1.623365
1565 | 469200.0 | 469500.0 | 0.005559 | 0.016510 |   5.427830 |      6 | 0.935890 | 0.600000 | 0.730000 | 0.663333 | 0.703333 |  -1.211395 |      244 |      219 |       25 |   5.427107 |      6 | 0.929156 | 1.793890
1566 | 469500.0 | 469800.0 | 0.005557 | 0.016508 |   5.427107 |      6 | 0.929156 | 0.600000 | 0.700000 | 0.680000 | 0.596667 |   2.523974 |      243 |      210 |       33 |   5.426551 |      6 | 0.943181 | 1.438745
1567 | 469800.0 | 470100.0 | 0.005555 | 0.016507 |   5.426551 |      6 | 0.943181 | 0.600000 | 0.656667 | 0.670000 | 0.646667 |   0.706778 |      236 |      197 |       39 |   5.426237 |      6 | 0.947107 | 1.339337
1568 | 470100.0 | 470400.0 | 0.005552 | 0.016505 |   5.426237 |      6 | 0.947107 | 0.600000 | 0.703333 | 0.703333 | 0.676667 |   0.807822 |      242 |      211 |       31 |   5.425663 |      6 | 0.951592 | 1.225765
1569 | 470400.0 | 470700.0 | 0.005550 | 0.016504 |   5.425663 |      6 | 0.951592 | 0.600000 | 0.713333 | 0.623333 | 0.680000 |  -1.716780 |      243 |      214 |       29 |   5.425034 |      6 | 0.942064 | 1.467027
1570 | 470700.0 | 471000.0 | 0.005548 | 0.016502 |   5.425034 |      6 | 0.942064 | 0.600000 | 0.696667 | 0.646667 | 0.660000 |  -0.403986 |      241 |      209 |       32 |   5.424498 |      6 | 0.939823 | 1.523776
1571 | 471000.0 | 471300.0 | 0.005545 | 0.016501 |   5.424498 |      6 | 0.939823 | 0.600000 | 0.740000 | 0.696667 | 0.686667 |   0.303017 |      245 |      222 |       23 |   5.423721 |      6 | 0.941504 | 1.481228
1572 | 471300.0 | 471600.0 | 0.005543 | 0.016499 |   5.423721 |      6 | 0.941504 | 0.600000 | 0.673333 | 0.666667 | 0.676667 |  -0.303045 |      240 |      202 |       38 |   5.423315 |      6 | 0.939824 | 1.523762
1573 | 471600.0 | 471900.0 | 0.005541 | 0.016498 |   5.423315 |      6 | 0.939824 | 0.600000 | 0.683333 | 0.680000 | 0.700000 |  -0.606147 |      241 |      205 |       36 |   5.422853 |      6 | 0.936466 | 1.608802
1574 | 471900.0 | 472200.0 | 0.005538 | 0.016496 |   5.422853 |      6 | 0.936466 | 0.600000 | 0.696667 | 0.656667 | 0.680000 |  -0.707237 |      240 |      209 |       31 |   5.422318 |      6 | 0.932549 | 1.707983
1575 | 472200.0 | 472500.0 | 0.005536 | 0.016495 |   5.422318 |      6 | 0.932549 | 0.600000 | 0.663333 | 0.720000 | 0.626667 |   2.829207 |      240 |      199 |       41 |   5.421967 |      6 | 0.948211 | 1.311388
1576 | 472500.0 | 472800.0 | 0.005534 | 0.016493 |   5.421967 |      6 | 0.948211 | 0.600000 | 0.690000 | 0.700000 | 0.676667 |   0.707367 |      240 |      207 |       33 |   5.421469 |      6 | 0.952125 | 1.212271
1577 | 472800.0 | 473100.0 | 0.005531 | 0.016492 |   5.421469 |      6 | 0.952125 | 0.600000 | 0.683333 | 0.663333 | 0.710000 |  -1.414865 |      238 |      205 |       33 |   5.421008 |      6 | 0.944299 | 1.410440
1578 | 473100.0 | 473400.0 | 0.005529 | 0.016490 |   5.421008 |      6 | 0.944299 | 0.600000 | 0.666667 | 0.673333 | 0.653333 |   0.606426 |      239 |      200 |       39 |   5.420640 |      6 | 0.947652 | 1.325538
1579 | 473400.0 | 473700.0 | 0.005527 | 0.016489 |   5.420640 |      6 | 0.947652 | 0.600000 | 0.683333 | 0.690000 | 0.646667 |   1.314045 |      240 |      205 |       35 |   5.420179 |      6 | 0.954914 | 1.141644
1580 | 473700.0 | 474000.0 | 0.005524 | 0.016487 |   5.420179 |      6 | 0.954914 | 0.600000 | 0.646667 | 0.570000 | 0.650000 |  -2.426153 |      234 |      194 |       40 |   5.419921 |      6 | 0.941511 | 1.481031
1581 | 474000.0 | 474300.0 | 0.005522 | 0.016485 |   5.419921 |      6 | 0.941511 | 0.600000 | 0.656667 | 0.666667 | 0.596667 |   2.123079 |      237 |      197 |       40 |   5.419608 |      6 | 0.953235 | 1.184164
1582 | 474300.0 | 474600.0 | 0.005520 | 0.016484 |   5.419608 |      6 | 0.953235 | 0.600000 | 0.756667 | 0.616667 | 0.720000 |  -3.134357 |      247 |      227 |       20 |   5.418744 |      6 | 0.935934 | 1.622254
1583 | 474600.0 | 474900.0 | 0.005517 | 0.016482 |   5.418744 |      6 | 0.935934 | 0.600000 | 0.686667 | 0.653333 | 0.696667 |  -1.314529 |      239 |      206 |       33 |   5.418265 |      6 | 0.928681 | 1.805909
1584 | 474900.0 | 475200.0 | 0.005515 | 0.016481 |   5.418265 |      6 | 0.928681 | 0.600000 | 0.660000 | 0.650000 | 0.673333 |  -0.707888 |      239 |      198 |       41 |   5.417935 |      6 | 0.924777 | 1.904769
1585 | 475200.0 | 475500.0 | 0.005513 | 0.016479 |   5.417935 |      6 | 0.924777 | 0.600000 | 0.716667 | 0.693333 | 0.633333 |   1.820451 |      244 |      215 |       29 |   5.417291 |      6 | 0.934813 | 1.650641
1586 | 475500.0 | 475800.0 | 0.005511 | 0.016478 |   5.417291 |      6 | 0.934813 | 0.600000 | 0.676667 | 0.636667 | 0.683333 |  -1.416036 |      241 |      203 |       38 |   5.416869 |      6 | 0.927010 | 1.848232
1587 | 475800.0 | 476100.0 | 0.005508 | 0.016476 |   5.416869 |      6 | 0.927010 | 0.600000 | 0.696667 | 0.710000 | 0.690000 |   0.606928 |      242 |      209 |       33 |   5.416336 |      6 | 0.930353 | 1.763578
1588 | 476100.0 | 476400.0 | 0.005506 | 0.016475 |   5.416336 |      6 | 0.930353 | 0.600000 | 0.686667 | 0.683333 | 0.700000 |  -0.505820 |      239 |      206 |       33 |   5.415859 |      6 | 0.927568 | 1.834100
1589 | 476400.0 | 476700.0 | 0.005504 | 0.016473 |   5.415859 |      6 | 0.927568 | 0.600000 | 0.700000 | 0.676667 | 0.700000 |  -0.708213 |      243 |      210 |       33 |   5.415309 |      6 | 0.923670 | 1.932800
1590 | 476700.0 | 477000.0 | 0.005501 | 0.016472 |   5.415309 |      6 | 0.923670 | 0.600000 | 0.720000 | 0.676667 | 0.693333 |  -0.505912 |      245 |      216 |       29 |   5.414649 |      6 | 0.920887 | 2.003277
1591 | 477000.0 | 477300.0 | 0.005499 | 0.016470 |   5.414649 |      6 | 0.920887 | 0.600000 | 0.673333 | 0.673333 | 0.670000 |   0.101192 |      239 |      202 |       37 |   5.414245 |      6 | 0.921443 | 1.989186
1592 | 477300.0 | 477600.0 | 0.005497 | 0.016469 |   5.414245 |      6 | 0.921443 | 0.600000 | 0.693333 | 0.693333 | 0.693333 |   0.000000 |      243 |      208 |       35 |   5.413732 |      6 | 0.921443 | 1.989186
1593 | 477600.0 | 477900.0 | 0.005495 | 0.016467 |   5.413732 |      6 | 0.921443 | 0.600000 | 0.703333 | 0.640000 | 0.683333 |  -1.315733 |      243 |      211 |       32 |   5.413165 |      6 | 0.914214 | 2.172249
1594 | 477900.0 | 478200.0 | 0.005492 | 0.016466 |   5.413165 |      6 | 0.914214 | 0.600000 | 0.666667 | 0.680000 | 0.650000 |   0.910975 |      239 |      200 |       39 |   5.412798 |      6 | 0.919217 | 2.045554
1595 | 478200.0 | 478500.0 | 0.005490 | 0.016464 |   5.412798 |      6 | 0.919217 | 0.600000 | 0.646667 | 0.733333 | 0.650000 |   2.530717 |      237 |      194 |       43 |   5.412542 |      6 | 0.933111 | 1.693736
1596 | 478500.0 | 478800.0 | 0.005488 | 0.016463 |   5.412542 |      6 | 0.933111 | 0.600000 | 0.680000 | 0.680000 | 0.663333 |   0.506190 |      241 |      204 |       37 |   5.412103 |      6 | 0.935889 | 1.623395
1597 | 478800.0 | 479100.0 | 0.005486 | 0.016461 |   5.412103 |      6 | 0.935889 | 0.600000 | 0.663333 | 0.630000 | 0.623333 |   0.202494 |      239 |      199 |       40 |   5.411756 |      6 | 0.937000 | 1.595268
1598 | 479100.0 | 479400.0 | 0.005483 | 0.016460 |   5.411756 |      6 | 0.937000 | 0.600000 | 0.696667 | 0.690000 | 0.666667 |   0.708795 |      241 |      209 |       32 |   5.411226 |      6 | 0.940887 | 1.496854
1599 | 479400.0 | 479700.0 | 0.005481 | 0.016458 |   5.411226 |      6 | 0.940887 | 0.600000 | 0.713333 | 0.666667 | 0.690000 |  -0.708859 |      244 |      214 |       30 |   5.410605 |      6 | 0.937001 | 1.595236
1600 | 479700.0 | 480000.0 | 0.005479 | 0.016457 |   5.410605 |      6 | 0.937001 | 0.600000 | 0.710000 | 0.660000 | 0.670000 |  -0.303824 |      242 |      213 |       29 |   5.410002 |      6 | 0.935337 | 1.637387
1601 | 480000.0 | 480300.0 | 0.005477 | 0.016455 |   5.410002 |      6 | 0.935337 | 0.600000 | 0.713333 | 0.723333 | 0.620000 |   3.139804 |      244 |      214 |       30 |   5.409381 |      6 | 0.952532 | 1.201972
1602 | 480300.0 | 480600.0 | 0.005474 | 0.016454 |   5.409381 |      6 | 0.952532 | 0.600000 | 0.726667 | 0.626667 | 0.663333 |  -1.114225 |      243 |      218 |       25 |   5.408688 |      6 | 0.946432 | 1.356425
1603 | 480600.0 | 480900.0 | 0.005472 | 0.016452 |   5.408688 |      6 | 0.946432 | 0.600000 | 0.673333 | 0.686667 | 0.676667 |   0.303907 |      239 |      202 |       37 |   5.408286 |      6 | 0.948095 | 1.314315
1604 | 480900.0 | 481200.0 | 0.005470 | 0.016451 |   5.408286 |      6 | 0.948095 | 0.600000 | 0.696667 | 0.660000 | 0.646667 |   0.405246 |      241 |      209 |       32 |   5.407758 |      6 | 0.950312 | 1.258186
1605 | 481200.0 | 481500.0 | 0.005468 | 0.016449 |   5.407758 |      6 | 0.950312 | 0.600000 | 0.696667 | 0.653333 | 0.656667 |  -0.101321 |      239 |      209 |       30 |   5.407229 |      6 | 0.949758 | 1.272214
1606 | 481500.0 | 481800.0 | 0.005465 | 0.016448 |   5.407229 |      6 | 0.949758 | 0.600000 | 0.713333 | 0.683333 | 0.673333 |   0.303990 |      243 |      214 |       29 |   5.406610 |      6 | 0.951419 | 1.230145
1607 | 481800.0 | 482100.0 | 0.005463 | 0.016446 |   5.406610 |      6 | 0.951419 | 0.600000 | 0.656667 | 0.630000 | 0.640000 |  -0.304017 |      236 |      197 |       40 |   5.406300 |      6 | 0.949759 | 1.272201
1608 | 482100.0 | 482400.0 | 0.005461 | 0.016445 |   5.406300 |      6 | 0.949759 | 0.600000 | 0.676667 | 0.710000 | 0.666667 |   1.317528 |      239 |      203 |       35 |   5.405882 |      6 | 0.956953 | 1.090016
1609 | 482400.0 | 482700.0 | 0.005459 | 0.016443 |   5.405882 |      6 | 0.956953 | 0.600000 | 0.660000 | 0.580000 | 0.660000 |  -2.432579 |      235 |      198 |       38 |   5.405554 |      6 | 0.943675 | 1.426249
1610 | 482700.0 | 483000.0 | 0.005456 | 0.016442 |   5.405554 |      6 | 0.943675 | 0.600000 | 0.703333 | 0.683333 | 0.646667 |   1.115033 |      242 |      211 |       30 |   5.404990 |      6 | 0.949759 | 1.272192
1611 | 483000.0 | 483300.0 | 0.005454 | 0.016440 |   5.404990 |      6 | 0.949759 | 0.600000 | 0.723333 | 0.743333 | 0.656667 |   2.635770 |      242 |      217 |       25 |   5.404318 |      6 | 0.964135 | 0.908171
1612 | 483300.0 | 483600.0 | 0.005452 | 0.016439 |   5.404318 |      6 | 0.964135 | 0.600000 | 0.686667 | 0.430000 | 0.683333 |  -7.705255 |      237 |      206 |       31 |   5.403845 |      6 | 0.922126 | 1.971892
1613 | 483600.0 | 483900.0 | 0.005450 | 0.016438 |   5.403845 |      6 | 0.922126 | 0.600000 | 0.670000 | 0.650000 | 0.626667 |   0.709759 |      240 |      201 |       39 |   5.403464 |      6 | 0.925994 | 1.873949
1614 | 483900.0 | 484200.0 | 0.005447 | 0.016436 |   5.403464 |      6 | 0.925994 | 0.600000 | 0.670000 | 0.683333 | 0.700000 |  -0.507016 |      239 |      201 |       38 |   5.403082 |      6 | 0.923232 | 1.943886
1615 | 484200.0 | 484500.0 | 0.005445 | 0.016435 |   5.403082 |      6 | 0.923232 | 0.600000 | 0.673333 | 0.673333 | 0.673333 |   0.000000 |      240 |      202 |       38 |   5.402683 |      6 | 0.923232 | 1.943886
1616 | 484500.0 | 484800.0 | 0.005443 | 0.016433 |   5.402683 |      6 | 0.923232 | 0.600000 | 0.653333 | 0.703333 | 0.673333 |   0.912793 |      239 |      196 |       43 |   5.402393 |      6 | 0.928201 | 1.818079
1617 | 484800.0 | 485100.0 | 0.005441 | 0.016432 |   5.402393 |      6 | 0.928201 | 0.600000 | 0.730000 | 0.676667 | 0.640000 |   1.115737 |      245 |      219 |       26 |   5.401685 |      6 | 0.934271 | 1.664364
1618 | 485100.0 | 485400.0 | 0.005439 | 0.016430 |   5.401685 |      6 | 0.934271 | 0.600000 | 0.636667 | 0.666667 | 0.626667 |   1.217277 |      236 |      191 |       45 |   5.401486 |      6 | 0.940892 | 1.496729
1619 | 485400.0 | 485700.0 | 0.005436 | 0.016429 |   5.401486 |      6 | 0.940892 | 0.600000 | 0.653333 | 0.633333 | 0.740000 |  -3.246364 |      238 |      196 |       42 |   5.401196 |      6 | 0.923243 | 1.943615
1620 | 485700.0 | 486000.0 | 0.005434 | 0.016427 |   5.401196 |      6 | 0.923243 | 0.600000 | 0.666667 | 0.706667 | 0.666667 |   1.217496 |      239 |      200 |       39 |   5.400834 |      6 | 0.929859 | 1.776086
1621 | 486000.0 | 486300.0 | 0.005432 | 0.016426 |   5.400834 |      6 | 0.929859 | 0.600000 | 0.693333 | 0.690000 | 0.656667 |   1.014671 |      242 |      208 |       34 |   5.400327 |      6 | 0.935371 | 1.636522
1622 | 486300.0 | 486600.0 | 0.005430 | 0.016424 |   5.400327 |      6 | 0.935371 | 0.600000 | 0.680000 | 0.693333 | 0.666667 |   0.811810 |      239 |      204 |       35 |   5.399892 |      6 | 0.939779 | 1.524907
1623 | 486600.0 | 486900.0 | 0.005428 | 0.016423 |   5.399892 |      6 | 0.939779 | 0.600000 | 0.680000 | 0.670000 | 0.650000 |   0.608912 |      241 |      204 |       37 |   5.399458 |      6 | 0.943084 | 1.441222
1624 | 486900.0 | 487200.0 | 0.005425 | 0.016421 |   5.399458 |      6 | 0.943084 | 0.600000 | 0.676667 | 0.690000 | 0.670000 |   0.608966 |      239 |      203 |       36 |   5.399042 |      6 | 0.946387 | 1.357563
1625 | 487200.0 | 487500.0 | 0.005423 | 0.016420 |   5.399042 |      6 | 0.946387 | 0.600000 | 0.726667 | 0.673333 | 0.710000 |  -1.116538 |      244 |      218 |       26 |   5.398355 |      6 | 0.940332 | 1.510889
1626 | 487500.0 | 487800.0 | 0.005421 | 0.016418 |   5.398355 |      6 | 0.940332 | 0.600000 | 0.686667 | 0.673333 | 0.670000 |   0.101513 |      241 |      206 |       35 |   5.397885 |      6 | 0.940883 | 1.496955
1627 | 487800.0 | 488100.0 | 0.005419 | 0.016417 |   5.397885 |      6 | 0.940883 | 0.600000 | 0.743333 | 0.673333 | 0.683333 |  -0.304565 |      246 |      223 |       23 |   5.397109 |      6 | 0.939232 | 1.538744
1628 | 488100.0 | 488400.0 | 0.005417 | 0.016415 |   5.397109 |      6 | 0.939232 | 0.600000 | 0.676667 | 0.670000 | 0.670000 |   0.000000 |      239 |      203 |       36 |   5.396694 |      6 | 0.939232 | 1.538744
1629 | 488400.0 | 488700.0 | 0.005414 | 0.016414 |   5.396694 |      6 | 0.939232 | 0.600000 | 0.686667 | 0.690000 | 0.656667 |   1.015398 |      240 |      206 |       34 |   5.396224 |      6 | 0.944730 | 1.399533
1630 | 488700.0 | 489000.0 | 0.005412 | 0.016412 |   5.396224 |      6 | 0.944730 | 0.600000 | 0.706667 | 0.670000 | 0.616667 |   1.624782 |      243 |      212 |       31 |   5.395647 |      6 | 0.953523 | 1.176866
1631 | 489000.0 | 489300.0 | 0.005410 | 0.016411 |   5.395647 |      6 | 0.953523 | 0.600000 | 0.676667 | 0.616667 | 0.726667 |  -3.351412 |      238 |      203 |       35 |   5.395232 |      6 | 0.935393 | 1.635972
1632 | 489300.0 | 489600.0 | 0.005408 | 0.016410 |   5.395232 |      6 | 0.935393 | 0.600000 | 0.703333 | 0.676667 | 0.686667 |  -0.304701 |      242 |      211 |       31 |   5.394673 |      6 | 0.933745 | 1.677696
1633 | 489600.0 | 489900.0 | 0.005406 | 0.016408 |   5.394673 |      6 | 0.933745 | 0.600000 | 0.726667 | 0.696667 | 0.650000 |   1.422065 |      244 |      218 |       27 |   5.393989 |      6 | 0.941432 | 1.483047
1634 | 489900.0 | 490200.0 | 0.005403 | 0.016407 |   5.393989 |      6 | 0.941432 | 0.600000 | 0.703333 | 0.666667 | 0.666667 |   0.000000 |      243 |      211 |       31 |   5.393430 |      6 | 0.941432 | 1.483047
1635 | 490200.0 | 490500.0 | 0.005401 | 0.016405 |   5.393430 |      6 | 0.941432 | 0.600000 | 0.656667 | 0.660000 | 0.716667 |  -1.727101 |      236 |      197 |       39 |   5.393124 |      6 | 0.932103 | 1.719258
1636 | 490500.0 | 490800.0 | 0.005399 | 0.016404 |   5.393124 |      6 | 0.932103 | 0.600000 | 0.760000 | 0.643333 | 0.630000 |   0.406413 |      249 |      228 |       21 |   5.392260 |      6 | 0.934298 | 1.663696
1637 | 490800.0 | 491100.0 | 0.005397 | 0.016402 |   5.392260 |      6 | 0.934298 | 0.600000 | 0.710000 | 0.680000 | 0.670000 |   0.304837 |      242 |      213 |       29 |   5.391667 |      6 | 0.935943 | 1.622038
1638 | 491100.0 | 491400.0 | 0.005395 | 0.016401 |   5.391667 |      6 | 0.935943 | 0.600000 | 0.690000 | 0.703333 | 0.686667 |   0.508106 |      241 |      207 |       34 |   5.391181 |      6 | 0.938684 | 1.552630
1639 | 491400.0 | 491700.0 | 0.005393 | 0.016399 |   5.391181 |      6 | 0.938684 | 0.600000 | 0.686667 | 0.673333 | 0.640000 |   1.016303 |      240 |      206 |       34 |   5.390714 |      6 | 0.944164 | 1.413856
1640 | 491700.0 | 492000.0 | 0.005390 | 0.016398 |   5.390714 |      6 | 0.944164 | 0.600000 | 0.683333 | 0.670000 | 0.713333 |  -1.321311 |      240 |      205 |       35 |   5.390265 |      6 | 0.937042 | 1.594205
1641 | 492000.0 | 492300.0 | 0.005388 | 0.016396 |   5.390265 |      6 | 0.937042 | 0.600000 | 0.693333 | 0.726667 | 0.686667 |   1.219780 |      241 |      208 |       33 |   5.389762 |      6 | 0.943614 | 1.427781
1642 | 492300.0 | 492600.0 | 0.005386 | 0.016395 |   5.389762 |      6 | 0.943614 | 0.600000 | 0.716667 | 0.660000 | 0.680000 |  -0.609944 |      243 |      215 |       28 |   5.389134 |      6 | 0.940329 | 1.510967
1643 | 492600.0 | 492900.0 | 0.005384 | 0.016393 |   5.389134 |      6 | 0.940329 | 0.600000 | 0.656667 | 0.660000 | 0.733333 |  -2.236660 |      238 |      197 |       41 |   5.388828 |      6 | 0.928287 | 1.815886
1644 | 492900.0 | 493200.0 | 0.005382 | 0.016392 |   5.388828 |      6 | 0.928287 | 0.600000 | 0.686667 | 0.623333 | 0.660000 |  -1.118429 |      241 |      206 |       35 |   5.388362 |      6 | 0.922268 | 1.968298
1645 | 493200.0 | 493500.0 | 0.005380 | 0.016391 |   5.388362 |      6 | 0.922268 | 0.600000 | 0.696667 | 0.713333 | 0.683333 |   0.915159 |      242 |      209 |       33 |   5.387842 |      6 | 0.927191 | 1.843637
1646 | 493500.0 | 493800.0 | 0.005377 | 0.016389 |   5.387842 |      6 | 0.927191 | 0.600000 | 0.680000 | 0.686667 | 0.596667 |   2.745721 |      240 |      204 |       37 |   5.387412 |      6 | 0.941956 | 1.469768
1647 | 493800.0 | 494100.0 | 0.005375 | 0.016388 |   5.387412 |      6 | 0.941956 | 0.600000 | 0.700000 | 0.636667 | 0.640000 |  -0.101702 |      242 |      210 |       31 |   5.386874 |      6 | 0.941410 | 1.483611
1648 | 494100.0 | 494400.0 | 0.005373 | 0.016386 |   5.386874 |      6 | 0.941410 | 0.600000 | 0.646667 | 0.640000 | 0.690000 |  -1.525670 |      237 |      194 |       43 |   5.386624 |      6 | 0.933212 | 1.691186
1649 | 494400.0 | 494700.0 | 0.005371 | 0.016385 |   5.386624 |      6 | 0.933212 | 0.600000 | 0.683333 | 0.683333 | 0.736667 |  -1.627525 |      241 |      205 |       36 |   5.386176 |      6 | 0.924471 | 1.912530
1650 | 494700.0 | 495000.0 | 0.005369 | 0.016383 |   5.386176 |      6 | 0.924471 | 0.600000 | 0.663333 | 0.700000 | 0.646667 |   1.627669 |      238 |      199 |       39 |   5.385836 |      6 | 0.933209 | 1.691255
1651 | 495000.0 | 495300.0 | 0.005367 | 0.016382 |   5.385836 |      6 | 0.933209 | 0.600000 | 0.686667 | 0.680000 | 0.643333 |   1.119121 |      241 |      206 |       35 |   5.385371 |      6 | 0.939215 | 1.539176
1652 | 495300.0 | 495600.0 | 0.005364 | 0.016380 |   5.385371 |      6 | 0.939215 | 0.600000 | 0.683333 | 0.636667 | 0.710000 |  -2.238439 |      241 |      205 |       36 |   5.384924 |      6 | 0.927207 | 1.843240
1653 | 495600.0 | 495900.0 | 0.005362 | 0.016379 |   5.384924 |      6 | 0.927207 | 0.600000 | 0.670000 | 0.613333 | 0.646667 |  -1.017562 |      239 |      201 |       38 |   5.384548 |      6 | 0.921751 | 1.981407
1654 | 495900.0 | 496200.0 | 0.005360 | 0.016378 |   5.384548 |      6 | 0.921751 | 0.600000 | 0.643333 | 0.690000 | 0.656667 |   1.017652 |      237 |      193 |       44 |   5.384316 |      6 | 0.927205 | 1.843283
1655 | 496200.0 | 496500.0 | 0.005358 | 0.016376 |   5.384316 |      6 | 0.927205 | 0.600000 | 0.680000 | 0.646667 | 0.636667 |   0.305322 |      240 |      204 |       36 |   5.383888 |      6 | 0.928841 | 1.801858
1656 | 496500.0 | 496800.0 | 0.005356 | 0.016375 |   5.383888 |      6 | 0.928841 | 0.600000 | 0.690000 | 0.706667 | 0.666667 |   1.221397 |      243 |      207 |       36 |   5.383405 |      6 | 0.935383 | 1.636211
1657 | 496800.0 | 497100.0 | 0.005354 | 0.016373 |   5.383405 |      6 | 0.935383 | 0.600000 | 0.693333 | 0.723333 | 0.653333 |   2.137633 |      240 |      208 |       32 |   5.382906 |      6 | 0.946827 | 1.346419
1658 | 497100.0 | 497400.0 | 0.005352 | 0.016372 |   5.382906 |      6 | 0.946827 | 0.600000 | 0.700000 | 0.646667 | 0.700000 |  -1.628816 |      242 |      210 |       32 |   5.382371 |      6 | 0.938111 | 1.567145
1659 | 497400.0 | 497700.0 | 0.005350 | 0.016370 |   5.382371 |      6 | 0.938111 | 0.600000 | 0.693333 | 0.700000 | 0.660000 |   1.221719 |      241 |      208 |       33 |   5.381871 |      6 | 0.944646 | 1.401652
1660 | 497700.0 | 498000.0 | 0.005347 | 0.016369 |   5.381871 |      6 | 0.944646 | 0.600000 | 0.736667 | 0.683333 | 0.693333 |  -0.305457 |      245 |      221 |       25 |   5.381141 |      6 | 0.943013 | 1.443012
1661 | 498000.0 | 498300.0 | 0.005345 | 0.016368 |   5.381141 |      6 | 0.943013 | 0.600000 | 0.676667 | 0.693333 | 0.730000 |  -1.120106 |      239 |      203 |       35 |   5.380731 |      6 | 0.937026 | 1.594620
1662 | 498300.0 | 498600.0 | 0.005343 | 0.016366 |   5.380731 |      6 | 0.937026 | 0.600000 | 0.676667 | 0.656667 | 0.663333 |  -0.203673 |      240 |      203 |       37 |   5.380321 |      6 | 0.935937 | 1.622176
1663 | 498600.0 | 498900.0 | 0.005341 | 0.016365 |   5.380321 |      6 | 0.935937 | 0.600000 | 0.660000 | 0.663333 | 0.623333 |   1.222147 |      238 |      198 |       40 |   5.380001 |      6 | 0.942465 | 1.456889
1664 | 498900.0 | 499200.0 | 0.005339 | 0.016363 |   5.380001 |      6 | 0.942465 | 0.600000 | 0.700000 | 0.663333 | 0.643333 |   0.611127 |      241 |      210 |       31 |   5.379467 |      6 | 0.945728 | 1.374271
1665 | 499200.0 | 499500.0 | 0.005337 | 0.016362 |   5.379467 |      6 | 0.945728 | 0.600000 | 0.683333 | 0.670000 | 0.710000 |  -1.222361 |      240 |      205 |       35 |   5.379022 |      6 | 0.939204 | 1.539456
1666 | 499500.0 | 499800.0 | 0.005335 | 0.016360 |   5.379022 |      6 | 0.939204 | 0.600000 | 0.716667 | 0.636667 | 0.693333 |  -1.731830 |      244 |      215 |       29 |   5.378400 |      6 | 0.929965 | 1.773396
1667 | 499800.0 | 500100.0 | 0.005333 | 0.016359 |   5.378400 |      6 | 0.929965 | 0.600000 | 0.676667 | 0.636667 | 0.680000 |  -1.324456 |      240 |      203 |       37 |   5.377991 |      6 | 0.922903 | 1.952236
1668 | 500100.0 | 500400.0 | 0.005330 | 0.016357 |   5.377991 |      6 | 0.922903 | 0.600000 | 0.683333 | 0.660000 | 0.666667 |  -0.203780 |      242 |      205 |       37 |   5.377547 |      6 | 0.921816 | 1.979742
1669 | 500400.0 | 500700.0 | 0.005328 | 0.016356 |   5.377547 |      6 | 0.921816 | 0.600000 | 0.693333 | 0.720000 | 0.663333 |   1.732284 |      242 |      208 |       34 |   5.377049 |      6 | 0.931047 | 1.746018
1670 | 500700.0 | 501000.0 | 0.005326 | 0.016355 |   5.377049 |      6 | 0.931047 | 0.600000 | 0.683333 | 0.653333 | 0.660000 |  -0.203816 |      239 |      205 |       34 |   5.376605 |      6 | 0.929961 | 1.773507
1671 | 501000.0 | 501300.0 | 0.005324 | 0.016353 |   5.376605 |      6 | 0.929961 | 0.600000 | 0.663333 | 0.703333 | 0.693333 |   0.305750 |      239 |      199 |       40 |   5.376268 |      6 | 0.931589 | 1.732287
1672 | 501300.0 | 501600.0 | 0.005322 | 0.016352 |   5.376268 |      6 | 0.931589 | 0.600000 | 0.716667 | 0.683333 | 0.660000 |   0.713480 |      244 |      215 |       29 |   5.375647 |      6 | 0.935386 | 1.636136
1673 | 501600.0 | 501900.0 | 0.005320 | 0.016350 |   5.375647 |      6 | 0.935386 | 0.600000 | 0.670000 | 0.680000 | 0.656667 |   0.713542 |      240 |      201 |       39 |   5.375275 |      6 | 0.939182 | 1.540016
1674 | 501900.0 | 502200.0 | 0.005318 | 0.016349 |   5.375275 |      6 | 0.939182 | 0.600000 | 0.673333 | 0.666667 | 0.650000 |   0.509717 |      239 |      202 |       37 |   5.374885 |      6 | 0.941893 | 1.471379
1675 | 502200.0 | 502500.0 | 0.005316 | 0.016348 |   5.374885 |      6 | 0.941893 | 0.600000 | 0.683333 | 0.656667 | 0.670000 |  -0.407809 |      240 |      205 |       35 |   5.374442 |      6 | 0.939725 | 1.526272
1676 | 502500.0 | 502800.0 | 0.005314 | 0.016346 |   5.374442 |      6 | 0.939725 | 0.600000 | 0.690000 | 0.686667 | 0.680000 |   0.203922 |      242 |      207 |       35 |   5.373964 |      6 | 0.940808 | 1.498834
1677 | 502800.0 | 503100.0 | 0.005312 | 0.016345 |   5.373964 |      6 | 0.940808 | 0.600000 | 0.653333 | 0.680000 | 0.740000 |  -1.835461 |      237 |      196 |       41 |   5.373681 |      6 | 0.931059 | 1.745697
1678 | 503100.0 | 503400.0 | 0.005309 | 0.016343 |   5.373681 |      6 | 0.931059 | 0.600000 | 0.656667 | 0.690000 | 0.713333 |  -0.713852 |      238 |      197 |       42 |   5.373380 |      6 | 0.927269 | 1.841671
1679 | 503400.0 | 503700.0 | 0.005307 | 0.016342 |   5.373380 |      6 | 0.927269 | 0.600000 | 0.703333 | 0.666667 | 0.670000 |  -0.101988 |      243 |      211 |       31 |   5.372831 |      6 | 0.926728 | 1.855377
1680 | 503700.0 | 504000.0 | 0.005305 | 0.016340 |   5.372831 |      6 | 0.926728 | 0.600000 | 0.683333 | 0.653333 | 0.660000 |  -0.203993 |      241 |      205 |       36 |   5.372389 |      6 | 0.925646 | 1.882781
1681 | 504000.0 | 504300.0 | 0.005303 | 0.016339 |   5.372389 |      6 | 0.925646 | 0.600000 | 0.660000 | 0.663333 | 0.646667 |   0.510027 |      238 |      198 |       40 |   5.372071 |      6 | 0.928350 | 1.814292
1682 | 504300.0 | 504600.0 | 0.005301 | 0.016338 |   5.372071 |      6 | 0.928350 | 0.600000 | 0.690000 | 0.680000 | 0.686667 |  -0.204029 |      243 |      207 |       36 |   5.371594 |      6 | 0.927269 | 1.841679
1683 | 504600.0 | 504900.0 | 0.005299 | 0.016336 |   5.371594 |      6 | 0.927269 | 0.600000 | 0.690000 | 0.656667 | 0.633333 |   0.714162 |      241 |      207 |       34 |   5.371117 |      6 | 0.931053 | 1.745853
1684 | 504900.0 | 505200.0 | 0.005297 | 0.016335 |   5.371117 |      6 | 0.931053 | 0.600000 | 0.686667 | 0.676667 | 0.623333 |   1.632511 |      241 |      206 |       35 |   5.370658 |      6 | 0.939700 | 1.526889
1685 | 505200.0 | 505500.0 | 0.005295 | 0.016333 |   5.370658 |      6 | 0.939700 | 0.600000 | 0.700000 | 0.663333 | 0.673333 |  -0.306122 |      241 |      210 |       31 |   5.370128 |      6 | 0.938080 | 1.567932
1686 | 505500.0 | 505800.0 | 0.005293 | 0.016332 |   5.370128 |      6 | 0.938080 | 0.600000 | 0.686667 | 0.706667 | 0.703333 |   0.102050 |      241 |      206 |       35 |   5.369670 |      6 | 0.938620 | 1.554255
1687 | 505800.0 | 506100.0 | 0.005291 | 0.016331 |   5.369670 |      6 | 0.938620 | 0.600000 | 0.700000 | 0.713333 | 0.626667 |   2.653518 |      242 |      210 |       32 |   5.369141 |      6 | 0.952659 | 1.198764
1688 | 506100.0 | 506400.0 | 0.005289 | 0.016329 |   5.369141 |      6 | 0.952659 | 0.600000 | 0.666667 | 0.626667 | 0.683333 |  -1.735142 |      237 |      200 |       37 |   5.368788 |      6 | 0.943482 | 1.431130
1689 | 506400.0 | 506700.0 | 0.005287 | 0.016328 |   5.368788 |      6 | 0.943482 | 0.600000 | 0.720000 | 0.706667 | 0.623333 |   2.551900 |      243 |      216 |       27 |   5.368154 |      6 | 0.956973 | 1.089520
1690 | 506700.0 | 507000.0 | 0.005284 | 0.016326 |   5.368154 |      6 | 0.956973 | 0.600000 | 0.743333 | 0.546667 | 0.663333 |  -3.572968 |      244 |      223 |       21 |   5.367396 |      6 | 0.938092 | 1.567628
1691 | 507000.0 | 507300.0 | 0.005282 | 0.016325 |   5.367396 |      6 | 0.938092 | 0.600000 | 0.650000 | 0.636667 | 0.700000 |  -1.939779 |      238 |      195 |       43 |   5.367132 |      6 | 0.927845 | 1.827092
1692 | 507300.0 | 507600.0 | 0.005280 | 0.016323 |   5.367132 |      6 | 0.927845 | 0.600000 | 0.653333 | 0.656667 | 0.640000 |   0.510512 |      238 |      196 |       42 |   5.366850 |      6 | 0.930541 | 1.758833
1693 | 507600.0 | 507900.0 | 0.005278 | 0.016322 |   5.366850 |      6 | 0.930541 | 0.600000 | 0.693333 | 0.683333 | 0.670000 |   0.408445 |      240 |      208 |       33 |   5.366358 |      6 | 0.932696 | 1.704242
1694 | 507900.0 | 508200.0 | 0.005276 | 0.016321 |   5.366358 |      6 | 0.932696 | 0.600000 | 0.670000 | 0.676667 | 0.676667 |   0.000000 |      240 |      201 |       38 |   5.365988 |      6 | 0.932696 | 1.704242
1695 | 508200.0 | 508500.0 | 0.005274 | 0.016319 |   5.365988 |      6 | 0.932696 | 0.600000 | 0.663333 | 0.673333 | 0.633333 |   1.225545 |      240 |      199 |       41 |   5.365654 |      6 | 0.939160 | 1.540569
1696 | 508500.0 | 508800.0 | 0.005272 | 0.016318 |   5.365654 |      6 | 0.939160 | 0.600000 | 0.740000 | 0.620000 | 0.646667 |  -0.817100 |      244 |      222 |       22 |   5.364916 |      6 | 0.934852 | 1.649651
1697 | 508800.0 | 509100.0 | 0.005270 | 0.016316 |   5.364916 |      6 | 0.934852 | 0.600000 | 0.703333 | 0.703333 | 0.696667 |   0.204293 |      243 |      211 |       32 |   5.364372 |      6 | 0.935929 | 1.622389
1698 | 509100.0 | 509400.0 | 0.005268 | 0.016315 |   5.364372 |      6 | 0.935929 | 0.600000 | 0.676667 | 0.713333 | 0.690000 |   0.715086 |      240 |      203 |       37 |   5.363968 |      6 | 0.939696 | 1.527000
1699 | 509400.0 | 509700.0 | 0.005266 | 0.016314 |   5.363968 |      6 | 0.939696 | 0.600000 | 0.680000 | 0.666667 | 0.673333 |  -0.204328 |      241 |      204 |       37 |   5.363547 |      6 | 0.938620 | 1.554246
1700 | 509700.0 | 510000.0 | 0.005264 | 0.016312 |   5.363547 |      6 | 0.938620 | 0.600000 | 0.653333 | 0.683333 | 0.656667 |   0.817381 |      236 |      196 |       40 |   5.363266 |      6 | 0.942923 | 1.445296
1701 | 510000.0 | 510300.0 | 0.005262 | 0.016311 |   5.363266 |      6 | 0.942923 | 0.600000 | 0.670000 | 0.643333 | 0.683333 |  -1.226176 |      239 |      201 |       38 |   5.362898 |      6 | 0.936471 | 1.608671
1702 | 510300.0 | 510600.0 | 0.005260 | 0.016309 |   5.362898 |      6 | 0.936471 | 0.600000 | 0.693333 | 0.646667 | 0.663333 |  -0.510951 |      241 |      208 |       34 |   5.362407 |      6 | 0.933783 | 1.676723
1703 | 510600.0 | 510900.0 | 0.005258 | 0.016308 |   5.362407 |      6 | 0.933783 | 0.600000 | 0.706667 | 0.643333 | 0.696667 |  -1.635182 |      243 |      212 |       30 |   5.361846 |      6 | 0.925186 | 1.894425
1704 | 510900.0 | 511200.0 | 0.005256 | 0.016307 |   5.361846 |      6 | 0.925186 | 0.600000 | 0.690000 | 0.670000 | 0.626667 |   1.328699 |      241 |      207 |       34 |   5.361373 |      6 | 0.932169 | 1.717596
1705 | 511200.0 | 511500.0 | 0.005254 | 0.016305 |   5.361373 |      6 | 0.932169 | 0.600000 | 0.660000 | 0.653333 | 0.650000 |   0.102216 |      239 |      198 |       41 |   5.361058 |      6 | 0.932706 | 1.703998
1706 | 511500.0 | 511800.0 | 0.005252 | 0.016304 |   5.361058 |      6 | 0.932706 | 0.600000 | 0.696667 | 0.663333 | 0.643333 |   0.613350 |      242 |      209 |       33 |   5.360550 |      6 | 0.935927 | 1.622434
1707 | 511800.0 | 512100.0 | 0.005250 | 0.016303 |   5.360550 |      6 | 0.935927 | 0.600000 | 0.713333 | 0.673333 | 0.710000 |  -1.124572 |      244 |      214 |       30 |   5.359955 |      6 | 0.930024 | 1.771923
1708 | 512100.0 | 512400.0 | 0.005248 | 0.016301 |   5.359955 |      6 | 0.930024 | 0.600000 | 0.706667 | 0.676667 | 0.613333 |   1.942608 |      243 |      212 |       31 |   5.359395 |      6 | 0.940218 | 1.513792
1709 | 512400.0 | 512700.0 | 0.005246 | 0.016300 |   5.359395 |      6 | 0.940218 | 0.600000 | 0.690000 | 0.690000 | 0.643333 |   1.431517 |      241 |      207 |       35 |   5.358923 |      6 | 0.947727 | 1.323648
1710 | 512700.0 | 513000.0 | 0.005244 | 0.016298 |   5.358923 |      6 | 0.947727 | 0.600000 | 0.680000 | 0.696667 | 0.696667 |   0.000000 |      240 |      204 |       35 |   5.358504 |      6 | 0.947727 | 1.323648
1711 | 513000.0 | 513300.0 | 0.005242 | 0.016297 |   5.358504 |      6 | 0.947727 | 0.600000 | 0.686667 | 0.643333 | 0.633333 |   0.306806 |      239 |      206 |       33 |   5.358049 |      6 | 0.949335 | 1.282928
1712 | 513300.0 | 513600.0 | 0.005239 | 0.016296 |   5.358049 |      6 | 0.949335 | 0.600000 | 0.666667 | 0.706667 | 0.626667 |   2.454657 |      238 |      200 |       38 |   5.357700 |      6 | 0.962196 | 0.957261
1713 | 513600.0 | 513900.0 | 0.005237 | 0.016294 |   5.357700 |      6 | 0.962196 | 0.600000 | 0.690000 | 0.456667 | 0.693333 |  -7.262313 |      237 |      207 |       30 |   5.357229 |      6 | 0.924160 | 1.920402
1714 | 513900.0 | 514200.0 | 0.005235 | 0.016293 |   5.357229 |      6 | 0.924160 | 0.600000 | 0.670000 | 0.673333 | 0.660000 |   0.409179 |      240 |      201 |       39 |   5.356862 |      6 | 0.926302 | 1.866156
1715 | 514200.0 | 514500.0 | 0.005233 | 0.016291 |   5.356862 |      6 | 0.926302 | 0.600000 | 0.643333 | 0.660000 | 0.683333 |  -0.716124 |      236 |      193 |       43 |   5.356635 |      6 | 0.922554 | 1.961057
1716 | 514500.0 | 514800.0 | 0.005231 | 0.016290 |   5.356635 |      6 | 0.922554 | 0.600000 | 0.696667 | 0.696667 | 0.653333 |   1.330058 |      243 |      209 |       34 |   5.356130 |      6 | 0.929512 | 1.784866
1717 | 514800.0 | 515100.0 | 0.005229 | 0.016289 |   5.356130 |      6 | 0.929512 | 0.600000 | 0.690000 | 0.670000 | 0.680000 |  -0.306963 |      241 |      207 |       34 |   5.355659 |      6 | 0.927907 | 1.825513
1718 | 515100.0 | 515400.0 | 0.005227 | 0.016287 |   5.355659 |      6 | 0.927907 | 0.600000 | 0.693333 | 0.663333 | 0.670000 |  -0.204659 |      242 |      208 |       34 |   5.355171 |      6 | 0.926837 | 1.852603
1719 | 515400.0 | 515700.0 | 0.005225 | 0.016286 |   5.355171 |      6 | 0.926837 | 0.600000 | 0.666667 | 0.683333 | 0.690000 |  -0.204676 |      239 |      200 |       39 |   5.354823 |      6 | 0.925768 | 1.879685
1720 | 515700.0 | 516000.0 | 0.005223 | 0.016284 |   5.354823 |      6 | 0.925768 | 0.600000 | 0.673333 | 0.653333 | 0.666667 |  -0.409388 |      239 |      202 |       37 |   5.354440 |      6 | 0.923629 | 1.933833
1721 | 516000.0 | 516300.0 | 0.005221 | 0.016283 |   5.354440 |      6 | 0.923629 | 0.600000 | 0.703333 | 0.643333 | 0.660000 |  -0.511778 |      243 |      211 |       32 |   5.353900 |      6 | 0.920957 | 2.001497
1722 | 516300.0 | 516600.0 | 0.005219 | 0.016282 |   5.353900 |      6 | 0.920957 | 0.600000 | 0.690000 | 0.716667 | 0.683333 |   1.023642 |      242 |      207 |       35 |   5.353430 |      6 | 0.926300 | 1.866209
1723 | 516600.0 | 516900.0 | 0.005217 | 0.016280 |   5.353430 |      6 | 0.926300 | 0.600000 | 0.703333 | 0.656667 | 0.613333 |   1.330848 |      242 |      211 |       31 |   5.352891 |      6 | 0.933244 | 1.690388
1724 | 516900.0 | 517200.0 | 0.005215 | 0.016279 |   5.352891 |      6 | 0.933244 | 0.600000 | 0.670000 | 0.693333 | 0.680000 |   0.409526 |      240 |      201 |       39 |   5.352526 |      6 | 0.935379 | 1.636305
1725 | 517200.0 | 517500.0 | 0.005213 | 0.016278 |   5.352526 |      6 | 0.935379 | 0.600000 | 0.676667 | 0.643333 | 0.676667 |  -1.023902 |      240 |      203 |       37 |   5.352127 |      6 | 0.930041 | 1.771472
1726 | 517500.0 | 517800.0 | 0.005211 | 0.016276 |   5.352127 |      6 | 0.930041 | 0.600000 | 0.693333 | 0.660000 | 0.636667 |   0.716792 |      242 |      208 |       34 |   5.351640 |      6 | 0.933777 | 1.676884
1727 | 517800.0 | 518100.0 | 0.005209 | 0.016275 |   5.351640 |      6 | 0.933777 | 0.600000 | 0.626667 | 0.673333 | 0.600000 |   2.252965 |      234 |      188 |       46 |   5.351501 |      6 | 0.945513 | 1.379696
1728 | 518100.0 | 518400.0 | 0.005207 | 0.016273 |   5.351501 |      6 | 0.945513 | 0.600000 | 0.706667 | 0.663333 | 0.626667 |   1.126578 |      243 |      212 |       31 |   5.350946 |      6 | 0.951380 | 1.231146
1729 | 518400.0 | 518700.0 | 0.005205 | 0.016272 |   5.350946 |      6 | 0.951380 | 0.600000 | 0.696667 | 0.670000 | 0.706667 |  -1.126673 |      240 |      209 |       31 |   5.350443 |      6 | 0.945515 | 1.379652
1730 | 518700.0 | 519000.0 | 0.005203 | 0.016271 |   5.350443 |      6 | 0.945515 | 0.600000 | 0.710000 | 0.716667 | 0.660000 |   1.741368 |      243 |      213 |       30 |   5.349870 |      6 | 0.954576 | 1.150212
1731 | 519000.0 | 519300.0 | 0.005201 | 0.016269 |   5.349870 |      6 | 0.954576 | 0.600000 | 0.686667 | 0.636667 | 0.646667 |  -0.307326 |      238 |      206 |       32 |   5.349419 |      6 | 0.952978 | 1.190689
1732 | 519300.0 | 519600.0 | 0.005199 | 0.016268 |   5.349419 |      6 | 0.952978 | 0.600000 | 0.693333 | 0.616667 | 0.653333 |  -1.126958 |      239 |      208 |       31 |   5.348934 |      6 | 0.947118 | 1.339062
1733 | 519600.0 | 519900.0 | 0.005197 | 0.016267 |   5.348934 |      6 | 0.947118 | 0.600000 | 0.696667 | 0.743333 | 0.703333 |   1.229512 |      240 |      209 |       31 |   5.348432 |      6 | 0.953508 | 1.177249
1734 | 519900.0 | 520200.0 | 0.005195 | 0.016265 |   5.348432 |      6 | 0.953508 | 0.600000 | 0.673333 | 0.623333 | 0.670000 |  -1.434551 |      238 |      202 |       36 |   5.348051 |      6 | 0.946055 | 1.365974
1735 | 520200.0 | 520500.0 | 0.005193 | 0.016264 |   5.348051 |      6 | 0.946055 | 0.600000 | 0.700000 | 0.673333 | 0.673333 |   0.000000 |      241 |      210 |       31 |   5.347531 |      6 | 0.946055 | 1.365974
1736 | 520500.0 | 520800.0 | 0.005191 | 0.016263 |   5.347531 |      6 | 0.946055 | 0.600000 | 0.700000 | 0.653333 | 0.666667 |  -0.409941 |      242 |      210 |       32 |   5.347012 |      6 | 0.943927 | 1.419864
1737 | 520800.0 | 521100.0 | 0.005189 | 0.016261 |   5.347012 |      6 | 0.943927 | 0.600000 | 0.680000 | 0.726667 | 0.720000 |   0.204988 |      239 |      204 |       35 |   5.346597 |      6 | 0.944991 | 1.392927
1738 | 521100.0 | 521400.0 | 0.005188 | 0.016260 |   5.346597 |      6 | 0.944991 | 0.600000 | 0.730000 | 0.703333 | 0.663333 |   1.230028 |      245 |      219 |       26 |   5.345923 |      6 | 0.951372 | 1.231355
1739 | 521400.0 | 521700.0 | 0.005186 | 0.016258 |   5.345923 |      6 | 0.951372 | 0.600000 | 0.720000 | 0.650000 | 0.666667 |  -0.512555 |      242 |      216 |       26 |   5.345301 |      6 | 0.948714 | 1.298657
1740 | 521700.0 | 522000.0 | 0.005184 | 0.016257 |   5.345301 |      6 | 0.948714 | 0.600000 | 0.646667 | 0.626667 | 0.656667 |  -0.922676 |      236 |      194 |       42 |   5.345059 |      6 | 0.943931 | 1.419764
1741 | 522000.0 | 522300.0 | 0.005182 | 0.016256 |   5.345059 |      6 | 0.943931 | 0.600000 | 0.703333 | 0.676667 | 0.690000 |  -0.410113 |      242 |      211 |       31 |   5.344523 |      6 | 0.941806 | 1.473573
1742 | 522300.0 | 522600.0 | 0.005180 | 0.016254 |   5.344523 |      6 | 0.941806 | 0.600000 | 0.693333 | 0.730000 | 0.663333 |   2.050735 |      241 |      208 |       33 |   5.344040 |      6 | 0.952428 | 1.204606
1743 | 522600.0 | 522900.0 | 0.005178 | 0.016253 |   5.344040 |      6 | 0.952428 | 0.600000 | 0.723333 | 0.683333 | 0.713333 |  -0.922908 |      242 |      217 |       25 |   5.343401 |      6 | 0.947649 | 1.325605
1744 | 522900.0 | 523200.0 | 0.005176 | 0.016252 |   5.343401 |      6 | 0.947649 | 0.600000 | 0.723333 | 0.663333 | 0.676667 |  -0.410216 |      243 |      217 |       26 |   5.342763 |      6 | 0.945526 | 1.379367
1745 | 523200.0 | 523500.0 | 0.005174 | 0.016250 |   5.342763 |      6 | 0.945526 | 0.600000 | 0.686667 | 0.663333 | 0.676667 |  -0.410250 |      242 |      206 |       36 |   5.342314 |      6 | 0.943404 | 1.433113
1746 | 523500.0 | 523800.0 | 0.005172 | 0.016249 |   5.342314 |      6 | 0.943404 | 0.600000 | 0.673333 | 0.650000 | 0.653333 |  -0.102571 |      239 |      202 |       37 |   5.341935 |      6 | 0.942873 | 1.446545
1747 | 523800.0 | 524100.0 | 0.005170 | 0.016248 |   5.341935 |      6 | 0.942873 | 0.600000 | 0.703333 | 0.690000 | 0.660000 |   0.923216 |      242 |      211 |       31 |   5.341401 |      6 | 0.947646 | 1.325689
1748 | 524100.0 | 524400.0 | 0.005168 | 0.016246 |   5.341401 |      6 | 0.947646 | 0.600000 | 0.670000 | 0.700000 | 0.660000 |   1.231058 |      238 |      201 |       37 |   5.341039 |      6 | 0.954008 | 1.164594
1749 | 524400.0 | 524700.0 | 0.005166 | 0.016245 |   5.341039 |      6 | 0.954008 | 0.600000 | 0.706667 | 0.606667 | 0.650000 |  -1.333757 |      240 |      212 |       28 |   5.340488 |      6 | 0.947118 | 1.339062
1750 | 524700.0 | 525000.0 | 0.005164 | 0.016243 |   5.340488 |      6 | 0.947118 | 0.600000 | 0.716667 | 0.696667 | 0.670000 |   0.820842 |      244 |      215 |       29 |   5.339886 |      6 | 0.951357 | 1.231729
1751 | 525000.0 | 525300.0 | 0.005162 | 0.016242 |   5.339886 |      6 | 0.951357 | 0.600000 | 0.716667 | 0.670000 | 0.686667 |  -0.513069 |      242 |      215 |       27 |   5.339284 |      6 | 0.948708 | 1.298792
1752 | 525300.0 | 525600.0 | 0.005160 | 0.016241 |   5.339284 |      6 | 0.948708 | 0.600000 | 0.666667 | 0.670000 | 0.690000 |  -0.615734 |      237 |      200 |       37 |   5.338940 |      6 | 0.945531 | 1.379244
1753 | 525600.0 | 525900.0 | 0.005158 | 0.016239 |   5.338940 |      6 | 0.945531 | 0.600000 | 0.706667 | 0.643333 | 0.683333 |  -1.231571 |      243 |      212 |       31 |   5.338389 |      6 | 0.939179 | 1.540101
1754 | 525900.0 | 526200.0 | 0.005156 | 0.016238 |   5.338389 |      6 | 0.939179 | 0.600000 | 0.673333 | 0.693333 | 0.646667 |   1.436952 |      240 |      202 |       38 |   5.338011 |      6 | 0.946588 | 1.352490
1755 | 526200.0 | 526500.0 | 0.005154 | 0.016237 |   5.338011 |      6 | 0.946588 | 0.600000 | 0.703333 | 0.673333 | 0.693333 |  -0.615888 |      241 |      211 |       30 |   5.337479 |      6 | 0.943413 | 1.432871
1756 | 526500.0 | 526800.0 | 0.005152 | 0.016235 |   5.337479 |      6 | 0.943413 | 0.600000 | 0.730000 | 0.680000 | 0.686667 |  -0.205313 |      244 |      219 |       25 |   5.336809 |      6 | 0.942356 | 1.459657
1757 | 526800.0 | 527100.0 | 0.005150 | 0.016234 |   5.336809 |      6 | 0.942356 | 0.600000 | 0.750000 | 0.646667 | 0.663333 |  -0.513325 |      247 |      225 |       22 |   5.336036 |      6 | 0.939712 | 1.526602
1758 | 527100.0 | 527400.0 | 0.005148 | 0.016233 |   5.336036 |      6 | 0.939712 | 0.600000 | 0.686667 | 0.660000 | 0.656667 |   0.102674 |      241 |      206 |       35 |   5.335590 |      6 | 0.940240 | 1.513217
1759 | 527400.0 | 527700.0 | 0.005146 | 0.016231 |   5.335590 |      6 | 0.940240 | 0.600000 | 0.673333 | 0.670000 | 0.680000 |  -0.308046 |      239 |      202 |       37 |   5.335213 |      6 | 0.938655 | 1.553360
1760 | 527700.0 | 528000.0 | 0.005144 | 0.016230 |   5.335213 |      6 | 0.938655 | 0.600000 | 0.700000 | 0.700000 | 0.663333 |   1.129596 |      242 |      210 |       32 |   5.334698 |      6 | 0.944466 | 1.406211
1761 | 528000.0 | 528300.0 | 0.005143 | 0.016229 |   5.334698 |      6 | 0.944466 | 0.600000 | 0.706667 | 0.706667 | 0.676667 |   0.924292 |      242 |      212 |       30 |   5.334150 |      6 | 0.949219 | 1.285852
1762 | 528300.0 | 528600.0 | 0.005141 | 0.016227 |   5.334150 |      6 | 0.949219 | 0.600000 | 0.686667 | 0.690000 | 0.630000 |   1.848736 |      240 |      206 |       34 |   5.333704 |      6 | 0.958723 | 1.045204
1763 | 528600.0 | 528900.0 | 0.005139 | 0.016226 |   5.333704 |      6 | 0.958723 | 0.600000 | 0.703333 | 0.556667 | 0.680000 |  -3.800495 |      239 |      211 |       29 |   5.333173 |      6 | 0.939194 | 1.539724
1764 | 528900.0 | 529200.0 | 0.005137 | 0.016225 |   5.333173 |      6 | 0.939194 | 0.600000 | 0.720000 | 0.673333 | 0.663333 |   0.308174 |      244 |      216 |       27 |   5.332557 |      6 | 0.940777 | 1.499640
1765 | 529200.0 | 529500.0 | 0.005135 | 0.016223 |   5.332557 |      6 | 0.940777 | 0.600000 | 0.680000 | 0.736667 | 0.656667 |   2.465594 |      239 |      204 |       35 |   5.332146 |      6 | 0.953437 | 1.179057
1766 | 529500.0 | 529800.0 | 0.005133 | 0.016222 |   5.332146 |      6 | 0.953437 | 0.600000 | 0.706667 | 0.620000 | 0.713333 |  -2.876763 |      242 |      212 |       30 |   5.331598 |      6 | 0.938671 | 1.552961
1767 | 529800.0 | 530100.0 | 0.005131 | 0.016221 |   5.331598 |      6 | 0.938671 | 0.600000 | 0.700000 | 0.713333 | 0.690000 |   0.719250 |      242 |      210 |       32 |   5.331085 |      6 | 0.942361 | 1.459512
1768 | 530100.0 | 530400.0 | 0.005129 | 0.016219 |   5.331085 |      6 | 0.942361 | 0.600000 | 0.700000 | 0.673333 | 0.690000 |  -0.513793 |      242 |      210 |       32 |   5.330572 |      6 | 0.939726 | 1.526242
1769 | 530400.0 | 530700.0 | 0.005127 | 0.016218 |   5.330572 |      6 | 0.939726 | 0.600000 | 0.700000 | 0.670000 | 0.703333 |  -1.027670 |      242 |      210 |       32 |   5.330060 |      6 | 0.934457 | 1.659661
1770 | 530700.0 | 531000.0 | 0.005125 | 0.016217 |   5.330060 |      6 | 0.934457 | 0.600000 | 0.700000 | 0.696667 | 0.643333 |   1.644407 |      242 |      210 |       32 |   5.329547 |      6 | 0.942885 | 1.446252
1771 | 531000.0 | 531300.0 | 0.005123 | 0.016215 |   5.329547 |      6 | 0.942885 | 0.600000 | 0.686667 | 0.723333 | 0.703333 |   0.616704 |      240 |      206 |       34 |   5.329103 |      6 | 0.946044 | 1.366247
1772 | 531300.0 | 531600.0 | 0.005121 | 0.016214 |   5.329103 |      6 | 0.946044 | 0.600000 | 0.720000 | 0.696667 | 0.626667 |   2.158640 |      243 |      216 |       27 |   5.328489 |      6 | 0.957100 | 1.086310
1773 | 531600.0 | 531900.0 | 0.005119 | 0.016213 |   5.328489 |      6 | 0.957100 | 0.600000 | 0.713333 | 0.583333 | 0.686667 |  -3.186827 |      240 |      214 |       27 |   5.327908 |      6 | 0.940785 | 1.499429
1774 | 531900.0 | 532200.0 | 0.005118 | 0.016211 |   5.327908 |      6 | 0.940785 | 0.600000 | 0.690000 | 0.720000 | 0.686667 |   1.028093 |      241 |      207 |       33 |   5.327448 |      6 | 0.946046 | 1.366204
1775 | 532200.0 | 532500.0 | 0.005116 | 0.016210 |   5.327448 |      6 | 0.946046 | 0.600000 | 0.640000 | 0.686667 | 0.630000 |   1.747902 |      236 |      192 |       44 |   5.327243 |      6 | 0.954988 | 1.139787
1776 | 532500.0 | 532800.0 | 0.005114 | 0.016209 |   5.327243 |      6 | 0.954988 | 0.600000 | 0.650000 | 0.620000 | 0.676667 |  -1.748046 |      235 |      195 |       40 |   5.326988 |      6 | 0.946049 | 1.366138
1777 | 532800.0 | 533100.0 | 0.005112 | 0.016207 |   5.326988 |      6 | 0.946049 | 0.600000 | 0.716667 | 0.710000 | 0.693333 |   0.514173 |      243 |      215 |       28 |   5.326391 |      6 | 0.948677 | 1.299584
1778 | 533100.0 | 533400.0 | 0.005110 | 0.016206 |   5.326391 |      6 | 0.948677 | 0.600000 | 0.696667 | 0.653333 | 0.680000 |  -0.822745 |      241 |      209 |       32 |   5.325897 |      6 | 0.944473 | 1.406040
1779 | 533400.0 | 533700.0 | 0.005108 | 0.016205 |   5.325897 |      6 | 0.944473 | 0.600000 | 0.680000 | 0.673333 | 0.693333 |  -0.617109 |      239 |      204 |       36 |   5.325489 |      6 | 0.941321 | 1.485859
1780 | 533700.0 | 534000.0 | 0.005106 | 0.016203 |   5.325489 |      6 | 0.941321 | 0.600000 | 0.686667 | 0.723333 | 0.680000 |   1.337180 |      240 |      206 |       33 |   5.325046 |      6 | 0.948149 | 1.312968
1781 | 534000.0 | 534300.0 | 0.005104 | 0.016202 |   5.325046 |      6 | 0.948149 | 0.600000 | 0.660000 | 0.686667 | 0.696667 |  -0.308605 |      237 |      198 |       39 |   5.324740 |      6 | 0.946573 | 1.352854
1782 | 534300.0 | 534600.0 | 0.005102 | 0.016201 |   5.324740 |      6 | 0.946573 | 0.600000 | 0.696667 | 0.696667 | 0.650000 |   1.440276 |      242 |      209 |       33 |   5.324247 |      6 | 0.953922 | 1.166772
1783 | 534600.0 | 534900.0 | 0.005100 | 0.016199 |   5.324247 |      6 | 0.953922 | 0.600000 | 0.710000 | 0.633333 | 0.650000 |  -0.514426 |      241 |      213 |       28 |   5.323686 |      6 | 0.951298 | 1.233211
1784 | 534900.0 | 535200.0 | 0.005099 | 0.016198 |   5.323686 |      6 | 0.951298 | 0.600000 | 0.683333 | 0.693333 | 0.693333 |   0.000000 |      239 |      205 |       34 |   5.323261 |      6 | 0.951298 | 1.233211
1785 | 535200.0 | 535500.0 | 0.005097 | 0.016197 |   5.323261 |      6 | 0.951298 | 0.600000 | 0.693333 | 0.613333 | 0.656667 |  -1.337727 |      241 |      208 |       33 |   5.322785 |      6 | 0.944480 | 1.405851
1786 | 535500.0 | 535800.0 | 0.005095 | 0.016195 |   5.322785 |      6 | 0.944480 | 0.600000 | 0.726667 | 0.723333 | 0.643333 |   2.469852 |      244 |      218 |       26 |   5.322140 |      6 | 0.957064 | 1.087223
1787 | 535800.0 | 536100.0 | 0.005093 | 0.016194 |   5.322140 |      6 | 0.957064 | 0.600000 | 0.746667 | 0.590000 | 0.686667 |  -2.984648 |      244 |      224 |       20 |   5.321393 |      6 | 0.941863 | 1.472121
1788 | 536100.0 | 536400.0 | 0.005091 | 0.016193 |   5.321393 |      6 | 0.941863 | 0.600000 | 0.723333 | 0.686667 | 0.720000 |  -1.029273 |      243 |      217 |       26 |   5.320765 |      6 | 0.936623 | 1.604806
1789 | 536400.0 | 536700.0 | 0.005089 | 0.016191 |   5.320765 |      6 | 0.936623 | 0.600000 | 0.670000 | 0.686667 | 0.650000 |   1.132293 |      240 |      201 |       39 |   5.320409 |      6 | 0.942386 | 1.458894
1790 | 536700.0 | 537000.0 | 0.005087 | 0.016190 |   5.320409 |      6 | 0.942386 | 0.600000 | 0.720000 | 0.690000 | 0.683333 |   0.205888 |      243 |      216 |       27 |   5.319798 |      6 | 0.943433 | 1.432373
1791 | 537000.0 | 537300.0 | 0.005085 | 0.016189 |   5.319798 |      6 | 0.943433 | 0.600000 | 0.740000 | 0.660000 | 0.683333 |  -0.720667 |      245 |      222 |       23 |   5.319086 |      6 | 0.939768 | 1.525172
1792 | 537300.0 | 537600.0 | 0.005083 | 0.016187 |   5.319086 |      6 | 0.939768 | 0.600000 | 0.683333 | 0.730000 | 0.683333 |   1.441452 |      240 |      205 |       35 |   5.318663 |      6 | 0.947096 | 1.339627
1793 | 537600.0 | 537900.0 | 0.005082 | 0.016186 |   5.318663 |      6 | 0.947096 | 0.600000 | 0.696667 | 0.663333 | 0.636667 |   0.823754 |      241 |      209 |       32 |   5.318171 |      6 | 0.951282 | 1.233632
1794 | 537900.0 | 538200.0 | 0.005080 | 0.016185 |   5.318171 |      6 | 0.951282 | 0.600000 | 0.763333 | 0.696667 | 0.690000 |   0.205955 |      247 |      229 |       18 |   5.317342 |      6 | 0.952328 | 1.207141
1795 | 538200.0 | 538500.0 | 0.005078 | 0.016183 |   5.317342 |      6 | 0.952328 | 0.600000 | 0.713333 | 0.653333 | 0.690000 |  -1.132846 |      242 |      214 |       28 |   5.316766 |      6 | 0.946575 | 1.352800
1796 | 538500.0 | 538800.0 | 0.005076 | 0.016182 |   5.316766 |      6 | 0.946575 | 0.600000 | 0.656667 | 0.710000 | 0.723333 |  -0.411977 |      237 |      197 |       40 |   5.316479 |      6 | 0.944484 | 1.405752
1797 | 538800.0 | 539100.0 | 0.005074 | 0.016181 |   5.316479 |      6 | 0.944484 | 0.600000 | 0.650000 | 0.630000 | 0.686667 |  -1.751047 |      237 |      195 |       42 |   5.316225 |      6 | 0.935599 | 1.630732
1798 | 539100.0 | 539400.0 | 0.005072 | 0.016179 |   5.316225 |      6 | 0.935599 | 0.600000 | 0.663333 | 0.743333 | 0.623333 |   3.708400 |      239 |      199 |       40 |   5.315904 |      6 | 0.954409 | 1.154441
1799 | 539400.0 | 539700.0 | 0.005070 | 0.016178 |   5.315904 |      6 | 0.954409 | 0.600000 | 0.746667 | 0.600000 | 0.683333 |  -2.575487 |      244 |      224 |       20 |   5.315160 |      6 | 0.941351 | 1.485103
1800 | 539700.0 | 540000.0 | 0.005068 | 0.016177 |   5.315160 |      6 | 0.941351 | 0.600000 | 0.703333 | 0.723333 | 0.670000 |   1.648445 |      241 |      211 |       30 |   5.314636 |      6 | 0.949706 | 1.273540
1801 | 540000.0 | 540300.0 | 0.005067 | 0.016176 |   5.314636 |      6 | 0.949706 | 0.600000 | 0.673333 | 0.696667 | 0.673333 |   0.721253 |      239 |      202 |       38 |   5.314265 |      6 | 0.953360 | 1.181008
1802 | 540300.0 | 540600.0 | 0.005065 | 0.016174 |   5.314265 |      6 | 0.953360 | 0.600000 | 0.673333 | 0.586667 | 0.663333 |  -2.370024 |      235 |      202 |       32 |   5.313893 |      6 | 0.941356 | 1.484955
1803 | 540600.0 | 540900.0 | 0.005063 | 0.016173 |   5.313893 |      6 | 0.941356 | 0.600000 | 0.700000 | 0.696667 | 0.596667 |   3.091586 |      243 |      210 |       33 |   5.313387 |      6 | 0.957009 | 1.088616
1804 | 540900.0 | 541200.0 | 0.005061 | 0.016172 |   5.313387 |      6 | 0.957009 | 0.600000 | 0.730000 | 0.586667 | 0.686667 |  -3.091836 |      243 |      219 |       24 |   5.312729 |      6 | 0.941361 | 1.484842
1805 | 541200.0 | 541500.0 | 0.005059 | 0.016170 |   5.312729 |      6 | 0.941361 | 0.600000 | 0.606667 | 0.683333 | 0.700000 |  -0.515348 |      232 |      182 |       50 |   5.312695 |      6 | 0.938754 | 1.550860
1806 | 541500.0 | 541800.0 | 0.005057 | 0.016169 |   5.312695 |      6 | 0.938754 | 0.600000 | 0.690000 | 0.746667 | 0.630000 |   3.607725 |      241 |      207 |       34 |   5.312240 |      6 | 0.956999 | 1.088862
1807 | 541800.0 | 542100.0 | 0.005055 | 0.016168 |   5.312240 |      6 | 0.956999 | 0.600000 | 0.706667 | 0.553333 | 0.700000 |  -4.535793 |      239 |      212 |       27 |   5.311701 |      6 | 0.934069 | 1.669494
1808 | 542100.0 | 542400.0 | 0.005054 | 0.016166 |   5.311701 |      6 | 0.934069 | 0.600000 | 0.696667 | 0.680000 | 0.710000 |  -0.927851 |      241 |      209 |       32 |   5.311212 |      6 | 0.929380 | 1.788225
1809 | 542400.0 | 542700.0 | 0.005052 | 0.016165 |   5.311212 |      6 | 0.929380 | 0.600000 | 0.653333 | 0.743333 | 0.636667 |   3.299291 |      239 |      196 |       43 |   5.310943 |      6 | 0.946047 | 1.366189
1810 | 542700.0 | 543000.0 | 0.005050 | 0.016164 |   5.310943 |      6 | 0.946047 | 0.600000 | 0.693333 | 0.706667 | 0.666667 |   1.237334 |      240 |      208 |       32 |   5.310472 |      6 | 0.952295 | 1.207971
1811 | 543000.0 | 543300.0 | 0.005048 | 0.016162 |   5.310472 |      6 | 0.952295 | 0.600000 | 0.696667 | 0.663333 | 0.700000 |  -1.134314 |      241 |      209 |       32 |   5.309984 |      6 | 0.946569 | 1.352963
1812 | 543300.0 | 543600.0 | 0.005046 | 0.016161 |   5.309984 |      6 | 0.946569 | 0.600000 | 0.646667 | 0.670000 | 0.710000 |  -1.237533 |      234 |      194 |       40 |   5.309748 |      6 | 0.940324 | 1.511091
1813 | 543600.0 | 543900.0 | 0.005044 | 0.016160 |   5.309748 |      6 | 0.940324 | 0.600000 | 0.716667 | 0.643333 | 0.716667 |  -2.268994 |      245 |      215 |       30 |   5.309160 |      6 | 0.928879 | 1.800909
1814 | 543900.0 | 544200.0 | 0.005042 | 0.016159 |   5.309160 |      6 | 0.928879 | 0.600000 | 0.730000 | 0.663333 | 0.646667 |   0.515722 |      244 |      219 |       25 |   5.308504 |      6 | 0.931479 | 1.735060
1815 | 544200.0 | 544500.0 | 0.005041 | 0.016157 |   5.308504 |      6 | 0.931479 | 0.600000 | 0.716667 | 0.686667 | 0.670000 |   0.515763 |      245 |      215 |       30 |   5.307916 |      6 | 0.934079 | 1.669230
1816 | 544500.0 | 544800.0 | 0.005039 | 0.016156 |   5.307916 |      6 | 0.934079 | 0.600000 | 0.656667 | 0.683333 | 0.630000 |   1.650576 |      238 |      197 |       41 |   5.307631 |      6 | 0.942396 | 1.458633
1817 | 544800.0 | 545100.0 | 0.005037 | 0.016155 |   5.307631 |      6 | 0.942396 | 0.600000 | 0.690000 | 0.673333 | 0.673333 |   0.000000 |      241 |      207 |       34 |   5.307177 |      6 | 0.942396 | 1.458633
1818 | 545100.0 | 545400.0 | 0.005035 | 0.016153 |   5.307177 |      6 | 0.942396 | 0.600000 | 0.710000 | 0.653333 | 0.720000 |  -2.063551 |      243 |      213 |       30 |   5.306623 |      6 | 0.932006 | 1.721729
1819 | 545400.0 | 545700.0 | 0.005033 | 0.016152 |   5.306623 |      6 | 0.932006 | 0.600000 | 0.706667 | 0.670000 | 0.670000 |   0.000000 |      242 |      212 |       30 |   5.306087 |      6 | 0.932006 | 1.721729
1820 | 545700.0 | 546000.0 | 0.005031 | 0.016151 |   5.306087 |      6 | 0.932006 | 0.600000 | 0.726667 | 0.720000 | 0.686667 |   1.031941 |      245 |      218 |       27 |   5.305449 |      6 | 0.937198 | 1.590256
1821 | 546000.0 | 546300.0 | 0.005030 | 0.016149 |   5.305449 |      6 | 0.937198 | 0.600000 | 0.723333 | 0.690000 | 0.646667 |   1.341631 |      244 |      217 |       27 |   5.304829 |      6 | 0.943946 | 1.419389
1822 | 546300.0 | 546600.0 | 0.005028 | 0.016148 |   5.304829 |      6 | 0.943946 | 0.600000 | 0.730000 | 0.670000 | 0.676667 |  -0.206421 |      244 |      219 |       25 |   5.304175 |      6 | 0.942908 | 1.445669
1823 | 546600.0 | 546900.0 | 0.005026 | 0.016147 |   5.304175 |      6 | 0.942908 | 0.600000 | 0.690000 | 0.680000 | 0.650000 |   0.928970 |      241 |      207 |       34 |   5.303723 |      6 | 0.947577 | 1.327444
1824 | 546900.0 | 547200.0 | 0.005024 | 0.016146 |   5.303723 |      6 | 0.947577 | 0.600000 | 0.680000 | 0.640000 | 0.630000 |   0.309682 |      239 |      204 |       35 |   5.303321 |      6 | 0.949133 | 1.288047
1825 | 547200.0 | 547500.0 | 0.005022 | 0.016144 |   5.303321 |      6 | 0.949133 | 0.600000 | 0.746667 | 0.630000 | 0.623333 |   0.206471 |      245 |      224 |       21 |   5.302584 |      6 | 0.950170 | 1.261790
1826 | 547500.0 | 547800.0 | 0.005020 | 0.016143 |   5.302584 |      6 | 0.950170 | 0.600000 | 0.663333 | 0.673333 | 0.663333 |   0.309731 |      238 |      199 |       39 |   5.302267 |      6 | 0.951725 | 1.222415
1827 | 547800.0 | 548100.0 | 0.005019 | 0.016142 |   5.302267 |      6 | 0.951725 | 0.600000 | 0.686667 | 0.666667 | 0.676667 |  -0.309756 |      239 |      206 |       33 |   5.301832 |      6 | 0.950170 | 1.261778
1828 | 548100.0 | 548400.0 | 0.005017 | 0.016140 |   5.301832 |      6 | 0.950170 | 0.600000 | 0.726667 | 0.666667 | 0.670000 |  -0.103260 |      243 |      218 |       25 |   5.301196 |      6 | 0.949652 | 1.274896
1829 | 548400.0 | 548700.0 | 0.005015 | 0.016139 |   5.301196 |      6 | 0.949652 | 0.600000 | 0.660000 | 0.666667 | 0.686667 |  -0.619611 |      237 |      198 |       39 |   5.300895 |      6 | 0.946545 | 1.353579
1830 | 548700.0 | 549000.0 | 0.005013 | 0.016138 |   5.300895 |      6 | 0.946545 | 0.600000 | 0.686667 | 0.626667 | 0.670000 |  -1.342597 |      240 |      206 |       34 |   5.300461 |      6 | 0.939814 | 1.524010
1831 | 549000.0 | 549300.0 | 0.005011 | 0.016137 |   5.300461 |      6 | 0.939814 | 0.600000 | 0.660000 | 0.723333 | 0.653333 |   2.168984 |      239 |      198 |       41 |   5.300160 |      6 | 0.950684 | 1.248776
1832 | 549300.0 | 549600.0 | 0.005010 | 0.016135 |   5.300160 |      6 | 0.950684 | 0.600000 | 0.713333 | 0.620000 | 0.643333 |  -0.723052 |      242 |      214 |       28 |   5.299592 |      6 | 0.947061 | 1.340495
1833 | 549600.0 | 549900.0 | 0.005008 | 0.016134 |   5.299592 |      6 | 0.947061 | 0.600000 | 0.710000 | 0.690000 | 0.666667 |   0.723110 |      242 |      213 |       29 |   5.299041 |      6 | 0.950683 | 1.248802
1834 | 549900.0 | 550200.0 | 0.005006 | 0.016133 |   5.299041 |      6 | 0.950683 | 0.600000 | 0.736667 | 0.680000 | 0.640000 |   1.239716 |      244 |      221 |       23 |   5.298357 |      6 | 0.956888 | 1.091659
1835 | 550200.0 | 550500.0 | 0.005004 | 0.016131 |   5.298357 |      6 | 0.956888 | 0.600000 | 0.686667 | 0.590000 | 0.636667 |  -1.446450 |      238 |      206 |       32 |   5.297924 |      6 | 0.949650 | 1.274941
1836 | 550500.0 | 550800.0 | 0.005002 | 0.016130 |   5.297924 |      6 | 0.949650 | 0.600000 | 0.676667 | 0.673333 | 0.703333 |  -0.929935 |      238 |      203 |       35 |   5.297540 |      6 | 0.944999 | 1.392732
1837 | 550800.0 | 551100.0 | 0.005000 | 0.016129 |   5.297540 |      6 | 0.944999 | 0.600000 | 0.633333 | 0.660000 | 0.666667 |  -0.206669 |      236 |      190 |       46 |   5.297373 |      6 | 0.943965 | 1.418900
1838 | 551100.0 | 551400.0 | 0.004999 | 0.016128 |   5.297373 |      6 | 0.943965 | 0.600000 | 0.663333 | 0.653333 | 0.636667 |   0.516713 |      238 |      199 |       39 |   5.297057 |      6 | 0.946548 | 1.353497
1839 | 551400.0 | 551700.0 | 0.004997 | 0.016126 |   5.297057 |      6 | 0.946548 | 0.600000 | 0.663333 | 0.660000 | 0.640000 |   0.620104 |      236 |      199 |       38 |   5.296740 |      6 | 0.949647 | 1.275036
1840 | 551700.0 | 552000.0 | 0.004995 | 0.016125 |   5.296740 |      6 | 0.949647 | 0.600000 | 0.686667 | 0.640000 | 0.703333 |  -1.963820 |      240 |      206 |       33 |   5.296308 |      6 | 0.939837 | 1.523426
1841 | 552000.0 | 552300.0 | 0.004993 | 0.016124 |   5.296308 |      6 | 0.939837 | 0.600000 | 0.713333 | 0.670000 | 0.633333 |   1.137038 |      244 |      214 |       30 |   5.295742 |      6 | 0.945515 | 1.379662
1842 | 552300.0 | 552600.0 | 0.004991 | 0.016122 |   5.295742 |      6 | 0.945515 | 0.600000 | 0.716667 | 0.663333 | 0.703333 |  -1.240504 |      243 |      215 |       28 |   5.295159 |      6 | 0.939323 | 1.536452
1843 | 552600.0 | 552900.0 | 0.004990 | 0.016121 |   5.295159 |      6 | 0.939323 | 0.600000 | 0.716667 | 0.700000 | 0.666667 |   1.033835 |      243 |      215 |       28 |   5.294577 |      6 | 0.944481 | 1.405830
1844 | 552900.0 | 553200.0 | 0.004988 | 0.016120 |   5.294577 |      6 | 0.944481 | 0.600000 | 0.716667 | 0.656667 | 0.690000 |  -1.033917 |      243 |      215 |       28 |   5.293995 |      6 | 0.939324 | 1.536415
1845 | 553200.0 | 553500.0 | 0.004986 | 0.016119 |   5.293995 |      6 | 0.939324 | 0.600000 | 0.703333 | 0.646667 | 0.656667 |  -0.310200 |      243 |      211 |       32 |   5.293480 |      6 | 0.937778 | 1.575579
1846 | 553500.0 | 553800.0 | 0.004984 | 0.016117 |   5.293480 |      6 | 0.937778 | 0.600000 | 0.686667 | 0.696667 | 0.673333 |   0.723857 |      240 |      206 |       34 |   5.293048 |      6 | 0.941385 | 1.484221
1847 | 553800.0 | 554100.0 | 0.004982 | 0.016116 |   5.293048 |      6 | 0.941385 | 0.600000 | 0.700000 | 0.636667 | 0.663333 |  -0.827330 |      242 |      210 |       32 |   5.292550 |      6 | 0.937263 | 1.588601
1848 | 554100.0 | 554400.0 | 0.004981 | 0.016115 |   5.292550 |      6 | 0.937263 | 0.600000 | 0.700000 | 0.693333 | 0.663333 |   0.930820 |      242 |      210 |       32 |   5.292052 |      6 | 0.941899 | 1.471207
1849 | 554400.0 | 554700.0 | 0.004979 | 0.016114 |   5.292052 |      6 | 0.941899 | 0.600000 | 0.720000 | 0.646667 | 0.676667 |  -0.930894 |      244 |      216 |       28 |   5.291454 |      6 | 0.937265 | 1.588568
1850 | 554700.0 | 555000.0 | 0.004977 | 0.016112 |   5.291454 |      6 | 0.937265 | 0.600000 | 0.700000 | 0.690000 | 0.690000 |   0.000000 |      241 |      210 |       31 |   5.290957 |      6 | 0.937265 | 1.588568
1851 | 555000.0 | 555300.0 | 0.004975 | 0.016111 |   5.290957 |      6 | 0.937265 | 0.600000 | 0.673333 | 0.713333 | 0.653333 |   1.862081 |      240 |      202 |       38 |   5.290592 |      6 | 0.946529 | 1.353977
1852 | 555300.0 | 555600.0 | 0.004974 | 0.016110 |   5.290592 |      6 | 0.946529 | 0.600000 | 0.696667 | 0.710000 | 0.673333 |   1.138028 |      242 |      209 |       33 |   5.290111 |      6 | 0.952189 | 1.210656
1853 | 555600.0 | 555900.0 | 0.004972 | 0.016108 |   5.290111 |      6 | 0.952189 | 0.600000 | 0.706667 | 0.646667 | 0.616667 |   0.931187 |      241 |      212 |       29 |   5.289581 |      6 | 0.956819 | 1.093426
1854 | 555900.0 | 556200.0 | 0.004970 | 0.016107 |   5.289581 |      6 | 0.956819 | 0.600000 | 0.700000 | 0.590000 | 0.693333 |  -3.207676 |      239 |      210 |       29 |   5.289084 |      6 | 0.940877 | 1.497105
1855 | 556200.0 | 556500.0 | 0.004968 | 0.016106 |   5.289084 |      6 | 0.940877 | 0.600000 | 0.720000 | 0.696667 | 0.660000 |   1.138297 |      244 |      216 |       28 |   5.288487 |      6 | 0.946532 | 1.353904
1856 | 556500.0 | 556800.0 | 0.004966 | 0.016105 |   5.288487 |      6 | 0.946532 | 0.600000 | 0.710000 | 0.690000 | 0.670000 |   0.620938 |      242 |      213 |       29 |   5.287941 |      6 | 0.949616 | 1.275816
1857 | 556800.0 | 557100.0 | 0.004965 | 0.016103 |   5.287941 |      6 | 0.949616 | 0.600000 | 0.700000 | 0.703333 | 0.643333 |   1.862961 |      241 |      210 |       31 |   5.287445 |      6 | 0.958865 | 1.041618
1858 | 557100.0 | 557400.0 | 0.004963 | 0.016102 |   5.287445 |      6 | 0.958865 | 0.600000 | 0.680000 | 0.540000 | 0.696667 |  -4.864782 |      236 |      204 |       32 |   5.287048 |      6 | 0.934721 | 1.652965
1859 | 557400.0 | 557700.0 | 0.004961 | 0.016101 |   5.287048 |      6 | 0.934721 | 0.600000 | 0.696667 | 0.670000 | 0.656667 |   0.414057 |      242 |      209 |       33 |   5.286568 |      6 | 0.936776 | 1.600950
1860 | 557700.0 | 558000.0 | 0.004959 | 0.016100 |   5.286568 |      6 | 0.936776 | 0.600000 | 0.703333 | 0.686667 | 0.620000 |   2.070445 |      241 |      211 |       30 |   5.286056 |      6 | 0.947044 | 1.340947
1861 | 558000.0 | 558300.0 | 0.004958 | 0.016098 |   5.286056 |      6 | 0.947044 | 0.600000 | 0.730000 | 0.700000 | 0.713333 |  -0.414122 |      245 |      219 |       26 |   5.285411 |      6 | 0.944991 | 1.392933
1862 | 558300.0 | 558600.0 | 0.004956 | 0.016097 |   5.285411 |      6 | 0.944991 | 0.600000 | 0.726667 | 0.656667 | 0.680000 |  -0.724770 |      243 |      218 |       25 |   5.284783 |      6 | 0.941399 | 1.483884
1863 | 558600.0 | 558900.0 | 0.004954 | 0.016096 |   5.284783 |      6 | 0.941399 | 0.600000 | 0.670000 | 0.713333 | 0.716667 |  -0.103547 |      240 |      201 |       39 |   5.284437 |      6 | 0.940886 | 1.496873
1864 | 558900.0 | 559200.0 | 0.004952 | 0.016095 |   5.284437 |      6 | 0.940886 | 0.600000 | 0.706667 | 0.696667 | 0.700000 |  -0.103555 |      241 |      212 |       29 |   5.283908 |      6 | 0.940373 | 1.509859
1865 | 559200.0 | 559500.0 | 0.004950 | 0.016093 |   5.283908 |      6 | 0.940373 | 0.600000 | 0.706667 | 0.703333 | 0.700000 |   0.103563 |      244 |      212 |       32 |   5.283380 |      6 | 0.940886 | 1.496876
1866 | 559500.0 | 559800.0 | 0.004949 | 0.016092 |   5.283380 |      6 | 0.940886 | 0.600000 | 0.656667 | 0.690000 | 0.683333 |   0.207142 |      236 |      197 |       39 |   5.283100 |      6 | 0.941911 | 1.470920
1867 | 559800.0 | 560100.0 | 0.004947 | 0.016091 |   5.283100 |      6 | 0.941911 | 0.600000 | 0.730000 | 0.636667 | 0.650000 |  -0.414316 |      245 |      219 |       26 |   5.282457 |      6 | 0.939861 | 1.522819
1868 | 560100.0 | 560400.0 | 0.004945 | 0.016090 |   5.282457 |      6 | 0.939861 | 0.600000 | 0.643333 | 0.696667 | 0.676667 |   0.621523 |      236 |      193 |       43 |   5.282243 |      6 | 0.942935 | 1.444991
1869 | 560400.0 | 560700.0 | 0.004943 | 0.016088 |   5.282243 |      6 | 0.942935 | 0.600000 | 0.663333 | 0.646667 | 0.676667 |  -0.932358 |      238 |      199 |       39 |   5.281929 |      6 | 0.938326 | 1.561700
1870 | 560700.0 | 561000.0 | 0.004942 | 0.016087 |   5.281929 |      6 | 0.938326 | 0.600000 | 0.710000 | 0.676667 | 0.646667 |   0.932430 |      243 |      213 |       30 |   5.281386 |      6 | 0.942933 | 1.445024
1871 | 561000.0 | 561300.0 | 0.004940 | 0.016086 |   5.281386 |      6 | 0.942933 | 0.600000 | 0.673333 | 0.706667 | 0.670000 |   1.139726 |      239 |      202 |       37 |   5.281024 |      6 | 0.948564 | 1.302459
1872 | 561300.0 | 561600.0 | 0.004938 | 0.016084 |   5.281024 |      6 | 0.948564 | 0.600000 | 0.690000 | 0.623333 | 0.713333 |  -2.797728 |      239 |      207 |       32 |   5.280579 |      6 | 0.934748 | 1.652294
1873 | 561600.0 | 561900.0 | 0.004936 | 0.016083 |   5.280579 |      6 | 0.934748 | 0.600000 | 0.663333 | 0.663333 | 0.680000 |  -0.518138 |      240 |      199 |       41 |   5.280267 |      6 | 0.932190 | 1.717061
1874 | 561900.0 | 562200.0 | 0.004935 | 0.016082 |   5.280267 |      6 | 0.932190 | 0.600000 | 0.693333 | 0.706667 | 0.693333 |   0.414543 |      241 |      208 |       33 |   5.279806 |      6 | 0.934236 | 1.665262
1875 | 562200.0 | 562500.0 | 0.004933 | 0.016081 |   5.279806 |      6 | 0.934236 | 0.600000 | 0.706667 | 0.690000 | 0.683333 |   0.207288 |      241 |      212 |       29 |   5.279280 |      6 | 0.935258 | 1.639370
1876 | 562500.0 | 562800.0 | 0.004931 | 0.016079 |   5.279280 |      6 | 0.935258 | 0.600000 | 0.670000 | 0.680000 | 0.680000 |   0.000000 |      241 |      201 |       40 |   5.278935 |      6 | 0.935258 | 1.639370
1877 | 562800.0 | 563100.0 | 0.004929 | 0.016078 |   5.278935 |      6 | 0.935258 | 0.600000 | 0.690000 | 0.673333 | 0.670000 |   0.103660 |      240 |      207 |       33 |   5.278491 |      6 | 0.935769 | 1.626431
1878 | 563100.0 | 563400.0 | 0.004928 | 0.016077 |   5.278491 |      6 | 0.935769 | 0.600000 | 0.693333 | 0.726667 | 0.663333 |   1.969692 |      242 |      208 |       34 |   5.278031 |      6 | 0.945475 | 1.380658
1879 | 563400.0 | 563700.0 | 0.004926 | 0.016076 |   5.278031 |      6 | 0.945475 | 0.600000 | 0.690000 | 0.653333 | 0.633333 |   0.622056 |      240 |      207 |       33 |   5.277588 |      6 | 0.948540 | 1.303067
1880 | 563700.0 | 564000.0 | 0.004924 | 0.016074 |   5.277588 |      6 | 0.948540 | 0.600000 | 0.636667 | 0.670000 | 0.666667 |   0.103684 |      236 |      191 |       45 |   5.277407 |      6 | 0.949050 | 1.290139
1881 | 564000.0 | 564300.0 | 0.004922 | 0.016073 |   5.277407 |      6 | 0.949050 | 0.600000 | 0.640000 | 0.710000 | 0.670000 |   1.244306 |      234 |      192 |       42 |   5.277210 |      6 | 0.955175 | 1.135043
1882 | 564300.0 | 564600.0 | 0.004921 | 0.016072 |   5.277210 |      6 | 0.955175 | 0.600000 | 0.690000 | 0.626667 | 0.680000 |  -1.659204 |      238 |      207 |       31 |   5.276767 |      6 | 0.947011 | 1.341781
1883 | 564600.0 | 564900.0 | 0.004919 | 0.016071 |   5.276767 |      6 | 0.947011 | 0.600000 | 0.726667 | 0.650000 | 0.716667 |  -2.074166 |      246 |      218 |       28 |   5.276144 |      6 | 0.936808 | 1.600132
1884 | 564900.0 | 565200.0 | 0.004917 | 0.016069 |   5.276144 |      6 | 0.936808 | 0.600000 | 0.686667 | 0.673333 | 0.663333 |   0.311149 |      240 |      206 |       34 |   5.275718 |      6 | 0.938338 | 1.561390
1885 | 565200.0 | 565500.0 | 0.004915 | 0.016068 |   5.275718 |      6 | 0.938338 | 0.600000 | 0.693333 | 0.693333 | 0.670000 |   0.726071 |      242 |      208 |       34 |   5.275259 |      6 | 0.941907 | 1.471017
1886 | 565500.0 | 565800.0 | 0.004914 | 0.016067 |   5.275259 |      6 | 0.941907 | 0.600000 | 0.670000 | 0.670000 | 0.670000 |   0.000000 |      239 |      201 |       38 |   5.274915 |      6 | 0.941907 | 1.471017
1887 | 565800.0 | 566100.0 | 0.004912 | 0.016066 |   5.274915 |      6 | 0.941907 | 0.600000 | 0.646667 | 0.626667 | 0.700000 |  -2.282290 |      236 |      194 |       42 |   5.274686 |      6 | 0.930696 | 1.754891
1888 | 566100.0 | 566400.0 | 0.004910 | 0.016064 |   5.274686 |      6 | 0.930696 | 0.600000 | 0.726667 | 0.663333 | 0.693333 |  -0.933736 |      245 |      218 |       27 |   5.274064 |      6 | 0.926111 | 1.870989
1889 | 566400.0 | 566700.0 | 0.004909 | 0.016063 |   5.274064 |      6 | 0.926111 | 0.600000 | 0.670000 | 0.713333 | 0.680000 |   1.037565 |      240 |      201 |       39 |   5.273721 |      6 | 0.931204 | 1.742027
1890 | 566700.0 | 567000.0 | 0.004907 | 0.016062 |   5.273721 |      6 | 0.931204 | 0.600000 | 0.666667 | 0.633333 | 0.650000 |  -0.518823 |      240 |      200 |       40 |   5.273393 |      6 | 0.928658 | 1.806490
1891 | 567000.0 | 567300.0 | 0.004905 | 0.016061 |   5.273393 |      6 | 0.928658 | 0.600000 | 0.736667 | 0.693333 | 0.680000 |   0.415090 |      245 |      221 |       24 |   5.272723 |      6 | 0.930695 | 1.754933
1892 | 567300.0 | 567600.0 | 0.004903 | 0.016060 |   5.272723 |      6 | 0.930695 | 0.600000 | 0.710000 | 0.716667 | 0.686667 |   0.934025 |      243 |      213 |       30 |   5.272184 |      6 | 0.935274 | 1.638962
1893 | 567600.0 | 567900.0 | 0.004902 | 0.016058 |   5.272184 |      6 | 0.935274 | 0.600000 | 0.683333 | 0.693333 | 0.676667 |   0.518943 |      240 |      205 |       35 |   5.271775 |      6 | 0.937818 | 1.574552
1894 | 567900.0 | 568200.0 | 0.004900 | 0.016057 |   5.271775 |      6 | 0.937818 | 0.600000 | 0.696667 | 0.666667 | 0.656667 |   0.311390 |      243 |      209 |       34 |   5.271302 |      6 | 0.939344 | 1.535916
1895 | 568200.0 | 568500.0 | 0.004898 | 0.016056 |   5.271302 |      6 | 0.939344 | 0.600000 | 0.693333 | 0.686667 | 0.710000 |  -0.726632 |      241 |      208 |       33 |   5.270844 |      6 | 0.935785 | 1.626041
1896 | 568500.0 | 568800.0 | 0.004897 | 0.016055 |   5.270844 |      6 | 0.935785 | 0.600000 | 0.676667 | 0.720000 | 0.673333 |   1.453377 |      240 |      203 |       37 |   5.270469 |      6 | 0.942901 | 1.445840
1897 | 568800.0 | 569100.0 | 0.004895 | 0.016053 |   5.270469 |      6 | 0.942901 | 0.600000 | 0.700000 | 0.686667 | 0.640000 |   1.453489 |      242 |      210 |       32 |   5.269980 |      6 | 0.950016 | 1.265687
1898 | 569100.0 | 569400.0 | 0.004893 | 0.016052 |   5.269980 |      6 | 0.950016 | 0.600000 | 0.703333 | 0.666667 | 0.650000 |   0.519143 |      240 |      211 |       29 |   5.269474 |      6 | 0.952556 | 1.201365
1899 | 569400.0 | 569700.0 | 0.004891 | 0.016051 |   5.269474 |      6 | 0.952556 | 0.600000 | 0.703333 | 0.660000 | 0.676667 |  -0.519183 |      240 |      211 |       29 |   5.268968 |      6 | 0.950016 | 1.265670
1900 | 569700.0 | 570000.0 | 0.004890 | 0.016050 |   5.268968 |      6 | 0.950016 | 0.600000 | 0.680000 | 0.630000 | 0.660000 |  -0.934601 |      238 |      204 |       35 |   5.268577 |      6 | 0.945447 | 1.381387
1901 | 570000.0 | 570300.0 | 0.004888 | 0.016048 |   5.268577 |      6 | 0.945447 | 0.600000 | 0.710000 | 0.686667 | 0.706667 |  -0.623116 |      243 |      213 |       29 |   5.268040 |      6 | 0.942401 | 1.458511
1902 | 570300.0 | 570600.0 | 0.004886 | 0.016047 |   5.268040 |      6 | 0.942401 | 0.600000 | 0.723333 | 0.683333 | 0.646667 |   1.142466 |      243 |      217 |       26 |   5.267437 |      6 | 0.947983 | 1.317156
1903 | 570600.0 | 570900.0 | 0.004885 | 0.016046 |   5.267437 |      6 | 0.947983 | 0.600000 | 0.680000 | 0.696667 | 0.693333 |   0.103869 |      239 |      204 |       35 |   5.267046 |      6 | 0.948491 | 1.304309
1904 | 570900.0 | 571200.0 | 0.004883 | 0.016045 |   5.267046 |      6 | 0.948491 | 0.600000 | 0.696667 | 0.700000 | 0.626667 |   2.285284 |      241 |      209 |       32 |   5.266574 |      6 | 0.959649 | 1.021753
1905 | 571200.0 | 571500.0 | 0.004881 | 0.016043 |   5.266574 |      6 | 0.959649 | 0.600000 | 0.640000 | 0.520000 | 0.640000 |  -3.739842 |      231 |      192 |       39 |   5.266379 |      6 | 0.941395 | 1.483991
1906 | 571500.0 | 571800.0 | 0.004879 | 0.016042 |   5.266379 |      6 | 0.941395 | 0.600000 | 0.690000 | 0.706667 | 0.700000 |   0.207785 |      241 |      207 |       34 |   5.265940 |      6 | 0.942408 | 1.458318
1907 | 571800.0 | 572100.0 | 0.004878 | 0.016041 |   5.265940 |      6 | 0.942408 | 0.600000 | 0.713333 | 0.660000 | 0.676667 |  -0.519502 |      241 |      214 |       27 |   5.265387 |      6 | 0.939874 | 1.522483
1908 | 572100.0 | 572400.0 | 0.004876 | 0.016040 |   5.265387 |      6 | 0.939874 | 0.600000 | 0.706667 | 0.653333 | 0.690000 |  -1.142992 |      243 |      212 |       31 |   5.264867 |      6 | 0.934301 | 1.663608
1909 | 572400.0 | 572700.0 | 0.004874 | 0.016039 |   5.264867 |      6 | 0.934301 | 0.600000 | 0.686667 | 0.676667 | 0.700000 |  -0.727414 |      242 |      206 |       36 |   5.264444 |      6 | 0.930756 | 1.753390
1910 | 572700.0 | 573000.0 | 0.004873 | 0.016037 |   5.264444 |      6 | 0.930756 | 0.600000 | 0.663333 | 0.676667 | 0.670000 |   0.207849 |      239 |      199 |       40 |   5.264136 |      6 | 0.931768 | 1.727745
1911 | 573000.0 | 573300.0 | 0.004871 | 0.016036 |   5.264136 |      6 | 0.931768 | 0.600000 | 0.716667 | 0.686667 | 0.693333 |  -0.207865 |      244 |      215 |       29 |   5.263568 |      6 | 0.930756 | 1.753383
1912 | 573300.0 | 573600.0 | 0.004869 | 0.016035 |   5.263568 |      6 | 0.930756 | 0.600000 | 0.626667 | 0.670000 | 0.676667 |  -0.207880 |      235 |      188 |       47 |   5.263438 |      6 | 0.929744 | 1.779014
1913 | 573600.0 | 573900.0 | 0.004868 | 0.016034 |   5.263438 |      6 | 0.929744 | 0.600000 | 0.713333 | 0.673333 | 0.686667 |  -0.415793 |      243 |      214 |       29 |   5.262886 |      6 | 0.927720 | 1.830262
1914 | 573900.0 | 574200.0 | 0.004866 | 0.016032 |   5.262886 |      6 | 0.927720 | 0.600000 | 0.683333 | 0.676667 | 0.626667 |   1.559341 |      241 |      205 |       36 |   5.262481 |      6 | 0.935307 | 1.638133
1915 | 574200.0 | 574500.0 | 0.004864 | 0.016031 |   5.262481 |      6 | 0.935307 | 0.600000 | 0.660000 | 0.693333 | 0.673333 |   0.623784 |      239 |      198 |       41 |   5.262189 |      6 | 0.938341 | 1.561302
1916 | 574500.0 | 574800.0 | 0.004862 | 0.016030 |   5.262189 |      6 | 0.938341 | 0.600000 | 0.723333 | 0.706667 | 0.700000 |   0.207944 |      243 |      217 |       26 |   5.261589 |      6 | 0.939352 | 1.535699
1917 | 574800.0 | 575100.0 | 0.004861 | 0.016029 |   5.261589 |      6 | 0.939352 | 0.600000 | 0.710000 | 0.626667 | 0.680000 |  -1.663678 |      243 |      213 |       31 |   5.261054 |      6 | 0.931266 | 1.740470
1918 | 575100.0 | 575400.0 | 0.004859 | 0.016028 |   5.261054 |      6 | 0.931266 | 0.600000 | 0.633333 | 0.626667 | 0.670000 |  -1.351842 |      236 |      190 |       45 |   5.260892 |      6 | 0.924697 | 1.906801
1919 | 575400.0 | 575700.0 | 0.004857 | 0.016026 |   5.260892 |      6 | 0.924697 | 0.600000 | 0.646667 | 0.710000 | 0.656667 |   1.663932 |      239 |      194 |       45 |   5.260666 |      6 | 0.932779 | 1.702141
1920 | 575700.0 | 576000.0 | 0.004856 | 0.016025 |   5.260666 |      6 | 0.932779 | 0.600000 | 0.683333 | 0.666667 | 0.676667 |  -0.312011 |      240 |      205 |       35 |   5.260261 |      6 | 0.931264 | 1.740505
1921 | 576000.0 | 576300.0 | 0.004854 | 0.016024 |   5.260261 |      6 | 0.931264 | 0.600000 | 0.683333 | 0.656667 | 0.643333 |   0.416046 |      240 |      205 |       35 |   5.259857 |      6 | 0.933284 | 1.689367
1922 | 576300.0 | 576600.0 | 0.004852 | 0.016023 |   5.259857 |      6 | 0.933284 | 0.600000 | 0.703333 | 0.746667 | 0.620000 |   3.952741 |      242 |      211 |       31 |   5.259355 |      6 | 0.952464 | 1.203693
1923 | 576600.0 | 576900.0 | 0.004851 | 0.016021 |   5.259355 |      6 | 0.952464 | 0.600000 | 0.676667 | 0.653333 | 0.666667 |  -0.416110 |      239 |      203 |       36 |   5.258983 |      6 | 0.950446 | 1.254803
1924 | 576900.0 | 577200.0 | 0.004849 | 0.016020 |   5.258983 |      6 | 0.950446 | 0.600000 | 0.693333 | 0.736667 | 0.726667 |   0.312106 |      240 |      208 |       32 |   5.258531 |      6 | 0.951959 | 1.216481
1925 | 577200.0 | 577500.0 | 0.004847 | 0.016019 |   5.258531 |      6 | 0.951959 | 0.600000 | 0.696667 | 0.590000 | 0.646667 |  -1.768735 |      239 |      209 |       30 |   5.258062 |      6 | 0.943385 | 1.433580
1926 | 577500.0 | 577800.0 | 0.004846 | 0.016018 |   5.258062 |      6 | 0.943385 | 0.600000 | 0.730000 | 0.650000 | 0.670000 |  -0.624307 |      246 |      219 |       27 |   5.257432 |      6 | 0.940360 | 1.510183
1927 | 577800.0 | 578100.0 | 0.004844 | 0.016017 |   5.257432 |      6 | 0.940360 | 0.600000 | 0.696667 | 0.723333 | 0.693333 |   0.936531 |      242 |      209 |       33 |   5.256964 |      6 | 0.944897 | 1.395310
1928 | 578100.0 | 578400.0 | 0.004842 | 0.016015 |   5.256964 |      6 | 0.944897 | 0.600000 | 0.700000 | 0.640000 | 0.666667 |  -0.832535 |      241 |      210 |       31 |   5.256480 |      6 | 0.940865 | 1.497392
1929 | 578400.0 | 578700.0 | 0.004841 | 0.016014 |   5.256480 |      6 | 0.940865 | 0.600000 | 0.706667 | 0.686667 | 0.680000 |   0.208150 |      242 |      212 |       30 |   5.255963 |      6 | 0.941873 | 1.471878
1930 | 578700.0 | 579000.0 | 0.004839 | 0.016013 |   5.255963 |      6 | 0.941873 | 0.600000 | 0.753333 | 0.710000 | 0.656667 |   1.665323 |      247 |      226 |       21 |   5.255221 |      6 | 0.949931 | 1.267825
1931 | 579000.0 | 579300.0 | 0.004837 | 0.016012 |   5.255221 |      6 | 0.949931 | 0.600000 | 0.700000 | 0.653333 | 0.706667 |  -1.665449 |      239 |      210 |       29 |   5.254738 |      6 | 0.941875 | 1.471823
1932 | 579300.0 | 579600.0 | 0.004836 | 0.016010 |   5.254738 |      6 | 0.941875 | 0.600000 | 0.716667 | 0.683333 | 0.636667 |   1.457378 |      244 |      215 |       29 |   5.254174 |      6 | 0.948922 | 1.293372
1933 | 579600.0 | 579900.0 | 0.004834 | 0.016009 |   5.254174 |      6 | 0.948922 | 0.600000 | 0.670000 | 0.680000 | 0.703333 |  -0.728744 |      237 |      201 |       36 |   5.253835 |      6 | 0.945400 | 1.382574
1934 | 579900.0 | 580200.0 | 0.004832 | 0.016008 |   5.253835 |      6 | 0.945400 | 0.600000 | 0.700000 | 0.666667 | 0.673333 |  -0.208228 |      242 |      210 |       32 |   5.253352 |      6 | 0.944393 | 1.408053
1935 | 580200.0 | 580500.0 | 0.004831 | 0.016007 |   5.253352 |      6 | 0.944393 | 0.600000 | 0.696667 | 0.660000 | 0.693333 |  -1.041221 |      241 |      209 |       32 |   5.252885 |      6 | 0.939364 | 1.535416
1936 | 580500.0 | 580800.0 | 0.004829 | 0.016006 |   5.252885 |      6 | 0.939364 | 0.600000 | 0.696667 | 0.666667 | 0.680000 |  -0.416520 |      242 |      209 |       33 |   5.252418 |      6 | 0.937352 | 1.586347
1937 | 580800.0 | 581100.0 | 0.004827 | 0.016004 |   5.252418 |      6 | 0.937352 | 0.600000 | 0.650000 | 0.700000 | 0.713333 |  -0.416551 |      237 |      195 |       42 |   5.252177 |      6 | 0.935341 | 1.637264
1938 | 581100.0 | 581400.0 | 0.004826 | 0.016003 |   5.252177 |      6 | 0.935341 | 0.600000 | 0.663333 | 0.683333 | 0.673333 |   0.312437 |      239 |      199 |       40 |   5.251871 |      6 | 0.936849 | 1.599086
1939 | 581400.0 | 581700.0 | 0.004824 | 0.016002 |   5.251871 |      6 | 0.936849 | 0.600000 | 0.686667 | 0.666667 | 0.666667 |   0.000000 |      240 |      206 |       34 |   5.251453 |      6 | 0.936849 | 1.599086
1940 | 581700.0 | 582000.0 | 0.004822 | 0.016001 |   5.251453 |      6 | 0.936849 | 0.600000 | 0.670000 | 0.713333 | 0.696667 |   0.520807 |      239 |      201 |       38 |   5.251116 |      6 | 0.939361 | 1.535491
1941 | 582000.0 | 582300.0 | 0.004821 | 0.016000 |   5.251116 |      6 | 0.939361 | 0.600000 | 0.700000 | 0.683333 | 0.630000 |   1.666708 |      243 |      210 |       33 |   5.250633 |      6 | 0.947395 | 1.332038
1942 | 582300.0 | 582600.0 | 0.004819 | 0.015998 |   5.250633 |      6 | 0.947395 | 0.600000 | 0.743333 | 0.683333 | 0.696667 |  -0.416708 |      245 |      223 |       22 |   5.249943 |      6 | 0.945387 | 1.382888
1943 | 582600.0 | 582900.0 | 0.004817 | 0.015997 |   5.249943 |      6 | 0.945387 | 0.600000 | 0.700000 | 0.640000 | 0.656667 |  -0.520925 |      242 |      210 |       32 |   5.249461 |      6 | 0.942878 | 1.446433
1944 | 582900.0 | 583200.0 | 0.004816 | 0.015996 |   5.249461 |      6 | 0.942878 | 0.600000 | 0.686667 | 0.693333 | 0.696667 |  -0.104193 |      239 |      206 |       33 |   5.249044 |      6 | 0.942376 | 1.459138
1945 | 583200.0 | 583500.0 | 0.004814 | 0.015995 |   5.249044 |      6 | 0.942376 | 0.600000 | 0.683333 | 0.640000 | 0.666667 |  -0.833605 |      241 |      205 |       36 |   5.248642 |      6 | 0.938363 | 1.560756
1946 | 583500.0 | 583800.0 | 0.004812 | 0.015994 |   5.248642 |      6 | 0.938363 | 0.600000 | 0.680000 | 0.673333 | 0.663333 |   0.312625 |      241 |      204 |       37 |   5.248257 |      6 | 0.939867 | 1.522659
1947 | 583800.0 | 584100.0 | 0.004811 | 0.015992 |   5.248257 |      6 | 0.939867 | 0.600000 | 0.713333 | 0.686667 | 0.633333 |   1.667460 |      243 |      214 |       30 |   5.247712 |      6 | 0.947889 | 1.319533
1948 | 584100.0 | 584400.0 | 0.004809 | 0.015991 |   5.247712 |      6 | 0.947889 | 0.600000 | 0.686667 | 0.683333 | 0.690000 |  -0.208448 |      240 |      206 |       33 |   5.247295 |      6 | 0.946887 | 1.344917
1949 | 584400.0 | 584700.0 | 0.004808 | 0.015990 |   5.247295 |      6 | 0.946887 | 0.600000 | 0.710000 | 0.633333 | 0.666667 |  -1.042319 |      242 |      213 |       29 |   5.246767 |      6 | 0.941876 | 1.471803
1950 | 584700.0 | 585000.0 | 0.004806 | 0.015989 |   5.246767 |      6 | 0.941876 | 0.600000 | 0.696667 | 0.663333 | 0.660000 |   0.104240 |      241 |      209 |       32 |   5.246302 |      6 | 0.942377 | 1.459118
1951 | 585000.0 | 585300.0 | 0.004804 | 0.015988 |   5.246302 |      6 | 0.942377 | 0.600000 | 0.743333 | 0.670000 | 0.653333 |   0.521238 |      246 |      223 |       23 |   5.245613 |      6 | 0.944881 | 1.395709
1952 | 585300.0 | 585600.0 | 0.004803 | 0.015986 |   5.245613 |      6 | 0.944881 | 0.600000 | 0.623333 | 0.650000 | 0.640000 |   0.312766 |      234 |      187 |       47 |   5.245501 |      6 | 0.946383 | 1.357673
1953 | 585600.0 | 585900.0 | 0.004801 | 0.015985 |   5.245501 |      6 | 0.946383 | 0.600000 | 0.680000 | 0.690000 | 0.730000 |  -1.251158 |      240 |      204 |       36 |   5.245117 |      6 | 0.940376 | 1.509775
1954 | 585900.0 | 586200.0 | 0.004799 | 0.015984 |   5.245117 |      6 | 0.940376 | 0.600000 | 0.686667 | 0.710000 | 0.686667 |   0.729897 |      240 |      206 |       34 |   5.244701 |      6 | 0.943879 | 1.421072
1955 | 586200.0 | 586500.0 | 0.004798 | 0.015983 |   5.244701 |      6 | 0.943879 | 0.600000 | 0.706667 | 0.686667 | 0.670000 |   0.521394 |      242 |      212 |       30 |   5.244190 |      6 | 0.946381 | 1.357731
1956 | 586500.0 | 586800.0 | 0.004796 | 0.015982 |   5.244190 |      6 | 0.946381 | 0.600000 | 0.693333 | 0.646667 | 0.623333 |   0.730006 |      240 |      208 |       32 |   5.243742 |      6 | 0.949882 | 1.269075
1957 | 586800.0 | 587100.0 | 0.004794 | 0.015980 |   5.243742 |      6 | 0.949882 | 0.600000 | 0.680000 | 0.653333 | 0.656667 |  -0.104294 |      239 |      204 |       35 |   5.243358 |      6 | 0.949382 | 1.281737
1958 | 587100.0 | 587400.0 | 0.004793 | 0.015979 |   5.243358 |      6 | 0.949382 | 0.600000 | 0.690000 | 0.683333 | 0.690000 |  -0.208604 |      239 |      207 |       32 |   5.242927 |      6 | 0.948382 | 1.307054
1959 | 587400.0 | 587700.0 | 0.004791 | 0.015978 |   5.242927 |      6 | 0.948382 | 0.600000 | 0.680000 | 0.673333 | 0.723333 |  -1.564649 |      240 |      204 |       36 |   5.242544 |      6 | 0.940886 | 1.496878
1960 | 587700.0 | 588000.0 | 0.004790 | 0.015977 |   5.242544 |      6 | 0.940886 | 0.600000 | 0.700000 | 0.680000 | 0.733333 |  -1.669084 |      241 |      210 |       31 |   5.242065 |      6 | 0.932892 | 1.699303
1961 | 588000.0 | 588300.0 | 0.004788 | 0.015976 |   5.242065 |      6 | 0.932892 | 0.600000 | 0.696667 | 0.676667 | 0.676667 |   0.000000 |      242 |      209 |       33 |   5.241602 |      6 | 0.932892 | 1.699303
1962 | 588300.0 | 588600.0 | 0.004786 | 0.015974 |   5.241602 |      6 | 0.932892 | 0.600000 | 0.693333 | 0.713333 | 0.640000 |   2.295333 |      242 |      208 |       34 |   5.241155 |      6 | 0.943878 | 1.421116
1963 | 588600.0 | 588900.0 | 0.004785 | 0.015973 |   5.241155 |      6 | 0.943878 | 0.600000 | 0.670000 | 0.706667 | 0.670000 |   1.147752 |      237 |      201 |       36 |   5.240820 |      6 | 0.949369 | 1.282059
1964 | 588900.0 | 589200.0 | 0.004783 | 0.015972 |   5.240820 |      6 | 0.949369 | 0.600000 | 0.666667 | 0.666667 | 0.676667 |  -0.313047 |      238 |      200 |       38 |   5.240501 |      6 | 0.947872 | 1.319973
1965 | 589200.0 | 589500.0 | 0.004781 | 0.015971 |   5.240501 |      6 | 0.947872 | 0.600000 | 0.683333 | 0.640000 | 0.703333 |  -1.982776 |      241 |      205 |       36 |   5.240103 |      6 | 0.938391 | 1.560035
1966 | 589500.0 | 589800.0 | 0.004780 | 0.015970 |   5.240103 |      6 | 0.938391 | 0.600000 | 0.700000 | 0.660000 | 0.693333 |  -1.043644 |      241 |      210 |       31 |   5.239625 |      6 | 0.933403 | 1.686350
1967 | 589800.0 | 590100.0 | 0.004778 | 0.015968 |   5.239625 |      6 | 0.933403 | 0.600000 | 0.626667 | 0.663333 | 0.666667 |  -0.104372 |      236 |      188 |       48 |   5.239498 |      6 | 0.932904 | 1.698978
1968 | 590100.0 | 590400.0 | 0.004777 | 0.015967 |   5.239498 |      6 | 0.932904 | 0.600000 | 0.710000 | 0.713333 | 0.646667 |   2.087598 |      243 |      213 |       30 |   5.238972 |      6 | 0.942876 | 1.446482
1969 | 590400.0 | 590700.0 | 0.004775 | 0.015966 |   5.238972 |      6 | 0.942876 | 0.600000 | 0.693333 | 0.740000 | 0.716667 |   0.730714 |      241 |      208 |       33 |   5.238527 |      6 | 0.946365 | 1.358132
1970 | 590700.0 | 591000.0 | 0.004773 | 0.015965 |   5.238527 |      6 | 0.946365 | 0.600000 | 0.720000 | 0.656667 | 0.716667 |  -1.879118 |      243 |      216 |       27 |   5.237954 |      6 | 0.937395 | 1.585258
1971 | 591000.0 | 591300.0 | 0.004772 | 0.015964 |   5.237954 |      6 | 0.937395 | 0.600000 | 0.686667 | 0.703333 | 0.673333 |   0.939629 |      241 |      206 |       35 |   5.237540 |      6 | 0.941879 | 1.471725
1972 | 591300.0 | 591600.0 | 0.004770 | 0.015963 |   5.237540 |      6 | 0.941879 | 0.600000 | 0.743333 | 0.700000 | 0.686667 |   0.417644 |      245 |      223 |       22 |   5.236856 |      6 | 0.943871 | 1.421279
1973 | 591600.0 | 591900.0 | 0.004768 | 0.015961 |   5.236856 |      6 | 0.943871 | 0.600000 | 0.673333 | 0.646667 | 0.673333 |  -0.835349 |      240 |      202 |       38 |   5.236507 |      6 | 0.939888 | 1.522144
1974 | 591900.0 | 592200.0 | 0.004767 | 0.015960 |   5.236507 |      6 | 0.939888 | 0.600000 | 0.693333 | 0.680000 | 0.730000 |  -1.566396 |      241 |      208 |       33 |   5.236062 |      6 | 0.932421 | 1.711217
1975 | 592200.0 | 592500.0 | 0.004765 | 0.015959 |   5.236062 |      6 | 0.932421 | 0.600000 | 0.680000 | 0.693333 | 0.650000 |   1.357644 |      239 |      204 |       35 |   5.235681 |      6 | 0.938891 | 1.547397
1976 | 592500.0 | 592800.0 | 0.004764 | 0.015958 |   5.235681 |      6 | 0.938891 | 0.600000 | 0.726667 | 0.666667 | 0.676667 |  -0.313326 |      245 |      218 |       27 |   5.235077 |      6 | 0.937398 | 1.585192
1977 | 592800.0 | 593100.0 | 0.004762 | 0.015957 |   5.235077 |      6 | 0.937398 | 0.600000 | 0.656667 | 0.686667 | 0.726667 |  -1.253395 |      238 |      197 |       41 |   5.234807 |      6 | 0.931429 | 1.736330
1978 | 593100.0 | 593400.0 | 0.004760 | 0.015955 |   5.234807 |      6 | 0.931429 | 0.600000 | 0.720000 | 0.666667 | 0.593333 |   2.298061 |      244 |      216 |       28 |   5.234236 |      6 | 0.942369 | 1.459316
1979 | 593400.0 | 593700.0 | 0.004759 | 0.015954 |   5.234236 |      6 | 0.942369 | 0.600000 | 0.680000 | 0.653333 | 0.700000 |  -1.462511 |      240 |      204 |       36 |   5.233855 |      6 | 0.935409 | 1.635551
1980 | 593700.0 | 594000.0 | 0.004757 | 0.015953 |   5.233855 |      6 | 0.935409 | 0.600000 | 0.693333 | 0.693333 | 0.670000 |   0.731309 |      242 |      208 |       34 |   5.233411 |      6 | 0.938888 | 1.547457
1981 | 594000.0 | 594300.0 | 0.004756 | 0.015952 |   5.233411 |      6 | 0.938888 | 0.600000 | 0.693333 | 0.706667 | 0.660000 |   1.462727 |      241 |      208 |       33 |   5.232968 |      6 | 0.945844 | 1.371313
1982 | 594300.0 | 594600.0 | 0.004754 | 0.015951 |   5.232968 |      6 | 0.945844 | 0.600000 | 0.646667 | 0.716667 | 0.666667 |   1.567323 |      236 |      194 |       42 |   5.232746 |      6 | 0.953296 | 1.182638
1983 | 594600.0 | 594900.0 | 0.004752 | 0.015950 |   5.232746 |      6 | 0.953296 | 0.600000 | 0.710000 | 0.630000 | 0.670000 |  -1.253951 |      242 |      213 |       29 |   5.232223 |      6 | 0.947336 | 1.333539
1984 | 594900.0 | 595200.0 | 0.004751 | 0.015948 |   5.232223 |      6 | 0.947336 | 0.600000 | 0.646667 | 0.676667 | 0.633333 |   1.358547 |      236 |      194 |       42 |   5.232001 |      6 | 0.953790 | 1.170106
1985 | 595200.0 | 595500.0 | 0.004749 | 0.015947 |   5.232001 |      6 | 0.953790 | 0.600000 | 0.690000 | 0.646667 | 0.700000 |  -1.672181 |      240 |      207 |       33 |   5.231574 |      6 | 0.945849 | 1.371201
1986 | 595500.0 | 595800.0 | 0.004748 | 0.015946 |   5.231574 |      6 | 0.945849 | 0.600000 | 0.706667 | 0.683333 | 0.613333 |   2.194900 |      241 |      212 |       29 |   5.231067 |      6 | 0.956269 | 1.107333
1987 | 595800.0 | 596100.0 | 0.004746 | 0.015945 |   5.231067 |      6 | 0.956269 | 0.600000 | 0.683333 | 0.603333 | 0.670000 |  -2.090535 |      238 |      205 |       33 |   5.230672 |      6 | 0.946348 | 1.358570
1988 | 596100.0 | 596400.0 | 0.004744 | 0.015944 |   5.230672 |      6 | 0.946348 | 0.600000 | 0.680000 | 0.693333 | 0.670000 |   0.731741 |      239 |      204 |       35 |   5.230292 |      6 | 0.949819 | 1.270660
1989 | 596400.0 | 596700.0 | 0.004743 | 0.015943 |   5.230292 |      6 | 0.949819 | 0.600000 | 0.690000 | 0.673333 | 0.690000 |  -0.522711 |      239 |      207 |       32 |   5.229865 |      6 | 0.947340 | 1.333437
1990 | 596700.0 | 597000.0 | 0.004741 | 0.015941 |   5.229865 |      6 | 0.947340 | 0.600000 | 0.693333 | 0.636667 | 0.696667 |  -1.881897 |      241 |      208 |       33 |   5.229423 |      6 | 0.938418 | 1.559373
1991 | 597000.0 | 597300.0 | 0.004740 | 0.015940 |   5.229423 |      6 | 0.938418 | 0.600000 | 0.713333 | 0.676667 | 0.686667 |  -0.313673 |      242 |      214 |       28 |   5.228886 |      6 | 0.936931 | 1.597020
1992 | 597300.0 | 597600.0 | 0.004738 | 0.015939 |   5.228886 |      6 | 0.936931 | 0.600000 | 0.700000 | 0.700000 | 0.696667 |   0.104565 |      243 |      210 |       33 |   5.228412 |      6 | 0.937426 | 1.584474
1993 | 597600.0 | 597900.0 | 0.004737 | 0.015938 |   5.228412 |      6 | 0.937426 | 0.600000 | 0.703333 | 0.653333 | 0.723333 |  -2.196030 |      242 |      211 |       31 |   5.227923 |      6 | 0.927025 | 1.847860
1994 | 597900.0 | 598200.0 | 0.004735 | 0.015937 |   5.227923 |      6 | 0.927025 | 0.600000 | 0.620000 | 0.673333 | 0.670000 |   0.104581 |      235 |      186 |       49 |   5.227828 |      6 | 0.927520 | 1.835321
1995 | 598200.0 | 598500.0 | 0.004733 | 0.015936 |   5.227828 |      6 | 0.927520 | 0.600000 | 0.690000 | 0.693333 | 0.700000 |  -0.209176 |      242 |      207 |       35 |   5.227402 |      6 | 0.926530 | 1.860393
1996 | 598500.0 | 598800.0 | 0.004732 | 0.015934 |   5.227402 |      6 | 0.926530 | 0.600000 | 0.656667 | 0.676667 | 0.686667 |  -0.313788 |      238 |      197 |       41 |   5.227134 |      6 | 0.925045 | 1.897990
1997 | 598800.0 | 599100.0 | 0.004730 | 0.015933 |   5.227134 |      6 | 0.925045 | 0.600000 | 0.660000 | 0.676667 | 0.703333 |  -0.836828 |      238 |      198 |       40 |   5.226850 |      6 | 0.921087 | 1.998223
1998 | 599100.0 | 599400.0 | 0.004729 | 0.015932 |   5.226850 |      6 | 0.921087 | 0.600000 | 0.650000 | 0.666667 | 0.706667 |  -1.255335 |      238 |      195 |       43 |   5.226613 |      6 | 0.915151 | 2.148533
1999 | 599400.0 | 599700.0 | 0.004727 | 0.015931 |   5.226613 |      6 | 0.915151 | 0.600000 | 0.663333 | 0.653333 | 0.666667 |  -0.418475 |      240 |      199 |       41 |   5.226314 |      6 | 0.913172 | 2.198624
2000 | 599700.0 | 600000.0 | 0.004725 | 0.015930 |   5.226314 |      6 | 0.913172 | 0.600000 | 0.680000 | 0.680000 | 0.670000 |   0.313880 |      241 |      204 |       37 |   5.225936 |      6 | 0.914656 | 2.161066
2001 | 600000.0 | 600300.0 | 0.004724 | 0.015929 |   5.225936 |      6 | 0.914656 | 0.600000 | 0.666667 | 0.693333 | 0.633333 |   1.883415 |      240 |      200 |       40 |   5.225621 |      6 | 0.923553 | 1.935776
2002 | 600300.0 | 600600.0 | 0.004722 | 0.015927 |   5.225621 |      6 | 0.923553 | 0.600000 | 0.676667 | 0.703333 | 0.663333 |   1.255702 |      240 |      203 |       37 |   5.225259 |      6 | 0.929483 | 1.785622
2003 | 600600.0 | 600900.0 | 0.004721 | 0.015926 |   5.225259 |      6 | 0.929483 | 0.600000 | 0.690000 | 0.700000 | 0.693333 |   0.209299 |      240 |      207 |       33 |   5.224834 |      6 | 0.930471 | 1.760603
2004 | 600900.0 | 601200.0 | 0.004719 | 0.015925 |   5.224834 |      6 | 0.930471 | 0.600000 | 0.710000 | 0.663333 | 0.640000 |   0.732600 |      243 |      213 |       30 |   5.224315 |      6 | 0.933928 | 1.673059
2005 | 601200.0 | 601500.0 | 0.004718 | 0.015924 |   5.224315 |      6 | 0.933928 | 0.600000 | 0.696667 | 0.723333 | 0.690000 |   1.046648 |      242 |      209 |       33 |   5.223859 |      6 | 0.938866 | 1.548028
2006 | 601500.0 | 601800.0 | 0.004716 | 0.015923 |   5.223859 |      6 | 0.938866 | 0.600000 | 0.720000 | 0.696667 | 0.660000 |   1.151396 |      243 |      216 |       27 |   5.223293 |      6 | 0.944296 | 1.410529
2007 | 601800.0 | 602100.0 | 0.004714 | 0.015922 |   5.223293 |      6 | 0.944296 | 0.600000 | 0.716667 | 0.680000 | 0.700000 |  -0.628080 |      244 |      215 |       29 |   5.222743 |      6 | 0.941335 | 1.485509
2008 | 602100.0 | 602400.0 | 0.004713 | 0.015920 |   5.222743 |      6 | 0.941335 | 0.600000 | 0.713333 | 0.663333 | 0.680000 |  -0.523438 |      243 |      214 |       30 |   5.222209 |      6 | 0.938868 | 1.547976
2009 | 602400.0 | 602700.0 | 0.004711 | 0.015919 |   5.222209 |      6 | 0.938868 | 0.600000 | 0.693333 | 0.640000 | 0.643333 |  -0.104695 |      241 |      208 |       32 |   5.221769 |      6 | 0.938374 | 1.560466
2010 | 602700.0 | 603000.0 | 0.004710 | 0.015918 |   5.221769 |      6 | 0.938374 | 0.600000 | 0.680000 | 0.653333 | 0.740000 |  -2.722276 |      239 |      204 |       36 |   5.221392 |      6 | 0.925553 | 1.885125
2011 | 603000.0 | 603300.0 | 0.004708 | 0.015917 |   5.221392 |      6 | 0.925553 | 0.600000 | 0.660000 | 0.640000 | 0.640000 |   0.000000 |      240 |      198 |       41 |   5.221110 |      6 | 0.925553 | 1.885125
2012 | 603300.0 | 603600.0 | 0.004707 | 0.015916 |   5.221110 |      6 | 0.925553 | 0.600000 | 0.710000 | 0.670000 | 0.676667 |  -0.209436 |      243 |      213 |       30 |   5.220592 |      6 | 0.924567 | 1.910086
2013 | 603600.0 | 603900.0 | 0.004705 | 0.015915 |   5.220592 |      6 | 0.924567 | 0.600000 | 0.660000 | 0.646667 | 0.663333 |  -0.523629 |      239 |      198 |       41 |   5.220310 |      6 | 0.922104 | 1.972472
2014 | 603900.0 | 604200.0 | 0.004704 | 0.015913 |   5.220310 |      6 | 0.922104 | 0.600000 | 0.656667 | 0.726667 | 0.680000 |   1.466268 |      238 |      197 |       41 |   5.220043 |      6 | 0.929000 | 1.797836
2015 | 604200.0 | 604500.0 | 0.004702 | 0.015912 |   5.220043 |      6 | 0.929000 | 0.600000 | 0.696667 | 0.723333 | 0.663333 |   1.885338 |      243 |      209 |       34 |   5.219589 |      6 | 0.937865 | 1.573363
2016 | 604500.0 | 604800.0 | 0.004700 | 0.015911 |   5.219589 |      6 | 0.937865 | 0.600000 | 0.666667 | 0.693333 | 0.650000 |   1.361732 |      239 |      200 |       39 |   5.219275 |      6 | 0.944266 | 1.411285
2017 | 604800.0 | 605100.0 | 0.004699 | 0.015910 |   5.219275 |      6 | 0.944266 | 0.600000 | 0.726667 | 0.700000 | 0.650000 |   1.571343 |      244 |      218 |       26 |   5.218680 |      6 | 0.951649 | 1.224320
2018 | 605100.0 | 605400.0 | 0.004697 | 0.015909 |   5.218680 |      6 | 0.951649 | 0.600000 | 0.713333 | 0.683333 | 0.626667 |   1.780985 |      242 |      214 |       28 |   5.218148 |      6 | 0.960015 | 1.012481
2019 | 605400.0 | 605700.0 | 0.004696 | 0.015908 |   5.218148 |      6 | 0.960015 | 0.600000 | 0.730000 | 0.506667 | 0.733333 |  -7.124456 |      242 |      219 |       24 |   5.217537 |      6 | 0.926560 | 1.859618
2020 | 605700.0 | 606000.0 | 0.004694 | 0.015906 |   5.217537 |      6 | 0.926560 | 0.600000 | 0.690000 | 0.686667 | 0.616667 |   2.200359 |      241 |      207 |       33 |   5.217115 |      6 | 0.936889 | 1.598069
2021 | 606000.0 | 606300.0 | 0.004693 | 0.015905 |   5.217115 |      6 | 0.936889 | 0.600000 | 0.746667 | 0.706667 | 0.690000 |   0.523933 |      248 |      224 |       24 |   5.216427 |      6 | 0.939348 | 1.535812
2022 | 606300.0 | 606600.0 | 0.004691 | 0.015904 |   5.216427 |      6 | 0.939348 | 0.600000 | 0.703333 | 0.726667 | 0.673333 |   1.676707 |      241 |      211 |       30 |   5.215942 |      6 | 0.947214 | 1.336640
2023 | 606600.0 | 606900.0 | 0.004690 | 0.015903 |   5.215942 |      6 | 0.947214 | 0.600000 | 0.660000 | 0.703333 | 0.693333 |   0.314405 |      238 |      198 |       40 |   5.215661 |      6 | 0.948688 | 1.299305
2024 | 606900.0 | 607200.0 | 0.004688 | 0.015902 |   5.215661 |      6 | 0.948688 | 0.600000 | 0.663333 | 0.666667 | 0.686667 |  -0.628856 |      237 |      199 |       38 |   5.215364 |      6 | 0.945740 | 1.373956
2025 | 607200.0 | 607500.0 | 0.004687 | 0.015901 |   5.215364 |      6 | 0.945740 | 0.600000 | 0.723333 | 0.683333 | 0.643333 |   1.257803 |      244 |      217 |       27 |   5.214786 |      6 | 0.951635 | 1.224692
2026 | 607500.0 | 607800.0 | 0.004685 | 0.015900 |   5.214786 |      6 | 0.951635 | 0.600000 | 0.683333 | 0.650000 | 0.666667 |  -0.524123 |      238 |      205 |       34 |   5.214395 |      6 | 0.949179 | 1.286869
2027 | 607800.0 | 608100.0 | 0.004683 | 0.015898 |   5.214395 |      6 | 0.949179 | 0.600000 | 0.650000 | 0.640000 | 0.730000 |  -2.830466 |      235 |      195 |       39 |   5.214161 |      6 | 0.935923 | 1.622540
2028 | 608100.0 | 608400.0 | 0.004682 | 0.015897 |   5.214161 |      6 | 0.935923 | 0.600000 | 0.720000 | 0.713333 | 0.673333 |   1.258076 |      244 |      216 |       28 |   5.213599 |      6 | 0.941813 | 1.473392
2029 | 608400.0 | 608700.0 | 0.004680 | 0.015896 |   5.213599 |      6 | 0.941813 | 0.600000 | 0.696667 | 0.696667 | 0.713333 |  -0.524236 |      242 |      209 |       33 |   5.213147 |      6 | 0.939360 | 1.535521
2030 | 608700.0 | 609000.0 | 0.004679 | 0.015895 |   5.213147 |      6 | 0.939360 | 0.600000 | 0.690000 | 0.676667 | 0.640000 |   1.153403 |      242 |      207 |       35 |   5.212726 |      6 | 0.944756 | 1.398871
2031 | 609000.0 | 609300.0 | 0.004677 | 0.015894 |   5.212726 |      6 | 0.944756 | 0.600000 | 0.650000 | 0.690000 | 0.666667 |   0.734036 |      236 |      195 |       41 |   5.212492 |      6 | 0.948189 | 1.311935
2032 | 609300.0 | 609600.0 | 0.004676 | 0.015893 |   5.212492 |      6 | 0.948189 | 0.600000 | 0.663333 | 0.700000 | 0.676667 |   0.734089 |      238 |      199 |       39 |   5.212196 |      6 | 0.951622 | 1.225021
2033 | 609600.0 | 609900.0 | 0.004674 | 0.015892 |   5.212196 |      6 | 0.951622 | 0.600000 | 0.666667 | 0.643333 | 0.643333 |   0.000000 |      237 |      200 |       37 |   5.211884 |      6 | 0.951622 | 1.225021
2034 | 609900.0 | 610200.0 | 0.004673 | 0.015890 |   5.211884 |      6 | 0.951622 | 0.600000 | 0.706667 | 0.666667 | 0.656667 |   0.314655 |      241 |      212 |       29 |   5.211386 |      6 | 0.953092 | 1.187791
2035 | 610200.0 | 610500.0 | 0.004671 | 0.015889 |   5.211386 |      6 | 0.953092 | 0.600000 | 0.710000 | 0.636667 | 0.616667 |   0.629355 |      241 |      213 |       29 |   5.210872 |      6 | 0.956032 | 1.113350
2036 | 610500.0 | 610800.0 | 0.004670 | 0.015888 |   5.210872 |      6 | 0.956032 | 0.600000 | 0.693333 | 0.580000 | 0.690000 |  -3.461703 |      240 |      208 |       31 |   5.210436 |      6 | 0.939867 | 1.522669
2037 | 610800.0 | 611100.0 | 0.004668 | 0.015887 |   5.210436 |      6 | 0.939867 | 0.600000 | 0.700000 | 0.700000 | 0.633333 |   2.098153 |      241 |      210 |       31 |   5.209969 |      6 | 0.949661 | 1.274660
2038 | 611100.0 | 611400.0 | 0.004667 | 0.015886 |   5.209969 |      6 | 0.949661 | 0.600000 | 0.723333 | 0.660000 | 0.683333 |  -0.734406 |      244 |      217 |       27 |   5.209394 |      6 | 0.946234 | 1.361441
2039 | 611400.0 | 611700.0 | 0.004665 | 0.015885 |   5.209394 |      6 | 0.946234 | 0.600000 | 0.693333 | 0.646667 | 0.673333 |  -0.839382 |      241 |      208 |       33 |   5.208958 |      6 | 0.942319 | 1.460594
2040 | 611700.0 | 612000.0 | 0.004663 | 0.015884 |   5.208958 |      6 | 0.942319 | 0.600000 | 0.710000 | 0.696667 | 0.656667 |   1.259163 |      243 |      213 |       30 |   5.208445 |      6 | 0.948191 | 1.311903
2041 | 612000.0 | 612300.0 | 0.004662 | 0.015882 |   5.208445 |      6 | 0.948191 | 0.600000 | 0.703333 | 0.713333 | 0.633333 |   2.518507 |      242 |      211 |       31 |   5.207964 |      6 | 0.959932 | 1.014596
2042 | 612300.0 | 612600.0 | 0.004660 | 0.015881 |   5.207964 |      6 | 0.959932 | 0.600000 | 0.673333 | 0.526667 | 0.686667 |  -5.037374 |      235 |      202 |       33 |   5.207622 |      6 | 0.936455 | 1.609058
2043 | 612600.0 | 612900.0 | 0.004659 | 0.015880 |   5.207622 |      6 | 0.936455 | 0.600000 | 0.690000 | 0.666667 | 0.653333 |   0.419811 |      241 |      207 |       34 |   5.207203 |      6 | 0.938411 | 1.559532
2044 | 612900.0 | 613200.0 | 0.004657 | 0.015879 |   5.207203 |      6 | 0.938411 | 0.600000 | 0.653333 | 0.646667 | 0.686667 |  -1.259524 |      239 |      196 |       43 |   5.206954 |      6 | 0.932545 | 1.708072
2045 | 613200.0 | 613500.0 | 0.004656 | 0.015878 |   5.206954 |      6 | 0.932545 | 0.600000 | 0.700000 | 0.666667 | 0.703333 |  -1.154646 |      242 |      210 |       32 |   5.206489 |      6 | 0.927169 | 1.844198
2046 | 613500.0 | 613800.0 | 0.004654 | 0.015877 |   5.206489 |      6 | 0.927169 | 0.600000 | 0.646667 | 0.653333 | 0.673333 |  -0.629852 |      238 |      194 |       44 |   5.206271 |      6 | 0.924238 | 1.918430
2047 | 613800.0 | 614100.0 | 0.004653 | 0.015876 |   5.206271 |      6 | 0.924238 | 0.600000 | 0.653333 | 0.700000 | 0.626667 |   2.309624 |      237 |      196 |       41 |   5.206023 |      6 | 0.934984 | 1.646316
2048 | 614100.0 | 614400.0 | 0.004651 | 0.015874 |   5.206023 |      6 | 0.934984 | 0.600000 | 0.706667 | 0.703333 | 0.633333 |   2.204798 |      242 |      212 |       30 |   5.205527 |      6 | 0.945239 | 1.386636
2049 | 614400.0 | 614700.0 | 0.004650 | 0.015873 |   5.205527 |      6 | 0.945239 | 0.600000 | 0.743333 | 0.640000 | 0.673333 |  -1.049979 |      246 |      223 |       23 |   5.204861 |      6 | 0.940357 | 1.510261
2050 | 614700.0 | 615000.0 | 0.004648 | 0.015872 |   5.204861 |      6 | 0.940357 | 0.600000 | 0.683333 | 0.640000 | 0.666667 |  -0.840043 |      241 |      205 |       36 |   5.204473 |      6 | 0.936452 | 1.609137
2051 | 615000.0 | 615300.0 | 0.004647 | 0.015871 |   5.204473 |      6 | 0.936452 | 0.600000 | 0.683333 | 0.713333 | 0.706667 |   0.210026 |      240 |      205 |       35 |   5.204086 |      6 | 0.937428 | 1.584424
2052 | 615300.0 | 615600.0 | 0.004645 | 0.015870 |   5.204086 |      6 | 0.937428 | 0.600000 | 0.700000 | 0.623333 | 0.623333 |   0.000000 |      241 |      210 |       31 |   5.203621 |      6 | 0.937428 | 1.584424
2053 | 615600.0 | 615900.0 | 0.004644 | 0.015869 |   5.203621 |      6 | 0.937428 | 0.600000 | 0.730000 | 0.680000 | 0.686667 |  -0.210056 |      245 |      219 |       26 |   5.203018 |      6 | 0.936453 | 1.609124
2054 | 615900.0 | 616200.0 | 0.004642 | 0.015868 |   5.203018 |      6 | 0.936453 | 0.600000 | 0.703333 | 0.696667 | 0.613333 |   2.625884 |      243 |      211 |       32 |   5.202538 |      6 | 0.948643 | 1.300452
2055 | 616200.0 | 616500.0 | 0.004641 | 0.015867 |   5.202538 |      6 | 0.948643 | 0.600000 | 0.693333 | 0.676667 | 0.653333 |   0.735300 |      240 |      208 |       32 |   5.202105 |      6 | 0.952055 | 1.214046
2056 | 616500.0 | 616800.0 | 0.004639 | 0.015865 |   5.202105 |      6 | 0.952055 | 0.600000 | 0.673333 | 0.690000 | 0.626667 |   1.995957 |      238 |      202 |       36 |   5.201765 |      6 | 0.961315 | 0.979575
2057 | 616800.0 | 617100.0 | 0.004638 | 0.015864 |   5.201765 |      6 | 0.961315 | 0.600000 | 0.680000 | 0.490000 | 0.670000 |  -5.673123 |      235 |      204 |       31 |   5.201394 |      6 | 0.935004 | 1.645799
2058 | 617100.0 | 617400.0 | 0.004636 | 0.015863 |   5.201394 |      6 | 0.935004 | 0.600000 | 0.660000 | 0.680000 | 0.676667 |   0.105065 |      239 |      198 |       41 |   5.201116 |      6 | 0.935492 | 1.633464
2059 | 617400.0 | 617700.0 | 0.004635 | 0.015862 |   5.201116 |      6 | 0.935492 | 0.600000 | 0.706667 | 0.673333 | 0.636667 |   1.155801 |      241 |      212 |       29 |   5.200621 |      6 | 0.940848 | 1.497821
2060 | 617700.0 | 618000.0 | 0.004633 | 0.015861 |   5.200621 |      6 | 0.940848 | 0.600000 | 0.693333 | 0.686667 | 0.643333 |   1.366043 |      242 |      208 |       34 |   5.200189 |      6 | 0.947178 | 1.337555
2061 | 618000.0 | 618300.0 | 0.004632 | 0.015860 |   5.200189 |      6 | 0.947178 | 0.600000 | 0.660000 | 0.690000 | 0.663333 |   0.840702 |      238 |      198 |       40 |   5.199911 |      6 | 0.951071 | 1.238955
2062 | 618300.0 | 618600.0 | 0.004630 | 0.015859 |   5.199911 |      6 | 0.951071 | 0.600000 | 0.746667 | 0.683333 | 0.706667 |  -0.735666 |      244 |      224 |       20 |   5.199232 |      6 | 0.947665 | 1.325208
2063 | 618600.0 | 618900.0 | 0.004629 | 0.015858 |   5.199232 |      6 | 0.947665 | 0.600000 | 0.683333 | 0.656667 | 0.690000 |  -1.051027 |      241 |      205 |       36 |   5.198846 |      6 | 0.942800 | 1.448396
2064 | 618900.0 | 619200.0 | 0.004627 | 0.015856 |   5.198846 |      6 | 0.942800 | 0.600000 | 0.683333 | 0.696667 | 0.693333 |   0.105110 |      240 |      205 |       35 |   5.198460 |      6 | 0.943287 | 1.436081
2065 | 619200.0 | 619500.0 | 0.004626 | 0.015855 |   5.198460 |      6 | 0.943287 | 0.600000 | 0.680000 | 0.650000 | 0.663333 |  -0.420470 |      240 |      204 |       36 |   5.198090 |      6 | 0.941342 | 1.485331
2066 | 619500.0 | 619800.0 | 0.004624 | 0.015854 |   5.198090 |      6 | 0.941342 | 0.600000 | 0.666667 | 0.673333 | 0.690000 |  -0.525625 |      237 |      200 |       37 |   5.197782 |      6 | 0.938911 | 1.546878
2067 | 619800.0 | 620100.0 | 0.004623 | 0.015853 |   5.197782 |      6 | 0.938911 | 0.600000 | 0.690000 | 0.680000 | 0.706667 |  -0.841060 |      241 |      207 |       34 |   5.197366 |      6 | 0.935023 | 1.645329
2068 | 620100.0 | 620400.0 | 0.004621 | 0.015852 |   5.197366 |      6 | 0.935023 | 0.600000 | 0.670000 | 0.680000 | 0.670000 |   0.315420 |      240 |      201 |       39 |   5.197043 |      6 | 0.936481 | 1.608419
2069 | 620400.0 | 620700.0 | 0.004620 | 0.015851 |   5.197043 |      6 | 0.936481 | 0.600000 | 0.720000 | 0.690000 | 0.663333 |   0.841179 |      244 |      216 |       28 |   5.196488 |      6 | 0.940367 | 1.510018
2070 | 620700.0 | 621000.0 | 0.004618 | 0.015850 |   5.196488 |      6 | 0.940367 | 0.600000 | 0.686667 | 0.680000 | 0.683333 |  -0.105155 |      240 |      206 |       34 |   5.196088 |      6 | 0.939881 | 1.522315
2071 | 621000.0 | 621300.0 | 0.004617 | 0.015849 |   5.196088 |      6 | 0.939881 | 0.600000 | 0.716667 | 0.696667 | 0.670000 |   0.841298 |      244 |      215 |       29 |   5.195549 |      6 | 0.943765 | 1.423963
2072 | 621300.0 | 621600.0 | 0.004615 | 0.015847 |   5.195549 |      6 | 0.943765 | 0.600000 | 0.666667 | 0.726667 | 0.690000 |   1.156866 |      237 |      200 |       37 |   5.195242 |      6 | 0.949104 | 1.288764
2073 | 621600.0 | 621900.0 | 0.004614 | 0.015846 |   5.195242 |      6 | 0.949104 | 0.600000 | 0.713333 | 0.656667 | 0.666667 |  -0.315531 |      243 |      214 |       29 |   5.194719 |      6 | 0.947649 | 1.325627
2074 | 621900.0 | 622200.0 | 0.004612 | 0.015845 |   5.194719 |      6 | 0.947649 | 0.600000 | 0.653333 | 0.650000 | 0.680000 |  -0.946661 |      237 |      196 |       42 |   5.194473 |      6 | 0.943282 | 1.436189
2075 | 622200.0 | 622500.0 | 0.004611 | 0.015844 |   5.194473 |      6 | 0.943282 | 0.600000 | 0.730000 | 0.683333 | 0.676667 |   0.210384 |      245 |      219 |       25 |   5.193873 |      6 | 0.944252 | 1.411626
2076 | 622500.0 | 622800.0 | 0.004609 | 0.015843 |   5.193873 |      6 | 0.944252 | 0.600000 | 0.686667 | 0.726667 | 0.706667 |   0.631196 |      240 |      206 |       34 |   5.193474 |      6 | 0.947162 | 1.337955
2077 | 622800.0 | 623100.0 | 0.004608 | 0.015842 |   5.193474 |      6 | 0.947162 | 0.600000 | 0.716667 | 0.670000 | 0.660000 |   0.315620 |      243 |      215 |       28 |   5.192936 |      6 | 0.948616 | 1.301129
2078 | 623100.0 | 623400.0 | 0.004606 | 0.015841 |   5.192936 |      6 | 0.948616 | 0.600000 | 0.686667 | 0.660000 | 0.690000 |  -0.946928 |      239 |      206 |       33 |   5.192537 |      6 | 0.944254 | 1.411580
2079 | 623400.0 | 623700.0 | 0.004605 | 0.015840 |   5.192537 |      6 | 0.944254 | 0.600000 | 0.716667 | 0.730000 | 0.676667 |   1.683546 |      243 |      215 |       28 |   5.192000 |      6 | 0.952007 | 1.215272
2080 | 623700.0 | 624000.0 | 0.004603 | 0.015838 |   5.192000 |      6 | 0.952007 | 0.600000 | 0.700000 | 0.670000 | 0.640000 |   0.947062 |      241 |      210 |       31 |   5.191539 |      6 | 0.956366 | 1.104876
2081 | 624000.0 | 624300.0 | 0.004602 | 0.015837 |   5.191539 |      6 | 0.956366 | 0.600000 | 0.723333 | 0.603333 | 0.666667 |  -1.999493 |      243 |      217 |       26 |   5.190972 |      6 | 0.947165 | 1.337875
2082 | 624300.0 | 624600.0 | 0.004600 | 0.015836 |   5.190972 |      6 | 0.947165 | 0.600000 | 0.673333 | 0.700000 | 0.626667 |   2.315365 |      239 |      202 |       37 |   5.190635 |      6 | 0.957817 | 1.068154
2083 | 624600.0 | 624900.0 | 0.004599 | 0.015835 |   5.190635 |      6 | 0.957817 | 0.600000 | 0.663333 | 0.583333 | 0.666667 |  -2.631282 |      235 |      199 |       36 |   5.190343 |      6 | 0.945715 | 1.374579
2084 | 624900.0 | 625200.0 | 0.004598 | 0.015834 |   5.190343 |      6 | 0.945715 | 0.600000 | 0.680000 | 0.670000 | 0.686667 |  -0.526293 |      238 |      204 |       34 |   5.189975 |      6 | 0.943296 | 1.435848
2085 | 625200.0 | 625500.0 | 0.004596 | 0.015833 |   5.189975 |      6 | 0.943296 | 0.600000 | 0.693333 | 0.710000 | 0.636667 |   2.315854 |      242 |      208 |       34 |   5.189547 |      6 | 0.953940 | 1.166330
2086 | 625500.0 | 625800.0 | 0.004595 | 0.015832 |   5.189547 |      6 | 0.953940 | 0.600000 | 0.696667 | 0.636667 | 0.716667 |  -2.526563 |      240 |      209 |       31 |   5.189102 |      6 | 0.942331 | 1.460276
2087 | 625800.0 | 626100.0 | 0.004593 | 0.015831 |   5.189102 |      6 | 0.942331 | 0.600000 | 0.690000 | 0.663333 | 0.640000 |   0.736966 |      240 |      207 |       33 |   5.188689 |      6 | 0.945716 | 1.374563
2088 | 626100.0 | 626400.0 | 0.004592 | 0.015830 |   5.188689 |      6 | 0.945716 | 0.600000 | 0.676667 | 0.670000 | 0.683333 |  -0.421153 |      239 |      203 |       37 |   5.188337 |      6 | 0.943782 | 1.423530
2089 | 626400.0 | 626700.0 | 0.004590 | 0.015828 |   5.188337 |      6 | 0.943782 | 0.600000 | 0.686667 | 0.696667 | 0.723333 |  -0.842365 |      240 |      206 |       33 |   5.187939 |      6 | 0.939916 | 1.521439
2090 | 626700.0 | 627000.0 | 0.004589 | 0.015827 |   5.187939 |      6 | 0.939916 | 0.600000 | 0.710000 | 0.693333 | 0.630000 |   2.000757 |      244 |      213 |       31 |   5.187434 |      6 | 0.949097 | 1.288963
2091 | 627000.0 | 627300.0 | 0.004587 | 0.015826 |   5.187434 |      6 | 0.949097 | 0.600000 | 0.686667 | 0.680000 | 0.663333 |   0.526552 |      240 |      206 |       34 |   5.187037 |      6 | 0.951512 | 1.227801
2092 | 627300.0 | 627600.0 | 0.004586 | 0.015825 |   5.187037 |      6 | 0.951512 | 0.600000 | 0.720000 | 0.646667 | 0.673333 |  -0.842542 |      243 |      216 |       27 |   5.186487 |      6 | 0.947648 | 1.325636
2093 | 627600.0 | 627900.0 | 0.004584 | 0.015824 |   5.186487 |      6 | 0.947648 | 0.600000 | 0.590000 | 0.670000 | 0.663333 |   0.210650 |      229 |      177 |       52 |   5.186532 |      6 | 0.948614 | 1.301184
2094 | 627900.0 | 628200.0 | 0.004583 | 0.015823 |   5.186532 |      6 | 0.948614 | 0.600000 | 0.680000 | 0.646667 | 0.670000 |  -0.737328 |      239 |      204 |       35 |   5.186166 |      6 | 0.945235 | 1.386747
2095 | 628200.0 | 628500.0 | 0.004581 | 0.015822 |   5.186166 |      6 | 0.945235 | 0.600000 | 0.696667 | 0.683333 | 0.760000 |  -2.422817 |      242 |      209 |       33 |   5.185723 |      6 | 0.934135 | 1.667814
2096 | 628500.0 | 628800.0 | 0.004580 | 0.015821 |   5.185723 |      6 | 0.934135 | 0.600000 | 0.690000 | 0.686667 | 0.670000 |   0.526736 |      240 |      207 |       33 |   5.185311 |      6 | 0.936547 | 1.606728
2097 | 628800.0 | 629100.0 | 0.004578 | 0.015820 |   5.185311 |      6 | 0.936547 | 0.600000 | 0.690000 | 0.633333 | 0.660000 |  -0.842837 |      242 |      207 |       35 |   5.184899 |      6 | 0.932689 | 1.704441
2098 | 629100.0 | 629400.0 | 0.004577 | 0.015818 |   5.184899 |      6 | 0.932689 | 0.600000 | 0.686667 | 0.646667 | 0.656667 |  -0.316086 |      241 |      206 |       35 |   5.184502 |      6 | 0.931242 | 1.741075
2099 | 629400.0 | 629700.0 | 0.004576 | 0.015817 |   5.184502 |      6 | 0.931242 | 0.600000 | 0.653333 | 0.653333 | 0.666667 |  -0.421477 |      237 |      196 |       41 |   5.184258 |      6 | 0.929313 | 1.789908
2100 | 629700.0 | 630000.0 | 0.004574 | 0.015816 |   5.184258 |      6 | 0.929313 | 0.600000 | 0.696667 | 0.713333 | 0.663333 |   1.580650 |      242 |      209 |       33 |   5.183816 |      6 | 0.936543 | 1.606831
2101 | 630000.0 | 630300.0 | 0.004573 | 0.015815 |   5.183816 |      6 | 0.936543 | 0.600000 | 0.673333 | 0.646667 | 0.670000 |  -0.737688 |      239 |      202 |       37 |   5.183480 |      6 | 0.933170 | 1.692245
2102 | 630300.0 | 630600.0 | 0.004571 | 0.015814 |   5.183480 |      6 | 0.933170 | 0.600000 | 0.713333 | 0.700000 | 0.660000 |   1.264697 |      244 |      214 |       30 |   5.182962 |      6 | 0.938951 | 1.545857
2103 | 630600.0 | 630900.0 | 0.004570 | 0.015813 |   5.182962 |      6 | 0.938951 | 0.600000 | 0.686667 | 0.703333 | 0.646667 |   1.791778 |      241 |      206 |       36 |   5.182566 |      6 | 0.947139 | 1.338524
2104 | 630900.0 | 631200.0 | 0.004568 | 0.015812 |   5.182566 |      6 | 0.947139 | 0.600000 | 0.673333 | 0.683333 | 0.650000 |   1.054061 |      239 |      202 |       36 |   5.182231 |      6 | 0.951955 | 1.216594
2105 | 631200.0 | 631500.0 | 0.004567 | 0.015811 |   5.182231 |      6 | 0.951955 | 0.600000 | 0.636667 | 0.656667 | 0.706667 |  -1.581201 |      234 |      191 |       44 |   5.182064 |      6 | 0.944733 | 1.399444
2106 | 631500.0 | 631800.0 | 0.004565 | 0.015810 |   5.182064 |      6 | 0.944733 | 0.600000 | 0.663333 | 0.660000 | 0.680000 |  -0.632524 |      237 |      199 |       37 |   5.181775 |      6 | 0.941846 | 1.472566
2107 | 631800.0 | 632100.0 | 0.004564 | 0.015809 |   5.181775 |      6 | 0.941846 | 0.600000 | 0.693333 | 0.650000 | 0.703333 |  -1.686849 |      241 |      208 |       33 |   5.181349 |      6 | 0.934147 | 1.667509
2108 | 632100.0 | 632400.0 | 0.004562 | 0.015807 |   5.181349 |      6 | 0.934147 | 0.600000 | 0.656667 | 0.720000 | 0.663333 |   1.792402 |      239 |      197 |       42 |   5.181090 |      6 | 0.942325 | 1.460433
2109 | 632400.0 | 632700.0 | 0.004561 | 0.015806 |   5.181090 |      6 | 0.942325 | 0.600000 | 0.673333 | 0.726667 | 0.703333 |   0.738099 |      239 |      202 |       37 |   5.180756 |      6 | 0.945691 | 1.375188
2110 | 632700.0 | 633000.0 | 0.004560 | 0.015805 |   5.180756 |      6 | 0.945691 | 0.600000 | 0.650000 | 0.683333 | 0.693333 |  -0.316350 |      236 |      195 |       41 |   5.180528 |      6 | 0.944249 | 1.411712
2111 | 633000.0 | 633300.0 | 0.004558 | 0.015804 |   5.180528 |      6 | 0.944249 | 0.600000 | 0.653333 | 0.670000 | 0.646667 |   0.738202 |      238 |      196 |       42 |   5.180285 |      6 | 0.947614 | 1.326509
2112 | 633300.0 | 633600.0 | 0.004557 | 0.015803 |   5.180285 |      6 | 0.947614 | 0.600000 | 0.670000 | 0.630000 | 0.710000 |  -2.531153 |      238 |      201 |       37 |   5.179966 |      6 | 0.936080 | 1.618562
2113 | 633600.0 | 633900.0 | 0.004555 | 0.015802 |   5.179966 |      6 | 0.936080 | 0.600000 | 0.683333 | 0.680000 | 0.663333 |   0.527360 |      240 |      205 |       35 |   5.179586 |      6 | 0.938482 | 1.557733
2114 | 633900.0 | 634200.0 | 0.004554 | 0.015801 |   5.179586 |      6 | 0.938482 | 0.600000 | 0.653333 | 0.643333 | 0.690000 |  -1.476711 |      237 |      196 |       41 |   5.179343 |      6 | 0.931758 | 1.728013
2115 | 634200.0 | 634500.0 | 0.004552 | 0.015800 |   5.179343 |      6 | 0.931758 | 0.600000 | 0.726667 | 0.676667 | 0.640000 |   1.160353 |      246 |      218 |       28 |   5.178767 |      6 | 0.937040 | 1.594255
2116 | 634500.0 | 634800.0 | 0.004551 | 0.015799 |   5.178767 |      6 | 0.937040 | 0.600000 | 0.663333 | 0.680000 | 0.683333 |  -0.105494 |      238 |      199 |       39 |   5.178478 |      6 | 0.936560 | 1.606411
2117 | 634800.0 | 635100.0 | 0.004550 | 0.015798 |   5.178478 |      6 | 0.936560 | 0.600000 | 0.670000 | 0.670000 | 0.706667 |  -1.160514 |      239 |      201 |       38 |   5.178160 |      6 | 0.931280 | 1.740104
2118 | 635100.0 | 635400.0 | 0.004548 | 0.015797 |   5.178160 |      6 | 0.931280 | 0.600000 | 0.693333 | 0.696667 | 0.700000 |  -0.105509 |      241 |      208 |       33 |   5.177735 |      6 | 0.930800 | 1.752255
2119 | 635400.0 | 635700.0 | 0.004547 | 0.015795 |   5.177735 |      6 | 0.930800 | 0.600000 | 0.703333 | 0.710000 | 0.703333 |   0.211032 |      244 |      211 |       33 |   5.177266 |      6 | 0.931760 | 1.727959
2120 | 635700.0 | 636000.0 | 0.004545 | 0.015794 |   5.177266 |      6 | 0.931760 | 0.600000 | 0.693333 | 0.676667 | 0.650000 |   0.844185 |      241 |      208 |       33 |   5.176841 |      6 | 0.935597 | 1.630800
2121 | 636000.0 | 636300.0 | 0.004544 | 0.015793 |   5.176841 |      6 | 0.935597 | 0.600000 | 0.700000 | 0.673333 | 0.653333 |   0.633183 |      242 |      210 |       32 |   5.176387 |      6 | 0.938474 | 1.557949
2122 | 636300.0 | 636600.0 | 0.004542 | 0.015792 |   5.176387 |      6 | 0.938474 | 0.600000 | 0.676667 | 0.720000 | 0.660000 |   1.899679 |      239 |      203 |       36 |   5.176039 |      6 | 0.947103 | 1.339448
2123 | 636600.0 | 636900.0 | 0.004541 | 0.015791 |   5.176039 |      6 | 0.947103 | 0.600000 | 0.670000 | 0.673333 | 0.636667 |   1.160995 |      238 |      201 |       37 |   5.175721 |      6 | 0.952375 | 1.205953
2124 | 636900.0 | 637200.0 | 0.004539 | 0.015790 |   5.175721 |      6 | 0.952375 | 0.600000 | 0.680000 | 0.676667 | 0.690000 |  -0.422209 |      239 |      204 |       35 |   5.175358 |      6 | 0.950458 | 1.254485
2125 | 637200.0 | 637500.0 | 0.004538 | 0.015789 |   5.175358 |      6 | 0.950458 | 0.600000 | 0.710000 | 0.710000 | 0.690000 |   0.633357 |      239 |      213 |       26 |   5.174859 |      6 | 0.953332 | 1.181705
2126 | 637500.0 | 637800.0 | 0.004537 | 0.015788 |   5.174859 |      6 | 0.953332 | 0.600000 | 0.660000 | 0.633333 | 0.713333 |  -2.533604 |      237 |      198 |       39 |   5.174586 |      6 | 0.941838 | 1.472753
2127 | 637800.0 | 638100.0 | 0.004535 | 0.015787 |   5.174586 |      6 | 0.941838 | 0.600000 | 0.653333 | 0.650000 | 0.676667 |  -0.844593 |      237 |      196 |       41 |   5.174344 |      6 | 0.938008 | 1.569745
2128 | 638100.0 | 638400.0 | 0.004534 | 0.015786 |   5.174344 |      6 | 0.938008 | 0.600000 | 0.703333 | 0.716667 | 0.643333 |   2.322791 |      242 |      211 |       31 |   5.173876 |      6 | 0.948539 | 1.303082
2129 | 638400.0 | 638700.0 | 0.004532 | 0.015785 |   5.173876 |      6 | 0.948539 | 0.600000 | 0.693333 | 0.690000 | 0.673333 |   0.527943 |      240 |      208 |       32 |   5.173453 |      6 | 0.950932 | 1.242491
2130 | 638700.0 | 639000.0 | 0.004531 | 0.015783 |   5.173453 |      6 | 0.950932 | 0.600000 | 0.746667 | 0.686667 | 0.716667 |  -0.950363 |      244 |      224 |       20 |   5.172788 |      6 | 0.946626 | 1.351527
2131 | 639000.0 | 639300.0 | 0.004530 | 0.015782 |   5.172788 |      6 | 0.946626 | 0.600000 | 0.673333 | 0.643333 | 0.646667 |  -0.105603 |      239 |      202 |       37 |   5.172456 |      6 | 0.946147 | 1.363639
2132 | 639300.0 | 639600.0 | 0.004528 | 0.015781 |   5.172456 |      6 | 0.946147 | 0.600000 | 0.690000 | 0.680000 | 0.660000 |   0.633663 |      241 |      207 |       34 |   5.172049 |      6 | 0.949017 | 1.290984
2133 | 639600.0 | 639900.0 | 0.004527 | 0.015780 |   5.172049 |      6 | 0.949017 | 0.600000 | 0.693333 | 0.666667 | 0.690000 |  -0.739324 |      240 |      208 |       32 |   5.171626 |      6 | 0.945670 | 1.375728
2134 | 639900.0 | 640200.0 | 0.004525 | 0.015779 |   5.171626 |      6 | 0.945670 | 0.600000 | 0.693333 | 0.640000 | 0.663333 |  -0.739375 |      239 |      208 |       31 |   5.171204 |      6 | 0.942324 | 1.460450
2135 | 640200.0 | 640500.0 | 0.004524 | 0.015778 |   5.171204 |      6 | 0.942324 | 0.600000 | 0.676667 | 0.676667 | 0.693333 |  -0.528161 |      241 |      203 |       38 |   5.170857 |      6 | 0.939935 | 1.520952
2136 | 640500.0 | 640800.0 | 0.004522 | 0.015777 |   5.170857 |      6 | 0.939935 | 0.600000 | 0.676667 | 0.720000 | 0.650000 |   2.218429 |      240 |      203 |       38 |   5.170510 |      6 | 0.949968 | 1.266908
2137 | 640800.0 | 641100.0 | 0.004521 | 0.015776 |   5.170510 |      6 | 0.949968 | 0.600000 | 0.723333 | 0.700000 | 0.643333 |   1.795994 |      244 |      217 |       26 |   5.169953 |      6 | 0.958087 | 1.061304
2138 | 641100.0 | 641400.0 | 0.004520 | 0.015775 |   5.169953 |      6 | 0.958087 | 0.600000 | 0.693333 | 0.570000 | 0.686667 |  -3.697889 |      238 |      208 |       31 |   5.169531 |      6 | 0.941374 | 1.484503
2139 | 641400.0 | 641700.0 | 0.004518 | 0.015774 |   5.169531 |      6 | 0.941374 | 0.600000 | 0.706667 | 0.640000 | 0.640000 |   0.000000 |      241 |      212 |       28 |   5.169049 |      6 | 0.941374 | 1.484503
2140 | 641700.0 | 642000.0 | 0.004517 | 0.015773 |   5.169049 |      6 | 0.941374 | 0.600000 | 0.740000 | 0.696667 | 0.680000 |   0.528342 |      247 |      222 |       25 |   5.168417 |      6 | 0.943761 | 1.424076
2141 | 642000.0 | 642300.0 | 0.004515 | 0.015772 |   5.168417 |      6 | 0.943761 | 0.600000 | 0.646667 | 0.703333 | 0.660000 |   1.373784 |      237 |      194 |       43 |   5.168206 |      6 | 0.949964 | 1.267002
2142 | 642300.0 | 642600.0 | 0.004514 | 0.015770 |   5.168206 |      6 | 0.949964 | 0.600000 | 0.700000 | 0.636667 | 0.700000 |  -2.007976 |      240 |      210 |       30 |   5.167755 |      6 | 0.940900 | 1.496515
2143 | 642600.0 | 642900.0 | 0.004513 | 0.015769 |   5.167755 |      6 | 0.940900 | 0.600000 | 0.726667 | 0.696667 | 0.690000 |   0.211380 |      244 |      218 |       26 |   5.167183 |      6 | 0.941854 | 1.472362
2144 | 642900.0 | 643200.0 | 0.004511 | 0.015768 |   5.167183 |      6 | 0.941854 | 0.600000 | 0.683333 | 0.656667 | 0.653333 |   0.105697 |      241 |      205 |       36 |   5.166807 |      6 | 0.942331 | 1.460288
2145 | 643200.0 | 643500.0 | 0.004510 | 0.015767 |   5.166807 |      6 | 0.942331 | 0.600000 | 0.640000 | 0.690000 | 0.676667 |   0.422818 |      235 |      192 |       43 |   5.166627 |      6 | 0.944237 | 1.412005
2146 | 643500.0 | 643800.0 | 0.004508 | 0.015766 |   5.166627 |      6 | 0.944237 | 0.600000 | 0.733333 | 0.686667 | 0.683333 |   0.105712 |      244 |      220 |       24 |   5.166026 |      6 | 0.944714 | 1.399937
2147 | 643800.0 | 644100.0 | 0.004507 | 0.015765 |   5.166026 |      6 | 0.944714 | 0.600000 | 0.700000 | 0.700000 | 0.696667 |   0.105719 |      242 |      210 |       32 |   5.165575 |      6 | 0.945190 | 1.387872
2148 | 644100.0 | 644400.0 | 0.004505 | 0.015764 |   5.165575 |      6 | 0.945190 | 0.600000 | 0.700000 | 0.666667 | 0.703333 |  -1.162989 |      242 |      210 |       32 |   5.165124 |      6 | 0.939951 | 1.520554
2149 | 644400.0 | 644700.0 | 0.004504 | 0.015763 |   5.165124 |      6 | 0.939951 | 0.600000 | 0.663333 | 0.670000 | 0.650000 |   0.634401 |      239 |      199 |       40 |   5.164839 |      6 | 0.942808 | 1.448200
2150 | 644700.0 | 645000.0 | 0.004503 | 0.015762 |   5.164839 |      6 | 0.942808 | 0.600000 | 0.686667 | 0.676667 | 0.663333 |   0.422963 |      239 |      206 |       33 |   5.164449 |      6 | 0.944712 | 1.399975
2151 | 645000.0 | 645300.0 | 0.004501 | 0.015761 |   5.164449 |      6 | 0.944712 | 0.600000 | 0.706667 | 0.703333 | 0.613333 |   2.855193 |      243 |      212 |       31 |   5.163969 |      6 | 0.957565 | 1.074539
2152 | 645300.0 | 645600.0 | 0.004500 | 0.015760 |   5.163969 |      6 | 0.957565 | 0.600000 | 0.736667 | 0.596667 | 0.710000 |  -3.595674 |      244 |      221 |       23 |   5.163354 |      6 | 0.941384 | 1.484248
2153 | 645600.0 | 645900.0 | 0.004498 | 0.015759 |   5.163354 |      6 | 0.941384 | 0.600000 | 0.730000 | 0.643333 | 0.733333 |  -2.855582 |      245 |      219 |       26 |   5.162769 |      6 | 0.928539 | 1.809526
2154 | 645900.0 | 646200.0 | 0.004497 | 0.015758 |   5.162769 |      6 | 0.928539 | 0.600000 | 0.693333 | 0.706667 | 0.646667 |   1.903851 |      241 |      208 |       33 |   5.162349 |      6 | 0.937100 | 1.592727
2155 | 646200.0 | 646500.0 | 0.004496 | 0.015756 |   5.162349 |      6 | 0.937100 | 0.600000 | 0.683333 | 0.690000 | 0.653333 |   1.163544 |      240 |      205 |       35 |   5.161975 |      6 | 0.942331 | 1.460270
2156 | 646500.0 | 646800.0 | 0.004494 | 0.015755 |   5.161975 |      6 | 0.942331 | 0.600000 | 0.680000 | 0.700000 | 0.643333 |   1.798326 |      240 |      204 |       36 |   5.161615 |      6 | 0.950414 | 1.255614
2157 | 646800.0 | 647100.0 | 0.004493 | 0.015754 |   5.161615 |      6 | 0.950414 | 0.600000 | 0.703333 | 0.700000 | 0.660000 |   1.269493 |      241 |      211 |       30 |   5.161151 |      6 | 0.956117 | 1.111186
2158 | 647100.0 | 647400.0 | 0.004492 | 0.015753 |   5.161151 |      6 | 0.956117 | 0.600000 | 0.683333 | 0.606667 | 0.726667 |  -3.808738 |      238 |      205 |       33 |   5.160776 |      6 | 0.939010 | 1.544365
2159 | 647400.0 | 647700.0 | 0.004490 | 0.015752 |   5.160776 |      6 | 0.939010 | 0.600000 | 0.720000 | 0.653333 | 0.690000 |  -1.163860 |      243 |      216 |       27 |   5.160238 |      6 | 0.933784 | 1.676694
2160 | 647700.0 | 648000.0 | 0.004489 | 0.015751 |   5.160238 |      6 | 0.933784 | 0.600000 | 0.720000 | 0.683333 | 0.640000 |   1.375564 |      244 |      216 |       28 |   5.159699 |      6 | 0.939959 | 1.520344
2161 | 648000.0 | 648300.0 | 0.004487 | 0.015750 |   5.159699 |      6 | 0.939959 | 0.600000 | 0.690000 | 0.673333 | 0.680000 |  -0.211640 |      243 |      207 |       36 |   5.159295 |      6 | 0.939009 | 1.544392
2162 | 648300.0 | 648600.0 | 0.004486 | 0.015749 |   5.159295 |      6 | 0.939009 | 0.600000 | 0.683333 | 0.670000 | 0.636667 |   1.058270 |      239 |      205 |       34 |   5.158921 |      6 | 0.943757 | 1.424180
2163 | 648600.0 | 648900.0 | 0.004485 | 0.015748 |   5.158921 |      6 | 0.943757 | 0.600000 | 0.660000 | 0.676667 | 0.693333 |  -0.529171 |      237 |      198 |       39 |   5.158652 |      6 | 0.941383 | 1.484272
2164 | 648900.0 | 649200.0 | 0.004483 | 0.015747 |   5.158652 |      6 | 0.941383 | 0.600000 | 0.720000 | 0.713333 | 0.656667 |   1.799303 |      244 |      216 |       28 |   5.158114 |      6 | 0.949450 | 1.280011
2165 | 649200.0 | 649500.0 | 0.004482 | 0.015746 |   5.158114 |      6 | 0.949450 | 0.600000 | 0.730000 | 0.690000 | 0.626667 |   2.011122 |      244 |      219 |       25 |   5.157532 |      6 | 0.958464 | 1.051775
2166 | 649500.0 | 649800.0 | 0.004480 | 0.015745 |   5.157532 |      6 | 0.958464 | 0.600000 | 0.686667 | 0.556667 | 0.693333 |  -4.340083 |      237 |      206 |       31 |   5.157143 |      6 | 0.939018 | 1.544165
2167 | 649800.0 | 650100.0 | 0.004479 | 0.015744 |   5.157143 |      6 | 0.939018 | 0.600000 | 0.713333 | 0.670000 | 0.706667 |  -1.164491 |      242 |      214 |       28 |   5.156636 |      6 | 0.933802 | 1.676238
2168 | 650100.0 | 650400.0 | 0.004478 | 0.015743 |   5.156636 |      6 | 0.933802 | 0.600000 | 0.653333 | 0.680000 | 0.666667 |   0.423480 |      239 |      196 |       43 |   5.156397 |      6 | 0.935699 | 1.628223
2169 | 650400.0 | 650700.0 | 0.004476 | 0.015742 |   5.156397 |      6 | 0.935699 | 0.600000 | 0.643333 | 0.686667 | 0.676667 |   0.317632 |      237 |      193 |       44 |   5.156203 |      6 | 0.937120 | 1.592221
2170 | 650700.0 | 651000.0 | 0.004475 | 0.015740 |   5.156203 |      6 | 0.937120 | 0.600000 | 0.696667 | 0.693333 | 0.666667 |   0.847075 |      240 |      209 |       31 |   5.155770 |      6 | 0.940911 | 1.496237
2171 | 651000.0 | 651300.0 | 0.004474 | 0.015739 |   5.155770 |      6 | 0.940911 | 0.600000 | 0.693333 | 0.623333 | 0.710000 |  -2.753179 |      242 |      208 |       34 |   5.155353 |      6 | 0.928595 | 1.808109
2172 | 651300.0 | 651600.0 | 0.004472 | 0.015738 |   5.155353 |      6 | 0.928595 | 0.600000 | 0.676667 | 0.713333 | 0.653333 |   1.906175 |      239 |      203 |       36 |   5.155010 |      6 | 0.937119 | 1.592250
2173 | 651600.0 | 651900.0 | 0.004471 | 0.015737 |   5.155010 |      6 | 0.937119 | 0.600000 | 0.716667 | 0.690000 | 0.663333 |   0.847246 |      244 |      215 |       29 |   5.154488 |      6 | 0.940907 | 1.496335
2174 | 651900.0 | 652200.0 | 0.004469 | 0.015736 |   5.154488 |      6 | 0.940907 | 0.600000 | 0.730000 | 0.703333 | 0.706667 |  -0.105913 |      245 |      219 |       26 |   5.153907 |      6 | 0.940434 | 1.508322
2175 | 652200.0 | 652500.0 | 0.004468 | 0.015735 |   5.153907 |      6 | 0.940434 | 0.600000 | 0.680000 | 0.656667 | 0.640000 |   0.529600 |      241 |      204 |       37 |   5.153550 |      6 | 0.942800 | 1.448404
2176 | 652500.0 | 652800.0 | 0.004467 | 0.015734 |   5.153550 |      6 | 0.942800 | 0.600000 | 0.693333 | 0.660000 | 0.690000 |  -0.953345 |      240 |      208 |       32 |   5.153133 |      6 | 0.938542 | 1.556230
2177 | 652800.0 | 653100.0 | 0.004465 | 0.015733 |   5.153133 |      6 | 0.938542 | 0.600000 | 0.666667 | 0.656667 | 0.673333 |  -0.529672 |      238 |      200 |       38 |   5.152835 |      6 | 0.936177 | 1.616119
2178 | 653100.0 | 653400.0 | 0.004464 | 0.015732 |   5.152835 |      6 | 0.936177 | 0.600000 | 0.706667 | 0.680000 | 0.666667 |   0.423766 |      243 |      212 |       31 |   5.152359 |      6 | 0.938068 | 1.568219
2179 | 653400.0 | 653700.0 | 0.004463 | 0.015731 |   5.152359 |      6 | 0.938068 | 0.600000 | 0.656667 | 0.673333 | 0.686667 |  -0.423794 |      238 |      197 |       41 |   5.152106 |      6 | 0.936177 | 1.616107
2180 | 653700.0 | 654000.0 | 0.004461 | 0.015730 |   5.152106 |      6 | 0.936177 | 0.600000 | 0.690000 | 0.690000 | 0.670000 |   0.635734 |      241 |      207 |       34 |   5.151705 |      6 | 0.939013 | 1.544292
2181 | 654000.0 | 654300.0 | 0.004460 | 0.015729 |   5.151705 |      6 | 0.939013 | 0.600000 | 0.686667 | 0.676667 | 0.653333 |   0.741740 |      241 |      206 |       35 |   5.151318 |      6 | 0.942321 | 1.460529
2182 | 654300.0 | 654600.0 | 0.004458 | 0.015728 |   5.151318 |      6 | 0.942321 | 0.600000 | 0.710000 | 0.686667 | 0.713333 |  -0.847760 |      242 |      213 |       29 |   5.150828 |      6 | 0.938541 | 1.556236
2183 | 654600.0 | 654900.0 | 0.004457 | 0.015727 |   5.150828 |      6 | 0.938541 | 0.600000 | 0.646667 | 0.680000 | 0.633333 |   1.483679 |      237 |      194 |       43 |   5.150620 |      6 | 0.945154 | 1.388788
2184 | 654900.0 | 655200.0 | 0.004456 | 0.015726 |   5.150620 |      6 | 0.945154 | 0.600000 | 0.690000 | 0.663333 | 0.643333 |   0.635905 |      241 |      207 |       34 |   5.150219 |      6 | 0.947988 | 1.317042
2185 | 655200.0 | 655500.0 | 0.004454 | 0.015725 |   5.150219 |      6 | 0.947988 | 0.600000 | 0.713333 | 0.673333 | 0.683333 |  -0.317974 |      243 |      214 |       29 |   5.149714 |      6 | 0.946571 | 1.352907
2186 | 655500.0 | 655800.0 | 0.004453 | 0.015724 |   5.149714 |      6 | 0.946571 | 0.600000 | 0.653333 | 0.703333 | 0.653333 |   1.589977 |      236 |      196 |       40 |   5.149477 |      6 | 0.953651 | 1.173627
2187 | 655800.0 | 656100.0 | 0.004452 | 0.015722 |   5.149477 |      6 | 0.953651 | 0.600000 | 0.683333 | 0.626667 | 0.650000 |  -0.742039 |      239 |      205 |       34 |   5.149106 |      6 | 0.950348 | 1.257271
2188 | 656100.0 | 656400.0 | 0.004450 | 0.015721 |   5.149106 |      6 | 0.950348 | 0.600000 | 0.736667 | 0.683333 | 0.636667 |   1.484177 |      245 |      221 |       24 |   5.148497 |      6 | 0.956953 | 1.090023
2189 | 656400.0 | 656700.0 | 0.004449 | 0.015720 |   5.148497 |      6 | 0.956953 | 0.600000 | 0.733333 | 0.610000 | 0.670000 |  -1.908356 |      244 |      220 |       24 |   5.147904 |      6 | 0.948463 | 1.305004
2190 | 656700.0 | 657000.0 | 0.004447 | 0.015719 |   5.147904 |      6 | 0.948463 | 0.600000 | 0.650000 | 0.696667 | 0.680000 |   0.530134 |      235 |      195 |       40 |   5.147682 |      6 | 0.950821 | 1.245302
2191 | 657000.0 | 657300.0 | 0.004446 | 0.015718 |   5.147682 |      6 | 0.950821 | 0.600000 | 0.680000 | 0.693333 | 0.673333 |   0.636204 |      239 |      204 |       35 |   5.147326 |      6 | 0.953649 | 1.173675
2192 | 657300.0 | 657600.0 | 0.004445 | 0.015717 |   5.147326 |      6 | 0.953649 | 0.600000 | 0.716667 | 0.636667 | 0.673333 |  -1.166452 |      242 |      215 |       27 |   5.146808 |      6 | 0.948465 | 1.304959
2193 | 657600.0 | 657900.0 | 0.004443 | 0.015716 |   5.146808 |      6 | 0.948465 | 0.600000 | 0.676667 | 0.690000 | 0.666667 |   0.742337 |      239 |      203 |       36 |   5.146467 |      6 | 0.951763 | 1.221435
2194 | 657900.0 | 658200.0 | 0.004442 | 0.015715 |   5.146467 |      6 | 0.951763 | 0.600000 | 0.700000 | 0.636667 | 0.690000 |  -1.696884 |      239 |      210 |       30 |   5.146023 |      6 | 0.944226 | 1.412301
2195 | 658200.0 | 658500.0 | 0.004441 | 0.015714 |   5.146023 |      6 | 0.944226 | 0.600000 | 0.736667 | 0.690000 | 0.680000 |   0.318187 |      246 |      221 |       24 |   5.145416 |      6 | 0.945639 | 1.376522
2196 | 658500.0 | 658800.0 | 0.004439 | 0.015713 |   5.145416 |      6 | 0.945639 | 0.600000 | 0.736667 | 0.636667 | 0.663333 |  -0.848555 |      245 |      221 |       24 |   5.144809 |      6 | 0.941872 | 1.471910
2197 | 658800.0 | 659100.0 | 0.004438 | 0.015712 |   5.144809 |      6 | 0.941872 | 0.600000 | 0.676667 | 0.700000 | 0.636667 |   2.015454 |      240 |      203 |       37 |   5.144469 |      6 | 0.950816 | 1.245418
2198 | 659100.0 | 659400.0 | 0.004437 | 0.015711 |   5.144469 |      6 | 0.950816 | 0.600000 | 0.696667 | 0.653333 | 0.723333 |  -2.227755 |      239 |      209 |       30 |   5.144040 |      6 | 0.940932 | 1.495692
2199 | 659400.0 | 659700.0 | 0.004435 | 0.015710 |   5.144040 |      6 | 0.940932 | 0.600000 | 0.640000 | 0.680000 | 0.696667 |  -0.530453 |      236 |      192 |       44 |   5.143863 |      6 | 0.938580 | 1.555267
2200 | 659700.0 | 660000.0 | 0.004434 | 0.015709 |   5.143863 |      6 | 0.938580 | 0.600000 | 0.723333 | 0.703333 | 0.650000 |   1.697564 |      245 |      217 |       28 |   5.143316 |      6 | 0.946107 | 1.364673
2201 | 660000.0 | 660300.0 | 0.004433 | 0.015708 |   5.143316 |      6 | 0.946107 | 0.600000 | 0.670000 | 0.670000 | 0.673333 |  -0.106105 |      239 |      201 |       38 |   5.143005 |      6 | 0.945636 | 1.376582
2202 | 660300.0 | 660600.0 | 0.004431 | 0.015707 |   5.143005 |      6 | 0.945636 | 0.600000 | 0.700000 | 0.693333 | 0.676667 |   0.530559 |      241 |      210 |       31 |   5.142562 |      6 | 0.947987 | 1.317050
2203 | 660600.0 | 660900.0 | 0.004430 | 0.015706 |   5.142562 |      6 | 0.947987 | 0.600000 | 0.730000 | 0.710000 | 0.636667 |   2.334617 |      244 |      219 |       25 |   5.141986 |      6 | 0.958329 | 1.055169
2204 | 660900.0 | 661200.0 | 0.004429 | 0.015705 |   5.141986 |      6 | 0.958329 | 0.600000 | 0.720000 | 0.563333 | 0.726667 |  -5.200174 |      241 |      216 |       25 |   5.141455 |      6 | 0.935300 | 1.638310
2205 | 661200.0 | 661500.0 | 0.004427 | 0.015704 |   5.141455 |      6 | 0.935300 | 0.600000 | 0.690000 | 0.733333 | 0.663333 |   2.228794 |      242 |      207 |       35 |   5.141057 |      6 | 0.945168 | 1.388452
2206 | 661500.0 | 661800.0 | 0.004426 | 0.015703 |   5.141057 |      6 | 0.945168 | 0.600000 | 0.693333 | 0.640000 | 0.706667 |  -2.122803 |      240 |      208 |       32 |   5.140643 |      6 | 0.935772 | 1.626355
2207 | 661800.0 | 662100.0 | 0.004425 | 0.015701 |   5.140643 |      6 | 0.935772 | 0.600000 | 0.693333 | 0.686667 | 0.690000 |  -0.106147 |      242 |      208 |       34 |   5.140230 |      6 | 0.935303 | 1.638248
2208 | 662100.0 | 662400.0 | 0.004423 | 0.015700 |   5.140230 |      6 | 0.935303 | 0.600000 | 0.670000 | 0.696667 | 0.670000 |   0.849234 |      239 |      201 |       38 |   5.139921 |      6 | 0.939059 | 1.543131
2209 | 662400.0 | 662700.0 | 0.004422 | 0.015699 |   5.139921 |      6 | 0.939059 | 0.600000 | 0.663333 | 0.673333 | 0.706667 |  -1.061613 |      238 |      199 |       39 |   5.139641 |      6 | 0.934365 | 1.661999
2210 | 662700.0 | 663000.0 | 0.004421 | 0.015698 |   5.139641 |      6 | 0.934365 | 0.600000 | 0.660000 | 0.683333 | 0.676667 |   0.212337 |      239 |      198 |       41 |   5.139376 |      6 | 0.935303 | 1.638231
2211 | 663000.0 | 663300.0 | 0.004419 | 0.015697 |   5.139376 |      6 | 0.935303 | 0.600000 | 0.680000 | 0.680000 | 0.640000 |   1.274105 |      240 |      204 |       36 |   5.139022 |      6 | 0.940934 | 1.495658
2212 | 663300.0 | 663600.0 | 0.004418 | 0.015696 |   5.139022 |      6 | 0.940934 | 0.600000 | 0.686667 | 0.680000 | 0.656667 |   0.743277 |      240 |      206 |       34 |   5.138639 |      6 | 0.944217 | 1.412509
2213 | 663600.0 | 663900.0 | 0.004416 | 0.015695 |   5.138639 |      6 | 0.944217 | 0.600000 | 0.716667 | 0.680000 | 0.706667 |  -0.849516 |      243 |      215 |       28 |   5.138124 |      6 | 0.940466 | 1.507513
2214 | 663900.0 | 664200.0 | 0.004415 | 0.015694 |   5.138124 |      6 | 0.940466 | 0.600000 | 0.720000 | 0.690000 | 0.633333 |   1.805341 |      244 |      216 |       28 |   5.137594 |      6 | 0.948436 | 1.305678
2215 | 664200.0 | 664500.0 | 0.004414 | 0.015693 |   5.137594 |      6 | 0.948436 | 0.600000 | 0.683333 | 0.686667 | 0.646667 |   1.274442 |      240 |      205 |       35 |   5.137226 |      6 | 0.954062 | 1.163239
2216 | 664500.0 | 664800.0 | 0.004412 | 0.015692 |   5.137226 |      6 | 0.954062 | 0.600000 | 0.670000 | 0.610000 | 0.646667 |  -1.168316 |      235 |      201 |       34 |   5.136917 |      6 | 0.948906 | 1.293777
2217 | 664800.0 | 665100.0 | 0.004411 | 0.015691 |   5.136917 |      6 | 0.948906 | 0.600000 | 0.683333 | 0.683333 | 0.633333 |   1.593264 |      240 |      205 |       35 |   5.136550 |      6 | 0.955935 | 1.115813
2218 | 665100.0 | 665400.0 | 0.004410 | 0.015690 |   5.136550 |      6 | 0.955935 | 0.600000 | 0.700000 | 0.590000 | 0.670000 |  -2.549391 |      240 |      210 |       30 |   5.136109 |      6 | 0.944692 | 1.400488
2219 | 665400.0 | 665700.0 | 0.004408 | 0.015689 |   5.136109 |      6 | 0.944692 | 0.600000 | 0.693333 | 0.673333 | 0.650000 |   0.743622 |      240 |      208 |       32 |   5.135697 |      6 | 0.947970 | 1.317478
2220 | 665700.0 | 666000.0 | 0.004407 | 0.015688 |   5.135697 |      6 | 0.947970 | 0.600000 | 0.670000 | 0.656667 | 0.670000 |  -0.424955 |      239 |      201 |       38 |   5.135389 |      6 | 0.946098 | 1.364901
2221 | 666000.0 | 666300.0 | 0.004406 | 0.015687 |   5.135389 |      6 | 0.946098 | 0.600000 | 0.646667 | 0.653333 | 0.676667 |  -0.743720 |      235 |      194 |       41 |   5.135183 |      6 | 0.942821 | 1.447873
2222 | 666300.0 | 666600.0 | 0.004404 | 0.015686 |   5.135183 |      6 | 0.942821 | 0.600000 | 0.710000 | 0.686667 | 0.673333 |   0.425011 |      245 |      213 |       32 |   5.134699 |      6 | 0.944693 | 1.400472
2223 | 666600.0 | 666900.0 | 0.004403 | 0.015685 |   5.134699 |      6 | 0.944693 | 0.600000 | 0.680000 | 0.656667 | 0.683333 |  -0.850078 |      239 |      204 |       35 |   5.134346 |      6 | 0.940950 | 1.495252
2224 | 666900.0 | 667200.0 | 0.004402 | 0.015684 |   5.134346 |      6 | 0.940950 | 0.600000 | 0.696667 | 0.720000 | 0.666667 |   1.700268 |      242 |      209 |       33 |   5.133921 |      6 | 0.948434 | 1.305736
2225 | 667200.0 | 667500.0 | 0.004401 | 0.015683 |   5.133921 |      6 | 0.948434 | 0.600000 | 0.703333 | 0.670000 | 0.640000 |   0.956464 |      241 |      211 |       30 |   5.133466 |      6 | 0.952643 | 1.199159
2226 | 667500.0 | 667800.0 | 0.004399 | 0.015682 |   5.133466 |      6 | 0.952643 | 0.600000 | 0.666667 | 0.636667 | 0.676667 |  -1.275369 |      236 |      200 |       36 |   5.133173 |      6 | 0.947032 | 1.341228
2227 | 667800.0 | 668100.0 | 0.004398 | 0.015681 |   5.133173 |      6 | 0.947032 | 0.600000 | 0.650000 | 0.663333 | 0.660000 |   0.106288 |      236 |      195 |       41 |   5.132953 |      6 | 0.947500 | 1.329392
2228 | 668100.0 | 668400.0 | 0.004397 | 0.015680 |   5.132953 |      6 | 0.947500 | 0.600000 | 0.676667 | 0.653333 | 0.640000 |   0.425179 |      238 |      203 |       35 |   5.132616 |      6 | 0.949369 | 1.282058
2229 | 668400.0 | 668700.0 | 0.004395 | 0.015679 |   5.132616 |      6 | 0.949369 | 0.600000 | 0.710000 | 0.680000 | 0.640000 |   1.275621 |      243 |      213 |       30 |   5.132133 |      6 | 0.954976 | 1.140088
2230 | 668700.0 | 669000.0 | 0.004394 | 0.015678 |   5.132133 |      6 | 0.954976 | 0.600000 | 0.673333 | 0.620000 | 0.670000 |  -1.594631 |      236 |      202 |       34 |   5.131810 |      6 | 0.947969 | 1.317509
2231 | 669000.0 | 669300.0 | 0.004393 | 0.015677 |   5.131810 |      6 | 0.947969 | 0.600000 | 0.713333 | 0.660000 | 0.700000 |  -1.275789 |      243 |      214 |       29 |   5.131312 |      6 | 0.942365 | 1.459412
2232 | 669300.0 | 669600.0 | 0.004391 | 0.015676 |   5.131312 |      6 | 0.942365 | 0.600000 | 0.693333 | 0.693333 | 0.723333 |  -0.956905 |      241 |      208 |       33 |   5.130903 |      6 | 0.938163 | 1.565814
2233 | 669600.0 | 669900.0 | 0.004390 | 0.015675 |   5.130903 |      6 | 0.938163 | 0.600000 | 0.643333 | 0.696667 | 0.670000 |   0.850638 |      237 |      193 |       44 |   5.130712 |      6 | 0.941897 | 1.471256
2234 | 669900.0 | 670200.0 | 0.004389 | 0.015673 |   5.130712 |      6 | 0.941897 | 0.600000 | 0.700000 | 0.693333 | 0.700000 |  -0.212673 |      241 |      210 |       31 |   5.130274 |      6 | 0.940964 | 1.494890
2235 | 670200.0 | 670500.0 | 0.004387 | 0.015672 |   5.130274 |      6 | 0.940964 | 0.600000 | 0.673333 | 0.630000 | 0.686667 |  -1.807843 |      240 |      202 |       38 |   5.129952 |      6 | 0.933033 | 1.695732
2236 | 670500.0 | 670800.0 | 0.004386 | 0.015671 |   5.129952 |      6 | 0.933033 | 0.600000 | 0.680000 | 0.683333 | 0.696667 |  -0.425403 |      240 |      204 |       36 |   5.129601 |      6 | 0.931167 | 1.742977
2237 | 670800.0 | 671100.0 | 0.004385 | 0.015670 |   5.129601 |      6 | 0.931167 | 0.600000 | 0.673333 | 0.706667 | 0.676667 |   0.957219 |      240 |      202 |       39 |   5.129279 |      6 | 0.935364 | 1.636699
2238 | 671100.0 | 671400.0 | 0.004383 | 0.015669 |   5.129279 |      6 | 0.935364 | 0.600000 | 0.706667 | 0.676667 | 0.670000 |   0.212729 |      243 |      212 |       30 |   5.128812 |      6 | 0.936296 | 1.613088
2239 | 671400.0 | 671700.0 | 0.004382 | 0.015668 |   5.128812 |      6 | 0.936296 | 0.600000 | 0.673333 | 0.666667 | 0.670000 |  -0.106372 |      239 |      202 |       37 |   5.128490 |      6 | 0.935830 | 1.624891
2240 | 671700.0 | 672000.0 | 0.004381 | 0.015667 |   5.128490 |      6 | 0.935830 | 0.600000 | 0.646667 | 0.713333 | 0.686667 |   0.851028 |      237 |      194 |       43 |   5.128286 |      6 | 0.939558 | 1.530488
2241 | 672000.0 | 672300.0 | 0.004379 | 0.015666 |   5.128286 |      6 | 0.939558 | 0.600000 | 0.700000 | 0.683333 | 0.686667 |  -0.106386 |      242 |      210 |       32 |   5.127848 |      6 | 0.939092 | 1.542285
2242 | 672300.0 | 672600.0 | 0.004378 | 0.015665 |   5.127848 |      6 | 0.939092 | 0.600000 | 0.696667 | 0.643333 | 0.676667 |  -1.063925 |      241 |      209 |       32 |   5.127425 |      6 | 0.934434 | 1.660234
2243 | 672600.0 | 672900.0 | 0.004377 | 0.015664 |   5.127425 |      6 | 0.934434 | 0.600000 | 0.666667 | 0.693333 | 0.666667 |   0.851196 |      239 |      200 |       39 |   5.127133 |      6 | 0.938160 | 1.565897
2244 | 672900.0 | 673200.0 | 0.004376 | 0.015663 |   5.127133 |      6 | 0.938160 | 0.600000 | 0.640000 | 0.646667 | 0.700000 |  -1.702502 |      237 |      192 |       45 |   5.126958 |      6 | 0.930711 | 1.754527
2245 | 673200.0 | 673500.0 | 0.004374 | 0.015662 |   5.126958 |      6 | 0.930711 | 0.600000 | 0.710000 | 0.680000 | 0.703333 |  -0.744894 |      242 |      213 |       29 |   5.126477 |      6 | 0.927452 | 1.837033
2246 | 673500.0 | 673800.0 | 0.004373 | 0.015661 |   5.126477 |      6 | 0.927452 | 0.600000 | 0.676667 | 0.673333 | 0.690000 |  -0.532102 |      242 |      203 |       39 |   5.126142 |      6 | 0.925125 | 1.895953
2247 | 673800.0 | 674100.0 | 0.004372 | 0.015660 |   5.126142 |      6 | 0.925125 | 0.600000 | 0.680000 | 0.663333 | 0.653333 |   0.319282 |      239 |      204 |       35 |   5.125792 |      6 | 0.926521 | 1.860609
2248 | 674100.0 | 674400.0 | 0.004370 | 0.015659 |   5.125792 |      6 | 0.926521 | 0.600000 | 0.680000 | 0.683333 | 0.700000 |  -0.532171 |      240 |      204 |       36 |   5.125442 |      6 | 0.924195 | 1.919501
2249 | 674400.0 | 674700.0 | 0.004369 | 0.015658 |   5.125442 |      6 | 0.924195 | 0.600000 | 0.696667 | 0.706667 | 0.613333 |   2.980352 |      243 |      209 |       34 |   5.125020 |      6 | 0.937217 | 1.589783
2250 | 674700.0 | 675000.0 | 0.004368 | 0.015657 |   5.125020 |      6 | 0.937217 | 0.600000 | 0.736667 | 0.693333 | 0.673333 |   0.638689 |      246 |      221 |       25 |   5.124423 |      6 | 0.940006 | 1.519146
2251 | 675000.0 | 675300.0 | 0.004366 | 0.015656 |   5.124423 |      6 | 0.940006 | 0.600000 | 0.700000 | 0.730000 | 0.690000 |   1.277461 |      242 |      210 |       32 |   5.123986 |      6 | 0.945584 | 1.377904
2252 | 675300.0 | 675600.0 | 0.004365 | 0.015655 |   5.123986 |      6 | 0.945584 | 0.600000 | 0.690000 | 0.643333 | 0.636667 |   0.212924 |      240 |      207 |       33 |   5.123594 |      6 | 0.946514 | 1.354369
2253 | 675600.0 | 675900.0 | 0.004364 | 0.015654 |   5.123594 |      6 | 0.946514 | 0.600000 | 0.676667 | 0.666667 | 0.716667 |  -1.597034 |      239 |      203 |       36 |   5.123259 |      6 | 0.939544 | 1.530839
2254 | 675900.0 | 676200.0 | 0.004363 | 0.015653 |   5.123259 |      6 | 0.939544 | 0.600000 | 0.710000 | 0.653333 | 0.656667 |  -0.106476 |      243 |      213 |       30 |   5.122779 |      6 | 0.939080 | 1.542601
2255 | 676200.0 | 676500.0 | 0.004361 | 0.015652 |   5.122779 |      6 | 0.939080 | 0.600000 | 0.683333 | 0.730000 | 0.653333 |   2.449104 |      241 |      205 |       36 |   5.122416 |      6 | 0.949761 | 1.272139
2256 | 676500.0 | 676800.0 | 0.004360 | 0.015651 |   5.122416 |      6 | 0.949761 | 0.600000 | 0.670000 | 0.663333 | 0.686667 |  -0.745428 |      237 |      201 |       36 |   5.122110 |      6 | 0.946511 | 1.354435
2257 | 676800.0 | 677100.0 | 0.004359 | 0.015650 |   5.122110 |      6 | 0.946511 | 0.600000 | 0.730000 | 0.656667 | 0.616667 |   1.277960 |      244 |      219 |       25 |   5.121544 |      6 | 0.952081 | 1.213389
2258 | 677100.0 | 677400.0 | 0.004357 | 0.015649 |   5.121544 |      6 | 0.952081 | 0.600000 | 0.660000 | 0.673333 | 0.700000 |  -0.852028 |      237 |      198 |       39 |   5.121282 |      6 | 0.948369 | 1.307398
2259 | 677400.0 | 677700.0 | 0.004356 | 0.015648 |   5.121282 |      6 | 0.948369 | 0.600000 | 0.660000 | 0.686667 | 0.690000 |  -0.106510 |      236 |      198 |       38 |   5.121021 |      6 | 0.947905 | 1.319146
2260 | 677700.0 | 678000.0 | 0.004355 | 0.015647 |   5.121021 |      6 | 0.947905 | 0.600000 | 0.676667 | 0.693333 | 0.666667 |   0.852139 |      240 |      203 |       37 |   5.120687 |      6 | 0.951615 | 1.225181
2261 | 678000.0 | 678300.0 | 0.004353 | 0.015646 |   5.120687 |      6 | 0.951615 | 0.600000 | 0.646667 | 0.643333 | 0.690000 |  -1.491340 |      235 |      194 |       41 |   5.120484 |      6 | 0.945123 | 1.389581
2262 | 678300.0 | 678600.0 | 0.004352 | 0.015645 |   5.120484 |      6 | 0.945123 | 0.600000 | 0.713333 | 0.700000 | 0.666667 |   1.065312 |      242 |      214 |       28 |   5.119991 |      6 | 0.949759 | 1.272180
2263 | 678600.0 | 678900.0 | 0.004351 | 0.015644 |   5.119991 |      6 | 0.949759 | 0.600000 | 0.690000 | 0.696667 | 0.663333 |   1.065381 |      241 |      207 |       34 |   5.119599 |      6 | 0.954395 | 1.154805
2264 | 678900.0 | 679200.0 | 0.004350 | 0.015643 |   5.119599 |      6 | 0.954395 | 0.600000 | 0.686667 | 0.630000 | 0.656667 |  -0.852360 |      238 |      206 |       32 |   5.119222 |      6 | 0.950687 | 1.248683
2265 | 679200.0 | 679500.0 | 0.004348 | 0.015642 |   5.119222 |      6 | 0.950687 | 0.600000 | 0.706667 | 0.666667 | 0.593333 |   2.344143 |      242 |      212 |       30 |   5.118758 |      6 | 0.960880 | 0.990579
2266 | 679500.0 | 679800.0 | 0.004347 | 0.015641 |   5.118758 |      6 | 0.960880 | 0.600000 | 0.696667 | 0.510000 | 0.733333 |  -7.139443 |      237 |      209 |       28 |   5.118338 |      6 | 0.929845 | 1.776442
2267 | 679800.0 | 680100.0 | 0.004346 | 0.015640 |   5.118338 |      6 | 0.929845 | 0.600000 | 0.680000 | 0.653333 | 0.670000 |  -0.532829 |      241 |      204 |       37 |   5.117991 |      6 | 0.927530 | 1.835075
2268 | 680100.0 | 680400.0 | 0.004344 | 0.015639 |   5.117991 |      6 | 0.927530 | 0.600000 | 0.713333 | 0.650000 | 0.663333 |  -0.426291 |      244 |      214 |       30 |   5.117498 |      6 | 0.925678 | 1.881971
2269 | 680400.0 | 680700.0 | 0.004343 | 0.015638 |   5.117498 |      6 | 0.925678 | 0.600000 | 0.693333 | 0.700000 | 0.666667 |   1.065795 |      241 |      208 |       33 |   5.117093 |      6 | 0.930307 | 1.764759
2270 | 680700.0 | 681000.0 | 0.004342 | 0.015637 |   5.117093 |      6 | 0.930307 | 0.600000 | 0.680000 | 0.670000 | 0.670000 |   0.000000 |      240 |      204 |       36 |   5.116745 |      6 | 0.930307 | 1.764759
2271 | 681000.0 | 681300.0 | 0.004341 | 0.015636 |   5.116745 |      6 | 0.930307 | 0.600000 | 0.673333 | 0.676667 | 0.640000 |   1.172527 |      240 |      202 |       38 |   5.116427 |      6 | 0.935396 | 1.635886
2272 | 681300.0 | 681600.0 | 0.004339 | 0.015635 |   5.116427 |      6 | 0.935396 | 0.600000 | 0.680000 | 0.690000 | 0.690000 |   0.000000 |      241 |      204 |       37 |   5.116080 |      6 | 0.935396 | 1.635886
2273 | 681600.0 | 681900.0 | 0.004338 | 0.015634 |   5.116080 |      6 | 0.935396 | 0.600000 | 0.646667 | 0.683333 | 0.690000 |  -0.213214 |      237 |      194 |       43 |   5.115878 |      6 | 0.934471 | 1.659306
2274 | 681900.0 | 682200.0 | 0.004337 | 0.015633 |   5.115878 |      6 | 0.934471 | 0.600000 | 0.693333 | 0.673333 | 0.683333 |  -0.319842 |      240 |      208 |       32 |   5.115473 |      6 | 0.933084 | 1.694429
2275 | 682200.0 | 682500.0 | 0.004335 | 0.015632 |   5.115473 |      6 | 0.933084 | 0.600000 | 0.713333 | 0.723333 | 0.696667 |   0.852967 |      245 |      214 |       31 |   5.114981 |      6 | 0.936782 | 1.600789
2276 | 682500.0 | 682800.0 | 0.004334 | 0.015631 |   5.114981 |      6 | 0.936782 | 0.600000 | 0.703333 | 0.666667 | 0.710000 |  -1.386161 |      241 |      211 |       30 |   5.114534 |      6 | 0.930774 | 1.752919
2277 | 682800.0 | 683100.0 | 0.004333 | 0.015630 |   5.114534 |      6 | 0.930774 | 0.600000 | 0.690000 | 0.683333 | 0.663333 |   0.639808 |      242 |      207 |       35 |   5.114144 |      6 | 0.933546 | 1.682722
2278 | 683100.0 | 683400.0 | 0.004332 | 0.015629 |   5.114144 |      6 | 0.933546 | 0.600000 | 0.676667 | 0.660000 | 0.656667 |   0.106641 |      240 |      203 |       37 |   5.113812 |      6 | 0.934008 | 1.671025
2279 | 683400.0 | 683700.0 | 0.004330 | 0.015628 |   5.113812 |      6 | 0.934008 | 0.600000 | 0.653333 | 0.703333 | 0.666667 |   1.173132 |      237 |      196 |       41 |   5.113581 |      6 | 0.939088 | 1.542388
2280 | 683700.0 | 684000.0 | 0.004329 | 0.015627 |   5.113581 |      6 | 0.939088 | 0.600000 | 0.713333 | 0.703333 | 0.626667 |   2.453070 |      244 |      214 |       30 |   5.113090 |      6 | 0.949708 | 1.273483
2281 | 684000.0 | 684300.0 | 0.004328 | 0.015626 |   5.113090 |      6 | 0.949708 | 0.600000 | 0.670000 | 0.713333 | 0.666667 |   1.493269 |      238 |      201 |       37 |   5.112787 |      6 | 0.956170 | 1.109839
2282 | 684300.0 | 684600.0 | 0.004327 | 0.015625 |   5.112787 |      6 | 0.956170 | 0.600000 | 0.720000 | 0.600000 | 0.666667 |  -2.133379 |      242 |      216 |       26 |   5.112268 |      6 | 0.946940 | 1.343563
2283 | 684600.0 | 684900.0 | 0.004325 | 0.015624 |   5.112268 |      6 | 0.946940 | 0.600000 | 0.706667 | 0.676667 | 0.680000 |  -0.106676 |      242 |      212 |       30 |   5.111806 |      6 | 0.946479 | 1.355246
2284 | 684900.0 | 685200.0 | 0.004324 | 0.015623 |   5.111806 |      6 | 0.946479 | 0.600000 | 0.706667 | 0.650000 | 0.656667 |  -0.213365 |      242 |      212 |       30 |   5.111345 |      6 | 0.945556 | 1.378608
2285 | 685200.0 | 685500.0 | 0.004323 | 0.015622 |   5.111345 |      6 | 0.945556 | 0.600000 | 0.680000 | 0.706667 | 0.680000 |   0.853516 |      239 |      204 |       35 |   5.110999 |      6 | 0.949246 | 1.285183
2286 | 685500.0 | 685800.0 | 0.004321 | 0.015621 |   5.110999 |      6 | 0.949246 | 0.600000 | 0.710000 | 0.696667 | 0.663333 |   1.066964 |      243 |      213 |       30 |   5.110524 |      6 | 0.953857 | 1.168428
2287 | 685800.0 | 686100.0 | 0.004320 | 0.015620 |   5.110524 |      6 | 0.953857 | 0.600000 | 0.660000 | 0.603333 | 0.653333 |  -1.600548 |      234 |      198 |       36 |   5.110265 |      6 | 0.946942 | 1.343520
2288 | 686100.0 | 686400.0 | 0.004319 | 0.015619 |   5.110265 |      6 | 0.946942 | 0.600000 | 0.680000 | 0.673333 | 0.656667 |   0.533550 |      240 |      204 |       36 |   5.109919 |      6 | 0.949246 | 1.285169
2289 | 686400.0 | 686700.0 | 0.004318 | 0.015618 |   5.109919 |      6 | 0.949246 | 0.600000 | 0.683333 | 0.696667 | 0.660000 |   1.173886 |      240 |      205 |       35 |   5.109560 |      6 | 0.954315 | 1.156828
2290 | 686700.0 | 687000.0 | 0.004316 | 0.015617 |   5.109560 |      6 | 0.954315 | 0.600000 | 0.736667 | 0.630000 | 0.613333 |   0.533619 |      244 |      221 |       23 |   5.108970 |      6 | 0.956618 | 1.098504
2291 | 687000.0 | 687300.0 | 0.004315 | 0.015616 |   5.108970 |      6 | 0.956618 | 0.600000 | 0.710000 | 0.600000 | 0.676667 |  -2.454804 |      241 |      213 |       28 |   5.108495 |      6 | 0.946025 | 1.366732
2292 | 687300.0 | 687600.0 | 0.004314 | 0.015615 |   5.108495 |      6 | 0.946025 | 0.600000 | 0.703333 | 0.670000 | 0.690000 |  -0.640425 |      241 |      211 |       30 |   5.108049 |      6 | 0.943263 | 1.436688
2293 | 687600.0 | 687900.0 | 0.004313 | 0.015614 |   5.108049 |      6 | 0.943263 | 0.600000 | 0.663333 | 0.733333 | 0.636667 |   3.095584 |      238 |      199 |       39 |   5.107776 |      6 | 0.956613 | 1.098642
2294 | 687900.0 | 688200.0 | 0.004311 | 0.015613 |   5.107776 |      6 | 0.956613 | 0.600000 | 0.696667 | 0.533333 | 0.686667 |  -4.910551 |      239 |      209 |       30 |   5.107359 |      6 | 0.935442 | 1.634731
2295 | 688200.0 | 688500.0 | 0.004310 | 0.015612 |   5.107359 |      6 | 0.935442 | 0.600000 | 0.710000 | 0.643333 | 0.716667 |  -2.348675 |      244 |      213 |       31 |   5.106885 |      6 | 0.925319 | 1.891062
2296 | 688500.0 | 688800.0 | 0.004309 | 0.015611 |   5.106885 |      6 | 0.925319 | 0.600000 | 0.663333 | 0.660000 | 0.656667 |   0.106765 |      238 |      199 |       39 |   5.106612 |      6 | 0.925779 | 1.879414
2297 | 688800.0 | 689100.0 | 0.004308 | 0.015610 |   5.106612 |      6 | 0.925779 | 0.600000 | 0.703333 | 0.640000 | 0.623333 |   0.533858 |      244 |      211 |       33 |   5.106167 |      6 | 0.928078 | 1.821183
2298 | 689100.0 | 689400.0 | 0.004306 | 0.015609 |   5.106167 |      6 | 0.928078 | 0.600000 | 0.716667 | 0.680000 | 0.663333 |   0.533892 |      242 |      215 |       27 |   5.105665 |      6 | 0.930377 | 1.762966
2299 | 689400.0 | 689700.0 | 0.004305 | 0.015608 |   5.105665 |      6 | 0.930377 | 0.600000 | 0.690000 | 0.710000 | 0.663333 |   1.494993 |      242 |      207 |       35 |   5.105277 |      6 | 0.936813 | 1.599994
2300 | 689700.0 | 690000.0 | 0.004304 | 0.015607 |   5.105277 |      6 | 0.936813 | 0.600000 | 0.736667 | 0.656667 | 0.646667 |   0.320376 |      245 |      221 |       24 |   5.104689 |      6 | 0.938192 | 1.565080
2301 | 690000.0 | 690300.0 | 0.004303 | 0.015606 |   5.104689 |      6 | 0.938192 | 0.600000 | 0.740000 | 0.640000 | 0.683333 |  -1.388385 |      247 |      222 |       25 |   5.104087 |      6 | 0.932219 | 1.716342
2302 | 690300.0 | 690600.0 | 0.004301 | 0.015605 |   5.104087 |      6 | 0.932219 | 0.600000 | 0.690000 | 0.706667 | 0.703333 |   0.106806 |      241 |      207 |       34 |   5.103700 |      6 | 0.932678 | 1.704709
2303 | 690600.0 | 690900.0 | 0.004300 | 0.015604 |   5.103700 |      6 | 0.932678 | 0.600000 | 0.706667 | 0.650000 | 0.666667 |  -0.534062 |      243 |      212 |       31 |   5.103241 |      6 | 0.930382 | 1.762860
2304 | 690900.0 | 691200.0 | 0.004299 | 0.015603 |   5.103241 |      6 | 0.930382 | 0.600000 | 0.720000 | 0.686667 | 0.653333 |   1.068193 |      243 |      216 |       27 |   5.102725 |      6 | 0.934973 | 1.646584
2305 | 691200.0 | 691500.0 | 0.004298 | 0.015602 |   5.102725 |      6 | 0.934973 | 0.600000 | 0.663333 | 0.643333 | 0.683333 |  -1.281913 |      241 |      199 |       42 |   5.102453 |      6 | 0.929464 | 1.786083
2306 | 691500.0 | 691800.0 | 0.004296 | 0.015601 |   5.102453 |      6 | 0.929464 | 0.600000 | 0.683333 | 0.680000 | 0.636667 |   1.388828 |      239 |      205 |       34 |   5.102095 |      6 | 0.935431 | 1.634993
2307 | 691800.0 | 692100.0 | 0.004295 | 0.015600 |   5.102095 |      6 | 0.935431 | 0.600000 | 0.710000 | 0.660000 | 0.723333 |  -2.029954 |      243 |      213 |       30 |   5.101623 |      6 | 0.926712 | 1.855767
2308 | 692100.0 | 692400.0 | 0.004294 | 0.015599 |   5.101623 |      6 | 0.926712 | 0.600000 | 0.623333 | 0.676667 | 0.700000 |  -0.747926 |      235 |      187 |       48 |   5.101522 |      6 | 0.923501 | 1.937086
2309 | 692400.0 | 692700.0 | 0.004293 | 0.015598 |   5.101522 |      6 | 0.923501 | 0.600000 | 0.680000 | 0.710000 | 0.666667 |   1.389093 |      242 |      204 |       38 |   5.101179 |      6 | 0.929464 | 1.786099
2310 | 692700.0 | 693000.0 | 0.004291 | 0.015597 |   5.101179 |      6 | 0.929464 | 0.600000 | 0.700000 | 0.686667 | 0.630000 |   1.816622 |      242 |      210 |       32 |   5.100750 |      6 | 0.937259 | 1.588700
2311 | 693000.0 | 693300.0 | 0.004290 | 0.015596 |   5.100750 |      6 | 0.937259 | 0.600000 | 0.696667 | 0.653333 | 0.656667 |  -0.106867 |      241 |      209 |       32 |   5.100335 |      6 | 0.936801 | 1.600309
2312 | 693300.0 | 693600.0 | 0.004289 | 0.015595 |   5.100335 |      6 | 0.936801 | 0.600000 | 0.713333 | 0.730000 | 0.683333 |   1.496231 |      244 |      214 |       30 |   5.099849 |      6 | 0.943218 | 1.437818
2313 | 693600.0 | 693900.0 | 0.004288 | 0.015594 |   5.099849 |      6 | 0.943218 | 0.600000 | 0.720000 | 0.686667 | 0.670000 |   0.534402 |      242 |      216 |       26 |   5.099335 |      6 | 0.945509 | 1.379799
2314 | 693900.0 | 694200.0 | 0.004286 | 0.015593 |   5.099335 |      6 | 0.945509 | 0.600000 | 0.693333 | 0.620000 | 0.710000 |  -2.885956 |      241 |      208 |       33 |   5.098934 |      6 | 0.933139 | 1.693031
2315 | 694200.0 | 694500.0 | 0.004285 | 0.015592 |   5.098934 |      6 | 0.933139 | 0.600000 | 0.723333 | 0.693333 | 0.726667 |  -1.068940 |      245 |      217 |       28 |   5.098406 |      6 | 0.928559 | 1.809017
2316 | 694500.0 | 694800.0 | 0.004284 | 0.015591 |   5.098406 |      6 | 0.928559 | 0.600000 | 0.686667 | 0.680000 | 0.656667 |   0.748306 |      241 |      206 |       35 |   5.098035 |      6 | 0.931764 | 1.727846
2317 | 694800.0 | 695100.0 | 0.004283 | 0.015590 |   5.098035 |      6 | 0.931764 | 0.600000 | 0.700000 | 0.673333 | 0.673333 |   0.000000 |      242 |      210 |       32 |   5.097606 |      6 | 0.931764 | 1.727846
2318 | 695100.0 | 695400.0 | 0.004281 | 0.015589 |   5.097606 |      6 | 0.931764 | 0.600000 | 0.693333 | 0.630000 | 0.676667 |  -1.496801 |      241 |      208 |       34 |   5.097207 |      6 | 0.925356 | 1.890115
2319 | 695400.0 | 695700.0 | 0.004280 | 0.015588 |   5.097207 |      6 | 0.925356 | 0.600000 | 0.636667 | 0.700000 | 0.686667 |   0.427684 |      236 |      191 |       44 |   5.097050 |      6 | 0.927186 | 1.843763
2320 | 695700.0 | 696000.0 | 0.004279 | 0.015587 |   5.097050 |      6 | 0.927186 | 0.600000 | 0.656667 | 0.696667 | 0.656667 |   1.283135 |      239 |      197 |       42 |   5.096807 |      6 | 0.932677 | 1.704738
2321 | 696000.0 | 696300.0 | 0.004278 | 0.015586 |   5.096807 |      6 | 0.932677 | 0.600000 | 0.676667 | 0.666667 | 0.653333 |   0.427739 |      240 |      203 |       37 |   5.096479 |      6 | 0.934507 | 1.658406
2322 | 696300.0 | 696600.0 | 0.004276 | 0.015585 |   5.096479 |      6 | 0.934507 | 0.600000 | 0.703333 | 0.686667 | 0.680000 |   0.213883 |      243 |      211 |       32 |   5.096038 |      6 | 0.935421 | 1.635246
2323 | 696600.0 | 696900.0 | 0.004275 | 0.015584 |   5.096038 |      6 | 0.935421 | 0.600000 | 0.720000 | 0.670000 | 0.590000 |   2.566756 |      243 |      216 |       27 |   5.095525 |      6 | 0.946395 | 1.357383
2324 | 696900.0 | 697200.0 | 0.004274 | 0.015583 |   5.095525 |      6 | 0.946395 | 0.600000 | 0.673333 | 0.653333 | 0.656667 |  -0.106955 |      239 |      202 |       37 |   5.095211 |      6 | 0.945937 | 1.368958
2325 | 697200.0 | 697500.0 | 0.004273 | 0.015582 |   5.095211 |      6 | 0.945937 | 0.600000 | 0.686667 | 0.643333 | 0.653333 |  -0.320885 |      240 |      206 |       34 |   5.094841 |      6 | 0.944566 | 1.403675
2326 | 697500.0 | 697800.0 | 0.004271 | 0.015581 |   5.094841 |      6 | 0.944566 | 0.600000 | 0.680000 | 0.666667 | 0.673333 |  -0.213937 |      239 |      204 |       35 |   5.094499 |      6 | 0.943653 | 1.426815
2327 | 697800.0 | 698100.0 | 0.004270 | 0.015580 |   5.094499 |      6 | 0.943653 | 0.600000 | 0.680000 | 0.646667 | 0.653333 |  -0.213950 |      240 |      204 |       36 |   5.094158 |      6 | 0.942739 | 1.449949
2328 | 698100.0 | 698400.0 | 0.004269 | 0.015579 |   5.094158 |      6 | 0.942739 | 0.600000 | 0.723333 | 0.676667 | 0.636667 |   1.283783 |      243 |      217 |       26 |   5.093631 |      6 | 0.948219 | 1.311174
2329 | 698400.0 | 698700.0 | 0.004268 | 0.015578 |   5.093631 |      6 | 0.948219 | 0.600000 | 0.696667 | 0.686667 | 0.696667 |  -0.320966 |      241 |      209 |       32 |   5.093218 |      6 | 0.946850 | 1.345860
2330 | 698700.0 | 699000.0 | 0.004267 | 0.015577 |   5.093218 |      6 | 0.946850 | 0.600000 | 0.706667 | 0.676667 | 0.703333 |  -0.855964 |      241 |      212 |       29 |   5.092763 |      6 | 0.943198 | 1.438335
2331 | 699000.0 | 699300.0 | 0.004265 | 0.015576 |   5.092763 |      6 | 0.943198 | 0.600000 | 0.703333 | 0.706667 | 0.683333 |   0.749015 |      243 |      211 |       32 |   5.092323 |      6 | 0.946392 | 1.357438
2332 | 699300.0 | 699600.0 | 0.004264 | 0.015575 |   5.092323 |      6 | 0.946392 | 0.600000 | 0.730000 | 0.686667 | 0.683333 |   0.107009 |      244 |      219 |       25 |   5.091768 |      6 | 0.946849 | 1.345883
2333 | 699600.0 | 699900.0 | 0.004263 | 0.015574 |   5.091768 |      6 | 0.946849 | 0.600000 | 0.680000 | 0.670000 | 0.630000 |   1.284188 |      240 |      204 |       36 |   5.091427 |      6 | 0.952323 | 1.207265
2334 | 699900.0 | 700200.0 | 0.004262 | 0.015573 |   5.091427 |      6 | 0.952323 | 0.600000 | 0.680000 | 0.683333 | 0.680000 |   0.107022 |      238 |      204 |       34 |   5.091086 |      6 | 0.952779 | 1.195716
2335 | 700200.0 | 700500.0 | 0.004260 | 0.015572 |   5.091086 |      6 | 0.952779 | 0.600000 | 0.726667 | 0.646667 | 0.696667 |  -1.605437 |      244 |      218 |       26 |   5.090547 |      6 | 0.945939 | 1.368911
2336 | 700500.0 | 700800.0 | 0.004259 | 0.015571 |   5.090547 |      6 | 0.945939 | 0.600000 | 0.693333 | 0.703333 | 0.613333 |   2.889968 |      241 |      208 |       33 |   5.090149 |      6 | 0.958248 | 1.057229
2337 | 700800.0 | 701100.0 | 0.004258 | 0.015570 |   5.090149 |      6 | 0.958248 | 0.600000 | 0.683333 | 0.566667 | 0.686667 |  -3.853533 |      237 |      205 |       32 |   5.089794 |      6 | 0.941840 | 1.472712
2338 | 701100.0 | 701400.0 | 0.004257 | 0.015569 |   5.089794 |      6 | 0.941840 | 0.600000 | 0.663333 | 0.670000 | 0.690000 |  -0.642296 |      237 |      199 |       38 |   5.089525 |      6 | 0.939106 | 1.541944
2339 | 701400.0 | 701700.0 | 0.004256 | 0.015568 |   5.089525 |      6 | 0.939106 | 0.600000 | 0.676667 | 0.693333 | 0.633333 |   1.927009 |      240 |      203 |       37 |   5.089198 |      6 | 0.947306 | 1.334295
2340 | 701700.0 | 702000.0 | 0.004254 | 0.015567 |   5.089198 |      6 | 0.947306 | 0.600000 | 0.743333 | 0.700000 | 0.626667 |   2.355381 |      246 |      223 |       23 |   5.088589 |      6 | 0.957327 | 1.080560
2341 | 702000.0 | 702300.0 | 0.004253 | 0.015566 |   5.088589 |      6 | 0.957327 | 0.600000 | 0.710000 | 0.580000 | 0.696667 |  -3.747432 |      240 |      213 |       27 |   5.088121 |      6 | 0.941389 | 1.484140
2342 | 702300.0 | 702600.0 | 0.004252 | 0.015565 |   5.088121 |      6 | 0.941389 | 0.600000 | 0.726667 | 0.626667 | 0.666667 |  -1.284914 |      244 |      218 |       26 |   5.087582 |      6 | 0.935925 | 1.622479
2343 | 702600.0 | 702900.0 | 0.004251 | 0.015564 |   5.087582 |      6 | 0.935925 | 0.600000 | 0.626667 | 0.690000 | 0.670000 |   0.642497 |      235 |      188 |       47 |   5.087469 |      6 | 0.938656 | 1.553325
2344 | 702900.0 | 703200.0 | 0.004249 | 0.015563 |   5.087469 |      6 | 0.938656 | 0.600000 | 0.706667 | 0.710000 | 0.700000 |   0.321269 |      243 |      212 |       31 |   5.087016 |      6 | 0.940022 | 1.518755
2345 | 703200.0 | 703500.0 | 0.004248 | 0.015562 |   5.087016 |      6 | 0.940022 | 0.600000 | 0.746667 | 0.653333 | 0.670000 |  -0.535482 |      246 |      224 |       22 |   5.086393 |      6 | 0.937747 | 1.576358
2346 | 703500.0 | 703800.0 | 0.004247 | 0.015561 |   5.086393 |      6 | 0.937747 | 0.600000 | 0.643333 | 0.676667 | 0.690000 |  -0.428412 |      236 |      193 |       43 |   5.086209 |      6 | 0.935927 | 1.622430
2347 | 703800.0 | 704100.0 | 0.004246 | 0.015560 |   5.086209 |      6 | 0.935927 | 0.600000 | 0.666667 | 0.710000 | 0.666667 |   1.392427 |      239 |      200 |       40 |   5.085925 |      6 | 0.941839 | 1.472730
2348 | 704100.0 | 704400.0 | 0.004245 | 0.015559 |   5.085925 |      6 | 0.941839 | 0.600000 | 0.653333 | 0.673333 | 0.676667 |  -0.107116 |      238 |      196 |       41 |   5.085699 |      6 | 0.941385 | 1.484243
2349 | 704400.0 | 704700.0 | 0.004243 | 0.015558 |   5.085699 |      6 | 0.941385 | 0.600000 | 0.653333 | 0.680000 | 0.673333 |   0.214246 |      238 |      196 |       42 |   5.085473 |      6 | 0.942294 | 1.461222
2350 | 704700.0 | 705000.0 | 0.004242 | 0.015557 |   5.085473 |      6 | 0.942294 | 0.600000 | 0.680000 | 0.656667 | 0.680000 |  -0.749909 |      239 |      204 |       35 |   5.085133 |      6 | 0.939113 | 1.541776
2351 | 705000.0 | 705300.0 | 0.004241 | 0.015556 |   5.085133 |      6 | 0.939113 | 0.600000 | 0.726667 | 0.673333 | 0.663333 |   0.321410 |      245 |      218 |       27 |   5.084596 |      6 | 0.940476 | 1.507261
2352 | 705300.0 | 705600.0 | 0.004240 | 0.015556 |   5.084596 |      6 | 0.940476 | 0.600000 | 0.650000 | 0.646667 | 0.653333 |  -0.214286 |      237 |      195 |       42 |   5.084384 |      6 | 0.939567 | 1.530266
2353 | 705600.0 | 705900.0 | 0.004238 | 0.015555 |   5.084384 |      6 | 0.939567 | 0.600000 | 0.720000 | 0.666667 | 0.683333 |  -0.535750 |      243 |      216 |       27 |   5.083876 |      6 | 0.937296 | 1.587766
2354 | 705900.0 | 706200.0 | 0.004237 | 0.015554 |   5.083876 |      6 | 0.937296 | 0.600000 | 0.726667 | 0.696667 | 0.666667 |   0.964409 |      245 |      218 |       27 |   5.083339 |      6 | 0.941383 | 1.484289
2355 | 706200.0 | 706500.0 | 0.004236 | 0.015553 |   5.083339 |      6 | 0.941383 | 0.600000 | 0.700000 | 0.666667 | 0.720000 |  -1.714613 |      242 |      210 |       32 |   5.082915 |      6 | 0.934120 | 1.668206
2356 | 706500.0 | 706800.0 | 0.004235 | 0.015552 |   5.082915 |      6 | 0.934120 | 0.600000 | 0.660000 | 0.730000 | 0.663333 |   2.143399 |      238 |      198 |       40 |   5.082661 |      6 | 0.943197 | 1.438361
2357 | 706800.0 | 707100.0 | 0.004234 | 0.015551 |   5.082661 |      6 | 0.943197 | 0.600000 | 0.690000 | 0.660000 | 0.660000 |   0.000000 |      240 |      207 |       33 |   5.082280 |      6 | 0.943197 | 1.438361
2358 | 707100.0 | 707400.0 | 0.004232 | 0.015550 |   5.082280 |      6 | 0.943197 | 0.600000 | 0.673333 | 0.643333 | 0.673333 |  -0.964650 |      239 |      202 |       37 |   5.081970 |      6 | 0.939114 | 1.541745
2359 | 707400.0 | 707700.0 | 0.004231 | 0.015549 |   5.081970 |      6 | 0.939114 | 0.600000 | 0.666667 | 0.720000 | 0.653333 |   2.143800 |      239 |      200 |       39 |   5.081688 |      6 | 0.948185 | 1.312053
2360 | 707700.0 | 708000.0 | 0.004230 | 0.015548 |   5.081688 |      6 | 0.948185 | 0.600000 | 0.700000 | 0.680000 | 0.656667 |   0.750377 |      241 |      210 |       31 |   5.081265 |      6 | 0.951359 | 1.231678
2361 | 708000.0 | 708300.0 | 0.004229 | 0.015547 |   5.081265 |      6 | 0.951359 | 0.600000 | 0.680000 | 0.663333 | 0.686667 |  -0.750423 |      237 |      204 |       34 |   5.080926 |      6 | 0.948185 | 1.312035
2362 | 708300.0 | 708600.0 | 0.004228 | 0.015546 |   5.080926 |      6 | 0.948185 | 0.600000 | 0.676667 | 0.693333 | 0.660000 |   1.072100 |      240 |      203 |       36 |   5.080602 |      6 | 0.952718 | 1.197265
2363 | 708600.0 | 708900.0 | 0.004226 | 0.015545 |   5.080602 |      6 | 0.952718 | 0.600000 | 0.646667 | 0.610000 | 0.660000 |  -1.608250 |      235 |      194 |       41 |   5.080405 |      6 | 0.945921 | 1.369382
2364 | 708900.0 | 709200.0 | 0.004225 | 0.015544 |   5.080405 |      6 | 0.945921 | 0.600000 | 0.723333 | 0.673333 | 0.663333 |   0.321670 |      244 |      217 |       27 |   5.079884 |      6 | 0.947280 | 1.334966
2365 | 709200.0 | 709500.0 | 0.004224 | 0.015543 |   5.079884 |      6 | 0.947280 | 0.600000 | 0.696667 | 0.653333 | 0.663333 |  -0.321690 |      239 |      209 |       30 |   5.079476 |      6 | 0.945921 | 1.369374
2366 | 709500.0 | 709800.0 | 0.004223 | 0.015542 |   5.079476 |      6 | 0.945921 | 0.600000 | 0.673333 | 0.720000 | 0.700000 |   0.643420 |      240 |      202 |       38 |   5.079166 |      6 | 0.948638 | 1.300573
2367 | 709800.0 | 710100.0 | 0.004222 | 0.015541 |   5.079166 |      6 | 0.948638 | 0.600000 | 0.723333 | 0.723333 | 0.663333 |   1.930380 |      243 |      217 |       26 |   5.078645 |      6 | 0.956787 | 1.094217
2368 | 710100.0 | 710400.0 | 0.004220 | 0.015540 |   5.078645 |      6 | 0.956787 | 0.600000 | 0.690000 | 0.610000 | 0.716667 |  -3.431999 |      238 |      207 |       31 |   5.078265 |      6 | 0.942303 | 1.460991
2369 | 710400.0 | 710700.0 | 0.004219 | 0.015539 |   5.078265 |      6 | 0.942303 | 0.600000 | 0.713333 | 0.656667 | 0.680000 |  -0.750796 |      242 |      214 |       29 |   5.077787 |      6 | 0.939135 | 1.541205
2370 | 710700.0 | 711000.0 | 0.004218 | 0.015538 |   5.077787 |      6 | 0.939135 | 0.600000 | 0.646667 | 0.700000 | 0.690000 |   0.321790 |      238 |      194 |       43 |   5.077590 |      6 | 0.940492 | 1.506836
2371 | 711000.0 | 711300.0 | 0.004217 | 0.015537 |   5.077590 |      6 | 0.940492 | 0.600000 | 0.713333 | 0.673333 | 0.680000 |  -0.214540 |      243 |      214 |       30 |   5.077113 |      6 | 0.939588 | 1.529744
2372 | 711300.0 | 711600.0 | 0.004216 | 0.015536 |   5.077113 |      6 | 0.939588 | 0.600000 | 0.666667 | 0.676667 | 0.663333 |   0.429106 |      239 |      200 |       38 |   5.076831 |      6 | 0.941397 | 1.483938
2373 | 711600.0 | 711900.0 | 0.004214 | 0.015535 |   5.076831 |      6 | 0.941397 | 0.600000 | 0.696667 | 0.676667 | 0.670000 |   0.214566 |      241 |      209 |       32 |   5.076424 |      6 | 0.942301 | 1.461039
2374 | 711900.0 | 712200.0 | 0.004213 | 0.015534 |   5.076424 |      6 | 0.942301 | 0.600000 | 0.733333 | 0.706667 | 0.696667 |   0.321870 |      245 |      220 |       25 |   5.075862 |      6 | 0.943657 | 1.426700
2375 | 712200.0 | 712500.0 | 0.004212 | 0.015533 |   5.075862 |      6 | 0.943657 | 0.600000 | 0.666667 | 0.683333 | 0.663333 |   0.643779 |      239 |      200 |       39 |   5.075581 |      6 | 0.946369 | 1.358036
2376 | 712500.0 | 712800.0 | 0.004211 | 0.015532 |   5.075581 |      6 | 0.946369 | 0.600000 | 0.716667 | 0.680000 | 0.656667 |   0.751122 |      242 |      215 |       28 |   5.075090 |      6 | 0.949532 | 1.277946
2377 | 712800.0 | 713100.0 | 0.004210 | 0.015531 |   5.075090 |      6 | 0.949532 | 0.600000 | 0.750000 | 0.680000 | 0.720000 |  -1.287717 |      245 |      225 |       19 |   5.074459 |      6 | 0.944111 | 1.415213
2378 | 713100.0 | 713400.0 | 0.004209 | 0.015530 |   5.074459 |      6 | 0.944111 | 0.600000 | 0.680000 | 0.640000 | 0.690000 |  -1.609746 |      240 |      204 |       36 |   5.074122 |      6 | 0.937336 | 1.586759
2379 | 713400.0 | 713700.0 | 0.004207 | 0.015529 |   5.074122 |      6 | 0.937336 | 0.600000 | 0.703333 | 0.710000 | 0.683333 |   0.858584 |      243 |      211 |       32 |   5.073687 |      6 | 0.940948 | 1.495288
2380 | 713700.0 | 714000.0 | 0.004206 | 0.015528 |   5.073687 |      6 | 0.940948 | 0.600000 | 0.690000 | 0.696667 | 0.690000 |   0.214659 |      241 |      207 |       34 |   5.073309 |      6 | 0.941851 | 1.472425
2381 | 714000.0 | 714300.0 | 0.004205 | 0.015528 |   5.073309 |      6 | 0.941851 | 0.600000 | 0.693333 | 0.690000 | 0.680000 |   0.322009 |      242 |      208 |       34 |   5.072916 |      6 | 0.943205 | 1.438139
2382 | 714300.0 | 714600.0 | 0.004204 | 0.015527 |   5.072916 |      6 | 0.943205 | 0.600000 | 0.730000 | 0.670000 | 0.676667 |  -0.214686 |      245 |      219 |       26 |   5.072370 |      6 | 0.942303 | 1.460991
2383 | 714600.0 | 714900.0 | 0.004203 | 0.015526 |   5.072370 |      6 | 0.942303 | 0.600000 | 0.713333 | 0.693333 | 0.653333 |   1.288194 |      242 |      214 |       28 |   5.071894 |      6 | 0.947717 | 1.323906
2384 | 714900.0 | 715200.0 | 0.004201 | 0.015525 |   5.071894 |      6 | 0.947717 | 0.600000 | 0.666667 | 0.620000 | 0.713333 |  -3.005972 |      237 |      200 |       38 |   5.071613 |      6 | 0.935087 | 1.643701
2385 | 715200.0 | 715500.0 | 0.004200 | 0.015524 |   5.071613 |      6 | 0.935087 | 0.600000 | 0.690000 | 0.703333 | 0.630000 |   2.361980 |      242 |      207 |       34 |   5.071235 |      6 | 0.945008 | 1.392489
2386 | 715500.0 | 715800.0 | 0.004199 | 0.015523 |   5.071235 |      6 | 0.945008 | 0.600000 | 0.700000 | 0.653333 | 0.680000 |  -0.858955 |      241 |      210 |       31 |   5.070816 |      6 | 0.941401 | 1.483819
2387 | 715800.0 | 716100.0 | 0.004198 | 0.015522 |   5.070816 |      6 | 0.941401 | 0.600000 | 0.676667 | 0.696667 | 0.706667 |  -0.322128 |      239 |      203 |       36 |   5.070494 |      6 | 0.940049 | 1.518060
2388 | 716100.0 | 716400.0 | 0.004197 | 0.015521 |   5.070494 |      6 | 0.940049 | 0.600000 | 0.706667 | 0.686667 | 0.746667 |  -1.932886 |      242 |      212 |       30 |   5.070046 |      6 | 0.931937 | 1.723462
2389 | 716400.0 | 716700.0 | 0.004195 | 0.015520 |   5.070046 |      6 | 0.931937 | 0.600000 | 0.693333 | 0.640000 | 0.630000 |   0.322168 |      242 |      208 |       34 |   5.069654 |      6 | 0.933289 | 1.689236
2390 | 716700.0 | 717000.0 | 0.004194 | 0.015519 |   5.069654 |      6 | 0.933289 | 0.600000 | 0.663333 | 0.690000 | 0.693333 |  -0.107396 |      239 |      199 |       40 |   5.069389 |      6 | 0.932839 | 1.700642
2391 | 717000.0 | 717300.0 | 0.004193 | 0.015518 |   5.069389 |      6 | 0.932839 | 0.600000 | 0.663333 | 0.656667 | 0.650000 |   0.214805 |      239 |      199 |       40 |   5.069123 |      6 | 0.933739 | 1.677835
2392 | 717300.0 | 717600.0 | 0.004192 | 0.015517 |   5.069123 |      6 | 0.933739 | 0.600000 | 0.696667 | 0.686667 | 0.720000 |  -1.074090 |      241 |      209 |       32 |   5.068718 |      6 | 0.929237 | 1.791846
2393 | 717600.0 | 717900.0 | 0.004191 | 0.015516 |   5.068718 |      6 | 0.929237 | 0.600000 | 0.690000 | 0.676667 | 0.683333 |  -0.214831 |      242 |      207 |       35 |   5.068341 |      6 | 0.928336 | 1.814644
2394 | 717900.0 | 718200.0 | 0.004190 | 0.015515 |   5.068341 |      6 | 0.928336 | 0.600000 | 0.646667 | 0.690000 | 0.656667 |   1.074222 |      237 |      194 |       43 |   5.068145 |      6 | 0.932837 | 1.700682
2395 | 718200.0 | 718500.0 | 0.004188 | 0.015514 |   5.068145 |      6 | 0.932837 | 0.600000 | 0.740000 | 0.653333 | 0.683333 |  -0.966859 |      246 |      222 |       24 |   5.067559 |      6 | 0.928787 | 1.803225
2396 | 718500.0 | 718800.0 | 0.004187 | 0.015513 |   5.067559 |      6 | 0.928787 | 0.600000 | 0.673333 | 0.660000 | 0.656667 |   0.107435 |      239 |      202 |       37 |   5.067252 |      6 | 0.929237 | 1.791834
2397 | 718800.0 | 719100.0 | 0.004186 | 0.015512 |   5.067252 |      6 | 0.929237 | 0.600000 | 0.646667 | 0.650000 | 0.670000 |  -0.644652 |      237 |      194 |       43 |   5.067057 |      6 | 0.926539 | 1.860166
2398 | 719100.0 | 719400.0 | 0.004185 | 0.015511 |   5.067057 |      6 | 0.926539 | 0.600000 | 0.660000 | 0.693333 | 0.646667 |   1.504279 |      239 |      198 |       41 |   5.066805 |      6 | 0.932834 | 1.700759
2399 | 719400.0 | 719700.0 | 0.004184 | 0.015510 |   5.066805 |      6 | 0.932834 | 0.600000 | 0.726667 | 0.613333 | 0.660000 |  -1.504372 |      245 |      218 |       27 |   5.066276 |      6 | 0.926540 | 1.860131
2400 | 719700.0 | 720000.0 | 0.004183 | 0.015509 |   5.066276 |      6 | 0.926540 | 0.600000 | 0.706667 | 0.700000 | 0.636667 |   2.041772 |      243 |      212 |       31 |   5.065829 |      6 | 0.935080 | 1.643888
2401 | 720000.0 | 720300.0 | 0.004181 | 0.015508 |   5.065829 |      6 | 0.935080 | 0.600000 | 0.736667 | 0.693333 | 0.660000 |   1.074683 |      246 |      221 |       25 |   5.065258 |      6 | 0.939574 | 1.530101
2402 | 720300.0 | 720600.0 | 0.004180 | 0.015508 |   5.065258 |      6 | 0.939574 | 0.600000 | 0.700000 | 0.690000 | 0.696667 |  -0.214950 |      241 |      210 |       31 |   5.064840 |      6 | 0.938675 | 1.552853
2403 | 720600.0 | 720900.0 | 0.004179 | 0.015507 |   5.064840 |      6 | 0.938675 | 0.600000 | 0.673333 | 0.646667 | 0.690000 |  -1.397258 |      240 |      202 |       38 |   5.064533 |      6 | 0.932836 | 1.700712
2404 | 720900.0 | 721200.0 | 0.004178 | 0.015506 |   5.064533 |      6 | 0.932836 | 0.600000 | 0.693333 | 0.726667 | 0.663333 |   2.042272 |      242 |      208 |       34 |   5.064144 |      6 | 0.941368 | 1.484658
2405 | 721200.0 | 721500.0 | 0.004177 | 0.015505 |   5.064144 |      6 | 0.941368 | 0.600000 | 0.693333 | 0.683333 | 0.650000 |   1.074946 |      241 |      208 |       33 |   5.063754 |      6 | 0.945858 | 1.370970
2406 | 721500.0 | 721800.0 | 0.004176 | 0.015504 |   5.063754 |      6 | 0.945858 | 0.600000 | 0.720000 | 0.703333 | 0.683333 |   0.645007 |      243 |      216 |       27 |   5.063253 |      6 | 0.948551 | 1.302772
2407 | 721800.0 | 722100.0 | 0.004174 | 0.015503 |   5.063253 |      6 | 0.948551 | 0.600000 | 0.666667 | 0.633333 | 0.626667 |   0.215015 |      237 |      200 |       37 |   5.062974 |      6 | 0.949449 | 1.280044
2408 | 722100.0 | 722400.0 | 0.004173 | 0.015502 |   5.062974 |      6 | 0.949449 | 0.600000 | 0.700000 | 0.663333 | 0.630000 |   1.075142 |      240 |      210 |       30 |   5.062557 |      6 | 0.953936 | 1.166431
2409 | 722400.0 | 722700.0 | 0.004172 | 0.015501 |   5.062557 |      6 | 0.953936 | 0.600000 | 0.690000 | 0.590000 | 0.693333 |  -3.333145 |      239 |      207 |       32 |   5.062182 |      6 | 0.940030 | 1.518556
2410 | 722700.0 | 723000.0 | 0.004171 | 0.015500 |   5.062182 |      6 | 0.940030 | 0.600000 | 0.730000 | 0.693333 | 0.663333 |   0.967746 |      245 |      219 |       26 |   5.061639 |      6 | 0.944066 | 1.416348
2411 | 723000.0 | 723300.0 | 0.004170 | 0.015499 |   5.061639 |      6 | 0.944066 | 0.600000 | 0.710000 | 0.683333 | 0.630000 |   1.720543 |      242 |      213 |       29 |   5.061181 |      6 | 0.951240 | 1.234686
2412 | 723300.0 | 723600.0 | 0.004169 | 0.015498 |   5.061181 |      6 | 0.951240 | 0.600000 | 0.693333 | 0.670000 | 0.676667 |  -0.215081 |      240 |      208 |       32 |   5.060792 |      6 | 0.950343 | 1.257389
2413 | 723600.0 | 723900.0 | 0.004167 | 0.015497 |   5.060792 |      6 | 0.950343 | 0.600000 | 0.730000 | 0.683333 | 0.736667 |  -1.720752 |      245 |      219 |       26 |   5.060250 |      6 | 0.943172 | 1.438972
2414 | 723900.0 | 724200.0 | 0.004166 | 0.015496 |   5.060250 |      6 | 0.943172 | 0.600000 | 0.683333 | 0.660000 | 0.613333 |   1.505750 |      239 |      205 |       34 |   5.059903 |      6 | 0.949446 | 1.280121
2415 | 724200.0 | 724500.0 | 0.004165 | 0.015495 |   5.059903 |      6 | 0.949446 | 0.600000 | 0.680000 | 0.656667 | 0.716667 |  -1.936082 |      239 |      204 |       35 |   5.059569 |      6 | 0.941382 | 1.484314
2416 | 724500.0 | 724800.0 | 0.004164 | 0.015494 |   5.059569 |      6 | 0.941382 | 0.600000 | 0.693333 | 0.643333 | 0.696667 |  -1.721067 |      243 |      208 |       35 |   5.059181 |      6 | 0.934215 | 1.665779
2417 | 724800.0 | 725100.0 | 0.004163 | 0.015493 |   5.059181 |      6 | 0.934215 | 0.600000 | 0.686667 | 0.706667 | 0.650000 |   1.828745 |      240 |      206 |       35 |   5.058820 |      6 | 0.941828 | 1.473014
2418 | 725100.0 | 725400.0 | 0.004162 | 0.015492 |   5.058820 |      6 | 0.941828 | 0.600000 | 0.693333 | 0.636667 | 0.656667 |  -0.645478 |      241 |      208 |       33 |   5.058432 |      6 | 0.939142 | 1.541034
2419 | 725400.0 | 725700.0 | 0.004160 | 0.015491 |   5.058432 |      6 | 0.939142 | 0.600000 | 0.683333 | 0.673333 | 0.643333 |   0.968277 |      239 |      205 |       33 |   5.058085 |      6 | 0.943170 | 1.439026
2420 | 725700.0 | 726000.0 | 0.004159 | 0.015491 |   5.058085 |      6 | 0.943170 | 0.600000 | 0.716667 | 0.640000 | 0.700000 |  -1.936671 |      244 |      215 |       29 |   5.057600 |      6 | 0.935115 | 1.642997
2421 | 726000.0 | 726300.0 | 0.004158 | 0.015490 |   5.057600 |      6 | 0.935115 | 0.600000 | 0.650000 | 0.700000 | 0.723333 |  -0.753195 |      237 |      195 |       42 |   5.057392 |      6 | 0.931983 | 1.722302
2422 | 726300.0 | 726600.0 | 0.004157 | 0.015489 |   5.057392 |      6 | 0.931983 | 0.600000 | 0.713333 | 0.730000 | 0.643333 |   2.797753 |      244 |      214 |       30 |   5.056921 |      6 | 0.943613 | 1.427805
2423 | 726600.0 | 726900.0 | 0.004156 | 0.015488 |   5.056921 |      6 | 0.943613 | 0.600000 | 0.673333 | 0.670000 | 0.673333 |  -0.107612 |      238 |      202 |       36 |   5.056616 |      6 | 0.943166 | 1.439130
2424 | 726900.0 | 727200.0 | 0.004155 | 0.015487 |   5.056616 |      6 | 0.943166 | 0.600000 | 0.706667 | 0.683333 | 0.700000 |  -0.538095 |      243 |      212 |       32 |   5.056173 |      6 | 0.940931 | 1.495739
2425 | 727200.0 | 727500.0 | 0.004154 | 0.015486 |   5.056173 |      6 | 0.940931 | 0.600000 | 0.706667 | 0.686667 | 0.696667 |  -0.322876 |      242 |      212 |       29 |   5.055730 |      6 | 0.939590 | 1.529697
2426 | 727500.0 | 727800.0 | 0.004152 | 0.015485 |   5.055730 |      6 | 0.939590 | 0.600000 | 0.703333 | 0.726667 | 0.663333 |   2.045008 |      242 |      211 |       32 |   5.055301 |      6 | 0.948081 | 1.314675
2427 | 727800.0 | 728100.0 | 0.004151 | 0.015484 |   5.055301 |      6 | 0.948081 | 0.600000 | 0.683333 | 0.643333 | 0.656667 |  -0.430554 |      240 |      205 |       34 |   5.054955 |      6 | 0.946294 | 1.359933
2428 | 728100.0 | 728400.0 | 0.004150 | 0.015483 |   5.054955 |      6 | 0.946294 | 0.600000 | 0.723333 | 0.673333 | 0.670000 |   0.107645 |      243 |      217 |       26 |   5.054443 |      6 | 0.946741 | 1.348621
2429 | 728400.0 | 728700.0 | 0.004149 | 0.015482 |   5.054443 |      6 | 0.946741 | 0.600000 | 0.703333 | 0.683333 | 0.666667 |   0.538258 |      242 |      211 |       31 |   5.054014 |      6 | 0.948974 | 1.292072
2430 | 728700.0 | 729000.0 | 0.004148 | 0.015481 |   5.054014 |      6 | 0.948974 | 0.600000 | 0.686667 | 0.670000 | 0.663333 |   0.215316 |      239 |      206 |       33 |   5.053655 |      6 | 0.949867 | 1.269458
2431 | 729000.0 | 729300.0 | 0.004147 | 0.015480 |   5.053655 |      6 | 0.949867 | 0.600000 | 0.710000 | 0.676667 | 0.643333 |   1.076646 |      242 |      213 |       29 |   5.053198 |      6 | 0.954331 | 1.156410
2432 | 729300.0 | 729600.0 | 0.004145 | 0.015479 |   5.053198 |      6 | 0.954331 | 0.600000 | 0.690000 | 0.623333 | 0.696667 |  -2.368763 |      240 |      207 |       33 |   5.052825 |      6 | 0.944512 | 1.405061
2433 | 729600.0 | 729900.0 | 0.004144 | 0.015478 |   5.052825 |      6 | 0.944512 | 0.600000 | 0.713333 | 0.676667 | 0.656667 |   0.646065 |      244 |      214 |       30 |   5.052356 |      6 | 0.947189 | 1.337262
2434 | 729900.0 | 730200.0 | 0.004143 | 0.015477 |   5.052356 |      6 | 0.947189 | 0.600000 | 0.693333 | 0.643333 | 0.683333 |  -1.292209 |      240 |      208 |       32 |   5.051969 |      6 | 0.941835 | 1.472831
2435 | 730200.0 | 730500.0 | 0.004142 | 0.015476 |   5.051969 |      6 | 0.941835 | 0.600000 | 0.696667 | 0.693333 | 0.666667 |   0.861525 |      241 |      209 |       32 |   5.051569 |      6 | 0.945404 | 1.382471
2436 | 730500.0 | 730800.0 | 0.004141 | 0.015476 |   5.051569 |      6 | 0.945404 | 0.600000 | 0.713333 | 0.666667 | 0.640000 |   0.861577 |      244 |      214 |       30 |   5.051099 |      6 | 0.948971 | 1.292131
2437 | 730800.0 | 731100.0 | 0.004140 | 0.015475 |   5.051099 |      6 | 0.948971 | 0.600000 | 0.700000 | 0.636667 | 0.666667 |  -0.969332 |      240 |      210 |       30 |   5.050685 |      6 | 0.944959 | 1.393742
2438 | 731100.0 | 731400.0 | 0.004139 | 0.015474 |   5.050685 |      6 | 0.944959 | 0.600000 | 0.750000 | 0.683333 | 0.710000 |  -0.861681 |      247 |      225 |       22 |   5.050064 |      6 | 0.941392 | 1.484044
2439 | 731400.0 | 731700.0 | 0.004137 | 0.015473 |   5.050064 |      6 | 0.941392 | 0.600000 | 0.673333 | 0.650000 | 0.646667 |   0.107717 |      239 |      202 |       37 |   5.049761 |      6 | 0.941838 | 1.472758
2440 | 731700.0 | 732000.0 | 0.004136 | 0.015472 |   5.049761 |      6 | 0.941838 | 0.600000 | 0.703333 | 0.686667 | 0.666667 |   0.646338 |      242 |      211 |       31 |   5.049334 |      6 | 0.944512 | 1.405061
2441 | 732000.0 | 732300.0 | 0.004135 | 0.015471 |   5.049334 |      6 | 0.944512 | 0.600000 | 0.716667 | 0.666667 | 0.653333 |   0.430918 |      244 |      215 |       29 |   5.048851 |      6 | 0.946294 | 1.359940
2442 | 732300.0 | 732600.0 | 0.004134 | 0.015470 |   5.048851 |      6 | 0.946294 | 0.600000 | 0.683333 | 0.683333 | 0.670000 |   0.430944 |      239 |      205 |       34 |   5.048507 |      6 | 0.948075 | 1.314828
2443 | 732600.0 | 732900.0 | 0.004133 | 0.015469 |   5.048507 |      6 | 0.948075 | 0.600000 | 0.756667 | 0.686667 | 0.630000 |   1.831623 |      247 |      227 |       20 |   5.047859 |      6 | 0.955645 | 1.123143
2444 | 732900.0 | 733200.0 | 0.004132 | 0.015468 |   5.047859 |      6 | 0.955645 | 0.600000 | 0.686667 | 0.600000 | 0.683333 |  -2.693725 |      238 |      206 |       32 |   5.047501 |      6 | 0.944515 | 1.404972
2445 | 733200.0 | 733500.0 | 0.004131 | 0.015467 |   5.047501 |      6 | 0.944515 | 0.600000 | 0.673333 | 0.673333 | 0.716667 |  -1.400821 |      239 |      202 |       37 |   5.047198 |      6 | 0.938729 | 1.551491
2446 | 733500.0 | 733800.0 | 0.004130 | 0.015466 |   5.047198 |      6 | 0.938729 | 0.600000 | 0.680000 | 0.700000 | 0.683333 |   0.538810 |      239 |      204 |       35 |   5.046868 |      6 | 0.940954 | 1.495149
2447 | 733800.0 | 734100.0 | 0.004128 | 0.015465 |   5.046868 |      6 | 0.940954 | 0.600000 | 0.700000 | 0.663333 | 0.653333 |   0.323305 |      243 |      210 |       33 |   5.046455 |      6 | 0.942289 | 1.461352
2448 | 734100.0 | 734400.0 | 0.004127 | 0.015464 |   5.046455 |      6 | 0.942289 | 0.600000 | 0.636667 | 0.686667 | 0.670000 |   0.538874 |      236 |      191 |       45 |   5.046304 |      6 | 0.944513 | 1.405035
2449 | 734400.0 | 734700.0 | 0.004126 | 0.015463 |   5.046304 |      6 | 0.944513 | 0.600000 | 0.713333 | 0.656667 | 0.633333 |   0.754470 |      242 |      214 |       28 |   5.045836 |      6 | 0.947626 | 1.326207
2450 | 734700.0 | 735000.0 | 0.004125 | 0.015462 |   5.045836 |      6 | 0.947626 | 0.600000 | 0.736667 | 0.673333 | 0.700000 |  -0.862303 |      245 |      221 |       24 |   5.045272 |      6 | 0.944069 | 1.416276
2451 | 735000.0 | 735300.0 | 0.004124 | 0.015462 |   5.045272 |      6 | 0.944069 | 0.600000 | 0.720000 | 0.650000 | 0.696667 |  -1.509120 |      243 |      216 |       27 |   5.044777 |      6 | 0.937845 | 1.573863
2452 | 735300.0 | 735600.0 | 0.004123 | 0.015461 |   5.044777 |      6 | 0.937845 | 0.600000 | 0.713333 | 0.696667 | 0.653333 |   1.401410 |      243 |      214 |       30 |   5.044310 |      6 | 0.943623 | 1.427564
2453 | 735600.0 | 735900.0 | 0.004122 | 0.015460 |   5.044310 |      6 | 0.943623 | 0.600000 | 0.660000 | 0.696667 | 0.623333 |   2.371759 |      238 |      198 |       39 |   5.044063 |      6 | 0.953398 | 1.180034
2454 | 735900.0 | 736200.0 | 0.004120 | 0.015459 |   5.044063 |      6 | 0.953398 | 0.600000 | 0.673333 | 0.646667 | 0.720000 |  -2.371901 |      237 |      202 |       35 |   5.043761 |      6 | 0.943625 | 1.427511
2455 | 736200.0 | 736500.0 | 0.004119 | 0.015458 |   5.043761 |      6 | 0.943625 | 0.600000 | 0.680000 | 0.723333 | 0.706667 |   0.539101 |      239 |      204 |       35 |   5.043431 |      6 | 0.945846 | 1.371278
2456 | 736500.0 | 736800.0 | 0.004118 | 0.015457 |   5.043431 |      6 | 0.945846 | 0.600000 | 0.710000 | 0.656667 | 0.680000 |  -0.754786 |      243 |      213 |       30 |   5.042978 |      6 | 0.942737 | 1.449987
2457 | 736800.0 | 737100.0 | 0.004117 | 0.015456 |   5.042978 |      6 | 0.942737 | 0.600000 | 0.713333 | 0.676667 | 0.693333 |  -0.539165 |      243 |      214 |       29 |   5.042512 |      6 | 0.940518 | 1.506196
2458 | 737100.0 | 737400.0 | 0.004116 | 0.015455 |   5.042512 |      6 | 0.940518 | 0.600000 | 0.710000 | 0.646667 | 0.706667 |  -1.941111 |      243 |      213 |       30 |   5.042059 |      6 | 0.932528 | 1.708504
2459 | 737400.0 | 737700.0 | 0.004115 | 0.015454 |   5.042059 |      6 | 0.932528 | 0.600000 | 0.670000 | 0.663333 | 0.676667 |  -0.431384 |      239 |      201 |       38 |   5.041771 |      6 | 0.930753 | 1.753452
2460 | 737700.0 | 738000.0 | 0.004114 | 0.015453 |   5.041771 |      6 | 0.930753 | 0.600000 | 0.700000 | 0.706667 | 0.640000 |   2.157048 |      243 |      210 |       33 |   5.041359 |      6 | 0.939626 | 1.528761
2461 | 738000.0 | 738300.0 | 0.004113 | 0.015452 |   5.041359 |      6 | 0.939626 | 0.600000 | 0.676667 | 0.640000 | 0.636667 |   0.107859 |      239 |      203 |       36 |   5.041044 |      6 | 0.940070 | 1.517529
2462 | 738300.0 | 738600.0 | 0.004111 | 0.015451 |   5.041044 |      6 | 0.940070 | 0.600000 | 0.683333 | 0.713333 | 0.676667 |   1.186518 |      240 |      205 |       35 |   5.040702 |      6 | 0.944948 | 1.394002
2463 | 738600.0 | 738900.0 | 0.004110 | 0.015450 |   5.040702 |      6 | 0.944948 | 0.600000 | 0.700000 | 0.730000 | 0.633333 |   3.128280 |      242 |      210 |       32 |   5.040290 |      6 | 0.957807 | 1.068409
2464 | 738900.0 | 739200.0 | 0.004109 | 0.015450 |   5.040290 |      6 | 0.957807 | 0.600000 | 0.666667 | 0.543333 | 0.676667 |  -4.315126 |      236 |      200 |       36 |   5.040017 |      6 | 0.940075 | 1.517407
2465 | 739200.0 | 739500.0 | 0.004108 | 0.015449 |   5.040017 |      6 | 0.940075 | 0.600000 | 0.716667 | 0.676667 | 0.656667 |   0.647308 |      243 |      215 |       28 |   5.039537 |      6 | 0.942734 | 1.450071
2466 | 739500.0 | 739800.0 | 0.004107 | 0.015448 |   5.039537 |      6 | 0.942734 | 0.600000 | 0.696667 | 0.686667 | 0.700000 |  -0.431564 |      241 |      209 |       32 |   5.039140 |      6 | 0.940962 | 1.494952
2467 | 739800.0 | 740100.0 | 0.004106 | 0.015447 |   5.039140 |      6 | 0.940962 | 0.600000 | 0.666667 | 0.690000 | 0.663333 |   0.863180 |      238 |      200 |       38 |   5.038867 |      6 | 0.944506 | 1.405210
2468 | 740100.0 | 740400.0 | 0.004105 | 0.015446 |   5.038867 |      6 | 0.944506 | 0.600000 | 0.660000 | 0.693333 | 0.626667 |   2.158078 |      238 |      198 |       40 |   5.038620 |      6 | 0.953364 | 1.180902
2469 | 740400.0 | 740700.0 | 0.004104 | 0.015445 |   5.038620 |      6 | 0.953364 | 0.600000 | 0.706667 | 0.670000 | 0.666667 |   0.107910 |      241 |      212 |       29 |   5.038183 |      6 | 0.953807 | 1.169689
2470 | 740700.0 | 741000.0 | 0.004102 | 0.015444 |   5.038183 |      6 | 0.953807 | 0.600000 | 0.716667 | 0.620000 | 0.683333 |  -2.050418 |      242 |      215 |       27 |   5.037704 |      6 | 0.945395 | 1.382691
2471 | 741000.0 | 741300.0 | 0.004101 | 0.015443 |   5.037704 |      6 | 0.945395 | 0.600000 | 0.730000 | 0.666667 | 0.626667 |   1.295078 |      246 |      219 |       27 |   5.037171 |      6 | 0.950707 | 1.248192
2472 | 741300.0 | 741600.0 | 0.004100 | 0.015442 |   5.037171 |      6 | 0.950707 | 0.600000 | 0.726667 | 0.690000 | 0.676667 |   0.431718 |      241 |      218 |       24 |   5.036651 |      6 | 0.952477 | 1.203369
2473 | 741600.0 | 741900.0 | 0.004099 | 0.015441 |   5.036651 |      6 | 0.952477 | 0.600000 | 0.723333 | 0.683333 | 0.686667 |  -0.107936 |      243 |      217 |       25 |   5.036146 |      6 | 0.952034 | 1.214572
2474 | 741900.0 | 742200.0 | 0.004098 | 0.015440 |   5.036146 |      6 | 0.952034 | 0.600000 | 0.663333 | 0.636667 | 0.656667 |  -0.647655 |      238 |      199 |       39 |   5.035886 |      6 | 0.949380 | 1.281779
2475 | 742200.0 | 742500.0 | 0.004097 | 0.015439 |   5.035886 |      6 | 0.949380 | 0.600000 | 0.666667 | 0.676667 | 0.666667 |   0.323846 |      237 |      200 |       37 |   5.035613 |      6 | 0.950707 | 1.248183
2476 | 742500.0 | 742800.0 | 0.004096 | 0.015438 |   5.035613 |      6 | 0.950707 | 0.600000 | 0.693333 | 0.653333 | 0.686667 |  -1.079552 |      239 |      208 |       31 |   5.035231 |      6 | 0.946285 | 1.360146
2477 | 742800.0 | 743100.0 | 0.004095 | 0.015438 |   5.035231 |      6 | 0.946285 | 0.600000 | 0.706667 | 0.686667 | 0.690000 |  -0.107962 |      242 |      212 |       31 |   5.034794 |      6 | 0.945843 | 1.371340
2478 | 743100.0 | 743400.0 | 0.004094 | 0.015437 |   5.034794 |      6 | 0.945843 | 0.600000 | 0.650000 | 0.653333 | 0.663333 |  -0.323904 |      236 |      195 |       40 |   5.034589 |      6 | 0.944517 | 1.404914
2479 | 743400.0 | 743700.0 | 0.004092 | 0.015436 |   5.034589 |      6 | 0.944517 | 0.600000 | 0.693333 | 0.670000 | 0.706667 |  -1.187719 |      241 |      208 |       33 |   5.034207 |      6 | 0.939657 | 1.527995
2480 | 743700.0 | 744000.0 | 0.004091 | 0.015435 |   5.034207 |      6 | 0.939657 | 0.600000 | 0.680000 | 0.650000 | 0.653333 |  -0.107981 |      239 |      204 |       35 |   5.033880 |      6 | 0.939215 | 1.539182
2481 | 744000.0 | 744300.0 | 0.004090 | 0.015434 |   5.033880 |      6 | 0.939215 | 0.600000 | 0.750000 | 0.686667 | 0.656667 |   0.971885 |      247 |      225 |       22 |   5.033267 |      6 | 0.943190 | 1.438522
2482 | 744300.0 | 744600.0 | 0.004089 | 0.015433 |   5.033267 |      6 | 0.943190 | 0.600000 | 0.673333 | 0.680000 | 0.626667 |   1.727899 |      239 |      202 |       37 |   5.032967 |      6 | 0.950256 | 1.259609
2483 | 744600.0 | 744900.0 | 0.004088 | 0.015432 |   5.032967 |      6 | 0.950256 | 0.600000 | 0.723333 | 0.636667 | 0.690000 |  -1.728001 |      243 |      217 |       26 |   5.032463 |      6 | 0.943192 | 1.438484
2484 | 744900.0 | 745200.0 | 0.004087 | 0.015431 |   5.032463 |      6 | 0.943192 | 0.600000 | 0.720000 | 0.673333 | 0.680000 |  -0.216013 |      243 |      216 |       27 |   5.031972 |      6 | 0.942309 | 1.460839
2485 | 745200.0 | 745500.0 | 0.004086 | 0.015430 |   5.031972 |      6 | 0.942309 | 0.600000 | 0.683333 | 0.660000 | 0.690000 |  -0.972116 |      241 |      205 |       36 |   5.031632 |      6 | 0.938337 | 1.561414
2486 | 745500.0 | 745800.0 | 0.004085 | 0.015429 |   5.031632 |      6 | 0.938337 | 0.600000 | 0.676667 | 0.720000 | 0.660000 |   1.944346 |      240 |      203 |       37 |   5.031318 |      6 | 0.946279 | 1.360307
2487 | 745800.0 | 746100.0 | 0.004084 | 0.015428 |   5.031318 |      6 | 0.946279 | 0.600000 | 0.696667 | 0.663333 | 0.670000 |  -0.216051 |      241 |      209 |       32 |   5.030924 |      6 | 0.945397 | 1.382647
2488 | 746100.0 | 746400.0 | 0.004082 | 0.015428 |   5.030924 |      6 | 0.945397 | 0.600000 | 0.700000 | 0.713333 | 0.656667 |   1.836544 |      241 |      210 |       31 |   5.030515 |      6 | 0.952894 | 1.192793
2489 | 746400.0 | 746700.0 | 0.004081 | 0.015427 |   5.030515 |      6 | 0.952894 | 0.600000 | 0.713333 | 0.670000 | 0.710000 |  -1.296461 |      242 |      214 |       28 |   5.030053 |      6 | 0.947603 | 1.326780
2490 | 746700.0 | 747000.0 | 0.004080 | 0.015426 |   5.030053 |      6 | 0.947603 | 0.600000 | 0.690000 | 0.706667 | 0.680000 |   0.864358 |      241 |      207 |       34 |   5.029686 |      6 | 0.951130 | 1.237474
2491 | 747000.0 | 747300.0 | 0.004079 | 0.015425 |   5.029686 |      6 | 0.951130 | 0.600000 | 0.726667 | 0.643333 | 0.713333 |  -2.269074 |      243 |      218 |       26 |   5.029169 |      6 | 0.941874 | 1.471851
2492 | 747300.0 | 747600.0 | 0.004078 | 0.015424 |   5.029169 |      6 | 0.941874 | 0.600000 | 0.700000 | 0.696667 | 0.723333 |  -0.864460 |      242 |      210 |       31 |   5.028761 |      6 | 0.938349 | 1.561119
2493 | 747600.0 | 747900.0 | 0.004077 | 0.015423 |   5.028761 |      6 | 0.938349 | 0.600000 | 0.676667 | 0.670000 | 0.660000 |   0.324192 |      240 |      203 |       37 |   5.028449 |      6 | 0.939670 | 1.527650
2494 | 747900.0 | 748200.0 | 0.004076 | 0.015422 |   5.028449 |      6 | 0.939670 | 0.600000 | 0.676667 | 0.683333 | 0.663333 |   0.648422 |      240 |      203 |       37 |   5.028136 |      6 | 0.942313 | 1.460728
2495 | 748200.0 | 748500.0 | 0.004075 | 0.015421 |   5.028136 |      6 | 0.942313 | 0.600000 | 0.700000 | 0.660000 | 0.670000 |  -0.324230 |      241 |      210 |       31 |   5.027729 |      6 | 0.940992 | 1.494182
2496 | 748500.0 | 748800.0 | 0.004074 | 0.015420 |   5.027729 |      6 | 0.940992 | 0.600000 | 0.660000 | 0.656667 | 0.690000 |  -1.080830 |      238 |      198 |       40 |   5.027484 |      6 | 0.936589 | 1.605673
2497 | 748800.0 | 749100.0 | 0.004073 | 0.015419 |   5.027484 |      6 | 0.936589 | 0.600000 | 0.710000 | 0.710000 | 0.620000 |   2.918414 |      243 |      213 |       30 |   5.027036 |      6 | 0.948475 | 1.304712
2498 | 749100.0 | 749400.0 | 0.004071 | 0.015418 |   5.027036 |      6 | 0.948475 | 0.600000 | 0.726667 | 0.686667 | 0.680000 |   0.216192 |      244 |      218 |       26 |   5.026521 |      6 | 0.949355 | 1.282423
2499 | 749400.0 | 749700.0 | 0.004070 | 0.015418 |   5.026521 |      6 | 0.949355 | 0.600000 | 0.673333 | 0.643333 | 0.673333 |  -0.972919 |      238 |      202 |       36 |   5.026222 |      6 | 0.945395 | 1.382701
2500 | 749700.0 | 750000.0 | 0.004069 | 0.015417 |   5.026222 |      6 | 0.945395 | 0.600000 | 0.663333 | 0.680000 | 0.620000 |   1.945953 |      238 |      199 |       39 |   5.025964 |      6 | 0.953313 | 1.182187
2501 | 750000.0 | 750300.0 | 0.004068 | 0.015416 |   5.025964 |      6 | 0.953313 | 0.600000 | 0.676667 | 0.630000 | 0.660000 |  -0.973034 |      237 |      203 |       34 |   5.025652 |      6 | 0.949355 | 1.282423
2502 | 750300.0 | 750600.0 | 0.004067 | 0.015415 |   5.025652 |      6 | 0.949355 | 0.600000 | 0.683333 | 0.653333 | 0.666667 |  -0.432485 |      239 |      205 |       34 |   5.025314 |      6 | 0.947596 | 1.326963
2503 | 750600.0 | 750900.0 | 0.004066 | 0.015414 |   5.025314 |      6 | 0.947596 | 0.600000 | 0.653333 | 0.720000 | 0.703333 |   0.540638 |      237 |      196 |       41 |   5.025097 |      6 | 0.949794 | 1.271300
2504 | 750900.0 | 751200.0 | 0.004065 | 0.015413 |   5.025097 |      6 | 0.949794 | 0.600000 | 0.706667 | 0.650000 | 0.666667 |  -0.540670 |      241 |      212 |       29 |   5.024663 |      6 | 0.947596 | 1.326951
2505 | 751200.0 | 751500.0 | 0.004064 | 0.015412 |   5.024663 |      6 | 0.947596 | 0.600000 | 0.703333 | 0.666667 | 0.670000 |  -0.108140 |      241 |      211 |       30 |   5.024243 |      6 | 0.947157 | 1.338079
2506 | 751500.0 | 751800.0 | 0.004063 | 0.015411 |   5.024243 |      6 | 0.947157 | 0.600000 | 0.700000 | 0.680000 | 0.666667 |   0.432586 |      242 |      210 |       32 |   5.023837 |      6 | 0.948914 | 1.293577
2507 | 751800.0 | 752100.0 | 0.004062 | 0.015410 |   5.023837 |      6 | 0.948914 | 0.600000 | 0.716667 | 0.663333 | 0.620000 |   1.405988 |      243 |      215 |       28 |   5.023363 |      6 | 0.954625 | 1.148974
2508 | 752100.0 | 752400.0 | 0.004061 | 0.015409 |   5.023363 |      6 | 0.954625 | 0.600000 | 0.720000 | 0.653333 | 0.673333 |  -0.648956 |      243 |      216 |       27 |   5.022876 |      6 | 0.951990 | 1.215700
2509 | 752400.0 | 752700.0 | 0.004059 | 0.015408 |   5.022876 |      6 | 0.951990 | 0.600000 | 0.626667 | 0.706667 | 0.706667 |   0.000000 |      233 |      188 |       45 |   5.022767 |      6 | 0.951990 | 1.215700
2510 | 752700.0 | 753000.0 | 0.004058 | 0.015408 |   5.022767 |      6 | 0.951990 | 0.600000 | 0.686667 | 0.666667 | 0.696667 |  -0.973548 |      238 |      206 |       32 |   5.022416 |      6 | 0.948039 | 1.315746
2511 | 753000.0 | 753300.0 | 0.004057 | 0.015407 |   5.022416 |      6 | 0.948039 | 0.600000 | 0.703333 | 0.636667 | 0.663333 |  -0.865426 |      243 |      211 |       32 |   5.021997 |      6 | 0.944528 | 1.404658
2512 | 753300.0 | 753600.0 | 0.004056 | 0.015406 |   5.021997 |      6 | 0.944528 | 0.600000 | 0.716667 | 0.700000 | 0.703333 |  -0.108185 |      243 |      215 |       28 |   5.021523 |      6 | 0.944089 | 1.415770
2513 | 753600.0 | 753900.0 | 0.004055 | 0.015405 |   5.021523 |      6 | 0.944089 | 0.600000 | 0.703333 | 0.650000 | 0.686667 |  -1.190101 |      242 |      211 |       31 |   5.021104 |      6 | 0.939263 | 1.537972
2514 | 753900.0 | 754200.0 | 0.004054 | 0.015404 |   5.021104 |      6 | 0.939263 | 0.600000 | 0.650000 | 0.706667 | 0.696667 |   0.324592 |      236 |      195 |       41 |   5.020902 |      6 | 0.940579 | 1.504651
2515 | 754200.0 | 754500.0 | 0.004053 | 0.015403 |   5.020902 |      6 | 0.940579 | 0.600000 | 0.723333 | 0.680000 | 0.640000 |   1.298444 |      244 |      217 |       27 |   5.020402 |      6 | 0.945841 | 1.371395
2516 | 754500.0 | 754800.0 | 0.004052 | 0.015402 |   5.020402 |      6 | 0.945841 | 0.600000 | 0.673333 | 0.716667 | 0.710000 |   0.216420 |      239 |      202 |       37 |   5.020105 |      6 | 0.946718 | 1.349191
2517 | 754800.0 | 755100.0 | 0.004051 | 0.015401 |   5.020105 |      6 | 0.946718 | 0.600000 | 0.700000 | 0.710000 | 0.683333 |   0.865730 |      242 |      210 |       32 |   5.019699 |      6 | 0.950225 | 1.260391
2518 | 755100.0 | 755400.0 | 0.004050 | 0.015400 |   5.019699 |      6 | 0.950225 | 0.600000 | 0.750000 | 0.660000 | 0.690000 |  -0.974003 |      245 |      225 |       20 |   5.019092 |      6 | 0.946281 | 1.360270
2519 | 755400.0 | 755700.0 | 0.004049 | 0.015399 |   5.019092 |      6 | 0.946281 | 0.600000 | 0.663333 | 0.663333 | 0.673333 |  -0.324687 |      238 |      199 |       39 |   5.018836 |      6 | 0.944966 | 1.393556
2520 | 755700.0 | 756000.0 | 0.004048 | 0.015399 |   5.018836 |      6 | 0.944966 | 0.600000 | 0.693333 | 0.630000 | 0.660000 |  -0.974117 |      240 |      208 |       32 |   5.018458 |      6 | 0.941023 | 1.493393
2521 | 756000.0 | 756300.0 | 0.004046 | 0.015398 |   5.018458 |      6 | 0.941023 | 0.600000 | 0.643333 | 0.706667 | 0.640000 |   2.164831 |      237 |      193 |       44 |   5.018283 |      6 | 0.949783 | 1.271579
2522 | 756300.0 | 756600.0 | 0.004045 | 0.015397 |   5.018283 |      6 | 0.949783 | 0.600000 | 0.646667 | 0.686667 | 0.673333 |   0.432992 |      234 |      194 |       41 |   5.018094 |      6 | 0.951535 | 1.227225
2523 | 756600.0 | 756900.0 | 0.004044 | 0.015396 |   5.018094 |      6 | 0.951535 | 0.600000 | 0.656667 | 0.636667 | 0.696667 |  -1.948575 |      236 |      197 |       38 |   5.017865 |      6 | 0.943654 | 1.426775
2524 | 756900.0 | 757200.0 | 0.004043 | 0.015395 |   5.017865 |      6 | 0.943654 | 0.600000 | 0.676667 | 0.720000 | 0.696667 |   0.757823 |      241 |      203 |       38 |   5.017555 |      6 | 0.946718 | 1.349188
2525 | 757200.0 | 757500.0 | 0.004042 | 0.015394 |   5.017555 |      6 | 0.946718 | 0.600000 | 0.716667 | 0.650000 | 0.663333 |  -0.433067 |      242 |      215 |       27 |   5.017083 |      6 | 0.944968 | 1.393514
2526 | 757500.0 | 757800.0 | 0.004041 | 0.015393 |   5.017083 |      6 | 0.944968 | 0.600000 | 0.663333 | 0.693333 | 0.663333 |   0.974458 |      238 |      199 |       39 |   5.016827 |      6 | 0.948905 | 1.293802
2527 | 757800.0 | 758100.0 | 0.004040 | 0.015392 |   5.016827 |      6 | 0.948905 | 0.600000 | 0.720000 | 0.676667 | 0.663333 |   0.433118 |      243 |      216 |       27 |   5.016342 |      6 | 0.950655 | 1.249494
2528 | 758100.0 | 758400.0 | 0.004039 | 0.015391 |   5.016342 |      6 | 0.950655 | 0.600000 | 0.676667 | 0.653333 | 0.656667 |  -0.108286 |      237 |      203 |       34 |   5.016033 |      6 | 0.950218 | 1.260569
2529 | 758400.0 | 758700.0 | 0.004038 | 0.015390 |   5.016033 |      6 | 0.950218 | 0.600000 | 0.663333 | 0.696667 | 0.650000 |   1.516088 |      236 |      199 |       37 |   5.015777 |      6 | 0.956340 | 1.105557
2530 | 758700.0 | 759000.0 | 0.004037 | 0.015390 |   5.015777 |      6 | 0.956340 | 0.600000 | 0.666667 | 0.606667 | 0.693333 |  -2.815756 |      237 |      200 |       37 |   5.015508 |      6 | 0.944973 | 1.393376
2531 | 759000.0 | 759300.0 | 0.004036 | 0.015389 |   5.015508 |      6 | 0.944973 | 0.600000 | 0.673333 | 0.690000 | 0.690000 |   0.000000 |      239 |      202 |       37 |   5.015212 |      6 | 0.944973 | 1.393376
2532 | 759300.0 | 759600.0 | 0.004035 | 0.015388 |   5.015212 |      6 | 0.944973 | 0.600000 | 0.700000 | 0.666667 | 0.723333 |  -1.841285 |      241 |      210 |       31 |   5.014808 |      6 | 0.937544 | 1.581487
2533 | 759600.0 | 759900.0 | 0.004034 | 0.015387 |   5.014808 |      6 | 0.937544 | 0.600000 | 0.710000 | 0.700000 | 0.666667 |   1.083172 |      243 |      213 |       30 |   5.014365 |      6 | 0.941913 | 1.470856
2534 | 759900.0 | 760200.0 | 0.004032 | 0.015386 |   5.014365 |      6 | 0.941913 | 0.600000 | 0.683333 | 0.700000 | 0.683333 |   0.541617 |      241 |      205 |       36 |   5.014029 |      6 | 0.944097 | 1.415553
2535 | 760200.0 | 760500.0 | 0.004031 | 0.015385 |   5.014029 |      6 | 0.944097 | 0.600000 | 0.673333 | 0.666667 | 0.663333 |   0.108330 |      238 |      202 |       36 |   5.013733 |      6 | 0.944534 | 1.404494
2536 | 760500.0 | 760800.0 | 0.004030 | 0.015384 |   5.013733 |      6 | 0.944534 | 0.600000 | 0.700000 | 0.680000 | 0.646667 |   1.083361 |      241 |      210 |       31 |   5.013330 |      6 | 0.948900 | 1.293933
2537 | 760800.0 | 761100.0 | 0.004029 | 0.015383 |   5.013330 |      6 | 0.948900 | 0.600000 | 0.666667 | 0.670000 | 0.646667 |   0.758396 |      237 |      200 |       37 |   5.013061 |      6 | 0.951956 | 1.216555
2538 | 761100.0 | 761400.0 | 0.004028 | 0.015382 |   5.013061 |      6 | 0.951956 | 0.600000 | 0.713333 | 0.626667 | 0.710000 |  -2.708716 |      243 |      214 |       29 |   5.012605 |      6 | 0.941045 | 1.492845
2539 | 761400.0 | 761700.0 | 0.004027 | 0.015382 |   5.012605 |      6 | 0.941045 | 0.600000 | 0.676667 | 0.710000 | 0.610000 |   3.250647 |      240 |      203 |       37 |   5.012296 |      6 | 0.954136 | 1.161366
2540 | 761700.0 | 762000.0 | 0.004026 | 0.015381 |   5.012296 |      6 | 0.954136 | 0.600000 | 0.693333 | 0.636667 | 0.626667 |   0.325084 |      239 |      208 |       31 |   5.011920 |      6 | 0.955444 | 1.128225
2541 | 762000.0 | 762300.0 | 0.004025 | 0.015380 |   5.011920 |      6 | 0.955444 | 0.600000 | 0.720000 | 0.603333 | 0.666667 |  -2.058982 |      241 |      216 |       25 |   5.011437 |      6 | 0.947157 | 1.338075
2542 | 762300.0 | 762600.0 | 0.004024 | 0.015379 |   5.011437 |      6 | 0.947157 | 0.600000 | 0.753333 | 0.656667 | 0.623333 |   1.083737 |      247 |      226 |       22 |   5.010820 |      6 | 0.951518 | 1.227651
2543 | 762600.0 | 762900.0 | 0.004023 | 0.015378 |   5.010820 |      6 | 0.951518 | 0.600000 | 0.690000 | 0.670000 | 0.673333 |  -0.108380 |      240 |      207 |       32 |   5.010458 |      6 | 0.951082 | 1.238691
2544 | 762900.0 | 763200.0 | 0.004022 | 0.015377 |   5.010458 |      6 | 0.951082 | 0.600000 | 0.646667 | 0.633333 | 0.653333 |  -0.650318 |      235 |      194 |       41 |   5.010271 |      6 | 0.948466 | 1.304918
2545 | 763200.0 | 763500.0 | 0.004021 | 0.015376 |   5.010271 |      6 | 0.948466 | 0.600000 | 0.706667 | 0.646667 | 0.653333 |  -0.216785 |      242 |      212 |       30 |   5.009842 |      6 | 0.947595 | 1.326989
2546 | 763500.0 | 763800.0 | 0.004020 | 0.015375 |   5.009842 |      6 | 0.947595 | 0.600000 | 0.636667 | 0.670000 | 0.643333 |   0.867190 |      234 |      191 |       43 |   5.009694 |      6 | 0.951081 | 1.238723
2547 | 763800.0 | 764100.0 | 0.004019 | 0.015374 |   5.009694 |      6 | 0.951081 | 0.600000 | 0.660000 | 0.686667 | 0.683333 |   0.108405 |      238 |      198 |       40 |   5.009453 |      6 | 0.951516 | 1.227692
2548 | 764100.0 | 764400.0 | 0.004018 | 0.015374 |   5.009453 |      6 | 0.951516 | 0.600000 | 0.686667 | 0.686667 | 0.683333 |   0.108411 |      239 |      206 |       33 |   5.009105 |      6 | 0.951952 | 1.216663
2549 | 764400.0 | 764700.0 | 0.004016 | 0.015373 |   5.009105 |      6 | 0.951952 | 0.600000 | 0.690000 | 0.650000 | 0.693333 |  -1.409428 |      240 |      207 |       33 |   5.008744 |      6 | 0.946291 | 1.360007
2550 | 764700.0 | 765000.0 | 0.004015 | 0.015372 |   5.008744 |      6 | 0.946291 | 0.600000 | 0.696667 | 0.693333 | 0.606667 |   2.819020 |      241 |      209 |       32 |   5.008355 |      6 | 0.957610 | 1.073378
2551 | 765000.0 | 765300.0 | 0.004014 | 0.015371 |   5.008355 |      6 | 0.957610 | 0.600000 | 0.683333 | 0.590000 | 0.710000 |  -3.903483 |      236 |      205 |       31 |   5.008021 |      6 | 0.941940 | 1.470167
2552 | 765300.0 | 765600.0 | 0.004013 | 0.015370 |   5.008021 |      6 | 0.941940 | 0.600000 | 0.676667 | 0.710000 | 0.643333 |   2.168727 |      239 |      203 |       36 |   5.007713 |      6 | 0.950644 | 1.249774
2553 | 765600.0 | 765900.0 | 0.004012 | 0.015369 |   5.007713 |      6 | 0.950644 | 0.600000 | 0.676667 | 0.690000 | 0.626667 |   2.060409 |      239 |      203 |       36 |   5.007406 |      6 | 0.958911 | 1.040445
2554 | 765900.0 | 766200.0 | 0.004011 | 0.015368 |   5.007406 |      6 | 0.958911 | 0.600000 | 0.723333 | 0.550000 | 0.693333 |  -4.663300 |      241 |      217 |       24 |   5.006911 |      6 | 0.940206 | 1.514093
2555 | 766200.0 | 766500.0 | 0.004010 | 0.015367 |   5.006911 |      6 | 0.940206 | 0.600000 | 0.720000 | 0.703333 | 0.656667 |   1.518371 |      244 |      216 |       28 |   5.006430 |      6 | 0.946295 | 1.359913
2556 | 766500.0 | 766800.0 | 0.004009 | 0.015366 |   5.006430 |      6 | 0.946295 | 0.600000 | 0.703333 | 0.693333 | 0.676667 |   0.542307 |      242 |      211 |       31 |   5.006015 |      6 | 0.948469 | 1.304861
2557 | 766800.0 | 767100.0 | 0.004008 | 0.015366 |   5.006015 |      6 | 0.948469 | 0.600000 | 0.683333 | 0.673333 | 0.636667 |   1.193143 |      238 |      205 |       33 |   5.005681 |      6 | 0.953251 | 1.183770
2558 | 767100.0 | 767400.0 | 0.004007 | 0.015365 |   5.005681 |      6 | 0.953251 | 0.600000 | 0.713333 | 0.670000 | 0.700000 |  -0.976264 |      241 |      214 |       27 |   5.005227 |      6 | 0.949339 | 1.282824
2559 | 767400.0 | 767700.0 | 0.004006 | 0.015364 |   5.005227 |      6 | 0.949339 | 0.600000 | 0.690000 | 0.643333 | 0.710000 |  -2.169601 |      240 |      207 |       33 |   5.004867 |      6 | 0.940648 | 1.502899
2560 | 767700.0 | 768000.0 | 0.004005 | 0.015363 |   5.004867 |      6 | 0.940648 | 0.600000 | 0.676667 | 0.703333 | 0.656667 |   1.518808 |      239 |      203 |       36 |   5.004560 |      6 | 0.946730 | 1.348878
2561 | 768000.0 | 768300.0 | 0.004004 | 0.015362 |   5.004560 |      6 | 0.946730 | 0.600000 | 0.710000 | 0.656667 | 0.663333 |  -0.216985 |      242 |      213 |       29 |   5.004119 |      6 | 0.945862 | 1.370876
2562 | 768300.0 | 768600.0 | 0.004003 | 0.015361 |   5.004119 |      6 | 0.945862 | 0.600000 | 0.680000 | 0.653333 | 0.676667 |  -0.759491 |      240 |      204 |       36 |   5.003799 |      6 | 0.942822 | 1.447855
2563 | 768600.0 | 768900.0 | 0.004002 | 0.015360 |   5.003799 |      6 | 0.942822 | 0.600000 | 0.680000 | 0.710000 | 0.693333 |   0.542525 |      240 |      204 |       36 |   5.003479 |      6 | 0.944993 | 1.392882
2564 | 768900.0 | 769200.0 | 0.004001 | 0.015359 |   5.003479 |      6 | 0.944993 | 0.600000 | 0.666667 | 0.683333 | 0.663333 |   0.651067 |      237 |      200 |       37 |   5.003212 |      6 | 0.947597 | 1.326927
2565 | 769200.0 | 769500.0 | 0.004000 | 0.015359 |   5.003212 |      6 | 0.947597 | 0.600000 | 0.670000 | 0.630000 | 0.666667 |  -1.193692 |      239 |      201 |       38 |   5.002932 |      6 | 0.942823 | 1.447819
2566 | 769500.0 | 769800.0 | 0.003999 | 0.015358 |   5.002932 |      6 | 0.942823 | 0.600000 | 0.713333 | 0.640000 | 0.676667 |  -1.193760 |      243 |      214 |       29 |   5.002479 |      6 | 0.938050 | 1.568686
2567 | 769800.0 | 770100.0 | 0.003997 | 0.015357 |   5.002479 |      6 | 0.938050 | 0.600000 | 0.696667 | 0.690000 | 0.640000 |   1.627948 |      242 |      209 |       33 |   5.002093 |      6 | 0.944557 | 1.403901
2568 | 770100.0 | 770400.0 | 0.003996 | 0.015356 |   5.002093 |      6 | 0.944557 | 0.600000 | 0.700000 | 0.640000 | 0.690000 |  -1.628041 |      239 |      210 |       29 |   5.001693 |      6 | 0.938051 | 1.568652
2569 | 770400.0 | 770700.0 | 0.003995 | 0.015355 |   5.001693 |      6 | 0.938051 | 0.600000 | 0.683333 | 0.676667 | 0.666667 |   0.325627 |      242 |      205 |       37 |   5.001360 |      6 | 0.939352 | 1.535709
2570 | 770700.0 | 771000.0 | 0.003994 | 0.015354 |   5.001360 |      6 | 0.939352 | 0.600000 | 0.696667 | 0.700000 | 0.673333 |   0.868388 |      242 |      209 |       33 |   5.000974 |      6 | 0.942821 | 1.447878
2571 | 771000.0 | 771300.0 | 0.003993 | 0.015353 |   5.000974 |      6 | 0.942821 | 0.600000 | 0.676667 | 0.666667 | 0.636667 |   0.976993 |      240 |      203 |       37 |   5.000668 |      6 | 0.946722 | 1.349088
2572 | 771300.0 | 771600.0 | 0.003992 | 0.015352 |   5.000668 |      6 | 0.946722 | 0.600000 | 0.740000 | 0.686667 | 0.676667 |   0.325683 |      244 |      222 |       22 |   5.000109 |      6 | 0.948022 | 1.316164
2573 | 771600.0 | 771900.0 | 0.003991 | 0.015351 |   5.000109 |      6 | 0.948022 | 0.600000 | 0.690000 | 0.676667 | 0.683333 |  -0.217134 |      240 |      207 |       33 |   4.999750 |      5 | 0.947156 | 1.338109
2574 | 771900.0 | 772200.0 | 0.003990 | 0.015351 |   4.999750 |      5 | 0.947156 | 0.600000 | 0.543333 | 0.590000 | 0.560000 |   0.977160 |      198 |      163 |       36 |   4.999976 |      5 | 0.951055 | 1.239379
2575 | 772200.0 | 772500.0 | 0.003989 | 0.015350 |   4.999976 |      5 | 0.951055 | 0.600000 | 0.566667 | 0.586667 | 0.560000 |   0.868637 |      200 |      170 |       30 |   5.000109 |      6 | 0.954520 | 1.151638
2576 | 772500.0 | 772800.0 | 0.003988 | 0.015349 |   5.000109 |      6 | 0.954520 | 0.600000 | 0.706667 | 0.620000 | 0.716667 |  -3.148988 |      240 |      212 |       27 |   4.999683 |      5 | 0.941961 | 1.469636
2577 | 772800.0 | 773100.0 | 0.003987 | 0.015348 |   4.999683 |      5 | 0.941961 | 0.600000 | 0.580000 | 0.550000 | 0.540000 |   0.325776 |      202 |      174 |       29 |   4.999763 |      5 | 0.943260 | 1.436746
2578 | 773100.0 | 773400.0 | 0.003986 | 0.015347 |   4.999763 |      5 | 0.943260 | 0.600000 | 0.570000 | 0.590000 | 0.560000 |   0.977384 |      199 |      171 |       28 |   4.999883 |      5 | 0.947156 | 1.338097
2579 | 773400.0 | 773700.0 | 0.003985 | 0.015346 |   4.999883 |      5 | 0.947156 | 0.600000 | 0.580000 | 0.590000 | 0.530000 |   1.954879 |      202 |      174 |       28 |   4.999962 |      5 | 0.954946 | 1.140841
2580 | 773700.0 | 774000.0 | 0.003984 | 0.015345 |   4.999962 |      5 | 0.954946 | 0.600000 | 0.580000 | 0.556667 | 0.560000 |  -0.108611 |      201 |      174 |       27 |   5.000042 |      6 | 0.954513 | 1.151797
2581 | 774000.0 | 774300.0 | 0.003983 | 0.015344 |   5.000042 |      6 | 0.954513 | 0.600000 | 0.680000 | 0.600000 | 0.636667 |  -1.194784 |      238 |      204 |       33 |   4.999723 |      5 | 0.949755 | 1.272294
2582 | 774300.0 | 774600.0 | 0.003982 | 0.015344 |   4.999723 |      5 | 0.949755 | 0.600000 | 0.610000 | 0.583333 | 0.570000 |   0.434492 |      203 |      183 |       21 |   4.999684 |      5 | 0.951485 | 1.228486
2583 | 774600.0 | 774900.0 | 0.003981 | 0.015343 |   4.999684 |      5 | 0.951485 | 0.600000 | 0.583333 | 0.570000 | 0.560000 |   0.325887 |      202 |      175 |       27 |   4.999750 |      5 | 0.952782 | 1.195636
2584 | 774900.0 | 775200.0 | 0.003980 | 0.015342 |   4.999750 |      5 | 0.952782 | 0.600000 | 0.533333 | 0.576667 | 0.590000 |  -0.434541 |      197 |      160 |       37 |   5.000015 |      6 | 0.951053 | 1.239426
2585 | 775200.0 | 775500.0 | 0.003979 | 0.015341 |   5.000015 |      6 | 0.951053 | 0.600000 | 0.726667 | 0.633333 | 0.656667 |  -0.760491 |      244 |      218 |       25 |   4.999511 |      5 | 0.948027 | 1.316044
2586 | 775500.0 | 775800.0 | 0.003978 | 0.015340 |   4.999511 |      5 | 0.948027 | 0.600000 | 0.583333 | 0.566667 | 0.576667 |  -0.325943 |      201 |      175 |       27 |   4.999578 |      5 | 0.946731 | 1.348873
2587 | 775800.0 | 776100.0 | 0.003977 | 0.015339 |   4.999578 |      5 | 0.946731 | 0.600000 | 0.600000 | 0.600000 | 0.580000 |   0.651923 |      203 |      180 |       23 |   4.999578 |      5 | 0.949323 | 1.283228
2588 | 776100.0 | 776400.0 | 0.003976 | 0.015338 |   4.999578 |      5 | 0.949323 | 0.600000 | 0.583333 | 0.553333 | 0.576667 |  -0.760620 |      202 |      175 |       27 |   4.999644 |      5 | 0.946299 | 1.359798
2589 | 776400.0 | 776700.0 | 0.003975 | 0.015337 |   4.999644 |      5 | 0.946299 | 0.600000 | 0.620000 | 0.533333 | 0.560000 |  -0.869330 |      206 |      186 |       20 |   4.999564 |      5 | 0.942844 | 1.447289
2590 | 776700.0 | 777000.0 | 0.003974 | 0.015337 |   4.999564 |      5 | 0.942844 | 0.600000 | 0.570000 | 0.543333 | 0.583333 |  -1.304069 |      200 |      171 |       29 |   4.999684 |      5 | 0.937662 | 1.578499
2591 | 777000.0 | 777300.0 | 0.003972 | 0.015336 |   4.999684 |      5 | 0.937662 | 0.600000 | 0.586667 | 0.593333 | 0.596667 |  -0.108679 |      203 |      176 |       27 |   4.999737 |      5 | 0.937231 | 1.589431
2592 | 777300.0 | 777600.0 | 0.003971 | 0.015335 |   4.999737 |      5 | 0.937231 | 0.600000 | 0.543333 | 0.583333 | 0.540000 |   1.412902 |      197 |      163 |       34 |   4.999962 |      5 | 0.942842 | 1.447345
2593 | 777600.0 | 777900.0 | 0.003970 | 0.015334 |   4.999962 |      5 | 0.942842 | 0.600000 | 0.570000 | 0.560000 | 0.536667 |   0.760837 |      201 |      171 |       30 |   5.000081 |      6 | 0.945863 | 1.370852
2594 | 777900.0 | 778200.0 | 0.003969 | 0.015333 |   5.000081 |      6 | 0.945863 | 0.600000 | 0.700000 | 0.696667 | 0.643333 |   1.739154 |      241 |      210 |       30 |   4.999684 |      5 | 0.952766 | 1.196048
2595 | 778200.0 | 778500.0 | 0.003968 | 0.015332 |   4.999684 |      5 | 0.952766 | 0.600000 | 0.600000 | 0.576667 | 0.596667 |  -0.652220 |      203 |      180 |       24 |   4.999684 |      5 | 0.950178 | 1.261586
2596 | 778500.0 | 778800.0 | 0.003967 | 0.015331 |   4.999684 |      5 | 0.950178 | 0.600000 | 0.580000 | 0.596667 | 0.566667 |   0.978385 |      202 |      174 |       28 |   4.999763 |      5 | 0.954059 | 1.163299
2597 | 778800.0 | 779100.0 | 0.003966 | 0.015331 |   4.999763 |      5 | 0.954059 | 0.600000 | 0.566667 | 0.570000 | 0.620000 |  -1.630734 |      198 |      170 |       28 |   4.999895 |      5 | 0.947591 | 1.327078
2598 | 779100.0 | 779400.0 | 0.003965 | 0.015330 |   4.999895 |      5 | 0.947591 | 0.600000 | 0.550000 | 0.603333 | 0.546667 |   1.848270 |      199 |      165 |       34 |   5.000094 |      6 | 0.954920 | 1.141499
2599 | 779400.0 | 779700.0 | 0.003964 | 0.015329 |   5.000094 |      6 | 0.954920 | 0.600000 | 0.686667 | 0.636667 | 0.666667 |  -0.978551 |      238 |      206 |       31 |   4.999750 |      5 | 0.951041 | 1.239727
2600 | 779700.0 | 780000.0 | 0.003963 | 0.015328 |   4.999750 |      5 | 0.951041 | 0.600000 | 0.580000 | 0.586667 | 0.563333 |   0.761138 |      201 |      174 |       28 |   4.999829 |      5 | 0.954058 | 1.163343
2601 | 780000.0 | 780300.0 | 0.003962 | 0.015327 |   4.999829 |      5 | 0.954058 | 0.600000 | 0.593333 | 0.520000 | 0.563333 |  -1.413623 |      201 |      178 |       23 |   4.999856 |      5 | 0.948457 | 1.305170
2602 | 780300.0 | 780600.0 | 0.003961 | 0.015326 |   4.999856 |      5 | 0.948457 | 0.600000 | 0.576667 | 0.620000 | 0.570000 |   1.631196 |      202 |      173 |       29 |   4.999948 |      5 | 0.954918 | 1.141556
2603 | 780600.0 | 780900.0 | 0.003960 | 0.015325 |   4.999948 |      5 | 0.954918 | 0.600000 | 0.556667 | 0.556667 | 0.550000 |   0.217505 |      198 |      167 |       31 |   5.000120 |      6 | 0.955779 | 1.119746
2604 | 780900.0 | 781200.0 | 0.003959 | 0.015324 |   5.000120 |      6 | 0.955779 | 0.600000 | 0.686667 | 0.600000 | 0.650000 |  -1.631380 |      239 |      206 |       32 |   4.999777 |      5 | 0.949320 | 1.283293
2605 | 781200.0 | 781500.0 | 0.003958 | 0.015324 |   4.999777 |      5 | 0.949320 | 0.600000 | 0.563333 | 0.570000 | 0.556667 |   0.435059 |      199 |      169 |       31 |   4.999922 |      5 | 0.951042 | 1.239689
2606 | 781500.0 | 781800.0 | 0.003957 | 0.015323 |   4.999922 |      5 | 0.951042 | 0.600000 | 0.536667 | 0.560000 | 0.563333 |  -0.108771 |      197 |      161 |       36 |   5.000172 |      6 | 0.950612 | 1.250588
2607 | 781800.0 | 782100.0 | 0.003956 | 0.015322 |   5.000172 |      6 | 0.950612 | 0.600000 | 0.686667 | 0.663333 | 0.723333 |  -1.957988 |      240 |      206 |       33 |   4.999830 |      5 | 0.942866 | 1.446726
2608 | 782100.0 | 782400.0 | 0.003955 | 0.015321 |   4.999830 |      5 | 0.942866 | 0.600000 | 0.596667 | 0.550000 | 0.583333 |  -1.087832 |      203 |      179 |       25 |   4.999843 |      5 | 0.938564 | 1.555669
2609 | 782400.0 | 782700.0 | 0.003954 | 0.015320 |   4.999843 |      5 | 0.938564 | 0.600000 | 0.560000 | 0.523333 | 0.546667 |  -0.761526 |      199 |      168 |       31 |   5.000001 |      6 | 0.935553 | 1.631914
2610 | 782700.0 | 783000.0 | 0.003953 | 0.015319 |   5.000001 |      6 | 0.935553 | 0.600000 | 0.700000 | 0.680000 | 0.670000 |   0.326387 |      243 |      210 |       32 |   4.999606 |      5 | 0.936843 | 1.599244
2611 | 783000.0 | 783300.0 | 0.003952 | 0.015318 |   4.999606 |      5 | 0.936843 | 0.600000 | 0.600000 | 0.576667 | 0.570000 |   0.217603 |      203 |      180 |       24 |   4.999606 |      5 | 0.937703 | 1.577469
2612 | 783300.0 | 783600.0 | 0.003951 | 0.015318 |   4.999606 |      5 | 0.937703 | 0.600000 | 0.536667 | 0.593333 | 0.556667 |   1.196886 |      198 |      161 |       37 |   4.999856 |      5 | 0.942432 | 1.457728
2613 | 783600.0 | 783900.0 | 0.003950 | 0.015317 |   4.999856 |      5 | 0.942432 | 0.600000 | 0.600000 | 0.566667 | 0.580000 |  -0.435256 |      204 |      180 |       24 |   4.999856 |      5 | 0.940713 | 1.501261
2614 | 783900.0 | 784200.0 | 0.003949 | 0.015316 |   4.999856 |      5 | 0.940713 | 0.600000 | 0.546667 | 0.580000 | 0.593333 |  -0.435280 |      198 |      164 |       34 |   5.000066 |      6 | 0.938994 | 1.544786
2615 | 784200.0 | 784500.0 | 0.003948 | 0.015315 |   5.000066 |      6 | 0.938994 | 0.600000 | 0.686667 | 0.723333 | 0.666667 |   1.850045 |      241 |      206 |       34 |   4.999724 |      5 | 0.946297 | 1.359844
2616 | 784500.0 | 784800.0 | 0.003947 | 0.015314 |   4.999724 |      5 | 0.946297 | 0.600000 | 0.550000 | 0.556667 | 0.580000 |  -0.761826 |      198 |      165 |       34 |   4.999922 |      5 | 0.943291 | 1.435981
2617 | 784800.0 | 785100.0 | 0.003946 | 0.015313 |   4.999922 |      5 | 0.943291 | 0.600000 | 0.596667 | 0.620000 | 0.576667 |   1.414899 |      203 |      179 |       24 |   4.999935 |      5 | 0.948873 | 1.294611
2618 | 785100.0 | 785400.0 | 0.003945 | 0.015312 |   4.999935 |      5 | 0.948873 | 0.600000 | 0.573333 | 0.583333 | 0.560000 |   0.761912 |      201 |      172 |       29 |   5.000040 |      6 | 0.951879 | 1.218505
2619 | 785400.0 | 785700.0 | 0.003944 | 0.015311 |   5.000040 |      6 | 0.951879 | 0.600000 | 0.673333 | 0.703333 | 0.683333 |   0.653104 |      238 |      202 |       35 |   4.999751 |      5 | 0.954455 | 1.153283
2620 | 785700.0 | 786000.0 | 0.003943 | 0.015311 |   4.999751 |      5 | 0.954455 | 0.600000 | 0.586667 | 0.556667 | 0.576667 |  -0.653141 |      201 |      176 |       26 |   4.999803 |      5 | 0.951880 | 1.218491
2621 | 786000.0 | 786300.0 | 0.003942 | 0.015310 |   4.999803 |      5 | 0.951880 | 0.600000 | 0.590000 | 0.536667 | 0.560000 |  -0.762040 |      202 |      177 |       25 |   4.999843 |      5 | 0.948876 | 1.294552
2622 | 786300.0 | 786600.0 | 0.003941 | 0.015309 |   4.999843 |      5 | 0.948876 | 0.600000 | 0.536667 | 0.560000 | 0.580000 |  -0.653214 |      198 |      161 |       37 |   5.000092 |      6 | 0.946302 | 1.359734
2623 | 786600.0 | 786900.0 | 0.003940 | 0.015308 |   5.000092 |      6 | 0.946302 | 0.600000 | 0.700000 | 0.693333 | 0.683333 |   0.326625 |      242 |      210 |       31 |   4.999698 |      5 | 0.947588 | 1.327150
2624 | 786900.0 | 787200.0 | 0.003939 | 0.015307 |   4.999698 |      5 | 0.947588 | 0.600000 | 0.556667 | 0.570000 | 0.566667 |   0.108881 |      198 |      167 |       33 |   4.999869 |      5 | 0.948017 | 1.316291
2625 | 787200.0 | 787500.0 | 0.003938 | 0.015306 |   4.999869 |      5 | 0.948017 | 0.600000 | 0.590000 | 0.596667 | 0.550000 |   1.524422 |      203 |      177 |       25 |   4.999908 |      5 | 0.954020 | 1.164291
2626 | 787500.0 | 787800.0 | 0.003937 | 0.015305 |   4.999908 |      5 | 0.954020 | 0.600000 | 0.596667 | 0.550000 | 0.580000 |  -0.980041 |      202 |      179 |       23 |   4.999922 |      5 | 0.950162 | 1.261985
2627 | 787800.0 | 788100.0 | 0.003936 | 0.015305 |   4.999922 |      5 | 0.950162 | 0.600000 | 0.593333 | 0.530000 | 0.613333 |  -2.722488 |      202 |      178 |       24 |   4.999948 |      5 | 0.939447 | 1.533304
2628 | 788100.0 | 788400.0 | 0.003935 | 0.015304 |   4.999948 |      5 | 0.939447 | 0.600000 | 0.546667 | 0.550000 | 0.573333 |  -0.762339 |      199 |      164 |       35 |   5.000158 |      6 | 0.936448 | 1.609258
2629 | 788400.0 | 788700.0 | 0.003934 | 0.015303 |   5.000158 |      6 | 0.936448 | 0.600000 | 0.680000 | 0.696667 | 0.616667 |   2.613881 |      240 |      204 |       35 |   4.999843 |      5 | 0.946730 | 1.348897
2630 | 788700.0 | 789000.0 | 0.003933 | 0.015302 |   4.999843 |      5 | 0.946730 | 0.600000 | 0.580000 | 0.580000 | 0.596667 |  -0.544589 |      201 |      174 |       28 |   4.999922 |      5 | 0.944588 | 1.403128
2631 | 789000.0 | 789300.0 | 0.003932 | 0.015301 |   4.999922 |      5 | 0.944588 | 0.600000 | 0.593333 | 0.546667 | 0.586667 |  -1.307087 |      202 |      178 |       24 |   4.999948 |      5 | 0.939449 | 1.533256
2632 | 789300.0 | 789600.0 | 0.003931 | 0.015300 |   4.999948 |      5 | 0.939449 | 0.600000 | 0.566667 | 0.566667 | 0.530000 |   1.198230 |      200 |      170 |       30 |   5.000079 |      6 | 0.944159 | 1.413996
2633 | 789600.0 | 789900.0 | 0.003930 | 0.015299 |   5.000079 |      6 | 0.944159 | 0.600000 | 0.686667 | 0.640000 | 0.643333 |  -0.108936 |      241 |      206 |       34 |   4.999738 |      5 | 0.943731 | 1.424835
2634 | 789900.0 | 790200.0 | 0.003929 | 0.015299 |   4.999738 |      5 | 0.943731 | 0.600000 | 0.570000 | 0.586667 | 0.580000 |   0.217884 |      201 |      171 |       31 |   4.999856 |      5 | 0.944587 | 1.403160
2635 | 790200.0 | 790500.0 | 0.003928 | 0.015298 |   4.999856 |      5 | 0.944587 | 0.600000 | 0.600000 | 0.586667 | 0.576667 |   0.326845 |      204 |      180 |       24 |   4.999856 |      5 | 0.945870 | 1.370654
2636 | 790500.0 | 790800.0 | 0.003927 | 0.015297 |   4.999856 |      5 | 0.945870 | 0.600000 | 0.620000 | 0.550000 | 0.530000 |   0.653726 |      205 |      186 |       19 |   4.999778 |      5 | 0.948437 | 1.305655
2637 | 790800.0 | 791100.0 | 0.003926 | 0.015296 |   4.999778 |      5 | 0.948437 | 0.600000 | 0.583333 | 0.580000 | 0.546667 |   1.089605 |      202 |      175 |       27 |   4.999843 |      5 | 0.952715 | 1.197345
2638 | 791100.0 | 791400.0 | 0.003925 | 0.015295 |   4.999843 |      5 | 0.952715 | 0.600000 | 0.600000 | 0.566667 | 0.556667 |   0.326900 |      202 |      180 |       22 |   4.999843 |      5 | 0.953998 | 1.164858
2639 | 791400.0 | 791700.0 | 0.003924 | 0.015294 |   4.999843 |      5 | 0.953998 | 0.600000 | 0.596667 | 0.566667 | 0.566667 |   0.000000 |      202 |      179 |       23 |   4.999856 |      5 | 0.953998 | 1.164858
2640 | 791700.0 | 792000.0 | 0.003923 | 0.015294 |   4.999856 |      5 | 0.953998 | 0.600000 | 0.580000 | 0.496667 | 0.573333 |  -2.506510 |      201 |      174 |       27 |   4.999934 |      5 | 0.944166 | 1.413822
2641 | 792000.0 | 792300.0 | 0.003922 | 0.015293 |   4.999934 |      5 | 0.944166 | 0.600000 | 0.600000 | 0.556667 | 0.546667 |   0.326954 |      203 |      180 |       23 |   4.999934 |      5 | 0.945448 | 1.381355
2642 | 792300.0 | 792600.0 | 0.003921 | 0.015292 |   4.999934 |      5 | 0.945448 | 0.600000 | 0.606667 | 0.560000 | 0.560000 |   0.000000 |      204 |      182 |       22 |   4.999908 |      5 | 0.945448 | 1.381355
2643 | 792600.0 | 792900.0 | 0.003920 | 0.015291 |   4.999908 |      5 | 0.945448 | 0.600000 | 0.550000 | 0.580000 | 0.553333 |   0.871975 |      198 |      165 |       33 |   5.000104 |      6 | 0.948866 | 1.294811
2644 | 792900.0 | 793200.0 | 0.003919 | 0.015290 |   5.000104 |      6 | 0.948866 | 0.600000 | 0.703333 | 0.683333 | 0.643333 |   1.308036 |      242 |      211 |       30 |   4.999699 |      5 | 0.953991 | 1.165020
2645 | 793200.0 | 793500.0 | 0.003918 | 0.015289 |   4.999699 |      5 | 0.953991 | 0.600000 | 0.590000 | 0.566667 | 0.570000 |  -0.109009 |      201 |      177 |       25 |   4.999739 |      5 | 0.953564 | 1.175834
2646 | 793500.0 | 793800.0 | 0.003917 | 0.015288 |   4.999739 |      5 | 0.953564 | 0.600000 | 0.560000 | 0.533333 | 0.506667 |   0.872121 |      199 |      168 |       31 |   4.999895 |      5 | 0.956980 | 1.089341
2647 | 793800.0 | 794100.0 | 0.003916 | 0.015288 |   4.999895 |      5 | 0.956980 | 0.600000 | 0.620000 | 0.536667 | 0.573333 |  -1.199233 |      205 |      186 |       19 |   4.999817 |      5 | 0.952284 | 1.208245
2648 | 794100.0 | 794400.0 | 0.003915 | 0.015287 |   4.999817 |      5 | 0.952284 | 0.600000 | 0.563333 | 0.560000 | 0.566667 |  -0.218054 |      200 |      169 |       31 |   4.999960 |      5 | 0.951431 | 1.229859
2649 | 794400.0 | 794700.0 | 0.003914 | 0.015286 |   4.999960 |      5 | 0.951431 | 0.600000 | 0.576667 | 0.556667 | 0.553333 |   0.109033 |      200 |      173 |       27 |   5.000052 |      6 | 0.951857 | 1.219054
2650 | 794700.0 | 795000.0 | 0.003913 | 0.015285 |   5.000052 |      6 | 0.951857 | 0.600000 | 0.670000 | 0.660000 | 0.676667 |  -0.545197 |      237 |      201 |       35 |   4.999778 |      5 | 0.949724 | 1.273069
2651 | 795000.0 | 795300.0 | 0.003912 | 0.015284 |   4.999778 |      5 | 0.949724 | 0.600000 | 0.546667 | 0.543333 | 0.560000 |  -0.545227 |      198 |      164 |       35 |   4.999987 |      5 | 0.947591 | 1.327073
2652 | 795300.0 | 795600.0 | 0.003911 | 0.015283 |   4.999987 |      5 | 0.947591 | 0.600000 | 0.576667 | 0.563333 | 0.520000 |   1.417669 |      201 |      173 |       28 |   5.000078 |      6 | 0.953135 | 1.186690
2653 | 795600.0 | 795900.0 | 0.003910 | 0.015282 |   5.000078 |      6 | 0.953135 | 0.600000 | 0.666667 | 0.650000 | 0.726667 |  -2.508323 |      238 |      200 |       37 |   4.999817 |      5 | 0.943329 | 1.435011
2654 | 795900.0 | 796200.0 | 0.003909 | 0.015282 |   4.999817 |      5 | 0.943329 | 0.600000 | 0.580000 | 0.550000 | 0.570000 |  -0.654381 |      201 |      174 |       28 |   4.999895 |      5 | 0.940771 | 1.499777
2655 | 796200.0 | 796500.0 | 0.003908 | 0.015281 |   4.999895 |      5 | 0.940771 | 0.600000 | 0.563333 | 0.546667 | 0.590000 |  -1.417905 |      200 |      169 |       31 |   5.000039 |      6 | 0.935230 | 1.640076
2656 | 796500.0 | 796800.0 | 0.003907 | 0.015280 |   5.000039 |      6 | 0.935230 | 0.600000 | 0.736667 | 0.626667 | 0.680000 |  -1.745211 |      247 |      221 |       25 |   4.999505 |      5 | 0.928413 | 1.812718
2657 | 796800.0 | 797100.0 | 0.003906 | 0.015279 |   4.999505 |      5 | 0.928413 | 0.600000 | 0.613333 | 0.586667 | 0.526667 |   1.963471 |      203 |      184 |       20 |   4.999453 |      5 | 0.936081 | 1.618535
2658 | 797100.0 | 797400.0 | 0.003905 | 0.015278 |   4.999453 |      5 | 0.936081 | 0.600000 | 0.576667 | 0.546667 | 0.586667 |  -1.309053 |      201 |      173 |       28 |   4.999544 |      5 | 0.930970 | 1.747965
2659 | 797400.0 | 797700.0 | 0.003904 | 0.015277 |   4.999544 |      5 | 0.930970 | 0.600000 | 0.593333 | 0.590000 | 0.573333 |   0.545469 |      204 |      178 |       26 |   4.999570 |      5 | 0.933099 | 1.694046
2660 | 797700.0 | 798000.0 | 0.003903 | 0.015277 |   4.999570 |      5 | 0.933099 | 0.600000 | 0.576667 | 0.570000 | 0.506667 |   2.072897 |      201 |      173 |       28 |   4.999661 |      5 | 0.941189 | 1.489197
2661 | 798000.0 | 798300.0 | 0.003902 | 0.015276 |   4.999661 |      5 | 0.941189 | 0.600000 | 0.583333 | 0.563333 | 0.593333 |  -0.981953 |      202 |      175 |       27 |   4.999726 |      5 | 0.937358 | 1.586212
2662 | 798300.0 | 798600.0 | 0.003901 | 0.015275 |   4.999726 |      5 | 0.937358 | 0.600000 | 0.580000 | 0.600000 | 0.570000 |   0.982007 |      201 |      174 |       27 |   4.999804 |      5 | 0.941188 | 1.489216
2663 | 798600.0 | 798900.0 | 0.003900 | 0.015274 |   4.999804 |      5 | 0.941188 | 0.600000 | 0.563333 | 0.596667 | 0.576667 |   0.654708 |      200 |      169 |       31 |   4.999947 |      5 | 0.943741 | 1.424565
2664 | 798900.0 | 799200.0 | 0.003899 | 0.015273 |   4.999947 |      5 | 0.943741 | 0.600000 | 0.606667 | 0.586667 | 0.556667 |   0.982116 |      204 |      182 |       22 |   4.999921 |      5 | 0.947570 | 1.327608
2665 | 799200.0 | 799500.0 | 0.003898 | 0.015272 |   4.999921 |      5 | 0.947570 | 0.600000 | 0.633333 | 0.556667 | 0.580000 |  -0.763910 |      207 |      190 |       17 |   4.999791 |      5 | 0.944593 | 1.403004
2666 | 799500.0 | 799800.0 | 0.003897 | 0.015271 |   4.999791 |      5 | 0.944593 | 0.600000 | 0.590000 | 0.563333 | 0.593333 |  -0.982224 |      202 |      177 |       25 |   4.999830 |      5 | 0.940765 | 1.499923
2667 | 799800.0 | 800100.0 | 0.003896 | 0.015271 |   4.999830 |      5 | 0.940765 | 0.600000 | 0.570000 | 0.510000 | 0.556667 |  -1.527989 |      200 |      171 |       29 |   4.999947 |      5 | 0.934813 | 1.650656
2668 | 800100.0 | 800400.0 | 0.003895 | 0.015270 |   4.999947 |      5 | 0.934813 | 0.600000 | 0.566667 | 0.563333 | 0.570000 |  -0.218296 |      201 |      170 |       31 |   5.000077 |      6 | 0.933962 | 1.672184
2669 | 800400.0 | 800700.0 | 0.003894 | 0.015269 |   5.000077 |      6 | 0.933962 | 0.600000 | 0.693333 | 0.676667 | 0.640000 |   1.200695 |      243 |      208 |       34 |   4.999713 |      5 | 0.938638 | 1.553799
2670 | 800700.0 | 801000.0 | 0.003893 | 0.015268 |   4.999713 |      5 | 0.938638 | 0.600000 | 0.560000 | 0.610000 | 0.536667 |   2.401523 |      199 |      168 |       32 |   4.999869 |      5 | 0.947986 | 1.317074
2671 | 801000.0 | 801300.0 | 0.003892 | 0.015267 |   4.999869 |      5 | 0.947986 | 0.600000 | 0.570000 | 0.530000 | 0.556667 |  -0.873329 |      200 |      171 |       29 |   4.999986 |      5 | 0.944588 | 1.403138
2672 | 801300.0 | 801600.0 | 0.003891 | 0.015266 |   4.999986 |      5 | 0.944588 | 0.600000 | 0.566667 | 0.573333 | 0.553333 |   0.655033 |      200 |      170 |       30 |   5.000115 |      6 | 0.947136 | 1.338603
2673 | 801600.0 | 801900.0 | 0.003890 | 0.015266 |   5.000115 |      6 | 0.947136 | 0.600000 | 0.710000 | 0.663333 | 0.633333 |   0.982604 |      243 |      213 |       30 |   4.999687 |      5 | 0.950958 | 1.241818
2674 | 801900.0 | 802200.0 | 0.003889 | 0.015265 |   4.999687 |      5 | 0.950958 | 0.600000 | 0.600000 | 0.560000 | 0.590000 |  -0.982658 |      202 |      180 |       22 |   4.999687 |      5 | 0.947137 | 1.338583
2675 | 802200.0 | 802500.0 | 0.003888 | 0.015264 |   4.999687 |      5 | 0.947137 | 0.600000 | 0.600000 | 0.540000 | 0.566667 |  -0.873522 |      204 |      180 |       24 |   4.999687 |      5 | 0.943741 | 1.424580
2676 | 802500.0 | 802800.0 | 0.003887 | 0.015263 |   4.999687 |      5 | 0.943741 | 0.600000 | 0.553333 | 0.570000 | 0.560000 |   0.327589 |      198 |      166 |       32 |   4.999869 |      5 | 0.945014 | 1.392338
2677 | 802800.0 | 803100.0 | 0.003886 | 0.015262 |   4.999869 |      5 | 0.945014 | 0.600000 | 0.526667 | 0.580000 | 0.526667 |   1.747236 |      197 |      158 |       39 |   5.000154 |      6 | 0.951804 | 1.220412
2678 | 803100.0 | 803400.0 | 0.003885 | 0.015261 |   5.000154 |      6 | 0.951804 | 0.600000 | 0.696667 | 0.713333 | 0.686667 |   0.873666 |      239 |      209 |       29 |   4.999778 |      5 | 0.955198 | 1.134466
2679 | 803400.0 | 803700.0 | 0.003884 | 0.015261 |   4.999778 |      5 | 0.955198 | 0.600000 | 0.586667 | 0.576667 | 0.593333 |  -0.546071 |      202 |      176 |       27 |   4.999830 |      5 | 0.953077 | 1.188172
2680 | 803700.0 | 804000.0 | 0.003883 | 0.015260 |   4.999830 |      5 | 0.953077 | 0.600000 | 0.553333 | 0.626667 | 0.573333 |   1.747524 |      198 |      166 |       32 |   5.000011 |      6 | 0.959863 | 1.016347
2681 | 804000.0 | 804300.0 | 0.003882 | 0.015259 |   5.000011 |      6 | 0.959863 | 0.600000 | 0.690000 | 0.563333 | 0.656667 |  -3.058335 |      237 |      207 |       29 |   4.999662 |      5 | 0.947990 | 1.316981
2682 | 804300.0 | 804600.0 | 0.003881 | 0.015258 |   4.999662 |      5 | 0.947990 | 0.600000 | 0.566667 | 0.573333 | 0.583333 |  -0.327697 |      200 |      170 |       31 |   4.999791 |      5 | 0.946718 | 1.349185
2683 | 804600.0 | 804900.0 | 0.003880 | 0.015257 |   4.999791 |      5 | 0.946718 | 0.600000 | 0.593333 | 0.586667 | 0.526667 |   1.966288 |      202 |      178 |       24 |   4.999817 |      5 | 0.954348 | 1.155997
2684 | 804900.0 | 805200.0 | 0.003879 | 0.015256 |   4.999817 |      5 | 0.954348 | 0.600000 | 0.613333 | 0.553333 | 0.583333 |  -0.983198 |      204 |      184 |       20 |   4.999765 |      5 | 0.950534 | 1.252572
2685 | 805200.0 | 805500.0 | 0.003878 | 0.015255 |   4.999765 |      5 | 0.950534 | 0.600000 | 0.570000 | 0.563333 | 0.560000 |   0.109250 |      200 |      171 |       29 |   4.999882 |      5 | 0.950957 | 1.241843
2686 | 805500.0 | 805800.0 | 0.003877 | 0.015255 |   4.999882 |      5 | 0.950957 | 0.600000 | 0.576667 | 0.543333 | 0.546667 |  -0.109256 |      202 |      173 |       29 |   4.999972 |      5 | 0.950534 | 1.252570
2687 | 805800.0 | 806100.0 | 0.003876 | 0.015254 |   4.999972 |      5 | 0.950534 | 0.600000 | 0.550000 | 0.563333 | 0.560000 |   0.109262 |      198 |      165 |       33 |   5.000166 |      6 | 0.950957 | 1.241846
2688 | 806100.0 | 806400.0 | 0.003875 | 0.015253 |   5.000166 |      6 | 0.950957 | 0.600000 | 0.710000 | 0.693333 | 0.703333 |  -0.327805 |      241 |      213 |       27 |   4.999740 |      5 | 0.949687 | 1.274012
2689 | 806400.0 | 806700.0 | 0.003874 | 0.015252 |   4.999740 |      5 | 0.949687 | 0.600000 | 0.566667 | 0.563333 | 0.553333 |   0.327823 |      200 |      170 |       31 |   4.999869 |      5 | 0.950957 | 1.241852
2690 | 806700.0 | 807000.0 | 0.003873 | 0.015251 |   4.999869 |      5 | 0.950957 | 0.600000 | 0.580000 | 0.583333 | 0.580000 |   0.109280 |      201 |      174 |       27 |   4.999946 |      5 | 0.951380 | 1.231134
2691 | 807000.0 | 807300.0 | 0.003872 | 0.015250 |   4.999946 |      5 | 0.951380 | 0.600000 | 0.650000 | 0.556667 | 0.590000 |  -1.092861 |      208 |      195 |       14 |   4.999753 |      5 | 0.947148 | 1.338292
2692 | 807300.0 | 807600.0 | 0.003871 | 0.015250 |   4.999753 |      5 | 0.947148 | 0.600000 | 0.543333 | 0.566667 | 0.573333 |  -0.218584 |      198 |      163 |       34 |   4.999972 |      5 | 0.946302 | 1.359720
2693 | 807600.0 | 807900.0 | 0.003870 | 0.015249 |   4.999972 |      5 | 0.946302 | 0.600000 | 0.600000 | 0.596667 | 0.543333 |   1.748770 |      203 |      180 |       23 |   4.999972 |      5 | 0.953071 | 1.188334
2694 | 807900.0 | 808200.0 | 0.003869 | 0.015248 |   4.999972 |      5 | 0.953071 | 0.600000 | 0.553333 | 0.576667 | 0.570000 |   0.218608 |      199 |      166 |       33 |   5.000153 |      6 | 0.953916 | 1.166914
2695 | 808200.0 | 808500.0 | 0.003868 | 0.015247 |   5.000153 |      6 | 0.953916 | 0.600000 | 0.716667 | 0.633333 | 0.646667 |  -0.437240 |      241 |      215 |       25 |   4.999701 |      5 | 0.952225 | 1.209744
2696 | 808500.0 | 808800.0 | 0.003867 | 0.015246 |   4.999701 |      5 | 0.952225 | 0.600000 | 0.600000 | 0.576667 | 0.560000 |   0.546580 |      202 |      180 |       23 |   4.999701 |      5 | 0.954339 | 1.156217
2697 | 808800.0 | 809100.0 | 0.003866 | 0.015245 |   4.999701 |      5 | 0.954339 | 0.600000 | 0.576667 | 0.593333 | 0.576667 |   0.546610 |      200 |      173 |       27 |   4.999792 |      5 | 0.956452 | 1.102701
2698 | 809100.0 | 809400.0 | 0.003866 | 0.015245 |   4.999792 |      5 | 0.956452 | 0.600000 | 0.553333 | 0.543333 | 0.586667 |  -1.421264 |      198 |      166 |       32 |   4.999972 |      5 | 0.950958 | 1.241816
2699 | 809400.0 | 809700.0 | 0.003865 | 0.015244 |   4.999972 |      5 | 0.950958 | 0.600000 | 0.566667 | 0.613333 | 0.543333 |   2.296013 |      200 |      170 |       30 |   5.000101 |      6 | 0.959831 | 1.017136
2700 | 809700.0 | 810000.0 | 0.003864 | 0.015243 |   5.000101 |      6 | 0.959831 | 0.600000 | 0.686667 | 0.563333 | 0.663333 |  -3.280197 |      236 |      206 |       29 |   4.999766 |      5 | 0.947158 | 1.338045
2701 | 810000.0 | 810300.0 | 0.003863 | 0.015242 |   4.999766 |      5 | 0.947158 | 0.600000 | 0.576667 | 0.560000 | 0.556667 |   0.109346 |      200 |      173 |       28 |   4.999856 |      5 | 0.947581 | 1.327350
2702 | 810300.0 | 810600.0 | 0.003862 | 0.015241 |   4.999856 |      5 | 0.947581 | 0.600000 | 0.550000 | 0.583333 | 0.570000 |   0.437407 |      199 |      165 |       34 |   5.000049 |      6 | 0.949270 | 1.284579
2703 | 810600.0 | 810900.0 | 0.003861 | 0.015240 |   5.000049 |      6 | 0.949270 | 0.600000 | 0.720000 | 0.660000 | 0.700000 |  -1.312293 |      243 |      216 |       26 |   4.999586 |      5 | 0.944203 | 1.412868
2704 | 810900.0 | 811200.0 | 0.003860 | 0.015240 |   4.999586 |      5 | 0.944203 | 0.600000 | 0.560000 | 0.546667 | 0.603333 |  -1.859184 |      199 |      168 |       32 |   4.999740 |      5 | 0.937027 | 1.594574
2705 | 811200.0 | 811500.0 | 0.003859 | 0.015239 |   4.999740 |      5 | 0.937027 | 0.600000 | 0.580000 | 0.600000 | 0.590000 |   0.328109 |      202 |      174 |       28 |   4.999817 |      5 | 0.938293 | 1.562515
2706 | 811500.0 | 811800.0 | 0.003858 | 0.015238 |   4.999817 |      5 | 0.938293 | 0.600000 | 0.596667 | 0.580000 | 0.556667 |   0.765630 |      204 |      179 |       25 |   4.999830 |      5 | 0.941247 | 1.487724
2707 | 811800.0 | 812100.0 | 0.003857 | 0.015237 |   4.999830 |      5 | 0.941247 | 0.600000 | 0.573333 | 0.536667 | 0.560000 |  -0.765671 |      201 |      172 |       29 |   4.999933 |      5 | 0.938294 | 1.562500
2708 | 812100.0 | 812400.0 | 0.003856 | 0.015236 |   4.999933 |      5 | 0.938294 | 0.600000 | 0.560000 | 0.576667 | 0.560000 |   0.546938 |      198 |      168 |       30 |   5.000087 |      6 | 0.940403 | 1.509099
2709 | 812400.0 | 812700.0 | 0.003855 | 0.015236 |   5.000087 |      6 | 0.940403 | 0.600000 | 0.666667 | 0.666667 | 0.640000 |   0.875148 |      240 |      200 |       39 |   4.999830 |      5 | 0.943777 | 1.423673
2710 | 812700.0 | 813000.0 | 0.003854 | 0.015235 |   4.999830 |      5 | 0.943777 | 0.600000 | 0.606667 | 0.573333 | 0.526667 |   1.531592 |      203 |      182 |       22 |   4.999805 |      5 | 0.949679 | 1.274207
2711 | 813000.0 | 813300.0 | 0.003853 | 0.015234 |   4.999805 |      5 | 0.949679 | 0.600000 | 0.573333 | 0.556667 | 0.533333 |   0.765838 |      201 |      172 |       29 |   4.999907 |      5 | 0.952630 | 1.199489
2712 | 813300.0 | 813600.0 | 0.003852 | 0.015233 |   4.999907 |      5 | 0.952630 | 0.600000 | 0.613333 | 0.576667 | 0.540000 |   1.203525 |      204 |      184 |       20 |   4.999856 |      5 | 0.957266 | 1.082097
2713 | 813600.0 | 813900.0 | 0.003851 | 0.015232 |   4.999856 |      5 | 0.957266 | 0.600000 | 0.580000 | 0.556667 | 0.566667 |  -0.328252 |      199 |      174 |       26 |   4.999933 |      5 | 0.956002 | 1.114107
2714 | 813900.0 | 814200.0 | 0.003850 | 0.015231 |   4.999933 |      5 | 0.956002 | 0.600000 | 0.573333 | 0.536667 | 0.600000 |  -2.079041 |      200 |      172 |       27 |   5.000036 |      6 | 0.947997 | 1.316795
2715 | 814200.0 | 814500.0 | 0.003849 | 0.015231 |   5.000036 |      6 | 0.947997 | 0.600000 | 0.700000 | 0.673333 | 0.730000 |  -1.860296 |      243 |      210 |       32 |   4.999651 |      5 | 0.940837 | 1.498113
2716 | 814500.0 | 814800.0 | 0.003848 | 0.015230 |   4.999651 |      5 | 0.940837 | 0.600000 | 0.576667 | 0.546667 | 0.533333 |   0.437740 |      200 |      173 |       28 |   4.999741 |      5 | 0.942521 | 1.455458
2717 | 814800.0 | 815100.0 | 0.003847 | 0.015229 |   4.999741 |      5 | 0.942521 | 0.600000 | 0.533333 | 0.543333 | 0.570000 |  -0.875528 |      198 |      160 |       38 |   4.999997 |      5 | 0.939153 | 1.540751
2718 | 815100.0 | 815400.0 | 0.003846 | 0.015228 |   4.999997 |      5 | 0.939153 | 0.600000 | 0.556667 | 0.583333 | 0.546667 |   1.203916 |      198 |      167 |       31 |   5.000164 |      6 | 0.943784 | 1.423496
2719 | 815400.0 | 815700.0 | 0.003845 | 0.015227 |   5.000164 |      6 | 0.943784 | 0.600000 | 0.686667 | 0.696667 | 0.690000 |   0.218906 |      242 |      206 |       35 |   4.999831 |      5 | 0.944625 | 1.402181
2720 | 815700.0 | 816000.0 | 0.003844 | 0.015226 |   4.999831 |      5 | 0.944625 | 0.600000 | 0.580000 | 0.573333 | 0.586667 |  -0.437835 |      201 |      174 |       28 |   4.999907 |      5 | 0.942942 | 1.444803
2721 | 816000.0 | 816300.0 | 0.003843 | 0.015226 |   4.999907 |      5 | 0.942942 | 0.600000 | 0.580000 | 0.613333 | 0.570000 |   1.423042 |      202 |      174 |       28 |   4.999984 |      5 | 0.948411 | 1.306310
2722 | 816300.0 | 816600.0 | 0.003842 | 0.015225 |   4.999984 |      5 | 0.948411 | 0.600000 | 0.580000 | 0.603333 | 0.586667 |   0.547353 |      201 |      174 |       27 |   5.000061 |      6 | 0.950515 | 1.253053
2723 | 816600.0 | 816900.0 | 0.003842 | 0.015224 |   5.000061 |      6 | 0.950515 | 0.600000 | 0.723333 | 0.703333 | 0.650000 |   1.751625 |      243 |      217 |       25 |   4.999587 |      5 | 0.957244 | 1.082666
2724 | 816900.0 | 817200.0 | 0.003841 | 0.015223 |   4.999587 |      5 | 0.957244 | 0.600000 | 0.590000 | 0.573333 | 0.600000 |  -0.875860 |      201 |      177 |       25 |   4.999626 |      5 | 0.953880 | 1.167843
2725 | 817200.0 | 817500.0 | 0.003840 | 0.015222 |   4.999626 |      5 | 0.953880 | 0.600000 | 0.596667 | 0.550000 | 0.563333 |  -0.437954 |      202 |      179 |       23 |   4.999639 |      5 | 0.952198 | 1.210424
2726 | 817500.0 | 817800.0 | 0.003839 | 0.015221 |   4.999639 |      5 | 0.952198 | 0.600000 | 0.600000 | 0.563333 | 0.530000 |   1.094943 |      202 |      180 |       22 |   4.999639 |      5 | 0.956401 | 1.103994
2727 | 817800.0 | 818100.0 | 0.003838 | 0.015221 |   4.999639 |      5 | 0.956401 | 0.600000 | 0.600000 | 0.586667 | 0.603333 |  -0.547501 |      203 |      180 |       23 |   4.999639 |      5 | 0.954300 | 1.157198
2728 | 818100.0 | 818400.0 | 0.003837 | 0.015220 |   4.999639 |      5 | 0.954300 | 0.600000 | 0.576667 | 0.553333 | 0.606667 |  -1.752099 |      201 |      173 |       28 |   4.999728 |      5 | 0.947578 | 1.327421
2729 | 818400.0 | 818700.0 | 0.003836 | 0.015219 |   4.999728 |      5 | 0.947578 | 0.600000 | 0.566667 | 0.523333 | 0.546667 |  -0.766585 |      199 |      170 |       29 |   4.999856 |      5 | 0.944637 | 1.401878
2730 | 818700.0 | 819000.0 | 0.003835 | 0.015218 |   4.999856 |      5 | 0.944637 | 0.600000 | 0.620000 | 0.546667 | 0.563333 |  -0.547590 |      206 |      186 |       20 |   4.999779 |      5 | 0.942537 | 1.455052
2731 | 819000.0 | 819300.0 | 0.003834 | 0.015217 |   4.999779 |      5 | 0.942537 | 0.600000 | 0.600000 | 0.533333 | 0.510000 |   0.766667 |      203 |      180 |       23 |   4.999779 |      5 | 0.945477 | 1.380623
2732 | 819300.0 | 819600.0 | 0.003833 | 0.015217 |   4.999779 |      5 | 0.945477 | 0.600000 | 0.560000 | 0.560000 | 0.573333 |  -0.438119 |      200 |      168 |       32 |   4.999933 |      5 | 0.943797 | 1.423146
2733 | 819600.0 | 819900.0 | 0.003832 | 0.015216 |   4.999933 |      5 | 0.943797 | 0.600000 | 0.583333 | 0.576667 | 0.496667 |   2.628857 |      202 |      175 |       27 |   4.999996 |      5 | 0.953871 | 1.168059
2734 | 819900.0 | 820200.0 | 0.003831 | 0.015215 |   4.999996 |      5 | 0.953871 | 0.600000 | 0.540000 | 0.553333 | 0.566667 |  -0.438166 |      197 |      162 |       35 |   5.000226 |      6 | 0.952193 | 1.210565
2735 | 820200.0 | 820500.0 | 0.003830 | 0.015214 |   5.000226 |      6 | 0.952193 | 0.600000 | 0.676667 | 0.666667 | 0.670000 |  -0.109548 |      239 |      203 |       35 |   4.999933 |      5 | 0.951773 | 1.221190
2736 | 820500.0 | 820800.0 | 0.003829 | 0.015213 |   4.999933 |      5 | 0.951773 | 0.600000 | 0.583333 | 0.546667 | 0.566667 |  -0.657320 |      200 |      175 |       26 |   4.999996 |      5 | 0.949256 | 1.284925
2737 | 820800.0 | 821100.0 | 0.003828 | 0.015212 |   4.999996 |      5 | 0.949256 | 0.600000 | 0.606667 | 0.546667 | 0.573333 |  -0.876474 |      204 |      182 |       22 |   4.999971 |      5 | 0.945901 | 1.369888
2738 | 821100.0 | 821400.0 | 0.003827 | 0.015212 |   4.999971 |      5 | 0.945901 | 0.600000 | 0.580000 | 0.546667 | 0.583333 |  -1.205217 |      202 |      174 |       28 |   5.000047 |      6 | 0.941288 | 1.486690
2739 | 821400.0 | 821700.0 | 0.003826 | 0.015211 |   5.000047 |      6 | 0.941288 | 0.600000 | 0.670000 | 0.626667 | 0.670000 |  -1.424424 |      239 |      201 |       37 |   4.999780 |      5 | 0.935838 | 1.624702
2740 | 821700.0 | 822000.0 | 0.003825 | 0.015210 |   4.999780 |      5 | 0.935838 | 0.600000 | 0.566667 | 0.573333 | 0.553333 |   0.657462 |      199 |      170 |       30 |   4.999907 |      5 | 0.938353 | 1.561016
2741 | 822000.0 | 822300.0 | 0.003824 | 0.015209 |   4.999907 |      5 | 0.938353 | 0.600000 | 0.583333 | 0.573333 | 0.483333 |   2.958738 |      202 |      175 |       27 |   4.999971 |      5 | 0.949668 | 1.274486
2742 | 822300.0 | 822600.0 | 0.003824 | 0.015208 |   4.999971 |      5 | 0.949668 | 0.600000 | 0.610000 | 0.546667 | 0.596667 |  -1.643832 |      204 |      183 |       21 |   4.999933 |      5 | 0.943383 | 1.433639
2743 | 822600.0 | 822900.0 | 0.003823 | 0.015208 |   4.999933 |      5 | 0.943383 | 0.600000 | 0.563333 | 0.573333 | 0.593333 |  -0.657568 |      201 |      169 |       32 |   5.000073 |      6 | 0.940869 | 1.497288
2744 | 822900.0 | 823200.0 | 0.003822 | 0.015207 |   5.000073 |      6 | 0.940869 | 0.600000 | 0.683333 | 0.673333 | 0.656667 |   0.548003 |      240 |      205 |       34 |   4.999754 |      5 | 0.942964 | 1.444257
2745 | 823200.0 | 823500.0 | 0.003821 | 0.015206 |   4.999754 |      5 | 0.942964 | 0.600000 | 0.586667 | 0.593333 | 0.590000 |   0.109606 |      202 |      176 |       27 |   4.999805 |      5 | 0.943382 | 1.433653
2746 | 823500.0 | 823800.0 | 0.003820 | 0.015205 |   4.999805 |      5 | 0.943382 | 0.600000 | 0.576667 | 0.573333 | 0.566667 |   0.219225 |      201 |      173 |       28 |   4.999894 |      5 | 0.944220 | 1.412449
2747 | 823800.0 | 824100.0 | 0.003819 | 0.015204 |   4.999894 |      5 | 0.944220 | 0.600000 | 0.586667 | 0.626667 | 0.546667 |   2.630836 |      203 |      176 |       27 |   4.999945 |      5 | 0.954267 | 1.158050
2748 | 824100.0 | 824400.0 | 0.003818 | 0.015203 |   4.999945 |      5 | 0.954267 | 0.600000 | 0.540000 | 0.526667 | 0.586667 |  -1.973233 |      196 |      162 |       34 |   5.000174 |      6 | 0.946733 | 1.348813
2749 | 824400.0 | 824700.0 | 0.003817 | 0.015203 |   5.000174 |      6 | 0.946733 | 0.600000 | 0.726667 | 0.690000 | 0.673333 |   0.548150 |      245 |      218 |       26 |   4.999691 |      5 | 0.948825 | 1.295833
2750 | 824700.0 | 825000.0 | 0.003816 | 0.015202 |   4.999691 |      5 | 0.948825 | 0.600000 | 0.590000 | 0.523333 | 0.590000 |  -2.192716 |      202 |      177 |       26 |   4.999729 |      5 | 0.940458 | 1.507710
2751 | 825000.0 | 825300.0 | 0.003815 | 0.015201 |   4.999729 |      5 | 0.940458 | 0.600000 | 0.546667 | 0.566667 | 0.516667 |   1.644625 |      197 |      164 |       34 |   4.999933 |      5 | 0.946732 | 1.348833
2752 | 825300.0 | 825600.0 | 0.003814 | 0.015200 |   4.999933 |      5 | 0.946732 | 0.600000 | 0.573333 | 0.583333 | 0.550000 |   1.096476 |      201 |      172 |       28 |   5.000034 |      6 | 0.950914 | 1.242935
2753 | 825600.0 | 825900.0 | 0.003813 | 0.015199 |   5.000034 |      6 | 0.950914 | 0.600000 | 0.706667 | 0.670000 | 0.673333 |  -0.109653 |      241 |      212 |       28 |   4.999628 |      5 | 0.950496 | 1.253523
2754 | 825900.0 | 826200.0 | 0.003812 | 0.015199 |   4.999628 |      5 | 0.950496 | 0.600000 | 0.573333 | 0.586667 | 0.590000 |  -0.109659 |      201 |      172 |       30 |   4.999729 |      5 | 0.950078 | 1.264109
2755 | 826200.0 | 826500.0 | 0.003811 | 0.015198 |   4.999729 |      5 | 0.950078 | 0.600000 | 0.560000 | 0.593333 | 0.596667 |  -0.109665 |      200 |      168 |       32 |   4.999882 |      5 | 0.949660 | 1.274692
2756 | 826500.0 | 826800.0 | 0.003810 | 0.015197 |   4.999882 |      5 | 0.949660 | 0.600000 | 0.580000 | 0.560000 | 0.533333 |   0.877368 |      201 |      174 |       27 |   4.999958 |      5 | 0.953003 | 1.190039
2757 | 826800.0 | 827100.0 | 0.003809 | 0.015196 |   4.999958 |      5 | 0.953003 | 0.600000 | 0.593333 | 0.573333 | 0.546667 |   0.877415 |      203 |      178 |       25 |   4.999983 |      5 | 0.956346 | 1.105402
2758 | 827100.0 | 827400.0 | 0.003809 | 0.015195 |   4.999983 |      5 | 0.956346 | 0.600000 | 0.623333 | 0.606667 | 0.596667 |   0.329048 |      204 |      187 |       17 |   4.999894 |      5 | 0.957599 | 1.073669
2759 | 827400.0 | 827700.0 | 0.003808 | 0.015195 |   4.999894 |      5 | 0.957599 | 0.600000 | 0.573333 | 0.543333 | 0.600000 |  -1.864706 |      200 |      172 |       28 |   4.999996 |      5 | 0.950499 | 1.253454
2760 | 827700.0 | 828000.0 | 0.003807 | 0.015194 |   4.999996 |      5 | 0.950499 | 0.600000 | 0.573333 | 0.556667 | 0.530000 |   0.877556 |      200 |      172 |       28 |   5.000097 |      6 | 0.953839 | 1.168865
2761 | 828000.0 | 828300.0 | 0.003806 | 0.015193 |   5.000097 |      6 | 0.953839 | 0.600000 | 0.646667 | 0.656667 | 0.693333 |  -1.206703 |      236 |      194 |       41 |   4.999920 |      5 | 0.949247 | 1.285153
2762 | 828300.0 | 828600.0 | 0.003805 | 0.015192 |   4.999920 |      5 | 0.949247 | 0.600000 | 0.573333 | 0.573333 | 0.550000 |   0.767943 |      200 |      172 |       29 |   5.000021 |      6 | 0.952169 | 1.211166
2763 | 828600.0 | 828900.0 | 0.003804 | 0.015191 |   5.000021 |      6 | 0.952169 | 0.600000 | 0.696667 | 0.693333 | 0.683333 |   0.329136 |      241 |      209 |       31 |   4.999654 |      5 | 0.953421 | 1.179463
2764 | 828900.0 | 829200.0 | 0.003803 | 0.015190 |   4.999654 |      5 | 0.953421 | 0.600000 | 0.616667 | 0.583333 | 0.600000 |  -0.548589 |      204 |      185 |       20 |   4.999590 |      5 | 0.951335 | 1.232291
2765 | 829200.0 | 829500.0 | 0.003802 | 0.015190 |   4.999590 |      5 | 0.951335 | 0.600000 | 0.620000 | 0.570000 | 0.530000 |   1.316685 |      205 |      186 |       19 |   4.999514 |      5 | 0.956341 | 1.105529
2766 | 829500.0 | 829800.0 | 0.003801 | 0.015189 |   4.999514 |      5 | 0.956341 | 0.600000 | 0.580000 | 0.506667 | 0.560000 |  -1.755673 |      200 |      174 |       26 |   4.999590 |      5 | 0.949667 | 1.274512
2767 | 829800.0 | 830100.0 | 0.003800 | 0.015188 |   4.999590 |      5 | 0.949667 | 0.600000 | 0.570000 | 0.506667 | 0.566667 |  -1.975237 |      200 |      171 |       29 |   4.999704 |      5 | 0.942161 | 1.464582
2768 | 830100.0 | 830400.0 | 0.003799 | 0.015187 |   4.999704 |      5 | 0.942161 | 0.600000 | 0.580000 | 0.590000 | 0.533333 |   1.865601 |      202 |      174 |       28 |   4.999780 |      5 | 0.949249 | 1.285106
2769 | 830400.0 | 830700.0 | 0.003798 | 0.015186 |   4.999780 |      5 | 0.949249 | 0.600000 | 0.610000 | 0.536667 | 0.576667 |  -1.316965 |      204 |      183 |       21 |   4.999742 |      5 | 0.944247 | 1.411771
2770 | 830700.0 | 831000.0 | 0.003797 | 0.015186 |   4.999742 |      5 | 0.944247 | 0.600000 | 0.613333 | 0.586667 | 0.580000 |   0.219506 |      205 |      184 |       21 |   4.999692 |      5 | 0.945080 | 1.390664
2771 | 831000.0 | 831300.0 | 0.003796 | 0.015185 |   4.999692 |      5 | 0.945080 | 0.600000 | 0.553333 | 0.573333 | 0.550000 |   0.768311 |      199 |      166 |       33 |   4.999869 |      5 | 0.947997 | 1.316804
2772 | 831300.0 | 831600.0 | 0.003796 | 0.015184 |   4.999869 |      5 | 0.947997 | 0.600000 | 0.573333 | 0.593333 | 0.590000 |   0.109765 |      200 |      172 |       28 |   4.999970 |      5 | 0.948414 | 1.306255
2773 | 831600.0 | 831900.0 | 0.003795 | 0.015183 |   4.999970 |      5 | 0.948414 | 0.600000 | 0.610000 | 0.573333 | 0.573333 |   0.000000 |      205 |      183 |       22 |   4.999932 |      5 | 0.948414 | 1.306255
2774 | 831900.0 | 832200.0 | 0.003794 | 0.015182 |   4.999932 |      5 | 0.948414 | 0.600000 | 0.600000 | 0.580000 | 0.583333 |  -0.109776 |      202 |      180 |       22 |   4.999932 |      5 | 0.947997 | 1.316800
2775 | 832200.0 | 832500.0 | 0.003793 | 0.015182 |   4.999932 |      5 | 0.947997 | 0.600000 | 0.590000 | 0.556667 | 0.566667 |  -0.329346 |      203 |      177 |       26 |   4.999970 |      5 | 0.946748 | 1.348430
2776 | 832500.0 | 832800.0 | 0.003792 | 0.015181 |   4.999970 |      5 | 0.946748 | 0.600000 | 0.573333 | 0.570000 | 0.563333 |   0.219576 |      200 |      172 |       28 |   5.000071 |      6 | 0.947581 | 1.327348
2777 | 832800.0 | 833100.0 | 0.003791 | 0.015180 |   5.000071 |      6 | 0.947581 | 0.600000 | 0.683333 | 0.676667 | 0.686667 |  -0.329381 |      240 |      205 |       34 |   4.999755 |      5 | 0.946332 | 1.358966
2778 | 833100.0 | 833400.0 | 0.003790 | 0.015179 |   4.999755 |      5 | 0.946332 | 0.600000 | 0.616667 | 0.593333 | 0.500000 |   3.074388 |      206 |      185 |       22 |   4.999692 |      5 | 0.957984 | 1.063921
2779 | 833400.0 | 833700.0 | 0.003789 | 0.015178 |   4.999692 |      5 | 0.957984 | 0.600000 | 0.610000 | 0.566667 | 0.533333 |   1.098054 |      202 |      183 |       20 |   4.999654 |      5 | 0.962144 | 0.958568
2780 | 833700.0 | 834000.0 | 0.003788 | 0.015178 |   4.999654 |      5 | 0.962144 | 0.600000 | 0.590000 | 0.480000 | 0.573333 |  -3.074714 |      201 |      177 |       23 |   4.999692 |      5 | 0.950497 | 1.253500
2781 | 834000.0 | 834300.0 | 0.003787 | 0.015177 |   4.999692 |      5 | 0.950497 | 0.600000 | 0.583333 | 0.543333 | 0.586667 |  -1.427621 |      202 |      175 |       27 |   4.999755 |      5 | 0.945090 | 1.390408
2782 | 834300.0 | 834600.0 | 0.003786 | 0.015176 |   4.999755 |      5 | 0.945090 | 0.600000 | 0.520000 | 0.553333 | 0.603333 |  -1.647343 |      196 |      156 |       40 |   5.000058 |      6 | 0.938853 | 1.548347
2783 | 834600.0 | 834900.0 | 0.003785 | 0.015175 |   5.000058 |      6 | 0.938853 | 0.600000 | 0.686667 | 0.646667 | 0.656667 |  -0.329486 |      241 |      206 |       34 |   4.999730 |      5 | 0.937606 | 1.579929
2784 | 834900.0 | 835200.0 | 0.003784 | 0.015174 |   4.999730 |      5 | 0.937606 | 0.600000 | 0.570000 | 0.563333 | 0.553333 |   0.329503 |      200 |      171 |       30 |   4.999843 |      5 | 0.938853 | 1.548353
2785 | 835200.0 | 835500.0 | 0.003784 | 0.015174 |   4.999843 |      5 | 0.938853 | 0.600000 | 0.583333 | 0.553333 | 0.573333 |  -0.659042 |      202 |      175 |       27 |   4.999907 |      5 | 0.936359 | 1.611493
2786 | 835500.0 | 835800.0 | 0.003783 | 0.015173 |   4.999907 |      5 | 0.936359 | 0.600000 | 0.586667 | 0.563333 | 0.550000 |   0.439384 |      202 |      176 |       26 |   4.999957 |      5 | 0.938021 | 1.569408
2787 | 835800.0 | 836100.0 | 0.003782 | 0.015172 |   4.999957 |      5 | 0.938021 | 0.600000 | 0.560000 | 0.583333 | 0.530000 |   1.757631 |      200 |      168 |       32 |   5.000108 |      6 | 0.944668 | 1.401099
2788 | 836100.0 | 836400.0 | 0.003781 | 0.015171 |   5.000108 |      6 | 0.944668 | 0.600000 | 0.730000 | 0.636667 | 0.710000 |  -2.416870 |      245 |      219 |       25 |   4.999617 |      5 | 0.935530 | 1.632480
2789 | 836400.0 | 836700.0 | 0.003780 | 0.015170 |   4.999617 |      5 | 0.935530 | 0.600000 | 0.573333 | 0.583333 | 0.596667 |  -0.439454 |      200 |      172 |       29 |   4.999718 |      5 | 0.933869 | 1.674541
2790 | 836700.0 | 837000.0 | 0.003779 | 0.015170 |   4.999718 |      5 | 0.933869 | 0.600000 | 0.573333 | 0.596667 | 0.583333 |   0.439477 |      202 |      172 |       30 |   4.999818 |      5 | 0.935530 | 1.632488
2791 | 837000.0 | 837300.0 | 0.003778 | 0.015169 |   4.999818 |      5 | 0.935530 | 0.600000 | 0.613333 | 0.560000 | 0.553333 |   0.219750 |      205 |      184 |       21 |   4.999768 |      5 | 0.936360 | 1.611465
2792 | 837300.0 | 837600.0 | 0.003777 | 0.015168 |   4.999768 |      5 | 0.936360 | 0.600000 | 0.573333 | 0.596667 | 0.563333 |   1.098809 |      201 |      172 |       29 |   4.999869 |      5 | 0.940511 | 1.506371
2793 | 837600.0 | 837900.0 | 0.003776 | 0.015167 |   4.999869 |      5 | 0.940511 | 0.600000 | 0.546667 | 0.553333 | 0.573333 |  -0.659320 |      198 |      164 |       34 |   5.000070 |      6 | 0.938021 | 1.569416
2794 | 837900.0 | 838200.0 | 0.003775 | 0.015166 |   5.000070 |      6 | 0.938021 | 0.600000 | 0.650000 | 0.733333 | 0.646667 |   2.857206 |      239 |      195 |       43 |   4.999881 |      5 | 0.948808 | 1.296276
2795 | 838200.0 | 838500.0 | 0.003774 | 0.015166 |   4.999881 |      5 | 0.948808 | 0.600000 | 0.583333 | 0.576667 | 0.586667 |  -0.329695 |      201 |      175 |       27 |   4.999944 |      5 | 0.947563 | 1.327786
2796 | 838500.0 | 838800.0 | 0.003773 | 0.015165 |   4.999944 |      5 | 0.947563 | 0.600000 | 0.580000 | 0.580000 | 0.580000 |   0.000000 |      200 |      174 |       26 |   5.000020 |      6 | 0.947563 | 1.327786
2797 | 838800.0 | 839100.0 | 0.003773 | 0.015164 |   5.000020 |      6 | 0.947563 | 0.600000 | 0.733333 | 0.680000 | 0.726667 |  -1.538739 |      245 |      220 |       24 |   4.999517 |      5 | 0.941758 | 1.474778
2798 | 839100.0 | 839400.0 | 0.003772 | 0.015163 |   4.999517 |      5 | 0.941758 | 0.600000 | 0.550000 | 0.560000 | 0.576667 |  -0.549579 |      198 |      165 |       34 |   4.999705 |      5 | 0.939686 | 1.527265
2799 | 839400.0 | 839700.0 | 0.003771 | 0.015162 |   4.999705 |      5 | 0.939686 | 0.600000 | 0.513333 | 0.530000 | 0.546667 |  -0.549607 |      195 |      154 |       41 |   5.000032 |      6 | 0.937613 | 1.579743
2800 | 839700.0 | 840000.0 | 0.003770 | 0.015162 |   5.000032 |      6 | 0.937613 | 0.600000 | 0.716667 | 0.676667 | 0.693333 |  -0.549636 |      245 |      215 |       29 |   4.999592 |      5 | 0.935541 | 1.632210
2801 | 840000.0 | 840300.0 | 0.003769 | 0.015161 |   4.999592 |      5 | 0.935541 | 0.600000 | 0.553333 | 0.556667 | 0.546667 |   0.329799 |      198 |      166 |       33 |   4.999768 |      5 | 0.936784 | 1.600735
2802 | 840300.0 | 840600.0 | 0.003768 | 0.015160 |   4.999768 |      5 | 0.936784 | 0.600000 | 0.580000 | 0.593333 | 0.570000 |   0.769572 |      202 |      174 |       28 |   4.999843 |      5 | 0.939684 | 1.527309
2803 | 840600.0 | 840900.0 | 0.003767 | 0.015159 |   4.999843 |      5 | 0.939684 | 0.600000 | 0.593333 | 0.593333 | 0.556667 |   1.209391 |      203 |      178 |       25 |   4.999869 |      5 | 0.944240 | 1.411946
2804 | 840900.0 | 841200.0 | 0.003766 | 0.015158 |   4.999869 |      5 | 0.944240 | 0.600000 | 0.593333 | 0.576667 | 0.570000 |   0.219901 |      203 |      178 |       25 |   4.999894 |      5 | 0.945068 | 1.390974
2805 | 841200.0 | 841500.0 | 0.003765 | 0.015158 |   4.999894 |      5 | 0.945068 | 0.600000 | 0.626667 | 0.576667 | 0.533333 |   1.429430 |      206 |      188 |       18 |   4.999793 |      5 | 0.950450 | 1.254688
2806 | 841500.0 | 841800.0 | 0.003764 | 0.015157 |   4.999793 |      5 | 0.950450 | 0.600000 | 0.613333 | 0.570000 | 0.556667 |   0.439848 |      204 |      184 |       20 |   4.999743 |      5 | 0.952106 | 1.212761
2807 | 841800.0 | 842100.0 | 0.003763 | 0.015156 |   4.999743 |      5 | 0.952106 | 0.600000 | 0.573333 | 0.546667 | 0.566667 |  -0.659806 |      201 |      172 |       29 |   4.999843 |      5 | 0.949623 | 1.275639
2808 | 842100.0 | 842400.0 | 0.003763 | 0.015155 |   4.999843 |      5 | 0.949623 | 0.600000 | 0.590000 | 0.590000 | 0.570000 |   0.659841 |      202 |      177 |       25 |   4.999881 |      5 | 0.952105 | 1.212773
2809 | 842400.0 | 842700.0 | 0.003762 | 0.015154 |   4.999881 |      5 | 0.952105 | 0.600000 | 0.556667 | 0.593333 | 0.570000 |   0.769855 |      199 |      167 |       32 |   5.000044 |      6 | 0.955001 | 1.139443
2810 | 842700.0 | 843000.0 | 0.003761 | 0.015154 |   5.000044 |      6 | 0.955001 | 0.600000 | 0.696667 | 0.636667 | 0.676667 |  -1.319821 |      240 |      209 |       31 |   4.999681 |      5 | 0.950038 | 1.265128
2811 | 843000.0 | 843300.0 | 0.003760 | 0.015153 |   4.999681 |      5 | 0.950038 | 0.600000 | 0.556667 | 0.580000 | 0.533333 |   1.539871 |      198 |      167 |       31 |   4.999843 |      5 | 0.955828 | 1.118523
2812 | 843300.0 | 843600.0 | 0.003759 | 0.015152 |   4.999843 |      5 | 0.955828 | 0.600000 | 0.600000 | 0.566667 | 0.573333 |  -0.219993 |      203 |      180 |       23 |   4.999843 |      5 | 0.955001 | 1.139463
2813 | 843600.0 | 843900.0 | 0.003758 | 0.015151 |   4.999843 |      5 | 0.955001 | 0.600000 | 0.606667 | 0.540000 | 0.570000 |  -0.990021 |      204 |      182 |       22 |   4.999818 |      5 | 0.951280 | 1.233673
2814 | 843900.0 | 844200.0 | 0.003757 | 0.015150 |   4.999818 |      5 | 0.951280 | 0.600000 | 0.570000 | 0.570000 | 0.560000 |   0.330024 |      200 |      171 |       29 |   4.999931 |      5 | 0.952520 | 1.202276
2815 | 844200.0 | 844500.0 | 0.003756 | 0.015150 |   4.999931 |      5 | 0.952520 | 0.600000 | 0.566667 | 0.556667 | 0.580000 |  -0.770097 |      200 |      170 |       30 |   5.000056 |      6 | 0.949627 | 1.275523
2816 | 844500.0 | 844800.0 | 0.003755 | 0.015149 |   5.000056 |      6 | 0.949627 | 0.600000 | 0.720000 | 0.670000 | 0.693333 |  -0.770137 |      243 |      216 |       26 |   4.999606 |      5 | 0.946735 | 1.348756
2817 | 844800.0 | 845100.0 | 0.003754 | 0.015148 |   4.999606 |      5 | 0.946735 | 0.600000 | 0.573333 | 0.556667 | 0.526667 |   0.990228 |      201 |      172 |       30 |   4.999706 |      5 | 0.950453 | 1.254617
2818 | 845100.0 | 845400.0 | 0.003754 | 0.015147 |   4.999706 |      5 | 0.950453 | 0.600000 | 0.623333 | 0.610000 | 0.573333 |   1.210343 |      205 |      187 |       18 |   4.999618 |      5 | 0.954996 | 1.139579
2819 | 845400.0 | 845700.0 | 0.003753 | 0.015146 |   4.999618 |      5 | 0.954996 | 0.600000 | 0.563333 | 0.570000 | 0.616667 |  -1.540517 |      198 |      169 |       29 |   4.999756 |      5 | 0.949215 | 1.285963
2820 | 845700.0 | 846000.0 | 0.003752 | 0.015146 |   4.999756 |      5 | 0.949215 | 0.600000 | 0.583333 | 0.540000 | 0.526667 |   0.440171 |      203 |      175 |       28 |   4.999818 |      5 | 0.950866 | 1.244147
2821 | 846000.0 | 846300.0 | 0.003751 | 0.015145 |   4.999818 |      5 | 0.950866 | 0.600000 | 0.550000 | 0.556667 | 0.560000 |  -0.110048 |      197 |      165 |       32 |   5.000006 |      6 | 0.950454 | 1.254599
2822 | 846300.0 | 846600.0 | 0.003750 | 0.015144 |   5.000006 |      6 | 0.950454 | 0.600000 | 0.696667 | 0.676667 | 0.683333 |  -0.220108 |      242 |      209 |       32 |   4.999643 |      5 | 0.949628 | 1.275499
2823 | 846600.0 | 846900.0 | 0.003749 | 0.015143 |   4.999643 |      5 | 0.949628 | 0.600000 | 0.573333 | 0.513333 | 0.546667 |  -1.100599 |      199 |      172 |       28 |   4.999743 |      5 | 0.945502 | 1.379982
2824 | 846900.0 | 847200.0 | 0.003748 | 0.015142 |   4.999743 |      5 | 0.945502 | 0.600000 | 0.583333 | 0.620000 | 0.563333 |   1.871116 |      202 |      175 |       27 |   4.999806 |      5 | 0.952515 | 1.202395
2825 | 847200.0 | 847500.0 | 0.003747 | 0.015142 |   4.999806 |      5 | 0.952515 | 0.600000 | 0.570000 | 0.520000 | 0.526667 |  -0.220143 |      201 |      171 |       30 |   4.999918 |      5 | 0.951690 | 1.223284
2826 | 847500.0 | 847800.0 | 0.003746 | 0.015141 |   4.999918 |      5 | 0.951690 | 0.600000 | 0.616667 | 0.550000 | 0.563333 |  -0.440308 |      204 |      185 |       19 |   4.999856 |      5 | 0.950041 | 1.265053
2827 | 847800.0 | 848100.0 | 0.003745 | 0.015140 |   4.999856 |      5 | 0.950041 | 0.600000 | 0.600000 | 0.543333 | 0.583333 |  -1.320994 |      203 |      180 |       23 |   4.999856 |      5 | 0.945093 | 1.390338
2828 | 848100.0 | 848400.0 | 0.003745 | 0.015139 |   4.999856 |      5 | 0.945093 | 0.600000 | 0.573333 | 0.586667 | 0.606667 |  -0.660532 |      201 |      172 |       29 |   4.999956 |      5 | 0.942620 | 1.452969
2829 | 848400.0 | 848700.0 | 0.003744 | 0.015139 |   4.999956 |      5 | 0.942620 | 0.600000 | 0.590000 | 0.560000 | 0.590000 |  -0.990849 |      202 |      177 |       25 |   4.999993 |      5 | 0.938910 | 1.546897
2830 | 848700.0 | 849000.0 | 0.003743 | 0.015138 |   4.999993 |      5 | 0.938910 | 0.600000 | 0.556667 | 0.593333 | 0.556667 |   1.211101 |      199 |      167 |       32 |   5.000155 |      6 | 0.943443 | 1.432117
2831 | 849000.0 | 849300.0 | 0.003742 | 0.015137 |   5.000155 |      6 | 0.943443 | 0.600000 | 0.666667 | 0.700000 | 0.683333 |   0.550529 |      239 |      200 |       38 |   4.999906 |      5 | 0.945503 | 1.379954
2832 | 849300.0 | 849600.0 | 0.003741 | 0.015136 |   4.999906 |      5 | 0.945503 | 0.600000 | 0.580000 | 0.583333 | 0.590000 |  -0.220223 |      201 |      174 |       28 |   4.999981 |      5 | 0.944679 | 1.400815
2833 | 849600.0 | 849900.0 | 0.003740 | 0.015135 |   4.999981 |      5 | 0.944679 | 0.600000 | 0.606667 | 0.593333 | 0.553333 |   1.321407 |      204 |      182 |       22 |   4.999956 |      5 | 0.949621 | 1.275671
2834 | 849900.0 | 850200.0 | 0.003739 | 0.015135 |   4.999956 |      5 | 0.949621 | 0.600000 | 0.566667 | 0.603333 | 0.560000 |   1.431599 |      200 |      170 |       30 |   5.000080 |      6 | 0.954974 | 1.140123
2835 | 850200.0 | 850500.0 | 0.003738 | 0.015134 |   5.000080 |      6 | 0.954974 | 0.600000 | 0.703333 | 0.606667 | 0.690000 |  -2.753218 |      241 |      211 |       30 |   4.999694 |      5 | 0.944682 | 1.400743
2836 | 850500.0 | 850800.0 | 0.003737 | 0.015133 |   4.999694 |      5 | 0.944682 | 0.600000 | 0.566667 | 0.590000 | 0.576667 |   0.440538 |      199 |      170 |       29 |   4.999819 |      5 | 0.946329 | 1.359052
2837 | 850800.0 | 851100.0 | 0.003737 | 0.015132 |   4.999819 |      5 | 0.946329 | 0.600000 | 0.566667 | 0.603333 | 0.566667 |   1.211542 |      201 |      170 |       31 |   4.999943 |      5 | 0.950856 | 1.244422
2838 | 851100.0 | 851400.0 | 0.003736 | 0.015131 |   4.999943 |      5 | 0.950856 | 0.600000 | 0.603333 | 0.560000 | 0.566667 |  -0.220292 |      203 |      181 |       22 |   4.999931 |      5 | 0.950033 | 1.265260
2839 | 851400.0 | 851700.0 | 0.003735 | 0.015131 |   4.999931 |      5 | 0.950033 | 0.600000 | 0.610000 | 0.593333 | 0.560000 |   1.101516 |      204 |      183 |       21 |   4.999893 |      5 | 0.954147 | 1.161089
2840 | 851700.0 | 852000.0 | 0.003734 | 0.015130 |   4.999893 |      5 | 0.954147 | 0.600000 | 0.563333 | 0.533333 | 0.580000 |  -1.542203 |      199 |      169 |       30 |   5.000030 |      6 | 0.948388 | 1.306901
2841 | 852000.0 | 852300.0 | 0.003733 | 0.015129 |   5.000030 |      6 | 0.948388 | 0.600000 | 0.693333 | 0.733333 | 0.640000 |   3.084565 |      241 |      208 |       32 |   4.999682 |      5 | 0.959903 | 1.015332
2842 | 852300.0 | 852600.0 | 0.003732 | 0.015128 |   4.999682 |      5 | 0.959903 | 0.600000 | 0.603333 | 0.536667 | 0.526667 |   0.330506 |      201 |      181 |       21 |   4.999669 |      5 | 0.961136 | 0.984099
2843 | 852600.0 | 852900.0 | 0.003731 | 0.015128 |   4.999669 |      5 | 0.961136 | 0.600000 | 0.613333 | 0.496667 | 0.556667 |  -1.983141 |      203 |      184 |       19 |   4.999620 |      5 | 0.953737 | 1.171466
2844 | 852900.0 | 853200.0 | 0.003730 | 0.015127 |   4.999620 |      5 | 0.953737 | 0.600000 | 0.590000 | 0.596667 | 0.563333 |   1.101802 |      201 |      177 |       24 |   4.999657 |      5 | 0.957847 | 1.067392
2845 | 853200.0 | 853500.0 | 0.003729 | 0.015126 |   4.999657 |      5 | 0.957847 | 0.600000 | 0.593333 | 0.530000 | 0.553333 |  -0.771301 |      201 |      178 |       23 |   4.999682 |      5 | 0.954970 | 1.140230
2846 | 853500.0 | 853800.0 | 0.003729 | 0.015125 |   4.999682 |      5 | 0.954970 | 0.600000 | 0.560000 | 0.556667 | 0.576667 |  -0.661150 |      199 |      168 |       31 |   4.999831 |      5 | 0.952505 | 1.202651
2847 | 853800.0 | 854100.0 | 0.003728 | 0.015124 |   4.999831 |      5 | 0.952505 | 0.600000 | 0.613333 | 0.520000 | 0.563333 |  -1.432565 |      204 |      184 |       20 |   4.999781 |      5 | 0.947165 | 1.337871
2848 | 854100.0 | 854400.0 | 0.003727 | 0.015124 |   4.999781 |      5 | 0.947165 | 0.600000 | 0.583333 | 0.530000 | 0.553333 |  -0.771421 |      201 |      175 |       26 |   4.999843 |      5 | 0.944290 | 1.410669
2849 | 854400.0 | 854700.0 | 0.003726 | 0.015123 |   4.999843 |      5 | 0.944290 | 0.600000 | 0.586667 | 0.533333 | 0.530000 |   0.110209 |      203 |      176 |       27 |   4.999893 |      5 | 0.944701 | 1.400271
2850 | 854700.0 | 855000.0 | 0.003725 | 0.015122 |   4.999893 |      5 | 0.944701 | 0.600000 | 0.626667 | 0.590000 | 0.600000 |  -0.330643 |      206 |      188 |       18 |   4.999794 |      5 | 0.943469 | 1.431458
2851 | 855000.0 | 855300.0 | 0.003724 | 0.015121 |   4.999794 |      5 | 0.943469 | 0.600000 | 0.580000 | 0.576667 | 0.563333 |   0.440881 |      201 |      174 |       27 |   4.999868 |      5 | 0.945111 | 1.389883
2852 | 855300.0 | 855600.0 | 0.003723 | 0.015120 |   4.999868 |      5 | 0.945111 | 0.600000 | 0.623333 | 0.570000 | 0.553333 |   0.551129 |      206 |      187 |       19 |   4.999781 |      5 | 0.947163 | 1.337923
2853 | 855600.0 | 855900.0 | 0.003722 | 0.015120 |   4.999781 |      5 | 0.947163 | 0.600000 | 0.556667 | 0.573333 | 0.543333 |   0.992084 |      199 |      167 |       32 |   4.999943 |      5 | 0.950856 | 1.244413
2854 | 855900.0 | 856200.0 | 0.003721 | 0.015119 |   4.999943 |      5 | 0.950856 | 0.600000 | 0.596667 | 0.586667 | 0.590000 |  -0.110237 |      203 |      179 |       24 |   4.999955 |      5 | 0.950446 | 1.254802
2855 | 856200.0 | 856500.0 | 0.003721 | 0.015118 |   4.999955 |      5 | 0.950446 | 0.600000 | 0.613333 | 0.566667 | 0.550000 |   0.551215 |      204 |      184 |       20 |   4.999905 |      5 | 0.952496 | 1.202871
2856 | 856500.0 | 856800.0 | 0.003720 | 0.015117 |   4.999905 |      5 | 0.952496 | 0.600000 | 0.623333 | 0.556667 | 0.566667 |  -0.330746 |      206 |      187 |       19 |   4.999819 |      5 | 0.951266 | 1.234023
2857 | 856800.0 | 857100.0 | 0.003719 | 0.015117 |   4.999819 |      5 | 0.951266 | 0.600000 | 0.593333 | 0.566667 | 0.550000 |   0.551271 |      201 |      178 |       23 |   4.999843 |      5 | 0.953316 | 1.182112
2858 | 857100.0 | 857400.0 | 0.003718 | 0.015116 |   4.999843 |      5 | 0.953316 | 0.600000 | 0.586667 | 0.550000 | 0.556667 |  -0.220520 |      203 |      176 |       27 |   4.999893 |      5 | 0.952496 | 1.202873
2859 | 857400.0 | 857700.0 | 0.003717 | 0.015115 |   4.999893 |      5 | 0.952496 | 0.600000 | 0.583333 | 0.566667 | 0.573333 |  -0.220531 |      201 |      175 |       26 |   4.999955 |      5 | 0.951677 | 1.223630
2860 | 857700.0 | 858000.0 | 0.003716 | 0.015114 |   4.999955 |      5 | 0.951677 | 0.600000 | 0.590000 | 0.553333 | 0.613333 |  -1.984884 |      202 |      177 |       25 |   4.999992 |      5 | 0.944301 | 1.410407
2861 | 858000.0 | 858300.0 | 0.003715 | 0.015113 |   4.999992 |      5 | 0.944301 | 0.600000 | 0.580000 | 0.603333 | 0.563333 |   1.323324 |      201 |      174 |       27 |   5.000066 |      6 | 0.949217 | 1.285912
2862 | 858300.0 | 858600.0 | 0.003714 | 0.015113 |   5.000066 |      6 | 0.949217 | 0.600000 | 0.716667 | 0.666667 | 0.660000 |   0.220565 |      243 |      215 |       27 |   4.999633 |      5 | 0.950036 | 1.265166
2863 | 858600.0 | 858900.0 | 0.003714 | 0.015112 |   4.999633 |      5 | 0.950036 | 0.600000 | 0.630000 | 0.570000 | 0.550000 |   0.661730 |      206 |      189 |       18 |   4.999522 |      5 | 0.952494 | 1.202942
2864 | 858900.0 | 859200.0 | 0.003713 | 0.015111 |   4.999522 |      5 | 0.952494 | 0.600000 | 0.556667 | 0.526667 | 0.620000 |  -3.088234 |      199 |      167 |       32 |   4.999683 |      5 | 0.941028 | 1.493270
2865 | 859200.0 | 859500.0 | 0.003712 | 0.015110 |   4.999683 |      5 | 0.941028 | 0.600000 | 0.626667 | 0.580000 | 0.570000 |   0.330899 |      205 |      188 |       17 |   4.999584 |      5 | 0.942256 | 1.462169
2866 | 859500.0 | 859800.0 | 0.003711 | 0.015110 |   4.999584 |      5 | 0.942256 | 0.600000 | 0.580000 | 0.596667 | 0.570000 |   0.882443 |      202 |      174 |       28 |   4.999658 |      5 | 0.945531 | 1.379249
2867 | 859800.0 | 860100.0 | 0.003710 | 0.015109 |   4.999658 |      5 | 0.945531 | 0.600000 | 0.566667 | 0.603333 | 0.553333 |   1.654666 |      200 |      170 |       30 |   4.999781 |      5 | 0.951670 | 1.223802
2868 | 860100.0 | 860400.0 | 0.003709 | 0.015108 |   4.999781 |      5 | 0.951670 | 0.600000 | 0.590000 | 0.533333 | 0.586667 |  -1.765068 |      203 |      177 |       26 |   4.999819 |      5 | 0.945123 | 1.389581
2869 | 860400.0 | 860700.0 | 0.003708 | 0.015107 |   4.999819 |      5 | 0.945123 | 0.600000 | 0.570000 | 0.543333 | 0.556667 |  -0.441290 |      199 |      171 |       28 |   4.999930 |      5 | 0.943487 | 1.431018
2870 | 860700.0 | 861000.0 | 0.003707 | 0.015106 |   4.999930 |      5 | 0.943487 | 0.600000 | 0.556667 | 0.586667 | 0.546667 |   1.323937 |      200 |      167 |       33 |   5.000090 |      6 | 0.948395 | 1.306730
2871 | 861000.0 | 861300.0 | 0.003707 | 0.015106 |   5.000090 |      6 | 0.948395 | 0.600000 | 0.723333 | 0.670000 | 0.690000 |  -0.662003 |      244 |      217 |       26 |   4.999633 |      5 | 0.945941 | 1.368863
2872 | 861300.0 | 861600.0 | 0.003706 | 0.015105 |   4.999633 |      5 | 0.945941 | 0.600000 | 0.580000 | 0.536667 | 0.543333 |  -0.220679 |      201 |      174 |       28 |   4.999707 |      5 | 0.945123 | 1.389570
2873 | 861600.0 | 861900.0 | 0.003705 | 0.015104 |   4.999707 |      5 | 0.945123 | 0.600000 | 0.586667 | 0.553333 | 0.570000 |  -0.551726 |      202 |      176 |       26 |   4.999757 |      5 | 0.943079 | 1.441328
2874 | 861900.0 | 862200.0 | 0.003704 | 0.015103 |   4.999757 |      5 | 0.943079 | 0.600000 | 0.606667 | 0.510000 | 0.576667 |  -2.207015 |      204 |      182 |       22 |   4.999732 |      5 | 0.934905 | 1.648323
2875 | 862200.0 | 862500.0 | 0.003703 | 0.015103 |   4.999732 |      5 | 0.934905 | 0.600000 | 0.610000 | 0.556667 | 0.533333 |   0.772495 |      204 |      183 |       21 |   4.999695 |      5 | 0.937765 | 1.575888
2876 | 862500.0 | 862800.0 | 0.003702 | 0.015102 |   4.999695 |      5 | 0.937765 | 0.600000 | 0.536667 | 0.573333 | 0.566667 |   0.220724 |      198 |      161 |       37 |   4.999930 |      5 | 0.938583 | 1.555196
2877 | 862800.0 | 863100.0 | 0.003701 | 0.015101 |   4.999930 |      5 | 0.938583 | 0.600000 | 0.556667 | 0.570000 | 0.540000 |   0.993310 |      199 |      167 |       32 |   5.000090 |      6 | 0.942259 | 1.462100
2878 | 863100.0 | 863400.0 | 0.003700 | 0.015100 |   5.000090 |      6 | 0.942259 | 0.600000 | 0.713333 | 0.660000 | 0.686667 |  -0.882987 |      244 |      214 |       29 |   4.999671 |      5 | 0.938992 | 1.544837
2879 | 863400.0 | 863700.0 | 0.003700 | 0.015099 |   4.999671 |      5 | 0.938992 | 0.600000 | 0.596667 | 0.570000 | 0.570000 |   0.000000 |      203 |      179 |       25 |   4.999683 |      5 | 0.938992 | 1.544837
2880 | 863700.0 | 864000.0 | 0.003699 | 0.015099 |   4.999683 |      5 | 0.938992 | 0.600000 | 0.600000 | 0.526667 | 0.570000 |  -1.435001 |      202 |      180 |       22 |   4.999683 |      5 | 0.933684 | 1.679235
2881 | 864000.0 | 864300.0 | 0.003698 | 0.015098 |   4.999683 |      5 | 0.933684 | 0.600000 | 0.610000 | 0.586667 | 0.573333 |   0.441561 |      205 |      183 |       22 |   4.999646 |      5 | 0.935317 | 1.637890
2882 | 864300.0 | 864600.0 | 0.003697 | 0.015097 |   4.999646 |      5 | 0.935317 | 0.600000 | 0.600000 | 0.580000 | 0.523333 |   1.876732 |      205 |      180 |       25 |   4.999646 |      5 | 0.942255 | 1.462202
2883 | 864600.0 | 864900.0 | 0.003696 | 0.015096 |   4.999646 |      5 | 0.942255 | 0.600000 | 0.550000 | 0.570000 | 0.550000 |   0.662410 |      197 |      165 |       32 |   4.999831 |      5 | 0.944703 | 1.400207
2884 | 864900.0 | 865200.0 | 0.003695 | 0.015096 |   4.999831 |      5 | 0.944703 | 0.600000 | 0.583333 | 0.566667 | 0.576667 |  -0.331222 |      203 |      175 |       28 |   4.999892 |      5 | 0.943479 | 1.431199
2885 | 865200.0 | 865500.0 | 0.003694 | 0.015095 |   4.999892 |      5 | 0.943479 | 0.600000 | 0.536667 | 0.606667 | 0.556667 |   1.656194 |      196 |      161 |       35 |   5.000126 |      6 | 0.949598 | 1.276266
2886 | 865500.0 | 865800.0 | 0.003693 | 0.015094 |   5.000126 |      6 | 0.949598 | 0.600000 | 0.676667 | 0.666667 | 0.720000 |  -1.766697 |      239 |      203 |       35 |   4.999843 |      5 | 0.943073 | 1.441497
2887 | 865800.0 | 866100.0 | 0.003693 | 0.015093 |   4.999843 |      5 | 0.943073 | 0.600000 | 0.593333 | 0.526667 | 0.583333 |  -1.877212 |      202 |      178 |       25 |   4.999868 |      5 | 0.936141 | 1.617023
2888 | 866100.0 | 866400.0 | 0.003692 | 0.015093 |   4.999868 |      5 | 0.936141 | 0.600000 | 0.590000 | 0.570000 | 0.543333 |   0.883439 |      203 |      177 |       26 |   4.999905 |      5 | 0.939402 | 1.534438
2889 | 866400.0 | 866700.0 | 0.003691 | 0.015092 |   4.999905 |      5 | 0.939402 | 0.600000 | 0.533333 | 0.603333 | 0.543333 |   1.987839 |      198 |      160 |       38 |   5.000151 |      6 | 0.946739 | 1.348655
2890 | 866700.0 | 867000.0 | 0.003690 | 0.015091 |   5.000151 |      6 | 0.946739 | 0.600000 | 0.720000 | 0.683333 | 0.720000 |  -1.214852 |      244 |      216 |       27 |   4.999708 |      5 | 0.942256 | 1.462168
2891 | 867000.0 | 867300.0 | 0.003689 | 0.015090 |   4.999708 |      5 | 0.942256 | 0.600000 | 0.563333 | 0.550000 | 0.550000 |   0.000000 |      199 |      169 |       31 |   4.999843 |      5 | 0.942256 | 1.462168
2892 | 867300.0 | 867600.0 | 0.003688 | 0.015089 |   4.999843 |      5 | 0.942256 | 0.600000 | 0.580000 | 0.583333 | 0.613333 |  -0.994072 |      201 |      174 |       27 |   4.999917 |      5 | 0.938590 | 1.555009
2893 | 867600.0 | 867900.0 | 0.003687 | 0.015089 |   4.999917 |      5 | 0.938590 | 0.600000 | 0.546667 | 0.526667 | 0.560000 |  -1.104580 |      199 |      164 |       35 |   5.000114 |      6 | 0.934517 | 1.658146
2894 | 867900.0 | 868200.0 | 0.003687 | 0.015088 |   5.000114 |      6 | 0.934517 | 0.600000 | 0.673333 | 0.720000 | 0.670000 |   1.656955 |      241 |      202 |       38 |   4.999843 |      5 | 0.940625 | 1.503469
2895 | 868200.0 | 868500.0 | 0.003686 | 0.015087 |   4.999843 |      5 | 0.940625 | 0.600000 | 0.600000 | 0.573333 | 0.600000 |  -0.883754 |      203 |      180 |       24 |   4.999843 |      5 | 0.937368 | 1.585948
2896 | 868500.0 | 868800.0 | 0.003685 | 0.015086 |   4.999843 |      5 | 0.937368 | 0.600000 | 0.580000 | 0.596667 | 0.543333 |   1.767599 |      201 |      174 |       27 |   4.999917 |      5 | 0.943881 | 1.421019
2897 | 868800.0 | 869100.0 | 0.003684 | 0.015086 |   4.999917 |      5 | 0.943881 | 0.600000 | 0.543333 | 0.586667 | 0.563333 |   0.773364 |      198 |      163 |       35 |   5.000126 |      6 | 0.946730 | 1.348876
2898 | 869100.0 | 869400.0 | 0.003683 | 0.015085 |   5.000126 |      6 | 0.946730 | 0.600000 | 0.710000 | 0.673333 | 0.653333 |   0.662917 |      243 |      213 |       29 |   4.999721 |      5 | 0.949172 | 1.287050
2899 | 869400.0 | 869700.0 | 0.003682 | 0.015084 |   4.999721 |      5 | 0.949172 | 0.600000 | 0.560000 | 0.590000 | 0.566667 |   0.773442 |      199 |      168 |       32 |   4.999868 |      5 | 0.952020 | 1.214933
2900 | 869700.0 | 870000.0 | 0.003681 | 0.015083 |   4.999868 |      5 | 0.952020 | 0.600000 | 0.576667 | 0.566667 | 0.593333 |  -0.883979 |      201 |      173 |       28 |   4.999954 |      5 | 0.948766 | 1.297337
2901 | 870000.0 | 870300.0 | 0.003681 | 0.015083 |   4.999954 |      5 | 0.948766 | 0.600000 | 0.633333 | 0.536667 | 0.520000 |   0.552515 |      207 |      190 |       17 |   4.999831 |      5 | 0.950799 | 1.245844
2902 | 870300.0 | 870600.0 | 0.003680 | 0.015082 |   4.999831 |      5 | 0.950799 | 0.600000 | 0.550000 | 0.563333 | 0.573333 |  -0.331526 |      197 |      165 |       32 |   5.000015 |      6 | 0.949579 | 1.276734
2903 | 870600.0 | 870900.0 | 0.003679 | 0.015081 |   5.000015 |      6 | 0.949579 | 0.600000 | 0.700000 | 0.656667 | 0.643333 |   0.442057 |      243 |      210 |       32 |   4.999647 |      5 | 0.951206 | 1.235555
2904 | 870900.0 | 871200.0 | 0.003678 | 0.015080 |   4.999647 |      5 | 0.951206 | 0.600000 | 0.590000 | 0.533333 | 0.586667 |  -1.768318 |      201 |      177 |       25 |   4.999684 |      5 | 0.944702 | 1.400243
2905 | 871200.0 | 871500.0 | 0.003677 | 0.015079 |   4.999684 |      5 | 0.944702 | 0.600000 | 0.530000 | 0.533333 | 0.553333 |  -0.663153 |      196 |      159 |       37 |   4.999941 |      5 | 0.942263 | 1.461990
2906 | 871500.0 | 871800.0 | 0.003676 | 0.015079 |   4.999941 |      5 | 0.942263 | 0.600000 | 0.516667 | 0.550000 | 0.556667 |  -0.221062 |      196 |      155 |       41 |   5.000248 |      6 | 0.941451 | 1.482569
2907 | 871800.0 | 872100.0 | 0.003675 | 0.015078 |   5.000248 |      6 | 0.941451 | 0.600000 | 0.683333 | 0.680000 | 0.653333 |   0.884293 |      241 |      205 |       35 |   4.999941 |      5 | 0.944701 | 1.400269
2908 | 872100.0 | 872400.0 | 0.003675 | 0.015077 |   4.999941 |      5 | 0.944701 | 0.600000 | 0.590000 | 0.586667 | 0.543333 |   1.437050 |      201 |      177 |       25 |   4.999978 |      5 | 0.949981 | 1.266557
2909 | 872400.0 | 872700.0 | 0.003674 | 0.015076 |   4.999978 |      5 | 0.949981 | 0.600000 | 0.550000 | 0.613333 | 0.513333 |   3.316437 |      199 |      165 |       34 |   5.000162 |      6 | 0.962165 | 0.958047
2910 | 872700.0 | 873000.0 | 0.003673 | 0.015076 |   5.000162 |      6 | 0.962165 | 0.600000 | 0.696667 | 0.496667 | 0.676667 |  -5.969889 |      238 |      209 |       28 |   4.999807 |      5 | 0.940238 | 1.513264
2911 | 873000.0 | 873300.0 | 0.003672 | 0.015075 |   4.999807 |      5 | 0.940238 | 0.600000 | 0.523333 | 0.563333 | 0.516667 |   1.547827 |      195 |      157 |       39 |   5.000088 |      6 | 0.945922 | 1.369345
2912 | 873300.0 | 873600.0 | 0.003671 | 0.015074 |   5.000088 |      6 | 0.945922 | 0.600000 | 0.693333 | 0.663333 | 0.670000 |  -0.221129 |      242 |      208 |       33 |   4.999746 |      5 | 0.945110 | 1.389902
2913 | 873600.0 | 873900.0 | 0.003670 | 0.015073 |   4.999746 |      5 | 0.945110 | 0.600000 | 0.586667 | 0.533333 | 0.580000 |  -1.547984 |      201 |      176 |       26 |   4.999795 |      5 | 0.939429 | 1.533768
2914 | 873900.0 | 874200.0 | 0.003669 | 0.015073 |   4.999795 |      5 | 0.939429 | 0.600000 | 0.536667 | 0.553333 | 0.556667 |  -0.110576 |      198 |      161 |       37 |   5.000027 |      6 | 0.939023 | 1.544043
2915 | 874200.0 | 874500.0 | 0.003669 | 0.015072 |   5.000027 |      6 | 0.939023 | 0.600000 | 0.696667 | 0.683333 | 0.706667 |  -0.774070 |      242 |      209 |       32 |   4.999672 |      5 | 0.936183 | 1.615950
2916 | 874500.0 | 874800.0 | 0.003668 | 0.015071 |   4.999672 |      5 | 0.936183 | 0.600000 | 0.560000 | 0.550000 | 0.543333 |   0.221174 |      200 |      168 |       33 |   4.999819 |      5 | 0.936994 | 1.595409
2917 | 874800.0 | 875100.0 | 0.003667 | 0.015070 |   4.999819 |      5 | 0.936994 | 0.600000 | 0.616667 | 0.560000 | 0.543333 |   0.552963 |      204 |      185 |       19 |   4.999758 |      5 | 0.939022 | 1.544065
2918 | 875100.0 | 875400.0 | 0.003666 | 0.015070 |   4.999758 |      5 | 0.939022 | 0.600000 | 0.583333 | 0.570000 | 0.523333 |   1.548376 |      202 |      175 |       27 |   4.999819 |      5 | 0.944699 | 1.400329
2919 | 875400.0 | 875700.0 | 0.003665 | 0.015069 |   4.999819 |      5 | 0.944699 | 0.600000 | 0.573333 | 0.556667 | 0.600000 |  -1.437850 |      201 |      172 |       29 |   4.999917 |      5 | 0.939429 | 1.533774
2920 | 875700.0 | 876000.0 | 0.003664 | 0.015068 |   4.999917 |      5 | 0.939429 | 0.600000 | 0.590000 | 0.590000 | 0.613333 |  -0.774266 |      202 |      177 |       25 |   4.999954 |      5 | 0.936591 | 1.605616
2921 | 876000.0 | 876300.0 | 0.003663 | 0.015067 |   4.999954 |      5 | 0.936591 | 0.600000 | 0.600000 | 0.586667 | 0.563333 |   0.774305 |      204 |      180 |       24 |   4.999954 |      5 | 0.939428 | 1.533787
2922 | 876300.0 | 876600.0 | 0.003663 | 0.015067 |   4.999954 |      5 | 0.939428 | 0.600000 | 0.566667 | 0.540000 | 0.553333 |  -0.442482 |      201 |      170 |       31 |   5.000076 |      6 | 0.937807 | 1.574825
2923 | 876600.0 | 876900.0 | 0.003662 | 0.015066 |   5.000076 |      6 | 0.937807 | 0.600000 | 0.683333 | 0.643333 | 0.653333 |  -0.331879 |      241 |      205 |       35 |   4.999770 |      5 | 0.936592 | 1.605597
2924 | 876900.0 | 877200.0 | 0.003661 | 0.015065 |   4.999770 |      5 | 0.936592 | 0.600000 | 0.616667 | 0.560000 | 0.543333 |   0.553159 |      204 |      185 |       21 |   4.999709 |      5 | 0.938617 | 1.554319
2925 | 877200.0 | 877500.0 | 0.003660 | 0.015064 |   4.999709 |      5 | 0.938617 | 0.600000 | 0.580000 | 0.540000 | 0.553333 |  -0.442549 |      203 |      174 |       28 |   4.999783 |      5 | 0.936997 | 1.595334
2926 | 877500.0 | 877800.0 | 0.003659 | 0.015063 |   4.999783 |      5 | 0.936997 | 0.600000 | 0.550000 | 0.540000 | 0.553333 |  -0.442572 |      199 |      165 |       34 |   4.999966 |      5 | 0.935378 | 1.636342
2927 | 877800.0 | 878100.0 | 0.003658 | 0.015063 |   4.999966 |      5 | 0.935378 | 0.600000 | 0.556667 | 0.550000 | 0.550000 |   0.000000 |      197 |      167 |       30 |   5.000124 |      6 | 0.935378 | 1.636342
2928 | 878100.0 | 878400.0 | 0.003658 | 0.015062 |   5.000124 |      6 | 0.935378 | 0.600000 | 0.650000 | 0.696667 | 0.676667 |   0.663925 |      240 |      195 |       44 |   4.999941 |      5 | 0.937806 | 1.574852
2929 | 878400.0 | 878700.0 | 0.003657 | 0.015061 |   4.999941 |      5 | 0.937806 | 0.600000 | 0.540000 | 0.536667 | 0.560000 |  -0.774618 |      197 |      162 |       36 |   5.000161 |      6 | 0.934974 | 1.646577
2930 | 878700.0 | 879000.0 | 0.003656 | 0.015060 |   5.000161 |      6 | 0.934974 | 0.600000 | 0.723333 | 0.710000 | 0.676667 |   1.106652 |      246 |      217 |       28 |   4.999710 |      5 | 0.939019 | 1.544132
2931 | 879000.0 | 879300.0 | 0.003655 | 0.015060 |   4.999710 |      5 | 0.939019 | 0.600000 | 0.563333 | 0.573333 | 0.543333 |   0.996037 |      199 |      169 |       31 |   4.999844 |      5 | 0.942660 | 1.451947
2932 | 879300.0 | 879600.0 | 0.003654 | 0.015059 |   4.999844 |      5 | 0.942660 | 0.600000 | 0.570000 | 0.563333 | 0.573333 |  -0.332029 |      200 |      171 |       29 |   4.999953 |      5 | 0.941447 | 1.482670
2933 | 879600.0 | 879900.0 | 0.003653 | 0.015058 |   4.999953 |      5 | 0.941447 | 0.600000 | 0.556667 | 0.563333 | 0.583333 |  -0.664092 |      200 |      167 |       33 |   5.000112 |      6 | 0.939021 | 1.544104
2934 | 879900.0 | 880200.0 | 0.003652 | 0.015057 |   5.000112 |      6 | 0.939021 | 0.600000 | 0.673333 | 0.723333 | 0.660000 |   2.103062 |      239 |      202 |       36 |   4.999844 |      5 | 0.946702 | 1.349597
2935 | 880200.0 | 880500.0 | 0.003652 | 0.015057 |   4.999844 |      5 | 0.946702 | 0.600000 | 0.573333 | 0.570000 | 0.583333 |  -0.442772 |      201 |      172 |       30 |   4.999941 |      5 | 0.945085 | 1.390539
2936 | 880500.0 | 880800.0 | 0.003651 | 0.015056 |   4.999941 |      5 | 0.945085 | 0.600000 | 0.610000 | 0.576667 | 0.550000 |   0.885589 |      204 |      183 |       21 |   4.999905 |      5 | 0.948318 | 1.308671
2937 | 880800.0 | 881100.0 | 0.003650 | 0.015055 |   4.999905 |      5 | 0.948318 | 0.600000 | 0.616667 | 0.563333 | 0.536667 |   0.885633 |      205 |      185 |       21 |   4.999844 |      5 | 0.951551 | 1.226817
2938 | 881100.0 | 881400.0 | 0.003649 | 0.015054 |   4.999844 |      5 | 0.951551 | 0.600000 | 0.586667 | 0.580000 | 0.556667 |   0.774968 |      202 |      176 |       25 |   4.999893 |      5 | 0.954379 | 1.155209
2939 | 881400.0 | 881700.0 | 0.003648 | 0.015054 |   4.999893 |      5 | 0.954379 | 0.600000 | 0.596667 | 0.563333 | 0.576667 |  -0.442861 |      202 |      179 |       23 |   4.999905 |      5 | 0.952763 | 1.196121
2940 | 881700.0 | 882000.0 | 0.003647 | 0.015053 |   4.999905 |      5 | 0.952763 | 0.600000 | 0.590000 | 0.593333 | 0.536667 |   1.882255 |      203 |      177 |       26 |   4.999941 |      5 | 0.959628 | 1.022276
2941 | 882000.0 | 882300.0 | 0.003647 | 0.015052 |   4.999941 |      5 | 0.959628 | 0.600000 | 0.580000 | 0.520000 | 0.586667 |  -2.214528 |      201 |      174 |       27 |   5.000014 |      6 | 0.951553 | 1.226762
2942 | 882300.0 | 882600.0 | 0.003646 | 0.015051 |   5.000014 |      6 | 0.951553 | 0.600000 | 0.670000 | 0.670000 | 0.650000 |   0.664392 |      239 |      201 |       37 |   4.999759 |      5 | 0.953975 | 1.165427
2943 | 882600.0 | 882900.0 | 0.003645 | 0.015051 |   4.999759 |      5 | 0.953975 | 0.600000 | 0.563333 | 0.566667 | 0.566667 |   0.000000 |      197 |      169 |       29 |   4.999893 |      5 | 0.953975 | 1.165427
2944 | 882900.0 | 883200.0 | 0.003644 | 0.015050 |   4.999893 |      5 | 0.953975 | 0.600000 | 0.573333 | 0.556667 | 0.580000 |  -0.775201 |      201 |      172 |       29 |   4.999990 |      5 | 0.951150 | 1.236959
2945 | 883200.0 | 883500.0 | 0.003643 | 0.015049 |   4.999990 |      5 | 0.951150 | 0.600000 | 0.603333 | 0.596667 | 0.583333 |   0.442994 |      203 |      181 |       22 |   4.999978 |      5 | 0.952764 | 1.196091
2946 | 883500.0 | 883800.0 | 0.003642 | 0.015048 |   4.999978 |      5 | 0.952764 | 0.600000 | 0.596667 | 0.600000 | 0.546667 |   1.772066 |      203 |      179 |       24 |   4.999990 |      5 | 0.959219 | 1.032650
2947 | 883800.0 | 884100.0 | 0.003642 | 0.015048 |   4.999990 |      5 | 0.959219 | 0.600000 | 0.586667 | 0.523333 | 0.606667 |  -2.768992 |      200 |      176 |       24 |   5.000038 |      6 | 0.949135 | 1.287981
2948 | 884100.0 | 884400.0 | 0.003641 | 0.015047 |   5.000038 |      6 | 0.949135 | 0.600000 | 0.696667 | 0.700000 | 0.653333 |   1.550713 |      242 |      209 |       32 |   4.999686 |      5 | 0.954781 | 1.145021
2949 | 884400.0 | 884700.0 | 0.003640 | 0.015046 |   4.999686 |      5 | 0.954781 | 0.600000 | 0.600000 | 0.583333 | 0.586667 |  -0.110771 |      201 |      180 |       22 |   4.999686 |      5 | 0.954378 | 1.155231
2950 | 884700.0 | 885000.0 | 0.003639 | 0.015045 |   4.999686 |      5 | 0.954378 | 0.600000 | 0.630000 | 0.586667 | 0.533333 |   1.772421 |      207 |      189 |       18 |   4.999577 |      5 | 0.960828 | 0.991907
2951 | 885000.0 | 885300.0 | 0.003638 | 0.015045 |   4.999577 |      5 | 0.960828 | 0.600000 | 0.590000 | 0.493333 | 0.540000 |  -1.550946 |      201 |      177 |       24 |   4.999614 |      5 | 0.955185 | 1.134790
2952 | 885300.0 | 885600.0 | 0.003637 | 0.015044 |   4.999614 |      5 | 0.955185 | 0.600000 | 0.576667 | 0.593333 | 0.556667 |   1.218661 |      200 |      173 |       27 |   4.999698 |      5 | 0.959618 | 1.022545
2953 | 885600.0 | 885900.0 | 0.003637 | 0.015043 |   4.999698 |      5 | 0.959618 | 0.600000 | 0.560000 | 0.513333 | 0.600000 |  -2.880616 |      197 |      168 |       29 |   4.999844 |      5 | 0.949142 | 1.287803
2954 | 885900.0 | 886200.0 | 0.003636 | 0.015042 |   4.999844 |      5 | 0.949142 | 0.600000 | 0.596667 | 0.563333 | 0.596667 |  -1.107985 |      203 |      179 |       24 |   4.999856 |      5 | 0.945114 | 1.389808
2955 | 886200.0 | 886500.0 | 0.003635 | 0.015042 |   4.999856 |      5 | 0.945114 | 0.600000 | 0.593333 | 0.556667 | 0.580000 |  -0.775628 |      202 |      178 |       24 |   4.999880 |      5 | 0.942295 | 1.461198
2956 | 886500.0 | 886800.0 | 0.003634 | 0.015041 |   4.999880 |      5 | 0.942295 | 0.600000 | 0.560000 | 0.566667 | 0.566667 |   0.000000 |      199 |      168 |       31 |   5.000026 |      6 | 0.942295 | 1.461198
2957 | 886800.0 | 887100.0 | 0.003633 | 0.015040 |   5.000026 |      6 | 0.942295 | 0.600000 | 0.746667 | 0.693333 | 0.676667 |   0.554075 |      247 |      224 |       22 |   4.999493 |      5 | 0.944308 | 1.410223
2958 | 887100.0 | 887400.0 | 0.003632 | 0.015039 |   4.999493 |      5 | 0.944308 | 0.600000 | 0.576667 | 0.560000 | 0.556667 |   0.110821 |      200 |      173 |       28 |   4.999578 |      5 | 0.944710 | 1.400030
2959 | 887400.0 | 887700.0 | 0.003632 | 0.015039 |   4.999578 |      5 | 0.944710 | 0.600000 | 0.566667 | 0.530000 | 0.540000 |  -0.332478 |      201 |      170 |       31 |   4.999699 |      5 | 0.943503 | 1.430604
2960 | 887700.0 | 888000.0 | 0.003631 | 0.015038 |   4.999699 |      5 | 0.943503 | 0.600000 | 0.596667 | 0.560000 | 0.543333 |   0.554158 |      203 |      179 |       24 |   4.999711 |      5 | 0.945515 | 1.379657
2961 | 888000.0 | 888300.0 | 0.003630 | 0.015037 |   4.999711 |      5 | 0.945515 | 0.600000 | 0.580000 | 0.530000 | 0.560000 |  -0.997534 |      201 |      174 |       27 |   4.999783 |      5 | 0.941894 | 1.471345
2962 | 888300.0 | 888600.0 | 0.003629 | 0.015036 |   4.999783 |      5 | 0.941894 | 0.600000 | 0.576667 | 0.576667 | 0.523333 |   1.773483 |      201 |      173 |       28 |   4.999868 |      5 | 0.948330 | 1.308372
2963 | 888600.0 | 888900.0 | 0.003628 | 0.015036 |   4.999868 |      5 | 0.948330 | 0.600000 | 0.596667 | 0.596667 | 0.566667 |   0.997634 |      204 |      179 |       25 |   4.999880 |      5 | 0.951950 | 1.216716
2964 | 888900.0 | 889200.0 | 0.003627 | 0.015035 |   4.999880 |      5 | 0.951950 | 0.600000 | 0.610000 | 0.566667 | 0.570000 |  -0.110854 |      203 |      183 |       20 |   4.999844 |      5 | 0.951548 | 1.226898
2965 | 889200.0 | 889500.0 | 0.003627 | 0.015034 |   4.999844 |      5 | 0.951548 | 0.600000 | 0.623333 | 0.540000 | 0.590000 |  -1.662888 |      205 |      187 |       18 |   4.999759 |      5 | 0.945517 | 1.379604
2966 | 889500.0 | 889800.0 | 0.003626 | 0.015033 |   4.999759 |      5 | 0.945517 | 0.600000 | 0.560000 | 0.560000 | 0.526667 |   1.108647 |      200 |      168 |       32 |   4.999904 |      5 | 0.949537 | 1.277818
2967 | 889800.0 | 890100.0 | 0.003625 | 0.015033 |   4.999904 |      5 | 0.949537 | 0.600000 | 0.566667 | 0.583333 | 0.513333 |   2.328275 |      199 |      170 |       29 |   5.000025 |      6 | 0.957977 | 1.064107
2968 | 890100.0 | 890400.0 | 0.003624 | 0.015032 |   5.000025 |      6 | 0.957977 | 0.600000 | 0.686667 | 0.590000 | 0.720000 |  -4.324155 |      238 |      206 |       31 |   4.999711 |      5 | 0.942305 | 1.460929
2969 | 890400.0 | 890700.0 | 0.003623 | 0.015031 |   4.999711 |      5 | 0.942305 | 0.600000 | 0.576667 | 0.563333 | 0.583333 |  -0.665288 |      201 |      173 |       29 |   4.999795 |      5 | 0.939895 | 1.521967
2970 | 890700.0 | 891000.0 | 0.003622 | 0.015030 |   4.999795 |      5 | 0.939895 | 0.600000 | 0.536667 | 0.586667 | 0.550000 |   1.219755 |      197 |      161 |       36 |   5.000025 |      6 | 0.944313 | 1.410083
2971 | 891000.0 | 891300.0 | 0.003622 | 0.015030 |   5.000025 |      6 | 0.944313 | 0.600000 | 0.700000 | 0.680000 | 0.663333 |   0.554461 |      242 |      210 |       31 |   4.999663 |      5 | 0.946321 | 1.359236
2972 | 891300.0 | 891600.0 | 0.003621 | 0.015029 |   4.999663 |      5 | 0.946321 | 0.600000 | 0.596667 | 0.556667 | 0.553333 |   0.110898 |      203 |      179 |       25 |   4.999675 |      5 | 0.946723 | 1.349068
2973 | 891600.0 | 891900.0 | 0.003620 | 0.015028 |   4.999675 |      5 | 0.946723 | 0.600000 | 0.560000 | 0.563333 | 0.566667 |  -0.110903 |      199 |      168 |       31 |   4.999820 |      5 | 0.946321 | 1.359234
2974 | 891900.0 | 892200.0 | 0.003619 | 0.015027 |   4.999820 |      5 | 0.946321 | 0.600000 | 0.600000 | 0.570000 | 0.566667 |   0.110909 |      203 |      180 |       23 |   4.999820 |      5 | 0.946723 | 1.349070
2975 | 892200.0 | 892500.0 | 0.003618 | 0.015027 |   4.999820 |      5 | 0.946723 | 0.600000 | 0.616667 | 0.566667 | 0.540000 |   0.887314 |      206 |      185 |       21 |   4.999759 |      5 | 0.949933 | 1.267772
2976 | 892500.0 | 892800.0 | 0.003618 | 0.015026 |   4.999759 |      5 | 0.949933 | 0.600000 | 0.580000 | 0.560000 | 0.543333 |   0.554599 |      200 |      174 |       26 |   4.999832 |      5 | 0.951940 | 1.216970
2977 | 892800.0 | 893100.0 | 0.003617 | 0.015025 |   4.999832 |      5 | 0.951940 | 0.600000 | 0.590000 | 0.616667 | 0.530000 |   2.884058 |      202 |      177 |       25 |   4.999868 |      5 | 0.962370 | 0.952846
2978 | 893100.0 | 893400.0 | 0.003616 | 0.015024 |   4.999868 |      5 | 0.962370 | 0.600000 | 0.573333 | 0.483333 | 0.573333 |  -2.995131 |      198 |      172 |       26 |   4.999964 |      5 | 0.951540 | 1.227080
2979 | 893400.0 | 893700.0 | 0.003615 | 0.015024 |   4.999964 |      5 | 0.951540 | 0.600000 | 0.556667 | 0.583333 | 0.533333 |   1.664044 |      199 |      167 |       32 |   5.000121 |      6 | 0.957556 | 1.074755
2980 | 893700.0 | 894000.0 | 0.003614 | 0.015023 |   5.000121 |      6 | 0.957556 | 0.600000 | 0.700000 | 0.560000 | 0.703333 |  -4.770497 |      240 |      210 |       29 |   4.999759 |      5 | 0.940314 | 1.511342
2981 | 894000.0 | 894300.0 | 0.003613 | 0.015022 |   4.999759 |      5 | 0.940314 | 0.600000 | 0.566667 | 0.566667 | 0.576667 |  -0.332842 |      199 |      170 |       30 |   4.999880 |      5 | 0.939112 | 1.541796
2982 | 894300.0 | 894600.0 | 0.003613 | 0.015021 |   4.999880 |      5 | 0.939112 | 0.600000 | 0.583333 | 0.560000 | 0.580000 |  -0.665717 |      203 |      175 |       28 |   4.999940 |      5 | 0.936707 | 1.602694
2983 | 894600.0 | 894900.0 | 0.003612 | 0.015021 |   4.999940 |      5 | 0.936707 | 0.600000 | 0.553333 | 0.556667 | 0.603333 |  -1.553416 |      199 |      166 |       33 |   5.000109 |      6 | 0.931096 | 1.744763
2984 | 894900.0 | 895200.0 | 0.003611 | 0.015020 |   5.000109 |      6 | 0.931096 | 0.600000 | 0.706667 | 0.690000 | 0.690000 |   0.000000 |      243 |      212 |       30 |   4.999723 |      5 | 0.931096 | 1.744763
2985 | 895200.0 | 895500.0 | 0.003610 | 0.015019 |   4.999723 |      5 | 0.931096 | 0.600000 | 0.556667 | 0.600000 | 0.513333 |   2.885200 |      199 |      167 |       33 |   4.999880 |      5 | 0.941512 | 1.481014
2986 | 895500.0 | 895800.0 | 0.003609 | 0.015018 |   4.999880 |      5 | 0.941512 | 0.600000 | 0.583333 | 0.586667 | 0.596667 |  -0.332924 |      202 |      175 |       27 |   4.999940 |      5 | 0.940310 | 1.511441
2987 | 895800.0 | 896100.0 | 0.003608 | 0.015018 |   4.999940 |      5 | 0.940310 | 0.600000 | 0.606667 | 0.576667 | 0.590000 |  -0.443921 |      204 |      182 |       22 |   4.999916 |      5 | 0.938709 | 1.552004
2988 | 896100.0 | 896400.0 | 0.003608 | 0.015017 |   4.999916 |      5 | 0.938709 | 0.600000 | 0.603333 | 0.576667 | 0.580000 |  -0.110986 |      203 |      181 |       22 |   4.999904 |      5 | 0.938308 | 1.562142
2989 | 896400.0 | 896700.0 | 0.003607 | 0.015016 |   4.999904 |      5 | 0.938308 | 0.600000 | 0.600000 | 0.550000 | 0.533333 |   0.554956 |      205 |      180 |       25 |   4.999904 |      5 | 0.940310 | 1.511457
2990 | 896700.0 | 897000.0 | 0.003606 | 0.015015 |   4.999904 |      5 | 0.940310 | 0.600000 | 0.556667 | 0.580000 | 0.550000 |   0.998970 |      199 |      167 |       32 |   5.000060 |      6 | 0.943912 | 1.420241
2991 | 897000.0 | 897300.0 | 0.003605 | 0.015015 |   5.000060 |      6 | 0.943912 | 0.600000 | 0.676667 | 0.660000 | 0.700000 |  -1.332025 |      239 |      203 |       35 |   4.999784 |      5 | 0.939110 | 1.541841
2992 | 897300.0 | 897600.0 | 0.003604 | 0.015014 |   4.999784 |      5 | 0.939110 | 0.600000 | 0.556667 | 0.550000 | 0.540000 |   0.333023 |      199 |      167 |       33 |   4.999940 |      5 | 0.940310 | 1.511447
2993 | 897600.0 | 897900.0 | 0.003604 | 0.015013 |   4.999940 |      5 | 0.940310 | 0.600000 | 0.606667 | 0.596667 | 0.573333 |   0.777091 |      203 |      182 |       21 |   4.999916 |      5 | 0.943111 | 1.440538
2994 | 897900.0 | 898200.0 | 0.003603 | 0.015013 |   4.999916 |      5 | 0.943111 | 0.600000 | 0.540000 | 0.566667 | 0.523333 |   1.443241 |      198 |      162 |       36 |   5.000132 |      6 | 0.948310 | 1.308874
2995 | 898200.0 | 898500.0 | 0.003602 | 0.015012 |   5.000132 |      6 | 0.948310 | 0.600000 | 0.686667 | 0.753333 | 0.690000 |   2.109456 |      241 |      206 |       34 |   4.999820 |      5 | 0.955908 | 1.116475
2996 | 898500.0 | 898800.0 | 0.003601 | 0.015011 |   4.999820 |      5 | 0.955908 | 0.600000 | 0.540000 | 0.563333 | 0.550000 |   0.444118 |      196 |      162 |       35 |   5.000036 |      6 | 0.957508 | 1.075978
2997 | 898800.0 | 899100.0 | 0.003600 | 0.015010 |   5.000036 |      6 | 0.957508 | 0.600000 | 0.710000 | 0.630000 | 0.673333 |  -1.443454 |      240 |      213 |       26 |   4.999640 |      5 | 0.952311 | 1.207572
2998 | 899100.0 | 899400.0 | 0.003600 | 0.015010 |   4.999640 |      5 | 0.952311 | 0.600000 | 0.603333 | 0.560000 | 0.600000 |  -1.332485 |      203 |      181 |       23 |   4.999628 |      5 | 0.947515 | 1.329022
2999 | 899400.0 | 899700.0 | 0.003599 | 0.015009 |   4.999628 |      5 | 0.947515 | 0.600000 | 0.593333 | 0.590000 | 0.556667 |   1.110459 |      202 |      178 |       24 |   4.999652 |      5 | 0.951511 | 1.227832
3000 | 899700.0 | 900000.0 | 0.003598 | 0.015008 |   4.999652 |      5 | 0.951511 | 0.600000 | 0.580000 | 0.550000 | 0.556667 |  -0.222103 |      201 |      174 |       27 |   4.999724 |      5 | 0.950712 | 1.248066
